filename,OBJECT,RA,DEC,DATE-OBS,TIME-OBS,JD,EXPTIME,SECZ,CCDFLTID,IRFLTID,TILT1,TILT2,TILT3,log name,Location,prop name help,Physical loc,OWNER,full path,proper name,xrb,source
rccd070704.0055.fits,GX 349+2,17:05:44.13,-36:25:26.0,2007-07-05,03:10:20.347,2454286.63218,300.0,1.01,I,J,1210.0,1868.0,2020.0,other/LOG_temp_archive_2_2.csv,miniarchive,temp_archive_2_2,Disk,YALE-03A-0001,,GX349+2,True,optical
rccd070704.0056.fits,GX 349+2,17:05:44.17,-36:25:14.2,2007-07-05,03:16:14.635,2454286.63628,300.0,1.01,V,J,1210.0,1868.0,2020.0,other/LOG_temp_archive_2_2.csv,miniarchive,temp_archive_2_2,Disk,YALE-03A-0001,,GX349+2,True,optical
rccd070630.0063.fits,GX 349+2,17:05:44.47,-36:25:22.8,2007-07-01,05:05:16.035,2454282.71199,300.0,1.1,I,J,1210.0,1868.0,2020.0,other/LOG_temp_archive_2_2.csv,miniarchive,temp_archive_2_2,Disk,YALE-03A-0001,,GX349+2,True,optical
rccd070630.0064.fits,GX 349+2,17:05:44.54,-36:25:13.5,2007-07-01,05:11:17.432,2454282.71617,300.0,1.11,V,J,1210.0,1868.0,2020.0,other/LOG_temp_archive_2_2.csv,miniarchive,temp_archive_2_2,Disk,YALE-03A-0001,,GX349+2,True,optical
ir100502.0182,GX349+2,17:05:44.5,-36:25:23,2010-05-03,08:26:53.3,2455319.852,100.0,1.05,H,H,,,,usbdrivereplog_GX349+2.csv,,,Data replog,,,GX349+2,True,IR
ir100504.0366,GX349+2,17:05:44.4,-36:25:21,2010-05-05,07:47:05.3,2455321.8244,100.0,1.02,H,H,,,,usbdrivereplog_GX349+2.csv,,,Data replog,,,GX349+2,True,IR
ir100504.0365,GX349+2,17:05:44.4,-36:25:21,2010-05-05,07:45:08.9,2455321.823,100.0,1.02,H,H,,,,usbdrivereplog_GX349+2.csv,,,Data replog,,,GX349+2,True,IR
ir100504.0364,GX349+2,17:05:44.4,-36:25:22,2010-05-05,07:43:13.0,2455321.8217,100.0,1.02,H,H,,,,usbdrivereplog_GX349+2.csv,,,Data replog,,,GX349+2,True,IR
ir100503.0368,GX349+2,17:05:44.5,-36:25:21,2010-05-04,08:23:24.9,2455320.8496,100.0,1.05,H,H,,,,usbdrivereplog_GX349+2.csv,,,Data replog,,,GX349+2,True,IR
ir100503.0367,GX349+2,17:05:44.5,-36:25:22,2010-05-04,08:21:28.4,2455320.8482,100.0,1.05,H,H,,,,usbdrivereplog_GX349+2.csv,,,Data replog,,,GX349+2,True,IR
ir100503.0366,GX349+2,17:05:44.5,-36:25:22,2010-05-04,08:19:31.8,2455320.8469,100.0,1.05,H,H,,,,usbdrivereplog_GX349+2.csv,,,Data replog,,,GX349+2,True,IR
ir100503.0365,GX349+2,17:05:44.5,-36:25:23,2010-05-04,08:17:35.4,2455320.8456,100.0,1.05,H,H,,,,usbdrivereplog_GX349+2.csv,,,Data replog,,,GX349+2,True,IR
ir100503.0364,GX349+2,17:05:44.4,-36:25:22,2010-05-04,08:15:39.4,2455320.8442,100.0,1.04,H,H,,,,usbdrivereplog_GX349+2.csv,,,Data replog,,,GX349+2,True,IR
ir100502.0185,GX349+2,17:05:44.5,-36:25:21,2010-05-03,08:32:42.5,2455319.8561,100.0,1.06,H,H,,,,usbdrivereplog_GX349+2.csv,,,Data replog,,,GX349+2,True,IR
ir100502.0184,GX349+2,17:05:44.5,-36:25:22,2010-05-03,08:30:46.5,2455319.8547,100.0,1.06,H,H,,,,usbdrivereplog_GX349+2.csv,,,Data replog,,,GX349+2,True,IR
ir100502.0183,GX349+2,17:05:44.4,-36:25:22,2010-05-03,08:28:50.1,2455319.8534,100.0,1.06,H,H,,,,usbdrivereplog_GX349+2.csv,,,Data replog,,,GX349+2,True,IR
ir100502.0181,GX349+2,17:05:44.5,-36:25:23,2010-05-03,08:24:57.1,2455319.8507,100.0,1.05,H,H,,,,usbdrivereplog_GX349+2.csv,,,Data replog,,,GX349+2,True,IR
ir100427.0347,GX349+2,17:05:43.9,-36:24:56,2010-04-28,07:08:15.4,2455314.7974,100.0,1.01,H,H,,,,usbdrivereplog_GX349+2.csv,,,Data replog,,,GX349+2,True,IR
ir100429.0198,GX349+2,17:05:44.6,-36:25:23,2010-04-30,07:11:06.3,2455316.7994,100.0,1.01,H,H,,,,usbdrivereplog_GX349+2.csv,,,Data replog,,,GX349+2,True,IR
ir100429.0197,GX349+2,17:05:44.6,-36:25:23,2010-04-30,07:09:10.3,2455316.798,100.0,1.01,H,H,,,,usbdrivereplog_GX349+2.csv,,,Data replog,,,GX349+2,True,IR
ir100429.0196,GX349+2,17:05:44.5,-36:25:23,2010-04-30,07:07:13.8,2455316.7967,100.0,1.01,H,H,,,,usbdrivereplog_GX349+2.csv,,,Data replog,,,GX349+2,True,IR
ir100429.0195,GX349+2,17:05:44.4,-36:25:23,2010-04-30,07:05:17.3,2455316.7953,100.0,1.01,H,H,,,,usbdrivereplog_GX349+2.csv,,,Data replog,,,GX349+2,True,IR
ir100429.0194,GX349+2,17:05:44.4,-36:25:23,2010-04-30,07:03:21.3,2455316.794,100.0,1.01,H,H,,,,usbdrivereplog_GX349+2.csv,,,Data replog,,,GX349+2,True,IR
ir100428.0229,GX349+2,17:05:44.6,-36:25:23,2010-04-29,06:07:19.1,2455315.7551,100.0,1.04,H,H,,,,usbdrivereplog_GX349+2.csv,,,Data replog,,,GX349+2,True,IR
ir100428.0228,GX349+2,17:05:44.6,-36:25:23,2010-04-29,06:05:23.1,2455315.7537,100.0,1.05,H,H,,,,usbdrivereplog_GX349+2.csv,,,Data replog,,,GX349+2,True,IR
ir100428.0227,GX349+2,17:05:44.5,-36:25:23,2010-04-29,06:03:26.3,2455315.7524,100.0,1.05,H,H,,,,usbdrivereplog_GX349+2.csv,,,Data replog,,,GX349+2,True,IR
ir100428.0226,GX349+2,17:05:44.5,-36:25:23,2010-04-29,06:01:29.8,2455315.751,100.0,1.05,H,H,,,,usbdrivereplog_GX349+2.csv,,,Data replog,,,GX349+2,True,IR
ir100428.0225,GX349+2,17:05:44.4,-36:25:22,2010-04-29,05:59:33.7,2455315.7497,100.0,1.05,H,H,,,,usbdrivereplog_GX349+2.csv,,,Data replog,,,GX349+2,True,IR
ir100427.0349,GX349+2,17:05:43.9,-36:24:55,2010-04-28,07:12:08.0,2455314.8001,100.0,1.01,H,H,,,,usbdrivereplog_GX349+2.csv,,,Data replog,,,GX349+2,True,IR
ir100504.0367,GX349+2,17:05:44.5,-36:25:20,2010-05-05,07:49:01.7,2455321.8257,100.0,1.02,H,H,,,,usbdrivereplog_GX349+2.csv,,,Data replog,,,GX349+2,True,IR
ir100504.0368,GX349+2,17:05:44.5,-36:25:19,2010-05-05,07:50:58.2,2455321.8271,100.0,1.03,H,H,,,,usbdrivereplog_GX349+2.csv,,,Data replog,,,GX349+2,True,IR
ir100506.0357,GX349+2,17:05:44.4,-36:25:21,2010-05-07,07:14:06.6,2455323.8015,100.0,1.01,H,H,,,,usbdrivereplog_GX349+2.csv,,,Data replog,,,GX349+2,True,IR
ir100506.0358,GX349+2,17:05:44.4,-36:25:20,2010-05-07,07:16:02.5,2455323.8028,100.0,1.01,H,H,,,,usbdrivereplog_GX349+2.csv,,,Data replog,,,GX349+2,True,IR
ir100510.0273,GX349+2,17:05:43.8,-36:25:05,2010-05-11,04:29:17.3,2455327.687,100.0,1.12,H,H,,,,usbdrivereplog_GX349+2.csv,,,Data replog,,,GX349+2,True,IR
ir100510.0272,GX349+2,17:05:43.9,-36:25:06,2010-05-11,04:27:21.3,2455327.6857,100.0,1.12,H,H,,,,usbdrivereplog_GX349+2.csv,,,Data replog,,,GX349+2,True,IR
ir100510.0271,GX349+2,17:05:43.9,-36:25:06,2010-05-11,04:25:24.8,2455327.6843,100.0,1.13,H,H,,,,usbdrivereplog_GX349+2.csv,,,Data replog,,,GX349+2,True,IR
ir100510.0270,GX349+2,17:05:43.9,-36:25:06,2010-05-11,04:23:28.4,2455327.683,100.0,1.13,H,H,,,,usbdrivereplog_GX349+2.csv,,,Data replog,,,GX349+2,True,IR
ir100510.0269,GX349+2,17:05:43.9,-36:25:06,2010-05-11,04:21:32.5,2455327.6816,100.0,1.14,H,H,,,,usbdrivereplog_GX349+2.csv,,,Data replog,,,GX349+2,True,IR
ir100509.0297,GX349+2,17:05:44.4,-36:25:10,2010-05-10,05:15:32.1,2455326.7191,100.0,1.05,H,H,,,,usbdrivereplog_GX349+2.csv,,,Data replog,,,GX349+2,True,IR
ir100509.0296,GX349+2,17:05:44.4,-36:25:10,2010-05-10,05:13:36.1,2455326.7178,100.0,1.06,H,H,,,,usbdrivereplog_GX349+2.csv,,,Data replog,,,GX349+2,True,IR
ir100509.0295,GX349+2,17:05:44.3,-36:25:10,2010-05-10,05:11:39.6,2455326.7164,100.0,1.06,H,H,,,,usbdrivereplog_GX349+2.csv,,,Data replog,,,GX349+2,True,IR
ir100509.0294,GX349+2,17:05:44.3,-36:25:09,2010-05-10,05:09:42.9,2455326.7151,100.0,1.06,H,H,,,,usbdrivereplog_GX349+2.csv,,,Data replog,,,GX349+2,True,IR
ir100509.0293,GX349+2,17:05:44.3,-36:25:10,2010-05-10,05:07:46.9,2455326.7137,100.0,1.06,H,H,,,,usbdrivereplog_GX349+2.csv,,,Data replog,,,GX349+2,True,IR
ir100508.0319,GX349+2,17:05:44.8,-36:25:01,2010-05-09,06:41:09.9,2455325.7786,100.0,1.01,H,H,,,,usbdrivereplog_GX349+2.csv,,,Data replog,,,GX349+2,True,IR
ir100508.0318,GX349+2,17:05:44.8,-36:25:02,2010-05-09,06:39:13.9,2455325.7772,100.0,1.01,H,H,,,,usbdrivereplog_GX349+2.csv,,,Data replog,,,GX349+2,True,IR
ir100508.0317,GX349+2,17:05:44.7,-36:25:02,2010-05-09,06:37:17.3,2455325.7759,100.0,1.01,H,H,,,,usbdrivereplog_GX349+2.csv,,,Data replog,,,GX349+2,True,IR
ir100508.0316,GX349+2,17:05:44.7,-36:25:02,2010-05-09,06:35:20.8,2455325.7746,100.0,1.01,H,H,,,,usbdrivereplog_GX349+2.csv,,,Data replog,,,GX349+2,True,IR
ir100508.0315,GX349+2,17:05:44.6,-36:25:02,2010-05-09,06:33:24.8,2455325.7732,100.0,1.01,H,H,,,,usbdrivereplog_GX349+2.csv,,,Data replog,,,GX349+2,True,IR
ir100507.0292,GX349+2,17:05:44.4,-36:25:22,2010-05-08,05:58:49.1,2455324.7492,100.0,1.02,H,H,,,,usbdrivereplog_GX349+2.csv,,,Data replog,,,GX349+2,True,IR
ir100507.0291,GX349+2,17:05:44.4,-36:25:21,2010-05-08,05:56:52.4,2455324.7478,100.0,1.02,H,H,,,,usbdrivereplog_GX349+2.csv,,,Data replog,,,GX349+2,True,IR
ir100507.0290,GX349+2,17:05:44.4,-36:25:22,2010-05-08,05:54:55.8,2455324.7465,100.0,1.02,H,H,,,,usbdrivereplog_GX349+2.csv,,,Data replog,,,GX349+2,True,IR
ir100507.0289,GX349+2,17:05:44.4,-36:25:22,2010-05-08,05:52:59.2,2455324.7451,100.0,1.03,H,H,,,,usbdrivereplog_GX349+2.csv,,,Data replog,,,GX349+2,True,IR
ir100507.0288,GX349+2,17:05:44.5,-36:25:22,2010-05-08,05:51:02.4,2455324.7438,100.0,1.03,H,H,,,,usbdrivereplog_GX349+2.csv,,,Data replog,,,GX349+2,True,IR
ir100506.0361,GX349+2,17:05:44.4,-36:25:20,2010-05-07,07:21:51.3,2455323.8068,100.0,1.01,H,H,,,,usbdrivereplog_GX349+2.csv,,,Data replog,,,GX349+2,True,IR
ir100506.0360,GX349+2,17:05:44.5,-36:25:20,2010-05-07,07:19:55.3,2455323.8055,100.0,1.01,H,H,,,,usbdrivereplog_GX349+2.csv,,,Data replog,,,GX349+2,True,IR
ir100506.0359,GX349+2,17:05:44.4,-36:25:20,2010-05-07,07:17:59.0,2455323.8042,100.0,1.01,H,H,,,,usbdrivereplog_GX349+2.csv,,,Data replog,,,GX349+2,True,IR
ir100427.0348,GX349+2,17:05:43.9,-36:24:56,2010-04-28,07:10:11.9,2455314.7988,100.0,1.01,H,H,,,,usbdrivereplog_GX349+2.csv,,,Data replog,,,GX349+2,True,IR
ir100427.0346,GX349+2,17:05:43.8,-36:24:56,2010-04-28,07:06:19.0,2455314.7961,100.0,1.01,H,H,,,,usbdrivereplog_GX349+2.csv,,,Data replog,,,GX349+2,True,IR
ir100413.0346,GX349+2,17:05:44.4,-36:25:23,2010-04-14,07:41:23.1,2455300.8204,100.0,1.02,H,H,,,,usbdrivereplog_GX349+2.csv,,,Data replog,,,GX349+2,True,IR
ir100417.0350,GX349+2,17:05:44.5,-36:25:23,2010-04-18,07:10:46.0,2455304.7991,100.0,1.03,H,H,,,,usbdrivereplog_GX349+2.csv,,,Data replog,,,GX349+2,True,IR
ir100419.0143,GX349+2,17:05:44.3,-36:25:23,2010-04-20,03:30:06.9,2455306.6459,100.0,1.75,H,H,,,,usbdrivereplog_GX349+2.csv,,,Data replog,,,GX349+2,True,IR
ir100419.0142,GX349+2,17:05:44.3,-36:25:23,2010-04-20,03:28:10.5,2455306.6446,100.0,1.76,H,H,,,,usbdrivereplog_GX349+2.csv,,,Data replog,,,GX349+2,True,IR
ir100419.0141,GX349+2,17:05:44.4,-36:25:23,2010-04-20,03:26:14.6,2455306.6432,100.0,1.78,H,H,,,,usbdrivereplog_GX349+2.csv,,,Data replog,,,GX349+2,True,IR
ir100418.0358,GX349+2,17:05:44.3,-36:25:22,2010-04-19,07:15:50.1,2455305.8027,100.0,1.02,H,H,,,,usbdrivereplog_GX349+2.csv,,,Data replog,,,GX349+2,True,IR
ir100418.0357,GX349+2,17:05:44.3,-36:25:22,2010-04-19,07:13:53.9,2455305.8013,100.0,1.02,H,H,,,,usbdrivereplog_GX349+2.csv,,,Data replog,,,GX349+2,True,IR
ir100418.0356,GX349+2,17:05:44.4,-36:25:22,2010-04-19,07:11:57.1,2455305.8,100.0,1.02,H,H,,,,usbdrivereplog_GX349+2.csv,,,Data replog,,,GX349+2,True,IR
ir100418.0355,GX349+2,17:05:44.4,-36:25:22,2010-04-19,07:10:00.6,2455305.7986,100.0,1.02,H,H,,,,usbdrivereplog_GX349+2.csv,,,Data replog,,,GX349+2,True,IR
ir100418.0354,GX349+2,17:05:44.4,-36:25:23,2010-04-19,07:08:04.5,2455305.7973,100.0,1.03,H,H,,,,usbdrivereplog_GX349+2.csv,,,Data replog,,,GX349+2,True,IR
ir100417.0353,GX349+2,17:05:44.4,-36:25:23,2010-04-18,07:16:35.7,2455304.8032,100.0,1.02,H,H,,,,usbdrivereplog_GX349+2.csv,,,Data replog,,,GX349+2,True,IR
ir100417.0352,GX349+2,17:05:44.4,-36:25:23,2010-04-18,07:14:39.5,2455304.8018,100.0,1.02,H,H,,,,usbdrivereplog_GX349+2.csv,,,Data replog,,,GX349+2,True,IR
ir100417.0351,GX349+2,17:05:44.4,-36:25:23,2010-04-18,07:12:42.8,2455304.8005,100.0,1.02,H,H,,,,usbdrivereplog_GX349+2.csv,,,Data replog,,,GX349+2,True,IR
ir100417.0349,GX349+2,17:05:44.5,-36:25:23,2010-04-18,07:08:49.8,2455304.7978,100.0,1.03,H,H,,,,usbdrivereplog_GX349+2.csv,,,Data replog,,,GX349+2,True,IR
ir100427.0345,GX349+2,17:05:43.8,-36:24:56,2010-04-28,07:04:22.5,2455314.7947,100.0,1.01,H,H,,,,usbdrivereplog_GX349+2.csv,,,Data replog,,,GX349+2,True,IR
ir100415.0298,GX349+2,17:05:44.5,-36:25:21,2010-04-16,08:25:27.7,2455302.851,100.0,1.01,H,H,,,,usbdrivereplog_GX349+2.csv,,,Data replog,,,GX349+2,True,IR
ir100415.0297,GX349+2,17:05:44.5,-36:25:21,2010-04-16,08:23:30.9,2455302.8497,100.0,1.01,H,H,,,,usbdrivereplog_GX349+2.csv,,,Data replog,,,GX349+2,True,IR
ir100415.0296,GX349+2,17:05:44.5,-36:25:22,2010-04-16,08:21:34.3,2455302.8483,100.0,1.01,H,H,,,,usbdrivereplog_GX349+2.csv,,,Data replog,,,GX349+2,True,IR
ir100415.0295,GX349+2,17:05:44.4,-36:25:22,2010-04-16,08:19:37.2,2455302.847,100.0,1.01,H,H,,,,usbdrivereplog_GX349+2.csv,,,Data replog,,,GX349+2,True,IR
ir100415.0294,GX349+2,17:05:44.4,-36:25:23,2010-04-16,08:17:40.7,2455302.8456,100.0,1.01,H,H,,,,usbdrivereplog_GX349+2.csv,,,Data replog,,,GX349+2,True,IR
ir100414.0293,GX349+2,17:05:45.3,-36:25:17,2010-04-15,06:44:38.1,2455301.781,100.0,1.07,H,H,,,,usbdrivereplog_GX349+2.csv,,,Data replog,,,GX349+2,True,IR
ir100414.0292,GX349+2,17:05:45.3,-36:25:17,2010-04-15,06:42:41.5,2455301.7796,100.0,1.07,H,H,,,,usbdrivereplog_GX349+2.csv,,,Data replog,,,GX349+2,True,IR
ir100414.0291,GX349+2,17:05:45.2,-36:25:17,2010-04-15,06:40:44.1,2455301.7783,100.0,1.07,H,H,,,,usbdrivereplog_GX349+2.csv,,,Data replog,,,GX349+2,True,IR
ir100414.0290,GX349+2,17:05:45.2,-36:25:17,2010-04-15,06:38:46.8,2455301.7769,100.0,1.07,H,H,,,,usbdrivereplog_GX349+2.csv,,,Data replog,,,GX349+2,True,IR
ir100414.0289,GX349+2,17:05:45.2,-36:25:17,2010-04-15,06:36:50.2,2455301.7756,100.0,1.08,H,H,,,,usbdrivereplog_GX349+2.csv,,,Data replog,,,GX349+2,True,IR
ir100413.0348,GX349+2,17:05:44.4,-36:25:24,2010-04-14,07:45:17.4,2455300.8231,100.0,1.01,H,H,,,,usbdrivereplog_GX349+2.csv,,,Data replog,,,GX349+2,True,IR
ir100419.0144,GX349+2,17:05:44.5,-36:25:22,2010-04-20,03:32:03.3,2455306.6473,100.0,1.73,H,H,,,,usbdrivereplog_GX349+2.csv,,,Data replog,,,GX349+2,True,IR
ir100419.0145,GX349+2,17:05:44.5,-36:25:22,2010-04-20,03:33:59.3,2455306.6486,100.0,1.72,H,H,,,,usbdrivereplog_GX349+2.csv,,,Data replog,,,GX349+2,True,IR
ir100420.0286,GX349+2,17:05:44.5,-36:25:22,2010-04-21,07:50:48.6,2455307.827,100.0,1.01,H,H,,,,usbdrivereplog_GX349+2.csv,,,Data replog,,,GX349+2,True,IR
ir100420.0287,GX349+2,17:05:44.5,-36:25:22,2010-04-21,07:52:44.6,2455307.8283,100.0,1.01,H,H,,,,usbdrivereplog_GX349+2.csv,,,Data replog,,,GX349+2,True,IR
ir100425.0385,GX349+2,17:05:44.5,-36:25:01,2010-04-26,07:09:55.9,2455312.7986,100.0,1.01,H,H,,,,usbdrivereplog_GX349+2.csv,,,Data replog,,,GX349+2,True,IR
ir100425.0384,GX349+2,17:05:44.5,-36:25:02,2010-04-26,07:07:59.8,2455312.7972,100.0,1.01,H,H,,,,usbdrivereplog_GX349+2.csv,,,Data replog,,,GX349+2,True,IR
ir100425.0383,GX349+2,17:05:44.4,-36:25:01,2010-04-26,07:06:03.2,2455312.7959,100.0,1.01,H,H,,,,usbdrivereplog_GX349+2.csv,,,Data replog,,,GX349+2,True,IR
ir100425.0382,GX349+2,17:05:44.4,-36:25:01,2010-04-26,07:04:06.7,2455312.7945,100.0,1.01,H,H,,,,usbdrivereplog_GX349+2.csv,,,Data replog,,,GX349+2,True,IR
ir100425.0381,GX349+2,17:05:44.4,-36:25:01,2010-04-26,07:02:10.9,2455312.7932,100.0,1.01,H,H,,,,usbdrivereplog_GX349+2.csv,,,Data replog,,,GX349+2,True,IR
ir100423.0769,GX349+2,17:05:44.7,-36:25:19,2010-04-24,07:51:29.3,2455310.8274,100.0,1.01,H,H,,,,usbdrivereplog_GX349+2.csv,,,Data replog,,,GX349+2,True,IR
ir100423.0768,GX349+2,17:05:44.7,-36:25:19,2010-04-24,07:49:33.2,2455310.8261,100.0,1.01,H,H,,,,usbdrivereplog_GX349+2.csv,,,Data replog,,,GX349+2,True,IR
ir100423.0767,GX349+2,17:05:44.7,-36:25:20,2010-04-24,07:47:36.7,2455310.8247,100.0,1.01,H,H,,,,usbdrivereplog_GX349+2.csv,,,Data replog,,,GX349+2,True,IR
ir100423.0766,GX349+2,17:05:44.6,-36:25:21,2010-04-24,07:45:40.2,2455310.8234,100.0,1.01,H,H,,,,usbdrivereplog_GX349+2.csv,,,Data replog,,,GX349+2,True,IR
ir100423.0765,GX349+2,17:05:44.6,-36:25:21,2010-04-24,07:43:44.2,2455310.822,100.0,1.01,H,H,,,,usbdrivereplog_GX349+2.csv,,,Data replog,,,GX349+2,True,IR
ir100422.0320,GX349+2,17:05:44.9,-36:25:19,2010-04-23,05:44:49.3,2455309.7395,100.0,1.11,H,H,,,,usbdrivereplog_GX349+2.csv,,,Data replog,,,GX349+2,True,IR
ir100422.0319,GX349+2,17:05:44.9,-36:25:19,2010-04-23,05:42:52.9,2455309.7381,100.0,1.11,H,H,,,,usbdrivereplog_GX349+2.csv,,,Data replog,,,GX349+2,True,IR
ir100422.0318,GX349+2,17:05:44.8,-36:25:19,2010-04-23,05:40:56.4,2455309.7368,100.0,1.12,H,H,,,,usbdrivereplog_GX349+2.csv,,,Data replog,,,GX349+2,True,IR
ir100422.0317,GX349+2,17:05:44.8,-36:25:19,2010-04-23,05:38:59.9,2455309.7354,100.0,1.12,H,H,,,,usbdrivereplog_GX349+2.csv,,,Data replog,,,GX349+2,True,IR
ir100422.0316,GX349+2,17:05:44.9,-36:25:19,2010-04-23,05:37:03.9,2455309.7341,100.0,1.13,H,H,,,,usbdrivereplog_GX349+2.csv,,,Data replog,,,GX349+2,True,IR
ir100421.0770,GX349+2,17:05:44.7,-36:25:20,2010-04-22,08:00:39.5,2455308.8338,100.0,1.01,H,H,,,,usbdrivereplog_GX349+2.csv,,,Data replog,,,GX349+2,True,IR
ir100421.0769,GX349+2,17:05:44.7,-36:25:20,2010-04-22,07:58:43.4,2455308.8325,100.0,1.01,H,H,,,,usbdrivereplog_GX349+2.csv,,,Data replog,,,GX349+2,True,IR
ir100421.0768,GX349+2,17:05:44.6,-36:25:21,2010-04-22,07:56:46.7,2455308.8311,100.0,1.01,H,H,,,,usbdrivereplog_GX349+2.csv,,,Data replog,,,GX349+2,True,IR
ir100421.0767,GX349+2,17:05:44.5,-36:25:21,2010-04-22,07:54:50.2,2455308.8298,100.0,1.01,H,H,,,,usbdrivereplog_GX349+2.csv,,,Data replog,,,GX349+2,True,IR
ir100421.0766,GX349+2,17:05:44.5,-36:25:22,2010-04-22,07:52:54.3,2455308.8284,100.0,1.01,H,H,,,,usbdrivereplog_GX349+2.csv,,,Data replog,,,GX349+2,True,IR
ir100420.0290,GX349+2,17:05:44.6,-36:25:22,2010-04-21,07:58:33.9,2455307.8323,100.0,1.01,H,H,,,,usbdrivereplog_GX349+2.csv,,,Data replog,,,GX349+2,True,IR
ir100420.0289,GX349+2,17:05:44.5,-36:25:22,2010-04-21,07:56:37.8,2455307.831,100.0,1.01,H,H,,,,usbdrivereplog_GX349+2.csv,,,Data replog,,,GX349+2,True,IR
ir100420.0288,GX349+2,17:05:44.5,-36:25:22,2010-04-21,07:54:41.1,2455307.8297,100.0,1.01,H,H,,,,usbdrivereplog_GX349+2.csv,,,Data replog,,,GX349+2,True,IR
ir100511.0185,GX349+2,17:05:43.5,-36:25:16,2010-05-12,03:16:57.2,2455328.6368,100.0,1.32,H,H,,,,usbdrivereplog_GX349+2.csv,,,Data replog,,,GX349+2,True,IR
ir100511.0186,GX349+2,17:05:43.4,-36:25:17,2010-05-12,03:18:53.2,2455328.6381,100.0,1.31,H,H,,,,usbdrivereplog_GX349+2.csv,,,Data replog,,,GX349+2,True,IR
ir100511.0187,GX349+2,17:05:43.3,-36:25:17,2010-05-12,03:20:49.9,2455328.6395,100.0,1.3,H,H,,,,usbdrivereplog_GX349+2.csv,,,Data replog,,,GX349+2,True,IR
ir100604.0202,GX349+2,17:05:43.4,-36:25:10,2010-06-05,04:32:36.8,2455352.6893,100.0,1.01,H,H,,,,usbdrivereplog_GX349+2.csv,,,Data replog,,,GX349+2,True,IR
ir100607.0264,GX349+2,17:05:44.2,-36:25:16,2010-06-08,04:42:47.0,2455355.6964,100.0,1.01,H,H,,,,usbdrivereplog_GX349+2.csv,,,Data replog,,,GX349+2,True,IR
ir100607.0263,GX349+2,17:05:44.2,-36:25:16,2010-06-08,04:40:50.9,2455355.695,100.0,1.01,H,H,,,,usbdrivereplog_GX349+2.csv,,,Data replog,,,GX349+2,True,IR
ir100605.0234,GX349+2,17:05:44.4,-36:25:01,2010-06-06,04:47:57.5,2455353.7,100.0,1.01,H,H,,,,usbdrivereplog_GX349+2.csv,,,Data replog,,,GX349+2,True,IR
ir100605.0233,GX349+2,17:05:44.4,-36:25:01,2010-06-06,04:46:01.0,2455353.6986,100.0,1.01,H,H,,,,usbdrivereplog_GX349+2.csv,,,Data replog,,,GX349+2,True,IR
ir100605.0232,GX349+2,17:05:44.3,-36:25:00,2010-06-06,04:44:04.6,2455353.6973,100.0,1.01,H,H,,,,usbdrivereplog_GX349+2.csv,,,Data replog,,,GX349+2,True,IR
ir100605.0231,GX349+2,17:05:44.3,-36:25:00,2010-06-06,04:42:08.1,2455353.6959,100.0,1.01,H,H,,,,usbdrivereplog_GX349+2.csv,,,Data replog,,,GX349+2,True,IR
ir100605.0230,GX349+2,17:05:44.2,-36:25:00,2010-06-06,04:40:12.2,2455353.6946,100.0,1.01,H,H,,,,usbdrivereplog_GX349+2.csv,,,Data replog,,,GX349+2,True,IR
ir100604.0206,GX349+2,17:05:43.5,-36:25:08,2010-06-05,04:40:22.2,2455352.6947,100.0,1.01,H,H,,,,usbdrivereplog_GX349+2.csv,,,Data replog,,,GX349+2,True,IR
ir100604.0205,GX349+2,17:05:43.4,-36:25:09,2010-06-05,04:38:25.8,2455352.6934,100.0,1.01,H,H,,,,usbdrivereplog_GX349+2.csv,,,Data replog,,,GX349+2,True,IR
ir100604.0204,GX349+2,17:05:43.4,-36:25:09,2010-06-05,04:36:29.4,2455352.692,100.0,1.01,H,H,,,,usbdrivereplog_GX349+2.csv,,,Data replog,,,GX349+2,True,IR
ir100604.0203,GX349+2,17:05:43.3,-36:25:09,2010-06-05,04:34:32.9,2455352.6907,100.0,1.01,H,H,,,,usbdrivereplog_GX349+2.csv,,,Data replog,,,GX349+2,True,IR
ir100603.0243,GX349+2,17:05:44.1,-36:25:09,2010-06-04,05:13:01.2,2455351.7174,100.0,1.01,H,H,,,,usbdrivereplog_GX349+2.csv,,,Data replog,,,GX349+2,True,IR
ir100511.0188,GX349+2,17:05:43.3,-36:25:17,2010-05-12,03:22:46.5,2455328.6408,100.0,1.29,H,H,,,,usbdrivereplog_GX349+2.csv,,,Data replog,,,GX349+2,True,IR
ir100603.0242,GX349+2,17:05:44.0,-36:25:09,2010-06-04,05:11:04.8,2455351.716,100.0,1.01,H,H,,,,usbdrivereplog_GX349+2.csv,,,Data replog,,,GX349+2,True,IR
ir100603.0241,GX349+2,17:05:44.0,-36:25:10,2010-06-04,05:09:08.1,2455351.7147,100.0,1.01,H,H,,,,usbdrivereplog_GX349+2.csv,,,Data replog,,,GX349+2,True,IR
ir100603.0240,GX349+2,17:05:44.0,-36:25:10,2010-06-04,05:07:11.7,2455351.7133,100.0,1.01,H,H,,,,usbdrivereplog_GX349+2.csv,,,Data replog,,,GX349+2,True,IR
ir100603.0239,GX349+2,17:05:44.0,-36:25:11,2010-06-04,05:05:15.5,2455351.712,100.0,1.01,H,H,,,,usbdrivereplog_GX349+2.csv,,,Data replog,,,GX349+2,True,IR
ir100531.0226,GX349+2,17:05:44.6,-36:25:22,2010-06-01,05:05:26.7,2455348.7121,100.0,1.01,H,H,,,,usbdrivereplog_GX349+2.csv,,,Data replog,,,GX349+2,True,IR
ir100531.0225,GX349+2,17:05:44.6,-36:25:23,2010-06-01,05:03:30.7,2455348.7108,100.0,1.01,H,H,,,,usbdrivereplog_GX349+2.csv,,,Data replog,,,GX349+2,True,IR
ir100531.0224,GX349+2,17:05:44.6,-36:25:23,2010-06-01,05:01:34.1,2455348.7094,100.0,1.01,H,H,,,,usbdrivereplog_GX349+2.csv,,,Data replog,,,GX349+2,True,IR
ir100531.0223,GX349+2,17:05:44.5,-36:25:22,2010-06-01,04:59:37.6,2455348.7081,100.0,1.01,H,H,,,,usbdrivereplog_GX349+2.csv,,,Data replog,,,GX349+2,True,IR
ir100531.0222,GX349+2,17:05:44.4,-36:25:23,2010-06-01,04:57:41.6,2455348.7067,100.0,1.01,H,H,,,,usbdrivereplog_GX349+2.csv,,,Data replog,,,GX349+2,True,IR
ir100530.0246,GX349+2,17:05:44.5,-36:25:22,2010-05-31,04:38:31.7,2455347.6934,100.0,1.02,H,H,,,,usbdrivereplog_GX349+2.csv,,,Data replog,,,GX349+2,True,IR
ir100530.0245,GX349+2,17:05:44.4,-36:25:22,2010-05-31,04:36:35.8,2455347.6921,100.0,1.02,H,H,,,,usbdrivereplog_GX349+2.csv,,,Data replog,,,GX349+2,True,IR
ir100607.0265,GX349+2,17:05:44.3,-36:25:16,2010-06-08,04:44:43.8,2455355.6977,100.0,1.01,H,H,,,,usbdrivereplog_GX349+2.csv,,,Data replog,,,GX349+2,True,IR
ir100607.0266,GX349+2,17:05:44.3,-36:25:16,2010-06-08,04:46:40.4,2455355.6991,100.0,1.01,H,H,,,,usbdrivereplog_GX349+2.csv,,,Data replog,,,GX349+2,True,IR
ir100607.0267,GX349+2,17:05:44.3,-36:25:16,2010-06-08,04:48:36.3,2455355.7004,100.0,1.01,H,H,,,,usbdrivereplog_GX349+2.csv,,,Data replog,,,GX349+2,True,IR
ir100608.0218,GX349+2,17:05:43.2,-36:25:24,2010-06-09,04:28:26.7,2455356.6864,100.0,1.01,H,H,,,,usbdrivereplog_GX349+2.csv,,,Data replog,,,GX349+2,True,IR
ir100625.0229,GX349+2,17:05:44.6,-36:25:23,2010-06-26,04:45:13.0,2455373.6981,100.0,1.04,H,H,,,,usbdrivereplog_GX349+2.csv,,,Data replog,,,GX349+2,True,IR
ir100625.0228,GX349+2,17:05:44.6,-36:25:23,2010-06-26,04:43:16.5,2455373.6967,100.0,1.04,H,H,,,,usbdrivereplog_GX349+2.csv,,,Data replog,,,GX349+2,True,IR
ir100625.0227,GX349+2,17:05:44.5,-36:25:23,2010-06-26,04:41:19.8,2455373.6954,100.0,1.04,H,H,,,,usbdrivereplog_GX349+2.csv,,,Data replog,,,GX349+2,True,IR
ir100625.0226,GX349+2,17:05:44.5,-36:25:23,2010-06-26,04:39:23.4,2455373.694,100.0,1.04,H,H,,,,usbdrivereplog_GX349+2.csv,,,Data replog,,,GX349+2,True,IR
ir100621.0216,GX349+2,17:05:44.5,-36:25:14,2010-06-22,04:36:21.5,2455369.6919,100.0,1.02,H,H,,,,usbdrivereplog_GX349+2.csv,,,Data replog,,,GX349+2,True,IR
ir100621.0215,GX349+2,17:05:44.4,-36:25:14,2010-06-22,04:34:25.2,2455369.6906,100.0,1.02,H,H,,,,usbdrivereplog_GX349+2.csv,,,Data replog,,,GX349+2,True,IR
ir100621.0214,GX349+2,17:05:44.4,-36:25:14,2010-06-22,04:32:28.7,2455369.6892,100.0,1.02,H,H,,,,usbdrivereplog_GX349+2.csv,,,Data replog,,,GX349+2,True,IR
ir100621.0213,GX349+2,17:05:44.4,-36:25:15,2010-06-22,04:30:32.0,2455369.6879,100.0,1.02,H,H,,,,usbdrivereplog_GX349+2.csv,,,Data replog,,,GX349+2,True,IR
ir100621.0212,GX349+2,17:05:44.4,-36:25:15,2010-06-22,04:28:35.6,2455369.6865,100.0,1.02,H,H,,,,usbdrivereplog_GX349+2.csv,,,Data replog,,,GX349+2,True,IR
ir100620.0179,GX349+2,17:05:43.8,-36:25:37,2010-06-21,03:49:32.7,2455368.6594,100.0,1.01,H,H,,,,usbdrivereplog_GX349+2.csv,,,Data replog,,,GX349+2,True,IR
ir100620.0178,GX349+2,17:05:43.8,-36:25:37,2010-06-21,03:47:36.7,2455368.6581,100.0,1.01,H,H,,,,usbdrivereplog_GX349+2.csv,,,Data replog,,,GX349+2,True,IR
ir100620.0177,GX349+2,17:05:43.8,-36:25:37,2010-06-21,03:45:40.0,2455368.6567,100.0,1.01,H,H,,,,usbdrivereplog_GX349+2.csv,,,Data replog,,,GX349+2,True,IR
ir100620.0176,GX349+2,17:05:43.7,-36:25:37,2010-06-21,03:43:43.0,2455368.6554,100.0,1.01,H,H,,,,usbdrivereplog_GX349+2.csv,,,Data replog,,,GX349+2,True,IR
ir100620.0175,GX349+2,17:05:43.8,-36:25:37,2010-06-21,03:41:47.0,2455368.654,100.0,1.01,H,H,,,,usbdrivereplog_GX349+2.csv,,,Data replog,,,GX349+2,True,IR
ir100611.0263,GX349+2,17:05:44.4,-36:25:22,2010-06-12,07:20:37.9,2455359.806,100.0,1.24,H,H,,,,usbdrivereplog_GX349+2.csv,,,Data replog,,,GX349+2,True,IR
ir100611.0262,GX349+2,17:05:44.4,-36:25:22,2010-06-12,07:18:41.4,2455359.8047,100.0,1.24,H,H,,,,usbdrivereplog_GX349+2.csv,,,Data replog,,,GX349+2,True,IR
ir100611.0261,GX349+2,17:05:44.4,-36:25:22,2010-06-12,07:16:45.0,2455359.8033,100.0,1.23,H,H,,,,usbdrivereplog_GX349+2.csv,,,Data replog,,,GX349+2,True,IR
ir100611.0260,GX349+2,17:05:44.4,-36:25:23,2010-06-12,07:14:48.4,2455359.802,100.0,1.22,H,H,,,,usbdrivereplog_GX349+2.csv,,,Data replog,,,GX349+2,True,IR
ir100611.0259,GX349+2,17:05:44.4,-36:25:22,2010-06-12,07:12:52.2,2455359.8006,100.0,1.22,H,H,,,,usbdrivereplog_GX349+2.csv,,,Data replog,,,GX349+2,True,IR
ir100608.0222,GX349+2,17:05:43.4,-36:25:25,2010-06-09,04:36:11.7,2455356.6918,100.0,1.01,H,H,,,,usbdrivereplog_GX349+2.csv,,,Data replog,,,GX349+2,True,IR
ir100608.0221,GX349+2,17:05:43.3,-36:25:24,2010-06-09,04:34:15.8,2455356.6905,100.0,1.01,H,H,,,,usbdrivereplog_GX349+2.csv,,,Data replog,,,GX349+2,True,IR
ir100608.0220,GX349+2,17:05:43.3,-36:25:24,2010-06-09,04:32:19.5,2455356.6891,100.0,1.01,H,H,,,,usbdrivereplog_GX349+2.csv,,,Data replog,,,GX349+2,True,IR
ir100608.0219,GX349+2,17:05:43.3,-36:25:24,2010-06-09,04:30:23.1,2455356.6878,100.0,1.01,H,H,,,,usbdrivereplog_GX349+2.csv,,,Data replog,,,GX349+2,True,IR
ir100530.0244,GX349+2,17:05:44.4,-36:25:22,2010-05-31,04:34:39.0,2455347.6907,100.0,1.02,H,H,,,,usbdrivereplog_GX349+2.csv,,,Data replog,,,GX349+2,True,IR
ir100530.0243,GX349+2,17:05:44.4,-36:25:22,2010-05-31,04:32:42.3,2455347.6894,100.0,1.02,H,H,,,,usbdrivereplog_GX349+2.csv,,,Data replog,,,GX349+2,True,IR
ir100530.0242,GX349+2,17:05:44.5,-36:25:22,2010-05-31,04:30:45.9,2455347.688,100.0,1.02,H,H,,,,usbdrivereplog_GX349+2.csv,,,Data replog,,,GX349+2,True,IR
ir100522.0195,GX349+2,17:05:44.3,-36:25:10,2010-05-23,05:45:48.2,2455339.7401,100.0,1.01,H,H,,,,usbdrivereplog_GX349+2.csv,,,Data replog,,,GX349+2,True,IR
ir100522.0193,GX349+2,17:05:44.2,-36:25:10,2010-05-23,05:41:55.4,2455339.7374,100.0,1.01,H,H,,,,usbdrivereplog_GX349+2.csv,,,Data replog,,,GX349+2,True,IR
ir100522.0192,GX349+2,17:05:44.2,-36:25:09,2010-05-23,05:39:59.3,2455339.7361,100.0,1.01,H,H,,,,usbdrivereplog_GX349+2.csv,,,Data replog,,,GX349+2,True,IR
ir100521.0216,GX349+2,17:05:43.1,-36:25:09,2010-05-22,04:04:09.0,2455338.6696,100.0,1.09,H,H,,,,usbdrivereplog_GX349+2.csv,,,Data replog,,,GX349+2,True,IR
ir100521.0215,GX349+2,17:05:43.0,-36:25:09,2010-05-22,04:02:13.1,2455338.6682,100.0,1.09,H,H,,,,usbdrivereplog_GX349+2.csv,,,Data replog,,,GX349+2,True,IR
ir100521.0214,GX349+2,17:05:43.0,-36:25:09,2010-05-22,04:00:16.5,2455338.6669,100.0,1.09,H,H,,,,usbdrivereplog_GX349+2.csv,,,Data replog,,,GX349+2,True,IR
ir100521.0213,GX349+2,17:05:43.0,-36:25:09,2010-05-22,03:58:20.1,2455338.6655,100.0,1.1,H,H,,,,usbdrivereplog_GX349+2.csv,,,Data replog,,,GX349+2,True,IR
ir100521.0212,GX349+2,17:05:43.0,-36:25:08,2010-05-22,03:56:24.3,2455338.6642,100.0,1.1,H,H,,,,usbdrivereplog_GX349+2.csv,,,Data replog,,,GX349+2,True,IR
ir100518.0170,GX349+2,17:05:44.3,-36:25:23,2010-05-19,03:57:29.5,2455335.6649,100.0,1.12,H,H,,,,usbdrivereplog_GX349+2.csv,,,Data replog,,,GX349+2,True,IR
ir100518.0169,GX349+2,17:05:44.3,-36:25:23,2010-05-19,03:55:33.4,2455335.6636,100.0,1.12,H,H,,,,usbdrivereplog_GX349+2.csv,,,Data replog,,,GX349+2,True,IR
ir100518.0168,GX349+2,17:05:44.4,-36:25:24,2010-05-19,03:53:37.0,2455335.6622,100.0,1.13,H,H,,,,usbdrivereplog_GX349+2.csv,,,Data replog,,,GX349+2,True,IR
ir100518.0167,GX349+2,17:05:44.4,-36:25:23,2010-05-19,03:51:40.4,2455335.6609,100.0,1.13,H,H,,,,usbdrivereplog_GX349+2.csv,,,Data replog,,,GX349+2,True,IR
ir100518.0166,GX349+2,17:05:44.4,-36:25:22,2010-05-19,03:49:44.5,2455335.6595,100.0,1.14,H,H,,,,usbdrivereplog_GX349+2.csv,,,Data replog,,,GX349+2,True,IR
ir100517.0083,GX349+2,17:05:44.8,-36:25:22,2010-05-18,03:32:01.5,2455334.6473,100.0,1.19,H,H,,,,usbdrivereplog_GX349+2.csv,,,Data replog,,,GX349+2,True,IR
ir100517.0082,GX349+2,17:05:44.8,-36:25:22,2010-05-18,03:30:05.1,2455334.646,100.0,1.19,H,H,,,,usbdrivereplog_GX349+2.csv,,,Data replog,,,GX349+2,True,IR
ir100517.0081,GX349+2,17:05:44.7,-36:25:23,2010-05-18,03:28:08.7,2455334.6446,100.0,1.2,H,H,,,,usbdrivereplog_GX349+2.csv,,,Data replog,,,GX349+2,True,IR
ir100517.0080,GX349+2,17:05:44.6,-36:25:23,2010-05-18,03:26:12.4,2455334.6433,100.0,1.21,H,H,,,,usbdrivereplog_GX349+2.csv,,,Data replog,,,GX349+2,True,IR
ir100517.0079,GX349+2,17:05:44.6,-36:25:23,2010-05-18,03:24:16.3,2455334.6419,100.0,1.21,H,H,,,,usbdrivereplog_GX349+2.csv,,,Data replog,,,GX349+2,True,IR
ir100512.0116,GX349+2,17:05:44.4,-36:25:10,2010-05-13,06:29:36.5,2455329.7706,100.0,1.01,H,H,,,,usbdrivereplog_GX349+2.csv,,,Data replog,,,GX349+2,True,IR
ir100512.0115,GX349+2,17:05:44.3,-36:25:10,2010-05-13,06:27:40.0,2455329.7692,100.0,1.01,H,H,,,,usbdrivereplog_GX349+2.csv,,,Data replog,,,GX349+2,True,IR
ir100512.0114,GX349+2,17:05:44.3,-36:25:10,2010-05-13,06:25:43.5,2455329.7679,100.0,1.01,H,H,,,,usbdrivereplog_GX349+2.csv,,,Data replog,,,GX349+2,True,IR
ir100512.0113,GX349+2,17:05:44.3,-36:25:10,2010-05-13,06:23:46.9,2455329.7665,100.0,1.01,H,H,,,,usbdrivereplog_GX349+2.csv,,,Data replog,,,GX349+2,True,IR
ir100512.0112,GX349+2,17:05:44.2,-36:25:10,2010-05-13,06:21:50.9,2455329.7652,100.0,1.01,H,H,,,,usbdrivereplog_GX349+2.csv,,,Data replog,,,GX349+2,True,IR
ir100511.0189,GX349+2,17:05:43.2,-36:25:17,2010-05-12,03:24:42.3,2455328.6422,100.0,1.29,H,H,,,,usbdrivereplog_GX349+2.csv,,,Data replog,,,GX349+2,True,IR
ir100522.0194,GX349+2,17:05:44.3,-36:25:10,2010-05-23,05:43:51.8,2455339.7388,100.0,1.01,H,H,,,,usbdrivereplog_GX349+2.csv,,,Data replog,,,GX349+2,True,IR
ir100522.0196,GX349+2,17:05:44.4,-36:25:10,2010-05-23,05:47:44.3,2455339.7415,100.0,1.01,H,H,,,,usbdrivereplog_GX349+2.csv,,,Data replog,,,GX349+2,True,IR
ir100529.0193,GX349+2,17:05:44.5,-36:25:22,2010-05-30,04:31:01.5,2455346.6882,100.0,1.02,H,H,,,,usbdrivereplog_GX349+2.csv,,,Data replog,,,GX349+2,True,IR
ir100523.0232,GX349+2,17:05:44.3,-36:25:18,2010-05-24,04:27:38.1,2455340.6859,100.0,1.05,H,H,,,,usbdrivereplog_GX349+2.csv,,,Data replog,,,GX349+2,True,IR
ir100529.0192,GX349+2,17:05:44.5,-36:25:22,2010-05-30,04:29:05.1,2455346.6869,100.0,1.02,H,H,,,,usbdrivereplog_GX349+2.csv,,,Data replog,,,GX349+2,True,IR
ir100529.0191,GX349+2,17:05:44.5,-36:25:23,2010-05-30,04:27:08.4,2455346.6855,100.0,1.02,H,H,,,,usbdrivereplog_GX349+2.csv,,,Data replog,,,GX349+2,True,IR
ir100529.0190,GX349+2,17:05:44.4,-36:25:23,2010-05-30,04:25:12.0,2455346.6842,100.0,1.03,H,H,,,,usbdrivereplog_GX349+2.csv,,,Data replog,,,GX349+2,True,IR
ir100529.0189,GX349+2,17:05:44.4,-36:25:22,2010-05-30,04:23:16.0,2455346.6828,100.0,1.03,H,H,,,,usbdrivereplog_GX349+2.csv,,,Data replog,,,GX349+2,True,IR
ir100526.0272,GX349+2,17:05:44.7,-36:25:15,2010-05-27,04:13:39.8,2455343.6762,100.0,1.05,H,H,,,,usbdrivereplog_GX349+2.csv,,,Data replog,,,GX349+2,True,IR
ir100526.0271,GX349+2,17:05:44.6,-36:25:15,2010-05-27,04:11:43.8,2455343.6748,100.0,1.05,H,H,,,,usbdrivereplog_GX349+2.csv,,,Data replog,,,GX349+2,True,IR
ir100526.0270,GX349+2,17:05:44.6,-36:25:15,2010-05-27,04:09:47.4,2455343.6735,100.0,1.05,H,H,,,,usbdrivereplog_GX349+2.csv,,,Data replog,,,GX349+2,True,IR
ir100526.0269,GX349+2,17:05:44.6,-36:25:15,2010-05-27,04:07:50.9,2455343.6721,100.0,1.05,H,H,,,,usbdrivereplog_GX349+2.csv,,,Data replog,,,GX349+2,True,IR
ir100526.0268,GX349+2,17:05:44.6,-36:25:16,2010-05-27,04:05:54.8,2455343.6708,100.0,1.06,H,H,,,,usbdrivereplog_GX349+2.csv,,,Data replog,,,GX349+2,True,IR
ir100525.0329,GX349+2,17:05:43.1,-36:25:10,2010-05-26,05:53:04.6,2455342.7452,100.0,1.01,H,H,,,,usbdrivereplog_GX349+2.csv,,,Data replog,,,GX349+2,True,IR
ir100525.0328,GX349+2,17:05:43.1,-36:25:10,2010-05-26,05:51:08.0,2455342.7438,100.0,1.01,H,H,,,,usbdrivereplog_GX349+2.csv,,,Data replog,,,GX349+2,True,IR
ir100525.0327,GX349+2,17:05:43.1,-36:25:11,2010-05-26,05:49:11.4,2455342.7425,100.0,1.01,H,H,,,,usbdrivereplog_GX349+2.csv,,,Data replog,,,GX349+2,True,IR
ir100525.0326,GX349+2,17:05:43.0,-36:25:10,2010-05-26,05:47:14.9,2455342.7411,100.0,1.01,H,H,,,,usbdrivereplog_GX349+2.csv,,,Data replog,,,GX349+2,True,IR
ir100525.0325,GX349+2,17:05:43.1,-36:25:10,2010-05-26,05:45:19.0,2455342.7398,100.0,1.01,H,H,,,,usbdrivereplog_GX349+2.csv,,,Data replog,,,GX349+2,True,IR
ir100524.0249,GX349+2,17:05:43.6,-36:25:22,2010-05-25,04:19:12.7,2455341.68,100.0,1.05,H,H,,,,usbdrivereplog_GX349+2.csv,,,Data replog,,,GX349+2,True,IR
ir100524.0248,GX349+2,17:05:43.6,-36:25:22,2010-05-25,04:17:16.7,2455341.6787,100.0,1.05,H,H,,,,usbdrivereplog_GX349+2.csv,,,Data replog,,,GX349+2,True,IR
ir100524.0247,GX349+2,17:05:43.5,-36:25:22,2010-05-25,04:15:20.3,2455341.6773,100.0,1.06,H,H,,,,usbdrivereplog_GX349+2.csv,,,Data replog,,,GX349+2,True,IR
ir100524.0246,GX349+2,17:05:43.4,-36:25:21,2010-05-25,04:13:23.8,2455341.676,100.0,1.06,H,H,,,,usbdrivereplog_GX349+2.csv,,,Data replog,,,GX349+2,True,IR
ir100524.0245,GX349+2,17:05:43.4,-36:25:21,2010-05-25,04:11:27.4,2455341.6746,100.0,1.06,H,H,,,,usbdrivereplog_GX349+2.csv,,,Data replog,,,GX349+2,True,IR
ir100523.0236,GX349+2,17:05:44.3,-36:25:17,2010-05-24,04:35:23.1,2455340.6912,100.0,1.04,H,H,,,,usbdrivereplog_GX349+2.csv,,,Data replog,,,GX349+2,True,IR
ir100523.0235,GX349+2,17:05:44.4,-36:25:17,2010-05-24,04:33:27.2,2455340.6899,100.0,1.04,H,H,,,,usbdrivereplog_GX349+2.csv,,,Data replog,,,GX349+2,True,IR
ir100523.0234,GX349+2,17:05:44.3,-36:25:17,2010-05-24,04:31:30.8,2455340.6886,100.0,1.04,H,H,,,,usbdrivereplog_GX349+2.csv,,,Data replog,,,GX349+2,True,IR
ir100523.0233,GX349+2,17:05:44.3,-36:25:17,2010-05-24,04:29:34.3,2455340.6872,100.0,1.04,H,H,,,,usbdrivereplog_GX349+2.csv,,,Data replog,,,GX349+2,True,IR
ir100413.0347,GX349+2,17:05:44.4,-36:25:24,2010-04-14,07:43:20.2,2455300.8218,100.0,1.02,H,H,,,,usbdrivereplog_GX349+2.csv,,,Data replog,,,GX349+2,True,IR
ir100413.0345,GX349+2,17:05:44.4,-36:25:23,2010-04-14,07:39:25.6,2455300.8191,100.0,1.02,H,H,,,,usbdrivereplog_GX349+2.csv,,,Data replog,,,GX349+2,True,IR
ir100413.0344,GX349+2,17:05:44.4,-36:25:23,2010-04-14,07:37:29.1,2455300.8177,100.0,1.02,H,H,,,,usbdrivereplog_GX349+2.csv,,,Data replog,,,GX349+2,True,IR
ir100405.0204,GX349+2,17:05:44.5,-36:25:23,2010-04-06,06:34:19.9,2455292.7738,100.0,1.15,H,H,,,,usbdrivereplog_GX349+2.csv,,,Data replog,,,GX349+2,True,IR
ir100407.0287,GX349+2,17:05:44.3,-36:25:23,2010-04-08,07:56:00.4,2455294.8306,100.0,1.02,H,H,,,,usbdrivereplog_GX349+2.csv,,,Data replog,,,GX349+2,True,IR
ir100407.0286,GX349+2,17:05:44.3,-36:25:23,2010-04-08,07:54:03.8,2455294.8292,100.0,1.02,H,H,,,,usbdrivereplog_GX349+2.csv,,,Data replog,,,GX349+2,True,IR
ir100407.0285,GX349+2,17:05:44.4,-36:25:23,2010-04-08,07:52:07.4,2455294.8279,100.0,1.02,H,H,,,,usbdrivereplog_GX349+2.csv,,,Data replog,,,GX349+2,True,IR
ir100406.0269,GX349+2,17:05:44.5,-36:25:23,2010-04-07,07:17:30.3,2455293.8038,100.0,1.06,H,H,,,,usbdrivereplog_GX349+2.csv,,,Data replog,,,GX349+2,True,IR
ir100406.0268,GX349+2,17:05:44.5,-36:25:23,2010-04-07,07:15:33.8,2455293.8025,100.0,1.07,H,H,,,,usbdrivereplog_GX349+2.csv,,,Data replog,,,GX349+2,True,IR
ir100406.0267,GX349+2,17:05:44.4,-36:25:23,2010-04-07,07:13:36.7,2455293.8011,100.0,1.07,H,H,,,,usbdrivereplog_GX349+2.csv,,,Data replog,,,GX349+2,True,IR
ir100406.0266,GX349+2,17:05:44.4,-36:25:23,2010-04-07,07:11:39.9,2455293.7998,100.0,1.07,H,H,,,,usbdrivereplog_GX349+2.csv,,,Data replog,,,GX349+2,True,IR
ir100406.0265,GX349+2,17:05:44.4,-36:25:22,2010-04-07,07:09:43.7,2455293.7984,100.0,1.07,H,H,,,,usbdrivereplog_GX349+2.csv,,,Data replog,,,GX349+2,True,IR
ir100405.0207,GX349+2,17:05:44.6,-36:25:22,2010-04-06,06:40:10.3,2455292.7779,100.0,1.13,H,H,,,,usbdrivereplog_GX349+2.csv,,,Data replog,,,GX349+2,True,IR
ir100405.0206,GX349+2,17:05:44.5,-36:25:22,2010-04-06,06:38:13.6,2455292.7766,100.0,1.14,H,H,,,,usbdrivereplog_GX349+2.csv,,,Data replog,,,GX349+2,True,IR
ir100405.0205,GX349+2,17:05:44.5,-36:25:23,2010-04-06,06:36:16.5,2455292.7752,100.0,1.14,H,H,,,,usbdrivereplog_GX349+2.csv,,,Data replog,,,GX349+2,True,IR
ir100405.0203,GX349+2,17:05:44.4,-36:25:23,2010-04-06,06:32:23.7,2455292.7725,100.0,1.15,H,H,,,,usbdrivereplog_GX349+2.csv,,,Data replog,,,GX349+2,True,IR
ir100404.0324,GX349+2,17:05:44.6,-36:25:24,2010-04-05,07:01:25.0,2455291.7927,100.0,1.1,H,H,,,,usbdrivereplog_GX349+2.csv,,,Data replog,,,GX349+2,True,IR
ir100404.0323,GX349+2,17:05:44.5,-36:25:24,2010-04-05,06:59:28.9,2455291.7913,100.0,1.1,H,H,,,,usbdrivereplog_GX349+2.csv,,,Data replog,,,GX349+2,True,IR
ir100404.0322,GX349+2,17:05:44.5,-36:25:24,2010-04-05,06:57:32.0,2455291.79,100.0,1.11,H,H,,,,usbdrivereplog_GX349+2.csv,,,Data replog,,,GX349+2,True,IR
ir100404.0321,GX349+2,17:05:44.4,-36:25:23,2010-04-05,06:55:35.2,2455291.7886,100.0,1.11,H,H,,,,usbdrivereplog_GX349+2.csv,,,Data replog,,,GX349+2,True,IR
ir100404.0320,GX349+2,17:05:44.5,-36:25:23,2010-04-05,06:53:39.1,2455291.7873,100.0,1.11,H,H,,,,usbdrivereplog_GX349+2.csv,,,Data replog,,,GX349+2,True,IR
ir100402.0327,GX349+2,17:05:44.2,-36:25:23,2010-04-03,06:58:50.3,2455289.7909,100.0,1.12,H,H,,,,usbdrivereplog_GX349+2.csv,,,Data replog,,,GX349+2,True,IR
ir100402.0326,GX349+2,17:05:44.3,-36:25:23,2010-04-03,06:56:53.9,2455289.7895,100.0,1.12,H,H,,,,usbdrivereplog_GX349+2.csv,,,Data replog,,,GX349+2,True,IR
ir100402.0325,GX349+2,17:05:44.4,-36:25:23,2010-04-03,06:54:57.1,2455289.7882,100.0,1.13,H,H,,,,usbdrivereplog_GX349+2.csv,,,Data replog,,,GX349+2,True,IR
ir100402.0324,GX349+2,17:05:44.4,-36:25:23,2010-04-03,06:53:00.3,2455289.7868,100.0,1.13,H,H,,,,usbdrivereplog_GX349+2.csv,,,Data replog,,,GX349+2,True,IR
ir100402.0323,GX349+2,17:05:44.4,-36:25:23,2010-04-03,06:51:04.3,2455289.7855,100.0,1.14,H,H,,,,usbdrivereplog_GX349+2.csv,,,Data replog,,,GX349+2,True,IR
ir100401.0287,GX349+2,17:05:44.4,-36:25:23,2010-04-02,06:30:31.2,2455288.7712,100.0,1.2,H,H,,,,usbdrivereplog_GX349+2.csv,,,Data replog,,,GX349+2,True,IR
ir100407.0288,GX349+2,17:05:44.3,-36:25:23,2010-04-08,07:57:57.1,2455294.8319,100.0,1.02,H,H,,,,usbdrivereplog_GX349+2.csv,,,Data replog,,,GX349+2,True,IR
ir100407.0289,GX349+2,17:05:44.3,-36:25:22,2010-04-08,07:59:52.9,2455294.8333,100.0,1.02,H,H,,,,usbdrivereplog_GX349+2.csv,,,Data replog,,,GX349+2,True,IR
ir100408.0283,GX349+2,17:05:44.3,-36:25:00,2010-04-09,06:10:10.2,2455295.7571,100.0,1.18,H,H,,,,usbdrivereplog_GX349+2.csv,,,Data replog,,,GX349+2,True,IR
ir100408.0284,GX349+2,17:05:44.3,-36:25:00,2010-04-09,06:12:06.8,2455295.7584,100.0,1.17,H,H,,,,usbdrivereplog_GX349+2.csv,,,Data replog,,,GX349+2,True,IR
ir100412.0378,GX349+2,17:05:44.5,-36:25:23,2010-04-13,06:40:07.7,2455299.7779,100.0,1.08,H,H,,,,usbdrivereplog_GX349+2.csv,,,Data replog,,,GX349+2,True,IR
ir100412.0377,GX349+2,17:05:44.5,-36:25:23,2010-04-13,06:38:10.9,2455299.7765,100.0,1.09,H,H,,,,usbdrivereplog_GX349+2.csv,,,Data replog,,,GX349+2,True,IR
ir100412.0376,GX349+2,17:05:44.4,-36:25:23,2010-04-13,06:36:13.4,2455299.7752,100.0,1.09,H,H,,,,usbdrivereplog_GX349+2.csv,,,Data replog,,,GX349+2,True,IR
ir100412.0375,GX349+2,17:05:44.4,-36:25:23,2010-04-13,06:34:16.0,2455299.7738,100.0,1.09,H,H,,,,usbdrivereplog_GX349+2.csv,,,Data replog,,,GX349+2,True,IR
ir100412.0374,GX349+2,17:05:44.4,-36:25:23,2010-04-13,06:32:19.2,2455299.7725,100.0,1.1,H,H,,,,usbdrivereplog_GX349+2.csv,,,Data replog,,,GX349+2,True,IR
ir100411.0317,GX349+2,17:05:43.7,-36:25:16,2010-04-12,07:20:38.7,2455298.806,100.0,1.04,H,H,,,,usbdrivereplog_GX349+2.csv,,,Data replog,,,GX349+2,True,IR
ir100411.0316,GX349+2,17:05:43.8,-36:25:17,2010-04-12,07:18:42.7,2455298.8047,100.0,1.04,H,H,,,,usbdrivereplog_GX349+2.csv,,,Data replog,,,GX349+2,True,IR
ir100411.0315,GX349+2,17:05:43.8,-36:25:17,2010-04-12,07:16:46.0,2455298.8033,100.0,1.04,H,H,,,,usbdrivereplog_GX349+2.csv,,,Data replog,,,GX349+2,True,IR
ir100411.0314,GX349+2,17:05:43.8,-36:25:17,2010-04-12,07:14:49.2,2455298.802,100.0,1.04,H,H,,,,usbdrivereplog_GX349+2.csv,,,Data replog,,,GX349+2,True,IR
ir100411.0313,GX349+2,17:05:43.8,-36:25:17,2010-04-12,07:12:53.2,2455298.8006,100.0,1.05,H,H,,,,usbdrivereplog_GX349+2.csv,,,Data replog,,,GX349+2,True,IR
ir100410.0321,GX349+2,17:05:44.1,-36:25:17,2010-04-11,06:53:39.1,2455297.7873,100.0,1.07,H,H,,,,usbdrivereplog_GX349+2.csv,,,Data replog,,,GX349+2,True,IR
ir100410.0320,GX349+2,17:05:44.0,-36:25:17,2010-04-11,06:51:42.6,2455297.7859,100.0,1.08,H,H,,,,usbdrivereplog_GX349+2.csv,,,Data replog,,,GX349+2,True,IR
ir100410.0319,GX349+2,17:05:44.0,-36:25:17,2010-04-11,06:49:45.9,2455297.7846,100.0,1.08,H,H,,,,usbdrivereplog_GX349+2.csv,,,Data replog,,,GX349+2,True,IR
ir100410.0318,GX349+2,17:05:43.9,-36:25:17,2010-04-11,06:47:49.4,2455297.7832,100.0,1.08,H,H,,,,usbdrivereplog_GX349+2.csv,,,Data replog,,,GX349+2,True,IR
ir100410.0317,GX349+2,17:05:43.9,-36:25:17,2010-04-11,06:45:53.2,2455297.7819,100.0,1.09,H,H,,,,usbdrivereplog_GX349+2.csv,,,Data replog,,,GX349+2,True,IR
ir100409.0285,GX349+2,17:05:43.9,-36:25:24,2010-04-10,06:42:48.5,2455296.7797,100.0,1.1,H,H,,,,usbdrivereplog_GX349+2.csv,,,Data replog,,,GX349+2,True,IR
ir100409.0284,GX349+2,17:05:43.7,-36:25:23,2010-04-10,06:40:52.4,2455296.7784,100.0,1.1,H,H,,,,usbdrivereplog_GX349+2.csv,,,Data replog,,,GX349+2,True,IR
ir100409.0283,GX349+2,17:05:43.7,-36:25:24,2010-04-10,06:38:55.7,2455296.777,100.0,1.11,H,H,,,,usbdrivereplog_GX349+2.csv,,,Data replog,,,GX349+2,True,IR
ir100409.0282,GX349+2,17:05:43.7,-36:25:24,2010-04-10,06:36:58.7,2455296.7757,100.0,1.11,H,H,,,,usbdrivereplog_GX349+2.csv,,,Data replog,,,GX349+2,True,IR
ir100409.0281,GX349+2,17:05:43.6,-36:25:24,2010-04-10,06:35:02.7,2455296.7743,100.0,1.11,H,H,,,,usbdrivereplog_GX349+2.csv,,,Data replog,,,GX349+2,True,IR
ir100408.0287,GX349+2,17:05:44.3,-36:25:00,2010-04-09,06:17:57.5,2455295.7625,100.0,1.16,H,H,,,,usbdrivereplog_GX349+2.csv,,,Data replog,,,GX349+2,True,IR
ir100408.0286,GX349+2,17:05:44.3,-36:25:00,2010-04-09,06:16:00.7,2455295.7611,100.0,1.16,H,H,,,,usbdrivereplog_GX349+2.csv,,,Data replog,,,GX349+2,True,IR
ir100408.0285,GX349+2,17:05:44.3,-36:25:00,2010-04-09,06:14:03.8,2455295.7598,100.0,1.17,H,H,,,,usbdrivereplog_GX349+2.csv,,,Data replog,,,GX349+2,True,IR
ir100401.0286,GX349+2,17:05:44.4,-36:25:23,2010-04-02,06:28:35.1,2455288.7699,100.0,1.2,H,H,,,,usbdrivereplog_GX349+2.csv,,,Data replog,,,GX349+2,True,IR
ir100401.0285,GX349+2,17:05:44.3,-36:25:24,2010-04-02,06:26:38.6,2455288.7685,100.0,1.21,H,H,,,,usbdrivereplog_GX349+2.csv,,,Data replog,,,GX349+2,True,IR
ir100401.0284,GX349+2,17:05:44.3,-36:25:24,2010-04-02,06:24:41.8,2455288.7672,100.0,1.21,H,H,,,,usbdrivereplog_GX349+2.csv,,,Data replog,,,GX349+2,True,IR
ir100326.0345,GX349+2,17:05:44.4,-36:25:21,2010-03-27,08:36:16.4,2455282.8585,100.0,1.03,H,H,,,,usbdrivereplog_GX349+2.csv,,,Data replog,,,GX349+2,True,IR
ir100326.0343,GX349+2,17:05:44.5,-36:25:22,2010-03-27,08:32:23.2,2455282.8558,100.0,1.03,H,H,,,,usbdrivereplog_GX349+2.csv,,,Data replog,,,GX349+2,True,IR
ir100326.0342,GX349+2,17:05:44.5,-36:25:22,2010-03-27,08:30:26.4,2455282.8545,100.0,1.03,H,H,,,,usbdrivereplog_GX349+2.csv,,,Data replog,,,GX349+2,True,IR
ir100326.0341,GX349+2,17:05:44.5,-36:25:22,2010-03-27,08:28:30.1,2455282.8531,100.0,1.03,H,H,,,,usbdrivereplog_GX349+2.csv,,,Data replog,,,GX349+2,True,IR
ir100326.0344,GX349+2,17:05:44.4,-36:25:22,2010-03-27,08:34:20.0,2455282.8572,100.0,1.03,H,H,,,,usbdrivereplog_GX349+2.csv,,,Data replog,,,GX349+2,True,IR
ir100327.0312,GX349+2,17:05:44.2,-36:25:23,2010-03-28,06:39:11.3,2455283.7772,100.0,1.23,H,H,,,,usbdrivereplog_GX349+2.csv,,,Data replog,,,GX349+2,True,IR
ir100401.0283,GX349+2,17:05:44.4,-36:25:23,2010-04-02,06:22:45.7,2455288.7658,100.0,1.22,H,H,,,,usbdrivereplog_GX349+2.csv,,,Data replog,,,GX349+2,True,IR
ir100327.0313,GX349+2,17:05:44.1,-36:25:23,2010-03-28,06:41:07.5,2455283.7786,100.0,1.22,H,H,,,,usbdrivereplog_GX349+2.csv,,,Data replog,,,GX349+2,True,IR
ir100331.0467,GX349+2,17:05:43.1,-36:25:15,2010-04-01,06:32:31.5,2455287.7726,100.0,1.2,H,H,,,,usbdrivereplog_GX349+2.csv,,,Data replog,,,GX349+2,True,IR
ir100331.0466,GX349+2,17:05:43.0,-36:25:15,2010-04-01,06:30:35.0,2455287.7713,100.0,1.21,H,H,,,,usbdrivereplog_GX349+2.csv,,,Data replog,,,GX349+2,True,IR
ir100331.0465,GX349+2,17:05:43.0,-36:25:15,2010-04-01,06:28:37.9,2455287.7699,100.0,1.21,H,H,,,,usbdrivereplog_GX349+2.csv,,,Data replog,,,GX349+2,True,IR
ir100331.0464,GX349+2,17:05:43.0,-36:25:14,2010-04-01,06:26:41.2,2455287.7686,100.0,1.22,H,H,,,,usbdrivereplog_GX349+2.csv,,,Data replog,,,GX349+2,True,IR
ir100331.0463,GX349+2,17:05:42.9,-36:25:14,2010-04-01,06:24:44.4,2455287.7672,100.0,1.22,H,H,,,,usbdrivereplog_GX349+2.csv,,,Data replog,,,GX349+2,True,IR
ir100330.0442,GX349+2,17:05:43.1,-36:25:18,2010-03-31,06:47:37.2,2455286.7831,100.0,1.17,H,H,,,,usbdrivereplog_GX349+2.csv,,,Data replog,,,GX349+2,True,IR
ir100330.0441,GX349+2,17:05:43.1,-36:25:18,2010-03-31,06:45:40.6,2455286.7817,100.0,1.18,H,H,,,,usbdrivereplog_GX349+2.csv,,,Data replog,,,GX349+2,True,IR
ir100330.0440,GX349+2,17:05:43.1,-36:25:18,2010-03-31,06:43:44.1,2455286.7804,100.0,1.18,H,H,,,,usbdrivereplog_GX349+2.csv,,,Data replog,,,GX349+2,True,IR
ir100330.0439,GX349+2,17:05:43.1,-36:25:18,2010-03-31,06:41:47.5,2455286.779,100.0,1.19,H,H,,,,usbdrivereplog_GX349+2.csv,,,Data replog,,,GX349+2,True,IR
ir100330.0438,GX349+2,17:05:43.1,-36:25:18,2010-03-31,06:39:51.6,2455286.7777,100.0,1.19,H,H,,,,usbdrivereplog_GX349+2.csv,,,Data replog,,,GX349+2,True,IR
ir100329.0321,GX349+2,17:05:43.4,-36:25:15,2010-03-30,06:30:28.0,2455285.7712,100.0,1.23,H,H,,,,usbdrivereplog_GX349+2.csv,,,Data replog,,,GX349+2,True,IR
ir100329.0320,GX349+2,17:05:43.3,-36:25:14,2010-03-30,06:28:31.4,2455285.7698,100.0,1.24,H,H,,,,usbdrivereplog_GX349+2.csv,,,Data replog,,,GX349+2,True,IR
ir100329.0319,GX349+2,17:05:43.3,-36:25:14,2010-03-30,06:26:34.5,2455285.7685,100.0,1.24,H,H,,,,usbdrivereplog_GX349+2.csv,,,Data replog,,,GX349+2,True,IR
ir100329.0318,GX349+2,17:05:43.3,-36:25:14,2010-03-30,06:24:37.3,2455285.7671,100.0,1.25,H,H,,,,usbdrivereplog_GX349+2.csv,,,Data replog,,,GX349+2,True,IR
ir100329.0317,GX349+2,17:05:43.3,-36:25:14,2010-03-30,06:22:40.8,2455285.7658,100.0,1.26,H,H,,,,usbdrivereplog_GX349+2.csv,,,Data replog,,,GX349+2,True,IR
ir100328.0357,GX349+2,17:05:43.0,-36:25:14,2010-03-29,07:32:28.6,2455284.8142,100.0,1.09,H,H,,,,usbdrivereplog_GX349+2.csv,,,Data replog,,,GX349+2,True,IR
ir100328.0356,GX349+2,17:05:42.9,-36:25:14,2010-03-29,07:30:32.5,2455284.8129,100.0,1.1,H,H,,,,usbdrivereplog_GX349+2.csv,,,Data replog,,,GX349+2,True,IR
ir100328.0355,GX349+2,17:05:42.9,-36:25:14,2010-03-29,07:28:35.6,2455284.8115,100.0,1.1,H,H,,,,usbdrivereplog_GX349+2.csv,,,Data replog,,,GX349+2,True,IR
ir100328.0354,GX349+2,17:05:42.8,-36:25:13,2010-03-29,07:26:38.8,2455284.8102,100.0,1.1,H,H,,,,usbdrivereplog_GX349+2.csv,,,Data replog,,,GX349+2,True,IR
ir100328.0353,GX349+2,17:05:42.8,-36:25:14,2010-03-29,07:24:42.7,2455284.8088,100.0,1.11,H,H,,,,usbdrivereplog_GX349+2.csv,,,Data replog,,,GX349+2,True,IR
ir100327.0316,GX349+2,17:05:44.2,-36:25:24,2010-03-28,06:46:57.4,2455283.7826,100.0,1.2,H,H,,,,usbdrivereplog_GX349+2.csv,,,Data replog,,,GX349+2,True,IR
ir100327.0315,GX349+2,17:05:44.2,-36:25:24,2010-03-28,06:45:01.0,2455283.7813,100.0,1.21,H,H,,,,usbdrivereplog_GX349+2.csv,,,Data replog,,,GX349+2,True,IR
ir100327.0314,GX349+2,17:05:44.1,-36:25:24,2010-03-28,06:43:04.3,2455283.7799,100.0,1.22,H,H,,,,usbdrivereplog_GX349+2.csv,,,Data replog,,,GX349+2,True,IR
ir100626.0245,GX349+2,17:05:44.4,-36:25:23,2010-06-27,05:06:12.0,2455374.7126,100.0,1.07,H,H,,,,usbdrivereplog_GX349+2.csv,,,Data replog,,,GX349+2,True,IR
ir100625.0230,GX349+2,17:05:44.7,-36:25:23,2010-06-26,04:47:09.4,2455373.6994,100.0,1.04,H,H,,,,usbdrivereplog_GX349+2.csv,,,Data replog,,,GX349+2,True,IR
ir100626.0246,GX349+2,17:05:44.4,-36:25:23,2010-06-27,05:08:08.6,2455374.714,100.0,1.08,H,H,,,,usbdrivereplog_GX349+2.csv,,,Data replog,,,GX349+2,True,IR
ir100626.0247,GX349+2,17:05:44.4,-36:25:22,2010-06-27,05:10:05.3,2455374.7153,100.0,1.08,H,H,,,,usbdrivereplog_GX349+2.csv,,,Data replog,,,GX349+2,True,IR
ir101003.0030,GX349+2,17:05:44.2,-36:25:21,2010-10-04,00:11:44.0,2455473.5082,100.0,1.31,H,H,,,,usbdrivereplog_GX349+2.csv,,,Data replog,,,GX349+2,True,IR
ir101009.0026,GX349+2,17:05:43.4,-36:25:18,2010-10-10,00:13:16.5,2455479.5092,100.0,1.42,H,H,,,,usbdrivereplog_GX349+2.csv,,,Data replog,,,GX349+2,True,IR
ir101008.0051,GX349+2,17:05:43.4,-36:25:34,2010-10-09,00:37:55.6,2455478.5263,100.0,1.54,H,H,,,,usbdrivereplog_GX349+2.csv,,,Data replog,,,GX349+2,True,IR
ir101008.0050,GX349+2,17:05:43.4,-36:25:34,2010-10-09,00:35:59.3,2455478.525,100.0,1.53,H,H,,,,usbdrivereplog_GX349+2.csv,,,Data replog,,,GX349+2,True,IR
ir101008.0049,GX349+2,17:05:43.4,-36:25:34,2010-10-09,00:34:02.6,2455478.5236,100.0,1.52,H,H,,,,usbdrivereplog_GX349+2.csv,,,Data replog,,,GX349+2,True,IR
ir101008.0048,GX349+2,17:05:43.4,-36:25:34,2010-10-09,00:32:05.9,2455478.5223,100.0,1.5,H,H,,,,usbdrivereplog_GX349+2.csv,,,Data replog,,,GX349+2,True,IR
ir101008.0047,GX349+2,17:05:43.3,-36:25:34,2010-10-09,00:30:09.5,2455478.5209,100.0,1.49,H,H,,,,usbdrivereplog_GX349+2.csv,,,Data replog,,,GX349+2,True,IR
ir101006.0048,GX349+2,17:05:44.3,-36:25:24,2010-10-07,00:25:20.1,2455476.5176,100.0,1.42,H,H,,,,usbdrivereplog_GX349+2.csv,,,Data replog,,,GX349+2,True,IR
ir101006.0047,GX349+2,17:05:44.3,-36:25:24,2010-10-07,00:23:23.9,2455476.5162,100.0,1.41,H,H,,,,usbdrivereplog_GX349+2.csv,,,Data replog,,,GX349+2,True,IR
ir101006.0046,GX349+2,17:05:44.3,-36:25:24,2010-10-07,00:21:27.2,2455476.5149,100.0,1.41,H,H,,,,usbdrivereplog_GX349+2.csv,,,Data replog,,,GX349+2,True,IR
ir101006.0045,GX349+2,17:05:44.3,-36:25:23,2010-10-07,00:19:30.4,2455476.5135,100.0,1.4,H,H,,,,usbdrivereplog_GX349+2.csv,,,Data replog,,,GX349+2,True,IR
ir101006.0044,GX349+2,17:05:44.4,-36:25:23,2010-10-07,00:17:34.3,2455476.5122,100.0,1.39,H,H,,,,usbdrivereplog_GX349+2.csv,,,Data replog,,,GX349+2,True,IR
ir101003.0029,GX349+2,17:05:44.2,-36:25:20,2010-10-04,00:09:47.7,2455473.5068,100.0,1.3,H,H,,,,usbdrivereplog_GX349+2.csv,,,Data replog,,,GX349+2,True,IR
ir101001.0050,GX349+2,17:05:44.4,-36:25:18,2010-10-02,00:23:12.9,2455471.5161,100.0,1.33,H,H,,,,usbdrivereplog_GX349+2.csv,,,Data replog,,,GX349+2,True,IR
ir101003.0028,GX349+2,17:05:44.3,-36:25:20,2010-10-04,00:07:50.8,2455473.5055,100.0,1.3,H,H,,,,usbdrivereplog_GX349+2.csv,,,Data replog,,,GX349+2,True,IR
ir101003.0027,GX349+2,17:05:44.2,-36:25:20,2010-10-04,00:05:53.8,2455473.5041,100.0,1.29,H,H,,,,usbdrivereplog_GX349+2.csv,,,Data replog,,,GX349+2,True,IR
ir101003.0026,GX349+2,17:05:44.3,-36:25:20,2010-10-04,00:03:57.5,2455473.5027,100.0,1.28,H,H,,,,usbdrivereplog_GX349+2.csv,,,Data replog,,,GX349+2,True,IR
ir101002.0039,GX349+2,17:05:44.4,-36:25:23,2010-10-03,00:44:51.6,2455472.5312,100.0,1.44,H,H,,,,usbdrivereplog_GX349+2.csv,,,Data replog,,,GX349+2,True,IR
ir101002.0038,GX349+2,17:05:44.4,-36:25:22,2010-10-03,00:42:55.4,2455472.5298,100.0,1.43,H,H,,,,usbdrivereplog_GX349+2.csv,,,Data replog,,,GX349+2,True,IR
ir101002.0037,GX349+2,17:05:44.4,-36:25:21,2010-10-03,00:40:58.6,2455472.5285,100.0,1.42,H,H,,,,usbdrivereplog_GX349+2.csv,,,Data replog,,,GX349+2,True,IR
ir101002.0036,GX349+2,17:05:44.3,-36:25:21,2010-10-03,00:39:01.8,2455472.5271,100.0,1.41,H,H,,,,usbdrivereplog_GX349+2.csv,,,Data replog,,,GX349+2,True,IR
ir101002.0035,GX349+2,17:05:44.3,-36:25:21,2010-10-03,00:37:05.6,2455472.5258,100.0,1.4,H,H,,,,usbdrivereplog_GX349+2.csv,,,Data replog,,,GX349+2,True,IR
ir101001.0054,GX349+2,17:05:44.2,-36:25:18,2010-10-02,00:30:58.8,2455471.5215,100.0,1.36,H,H,,,,usbdrivereplog_GX349+2.csv,,,Data replog,,,GX349+2,True,IR
ir101001.0053,GX349+2,17:05:44.2,-36:25:18,2010-10-02,00:29:02.6,2455471.5202,100.0,1.35,H,H,,,,usbdrivereplog_GX349+2.csv,,,Data replog,,,GX349+2,True,IR
ir101001.0052,GX349+2,17:05:44.3,-36:25:18,2010-10-02,00:27:05.7,2455471.5188,100.0,1.34,H,H,,,,usbdrivereplog_GX349+2.csv,,,Data replog,,,GX349+2,True,IR
ir101009.0027,GX349+2,17:05:43.4,-36:25:18,2010-10-10,00:15:12.5,2455479.5106,100.0,1.43,H,H,,,,usbdrivereplog_GX349+2.csv,,,Data replog,,,GX349+2,True,IR
ir101009.0028,GX349+2,17:05:43.4,-36:25:19,2010-10-10,00:17:09.2,2455479.5119,100.0,1.44,H,H,,,,usbdrivereplog_GX349+2.csv,,,Data replog,,,GX349+2,True,IR
ir101009.0029,GX349+2,17:05:43.4,-36:25:20,2010-10-10,00:19:05.9,2455479.5133,100.0,1.45,H,H,,,,usbdrivereplog_GX349+2.csv,,,Data replog,,,GX349+2,True,IR
ir101009.0030,GX349+2,17:05:43.5,-36:25:21,2010-10-10,00:21:02.3,2455479.5146,100.0,1.46,H,H,,,,usbdrivereplog_GX349+2.csv,,,Data replog,,,GX349+2,True,IR
ir101014.0028,GX349+2,17:05:43.4,-36:25:23,2010-10-15,00:12:14.8,2455484.5085,100.0,1.53,H,H,,,,usbdrivereplog_GX349+2.csv,,,Data replog,,,GX349+2,True,IR
ir101014.0027,GX349+2,17:05:43.4,-36:25:23,2010-10-15,00:10:17.9,2455484.5072,100.0,1.51,H,H,,,,usbdrivereplog_GX349+2.csv,,,Data replog,,,GX349+2,True,IR
ir101014.0026,GX349+2,17:05:43.4,-36:25:22,2010-10-15,00:08:21.4,2455484.5058,100.0,1.5,H,H,,,,usbdrivereplog_GX349+2.csv,,,Data replog,,,GX349+2,True,IR
ir101013.0030,GX349+2,17:05:42.5,-36:25:17,2010-10-14,00:29:24.9,2455483.5204,100.0,1.61,H,H,,,,usbdrivereplog_GX349+2.csv,,,Data replog,,,GX349+2,True,IR
ir101013.0029,GX349+2,17:05:42.6,-36:25:17,2010-10-14,00:27:28.8,2455483.5191,100.0,1.6,H,H,,,,usbdrivereplog_GX349+2.csv,,,Data replog,,,GX349+2,True,IR
ir101013.0028,GX349+2,17:05:42.6,-36:25:17,2010-10-14,00:25:32.1,2455483.5177,100.0,1.59,H,H,,,,usbdrivereplog_GX349+2.csv,,,Data replog,,,GX349+2,True,IR
ir101013.0027,GX349+2,17:05:42.7,-36:25:17,2010-10-14,00:23:35.6,2455483.5164,100.0,1.57,H,H,,,,usbdrivereplog_GX349+2.csv,,,Data replog,,,GX349+2,True,IR
ir101013.0026,GX349+2,17:05:42.7,-36:25:16,2010-10-14,00:21:39.4,2455483.515,100.0,1.56,H,H,,,,usbdrivereplog_GX349+2.csv,,,Data replog,,,GX349+2,True,IR
ir101012.0005,GX349+2,17:05:43.8,-36:25:11,2010-10-12,23:50:54.9,2455482.4937,100.0,1.37,H,H,,,,usbdrivereplog_GX349+2.csv,,,Data replog,,,GX349+2,True,IR
ir101012.0004,GX349+2,17:05:43.8,-36:25:11,2010-10-12,23:48:58.7,2455482.4923,100.0,1.36,H,H,,,,usbdrivereplog_GX349+2.csv,,,Data replog,,,GX349+2,True,IR
ir101012.0003,GX349+2,17:05:43.7,-36:25:12,2010-10-12,23:47:02.1,2455482.491,100.0,1.36,H,H,,,,usbdrivereplog_GX349+2.csv,,,Data replog,,,GX349+2,True,IR
ir101012.0002,GX349+2,17:05:43.7,-36:25:11,2010-10-12,23:45:05.5,2455482.4896,100.0,1.35,H,H,,,,usbdrivereplog_GX349+2.csv,,,Data replog,,,GX349+2,True,IR
ir101012.0001,GX349+2,17:05:43.8,-36:25:11,2010-10-12,23:43:09.2,2455482.4883,100.0,1.34,H,H,,,,usbdrivereplog_GX349+2.csv,,,Data replog,,,GX349+2,True,IR
ir101011.0061,GX349+2,17:05:42.9,-36:25:24,2010-10-12,00:44:54.8,2455481.5312,100.0,1.67,H,H,,,,usbdrivereplog_GX349+2.csv,,,Data replog,,,GX349+2,True,IR
ir101011.0060,GX349+2,17:05:42.9,-36:25:23,2010-10-12,00:42:58.8,2455481.5298,100.0,1.65,H,H,,,,usbdrivereplog_GX349+2.csv,,,Data replog,,,GX349+2,True,IR
ir101011.0059,GX349+2,17:05:42.9,-36:25:23,2010-10-12,00:41:02.1,2455481.5285,100.0,1.64,H,H,,,,usbdrivereplog_GX349+2.csv,,,Data replog,,,GX349+2,True,IR
ir101011.0058,GX349+2,17:05:42.9,-36:25:22,2010-10-12,00:39:05.3,2455481.5271,100.0,1.63,H,H,,,,usbdrivereplog_GX349+2.csv,,,Data replog,,,GX349+2,True,IR
ir101011.0057,GX349+2,17:05:43.0,-36:25:22,2010-10-12,00:37:09.1,2455481.5258,100.0,1.61,H,H,,,,usbdrivereplog_GX349+2.csv,,,Data replog,,,GX349+2,True,IR
ir101010.0039,GX349+2,17:05:43.1,-36:25:25,2010-10-11,00:31:32.3,2455480.5219,100.0,1.55,H,H,,,,usbdrivereplog_GX349+2.csv,,,Data replog,,,GX349+2,True,IR
ir101010.0038,GX349+2,17:05:43.1,-36:25:25,2010-10-11,00:29:35.9,2455480.5206,100.0,1.54,H,H,,,,usbdrivereplog_GX349+2.csv,,,Data replog,,,GX349+2,True,IR
ir101010.0037,GX349+2,17:05:43.1,-36:25:25,2010-10-11,00:27:39.3,2455480.5192,100.0,1.52,H,H,,,,usbdrivereplog_GX349+2.csv,,,Data replog,,,GX349+2,True,IR
ir101010.0036,GX349+2,17:05:43.1,-36:25:25,2010-10-11,00:25:42.6,2455480.5178,100.0,1.51,H,H,,,,usbdrivereplog_GX349+2.csv,,,Data replog,,,GX349+2,True,IR
ir101010.0035,GX349+2,17:05:43.1,-36:25:25,2010-10-11,00:23:46.4,2455480.5165,100.0,1.5,H,H,,,,usbdrivereplog_GX349+2.csv,,,Data replog,,,GX349+2,True,IR
ir101001.0051,GX349+2,17:05:44.3,-36:25:18,2010-10-02,00:25:08.9,2455471.5175,100.0,1.33,H,H,,,,usbdrivereplog_GX349+2.csv,,,Data replog,,,GX349+2,True,IR
ir100929.0064,GX349+2,17:05:43.0,-36:25:21,2010-09-30,00:45:33.6,2455469.5316,100.0,1.39,H,H,,,,usbdrivereplog_GX349+2.csv,,,Data replog,,,GX349+2,True,IR
ir101014.0030,GX349+2,17:05:43.3,-36:25:24,2010-10-15,00:16:07.9,2455484.5112,100.0,1.55,H,H,,,,usbdrivereplog_GX349+2.csv,,,Data replog,,,GX349+2,True,IR
ir100915.0133,GX349+2,17:05:42.9,-36:25:17,2010-09-16,01:45:41.2,2455455.5734,100.0,1.41,H,H,,,,usbdrivereplog_GX349+2.csv,,,Data replog,,,GX349+2,True,IR
ir100919.0058,GX349+2,17:05:46.0,-36:25:28,2010-09-20,00:31:58.7,2455459.5222,100.0,1.2,H,H,,,,usbdrivereplog_GX349+2.csv,,,Data replog,,,GX349+2,True,IR
ir100918.0063,GX349+2,17:05:45.7,-36:25:18,2010-09-19,00:34:30.5,2455458.524,100.0,1.19,H,H,,,,usbdrivereplog_GX349+2.csv,,,Data replog,,,GX349+2,True,IR
ir100918.0062,GX349+2,17:05:45.6,-36:25:17,2010-09-19,00:32:34.4,2455458.5226,100.0,1.19,H,H,,,,usbdrivereplog_GX349+2.csv,,,Data replog,,,GX349+2,True,IR
ir100918.0061,GX349+2,17:05:45.6,-36:25:17,2010-09-19,00:30:37.8,2455458.5213,100.0,1.18,H,H,,,,usbdrivereplog_GX349+2.csv,,,Data replog,,,GX349+2,True,IR
ir100918.0060,GX349+2,17:05:45.5,-36:25:16,2010-09-19,00:28:41.1,2455458.5199,100.0,1.18,H,H,,,,usbdrivereplog_GX349+2.csv,,,Data replog,,,GX349+2,True,IR
ir100918.0059,GX349+2,17:05:45.4,-36:25:16,2010-09-19,00:26:44.9,2455458.5186,100.0,1.17,H,H,,,,usbdrivereplog_GX349+2.csv,,,Data replog,,,GX349+2,True,IR
ir100917.0055,GX349+2,17:05:45.6,-36:25:20,2010-09-18,00:48:56.5,2455457.534,100.0,1.22,H,H,,,,usbdrivereplog_GX349+2.csv,,,Data replog,,,GX349+2,True,IR
ir100917.0054,GX349+2,17:05:45.6,-36:25:20,2010-09-18,00:47:00.3,2455457.5327,100.0,1.22,H,H,,,,usbdrivereplog_GX349+2.csv,,,Data replog,,,GX349+2,True,IR
ir100917.0053,GX349+2,17:05:45.6,-36:25:20,2010-09-18,00:45:03.7,2455457.5313,100.0,1.21,H,H,,,,usbdrivereplog_GX349+2.csv,,,Data replog,,,GX349+2,True,IR
ir100917.0052,GX349+2,17:05:45.7,-36:25:21,2010-09-18,00:43:07.0,2455457.53,100.0,1.21,H,H,,,,usbdrivereplog_GX349+2.csv,,,Data replog,,,GX349+2,True,IR
ir100917.0051,GX349+2,17:05:45.6,-36:25:22,2010-09-18,00:41:10.8,2455457.5286,100.0,1.2,H,H,,,,usbdrivereplog_GX349+2.csv,,,Data replog,,,GX349+2,True,IR
ir100915.0132,GX349+2,17:05:42.9,-36:25:16,2010-09-16,01:43:45.0,2455455.5721,100.0,1.4,H,H,,,,usbdrivereplog_GX349+2.csv,,,Data replog,,,GX349+2,True,IR
ir100929.0063,GX349+2,17:05:42.9,-36:25:20,2010-09-30,00:43:37.4,2455469.5303,100.0,1.38,H,H,,,,usbdrivereplog_GX349+2.csv,,,Data replog,,,GX349+2,True,IR
ir100915.0131,GX349+2,17:05:42.9,-36:25:15,2010-09-16,01:41:48.5,2455455.5707,100.0,1.39,H,H,,,,usbdrivereplog_GX349+2.csv,,,Data replog,,,GX349+2,True,IR
ir100915.0130,GX349+2,17:05:42.9,-36:25:15,2010-09-16,01:39:51.0,2455455.5693,100.0,1.39,H,H,,,,usbdrivereplog_GX349+2.csv,,,Data replog,,,GX349+2,True,IR
ir100915.0129,GX349+2,17:05:42.8,-36:25:15,2010-09-16,01:37:54.7,2455455.568,100.0,1.38,H,H,,,,usbdrivereplog_GX349+2.csv,,,Data replog,,,GX349+2,True,IR
ir100913.0061,GX349+2,17:05:44.2,-36:25:10,2010-09-14,00:38:33.3,2455453.5268,100.0,1.15,H,H,,,,usbdrivereplog_GX349+2.csv,,,Data replog,,,GX349+2,True,IR
ir100913.0060,GX349+2,17:05:44.2,-36:25:10,2010-09-14,00:36:37.2,2455453.5254,100.0,1.15,H,H,,,,usbdrivereplog_GX349+2.csv,,,Data replog,,,GX349+2,True,IR
ir100913.0059,GX349+2,17:05:44.1,-36:25:09,2010-09-14,00:34:40.6,2455453.5241,100.0,1.14,H,H,,,,usbdrivereplog_GX349+2.csv,,,Data replog,,,GX349+2,True,IR
ir100913.0058,GX349+2,17:05:44.1,-36:25:09,2010-09-14,00:32:43.9,2455453.5227,100.0,1.14,H,H,,,,usbdrivereplog_GX349+2.csv,,,Data replog,,,GX349+2,True,IR
ir100913.0057,GX349+2,17:05:44.1,-36:25:08,2010-09-14,00:30:47.7,2455453.5214,100.0,1.14,H,H,,,,usbdrivereplog_GX349+2.csv,,,Data replog,,,GX349+2,True,IR
ir100911.0103,GX349+2,17:05:43.9,-36:25:19,2010-09-12,01:24:51.2,2455451.5589,100.0,1.26,H,H,,,,usbdrivereplog_GX349+2.csv,,,Data replog,,,GX349+2,True,IR
ir100911.0102,GX349+2,17:05:43.9,-36:25:19,2010-09-12,01:22:55.2,2455451.5576,100.0,1.26,H,H,,,,usbdrivereplog_GX349+2.csv,,,Data replog,,,GX349+2,True,IR
ir100911.0101,GX349+2,17:05:43.9,-36:25:19,2010-09-12,01:20:58.3,2455451.5562,100.0,1.25,H,H,,,,usbdrivereplog_GX349+2.csv,,,Data replog,,,GX349+2,True,IR
ir100919.0059,GX349+2,17:05:46.1,-36:25:28,2010-09-20,00:33:54.9,2455459.5236,100.0,1.2,H,H,,,,usbdrivereplog_GX349+2.csv,,,Data replog,,,GX349+2,True,IR
ir100919.0060,GX349+2,17:05:46.0,-36:25:28,2010-09-20,00:35:51.8,2455459.5249,100.0,1.21,H,H,,,,usbdrivereplog_GX349+2.csv,,,Data replog,,,GX349+2,True,IR
ir100919.0061,GX349+2,17:05:46.1,-36:25:28,2010-09-20,00:37:48.5,2455459.5263,100.0,1.21,H,H,,,,usbdrivereplog_GX349+2.csv,,,Data replog,,,GX349+2,True,IR
ir100919.0062,GX349+2,17:05:46.1,-36:25:28,2010-09-20,00:39:44.8,2455459.5276,100.0,1.22,H,H,,,,usbdrivereplog_GX349+2.csv,,,Data replog,,,GX349+2,True,IR
ir100929.0062,GX349+2,17:05:42.9,-36:25:20,2010-09-30,00:41:40.6,2455469.5289,100.0,1.37,H,H,,,,usbdrivereplog_GX349+2.csv,,,Data replog,,,GX349+2,True,IR
ir100929.0061,GX349+2,17:05:42.9,-36:25:19,2010-09-30,00:39:43.8,2455469.5276,100.0,1.36,H,H,,,,usbdrivereplog_GX349+2.csv,,,Data replog,,,GX349+2,True,IR
ir100929.0060,GX349+2,17:05:42.9,-36:25:19,2010-09-30,00:37:47.7,2455469.5263,100.0,1.35,H,H,,,,usbdrivereplog_GX349+2.csv,,,Data replog,,,GX349+2,True,IR
ir100928.0094,GX349+2,17:05:43.0,-36:25:16,2010-09-29,01:30:15.8,2455468.5627,100.0,1.63,H,H,,,,usbdrivereplog_GX349+2.csv,,,Data replog,,,GX349+2,True,IR
ir100928.0093,GX349+2,17:05:43.1,-36:25:16,2010-09-29,01:28:19.5,2455468.5613,100.0,1.61,H,H,,,,usbdrivereplog_GX349+2.csv,,,Data replog,,,GX349+2,True,IR
ir100928.0092,GX349+2,17:05:43.1,-36:25:16,2010-09-29,01:26:22.7,2455468.56,100.0,1.6,H,H,,,,usbdrivereplog_GX349+2.csv,,,Data replog,,,GX349+2,True,IR
ir100928.0091,GX349+2,17:05:43.1,-36:25:16,2010-09-29,01:24:26.0,2455468.5586,100.0,1.59,H,H,,,,usbdrivereplog_GX349+2.csv,,,Data replog,,,GX349+2,True,IR
ir100928.0090,GX349+2,17:05:43.2,-36:25:16,2010-09-29,01:22:29.7,2455468.5573,100.0,1.57,H,H,,,,usbdrivereplog_GX349+2.csv,,,Data replog,,,GX349+2,True,IR
ir100926.0039,GX349+2,17:05:44.4,-36:25:17,2010-09-27,00:16:25.3,2455466.5114,100.0,1.23,H,H,,,,usbdrivereplog_GX349+2.csv,,,Data replog,,,GX349+2,True,IR
ir100926.0038,GX349+2,17:05:44.4,-36:25:17,2010-09-27,00:14:29.2,2455466.5101,100.0,1.23,H,H,,,,usbdrivereplog_GX349+2.csv,,,Data replog,,,GX349+2,True,IR
ir100926.0037,GX349+2,17:05:44.4,-36:25:18,2010-09-27,00:12:32.6,2455466.5087,100.0,1.22,H,H,,,,usbdrivereplog_GX349+2.csv,,,Data replog,,,GX349+2,True,IR
ir100926.0036,GX349+2,17:05:44.4,-36:25:17,2010-09-27,00:10:35.8,2455466.5074,100.0,1.21,H,H,,,,usbdrivereplog_GX349+2.csv,,,Data replog,,,GX349+2,True,IR
ir100926.0035,GX349+2,17:05:44.5,-36:25:18,2010-09-27,00:08:39.5,2455466.506,100.0,1.21,H,H,,,,usbdrivereplog_GX349+2.csv,,,Data replog,,,GX349+2,True,IR
ir100924.0063,GX349+2,17:05:43.9,-36:25:19,2010-09-25,00:40:10.8,2455464.5279,100.0,1.29,H,H,,,,usbdrivereplog_GX349+2.csv,,,Data replog,,,GX349+2,True,IR
ir100924.0062,GX349+2,17:05:44.0,-36:25:19,2010-09-25,00:38:14.6,2455464.5266,100.0,1.28,H,H,,,,usbdrivereplog_GX349+2.csv,,,Data replog,,,GX349+2,True,IR
ir100924.0061,GX349+2,17:05:44.0,-36:25:18,2010-09-25,00:36:18.1,2455464.5252,100.0,1.27,H,H,,,,usbdrivereplog_GX349+2.csv,,,Data replog,,,GX349+2,True,IR
ir100924.0060,GX349+2,17:05:44.0,-36:25:18,2010-09-25,00:34:21.5,2455464.5239,100.0,1.26,H,H,,,,usbdrivereplog_GX349+2.csv,,,Data replog,,,GX349+2,True,IR
ir100924.0059,GX349+2,17:05:44.1,-36:25:19,2010-09-25,00:32:25.5,2455464.5225,100.0,1.26,H,H,,,,usbdrivereplog_GX349+2.csv,,,Data replog,,,GX349+2,True,IR
ir100923.0052,GX349+2,17:05:44.5,-36:25:16,2010-09-24,00:23:26.2,2455463.5163,100.0,1.22,H,H,,,,usbdrivereplog_GX349+2.csv,,,Data replog,,,GX349+2,True,IR
ir100923.0051,GX349+2,17:05:44.5,-36:25:16,2010-09-24,00:21:30.0,2455463.5149,100.0,1.21,H,H,,,,usbdrivereplog_GX349+2.csv,,,Data replog,,,GX349+2,True,IR
ir100923.0050,GX349+2,17:05:44.5,-36:25:16,2010-09-24,00:19:33.3,2455463.5136,100.0,1.21,H,H,,,,usbdrivereplog_GX349+2.csv,,,Data replog,,,GX349+2,True,IR
ir100923.0049,GX349+2,17:05:44.5,-36:25:17,2010-09-24,00:17:36.6,2455463.5122,100.0,1.2,H,H,,,,usbdrivereplog_GX349+2.csv,,,Data replog,,,GX349+2,True,IR
ir100923.0048,GX349+2,17:05:44.5,-36:25:17,2010-09-24,00:15:40.5,2455463.5109,100.0,1.2,H,H,,,,usbdrivereplog_GX349+2.csv,,,Data replog,,,GX349+2,True,IR
ir101014.0029,GX349+2,17:05:43.3,-36:25:23,2010-10-15,00:14:11.5,2455484.5099,100.0,1.54,H,H,,,,usbdrivereplog_GX349+2.csv,,,Data replog,,,GX349+2,True,IR
ir101015.0035,GX349+2,17:05:44.4,-36:25:23,2010-10-16,00:15:23.4,2455485.5107,100.0,1.57,H,H,,,,usbdrivereplog_GX349+2.csv,,,Data replog,,,GX349+2,True,IR
ir101015.0036,GX349+2,17:05:44.3,-36:25:23,2010-10-16,00:17:19.7,2455485.512,100.0,1.58,H,H,,,,usbdrivereplog_GX349+2.csv,,,Data replog,,,GX349+2,True,IR
ir101020.0018,GX349+2,17:05:42.9,-36:25:22,2010-10-21,00:09:23.0,2455490.5065,100.0,1.67,H,H,,,,usbdrivereplog_GX349+2.csv,,,Data replog,,,GX349+2,True,IR
ir101024.0010,GX349+2,17:05:43.6,-36:25:21,2010-10-25,00:09:21.5,2455494.5065,100.0,1.8,H,H,,,,usbdrivereplog_GX349+2.csv,,,Data replog,,,GX349+2,True,IR
ir101023.0005,GX349+2,17:05:44.4,-36:25:37,2010-10-24,00:06:07.7,2455493.5043,100.0,1.74,H,H,,,,usbdrivereplog_GX349+2.csv,,,Data replog,,,GX349+2,True,IR
ir101023.0004,GX349+2,17:05:44.4,-36:25:36,2010-10-24,00:04:11.4,2455493.5029,100.0,1.72,H,H,,,,usbdrivereplog_GX349+2.csv,,,Data replog,,,GX349+2,True,IR
ir101023.0003,GX349+2,17:05:44.4,-36:25:35,2010-10-24,00:02:14.6,2455493.5016,100.0,1.7,H,H,,,,usbdrivereplog_GX349+2.csv,,,Data replog,,,GX349+2,True,IR
ir101023.0002,GX349+2,17:05:44.4,-36:25:35,2010-10-24,00:00:17.7,2455493.5002,100.0,1.69,H,H,,,,usbdrivereplog_GX349+2.csv,,,Data replog,,,GX349+2,True,IR
ir101023.0001,GX349+2,17:05:44.4,-36:25:34,2010-10-23,23:58:21.4,2455493.4989,100.0,1.67,H,H,,,,usbdrivereplog_GX349+2.csv,,,Data replog,,,GX349+2,True,IR
ir101021.0005,GX349+2,17:05:44.1,-36:25:10,2010-10-22,00:10:59.1,2455491.5076,100.0,1.71,H,H,,,,usbdrivereplog_GX349+2.csv,,,Data replog,,,GX349+2,True,IR
ir101021.0004,GX349+2,17:05:44.1,-36:25:09,2010-10-22,00:09:03.0,2455491.5063,100.0,1.7,H,H,,,,usbdrivereplog_GX349+2.csv,,,Data replog,,,GX349+2,True,IR
ir101021.0003,GX349+2,17:05:44.1,-36:25:09,2010-10-22,00:07:06.2,2455491.5049,100.0,1.68,H,H,,,,usbdrivereplog_GX349+2.csv,,,Data replog,,,GX349+2,True,IR
ir101021.0002,GX349+2,17:05:44.1,-36:25:09,2010-10-22,00:05:09.5,2455491.5036,100.0,1.67,H,H,,,,usbdrivereplog_GX349+2.csv,,,Data replog,,,GX349+2,True,IR
ir101021.0001,GX349+2,17:05:44.0,-36:25:08,2010-10-22,00:03:13.3,2455491.5022,100.0,1.65,H,H,,,,usbdrivereplog_GX349+2.csv,,,Data replog,,,GX349+2,True,IR
ir101020.0017,GX349+2,17:05:42.9,-36:25:21,2010-10-21,00:07:26.4,2455490.5052,100.0,1.65,H,H,,,,usbdrivereplog_GX349+2.csv,,,Data replog,,,GX349+2,True,IR
ir101020.0016,GX349+2,17:05:42.9,-36:25:20,2010-10-21,00:05:29.6,2455490.5038,100.0,1.64,H,H,,,,usbdrivereplog_GX349+2.csv,,,Data replog,,,GX349+2,True,IR
ir101020.0015,GX349+2,17:05:42.9,-36:25:20,2010-10-21,00:03:33.0,2455490.5025,100.0,1.62,H,H,,,,usbdrivereplog_GX349+2.csv,,,Data replog,,,GX349+2,True,IR
ir101020.0014,GX349+2,17:05:42.9,-36:25:19,2010-10-21,00:01:36.8,2455490.5011,100.0,1.61,H,H,,,,usbdrivereplog_GX349+2.csv,,,Data replog,,,GX349+2,True,IR
ir101017.0030,GX349+2,17:05:44.2,-36:25:27,2010-10-18,00:12:19.0,2455487.5085,100.0,1.6,H,H,,,,usbdrivereplog_GX349+2.csv,,,Data replog,,,GX349+2,True,IR
ir101017.0029,GX349+2,17:05:44.2,-36:25:25,2010-10-18,00:10:22.8,2455487.5072,100.0,1.59,H,H,,,,usbdrivereplog_GX349+2.csv,,,Data replog,,,GX349+2,True,IR
ir101017.0028,GX349+2,17:05:44.2,-36:25:26,2010-10-18,00:08:26.2,2455487.5059,100.0,1.58,H,H,,,,usbdrivereplog_GX349+2.csv,,,Data replog,,,GX349+2,True,IR
ir101017.0027,GX349+2,17:05:44.2,-36:25:25,2010-10-18,00:06:29.4,2455487.5045,100.0,1.56,H,H,,,,usbdrivereplog_GX349+2.csv,,,Data replog,,,GX349+2,True,IR
ir101017.0026,GX349+2,17:05:44.3,-36:25:25,2010-10-18,00:04:33.1,2455487.5032,100.0,1.55,H,H,,,,usbdrivereplog_GX349+2.csv,,,Data replog,,,GX349+2,True,IR
ir101015.0039,GX349+2,17:05:44.2,-36:25:23,2010-10-16,00:23:09.5,2455485.5161,100.0,1.62,H,H,,,,usbdrivereplog_GX349+2.csv,,,Data replog,,,GX349+2,True,IR
ir101015.0038,GX349+2,17:05:44.2,-36:25:23,2010-10-16,00:21:13.2,2455485.5147,100.0,1.61,H,H,,,,usbdrivereplog_GX349+2.csv,,,Data replog,,,GX349+2,True,IR
ir101015.0037,GX349+2,17:05:44.2,-36:25:23,2010-10-16,00:19:16.4,2455485.5134,100.0,1.6,H,H,,,,usbdrivereplog_GX349+2.csv,,,Data replog,,,GX349+2,True,IR
ir101024.0011,GX349+2,17:05:43.6,-36:25:21,2010-10-25,00:11:18.0,2455494.5078,100.0,1.82,H,H,,,,usbdrivereplog_GX349+2.csv,,,Data replog,,,GX349+2,True,IR
ir101024.0012,GX349+2,17:05:43.7,-36:25:21,2010-10-25,00:13:14.7,2455494.5092,100.0,1.83,H,H,,,,usbdrivereplog_GX349+2.csv,,,Data replog,,,GX349+2,True,IR
ir101024.0013,GX349+2,17:05:43.7,-36:25:22,2010-10-25,00:15:11.6,2455494.5105,100.0,1.85,H,H,,,,usbdrivereplog_GX349+2.csv,,,Data replog,,,GX349+2,True,IR
ir101024.0014,GX349+2,17:05:43.7,-36:25:22,2010-10-25,00:17:07.9,2455494.5119,100.0,1.87,H,H,,,,usbdrivereplog_GX349+2.csv,,,Data replog,,,GX349+2,True,IR
ir101029.0005,GX349+2,17:05:44.2,-36:25:22,2010-10-29,23:53:53.9,2455499.4958,100.0,1.84,H,H,,,,usbdrivereplog_GX349+2.csv,,,Data replog,,,GX349+2,True,IR
ir101029.0004,GX349+2,17:05:44.2,-36:25:22,2010-10-29,23:51:57.7,2455499.4944,100.0,1.82,H,H,,,,usbdrivereplog_GX349+2.csv,,,Data replog,,,GX349+2,True,IR
ir101029.0003,GX349+2,17:05:44.1,-36:25:21,2010-10-29,23:50:00.9,2455499.4931,100.0,1.8,H,H,,,,usbdrivereplog_GX349+2.csv,,,Data replog,,,GX349+2,True,IR
ir101029.0002,GX349+2,17:05:44.1,-36:25:20,2010-10-29,23:48:03.9,2455499.4917,100.0,1.78,H,H,,,,usbdrivereplog_GX349+2.csv,,,Data replog,,,GX349+2,True,IR
ir101029.0001,GX349+2,17:05:44.2,-36:25:20,2010-10-29,23:46:07.6,2455499.4904,100.0,1.77,H,H,,,,usbdrivereplog_GX349+2.csv,,,Data replog,,,GX349+2,True,IR
ir101028.0005,GX349+2,17:05:44.5,-36:25:24,2010-10-29,00:10:55.7,2455498.5076,100.0,1.97,H,H,,,,usbdrivereplog_GX349+2.csv,,,Data replog,,,GX349+2,True,IR
ir101028.0004,GX349+2,17:05:44.4,-36:25:23,2010-10-29,00:08:59.5,2455498.5063,100.0,1.95,H,H,,,,usbdrivereplog_GX349+2.csv,,,Data replog,,,GX349+2,True,IR
ir101028.0003,GX349+2,17:05:44.3,-36:25:21,2010-10-29,00:07:02.6,2455498.5049,100.0,1.93,H,H,,,,usbdrivereplog_GX349+2.csv,,,Data replog,,,GX349+2,True,IR
ir101028.0002,GX349+2,17:05:44.2,-36:25:20,2010-10-29,00:05:05.5,2455498.5035,100.0,1.91,H,H,,,,usbdrivereplog_GX349+2.csv,,,Data replog,,,GX349+2,True,IR
ir101028.0001,GX349+2,17:05:44.3,-36:25:20,2010-10-29,00:03:09.3,2455498.5022,100.0,1.89,H,H,,,,usbdrivereplog_GX349+2.csv,,,Data replog,,,GX349+2,True,IR
ir101025.0005,GX349+2,17:05:43.7,-36:25:16,2010-10-26,00:06:20.1,2455495.5044,100.0,1.81,H,H,,,,usbdrivereplog_GX349+2.csv,,,Data replog,,,GX349+2,True,IR
ir101025.0004,GX349+2,17:05:43.7,-36:25:15,2010-10-26,00:04:23.7,2455495.503,100.0,1.79,H,H,,,,usbdrivereplog_GX349+2.csv,,,Data replog,,,GX349+2,True,IR
ir101025.0003,GX349+2,17:05:43.6,-36:25:14,2010-10-26,00:02:26.9,2455495.5017,100.0,1.77,H,H,,,,usbdrivereplog_GX349+2.csv,,,Data replog,,,GX349+2,True,IR
ir101025.0002,GX349+2,17:05:43.6,-36:25:14,2010-10-26,00:00:30.1,2455495.5003,100.0,1.75,H,H,,,,usbdrivereplog_GX349+2.csv,,,Data replog,,,GX349+2,True,IR
ir101025.0001,GX349+2,17:05:43.6,-36:25:13,2010-10-25,23:58:33.8,2455495.499,100.0,1.74,H,H,,,,usbdrivereplog_GX349+2.csv,,,Data replog,,,GX349+2,True,IR
ir100911.0100,GX349+2,17:05:44.1,-36:25:19,2010-09-12,01:19:01.7,2455451.5549,100.0,1.24,H,H,,,,usbdrivereplog_GX349+2.csv,,,Data replog,,,GX349+2,True,IR
ir100911.0099,GX349+2,17:05:44.0,-36:25:19,2010-09-12,01:17:05.8,2455451.5535,100.0,1.24,H,H,,,,usbdrivereplog_GX349+2.csv,,,Data replog,,,GX349+2,True,IR
ir100908.0107,GX349+2,17:05:44.7,-36:25:20,2010-09-09,01:18:02.7,2455448.5542,100.0,1.2,H,H,,,,usbdrivereplog_GX349+2.csv,,,Data replog,,,GX349+2,True,IR
ir100714.0257,GX349+2,17:05:44.4,-36:25:22,2010-07-15,05:36:46.2,2455392.7339,100.0,1.34,H,H,,,,usbdrivereplog_GX349+2.csv,,,Data replog,,,GX349+2,True,IR
ir100725.0172,GX349+2,17:05:44.3,-36:25:22,2010-07-26,03:04:11.0,2455403.6279,100.0,1.06,H,H,,,,usbdrivereplog_GX349+2.csv,,,Data replog,,,GX349+2,True,IR
ir100725.0171,GX349+2,17:05:44.4,-36:25:23,2010-07-26,03:02:14.3,2455403.6266,100.0,1.06,H,H,,,,usbdrivereplog_GX349+2.csv,,,Data replog,,,GX349+2,True,IR
ir100715.0086,GX349+2,17:05:45.3,-36:25:23,2010-07-16,01:54:44.0,2455393.5797,100.0,1.01,H,H,,,,usbdrivereplog_GX349+2.csv,,,Data replog,,,GX349+2,True,IR
ir100715.0085,GX349+2,17:05:45.3,-36:25:23,2010-07-16,01:52:47.7,2455393.5783,100.0,1.01,H,H,,,,usbdrivereplog_GX349+2.csv,,,Data replog,,,GX349+2,True,IR
ir100715.0084,GX349+2,17:05:45.3,-36:25:23,2010-07-16,01:50:51.0,2455393.577,100.0,1.01,H,H,,,,usbdrivereplog_GX349+2.csv,,,Data replog,,,GX349+2,True,IR
ir100715.0083,GX349+2,17:05:45.2,-36:25:23,2010-07-16,01:48:54.2,2455393.5756,100.0,1.01,H,H,,,,usbdrivereplog_GX349+2.csv,,,Data replog,,,GX349+2,True,IR
ir100715.0082,GX349+2,17:05:45.1,-36:25:23,2010-07-16,01:46:58.1,2455393.5743,100.0,1.01,H,H,,,,usbdrivereplog_GX349+2.csv,,,Data replog,,,GX349+2,True,IR
ir100714.0261,GX349+2,17:05:44.4,-36:25:23,2010-07-15,05:44:31.9,2455392.7393,100.0,1.37,H,H,,,,usbdrivereplog_GX349+2.csv,,,Data replog,,,GX349+2,True,IR
ir100714.0260,GX349+2,17:05:44.3,-36:25:22,2010-07-15,05:42:35.9,2455392.738,100.0,1.36,H,H,,,,usbdrivereplog_GX349+2.csv,,,Data replog,,,GX349+2,True,IR
ir100714.0259,GX349+2,17:05:44.4,-36:25:22,2010-07-15,05:40:39.1,2455392.7366,100.0,1.35,H,H,,,,usbdrivereplog_GX349+2.csv,,,Data replog,,,GX349+2,True,IR
ir100714.0258,GX349+2,17:05:44.4,-36:25:22,2010-07-15,05:38:42.3,2455392.7353,100.0,1.35,H,H,,,,usbdrivereplog_GX349+2.csv,,,Data replog,,,GX349+2,True,IR
ir100712.0159,GX349+2,17:05:44.4,-36:25:20,2010-07-13,04:09:32.9,2455390.6733,100.0,1.08,H,H,,,,usbdrivereplog_GX349+2.csv,,,Data replog,,,GX349+2,True,IR
ir100710.0124,GX349+2,17:05:44.4,-36:25:27,2010-07-11,01:57:01.1,2455388.5813,100.0,1.02,H,H,,,,usbdrivereplog_GX349+2.csv,,,Data replog,,,GX349+2,True,IR
ir100712.0158,GX349+2,17:05:44.3,-36:25:20,2010-07-13,04:07:36.6,2455390.672,100.0,1.08,H,H,,,,usbdrivereplog_GX349+2.csv,,,Data replog,,,GX349+2,True,IR
ir100712.0157,GX349+2,17:05:44.4,-36:25:21,2010-07-13,04:05:39.9,2455390.6706,100.0,1.08,H,H,,,,usbdrivereplog_GX349+2.csv,,,Data replog,,,GX349+2,True,IR
ir100712.0156,GX349+2,17:05:44.4,-36:25:21,2010-07-13,04:03:43.1,2455390.6693,100.0,1.07,H,H,,,,usbdrivereplog_GX349+2.csv,,,Data replog,,,GX349+2,True,IR
ir100712.0155,GX349+2,17:05:44.5,-36:25:21,2010-07-13,04:01:46.7,2455390.6679,100.0,1.07,H,H,,,,usbdrivereplog_GX349+2.csv,,,Data replog,,,GX349+2,True,IR
ir100712.0159,GX349+2,18:08:10.1,-25:15:20,2010-07-13,03:56:41.1,2455390.6644,100.0,1.01,H,H,,,,usbdrivereplog_GX349+2.csv,,,Data replog,,,GX349+2,True,IR
ir100712.0158,GX349+2,18:08:10.1,-25:15:20,2010-07-13,03:54:44.6,2455390.6631,100.0,1.01,H,H,,,,usbdrivereplog_GX349+2.csv,,,Data replog,,,GX349+2,True,IR
ir100712.0157,GX349+2,18:08:10.0,-25:15:21,2010-07-13,03:52:48.0,2455390.6617,100.0,1.01,H,H,,,,usbdrivereplog_GX349+2.csv,,,Data replog,,,GX349+2,True,IR
ir100712.0156,GX349+2,18:08:10.1,-25:15:21,2010-07-13,03:50:51.4,2455390.6604,100.0,1.01,H,H,,,,usbdrivereplog_GX349+2.csv,,,Data replog,,,GX349+2,True,IR
ir100712.0155,GX349+2,18:08:10.1,-25:15:20,2010-07-13,03:48:55.0,2455390.659,100.0,1.01,H,H,,,,usbdrivereplog_GX349+2.csv,,,Data replog,,,GX349+2,True,IR
ir100710.0127,GX349+2,17:05:44.4,-36:25:27,2010-07-11,02:02:50.8,2455388.5853,100.0,1.01,H,H,,,,usbdrivereplog_GX349+2.csv,,,Data replog,,,GX349+2,True,IR
ir100710.0126,GX349+2,17:05:44.4,-36:25:27,2010-07-11,02:00:54.2,2455388.584,100.0,1.01,H,H,,,,usbdrivereplog_GX349+2.csv,,,Data replog,,,GX349+2,True,IR
ir100725.0173,GX349+2,17:05:44.3,-36:25:22,2010-07-26,03:06:07.8,2455403.6293,100.0,1.06,H,H,,,,usbdrivereplog_GX349+2.csv,,,Data replog,,,GX349+2,True,IR
ir100725.0174,GX349+2,17:05:44.2,-36:25:21,2010-07-26,03:08:04.3,2455403.6306,100.0,1.07,H,H,,,,usbdrivereplog_GX349+2.csv,,,Data replog,,,GX349+2,True,IR
ir100725.0175,GX349+2,17:05:44.2,-36:25:21,2010-07-26,03:10:00.8,2455403.632,100.0,1.07,H,H,,,,usbdrivereplog_GX349+2.csv,,,Data replog,,,GX349+2,True,IR
ir100726.0127,GX349+2,17:05:44.5,-36:25:22,2010-07-27,01:36:03.2,2455404.5667,100.0,1.01,H,H,,,,usbdrivereplog_GX349+2.csv,,,Data replog,,,GX349+2,True,IR
ir100802.0222,GX349+2,17:05:43.0,-36:25:25,2010-08-03,05:03:11.9,2455411.7105,100.0,1.55,H,H,,,,usbdrivereplog_GX349+2.csv,,,Data replog,,,GX349+2,True,IR
ir100802.0221,GX349+2,17:05:43.0,-36:25:25,2010-08-03,05:01:15.4,2455411.7092,100.0,1.54,H,H,,,,usbdrivereplog_GX349+2.csv,,,Data replog,,,GX349+2,True,IR
ir100802.0220,GX349+2,17:05:43.1,-36:25:25,2010-08-03,04:59:18.8,2455411.7079,100.0,1.53,H,H,,,,usbdrivereplog_GX349+2.csv,,,Data replog,,,GX349+2,True,IR
ir100802.0219,GX349+2,17:05:43.1,-36:25:25,2010-08-03,04:57:22.8,2455411.7065,100.0,1.51,H,H,,,,usbdrivereplog_GX349+2.csv,,,Data replog,,,GX349+2,True,IR
ir100731.0146,GX349+2,17:05:43.5,-36:25:02,2010-08-01,03:39:13.8,2455409.6522,100.0,1.17,H,H,,,,usbdrivereplog_GX349+2.csv,,,Data replog,,,GX349+2,True,IR
ir100731.0145,GX349+2,17:05:43.4,-36:25:01,2010-08-01,03:37:17.9,2455409.6509,100.0,1.17,H,H,,,,usbdrivereplog_GX349+2.csv,,,Data replog,,,GX349+2,True,IR
ir100731.0144,GX349+2,17:05:43.4,-36:25:01,2010-08-01,03:35:21.5,2455409.6496,100.0,1.16,H,H,,,,usbdrivereplog_GX349+2.csv,,,Data replog,,,GX349+2,True,IR
ir100731.0143,GX349+2,17:05:43.3,-36:25:00,2010-08-01,03:33:25.0,2455409.6482,100.0,1.16,H,H,,,,usbdrivereplog_GX349+2.csv,,,Data replog,,,GX349+2,True,IR
ir100731.0142,GX349+2,17:05:43.3,-36:25:00,2010-08-01,03:31:29.0,2455409.6469,100.0,1.15,H,H,,,,usbdrivereplog_GX349+2.csv,,,Data replog,,,GX349+2,True,IR
ir100730.0095,GX349+2,17:05:44.4,-36:25:14,2010-07-31,02:21:00.5,2455408.5979,100.0,1.04,H,H,,,,usbdrivereplog_GX349+2.csv,,,Data replog,,,GX349+2,True,IR
ir100730.0094,GX349+2,17:05:44.3,-36:25:13,2010-07-31,02:19:04.2,2455408.5966,100.0,1.03,H,H,,,,usbdrivereplog_GX349+2.csv,,,Data replog,,,GX349+2,True,IR
ir100730.0093,GX349+2,17:05:44.2,-36:25:13,2010-07-31,02:17:07.7,2455408.5952,100.0,1.03,H,H,,,,usbdrivereplog_GX349+2.csv,,,Data replog,,,GX349+2,True,IR
ir100730.0092,GX349+2,17:05:44.2,-36:25:13,2010-07-31,02:15:11.3,2455408.5939,100.0,1.03,H,H,,,,usbdrivereplog_GX349+2.csv,,,Data replog,,,GX349+2,True,IR
ir100730.0091,GX349+2,17:05:44.2,-36:25:13,2010-07-31,02:13:14.6,2455408.5925,100.0,1.03,H,H,,,,usbdrivereplog_GX349+2.csv,,,Data replog,,,GX349+2,True,IR
ir100728.0157,GX349+2,17:05:44.6,-36:25:21,2010-07-29,02:44:15.4,2455406.6141,100.0,1.05,H,H,,,,usbdrivereplog_GX349+2.csv,,,Data replog,,,GX349+2,True,IR
ir100728.0156,GX349+2,17:05:44.5,-36:25:22,2010-07-29,02:42:19.4,2455406.6127,100.0,1.05,H,H,,,,usbdrivereplog_GX349+2.csv,,,Data replog,,,GX349+2,True,IR
ir100728.0155,GX349+2,17:05:44.5,-36:25:22,2010-07-29,02:40:22.6,2455406.6114,100.0,1.05,H,H,,,,usbdrivereplog_GX349+2.csv,,,Data replog,,,GX349+2,True,IR
ir100728.0154,GX349+2,17:05:44.4,-36:25:22,2010-07-29,02:38:26.1,2455406.61,100.0,1.05,H,H,,,,usbdrivereplog_GX349+2.csv,,,Data replog,,,GX349+2,True,IR
ir100728.0153,GX349+2,17:05:44.4,-36:25:22,2010-07-29,02:36:29.9,2455406.6087,100.0,1.04,H,H,,,,usbdrivereplog_GX349+2.csv,,,Data replog,,,GX349+2,True,IR
ir100726.0131,GX349+2,17:05:44.7,-36:25:19,2010-07-27,01:43:49.6,2455404.5721,100.0,1.01,H,H,,,,usbdrivereplog_GX349+2.csv,,,Data replog,,,GX349+2,True,IR
ir100726.0130,GX349+2,17:05:44.6,-36:25:20,2010-07-27,01:41:53.0,2455404.5708,100.0,1.01,H,H,,,,usbdrivereplog_GX349+2.csv,,,Data replog,,,GX349+2,True,IR
ir100726.0129,GX349+2,17:05:44.6,-36:25:20,2010-07-27,01:39:56.5,2455404.5694,100.0,1.01,H,H,,,,usbdrivereplog_GX349+2.csv,,,Data replog,,,GX349+2,True,IR
ir100726.0128,GX349+2,17:05:44.5,-36:25:21,2010-07-27,01:37:59.8,2455404.5681,100.0,1.01,H,H,,,,usbdrivereplog_GX349+2.csv,,,Data replog,,,GX349+2,True,IR
ir100710.0125,GX349+2,17:05:44.4,-36:25:27,2010-07-11,01:58:57.6,2455388.5826,100.0,1.01,H,H,,,,usbdrivereplog_GX349+2.csv,,,Data replog,,,GX349+2,True,IR
ir100710.0123,GX349+2,17:05:44.5,-36:25:26,2010-07-11,01:55:04.6,2455388.5799,100.0,1.02,H,H,,,,usbdrivereplog_GX349+2.csv,,,Data replog,,,GX349+2,True,IR
ir100908.0106,GX349+2,17:05:44.7,-36:25:21,2010-09-09,01:16:06.7,2455448.5529,100.0,1.2,H,H,,,,usbdrivereplog_GX349+2.csv,,,Data replog,,,GX349+2,True,IR
ir100629.0232,GX349+2,17:05:44.5,-36:25:22,2010-06-30,04:20:23.9,2455377.6808,100.0,1.03,H,H,,,,usbdrivereplog_GX349+2.csv,,,Data replog,,,GX349+2,True,IR
ir100701.0284,GX349+2,17:05:44.6,-36:25:16,2010-07-02,05:17:05.8,2455379.7202,100.0,1.13,H,H,,,,usbdrivereplog_GX349+2.csv,,,Data replog,,,GX349+2,True,IR
ir100701.0283,GX349+2,17:05:44.6,-36:25:15,2010-07-02,05:15:09.4,2455379.7189,100.0,1.12,H,H,,,,usbdrivereplog_GX349+2.csv,,,Data replog,,,GX349+2,True,IR
ir100630.0196,GX349+2,17:05:44.4,-36:25:20,2010-07-01,03:30:05.0,2455378.6459,100.0,1.01,H,H,,,,usbdrivereplog_GX349+2.csv,,,Data replog,,,GX349+2,True,IR
ir100630.0195,GX349+2,17:05:44.4,-36:25:20,2010-07-01,03:28:08.9,2455378.6445,100.0,1.01,H,H,,,,usbdrivereplog_GX349+2.csv,,,Data replog,,,GX349+2,True,IR
ir100630.0194,GX349+2,17:05:44.4,-36:25:21,2010-07-01,03:26:12.1,2455378.6432,100.0,1.01,H,H,,,,usbdrivereplog_GX349+2.csv,,,Data replog,,,GX349+2,True,IR
ir100630.0193,GX349+2,17:05:44.4,-36:25:22,2010-07-01,03:24:15.3,2455378.6418,100.0,1.01,H,H,,,,usbdrivereplog_GX349+2.csv,,,Data replog,,,GX349+2,True,IR
ir100630.0192,GX349+2,17:05:44.4,-36:25:22,2010-07-01,03:22:19.2,2455378.6405,100.0,1.01,H,H,,,,usbdrivereplog_GX349+2.csv,,,Data replog,,,GX349+2,True,IR
ir100629.0236,GX349+2,17:05:44.7,-36:25:20,2010-06-30,04:28:09.8,2455377.6862,100.0,1.04,H,H,,,,usbdrivereplog_GX349+2.csv,,,Data replog,,,GX349+2,True,IR
ir100629.0235,GX349+2,17:05:44.6,-36:25:20,2010-06-30,04:26:13.8,2455377.6849,100.0,1.04,H,H,,,,usbdrivereplog_GX349+2.csv,,,Data replog,,,GX349+2,True,IR
ir100629.0234,GX349+2,17:05:44.6,-36:25:21,2010-06-30,04:24:17.1,2455377.6835,100.0,1.04,H,H,,,,usbdrivereplog_GX349+2.csv,,,Data replog,,,GX349+2,True,IR
ir100629.0233,GX349+2,17:05:44.5,-36:25:21,2010-06-30,04:22:20.3,2455377.6822,100.0,1.04,H,H,,,,usbdrivereplog_GX349+2.csv,,,Data replog,,,GX349+2,True,IR
ir100628.0256,GX349+2,17:05:44.6,-36:25:21,2010-06-29,04:40:03.6,2455376.6945,100.0,1.05,H,H,,,,usbdrivereplog_GX349+2.csv,,,Data replog,,,GX349+2,True,IR
ir100709.0208,GX349+2,17:05:44.5,-36:25:23,2010-07-10,03:53:27.2,2455387.6621,100.0,1.05,H,H,,,,usbdrivereplog_GX349+2.csv,,,Data replog,,,GX349+2,True,IR
ir100628.0255,GX349+2,17:05:44.6,-36:25:21,2010-06-29,04:38:07.5,2455376.6932,100.0,1.05,H,H,,,,usbdrivereplog_GX349+2.csv,,,Data replog,,,GX349+2,True,IR
ir100628.0254,GX349+2,17:05:44.5,-36:25:22,2010-06-29,04:36:11.1,2455376.6918,100.0,1.05,H,H,,,,usbdrivereplog_GX349+2.csv,,,Data replog,,,GX349+2,True,IR
ir100628.0253,GX349+2,17:05:44.5,-36:25:22,2010-06-29,04:34:14.3,2455376.6905,100.0,1.04,H,H,,,,usbdrivereplog_GX349+2.csv,,,Data replog,,,GX349+2,True,IR
ir100628.0252,GX349+2,17:05:44.5,-36:25:22,2010-06-29,04:32:17.9,2455376.6891,100.0,1.04,H,H,,,,usbdrivereplog_GX349+2.csv,,,Data replog,,,GX349+2,True,IR
ir100627.0148,GX349+2,17:05:44.5,-36:25:23,2010-06-28,01:59:18.1,2455375.5828,100.0,1.06,H,H,,,,usbdrivereplog_GX349+2.csv,,,Data replog,,,GX349+2,True,IR
ir100627.0147,GX349+2,17:05:44.5,-36:25:23,2010-06-28,01:57:21.6,2455375.5815,100.0,1.06,H,H,,,,usbdrivereplog_GX349+2.csv,,,Data replog,,,GX349+2,True,IR
ir100627.0146,GX349+2,17:05:44.4,-36:25:22,2010-06-28,01:55:25.0,2455375.5801,100.0,1.06,H,H,,,,usbdrivereplog_GX349+2.csv,,,Data replog,,,GX349+2,True,IR
ir100627.0145,GX349+2,17:05:44.4,-36:25:22,2010-06-28,01:53:28.5,2455375.5788,100.0,1.07,H,H,,,,usbdrivereplog_GX349+2.csv,,,Data replog,,,GX349+2,True,IR
ir100627.0144,GX349+2,17:05:44.5,-36:25:22,2010-06-28,01:51:32.4,2455375.5775,100.0,1.07,H,H,,,,usbdrivereplog_GX349+2.csv,,,Data replog,,,GX349+2,True,IR
ir100626.0249,GX349+2,17:05:44.3,-36:25:22,2010-06-27,05:13:58.0,2455374.718,100.0,1.08,H,H,,,,usbdrivereplog_GX349+2.csv,,,Data replog,,,GX349+2,True,IR
ir100626.0248,GX349+2,17:05:44.3,-36:25:22,2010-06-27,05:12:02.1,2455374.7167,100.0,1.08,H,H,,,,usbdrivereplog_GX349+2.csv,,,Data replog,,,GX349+2,True,IR
ir100701.0285,GX349+2,17:05:44.6,-36:25:16,2010-07-02,05:19:02.6,2455379.7216,100.0,1.13,H,H,,,,usbdrivereplog_GX349+2.csv,,,Data replog,,,GX349+2,True,IR
ir100701.0286,GX349+2,17:05:44.6,-36:25:16,2010-07-02,05:20:59.4,2455379.7229,100.0,1.13,H,H,,,,usbdrivereplog_GX349+2.csv,,,Data replog,,,GX349+2,True,IR
ir100701.0287,GX349+2,17:05:44.7,-36:25:16,2010-07-02,05:22:55.9,2455379.7243,100.0,1.14,H,H,,,,usbdrivereplog_GX349+2.csv,,,Data replog,,,GX349+2,True,IR
ir100702.0136,GX349+2,17:05:44.1,-36:25:27,2010-07-03,01:59:44.2,2455380.5831,100.0,1.04,H,H,,,,usbdrivereplog_GX349+2.csv,,,Data replog,,,GX349+2,True,IR
ir100709.0207,GX349+2,17:05:44.5,-36:25:23,2010-07-10,03:51:31.1,2455387.6608,100.0,1.04,H,H,,,,usbdrivereplog_GX349+2.csv,,,Data replog,,,GX349+2,True,IR
ir100709.0206,GX349+2,17:05:44.4,-36:25:23,2010-07-10,03:49:34.4,2455387.6594,100.0,1.04,H,H,,,,usbdrivereplog_GX349+2.csv,,,Data replog,,,GX349+2,True,IR
ir100709.0205,GX349+2,17:05:44.3,-36:25:23,2010-07-10,03:47:37.8,2455387.6581,100.0,1.04,H,H,,,,usbdrivereplog_GX349+2.csv,,,Data replog,,,GX349+2,True,IR
ir100709.0204,GX349+2,17:05:44.4,-36:25:22,2010-07-10,03:45:41.3,2455387.6567,100.0,1.04,H,H,,,,usbdrivereplog_GX349+2.csv,,,Data replog,,,GX349+2,True,IR
ir100708.0163,GX349+2,17:05:44.7,-36:25:22,2010-07-09,03:34:57.6,2455386.6493,100.0,1.03,H,H,,,,usbdrivereplog_GX349+2.csv,,,Data replog,,,GX349+2,True,IR
ir100708.0162,GX349+2,17:05:44.6,-36:25:21,2010-07-09,03:33:01.4,2455386.6479,100.0,1.02,H,H,,,,usbdrivereplog_GX349+2.csv,,,Data replog,,,GX349+2,True,IR
ir100708.0161,GX349+2,17:05:44.5,-36:25:21,2010-07-09,03:31:04.8,2455386.6466,100.0,1.02,H,H,,,,usbdrivereplog_GX349+2.csv,,,Data replog,,,GX349+2,True,IR
ir100708.0160,GX349+2,17:05:44.5,-36:25:22,2010-07-09,03:29:07.8,2455386.6452,100.0,1.02,H,H,,,,usbdrivereplog_GX349+2.csv,,,Data replog,,,GX349+2,True,IR
ir100708.0159,GX349+2,17:05:44.5,-36:25:22,2010-07-09,03:27:11.2,2455386.6439,100.0,1.02,H,H,,,,usbdrivereplog_GX349+2.csv,,,Data replog,,,GX349+2,True,IR
ir100704.0114,GX349+2,17:05:43.6,-36:25:29,2010-07-05,02:18:56.1,2455382.5965,100.0,1.02,H,H,,,,usbdrivereplog_GX349+2.csv,,,Data replog,,,GX349+2,True,IR
ir100704.0113,GX349+2,17:05:43.6,-36:25:29,2010-07-05,02:16:59.2,2455382.5951,100.0,1.02,H,H,,,,usbdrivereplog_GX349+2.csv,,,Data replog,,,GX349+2,True,IR
ir100704.0112,GX349+2,17:05:43.6,-36:25:29,2010-07-05,02:15:02.1,2455382.5938,100.0,1.02,H,H,,,,usbdrivereplog_GX349+2.csv,,,Data replog,,,GX349+2,True,IR
ir100704.0111,GX349+2,17:05:43.5,-36:25:29,2010-07-05,02:13:05.0,2455382.5924,100.0,1.02,H,H,,,,usbdrivereplog_GX349+2.csv,,,Data replog,,,GX349+2,True,IR
ir100704.0110,GX349+2,17:05:43.6,-36:25:29,2010-07-05,02:11:08.5,2455382.5911,100.0,1.02,H,H,,,,usbdrivereplog_GX349+2.csv,,,Data replog,,,GX349+2,True,IR
ir100703.0170,GX349+2,17:05:42.8,-36:25:21,2010-07-04,02:56:08.2,2455381.6223,100.0,1.01,H,H,,,,usbdrivereplog_GX349+2.csv,,,Data replog,,,GX349+2,True,IR
ir100703.0169,GX349+2,17:05:42.7,-36:25:21,2010-07-04,02:54:12.0,2455381.621,100.0,1.01,H,H,,,,usbdrivereplog_GX349+2.csv,,,Data replog,,,GX349+2,True,IR
ir100703.0168,GX349+2,17:05:42.7,-36:25:21,2010-07-04,02:52:15.3,2455381.6196,100.0,1.01,H,H,,,,usbdrivereplog_GX349+2.csv,,,Data replog,,,GX349+2,True,IR
ir100703.0167,GX349+2,17:05:42.6,-36:25:21,2010-07-04,02:50:18.5,2455381.6183,100.0,1.01,H,H,,,,usbdrivereplog_GX349+2.csv,,,Data replog,,,GX349+2,True,IR
ir100703.0166,GX349+2,17:05:42.6,-36:25:21,2010-07-04,02:48:22.0,2455381.6169,100.0,1.01,H,H,,,,usbdrivereplog_GX349+2.csv,,,Data replog,,,GX349+2,True,IR
ir100702.0140,GX349+2,17:05:44.2,-36:25:25,2010-07-03,02:07:30.3,2455380.5885,100.0,1.03,H,H,,,,usbdrivereplog_GX349+2.csv,,,Data replog,,,GX349+2,True,IR
ir100702.0139,GX349+2,17:05:44.1,-36:25:25,2010-07-03,02:05:33.8,2455380.5872,100.0,1.03,H,H,,,,usbdrivereplog_GX349+2.csv,,,Data replog,,,GX349+2,True,IR
ir100702.0138,GX349+2,17:05:44.1,-36:25:26,2010-07-03,02:03:37.4,2455380.5858,100.0,1.03,H,H,,,,usbdrivereplog_GX349+2.csv,,,Data replog,,,GX349+2,True,IR
ir100702.0137,GX349+2,17:05:44.1,-36:25:26,2010-07-03,02:01:40.7,2455380.5845,100.0,1.03,H,H,,,,usbdrivereplog_GX349+2.csv,,,Data replog,,,GX349+2,True,IR
ir100802.0223,GX349+2,17:05:43.0,-36:25:25,2010-08-03,05:05:08.1,2455411.7119,100.0,1.56,H,H,,,,usbdrivereplog_GX349+2.csv,,,Data replog,,,GX349+2,True,IR
ir100803.0160,GX349+2,17:05:43.5,-36:25:15,2010-08-04,02:07:23.7,2455412.5885,100.0,1.04,H,H,,,,usbdrivereplog_GX349+2.csv,,,Data replog,,,GX349+2,True,IR
ir100803.0161,GX349+2,17:05:43.6,-36:25:15,2010-08-04,02:09:19.8,2455412.5898,100.0,1.04,H,H,,,,usbdrivereplog_GX349+2.csv,,,Data replog,,,GX349+2,True,IR
ir100828.0148,GX349+2,17:05:44.6,-36:25:06,2010-08-29,02:29:21.4,2455437.6037,100.0,1.3,H,H,,,,usbdrivereplog_GX349+2.csv,,,Data replog,,,GX349+2,True,IR
ir100907.0119,GX349+2,17:05:44.6,-36:25:21,2010-09-08,01:37:37.1,2455447.5678,100.0,1.25,H,H,,,,usbdrivereplog_GX349+2.csv,,,Data replog,,,GX349+2,True,IR
ir100830.0119,GX349+2,17:05:45.1,-36:25:10,2010-08-31,01:41:49.9,2455439.5707,100.0,1.17,H,H,,,,usbdrivereplog_GX349+2.csv,,,Data replog,,,GX349+2,True,IR
ir100830.0118,GX349+2,17:05:45.0,-36:25:10,2010-08-31,01:39:53.7,2455439.5694,100.0,1.17,H,H,,,,usbdrivereplog_GX349+2.csv,,,Data replog,,,GX349+2,True,IR
ir100830.0117,GX349+2,17:05:45.0,-36:25:09,2010-08-31,01:37:57.0,2455439.568,100.0,1.16,H,H,,,,usbdrivereplog_GX349+2.csv,,,Data replog,,,GX349+2,True,IR
ir100830.0116,GX349+2,17:05:45.0,-36:25:09,2010-08-31,01:36:00.4,2455439.5667,100.0,1.16,H,H,,,,usbdrivereplog_GX349+2.csv,,,Data replog,,,GX349+2,True,IR
ir100830.0115,GX349+2,17:05:44.9,-36:25:09,2010-08-31,01:34:04.2,2455439.5653,100.0,1.15,H,H,,,,usbdrivereplog_GX349+2.csv,,,Data replog,,,GX349+2,True,IR
ir100829.0135,GX349+2,17:05:44.8,-36:25:18,2010-08-30,02:00:35.3,2455438.5838,100.0,1.21,H,H,,,,usbdrivereplog_GX349+2.csv,,,Data replog,,,GX349+2,True,IR
ir100829.0134,GX349+2,17:05:44.8,-36:25:19,2010-08-30,01:58:39.4,2455438.5824,100.0,1.21,H,H,,,,usbdrivereplog_GX349+2.csv,,,Data replog,,,GX349+2,True,IR
ir100829.0133,GX349+2,17:05:44.8,-36:25:19,2010-08-30,01:56:42.7,2455438.5811,100.0,1.2,H,H,,,,usbdrivereplog_GX349+2.csv,,,Data replog,,,GX349+2,True,IR
ir100829.0132,GX349+2,17:05:44.8,-36:25:19,2010-08-30,01:54:46.2,2455438.5797,100.0,1.2,H,H,,,,usbdrivereplog_GX349+2.csv,,,Data replog,,,GX349+2,True,IR
ir100829.0131,GX349+2,17:05:44.7,-36:25:19,2010-08-30,01:52:50.0,2455438.5784,100.0,1.19,H,H,,,,usbdrivereplog_GX349+2.csv,,,Data replog,,,GX349+2,True,IR
ir100828.0147,GX349+2,17:05:44.7,-36:25:05,2010-08-29,02:27:25.4,2455437.6024,100.0,1.29,H,H,,,,usbdrivereplog_GX349+2.csv,,,Data replog,,,GX349+2,True,IR
ir100803.0162,GX349+2,17:05:43.7,-36:25:15,2010-08-04,02:11:16.3,2455412.5912,100.0,1.04,H,H,,,,usbdrivereplog_GX349+2.csv,,,Data replog,,,GX349+2,True,IR
ir100828.0146,GX349+2,17:05:44.7,-36:25:05,2010-08-29,02:25:28.7,2455437.601,100.0,1.28,H,H,,,,usbdrivereplog_GX349+2.csv,,,Data replog,,,GX349+2,True,IR
ir100828.0145,GX349+2,17:05:44.8,-36:25:05,2010-08-29,02:23:32.1,2455437.5997,100.0,1.28,H,H,,,,usbdrivereplog_GX349+2.csv,,,Data replog,,,GX349+2,True,IR
ir100828.0144,GX349+2,17:05:44.8,-36:25:05,2010-08-29,02:21:36.0,2455437.5983,100.0,1.27,H,H,,,,usbdrivereplog_GX349+2.csv,,,Data replog,,,GX349+2,True,IR
ir100827.0104,GX349+2,17:05:44.7,-36:25:10,2010-08-28,01:33:16.3,2455436.5648,100.0,1.13,H,H,,,,usbdrivereplog_GX349+2.csv,,,Data replog,,,GX349+2,True,IR
ir100827.0103,GX349+2,17:05:44.6,-36:25:09,2010-08-28,01:31:20.1,2455436.5634,100.0,1.12,H,H,,,,usbdrivereplog_GX349+2.csv,,,Data replog,,,GX349+2,True,IR
ir100827.0102,GX349+2,17:05:44.6,-36:25:09,2010-08-28,01:29:23.6,2455436.5621,100.0,1.12,H,H,,,,usbdrivereplog_GX349+2.csv,,,Data replog,,,GX349+2,True,IR
ir100827.0101,GX349+2,17:05:44.6,-36:25:09,2010-08-28,01:27:27.0,2455436.5607,100.0,1.12,H,H,,,,usbdrivereplog_GX349+2.csv,,,Data replog,,,GX349+2,True,IR
ir100827.0100,GX349+2,17:05:44.6,-36:25:09,2010-08-28,01:25:30.8,2455436.5594,100.0,1.11,H,H,,,,usbdrivereplog_GX349+2.csv,,,Data replog,,,GX349+2,True,IR
ir100826.0182,GX349+2,17:05:42.9,-36:25:17,2010-08-27,03:23:06.3,2455435.641,100.0,1.52,H,H,,,,usbdrivereplog_GX349+2.csv,,,Data replog,,,GX349+2,True,IR
ir100826.0181,GX349+2,17:05:42.9,-36:25:18,2010-08-27,03:21:10.2,2455435.6397,100.0,1.5,H,H,,,,usbdrivereplog_GX349+2.csv,,,Data replog,,,GX349+2,True,IR
ir100826.0180,GX349+2,17:05:42.9,-36:25:17,2010-08-27,03:19:13.6,2455435.6384,100.0,1.49,H,H,,,,usbdrivereplog_GX349+2.csv,,,Data replog,,,GX349+2,True,IR
ir100907.0120,GX349+2,17:05:44.5,-36:25:21,2010-09-08,01:39:33.2,2455447.5691,100.0,1.26,H,H,,,,usbdrivereplog_GX349+2.csv,,,Data replog,,,GX349+2,True,IR
ir100907.0121,GX349+2,17:05:44.4,-36:25:21,2010-09-08,01:41:29.7,2455447.5705,100.0,1.27,H,H,,,,usbdrivereplog_GX349+2.csv,,,Data replog,,,GX349+2,True,IR
ir100907.0122,GX349+2,17:05:44.3,-36:25:20,2010-09-08,01:43:26.2,2455447.5718,100.0,1.27,H,H,,,,usbdrivereplog_GX349+2.csv,,,Data replog,,,GX349+2,True,IR
ir100907.0123,GX349+2,17:05:44.3,-36:25:20,2010-09-08,01:45:22.2,2455447.5732,100.0,1.28,H,H,,,,usbdrivereplog_GX349+2.csv,,,Data replog,,,GX349+2,True,IR
ir100908.0105,GX349+2,17:05:44.6,-36:25:21,2010-09-09,01:14:10.1,2455448.5515,100.0,1.19,H,H,,,,usbdrivereplog_GX349+2.csv,,,Data replog,,,GX349+2,True,IR
ir100908.0104,GX349+2,17:05:44.6,-36:25:20,2010-09-09,01:12:13.5,2455448.5502,100.0,1.19,H,H,,,,usbdrivereplog_GX349+2.csv,,,Data replog,,,GX349+2,True,IR
ir100908.0103,GX349+2,17:05:44.5,-36:25:20,2010-09-09,01:10:17.4,2455448.5488,100.0,1.18,H,H,,,,usbdrivereplog_GX349+2.csv,,,Data replog,,,GX349+2,True,IR
ir100906.0141,GX349+2,17:05:44.5,-36:25:24,2010-09-07,02:22:41.6,2455446.5991,100.0,1.42,H,H,,,,usbdrivereplog_GX349+2.csv,,,Data replog,,,GX349+2,True,IR
ir100906.0140,GX349+2,17:05:44.4,-36:25:23,2010-09-07,02:20:45.7,2455446.5978,100.0,1.41,H,H,,,,usbdrivereplog_GX349+2.csv,,,Data replog,,,GX349+2,True,IR
ir100906.0139,GX349+2,17:05:44.4,-36:25:23,2010-09-07,02:18:49.1,2455446.5964,100.0,1.4,H,H,,,,usbdrivereplog_GX349+2.csv,,,Data replog,,,GX349+2,True,IR
ir100906.0138,GX349+2,17:05:44.4,-36:25:22,2010-09-07,02:16:52.5,2455446.5951,100.0,1.39,H,H,,,,usbdrivereplog_GX349+2.csv,,,Data replog,,,GX349+2,True,IR
ir100906.0137,GX349+2,17:05:44.4,-36:25:22,2010-09-07,02:14:56.4,2455446.5937,100.0,1.38,H,H,,,,usbdrivereplog_GX349+2.csv,,,Data replog,,,GX349+2,True,IR
ir100905.0087,GX349+2,17:05:44.5,-36:25:23,2010-09-06,00:59:15.3,2455445.5411,100.0,1.13,H,H,,,,usbdrivereplog_GX349+2.csv,,,Data replog,,,GX349+2,True,IR
ir100905.0086,GX349+2,17:05:44.4,-36:25:23,2010-09-06,00:57:19.1,2455445.5398,100.0,1.13,H,H,,,,usbdrivereplog_GX349+2.csv,,,Data replog,,,GX349+2,True,IR
ir100905.0085,GX349+2,17:05:44.4,-36:25:22,2010-09-06,00:55:22.2,2455445.5385,100.0,1.12,H,H,,,,usbdrivereplog_GX349+2.csv,,,Data replog,,,GX349+2,True,IR
ir100905.0084,GX349+2,17:05:44.4,-36:25:22,2010-09-06,00:53:25.4,2455445.5371,100.0,1.12,H,H,,,,usbdrivereplog_GX349+2.csv,,,Data replog,,,GX349+2,True,IR
ir100905.0083,GX349+2,17:05:44.4,-36:25:22,2010-09-06,00:51:29.1,2455445.5358,100.0,1.11,H,H,,,,usbdrivereplog_GX349+2.csv,,,Data replog,,,GX349+2,True,IR
ir100904.0049,GX349+2,17:05:44.7,-36:25:24,2010-09-05,02:02:54.2,2455444.5853,100.0,1.3,H,H,,,,usbdrivereplog_GX349+2.csv,,,Data replog,,,GX349+2,True,IR
ir100904.0048,GX349+2,17:05:44.8,-36:25:24,2010-09-05,02:00:58.0,2455444.584,100.0,1.29,H,H,,,,usbdrivereplog_GX349+2.csv,,,Data replog,,,GX349+2,True,IR
ir100904.0047,GX349+2,17:05:44.8,-36:25:24,2010-09-05,01:59:01.3,2455444.5827,100.0,1.29,H,H,,,,usbdrivereplog_GX349+2.csv,,,Data replog,,,GX349+2,True,IR
ir100904.0046,GX349+2,17:05:44.8,-36:25:23,2010-09-05,01:57:04.4,2455444.5813,100.0,1.28,H,H,,,,usbdrivereplog_GX349+2.csv,,,Data replog,,,GX349+2,True,IR
ir100904.0045,GX349+2,17:05:44.9,-36:25:23,2010-09-05,01:55:08.1,2455444.58,100.0,1.27,H,H,,,,usbdrivereplog_GX349+2.csv,,,Data replog,,,GX349+2,True,IR
ir100826.0179,GX349+2,17:05:42.9,-36:25:17,2010-08-27,03:17:16.9,2455435.637,100.0,1.48,H,H,,,,usbdrivereplog_GX349+2.csv,,,Data replog,,,GX349+2,True,IR
ir100826.0178,GX349+2,17:05:42.9,-36:25:17,2010-08-27,03:15:20.9,2455435.6357,100.0,1.47,H,H,,,,usbdrivereplog_GX349+2.csv,,,Data replog,,,GX349+2,True,IR
ir100824.0158,GX349+2,17:05:44.6,-36:25:24,2010-08-25,02:07:46.9,2455433.5887,100.0,1.18,H,H,,,,usbdrivereplog_GX349+2.csv,,,Data replog,,,GX349+2,True,IR
ir100814.0139,GX349+2,17:05:44.3,-36:25:08,2010-08-15,02:01:29.4,2455423.5844,100.0,1.09,H,H,,,,usbdrivereplog_GX349+2.csv,,,Data replog,,,GX349+2,True,IR
ir100814.0137,GX349+2,17:05:44.3,-36:25:08,2010-08-15,01:57:36.5,2455423.5817,100.0,1.08,H,H,,,,usbdrivereplog_GX349+2.csv,,,Data replog,,,GX349+2,True,IR
ir100809.0070,GX349+2,17:05:44.3,-36:25:23,2010-08-10,02:26:14.4,2455418.6016,100.0,1.09,H,H,,,,usbdrivereplog_GX349+2.csv,,,Data replog,,,GX349+2,True,IR
ir100809.0069,GX349+2,17:05:44.4,-36:25:23,2010-08-10,02:24:18.5,2455418.6002,100.0,1.09,H,H,,,,usbdrivereplog_GX349+2.csv,,,Data replog,,,GX349+2,True,IR
ir100809.0068,GX349+2,17:05:44.3,-36:25:23,2010-08-10,02:22:22.0,2455418.5989,100.0,1.09,H,H,,,,usbdrivereplog_GX349+2.csv,,,Data replog,,,GX349+2,True,IR
ir100809.0067,GX349+2,17:05:44.4,-36:25:23,2010-08-10,02:20:25.6,2455418.5975,100.0,1.08,H,H,,,,usbdrivereplog_GX349+2.csv,,,Data replog,,,GX349+2,True,IR
ir100809.0066,GX349+2,17:05:44.4,-36:25:24,2010-08-10,02:18:29.6,2455418.5962,100.0,1.08,H,H,,,,usbdrivereplog_GX349+2.csv,,,Data replog,,,GX349+2,True,IR
ir100808.0164,GX349+2,17:05:44.6,-36:25:23,2010-08-09,03:15:56.1,2455417.6361,100.0,1.19,H,H,,,,usbdrivereplog_GX349+2.csv,,,Data replog,,,GX349+2,True,IR
ir100808.0163,GX349+2,17:05:44.5,-36:25:23,2010-08-09,03:13:59.5,2455417.6347,100.0,1.19,H,H,,,,usbdrivereplog_GX349+2.csv,,,Data replog,,,GX349+2,True,IR
ir100808.0162,GX349+2,17:05:44.4,-36:25:23,2010-08-09,03:12:02.9,2455417.6334,100.0,1.18,H,H,,,,usbdrivereplog_GX349+2.csv,,,Data replog,,,GX349+2,True,IR
ir100808.0161,GX349+2,17:05:44.4,-36:25:22,2010-08-09,03:10:06.3,2455417.632,100.0,1.18,H,H,,,,usbdrivereplog_GX349+2.csv,,,Data replog,,,GX349+2,True,IR
ir100808.0160,GX349+2,17:05:44.5,-36:25:22,2010-08-09,03:08:10.1,2455417.6307,100.0,1.17,H,H,,,,usbdrivereplog_GX349+2.csv,,,Data replog,,,GX349+2,True,IR
ir100805.0120,GX349+2,17:05:44.5,-36:25:24,2010-08-06,02:06:14.9,2455414.5877,100.0,1.04,H,H,,,,usbdrivereplog_GX349+2.csv,,,Data replog,,,GX349+2,True,IR
ir100805.0119,GX349+2,17:05:44.5,-36:25:23,2010-08-06,02:04:18.9,2455414.5863,100.0,1.04,H,H,,,,usbdrivereplog_GX349+2.csv,,,Data replog,,,GX349+2,True,IR
ir100805.0118,GX349+2,17:05:44.5,-36:25:23,2010-08-06,02:02:22.3,2455414.585,100.0,1.04,H,H,,,,usbdrivereplog_GX349+2.csv,,,Data replog,,,GX349+2,True,IR
ir100805.0117,GX349+2,17:05:44.4,-36:25:23,2010-08-06,02:00:25.7,2455414.5836,100.0,1.04,H,H,,,,usbdrivereplog_GX349+2.csv,,,Data replog,,,GX349+2,True,IR
ir100805.0116,GX349+2,17:05:44.5,-36:25:22,2010-08-06,01:58:29.7,2455414.5823,100.0,1.04,H,H,,,,usbdrivereplog_GX349+2.csv,,,Data replog,,,GX349+2,True,IR
ir100804.0212,GX349+2,17:05:44.5,-36:25:21,2010-08-05,03:14:59.7,2455413.6354,100.0,1.15,H,H,,,,usbdrivereplog_GX349+2.csv,,,Data replog,,,GX349+2,True,IR
ir100804.0211,GX349+2,17:05:44.4,-36:25:20,2010-08-05,03:13:03.6,2455413.6341,100.0,1.15,H,H,,,,usbdrivereplog_GX349+2.csv,,,Data replog,,,GX349+2,True,IR
ir100804.0210,GX349+2,17:05:44.4,-36:25:20,2010-08-05,03:11:07.1,2455413.6327,100.0,1.14,H,H,,,,usbdrivereplog_GX349+2.csv,,,Data replog,,,GX349+2,True,IR
ir100804.0209,GX349+2,17:05:44.4,-36:25:20,2010-08-05,03:09:10.6,2455413.6314,100.0,1.14,H,H,,,,usbdrivereplog_GX349+2.csv,,,Data replog,,,GX349+2,True,IR
ir100804.0208,GX349+2,17:05:44.4,-36:25:20,2010-08-05,03:07:14.6,2455413.63,100.0,1.13,H,H,,,,usbdrivereplog_GX349+2.csv,,,Data replog,,,GX349+2,True,IR
ir100803.0164,GX349+2,17:05:43.7,-36:25:16,2010-08-04,02:15:08.9,2455412.5938,100.0,1.05,H,H,,,,usbdrivereplog_GX349+2.csv,,,Data replog,,,GX349+2,True,IR
ir100803.0163,GX349+2,17:05:43.7,-36:25:16,2010-08-04,02:13:12.6,2455412.5925,100.0,1.04,H,H,,,,usbdrivereplog_GX349+2.csv,,,Data replog,,,GX349+2,True,IR
ir100814.0138,GX349+2,17:05:44.3,-36:25:08,2010-08-15,01:59:32.7,2455423.583,100.0,1.08,H,H,,,,usbdrivereplog_GX349+2.csv,,,Data replog,,,GX349+2,True,IR
ir100814.0140,GX349+2,17:05:44.3,-36:25:08,2010-08-15,02:03:26.0,2455423.5857,100.0,1.09,H,H,,,,usbdrivereplog_GX349+2.csv,,,Data replog,,,GX349+2,True,IR
ir100824.0157,GX349+2,17:05:44.5,-36:25:24,2010-08-25,02:05:50.8,2455433.5874,100.0,1.17,H,H,,,,usbdrivereplog_GX349+2.csv,,,Data replog,,,GX349+2,True,IR
ir100814.0141,GX349+2,17:05:44.3,-36:25:08,2010-08-15,02:05:22.0,2455423.5871,100.0,1.09,H,H,,,,usbdrivereplog_GX349+2.csv,,,Data replog,,,GX349+2,True,IR
ir100824.0156,GX349+2,17:05:44.4,-36:25:24,2010-08-25,02:03:54.3,2455433.5861,100.0,1.17,H,H,,,,usbdrivereplog_GX349+2.csv,,,Data replog,,,GX349+2,True,IR
ir100824.0155,GX349+2,17:05:44.5,-36:25:23,2010-08-25,02:01:57.7,2455433.5847,100.0,1.16,H,H,,,,usbdrivereplog_GX349+2.csv,,,Data replog,,,GX349+2,True,IR
ir100824.0154,GX349+2,17:05:44.5,-36:25:23,2010-08-25,02:00:01.7,2455433.5834,100.0,1.16,H,H,,,,usbdrivereplog_GX349+2.csv,,,Data replog,,,GX349+2,True,IR
ir100821.0137,GX349+2,17:05:44.5,-36:25:24,2010-08-22,02:07:00.5,2455430.5882,100.0,1.15,H,H,,,,usbdrivereplog_GX349+2.csv,,,Data replog,,,GX349+2,True,IR
ir100821.0136,GX349+2,17:05:44.5,-36:25:24,2010-08-22,02:05:04.4,2455430.5869,100.0,1.14,H,H,,,,usbdrivereplog_GX349+2.csv,,,Data replog,,,GX349+2,True,IR
ir100821.0135,GX349+2,17:05:44.4,-36:25:23,2010-08-22,02:03:08.0,2455430.5855,100.0,1.14,H,H,,,,usbdrivereplog_GX349+2.csv,,,Data replog,,,GX349+2,True,IR
ir100821.0134,GX349+2,17:05:44.4,-36:25:23,2010-08-22,02:01:11.5,2455430.5842,100.0,1.14,H,H,,,,usbdrivereplog_GX349+2.csv,,,Data replog,,,GX349+2,True,IR
ir100821.0133,GX349+2,17:05:44.5,-36:25:22,2010-08-22,01:59:15.5,2455430.5828,100.0,1.13,H,H,,,,usbdrivereplog_GX349+2.csv,,,Data replog,,,GX349+2,True,IR
ir100820.0062,GX349+2,17:05:44.4,-36:25:24,2010-08-21,00:14:04.5,2455429.5098,100.0,1.01,H,H,,,,usbdrivereplog_GX349+2.csv,,,Data replog,,,GX349+2,True,IR
ir100820.0061,GX349+2,17:05:44.4,-36:25:24,2010-08-21,00:12:08.4,2455429.5084,100.0,1.01,H,H,,,,usbdrivereplog_GX349+2.csv,,,Data replog,,,GX349+2,True,IR
ir100820.0060,GX349+2,17:05:44.4,-36:25:24,2010-08-21,00:10:11.8,2455429.5071,100.0,1.01,H,H,,,,usbdrivereplog_GX349+2.csv,,,Data replog,,,GX349+2,True,IR
ir100820.0059,GX349+2,17:05:44.4,-36:25:24,2010-08-21,00:08:15.2,2455429.5057,100.0,1.01,H,H,,,,usbdrivereplog_GX349+2.csv,,,Data replog,,,GX349+2,True,IR
ir100820.0058,GX349+2,17:05:44.4,-36:25:23,2010-08-21,00:06:19.1,2455429.5044,100.0,1.01,H,H,,,,usbdrivereplog_GX349+2.csv,,,Data replog,,,GX349+2,True,IR
ir100819dark.0154,GX349+2,17:05:44.6,-36:25:25,2010-08-20,02:11:39.2,2455428.5914,100.0,1.14,H,H,,,,usbdrivereplog_GX349+2.csv,,,Data replog,,,GX349+2,True,IR
ir100819dark.0153,GX349+2,17:05:44.5,-36:25:24,2010-08-20,02:09:43.1,2455428.5901,100.0,1.14,H,H,,,,usbdrivereplog_GX349+2.csv,,,Data replog,,,GX349+2,True,IR
ir100819dark.0152,GX349+2,17:05:44.5,-36:25:23,2010-08-20,02:07:46.6,2455428.5887,100.0,1.13,H,H,,,,usbdrivereplog_GX349+2.csv,,,Data replog,,,GX349+2,True,IR
ir100819dark.0151,GX349+2,17:05:44.4,-36:25:23,2010-08-20,02:05:49.9,2455428.5874,100.0,1.13,H,H,,,,usbdrivereplog_GX349+2.csv,,,Data replog,,,GX349+2,True,IR
ir100819dark.0150,GX349+2,17:05:44.5,-36:25:22,2010-08-20,02:03:53.8,2455428.586,100.0,1.13,H,H,,,,usbdrivereplog_GX349+2.csv,,,Data replog,,,GX349+2,True,IR
ir100816.0121,GX349+2,17:05:44.7,-36:25:08,2010-08-17,01:32:02.3,2455425.5639,100.0,1.06,H,H,,,,usbdrivereplog_GX349+2.csv,,,Data replog,,,GX349+2,True,IR
ir100816.0120,GX349+2,17:05:44.6,-36:25:08,2010-08-17,01:30:06.2,2455425.5626,100.0,1.05,H,H,,,,usbdrivereplog_GX349+2.csv,,,Data replog,,,GX349+2,True,IR
ir100816.0119,GX349+2,17:05:44.6,-36:25:08,2010-08-17,01:28:09.4,2455425.5612,100.0,1.05,H,H,,,,usbdrivereplog_GX349+2.csv,,,Data replog,,,GX349+2,True,IR
ir100816.0118,GX349+2,17:05:44.6,-36:25:08,2010-08-17,01:26:12.8,2455425.5599,100.0,1.05,H,H,,,,usbdrivereplog_GX349+2.csv,,,Data replog,,,GX349+2,True,IR
ir100816.0117,GX349+2,17:05:44.5,-36:25:08,2010-08-17,01:24:16.9,2455425.5585,100.0,1.05,H,H,,,,usbdrivereplog_GX349+2.csv,,,Data replog,,,GX349+2,True,IR
ir080808.0051,GX349+2,17:05:44.1,-36:25:22,2008-08-09,03:39:26.3,2454687.6524,100.0,1.27,H,H,,,,missingreplog_GX349+2.csv,,,Data replog,,,GX349+2,True,IR
ir080812.0134,GX349+2,17:05:44.4,-36:25:23,2008-08-13,03:54:21.2,2454691.6628,100.0,1.4,H,H,,,,missingreplog_GX349+2.csv,,,Data replog,,,GX349+2,True,IR
ir080812.0133,GX349+2,17:05:44.5,-36:25:22,2008-08-13,03:52:24.6,2454691.6614,100.0,1.39,H,H,,,,missingreplog_GX349+2.csv,,,Data replog,,,GX349+2,True,IR
ir080809.0238,GX349+2,17:05:44.4,-36:25:22,2008-08-10,04:59:28.0,2454688.708,100.0,1.74,H,H,,,,missingreplog_GX349+2.csv,,,Data replog,,,GX349+2,True,IR
ir080809.0237,GX349+2,17:05:44.4,-36:25:22,2008-08-10,04:57:31.4,2454688.7066,100.0,1.72,H,H,,,,missingreplog_GX349+2.csv,,,Data replog,,,GX349+2,True,IR
ir080809.0236,GX349+2,17:05:44.4,-36:25:22,2008-08-10,04:55:34.6,2454688.7053,100.0,1.71,H,H,,,,missingreplog_GX349+2.csv,,,Data replog,,,GX349+2,True,IR
ir080809.0235,GX349+2,17:05:44.4,-36:25:22,2008-08-10,04:53:37.7,2454688.7039,100.0,1.69,H,H,,,,missingreplog_GX349+2.csv,,,Data replog,,,GX349+2,True,IR
ir080809.0234,GX349+2,17:05:44.4,-36:25:22,2008-08-10,04:51:41.2,2454688.7026,100.0,1.68,H,H,,,,missingreplog_GX349+2.csv,,,Data replog,,,GX349+2,True,IR
ir080808.0055,GX349+2,17:05:43.9,-36:25:23,2008-08-09,03:47:13.0,2454687.6578,100.0,1.3,H,H,,,,missingreplog_GX349+2.csv,,,Data replog,,,GX349+2,True,IR
ir080808.0054,GX349+2,17:05:43.9,-36:25:23,2008-08-09,03:45:16.5,2454687.6565,100.0,1.29,H,H,,,,missingreplog_GX349+2.csv,,,Data replog,,,GX349+2,True,IR
ir080808.0053,GX349+2,17:05:44.0,-36:25:23,2008-08-09,03:43:19.9,2454687.6551,100.0,1.29,H,H,,,,missingreplog_GX349+2.csv,,,Data replog,,,GX349+2,True,IR
ir080808.0052,GX349+2,17:05:44.0,-36:25:22,2008-08-09,03:41:22.9,2454687.6537,100.0,1.28,H,H,,,,missingreplog_GX349+2.csv,,,Data replog,,,GX349+2,True,IR
ir080807.0157,GX349+2,17:05:44.4,-36:25:23,2008-08-08,04:49:14.7,2454686.7009,100.0,1.6,H,H,,,,missingreplog_GX349+2.csv,,,Data replog,,,GX349+2,True,IR
ir080812.0136,GX349+2,17:05:44.4,-36:25:23,2008-08-13,03:58:15.0,2454691.6655,100.0,1.42,H,H,,,,missingreplog_GX349+2.csv,,,Data replog,,,GX349+2,True,IR
ir080807.0156,GX349+2,17:05:44.4,-36:25:23,2008-08-08,04:47:18.6,2454686.6995,100.0,1.59,H,H,,,,missingreplog_GX349+2.csv,,,Data replog,,,GX349+2,True,IR
ir080807.0155,GX349+2,17:05:44.4,-36:25:22,2008-08-08,04:45:21.6,2454686.6982,100.0,1.58,H,H,,,,missingreplog_GX349+2.csv,,,Data replog,,,GX349+2,True,IR
ir080807.0154,GX349+2,17:05:44.4,-36:25:22,2008-08-08,04:43:24.7,2454686.6968,100.0,1.56,H,H,,,,missingreplog_GX349+2.csv,,,Data replog,,,GX349+2,True,IR
ir080807.0153,GX349+2,17:05:44.4,-36:25:22,2008-08-08,04:41:28.2,2454686.6955,100.0,1.55,H,H,,,,missingreplog_GX349+2.csv,,,Data replog,,,GX349+2,True,IR
ir080805.0177,GX349+2,17:05:43.5,-36:25:13,2008-08-06,02:48:42.3,2454684.6171,100.0,1.11,H,H,,,,missingreplog_GX349+2.csv,,,Data replog,,,GX349+2,True,IR
ir080805.0176,GX349+2,17:05:43.5,-36:25:13,2008-08-06,02:46:46.0,2454684.6158,100.0,1.11,H,H,,,,missingreplog_GX349+2.csv,,,Data replog,,,GX349+2,True,IR
ir080805.0175,GX349+2,17:05:43.5,-36:25:13,2008-08-06,02:44:49.3,2454684.6145,100.0,1.1,H,H,,,,missingreplog_GX349+2.csv,,,Data replog,,,GX349+2,True,IR
ir080805.0174,GX349+2,17:05:43.5,-36:25:13,2008-08-06,02:42:52.6,2454684.6131,100.0,1.1,H,H,,,,missingreplog_GX349+2.csv,,,Data replog,,,GX349+2,True,IR
ir080805.0173,GX349+2,17:05:43.6,-36:25:12,2008-08-06,02:40:56.1,2454684.6118,100.0,1.1,H,H,,,,missingreplog_GX349+2.csv,,,Data replog,,,GX349+2,True,IR
ir080804.0169,GX349+2,17:05:42.4,-36:25:24,2008-08-05,04:34:03.5,2454683.6903,100.0,1.44,H,H,,,,missingreplog_GX349+2.csv,,,Data replog,,,GX349+2,True,IR
ir080804.0168,GX349+2,17:05:42.4,-36:25:24,2008-08-05,04:32:06.9,2454683.689,100.0,1.43,H,H,,,,missingreplog_GX349+2.csv,,,Data replog,,,GX349+2,True,IR
ir080812.0135,GX349+2,17:05:44.4,-36:25:23,2008-08-13,03:56:18.2,2454691.6641,100.0,1.41,H,H,,,,missingreplog_GX349+2.csv,,,Data replog,,,GX349+2,True,IR
ir080812.0137,GX349+2,17:05:44.4,-36:25:23,2008-08-13,04:00:11.5,2454691.6668,100.0,1.43,H,H,,,,missingreplog_GX349+2.csv,,,Data replog,,,GX349+2,True,IR
ir080714.0334,GX349+2,17:05:44.4,-36:25:23,2008-07-15,06:51:59.6,2454662.7861,100.0,1.83,H,H,,,,missingreplog_GX349+2.csv,,,Data replog,,,GX349+2,True,IR
ir080820.0109,GX349+2,17:05:43.4,-36:25:38,2008-08-21,04:36:24.6,2454699.6919,100.0,1.93,H,H,,,,missingreplog_GX349+2.csv,,,Data replog,,,GX349+2,True,IR
ir080822.0166,GX349+2,17:05:44.5,-36:25:23,2008-08-23,02:14:41.8,2454701.5935,100.0,1.18,H,H,,,,missingreplog_GX349+2.csv,,,Data replog,,,GX349+2,True,IR
ir080822.0165,GX349+2,17:05:44.5,-36:25:23,2008-08-23,02:12:45.1,2454701.5922,100.0,1.18,H,H,,,,missingreplog_GX349+2.csv,,,Data replog,,,GX349+2,True,IR
ir080822.0164,GX349+2,17:05:44.5,-36:25:23,2008-08-23,02:10:48.1,2454701.5908,100.0,1.17,H,H,,,,missingreplog_GX349+2.csv,,,Data replog,,,GX349+2,True,IR
ir080822.0163,GX349+2,17:05:44.5,-36:25:23,2008-08-23,02:08:51.7,2454701.5895,100.0,1.17,H,H,,,,missingreplog_GX349+2.csv,,,Data replog,,,GX349+2,True,IR
ir080822.0162,GX349+2,17:05:44.4,-36:25:23,2008-08-23,02:06:55.2,2454701.5881,100.0,1.16,H,H,,,,missingreplog_GX349+2.csv,,,Data replog,,,GX349+2,True,IR
ir080821.0187,GX349+2,17:05:44.2,-36:25:13,2008-08-22,02:34:59.2,2454700.6076,100.0,1.23,H,H,,,,missingreplog_GX349+2.csv,,,Data replog,,,GX349+2,True,IR
ir080821.0186,GX349+2,17:05:44.2,-36:25:12,2008-08-22,02:33:02.5,2454700.6063,100.0,1.22,H,H,,,,missingreplog_GX349+2.csv,,,Data replog,,,GX349+2,True,IR
ir080821.0185,GX349+2,17:05:44.2,-36:25:12,2008-08-22,02:31:05.5,2454700.6049,100.0,1.22,H,H,,,,missingreplog_GX349+2.csv,,,Data replog,,,GX349+2,True,IR
ir080821.0184,GX349+2,17:05:44.3,-36:25:12,2008-08-22,02:29:08.6,2454700.6036,100.0,1.21,H,H,,,,missingreplog_GX349+2.csv,,,Data replog,,,GX349+2,True,IR
ir080821.0183,GX349+2,17:05:44.3,-36:25:12,2008-08-22,02:27:12.2,2454700.6022,100.0,1.21,H,H,,,,missingreplog_GX349+2.csv,,,Data replog,,,GX349+2,True,IR
ir080820.0110,GX349+2,17:05:43.4,-36:25:39,2008-08-21,04:38:21.1,2454699.6933,100.0,1.95,H,H,,,,missingreplog_GX349+2.csv,,,Data replog,,,GX349+2,True,IR
ir080820.0108,GX349+2,17:05:43.3,-36:25:38,2008-08-21,04:34:27.8,2454699.6906,100.0,1.91,H,H,,,,missingreplog_GX349+2.csv,,,Data replog,,,GX349+2,True,IR
ir080815.0083,GX349+2,17:05:44.1,-36:25:18,2008-08-16,01:20:17.3,2454694.5557,100.0,1.04,H,H,,,,missingreplog_GX349+2.csv,,,Data replog,,,GX349+2,True,IR
ir080820.0107,GX349+2,17:05:43.3,-36:25:37,2008-08-21,04:32:30.8,2454699.6892,100.0,1.89,H,H,,,,missingreplog_GX349+2.csv,,,Data replog,,,GX349+2,True,IR
ir080820.0106,GX349+2,17:05:43.2,-36:25:37,2008-08-21,04:30:34.2,2454699.6879,100.0,1.87,H,H,,,,missingreplog_GX349+2.csv,,,Data replog,,,GX349+2,True,IR
ir080819.0156,GX349+2,17:05:44.3,-36:25:28,2008-08-20,03:05:44.3,2454698.629,100.0,1.31,H,H,,,,missingreplog_GX349+2.csv,,,Data replog,,,GX349+2,True,IR
ir080819.0155,GX349+2,17:05:44.3,-36:25:28,2008-08-20,03:03:47.1,2454698.6276,100.0,1.3,H,H,,,,missingreplog_GX349+2.csv,,,Data replog,,,GX349+2,True,IR
ir080819.0154,GX349+2,17:05:44.4,-36:25:28,2008-08-20,03:01:49.6,2454698.6263,100.0,1.29,H,H,,,,missingreplog_GX349+2.csv,,,Data replog,,,GX349+2,True,IR
ir080819.0153,GX349+2,17:05:44.4,-36:25:27,2008-08-20,02:59:52.2,2454698.6249,100.0,1.29,H,H,,,,missingreplog_GX349+2.csv,,,Data replog,,,GX349+2,True,IR
ir080819.0152,GX349+2,17:05:44.4,-36:25:27,2008-08-20,02:57:55.0,2454698.6236,100.0,1.28,H,H,,,,missingreplog_GX349+2.csv,,,Data replog,,,GX349+2,True,IR
ir080815.0087,GX349+2,17:05:44.1,-36:25:16,2008-08-16,01:28:04.0,2454694.5612,100.0,1.05,H,H,,,,missingreplog_GX349+2.csv,,,Data replog,,,GX349+2,True,IR
ir080815.0086,GX349+2,17:05:44.1,-36:25:17,2008-08-16,01:26:07.4,2454694.5598,100.0,1.05,H,H,,,,missingreplog_GX349+2.csv,,,Data replog,,,GX349+2,True,IR
ir080815.0085,GX349+2,17:05:44.1,-36:25:17,2008-08-16,01:24:10.6,2454694.5585,100.0,1.04,H,H,,,,missingreplog_GX349+2.csv,,,Data replog,,,GX349+2,True,IR
ir080815.0084,GX349+2,17:05:44.1,-36:25:17,2008-08-16,01:22:13.7,2454694.5571,100.0,1.04,H,H,,,,missingreplog_GX349+2.csv,,,Data replog,,,GX349+2,True,IR
ir080804.0167,GX349+2,17:05:42.4,-36:25:24,2008-08-05,04:30:10.1,2454683.6876,100.0,1.42,H,H,,,,missingreplog_GX349+2.csv,,,Data replog,,,GX349+2,True,IR
ir080804.0166,GX349+2,17:05:42.4,-36:25:24,2008-08-05,04:28:13.2,2454683.6863,100.0,1.41,H,H,,,,missingreplog_GX349+2.csv,,,Data replog,,,GX349+2,True,IR
ir080804.0165,GX349+2,17:05:42.4,-36:25:24,2008-08-05,04:26:16.8,2454683.6849,100.0,1.4,H,H,,,,missingreplog_GX349+2.csv,,,Data replog,,,GX349+2,True,IR
ir080718.0234,GX349+2,17:05:43.4,-36:25:32,2008-07-19,04:18:18.9,2454666.6794,100.0,1.15,H,H,,,,missingreplog_GX349+2.csv,,,Data replog,,,GX349+2,True,IR
ir080724.0168,GX349+2,17:05:44.3,-36:25:23,2008-07-25,04:53:13.6,2454672.7036,100.0,1.33,H,H,,,,missingreplog_GX349+2.csv,,,Data replog,,,GX349+2,True,IR
ir080724.0167,GX349+2,17:05:44.4,-36:25:22,2008-07-25,04:51:17.1,2454672.7023,100.0,1.32,H,H,,,,missingreplog_GX349+2.csv,,,Data replog,,,GX349+2,True,IR
ir080723.0058,GX349+2,17:05:44.0,-36:25:21,2008-07-24,03:50:01.2,2454671.6597,100.0,1.13,H,H,,,,missingreplog_GX349+2.csv,,,Data replog,,,GX349+2,True,IR
ir080723.0057,GX349+2,17:05:44.0,-36:25:20,2008-07-24,03:48:04.9,2454671.6584,100.0,1.13,H,H,,,,missingreplog_GX349+2.csv,,,Data replog,,,GX349+2,True,IR
ir080723.0056,GX349+2,17:05:43.9,-36:25:20,2008-07-24,03:46:08.3,2454671.657,100.0,1.12,H,H,,,,missingreplog_GX349+2.csv,,,Data replog,,,GX349+2,True,IR
ir080723.0055,GX349+2,17:05:43.9,-36:25:19,2008-07-24,03:44:11.6,2454671.6557,100.0,1.12,H,H,,,,missingreplog_GX349+2.csv,,,Data replog,,,GX349+2,True,IR
ir080723.0054,GX349+2,17:05:43.9,-36:25:19,2008-07-24,03:42:15.1,2454671.6543,100.0,1.11,H,H,,,,missingreplog_GX349+2.csv,,,Data replog,,,GX349+2,True,IR
ir080718.0238,GX349+2,17:05:43.4,-36:25:32,2008-07-19,04:26:05.2,2454666.6848,100.0,1.17,H,H,,,,missingreplog_GX349+2.csv,,,Data replog,,,GX349+2,True,IR
ir080718.0237,GX349+2,17:05:43.4,-36:25:32,2008-07-19,04:24:08.8,2454666.6834,100.0,1.16,H,H,,,,missingreplog_GX349+2.csv,,,Data replog,,,GX349+2,True,IR
ir080718.0236,GX349+2,17:05:43.4,-36:25:32,2008-07-19,04:22:12.1,2454666.6821,100.0,1.16,H,H,,,,missingreplog_GX349+2.csv,,,Data replog,,,GX349+2,True,IR
ir080718.0235,GX349+2,17:05:43.4,-36:25:32,2008-07-19,04:20:15.4,2454666.6807,100.0,1.15,H,H,,,,missingreplog_GX349+2.csv,,,Data replog,,,GX349+2,True,IR
ir080717.0137,GX349+2,17:05:43.3,-36:25:19,2008-07-18,04:44:01.6,2454665.6972,100.0,1.2,H,H,,,,missingreplog_GX349+2.csv,,,Data replog,,,GX349+2,True,IR
ir080803.0188,GX349+2,17:05:43.2,-36:25:20,2008-08-04,04:16:10.1,2454682.6779,100.0,1.34,H,H,,,,missingreplog_GX349+2.csv,,,Data replog,,,GX349+2,True,IR
ir080717.0136,GX349+2,17:05:43.4,-36:25:19,2008-07-18,04:42:05.0,2454665.6959,100.0,1.2,H,H,,,,missingreplog_GX349+2.csv,,,Data replog,,,GX349+2,True,IR
ir080717.0135,GX349+2,17:05:43.3,-36:25:20,2008-07-18,04:40:08.1,2454665.6945,100.0,1.19,H,H,,,,missingreplog_GX349+2.csv,,,Data replog,,,GX349+2,True,IR
ir080717.0134,GX349+2,17:05:43.4,-36:25:19,2008-07-18,04:38:11.4,2454665.6932,100.0,1.19,H,H,,,,missingreplog_GX349+2.csv,,,Data replog,,,GX349+2,True,IR
ir080717.0133,GX349+2,17:05:43.4,-36:25:19,2008-07-18,04:36:14.6,2454665.6918,100.0,1.18,H,H,,,,missingreplog_GX349+2.csv,,,Data replog,,,GX349+2,True,IR
ir080716.0229,GX349+2,17:05:44.4,-36:25:22,2008-07-17,05:17:22.8,2454664.7204,100.0,1.3,H,H,,,,missingreplog_GX349+2.csv,,,Data replog,,,GX349+2,True,IR
ir080716.0228,GX349+2,17:05:44.4,-36:25:22,2008-07-17,05:15:26.4,2454664.7191,100.0,1.29,H,H,,,,missingreplog_GX349+2.csv,,,Data replog,,,GX349+2,True,IR
ir080716.0227,GX349+2,17:05:44.4,-36:25:22,2008-07-17,05:13:29.9,2454664.7177,100.0,1.29,H,H,,,,missingreplog_GX349+2.csv,,,Data replog,,,GX349+2,True,IR
ir080716.0226,GX349+2,17:05:44.5,-36:25:22,2008-07-17,05:11:33.1,2454664.7164,100.0,1.28,H,H,,,,missingreplog_GX349+2.csv,,,Data replog,,,GX349+2,True,IR
ir080716.0225,GX349+2,17:05:44.5,-36:25:22,2008-07-17,05:09:36.7,2454664.715,100.0,1.27,H,H,,,,missingreplog_GX349+2.csv,,,Data replog,,,GX349+2,True,IR
ir080714.0337,GX349+2,17:05:44.6,-36:25:25,2008-07-15,06:57:49.5,2454662.7902,100.0,1.89,H,H,,,,missingreplog_GX349+2.csv,,,Data replog,,,GX349+2,True,IR
ir080714.0336,GX349+2,17:05:44.5,-36:25:24,2008-07-15,06:55:53.0,2454662.7888,100.0,1.87,H,H,,,,missingreplog_GX349+2.csv,,,Data replog,,,GX349+2,True,IR
ir080724.0169,GX349+2,17:05:44.3,-36:25:23,2008-07-25,04:55:10.2,2454672.705,100.0,1.34,H,H,,,,missingreplog_GX349+2.csv,,,Data replog,,,GX349+2,True,IR
ir080724.0170,GX349+2,17:05:44.2,-36:25:24,2008-07-25,04:57:07.0,2454672.7063,100.0,1.35,H,H,,,,missingreplog_GX349+2.csv,,,Data replog,,,GX349+2,True,IR
ir080724.0171,GX349+2,17:05:44.2,-36:25:24,2008-07-25,04:59:03.6,2454672.7077,100.0,1.35,H,H,,,,missingreplog_GX349+2.csv,,,Data replog,,,GX349+2,True,IR
ir080726.0230,GX349+2,17:05:44.4,-36:25:22,2008-07-27,05:24:02.5,2454674.725,100.0,1.52,H,H,,,,missingreplog_GX349+2.csv,,,Data replog,,,GX349+2,True,IR
ir080803.0187,GX349+2,17:05:43.2,-36:25:20,2008-08-04,04:14:13.7,2454682.6765,100.0,1.33,H,H,,,,missingreplog_GX349+2.csv,,,Data replog,,,GX349+2,True,IR
ir080803.0186,GX349+2,17:05:43.3,-36:25:20,2008-08-04,04:12:16.8,2454682.6752,100.0,1.32,H,H,,,,missingreplog_GX349+2.csv,,,Data replog,,,GX349+2,True,IR
ir080803.0185,GX349+2,17:05:43.3,-36:25:19,2008-08-04,04:10:20.2,2454682.6738,100.0,1.31,H,H,,,,missingreplog_GX349+2.csv,,,Data replog,,,GX349+2,True,IR
ir080803.0184,GX349+2,17:05:43.4,-36:25:19,2008-08-04,04:08:23.7,2454682.6725,100.0,1.31,H,H,,,,missingreplog_GX349+2.csv,,,Data replog,,,GX349+2,True,IR
ir080802.0180,GX349+2,17:05:42.4,-36:25:38,2008-08-03,04:31:41.3,2454681.6887,100.0,1.39,H,H,,,,missingreplog_GX349+2.csv,,,Data replog,,,GX349+2,True,IR
ir080802.0179,GX349+2,17:05:42.4,-36:25:38,2008-08-03,04:29:44.8,2454681.6873,100.0,1.38,H,H,,,,missingreplog_GX349+2.csv,,,Data replog,,,GX349+2,True,IR
ir080802.0178,GX349+2,17:05:42.4,-36:25:37,2008-08-03,04:27:48.0,2454681.686,100.0,1.37,H,H,,,,missingreplog_GX349+2.csv,,,Data replog,,,GX349+2,True,IR
ir080802.0177,GX349+2,17:05:42.4,-36:25:37,2008-08-03,04:25:51.3,2454681.6846,100.0,1.36,H,H,,,,missingreplog_GX349+2.csv,,,Data replog,,,GX349+2,True,IR
ir080802.0176,GX349+2,17:05:42.5,-36:25:36,2008-08-03,04:23:54.7,2454681.6833,100.0,1.35,H,H,,,,missingreplog_GX349+2.csv,,,Data replog,,,GX349+2,True,IR
ir080730.0113,GX349+2,17:05:44.4,-36:25:19,2008-07-31,04:16:30.1,2454678.6781,100.0,1.28,H,H,,,,missingreplog_GX349+2.csv,,,Data replog,,,GX349+2,True,IR
ir080730.0112,GX349+2,17:05:44.4,-36:25:18,2008-07-31,04:14:33.8,2454678.6768,100.0,1.27,H,H,,,,missingreplog_GX349+2.csv,,,Data replog,,,GX349+2,True,IR
ir080730.0111,GX349+2,17:05:44.4,-36:25:18,2008-07-31,04:12:36.8,2454678.6754,100.0,1.27,H,H,,,,missingreplog_GX349+2.csv,,,Data replog,,,GX349+2,True,IR
ir080730.0110,GX349+2,17:05:44.4,-36:25:18,2008-07-31,04:10:40.0,2454678.6741,100.0,1.26,H,H,,,,missingreplog_GX349+2.csv,,,Data replog,,,GX349+2,True,IR
ir080730.0109,GX349+2,17:05:44.4,-36:25:17,2008-07-31,04:08:43.4,2454678.6727,100.0,1.25,H,H,,,,missingreplog_GX349+2.csv,,,Data replog,,,GX349+2,True,IR
ir080727.0026,GX349+2,17:05:44.4,-36:25:22,2008-07-28,05:03:38.0,2454675.7109,100.0,1.43,H,H,,,,missingreplog_GX349+2.csv,,,Data replog,,,GX349+2,True,IR
ir080727.0025,GX349+2,17:05:44.4,-36:25:22,2008-07-28,05:01:41.6,2454675.7095,100.0,1.42,H,H,,,,missingreplog_GX349+2.csv,,,Data replog,,,GX349+2,True,IR
ir080727.0024,GX349+2,17:05:44.5,-36:25:22,2008-07-28,04:59:44.8,2454675.7082,100.0,1.41,H,H,,,,missingreplog_GX349+2.csv,,,Data replog,,,GX349+2,True,IR
ir080727.0023,GX349+2,17:05:44.4,-36:25:22,2008-07-28,04:57:48.1,2454675.7068,100.0,1.4,H,H,,,,missingreplog_GX349+2.csv,,,Data replog,,,GX349+2,True,IR
ir080727.0022,GX349+2,17:05:44.4,-36:25:22,2008-07-28,04:55:51.9,2454675.7055,100.0,1.39,H,H,,,,missingreplog_GX349+2.csv,,,Data replog,,,GX349+2,True,IR
ir080726.0234,GX349+2,17:05:44.2,-36:25:22,2008-07-27,05:31:49.1,2454674.7304,100.0,1.57,H,H,,,,missingreplog_GX349+2.csv,,,Data replog,,,GX349+2,True,IR
ir080726.0233,GX349+2,17:05:44.2,-36:25:22,2008-07-27,05:29:52.7,2454674.7291,100.0,1.56,H,H,,,,missingreplog_GX349+2.csv,,,Data replog,,,GX349+2,True,IR
ir080726.0232,GX349+2,17:05:44.3,-36:25:21,2008-07-27,05:27:55.7,2454674.7277,100.0,1.55,H,H,,,,missingreplog_GX349+2.csv,,,Data replog,,,GX349+2,True,IR
ir080726.0231,GX349+2,17:05:44.3,-36:25:22,2008-07-27,05:25:58.9,2454674.7264,100.0,1.53,H,H,,,,missingreplog_GX349+2.csv,,,Data replog,,,GX349+2,True,IR
ir080824.0198,GX349+2,17:05:44.4,-36:25:24,2008-08-25,03:08:53.7,2454703.6312,100.0,1.41,H,H,,,,missingreplog_GX349+2.csv,,,Data replog,,,GX349+2,True,IR
ir080824.0199,GX349+2,17:05:44.4,-36:25:25,2008-08-25,03:10:49.9,2454703.6325,100.0,1.42,H,H,,,,missingreplog_GX349+2.csv,,,Data replog,,,GX349+2,True,IR
ir080824.0200,GX349+2,17:05:44.4,-36:25:25,2008-08-25,03:12:46.6,2454703.6339,100.0,1.43,H,H,,,,missingreplog_GX349+2.csv,,,Data replog,,,GX349+2,True,IR
ir080921.0080,GX349+2,17:05:44.4,-36:25:22,2008-09-22,00:50:21.6,2454731.535,100.0,1.29,H,H,,,,missingreplog_GX349+2.csv,,,Data replog,,,GX349+2,True,IR
ir080923.0035,GX349+2,17:02:49.4,-48:47:29,2008-09-24,00:10:24.6,2454733.5072,100.0,1.22,H,H,,,,missingreplog_GX349+2.csv,,,Data replog,,,GX349+2,True,IR
ir080923.0034,GX349+2,17:02:49.4,-48:47:28,2008-09-24,00:08:27.5,2454733.5059,100.0,1.22,H,H,,,,missingreplog_GX349+2.csv,,,Data replog,,,GX349+2,True,IR
ir080923.0033,GX349+2,17:02:49.4,-48:47:28,2008-09-24,00:06:30.3,2454733.5045,100.0,1.21,H,H,,,,missingreplog_GX349+2.csv,,,Data replog,,,GX349+2,True,IR
ir080922.0087,GX349+2,17:05:44.2,-36:25:29,2008-09-23,01:34:39.0,2454732.5657,100.0,1.51,H,H,,,,missingreplog_GX349+2.csv,,,Data replog,,,GX349+2,True,IR
ir080922.0086,GX349+2,17:05:44.3,-36:25:29,2008-09-23,01:32:42.4,2454732.5644,100.0,1.5,H,H,,,,missingreplog_GX349+2.csv,,,Data replog,,,GX349+2,True,IR
ir080922.0085,GX349+2,17:05:44.3,-36:25:29,2008-09-23,01:30:45.3,2454732.563,100.0,1.49,H,H,,,,missingreplog_GX349+2.csv,,,Data replog,,,GX349+2,True,IR
ir080922.0084,GX349+2,17:05:44.4,-36:25:29,2008-09-23,01:28:47.7,2454732.5617,100.0,1.48,H,H,,,,missingreplog_GX349+2.csv,,,Data replog,,,GX349+2,True,IR
ir080922.0083,GX349+2,17:05:44.4,-36:25:29,2008-09-23,01:26:50.7,2454732.5603,100.0,1.47,H,H,,,,missingreplog_GX349+2.csv,,,Data replog,,,GX349+2,True,IR
ir080921.0083,GX349+2,17:05:44.2,-36:25:23,2008-09-22,00:56:22.6,2454731.5392,100.0,1.31,H,H,,,,missingreplog_GX349+2.csv,,,Data replog,,,GX349+2,True,IR
ir080921.0082,GX349+2,17:05:44.3,-36:25:23,2008-09-22,00:54:25.8,2454731.5378,100.0,1.3,H,H,,,,missingreplog_GX349+2.csv,,,Data replog,,,GX349+2,True,IR
ir080921.0081,GX349+2,17:05:44.4,-36:25:22,2008-09-22,00:50:21.6,2454731.535,100.0,1.29,H,H,,,,missingreplog_GX349+2.csv,,,Data replog,,,GX349+2,True,IR
ir080921.0079,GX349+2,17:05:44.4,-36:25:22,2008-09-22,00:48:24.6,2454731.5336,100.0,1.28,H,H,,,,missingreplog_GX349+2.csv,,,Data replog,,,GX349+2,True,IR
ir080916.0052,GX349+2,17:05:43.2,-36:25:30,2008-09-17,00:53:00.0,2454726.5368,100.0,1.23,H,H,,,,missingreplog_GX349+2.csv,,,Data replog,,,GX349+2,True,IR
ir080920.0083,GX349+2,17:05:43.6,-36:25:20,2008-09-21,01:22:34.2,2454730.5573,100.0,1.41,H,H,,,,missingreplog_GX349+2.csv,,,Data replog,,,GX349+2,True,IR
ir080920.0082,GX349+2,17:05:43.6,-36:25:19,2008-09-21,01:18:30.5,2454730.5545,100.0,1.39,H,H,,,,missingreplog_GX349+2.csv,,,Data replog,,,GX349+2,True,IR
ir080920.0081,GX349+2,17:05:43.6,-36:25:19,2008-09-21,01:18:30.5,2454730.5545,100.0,1.39,H,H,,,,missingreplog_GX349+2.csv,,,Data replog,,,GX349+2,True,IR
ir080920.0080,GX349+2,17:05:43.6,-36:25:18,2008-09-21,01:16:33.2,2454730.5532,100.0,1.38,H,H,,,,missingreplog_GX349+2.csv,,,Data replog,,,GX349+2,True,IR
ir080920.0079,GX349+2,17:05:43.6,-36:25:17,2008-09-21,01:14:36.3,2454730.5518,100.0,1.37,H,H,,,,missingreplog_GX349+2.csv,,,Data replog,,,GX349+2,True,IR
ir080918.0050,GX349+2,17:05:44.6,-36:25:25,2008-09-19,02:41:15.9,2454728.612,100.0,1.92,H,H,,,,missingreplog_GX349+2.csv,,,Data replog,,,GX349+2,True,IR
ir080918.0049,GX349+2,17:05:44.5,-36:25:24,2008-09-19,02:39:19.3,2454728.6106,100.0,1.9,H,H,,,,missingreplog_GX349+2.csv,,,Data replog,,,GX349+2,True,IR
ir080918.0048,GX349+2,17:05:44.4,-36:25:23,2008-09-19,02:35:15.3,2454728.6078,100.0,1.86,H,H,,,,missingreplog_GX349+2.csv,,,Data replog,,,GX349+2,True,IR
ir080918.0047,GX349+2,17:05:44.4,-36:25:23,2008-09-19,02:35:15.3,2454728.6078,100.0,1.86,H,H,,,,missingreplog_GX349+2.csv,,,Data replog,,,GX349+2,True,IR
ir080918.0046,GX349+2,17:05:44.4,-36:25:22,2008-09-19,02:33:18.3,2454728.6065,100.0,1.84,H,H,,,,missingreplog_GX349+2.csv,,,Data replog,,,GX349+2,True,IR
ir080916.0054,GX349+2,17:05:43.3,-36:25:30,2008-09-17,00:56:53.7,2454726.5395,100.0,1.24,H,H,,,,missingreplog_GX349+2.csv,,,Data replog,,,GX349+2,True,IR
ir080923.0036,GX349+2,17:02:49.5,-48:47:29,2008-09-24,00:12:21.7,2454733.5086,100.0,1.23,H,H,,,,missingreplog_GX349+2.csv,,,Data replog,,,GX349+2,True,IR
ir080923.0037,GX349+2,17:02:49.4,-48:47:28,2008-09-24,00:14:18.7,2454733.5099,100.0,1.23,H,H,,,,missingreplog_GX349+2.csv,,,Data replog,,,GX349+2,True,IR
ir080923.0038,GX349+2,17:05:44.3,-36:25:26,2008-09-24,00:18:42.0,2454733.513,100.0,1.21,H,H,,,,missingreplog_GX349+2.csv,,,Data replog,,,GX349+2,True,IR
ir080923.0039,GX349+2,17:05:44.3,-36:25:26,2008-09-24,00:20:39.1,2454733.5143,100.0,1.22,H,H,,,,missingreplog_GX349+2.csv,,,Data replog,,,GX349+2,True,IR
ir080928.0079,GX349+2,17:05:43.2,-36:25:28,2008-09-29,01:13:48.4,2454738.5513,100.0,1.53,H,H,,,,missingreplog_GX349+2.csv,,,Data replog,,,GX349+2,True,IR
ir080928.0078,GX349+2,17:05:43.3,-36:25:28,2008-09-29,01:11:51.3,2454738.5499,100.0,1.52,H,H,,,,missingreplog_GX349+2.csv,,,Data replog,,,GX349+2,True,IR
ir080928.0077,GX349+2,17:05:43.3,-36:25:28,2008-09-29,01:09:53.8,2454738.5485,100.0,1.51,H,H,,,,missingreplog_GX349+2.csv,,,Data replog,,,GX349+2,True,IR
ir080928.0076,GX349+2,17:05:43.3,-36:25:28,2008-09-29,01:07:56.7,2454738.5472,100.0,1.5,H,H,,,,missingreplog_GX349+2.csv,,,Data replog,,,GX349+2,True,IR
ir080928.0075,GX349+2,17:05:43.3,-36:25:28,2008-09-29,01:05:59.8,2454738.5458,100.0,1.48,H,H,,,,missingreplog_GX349+2.csv,,,Data replog,,,GX349+2,True,IR
ir080927.0062,GX349+2,17:05:43.4,-36:25:26,2008-09-28,00:43:22.9,2454737.5301,100.0,1.35,H,H,,,,missingreplog_GX349+2.csv,,,Data replog,,,GX349+2,True,IR
ir080927.0061,GX349+2,17:05:43.5,-36:25:26,2008-09-28,00:41:26.0,2454737.5288,100.0,1.34,H,H,,,,missingreplog_GX349+2.csv,,,Data replog,,,GX349+2,True,IR
ir080927.0060,GX349+2,17:05:43.5,-36:25:25,2008-09-28,00:39:28.6,2454737.5274,100.0,1.34,H,H,,,,missingreplog_GX349+2.csv,,,Data replog,,,GX349+2,True,IR
ir080927.0059,GX349+2,17:05:43.5,-36:25:25,2008-09-28,00:37:31.3,2454737.5261,100.0,1.33,H,H,,,,missingreplog_GX349+2.csv,,,Data replog,,,GX349+2,True,IR
ir080927.0058,GX349+2,17:05:43.6,-36:25:25,2008-09-28,00:35:34.5,2454737.5247,100.0,1.32,H,H,,,,missingreplog_GX349+2.csv,,,Data replog,,,GX349+2,True,IR
ir080925.0041,GX349+2,17:05:42.8,-36:25:32,2008-09-26,01:45:26.8,2454735.5732,100.0,1.67,H,H,,,,missingreplog_GX349+2.csv,,,Data replog,,,GX349+2,True,IR
ir080925.0040,GX349+2,17:05:42.7,-36:25:30,2008-09-26,01:39:16.1,2454735.5689,100.0,1.62,H,H,,,,missingreplog_GX349+2.csv,,,Data replog,,,GX349+2,True,IR
ir080925.0039,GX349+2,17:05:42.7,-36:25:30,2008-09-26,01:39:16.1,2454735.5689,100.0,1.62,H,H,,,,missingreplog_GX349+2.csv,,,Data replog,,,GX349+2,True,IR
ir080925.0038,GX349+2,17:05:42.7,-36:25:30,2008-09-26,01:39:16.1,2454735.5689,100.0,1.62,H,H,,,,missingreplog_GX349+2.csv,,,Data replog,,,GX349+2,True,IR
ir080925.0037,GX349+2,17:05:42.8,-36:25:29,2008-09-26,01:37:19.1,2454735.5676,100.0,1.61,H,H,,,,missingreplog_GX349+2.csv,,,Data replog,,,GX349+2,True,IR
ir080924.0046,GX349+2,17:05:44.5,-36:25:23,2008-09-25,00:31:56.8,2454734.5222,100.0,1.26,H,H,,,,missingreplog_GX349+2.csv,,,Data replog,,,GX349+2,True,IR
ir080924.0045,GX349+2,17:05:44.5,-36:25:23,2008-09-25,00:30:00.0,2454734.5208,100.0,1.26,H,H,,,,missingreplog_GX349+2.csv,,,Data replog,,,GX349+2,True,IR
ir080924.0044,GX349+2,17:05:44.4,-36:25:21,2008-09-25,00:23:49.1,2454734.5165,100.0,1.24,H,H,,,,missingreplog_GX349+2.csv,,,Data replog,,,GX349+2,True,IR
ir080924.0043,GX349+2,17:05:44.4,-36:25:21,2008-09-25,00:23:49.1,2454734.5165,100.0,1.24,H,H,,,,missingreplog_GX349+2.csv,,,Data replog,,,GX349+2,True,IR
ir080924.0042,GX349+2,17:05:44.4,-36:25:21,2008-09-25,00:23:49.1,2454734.5165,100.0,1.24,H,H,,,,missingreplog_GX349+2.csv,,,Data replog,,,GX349+2,True,IR
ir080923.0042,GX349+2,17:05:44.3,-36:25:27,2008-09-24,00:26:40.5,2454733.5185,100.0,1.23,H,H,,,,missingreplog_GX349+2.csv,,,Data replog,,,GX349+2,True,IR
ir080923.0041,GX349+2,17:05:44.3,-36:25:26,2008-09-24,00:22:36.7,2454733.5157,100.0,1.22,H,H,,,,missingreplog_GX349+2.csv,,,Data replog,,,GX349+2,True,IR
ir080923.0040,GX349+2,17:05:44.3,-36:25:26,2008-09-24,00:22:36.7,2454733.5157,100.0,1.22,H,H,,,,missingreplog_GX349+2.csv,,,Data replog,,,GX349+2,True,IR
ir080916.0053,GX349+2,17:05:43.3,-36:25:30,2008-09-17,00:54:56.9,2454726.5382,100.0,1.24,H,H,,,,missingreplog_GX349+2.csv,,,Data replog,,,GX349+2,True,IR
ir080916.0051,GX349+2,17:05:43.2,-36:25:20,2008-09-17,00:51:03.0,2454726.5354,100.0,1.22,H,H,,,,missingreplog_GX349+2.csv,,,Data replog,,,GX349+2,True,IR
ir080824.0201,GX349+2,17:05:44.5,-36:25:26,2008-08-25,03:14:43.3,2454703.6352,100.0,1.44,H,H,,,,missingreplog_GX349+2.csv,,,Data replog,,,GX349+2,True,IR
ir080828.0110,GX349+2,17:05:44.4,-36:25:22,2008-08-29,03:02:50.0,2454707.627,100.0,1.46,H,H,,,,missingreplog_GX349+2.csv,,,Data replog,,,GX349+2,True,IR
ir080830.0089,GX349+2,17:05:43.2,-36:25:29,2008-08-31,02:47:39.8,2454709.6164,100.0,1.42,H,H,,,,missingreplog_GX349+2.csv,,,Data replog,,,GX349+2,True,IR
ir080830.0088,GX349+2,17:05:43.2,-36:25:29,2008-08-31,02:45:42.8,2454709.6151,100.0,1.41,H,H,,,,missingreplog_GX349+2.csv,,,Data replog,,,GX349+2,True,IR
ir080830.0087,GX349+2,17:05:43.2,-36:25:29,2008-08-31,02:43:46.0,2454709.6137,100.0,1.4,H,H,,,,missingreplog_GX349+2.csv,,,Data replog,,,GX349+2,True,IR
ir080829.0121,GX349+2,17:05:43.8,-36:25:28,2008-08-30,02:07:18.8,2454708.5884,100.0,1.24,H,H,,,,missingreplog_GX349+2.csv,,,Data replog,,,GX349+2,True,IR
ir080829.0120,GX349+2,17:05:43.8,-36:25:29,2008-08-30,02:03:15.5,2454708.5856,100.0,1.23,H,H,,,,missingreplog_GX349+2.csv,,,Data replog,,,GX349+2,True,IR
ir080829.0119,GX349+2,17:05:43.8,-36:25:29,2008-08-30,02:03:15.5,2454708.5856,100.0,1.23,H,H,,,,missingreplog_GX349+2.csv,,,Data replog,,,GX349+2,True,IR
ir080829.0118,GX349+2,17:05:43.7,-36:25:28,2008-08-30,02:01:18.6,2454708.5842,100.0,1.22,H,H,,,,missingreplog_GX349+2.csv,,,Data replog,,,GX349+2,True,IR
ir080829.0117,GX349+2,17:05:43.7,-36:25:29,2008-08-30,01:59:22.0,2454708.5829,100.0,1.22,H,H,,,,missingreplog_GX349+2.csv,,,Data replog,,,GX349+2,True,IR
ir080828.0113,GX349+2,17:05:44.3,-36:25:22,2008-08-29,03:08:40.6,2454707.631,100.0,1.49,H,H,,,,missingreplog_GX349+2.csv,,,Data replog,,,GX349+2,True,IR
ir080828.0112,GX349+2,17:05:44.3,-36:25:22,2008-08-29,03:06:44.0,2454707.6297,100.0,1.48,H,H,,,,missingreplog_GX349+2.csv,,,Data replog,,,GX349+2,True,IR
ir080828.0111,GX349+2,17:05:44.3,-36:25:22,2008-08-29,03:04:47.3,2454707.6283,100.0,1.47,H,H,,,,missingreplog_GX349+2.csv,,,Data replog,,,GX349+2,True,IR
ir080828.0109,GX349+2,17:05:44.4,-36:25:22,2008-08-29,03:00:53.5,2454707.6256,100.0,1.45,H,H,,,,missingreplog_GX349+2.csv,,,Data replog,,,GX349+2,True,IR
ir080916.0050,GX349+2,17:05:43.2,-36:25:30,2008-09-17,00:49:06.2,2454726.5341,100.0,1.22,H,H,,,,missingreplog_GX349+2.csv,,,Data replog,,,GX349+2,True,IR
ir080827.0101,GX349+2,17:05:44.0,-36:25:32,2008-08-28,03:44:22.0,2454706.6558,100.0,1.7,H,H,,,,missingreplog_GX349+2.csv,,,Data replog,,,GX349+2,True,IR
ir080827.0100,GX349+2,17:05:44.0,-36:25:31,2008-08-28,03:42:25.4,2454706.6545,100.0,1.69,H,H,,,,missingreplog_GX349+2.csv,,,Data replog,,,GX349+2,True,IR
ir080827.0099,GX349+2,17:05:44.0,-36:25:31,2008-08-28,03:40:28.4,2454706.6531,100.0,1.67,H,H,,,,missingreplog_GX349+2.csv,,,Data replog,,,GX349+2,True,IR
ir080827.0098,GX349+2,17:05:44.0,-36:25:30,2008-08-28,03:38:31.8,2454706.6518,100.0,1.66,H,H,,,,missingreplog_GX349+2.csv,,,Data replog,,,GX349+2,True,IR
ir080827.0097,GX349+2,17:05:44.0,-36:25:30,2008-08-28,03:36:34.8,2454706.6504,100.0,1.64,H,H,,,,missingreplog_GX349+2.csv,,,Data replog,,,GX349+2,True,IR
ir080825.0103,GX349+2,17:05:43.2,-36:25:19,2008-08-26,03:35:53.8,2454704.6499,100.0,1.58,H,H,,,,missingreplog_GX349+2.csv,,,Data replog,,,GX349+2,True,IR
ir080825.0102,GX349+2,17:05:43.2,-36:25:18,2008-08-26,03:33:57.2,2454704.6486,100.0,1.57,H,H,,,,missingreplog_GX349+2.csv,,,Data replog,,,GX349+2,True,IR
ir080825.0101,GX349+2,17:05:43.2,-36:25:19,2008-08-26,03:31:59.9,2454704.6472,100.0,1.56,H,H,,,,missingreplog_GX349+2.csv,,,Data replog,,,GX349+2,True,IR
ir080825.0100,GX349+2,17:05:43.2,-36:25:19,2008-08-26,03:30:02.9,2454704.6459,100.0,1.55,H,H,,,,missingreplog_GX349+2.csv,,,Data replog,,,GX349+2,True,IR
ir080825.0099,GX349+2,17:05:43.3,-36:25:19,2008-08-26,03:28:06.3,2454704.6445,100.0,1.53,H,H,,,,missingreplog_GX349+2.csv,,,Data replog,,,GX349+2,True,IR
ir080824.0202,GX349+2,17:05:44.5,-36:25:26,2008-08-25,03:16:39.9,2454703.6366,100.0,1.45,H,H,,,,missingreplog_GX349+2.csv,,,Data replog,,,GX349+2,True,IR
ir080830.0090,GX349+2,17:05:43.2,-36:25:30,2008-08-31,02:49:36.7,2454709.6178,100.0,1.43,H,H,,,,missingreplog_GX349+2.csv,,,Data replog,,,GX349+2,True,IR
ir080830.0091,GX349+2,17:05:43.2,-36:25:30,2008-08-31,02:51:33.3,2454709.6191,100.0,1.44,H,H,,,,missingreplog_GX349+2.csv,,,Data replog,,,GX349+2,True,IR
ir080831.0140,GX349+2,17:05:42.9,-36:25:26,2008-09-01,02:51:40.7,2454710.6192,100.0,1.46,H,H,,,,missingreplog_GX349+2.csv,,,Data replog,,,GX349+2,True,IR
ir080831.0141,GX349+2,17:05:42.8,-36:25:26,2008-09-01,02:53:37.6,2454710.6206,100.0,1.47,H,H,,,,missingreplog_GX349+2.csv,,,Data replog,,,GX349+2,True,IR
ir080915.0110,GX349+2,17:05:42.6,-36:25:37,2008-09-16,02:01:20.0,2454725.5843,100.0,1.51,H,H,,,,missingreplog_GX349+2.csv,,,Data replog,,,GX349+2,True,IR
ir080915.0109,GX349+2,17:05:42.7,-36:25:36,2008-09-16,01:57:16.6,2454725.5814,100.0,1.49,H,H,,,,missingreplog_GX349+2.csv,,,Data replog,,,GX349+2,True,IR
ir080915.0108,GX349+2,17:05:42.7,-36:25:36,2008-09-16,01:57:16.6,2454725.5814,100.0,1.49,H,H,,,,missingreplog_GX349+2.csv,,,Data replog,,,GX349+2,True,IR
ir080915.0107,GX349+2,17:05:42.7,-36:25:36,2008-09-16,01:55:19.5,2454725.5801,100.0,1.47,H,H,,,,missingreplog_GX349+2.csv,,,Data replog,,,GX349+2,True,IR
ir080915.0106,GX349+2,17:05:42.7,-36:25:36,2008-09-16,01:53:22.9,2454725.5787,100.0,1.46,H,H,,,,missingreplog_GX349+2.csv,,,Data replog,,,GX349+2,True,IR
ir080914.0162,GX349+2,17:05:42.6,-36:25:41,2008-09-15,02:54:51.7,2454724.6214,100.0,1.9,H,H,,,,missingreplog_GX349+2.csv,,,Data replog,,,GX349+2,True,IR
ir080914.0161,GX349+2,17:05:42.6,-36:25:40,2008-09-15,02:52:54.7,2454724.6201,100.0,1.88,H,H,,,,missingreplog_GX349+2.csv,,,Data replog,,,GX349+2,True,IR
ir080914.0160,GX349+2,17:05:42.5,-36:25:39,2008-09-15,02:50:57.7,2454724.6187,100.0,1.86,H,H,,,,missingreplog_GX349+2.csv,,,Data replog,,,GX349+2,True,IR
ir080914.0159,GX349+2,17:05:42.5,-36:25:38,2008-09-15,02:49:00.7,2454724.6174,100.0,1.84,H,H,,,,missingreplog_GX349+2.csv,,,Data replog,,,GX349+2,True,IR
ir080914.0158,GX349+2,17:05:42.5,-36:25:38,2008-09-15,02:47:04.1,2454724.616,100.0,1.82,H,H,,,,missingreplog_GX349+2.csv,,,Data replog,,,GX349+2,True,IR
ir080911.0123,GX349+2,17:05:43.5,-36:25:24,2008-09-12,02:02:29.6,2454721.5851,100.0,1.43,H,H,,,,missingreplog_GX349+2.csv,,,Data replog,,,GX349+2,True,IR
ir080911.0122,GX349+2,17:05:43.5,-36:25:24,2008-09-12,02:00:32.9,2454721.5837,100.0,1.42,H,H,,,,missingreplog_GX349+2.csv,,,Data replog,,,GX349+2,True,IR
ir080911.0121,GX349+2,17:05:43.5,-36:25:24,2008-09-12,01:58:35.8,2454721.5824,100.0,1.41,H,H,,,,missingreplog_GX349+2.csv,,,Data replog,,,GX349+2,True,IR
ir080911.0120,GX349+2,17:05:43.5,-36:25:23,2008-09-12,01:56:38.8,2454721.581,100.0,1.4,H,H,,,,missingreplog_GX349+2.csv,,,Data replog,,,GX349+2,True,IR
ir080911.0119,GX349+2,17:05:43.5,-36:25:23,2008-09-12,01:54:42.0,2454721.5797,100.0,1.39,H,H,,,,missingreplog_GX349+2.csv,,,Data replog,,,GX349+2,True,IR
ir080910.0137,GX349+2,17:05:44.4,-36:25:24,2008-09-11,02:15:11.0,2454720.5939,100.0,1.48,H,H,,,,missingreplog_GX349+2.csv,,,Data replog,,,GX349+2,True,IR
ir080910.0136,GX349+2,17:05:44.4,-36:25:24,2008-09-11,02:13:14.4,2454720.5925,100.0,1.46,H,H,,,,missingreplog_GX349+2.csv,,,Data replog,,,GX349+2,True,IR
ir080910.0135,GX349+2,17:05:44.5,-36:25:24,2008-09-11,02:11:17.3,2454720.5912,100.0,1.45,H,H,,,,missingreplog_GX349+2.csv,,,Data replog,,,GX349+2,True,IR
ir080910.0134,GX349+2,17:05:44.5,-36:25:23,2008-09-11,02:09:20.2,2454720.5898,100.0,1.44,H,H,,,,missingreplog_GX349+2.csv,,,Data replog,,,GX349+2,True,IR
ir080910.0133,GX349+2,17:05:44.4,-36:25:22,2008-09-11,02:07:23.5,2454720.5885,100.0,1.43,H,H,,,,missingreplog_GX349+2.csv,,,Data replog,,,GX349+2,True,IR
ir080831.0144,GX349+2,17:05:42.7,-36:25:26,2008-09-01,02:59:38.3,2454710.6247,100.0,1.5,H,H,,,,missingreplog_GX349+2.csv,,,Data replog,,,GX349+2,True,IR
ir080831.0143,GX349+2,17:05:42.7,-36:25:26,2008-09-01,02:57:41.4,2454710.6234,100.0,1.49,H,H,,,,missingreplog_GX349+2.csv,,,Data replog,,,GX349+2,True,IR
ir080831.0142,GX349+2,17:05:42.8,-36:25:26,2008-09-01,02:53:37.6,2454710.6206,100.0,1.47,H,H,,,,missingreplog_GX349+2.csv,,,Data replog,,,GX349+2,True,IR
ir080714.0335,GX349+2,17:05:44.5,-36:25:23,2008-07-15,06:53:56.3,2454662.7875,100.0,1.85,H,H,,,,missingreplog_GX349+2.csv,,,Data replog,,,GX349+2,True,IR
ir080714.0333,GX349+2,17:05:44.3,-36:25:22,2008-07-15,06:50:02.8,2454662.7848,100.0,1.81,H,H,,,,missingreplog_GX349+2.csv,,,Data replog,,,GX349+2,True,IR
ir080929.0056,GX349+2,17:05:43.6,-36:25:29,2008-09-30,00:32:22.4,2454739.5225,100.0,1.34,H,H,,,,missingreplog_GX349+2.csv,,,Data replog,,,GX349+2,True,IR
ir060509.0186,GX349+2,17:05:44.4,-36:25:20,2006-05-10,03:08:03,2453865.6306,205.0,1.39,H,H,,,,missingreplog_GX349+2.csv,,,Data replog,,,GX349+2,True,IR
ir060509.0185,GX349+2,17:05:44.4,-36:25:21,2006-05-10,03:00:16,2453865.6252,205.0,1.42,H,H,,,,missingreplog_GX349+2.csv,,,Data replog,,,GX349+2,True,IR
ir060509.0184,GX349+2,17:05:44.4,-36:25:21,2006-05-10,03:00:16,2453865.6252,205.0,1.42,H,H,,,,missingreplog_GX349+2.csv,,,Data replog,,,GX349+2,True,IR
ir060509.0183,GX349+2,17:05:44.4,-36:25:22,2006-05-10,02:56:07,2453865.6223,205.0,1.45,K,K,,,,missingreplog_GX349+2.csv,,,Data replog,,,GX349+2,True,IR
ir060509.0182,GX349+2,17:05:44.4,-36:25:23,2006-05-10,02:48:21,2453865.6169,205.0,1.49,K,K,,,,missingreplog_GX349+2.csv,,,Data replog,,,GX349+2,True,IR
ir060509.0181,GX349+2,17:05:44.4,-36:25:23,2006-05-10,02:48:21,2453865.6169,205.0,1.49,K,K,,,,missingreplog_GX349+2.csv,,,Data replog,,,GX349+2,True,IR
ir060509.0188,GX349+2,17:05:44.5,-36:25:20,2006-05-10,03:12:08,2453865.6334,205.0,1.37,J,J,,,,missingreplog_GX349+2.csv,,,Data replog,,,GX349+2,True,IR
ir060509.0187,GX349+2,17:05:44.5,-36:25:20,2006-05-10,03:12:08,2453865.6334,205.0,1.37,J,J,,,,missingreplog_GX349+2.csv,,,Data replog,,,GX349+2,True,IR
ir060509.0189,GX349+2,17:05:44.4,-36:25:20,2006-05-10,03:19:55,2453865.6388,205.0,1.34,J,J,,,,missingreplog_GX349+2.csv,,,Data replog,,,GX349+2,True,IR
ir080713.0235,GX349+2,17:05:44.2,-36:25:23,2008-07-14,06:12:12.4,2454661.7585,100.0,1.5,H,H,,,,missingreplog_GX349+2.csv,,,Data replog,,,GX349+2,True,IR
ir060819.0199,GX349+2,17:05:46.3,-36:24:04,2006-08-20,03:54:02,2453967.6625,205.0,1.54,H,H,,,,missingreplog_GX349+2.csv,,,Data replog,,,GX349+2,True,IR
ir070630.0215,GX 349+2,17:05:44.5,-36:25:23,2007-07-01,05:09:45.3,2454282.7151,30.0,1.1,J,J,,,,missingreplog_GX349+2.csv,,,Data replog,,,GX349+2,True,IR
ir070630.0214,GX 349+2,17:05:44.5,-36:25:23,2007-07-01,05:08:59.9,2454282.7146,30.0,1.1,J,J,,,,missingreplog_GX349+2.csv,,,Data replog,,,GX349+2,True,IR
ir070630.0213,GX 349+2,17:05:44.5,-36:25:23,2007-07-01,05:08:14.6,2454282.7141,30.1,1.1,J,J,,,,missingreplog_GX349+2.csv,,,Data replog,,,GX349+2,True,IR
ir070630.0212,GX 349+2,17:05:44.4,-36:25:23,2007-07-01,05:07:29.4,2454282.7135,30.1,1.1,J,J,,,,missingreplog_GX349+2.csv,,,Data replog,,,GX349+2,True,IR
ir070630.0211,GX 349+2,17:05:44.4,-36:25:23,2007-07-01,05:06:43.8,2454282.713,30.1,1.1,J,J,,,,missingreplog_GX349+2.csv,,,Data replog,,,GX349+2,True,IR
ir070630.0210,GX 349+2,17:05:44.4,-36:25:23,2007-07-01,05:05:58.3,2454282.7125,30.0,1.1,J,J,,,,missingreplog_GX349+2.csv,,,Data replog,,,GX349+2,True,IR
ir070630.0209,GX 349+2,17:05:44.4,-36:25:23,2007-07-01,05:05:13.2,2454282.712,30.0,1.1,J,J,,,,missingreplog_GX349+2.csv,,,Data replog,,,GX349+2,True,IR
ir060819.0203,GX349+2,17:05:46.5,-36:24:12,2006-08-20,04:13:34,2453967.6761,205.0,1.67,J,J,,,,missingreplog_GX349+2.csv,,,Data replog,,,GX349+2,True,IR
ir060819.0202,GX349+2,17:05:46.4,-36:24:09,2006-08-20,04:05:49,2453967.6707,205.0,1.61,J,J,,,,missingreplog_GX349+2.csv,,,Data replog,,,GX349+2,True,IR
ir060819.0201,GX349+2,17:05:46.4,-36:24:09,2006-08-20,04:05:49,2453967.6707,205.0,1.61,J,J,,,,missingreplog_GX349+2.csv,,,Data replog,,,GX349+2,True,IR
ir060819.0200,GX349+2,17:05:46.3,-36:24:07,2006-08-20,04:01:46,2453967.6679,205.0,1.59,H,H,,,,missingreplog_GX349+2.csv,,,Data replog,,,GX349+2,True,IR
ir060819.0198,GX349+2,17:05:46.3,-36:24:04,2006-08-20,03:54:02,2453967.6625,205.0,1.54,H,H,,,,missingreplog_GX349+2.csv,,,Data replog,,,GX349+2,True,IR
ir060703.0236,GX349+2,17:05:44.4,-36:25:22,2006-07-04,07:03:35,2453920.7942,205.0,1.57,K,K,,,,missingreplog_GX349+2.csv,,,Data replog,,,GX349+2,True,IR
ir060819.0197,GX349+2,17:05:46.3,-36:24:04,2006-08-20,03:49:50,2453967.6596,205.0,1.51,K,K,,,,missingreplog_GX349+2.csv,,,Data replog,,,GX349+2,True,IR
ir060819.0196,GX349+2,17:05:46.4,-36:24:03,2006-08-20,03:42:03,2453967.6542,205.0,1.47,K,K,,,,missingreplog_GX349+2.csv,,,Data replog,,,GX349+2,True,IR
ir060819.0195,GX349+2,17:05:46.4,-36:24:03,2006-08-20,03:42:03,2453967.6542,205.0,1.47,K,K,,,,missingreplog_GX349+2.csv,,,Data replog,,,GX349+2,True,IR
ir060703.0244,GX349+2,17:05:44.7,-36:25:29,2006-07-04,07:35:17,2453920.8162,205.0,1.81,J,J,,,,missingreplog_GX349+2.csv,,,Data replog,,,GX349+2,True,IR
ir060703.0243,GX349+2,17:05:44.7,-36:25:28,2006-07-04,07:27:31,2453920.8108,205.0,1.75,J,J,,,,missingreplog_GX349+2.csv,,,Data replog,,,GX349+2,True,IR
ir060703.0242,GX349+2,17:05:44.7,-36:25:28,2006-07-04,07:27:31,2453920.8108,205.0,1.75,J,J,,,,missingreplog_GX349+2.csv,,,Data replog,,,GX349+2,True,IR
ir060703.0241,GX349+2,17:05:44.6,-36:25:26,2006-07-04,07:23:22,2453920.8079,205.0,1.71,H,H,,,,missingreplog_GX349+2.csv,,,Data replog,,,GX349+2,True,IR
ir060703.0240,GX349+2,17:05:44.5,-36:25:25,2006-07-04,07:15:36,2453920.8025,205.0,1.65,H,H,,,,missingreplog_GX349+2.csv,,,Data replog,,,GX349+2,True,IR
ir060703.0239,GX349+2,17:05:44.5,-36:25:25,2006-07-04,07:15:36,2453920.8025,205.0,1.65,H,H,,,,missingreplog_GX349+2.csv,,,Data replog,,,GX349+2,True,IR
ir060703.0238,GX349+2,17:05:44.5,-36:25:24,2006-07-04,07:11:22,2453920.7996,205.0,1.62,K,K,,,,missingreplog_GX349+2.csv,,,Data replog,,,GX349+2,True,IR
ir060703.0237,GX349+2,17:05:44.4,-36:25:22,2006-07-04,07:03:35,2453920.7942,205.0,1.57,K,K,,,,missingreplog_GX349+2.csv,,,Data replog,,,GX349+2,True,IR
ir070630.0216,GX 349+2,17:05:44.5,-36:25:13,2007-07-01,05:11:14.6,2454282.7161,30.1,1.11,J,J,,,,missingreplog_GX349+2.csv,,,Data replog,,,GX349+2,True,IR
ir070630.0217,GX 349+2,17:05:44.5,-36:25:13,2007-07-01,05:11:59.7,2454282.7167,30.1,1.11,J,J,,,,missingreplog_GX349+2.csv,,,Data replog,,,GX349+2,True,IR
ir070630.0218,GX 349+2,17:05:44.5,-36:25:13,2007-07-01,05:12:45.2,2454282.7172,30.1,1.11,J,J,,,,missingreplog_GX349+2.csv,,,Data replog,,,GX349+2,True,IR
ir080706.0235,GX349+2,17:05:43.2,-36:25:33,2008-07-07,04:59:11.4,2454654.7078,100.0,1.13,H,H,,,,missingreplog_GX349+2.csv,,,Data replog,,,GX349+2,True,IR
ir080708.0290,GX349+2,17:05:44.5,-36:25:18,2008-07-09,04:25:23.2,2454656.6843,100.0,1.09,H,H,,,,missingreplog_GX349+2.csv,,,Data replog,,,GX349+2,True,IR
ir080708.0289,GX349+2,17:05:44.5,-36:25:17,2008-07-09,04:23:26.9,2454656.6829,100.0,1.08,H,H,,,,missingreplog_GX349+2.csv,,,Data replog,,,GX349+2,True,IR
ir080707.0366,GX349+2,17:05:43.6,-36:25:27,2008-07-08,05:50:57.3,2454655.7437,100.0,1.29,H,H,,,,missingreplog_GX349+2.csv,,,Data replog,,,GX349+2,True,IR
ir080707.0365,GX349+2,17:05:43.7,-36:25:27,2008-07-08,05:49:00.8,2454655.7424,100.0,1.29,H,H,,,,missingreplog_GX349+2.csv,,,Data replog,,,GX349+2,True,IR
ir080707.0364,GX349+2,17:05:43.7,-36:25:27,2008-07-08,05:47:04.2,2454655.741,100.0,1.28,H,H,,,,missingreplog_GX349+2.csv,,,Data replog,,,GX349+2,True,IR
ir080707.0363,GX349+2,17:05:43.8,-36:25:27,2008-07-08,05:45:07.5,2454655.7397,100.0,1.27,H,H,,,,missingreplog_GX349+2.csv,,,Data replog,,,GX349+2,True,IR
ir080707.0362,GX349+2,17:05:43.8,-36:25:27,2008-07-08,05:43:11.0,2454655.7383,100.0,1.27,H,H,,,,missingreplog_GX349+2.csv,,,Data replog,,,GX349+2,True,IR
ir080706.0239,GX349+2,17:05:43.2,-36:25:35,2008-07-07,05:06:57.9,2454654.7132,100.0,1.15,H,H,,,,missingreplog_GX349+2.csv,,,Data replog,,,GX349+2,True,IR
ir080706.0238,GX349+2,17:05:43.2,-36:25:34,2008-07-07,05:05:01.6,2454654.7118,100.0,1.15,H,H,,,,missingreplog_GX349+2.csv,,,Data replog,,,GX349+2,True,IR
ir080706.0237,GX349+2,17:05:43.2,-36:25:34,2008-07-07,05:03:04.7,2454654.7105,100.0,1.14,H,H,,,,missingreplog_GX349+2.csv,,,Data replog,,,GX349+2,True,IR
ir080706.0236,GX349+2,17:05:43.3,-36:25:34,2008-07-07,05:01:07.9,2454654.7091,100.0,1.14,H,H,,,,missingreplog_GX349+2.csv,,,Data replog,,,GX349+2,True,IR
ir080705.0280,GX349+2,17:05:43.9,-36:25:16,2008-07-06,04:23:49.3,2454653.6832,100.0,1.07,H,H,,,,missingreplog_GX349+2.csv,,,Data replog,,,GX349+2,True,IR
ir080702.0244,GX349+2,17:05:44.4,-36:25:22,2008-07-03,04:21:20.7,2454650.6815,100.0,1.05,H,H,,,,missingreplog_GX349+2.csv,,,Data replog,,,GX349+2,True,IR
ir080705.0279,GX349+2,17:05:43.9,-36:25:16,2008-07-06,04:21:52.8,2454653.6819,100.0,1.06,H,H,,,,missingreplog_GX349+2.csv,,,Data replog,,,GX349+2,True,IR
ir080705.0278,GX349+2,17:05:43.9,-36:25:17,2008-07-06,04:19:55.9,2454653.6805,100.0,1.06,H,H,,,,missingreplog_GX349+2.csv,,,Data replog,,,GX349+2,True,IR
ir080705.0277,GX349+2,17:05:43.9,-36:25:17,2008-07-06,04:17:59.3,2454653.6792,100.0,1.06,H,H,,,,missingreplog_GX349+2.csv,,,Data replog,,,GX349+2,True,IR
ir080705.0276,GX349+2,17:05:44.0,-36:25:18,2008-07-06,04:16:02.8,2454653.6778,100.0,1.06,H,H,,,,missingreplog_GX349+2.csv,,,Data replog,,,GX349+2,True,IR
ir080704.0224,GX349+2,17:05:44.1,-36:25:21,2008-07-05,05:01:47.5,2454652.7096,100.0,1.12,H,H,,,,missingreplog_GX349+2.csv,,,Data replog,,,GX349+2,True,IR
ir080704.0223,GX349+2,17:05:44.1,-36:25:21,2008-07-05,04:59:51.2,2454652.7082,100.0,1.12,H,H,,,,missingreplog_GX349+2.csv,,,Data replog,,,GX349+2,True,IR
ir080704.0222,GX349+2,17:05:44.1,-36:25:21,2008-07-05,04:57:54.6,2454652.7069,100.0,1.12,H,H,,,,missingreplog_GX349+2.csv,,,Data replog,,,GX349+2,True,IR
ir080704.0221,GX349+2,17:05:44.1,-36:25:20,2008-07-05,04:55:57.9,2454652.7055,100.0,1.11,H,H,,,,missingreplog_GX349+2.csv,,,Data replog,,,GX349+2,True,IR
ir080704.0220,GX349+2,17:05:44.1,-36:25:20,2008-07-05,04:54:01.6,2454652.7042,100.0,1.11,H,H,,,,missingreplog_GX349+2.csv,,,Data replog,,,GX349+2,True,IR
ir080702.0247,GX349+2,17:05:44.4,-36:25:21,2008-07-03,04:27:20.2,2454650.6857,100.0,1.06,H,H,,,,missingreplog_GX349+2.csv,,,Data replog,,,GX349+2,True,IR
ir080702.0246,GX349+2,17:05:44.4,-36:25:21,2008-07-03,04:23:17.5,2454650.6828,100.0,1.05,H,H,,,,missingreplog_GX349+2.csv,,,Data replog,,,GX349+2,True,IR
ir080708.0291,GX349+2,17:05:44.5,-36:25:18,2008-07-09,04:27:19.8,2454656.6856,100.0,1.09,H,H,,,,missingreplog_GX349+2.csv,,,Data replog,,,GX349+2,True,IR
ir080708.0292,GX349+2,17:05:44.5,-36:25:18,2008-07-09,04:29:16.7,2454656.687,100.0,1.09,H,H,,,,missingreplog_GX349+2.csv,,,Data replog,,,GX349+2,True,IR
ir080708.0293,GX349+2,17:05:44.5,-36:25:18,2008-07-09,04:31:13.2,2454656.6883,100.0,1.1,H,H,,,,missingreplog_GX349+2.csv,,,Data replog,,,GX349+2,True,IR
ir080709.0192,GX349+2,17:05:43.9,-36:25:20,2008-07-10,05:08:11.0,2454657.714,100.0,1.18,H,H,,,,missingreplog_GX349+2.csv,,,Data replog,,,GX349+2,True,IR
ir080713.0234,GX349+2,17:05:44.3,-36:25:23,2008-07-14,06:10:15.8,2454661.7571,100.0,1.49,H,H,,,,missingreplog_GX349+2.csv,,,Data replog,,,GX349+2,True,IR
ir080713.0233,GX349+2,17:05:44.3,-36:25:23,2008-07-14,06:08:19.3,2454661.7558,100.0,1.48,H,H,,,,missingreplog_GX349+2.csv,,,Data replog,,,GX349+2,True,IR
ir080713.0232,GX349+2,17:05:44.3,-36:25:22,2008-07-14,06:06:22.5,2454661.7544,100.0,1.47,H,H,,,,missingreplog_GX349+2.csv,,,Data replog,,,GX349+2,True,IR
ir080713.0231,GX349+2,17:05:44.4,-36:25:22,2008-07-14,06:04:25.9,2454661.7531,100.0,1.46,H,H,,,,missingreplog_GX349+2.csv,,,Data replog,,,GX349+2,True,IR
ir080712.0215,GX349+2,17:05:44.2,-36:25:18,2008-07-13,03:24:24.1,2454660.642,100.0,1.03,H,H,,,,missingreplog_GX349+2.csv,,,Data replog,,,GX349+2,True,IR
ir080712.0214,GX349+2,17:05:44.2,-36:25:18,2008-07-13,03:22:27.6,2454660.6406,100.0,1.03,H,H,,,,missingreplog_GX349+2.csv,,,Data replog,,,GX349+2,True,IR
ir080712.0213,GX349+2,17:05:44.1,-36:25:18,2008-07-13,03:20:30.9,2454660.6393,100.0,1.03,H,H,,,,missingreplog_GX349+2.csv,,,Data replog,,,GX349+2,True,IR
ir080712.0212,GX349+2,17:05:44.1,-36:25:18,2008-07-13,03:18:33.9,2454660.6379,100.0,1.03,H,H,,,,missingreplog_GX349+2.csv,,,Data replog,,,GX349+2,True,IR
ir080712.0211,GX349+2,17:05:44.1,-36:25:18,2008-07-13,03:16:37.4,2454660.6365,100.0,1.03,H,H,,,,missingreplog_GX349+2.csv,,,Data replog,,,GX349+2,True,IR
ir080711.0046,GX349+2,17:05:44.3,-36:25:23,2008-07-12,05:49:24.1,2454659.7426,100.0,1.35,H,H,,,,missingreplog_GX349+2.csv,,,Data replog,,,GX349+2,True,IR
ir080711.0045,GX349+2,17:05:44.3,-36:25:23,2008-07-12,05:47:27.6,2454659.7413,100.0,1.34,H,H,,,,missingreplog_GX349+2.csv,,,Data replog,,,GX349+2,True,IR
ir080711.0044,GX349+2,17:05:44.3,-36:25:22,2008-07-12,05:45:31.0,2454659.7399,100.0,1.33,H,H,,,,missingreplog_GX349+2.csv,,,Data replog,,,GX349+2,True,IR
ir080711.0043,GX349+2,17:05:44.3,-36:25:22,2008-07-12,05:43:34.4,2454659.7386,100.0,1.33,H,H,,,,missingreplog_GX349+2.csv,,,Data replog,,,GX349+2,True,IR
ir080711.0042,GX349+2,17:05:44.4,-36:25:22,2008-07-12,05:41:37.8,2454659.7372,100.0,1.32,H,H,,,,missingreplog_GX349+2.csv,,,Data replog,,,GX349+2,True,IR
ir080710.0230,GX349+2,17:05:44.2,-36:25:23,2008-07-11,05:36:46.0,2454658.7339,100.0,1.28,H,H,,,,missingreplog_GX349+2.csv,,,Data replog,,,GX349+2,True,IR
ir080710.0229,GX349+2,17:05:44.3,-36:25:23,2008-07-11,05:34:49.7,2454658.7325,100.0,1.28,H,H,,,,missingreplog_GX349+2.csv,,,Data replog,,,GX349+2,True,IR
ir080710.0228,GX349+2,17:05:44.4,-36:25:23,2008-07-11,05:32:53.0,2454658.7312,100.0,1.27,H,H,,,,missingreplog_GX349+2.csv,,,Data replog,,,GX349+2,True,IR
ir080710.0227,GX349+2,17:05:44.4,-36:25:23,2008-07-11,05:30:55.9,2454658.7298,100.0,1.26,H,H,,,,missingreplog_GX349+2.csv,,,Data replog,,,GX349+2,True,IR
ir080710.0226,GX349+2,17:05:44.4,-36:25:23,2008-07-11,05:28:59.4,2454658.7285,100.0,1.26,H,H,,,,missingreplog_GX349+2.csv,,,Data replog,,,GX349+2,True,IR
ir080709.0196,GX349+2,17:05:43.9,-36:25:19,2008-07-10,05:16:06.5,2454657.7195,100.0,1.21,H,H,,,,missingreplog_GX349+2.csv,,,Data replog,,,GX349+2,True,IR
ir080709.0195,GX349+2,17:05:43.9,-36:25:19,2008-07-10,05:12:04.1,2454657.7167,100.0,1.19,H,H,,,,missingreplog_GX349+2.csv,,,Data replog,,,GX349+2,True,IR
ir080709.0194,GX349+2,17:05:43.9,-36:25:19,2008-07-10,05:12:04.1,2454657.7167,100.0,1.19,H,H,,,,missingreplog_GX349+2.csv,,,Data replog,,,GX349+2,True,IR
ir080709.0193,GX349+2,17:05:43.9,-36:25:19,2008-07-10,05:10:07.3,2454657.7154,100.0,1.19,H,H,,,,missingreplog_GX349+2.csv,,,Data replog,,,GX349+2,True,IR
ir080702.0245,GX349+2,17:05:44.4,-36:25:21,2008-07-03,04:23:17.5,2454650.6828,100.0,1.05,H,H,,,,missingreplog_GX349+2.csv,,,Data replog,,,GX349+2,True,IR
ir080702.0243,GX349+2,17:05:44.5,-36:25:22,2008-07-03,04:19:24.2,2454650.6801,100.0,1.05,H,H,,,,missingreplog_GX349+2.csv,,,Data replog,,,GX349+2,True,IR
ir070630.0219,GX 349+2,17:05:44.5,-36:25:13,2007-07-01,05:13:30.7,2454282.7177,30.0,1.11,J,J,,,,missingreplog_GX349+2.csv,,,Data replog,,,GX349+2,True,IR
ir070704.0200,GX 349+2,17:05:44.2,-36:25:14,2007-07-05,03:17:42.4,2454286.6373,30.1,1.01,J,J,,,,missingreplog_GX349+2.csv,,,Data replog,,,GX349+2,True,IR
ir080806.0138,GX349+2,17:05:44.0,-36:25:15,2008-08-07,02:46:03.9,2454685.6153,100.0,1.11,H,H,,,,missingreplog_GX349+2.csv,,,Data replog,,,GX349+2,True,IR
ir080806.0137,GX349+2,17:05:44.0,-36:25:15,2008-08-07,02:44:07.4,2454685.614,100.0,1.11,H,H,,,,missingreplog_GX349+2.csv,,,Data replog,,,GX349+2,True,IR
ir080703.0185,GX349+2,17:05:44.4,-36:25:22,2008-07-04,03:01:38.9,2454651.6261,100.0,1.01,H,H,,,,missingreplog_GX349+2.csv,,,Data replog,,,GX349+2,True,IR
ir080703.0184,GX349+2,17:05:44.4,-36:25:22,2008-07-04,02:59:42.3,2454651.6248,100.0,1.01,H,H,,,,missingreplog_GX349+2.csv,,,Data replog,,,GX349+2,True,IR
ir080703.0183,GX349+2,17:05:44.4,-36:25:23,2008-07-04,02:57:45.1,2454651.6234,100.0,1.01,H,H,,,,missingreplog_GX349+2.csv,,,Data replog,,,GX349+2,True,IR
ir080703.0182,GX349+2,17:05:44.4,-36:25:23,2008-07-04,02:55:48.2,2454651.6221,100.0,1.01,H,H,,,,missingreplog_GX349+2.csv,,,Data replog,,,GX349+2,True,IR
ir080703.0181,GX349+2,17:05:44.4,-36:25:23,2008-07-04,02:53:51.6,2454651.6207,100.0,1.01,H,H,,,,missingreplog_GX349+2.csv,,,Data replog,,,GX349+2,True,IR
ir070704.0204,GX 349+2,17:05:44.2,-36:25:14,2007-07-05,03:20:43.8,2454286.6394,30.0,1.01,J,J,,,,missingreplog_GX349+2.csv,,,Data replog,,,GX349+2,True,IR
ir070704.0203,GX 349+2,17:05:44.2,-36:25:13,2007-07-05,03:19:58.4,2454286.6389,30.0,1.01,J,J,,,,missingreplog_GX349+2.csv,,,Data replog,,,GX349+2,True,IR
ir070704.0202,GX 349+2,17:05:44.2,-36:25:13,2007-07-05,03:19:13.0,2454286.6384,30.1,1.01,J,J,,,,missingreplog_GX349+2.csv,,,Data replog,,,GX349+2,True,IR
ir070704.0201,GX 349+2,17:05:44.2,-36:25:14,2007-07-05,03:18:27.9,2454286.6378,30.1,1.01,J,J,,,,missingreplog_GX349+2.csv,,,Data replog,,,GX349+2,True,IR
ir070704.0199,GX 349+2,17:05:44.1,-36:25:14,2007-07-05,03:16:56.9,2454286.6368,30.0,1.01,J,J,,,,missingreplog_GX349+2.csv,,,Data replog,,,GX349+2,True,IR
ir080701.0262,GX349+2,17:05:44.5,-36:25:22,2008-07-02,05:42:53.6,2454649.7381,100.0,1.19,H,H,,,,missingreplog_GX349+2.csv,,,Data replog,,,GX349+2,True,IR
ir070704.0198,GX 349+2,17:05:44.1,-36:25:14,2007-07-05,03:16:11.8,2454286.6362,30.0,1.01,J,J,,,,missingreplog_GX349+2.csv,,,Data replog,,,GX349+2,True,IR
ir070704.0197,GX 349+2,17:05:44.1,-36:25:25,2007-07-05,03:14:49.4,2454286.6353,30.1,1.01,J,J,,,,missingreplog_GX349+2.csv,,,Data replog,,,GX349+2,True,IR
ir070704.0196,GX 349+2,17:05:44.1,-36:25:25,2007-07-05,03:14:04.1,2454286.6348,30.0,1.01,J,J,,,,missingreplog_GX349+2.csv,,,Data replog,,,GX349+2,True,IR
ir070704.0195,GX 349+2,17:05:44.1,-36:25:25,2007-07-05,03:13:18.7,2454286.6342,30.0,1.01,J,J,,,,missingreplog_GX349+2.csv,,,Data replog,,,GX349+2,True,IR
ir070704.0194,GX 349+2,17:05:44.1,-36:25:25,2007-07-05,03:12:33.6,2454286.6337,30.1,1.01,J,J,,,,missingreplog_GX349+2.csv,,,Data replog,,,GX349+2,True,IR
ir070704.0193,GX 349+2,17:05:44.1,-36:25:25,2007-07-05,03:11:48.1,2454286.6332,30.1,1.01,J,J,,,,missingreplog_GX349+2.csv,,,Data replog,,,GX349+2,True,IR
ir070704.0192,GX 349+2,17:05:44.1,-36:25:25,2007-07-05,03:11:02.6,2454286.6327,30.0,1.01,J,J,,,,missingreplog_GX349+2.csv,,,Data replog,,,GX349+2,True,IR
ir070704.0191,GX 349+2,17:05:44.1,-36:25:26,2007-07-05,03:10:17.5,2454286.6321,30.0,1.01,J,J,,,,missingreplog_GX349+2.csv,,,Data replog,,,GX349+2,True,IR
ir070630.0222,GX 349+2,17:05:44.5,-36:25:14,2007-07-01,05:15:46.6,2454282.7193,30.0,1.11,J,J,,,,missingreplog_GX349+2.csv,,,Data replog,,,GX349+2,True,IR
ir070630.0221,GX 349+2,17:05:44.5,-36:25:13,2007-07-01,05:15:01.2,2454282.7188,30.0,1.11,J,J,,,,missingreplog_GX349+2.csv,,,Data replog,,,GX349+2,True,IR
ir070630.0220,GX 349+2,17:05:44.5,-36:25:13,2007-07-01,05:14:15.8,2454282.7182,30.0,1.11,J,J,,,,missingreplog_GX349+2.csv,,,Data replog,,,GX349+2,True,IR
ir080806.0139,GX349+2,17:05:44.0,-36:25:16,2008-08-07,02:48:00.8,2454685.6167,100.0,1.12,H,H,,,,missingreplog_GX349+2.csv,,,Data replog,,,GX349+2,True,IR
ir080806.0140,GX349+2,17:05:44.0,-36:25:16,2008-08-07,02:49:57.7,2454685.618,100.0,1.12,H,H,,,,missingreplog_GX349+2.csv,,,Data replog,,,GX349+2,True,IR
ir080806.0141,GX349+2,17:05:44.0,-36:25:16,2008-08-07,02:51:54.0,2454685.6194,100.0,1.12,H,H,,,,missingreplog_GX349+2.csv,,,Data replog,,,GX349+2,True,IR
ir080823.0191,GX349+2,17:05:44.5,-36:25:23,2008-08-24,02:13:09.6,2454702.5925,100.0,1.19,H,H,,,,missingreplog_GX349+2.csv,,,Data replog,,,GX349+2,True,IR
ir080701.0261,GX349+2,17:05:44.5,-36:25:22,2008-07-02,05:40:57.1,2454649.7368,100.0,1.19,H,H,,,,missingreplog_GX349+2.csv,,,Data replog,,,GX349+2,True,IR
ir080701.0260,GX349+2,17:05:44.5,-36:25:22,2008-07-02,05:39:00.3,2454649.7354,100.0,1.18,H,H,,,,missingreplog_GX349+2.csv,,,Data replog,,,GX349+2,True,IR
ir080701.0259,GX349+2,17:05:44.4,-36:25:22,2008-07-02,05:37:03.5,2454649.7341,100.0,1.18,H,H,,,,missingreplog_GX349+2.csv,,,Data replog,,,GX349+2,True,IR
ir080701.0258,GX349+2,17:05:44.5,-36:25:23,2008-07-02,05:35:07.1,2454649.7327,100.0,1.17,H,H,,,,missingreplog_GX349+2.csv,,,Data replog,,,GX349+2,True,IR
ir080630.0195,GX349+2,17:05:44.5,-36:25:20,2008-07-01,05:00:43.4,2454648.7089,100.0,1.09,H,H,,,,missingreplog_GX349+2.csv,,,Data replog,,,GX349+2,True,IR
ir080630.0194,GX349+2,17:05:44.5,-36:25:21,2008-07-01,04:58:47.1,2454648.7075,100.0,1.09,H,H,,,,missingreplog_GX349+2.csv,,,Data replog,,,GX349+2,True,IR
ir080630.0193,GX349+2,17:05:44.5,-36:25:21,2008-07-01,04:56:50.4,2454648.7062,100.0,1.09,H,H,,,,missingreplog_GX349+2.csv,,,Data replog,,,GX349+2,True,IR
ir080630.0192,GX349+2,17:05:44.5,-36:25:22,2008-07-01,04:54:53.7,2454648.7048,100.0,1.08,H,H,,,,missingreplog_GX349+2.csv,,,Data replog,,,GX349+2,True,IR
ir080630.0191,GX349+2,17:05:44.4,-36:25:22,2008-07-01,04:52:57.4,2454648.7035,100.0,1.08,H,H,,,,missingreplog_GX349+2.csv,,,Data replog,,,GX349+2,True,IR
ir081013.0046,GX349+2,17:05:44.5,-36:25:26,2008-10-14,00:30:42.2,2454753.5213,100.0,1.64,H,H,,,,missingreplog_GX349+2.csv,,,Data replog,,,GX349+2,True,IR
ir081013.0045,GX349+2,17:05:44.5,-36:25:26,2008-10-14,00:28:45.7,2454753.52,100.0,1.62,H,H,,,,missingreplog_GX349+2.csv,,,Data replog,,,GX349+2,True,IR
ir081013.0044,GX349+2,17:05:44.4,-36:25:25,2008-10-14,00:26:49.2,2454753.5186,100.0,1.61,H,H,,,,missingreplog_GX349+2.csv,,,Data replog,,,GX349+2,True,IR
ir081013.0043,GX349+2,17:05:44.4,-36:25:25,2008-10-14,00:24:52.6,2454753.5173,100.0,1.6,H,H,,,,missingreplog_GX349+2.csv,,,Data replog,,,GX349+2,True,IR
ir081013.0042,GX349+2,17:05:44.4,-36:25:24,2008-10-14,00:22:56.4,2454753.5159,100.0,1.58,H,H,,,,missingreplog_GX349+2.csv,,,Data replog,,,GX349+2,True,IR
ir080926.0089,GX349+2,17:05:42.8,-36:25:23,2008-09-27,01:24:41.6,2454736.5588,100.0,1.55,H,H,,,,missingreplog_GX349+2.csv,,,Data replog,,,GX349+2,True,IR
ir080926.0088,GX349+2,17:05:42.9,-36:25:23,2008-09-27,01:22:44.7,2454736.5575,100.0,1.54,H,H,,,,missingreplog_GX349+2.csv,,,Data replog,,,GX349+2,True,IR
ir080926.0087,GX349+2,17:05:43.0,-36:25:23,2008-09-27,01:18:40.7,2454736.5546,100.0,1.51,H,H,,,,missingreplog_GX349+2.csv,,,Data replog,,,GX349+2,True,IR
ir080926.0086,GX349+2,17:05:43.0,-36:25:23,2008-09-27,01:18:40.7,2454736.5546,100.0,1.51,H,H,,,,missingreplog_GX349+2.csv,,,Data replog,,,GX349+2,True,IR
ir080926.0085,GX349+2,17:05:43.0,-36:25:23,2008-09-27,01:16:43.8,2454736.5533,100.0,1.5,H,H,,,,missingreplog_GX349+2.csv,,,Data replog,,,GX349+2,True,IR
ir080823.0195,GX349+2,17:05:44.4,-36:25:22,2008-08-24,02:20:56.9,2454702.5979,100.0,1.21,H,H,,,,missingreplog_GX349+2.csv,,,Data replog,,,GX349+2,True,IR
ir080823.0194,GX349+2,17:05:44.5,-36:25:23,2008-08-24,02:19:00.0,2454702.5965,100.0,1.2,H,H,,,,missingreplog_GX349+2.csv,,,Data replog,,,GX349+2,True,IR
ir080823.0193,GX349+2,17:05:44.5,-36:25:23,2008-08-24,02:17:03.0,2454702.5952,100.0,1.2,H,H,,,,missingreplog_GX349+2.csv,,,Data replog,,,GX349+2,True,IR
ir080823.0192,GX349+2,17:05:44.5,-36:25:23,2008-08-24,02:15:06.1,2454702.5938,100.0,1.19,H,H,,,,missingreplog_GX349+2.csv,,,Data replog,,,GX349+2,True,IR
ir080929.0055,GX349+2,17:05:43.6,-36:25:29,2008-09-30,00:30:25.5,2454739.5211,100.0,1.33,H,H,,,,missingreplog_GX349+2.csv,,,Data replog,,,GX349+2,True,IR
ir080929.0057,GX349+2,17:05:43.6,-36:25:29,2008-09-30,00:32:22.4,2454739.5225,100.0,1.34,H,H,,,,missingreplog_GX349+2.csv,,,Data replog,,,GX349+2,True,IR
ir080929.0058,GX349+2,17:05:43.5,-36:25:30,2008-09-30,00:36:26.5,2454739.5253,100.0,1.36,H,H,,,,missingreplog_GX349+2.csv,,,Data replog,,,GX349+2,True,IR
ir081003.0069,GX349+2,17:05:44.8,-36:25:16,2008-10-04,00:59:46.8,2454743.5415,100.0,1.57,H,H,,,,missingreplog_GX349+2.csv,,,Data replog,,,GX349+2,True,IR
ir081010.0025,GX349+2,17:05:43.1,-36:25:27,2008-10-11,00:05:56.7,2454750.5041,100.0,1.42,H,H,,,,missingreplog_GX349+2.csv,,,Data replog,,,GX349+2,True,IR
ir081010.0024,GX349+2,17:05:43.1,-36:25:27,2008-10-11,00:04:00.0,2454750.5028,100.0,1.41,H,H,,,,missingreplog_GX349+2.csv,,,Data replog,,,GX349+2,True,IR
ir081010.0023,GX349+2,17:05:43.1,-36:25:27,2008-10-11,00:02:03.5,2454750.5014,100.0,1.4,H,H,,,,missingreplog_GX349+2.csv,,,Data replog,,,GX349+2,True,IR
ir081006.0079,GX349+2,17:05:44.5,-36:25:25,2008-10-07,01:34:23.7,2454746.5656,100.0,1.96,H,H,,,,missingreplog_GX349+2.csv,,,Data replog,,,GX349+2,True,IR
ir081006.0078,GX349+2,17:05:44.5,-36:25:24,2008-10-07,01:32:27.3,2454746.5642,100.0,1.94,H,H,,,,missingreplog_GX349+2.csv,,,Data replog,,,GX349+2,True,IR
ir081006.0077,GX349+2,17:05:44.4,-36:25:23,2008-10-07,01:30:30.7,2454746.5629,100.0,1.92,H,H,,,,missingreplog_GX349+2.csv,,,Data replog,,,GX349+2,True,IR
ir081006.0076,GX349+2,17:05:44.4,-36:25:22,2008-10-07,01:28:33.9,2454746.5615,100.0,1.9,H,H,,,,missingreplog_GX349+2.csv,,,Data replog,,,GX349+2,True,IR
ir081006.0075,GX349+2,17:05:44.4,-36:25:22,2008-10-07,01:26:37.4,2454746.5602,100.0,1.88,H,H,,,,missingreplog_GX349+2.csv,,,Data replog,,,GX349+2,True,IR
ir081003.0072,GX349+2,17:05:44.8,-36:25:18,2008-10-04,01:05:38.5,2454743.5456,100.0,1.61,H,H,,,,missingreplog_GX349+2.csv,,,Data replog,,,GX349+2,True,IR
ir081003.0071,GX349+2,17:05:44.8,-36:25:18,2008-10-04,01:03:41.6,2454743.5442,100.0,1.59,H,H,,,,missingreplog_GX349+2.csv,,,Data replog,,,GX349+2,True,IR
ir081003.0070,GX349+2,17:05:44.8,-36:25:17,2008-10-04,01:01:44.4,2454743.5429,100.0,1.58,H,H,,,,missingreplog_GX349+2.csv,,,Data replog,,,GX349+2,True,IR
ir081003.0068,GX349+2,17:05:44.8,-36:25:16,2008-10-04,00:57:49.6,2454743.5402,100.0,1.55,H,H,,,,missingreplog_GX349+2.csv,,,Data replog,,,GX349+2,True,IR
ir081002.0057,GX349+2,17:05:44.4,-36:25:22,2008-10-03,01:08:20.4,2454742.5475,100.0,1.6,H,H,,,,missingreplog_GX349+2.csv,,,Data replog,,,GX349+2,True,IR
ir081002.0056,GX349+2,17:05:44.4,-36:25:21,2008-10-03,01:06:23.4,2454742.5461,100.0,1.58,H,H,,,,missingreplog_GX349+2.csv,,,Data replog,,,GX349+2,True,IR
ir081002.0055,GX349+2,17:05:44.4,-36:25:21,2008-10-03,01:04:26.0,2454742.5447,100.0,1.57,H,H,,,,missingreplog_GX349+2.csv,,,Data replog,,,GX349+2,True,IR
ir081002.0054,GX349+2,17:05:44.4,-36:25:21,2008-10-03,01:02:28.9,2454742.5434,100.0,1.56,H,H,,,,missingreplog_GX349+2.csv,,,Data replog,,,GX349+2,True,IR
ir081002.0053,GX349+2,17:05:44.4,-36:25:22,2008-10-03,01:00:32.1,2454742.542,100.0,1.55,H,H,,,,missingreplog_GX349+2.csv,,,Data replog,,,GX349+2,True,IR
ir081001.0036,GX349+2,17:05:43.6,-36:25:29,2008-10-02,00:16:11.6,2454741.5112,100.0,1.31,H,H,,,,missingreplog_GX349+2.csv,,,Data replog,,,GX349+2,True,IR
ir081001.0035,GX349+2,17:05:43.7,-36:25:29,2008-10-02,00:14:14.6,2454741.5099,100.0,1.3,H,H,,,,missingreplog_GX349+2.csv,,,Data replog,,,GX349+2,True,IR
ir081001.0034,GX349+2,17:05:43.8,-36:25:29,2008-10-02,00:12:17.2,2454741.5085,100.0,1.29,H,H,,,,missingreplog_GX349+2.csv,,,Data replog,,,GX349+2,True,IR
ir081001.0033,GX349+2,17:05:43.8,-36:25:28,2008-10-02,00:10:20.0,2454741.5072,100.0,1.28,H,H,,,,missingreplog_GX349+2.csv,,,Data replog,,,GX349+2,True,IR
ir081001.0032,GX349+2,17:05:43.9,-36:25:28,2008-10-02,00:08:23.3,2454741.5058,100.0,1.28,H,H,,,,missingreplog_GX349+2.csv,,,Data replog,,,GX349+2,True,IR
ir080929.0059,GX349+2,17:05:43.5,-36:25:30,2008-09-30,00:38:23.6,2454739.5267,100.0,1.37,H,H,,,,missingreplog_GX349+2.csv,,,Data replog,,,GX349+2,True,IR
ir081010.0026,GX349+2,17:05:43.1,-36:25:27,2008-10-11,00:07:53.4,2454750.5055,100.0,1.43,H,H,,,,missingreplog_GX349+2.csv,,,Data replog,,,GX349+2,True,IR
ir081010.0027,GX349+2,17:05:43.1,-36:25:27,2008-10-11,00:09:50.0,2454750.5068,100.0,1.44,H,H,,,,missingreplog_GX349+2.csv,,,Data replog,,,GX349+2,True,IR
ir081017.0029,GX349+2,17:05:44.4,-36:25:22,2008-10-18,00:17:26.8,2454757.5121,100.0,1.65,H,H,,,,missingreplog_GX349+2.csv,,,Data replog,,,GX349+2,True,IR
ir081017.0030,GX349+2,17:05:44.4,-36:25:22,2008-10-18,00:19:23.2,2454757.5135,100.0,1.67,H,H,,,,missingreplog_GX349+2.csv,,,Data replog,,,GX349+2,True,IR
ir081022.0005,GX349+2,17:05:44.4,-36:25:24,2008-10-22,23:49:59.5,2454762.4931,100.0,1.6,H,H,,,,missingreplog_GX349+2.csv,,,Data replog,,,GX349+2,True,IR
ir081022.0004,GX349+2,17:05:44.4,-36:25:24,2008-10-22,23:48:02.8,2454762.4917,100.0,1.59,H,H,,,,missingreplog_GX349+2.csv,,,Data replog,,,GX349+2,True,IR
ir081022.0003,GX349+2,17:05:44.4,-36:25:23,2008-10-22,23:46:06.1,2454762.4904,100.0,1.57,H,H,,,,missingreplog_GX349+2.csv,,,Data replog,,,GX349+2,True,IR
ir081022.0002,GX349+2,17:05:44.4,-36:25:22,2008-10-22,23:44:09.3,2454762.489,100.0,1.56,H,H,,,,missingreplog_GX349+2.csv,,,Data replog,,,GX349+2,True,IR
ir081022.0001,GX349+2,17:05:44.4,-36:25:22,2008-10-22,23:42:12.8,2454762.4877,100.0,1.55,H,H,,,,missingreplog_GX349+2.csv,,,Data replog,,,GX349+2,True,IR
ir081024.0005,GX349+2,17:05:42.5,-36:25:23,2008-10-25,00:00:17.4,2454764.5002,100.0,1.74,H,H,,,,missingreplog_GX349+2.csv,,,Data replog,,,GX349+2,True,IR
ir081024.0004,GX349+2,17:05:42.5,-36:25:22,2008-10-24,23:58:20.7,2454764.4989,100.0,1.72,H,H,,,,missingreplog_GX349+2.csv,,,Data replog,,,GX349+2,True,IR
ir081024.0003,GX349+2,17:05:42.5,-36:25:22,2008-10-24,23:56:23.6,2454764.4975,100.0,1.7,H,H,,,,missingreplog_GX349+2.csv,,,Data replog,,,GX349+2,True,IR
ir081024.0002,GX349+2,17:05:42.5,-36:25:21,2008-10-24,23:54:26.7,2454764.4961,100.0,1.69,H,H,,,,missingreplog_GX349+2.csv,,,Data replog,,,GX349+2,True,IR
ir081024.0001,GX349+2,17:05:42.5,-36:25:21,2008-10-24,23:52:29.6,2454764.4948,100.0,1.67,H,H,,,,missingreplog_GX349+2.csv,,,Data replog,,,GX349+2,True,IR
ir081020.0017,GX349+2,17:05:44.4,-36:25:24,2008-10-20,23:57:39.1,2454760.4984,100.0,1.6,H,H,,,,missingreplog_GX349+2.csv,,,Data replog,,,GX349+2,True,IR
ir081020.0016,GX349+2,17:05:44.3,-36:25:23,2008-10-20,23:55:42.4,2454760.497,100.0,1.58,H,H,,,,missingreplog_GX349+2.csv,,,Data replog,,,GX349+2,True,IR
ir081020.0015,GX349+2,17:05:44.3,-36:25:23,2008-10-20,23:53:45.7,2454760.4957,100.0,1.57,H,H,,,,missingreplog_GX349+2.csv,,,Data replog,,,GX349+2,True,IR
ir081020.0014,GX349+2,17:05:44.3,-36:25:23,2008-10-20,23:51:49.2,2454760.4943,100.0,1.56,H,H,,,,missingreplog_GX349+2.csv,,,Data replog,,,GX349+2,True,IR
ir081020.0013,GX349+2,17:05:44.4,-36:25:23,2008-10-20,23:49:52.5,2454760.493,100.0,1.55,H,H,,,,missingreplog_GX349+2.csv,,,Data replog,,,GX349+2,True,IR
ir081019.0029,GX349+2,17:05:44.4,-36:25:25,2008-10-20,00:13:06.8,2454759.5091,100.0,1.68,H,H,,,,missingreplog_GX349+2.csv,,,Data replog,,,GX349+2,True,IR
ir081019.0028,GX349+2,17:05:44.4,-36:25:25,2008-10-20,00:11:10.2,2454759.5078,100.0,1.67,H,H,,,,missingreplog_GX349+2.csv,,,Data replog,,,GX349+2,True,IR
ir081019.0027,GX349+2,17:05:44.4,-36:25:25,2008-10-20,00:09:13.5,2454759.5064,100.0,1.65,H,H,,,,missingreplog_GX349+2.csv,,,Data replog,,,GX349+2,True,IR
ir081019.0026,GX349+2,17:05:44.4,-36:25:24,2008-10-20,00:07:16.5,2454759.505,100.0,1.64,H,H,,,,missingreplog_GX349+2.csv,,,Data replog,,,GX349+2,True,IR
ir081019.0025,GX349+2,17:05:44.4,-36:25:22,2008-10-20,00:05:19.7,2454759.5037,100.0,1.62,H,H,,,,missingreplog_GX349+2.csv,,,Data replog,,,GX349+2,True,IR
ir081017.0033,GX349+2,17:05:44.4,-36:25:23,2008-10-18,00:25:13.6,2454757.5175,100.0,1.72,H,H,,,,missingreplog_GX349+2.csv,,,Data replog,,,GX349+2,True,IR
ir081017.0032,GX349+2,17:05:44.4,-36:25:22,2008-10-18,00:23:17.1,2454757.5162,100.0,1.7,H,H,,,,missingreplog_GX349+2.csv,,,Data replog,,,GX349+2,True,IR
ir081017.0031,GX349+2,17:05:44.4,-36:25:23,2008-10-18,00:21:20.2,2454757.5148,100.0,1.68,H,H,,,,missingreplog_GX349+2.csv,,,Data replog,,,GX349+2,True,IR
binir070704.0204.fits,GX 349+2,17:05:44.29,-36:25:14.2,2007-07-05,03:20:43.826,2454286.6394,30.04,1.01,V,J,1170,1908,2020,IR_CD_header_logs/LOG_MULTI.20070630thru20070709.csv,IR_CD_header_logs/,MULTI,CD,YALE-03A-0001,,GX349+2,True,IR
binir070704.0198.fits,GX 349+2,17:05:44.17,-36:25:14.3,2007-07-05,03:16:11.808,2454286.63625,30.04,1.01,V,J,1210,1868,2020,IR_CD_header_logs/LOG_MULTI.20070630thru20070709.csv,IR_CD_header_logs/,MULTI,CD,YALE-03A-0001,,GX349+2,True,IR
binir070704.0197.fits,GX 349+2,17:05:44.15,-36:25:25.1,2007-07-05,03:14:49.481,2454286.63529,30.05,1.01,I,J,1170,1908,2020,IR_CD_header_logs/LOG_MULTI.20070630thru20070709.csv,IR_CD_header_logs/,MULTI,CD,YALE-03A-0001,,GX349+2,True,IR
binir070704.0195.fits,GX 349+2,17:05:44.13,-36:25:25.3,2007-07-05,03:13:18.763,2454286.63424,30.04,1.01,I,J,1210,1828,2060,IR_CD_header_logs/LOG_MULTI.20070630thru20070709.csv,IR_CD_header_logs/,MULTI,CD,YALE-03A-0001,,GX349+2,True,IR
binir070704.0194.fits,GX 349+2,17:05:44.11,-36:25:25.5,2007-07-05,03:12:33.626,2454286.63372,30.05,1.01,I,J,1250,1828,2020,IR_CD_header_logs/LOG_MULTI.20070630thru20070709.csv,IR_CD_header_logs/,MULTI,CD,YALE-03A-0001,,GX349+2,True,IR
binir070704.0193.fits,GX 349+2,17:05:44.11,-36:25:25.6,2007-07-05,03:11:48.158,2454286.6332,30.05,1.01,I,J,1170,1868,2060,IR_CD_header_logs/LOG_MULTI.20070630thru20070709.csv,IR_CD_header_logs/,MULTI,CD,YALE-03A-0001,,GX349+2,True,IR
binir070704.0192.fits,GX 349+2,17:05:44.11,-36:25:25.8,2007-07-05,03:11:02.670,2454286.63267,30.04,1.01,I,J,1210,1908,1980,IR_CD_header_logs/LOG_MULTI.20070630thru20070709.csv,IR_CD_header_logs/,MULTI,CD,YALE-03A-0001,,GX349+2,True,IR
binir070704.0191.fits,GX 349+2,17:05:44.14,-36:25:26.1,2007-07-05,03:10:17.503,2454286.63215,30.04,1.01,I,J,1210,1868,2020,IR_CD_header_logs/LOG_MULTI.20070630thru20070709.csv,IR_CD_header_logs/,MULTI,CD,YALE-03A-0001,,GX349+2,True,IR
binir070704.0199.fits,GX 349+2,17:05:44.19,-36:25:14.1,2007-07-05,03:16:56.980,2454286.63677,30.04,1.01,V,J,1210,1908,1980,IR_CD_header_logs/LOG_MULTI.20070630thru20070709.csv,IR_CD_header_logs/,MULTI,CD,YALE-03A-0001,,GX349+2,True,IR
binir070704.0200.fits,GX 349+2,17:05:44.20,-36:25:14.2,2007-07-05,03:17:42.456,2454286.6373,30.05,1.01,V,J,1170,1868,2060,IR_CD_header_logs/LOG_MULTI.20070630thru20070709.csv,IR_CD_header_logs/,MULTI,CD,YALE-03A-0001,,GX349+2,True,IR
binir070704.0202.fits,GX 349+2,17:05:44.27,-36:25:13.9,2007-07-05,03:19:13.089,2454286.63835,30.05,1.01,V,J,1210,1828,2060,IR_CD_header_logs/LOG_MULTI.20070630thru20070709.csv,IR_CD_header_logs/,MULTI,CD,YALE-03A-0001,,GX349+2,True,IR
binir070704.0201.fits,GX 349+2,17:05:44.24,-36:25:14.1,2007-07-05,03:18:27.952,2454286.63782,30.05,1.01,V,J,1250,1828,2020,IR_CD_header_logs/LOG_MULTI.20070630thru20070709.csv,IR_CD_header_logs/,MULTI,CD,YALE-03A-0001,,GX349+2,True,IR
binir070704.0196.fits,GX 349+2,17:05:44.15,-36:25:25.2,2007-07-05,03:14:04.126,2454286.63477,30.04,1.01,I,J,1250,1868,1980,IR_CD_header_logs/LOG_MULTI.20070630thru20070709.csv,IR_CD_header_logs/,MULTI,CD,YALE-03A-0001,,GX349+2,True,IR
binir070704.0203.fits,GX 349+2,17:05:44.29,-36:25:13.9,2007-07-05,03:19:58.470,2454286.63887,30.04,1.01,V,J,1250,1868,1980,IR_CD_header_logs/LOG_MULTI.20070630thru20070709.csv,IR_CD_header_logs/,MULTI,CD,YALE-03A-0001,,GX349+2,True,IR
binir070630.0209.fits,GX 349+2,17:05:44.48,-36:25:23.0,2007-07-01,05:05:13.249,2454282.71196,30.04,1.1,I,J,1210,1868,2020,IR_CD_header_logs/LOG_MULTI.20070630thru20070709.csv,IR_CD_header_logs/,MULTI,CD,YALE-03A-0001,,GX349+2,True,IR
binir070630.0220.fits,GX 349+2,17:05:44.53,-36:25:13.9,2007-07-01,05:14:15.892,2454282.71824,30.04,1.11,V,J,1210,1828,2060,IR_CD_header_logs/LOG_MULTI.20070630thru20070709.csv,IR_CD_header_logs/,MULTI,CD,YALE-03A-0001,,GX349+2,True,IR
binir070630.0222.fits,GX 349+2,17:05:44.58,-36:25:14.1,2007-07-01,05:15:46.635,2454282.71929,30.04,1.11,V,J,1170,1908,2020,IR_CD_header_logs/LOG_MULTI.20070630thru20070709.csv,IR_CD_header_logs/,MULTI,CD,YALE-03A-0001,,GX349+2,True,IR
binir070630.0221.fits,GX 349+2,17:05:44.53,-36:25:13.9,2007-07-01,05:15:01.247,2454282.71876,30.04,1.11,V,J,1250,1868,1980,IR_CD_header_logs/LOG_MULTI.20070630thru20070709.csv,IR_CD_header_logs/,MULTI,CD,YALE-03A-0001,,GX349+2,True,IR
binir070630.0210.fits,GX 349+2,17:05:44.49,-36:25:23.0,2007-07-01,05:05:58.361,2454282.71248,30.04,1.1,I,J,1210,1908,1980,IR_CD_header_logs/LOG_MULTI.20070630thru20070709.csv,IR_CD_header_logs/,MULTI,CD,YALE-03A-0001,,GX349+2,True,IR
binir070630.0219.fits,GX 349+2,17:05:44.52,-36:25:13.7,2007-07-01,05:13:30.762,2454282.71772,30.04,1.11,V,J,1250,1828,2020,IR_CD_header_logs/LOG_MULTI.20070630thru20070709.csv,IR_CD_header_logs/,MULTI,CD,YALE-03A-0001,,GX349+2,True,IR
binir070630.0218.fits,GX 349+2,17:05:44.56,-36:25:13.5,2007-07-01,05:12:45.282,2454282.71719,30.05,1.11,V,J,1170,1868,2060,IR_CD_header_logs/LOG_MULTI.20070630thru20070709.csv,IR_CD_header_logs/,MULTI,CD,YALE-03A-0001,,GX349+2,True,IR
binir070630.0217.fits,GX 349+2,17:05:44.52,-36:25:13.4,2007-07-01,05:11:59.790,2454282.71666,30.05,1.11,V,J,1210,1908,1980,IR_CD_header_logs/LOG_MULTI.20070630thru20070709.csv,IR_CD_header_logs/,MULTI,CD,YALE-03A-0001,,GX349+2,True,IR
binir070630.0216.fits,GX 349+2,17:05:44.53,-36:25:13.4,2007-07-01,05:11:14.616,2454282.71614,30.05,1.11,V,J,1210,1868,2020,IR_CD_header_logs/LOG_MULTI.20070630thru20070709.csv,IR_CD_header_logs/,MULTI,CD,YALE-03A-0001,,GX349+2,True,IR
binir070630.0215.fits,GX 349+2,17:05:44.55,-36:25:23.7,2007-07-01,05:09:45.314,2454282.71511,30.04,1.1,I,J,1170,1908,2020,IR_CD_header_logs/LOG_MULTI.20070630thru20070709.csv,IR_CD_header_logs/,MULTI,CD,YALE-03A-0001,,GX349+2,True,IR
binir070630.0214.fits,GX 349+2,17:05:44.53,-36:25:23.5,2007-07-01,05:08:59.917,2454282.71458,30.04,1.1,I,J,1250,1868,1980,IR_CD_header_logs/LOG_MULTI.20070630thru20070709.csv,IR_CD_header_logs/,MULTI,CD,YALE-03A-0001,,GX349+2,True,IR
binir070630.0213.fits,GX 349+2,17:05:44.51,-36:25:23.2,2007-07-01,05:08:14.618,2454282.71406,30.05,1.1,I,J,1210,1828,2060,IR_CD_header_logs/LOG_MULTI.20070630thru20070709.csv,IR_CD_header_logs/,MULTI,CD,YALE-03A-0001,,GX349+2,True,IR
binir070630.0212.fits,GX 349+2,17:05:44.49,-36:25:23.0,2007-07-01,05:07:29.423,2454282.71354,30.05,1.1,I,J,1250,1828,2020,IR_CD_header_logs/LOG_MULTI.20070630thru20070709.csv,IR_CD_header_logs/,MULTI,CD,YALE-03A-0001,,GX349+2,True,IR
binir070630.0211.fits,GX 349+2,17:05:44.49,-36:25:23.0,2007-07-01,05:06:43.890,2454282.71301,30.05,1.1,I,J,1170,1868,2060,IR_CD_header_logs/LOG_MULTI.20070630thru20070709.csv,IR_CD_header_logs/,MULTI,CD,YALE-03A-0001,,GX349+2,True,IR
