filename,OBJECT,RA,DEC,DATE-OBS,TIME-OBS,JD,EXPTIME,SECZ,CCDFLTID,IRFLTID,TILT1,TILT2,TILT3,log name,Location,prop name help,Physical loc,OWNER,full path,proper name,xrb,source
rccd070703.0060.fits,GX 9+9,17:31:44.93,-16:57:27.5,2007-07-04,06:17:06.548,2454285.76188,300.0,1.32,V,J,1210.0,1868.0,2020.0,other/LOG_temp_archive_2_2.csv,miniarchive,temp_archive_2_2,Disk,YALE-03A-0001,,GX9+9,True,optical
rccd070703.0059.fits,GX 9+9,17:31:44.82,-16:57:37.4,2007-07-04,06:11:12.515,2454285.75778,300.0,1.29,I,J,1210.0,1868.0,2020.0,other/LOG_temp_archive_2_2.csv,miniarchive,temp_archive_2_2,Disk,YALE-03A-0001,,GX9+9,True,optical
rccd070702.0066.fits,GX 9+9,17:31:44.19,-16:57:32.1,2007-07-03,05:27:21.875,2454284.72734,300.0,1.15,V,J,1210.0,1868.0,2020.0,other/LOG_temp_archive_2_2.csv,miniarchive,temp_archive_2_2,Disk,YALE-03A-0001,,GX9+9,True,optical
rccd070702.0065.fits,GX 9+9,17:31:44.17,-16:57:41.8,2007-07-03,05:21:27.423,2454284.72324,300.0,1.13,I,J,1210.0,1868.0,2020.0,other/LOG_temp_archive_2_2.csv,miniarchive,temp_archive_2_2,Disk,YALE-03A-0001,,GX9+9,True,optical
ir100714.0266,GX9+9,17:31:44.1,-16:57:42,2010-07-15,05:56:07.9,2455392.7474,100.0,1.43,H,H,,,,missingreplog_GX9+9.csv,,,Data replog,,,GX9+9,True,IR
ir100725.0189,GX9+9,17:31:44.1,-16:57:41,2010-07-26,03:31:24.5,2455403.6468,100.0,1.1,H,H,,,,missingreplog_GX9+9.csv,,,Data replog,,,GX9+9,True,IR
ir100725.0188,GX9+9,17:31:44.1,-16:57:41,2010-07-26,03:29:28.0,2455403.6455,100.0,1.1,H,H,,,,missingreplog_GX9+9.csv,,,Data replog,,,GX9+9,True,IR
ir100725.0187,GX9+9,17:31:44.1,-16:57:41,2010-07-26,03:27:31.1,2455403.6441,100.0,1.09,H,H,,,,missingreplog_GX9+9.csv,,,Data replog,,,GX9+9,True,IR
ir100725.0186,GX9+9,17:31:44.1,-16:57:41,2010-07-26,03:25:34.3,2455403.6428,100.0,1.09,H,H,,,,missingreplog_GX9+9.csv,,,Data replog,,,GX9+9,True,IR
ir100725.0185,GX9+9,17:31:44.1,-16:57:41,2010-07-26,03:23:37.7,2455403.6414,100.0,1.09,H,H,,,,missingreplog_GX9+9.csv,,,Data replog,,,GX9+9,True,IR
ir100715.0121,GX9+9,17:31:44.5,-16:57:42,2010-07-16,02:42:31.7,2455393.6129,100.0,1.03,H,H,,,,missingreplog_GX9+9.csv,,,Data replog,,,GX9+9,True,IR
ir100715.0120,GX9+9,17:31:44.4,-16:57:42,2010-07-16,02:40:35.8,2455393.6115,100.0,1.03,H,H,,,,missingreplog_GX9+9.csv,,,Data replog,,,GX9+9,True,IR
ir100715.0119,GX9+9,17:31:44.4,-16:57:42,2010-07-16,02:38:39.1,2455393.6102,100.0,1.03,H,H,,,,missingreplog_GX9+9.csv,,,Data replog,,,GX9+9,True,IR
ir100715.0118,GX9+9,17:31:44.3,-16:57:43,2010-07-16,02:36:42.4,2455393.6088,100.0,1.03,H,H,,,,missingreplog_GX9+9.csv,,,Data replog,,,GX9+9,True,IR
ir100715.0117,GX9+9,17:31:44.3,-16:57:43,2010-07-16,02:34:45.8,2455393.6075,100.0,1.03,H,H,,,,missingreplog_GX9+9.csv,,,Data replog,,,GX9+9,True,IR
ir100715.0116,GX9+9,17:31:44.2,-16:57:42,2010-07-16,02:29:29.1,2455393.6038,100.0,1.03,H,H,,,,missingreplog_GX9+9.csv,,,Data replog,,,GX9+9,True,IR
ir100714.0265,GX9+9,17:31:44.2,-16:57:42,2010-07-15,05:54:11.5,2455392.746,100.0,1.42,H,H,,,,missingreplog_GX9+9.csv,,,Data replog,,,GX9+9,True,IR
ir100710.0128,GX9+9,17:31:44.2,-16:57:41,2010-07-11,02:07:04.1,2455388.5883,100.0,1.05,H,H,,,,missingreplog_GX9+9.csv,,,Data replog,,,GX9+9,True,IR
ir100714.0264,GX9+9,17:31:44.2,-16:57:41,2010-07-15,05:52:14.8,2455392.7447,100.0,1.41,H,H,,,,missingreplog_GX9+9.csv,,,Data replog,,,GX9+9,True,IR
ir100714.0263,GX9+9,17:31:44.1,-16:57:40,2010-07-15,05:50:18.1,2455392.7433,100.0,1.4,H,H,,,,missingreplog_GX9+9.csv,,,Data replog,,,GX9+9,True,IR
ir100714.0262,GX9+9,17:31:44.2,-16:57:40,2010-07-15,05:48:21.8,2455392.742,100.0,1.39,H,H,,,,missingreplog_GX9+9.csv,,,Data replog,,,GX9+9,True,IR
ir100712.0174,GX9+9,17:31:44.1,-16:57:41,2010-07-13,04:35:52.3,2455390.6916,100.0,1.12,H,H,,,,missingreplog_GX9+9.csv,,,Data replog,,,GX9+9,True,IR
ir100712.0173,GX9+9,17:31:44.1,-16:57:41,2010-07-13,04:33:56.3,2455390.6903,100.0,1.12,H,H,,,,missingreplog_GX9+9.csv,,,Data replog,,,GX9+9,True,IR
ir100712.0172,GX9+9,17:31:44.1,-16:57:41,2010-07-13,04:31:59.6,2455390.6889,100.0,1.12,H,H,,,,missingreplog_GX9+9.csv,,,Data replog,,,GX9+9,True,IR
ir100712.0171,GX9+9,17:31:44.1,-16:57:42,2010-07-13,04:30:02.8,2455390.6876,100.0,1.11,H,H,,,,missingreplog_GX9+9.csv,,,Data replog,,,GX9+9,True,IR
ir100712.0170,GX9+9,17:31:44.1,-16:57:42,2010-07-13,04:28:06.6,2455390.6862,100.0,1.11,H,H,,,,missingreplog_GX9+9.csv,,,Data replog,,,GX9+9,True,IR
ir100710.0132,GX9+9,17:31:44.0,-16:57:41,2010-07-11,02:14:50.6,2455388.5937,100.0,1.04,H,H,,,,missingreplog_GX9+9.csv,,,Data replog,,,GX9+9,True,IR
ir100710.0131,GX9+9,17:31:44.0,-16:57:41,2010-07-11,02:12:54.2,2455388.5923,100.0,1.05,H,H,,,,missingreplog_GX9+9.csv,,,Data replog,,,GX9+9,True,IR
ir100710.0130,GX9+9,17:31:44.0,-16:57:41,2010-07-11,02:10:57.3,2455388.591,100.0,1.05,H,H,,,,missingreplog_GX9+9.csv,,,Data replog,,,GX9+9,True,IR
ir100726.0132,GX9+9,17:31:44.1,-17:01:53,2010-07-27,01:46:20.6,2455404.5738,100.0,1.03,H,H,,,,missingreplog_GX9+9.csv,,,Data replog,,,GX9+9,True,IR
ir100726.0133,GX9+9,17:31:44.1,-16:57:42,2010-07-27,01:48:16.7,2455404.5752,100.0,1.03,H,H,,,,missingreplog_GX9+9.csv,,,Data replog,,,GX9+9,True,IR
ir100726.0134,GX9+9,17:31:44.2,-16:57:42,2010-07-27,01:50:13.5,2455404.5765,100.0,1.03,H,H,,,,missingreplog_GX9+9.csv,,,Data replog,,,GX9+9,True,IR
ir100726.0135,GX9+9,17:31:44.1,-16:57:42,2010-07-27,01:52:10.2,2455404.5779,100.0,1.03,H,H,,,,missingreplog_GX9+9.csv,,,Data replog,,,GX9+9,True,IR
ir100804.0214,GX9+9,17:31:45.5,-16:57:48,2010-08-05,03:19:56.4,2455413.6389,100.0,1.15,H,H,,,,missingreplog_GX9+9.csv,,,Data replog,,,GX9+9,True,IR
ir100804.0213,GX9+9,17:31:45.4,-16:57:48,2010-08-05,03:18:00.3,2455413.6375,100.0,1.15,H,H,,,,missingreplog_GX9+9.csv,,,Data replog,,,GX9+9,True,IR
ir100803.0169,GX9+9,17:31:44.5,-16:57:44,2010-08-04,02:29:00.6,2455412.6035,100.0,1.06,H,H,,,,missingreplog_GX9+9.csv,,,Data replog,,,GX9+9,True,IR
ir100803.0168,GX9+9,17:31:44.5,-16:57:44,2010-08-04,02:27:04.7,2455412.6021,100.0,1.06,H,H,,,,missingreplog_GX9+9.csv,,,Data replog,,,GX9+9,True,IR
ir100803.0167,GX9+9,17:31:44.4,-16:57:45,2010-08-04,02:25:08.3,2455412.6008,100.0,1.06,H,H,,,,missingreplog_GX9+9.csv,,,Data replog,,,GX9+9,True,IR
ir100803.0166,GX9+9,17:31:44.4,-16:57:45,2010-08-04,02:23:11.7,2455412.5994,100.0,1.05,H,H,,,,missingreplog_GX9+9.csv,,,Data replog,,,GX9+9,True,IR
ir100803.0165,GX9+9,17:31:44.4,-16:57:45,2010-08-04,02:21:15.7,2455412.5981,100.0,1.05,H,H,,,,missingreplog_GX9+9.csv,,,Data replog,,,GX9+9,True,IR
ir100802.0228,GX9+9,17:31:44.0,-16:57:56,2010-08-03,05:16:05.8,2455411.7195,100.0,1.67,H,H,,,,missingreplog_GX9+9.csv,,,Data replog,,,GX9+9,True,IR
ir100802.0227,GX9+9,17:31:44.0,-16:57:56,2010-08-03,05:14:09.8,2455411.7182,100.0,1.65,H,H,,,,missingreplog_GX9+9.csv,,,Data replog,,,GX9+9,True,IR
ir100802.0226,GX9+9,17:31:44.0,-16:57:56,2010-08-03,05:12:13.3,2455411.7168,100.0,1.64,H,H,,,,missingreplog_GX9+9.csv,,,Data replog,,,GX9+9,True,IR
ir100802.0225,GX9+9,17:31:44.0,-16:57:55,2010-08-03,05:10:16.8,2455411.7155,100.0,1.62,H,H,,,,missingreplog_GX9+9.csv,,,Data replog,,,GX9+9,True,IR
ir100802.0224,GX9+9,17:31:44.0,-16:57:55,2010-08-03,05:08:20.6,2455411.7141,100.0,1.61,H,H,,,,missingreplog_GX9+9.csv,,,Data replog,,,GX9+9,True,IR
ir100731.0176,GX9+9,17:31:43.7,-16:57:44,2010-08-01,04:43:42.8,2455409.697,100.0,1.4,H,H,,,,missingreplog_GX9+9.csv,,,Data replog,,,GX9+9,True,IR
ir100731.0175,GX9+9,17:31:43.8,-16:57:44,2010-08-01,04:41:46.9,2455409.6957,100.0,1.39,H,H,,,,missingreplog_GX9+9.csv,,,Data replog,,,GX9+9,True,IR
ir100731.0174,GX9+9,17:31:43.8,-16:57:43,2010-08-01,04:39:50.4,2455409.6943,100.0,1.38,H,H,,,,missingreplog_GX9+9.csv,,,Data replog,,,GX9+9,True,IR
ir100731.0173,GX9+9,17:31:43.9,-16:57:43,2010-08-01,04:37:53.9,2455409.693,100.0,1.37,H,H,,,,missingreplog_GX9+9.csv,,,Data replog,,,GX9+9,True,IR
ir100731.0172,GX9+9,17:31:43.9,-16:57:44,2010-08-01,04:35:57.9,2455409.6916,100.0,1.36,H,H,,,,missingreplog_GX9+9.csv,,,Data replog,,,GX9+9,True,IR
ir100730.0100,GX9+9,17:31:45.2,-16:57:43,2010-07-31,02:32:14.9,2455408.6057,100.0,1.05,H,H,,,,missingreplog_GX9+9.csv,,,Data replog,,,GX9+9,True,IR
ir100730.0099,GX9+9,17:31:45.2,-16:57:44,2010-07-31,02:30:18.8,2455408.6044,100.0,1.05,H,H,,,,missingreplog_GX9+9.csv,,,Data replog,,,GX9+9,True,IR
ir100730.0098,GX9+9,17:31:45.1,-16:57:44,2010-07-31,02:28:22.4,2455408.603,100.0,1.05,H,H,,,,missingreplog_GX9+9.csv,,,Data replog,,,GX9+9,True,IR
ir100730.0097,GX9+9,17:31:45.2,-16:57:44,2010-07-31,02:26:25.9,2455408.6017,100.0,1.04,H,H,,,,missingreplog_GX9+9.csv,,,Data replog,,,GX9+9,True,IR
ir100730.0096,GX9+9,17:31:45.2,-16:57:44,2010-07-31,02:24:29.3,2455408.6003,100.0,1.04,H,H,,,,missingreplog_GX9+9.csv,,,Data replog,,,GX9+9,True,IR
ir100726.0136,GX9+9,17:31:44.2,-16:57:42,2010-07-27,01:54:06.7,2455404.5792,100.0,1.03,H,H,,,,missingreplog_GX9+9.csv,,,Data replog,,,GX9+9,True,IR
ir100710.0129,GX9+9,17:31:44.1,-16:57:41,2010-07-11,02:09:00.6,2455388.5896,100.0,1.05,H,H,,,,missingreplog_GX9+9.csv,,,Data replog,,,GX9+9,True,IR
ir100709.0218,GX9+9,17:31:44.3,-16:57:42,2010-07-10,04:10:28.0,2455387.6739,100.0,1.06,H,H,,,,missingreplog_GX9+9.csv,,,Data replog,,,GX9+9,True,IR
ir100804.0216,GX9+9,17:31:45.4,-16:57:49,2010-08-05,03:23:49.5,2455413.6415,100.0,1.16,H,H,,,,missingreplog_GX9+9.csv,,,Data replog,,,GX9+9,True,IR
ir100627.0153,GX9+9,17:31:44.2,-16:57:43,2010-06-28,02:10:55.6,2455375.5909,100.0,1.12,H,H,,,,missingreplog_GX9+9.csv,,,Data replog,,,GX9+9,True,IR
ir100630.0231,GX9+9,17:31:44.2,-16:57:42,2010-07-01,04:04:44.4,2455378.67,100.0,1.03,H,H,,,,missingreplog_GX9+9.csv,,,Data replog,,,GX9+9,True,IR
ir100629.0241,GX9+9,17:31:44.2,-16:57:43,2010-06-30,04:38:42.7,2455377.6936,100.0,1.05,H,H,,,,missingreplog_GX9+9.csv,,,Data replog,,,GX9+9,True,IR
ir100629.0240,GX9+9,17:31:44.2,-16:57:43,2010-06-30,04:36:46.3,2455377.6922,100.0,1.05,H,H,,,,missingreplog_GX9+9.csv,,,Data replog,,,GX9+9,True,IR
ir100629.0239,GX9+9,17:31:44.2,-16:57:43,2010-06-30,04:34:49.3,2455377.6909,100.0,1.05,H,H,,,,missingreplog_GX9+9.csv,,,Data replog,,,GX9+9,True,IR
ir100629.0238,GX9+9,17:31:44.2,-16:57:43,2010-06-30,04:32:52.6,2455377.6895,100.0,1.05,H,H,,,,missingreplog_GX9+9.csv,,,Data replog,,,GX9+9,True,IR
ir100629.0237,GX9+9,17:31:44.1,-16:57:42,2010-06-30,04:30:56.2,2455377.6882,100.0,1.05,H,H,,,,missingreplog_GX9+9.csv,,,Data replog,,,GX9+9,True,IR
ir100628.0261,GX9+9,17:31:44.5,-16:57:38,2010-06-29,04:51:27.9,2455376.7024,100.0,1.06,H,H,,,,missingreplog_GX9+9.csv,,,Data replog,,,GX9+9,True,IR
ir100628.0260,GX9+9,17:31:44.5,-16:57:38,2010-06-29,04:49:31.4,2455376.7011,100.0,1.06,H,H,,,,missingreplog_GX9+9.csv,,,Data replog,,,GX9+9,True,IR
ir100628.0259,GX9+9,17:31:44.3,-16:57:38,2010-06-29,04:47:35.0,2455376.6997,100.0,1.06,H,H,,,,missingreplog_GX9+9.csv,,,Data replog,,,GX9+9,True,IR
ir100628.0258,GX9+9,17:31:44.3,-16:57:38,2010-06-29,04:45:38.5,2455376.6984,100.0,1.06,H,H,,,,missingreplog_GX9+9.csv,,,Data replog,,,GX9+9,True,IR
ir100628.0257,GX9+9,17:31:44.2,-16:57:41,2010-06-29,04:43:42.6,2455376.697,100.0,1.05,H,H,,,,missingreplog_GX9+9.csv,,,Data replog,,,GX9+9,True,IR
ir100627.0152,GX9+9,17:31:44.2,-16:57:43,2010-06-28,02:08:59.2,2455375.5896,100.0,1.12,H,H,,,,missingreplog_GX9+9.csv,,,Data replog,,,GX9+9,True,IR
ir100709.0217,GX9+9,17:31:44.3,-16:57:42,2010-07-10,04:08:31.1,2455387.6726,100.0,1.06,H,H,,,,missingreplog_GX9+9.csv,,,Data replog,,,GX9+9,True,IR
ir100627.0151,GX9+9,17:31:44.2,-16:57:42,2010-06-28,02:07:02.5,2455375.5882,100.0,1.12,H,H,,,,missingreplog_GX9+9.csv,,,Data replog,,,GX9+9,True,IR
ir100627.0150,GX9+9,17:31:44.1,-16:57:42,2010-06-28,02:05:05.8,2455375.5869,100.0,1.13,H,H,,,,missingreplog_GX9+9.csv,,,Data replog,,,GX9+9,True,IR
ir100627.0149,GX9+9,17:31:44.1,-16:57:42,2010-06-28,02:03:09.5,2455375.5855,100.0,1.13,H,H,,,,missingreplog_GX9+9.csv,,,Data replog,,,GX9+9,True,IR
ir100626.0254,GX9+9,17:31:44.1,-16:57:40,2010-06-27,05:24:10.5,2455374.7251,100.0,1.1,H,H,,,,missingreplog_GX9+9.csv,,,Data replog,,,GX9+9,True,IR
ir100626.0253,GX9+9,17:31:44.2,-16:57:40,2010-06-27,05:22:14.4,2455374.7238,100.0,1.09,H,H,,,,missingreplog_GX9+9.csv,,,Data replog,,,GX9+9,True,IR
ir100626.0252,GX9+9,17:31:44.2,-16:57:41,2010-06-27,05:20:17.9,2455374.7224,100.0,1.09,H,H,,,,missingreplog_GX9+9.csv,,,Data replog,,,GX9+9,True,IR
ir100626.0251,GX9+9,17:31:44.1,-16:57:41,2010-06-27,05:18:21.2,2455374.7211,100.0,1.09,H,H,,,,missingreplog_GX9+9.csv,,,Data replog,,,GX9+9,True,IR
ir100626.0250,GX9+9,17:31:44.2,-16:57:41,2010-06-27,05:16:25.2,2455374.7197,100.0,1.08,H,H,,,,missingreplog_GX9+9.csv,,,Data replog,,,GX9+9,True,IR
ir100621.0221,GX9+9,17:31:45.0,-16:57:42,2010-06-22,04:47:09.7,2455369.6994,100.0,1.04,H,H,,,,missingreplog_GX9+9.csv,,,Data replog,,,GX9+9,True,IR
ir100621.0220,GX9+9,17:31:45.0,-16:57:41,2010-06-22,04:45:13.3,2455369.6981,100.0,1.03,H,H,,,,missingreplog_GX9+9.csv,,,Data replog,,,GX9+9,True,IR
ir100621.0219,GX9+9,17:31:45.0,-16:57:41,2010-06-22,04:43:16.9,2455369.6967,100.0,1.03,H,H,,,,missingreplog_GX9+9.csv,,,Data replog,,,GX9+9,True,IR
ir100630.0232,GX9+9,17:31:44.1,-16:57:42,2010-07-01,04:06:40.4,2455378.6713,100.0,1.03,H,H,,,,missingreplog_GX9+9.csv,,,Data replog,,,GX9+9,True,IR
ir100630.0233,GX9+9,17:31:44.1,-16:57:42,2010-07-01,04:08:37.1,2455378.6727,100.0,1.03,H,H,,,,missingreplog_GX9+9.csv,,,Data replog,,,GX9+9,True,IR
ir100630.0234,GX9+9,17:31:44.1,-16:57:42,2010-07-01,04:10:33.8,2455378.674,100.0,1.03,H,H,,,,missingreplog_GX9+9.csv,,,Data replog,,,GX9+9,True,IR
ir100630.0235,GX9+9,17:31:44.1,-16:57:42,2010-07-01,04:12:30.3,2455378.6754,100.0,1.04,H,H,,,,missingreplog_GX9+9.csv,,,Data replog,,,GX9+9,True,IR
ir100709.0216,GX9+9,17:31:44.2,-16:57:42,2010-07-10,04:06:34.3,2455387.6712,100.0,1.06,H,H,,,,missingreplog_GX9+9.csv,,,Data replog,,,GX9+9,True,IR
ir100709.0215,GX9+9,17:31:44.1,-16:57:42,2010-07-10,04:04:37.1,2455387.6699,100.0,1.06,H,H,,,,missingreplog_GX9+9.csv,,,Data replog,,,GX9+9,True,IR
ir100709.0214,GX9+9,17:31:44.1,-16:57:41,2010-07-10,04:02:40.5,2455387.6685,100.0,1.06,H,H,,,,missingreplog_GX9+9.csv,,,Data replog,,,GX9+9,True,IR
ir100704.0134,GX9+9,17:31:44.1,-16:57:42,2010-07-05,02:49:39.7,2455382.6178,100.0,1.04,H,H,,,,missingreplog_GX9+9.csv,,,Data replog,,,GX9+9,True,IR
ir100704.0133,GX9+9,17:31:44.1,-16:57:42,2010-07-05,02:47:43.0,2455382.6165,100.0,1.04,H,H,,,,missingreplog_GX9+9.csv,,,Data replog,,,GX9+9,True,IR
ir100704.0132,GX9+9,17:31:44.1,-16:57:42,2010-07-05,02:45:46.3,2455382.6151,100.0,1.04,H,H,,,,missingreplog_GX9+9.csv,,,Data replog,,,GX9+9,True,IR
ir100704.0131,GX9+9,17:31:44.1,-16:57:42,2010-07-05,02:43:49.4,2455382.6138,100.0,1.04,H,H,,,,missingreplog_GX9+9.csv,,,Data replog,,,GX9+9,True,IR
ir100704.0130,GX9+9,17:31:44.1,-16:57:42,2010-07-05,02:41:52.4,2455382.6124,100.0,1.04,H,H,,,,missingreplog_GX9+9.csv,,,Data replog,,,GX9+9,True,IR
ir100703.0190,GX9+9,17:31:44.4,-16:57:43,2010-07-04,03:27:14.7,2455381.6439,100.0,1.03,H,H,,,,missingreplog_GX9+9.csv,,,Data replog,,,GX9+9,True,IR
ir100703.0189,GX9+9,17:31:44.4,-16:57:44,2010-07-04,03:25:18.3,2455381.6426,100.0,1.03,H,H,,,,missingreplog_GX9+9.csv,,,Data replog,,,GX9+9,True,IR
ir100703.0188,GX9+9,17:31:44.3,-16:57:44,2010-07-04,03:23:21.4,2455381.6412,100.0,1.03,H,H,,,,missingreplog_GX9+9.csv,,,Data replog,,,GX9+9,True,IR
ir100703.0187,GX9+9,17:31:44.3,-16:57:44,2010-07-04,03:21:24.5,2455381.6399,100.0,1.03,H,H,,,,missingreplog_GX9+9.csv,,,Data replog,,,GX9+9,True,IR
ir100703.0186,GX9+9,17:31:44.2,-16:57:45,2010-07-04,03:19:28.3,2455381.6385,100.0,1.03,H,H,,,,missingreplog_GX9+9.csv,,,Data replog,,,GX9+9,True,IR
ir100702.0174,GX9+9,17:31:44.7,-16:57:55,2010-07-03,02:46:06.9,2455380.6154,100.0,1.04,H,H,,,,missingreplog_GX9+9.csv,,,Data replog,,,GX9+9,True,IR
ir100702.0173,GX9+9,17:31:44.7,-16:57:54,2010-07-03,02:44:10.4,2455380.614,100.0,1.05,H,H,,,,missingreplog_GX9+9.csv,,,Data replog,,,GX9+9,True,IR
ir100702.0172,GX9+9,17:31:44.7,-16:57:54,2010-07-03,02:42:13.9,2455380.6127,100.0,1.05,H,H,,,,missingreplog_GX9+9.csv,,,Data replog,,,GX9+9,True,IR
ir100702.0171,GX9+9,17:31:44.8,-16:57:54,2010-07-03,02:40:17.2,2455380.6113,100.0,1.05,H,H,,,,missingreplog_GX9+9.csv,,,Data replog,,,GX9+9,True,IR
ir100702.0170,GX9+9,17:31:44.8,-16:57:54,2010-07-03,02:38:20.5,2455380.61,100.0,1.05,H,H,,,,missingreplog_GX9+9.csv,,,Data replog,,,GX9+9,True,IR
ir100701.0292,GX9+9,17:31:45.3,-16:57:46,2010-07-02,05:33:44.6,2455379.7318,100.0,1.16,H,H,,,,missingreplog_GX9+9.csv,,,Data replog,,,GX9+9,True,IR
ir100701.0291,GX9+9,17:31:45.3,-16:57:46,2010-07-02,05:31:48.4,2455379.7304,100.0,1.15,H,H,,,,missingreplog_GX9+9.csv,,,Data replog,,,GX9+9,True,IR
ir100701.0290,GX9+9,17:31:45.3,-16:57:46,2010-07-02,05:29:51.9,2455379.7291,100.0,1.15,H,H,,,,missingreplog_GX9+9.csv,,,Data replog,,,GX9+9,True,IR
ir100701.0289,GX9+9,17:31:45.3,-16:57:45,2010-07-02,05:27:55.2,2455379.7277,100.0,1.14,H,H,,,,missingreplog_GX9+9.csv,,,Data replog,,,GX9+9,True,IR
ir100701.0288,GX9+9,17:31:45.3,-16:57:45,2010-07-02,05:25:58.7,2455379.7264,100.0,1.14,H,H,,,,missingreplog_GX9+9.csv,,,Data replog,,,GX9+9,True,IR
ir100804.0215,GX9+9,17:31:45.4,-16:57:48,2010-08-05,03:21:53.0,2455413.6402,100.0,1.16,H,H,,,,missingreplog_GX9+9.csv,,,Data replog,,,GX9+9,True,IR
ir100804.0217,GX9+9,17:31:45.5,-16:57:49,2010-08-05,03:25:45.5,2455413.6429,100.0,1.17,H,H,,,,missingreplog_GX9+9.csv,,,Data replog,,,GX9+9,True,IR
ir080924.0058,GX9+9,17:31:44.1,-16:57:48,2008-09-25,00:51:25.2,2454734.5357,100.0,1.33,H,H,,,,missingreplog_GX9+9.csv,,,Data replog,,,GX9+9,True,IR
ir100829.0139,GX9+9,17:31:45.6,-16:57:51,2010-08-30,02:09:21.1,2455438.5898,100.0,1.23,H,H,,,,missingreplog_GX9+9.csv,,,Data replog,,,GX9+9,True,IR
ir100830.0124,GX9+9,17:31:45.7,-16:57:38,2010-08-31,01:52:33.3,2455439.5782,100.0,1.19,H,H,,,,missingreplog_GX9+9.csv,,,Data replog,,,GX9+9,True,IR
ir100830.0123,GX9+9,17:31:45.8,-16:57:38,2010-08-31,01:50:37.0,2455439.5768,100.0,1.19,H,H,,,,missingreplog_GX9+9.csv,,,Data replog,,,GX9+9,True,IR
ir100830.0122,GX9+9,17:31:45.7,-16:57:38,2010-08-31,01:48:40.2,2455439.5755,100.0,1.18,H,H,,,,missingreplog_GX9+9.csv,,,Data replog,,,GX9+9,True,IR
ir100830.0121,GX9+9,17:31:45.8,-16:57:38,2010-08-31,01:46:43.5,2455439.5741,100.0,1.18,H,H,,,,missingreplog_GX9+9.csv,,,Data replog,,,GX9+9,True,IR
ir100830.0120,GX9+9,17:31:45.8,-16:57:38,2010-08-31,01:44:47.4,2455439.5728,100.0,1.17,H,H,,,,missingreplog_GX9+9.csv,,,Data replog,,,GX9+9,True,IR
ir100829.0140,GX9+9,17:31:45.6,-16:57:51,2010-08-30,02:11:17.2,2455438.5912,100.0,1.24,H,H,,,,missingreplog_GX9+9.csv,,,Data replog,,,GX9+9,True,IR
ir100829.0138,GX9+9,17:31:45.6,-16:57:51,2010-08-30,02:07:24.7,2455438.5885,100.0,1.23,H,H,,,,missingreplog_GX9+9.csv,,,Data replog,,,GX9+9,True,IR
ir100826.0167,GX9+9,17:31:45.3,-16:57:44,2010-08-27,02:56:17.0,2455435.6224,100.0,1.37,H,H,,,,missingreplog_GX9+9.csv,,,Data replog,,,GX9+9,True,IR
ir100829.0137,GX9+9,17:31:45.5,-16:57:50,2010-08-30,02:05:28.1,2455438.5871,100.0,1.22,H,H,,,,missingreplog_GX9+9.csv,,,Data replog,,,GX9+9,True,IR
ir100829.0136,GX9+9,17:31:45.6,-16:57:49,2010-08-30,02:03:32.0,2455438.5858,100.0,1.21,H,H,,,,missingreplog_GX9+9.csv,,,Data replog,,,GX9+9,True,IR
ir100828.0153,GX9+9,17:31:46.0,-16:57:37,2010-08-29,02:40:23.6,2455437.6114,100.0,1.34,H,H,,,,missingreplog_GX9+9.csv,,,Data replog,,,GX9+9,True,IR
ir100828.0152,GX9+9,17:31:46.0,-16:57:37,2010-08-29,02:38:27.5,2455437.61,100.0,1.33,H,H,,,,missingreplog_GX9+9.csv,,,Data replog,,,GX9+9,True,IR
ir100828.0151,GX9+9,17:31:46.1,-16:57:36,2010-08-29,02:36:30.8,2455437.6087,100.0,1.32,H,H,,,,missingreplog_GX9+9.csv,,,Data replog,,,GX9+9,True,IR
ir100828.0150,GX9+9,17:31:46.1,-16:57:37,2010-08-29,02:34:34.1,2455437.6073,100.0,1.31,H,H,,,,missingreplog_GX9+9.csv,,,Data replog,,,GX9+9,True,IR
ir100828.0149,GX9+9,17:31:46.1,-16:57:37,2010-08-29,02:32:37.9,2455437.606,100.0,1.3,H,H,,,,missingreplog_GX9+9.csv,,,Data replog,,,GX9+9,True,IR
ir100827.0128,GX9+9,17:31:44.7,-16:57:51,2010-08-28,02:16:04.1,2455436.5945,100.0,1.23,H,H,,,,missingreplog_GX9+9.csv,,,Data replog,,,GX9+9,True,IR
ir100827.0127,GX9+9,17:31:44.7,-16:57:51,2010-08-28,02:14:08.0,2455436.5932,100.0,1.22,H,H,,,,missingreplog_GX9+9.csv,,,Data replog,,,GX9+9,True,IR
ir100827.0126,GX9+9,17:31:44.6,-16:57:50,2010-08-28,02:12:11.3,2455436.5918,100.0,1.22,H,H,,,,missingreplog_GX9+9.csv,,,Data replog,,,GX9+9,True,IR
ir100827.0125,GX9+9,17:31:44.6,-16:57:50,2010-08-28,02:10:14.6,2455436.5904,100.0,1.21,H,H,,,,missingreplog_GX9+9.csv,,,Data replog,,,GX9+9,True,IR
ir100827.0124,GX9+9,17:31:44.5,-16:57:49,2010-08-28,02:08:18.6,2455436.5891,100.0,1.21,H,H,,,,missingreplog_GX9+9.csv,,,Data replog,,,GX9+9,True,IR
ir100826.0166,GX9+9,17:31:45.4,-16:57:44,2010-08-27,02:54:20.8,2455435.6211,100.0,1.37,H,H,,,,missingreplog_GX9+9.csv,,,Data replog,,,GX9+9,True,IR
ir100805.0121,GX9+9,17:31:44.2,-16:57:41,2010-08-06,02:10:07.0,2455414.5904,100.0,1.05,H,H,,,,missingreplog_GX9+9.csv,,,Data replog,,,GX9+9,True,IR
ir100809.0074,GX9+9,17:31:44.1,-16:57:41,2010-08-10,02:35:32.5,2455418.608,100.0,1.1,H,H,,,,missingreplog_GX9+9.csv,,,Data replog,,,GX9+9,True,IR
ir100816.0126,GX9+9,17:31:45.5,-16:57:38,2010-08-17,01:42:44.7,2455425.5713,100.0,1.07,H,H,,,,missingreplog_GX9+9.csv,,,Data replog,,,GX9+9,True,IR
ir100816.0125,GX9+9,17:31:45.4,-16:57:38,2010-08-17,01:40:48.7,2455425.57,100.0,1.06,H,H,,,,missingreplog_GX9+9.csv,,,Data replog,,,GX9+9,True,IR
ir100816.0124,GX9+9,17:31:45.4,-16:57:38,2010-08-17,01:38:52.3,2455425.5687,100.0,1.06,H,H,,,,missingreplog_GX9+9.csv,,,Data replog,,,GX9+9,True,IR
ir100816.0123,GX9+9,17:31:45.3,-16:57:38,2010-08-17,01:36:55.7,2455425.5673,100.0,1.06,H,H,,,,missingreplog_GX9+9.csv,,,Data replog,,,GX9+9,True,IR
ir100816.0122,GX9+9,17:31:45.3,-16:57:37,2010-08-17,01:34:59.6,2455425.566,100.0,1.06,H,H,,,,missingreplog_GX9+9.csv,,,Data replog,,,GX9+9,True,IR
ir100813.0241,GX9+9,17:31:44.8,-16:57:54,2010-08-14,04:04:07.8,2455422.6696,100.0,1.46,H,H,,,,missingreplog_GX9+9.csv,,,Data replog,,,GX9+9,True,IR
ir100813.0240,GX9+9,17:31:44.7,-16:57:53,2010-08-14,04:02:11.8,2455422.6682,100.0,1.45,H,H,,,,missingreplog_GX9+9.csv,,,Data replog,,,GX9+9,True,IR
ir100813.0239,GX9+9,17:31:44.8,-16:57:54,2010-08-14,04:00:15.3,2455422.6669,100.0,1.44,H,H,,,,missingreplog_GX9+9.csv,,,Data replog,,,GX9+9,True,IR
ir100813.0238,GX9+9,17:31:44.9,-16:57:53,2010-08-14,03:58:18.7,2455422.6655,100.0,1.43,H,H,,,,missingreplog_GX9+9.csv,,,Data replog,,,GX9+9,True,IR
ir100813.0237,GX9+9,17:31:44.8,-16:57:53,2010-08-14,03:56:22.7,2455422.6642,100.0,1.42,H,H,,,,missingreplog_GX9+9.csv,,,Data replog,,,GX9+9,True,IR
ir100809.0075,GX9+9,17:31:44.1,-16:57:41,2010-08-10,02:37:28.4,2455418.6094,100.0,1.11,H,H,,,,missingreplog_GX9+9.csv,,,Data replog,,,GX9+9,True,IR
ir100809.0073,GX9+9,17:31:44.1,-16:57:42,2010-08-10,02:33:36.0,2455418.6067,100.0,1.1,H,H,,,,missingreplog_GX9+9.csv,,,Data replog,,,GX9+9,True,IR
ir100826.0165,GX9+9,17:31:45.4,-16:57:44,2010-08-27,02:52:24.1,2455435.6197,100.0,1.36,H,H,,,,missingreplog_GX9+9.csv,,,Data replog,,,GX9+9,True,IR
ir100809.0072,GX9+9,17:31:44.2,-16:57:42,2010-08-10,02:31:39.5,2455418.6053,100.0,1.1,H,H,,,,missingreplog_GX9+9.csv,,,Data replog,,,GX9+9,True,IR
ir100809.0071,GX9+9,17:31:44.2,-16:57:41,2010-08-10,02:29:43.4,2455418.604,100.0,1.09,H,H,,,,missingreplog_GX9+9.csv,,,Data replog,,,GX9+9,True,IR
ir100807.0221,GX9+9,17:31:44.2,-16:57:44,2010-08-08,04:55:15.7,2455416.705,100.0,1.66,H,H,,,,missingreplog_GX9+9.csv,,,Data replog,,,GX9+9,True,IR
ir100807.0220,GX9+9,17:31:44.2,-16:57:43,2010-08-08,04:53:19.6,2455416.7037,100.0,1.64,H,H,,,,missingreplog_GX9+9.csv,,,Data replog,,,GX9+9,True,IR
ir100807.0219,GX9+9,17:31:44.1,-16:57:43,2010-08-08,04:51:23.2,2455416.7024,100.0,1.63,H,H,,,,missingreplog_GX9+9.csv,,,Data replog,,,GX9+9,True,IR
ir100807.0218,GX9+9,17:31:44.1,-16:57:42,2010-08-08,04:49:26.6,2455416.701,100.0,1.61,H,H,,,,missingreplog_GX9+9.csv,,,Data replog,,,GX9+9,True,IR
ir100807.0217,GX9+9,17:31:44.1,-16:57:42,2010-08-08,04:47:30.6,2455416.6997,100.0,1.6,H,H,,,,missingreplog_GX9+9.csv,,,Data replog,,,GX9+9,True,IR
ir100805.0125,GX9+9,17:31:44.2,-16:57:41,2010-08-06,02:17:52.4,2455414.5957,100.0,1.06,H,H,,,,missingreplog_GX9+9.csv,,,Data replog,,,GX9+9,True,IR
ir100805.0124,GX9+9,17:31:44.2,-16:57:41,2010-08-06,02:15:56.2,2455414.5944,100.0,1.06,H,H,,,,missingreplog_GX9+9.csv,,,Data replog,,,GX9+9,True,IR
ir100805.0123,GX9+9,17:31:44.1,-16:57:41,2010-08-06,02:13:59.7,2455414.5931,100.0,1.05,H,H,,,,missingreplog_GX9+9.csv,,,Data replog,,,GX9+9,True,IR
ir100805.0122,GX9+9,17:31:44.1,-16:57:41,2010-08-06,02:12:03.2,2455414.5917,100.0,1.05,H,H,,,,missingreplog_GX9+9.csv,,,Data replog,,,GX9+9,True,IR
ir100817.0128,GX9+9,17:31:45.2,-16:57:43,2010-08-18,01:38:41.7,2455426.5685,100.0,1.07,H,H,,,,missingreplog_GX9+9.csv,,,Data replog,,,GX9+9,True,IR
ir100817.0129,GX9+9,17:31:45.2,-16:57:43,2010-08-18,01:40:37.7,2455426.5699,100.0,1.07,H,H,,,,missingreplog_GX9+9.csv,,,Data replog,,,GX9+9,True,IR
ir100817.0130,GX9+9,17:31:45.3,-16:57:43,2010-08-18,01:42:34.2,2455426.5712,100.0,1.07,H,H,,,,missingreplog_GX9+9.csv,,,Data replog,,,GX9+9,True,IR
ir100817.0131,GX9+9,17:31:45.3,-16:57:43,2010-08-18,01:44:30.6,2455426.5726,100.0,1.07,H,H,,,,missingreplog_GX9+9.csv,,,Data replog,,,GX9+9,True,IR
ir100826.0164,GX9+9,17:31:45.5,-16:57:44,2010-08-27,02:50:27.3,2455435.6184,100.0,1.35,H,H,,,,missingreplog_GX9+9.csv,,,Data replog,,,GX9+9,True,IR
ir100826.0163,GX9+9,17:31:45.5,-16:57:44,2010-08-27,02:48:31.2,2455435.617,100.0,1.34,H,H,,,,missingreplog_GX9+9.csv,,,Data replog,,,GX9+9,True,IR
ir100824.0168,GX9+9,17:31:44.3,-16:57:43,2010-08-25,02:25:27.6,2455433.601,100.0,1.22,H,H,,,,missingreplog_GX9+9.csv,,,Data replog,,,GX9+9,True,IR
ir100824.0167,GX9+9,17:31:44.3,-16:57:42,2010-08-25,02:23:31.6,2455433.5997,100.0,1.22,H,H,,,,missingreplog_GX9+9.csv,,,Data replog,,,GX9+9,True,IR
ir100824.0166,GX9+9,17:31:44.2,-16:57:42,2010-08-25,02:21:35.2,2455433.5983,100.0,1.21,H,H,,,,missingreplog_GX9+9.csv,,,Data replog,,,GX9+9,True,IR
ir100824.0165,GX9+9,17:31:44.2,-16:57:41,2010-08-25,02:19:38.7,2455433.597,100.0,1.2,H,H,,,,missingreplog_GX9+9.csv,,,Data replog,,,GX9+9,True,IR
ir100824.0164,GX9+9,17:31:44.1,-16:57:42,2010-08-25,02:17:42.6,2455433.5956,100.0,1.2,H,H,,,,missingreplog_GX9+9.csv,,,Data replog,,,GX9+9,True,IR
ir100821.0142,GX9+9,17:31:44.2,-16:57:41,2010-08-22,02:18:49.2,2455430.5964,100.0,1.17,H,H,,,,missingreplog_GX9+9.csv,,,Data replog,,,GX9+9,True,IR
ir100821.0141,GX9+9,17:31:44.2,-16:57:41,2010-08-22,02:16:53.2,2455430.5951,100.0,1.16,H,H,,,,missingreplog_GX9+9.csv,,,Data replog,,,GX9+9,True,IR
ir100821.0140,GX9+9,17:31:44.1,-16:57:41,2010-08-22,02:14:56.6,2455430.5937,100.0,1.16,H,H,,,,missingreplog_GX9+9.csv,,,Data replog,,,GX9+9,True,IR
ir100821.0139,GX9+9,17:31:44.2,-16:57:41,2010-08-22,02:13:00.1,2455430.5924,100.0,1.15,H,H,,,,missingreplog_GX9+9.csv,,,Data replog,,,GX9+9,True,IR
ir100821.0138,GX9+9,17:31:44.1,-16:57:41,2010-08-22,02:11:04.1,2455430.591,100.0,1.15,H,H,,,,missingreplog_GX9+9.csv,,,Data replog,,,GX9+9,True,IR
ir100820.0067,GX9+9,17:31:44.2,-16:57:41,2010-08-21,00:26:05.4,2455429.5181,100.0,1.03,H,H,,,,missingreplog_GX9+9.csv,,,Data replog,,,GX9+9,True,IR
ir100820.0066,GX9+9,17:31:44.2,-16:57:41,2010-08-21,00:24:09.1,2455429.5168,100.0,1.03,H,H,,,,missingreplog_GX9+9.csv,,,Data replog,,,GX9+9,True,IR
ir100820.0065,GX9+9,17:31:44.1,-16:57:42,2010-08-21,00:22:12.2,2455429.5154,100.0,1.03,H,H,,,,missingreplog_GX9+9.csv,,,Data replog,,,GX9+9,True,IR
ir100820.0064,GX9+9,17:31:44.1,-16:57:42,2010-08-21,00:20:15.6,2455429.5141,100.0,1.03,H,H,,,,missingreplog_GX9+9.csv,,,Data replog,,,GX9+9,True,IR
ir100820.0063,GX9+9,17:31:44.2,-16:57:42,2010-08-21,00:18:19.5,2455429.5127,100.0,1.03,H,H,,,,missingreplog_GX9+9.csv,,,Data replog,,,GX9+9,True,IR
ir100819dark.0159,GX9+9,17:31:44.2,-16:57:42,2010-08-20,02:48:57.3,2455428.6173,100.0,1.23,H,H,,,,missingreplog_GX9+9.csv,,,Data replog,,,GX9+9,True,IR
ir100819dark.0158,GX9+9,17:31:44.1,-16:57:42,2010-08-20,02:47:01.3,2455428.616,100.0,1.23,H,H,,,,missingreplog_GX9+9.csv,,,Data replog,,,GX9+9,True,IR
ir100819dark.0157,GX9+9,17:31:44.1,-16:57:41,2010-08-20,02:45:04.8,2455428.6146,100.0,1.22,H,H,,,,missingreplog_GX9+9.csv,,,Data replog,,,GX9+9,True,IR
ir100819dark.0156,GX9+9,17:31:44.1,-16:57:41,2010-08-20,02:43:08.2,2455428.6133,100.0,1.22,H,H,,,,missingreplog_GX9+9.csv,,,Data replog,,,GX9+9,True,IR
ir100819dark.0155,GX9+9,17:31:44.1,-16:57:41,2010-08-20,02:41:12.2,2455428.6119,100.0,1.21,H,H,,,,missingreplog_GX9+9.csv,,,Data replog,,,GX9+9,True,IR
ir100817.0132,GX9+9,17:31:45.3,-16:57:43,2010-08-18,01:46:26.6,2455426.5739,100.0,1.08,H,H,,,,missingreplog_GX9+9.csv,,,Data replog,,,GX9+9,True,IR
ir100621.0218,GX9+9,17:31:45.0,-16:57:42,2010-06-22,04:41:20.4,2455369.6954,100.0,1.03,H,H,,,,missingreplog_GX9+9.csv,,,Data replog,,,GX9+9,True,IR
ir100621.0217,GX9+9,17:31:45.1,-16:57:42,2010-06-22,04:39:24.3,2455369.694,100.0,1.03,H,H,,,,missingreplog_GX9+9.csv,,,Data replog,,,GX9+9,True,IR
ir100620.0209,GX9+9,17:31:45.8,-16:57:44,2010-06-21,04:32:05.5,2455368.6889,100.0,1.03,H,H,,,,missingreplog_GX9+9.csv,,,Data replog,,,GX9+9,True,IR
ir100423.0770,GX9+9,17:31:44.1,-16:57:42,2010-04-24,07:57:43.0,2455310.8317,100.0,1.03,H,H,,,,missingreplog_GX9+9.csv,,,Data replog,,,GX9+9,True,IR
ir100427.0356,GX9+9,17:31:44.5,-16:57:44,2010-04-28,07:29:24.4,2455314.8121,100.0,1.03,H,H,,,,missingreplog_GX9+9.csv,,,Data replog,,,GX9+9,True,IR
ir100427.0355,GX9+9,17:31:44.5,-16:57:44,2010-04-28,07:27:28.4,2455314.8108,100.0,1.03,H,H,,,,missingreplog_GX9+9.csv,,,Data replog,,,GX9+9,True,IR
ir100425.0453,GX9+9,17:31:45.5,-16:57:34,2010-04-26,09:02:39.2,2455312.8768,100.0,1.06,H,H,,,,missingreplog_GX9+9.csv,,,Data replog,,,GX9+9,True,IR
ir100425.0452,GX9+9,17:31:45.6,-16:57:34,2010-04-26,09:00:43.2,2455312.8755,100.0,1.06,H,H,,,,missingreplog_GX9+9.csv,,,Data replog,,,GX9+9,True,IR
ir100425.0451,GX9+9,17:31:45.5,-16:57:34,2010-04-26,08:58:46.6,2455312.8742,100.0,1.06,H,H,,,,missingreplog_GX9+9.csv,,,Data replog,,,GX9+9,True,IR
ir100425.0450,GX9+9,17:31:45.5,-16:57:34,2010-04-26,08:56:50.1,2455312.8728,100.0,1.06,H,H,,,,missingreplog_GX9+9.csv,,,Data replog,,,GX9+9,True,IR
ir100425.0449,GX9+9,17:31:45.4,-16:57:34,2010-04-26,08:54:54.0,2455312.8715,100.0,1.05,H,H,,,,missingreplog_GX9+9.csv,,,Data replog,,,GX9+9,True,IR
ir100423.0774,GX9+9,17:31:44.4,-16:57:43,2010-04-24,08:05:28.7,2455310.8371,100.0,1.03,H,H,,,,missingreplog_GX9+9.csv,,,Data replog,,,GX9+9,True,IR
ir100423.0773,GX9+9,17:31:44.3,-16:57:43,2010-04-24,08:03:32.2,2455310.8358,100.0,1.03,H,H,,,,missingreplog_GX9+9.csv,,,Data replog,,,GX9+9,True,IR
ir100423.0772,GX9+9,17:31:44.2,-16:57:43,2010-04-24,08:01:35.6,2455310.8344,100.0,1.03,H,H,,,,missingreplog_GX9+9.csv,,,Data replog,,,GX9+9,True,IR
ir100423.0771,GX9+9,17:31:44.2,-16:57:42,2010-04-24,07:59:39.2,2455310.8331,100.0,1.03,H,H,,,,missingreplog_GX9+9.csv,,,Data replog,,,GX9+9,True,IR
ir100428.0234,GX9+9,17:31:45.1,-16:57:53,2010-04-29,06:18:04.7,2455315.7626,100.0,1.1,H,H,,,,missingreplog_GX9+9.csv,,,Data replog,,,GX9+9,True,IR
ir081023.0002,GX9+9,17:31:42.5,-16:57:34,2008-10-24,00:06:24.7,2454763.5044,100.0,1.81,H,H,,,,missingreplog_GX9+9.csv,,,Data replog,,,GX9+9,True,IR
ir100428.0233,GX9+9,17:31:45.1,-16:57:53,2010-04-29,06:16:08.2,2455315.7612,100.0,1.1,H,H,,,,missingreplog_GX9+9.csv,,,Data replog,,,GX9+9,True,IR
ir100428.0232,GX9+9,17:31:45.1,-16:57:53,2010-04-29,06:14:11.8,2455315.7599,100.0,1.1,H,H,,,,missingreplog_GX9+9.csv,,,Data replog,,,GX9+9,True,IR
ir100428.0231,GX9+9,17:31:45.1,-16:57:53,2010-04-29,06:12:15.4,2455315.7585,100.0,1.11,H,H,,,,missingreplog_GX9+9.csv,,,Data replog,,,GX9+9,True,IR
ir100428.0230,GX9+9,17:31:45.1,-16:57:53,2010-04-29,06:10:19.0,2455315.7572,100.0,1.11,H,H,,,,missingreplog_GX9+9.csv,,,Data replog,,,GX9+9,True,IR
ir081025.0005,GX9+9,17:31:43.2,-16:57:42,2008-10-26,00:00:13.6,2454765.5002,100.0,1.82,H,H,,,,missingreplog_GX9+9.csv,,,Data replog,,,GX9+9,True,IR
ir081025.0004,GX9+9,17:31:43.2,-16:57:42,2008-10-25,23:58:16.7,2454765.4988,100.0,1.8,H,H,,,,missingreplog_GX9+9.csv,,,Data replog,,,GX9+9,True,IR
ir081025.0003,GX9+9,17:31:43.2,-16:57:41,2008-10-25,23:56:19.5,2454765.4975,100.0,1.78,H,H,,,,missingreplog_GX9+9.csv,,,Data replog,,,GX9+9,True,IR
ir081025.0002,GX9+9,17:31:43.2,-16:57:41,2008-10-25,23:54:22.4,2454765.4961,100.0,1.76,H,H,,,,missingreplog_GX9+9.csv,,,Data replog,,,GX9+9,True,IR
ir081025.0001,GX9+9,17:31:43.2,-16:57:40,2008-10-25,23:52:25.5,2454765.4947,100.0,1.74,H,H,,,,missingreplog_GX9+9.csv,,,Data replog,,,GX9+9,True,IR
ir081023.0005,GX9+9,17:31:42.6,-16:57:37,2008-10-24,00:12:14.4,2454763.5085,100.0,1.87,H,H,,,,missingreplog_GX9+9.csv,,,Data replog,,,GX9+9,True,IR
ir081023.0004,GX9+9,17:31:42.5,-16:57:35,2008-10-24,00:10:18.0,2454763.5071,100.0,1.85,H,H,,,,missingreplog_GX9+9.csv,,,Data replog,,,GX9+9,True,IR
ir100427.0357,GX9+9,17:31:44.5,-16:57:44,2010-04-28,07:31:20.8,2455314.8134,100.0,1.03,H,H,,,,missingreplog_GX9+9.csv,,,Data replog,,,GX9+9,True,IR
ir100427.0358,GX9+9,17:31:44.6,-16:57:43,2010-04-28,07:33:17.4,2455314.8148,100.0,1.03,H,H,,,,missingreplog_GX9+9.csv,,,Data replog,,,GX9+9,True,IR
ir100427.0359,GX9+9,17:31:44.6,-16:57:43,2010-04-28,07:35:13.5,2455314.8161,100.0,1.03,H,H,,,,missingreplog_GX9+9.csv,,,Data replog,,,GX9+9,True,IR
ir100429.0199,GX9+9,17:31:44.2,-16:57:41,2010-04-30,07:15:06.7,2455316.8022,100.0,1.03,H,H,,,,missingreplog_GX9+9.csv,,,Data replog,,,GX9+9,True,IR
ir100507.0296,GX9+9,17:31:45.2,-16:57:52,2010-05-08,06:07:41.2,2455324.7553,100.0,1.06,H,H,,,,missingreplog_GX9+9.csv,,,Data replog,,,GX9+9,True,IR
ir100507.0295,GX9+9,17:31:45.2,-16:57:52,2010-05-08,06:05:44.3,2455324.754,100.0,1.06,H,H,,,,missingreplog_GX9+9.csv,,,Data replog,,,GX9+9,True,IR
ir100507.0294,GX9+9,17:31:45.2,-16:57:52,2010-05-08,06:03:47.4,2455324.7526,100.0,1.07,H,H,,,,missingreplog_GX9+9.csv,,,Data replog,,,GX9+9,True,IR
ir100507.0293,GX9+9,17:31:45.3,-16:57:52,2010-05-08,06:01:51.3,2455324.7513,100.0,1.07,H,H,,,,missingreplog_GX9+9.csv,,,Data replog,,,GX9+9,True,IR
ir100506.0346,GX9+9,17:31:45.1,-16:57:54,2010-05-07,06:54:20.9,2455323.7877,100.0,1.03,H,H,,,,missingreplog_GX9+9.csv,,,Data replog,,,GX9+9,True,IR
ir100506.0345,GX9+9,17:31:45.1,-16:57:54,2010-05-07,06:52:24.9,2455323.7864,100.0,1.03,H,H,,,,missingreplog_GX9+9.csv,,,Data replog,,,GX9+9,True,IR
ir100506.0344,GX9+9,17:31:45.1,-16:57:54,2010-05-07,06:50:28.3,2455323.7851,100.0,1.03,H,H,,,,missingreplog_GX9+9.csv,,,Data replog,,,GX9+9,True,IR
ir100506.0343,GX9+9,17:31:45.1,-16:57:54,2010-05-07,06:48:31.9,2455323.7837,100.0,1.03,H,H,,,,missingreplog_GX9+9.csv,,,Data replog,,,GX9+9,True,IR
ir100506.0342,GX9+9,17:31:45.1,-16:57:53,2010-05-07,06:46:35.9,2455323.7824,100.0,1.03,H,H,,,,missingreplog_GX9+9.csv,,,Data replog,,,GX9+9,True,IR
ir100504.0373,GX9+9,17:31:44.2,-16:57:42,2010-05-05,08:02:43.2,2455321.8352,100.0,1.04,H,H,,,,missingreplog_GX9+9.csv,,,Data replog,,,GX9+9,True,IR
ir100504.0372,GX9+9,17:31:44.2,-16:57:41,2010-05-05,08:00:47.3,2455321.8339,100.0,1.04,H,H,,,,missingreplog_GX9+9.csv,,,Data replog,,,GX9+9,True,IR
ir100504.0371,GX9+9,17:31:44.1,-16:57:41,2010-05-05,07:58:50.9,2455321.8325,100.0,1.04,H,H,,,,missingreplog_GX9+9.csv,,,Data replog,,,GX9+9,True,IR
ir100504.0370,GX9+9,17:31:44.1,-16:57:41,2010-05-05,07:56:54.7,2455321.8312,100.0,1.04,H,H,,,,missingreplog_GX9+9.csv,,,Data replog,,,GX9+9,True,IR
ir100504.0369,GX9+9,17:31:44.1,-16:57:42,2010-05-05,07:54:58.9,2455321.8298,100.0,1.03,H,H,,,,missingreplog_GX9+9.csv,,,Data replog,,,GX9+9,True,IR
ir100503.0373,GX9+9,17:31:44.2,-16:57:41,2010-05-04,08:33:40.8,2455320.8567,100.0,1.06,H,H,,,,missingreplog_GX9+9.csv,,,Data replog,,,GX9+9,True,IR
ir100503.0372,GX9+9,17:31:44.2,-16:57:41,2010-05-04,08:31:44.8,2455320.8554,100.0,1.06,H,H,,,,missingreplog_GX9+9.csv,,,Data replog,,,GX9+9,True,IR
ir100503.0371,GX9+9,17:31:44.2,-16:57:41,2010-05-04,08:29:48.1,2455320.854,100.0,1.06,H,H,,,,missingreplog_GX9+9.csv,,,Data replog,,,GX9+9,True,IR
ir100503.0370,GX9+9,17:31:44.1,-16:57:41,2010-05-04,08:27:51.6,2455320.8527,100.0,1.06,H,H,,,,missingreplog_GX9+9.csv,,,Data replog,,,GX9+9,True,IR
ir100503.0369,GX9+9,17:31:44.1,-16:57:42,2010-05-04,08:25:55.5,2455320.8513,100.0,1.06,H,H,,,,missingreplog_GX9+9.csv,,,Data replog,,,GX9+9,True,IR
ir100429.0203,GX9+9,17:31:44.2,-16:57:42,2010-04-30,07:22:52.0,2455316.8076,100.0,1.03,H,H,,,,missingreplog_GX9+9.csv,,,Data replog,,,GX9+9,True,IR
ir100429.0202,GX9+9,17:31:44.1,-16:57:42,2010-04-30,07:20:55.9,2455316.8062,100.0,1.03,H,H,,,,missingreplog_GX9+9.csv,,,Data replog,,,GX9+9,True,IR
ir100429.0201,GX9+9,17:31:44.1,-16:57:42,2010-04-30,07:18:59.2,2455316.8049,100.0,1.03,H,H,,,,missingreplog_GX9+9.csv,,,Data replog,,,GX9+9,True,IR
ir100429.0200,GX9+9,17:31:44.1,-16:57:42,2010-04-30,07:17:02.8,2455316.8035,100.0,1.03,H,H,,,,missingreplog_GX9+9.csv,,,Data replog,,,GX9+9,True,IR
ir081023.0003,GX9+9,17:31:42.5,-16:57:35,2008-10-24,00:08:21.3,2454763.5058,100.0,1.83,H,H,,,,missingreplog_GX9+9.csv,,,Data replog,,,GX9+9,True,IR
ir081023.0001,GX9+9,17:31:42.5,-16:57:34,2008-10-24,00:04:28.3,2454763.5031,100.0,1.79,H,H,,,,missingreplog_GX9+9.csv,,,Data replog,,,GX9+9,True,IR
ir100620.0208,GX9+9,17:31:45.7,-16:57:45,2010-06-21,04:30:09.6,2455368.6876,100.0,1.03,H,H,,,,missingreplog_GX9+9.csv,,,Data replog,,,GX9+9,True,IR
ir080929.0060,GX9+9,17:31:44.2,-16:57:49,2008-09-30,00:41:31.7,2454739.5288,100.0,1.38,H,H,,,,missingreplog_GX9+9.csv,,,Data replog,,,GX9+9,True,IR
ir081002.0059,GX9+9,17:31:44.0,-16:57:47,2008-10-03,01:13:33.0,2454742.5511,100.0,1.66,H,H,,,,missingreplog_GX9+9.csv,,,Data replog,,,GX9+9,True,IR
ir081002.0058,GX9+9,17:31:44.1,-16:57:48,2008-10-03,01:11:36.5,2454742.5497,100.0,1.65,H,H,,,,missingreplog_GX9+9.csv,,,Data replog,,,GX9+9,True,IR
ir081001.0041,GX9+9,17:31:44.2,-16:57:52,2008-10-02,00:26:45.7,2454741.5186,100.0,1.35,H,H,,,,missingreplog_GX9+9.csv,,,Data replog,,,GX9+9,True,IR
ir081001.0040,GX9+9,17:31:44.1,-16:57:51,2008-10-02,00:24:48.8,2454741.5172,100.0,1.34,H,H,,,,missingreplog_GX9+9.csv,,,Data replog,,,GX9+9,True,IR
ir081001.0039,GX9+9,17:31:44.1,-16:57:51,2008-10-02,00:22:51.8,2454741.5159,100.0,1.33,H,H,,,,missingreplog_GX9+9.csv,,,Data replog,,,GX9+9,True,IR
ir081001.0038,GX9+9,17:31:44.0,-16:57:50,2008-10-02,00:20:54.5,2454741.5145,100.0,1.32,H,H,,,,missingreplog_GX9+9.csv,,,Data replog,,,GX9+9,True,IR
ir081001.0037,GX9+9,17:31:44.0,-16:57:50,2008-10-02,00:18:57.5,2454741.5132,100.0,1.31,H,H,,,,missingreplog_GX9+9.csv,,,Data replog,,,GX9+9,True,IR
ir080929.0064,GX9+9,17:31:44.0,-16:57:50,2008-09-30,00:49:20.3,2454739.5343,100.0,1.42,H,H,,,,missingreplog_GX9+9.csv,,,Data replog,,,GX9+9,True,IR
ir080929.0063,GX9+9,17:31:44.1,-16:57:49,2008-09-30,00:47:23.5,2454739.5329,100.0,1.41,H,H,,,,missingreplog_GX9+9.csv,,,Data replog,,,GX9+9,True,IR
ir080929.0062,GX9+9,17:31:44.1,-16:57:49,2008-09-30,00:45:25.9,2454739.5315,100.0,1.4,H,H,,,,missingreplog_GX9+9.csv,,,Data replog,,,GX9+9,True,IR
ir080929.0061,GX9+9,17:31:44.1,-16:57:49,2008-09-30,00:43:28.6,2454739.5302,100.0,1.39,H,H,,,,missingreplog_GX9+9.csv,,,Data replog,,,GX9+9,True,IR
ir080928.0084,GX9+9,17:31:43.7,-16:57:52,2008-09-29,01:24:48.2,2454738.5589,100.0,1.63,H,H,,,,missingreplog_GX9+9.csv,,,Data replog,,,GX9+9,True,IR
ir081021.0005,GX9+9,17:31:44.4,-16:57:39,2008-10-21,23:51:55.0,2454761.4944,100.0,1.61,H,H,,,,missingreplog_GX9+9.csv,,,Data replog,,,GX9+9,True,IR
ir080928.0083,GX9+9,17:31:43.7,-16:57:52,2008-09-29,01:22:51.2,2454738.5575,100.0,1.61,H,H,,,,missingreplog_GX9+9.csv,,,Data replog,,,GX9+9,True,IR
ir080928.0082,GX9+9,17:31:43.7,-16:57:52,2008-09-29,01:18:47.1,2454738.5547,100.0,1.58,H,H,,,,missingreplog_GX9+9.csv,,,Data replog,,,GX9+9,True,IR
ir080928.0081,GX9+9,17:31:43.7,-16:57:52,2008-09-29,01:18:47.1,2454738.5547,100.0,1.58,H,H,,,,missingreplog_GX9+9.csv,,,Data replog,,,GX9+9,True,IR
ir080928.0080,GX9+9,17:31:43.7,-16:57:52,2008-09-29,01:16:50.3,2454738.5534,100.0,1.57,H,H,,,,missingreplog_GX9+9.csv,,,Data replog,,,GX9+9,True,IR
ir080927.0077,GX9+9,17:31:43.6,-16:57:48,2008-09-28,01:07:33.3,2454737.5469,100.0,1.48,H,H,,,,missingreplog_GX9+9.csv,,,Data replog,,,GX9+9,True,IR
ir080927.0076,GX9+9,17:31:43.7,-16:57:48,2008-09-28,01:05:36.4,2454737.5456,100.0,1.47,H,H,,,,missingreplog_GX9+9.csv,,,Data replog,,,GX9+9,True,IR
ir080927.0075,GX9+9,17:31:43.7,-16:57:48,2008-09-28,01:01:32.5,2454737.5427,100.0,1.44,H,H,,,,missingreplog_GX9+9.csv,,,Data replog,,,GX9+9,True,IR
ir080927.0074,GX9+9,17:31:43.7,-16:57:48,2008-09-28,01:01:32.5,2454737.5427,100.0,1.44,H,H,,,,missingreplog_GX9+9.csv,,,Data replog,,,GX9+9,True,IR
ir080927.0073,GX9+9,17:31:43.7,-16:57:47,2008-09-28,00:59:35.5,2454737.5414,100.0,1.43,H,H,,,,missingreplog_GX9+9.csv,,,Data replog,,,GX9+9,True,IR
ir080924.0061,GX9+9,17:31:44.3,-16:57:50,2008-09-25,00:57:26.6,2454734.5399,100.0,1.36,H,H,,,,missingreplog_GX9+9.csv,,,Data replog,,,GX9+9,True,IR
ir080924.0060,GX9+9,17:31:44.2,-16:57:49,2008-09-25,00:55:29.4,2454734.5385,100.0,1.35,H,H,,,,missingreplog_GX9+9.csv,,,Data replog,,,GX9+9,True,IR
ir081002.0060,GX9+9,17:31:44.0,-16:57:47,2008-10-03,01:15:30.4,2454742.5524,100.0,1.68,H,H,,,,missingreplog_GX9+9.csv,,,Data replog,,,GX9+9,True,IR
ir081002.0061,GX9+9,17:31:44.0,-16:57:46,2008-10-03,01:17:27.6,2454742.5538,100.0,1.7,H,H,,,,missingreplog_GX9+9.csv,,,Data replog,,,GX9+9,True,IR
ir081002.0062,GX9+9,17:31:43.9,-16:57:46,2008-10-03,01:19:24.7,2454742.5551,100.0,1.71,H,H,,,,missingreplog_GX9+9.csv,,,Data replog,,,GX9+9,True,IR
ir081003.0073,GX9+9,17:31:44.1,-16:57:44,2008-10-04,01:08:46.5,2454743.5478,100.0,1.65,H,H,,,,missingreplog_GX9+9.csv,,,Data replog,,,GX9+9,True,IR
ir081021.0004,GX9+9,17:31:44.4,-16:57:38,2008-10-21,23:49:58.4,2454761.493,100.0,1.59,H,H,,,,missingreplog_GX9+9.csv,,,Data replog,,,GX9+9,True,IR
ir081021.0003,GX9+9,17:31:44.4,-16:57:37,2008-10-21,23:48:01.5,2454761.4917,100.0,1.58,H,H,,,,missingreplog_GX9+9.csv,,,Data replog,,,GX9+9,True,IR
ir081021.0002,GX9+9,17:31:44.4,-16:57:36,2008-10-21,23:46:04.8,2454761.4903,100.0,1.56,H,H,,,,missingreplog_GX9+9.csv,,,Data replog,,,GX9+9,True,IR
ir081021.0001,GX9+9,17:31:44.4,-16:57:35,2008-10-21,23:44:08.1,2454761.489,100.0,1.55,H,H,,,,missingreplog_GX9+9.csv,,,Data replog,,,GX9+9,True,IR
ir081018.0020,GX9+9,17:31:44.2,-16:57:38,2008-10-19,00:10:43.7,2454758.5075,100.0,1.66,H,H,,,,missingreplog_GX9+9.csv,,,Data replog,,,GX9+9,True,IR
ir081018.0019,GX9+9,17:31:44.2,-16:57:38,2008-10-19,00:08:47.3,2454758.5061,100.0,1.65,H,H,,,,missingreplog_GX9+9.csv,,,Data replog,,,GX9+9,True,IR
ir081018.0018,GX9+9,17:31:44.2,-16:57:38,2008-10-19,00:06:50.6,2454758.5048,100.0,1.63,H,H,,,,missingreplog_GX9+9.csv,,,Data replog,,,GX9+9,True,IR
ir081018.0017,GX9+9,17:31:44.3,-16:57:37,2008-10-19,00:04:54.1,2454758.5034,100.0,1.62,H,H,,,,missingreplog_GX9+9.csv,,,Data replog,,,GX9+9,True,IR
ir081018.0016,GX9+9,17:31:44.2,-16:57:37,2008-10-19,00:02:57.7,2454758.5021,100.0,1.6,H,H,,,,missingreplog_GX9+9.csv,,,Data replog,,,GX9+9,True,IR
ir081014.0019,GX9+9,17:31:43.3,-16:57:54,2008-10-15,00:10:21.6,2454754.5072,100.0,1.54,H,H,,,,missingreplog_GX9+9.csv,,,Data replog,,,GX9+9,True,IR
ir081014.0018,GX9+9,17:31:43.3,-16:57:53,2008-10-15,00:08:25.2,2454754.5058,100.0,1.53,H,H,,,,missingreplog_GX9+9.csv,,,Data replog,,,GX9+9,True,IR
ir081014.0017,GX9+9,17:31:43.3,-16:57:53,2008-10-15,00:06:28.7,2454754.5045,100.0,1.52,H,H,,,,missingreplog_GX9+9.csv,,,Data replog,,,GX9+9,True,IR
ir081014.0016,GX9+9,17:31:43.3,-16:57:53,2008-10-15,00:04:32.0,2454754.5031,100.0,1.5,H,H,,,,missingreplog_GX9+9.csv,,,Data replog,,,GX9+9,True,IR
ir081014.0015,GX9+9,17:31:43.4,-16:57:52,2008-10-15,00:02:35.8,2454754.5018,100.0,1.49,H,H,,,,missingreplog_GX9+9.csv,,,Data replog,,,GX9+9,True,IR
ir081010.0032,GX9+9,17:31:43.5,-16:57:50,2008-10-11,00:20:22.2,2454750.5141,100.0,1.5,H,H,,,,missingreplog_GX9+9.csv,,,Data replog,,,GX9+9,True,IR
ir081010.0031,GX9+9,17:31:43.5,-16:57:49,2008-10-11,00:18:25.7,2454750.5128,100.0,1.49,H,H,,,,missingreplog_GX9+9.csv,,,Data replog,,,GX9+9,True,IR
ir081010.0030,GX9+9,17:31:43.6,-16:57:49,2008-10-11,00:16:29.1,2454750.5114,100.0,1.48,H,H,,,,missingreplog_GX9+9.csv,,,Data replog,,,GX9+9,True,IR
ir081010.0029,GX9+9,17:31:43.6,-16:57:49,2008-10-11,00:14:32.4,2454750.5101,100.0,1.47,H,H,,,,missingreplog_GX9+9.csv,,,Data replog,,,GX9+9,True,IR
ir081010.0028,GX9+9,17:31:43.6,-16:57:50,2008-10-11,00:12:35.9,2454750.5088,100.0,1.46,H,H,,,,missingreplog_GX9+9.csv,,,Data replog,,,GX9+9,True,IR
ir081003.0077,GX9+9,17:31:44.1,-16:57:45,2008-10-04,01:16:34.7,2454743.5532,100.0,1.72,H,H,,,,missingreplog_GX9+9.csv,,,Data replog,,,GX9+9,True,IR
ir081003.0076,GX9+9,17:31:44.1,-16:57:44,2008-10-04,01:14:37.7,2454743.5518,100.0,1.71,H,H,,,,missingreplog_GX9+9.csv,,,Data replog,,,GX9+9,True,IR
ir081003.0075,GX9+9,17:31:44.1,-16:57:45,2008-10-04,01:12:40.5,2454743.5505,100.0,1.69,H,H,,,,missingreplog_GX9+9.csv,,,Data replog,,,GX9+9,True,IR
ir081003.0074,GX9+9,17:31:44.2,-16:57:44,2008-10-04,01:10:43.3,2454743.5491,100.0,1.67,H,H,,,,missingreplog_GX9+9.csv,,,Data replog,,,GX9+9,True,IR
ir100507.0297,GX9+9,17:31:45.2,-16:57:51,2010-05-08,06:09:37.4,2455324.7567,100.0,1.06,H,H,,,,missingreplog_GX9+9.csv,,,Data replog,,,GX9+9,True,IR
ir100508.0320,GX9+9,17:31:45.2,-16:57:31,2010-05-09,06:44:09.1,2455325.7807,100.0,1.03,H,H,,,,missingreplog_GX9+9.csv,,,Data replog,,,GX9+9,True,IR
ir100508.0321,GX9+9,17:31:45.2,-16:57:31,2010-05-09,06:46:05.2,2455325.782,100.0,1.03,H,H,,,,missingreplog_GX9+9.csv,,,Data replog,,,GX9+9,True,IR
ir100530.0251,GX9+9,17:31:44.2,-16:57:42,2010-05-31,04:51:20.2,2455347.7023,100.0,1.05,H,H,,,,missingreplog_GX9+9.csv,,,Data replog,,,GX9+9,True,IR
ir100604.0207,GX9+9,17:31:44.2,-16:57:35,2010-06-05,04:43:21.8,2455352.6968,100.0,1.04,H,H,,,,missingreplog_GX9+9.csv,,,Data replog,,,GX9+9,True,IR
ir100603.0248,GX9+9,17:31:44.6,-16:57:43,2010-06-04,05:23:36.6,2455351.7247,100.0,1.03,H,H,,,,missingreplog_GX9+9.csv,,,Data replog,,,GX9+9,True,IR
ir100603.0247,GX9+9,17:31:44.6,-16:57:43,2010-06-04,05:21:40.6,2455351.7234,100.0,1.03,H,H,,,,missingreplog_GX9+9.csv,,,Data replog,,,GX9+9,True,IR
ir100603.0246,GX9+9,17:31:44.5,-16:57:43,2010-06-04,05:19:44.0,2455351.722,100.0,1.03,H,H,,,,missingreplog_GX9+9.csv,,,Data replog,,,GX9+9,True,IR
ir100603.0245,GX9+9,17:31:44.5,-16:57:42,2010-06-04,05:17:47.3,2455351.7207,100.0,1.03,H,H,,,,missingreplog_GX9+9.csv,,,Data replog,,,GX9+9,True,IR
ir100603.0244,GX9+9,17:31:44.5,-16:57:42,2010-06-04,05:15:51.3,2455351.7193,100.0,1.03,H,H,,,,missingreplog_GX9+9.csv,,,Data replog,,,GX9+9,True,IR
ir100531.0231,GX9+9,17:31:44.0,-16:57:42,2010-06-01,05:15:38.8,2455348.7192,100.0,1.03,H,H,,,,missingreplog_GX9+9.csv,,,Data replog,,,GX9+9,True,IR
ir100531.0230,GX9+9,17:31:44.1,-16:57:42,2010-06-01,05:13:42.7,2455348.7179,100.0,1.03,H,H,,,,missingreplog_GX9+9.csv,,,Data replog,,,GX9+9,True,IR
ir100531.0229,GX9+9,17:31:44.1,-16:57:42,2010-06-01,05:11:46.3,2455348.7165,100.0,1.03,H,H,,,,missingreplog_GX9+9.csv,,,Data replog,,,GX9+9,True,IR
ir100531.0228,GX9+9,17:31:44.1,-16:57:42,2010-06-01,05:09:49.8,2455348.7152,100.0,1.03,H,H,,,,missingreplog_GX9+9.csv,,,Data replog,,,GX9+9,True,IR
ir100531.0227,GX9+9,17:31:44.2,-16:57:41,2010-06-01,05:07:53.8,2455348.7138,100.0,1.03,H,H,,,,missingreplog_GX9+9.csv,,,Data replog,,,GX9+9,True,IR
ir100530.0250,GX9+9,17:31:44.2,-16:57:42,2010-05-31,04:49:23.7,2455347.701,100.0,1.05,H,H,,,,missingreplog_GX9+9.csv,,,Data replog,,,GX9+9,True,IR
ir100508.0322,GX9+9,17:31:45.2,-16:57:31,2010-05-09,06:48:01.6,2455325.7834,100.0,1.03,H,H,,,,missingreplog_GX9+9.csv,,,Data replog,,,GX9+9,True,IR
ir100530.0249,GX9+9,17:31:44.2,-16:57:42,2010-05-31,04:47:27.1,2455347.6996,100.0,1.05,H,H,,,,missingreplog_GX9+9.csv,,,Data replog,,,GX9+9,True,IR
ir100530.0248,GX9+9,17:31:44.1,-16:57:42,2010-05-31,04:45:30.2,2455347.6983,100.0,1.05,H,H,,,,missingreplog_GX9+9.csv,,,Data replog,,,GX9+9,True,IR
ir100530.0247,GX9+9,17:31:44.1,-16:57:42,2010-05-31,04:43:34.2,2455347.6969,100.0,1.05,H,H,,,,missingreplog_GX9+9.csv,,,Data replog,,,GX9+9,True,IR
ir100529.0244,GX9+9,17:31:44.2,-16:57:41,2010-05-30,05:32:10.9,2455346.7307,100.0,1.03,H,H,,,,missingreplog_GX9+9.csv,,,Data replog,,,GX9+9,True,IR
ir100529.0243,GX9+9,17:31:44.2,-16:57:41,2010-05-30,05:30:14.9,2455346.7293,100.0,1.03,H,H,,,,missingreplog_GX9+9.csv,,,Data replog,,,GX9+9,True,IR
ir100529.0242,GX9+9,17:31:44.2,-16:57:41,2010-05-30,05:28:18.3,2455346.728,100.0,1.03,H,H,,,,missingreplog_GX9+9.csv,,,Data replog,,,GX9+9,True,IR
ir100529.0241,GX9+9,17:31:44.1,-16:57:41,2010-05-30,05:26:21.4,2455346.7266,100.0,1.03,H,H,,,,missingreplog_GX9+9.csv,,,Data replog,,,GX9+9,True,IR
ir100529.0240,GX9+9,17:31:44.2,-16:57:42,2010-05-30,05:24:25.0,2455346.7253,100.0,1.03,H,H,,,,missingreplog_GX9+9.csv,,,Data replog,,,GX9+9,True,IR
ir100526.0277,GX9+9,17:31:44.3,-16:57:42,2010-05-27,04:24:14.9,2455343.6835,100.0,1.1,H,H,,,,missingreplog_GX9+9.csv,,,Data replog,,,GX9+9,True,IR
ir100526.0276,GX9+9,17:31:44.2,-16:57:43,2010-05-27,04:22:19.0,2455343.6822,100.0,1.11,H,H,,,,missingreplog_GX9+9.csv,,,Data replog,,,GX9+9,True,IR
ir100526.0275,GX9+9,17:31:44.2,-16:57:43,2010-05-27,04:20:22.5,2455343.6808,100.0,1.11,H,H,,,,missingreplog_GX9+9.csv,,,Data replog,,,GX9+9,True,IR
ir100604.0208,GX9+9,17:31:44.2,-16:57:36,2010-06-05,04:45:18.2,2455352.6981,100.0,1.04,H,H,,,,missingreplog_GX9+9.csv,,,Data replog,,,GX9+9,True,IR
ir100604.0209,GX9+9,17:31:44.2,-16:57:36,2010-06-05,04:47:14.9,2455352.6995,100.0,1.04,H,H,,,,missingreplog_GX9+9.csv,,,Data replog,,,GX9+9,True,IR
ir100604.0210,GX9+9,17:31:44.1,-16:57:36,2010-06-05,04:49:11.4,2455352.7008,100.0,1.04,H,H,,,,missingreplog_GX9+9.csv,,,Data replog,,,GX9+9,True,IR
ir100604.0211,GX9+9,17:31:44.1,-16:57:36,2010-06-05,04:51:07.8,2455352.7022,100.0,1.03,H,H,,,,missingreplog_GX9+9.csv,,,Data replog,,,GX9+9,True,IR
ir100620.0207,GX9+9,17:31:45.7,-16:57:46,2010-06-21,04:28:13.0,2455368.6863,100.0,1.03,H,H,,,,missingreplog_GX9+9.csv,,,Data replog,,,GX9+9,True,IR
ir100620.0206,GX9+9,17:31:45.6,-16:57:46,2010-06-21,04:26:16.4,2455368.6849,100.0,1.03,H,H,,,,missingreplog_GX9+9.csv,,,Data replog,,,GX9+9,True,IR
ir100620.0205,GX9+9,17:31:45.6,-16:57:47,2010-06-21,04:24:20.3,2455368.6836,100.0,1.03,H,H,,,,missingreplog_GX9+9.csv,,,Data replog,,,GX9+9,True,IR
ir100611.0268,GX9+9,17:31:44.2,-16:57:43,2010-06-12,07:30:53.5,2455359.8131,100.0,1.27,H,H,,,,missingreplog_GX9+9.csv,,,Data replog,,,GX9+9,True,IR
ir100611.0267,GX9+9,17:31:44.1,-16:57:42,2010-06-12,07:28:57.0,2455359.8118,100.0,1.26,H,H,,,,missingreplog_GX9+9.csv,,,Data replog,,,GX9+9,True,IR
ir100611.0266,GX9+9,17:31:44.1,-16:57:42,2010-06-12,07:27:00.6,2455359.8104,100.0,1.26,H,H,,,,missingreplog_GX9+9.csv,,,Data replog,,,GX9+9,True,IR
ir100611.0265,GX9+9,17:31:44.1,-16:57:41,2010-06-12,07:25:03.9,2455359.8091,100.0,1.25,H,H,,,,missingreplog_GX9+9.csv,,,Data replog,,,GX9+9,True,IR
ir100611.0264,GX9+9,17:31:44.1,-16:57:41,2010-06-12,07:23:07.9,2455359.8077,100.0,1.24,H,H,,,,missingreplog_GX9+9.csv,,,Data replog,,,GX9+9,True,IR
ir100608.0242,GX9+9,17:31:43.9,-16:57:55,2010-06-09,05:05:23.2,2455356.7121,100.0,1.03,H,H,,,,missingreplog_GX9+9.csv,,,Data replog,,,GX9+9,True,IR
ir100608.0241,GX9+9,17:31:44.0,-16:57:55,2010-06-09,05:03:27.1,2455356.7107,100.0,1.03,H,H,,,,missingreplog_GX9+9.csv,,,Data replog,,,GX9+9,True,IR
ir100608.0240,GX9+9,17:31:43.9,-16:57:56,2010-06-09,05:01:30.7,2455356.7094,100.0,1.03,H,H,,,,missingreplog_GX9+9.csv,,,Data replog,,,GX9+9,True,IR
ir100608.0239,GX9+9,17:31:43.9,-16:57:56,2010-06-09,04:59:34.0,2455356.708,100.0,1.03,H,H,,,,missingreplog_GX9+9.csv,,,Data replog,,,GX9+9,True,IR
ir100608.0238,GX9+9,17:31:43.9,-16:57:56,2010-06-09,04:57:38.1,2455356.7067,100.0,1.03,H,H,,,,missingreplog_GX9+9.csv,,,Data replog,,,GX9+9,True,IR
ir100607.0272,GX9+9,17:31:44.9,-16:57:46,2010-06-08,04:59:17.4,2455355.7078,100.0,1.03,H,H,,,,missingreplog_GX9+9.csv,,,Data replog,,,GX9+9,True,IR
ir100607.0271,GX9+9,17:31:44.9,-16:57:47,2010-06-08,04:57:21.5,2455355.7065,100.0,1.03,H,H,,,,missingreplog_GX9+9.csv,,,Data replog,,,GX9+9,True,IR
ir100607.0270,GX9+9,17:31:44.9,-16:57:46,2010-06-08,04:55:24.8,2455355.7051,100.0,1.03,H,H,,,,missingreplog_GX9+9.csv,,,Data replog,,,GX9+9,True,IR
ir100607.0269,GX9+9,17:31:44.9,-16:57:46,2010-06-08,04:53:28.5,2455355.7038,100.0,1.03,H,H,,,,missingreplog_GX9+9.csv,,,Data replog,,,GX9+9,True,IR
ir100607.0268,GX9+9,17:31:44.9,-16:57:46,2010-06-08,04:51:32.4,2455355.7025,100.0,1.03,H,H,,,,missingreplog_GX9+9.csv,,,Data replog,,,GX9+9,True,IR
ir100605.0239,GX9+9,17:31:45.0,-16:57:32,2010-06-06,04:59:03.8,2455353.7077,100.0,1.03,H,H,,,,missingreplog_GX9+9.csv,,,Data replog,,,GX9+9,True,IR
ir100605.0238,GX9+9,17:31:44.9,-16:57:32,2010-06-06,04:57:07.2,2455353.7063,100.0,1.03,H,H,,,,missingreplog_GX9+9.csv,,,Data replog,,,GX9+9,True,IR
ir100605.0237,GX9+9,17:31:45.0,-16:57:32,2010-06-06,04:55:10.8,2455353.705,100.0,1.03,H,H,,,,missingreplog_GX9+9.csv,,,Data replog,,,GX9+9,True,IR
ir100605.0236,GX9+9,17:31:45.0,-16:57:31,2010-06-06,04:53:14.1,2455353.7036,100.0,1.03,H,H,,,,missingreplog_GX9+9.csv,,,Data replog,,,GX9+9,True,IR
ir100605.0235,GX9+9,17:31:45.0,-16:57:31,2010-06-06,04:51:17.8,2455353.7023,100.0,1.03,H,H,,,,missingreplog_GX9+9.csv,,,Data replog,,,GX9+9,True,IR
ir100526.0274,GX9+9,17:31:44.1,-16:57:43,2010-05-27,04:18:26.1,2455343.6795,100.0,1.11,H,H,,,,missingreplog_GX9+9.csv,,,Data replog,,,GX9+9,True,IR
ir100526.0273,GX9+9,17:31:44.1,-16:57:42,2010-05-27,04:16:30.2,2455343.6781,100.0,1.12,H,H,,,,missingreplog_GX9+9.csv,,,Data replog,,,GX9+9,True,IR
ir100525.0334,GX9+9,17:31:43.6,-16:57:41,2010-05-26,06:04:20.8,2455342.753,100.0,1.03,H,H,,,,missingreplog_GX9+9.csv,,,Data replog,,,GX9+9,True,IR
ir100518.0273,GX9+9,17:31:44.1,-16:57:43,2010-05-19,05:53:39.2,2455335.7456,100.0,1.04,H,H,,,,missingreplog_GX9+9.csv,,,Data replog,,,GX9+9,True,IR
ir100518.0271,GX9+9,17:31:44.2,-16:57:41,2010-05-19,05:49:46.8,2455335.7429,100.0,1.04,H,H,,,,missingreplog_GX9+9.csv,,,Data replog,,,GX9+9,True,IR
ir100517.0203,GX9+9,17:31:44.1,-16:57:42,2010-05-18,06:01:18.3,2455334.751,100.0,1.03,H,H,,,,missingreplog_GX9+9.csv,,,Data replog,,,GX9+9,True,IR
ir100517.0202,GX9+9,17:31:44.1,-16:57:42,2010-05-18,05:59:22.1,2455334.7496,100.0,1.04,H,H,,,,missingreplog_GX9+9.csv,,,Data replog,,,GX9+9,True,IR
ir100517.0201,GX9+9,17:31:44.1,-16:57:42,2010-05-18,05:57:25.7,2455334.7483,100.0,1.04,H,H,,,,missingreplog_GX9+9.csv,,,Data replog,,,GX9+9,True,IR
ir100517.0200,GX9+9,17:31:44.1,-16:57:42,2010-05-18,05:55:29.4,2455334.7469,100.0,1.04,H,H,,,,missingreplog_GX9+9.csv,,,Data replog,,,GX9+9,True,IR
ir100517.0199,GX9+9,17:31:44.2,-16:57:42,2010-05-18,05:53:33.4,2455334.7456,100.0,1.04,H,H,,,,missingreplog_GX9+9.csv,,,Data replog,,,GX9+9,True,IR
ir100511.0309,GX9+9,17:31:44.9,-16:57:37,2010-05-12,05:38:56.4,2455328.7354,100.0,1.08,H,H,,,,missingreplog_GX9+9.csv,,,Data replog,,,GX9+9,True,IR
ir100511.0308,GX9+9,17:31:44.9,-16:57:36,2010-05-12,05:37:00.4,2455328.734,100.0,1.08,H,H,,,,missingreplog_GX9+9.csv,,,Data replog,,,GX9+9,True,IR
ir100511.0307,GX9+9,17:31:44.8,-16:57:36,2010-05-12,05:35:03.7,2455328.7327,100.0,1.08,H,H,,,,missingreplog_GX9+9.csv,,,Data replog,,,GX9+9,True,IR
ir100511.0306,GX9+9,17:31:44.8,-16:57:35,2010-05-12,05:33:07.2,2455328.7313,100.0,1.09,H,H,,,,missingreplog_GX9+9.csv,,,Data replog,,,GX9+9,True,IR
ir100511.0305,GX9+9,17:31:44.7,-16:57:35,2010-05-12,05:31:11.3,2455328.73,100.0,1.09,H,H,,,,missingreplog_GX9+9.csv,,,Data replog,,,GX9+9,True,IR
ir100510.0398,GX9+9,17:31:44.5,-16:57:45,2010-05-11,06:48:48.0,2455327.7839,100.0,1.03,H,H,,,,missingreplog_GX9+9.csv,,,Data replog,,,GX9+9,True,IR
ir100510.0397,GX9+9,17:31:44.5,-16:57:45,2010-05-11,06:46:51.8,2455327.7826,100.0,1.03,H,H,,,,missingreplog_GX9+9.csv,,,Data replog,,,GX9+9,True,IR
ir100510.0396,GX9+9,17:31:44.5,-16:57:44,2010-05-11,06:44:54.9,2455327.7812,100.0,1.03,H,H,,,,missingreplog_GX9+9.csv,,,Data replog,,,GX9+9,True,IR
ir100510.0395,GX9+9,17:31:44.5,-16:57:45,2010-05-11,06:42:58.3,2455327.7798,100.0,1.03,H,H,,,,missingreplog_GX9+9.csv,,,Data replog,,,GX9+9,True,IR
ir100510.0394,GX9+9,17:31:44.4,-16:57:44,2010-05-11,06:41:02.4,2455327.7785,100.0,1.03,H,H,,,,missingreplog_GX9+9.csv,,,Data replog,,,GX9+9,True,IR
ir100509.0302,GX9+9,17:31:45.0,-16:57:41,2010-05-10,05:26:48.6,2455326.727,100.0,1.11,H,H,,,,missingreplog_GX9+9.csv,,,Data replog,,,GX9+9,True,IR
ir100509.0301,GX9+9,17:31:44.9,-16:57:41,2010-05-10,05:24:52.7,2455326.7256,100.0,1.11,H,H,,,,missingreplog_GX9+9.csv,,,Data replog,,,GX9+9,True,IR
ir100509.0300,GX9+9,17:31:44.9,-16:57:40,2010-05-10,05:22:56.3,2455326.7243,100.0,1.12,H,H,,,,missingreplog_GX9+9.csv,,,Data replog,,,GX9+9,True,IR
ir100509.0299,GX9+9,17:31:44.9,-16:57:40,2010-05-10,05:20:59.9,2455326.7229,100.0,1.12,H,H,,,,missingreplog_GX9+9.csv,,,Data replog,,,GX9+9,True,IR
ir100509.0298,GX9+9,17:31:44.9,-16:57:40,2010-05-10,05:19:03.8,2455326.7216,100.0,1.12,H,H,,,,missingreplog_GX9+9.csv,,,Data replog,,,GX9+9,True,IR
ir100508.0324,GX9+9,17:31:45.2,-16:57:31,2010-05-09,06:51:54.0,2455325.786,100.0,1.03,H,H,,,,missingreplog_GX9+9.csv,,,Data replog,,,GX9+9,True,IR
ir100508.0323,GX9+9,17:31:45.2,-16:57:32,2010-05-09,06:49:58.0,2455325.7847,100.0,1.03,H,H,,,,missingreplog_GX9+9.csv,,,Data replog,,,GX9+9,True,IR
ir100518.0272,GX9+9,17:31:44.1,-16:57:43,2010-05-19,05:51:42.7,2455335.7442,100.0,1.04,H,H,,,,missingreplog_GX9+9.csv,,,Data replog,,,GX9+9,True,IR
ir100518.0274,GX9+9,17:31:44.0,-16:57:44,2010-05-19,05:55:35.6,2455335.7469,100.0,1.04,H,H,,,,missingreplog_GX9+9.csv,,,Data replog,,,GX9+9,True,IR
ir100525.0333,GX9+9,17:31:43.5,-16:57:42,2010-05-26,06:02:24.6,2455342.7517,100.0,1.03,H,H,,,,missingreplog_GX9+9.csv,,,Data replog,,,GX9+9,True,IR
ir100518.0275,GX9+9,17:31:44.0,-16:57:43,2010-05-19,05:57:31.7,2455335.7483,100.0,1.03,H,H,,,,missingreplog_GX9+9.csv,,,Data replog,,,GX9+9,True,IR
ir100525.0332,GX9+9,17:31:43.5,-16:57:41,2010-05-26,06:00:28.2,2455342.7503,100.0,1.03,H,H,,,,missingreplog_GX9+9.csv,,,Data replog,,,GX9+9,True,IR
ir100525.0331,GX9+9,17:31:43.5,-16:57:42,2010-05-26,05:58:31.5,2455342.749,100.0,1.03,H,H,,,,missingreplog_GX9+9.csv,,,Data replog,,,GX9+9,True,IR
ir100525.0330,GX9+9,17:31:43.5,-16:57:42,2010-05-26,05:56:35.3,2455342.7476,100.0,1.03,H,H,,,,missingreplog_GX9+9.csv,,,Data replog,,,GX9+9,True,IR
ir100524.0254,GX9+9,17:31:44.2,-16:57:52,2010-05-25,04:29:47.7,2455341.6874,100.0,1.11,H,H,,,,missingreplog_GX9+9.csv,,,Data replog,,,GX9+9,True,IR
ir100524.0253,GX9+9,17:31:44.2,-16:57:52,2010-05-25,04:27:51.3,2455341.686,100.0,1.11,H,H,,,,missingreplog_GX9+9.csv,,,Data replog,,,GX9+9,True,IR
ir100524.0252,GX9+9,17:31:44.2,-16:57:52,2010-05-25,04:25:54.8,2455341.6847,100.0,1.11,H,H,,,,missingreplog_GX9+9.csv,,,Data replog,,,GX9+9,True,IR
ir100524.0251,GX9+9,17:31:44.2,-16:57:52,2010-05-25,04:23:58.3,2455341.6833,100.0,1.12,H,H,,,,missingreplog_GX9+9.csv,,,Data replog,,,GX9+9,True,IR
ir100524.0250,GX9+9,17:31:44.2,-16:57:51,2010-05-25,04:22:02.3,2455341.682,100.0,1.12,H,H,,,,missingreplog_GX9+9.csv,,,Data replog,,,GX9+9,True,IR
ir100523.0241,GX9+9,17:31:45.2,-16:57:45,2010-05-24,04:46:05.8,2455340.6987,100.0,1.09,H,H,,,,missingreplog_GX9+9.csv,,,Data replog,,,GX9+9,True,IR
ir100523.0240,GX9+9,17:31:45.2,-16:57:45,2010-05-24,04:44:09.9,2455340.6973,100.0,1.09,H,H,,,,missingreplog_GX9+9.csv,,,Data replog,,,GX9+9,True,IR
ir100523.0239,GX9+9,17:31:45.1,-16:57:45,2010-05-24,04:42:13.4,2455340.696,100.0,1.09,H,H,,,,missingreplog_GX9+9.csv,,,Data replog,,,GX9+9,True,IR
ir100523.0238,GX9+9,17:31:45.1,-16:57:45,2010-05-24,04:40:17.0,2455340.6946,100.0,1.1,H,H,,,,missingreplog_GX9+9.csv,,,Data replog,,,GX9+9,True,IR
ir100523.0237,GX9+9,17:31:45.1,-16:57:44,2010-05-24,04:38:21.0,2455340.6933,100.0,1.1,H,H,,,,missingreplog_GX9+9.csv,,,Data replog,,,GX9+9,True,IR
ir100522.0201,GX9+9,17:31:44.9,-16:57:40,2010-05-23,05:58:37.3,2455339.749,100.0,1.03,H,H,,,,missingreplog_GX9+9.csv,,,Data replog,,,GX9+9,True,IR
ir100522.0200,GX9+9,17:31:44.9,-16:57:40,2010-05-23,05:56:41.3,2455339.7477,100.0,1.03,H,H,,,,missingreplog_GX9+9.csv,,,Data replog,,,GX9+9,True,IR
ir100522.0199,GX9+9,17:31:44.9,-16:57:40,2010-05-23,05:54:44.9,2455339.7464,100.0,1.03,H,H,,,,missingreplog_GX9+9.csv,,,Data replog,,,GX9+9,True,IR
ir100522.0198,GX9+9,17:31:44.8,-16:57:41,2010-05-23,05:52:48.5,2455339.745,100.0,1.03,H,H,,,,missingreplog_GX9+9.csv,,,Data replog,,,GX9+9,True,IR
ir100522.0197,GX9+9,17:31:44.8,-16:57:40,2010-05-23,05:50:52.6,2455339.7437,100.0,1.03,H,H,,,,missingreplog_GX9+9.csv,,,Data replog,,,GX9+9,True,IR
ir100521.0238,GX9+9,17:31:43.8,-16:57:42,2010-05-22,04:31:48.9,2455338.6888,100.0,1.12,H,H,,,,missingreplog_GX9+9.csv,,,Data replog,,,GX9+9,True,IR
ir100521.0237,GX9+9,17:31:43.9,-16:57:42,2010-05-22,04:29:52.4,2455338.6874,100.0,1.13,H,H,,,,missingreplog_GX9+9.csv,,,Data replog,,,GX9+9,True,IR
ir100521.0236,GX9+9,17:31:43.9,-16:57:42,2010-05-22,04:27:55.6,2455338.6861,100.0,1.13,H,H,,,,missingreplog_GX9+9.csv,,,Data replog,,,GX9+9,True,IR
ir100521.0235,GX9+9,17:31:43.9,-16:57:42,2010-05-22,04:25:59.1,2455338.6847,100.0,1.14,H,H,,,,missingreplog_GX9+9.csv,,,Data replog,,,GX9+9,True,IR
ir100521.0234,GX9+9,17:31:43.8,-16:57:41,2010-05-22,04:24:02.6,2455338.6834,100.0,1.14,H,H,,,,missingreplog_GX9+9.csv,,,Data replog,,,GX9+9,True,IR
ir080924.0059,GX9+9,17:31:44.1,-16:57:48,2008-09-25,00:51:25.2,2454734.5357,100.0,1.33,H,H,,,,missingreplog_GX9+9.csv,,,Data replog,,,GX9+9,True,IR
ir080924.0057,GX9+9,17:31:44.1,-16:57:48,2008-09-25,00:49:28.2,2454734.5343,100.0,1.33,H,H,,,,missingreplog_GX9+9.csv,,,Data replog,,,GX9+9,True,IR
ir080923.0077,GX9+9,17:31:44.4,-16:57:38,2008-09-24,01:16:14.7,2454733.5529,100.0,1.44,H,H,,,,missingreplog_GX9+9.csv,,,Data replog,,,GX9+9,True,IR
ir080730.0115,GX9+9,17:31:44.7,-16:57:38,2008-07-31,04:21:25.5,2454678.6815,100.0,1.29,H,H,,,,missingreplog_GX9+9.csv,,,Data replog,,,GX9+9,True,IR
ir080803.0196,GX9+9,17:31:43.7,-16:57:42,2008-08-04,04:30:04.5,2454682.6875,100.0,1.4,H,H,,,,missingreplog_GX9+9.csv,,,Data replog,,,GX9+9,True,IR
ir080803.0195,GX9+9,17:31:43.8,-16:57:41,2008-08-04,04:28:07.8,2454682.6862,100.0,1.39,H,H,,,,missingreplog_GX9+9.csv,,,Data replog,,,GX9+9,True,IR
ir080803.0194,GX9+9,17:31:43.8,-16:57:41,2008-08-04,04:26:11.3,2454682.6848,100.0,1.38,H,H,,,,missingreplog_GX9+9.csv,,,Data replog,,,GX9+9,True,IR
ir080802.0185,GX9+9,17:31:42.9,-16:57:58,2008-08-03,04:43:05.4,2454681.6966,100.0,1.45,H,H,,,,missingreplog_GX9+9.csv,,,Data replog,,,GX9+9,True,IR
ir080802.0184,GX9+9,17:31:43.0,-16:57:58,2008-08-03,04:41:09.0,2454681.6952,100.0,1.44,H,H,,,,missingreplog_GX9+9.csv,,,Data replog,,,GX9+9,True,IR
ir080802.0183,GX9+9,17:31:43.0,-16:57:57,2008-08-03,04:39:12.1,2454681.6939,100.0,1.43,H,H,,,,missingreplog_GX9+9.csv,,,Data replog,,,GX9+9,True,IR
ir080802.0182,GX9+9,17:31:43.0,-16:57:57,2008-08-03,04:37:15.1,2454681.6925,100.0,1.42,H,H,,,,missingreplog_GX9+9.csv,,,Data replog,,,GX9+9,True,IR
ir080802.0181,GX9+9,17:31:43.1,-16:57:57,2008-08-03,04:35:18.7,2454681.6912,100.0,1.41,H,H,,,,missingreplog_GX9+9.csv,,,Data replog,,,GX9+9,True,IR
ir080730.0118,GX9+9,17:31:44.7,-16:57:38,2008-07-31,04:27:15.5,2454678.6856,100.0,1.31,H,H,,,,missingreplog_GX9+9.csv,,,Data replog,,,GX9+9,True,IR
ir080730.0117,GX9+9,17:31:44.7,-16:57:38,2008-07-31,04:25:19.1,2454678.6842,100.0,1.31,H,H,,,,missingreplog_GX9+9.csv,,,Data replog,,,GX9+9,True,IR
ir080730.0116,GX9+9,17:31:44.7,-16:57:38,2008-07-31,04:23:22.3,2454678.6829,100.0,1.3,H,H,,,,missingreplog_GX9+9.csv,,,Data replog,,,GX9+9,True,IR
ir080730.0114,GX9+9,17:31:44.8,-16:57:39,2008-07-31,04:19:28.8,2454678.6802,100.0,1.28,H,H,,,,missingreplog_GX9+9.csv,,,Data replog,,,GX9+9,True,IR
ir080724.0174,GX9+9,17:31:44.6,-16:57:42,2008-07-25,05:05:52.6,2454672.7124,100.0,1.38,H,H,,,,missingreplog_GX9+9.csv,,,Data replog,,,GX9+9,True,IR
ir080727.0031,GX9+9,17:31:44.0,-16:57:43,2008-07-28,05:14:12.6,2454675.7182,100.0,1.5,H,H,,,,missingreplog_GX9+9.csv,,,Data replog,,,GX9+9,True,IR
ir080727.0030,GX9+9,17:31:44.0,-16:57:42,2008-07-28,05:12:16.1,2454675.7169,100.0,1.48,H,H,,,,missingreplog_GX9+9.csv,,,Data replog,,,GX9+9,True,IR
ir080727.0029,GX9+9,17:31:44.0,-16:57:42,2008-07-28,05:10:19.3,2454675.7155,100.0,1.47,H,H,,,,missingreplog_GX9+9.csv,,,Data replog,,,GX9+9,True,IR
ir080727.0028,GX9+9,17:31:44.0,-16:57:42,2008-07-28,05:08:22.7,2454675.7141,100.0,1.46,H,H,,,,missingreplog_GX9+9.csv,,,Data replog,,,GX9+9,True,IR
ir080727.0027,GX9+9,17:31:44.1,-16:57:41,2008-07-28,05:06:26.4,2454675.7128,100.0,1.45,H,H,,,,missingreplog_GX9+9.csv,,,Data replog,,,GX9+9,True,IR
ir080726.0239,GX9+9,17:31:44.1,-16:57:43,2008-07-27,05:42:11.8,2454674.7376,100.0,1.67,H,H,,,,missingreplog_GX9+9.csv,,,Data replog,,,GX9+9,True,IR
ir080726.0238,GX9+9,17:31:44.1,-16:57:43,2008-07-27,05:40:15.4,2454674.7363,100.0,1.66,H,H,,,,missingreplog_GX9+9.csv,,,Data replog,,,GX9+9,True,IR
ir080726.0237,GX9+9,17:31:44.1,-16:57:42,2008-07-27,05:38:18.9,2454674.7349,100.0,1.64,H,H,,,,missingreplog_GX9+9.csv,,,Data replog,,,GX9+9,True,IR
ir080726.0236,GX9+9,17:31:44.1,-16:57:42,2008-07-27,05:36:22.3,2454674.7336,100.0,1.62,H,H,,,,missingreplog_GX9+9.csv,,,Data replog,,,GX9+9,True,IR
ir080726.0235,GX9+9,17:31:44.1,-16:57:41,2008-07-27,05:34:26.0,2454674.7322,100.0,1.61,H,H,,,,missingreplog_GX9+9.csv,,,Data replog,,,GX9+9,True,IR
ir080724.0176,GX9+9,17:31:44.5,-16:57:42,2008-07-25,05:09:46.0,2454672.7151,100.0,1.4,H,H,,,,missingreplog_GX9+9.csv,,,Data replog,,,GX9+9,True,IR
ir080803.0197,GX9+9,17:31:43.7,-16:57:42,2008-08-04,04:32:01.4,2454682.6889,100.0,1.41,H,H,,,,missingreplog_GX9+9.csv,,,Data replog,,,GX9+9,True,IR
ir080803.0198,GX9+9,17:31:43.7,-16:57:42,2008-08-04,04:33:57.9,2454682.6902,100.0,1.42,H,H,,,,missingreplog_GX9+9.csv,,,Data replog,,,GX9+9,True,IR
ir080804.0175,GX9+9,17:31:42.8,-16:57:46,2008-08-05,04:44:14.5,2454683.6974,100.0,1.51,H,H,,,,missingreplog_GX9+9.csv,,,Data replog,,,GX9+9,True,IR
ir080804.0176,GX9+9,17:31:42.9,-16:57:46,2008-08-05,04:46:11.0,2454683.6987,100.0,1.52,H,H,,,,missingreplog_GX9+9.csv,,,Data replog,,,GX9+9,True,IR
ir080809.0243,GX9+9,17:31:44.2,-16:57:43,2008-08-10,05:09:46.2,2454688.7151,100.0,1.9,H,H,,,,missingreplog_GX9+9.csv,,,Data replog,,,GX9+9,True,IR
ir080809.0242,GX9+9,17:31:44.1,-16:57:43,2008-08-10,05:07:49.8,2454688.7138,100.0,1.87,H,H,,,,missingreplog_GX9+9.csv,,,Data replog,,,GX9+9,True,IR
ir080809.0241,GX9+9,17:31:44.1,-16:57:42,2008-08-10,05:05:53.1,2454688.7124,100.0,1.85,H,H,,,,missingreplog_GX9+9.csv,,,Data replog,,,GX9+9,True,IR
ir080809.0240,GX9+9,17:31:44.1,-16:57:41,2008-08-10,05:03:56.4,2454688.7111,100.0,1.83,H,H,,,,missingreplog_GX9+9.csv,,,Data replog,,,GX9+9,True,IR
ir080809.0239,GX9+9,17:31:44.1,-16:57:41,2008-08-10,05:01:59.8,2454688.7097,100.0,1.81,H,H,,,,missingreplog_GX9+9.csv,,,Data replog,,,GX9+9,True,IR
ir080808.0065,GX9+9,17:31:44.4,-16:57:46,2008-08-09,04:05:08.8,2454687.6702,100.0,1.38,H,H,,,,missingreplog_GX9+9.csv,,,Data replog,,,GX9+9,True,IR
ir080808.0064,GX9+9,17:31:44.4,-16:57:46,2008-08-09,04:03:12.0,2454687.6689,100.0,1.37,H,H,,,,missingreplog_GX9+9.csv,,,Data replog,,,GX9+9,True,IR
ir080808.0063,GX9+9,17:31:44.4,-16:57:46,2008-08-09,04:01:15.2,2454687.6675,100.0,1.36,H,H,,,,missingreplog_GX9+9.csv,,,Data replog,,,GX9+9,True,IR
ir080808.0062,GX9+9,17:31:44.4,-16:57:45,2008-08-09,03:59:18.4,2454687.6662,100.0,1.35,H,H,,,,missingreplog_GX9+9.csv,,,Data replog,,,GX9+9,True,IR
ir080808.0061,GX9+9,17:31:44.3,-16:57:44,2008-08-09,03:57:22.0,2454687.6648,100.0,1.34,H,H,,,,missingreplog_GX9+9.csv,,,Data replog,,,GX9+9,True,IR
ir080807.0162,GX9+9,17:31:44.3,-16:57:38,2008-08-08,05:00:13.4,2454686.7085,100.0,1.72,H,H,,,,missingreplog_GX9+9.csv,,,Data replog,,,GX9+9,True,IR
ir080807.0161,GX9+9,17:31:44.3,-16:57:37,2008-08-08,04:58:17.1,2454686.7072,100.0,1.7,H,H,,,,missingreplog_GX9+9.csv,,,Data replog,,,GX9+9,True,IR
ir080807.0160,GX9+9,17:31:44.4,-16:57:38,2008-08-08,04:56:20.2,2454686.7058,100.0,1.68,H,H,,,,missingreplog_GX9+9.csv,,,Data replog,,,GX9+9,True,IR
ir080807.0159,GX9+9,17:31:44.4,-16:57:38,2008-08-08,04:54:23.3,2454686.7044,100.0,1.67,H,H,,,,missingreplog_GX9+9.csv,,,Data replog,,,GX9+9,True,IR
ir080807.0158,GX9+9,17:31:44.5,-16:57:39,2008-08-08,04:52:26.9,2454686.7031,100.0,1.65,H,H,,,,missingreplog_GX9+9.csv,,,Data replog,,,GX9+9,True,IR
ir080805.0187,GX9+9,17:31:43.7,-16:57:35,2008-08-06,03:06:12.3,2454684.6293,100.0,1.14,H,H,,,,missingreplog_GX9+9.csv,,,Data replog,,,GX9+9,True,IR
ir080805.0186,GX9+9,17:31:43.6,-16:57:35,2008-08-06,03:04:15.9,2454684.628,100.0,1.13,H,H,,,,missingreplog_GX9+9.csv,,,Data replog,,,GX9+9,True,IR
ir080805.0185,GX9+9,17:31:43.7,-16:57:35,2008-08-06,03:02:19.2,2454684.6266,100.0,1.13,H,H,,,,missingreplog_GX9+9.csv,,,Data replog,,,GX9+9,True,IR
ir080805.0184,GX9+9,17:31:43.6,-16:57:35,2008-08-06,03:00:22.4,2454684.6253,100.0,1.13,H,H,,,,missingreplog_GX9+9.csv,,,Data replog,,,GX9+9,True,IR
ir080805.0183,GX9+9,17:31:43.6,-16:57:35,2008-08-06,02:58:26.1,2454684.6239,100.0,1.12,H,H,,,,missingreplog_GX9+9.csv,,,Data replog,,,GX9+9,True,IR
ir080804.0179,GX9+9,17:31:42.9,-16:57:47,2008-08-05,04:52:10.8,2454683.7029,100.0,1.56,H,H,,,,missingreplog_GX9+9.csv,,,Data replog,,,GX9+9,True,IR
ir080804.0178,GX9+9,17:31:42.9,-16:57:47,2008-08-05,04:48:07.8,2454683.7001,100.0,1.53,H,H,,,,missingreplog_GX9+9.csv,,,Data replog,,,GX9+9,True,IR
ir080804.0177,GX9+9,17:31:42.9,-16:57:47,2008-08-05,04:48:07.8,2454683.7001,100.0,1.53,H,H,,,,missingreplog_GX9+9.csv,,,Data replog,,,GX9+9,True,IR
ir080724.0175,GX9+9,17:31:44.5,-16:57:42,2008-07-25,05:07:49.6,2454672.7138,100.0,1.39,H,H,,,,missingreplog_GX9+9.csv,,,Data replog,,,GX9+9,True,IR
ir080724.0173,GX9+9,17:31:44.6,-16:57:42,2008-07-25,05:03:55.9,2454672.7111,100.0,1.37,H,H,,,,missingreplog_GX9+9.csv,,,Data replog,,,GX9+9,True,IR
ir080708.0301,GX9+9,17:31:44.4,-16:57:38,2008-07-09,04:44:24.7,2454656.6975,100.0,1.11,H,H,,,,missingreplog_GX9+9.csv,,,Data replog,,,GX9+9,True,IR
ir080711.0048,GX9+9,17:31:44.1,-16:57:38,2008-07-12,05:54:13.9,2454659.746,100.0,1.37,H,H,,,,missingreplog_GX9+9.csv,,,Data replog,,,GX9+9,True,IR
ir080713.0188,GX9+9,17:31:44.1,-16:57:38,2008-07-14,05:15:31.7,2454661.7191,100.0,1.24,H,H,,,,missingreplog_GX9+9.csv,,,Data replog,,,GX9+9,True,IR
ir080713.0187,GX9+9,17:31:44.1,-16:57:38,2008-07-14,05:15:31.7,2454661.7191,100.0,1.24,H,H,,,,missingreplog_GX9+9.csv,,,Data replog,,,GX9+9,True,IR
ir080713.0186,GX9+9,17:31:44.1,-16:57:37,2008-07-14,05:13:34.9,2454661.7178,100.0,1.24,H,H,,,,missingreplog_GX9+9.csv,,,Data replog,,,GX9+9,True,IR
ir080712.0220,GX9+9,17:31:44.2,-16:57:39,2008-07-13,03:35:06.0,2454660.6494,100.0,1.04,H,H,,,,missingreplog_GX9+9.csv,,,Data replog,,,GX9+9,True,IR
ir080712.0219,GX9+9,17:31:44.2,-16:57:39,2008-07-13,03:33:09.6,2454660.648,100.0,1.04,H,H,,,,missingreplog_GX9+9.csv,,,Data replog,,,GX9+9,True,IR
ir080712.0218,GX9+9,17:31:44.2,-16:57:39,2008-07-13,03:31:12.9,2454660.6467,100.0,1.04,H,H,,,,missingreplog_GX9+9.csv,,,Data replog,,,GX9+9,True,IR
ir080712.0217,GX9+9,17:31:44.2,-16:57:39,2008-07-13,03:29:16.1,2454660.6453,100.0,1.04,H,H,,,,missingreplog_GX9+9.csv,,,Data replog,,,GX9+9,True,IR
ir080712.0216,GX9+9,17:31:44.2,-16:57:39,2008-07-13,03:27:19.6,2454660.644,100.0,1.04,H,H,,,,missingreplog_GX9+9.csv,,,Data replog,,,GX9+9,True,IR
ir080711.0051,GX9+9,17:31:43.9,-16:57:39,2008-07-12,06:00:03.8,2454659.75,100.0,1.4,H,H,,,,missingreplog_GX9+9.csv,,,Data replog,,,GX9+9,True,IR
ir080711.0050,GX9+9,17:31:43.9,-16:57:38,2008-07-12,05:58:07.5,2454659.7487,100.0,1.39,H,H,,,,missingreplog_GX9+9.csv,,,Data replog,,,GX9+9,True,IR
ir080711.0049,GX9+9,17:31:44.0,-16:57:38,2008-07-12,05:56:10.7,2454659.7473,100.0,1.38,H,H,,,,missingreplog_GX9+9.csv,,,Data replog,,,GX9+9,True,IR
ir080711.0047,GX9+9,17:31:44.0,-16:57:37,2008-07-12,05:52:17.6,2454659.7446,100.0,1.36,H,H,,,,missingreplog_GX9+9.csv,,,Data replog,,,GX9+9,True,IR
ir080724.0172,GX9+9,17:31:44.7,-16:57:42,2008-07-25,05:01:59.3,2454672.7097,100.0,1.36,H,H,,,,missingreplog_GX9+9.csv,,,Data replog,,,GX9+9,True,IR
ir080710.0259,GX9+9,17:31:44.1,-16:57:41,2008-07-11,06:24:52.6,2454658.7673,100.0,1.52,H,H,,,,missingreplog_GX9+9.csv,,,Data replog,,,GX9+9,True,IR
ir080710.0258,GX9+9,17:31:44.1,-16:57:40,2008-07-11,06:22:56.2,2454658.7659,100.0,1.51,H,H,,,,missingreplog_GX9+9.csv,,,Data replog,,,GX9+9,True,IR
ir080710.0257,GX9+9,17:31:44.1,-16:57:40,2008-07-11,06:20:59.3,2454658.7646,100.0,1.5,H,H,,,,missingreplog_GX9+9.csv,,,Data replog,,,GX9+9,True,IR
ir080710.0256,GX9+9,17:31:44.1,-16:57:40,2008-07-11,06:19:02.3,2454658.7632,100.0,1.48,H,H,,,,missingreplog_GX9+9.csv,,,Data replog,,,GX9+9,True,IR
ir080710.0255,GX9+9,17:31:44.2,-16:57:40,2008-07-11,06:17:05.8,2454658.7619,100.0,1.47,H,H,,,,missingreplog_GX9+9.csv,,,Data replog,,,GX9+9,True,IR
ir080709.0201,GX9+9,17:31:44.1,-16:57:42,2008-07-10,05:27:58.9,2454657.7278,100.0,1.23,H,H,,,,missingreplog_GX9+9.csv,,,Data replog,,,GX9+9,True,IR
ir080709.0200,GX9+9,17:31:44.0,-16:57:42,2008-07-10,05:26:02.3,2454657.7264,100.0,1.23,H,H,,,,missingreplog_GX9+9.csv,,,Data replog,,,GX9+9,True,IR
ir080709.0199,GX9+9,17:31:44.0,-16:57:42,2008-07-10,05:24:05.7,2454657.7251,100.0,1.22,H,H,,,,missingreplog_GX9+9.csv,,,Data replog,,,GX9+9,True,IR
ir080709.0198,GX9+9,17:31:44.0,-16:57:42,2008-07-10,05:22:08.6,2454657.7237,100.0,1.21,H,H,,,,missingreplog_GX9+9.csv,,,Data replog,,,GX9+9,True,IR
ir080709.0197,GX9+9,17:31:44.0,-16:57:41,2008-07-10,05:20:12.1,2454657.7224,100.0,1.21,H,H,,,,missingreplog_GX9+9.csv,,,Data replog,,,GX9+9,True,IR
ir080708.0303,GX9+9,17:31:44.5,-16:57:39,2008-07-09,04:48:18.1,2454656.7002,100.0,1.12,H,H,,,,missingreplog_GX9+9.csv,,,Data replog,,,GX9+9,True,IR
ir080713.0189,GX9+9,17:31:44.1,-16:57:38,2008-07-14,05:19:35.0,2454661.7219,100.0,1.26,H,H,,,,missingreplog_GX9+9.csv,,,Data replog,,,GX9+9,True,IR
ir080713.0190,GX9+9,17:31:44.1,-16:57:38,2008-07-14,05:21:31.5,2454661.7233,100.0,1.27,H,H,,,,missingreplog_GX9+9.csv,,,Data replog,,,GX9+9,True,IR
ir080714.0328,GX9+9,17:31:44.1,-16:57:42,2008-07-15,06:31:51.9,2454662.7721,100.0,1.69,H,H,,,,missingreplog_GX9+9.csv,,,Data replog,,,GX9+9,True,IR
ir080714.0329,GX9+9,17:31:44.1,-16:57:42,2008-07-15,06:33:48.3,2454662.7735,100.0,1.71,H,H,,,,missingreplog_GX9+9.csv,,,Data replog,,,GX9+9,True,IR
ir080723.0063,GX9+9,17:31:44.0,-16:57:40,2008-07-24,04:00:32.8,2454671.667,100.0,1.14,H,H,,,,missingreplog_GX9+9.csv,,,Data replog,,,GX9+9,True,IR
ir080723.0062,GX9+9,17:31:44.0,-16:57:40,2008-07-24,03:58:36.6,2454671.6657,100.0,1.14,H,H,,,,missingreplog_GX9+9.csv,,,Data replog,,,GX9+9,True,IR
ir080723.0061,GX9+9,17:31:44.0,-16:57:39,2008-07-24,03:56:39.6,2454671.6644,100.0,1.14,H,H,,,,missingreplog_GX9+9.csv,,,Data replog,,,GX9+9,True,IR
ir080723.0060,GX9+9,17:31:44.0,-16:57:39,2008-07-24,03:54:43.0,2454671.663,100.0,1.13,H,H,,,,missingreplog_GX9+9.csv,,,Data replog,,,GX9+9,True,IR
ir080723.0059,GX9+9,17:31:44.0,-16:57:39,2008-07-24,03:52:46.4,2454671.6617,100.0,1.13,H,H,,,,missingreplog_GX9+9.csv,,,Data replog,,,GX9+9,True,IR
ir080718.0243,GX9+9,17:31:43.4,-16:57:52,2008-07-19,04:37:04.5,2454666.6924,100.0,1.19,H,H,,,,missingreplog_GX9+9.csv,,,Data replog,,,GX9+9,True,IR
ir080718.0242,GX9+9,17:31:43.3,-16:57:52,2008-07-19,04:35:08.0,2454666.6911,100.0,1.18,H,H,,,,missingreplog_GX9+9.csv,,,Data replog,,,GX9+9,True,IR
ir080718.0241,GX9+9,17:31:43.4,-16:57:52,2008-07-19,04:33:11.3,2454666.6897,100.0,1.18,H,H,,,,missingreplog_GX9+9.csv,,,Data replog,,,GX9+9,True,IR
ir080718.0240,GX9+9,17:31:43.3,-16:57:51,2008-07-19,04:31:14.5,2454666.6884,100.0,1.17,H,H,,,,missingreplog_GX9+9.csv,,,Data replog,,,GX9+9,True,IR
ir080718.0239,GX9+9,17:31:43.3,-16:57:51,2008-07-19,04:29:17.9,2454666.687,100.0,1.17,H,H,,,,missingreplog_GX9+9.csv,,,Data replog,,,GX9+9,True,IR
ir080717.0142,GX9+9,17:31:43.5,-16:57:41,2008-07-18,04:55:04.8,2454665.7049,100.0,1.23,H,H,,,,missingreplog_GX9+9.csv,,,Data replog,,,GX9+9,True,IR
ir080717.0141,GX9+9,17:31:43.5,-16:57:41,2008-07-18,04:51:01.4,2454665.7021,100.0,1.22,H,H,,,,missingreplog_GX9+9.csv,,,Data replog,,,GX9+9,True,IR
ir080717.0140,GX9+9,17:31:43.5,-16:57:41,2008-07-18,04:51:01.4,2454665.7021,100.0,1.22,H,H,,,,missingreplog_GX9+9.csv,,,Data replog,,,GX9+9,True,IR
ir080717.0139,GX9+9,17:31:43.5,-16:57:41,2008-07-18,04:49:04.5,2454665.7007,100.0,1.21,H,H,,,,missingreplog_GX9+9.csv,,,Data replog,,,GX9+9,True,IR
ir080717.0138,GX9+9,17:31:43.5,-16:57:41,2008-07-18,04:47:08.1,2454665.6994,100.0,1.2,H,H,,,,missingreplog_GX9+9.csv,,,Data replog,,,GX9+9,True,IR
ir080716.0234,GX9+9,17:31:44.3,-16:57:42,2008-07-17,05:27:48.0,2454664.7276,100.0,1.34,H,H,,,,missingreplog_GX9+9.csv,,,Data replog,,,GX9+9,True,IR
ir080716.0233,GX9+9,17:31:44.3,-16:57:41,2008-07-17,05:25:51.6,2454664.7263,100.0,1.33,H,H,,,,missingreplog_GX9+9.csv,,,Data replog,,,GX9+9,True,IR
ir080716.0232,GX9+9,17:31:44.2,-16:57:41,2008-07-17,05:23:54.9,2454664.725,100.0,1.32,H,H,,,,missingreplog_GX9+9.csv,,,Data replog,,,GX9+9,True,IR
ir080716.0231,GX9+9,17:31:44.2,-16:57:41,2008-07-17,05:21:58.3,2454664.7236,100.0,1.31,H,H,,,,missingreplog_GX9+9.csv,,,Data replog,,,GX9+9,True,IR
ir080716.0230,GX9+9,17:31:44.2,-16:57:41,2008-07-17,05:20:01.8,2454664.7223,100.0,1.31,H,H,,,,missingreplog_GX9+9.csv,,,Data replog,,,GX9+9,True,IR
ir080714.0332,GX9+9,17:31:43.9,-16:57:41,2008-07-15,06:39:38.1,2454662.7775,100.0,1.77,H,H,,,,missingreplog_GX9+9.csv,,,Data replog,,,GX9+9,True,IR
ir080714.0331,GX9+9,17:31:44.0,-16:57:42,2008-07-15,06:37:41.6,2454662.7762,100.0,1.75,H,H,,,,missingreplog_GX9+9.csv,,,Data replog,,,GX9+9,True,IR
ir080714.0330,GX9+9,17:31:44.0,-16:57:42,2008-07-15,06:35:44.9,2454662.7748,100.0,1.73,H,H,,,,missingreplog_GX9+9.csv,,,Data replog,,,GX9+9,True,IR
ir080812.0149,GX9+9,17:31:44.1,-16:57:41,2008-08-13,04:16:31.4,2454691.6782,100.0,1.53,H,H,,,,missingreplog_GX9+9.csv,,,Data replog,,,GX9+9,True,IR
ir080812.0150,GX9+9,17:31:44.1,-16:57:42,2008-08-13,04:18:27.9,2454691.6795,100.0,1.54,H,H,,,,missingreplog_GX9+9.csv,,,Data replog,,,GX9+9,True,IR
ir080812.0151,GX9+9,17:31:44.1,-16:57:42,2008-08-13,04:20:24.8,2454691.6809,100.0,1.56,H,H,,,,missingreplog_GX9+9.csv,,,Data replog,,,GX9+9,True,IR
ir080914.0163,GX9+9,17:31:43.0,-16:57:59,2008-09-15,02:58:46.3,2454724.6242,100.0,2.03,H,H,,,,missingreplog_GX9+9.csv,,,Data replog,,,GX9+9,True,IR
ir080916.0087,GX9+9,17:31:43.8,-16:57:46,2008-09-17,01:37:25.0,2454726.5677,100.0,1.4,H,H,,,,missingreplog_GX9+9.csv,,,Data replog,,,GX9+9,True,IR
ir080916.0086,GX9+9,17:31:43.8,-16:57:46,2008-09-17,01:35:28.3,2454726.5663,100.0,1.39,H,H,,,,missingreplog_GX9+9.csv,,,Data replog,,,GX9+9,True,IR
ir080915.0115,GX9+9,17:31:43.1,-16:57:59,2008-09-16,02:12:09.8,2454725.5918,100.0,1.6,H,H,,,,missingreplog_GX9+9.csv,,,Data replog,,,GX9+9,True,IR
ir080915.0114,GX9+9,17:31:43.1,-16:57:59,2008-09-16,02:10:13.0,2454725.5904,100.0,1.58,H,H,,,,missingreplog_GX9+9.csv,,,Data replog,,,GX9+9,True,IR
ir080915.0113,GX9+9,17:31:43.1,-16:57:59,2008-09-16,02:08:16.0,2454725.5891,100.0,1.57,H,H,,,,missingreplog_GX9+9.csv,,,Data replog,,,GX9+9,True,IR
ir080915.0112,GX9+9,17:31:43.1,-16:57:59,2008-09-16,02:06:18.9,2454725.5877,100.0,1.55,H,H,,,,missingreplog_GX9+9.csv,,,Data replog,,,GX9+9,True,IR
ir080915.0111,GX9+9,17:31:43.1,-16:57:58,2008-09-16,02:04:22.0,2454725.5864,100.0,1.54,H,H,,,,missingreplog_GX9+9.csv,,,Data replog,,,GX9+9,True,IR
ir080914.0167,GX9+9,17:31:42.9,-16:58:01,2008-09-15,03:06:33.3,2454724.6296,100.0,2.14,H,H,,,,missingreplog_GX9+9.csv,,,Data replog,,,GX9+9,True,IR
ir080914.0166,GX9+9,17:31:42.9,-16:58:01,2008-09-15,03:04:36.7,2454724.6282,100.0,2.11,H,H,,,,missingreplog_GX9+9.csv,,,Data replog,,,GX9+9,True,IR
ir080914.0165,GX9+9,17:31:43.9,-16:58:00,2008-09-15,03:02:39.9,2454724.6269,100.0,2.08,H,H,,,,missingreplog_GX9+9.csv,,,Data replog,,,GX9+9,True,IR
ir080914.0164,GX9+9,17:31:43.0,-16:58:00,2008-09-15,03:00:42.9,2454724.6255,100.0,2.06,H,H,,,,missingreplog_GX9+9.csv,,,Data replog,,,GX9+9,True,IR
ir080911.0133,GX9+9,17:31:43.8,-16:57:47,2008-09-12,02:20:08.0,2454721.5973,100.0,1.54,H,H,,,,missingreplog_GX9+9.csv,,,Data replog,,,GX9+9,True,IR
ir080812.0152,GX9+9,17:31:44.1,-16:57:42,2008-08-13,04:22:21.6,2454691.6822,100.0,1.57,H,H,,,,missingreplog_GX9+9.csv,,,Data replog,,,GX9+9,True,IR
ir080911.0132,GX9+9,17:31:43.8,-16:57:47,2008-09-12,02:18:11.2,2454721.596,100.0,1.53,H,H,,,,missingreplog_GX9+9.csv,,,Data replog,,,GX9+9,True,IR
ir080911.0131,GX9+9,17:31:43.8,-16:57:46,2008-09-12,02:16:14.3,2454721.5946,100.0,1.52,H,H,,,,missingreplog_GX9+9.csv,,,Data replog,,,GX9+9,True,IR
ir080911.0130,GX9+9,17:31:43.8,-16:57:46,2008-09-12,02:14:17.5,2454721.5933,100.0,1.5,H,H,,,,missingreplog_GX9+9.csv,,,Data replog,,,GX9+9,True,IR
ir080911.0129,GX9+9,17:31:43.8,-16:57:46,2008-09-12,02:12:20.6,2454721.5919,100.0,1.49,H,H,,,,missingreplog_GX9+9.csv,,,Data replog,,,GX9+9,True,IR
ir080906.0086,GX9+9,17:31:43.9,-16:57:38,2008-09-07,01:25:54.9,2454716.5597,100.0,1.2,H,H,,,,missingreplog_GX9+9.csv,,,Data replog,,,GX9+9,True,IR
ir080906.0085,GX9+9,17:31:43.8,-16:57:38,2008-09-07,01:23:58.1,2454716.5583,100.0,1.2,H,H,,,,missingreplog_GX9+9.csv,,,Data replog,,,GX9+9,True,IR
ir080906.0084,GX9+9,17:31:43.8,-16:57:37,2008-09-07,01:22:00.9,2454716.557,100.0,1.19,H,H,,,,missingreplog_GX9+9.csv,,,Data replog,,,GX9+9,True,IR
ir080906.0083,GX9+9,17:31:43.8,-16:57:37,2008-09-07,01:20:03.7,2454716.5556,100.0,1.19,H,H,,,,missingreplog_GX9+9.csv,,,Data replog,,,GX9+9,True,IR
ir080906.0082,GX9+9,17:31:43.9,-16:57:37,2008-09-07,01:18:06.6,2454716.5543,100.0,1.18,H,H,,,,missingreplog_GX9+9.csv,,,Data replog,,,GX9+9,True,IR
ir080831.0154,GX9+9,17:31:43.3,-16:57:50,2008-09-01,03:18:22.1,2454710.6378,100.0,1.65,H,H,,,,missingreplog_GX9+9.csv,,,Data replog,,,GX9+9,True,IR
ir080831.0153,GX9+9,17:31:43.3,-16:57:50,2008-09-01,03:16:25.3,2454710.6364,100.0,1.64,H,H,,,,missingreplog_GX9+9.csv,,,Data replog,,,GX9+9,True,IR
ir080916.0088,GX9+9,17:31:43.8,-16:57:47,2008-09-17,01:39:22.1,2454726.569,100.0,1.41,H,H,,,,missingreplog_GX9+9.csv,,,Data replog,,,GX9+9,True,IR
ir080916.0089,GX9+9,17:31:43.7,-16:57:47,2008-09-17,01:41:19.2,2454726.5704,100.0,1.42,H,H,,,,missingreplog_GX9+9.csv,,,Data replog,,,GX9+9,True,IR
ir080916.0090,GX9+9,17:31:43.7,-16:57:47,2008-09-17,01:43:15.8,2454726.5717,100.0,1.43,H,H,,,,missingreplog_GX9+9.csv,,,Data replog,,,GX9+9,True,IR
ir080918.0041,GX9+9,17:31:44.5,-16:57:42,2008-09-19,02:19:32.6,2454728.5969,100.0,1.76,H,H,,,,missingreplog_GX9+9.csv,,,Data replog,,,GX9+9,True,IR
ir080923.0076,GX9+9,17:31:44.4,-16:57:38,2008-09-24,01:14:17.4,2454733.5516,100.0,1.43,H,H,,,,missingreplog_GX9+9.csv,,,Data replog,,,GX9+9,True,IR
ir080923.0075,GX9+9,17:31:44.4,-16:57:38,2008-09-24,01:12:19.9,2454733.5502,100.0,1.42,H,H,,,,missingreplog_GX9+9.csv,,,Data replog,,,GX9+9,True,IR
ir080923.0074,GX9+9,17:31:44.5,-16:57:38,2008-09-24,01:10:22.4,2454733.5489,100.0,1.41,H,H,,,,missingreplog_GX9+9.csv,,,Data replog,,,GX9+9,True,IR
ir080923.0073,GX9+9,17:31:44.5,-16:57:37,2008-09-24,01:08:25.2,2454733.5475,100.0,1.4,H,H,,,,missingreplog_GX9+9.csv,,,Data replog,,,GX9+9,True,IR
ir080922.0092,GX9+9,17:31:44.7,-16:57:39,2008-09-23,01:45:59.9,2454732.5736,100.0,1.61,H,H,,,,missingreplog_GX9+9.csv,,,Data replog,,,GX9+9,True,IR
ir080922.0091,GX9+9,17:31:44.7,-16:57:39,2008-09-23,01:39:49.0,2454732.5693,100.0,1.56,H,H,,,,missingreplog_GX9+9.csv,,,Data replog,,,GX9+9,True,IR
ir080922.0090,GX9+9,17:31:44.7,-16:57:39,2008-09-23,01:39:49.0,2454732.5693,100.0,1.56,H,H,,,,missingreplog_GX9+9.csv,,,Data replog,,,GX9+9,True,IR
ir080922.0089,GX9+9,17:31:44.7,-16:57:39,2008-09-23,01:39:49.0,2454732.5693,100.0,1.56,H,H,,,,missingreplog_GX9+9.csv,,,Data replog,,,GX9+9,True,IR
ir080922.0088,GX9+9,17:31:44.5,-16:57:39,2008-09-23,01:37:51.8,2454732.568,100.0,1.55,H,H,,,,missingreplog_GX9+9.csv,,,Data replog,,,GX9+9,True,IR
ir080921.0088,GX9+9,17:31:45.0,-16:57:33,2008-09-22,01:07:48.9,2454731.5471,100.0,1.35,H,H,,,,missingreplog_GX9+9.csv,,,Data replog,,,GX9+9,True,IR
ir080921.0087,GX9+9,17:31:45.0,-16:57:32,2008-09-22,01:05:51.9,2454731.5457,100.0,1.35,H,H,,,,missingreplog_GX9+9.csv,,,Data replog,,,GX9+9,True,IR
ir080921.0086,GX9+9,17:31:45.0,-16:57:32,2008-09-22,01:03:54.6,2454731.5444,100.0,1.34,H,H,,,,missingreplog_GX9+9.csv,,,Data replog,,,GX9+9,True,IR
ir080921.0085,GX9+9,17:31:44.9,-16:57:32,2008-09-22,01:01:57.4,2454731.543,100.0,1.33,H,H,,,,missingreplog_GX9+9.csv,,,Data replog,,,GX9+9,True,IR
ir080921.0084,GX9+9,17:31:44.9,-16:57:32,2008-09-22,01:00:00.5,2454731.5417,100.0,1.32,H,H,,,,missingreplog_GX9+9.csv,,,Data replog,,,GX9+9,True,IR
ir080920.0088,GX9+9,17:31:44.4,-16:57:44,2008-09-21,01:33:34.2,2454730.565,100.0,1.47,H,H,,,,missingreplog_GX9+9.csv,,,Data replog,,,GX9+9,True,IR
ir080920.0087,GX9+9,17:31:44.5,-16:57:44,2008-09-21,01:31:37.3,2454730.5636,100.0,1.46,H,H,,,,missingreplog_GX9+9.csv,,,Data replog,,,GX9+9,True,IR
ir080920.0086,GX9+9,17:31:44.5,-16:57:43,2008-09-21,01:29:40.2,2454730.5623,100.0,1.45,H,H,,,,missingreplog_GX9+9.csv,,,Data replog,,,GX9+9,True,IR
ir080920.0085,GX9+9,17:31:44.5,-16:57:43,2008-09-21,01:27:42.9,2454730.5609,100.0,1.44,H,H,,,,missingreplog_GX9+9.csv,,,Data replog,,,GX9+9,True,IR
ir080920.0084,GX9+9,17:31:44.5,-16:57:43,2008-09-21,01:25:45.9,2454730.5596,100.0,1.43,H,H,,,,missingreplog_GX9+9.csv,,,Data replog,,,GX9+9,True,IR
ir080918.0045,GX9+9,17:31:44.4,-16:57:43,2008-09-19,02:27:30.1,2454728.6024,100.0,1.84,H,H,,,,missingreplog_GX9+9.csv,,,Data replog,,,GX9+9,True,IR
ir080918.0044,GX9+9,17:31:44.4,-16:57:43,2008-09-19,02:25:33.3,2454728.6011,100.0,1.82,H,H,,,,missingreplog_GX9+9.csv,,,Data replog,,,GX9+9,True,IR
ir080918.0043,GX9+9,17:31:44.4,-16:57:42,2008-09-19,02:21:29.6,2454728.5983,100.0,1.78,H,H,,,,missingreplog_GX9+9.csv,,,Data replog,,,GX9+9,True,IR
ir080918.0042,GX9+9,17:31:44.4,-16:57:42,2008-09-19,02:21:29.6,2454728.5983,100.0,1.78,H,H,,,,missingreplog_GX9+9.csv,,,Data replog,,,GX9+9,True,IR
ir080831.0152,GX9+9,17:31:43.3,-16:57:50,2008-09-01,03:14:28.4,2454710.6351,100.0,1.62,H,H,,,,missingreplog_GX9+9.csv,,,Data replog,,,GX9+9,True,IR
ir080831.0151,GX9+9,17:31:43.3,-16:57:50,2008-09-01,03:12:31.2,2454710.6337,100.0,1.61,H,H,,,,missingreplog_GX9+9.csv,,,Data replog,,,GX9+9,True,IR
ir080831.0150,GX9+9,17:31:43.4,-16:57:49,2008-09-01,03:10:34.3,2454710.6323,100.0,1.59,H,H,,,,missingreplog_GX9+9.csv,,,Data replog,,,GX9+9,True,IR
ir080824.0206,GX9+9,17:31:44.1,-16:57:45,2008-08-25,03:26:57.4,2454703.6437,100.0,1.51,H,H,,,,missingreplog_GX9+9.csv,,,Data replog,,,GX9+9,True,IR
ir080824.0204,GX9+9,17:31:44.1,-16:57:43,2008-08-25,03:23:03.8,2454703.641,100.0,1.49,H,H,,,,missingreplog_GX9+9.csv,,,Data replog,,,GX9+9,True,IR
ir080824.0203,GX9+9,17:31:44.1,-16:57:42,2008-08-25,03:21:07.1,2454703.6397,100.0,1.48,H,H,,,,missingreplog_GX9+9.csv,,,Data replog,,,GX9+9,True,IR
ir080822.0181,GX9+9,17:31:44.2,-16:57:41,2008-08-23,02:38:28.4,2454701.6101,100.0,1.25,H,H,,,,missingreplog_GX9+9.csv,,,Data replog,,,GX9+9,True,IR
ir080822.0180,GX9+9,17:31:44.2,-16:57:41,2008-08-23,02:36:31.7,2454701.6087,100.0,1.24,H,H,,,,missingreplog_GX9+9.csv,,,Data replog,,,GX9+9,True,IR
ir080822.0179,GX9+9,17:31:44.2,-16:57:42,2008-08-23,02:34:34.7,2454701.6074,100.0,1.23,H,H,,,,missingreplog_GX9+9.csv,,,Data replog,,,GX9+9,True,IR
ir080822.0178,GX9+9,17:31:44.1,-16:57:42,2008-08-23,02:32:37.9,2454701.606,100.0,1.23,H,H,,,,missingreplog_GX9+9.csv,,,Data replog,,,GX9+9,True,IR
ir080822.0177,GX9+9,17:31:44.1,-16:57:41,2008-08-23,02:30:41.5,2454701.6047,100.0,1.22,H,H,,,,missingreplog_GX9+9.csv,,,Data replog,,,GX9+9,True,IR
ir080821.0192,GX9+9,17:31:44.2,-16:57:41,2008-08-22,02:50:59.8,2454700.6188,100.0,1.28,H,H,,,,missingreplog_GX9+9.csv,,,Data replog,,,GX9+9,True,IR
ir080821.0191,GX9+9,17:31:44.2,-16:57:41,2008-08-22,02:49:03.3,2454700.6174,100.0,1.27,H,H,,,,missingreplog_GX9+9.csv,,,Data replog,,,GX9+9,True,IR
ir080821.0190,GX9+9,17:31:44.1,-16:57:41,2008-08-22,02:47:06.5,2454700.616,100.0,1.26,H,H,,,,missingreplog_GX9+9.csv,,,Data replog,,,GX9+9,True,IR
ir080821.0189,GX9+9,17:31:44.2,-16:57:42,2008-08-22,02:45:09.6,2454700.6147,100.0,1.25,H,H,,,,missingreplog_GX9+9.csv,,,Data replog,,,GX9+9,True,IR
ir080821.0188,GX9+9,17:31:44.2,-16:57:41,2008-08-22,02:43:13.2,2454700.6134,100.0,1.25,H,H,,,,missingreplog_GX9+9.csv,,,Data replog,,,GX9+9,True,IR
ir080820.0105,GX9+9,17:31:43.6,-16:57:52,2008-08-21,04:27:31.3,2454699.6858,100.0,1.91,H,H,,,,missingreplog_GX9+9.csv,,,Data replog,,,GX9+9,True,IR
ir080820.0104,GX9+9,17:31:43.6,-16:57:51,2008-08-21,04:25:34.8,2454699.6844,100.0,1.89,H,H,,,,missingreplog_GX9+9.csv,,,Data replog,,,GX9+9,True,IR
ir080820.0103,GX9+9,17:31:43.5,-16:57:51,2008-08-21,04:23:37.9,2454699.6831,100.0,1.86,H,H,,,,missingreplog_GX9+9.csv,,,Data replog,,,GX9+9,True,IR
ir080820.0102,GX9+9,17:31:43.5,-16:57:50,2008-08-21,04:21:40.8,2454699.6817,100.0,1.84,H,H,,,,missingreplog_GX9+9.csv,,,Data replog,,,GX9+9,True,IR
ir080820.0101,GX9+9,17:31:43.5,-16:57:50,2008-08-21,04:19:44.1,2454699.6804,100.0,1.82,H,H,,,,missingreplog_GX9+9.csv,,,Data replog,,,GX9+9,True,IR
ir080819.0161,GX9+9,17:31:44.6,-16:57:48,2008-08-20,03:16:25.5,2454698.6364,100.0,1.35,H,H,,,,missingreplog_GX9+9.csv,,,Data replog,,,GX9+9,True,IR
ir080819.0160,GX9+9,17:31:44.6,-16:57:48,2008-08-20,03:14:28.4,2454698.6351,100.0,1.34,H,H,,,,missingreplog_GX9+9.csv,,,Data replog,,,GX9+9,True,IR
ir080819.0159,GX9+9,17:31:44.5,-16:57:48,2008-08-20,03:10:24.4,2454698.6322,100.0,1.32,H,H,,,,missingreplog_GX9+9.csv,,,Data replog,,,GX9+9,True,IR
ir080819.0158,GX9+9,17:31:44.5,-16:57:48,2008-08-20,03:10:24.4,2454698.6322,100.0,1.32,H,H,,,,missingreplog_GX9+9.csv,,,Data replog,,,GX9+9,True,IR
ir080819.0157,GX9+9,17:31:44.6,-16:57:48,2008-08-20,03:08:27.5,2454698.6309,100.0,1.31,H,H,,,,missingreplog_GX9+9.csv,,,Data replog,,,GX9+9,True,IR
ir080812.0153,GX9+9,17:31:44.1,-16:57:42,2008-08-13,04:24:18.2,2454691.6836,100.0,1.59,H,H,,,,missingreplog_GX9+9.csv,,,Data replog,,,GX9+9,True,IR
ir080824.0205,GX9+9,17:31:44.1,-16:57:44,2008-08-25,03:25:00.5,2454703.6424,100.0,1.5,H,H,,,,missingreplog_GX9+9.csv,,,Data replog,,,GX9+9,True,IR
ir080824.0207,GX9+9,17:31:44.1,-16:57:45,2008-08-25,03:28:54.0,2454703.6451,100.0,1.53,H,H,,,,missingreplog_GX9+9.csv,,,Data replog,,,GX9+9,True,IR
ir080830.0111,GX9+9,17:31:43.4,-16:57:56,2008-08-31,03:20:37.9,2454709.6393,100.0,1.64,H,H,,,,missingreplog_GX9+9.csv,,,Data replog,,,GX9+9,True,IR
ir080825.0104,GX9+9,17:31:44.2,-16:57:44,2008-08-26,03:38:51.4,2454704.652,100.0,1.63,H,H,,,,missingreplog_GX9+9.csv,,,Data replog,,,GX9+9,True,IR
ir080830.0110,GX9+9,17:31:43.4,-16:57:56,2008-08-31,03:18:41.2,2454709.638,100.0,1.62,H,H,,,,missingreplog_GX9+9.csv,,,Data replog,,,GX9+9,True,IR
ir080830.0109,GX9+9,17:31:43.4,-16:57:56,2008-08-31,03:16:44.3,2454709.6366,100.0,1.61,H,H,,,,missingreplog_GX9+9.csv,,,Data replog,,,GX9+9,True,IR
ir080830.0108,GX9+9,17:31:43.4,-16:57:55,2008-08-31,03:14:47.3,2454709.6353,100.0,1.59,H,H,,,,missingreplog_GX9+9.csv,,,Data replog,,,GX9+9,True,IR
ir080830.0107,GX9+9,17:31:43.4,-16:57:55,2008-08-31,03:12:50.7,2454709.6339,100.0,1.58,H,H,,,,missingreplog_GX9+9.csv,,,Data replog,,,GX9+9,True,IR
ir080829.0155,GX9+9,17:31:43.6,-16:57:56,2008-08-30,02:55:39.9,2454708.622,100.0,1.44,H,H,,,,missingreplog_GX9+9.csv,,,Data replog,,,GX9+9,True,IR
ir080829.0154,GX9+9,17:31:43.6,-16:57:56,2008-08-30,02:53:43.3,2454708.6206,100.0,1.43,H,H,,,,missingreplog_GX9+9.csv,,,Data replog,,,GX9+9,True,IR
ir080829.0153,GX9+9,17:31:43.7,-16:57:55,2008-08-30,02:49:40.0,2454708.6178,100.0,1.41,H,H,,,,missingreplog_GX9+9.csv,,,Data replog,,,GX9+9,True,IR
ir080829.0152,GX9+9,17:31:43.7,-16:57:55,2008-08-30,02:49:40.0,2454708.6178,100.0,1.41,H,H,,,,missingreplog_GX9+9.csv,,,Data replog,,,GX9+9,True,IR
ir080829.0151,GX9+9,17:31:43.8,-16:57:55,2008-08-30,02:47:43.1,2454708.6165,100.0,1.4,H,H,,,,missingreplog_GX9+9.csv,,,Data replog,,,GX9+9,True,IR
ir080828.0132,GX9+9,17:31:44.1,-16:57:49,2008-08-29,03:40:24.6,2454707.6531,100.0,1.74,H,H,,,,missingreplog_GX9+9.csv,,,Data replog,,,GX9+9,True,IR
ir080828.0131,GX9+9,17:31:44.2,-16:57:48,2008-08-29,03:38:28.1,2454707.6517,100.0,1.73,H,H,,,,missingreplog_GX9+9.csv,,,Data replog,,,GX9+9,True,IR
ir080828.0130,GX9+9,17:31:44.2,-16:57:48,2008-08-29,03:34:24.9,2454707.6489,100.0,1.69,H,H,,,,missingreplog_GX9+9.csv,,,Data replog,,,GX9+9,True,IR
ir080828.0129,GX9+9,17:31:44.2,-16:57:48,2008-08-29,03:34:24.9,2454707.6489,100.0,1.69,H,H,,,,missingreplog_GX9+9.csv,,,Data replog,,,GX9+9,True,IR
ir080828.0128,GX9+9,17:31:44.2,-16:57:48,2008-08-29,03:32:28.3,2454707.6475,100.0,1.67,H,H,,,,missingreplog_GX9+9.csv,,,Data replog,,,GX9+9,True,IR
ir080827.0106,GX9+9,17:31:44.3,-16:57:49,2008-08-28,03:56:06.4,2454706.664,100.0,1.86,H,H,,,,missingreplog_GX9+9.csv,,,Data replog,,,GX9+9,True,IR
ir080827.0105,GX9+9,17:31:44.2,-16:57:49,2008-08-28,03:54:09.8,2454706.6626,100.0,1.84,H,H,,,,missingreplog_GX9+9.csv,,,Data replog,,,GX9+9,True,IR
ir080827.0104,GX9+9,17:31:44.2,-16:57:49,2008-08-28,03:52:12.9,2454706.6613,100.0,1.82,H,H,,,,missingreplog_GX9+9.csv,,,Data replog,,,GX9+9,True,IR
ir080827.0103,GX9+9,17:31:44.3,-16:57:49,2008-08-28,03:50:16.1,2454706.6599,100.0,1.8,H,H,,,,missingreplog_GX9+9.csv,,,Data replog,,,GX9+9,True,IR
ir080827.0102,GX9+9,17:31:44.4,-16:57:49,2008-08-28,03:48:19.6,2454706.6586,100.0,1.78,H,H,,,,missingreplog_GX9+9.csv,,,Data replog,,,GX9+9,True,IR
ir080825.0108,GX9+9,17:31:44.1,-16:57:45,2008-08-26,03:46:38.8,2454704.6574,100.0,1.69,H,H,,,,missingreplog_GX9+9.csv,,,Data replog,,,GX9+9,True,IR
ir080825.0107,GX9+9,17:31:44.2,-16:57:45,2008-08-26,03:44:42.1,2454704.656,100.0,1.68,H,H,,,,missingreplog_GX9+9.csv,,,Data replog,,,GX9+9,True,IR
ir080825.0106,GX9+9,17:31:44.1,-16:57:44,2008-08-26,03:42:45.1,2454704.6547,100.0,1.66,H,H,,,,missingreplog_GX9+9.csv,,,Data replog,,,GX9+9,True,IR
ir080825.0105,GX9+9,17:31:44.2,-16:57:44,2008-08-26,03:40:48.0,2454704.6533,100.0,1.64,H,H,,,,missingreplog_GX9+9.csv,,,Data replog,,,GX9+9,True,IR
ir080708.0302,GX9+9,17:31:44.4,-16:57:39,2008-07-09,04:46:21.5,2454656.6989,100.0,1.12,H,H,,,,missingreplog_GX9+9.csv,,,Data replog,,,GX9+9,True,IR
ir080708.0300,GX9+9,17:31:44.3,-16:57:38,2008-07-09,04:42:28.1,2454656.6962,100.0,1.11,H,H,,,,missingreplog_GX9+9.csv,,,Data replog,,,GX9+9,True,IR
ir080708.0299,GX9+9,17:31:44.3,-16:57:38,2008-07-09,04:40:31.6,2454656.6948,100.0,1.11,H,H,,,,missingreplog_GX9+9.csv,,,Data replog,,,GX9+9,True,IR
ir080926.0091,GX9+9,17:31:43.4,-16:57:47,2008-09-27,01:29:28.1,2454736.5621,100.0,1.6,H,H,,,,missingreplog_GX9+9.csv,,,Data replog,,,GX9+9,True,IR
ir080701.0265,GX9+9,17:31:44.1,-16:57:44,2008-07-02,05:49:34.1,2454649.7428,100.0,1.2,H,H,,,,missingreplog_GX9+9.csv,,,Data replog,,,GX9+9,True,IR
ir080701.0264,GX9+9,17:31:44.1,-16:57:44,2008-07-02,05:47:37.3,2454649.7414,100.0,1.2,H,H,,,,missingreplog_GX9+9.csv,,,Data replog,,,GX9+9,True,IR
ir080701.0263,GX9+9,17:31:44.2,-16:57:42,2008-07-02,05:45:40.8,2454649.7401,100.0,1.19,H,H,,,,missingreplog_GX9+9.csv,,,Data replog,,,GX9+9,True,IR
ir080630.0225,GX9+9,17:31:44.3,-16:57:43,2008-07-01,05:49:01.5,2454648.7424,100.0,1.19,H,H,,,,missingreplog_GX9+9.csv,,,Data replog,,,GX9+9,True,IR
ir080630.0224,GX9+9,17:31:44.3,-16:57:42,2008-07-01,05:47:05.0,2454648.741,100.0,1.18,H,H,,,,missingreplog_GX9+9.csv,,,Data replog,,,GX9+9,True,IR
ir080630.0223,GX9+9,17:31:44.2,-16:57:42,2008-07-01,05:45:08.5,2454648.7397,100.0,1.18,H,H,,,,missingreplog_GX9+9.csv,,,Data replog,,,GX9+9,True,IR
ir080630.0222,GX9+9,17:31:44.2,-16:57:42,2008-07-01,05:43:11.6,2454648.7384,100.0,1.17,H,H,,,,missingreplog_GX9+9.csv,,,Data replog,,,GX9+9,True,IR
ir080630.0221,GX9+9,17:31:44.1,-16:57:41,2008-07-01,05:41:15.2,2454648.737,100.0,1.17,H,H,,,,missingreplog_GX9+9.csv,,,Data replog,,,GX9+9,True,IR
ir080926.0094,GX9+9,17:31:43.4,-16:57:47,2008-09-27,01:35:19.8,2454736.5662,100.0,1.65,H,H,,,,missingreplog_GX9+9.csv,,,Data replog,,,GX9+9,True,IR
ir080926.0093,GX9+9,17:31:43.4,-16:57:47,2008-09-27,01:33:23.0,2454736.5649,100.0,1.63,H,H,,,,missingreplog_GX9+9.csv,,,Data replog,,,GX9+9,True,IR
ir080926.0092,GX9+9,17:31:43.4,-16:57:47,2008-09-27,01:31:25.7,2454736.5635,100.0,1.62,H,H,,,,missingreplog_GX9+9.csv,,,Data replog,,,GX9+9,True,IR
ir080926.0090,GX9+9,17:31:43.5,-16:57:47,2008-09-27,01:27:31.2,2454736.5608,100.0,1.59,H,H,,,,missingreplog_GX9+9.csv,,,Data replog,,,GX9+9,True,IR
ir080823.0219,GX9+9,17:31:44.9,-16:57:32,2008-08-24,03:06:17.9,2454702.6294,100.0,1.38,H,H,,,,missingreplog_GX9+9.csv,,,Data replog,,,GX9+9,True,IR
ir080823.0218,GX9+9,17:31:44.9,-16:57:32,2008-08-24,03:04:21.2,2454702.628,100.0,1.37,H,H,,,,missingreplog_GX9+9.csv,,,Data replog,,,GX9+9,True,IR
ir080823.0217,GX9+9,17:31:44.9,-16:57:32,2008-08-24,03:02:24.2,2454702.6267,100.0,1.36,H,H,,,,missingreplog_GX9+9.csv,,,Data replog,,,GX9+9,True,IR
ir080823.0216,GX9+9,17:31:44.9,-16:57:32,2008-08-24,03:00:27.0,2454702.6253,100.0,1.35,H,H,,,,missingreplog_GX9+9.csv,,,Data replog,,,GX9+9,True,IR
ir080823.0215,GX9+9,17:31:44.8,-16:57:31,2008-08-24,02:58:30.4,2454702.624,100.0,1.34,H,H,,,,missingreplog_GX9+9.csv,,,Data replog,,,GX9+9,True,IR
ir080806.0156,GX9+9,17:31:44.2,-16:57:42,2008-08-07,03:16:10.4,2454685.6362,100.0,1.17,H,H,,,,missingreplog_GX9+9.csv,,,Data replog,,,GX9+9,True,IR
ir080806.0155,GX9+9,17:31:44.2,-16:57:42,2008-08-07,03:14:13.9,2454685.6349,100.0,1.17,H,H,,,,missingreplog_GX9+9.csv,,,Data replog,,,GX9+9,True,IR
ir080806.0154,GX9+9,17:31:44.1,-16:57:42,2008-08-07,03:12:17.1,2454685.6335,100.0,1.16,H,H,,,,missingreplog_GX9+9.csv,,,Data replog,,,GX9+9,True,IR
ir080806.0153,GX9+9,17:31:44.1,-16:57:41,2008-08-07,03:10:20.2,2454685.6322,100.0,1.16,H,H,,,,missingreplog_GX9+9.csv,,,Data replog,,,GX9+9,True,IR
ir080806.0152,GX9+9,17:31:44.1,-16:57:42,2008-08-07,03:08:23.6,2454685.6308,100.0,1.15,H,H,,,,missingreplog_GX9+9.csv,,,Data replog,,,GX9+9,True,IR
ir080703.0190,GX9+9,17:31:44.2,-16:57:43,2008-07-04,03:12:25.8,2454651.6336,100.0,1.03,H,H,,,,missingreplog_GX9+9.csv,,,Data replog,,,GX9+9,True,IR
ir080701.0266,GX9+9,17:31:44.2,-16:57:44,2008-07-02,05:51:30.7,2454649.7441,100.0,1.21,H,H,,,,missingreplog_GX9+9.csv,,,Data replog,,,GX9+9,True,IR
ir080701.0267,GX9+9,17:31:44.2,-16:57:45,2008-07-02,05:53:27.0,2454649.7455,100.0,1.21,H,H,,,,missingreplog_GX9+9.csv,,,Data replog,,,GX9+9,True,IR
ir080702.0248,GX9+9,17:31:44.1,-16:57:42,2008-07-03,04:29:56.6,2454650.6875,100.0,1.06,H,H,,,,missingreplog_GX9+9.csv,,,Data replog,,,GX9+9,True,IR
ir080702.0249,GX9+9,17:31:44.1,-16:57:42,2008-07-03,04:31:53.2,2454650.6888,100.0,1.06,H,H,,,,missingreplog_GX9+9.csv,,,Data replog,,,GX9+9,True,IR
ir080707.0371,GX9+9,17:31:43.8,-16:57:47,2008-07-08,06:01:48.9,2454655.7513,100.0,1.33,H,H,,,,missingreplog_GX9+9.csv,,,Data replog,,,GX9+9,True,IR
ir080707.0370,GX9+9,17:31:43.8,-16:57:47,2008-07-08,05:59:52.5,2454655.7499,100.0,1.32,H,H,,,,missingreplog_GX9+9.csv,,,Data replog,,,GX9+9,True,IR
ir080707.0369,GX9+9,17:31:43.8,-16:57:47,2008-07-08,05:57:56.0,2454655.7486,100.0,1.32,H,H,,,,missingreplog_GX9+9.csv,,,Data replog,,,GX9+9,True,IR
ir080707.0368,GX9+9,17:31:43.8,-16:57:47,2008-07-08,05:55:59.5,2454655.7472,100.0,1.31,H,H,,,,missingreplog_GX9+9.csv,,,Data replog,,,GX9+9,True,IR
ir080707.0367,GX9+9,17:31:43.8,-16:57:48,2008-07-08,05:54:02.9,2454655.7459,100.0,1.3,H,H,,,,missingreplog_GX9+9.csv,,,Data replog,,,GX9+9,True,IR
ir080706.0254,GX9+9,17:31:43.2,-16:57:56,2008-07-07,05:30:17.7,2454654.7294,100.0,1.2,H,H,,,,missingreplog_GX9+9.csv,,,Data replog,,,GX9+9,True,IR
ir080706.0253,GX9+9,17:31:43.2,-16:57:56,2008-07-07,05:28:21.2,2454654.728,100.0,1.2,H,H,,,,missingreplog_GX9+9.csv,,,Data replog,,,GX9+9,True,IR
ir080706.0252,GX9+9,17:31:43.2,-16:57:55,2008-07-07,05:26:24.3,2454654.7267,100.0,1.19,H,H,,,,missingreplog_GX9+9.csv,,,Data replog,,,GX9+9,True,IR
ir080706.0251,GX9+9,17:31:43.1,-16:57:55,2008-07-07,05:24:27.7,2454654.7253,100.0,1.19,H,H,,,,missingreplog_GX9+9.csv,,,Data replog,,,GX9+9,True,IR
ir080706.0250,GX9+9,17:31:43.1,-16:57:54,2008-07-07,05:22:31.1,2454654.724,100.0,1.18,H,H,,,,missingreplog_GX9+9.csv,,,Data replog,,,GX9+9,True,IR
ir080705.0285,GX9+9,17:31:43.8,-16:57:37,2008-07-06,04:37:31.3,2454653.6927,100.0,1.08,H,H,,,,missingreplog_GX9+9.csv,,,Data replog,,,GX9+9,True,IR
ir080705.0284,GX9+9,17:31:43.8,-16:57:37,2008-07-06,04:35:35.0,2454653.6914,100.0,1.08,H,H,,,,missingreplog_GX9+9.csv,,,Data replog,,,GX9+9,True,IR
ir080705.0283,GX9+9,17:31:43.8,-16:57:37,2008-07-06,04:33:38.3,2454653.69,100.0,1.08,H,H,,,,missingreplog_GX9+9.csv,,,Data replog,,,GX9+9,True,IR
ir080705.0282,GX9+9,17:31:43.8,-16:57:38,2008-07-06,04:31:41.6,2454653.6887,100.0,1.07,H,H,,,,missingreplog_GX9+9.csv,,,Data replog,,,GX9+9,True,IR
ir080705.0281,GX9+9,17:31:43.8,-16:57:39,2008-07-06,04:29:45.1,2454653.6873,100.0,1.07,H,H,,,,missingreplog_GX9+9.csv,,,Data replog,,,GX9+9,True,IR
ir080704.0239,GX9+9,17:31:44.3,-16:57:42,2008-07-05,05:25:52.6,2454652.7263,100.0,1.17,H,H,,,,missingreplog_GX9+9.csv,,,Data replog,,,GX9+9,True,IR
ir080704.0238,GX9+9,17:31:44.2,-16:57:42,2008-07-05,05:23:56.3,2454652.725,100.0,1.17,H,H,,,,missingreplog_GX9+9.csv,,,Data replog,,,GX9+9,True,IR
ir080704.0237,GX9+9,17:31:44.2,-16:57:42,2008-07-05,05:21:59.7,2454652.7236,100.0,1.16,H,H,,,,missingreplog_GX9+9.csv,,,Data replog,,,GX9+9,True,IR
ir080704.0236,GX9+9,17:31:44.2,-16:57:41,2008-07-05,05:20:02.9,2454652.7223,100.0,1.16,H,H,,,,missingreplog_GX9+9.csv,,,Data replog,,,GX9+9,True,IR
ir080704.0235,GX9+9,17:31:44.1,-16:57:41,2008-07-05,05:18:06.6,2454652.7209,100.0,1.15,H,H,,,,missingreplog_GX9+9.csv,,,Data replog,,,GX9+9,True,IR
ir080702.0252,GX9+9,17:31:44.1,-16:57:41,2008-07-03,04:37:42.8,2454650.6929,100.0,1.07,H,H,,,,missingreplog_GX9+9.csv,,,Data replog,,,GX9+9,True,IR
ir080702.0251,GX9+9,17:31:44.1,-16:57:41,2008-07-03,04:35:46.4,2454650.6915,100.0,1.06,H,H,,,,missingreplog_GX9+9.csv,,,Data replog,,,GX9+9,True,IR
ir080702.0250,GX9+9,17:31:44.1,-16:57:42,2008-07-03,04:33:49.7,2454650.6902,100.0,1.06,H,H,,,,missingreplog_GX9+9.csv,,,Data replog,,,GX9+9,True,IR
ir080703.0189,GX9+9,17:31:44.2,-16:57:43,2008-07-04,03:10:29.1,2454651.6323,100.0,1.03,H,H,,,,missingreplog_GX9+9.csv,,,Data replog,,,GX9+9,True,IR
ir080703.0188,GX9+9,17:31:44.2,-16:57:43,2008-07-04,03:08:32.1,2454651.6309,100.0,1.03,H,H,,,,missingreplog_GX9+9.csv,,,Data replog,,,GX9+9,True,IR
ir080703.0187,GX9+9,17:31:44.2,-16:57:42,2008-07-04,03:06:35.2,2454651.6296,100.0,1.03,H,H,,,,missingreplog_GX9+9.csv,,,Data replog,,,GX9+9,True,IR
ir070702.0238,GX 9+9,17:31:44.2,-16:57:42,2007-07-03,05:22:56.1,2454284.7243,30.1,1.14,J,J,,,,missingreplog_GX9+9.csv,,,Data replog,,,GX9+9,True,IR
ir070702.0236,GX 9+9,17:31:44.1,-16:57:42,2007-07-03,05:21:25.1,2454284.7232,30.0,1.13,J,J,,,,missingreplog_GX9+9.csv,,,Data replog,,,GX9+9,True,IR
ir070702.0237,GX 9+9,17:31:44.1,-16:57:42,2007-07-03,05:22:10.5,2454284.7237,30.0,1.14,J,J,,,,missingreplog_GX9+9.csv,,,Data replog,,,GX9+9,True,IR
ir070702.0239,GX 9+9,17:31:44.2,-16:57:42,2007-07-03,05:23:41.9,2454284.7248,30.0,1.14,J,J,,,,missingreplog_GX9+9.csv,,,Data replog,,,GX9+9,True,IR
ir080703.0186,GX9+9,17:31:44.1,-16:57:42,2008-07-04,03:04:38.5,2454651.6282,100.0,1.03,H,H,,,,missingreplog_GX9+9.csv,,,Data replog,,,GX9+9,True,IR
ir070702.0240,GX 9+9,17:31:44.1,-16:57:42,2007-07-03,05:24:27.3,2454284.7253,30.0,1.14,J,J,,,,missingreplog_GX9+9.csv,,,Data replog,,,GX9+9,True,IR
ir070703.0256,GX 9+9,17:31:45.0,-16:57:28,2007-07-04,06:21:35.7,2454285.765,30.0,1.34,J,J,,,,missingreplog_GX9+9.csv,,,Data replog,,,GX9+9,True,IR
ir070703.0255,GX 9+9,17:31:44.9,-16:57:28,2007-07-04,06:20:50.3,2454285.7645,30.0,1.33,J,J,,,,missingreplog_GX9+9.csv,,,Data replog,,,GX9+9,True,IR
ir070703.0254,GX 9+9,17:31:44.9,-16:57:28,2007-07-04,06:20:05.0,2454285.764,30.0,1.33,J,J,,,,missingreplog_GX9+9.csv,,,Data replog,,,GX9+9,True,IR
ir070703.0253,GX 9+9,17:31:44.9,-16:57:27,2007-07-04,06:19:19.8,2454285.7634,30.0,1.33,J,J,,,,missingreplog_GX9+9.csv,,,Data replog,,,GX9+9,True,IR
ir070703.0252,GX 9+9,17:31:44.9,-16:57:27,2007-07-04,06:18:34.3,2454285.7629,30.1,1.32,J,J,,,,missingreplog_GX9+9.csv,,,Data replog,,,GX9+9,True,IR
ir070703.0251,GX 9+9,17:31:44.9,-16:57:27,2007-07-04,06:17:48.8,2454285.7624,30.1,1.32,J,J,,,,missingreplog_GX9+9.csv,,,Data replog,,,GX9+9,True,IR
ir070703.0250,GX 9+9,17:31:44.9,-16:57:27,2007-07-04,06:17:03.7,2454285.7618,30.0,1.32,J,J,,,,missingreplog_GX9+9.csv,,,Data replog,,,GX9+9,True,IR
ir070703.0249,GX 9+9,17:31:44.8,-16:57:37,2007-07-04,06:15:41.6,2454285.7609,30.0,1.31,J,J,,,,missingreplog_GX9+9.csv,,,Data replog,,,GX9+9,True,IR
ir070703.0248,GX 9+9,17:31:44.9,-16:57:37,2007-07-04,06:14:56.3,2454285.7604,30.1,1.31,J,J,,,,missingreplog_GX9+9.csv,,,Data replog,,,GX9+9,True,IR
ir070703.0247,GX 9+9,17:31:44.8,-16:57:37,2007-07-04,06:14:10.9,2454285.7599,30.1,1.31,J,J,,,,missingreplog_GX9+9.csv,,,Data replog,,,GX9+9,True,IR
ir070703.0246,GX 9+9,17:31:44.8,-16:57:37,2007-07-04,06:13:25.7,2454285.7593,30.1,1.3,J,J,,,,missingreplog_GX9+9.csv,,,Data replog,,,GX9+9,True,IR
ir070703.0245,GX 9+9,17:31:44.8,-16:57:37,2007-07-04,06:12:40.2,2454285.7588,30.0,1.3,J,J,,,,missingreplog_GX9+9.csv,,,Data replog,,,GX9+9,True,IR
ir070703.0244,GX 9+9,17:31:44.8,-16:57:37,2007-07-04,06:11:54.7,2454285.7583,30.1,1.3,J,J,,,,missingreplog_GX9+9.csv,,,Data replog,,,GX9+9,True,IR
ir070703.0243,GX 9+9,17:31:44.8,-16:57:37,2007-07-04,06:11:09.6,2454285.7577,30.1,1.29,J,J,,,,missingreplog_GX9+9.csv,,,Data replog,,,GX9+9,True,IR
ir070702.0249,GX 9+9,17:31:44.1,-16:57:32,2007-07-03,05:31:52.8,2454284.7305,30.0,1.16,J,J,,,,missingreplog_GX9+9.csv,,,Data replog,,,GX9+9,True,IR
ir070702.0248,GX 9+9,17:31:44.2,-16:57:32,2007-07-03,05:31:07.2,2454284.73,30.0,1.16,J,J,,,,missingreplog_GX9+9.csv,,,Data replog,,,GX9+9,True,IR
ir070702.0247,GX 9+9,17:31:44.1,-16:57:32,2007-07-03,05:30:21.5,2454284.7294,30.1,1.15,J,J,,,,missingreplog_GX9+9.csv,,,Data replog,,,GX9+9,True,IR
ir070702.0246,GX 9+9,17:31:44.2,-16:57:32,2007-07-03,05:29:36.2,2454284.7289,30.0,1.15,J,J,,,,missingreplog_GX9+9.csv,,,Data replog,,,GX9+9,True,IR
ir070702.0245,GX 9+9,17:31:44.2,-16:57:32,2007-07-03,05:28:50.5,2454284.7284,30.0,1.15,J,J,,,,missingreplog_GX9+9.csv,,,Data replog,,,GX9+9,True,IR
ir070702.0244,GX 9+9,17:31:44.2,-16:57:32,2007-07-03,05:28:04.7,2454284.7278,30.1,1.15,J,J,,,,missingreplog_GX9+9.csv,,,Data replog,,,GX9+9,True,IR
ir070702.0243,GX 9+9,17:31:44.2,-16:57:32,2007-07-03,05:27:19.5,2454284.7273,30.1,1.15,J,J,,,,missingreplog_GX9+9.csv,,,Data replog,,,GX9+9,True,IR
ir070702.0242,GX 9+9,17:31:44.1,-16:57:42,2007-07-03,05:25:58.7,2454284.7264,30.0,1.14,J,J,,,,missingreplog_GX9+9.csv,,,Data replog,,,GX9+9,True,IR
ir070702.0241,GX 9+9,17:31:44.2,-16:57:42,2007-07-03,05:25:12.9,2454284.7259,30.0,1.14,J,J,,,,missingreplog_GX9+9.csv,,,Data replog,,,GX9+9,True,IR
binir070703.0254.fits.gz,GX 9+9,17:31:44.97,-16:57:28.1,2007-07-04,06:20:05.019,2454285.76395,30.04,1.33,V,J,1210,1828,2060,IR_CD_header_logs/LOG_MULTI.20070630thru20070709.csv,IR_CD_header_logs/,MULTI,CD,YALE-03A-0001,,GX9+9,True,IR
binir070703.0247.fits.gz,GX 9+9,17:31:44.88,-16:57:37.6,2007-07-04,06:14:10.930,2454285.75985,30.05,1.31,I,J,1210,1828,2060,IR_CD_header_logs/LOG_MULTI.20070630thru20070709.csv,IR_CD_header_logs/,MULTI,CD,YALE-03A-0001,,GX9+9,True,IR
binir070703.0256.fits.gz,GX 9+9,17:31:45.02,-16:57:28.2,2007-07-04,06:21:35.767,2454285.765,30.04,1.34,V,J,1170,1908,2020,IR_CD_header_logs/LOG_MULTI.20070630thru20070709.csv,IR_CD_header_logs/,MULTI,CD,YALE-03A-0001,,GX9+9,True,IR
binir070703.0255.fits.gz,GX 9+9,17:31:44.98,-16:57:28.0,2007-07-04,06:20:50.371,2454285.76447,30.04,1.33,V,J,1250,1868,1980,IR_CD_header_logs/LOG_MULTI.20070630thru20070709.csv,IR_CD_header_logs/,MULTI,CD,YALE-03A-0001,,GX9+9,True,IR
binir070703.0253.fits.gz,GX 9+9,17:31:44.96,-16:57:27.7,2007-07-04,06:19:19.890,2454285.76343,30.04,1.33,V,J,1250,1828,2020,IR_CD_header_logs/LOG_MULTI.20070630thru20070709.csv,IR_CD_header_logs/,MULTI,CD,YALE-03A-0001,,GX9+9,True,IR
binir070703.0245.fits.gz,GX 9+9,17:31:44.85,-16:57:37.7,2007-07-04,06:12:40.246,2454285.7588,30.04,1.3,I,J,1170,1868,2060,IR_CD_header_logs/LOG_MULTI.20070630thru20070709.csv,IR_CD_header_logs/,MULTI,CD,YALE-03A-0001,,GX9+9,True,IR
binir070703.0252.fits.gz,GX 9+9,17:31:44.94,-16:57:27.6,2007-07-04,06:18:34.392,2454285.7629,30.05,1.32,V,J,1170,1868,2060,IR_CD_header_logs/LOG_MULTI.20070630thru20070709.csv,IR_CD_header_logs/,MULTI,CD,YALE-03A-0001,,GX9+9,True,IR
binir070703.0243.fits.gz,GX 9+9,17:31:44.82,-16:57:37.2,2007-07-04,06:11:09.668,2454285.75775,30.05,1.29,I,J,1210,1868,2020,IR_CD_header_logs/LOG_MULTI.20070630thru20070709.csv,IR_CD_header_logs/,MULTI,CD,YALE-03A-0001,,GX9+9,True,IR
binir070703.0244.fits.gz,GX 9+9,17:31:44.83,-16:57:37.7,2007-07-04,06:11:54.788,2454285.75827,30.05,1.3,I,J,1210,1908,1980,IR_CD_header_logs/LOG_MULTI.20070630thru20070709.csv,IR_CD_header_logs/,MULTI,CD,YALE-03A-0001,,GX9+9,True,IR
binir070703.0246.fits.gz,GX 9+9,17:31:44.86,-16:57:37.7,2007-07-04,06:13:25.749,2454285.75933,30.05,1.3,I,J,1250,1828,2020,IR_CD_header_logs/LOG_MULTI.20070630thru20070709.csv,IR_CD_header_logs/,MULTI,CD,YALE-03A-0001,,GX9+9,True,IR
binir070703.0248.fits.gz,GX 9+9,17:31:44.90,-16:57:37.6,2007-07-04,06:14:56.316,2454285.76037,30.05,1.31,I,J,1250,1868,1980,IR_CD_header_logs/LOG_MULTI.20070630thru20070709.csv,IR_CD_header_logs/,MULTI,CD,YALE-03A-0001,,GX9+9,True,IR
binir070703.0249.fits.gz,GX 9+9,17:31:44.89,-16:57:37.6,2007-07-04,06:15:41.684,2454285.7609,30.04,1.31,I,J,1170,1908,2020,IR_CD_header_logs/LOG_MULTI.20070630thru20070709.csv,IR_CD_header_logs/,MULTI,CD,YALE-03A-0001,,GX9+9,True,IR
binir070703.0250.fits.gz,GX 9+9,17:31:44.92,-16:57:27.8,2007-07-04,06:17:03.772,2454285.76185,30.04,1.32,V,J,1210,1868,2020,IR_CD_header_logs/LOG_MULTI.20070630thru20070709.csv,IR_CD_header_logs/,MULTI,CD,YALE-03A-0001,,GX9+9,True,IR
binir070703.0251.fits.gz,GX 9+9,17:31:44.90,-16:57:27.5,2007-07-04,06:17:48.872,2454285.76237,30.05,1.32,V,J,1210,1908,1980,IR_CD_header_logs/LOG_MULTI.20070630thru20070709.csv,IR_CD_header_logs/,MULTI,CD,YALE-03A-0001,,GX9+9,True,IR
binir070702.0239.fits,GX 9+9,17:31:44.20,-16:57:42.4,2007-07-03,05:23:41.906,2454284.72479,30.04,1.14,I,J,1250,1828,2020,IR_CD_header_logs/LOG_MULTI.20070630thru20070709.csv,IR_CD_header_logs/,MULTI,CD,YALE-03A-0001,,GX9+9,True,IR
binir070702.0238.fits,GX 9+9,17:31:44.20,-16:57:42.3,2007-07-03,05:22:56.192,2454284.72426,30.05,1.14,I,J,1170,1868,2060,IR_CD_header_logs/LOG_MULTI.20070630thru20070709.csv,IR_CD_header_logs/,MULTI,CD,YALE-03A-0001,,GX9+9,True,IR
binir070702.0237.fits,GX 9+9,17:31:44.19,-16:57:42.1,2007-07-03,05:22:10.554,2454284.72374,30.04,1.14,I,J,1210,1908,1980,IR_CD_header_logs/LOG_MULTI.20070630thru20070709.csv,IR_CD_header_logs/,MULTI,CD,YALE-03A-0001,,GX9+9,True,IR
binir070702.0236.fits,GX 9+9,17:31:44.18,-16:57:42.0,2007-07-03,05:21:25.114,2454284.72321,30.04,1.13,I,J,1210,1868,2020,IR_CD_header_logs/LOG_MULTI.20070630thru20070709.csv,IR_CD_header_logs/,MULTI,CD,YALE-03A-0001,,GX9+9,True,IR
binir070702.0241.fits,GX 9+9,17:31:44.21,-16:57:42.6,2007-07-03,05:25:12.959,2454284.72585,30.04,1.14,I,J,1250,1868,1980,IR_CD_header_logs/LOG_MULTI.20070630thru20070709.csv,IR_CD_header_logs/,MULTI,CD,YALE-03A-0001,,GX9+9,True,IR
binir070702.0249.fits,GX 9+9,17:31:44.19,-16:57:32.8,2007-07-03,05:31:52.881,2454284.73047,30.04,1.16,V,J,1170,1908,2020,IR_CD_header_logs/LOG_MULTI.20070630thru20070709.csv,IR_CD_header_logs/,MULTI,CD,YALE-03A-0001,,GX9+9,True,IR
binir070702.0244.fits,GX 9+9,17:31:44.21,-16:57:32.3,2007-07-03,05:28:04.774,2454284.72784,30.05,1.15,V,J,1210,1908,1980,IR_CD_header_logs/LOG_MULTI.20070630thru20070709.csv,IR_CD_header_logs/,MULTI,CD,YALE-03A-0001,,GX9+9,True,IR
binir070702.0248.fits,GX 9+9,17:31:44.22,-16:57:32.6,2007-07-03,05:31:07.285,2454284.72995,30.04,1.16,V,J,1250,1868,1980,IR_CD_header_logs/LOG_MULTI.20070630thru20070709.csv,IR_CD_header_logs/,MULTI,CD,YALE-03A-0001,,GX9+9,True,IR
binir070702.0247.fits,GX 9+9,17:31:44.19,-16:57:32.5,2007-07-03,05:30:21.546,2454284.72942,30.05,1.15,V,J,1210,1828,2060,IR_CD_header_logs/LOG_MULTI.20070630thru20070709.csv,IR_CD_header_logs/,MULTI,CD,YALE-03A-0001,,GX9+9,True,IR
binir070702.0246.fits,GX 9+9,17:31:44.21,-16:57:32.6,2007-07-03,05:29:36.257,2454284.72889,30.04,1.15,V,J,1250,1828,2020,IR_CD_header_logs/LOG_MULTI.20070630thru20070709.csv,IR_CD_header_logs/,MULTI,CD,YALE-03A-0001,,GX9+9,True,IR
binir070702.0245.fits,GX 9+9,17:31:44.21,-16:57:32.2,2007-07-03,05:28:50.551,2454284.72836,30.04,1.15,V,J,1170,1868,2060,IR_CD_header_logs/LOG_MULTI.20070630thru20070709.csv,IR_CD_header_logs/,MULTI,CD,YALE-03A-0001,,GX9+9,True,IR
binir070702.0240.fits,GX 9+9,17:31:44.18,-16:57:42.4,2007-07-03,05:24:27.362,2454284.72532,30.04,1.14,I,J,1210,1828,2060,IR_CD_header_logs/LOG_MULTI.20070630thru20070709.csv,IR_CD_header_logs/,MULTI,CD,YALE-03A-0001,,GX9+9,True,IR
binir070702.0242.fits,GX 9+9,17:31:44.16,-16:57:42.6,2007-07-03,05:25:58.749,2454284.72638,30.04,1.14,I,J,1170,1908,2020,IR_CD_header_logs/LOG_MULTI.20070630thru20070709.csv,IR_CD_header_logs/,MULTI,CD,YALE-03A-0001,,GX9+9,True,IR
binir070702.0243.fits,GX 9+9,17:31:44.20,-16:57:32.1,2007-07-03,05:27:19.510,2454284.72731,30.05,1.15,V,J,1210,1868,2020,IR_CD_header_logs/LOG_MULTI.20070630thru20070709.csv,IR_CD_header_logs/,MULTI,CD,YALE-03A-0001,,GX9+9,True,IR
