filename,OBJECT,RA,DEC,DATE-OBS,TIME-OBS,JD,EXPTIME,SECZ,CCDFLTID,IRFLTID,TILT1,TILT2,TILT3,log name,Location,prop name help,Physical loc,OWNER,full path,proper name,xrb,source
rccd180303.0106.fits,Sco X-1,16:19:55.00,-15:38:29.6,2018-03-04,07:56:35.062,2458181.83096,120.0,1.22,B,K,1040,1590,1960,xrb_ccd/LOG_ccd.20150620thru20190801.csv,opticaldirecs/xrb_ccd/,ccd,Disk,,,ScoX-1,True,optical
rccd180303.0107.fits,Sco X-1,16:19:55.00,-15:38:31.0,2018-03-04,07:59:33.448,2458181.83303,120.0,1.21,I,K,1040,1590,1960,xrb_ccd/LOG_ccd.20150620thru20190801.csv,opticaldirecs/xrb_ccd/,ccd,Disk,,,ScoX-1,True,optical
rccd180303.0104.fits,Sco X-1,16:19:55.00,-15:38:25.6,2018-03-04,07:50:38.091,2458181.82683,120.0,1.24,B,K,1040,1590,1960,xrb_ccd/LOG_ccd.20150620thru20190801.csv,opticaldirecs/xrb_ccd/,ccd,Disk,,,ScoX-1,True,optical
rccd180303.0105.fits,Sco X-1,16:19:54.99,-15:38:28.1,2018-03-04,07:53:36.435,2458181.8289,120.0,1.23,I,K,1040,1590,1960,xrb_ccd/LOG_ccd.20150620thru20190801.csv,opticaldirecs/xrb_ccd/,ccd,Disk,,,ScoX-1,True,optical
rccd070630.0041.fits,Sco X-1,16:19:55.00,-15:38:14.3,2007-07-01,03:15:18.508,2454282.63564,120.0,1.05,V,J,1210.0,1868.0,2020.0,other/LOG_temp_archive_2_2.csv,miniarchive,temp_archive_2_2,Disk,YALE-03A-0001,,ScoX-1,True,optical
rccd070630.0040.fits,Sco X-1,16:19:54.99,-15:38:25.0,2007-07-01,03:12:15.911,2454282.63352,120.0,1.05,I,J,1210.0,1868.0,2020.0,other/LOG_temp_archive_2_2.csv,miniarchive,temp_archive_2_2,Disk,YALE-03A-0001,,ScoX-1,True,optical
rccd140921.0002.fits,Sco x-1,16:19:55.12,-15:38:26.0,2014-09-21,23:46:27.028,2456922.49059,300.0,1.32,R,J,1100,1590,1900,xrb_ccd_reduced_2014/LOG_2014.20140102thru20141231.csv,opticaldirecs/xrb_ccd_reduced_2014/,2014,Disk,,,ScoX-1,True,optical
rccd140921.0003.fits,Sco x-1,16:19:55.23,-15:38:26.9,2014-09-21,23:52:25.197,2456922.49474,300.0,1.34,I,K,1100,1590,1900,xrb_ccd_reduced_2014/LOG_2014.20140102thru20141231.csv,opticaldirecs/xrb_ccd_reduced_2014/,2014,Disk,,,ScoX-1,True,optical
rccd140921.0004.fits,Sco x-1,16:19:55.34,-15:38:27.9,2014-09-21,23:58:23.774,2456922.49889,300.0,1.37,R,J,1100,1590,1900,xrb_ccd_reduced_2014/LOG_2014.20140102thru20141231.csv,opticaldirecs/xrb_ccd_reduced_2014/,2014,Disk,,,ScoX-1,True,optical
rccd140921.0001.fits,Sco x-1,16:19:55.07,-15:38:25.2,2014-09-21,23:40:28.609,2456922.48644,300.0,1.29,I,K,1100,1590,1900,xrb_ccd_reduced_2014/LOG_2014.20140102thru20141231.csv,opticaldirecs/xrb_ccd_reduced_2014/,2014,Disk,,,ScoX-1,True,optical
rccd140921.0011.fits,Sco x-1,16:19:55.03,-15:38:26.9,2014-09-22,00:49:40.867,2456922.5345,300.0,1.7,R,J,1100,1590,1900,xrb_ccd_reduced_2014/LOG_2014.20140102thru20141231.csv,opticaldirecs/xrb_ccd_reduced_2014/,2014,Disk,,,ScoX-1,True,optical
rccd140921.0010.fits,Sco x-1,16:19:55.08,-15:38:25.4,2014-09-22,00:43:43.502,2456922.53036,300.0,1.65,I,K,1100,1590,1900,xrb_ccd_reduced_2014/LOG_2014.20140102thru20141231.csv,opticaldirecs/xrb_ccd_reduced_2014/,2014,Disk,,,ScoX-1,True,optical
rccd140921.0006.fits,Sco x-1,16:19:55.21,-15:38:29.4,2014-09-22,00:10:32.114,2456922.50732,300.0,1.43,R,J,1100,1590,1900,xrb_ccd_reduced_2014/LOG_2014.20140102thru20141231.csv,opticaldirecs/xrb_ccd_reduced_2014/,2014,Disk,,,ScoX-1,True,optical
rccd140921.0005.fits,Sco x-1,16:19:55.33,-15:38:29.5,2014-09-22,00:04:33.227,2456922.50316,300.0,1.4,I,K,1100,1590,1900,xrb_ccd_reduced_2014/LOG_2014.20140102thru20141231.csv,opticaldirecs/xrb_ccd_reduced_2014/,2014,Disk,,,ScoX-1,True,optical
rccd140924.0013.fits,Sco X-1,16:19:54.96,-15:38:26.3,2014-09-25,00:43:24.238,2456925.53015,120.0,1.76,B,K,1040,1590,1960,xrb_ccd_reduced_2014/LOG_2014.20140102thru20141231.csv,opticaldirecs/xrb_ccd_reduced_2014/,2014,Disk,,,ScoX-1,True,optical
rccd140924.0012.fits,Sco X-1,16:19:54.96,-15:38:25.0,2014-09-25,00:40:11.675,2456925.52792,120.0,1.73,I,K,1040,1590,1960,xrb_ccd_reduced_2014/LOG_2014.20140102thru20141231.csv,opticaldirecs/xrb_ccd_reduced_2014/,2014,Disk,,,ScoX-1,True,optical
rccd140924.0014.fits,Sco X-1,16:19:54.95,-15:38:27.8,2014-09-25,00:46:37.037,2456925.53238,120.0,1.79,I,K,1040,1590,1960,xrb_ccd_reduced_2014/LOG_2014.20140102thru20141231.csv,opticaldirecs/xrb_ccd_reduced_2014/,2014,Disk,,,ScoX-1,True,optical
rccd140924.0011.fits,Sco X-1,16:19:54.98,-15:38:24.8,2014-09-25,00:37:00.667,2456925.52571,120.0,1.7,B,K,1040,1590,1960,xrb_ccd_reduced_2014/LOG_2014.20140102thru20141231.csv,opticaldirecs/xrb_ccd_reduced_2014/,2014,Disk,,,ScoX-1,True,optical
rccd150511.0162.fits,Sco X-1,16:19:55.14,-15:38:25.6,2015-05-12,07:58:18.355,2457154.83216,10.0,1.2,V,K,1040,1590,1960,usbdrivescrapelog_ScoX-1.csv,/USB3/archive/20150501ThruEnd/20150511/ccd/processed/rccd150511.0162.fits,,Data scrape,NOAO-15A-0005,/USB3/archive/20150501ThruEnd/20150511/ccd/processed/rccd150511.0162.fits,ScoX-1,True,optical
rccd150511.0163.fits,Sco X-1,16:19:55.13,-15:38:25.8,2015-05-12,07:59:16.301,2457154.83283,10.0,1.21,V,K,1040,1590,1960,usbdrivescrapelog_ScoX-1.csv,/USB3/archive/20150501ThruEnd/20150511/ccd/processed/rccd150511.0163.fits,,Data scrape,NOAO-15A-0005,/USB3/archive/20150501ThruEnd/20150511/ccd/processed/rccd150511.0163.fits,ScoX-1,True,optical
rccd150511.0174.fits,Sco X-1,16:19:55.36,-15:38:29.2,2015-05-12,08:10:11.384,2457154.84041,10.0,1.24,V,K,1040,1590,1960,usbdrivescrapelog_ScoX-1.csv,/USB3/archive/20150501ThruEnd/20150511/ccd/processed/rccd150511.0174.fits,,Data scrape,NOAO-15A-0005,/USB3/archive/20150501ThruEnd/20150511/ccd/processed/rccd150511.0174.fits,ScoX-1,True,optical
rccd150511.0084.fits,Sco X-1,16:19:54.98,-15:38:24.8,2015-05-12,02:57:46.649,2457154.62346,10.0,1.33,V,K,1020,1590,1980,usbdrivescrapelog_ScoX-1.csv,/USB3/archive/20150501ThruEnd/20150511/ccd/processed/rccd150511.0084.fits,,Data scrape,NOAO-15A-0005,/USB3/archive/20150501ThruEnd/20150511/ccd/processed/rccd150511.0084.fits,ScoX-1,True,optical
rccd150511.0112.fits,Sco X-1,16:19:54.95,-15:38:23.8,2015-05-12,05:16:46.222,2457154.71998,10.0,1.04,V,K,1040,1590,1960,usbdrivescrapelog_ScoX-1.csv,/USB3/archive/20150501ThruEnd/20150511/ccd/processed/rccd150511.0112.fits,,Data scrape,NOAO-15A-0005,/USB3/archive/20150501ThruEnd/20150511/ccd/processed/rccd150511.0112.fits,ScoX-1,True,optical
rccd150511.0135.fits,Sco X-1,16:19:54.98,-15:38:25.4,2015-05-12,07:00:41.846,2457154.79216,10.0,1.08,V,K,1020,1590,1980,usbdrivescrapelog_ScoX-1.csv,/USB3/archive/20150501ThruEnd/20150511/ccd/processed/rccd150511.0135.fits,,Data scrape,NOAO-15A-0005,/USB3/archive/20150501ThruEnd/20150511/ccd/processed/rccd150511.0135.fits,ScoX-1,True,optical
rccd150511.0134.fits,Sco X-1,16:19:54.97,-15:38:25.5,2015-05-12,06:59:43.900,2457154.79149,10.0,1.08,V,K,1040,1610,1940,usbdrivescrapelog_ScoX-1.csv,/USB3/archive/20150501ThruEnd/20150511/ccd/processed/rccd150511.0134.fits,,Data scrape,NOAO-15A-0005,/USB3/archive/20150501ThruEnd/20150511/ccd/processed/rccd150511.0134.fits,ScoX-1,True,optical
rccd150511.0073.fits,Sco X-1,16:19:54.84,-15:38:25.8,2015-05-12,02:36:25.391,2457154.60863,10.0,1.43,V,K,1040,1570,1980,usbdrivescrapelog_ScoX-1.csv,/USB3/archive/20150501ThruEnd/20150511/ccd/processed/rccd150511.0073.fits,,Data scrape,NOAO-15A-0005,/USB3/archive/20150501ThruEnd/20150511/ccd/processed/rccd150511.0073.fits,ScoX-1,True,optical
rccd150511.0081.fits,Sco X-1,16:19:54.98,-15:38:24.8,2015-05-12,02:54:53.411,2457154.62146,10.0,1.34,V,K,1040,1590,1960,usbdrivescrapelog_ScoX-1.csv,/USB3/archive/20150501ThruEnd/20150511/ccd/processed/rccd150511.0081.fits,,Data scrape,NOAO-15A-0005,/USB3/archive/20150501ThruEnd/20150511/ccd/processed/rccd150511.0081.fits,ScoX-1,True,optical
rccd150511.0075.fits,Sco X-1,16:19:54.79,-15:38:26.0,2015-05-12,02:38:20.916,2457154.60997,10.0,1.42,V,K,1040,1590,1960,usbdrivescrapelog_ScoX-1.csv,/USB3/archive/20150501ThruEnd/20150511/ccd/processed/rccd150511.0075.fits,,Data scrape,NOAO-15A-0005,/USB3/archive/20150501ThruEnd/20150511/ccd/processed/rccd150511.0075.fits,ScoX-1,True,optical
rccd150511.0105.fits,Sco X-1,16:19:55.01,-15:38:24.4,2015-05-12,05:10:01.343,2457154.7153,10.0,1.04,V,K,1040,1610,1940,usbdrivescrapelog_ScoX-1.csv,/USB3/archive/20150501ThruEnd/20150511/ccd/processed/rccd150511.0105.fits,,Data scrape,NOAO-15A-0005,/USB3/archive/20150501ThruEnd/20150511/ccd/processed/rccd150511.0105.fits,ScoX-1,True,optical
rccd150511.0182.fits,Sco X-1,16:19:55.03,-15:38:25.3,2015-05-12,08:36:32.178,2457154.85871,10.0,1.34,V,K,1040,1590,1960,usbdrivescrapelog_ScoX-1.csv,/USB3/archive/20150501ThruEnd/20150511/ccd/processed/rccd150511.0182.fits,,Data scrape,NOAO-15A-0005,/USB3/archive/20150501ThruEnd/20150511/ccd/processed/rccd150511.0182.fits,ScoX-1,True,optical
rccd150511.0160.fits,Sco X-1,16:19:55.09,-15:38:25.3,2015-05-12,07:56:22.851,2457154.83083,10.0,1.2,V,K,1040,1570,1980,usbdrivescrapelog_ScoX-1.csv,/USB3/archive/20150501ThruEnd/20150511/ccd/processed/rccd150511.0160.fits,,Data scrape,NOAO-15A-0005,/USB3/archive/20150501ThruEnd/20150511/ccd/processed/rccd150511.0160.fits,ScoX-1,True,optical
rccd150511.0167.fits,Sco X-1,16:19:55.27,-15:38:27.4,2015-05-12,08:03:26.686,2457154.83573,10.0,1.22,V,K,1020,1590,1980,usbdrivescrapelog_ScoX-1.csv,/USB3/archive/20150501ThruEnd/20150511/ccd/processed/rccd150511.0167.fits,,Data scrape,NOAO-15A-0005,/USB3/archive/20150501ThruEnd/20150511/ccd/processed/rccd150511.0167.fits,ScoX-1,True,optical
rccd150511.0170.fits,Sco X-1,16:19:55.31,-15:38:28.1,2015-05-12,08:06:19.751,2457154.83773,10.0,1.23,V,K,1040,1570,1980,usbdrivescrapelog_ScoX-1.csv,/USB3/archive/20150501ThruEnd/20150511/ccd/processed/rccd150511.0170.fits,,Data scrape,NOAO-15A-0005,/USB3/archive/20150501ThruEnd/20150511/ccd/processed/rccd150511.0170.fits,ScoX-1,True,optical
rccd150511.0087.fits,Sco X-1,16:19:55.07,-15:38:24.2,2015-05-12,03:00:39.871,2457154.62547,10.0,1.31,V,K,1040,1570,1980,usbdrivescrapelog_ScoX-1.csv,/USB3/archive/20150501ThruEnd/20150511/ccd/processed/rccd150511.0087.fits,,Data scrape,NOAO-15A-0005,/USB3/archive/20150501ThruEnd/20150511/ccd/processed/rccd150511.0087.fits,ScoX-1,True,optical
rccd150511.0188.fits,Sco X-1,16:19:55.11,-15:38:26.2,2015-05-12,08:42:18.899,2457154.86272,10.0,1.37,V,K,1040,1570,1980,usbdrivescrapelog_ScoX-1.csv,/USB3/archive/20150501ThruEnd/20150511/ccd/processed/rccd150511.0188.fits,,Data scrape,NOAO-15A-0005,/USB3/archive/20150501ThruEnd/20150511/ccd/processed/rccd150511.0188.fits,ScoX-1,True,optical
rccd150511.0185.fits,Sco X-1,16:19:55.07,-15:38:25.7,2015-05-12,08:39:25.575,2457154.86072,10.0,1.35,V,K,1020,1590,1980,usbdrivescrapelog_ScoX-1.csv,/USB3/archive/20150501ThruEnd/20150511/ccd/processed/rccd150511.0185.fits,,Data scrape,NOAO-15A-0005,/USB3/archive/20150501ThruEnd/20150511/ccd/processed/rccd150511.0185.fits,ScoX-1,True,optical
rccd150511.0157.fits,Sco X-1,16:19:55.02,-15:38:25.1,2015-05-12,07:53:29.525,2457154.82882,10.0,1.19,V,K,1020,1590,1980,usbdrivescrapelog_ScoX-1.csv,/USB3/archive/20150501ThruEnd/20150511/ccd/processed/rccd150511.0157.fits,,Data scrape,NOAO-15A-0005,/USB3/archive/20150501ThruEnd/20150511/ccd/processed/rccd150511.0157.fits,ScoX-1,True,optical
rccd150511.0104.fits,Sco X-1,16:19:55.01,-15:38:24.5,2015-05-12,05:09:03.501,2457154.71463,10.0,1.04,V,K,1040,1590,1960,usbdrivescrapelog_ScoX-1.csv,/USB3/archive/20150501ThruEnd/20150511/ccd/processed/rccd150511.0104.fits,,Data scrape,NOAO-15A-0005,/USB3/archive/20150501ThruEnd/20150511/ccd/processed/rccd150511.0104.fits,ScoX-1,True,optical
rccd150511.0156.fits,Sco X-1,16:19:54.99,-15:38:25.2,2015-05-12,07:52:31.912,2457154.82815,10.0,1.19,V,K,1020,1590,1980,usbdrivescrapelog_ScoX-1.csv,/USB3/archive/20150501ThruEnd/20150511/ccd/processed/rccd150511.0156.fits,,Data scrape,NOAO-15A-0005,/USB3/archive/20150501ThruEnd/20150511/ccd/processed/rccd150511.0156.fits,ScoX-1,True,optical
rccd150511.0158.fits,Sco X-1,16:19:55.04,-15:38:25.0,2015-05-12,07:54:27.003,2457154.82948,10.0,1.19,V,K,1060,1570,1960,usbdrivescrapelog_ScoX-1.csv,/USB3/archive/20150501ThruEnd/20150511/ccd/processed/rccd150511.0158.fits,,Data scrape,NOAO-15A-0005,/USB3/archive/20150501ThruEnd/20150511/ccd/processed/rccd150511.0158.fits,ScoX-1,True,optical
rccd150511.0189.fits,Sco X-1,16:19:55.12,-15:38:26.3,2015-05-12,08:43:16.917,2457154.8634,10.0,1.37,V,K,1040,1590,1960,usbdrivescrapelog_ScoX-1.csv,/USB3/archive/20150501ThruEnd/20150511/ccd/processed/rccd150511.0189.fits,,Data scrape,NOAO-15A-0005,/USB3/archive/20150501ThruEnd/20150511/ccd/processed/rccd150511.0189.fits,ScoX-1,True,optical
rccd150511.0068.fits,Sco X-1,16:19:54.99,-15:38:25.5,2015-05-12,02:31:36.766,2457154.60529,10.0,1.46,V,K,1040,1610,1940,usbdrivescrapelog_ScoX-1.csv,/USB3/archive/20150501ThruEnd/20150511/ccd/processed/rccd150511.0068.fits,,Data scrape,NOAO-15A-0005,/USB3/archive/20150501ThruEnd/20150511/ccd/processed/rccd150511.0068.fits,ScoX-1,True,optical
rccd150511.0103.fits,Sco X-1,16:19:55.01,-15:38:24.3,2015-05-12,05:08:05.560,2457154.71396,10.0,1.04,V,K,1040,1590,1960,usbdrivescrapelog_ScoX-1.csv,/USB3/archive/20150501ThruEnd/20150511/ccd/processed/rccd150511.0103.fits,,Data scrape,NOAO-15A-0005,/USB3/archive/20150501ThruEnd/20150511/ccd/processed/rccd150511.0103.fits,ScoX-1,True,optical
rccd150511.0074.fits,Sco X-1,16:19:54.81,-15:38:25.8,2015-05-12,02:37:23.296,2457154.6093,10.0,1.42,V,K,1040,1590,1960,usbdrivescrapelog_ScoX-1.csv,/USB3/archive/20150501ThruEnd/20150511/ccd/processed/rccd150511.0074.fits,,Data scrape,NOAO-15A-0005,/USB3/archive/20150501ThruEnd/20150511/ccd/processed/rccd150511.0074.fits,ScoX-1,True,optical
rccd150510.0060.fits,Sco X-1,16:19:54.74,-15:38:24.3,2015-05-11,02:50:53.485,2457153.61867,10.0,1.37,V,K,1040,1590,1960,usbdrivescrapelog_ScoX-1.csv,/USB3/archive/20150501ThruEnd/20150510/ccd/processed/rccd150510.0060.fits,,Data scrape,NOAO-15A-0005,/USB3/archive/20150501ThruEnd/20150510/ccd/processed/rccd150510.0060.fits,ScoX-1,True,optical
rccd150510.0043.fits,Sco X-1,16:19:55.15,-15:38:24.8,2015-05-11,01:52:44.364,2457153.57829,10.0,1.78,V,K,1040,1590,1960,usbdrivescrapelog_ScoX-1.csv,/USB3/archive/20150501ThruEnd/20150510/ccd/processed/rccd150510.0043.fits,,Data scrape,NOAO-15A-0005,/USB3/archive/20150501ThruEnd/20150510/ccd/processed/rccd150510.0043.fits,ScoX-1,True,optical
rccd150510.0058.fits,Sco X-1,16:19:54.77,-15:38:24.3,2015-05-11,02:48:58.209,2457153.61734,10.0,1.38,V,K,1040,1570,1980,usbdrivescrapelog_ScoX-1.csv,/USB3/archive/20150501ThruEnd/20150510/ccd/processed/rccd150510.0058.fits,,Data scrape,NOAO-15A-0005,/USB3/archive/20150501ThruEnd/20150510/ccd/processed/rccd150510.0058.fits,ScoX-1,True,optical
rccd150510.0101.fits,Sco X-1,16:19:55.01,-15:38:26.1,2015-05-11,06:06:07.441,2457153.75425,10.0,1.04,V,K,1060,1570,1960,usbdrivescrapelog_ScoX-1.csv,/USB3/archive/20150501ThruEnd/20150510/ccd/processed/rccd150510.0101.fits,,Data scrape,NOAO-15A-0005,/USB3/archive/20150501ThruEnd/20150510/ccd/processed/rccd150510.0101.fits,ScoX-1,True,optical
rccd150510.0113.fits,Sco X-1,16:19:55.01,-15:38:25.4,2015-05-11,06:44:54.412,2457153.78118,10.0,1.06,V,K,1040,1590,1960,usbdrivescrapelog_ScoX-1.csv,/USB3/archive/20150501ThruEnd/20150510/ccd/processed/rccd150510.0113.fits,,Data scrape,NOAO-15A-0005,/USB3/archive/20150501ThruEnd/20150510/ccd/processed/rccd150510.0113.fits,ScoX-1,True,optical
rccd150510.0074.fits,Sco X-1,16:19:54.99,-15:38:25.3,2015-05-11,04:49:57.108,2457153.70135,10.0,1.06,V,K,1040,1590,1960,usbdrivescrapelog_ScoX-1.csv,/USB3/archive/20150501ThruEnd/20150510/ccd/processed/rccd150510.0074.fits,,Data scrape,NOAO-15A-0005,/USB3/archive/20150501ThruEnd/20150510/ccd/processed/rccd150510.0074.fits,ScoX-1,True,optical
rccd150510.0116.fits,Sco X-1,16:19:55.10,-15:38:25.0,2015-05-11,06:47:48.318,2457153.78319,10.0,1.06,V,K,1020,1590,1980,usbdrivescrapelog_ScoX-1.csv,/USB3/archive/20150501ThruEnd/20150510/ccd/processed/rccd150510.0116.fits,,Data scrape,NOAO-15A-0005,/USB3/archive/20150501ThruEnd/20150510/ccd/processed/rccd150510.0116.fits,ScoX-1,True,optical
rccd150510.0118.fits,Sco X-1,16:19:55.16,-15:38:24.8,2015-05-11,06:49:42.980,2457153.78452,10.0,1.06,V,K,1060,1570,1960,usbdrivescrapelog_ScoX-1.csv,/USB3/archive/20150501ThruEnd/20150510/ccd/processed/rccd150510.0118.fits,,Data scrape,NOAO-15A-0005,/USB3/archive/20150501ThruEnd/20150510/ccd/processed/rccd150510.0118.fits,ScoX-1,True,optical
rccd150510.0156.fits,Sco X-1,16:19:55.15,-15:38:27.3,2015-05-11,08:05:50.042,2457153.83738,10.0,1.21,V,K,1040,1590,1960,usbdrivescrapelog_ScoX-1.csv,/USB3/archive/20150501ThruEnd/20150510/ccd/processed/rccd150510.0156.fits,,Data scrape,NOAO-15A-0005,/USB3/archive/20150501ThruEnd/20150510/ccd/processed/rccd150510.0156.fits,ScoX-1,True,optical
rccd150510.0051.fits,Sco X-1,16:19:55.01,-15:38:24.9,2015-05-11,02:42:15.042,2457153.61267,10.0,1.42,V,K,1040,1590,1960,usbdrivescrapelog_ScoX-1.csv,/USB3/archive/20150501ThruEnd/20150510/ccd/processed/rccd150510.0051.fits,,Data scrape,NOAO-15A-0005,/USB3/archive/20150501ThruEnd/20150510/ccd/processed/rccd150510.0051.fits,ScoX-1,True,optical
rccd150510.0035.fits,Sco X-1,16:19:54.99,-15:38:25.2,2015-05-11,01:45:03.393,2457153.57295,10.0,1.86,V,K,1040,1590,1960,usbdrivescrapelog_ScoX-1.csv,/USB3/archive/20150501ThruEnd/20150510/ccd/processed/rccd150510.0035.fits,,Data scrape,NOAO-15A-0005,/USB3/archive/20150501ThruEnd/20150510/ccd/processed/rccd150510.0035.fits,ScoX-1,True,optical
rccd150511.0076.fits,Sco X-1,16:19:54.77,-15:38:26.2,2015-05-12,02:39:18.884,2457154.61064,10.0,1.41,V,K,1040,1590,1960,usbdrivescrapelog_ScoX-1.csv,/USB3/archive/20150501ThruEnd/20150511/ccd/processed/rccd150511.0076.fits,,Data scrape,NOAO-15A-0005,/USB3/archive/20150501ThruEnd/20150511/ccd/processed/rccd150511.0076.fits,ScoX-1,True,optical
rccd150511.0111.fits,Sco X-1,16:19:54.92,-15:38:23.8,2015-05-12,05:15:48.546,2457154.71932,10.0,1.04,V,K,1040,1590,1960,usbdrivescrapelog_ScoX-1.csv,/USB3/archive/20150501ThruEnd/20150511/ccd/processed/rccd150511.0111.fits,,Data scrape,NOAO-15A-0005,/USB3/archive/20150501ThruEnd/20150511/ccd/processed/rccd150511.0111.fits,ScoX-1,True,optical
rccd150511.0051.fits,Sco X-1,16:19:54.97,-15:38:25.1,2015-05-12,01:54:09.303,2457154.57928,10.0,1.73,V,K,1040,1590,1960,usbdrivescrapelog_ScoX-1.csv,/USB3/archive/20150501ThruEnd/20150511/ccd/processed/rccd150511.0051.fits,,Data scrape,NOAO-15A-0005,/USB3/archive/20150501ThruEnd/20150511/ccd/processed/rccd150511.0051.fits,ScoX-1,True,optical
rccd150511.0153.fits,Sco X-1,16:19:54.99,-15:38:25.0,2015-05-12,07:49:37.933,2457154.82614,10.0,1.18,V,K,1040,1590,1960,usbdrivescrapelog_ScoX-1.csv,/USB3/archive/20150501ThruEnd/20150511/ccd/processed/rccd150511.0153.fits,,Data scrape,NOAO-15A-0005,/USB3/archive/20150501ThruEnd/20150511/ccd/processed/rccd150511.0153.fits,ScoX-1,True,optical
rccd150511.0171.fits,Sco X-1,16:19:55.33,-15:38:28.5,2015-05-12,08:07:17.722,2457154.8384,10.0,1.23,V,K,1040,1570,1980,usbdrivescrapelog_ScoX-1.csv,/USB3/archive/20150501ThruEnd/20150511/ccd/processed/rccd150511.0171.fits,,Data scrape,NOAO-15A-0005,/USB3/archive/20150501ThruEnd/20150511/ccd/processed/rccd150511.0171.fits,ScoX-1,True,optical
rccd150511.0191.fits,Sco X-1,16:19:55.15,-15:38:26.6,2015-05-12,08:45:12.668,2457154.86474,10.0,1.38,V,K,1040,1590,1960,usbdrivescrapelog_ScoX-1.csv,/USB3/archive/20150501ThruEnd/20150511/ccd/processed/rccd150511.0191.fits,,Data scrape,NOAO-15A-0005,/USB3/archive/20150501ThruEnd/20150511/ccd/processed/rccd150511.0191.fits,ScoX-1,True,optical
rccd150511.0168.fits,Sco X-1,16:19:55.29,-15:38:27.8,2015-05-12,08:04:24.391,2457154.8364,10.0,1.22,V,K,1020,1590,1980,usbdrivescrapelog_ScoX-1.csv,/USB3/archive/20150501ThruEnd/20150511/ccd/processed/rccd150511.0168.fits,,Data scrape,NOAO-15A-0005,/USB3/archive/20150501ThruEnd/20150511/ccd/processed/rccd150511.0168.fits,ScoX-1,True,optical
rccd150511.0173.fits,Sco X-1,16:19:55.38,-15:38:29.0,2015-05-12,08:09:13.330,2457154.83974,10.0,1.24,V,K,1040,1590,1960,usbdrivescrapelog_ScoX-1.csv,/USB3/archive/20150501ThruEnd/20150511/ccd/processed/rccd150511.0173.fits,,Data scrape,NOAO-15A-0005,/USB3/archive/20150501ThruEnd/20150511/ccd/processed/rccd150511.0173.fits,ScoX-1,True,optical
rccd150511.0067.fits,Sco X-1,16:19:54.99,-15:38:25.5,2015-05-12,02:30:38.753,2457154.60462,10.0,1.46,V,K,1040,1590,1960,usbdrivescrapelog_ScoX-1.csv,/USB3/archive/20150501ThruEnd/20150511/ccd/processed/rccd150511.0067.fits,,Data scrape,NOAO-15A-0005,/USB3/archive/20150501ThruEnd/20150511/ccd/processed/rccd150511.0067.fits,ScoX-1,True,optical
rccd150511.0164.fits,Sco X-1,16:19:55.17,-15:38:26.1,2015-05-12,08:00:32.809,2457154.83372,10.0,1.21,V,K,1040,1590,1960,usbdrivescrapelog_ScoX-1.csv,/USB3/archive/20150501ThruEnd/20150511/ccd/processed/rccd150511.0164.fits,,Data scrape,NOAO-15A-0005,/USB3/archive/20150501ThruEnd/20150511/ccd/processed/rccd150511.0164.fits,ScoX-1,True,optical
rccd150511.0133.fits,Sco X-1,16:19:54.97,-15:38:25.5,2015-05-12,06:58:45.912,2457154.79081,10.0,1.08,V,K,1040,1590,1960,usbdrivescrapelog_ScoX-1.csv,/USB3/archive/20150501ThruEnd/20150511/ccd/processed/rccd150511.0133.fits,,Data scrape,NOAO-15A-0005,/USB3/archive/20150501ThruEnd/20150511/ccd/processed/rccd150511.0133.fits,ScoX-1,True,optical
rccd150511.0045.fits,Sco X-1,16:19:55.00,-15:38:25.0,2015-05-12,01:48:22.552,2457154.57526,10.0,1.78,V,K,1040,1610,1940,usbdrivescrapelog_ScoX-1.csv,/USB3/archive/20150501ThruEnd/20150511/ccd/processed/rccd150511.0045.fits,,Data scrape,NOAO-15A-0005,/USB3/archive/20150501ThruEnd/20150511/ccd/processed/rccd150511.0045.fits,ScoX-1,True,optical
rccd150511.0159.fits,Sco X-1,16:19:55.05,-15:38:25.9,2015-05-12,07:55:24.810,2457154.83015,10.0,1.19,V,K,1040,1570,1980,usbdrivescrapelog_ScoX-1.csv,/USB3/archive/20150501ThruEnd/20150511/ccd/processed/rccd150511.0159.fits,,Data scrape,NOAO-15A-0005,/USB3/archive/20150501ThruEnd/20150511/ccd/processed/rccd150511.0159.fits,ScoX-1,True,optical
rccd150511.0132.fits,Sco X-1,16:19:54.99,-15:38:25.3,2015-05-12,06:57:47.900,2457154.79014,10.0,1.08,V,K,1040,1590,1960,usbdrivescrapelog_ScoX-1.csv,/USB3/archive/20150501ThruEnd/20150511/ccd/processed/rccd150511.0132.fits,,Data scrape,NOAO-15A-0005,/USB3/archive/20150501ThruEnd/20150511/ccd/processed/rccd150511.0132.fits,ScoX-1,True,optical
rccd150511.0044.fits,Sco X-1,16:19:54.99,-15:38:25.0,2015-05-12,01:47:24.651,2457154.57459,10.0,1.79,V,K,1040,1590,1960,usbdrivescrapelog_ScoX-1.csv,/USB3/archive/20150501ThruEnd/20150511/ccd/processed/rccd150511.0044.fits,,Data scrape,NOAO-15A-0005,/USB3/archive/20150501ThruEnd/20150511/ccd/processed/rccd150511.0044.fits,ScoX-1,True,optical
rccd150511.0070.fits,Sco X-1,16:19:54.97,-15:38:25.7,2015-05-12,02:33:32.326,2457154.60663,10.0,1.44,V,K,1020,1590,1980,usbdrivescrapelog_ScoX-1.csv,/USB3/archive/20150501ThruEnd/20150511/ccd/processed/rccd150511.0070.fits,,Data scrape,NOAO-15A-0005,/USB3/archive/20150501ThruEnd/20150511/ccd/processed/rccd150511.0070.fits,ScoX-1,True,optical
rccd150511.0047.fits,Sco X-1,16:19:54.99,-15:38:25.1,2015-05-12,01:50:18.000,2457154.5766,10.0,1.77,V,K,1020,1590,1980,usbdrivescrapelog_ScoX-1.csv,/USB3/archive/20150501ThruEnd/20150511/ccd/processed/rccd150511.0047.fits,,Data scrape,NOAO-15A-0005,/USB3/archive/20150501ThruEnd/20150511/ccd/processed/rccd150511.0047.fits,ScoX-1,True,optical
rccd150511.0137.fits,Sco X-1,16:19:55.00,-15:38:25.5,2015-05-12,07:02:37.604,2457154.7935,10.0,1.09,V,K,1060,1570,1960,usbdrivescrapelog_ScoX-1.csv,/USB3/archive/20150501ThruEnd/20150511/ccd/processed/rccd150511.0137.fits,,Data scrape,NOAO-15A-0005,/USB3/archive/20150501ThruEnd/20150511/ccd/processed/rccd150511.0137.fits,ScoX-1,True,optical
rccd150511.0072.fits,Sco X-1,16:19:54.88,-15:38:25.6,2015-05-12,02:35:27.395,2457154.60796,10.0,1.43,V,K,1040,1570,1980,usbdrivescrapelog_ScoX-1.csv,/USB3/archive/20150501ThruEnd/20150511/ccd/processed/rccd150511.0072.fits,,Data scrape,NOAO-15A-0005,/USB3/archive/20150501ThruEnd/20150511/ccd/processed/rccd150511.0072.fits,ScoX-1,True,optical
rccd150511.0106.fits,Sco X-1,16:19:55.02,-15:38:24.3,2015-05-12,05:10:59.180,2457154.71597,10.0,1.04,V,K,1020,1590,1980,usbdrivescrapelog_ScoX-1.csv,/USB3/archive/20150501ThruEnd/20150511/ccd/processed/rccd150511.0106.fits,,Data scrape,NOAO-15A-0005,/USB3/archive/20150501ThruEnd/20150511/ccd/processed/rccd150511.0106.fits,ScoX-1,True,optical
rccd150511.0046.fits,Sco X-1,16:19:54.98,-15:38:25.1,2015-05-12,01:49:20.515,2457154.57594,10.0,1.78,V,K,1020,1590,1980,usbdrivescrapelog_ScoX-1.csv,/USB3/archive/20150501ThruEnd/20150511/ccd/processed/rccd150511.0046.fits,,Data scrape,NOAO-15A-0005,/USB3/archive/20150501ThruEnd/20150511/ccd/processed/rccd150511.0046.fits,ScoX-1,True,optical
rccd150511.0066.fits,Sco X-1,16:19:55.00,-15:38:25.1,2015-05-12,02:29:40.818,2457154.60395,10.0,1.47,V,K,1040,1590,1960,usbdrivescrapelog_ScoX-1.csv,/USB3/archive/20150501ThruEnd/20150511/ccd/processed/rccd150511.0066.fits,,Data scrape,NOAO-15A-0005,/USB3/archive/20150501ThruEnd/20150511/ccd/processed/rccd150511.0066.fits,ScoX-1,True,optical
rccd150511.0053.fits,Sco X-1,16:19:54.95,-15:38:25.1,2015-05-12,01:56:04.891,2457154.58062,10.0,1.71,V,K,1040,1590,1960,usbdrivescrapelog_ScoX-1.csv,/USB3/archive/20150501ThruEnd/20150511/ccd/processed/rccd150511.0053.fits,,Data scrape,NOAO-15A-0005,/USB3/archive/20150501ThruEnd/20150511/ccd/processed/rccd150511.0053.fits,ScoX-1,True,optical
rccd150511.0138.fits,Sco X-1,16:19:54.99,-15:38:25.5,2015-05-12,07:03:35.652,2457154.79417,10.0,1.09,V,K,1040,1570,1980,usbdrivescrapelog_ScoX-1.csv,/USB3/archive/20150501ThruEnd/20150511/ccd/processed/rccd150511.0138.fits,,Data scrape,NOAO-15A-0005,/USB3/archive/20150501ThruEnd/20150511/ccd/processed/rccd150511.0138.fits,ScoX-1,True,optical
rccd150511.0165.fits,Sco X-1,16:19:55.20,-15:38:26.5,2015-05-12,08:01:30.696,2457154.83439,10.0,1.21,V,K,1040,1590,1960,usbdrivescrapelog_ScoX-1.csv,/USB3/archive/20150501ThruEnd/20150511/ccd/processed/rccd150511.0165.fits,,Data scrape,NOAO-15A-0005,/USB3/archive/20150501ThruEnd/20150511/ccd/processed/rccd150511.0165.fits,ScoX-1,True,optical
rccd150511.0155.fits,Sco X-1,16:19:55.00,-15:38:25.0,2015-05-12,07:51:33.933,2457154.82748,10.0,1.18,V,K,1040,1610,1940,usbdrivescrapelog_ScoX-1.csv,/USB3/archive/20150501ThruEnd/20150511/ccd/processed/rccd150511.0155.fits,,Data scrape,NOAO-15A-0005,/USB3/archive/20150501ThruEnd/20150511/ccd/processed/rccd150511.0155.fits,ScoX-1,True,optical
rccd150511.0088.fits,Sco X-1,16:19:55.07,-15:38:24.1,2015-05-12,03:01:37.799,2457154.62614,10.0,1.31,V,K,1040,1590,1960,usbdrivescrapelog_ScoX-1.csv,/USB3/archive/20150501ThruEnd/20150511/ccd/processed/rccd150511.0088.fits,,Data scrape,NOAO-15A-0005,/USB3/archive/20150501ThruEnd/20150511/ccd/processed/rccd150511.0088.fits,ScoX-1,True,optical
rccd150511.0082.fits,Sco X-1,16:19:54.98,-15:38:24.9,2015-05-12,02:55:51.307,2457154.62212,10.0,1.33,V,K,1040,1610,1940,usbdrivescrapelog_ScoX-1.csv,/USB3/archive/20150501ThruEnd/20150511/ccd/processed/rccd150511.0082.fits,,Data scrape,NOAO-15A-0005,/USB3/archive/20150501ThruEnd/20150511/ccd/processed/rccd150511.0082.fits,ScoX-1,True,optical
rccd150511.0140.fits,Sco X-1,16:19:54.97,-15:38:25.5,2015-05-12,07:05:32.868,2457154.79552,10.0,1.09,V,K,1040,1590,1960,usbdrivescrapelog_ScoX-1.csv,/USB3/archive/20150501ThruEnd/20150511/ccd/processed/rccd150511.0140.fits,,Data scrape,NOAO-15A-0005,/USB3/archive/20150501ThruEnd/20150511/ccd/processed/rccd150511.0140.fits,ScoX-1,True,optical
rccd150511.0136.fits,Sco X-1,16:19:54.95,-15:38:25.3,2015-05-12,07:01:39.651,2457154.79282,10.0,1.08,V,K,1020,1590,1980,usbdrivescrapelog_ScoX-1.csv,/USB3/archive/20150501ThruEnd/20150511/ccd/processed/rccd150511.0136.fits,,Data scrape,NOAO-15A-0005,/USB3/archive/20150501ThruEnd/20150511/ccd/processed/rccd150511.0136.fits,ScoX-1,True,optical
rccd150511.0181.fits,Sco X-1,16:19:55.00,-15:38:25.3,2015-05-12,08:35:34.158,2457154.85804,10.0,1.34,V,K,1040,1590,1960,usbdrivescrapelog_ScoX-1.csv,/USB3/archive/20150501ThruEnd/20150511/ccd/processed/rccd150511.0181.fits,,Data scrape,NOAO-15A-0005,/USB3/archive/20150501ThruEnd/20150511/ccd/processed/rccd150511.0181.fits,ScoX-1,True,optical
rccd150511.0142.fits,Sco X-1,16:19:55.02,-15:38:25.6,2015-05-12,07:07:28.954,2457154.79687,10.0,1.09,V,K,1040,1590,1960,usbdrivescrapelog_ScoX-1.csv,/USB3/archive/20150501ThruEnd/20150511/ccd/processed/rccd150511.0142.fits,,Data scrape,NOAO-15A-0005,/USB3/archive/20150501ThruEnd/20150511/ccd/processed/rccd150511.0142.fits,ScoX-1,True,optical
rccd150511.0080.fits,Sco X-1,16:19:54.98,-15:38:24.8,2015-05-12,02:53:55.365,2457154.62078,10.0,1.34,V,K,1040,1590,1960,usbdrivescrapelog_ScoX-1.csv,/USB3/archive/20150501ThruEnd/20150511/ccd/processed/rccd150511.0080.fits,,Data scrape,NOAO-15A-0005,/USB3/archive/20150501ThruEnd/20150511/ccd/processed/rccd150511.0080.fits,ScoX-1,True,optical
rccd150511.0154.fits,Sco X-1,16:19:55.01,-15:38:25.2,2015-05-12,07:50:35.985,2457154.82681,10.0,1.18,V,K,1040,1590,1960,usbdrivescrapelog_ScoX-1.csv,/USB3/archive/20150501ThruEnd/20150511/ccd/processed/rccd150511.0154.fits,,Data scrape,NOAO-15A-0005,/USB3/archive/20150501ThruEnd/20150511/ccd/processed/rccd150511.0154.fits,ScoX-1,True,optical
rccd150511.0086.fits,Sco X-1,16:19:55.04,-15:38:24.2,2015-05-12,02:59:41.950,2457154.6248,10.0,1.32,V,K,1040,1570,1980,usbdrivescrapelog_ScoX-1.csv,/USB3/archive/20150501ThruEnd/20150511/ccd/processed/rccd150511.0086.fits,,Data scrape,NOAO-15A-0005,/USB3/archive/20150501ThruEnd/20150511/ccd/processed/rccd150511.0086.fits,ScoX-1,True,optical
rccd150511.0108.fits,Sco X-1,16:19:54.98,-15:38:24.2,2015-05-12,05:12:54.188,2457154.7173,10.0,1.04,V,K,1060,1570,1960,usbdrivescrapelog_ScoX-1.csv,/USB3/archive/20150501ThruEnd/20150511/ccd/processed/rccd150511.0108.fits,,Data scrape,NOAO-15A-0005,/USB3/archive/20150501ThruEnd/20150511/ccd/processed/rccd150511.0108.fits,ScoX-1,True,optical
rccd150511.0166.fits,Sco X-1,16:19:55.25,-15:38:27.0,2015-05-12,08:02:28.783,2457154.83506,10.0,1.22,V,K,1040,1610,1940,usbdrivescrapelog_ScoX-1.csv,/USB3/archive/20150501ThruEnd/20150511/ccd/processed/rccd150511.0166.fits,,Data scrape,NOAO-15A-0005,/USB3/archive/20150501ThruEnd/20150511/ccd/processed/rccd150511.0166.fits,ScoX-1,True,optical
rccd150511.0139.fits,Sco X-1,16:19:54.97,-15:38:25.4,2015-05-12,07:04:34.616,2457154.79485,10.0,1.09,V,K,1040,1570,1980,usbdrivescrapelog_ScoX-1.csv,/USB3/archive/20150501ThruEnd/20150511/ccd/processed/rccd150511.0139.fits,,Data scrape,NOAO-15A-0005,/USB3/archive/20150501ThruEnd/20150511/ccd/processed/rccd150511.0139.fits,ScoX-1,True,optical
rccd150511.0169.fits,Sco X-1,16:19:55.30,-15:38:27.8,2015-05-12,08:05:22.072,2457154.83707,10.0,1.22,V,K,1060,1570,1960,usbdrivescrapelog_ScoX-1.csv,/USB3/archive/20150501ThruEnd/20150511/ccd/processed/rccd150511.0169.fits,,Data scrape,NOAO-15A-0005,/USB3/archive/20150501ThruEnd/20150511/ccd/processed/rccd150511.0169.fits,ScoX-1,True,optical
rccd150511.0050.fits,Sco X-1,16:19:54.99,-15:38:25.1,2015-05-12,01:53:11.258,2457154.57861,10.0,1.74,V,K,1040,1570,1980,usbdrivescrapelog_ScoX-1.csv,/USB3/archive/20150501ThruEnd/20150511/ccd/processed/rccd150511.0050.fits,,Data scrape,NOAO-15A-0005,/USB3/archive/20150501ThruEnd/20150511/ccd/processed/rccd150511.0050.fits,ScoX-1,True,optical
rccd150511.0090.fits,Sco X-1,16:19:55.08,-15:38:24.1,2015-05-12,03:03:33.474,2457154.62748,10.0,1.3,V,K,1040,1590,1960,usbdrivescrapelog_ScoX-1.csv,/USB3/archive/20150501ThruEnd/20150511/ccd/processed/rccd150511.0090.fits,,Data scrape,NOAO-15A-0005,/USB3/archive/20150501ThruEnd/20150511/ccd/processed/rccd150511.0090.fits,ScoX-1,True,optical
rccd150511.0187.fits,Sco X-1,16:19:55.09,-15:38:26.0,2015-05-12,08:41:20.927,2457154.86205,10.0,1.36,V,K,1040,1570,1980,usbdrivescrapelog_ScoX-1.csv,/USB3/archive/20150501ThruEnd/20150511/ccd/processed/rccd150511.0187.fits,,Data scrape,NOAO-15A-0005,/USB3/archive/20150501ThruEnd/20150511/ccd/processed/rccd150511.0187.fits,ScoX-1,True,optical
rccd150511.0183.fits,Sco X-1,16:19:55.05,-15:38:25.5,2015-05-12,08:37:30.073,2457154.85938,10.0,1.35,V,K,1040,1610,1940,usbdrivescrapelog_ScoX-1.csv,/USB3/archive/20150501ThruEnd/20150511/ccd/processed/rccd150511.0183.fits,,Data scrape,NOAO-15A-0005,/USB3/archive/20150501ThruEnd/20150511/ccd/processed/rccd150511.0183.fits,ScoX-1,True,optical
rccd150511.0071.fits,Sco X-1,16:19:54.93,-15:38:25.8,2015-05-12,02:34:29.873,2457154.60729,10.0,1.44,V,K,1060,1570,1960,usbdrivescrapelog_ScoX-1.csv,/USB3/archive/20150501ThruEnd/20150511/ccd/processed/rccd150511.0071.fits,,Data scrape,NOAO-15A-0005,/USB3/archive/20150501ThruEnd/20150511/ccd/processed/rccd150511.0071.fits,ScoX-1,True,optical
rccd150511.0089.fits,Sco X-1,16:19:55.03,-15:38:23.9,2015-05-12,03:02:35.362,2457154.6268,10.0,1.31,V,K,1040,1590,1960,usbdrivescrapelog_ScoX-1.csv,/USB3/archive/20150501ThruEnd/20150511/ccd/processed/rccd150511.0089.fits,,Data scrape,NOAO-15A-0005,/USB3/archive/20150501ThruEnd/20150511/ccd/processed/rccd150511.0089.fits,ScoX-1,True,optical
rccd150511.0048.fits,Sco X-1,16:19:54.97,-15:38:25.1,2015-05-12,01:51:15.714,2457154.57727,10.0,1.76,V,K,1060,1570,1960,usbdrivescrapelog_ScoX-1.csv,/USB3/archive/20150501ThruEnd/20150511/ccd/processed/rccd150511.0048.fits,,Data scrape,NOAO-15A-0005,/USB3/archive/20150501ThruEnd/20150511/ccd/processed/rccd150511.0048.fits,ScoX-1,True,optical
rccd150511.0043.fits,Sco X-1,16:19:54.99,-15:38:25.0,2015-05-12,01:46:26.690,2457154.57392,10.0,1.8,V,K,1040,1590,1960,usbdrivescrapelog_ScoX-1.csv,/USB3/archive/20150501ThruEnd/20150511/ccd/processed/rccd150511.0043.fits,,Data scrape,NOAO-15A-0005,/USB3/archive/20150501ThruEnd/20150511/ccd/processed/rccd150511.0043.fits,ScoX-1,True,optical
rccd150511.0190.fits,Sco X-1,16:19:55.12,-15:38:26.5,2015-05-12,08:44:14.605,2457154.86406,10.0,1.38,V,K,1040,1590,1960,usbdrivescrapelog_ScoX-1.csv,/USB3/archive/20150501ThruEnd/20150511/ccd/processed/rccd150511.0190.fits,,Data scrape,NOAO-15A-0005,/USB3/archive/20150501ThruEnd/20150511/ccd/processed/rccd150511.0190.fits,ScoX-1,True,optical
rccd150511.0049.fits,Sco X-1,16:19:54.99,-15:38:25.1,2015-05-12,01:52:13.363,2457154.57794,10.0,1.75,V,K,1040,1570,1980,usbdrivescrapelog_ScoX-1.csv,/USB3/archive/20150501ThruEnd/20150511/ccd/processed/rccd150511.0049.fits,,Data scrape,NOAO-15A-0005,/USB3/archive/20150501ThruEnd/20150511/ccd/processed/rccd150511.0049.fits,ScoX-1,True,optical
rccd150511.0052.fits,Sco X-1,16:19:54.98,-15:38:25.1,2015-05-12,01:55:06.957,2457154.57994,10.0,1.72,V,K,1040,1590,1960,usbdrivescrapelog_ScoX-1.csv,/USB3/archive/20150501ThruEnd/20150511/ccd/processed/rccd150511.0052.fits,,Data scrape,NOAO-15A-0005,/USB3/archive/20150501ThruEnd/20150511/ccd/processed/rccd150511.0052.fits,ScoX-1,True,optical
rccd150511.0107.fits,Sco X-1,16:19:55.00,-15:38:24.3,2015-05-12,05:11:56.735,2457154.71663,10.0,1.04,V,K,1020,1590,1980,usbdrivescrapelog_ScoX-1.csv,/USB3/archive/20150501ThruEnd/20150511/ccd/processed/rccd150511.0107.fits,,Data scrape,NOAO-15A-0005,/USB3/archive/20150501ThruEnd/20150511/ccd/processed/rccd150511.0107.fits,ScoX-1,True,optical
rccd150511.0113.fits,Sco X-1,16:19:54.92,-15:38:23.7,2015-05-12,05:17:44.349,2457154.72066,10.0,1.04,V,K,1040,1590,1960,usbdrivescrapelog_ScoX-1.csv,/USB3/archive/20150501ThruEnd/20150511/ccd/processed/rccd150511.0113.fits,,Data scrape,NOAO-15A-0005,/USB3/archive/20150501ThruEnd/20150511/ccd/processed/rccd150511.0113.fits,ScoX-1,True,optical
rccd150511.0083.fits,Sco X-1,16:19:54.98,-15:38:24.8,2015-05-12,02:56:49.121,2457154.6228,10.0,1.33,V,K,1020,1590,1980,usbdrivescrapelog_ScoX-1.csv,/USB3/archive/20150501ThruEnd/20150511/ccd/processed/rccd150511.0083.fits,,Data scrape,NOAO-15A-0005,/USB3/archive/20150501ThruEnd/20150511/ccd/processed/rccd150511.0083.fits,ScoX-1,True,optical
rccd150511.0161.fits,Sco X-1,16:19:55.11,-15:38:25.3,2015-05-12,07:57:20.731,2457154.8315,10.0,1.2,V,K,1040,1590,1960,usbdrivescrapelog_ScoX-1.csv,/USB3/archive/20150501ThruEnd/20150511/ccd/processed/rccd150511.0161.fits,,Data scrape,NOAO-15A-0005,/USB3/archive/20150501ThruEnd/20150511/ccd/processed/rccd150511.0161.fits,ScoX-1,True,optical
rccd150511.0109.fits,Sco X-1,16:19:54.98,-15:38:24.1,2015-05-12,05:13:52.084,2457154.71797,10.0,1.04,V,K,1040,1570,1980,usbdrivescrapelog_ScoX-1.csv,/USB3/archive/20150501ThruEnd/20150511/ccd/processed/rccd150511.0109.fits,,Data scrape,NOAO-15A-0005,/USB3/archive/20150501ThruEnd/20150511/ccd/processed/rccd150511.0109.fits,ScoX-1,True,optical
rccd150511.0085.fits,Sco X-1,16:19:55.02,-15:38:24.7,2015-05-12,02:58:44.248,2457154.62413,10.0,1.32,V,K,1060,1570,1960,usbdrivescrapelog_ScoX-1.csv,/USB3/archive/20150501ThruEnd/20150511/ccd/processed/rccd150511.0085.fits,,Data scrape,NOAO-15A-0005,/USB3/archive/20150501ThruEnd/20150511/ccd/processed/rccd150511.0085.fits,ScoX-1,True,optical
rccd150511.0141.fits,Sco X-1,16:19:54.96,-15:38:25.5,2015-05-12,07:06:30.882,2457154.7962,10.0,1.09,V,K,1040,1590,1960,usbdrivescrapelog_ScoX-1.csv,/USB3/archive/20150501ThruEnd/20150511/ccd/processed/rccd150511.0141.fits,,Data scrape,NOAO-15A-0005,/USB3/archive/20150501ThruEnd/20150511/ccd/processed/rccd150511.0141.fits,ScoX-1,True,optical
rccd150511.0184.fits,Sco X-1,16:19:55.06,-15:38:25.6,2015-05-12,08:38:28.024,2457154.86005,10.0,1.35,V,K,1020,1590,1980,usbdrivescrapelog_ScoX-1.csv,/USB3/archive/20150501ThruEnd/20150511/ccd/processed/rccd150511.0184.fits,,Data scrape,NOAO-15A-0005,/USB3/archive/20150501ThruEnd/20150511/ccd/processed/rccd150511.0184.fits,ScoX-1,True,optical
rccd150511.0069.fits,Sco X-1,16:19:54.94,-15:38:25.6,2015-05-12,02:32:34.718,2457154.60596,10.0,1.45,V,K,1020,1590,1980,usbdrivescrapelog_ScoX-1.csv,/USB3/archive/20150501ThruEnd/20150511/ccd/processed/rccd150511.0069.fits,,Data scrape,NOAO-15A-0005,/USB3/archive/20150501ThruEnd/20150511/ccd/processed/rccd150511.0069.fits,ScoX-1,True,optical
rccd150511.0172.fits,Sco X-1,16:19:55.32,-15:38:28.8,2015-05-12,08:08:15.766,2457154.83908,10.0,1.23,V,K,1040,1590,1960,usbdrivescrapelog_ScoX-1.csv,/USB3/archive/20150501ThruEnd/20150511/ccd/processed/rccd150511.0172.fits,,Data scrape,NOAO-15A-0005,/USB3/archive/20150501ThruEnd/20150511/ccd/processed/rccd150511.0172.fits,ScoX-1,True,optical
rccd150510.0080.fits,Sco X-1,16:19:55.10,-15:38:26.1,2015-05-11,04:55:42.460,2457153.70535,10.0,1.06,V,K,1040,1590,1960,usbdrivescrapelog_ScoX-1.csv,/USB3/archive/20150501ThruEnd/20150510/ccd/processed/rccd150510.0080.fits,,Data scrape,NOAO-15A-0005,/USB3/archive/20150501ThruEnd/20150510/ccd/processed/rccd150510.0080.fits,ScoX-1,True,optical
rccd150510.0044.fits,Sco X-1,16:19:55.23,-15:38:24.5,2015-05-11,01:53:41.678,2457153.57895,10.0,1.77,V,K,1040,1590,1960,usbdrivescrapelog_ScoX-1.csv,/USB3/archive/20150501ThruEnd/20150510/ccd/processed/rccd150510.0044.fits,,Data scrape,NOAO-15A-0005,/USB3/archive/20150501ThruEnd/20150510/ccd/processed/rccd150510.0044.fits,ScoX-1,True,optical
rccd150510.0163.fits,Sco X-1,16:19:54.99,-15:38:25.2,2015-05-11,08:17:05.831,2457153.8452,10.0,1.25,V,K,1040,1590,1960,usbdrivescrapelog_ScoX-1.csv,/USB3/archive/20150501ThruEnd/20150510/ccd/processed/rccd150510.0163.fits,,Data scrape,NOAO-15A-0005,/USB3/archive/20150501ThruEnd/20150510/ccd/processed/rccd150510.0163.fits,ScoX-1,True,optical
rccd150510.0166.fits,Sco X-1,16:19:55.08,-15:38:25.5,2015-05-11,08:19:59.072,2457153.84721,10.0,1.26,V,K,1020,1590,1980,usbdrivescrapelog_ScoX-1.csv,/USB3/archive/20150501ThruEnd/20150510/ccd/processed/rccd150510.0166.fits,,Data scrape,NOAO-15A-0005,/USB3/archive/20150501ThruEnd/20150510/ccd/processed/rccd150510.0166.fits,ScoX-1,True,optical
rccd150510.0131.fits,Sco X-1,16:19:55.01,-15:38:24.9,2015-05-11,07:06:39.994,2457153.79629,10.0,1.09,V,K,1020,1590,1980,usbdrivescrapelog_ScoX-1.csv,/USB3/archive/20150501ThruEnd/20150510/ccd/processed/rccd150510.0131.fits,,Data scrape,NOAO-15A-0005,/USB3/archive/20150501ThruEnd/20150510/ccd/processed/rccd150510.0131.fits,ScoX-1,True,optical
rccd150510.0169.fits,Sco X-1,16:19:55.08,-15:38:26.0,2015-05-11,08:22:51.988,2457153.84921,10.0,1.27,V,K,1040,1570,1980,usbdrivescrapelog_ScoX-1.csv,/USB3/archive/20150501ThruEnd/20150510/ccd/processed/rccd150510.0169.fits,,Data scrape,NOAO-15A-0005,/USB3/archive/20150501ThruEnd/20150510/ccd/processed/rccd150510.0169.fits,ScoX-1,True,optical
rccd150510.0054.fits,Sco X-1,16:19:54.90,-15:38:24.5,2015-05-11,02:45:07.398,2457153.61466,10.0,1.4,V,K,1020,1590,1980,usbdrivescrapelog_ScoX-1.csv,/USB3/archive/20150501ThruEnd/20150510/ccd/processed/rccd150510.0054.fits,,Data scrape,NOAO-15A-0005,/USB3/archive/20150501ThruEnd/20150510/ccd/processed/rccd150510.0054.fits,ScoX-1,True,optical
rccd150510.0132.fits,Sco X-1,16:19:55.04,-15:38:24.8,2015-05-11,07:07:37.429,2457153.79696,10.0,1.09,V,K,1020,1590,1980,usbdrivescrapelog_ScoX-1.csv,/USB3/archive/20150501ThruEnd/20150510/ccd/processed/rccd150510.0132.fits,,Data scrape,NOAO-15A-0005,/USB3/archive/20150501ThruEnd/20150510/ccd/processed/rccd150510.0132.fits,ScoX-1,True,optical
rccd150510.0155.fits,Sco X-1,16:19:55.12,-15:38:27.1,2015-05-11,08:04:52.628,2457153.83672,10.0,1.21,V,K,1040,1590,1960,usbdrivescrapelog_ScoX-1.csv,/USB3/archive/20150501ThruEnd/20150510/ccd/processed/rccd150510.0155.fits,,Data scrape,NOAO-15A-0005,/USB3/archive/20150501ThruEnd/20150510/ccd/processed/rccd150510.0155.fits,ScoX-1,True,optical
rccd150510.0147.fits,Sco X-1,16:19:55.01,-15:38:25.2,2015-05-11,07:57:11.810,2457153.83138,10.0,1.19,V,K,1040,1590,1960,usbdrivescrapelog_ScoX-1.csv,/USB3/archive/20150501ThruEnd/20150510/ccd/processed/rccd150510.0147.fits,,Data scrape,NOAO-15A-0005,/USB3/archive/20150501ThruEnd/20150510/ccd/processed/rccd150510.0147.fits,ScoX-1,True,optical
rccd150510.0042.fits,Sco X-1,16:19:55.14,-15:38:24.8,2015-05-11,01:51:46.485,2457153.57762,10.0,1.79,V,K,1040,1590,1960,usbdrivescrapelog_ScoX-1.csv,/USB3/archive/20150501ThruEnd/20150510/ccd/processed/rccd150510.0042.fits,,Data scrape,NOAO-15A-0005,/USB3/archive/20150501ThruEnd/20150510/ccd/processed/rccd150510.0042.fits,ScoX-1,True,optical
rccd150510.0052.fits,Sco X-1,16:19:54.95,-15:38:24.8,2015-05-11,02:43:12.447,2457153.61333,10.0,1.41,V,K,1040,1590,1960,usbdrivescrapelog_ScoX-1.csv,/USB3/archive/20150501ThruEnd/20150510/ccd/processed/rccd150510.0052.fits,,Data scrape,NOAO-15A-0005,/USB3/archive/20150501ThruEnd/20150510/ccd/processed/rccd150510.0052.fits,ScoX-1,True,optical
rccd150510.0099.fits,Sco X-1,16:19:55.03,-15:38:25.7,2015-05-11,06:04:12.538,2457153.75292,10.0,1.04,V,K,1020,1590,1980,usbdrivescrapelog_ScoX-1.csv,/USB3/archive/20150501ThruEnd/20150510/ccd/processed/rccd150510.0099.fits,,Data scrape,NOAO-15A-0005,/USB3/archive/20150501ThruEnd/20150510/ccd/processed/rccd150510.0099.fits,ScoX-1,True,optical
rccd150510.0119.fits,Sco X-1,16:19:55.20,-15:38:24.6,2015-05-11,06:50:40.254,2457153.78519,10.0,1.07,V,K,1040,1570,1980,usbdrivescrapelog_ScoX-1.csv,/USB3/archive/20150501ThruEnd/20150510/ccd/processed/rccd150510.0119.fits,,Data scrape,NOAO-15A-0005,/USB3/archive/20150501ThruEnd/20150510/ccd/processed/rccd150510.0119.fits,ScoX-1,True,optical
rccd150510.0055.fits,Sco X-1,16:19:54.87,-15:38:24.4,2015-05-11,02:46:05.269,2457153.61533,10.0,1.4,V,K,1020,1590,1980,usbdrivescrapelog_ScoX-1.csv,/USB3/archive/20150501ThruEnd/20150510/ccd/processed/rccd150510.0055.fits,,Data scrape,NOAO-15A-0005,/USB3/archive/20150501ThruEnd/20150510/ccd/processed/rccd150510.0055.fits,ScoX-1,True,optical
rccd150510.0079.fits,Sco X-1,16:19:55.06,-15:38:26.0,2015-05-11,04:54:44.616,2457153.70468,10.0,1.06,V,K,1040,1590,1960,usbdrivescrapelog_ScoX-1.csv,/USB3/archive/20150501ThruEnd/20150510/ccd/processed/rccd150510.0079.fits,,Data scrape,NOAO-15A-0005,/USB3/archive/20150501ThruEnd/20150510/ccd/processed/rccd150510.0079.fits,ScoX-1,True,optical
rccd150510.0114.fits,Sco X-1,16:19:55.04,-15:38:25.3,2015-05-11,06:45:52.393,2457153.78185,10.0,1.06,V,K,1040,1590,1960,usbdrivescrapelog_ScoX-1.csv,/USB3/archive/20150501ThruEnd/20150510/ccd/processed/rccd150510.0114.fits,,Data scrape,NOAO-15A-0005,/USB3/archive/20150501ThruEnd/20150510/ccd/processed/rccd150510.0114.fits,ScoX-1,True,optical
rccd150510.0130.fits,Sco X-1,16:19:55.00,-15:38:24.7,2015-05-11,07:05:42.205,2457153.79562,10.0,1.08,V,K,1040,1610,1940,usbdrivescrapelog_ScoX-1.csv,/USB3/archive/20150501ThruEnd/20150510/ccd/processed/rccd150510.0130.fits,,Data scrape,NOAO-15A-0005,/USB3/archive/20150501ThruEnd/20150510/ccd/processed/rccd150510.0130.fits,ScoX-1,True,optical
rccd150510.0102.fits,Sco X-1,16:19:55.03,-15:38:26.2,2015-05-11,06:07:04.888,2457153.75491,10.0,1.04,V,K,1040,1570,1980,usbdrivescrapelog_ScoX-1.csv,/USB3/archive/20150501ThruEnd/20150510/ccd/processed/rccd150510.0102.fits,,Data scrape,NOAO-15A-0005,/USB3/archive/20150501ThruEnd/20150510/ccd/processed/rccd150510.0102.fits,ScoX-1,True,optical
rccd150510.0056.fits,Sco X-1,16:19:54.82,-15:38:24.3,2015-05-11,02:47:02.974,2457153.616,10.0,1.39,V,K,1060,1570,1960,usbdrivescrapelog_ScoX-1.csv,/USB3/archive/20150501ThruEnd/20150510/ccd/processed/rccd150510.0056.fits,,Data scrape,NOAO-15A-0005,/USB3/archive/20150501ThruEnd/20150510/ccd/processed/rccd150510.0056.fits,ScoX-1,True,optical
rccd150510.0149.fits,Sco X-1,16:19:54.98,-15:38:25.7,2015-05-11,07:59:07.354,2457153.83272,10.0,1.19,V,K,1040,1610,1940,usbdrivescrapelog_ScoX-1.csv,/USB3/archive/20150501ThruEnd/20150510/ccd/processed/rccd150510.0149.fits,,Data scrape,NOAO-15A-0005,/USB3/archive/20150501ThruEnd/20150510/ccd/processed/rccd150510.0149.fits,ScoX-1,True,optical
rccd150510.0120.fits,Sco X-1,16:19:55.24,-15:38:24.5,2015-05-11,06:51:37.994,2457153.78585,10.0,1.07,V,K,1040,1570,1980,usbdrivescrapelog_ScoX-1.csv,/USB3/archive/20150501ThruEnd/20150510/ccd/processed/rccd150510.0120.fits,,Data scrape,NOAO-15A-0005,/USB3/archive/20150501ThruEnd/20150510/ccd/processed/rccd150510.0120.fits,ScoX-1,True,optical
rccd150510.0157.fits,Sco X-1,16:19:55.23,-15:38:27.5,2015-05-11,08:06:47.814,2457153.83805,10.0,1.22,V,K,1040,1590,1960,usbdrivescrapelog_ScoX-1.csv,/USB3/archive/20150501ThruEnd/20150510/ccd/processed/rccd150510.0157.fits,,Data scrape,NOAO-15A-0005,/USB3/archive/20150501ThruEnd/20150510/ccd/processed/rccd150510.0157.fits,ScoX-1,True,optical
rccd150510.0059.fits,Sco X-1,16:19:54.74,-15:38:24.4,2015-05-11,02:49:55.772,2457153.618,10.0,1.38,V,K,1040,1590,1960,usbdrivescrapelog_ScoX-1.csv,/USB3/archive/20150501ThruEnd/20150510/ccd/processed/rccd150510.0059.fits,,Data scrape,NOAO-15A-0005,/USB3/archive/20150501ThruEnd/20150510/ccd/processed/rccd150510.0059.fits,ScoX-1,True,optical
rccd150510.0122.fits,Sco X-1,16:19:55.30,-15:38:24.4,2015-05-11,06:53:33.374,2457153.78719,10.0,1.07,V,K,1040,1590,1960,usbdrivescrapelog_ScoX-1.csv,/USB3/archive/20150501ThruEnd/20150510/ccd/processed/rccd150510.0122.fits,,Data scrape,NOAO-15A-0005,/USB3/archive/20150501ThruEnd/20150510/ccd/processed/rccd150510.0122.fits,ScoX-1,True,optical
rccd150510.0172.fits,Sco X-1,16:19:55.18,-15:38:27.0,2015-05-11,08:25:45.287,2457153.85122,10.0,1.28,V,K,1040,1590,1960,usbdrivescrapelog_ScoX-1.csv,/USB3/archive/20150501ThruEnd/20150510/ccd/processed/rccd150510.0172.fits,,Data scrape,NOAO-15A-0005,/USB3/archive/20150501ThruEnd/20150510/ccd/processed/rccd150510.0172.fits,ScoX-1,True,optical
rccd150510.0171.fits,Sco X-1,16:19:55.15,-15:38:26.6,2015-05-11,08:24:47.431,2457153.85055,10.0,1.28,V,K,1040,1590,1960,usbdrivescrapelog_ScoX-1.csv,/USB3/archive/20150501ThruEnd/20150510/ccd/processed/rccd150510.0171.fits,,Data scrape,NOAO-15A-0005,/USB3/archive/20150501ThruEnd/20150510/ccd/processed/rccd150510.0171.fits,ScoX-1,True,optical
rccd150510.0078.fits,Sco X-1,16:19:55.05,-15:38:25.8,2015-05-11,04:53:47.138,2457153.70401,10.0,1.06,V,K,1040,1590,1960,usbdrivescrapelog_ScoX-1.csv,/USB3/archive/20150501ThruEnd/20150510/ccd/processed/rccd150510.0078.fits,,Data scrape,NOAO-15A-0005,/USB3/archive/20150501ThruEnd/20150510/ccd/processed/rccd150510.0078.fits,ScoX-1,True,optical
rccd150510.0135.fits,Sco X-1,16:19:55.01,-15:38:25.0,2015-05-11,07:10:30.389,2457153.79896,10.0,1.09,V,K,1040,1570,1980,usbdrivescrapelog_ScoX-1.csv,/USB3/archive/20150501ThruEnd/20150510/ccd/processed/rccd150510.0135.fits,,Data scrape,NOAO-15A-0005,/USB3/archive/20150501ThruEnd/20150510/ccd/processed/rccd150510.0135.fits,ScoX-1,True,optical
rccd150510.0105.fits,Sco X-1,16:19:55.06,-15:38:26.5,2015-05-11,06:09:57.854,2457153.75692,10.0,1.04,V,K,1040,1590,1960,usbdrivescrapelog_ScoX-1.csv,/USB3/archive/20150501ThruEnd/20150510/ccd/processed/rccd150510.0105.fits,,Data scrape,NOAO-15A-0005,/USB3/archive/20150501ThruEnd/20150510/ccd/processed/rccd150510.0105.fits,ScoX-1,True,optical
rccd150510.0057.fits,Sco X-1,16:19:54.81,-15:38:24.3,2015-05-11,02:48:00.720,2457153.61667,10.0,1.39,V,K,1040,1570,1980,usbdrivescrapelog_ScoX-1.csv,/USB3/archive/20150501ThruEnd/20150510/ccd/processed/rccd150510.0057.fits,,Data scrape,NOAO-15A-0005,/USB3/archive/20150501ThruEnd/20150510/ccd/processed/rccd150510.0057.fits,ScoX-1,True,optical
rccd150510.0084.fits,Sco X-1,16:19:55.13,-15:38:27.0,2015-05-11,04:59:33.055,2457153.70802,10.0,1.05,V,K,1040,1590,1960,usbdrivescrapelog_ScoX-1.csv,/USB3/archive/20150501ThruEnd/20150510/ccd/processed/rccd150510.0084.fits,,Data scrape,NOAO-15A-0005,/USB3/archive/20150501ThruEnd/20150510/ccd/processed/rccd150510.0084.fits,ScoX-1,True,optical
rccd150510.0076.fits,Sco X-1,16:19:55.01,-15:38:25.6,2015-05-11,04:51:52.065,2457153.70268,10.0,1.06,V,K,1040,1590,1960,usbdrivescrapelog_ScoX-1.csv,/USB3/archive/20150501ThruEnd/20150510/ccd/processed/rccd150510.0076.fits,,Data scrape,NOAO-15A-0005,/USB3/archive/20150501ThruEnd/20150510/ccd/processed/rccd150510.0076.fits,ScoX-1,True,optical
rccd150510.0077.fits,Sco X-1,16:19:55.01,-15:38:25.7,2015-05-11,04:52:49.371,2457153.70335,10.0,1.06,V,K,1040,1590,1960,usbdrivescrapelog_ScoX-1.csv,/USB3/archive/20150501ThruEnd/20150510/ccd/processed/rccd150510.0077.fits,,Data scrape,NOAO-15A-0005,/USB3/archive/20150501ThruEnd/20150510/ccd/processed/rccd150510.0077.fits,ScoX-1,True,optical
rccd150510.0136.fits,Sco X-1,16:19:55.03,-15:38:24.9,2015-05-11,07:11:28.345,2457153.79963,10.0,1.09,V,K,1040,1590,1960,usbdrivescrapelog_ScoX-1.csv,/USB3/archive/20150501ThruEnd/20150510/ccd/processed/rccd150510.0136.fits,,Data scrape,NOAO-15A-0005,/USB3/archive/20150501ThruEnd/20150510/ccd/processed/rccd150510.0136.fits,ScoX-1,True,optical
rccd150510.0167.fits,Sco X-1,16:19:55.06,-15:38:25.6,2015-05-11,08:20:56.661,2457153.84788,10.0,1.26,V,K,1060,1570,1960,usbdrivescrapelog_ScoX-1.csv,/USB3/archive/20150501ThruEnd/20150510/ccd/processed/rccd150510.0167.fits,,Data scrape,NOAO-15A-0005,/USB3/archive/20150501ThruEnd/20150510/ccd/processed/rccd150510.0167.fits,ScoX-1,True,optical
rccd150510.0138.fits,Sco X-1,16:19:55.05,-15:38:25.1,2015-05-11,07:13:23.831,2457153.80097,10.0,1.1,V,K,1040,1590,1960,usbdrivescrapelog_ScoX-1.csv,/USB3/archive/20150501ThruEnd/20150510/ccd/processed/rccd150510.0138.fits,,Data scrape,NOAO-15A-0005,/USB3/archive/20150501ThruEnd/20150510/ccd/processed/rccd150510.0138.fits,ScoX-1,True,optical
rccd150510.0103.fits,Sco X-1,16:19:55.08,-15:38:26.3,2015-05-11,06:08:02.619,2457153.75558,10.0,1.04,V,K,1040,1570,1980,usbdrivescrapelog_ScoX-1.csv,/USB3/archive/20150501ThruEnd/20150510/ccd/processed/rccd150510.0103.fits,,Data scrape,NOAO-15A-0005,/USB3/archive/20150501ThruEnd/20150510/ccd/processed/rccd150510.0103.fits,ScoX-1,True,optical
rccd150510.0148.fits,Sco X-1,16:19:55.01,-15:38:25.7,2015-05-11,07:58:09.635,2457153.83205,10.0,1.19,V,K,1040,1590,1960,usbdrivescrapelog_ScoX-1.csv,/USB3/archive/20150501ThruEnd/20150510/ccd/processed/rccd150510.0148.fits,,Data scrape,NOAO-15A-0005,/USB3/archive/20150501ThruEnd/20150510/ccd/processed/rccd150510.0148.fits,ScoX-1,True,optical
rccd150510.0134.fits,Sco X-1,16:19:55.01,-15:38:24.9,2015-05-11,07:09:32.494,2457153.79829,10.0,1.09,V,K,1040,1570,1980,usbdrivescrapelog_ScoX-1.csv,/USB3/archive/20150501ThruEnd/20150510/ccd/processed/rccd150510.0134.fits,,Data scrape,NOAO-15A-0005,/USB3/archive/20150501ThruEnd/20150510/ccd/processed/rccd150510.0134.fits,ScoX-1,True,optical
rccd150510.0081.fits,Sco X-1,16:19:55.07,-15:38:26.2,2015-05-11,04:56:40.089,2457153.70602,10.0,1.06,V,K,1040,1590,1960,usbdrivescrapelog_ScoX-1.csv,/USB3/archive/20150501ThruEnd/20150510/ccd/processed/rccd150510.0081.fits,,Data scrape,NOAO-15A-0005,/USB3/archive/20150501ThruEnd/20150510/ccd/processed/rccd150510.0081.fits,ScoX-1,True,optical
rccd150510.0097.fits,Sco X-1,16:19:54.98,-15:38:25.5,2015-05-11,06:02:16.994,2457153.75158,10.0,1.03,V,K,1040,1590,1960,usbdrivescrapelog_ScoX-1.csv,/USB3/archive/20150501ThruEnd/20150510/ccd/processed/rccd150510.0097.fits,,Data scrape,NOAO-15A-0005,/USB3/archive/20150501ThruEnd/20150510/ccd/processed/rccd150510.0097.fits,ScoX-1,True,optical
rccd150510.0133.fits,Sco X-1,16:19:55.00,-15:38:25.0,2015-05-11,07:08:34.979,2457153.79762,10.0,1.09,V,K,1060,1570,1960,usbdrivescrapelog_ScoX-1.csv,/USB3/archive/20150501ThruEnd/20150510/ccd/processed/rccd150510.0133.fits,,Data scrape,NOAO-15A-0005,/USB3/archive/20150501ThruEnd/20150510/ccd/processed/rccd150510.0133.fits,ScoX-1,True,optical
rccd150510.0162.fits,Sco X-1,16:19:54.98,-15:38:25.9,2015-05-11,08:16:08.072,2457153.84453,10.0,1.25,V,K,1040,1590,1960,usbdrivescrapelog_ScoX-1.csv,/USB3/archive/20150501ThruEnd/20150510/ccd/processed/rccd150510.0162.fits,,Data scrape,NOAO-15A-0005,/USB3/archive/20150501ThruEnd/20150510/ccd/processed/rccd150510.0162.fits,ScoX-1,True,optical
rccd150510.0154.fits,Sco X-1,16:19:55.15,-15:38:26.8,2015-05-11,08:03:54.947,2457153.83605,10.0,1.21,V,K,1040,1570,1980,usbdrivescrapelog_ScoX-1.csv,/USB3/archive/20150501ThruEnd/20150510/ccd/processed/rccd150510.0154.fits,,Data scrape,NOAO-15A-0005,/USB3/archive/20150501ThruEnd/20150510/ccd/processed/rccd150510.0154.fits,ScoX-1,True,optical
rccd150510.0100.fits,Sco X-1,16:19:55.04,-15:38:26.0,2015-05-11,06:05:09.919,2457153.75358,10.0,1.04,V,K,1020,1590,1980,usbdrivescrapelog_ScoX-1.csv,/USB3/archive/20150501ThruEnd/20150510/ccd/processed/rccd150510.0100.fits,,Data scrape,NOAO-15A-0005,/USB3/archive/20150501ThruEnd/20150510/ccd/processed/rccd150510.0100.fits,ScoX-1,True,optical
rccd150510.0041.fits,Sco X-1,16:19:55.12,-15:38:24.8,2015-05-11,01:50:49.013,2457153.57695,10.0,1.8,V,K,1040,1570,1980,usbdrivescrapelog_ScoX-1.csv,/USB3/archive/20150501ThruEnd/20150510/ccd/processed/rccd150510.0041.fits,,Data scrape,NOAO-15A-0005,/USB3/archive/20150501ThruEnd/20150510/ccd/processed/rccd150510.0041.fits,ScoX-1,True,optical
rccd150510.0153.fits,Sco X-1,16:19:55.13,-15:38:26.5,2015-05-11,08:02:57.095,2457153.83538,10.0,1.21,V,K,1040,1570,1980,usbdrivescrapelog_ScoX-1.csv,/USB3/archive/20150501ThruEnd/20150510/ccd/processed/rccd150510.0153.fits,,Data scrape,NOAO-15A-0005,/USB3/archive/20150501ThruEnd/20150510/ccd/processed/rccd150510.0153.fits,ScoX-1,True,optical
rccd150510.0104.fits,Sco X-1,16:19:55.06,-15:38:26.4,2015-05-11,06:09:00.399,2457153.75625,10.0,1.04,V,K,1040,1590,1960,usbdrivescrapelog_ScoX-1.csv,/USB3/archive/20150501ThruEnd/20150510/ccd/processed/rccd150510.0104.fits,,Data scrape,NOAO-15A-0005,/USB3/archive/20150501ThruEnd/20150510/ccd/processed/rccd150510.0104.fits,ScoX-1,True,optical
rccd150510.0082.fits,Sco X-1,16:19:55.09,-15:38:26.5,2015-05-11,04:57:37.990,2457153.70669,10.0,1.06,V,K,1040,1590,1960,usbdrivescrapelog_ScoX-1.csv,/USB3/archive/20150501ThruEnd/20150510/ccd/processed/rccd150510.0082.fits,,Data scrape,NOAO-15A-0005,/USB3/archive/20150501ThruEnd/20150510/ccd/processed/rccd150510.0082.fits,ScoX-1,True,optical
rccd150510.0115.fits,Sco X-1,16:19:55.06,-15:38:25.2,2015-05-11,06:46:50.471,2457153.78252,10.0,1.06,V,K,1040,1610,1940,usbdrivescrapelog_ScoX-1.csv,/USB3/archive/20150501ThruEnd/20150510/ccd/processed/rccd150510.0115.fits,,Data scrape,NOAO-15A-0005,/USB3/archive/20150501ThruEnd/20150510/ccd/processed/rccd150510.0115.fits,ScoX-1,True,optical
rccd150510.0170.fits,Sco X-1,16:19:55.11,-15:38:26.2,2015-05-11,08:23:49.876,2457153.84988,10.0,1.27,V,K,1040,1590,1960,usbdrivescrapelog_ScoX-1.csv,/USB3/archive/20150501ThruEnd/20150510/ccd/processed/rccd150510.0170.fits,,Data scrape,NOAO-15A-0005,/USB3/archive/20150501ThruEnd/20150510/ccd/processed/rccd150510.0170.fits,ScoX-1,True,optical
rccd150510.0152.fits,Sco X-1,16:19:55.03,-15:38:26.4,2015-05-11,08:01:59.786,2457153.83472,10.0,1.2,V,K,1060,1570,1960,usbdrivescrapelog_ScoX-1.csv,/USB3/archive/20150501ThruEnd/20150510/ccd/processed/rccd150510.0152.fits,,Data scrape,NOAO-15A-0005,/USB3/archive/20150501ThruEnd/20150510/ccd/processed/rccd150510.0152.fits,ScoX-1,True,optical
rccd150510.0039.fits,Sco X-1,16:19:55.05,-15:38:25.0,2015-05-11,01:48:53.796,2457153.57562,10.0,1.82,V,K,1060,1570,1960,usbdrivescrapelog_ScoX-1.csv,/USB3/archive/20150501ThruEnd/20150510/ccd/processed/rccd150510.0039.fits,,Data scrape,NOAO-15A-0005,/USB3/archive/20150501ThruEnd/20150510/ccd/processed/rccd150510.0039.fits,ScoX-1,True,optical
rccd150510.0123.fits,Sco X-1,16:19:55.32,-15:38:24.5,2015-05-11,06:54:31.231,2457153.78786,10.0,1.07,V,K,1040,1590,1960,usbdrivescrapelog_ScoX-1.csv,/USB3/archive/20150501ThruEnd/20150510/ccd/processed/rccd150510.0123.fits,,Data scrape,NOAO-15A-0005,/USB3/archive/20150501ThruEnd/20150510/ccd/processed/rccd150510.0123.fits,ScoX-1,True,optical
rccd150510.0117.fits,Sco X-1,16:19:55.12,-15:38:24.9,2015-05-11,06:48:45.625,2457153.78386,10.0,1.06,V,K,1020,1590,1980,usbdrivescrapelog_ScoX-1.csv,/USB3/archive/20150501ThruEnd/20150510/ccd/processed/rccd150510.0117.fits,,Data scrape,NOAO-15A-0005,/USB3/archive/20150501ThruEnd/20150510/ccd/processed/rccd150510.0117.fits,ScoX-1,True,optical
rccd150510.0075.fits,Sco X-1,16:19:55.01,-15:38:25.5,2015-05-11,04:50:54.315,2457153.70201,10.0,1.06,V,K,1040,1590,1960,usbdrivescrapelog_ScoX-1.csv,/USB3/archive/20150501ThruEnd/20150510/ccd/processed/rccd150510.0075.fits,,Data scrape,NOAO-15A-0005,/USB3/archive/20150501ThruEnd/20150510/ccd/processed/rccd150510.0075.fits,ScoX-1,True,optical
rccd150510.0106.fits,Sco X-1,16:19:55.11,-15:38:26.6,2015-05-11,06:10:55.809,2457153.75759,10.0,1.04,V,K,1040,1590,1960,usbdrivescrapelog_ScoX-1.csv,/USB3/archive/20150501ThruEnd/20150510/ccd/processed/rccd150510.0106.fits,,Data scrape,NOAO-15A-0005,/USB3/archive/20150501ThruEnd/20150510/ccd/processed/rccd150510.0106.fits,ScoX-1,True,optical
rccd150510.0053.fits,Sco X-1,16:19:54.92,-15:38:24.5,2015-05-11,02:44:09.961,2457153.614,10.0,1.41,V,K,1040,1610,1940,usbdrivescrapelog_ScoX-1.csv,/USB3/archive/20150501ThruEnd/20150510/ccd/processed/rccd150510.0053.fits,,Data scrape,NOAO-15A-0005,/USB3/archive/20150501ThruEnd/20150510/ccd/processed/rccd150510.0053.fits,ScoX-1,True,optical
rccd150510.0038.fits,Sco X-1,16:19:55.04,-15:38:25.1,2015-05-11,01:47:56.057,2457153.57495,10.0,1.83,V,K,1020,1590,1980,usbdrivescrapelog_ScoX-1.csv,/USB3/archive/20150501ThruEnd/20150510/ccd/processed/rccd150510.0038.fits,,Data scrape,NOAO-15A-0005,/USB3/archive/20150501ThruEnd/20150510/ccd/processed/rccd150510.0038.fits,ScoX-1,True,optical
rccd150510.0151.fits,Sco X-1,16:19:55.00,-15:38:26.2,2015-05-11,08:01:02.373,2457153.83405,10.0,1.2,V,K,1020,1590,1980,usbdrivescrapelog_ScoX-1.csv,/USB3/archive/20150501ThruEnd/20150510/ccd/processed/rccd150510.0151.fits,,Data scrape,NOAO-15A-0005,/USB3/archive/20150501ThruEnd/20150510/ccd/processed/rccd150510.0151.fits,ScoX-1,True,optical
rccd150510.0037.fits,Sco X-1,16:19:54.97,-15:38:25.3,2015-05-11,01:46:58.270,2457153.57428,10.0,1.84,V,K,1020,1590,1980,usbdrivescrapelog_ScoX-1.csv,/USB3/archive/20150501ThruEnd/20150510/ccd/processed/rccd150510.0037.fits,,Data scrape,NOAO-15A-0005,/USB3/archive/20150501ThruEnd/20150510/ccd/processed/rccd150510.0037.fits,ScoX-1,True,optical
rccd150510.0164.fits,Sco X-1,16:19:55.05,-15:38:25.3,2015-05-11,08:18:03.668,2457153.84587,10.0,1.25,V,K,1040,1610,1940,usbdrivescrapelog_ScoX-1.csv,/USB3/archive/20150501ThruEnd/20150510/ccd/processed/rccd150510.0164.fits,,Data scrape,NOAO-15A-0005,/USB3/archive/20150501ThruEnd/20150510/ccd/processed/rccd150510.0164.fits,ScoX-1,True,optical
rccd150510.0061.fits,Sco X-1,16:19:54.73,-15:38:24.4,2015-05-11,02:51:50.908,2457153.61933,10.0,1.37,V,K,1040,1590,1960,usbdrivescrapelog_ScoX-1.csv,/USB3/archive/20150501ThruEnd/20150510/ccd/processed/rccd150510.0061.fits,,Data scrape,NOAO-15A-0005,/USB3/archive/20150501ThruEnd/20150510/ccd/processed/rccd150510.0061.fits,ScoX-1,True,optical
rccd150510.0165.fits,Sco X-1,16:19:55.07,-15:38:25.5,2015-05-11,08:19:01.599,2457153.84654,10.0,1.26,V,K,1020,1590,1980,usbdrivescrapelog_ScoX-1.csv,/USB3/archive/20150501ThruEnd/20150510/ccd/processed/rccd150510.0165.fits,,Data scrape,NOAO-15A-0005,/USB3/archive/20150501ThruEnd/20150510/ccd/processed/rccd150510.0165.fits,ScoX-1,True,optical
rccd150510.0150.fits,Sco X-1,16:19:55.04,-15:38:25.9,2015-05-11,08:00:05.116,2457153.83339,10.0,1.2,V,K,1020,1590,1980,usbdrivescrapelog_ScoX-1.csv,/USB3/archive/20150501ThruEnd/20150510/ccd/processed/rccd150510.0150.fits,,Data scrape,NOAO-15A-0005,/USB3/archive/20150501ThruEnd/20150510/ccd/processed/rccd150510.0150.fits,ScoX-1,True,optical
rccd150510.0137.fits,Sco X-1,16:19:55.05,-15:38:25.0,2015-05-11,07:12:25.901,2457153.8003,10.0,1.09,V,K,1040,1590,1960,usbdrivescrapelog_ScoX-1.csv,/USB3/archive/20150501ThruEnd/20150510/ccd/processed/rccd150510.0137.fits,,Data scrape,NOAO-15A-0005,/USB3/archive/20150501ThruEnd/20150510/ccd/processed/rccd150510.0137.fits,ScoX-1,True,optical
rccd150510.0168.fits,Sco X-1,16:19:55.08,-15:38:25.8,2015-05-11,08:21:54.182,2457153.84854,10.0,1.27,V,K,1040,1570,1980,usbdrivescrapelog_ScoX-1.csv,/USB3/archive/20150501ThruEnd/20150510/ccd/processed/rccd150510.0168.fits,,Data scrape,NOAO-15A-0005,/USB3/archive/20150501ThruEnd/20150510/ccd/processed/rccd150510.0168.fits,ScoX-1,True,optical
rccd150510.0128.fits,Sco X-1,16:19:54.99,-15:38:24.9,2015-05-11,07:03:46.443,2457153.79428,10.0,1.08,V,K,1040,1590,1960,usbdrivescrapelog_ScoX-1.csv,/USB3/archive/20150501ThruEnd/20150510/ccd/processed/rccd150510.0128.fits,,Data scrape,NOAO-15A-0005,/USB3/archive/20150501ThruEnd/20150510/ccd/processed/rccd150510.0128.fits,ScoX-1,True,optical
rccd150510.0098.fits,Sco X-1,16:19:55.00,-15:38:25.7,2015-05-11,06:03:14.716,2457153.75225,10.0,1.03,V,K,1040,1610,1940,usbdrivescrapelog_ScoX-1.csv,/USB3/archive/20150501ThruEnd/20150510/ccd/processed/rccd150510.0098.fits,,Data scrape,NOAO-15A-0005,/USB3/archive/20150501ThruEnd/20150510/ccd/processed/rccd150510.0098.fits,ScoX-1,True,optical
rccd150510.0034.fits,Sco X-1,16:19:54.98,-15:38:24.9,2015-05-11,01:44:06.033,2457153.57229,10.0,1.87,V,K,1040,1590,1960,usbdrivescrapelog_ScoX-1.csv,/USB3/archive/20150501ThruEnd/20150510/ccd/processed/rccd150510.0034.fits,,Data scrape,NOAO-15A-0005,/USB3/archive/20150501ThruEnd/20150510/ccd/processed/rccd150510.0034.fits,ScoX-1,True,optical
rccd150510.0036.fits,Sco X-1,16:19:54.98,-15:38:25.2,2015-05-11,01:46:00.748,2457153.57362,10.0,1.85,V,K,1040,1610,1940,usbdrivescrapelog_ScoX-1.csv,/USB3/archive/20150501ThruEnd/20150510/ccd/processed/rccd150510.0036.fits,,Data scrape,NOAO-15A-0005,/USB3/archive/20150501ThruEnd/20150510/ccd/processed/rccd150510.0036.fits,ScoX-1,True,optical
rccd150510.0129.fits,Sco X-1,16:19:55.01,-15:38:24.8,2015-05-11,07:04:44.425,2457153.79496,10.0,1.08,V,K,1040,1590,1960,usbdrivescrapelog_ScoX-1.csv,/USB3/archive/20150501ThruEnd/20150510/ccd/processed/rccd150510.0129.fits,,Data scrape,NOAO-15A-0005,/USB3/archive/20150501ThruEnd/20150510/ccd/processed/rccd150510.0129.fits,ScoX-1,True,optical
rccd150510.0040.fits,Sco X-1,16:19:55.10,-15:38:24.8,2015-05-11,01:49:51.566,2457153.57629,10.0,1.81,V,K,1040,1570,1980,usbdrivescrapelog_ScoX-1.csv,/USB3/archive/20150501ThruEnd/20150510/ccd/processed/rccd150510.0040.fits,,Data scrape,NOAO-15A-0005,/USB3/archive/20150501ThruEnd/20150510/ccd/processed/rccd150510.0040.fits,ScoX-1,True,optical
rccd150510.0096.fits,Sco X-1,16:19:54.98,-15:38:25.3,2015-05-11,06:01:19.114,2457153.75091,10.0,1.03,V,K,1040,1590,1960,usbdrivescrapelog_ScoX-1.csv,/USB3/archive/20150501ThruEnd/20150510/ccd/processed/rccd150510.0096.fits,,Data scrape,NOAO-15A-0005,/USB3/archive/20150501ThruEnd/20150510/ccd/processed/rccd150510.0096.fits,ScoX-1,True,optical
rccd150510.0121.fits,Sco X-1,16:19:55.26,-15:38:24.4,2015-05-11,06:52:35.843,2457153.78652,10.0,1.07,V,K,1040,1590,1960,usbdrivescrapelog_ScoX-1.csv,/USB3/archive/20150501ThruEnd/20150510/ccd/processed/rccd150510.0121.fits,,Data scrape,NOAO-15A-0005,/USB3/archive/20150501ThruEnd/20150510/ccd/processed/rccd150510.0121.fits,ScoX-1,True,optical
rccd150510.0083.fits,Sco X-1,16:19:55.14,-15:38:26.7,2015-05-11,04:58:35.370,2457153.70735,10.0,1.06,V,K,1040,1590,1960,usbdrivescrapelog_ScoX-1.csv,/USB3/archive/20150501ThruEnd/20150510/ccd/processed/rccd150510.0083.fits,,Data scrape,NOAO-15A-0005,/USB3/archive/20150501ThruEnd/20150510/ccd/processed/rccd150510.0083.fits,ScoX-1,True,optical
rccd150511.0110.fits,Sco X-1,16:19:54.97,-15:38:24.1,2015-05-12,05:14:50.346,2457154.71864,10.0,1.04,V,K,1040,1570,1980,usbdrivescrapelog_ScoX-1.csv,/USB3/archive/20150501ThruEnd/20150511/ccd/processed/rccd150511.0110.fits,,Data scrape,NOAO-15A-0005,/USB3/archive/20150501ThruEnd/20150511/ccd/processed/rccd150511.0110.fits,ScoX-1,True,optical
rccd150511.0186.fits,Sco X-1,16:19:55.09,-15:38:26.0,2015-05-12,08:40:23.222,2457154.86139,10.0,1.36,V,K,1060,1570,1960,usbdrivescrapelog_ScoX-1.csv,/USB3/archive/20150501ThruEnd/20150511/ccd/processed/rccd150511.0186.fits,,Data scrape,NOAO-15A-0005,/USB3/archive/20150501ThruEnd/20150511/ccd/processed/rccd150511.0186.fits,ScoX-1,True,optical
rccd150509.0051.fits,Sco X-1,16:19:54.96,-15:38:25.3,2015-05-10,01:49:40.911,2457152.57616,10.0,1.85,V,K,1040,1590,1960,usbdrivescrapelog_ScoX-1.csv,/USB3/archive/20150501ThruEnd/20150509/ccd/processed/rccd150509.0051.fits,,Data scrape,NOAO-15A-0005,/USB3/archive/20150501ThruEnd/20150509/ccd/processed/rccd150509.0051.fits,ScoX-1,True,optical
rccd150509.0156.fits,Sco X-1,16:19:54.96,-15:38:25.1,2015-05-10,04:30:10.137,2457152.68761,10.0,1.09,V,K,1040,1590,1960,usbdrivescrapelog_ScoX-1.csv,/USB3/archive/20150501ThruEnd/20150509/ccd/processed/rccd150509.0156.fits,,Data scrape,NOAO-15A-0005,/USB3/archive/20150501ThruEnd/20150509/ccd/processed/rccd150509.0156.fits,ScoX-1,True,optical
rccd150509.0048.fits,Sco X-1,16:19:54.94,-15:38:25.3,2015-05-10,01:46:48.099,2457152.57416,10.0,1.89,V,K,1040,1570,1980,usbdrivescrapelog_ScoX-1.csv,/USB3/archive/20150501ThruEnd/20150509/ccd/processed/rccd150509.0048.fits,,Data scrape,NOAO-15A-0005,/USB3/archive/20150501ThruEnd/20150509/ccd/processed/rccd150509.0048.fits,ScoX-1,True,optical
rccd150509.0109.fits,Sco X-1,16:19:54.97,-15:38:25.0,2015-05-10,03:44:41.067,2457152.65603,10.0,1.19,V,K,1060,1570,1960,usbdrivescrapelog_ScoX-1.csv,/USB3/archive/20150501ThruEnd/20150509/ccd/processed/rccd150509.0109.fits,,Data scrape,NOAO-15A-0005,/USB3/archive/20150501ThruEnd/20150509/ccd/processed/rccd150509.0109.fits,ScoX-1,True,optical
rccd150509.0155.fits,Sco X-1,16:19:54.98,-15:38:25.2,2015-05-10,04:29:12.615,2457152.68695,10.0,1.1,V,K,1040,1570,1980,usbdrivescrapelog_ScoX-1.csv,/USB3/archive/20150501ThruEnd/20150509/ccd/processed/rccd150509.0155.fits,,Data scrape,NOAO-15A-0005,/USB3/archive/20150501ThruEnd/20150509/ccd/processed/rccd150509.0155.fits,ScoX-1,True,optical
rccd150509.0044.fits,Sco X-1,16:19:54.96,-15:38:24.5,2015-05-10,01:42:58.103,2457152.5715,10.0,1.93,V,K,1020,1590,1980,usbdrivescrapelog_ScoX-1.csv,/USB3/archive/20150501ThruEnd/20150509/ccd/processed/rccd150509.0044.fits,,Data scrape,NOAO-15A-0005,/USB3/archive/20150501ThruEnd/20150509/ccd/processed/rccd150509.0044.fits,ScoX-1,True,optical
rccd150509.0142.fits,Sco X-1,16:19:54.95,-15:38:25.1,2015-05-10,04:16:37.449,2457152.67821,10.0,1.12,V,K,1060,1570,1960,usbdrivescrapelog_ScoX-1.csv,/USB3/archive/20150501ThruEnd/20150509/ccd/processed/rccd150509.0142.fits,,Data scrape,NOAO-15A-0005,/USB3/archive/20150501ThruEnd/20150509/ccd/processed/rccd150509.0142.fits,ScoX-1,True,optical
rccd150509.0068.fits,Sco X-1,16:19:54.91,-15:38:25.4,2015-05-10,02:06:08.048,2457152.58759,10.0,1.69,V,K,1060,1570,1960,usbdrivescrapelog_ScoX-1.csv,/USB3/archive/20150501ThruEnd/20150509/ccd/processed/rccd150509.0068.fits,,Data scrape,NOAO-15A-0005,/USB3/archive/20150501ThruEnd/20150509/ccd/processed/rccd150509.0068.fits,ScoX-1,True,optical
rccd150509.0122.fits,Sco X-1,16:19:54.98,-15:38:25.0,2015-05-10,03:57:14.667,2457152.66475,10.0,1.16,V,K,1040,1570,1980,usbdrivescrapelog_ScoX-1.csv,/USB3/archive/20150501ThruEnd/20150509/ccd/processed/rccd150509.0122.fits,,Data scrape,NOAO-15A-0005,/USB3/archive/20150501ThruEnd/20150509/ccd/processed/rccd150509.0122.fits,ScoX-1,True,optical
rccd150509.0127.fits,Sco X-1,16:19:54.97,-15:38:25.1,2015-05-10,04:02:06.809,2457152.66813,10.0,1.15,V,K,1040,1590,1960,usbdrivescrapelog_ScoX-1.csv,/USB3/archive/20150501ThruEnd/20150509/ccd/processed/rccd150509.0127.fits,,Data scrape,NOAO-15A-0005,/USB3/archive/20150501ThruEnd/20150509/ccd/processed/rccd150509.0127.fits,ScoX-1,True,optical
rccd150509.0137.fits,Sco X-1,16:19:54.94,-15:38:25.0,2015-05-10,04:11:48.770,2457152.67487,10.0,1.13,V,K,1040,1590,1960,usbdrivescrapelog_ScoX-1.csv,/USB3/archive/20150501ThruEnd/20150509/ccd/processed/rccd150509.0137.fits,,Data scrape,NOAO-15A-0005,/USB3/archive/20150501ThruEnd/20150509/ccd/processed/rccd150509.0137.fits,ScoX-1,True,optical
rccd150509.0060.fits,Sco X-1,16:19:54.95,-15:38:25.2,2015-05-10,01:58:23.173,2457152.58221,10.0,1.76,V,K,1040,1590,1960,usbdrivescrapelog_ScoX-1.csv,/USB3/archive/20150501ThruEnd/20150509/ccd/processed/rccd150509.0060.fits,,Data scrape,NOAO-15A-0005,/USB3/archive/20150501ThruEnd/20150509/ccd/processed/rccd150509.0060.fits,ScoX-1,True,optical
rccd150509.0239.fits,Sco X-1,16:19:55.17,-15:38:26.9,2015-05-10,08:15:02.588,2457152.84378,10.0,1.23,V,K,1040,1590,1960,usbdrivescrapelog_ScoX-1.csv,/USB3/archive/20150501ThruEnd/20150509/ccd/processed/rccd150509.0239.fits,,Data scrape,NOAO-15A-0005,/USB3/archive/20150501ThruEnd/20150509/ccd/processed/rccd150509.0239.fits,ScoX-1,True,optical
rccd150509.0130.fits,Sco X-1,16:19:54.99,-15:38:25.1,2015-05-10,04:04:59.659,2457152.67013,10.0,1.14,V,K,1020,1590,1980,usbdrivescrapelog_ScoX-1.csv,/USB3/archive/20150501ThruEnd/20150509/ccd/processed/rccd150509.0130.fits,,Data scrape,NOAO-15A-0005,/USB3/archive/20150501ThruEnd/20150509/ccd/processed/rccd150509.0130.fits,ScoX-1,True,optical
rccd150509.0133.fits,Sco X-1,16:19:54.97,-15:38:24.9,2015-05-10,04:07:53.401,2457152.67214,10.0,1.13,V,K,1040,1570,1980,usbdrivescrapelog_ScoX-1.csv,/USB3/archive/20150501ThruEnd/20150509/ccd/processed/rccd150509.0133.fits,,Data scrape,NOAO-15A-0005,/USB3/archive/20150501ThruEnd/20150509/ccd/processed/rccd150509.0133.fits,ScoX-1,True,optical
rccd150509.0038.fits,Sco X-1,16:19:55.01,-15:38:25.2,2015-05-10,01:29:55.904,2457152.56245,10.0,2.1,V,K,1040,1590,1960,usbdrivescrapelog_ScoX-1.csv,/USB3/archive/20150501ThruEnd/20150509/ccd/processed/rccd150509.0038.fits,,Data scrape,NOAO-15A-0005,/USB3/archive/20150501ThruEnd/20150509/ccd/processed/rccd150509.0038.fits,ScoX-1,True,optical
rccd150509.0136.fits,Sco X-1,16:19:54.97,-15:38:25.1,2015-05-10,04:10:46.674,2457152.67415,10.0,1.13,V,K,1040,1590,1960,usbdrivescrapelog_ScoX-1.csv,/USB3/archive/20150501ThruEnd/20150509/ccd/processed/rccd150509.0136.fits,,Data scrape,NOAO-15A-0005,/USB3/archive/20150501ThruEnd/20150509/ccd/processed/rccd150509.0136.fits,ScoX-1,True,optical
rccd150509.0126.fits,Sco X-1,16:19:54.98,-15:38:25.0,2015-05-10,04:01:09.237,2457152.66746,10.0,1.15,V,K,1040,1590,1960,usbdrivescrapelog_ScoX-1.csv,/USB3/archive/20150501ThruEnd/20150509/ccd/processed/rccd150509.0126.fits,,Data scrape,NOAO-15A-0005,/USB3/archive/20150501ThruEnd/20150509/ccd/processed/rccd150509.0126.fits,ScoX-1,True,optical
rccd150509.0152.fits,Sco X-1,16:19:54.94,-15:38:25.1,2015-05-10,04:26:19.189,2457152.68494,10.0,1.1,V,K,1020,1590,1980,usbdrivescrapelog_ScoX-1.csv,/USB3/archive/20150501ThruEnd/20150509/ccd/processed/rccd150509.0152.fits,,Data scrape,NOAO-15A-0005,/USB3/archive/20150501ThruEnd/20150509/ccd/processed/rccd150509.0152.fits,ScoX-1,True,optical
rccd150509.0168.fits,Sco X-1,16:19:55.00,-15:38:25.0,2015-05-10,05:10:47.137,2457152.71582,10.0,1.05,V,K,1040,1590,1960,usbdrivescrapelog_ScoX-1.csv,/USB3/archive/20150501ThruEnd/20150509/ccd/processed/rccd150509.0168.fits,,Data scrape,NOAO-15A-0005,/USB3/archive/20150501ThruEnd/20150509/ccd/processed/rccd150509.0168.fits,ScoX-1,True,optical
rccd150509.0117.fits,Sco X-1,16:19:54.98,-15:38:25.0,2015-05-10,03:52:26.179,2457152.66141,10.0,1.17,V,K,1040,1610,1940,usbdrivescrapelog_ScoX-1.csv,/USB3/archive/20150501ThruEnd/20150509/ccd/processed/rccd150509.0117.fits,,Data scrape,NOAO-15A-0005,/USB3/archive/20150501ThruEnd/20150509/ccd/processed/rccd150509.0117.fits,ScoX-1,True,optical
rccd150509.0113.fits,Sco X-1,16:19:54.98,-15:38:25.0,2015-05-10,03:48:31.755,2457152.6587,10.0,1.18,V,K,1040,1590,1960,usbdrivescrapelog_ScoX-1.csv,/USB3/archive/20150501ThruEnd/20150509/ccd/processed/rccd150509.0113.fits,,Data scrape,NOAO-15A-0005,/USB3/archive/20150501ThruEnd/20150509/ccd/processed/rccd150509.0113.fits,ScoX-1,True,optical
rccd150509.0147.fits,Sco X-1,16:19:54.96,-15:38:25.1,2015-05-10,04:21:26.111,2457152.68155,10.0,1.11,V,K,1040,1590,1960,usbdrivescrapelog_ScoX-1.csv,/USB3/archive/20150501ThruEnd/20150509/ccd/processed/rccd150509.0147.fits,,Data scrape,NOAO-15A-0005,/USB3/archive/20150501ThruEnd/20150509/ccd/processed/rccd150509.0147.fits,ScoX-1,True,optical
rccd150509.0062.fits,Sco X-1,16:19:54.94,-15:38:25.4,2015-05-10,02:00:18.259,2457152.58354,10.0,1.75,V,K,1040,1590,1960,usbdrivescrapelog_ScoX-1.csv,/USB3/archive/20150501ThruEnd/20150509/ccd/processed/rccd150509.0062.fits,,Data scrape,NOAO-15A-0005,/USB3/archive/20150501ThruEnd/20150509/ccd/processed/rccd150509.0062.fits,ScoX-1,True,optical
rccd150509.0139.fits,Sco X-1,16:19:54.99,-15:38:25.1,2015-05-10,04:13:44.009,2457152.6762,10.0,1.12,V,K,1040,1610,1940,usbdrivescrapelog_ScoX-1.csv,/USB3/archive/20150501ThruEnd/20150509/ccd/processed/rccd150509.0139.fits,,Data scrape,NOAO-15A-0005,/USB3/archive/20150501ThruEnd/20150509/ccd/processed/rccd150509.0139.fits,ScoX-1,True,optical
rccd150509.0187.fits,Sco X-1,16:19:55.01,-15:38:25.9,2015-05-10,06:11:06.345,2457152.75771,10.0,1.04,V,K,1020,1590,1980,usbdrivescrapelog_ScoX-1.csv,/USB3/archive/20150501ThruEnd/20150509/ccd/processed/rccd150509.0187.fits,,Data scrape,NOAO-15A-0005,/USB3/archive/20150501ThruEnd/20150509/ccd/processed/rccd150509.0187.fits,ScoX-1,True,optical
rccd150509.0176.fits,Sco X-1,16:19:54.97,-15:38:25.2,2015-05-10,05:18:27.216,2457152.72114,10.0,1.04,V,K,1040,1590,1960,usbdrivescrapelog_ScoX-1.csv,/USB3/archive/20150501ThruEnd/20150509/ccd/processed/rccd150509.0176.fits,,Data scrape,NOAO-15A-0005,/USB3/archive/20150501ThruEnd/20150509/ccd/processed/rccd150509.0176.fits,ScoX-1,True,optical
rccd150509.0190.fits,Sco X-1,16:19:55.05,-15:38:26.7,2015-05-10,06:13:59.679,2457152.75972,10.0,1.04,V,K,1040,1570,1980,usbdrivescrapelog_ScoX-1.csv,/USB3/archive/20150501ThruEnd/20150509/ccd/processed/rccd150509.0190.fits,,Data scrape,NOAO-15A-0005,/USB3/archive/20150501ThruEnd/20150509/ccd/processed/rccd150509.0190.fits,ScoX-1,True,optical
rccd150509.0194.fits,Sco X-1,16:19:55.12,-15:38:27.7,2015-05-10,06:17:49.750,2457152.76238,10.0,1.04,V,K,1040,1590,1960,usbdrivescrapelog_ScoX-1.csv,/USB3/archive/20150501ThruEnd/20150509/ccd/processed/rccd150509.0194.fits,,Data scrape,NOAO-15A-0005,/USB3/archive/20150501ThruEnd/20150509/ccd/processed/rccd150509.0194.fits,ScoX-1,True,optical
rccd150509.0138.fits,Sco X-1,16:19:54.95,-15:38:25.0,2015-05-10,04:12:46.402,2457152.67553,10.0,1.12,V,K,1040,1590,1960,usbdrivescrapelog_ScoX-1.csv,/USB3/archive/20150501ThruEnd/20150509/ccd/processed/rccd150509.0138.fits,,Data scrape,NOAO-15A-0005,/USB3/archive/20150501ThruEnd/20150509/ccd/processed/rccd150509.0138.fits,ScoX-1,True,optical
rccd150509.0112.fits,Sco X-1,16:19:54.98,-15:38:25.0,2015-05-10,03:47:33.957,2457152.65803,10.0,1.18,V,K,1040,1590,1960,usbdrivescrapelog_ScoX-1.csv,/USB3/archive/20150501ThruEnd/20150509/ccd/processed/rccd150509.0112.fits,,Data scrape,NOAO-15A-0005,/USB3/archive/20150501ThruEnd/20150509/ccd/processed/rccd150509.0112.fits,ScoX-1,True,optical
rccd150509.0185.fits,Sco X-1,16:19:54.98,-15:38:25.3,2015-05-10,06:09:11.393,2457152.75638,10.0,1.04,V,K,1040,1590,1960,usbdrivescrapelog_ScoX-1.csv,/USB3/archive/20150501ThruEnd/20150509/ccd/processed/rccd150509.0185.fits,,Data scrape,NOAO-15A-0005,/USB3/archive/20150501ThruEnd/20150509/ccd/processed/rccd150509.0185.fits,ScoX-1,True,optical
rccd150509.0158.fits,Sco X-1,16:19:54.95,-15:38:25.1,2015-05-10,04:32:05.673,2457152.68895,10.0,1.09,V,K,1040,1590,1960,usbdrivescrapelog_ScoX-1.csv,/USB3/archive/20150501ThruEnd/20150509/ccd/processed/rccd150509.0158.fits,,Data scrape,NOAO-15A-0005,/USB3/archive/20150501ThruEnd/20150509/ccd/processed/rccd150509.0158.fits,ScoX-1,True,optical
rccd150509.0233.fits,Sco X-1,16:19:55.07,-15:38:25.7,2015-05-10,08:09:16.805,2457152.83977,10.0,1.21,V,K,1040,1610,1940,usbdrivescrapelog_ScoX-1.csv,/USB3/archive/20150501ThruEnd/20150509/ccd/processed/rccd150509.0233.fits,,Data scrape,NOAO-15A-0005,/USB3/archive/20150501ThruEnd/20150509/ccd/processed/rccd150509.0233.fits,ScoX-1,True,optical
rccd150509.0121.fits,Sco X-1,16:19:54.97,-15:38:25.0,2015-05-10,03:56:17.032,2457152.66408,10.0,1.16,V,K,1040,1570,1980,usbdrivescrapelog_ScoX-1.csv,/USB3/archive/20150501ThruEnd/20150509/ccd/processed/rccd150509.0121.fits,,Data scrape,NOAO-15A-0005,/USB3/archive/20150501ThruEnd/20150509/ccd/processed/rccd150509.0121.fits,ScoX-1,True,optical
rccd150509.0108.fits,Sco X-1,16:19:54.98,-15:38:25.0,2015-05-10,03:43:43.196,2457152.65536,10.0,1.19,V,K,1020,1590,1980,usbdrivescrapelog_ScoX-1.csv,/USB3/archive/20150501ThruEnd/20150509/ccd/processed/rccd150509.0108.fits,,Data scrape,NOAO-15A-0005,/USB3/archive/20150501ThruEnd/20150509/ccd/processed/rccd150509.0108.fits,ScoX-1,True,optical
rccd150509.0209.fits,Sco X-1,16:19:55.02,-15:38:25.1,2015-05-10,07:20:02.046,2457152.80558,10.0,1.1,V,K,1040,1590,1960,usbdrivescrapelog_ScoX-1.csv,/USB3/archive/20150501ThruEnd/20150509/ccd/processed/rccd150509.0209.fits,,Data scrape,NOAO-15A-0005,/USB3/archive/20150501ThruEnd/20150509/ccd/processed/rccd150509.0209.fits,ScoX-1,True,optical
rccd150509.0134.fits,Sco X-1,16:19:54.97,-15:38:25.0,2015-05-10,04:08:51.055,2457152.67281,10.0,1.13,V,K,1040,1590,1960,usbdrivescrapelog_ScoX-1.csv,/USB3/archive/20150501ThruEnd/20150509/ccd/processed/rccd150509.0134.fits,,Data scrape,NOAO-15A-0005,/USB3/archive/20150501ThruEnd/20150509/ccd/processed/rccd150509.0134.fits,ScoX-1,True,optical
rccd150509.0232.fits,Sco X-1,16:19:55.03,-15:38:25.3,2015-05-10,08:08:19.317,2457152.83911,10.0,1.21,V,K,1040,1590,1960,usbdrivescrapelog_ScoX-1.csv,/USB3/archive/20150501ThruEnd/20150509/ccd/processed/rccd150509.0232.fits,,Data scrape,NOAO-15A-0005,/USB3/archive/20150501ThruEnd/20150509/ccd/processed/rccd150509.0232.fits,ScoX-1,True,optical
rccd150509.0208.fits,Sco X-1,16:19:55.01,-15:38:24.9,2015-05-10,07:19:04.648,2457152.80491,10.0,1.1,V,K,1040,1590,1960,usbdrivescrapelog_ScoX-1.csv,/USB3/archive/20150501ThruEnd/20150509/ccd/processed/rccd150509.0208.fits,,Data scrape,NOAO-15A-0005,/USB3/archive/20150501ThruEnd/20150509/ccd/processed/rccd150509.0208.fits,ScoX-1,True,optical
rccd150509.0175.fits,Sco X-1,16:19:54.96,-15:38:25.5,2015-05-10,05:17:29.835,2457152.72048,10.0,1.04,V,K,1040,1570,1980,usbdrivescrapelog_ScoX-1.csv,/USB3/archive/20150501ThruEnd/20150509/ccd/processed/rccd150509.0175.fits,,Data scrape,NOAO-15A-0005,/USB3/archive/20150501ThruEnd/20150509/ccd/processed/rccd150509.0175.fits,ScoX-1,True,optical
rccd150509.0120.fits,Sco X-1,16:19:54.99,-15:38:25.0,2015-05-10,03:55:19.194,2457152.66341,10.0,1.16,V,K,1060,1570,1960,usbdrivescrapelog_ScoX-1.csv,/USB3/archive/20150501ThruEnd/20150509/ccd/processed/rccd150509.0120.fits,,Data scrape,NOAO-15A-0005,/USB3/archive/20150501ThruEnd/20150509/ccd/processed/rccd150509.0120.fits,ScoX-1,True,optical
rccd150509.0111.fits,Sco X-1,16:19:54.98,-15:38:25.0,2015-05-10,03:46:36.461,2457152.65736,10.0,1.19,V,K,1040,1570,1980,usbdrivescrapelog_ScoX-1.csv,/USB3/archive/20150501ThruEnd/20150509/ccd/processed/rccd150509.0111.fits,,Data scrape,NOAO-15A-0005,/USB3/archive/20150501ThruEnd/20150509/ccd/processed/rccd150509.0111.fits,ScoX-1,True,optical
rccd150509.0050.fits,Sco X-1,16:19:54.96,-15:38:25.2,2015-05-10,01:48:43.284,2457152.5755,10.0,1.86,V,K,1040,1590,1960,usbdrivescrapelog_ScoX-1.csv,/USB3/archive/20150501ThruEnd/20150509/ccd/processed/rccd150509.0050.fits,,Data scrape,NOAO-15A-0005,/USB3/archive/20150501ThruEnd/20150509/ccd/processed/rccd150509.0050.fits,ScoX-1,True,optical
rccd150509.0143.fits,Sco X-1,16:19:54.95,-15:38:25.1,2015-05-10,04:17:35.354,2457152.67888,10.0,1.12,V,K,1040,1570,1980,usbdrivescrapelog_ScoX-1.csv,/USB3/archive/20150501ThruEnd/20150509/ccd/processed/rccd150509.0143.fits,,Data scrape,NOAO-15A-0005,/USB3/archive/20150501ThruEnd/20150509/ccd/processed/rccd150509.0143.fits,ScoX-1,True,optical
rccd150509.0105.fits,Sco X-1,16:19:54.98,-15:38:25.0,2015-05-10,03:40:50.371,2457152.65336,10.0,1.2,V,K,1040,1590,1960,usbdrivescrapelog_ScoX-1.csv,/USB3/archive/20150501ThruEnd/20150509/ccd/processed/rccd150509.0105.fits,,Data scrape,NOAO-15A-0005,/USB3/archive/20150501ThruEnd/20150509/ccd/processed/rccd150509.0105.fits,ScoX-1,True,optical
rccd150509.0129.fits,Sco X-1,16:19:54.96,-15:38:25.1,2015-05-10,04:04:01.822,2457152.66946,10.0,1.14,V,K,1020,1590,1980,usbdrivescrapelog_ScoX-1.csv,/USB3/archive/20150501ThruEnd/20150509/ccd/processed/rccd150509.0129.fits,,Data scrape,NOAO-15A-0005,/USB3/archive/20150501ThruEnd/20150509/ccd/processed/rccd150509.0129.fits,ScoX-1,True,optical
rccd150509.0237.fits,Sco X-1,16:19:55.11,-15:38:26.2,2015-05-10,08:13:07.702,2457152.84245,10.0,1.22,V,K,1040,1570,1980,usbdrivescrapelog_ScoX-1.csv,/USB3/archive/20150501ThruEnd/20150509/ccd/processed/rccd150509.0237.fits,,Data scrape,NOAO-15A-0005,/USB3/archive/20150501ThruEnd/20150509/ccd/processed/rccd150509.0237.fits,ScoX-1,True,optical
rccd150509.0118.fits,Sco X-1,16:19:54.97,-15:38:25.0,2015-05-10,03:53:23.591,2457152.66207,10.0,1.17,V,K,1020,1590,1980,usbdrivescrapelog_ScoX-1.csv,/USB3/archive/20150501ThruEnd/20150509/ccd/processed/rccd150509.0118.fits,,Data scrape,NOAO-15A-0005,/USB3/archive/20150501ThruEnd/20150509/ccd/processed/rccd150509.0118.fits,ScoX-1,True,optical
rccd150509.0114.fits,Sco X-1,16:19:54.98,-15:38:25.0,2015-05-10,03:49:29.220,2457152.65936,10.0,1.18,V,K,1040,1590,1960,usbdrivescrapelog_ScoX-1.csv,/USB3/archive/20150501ThruEnd/20150509/ccd/processed/rccd150509.0114.fits,,Data scrape,NOAO-15A-0005,/USB3/archive/20150501ThruEnd/20150509/ccd/processed/rccd150509.0114.fits,ScoX-1,True,optical
rccd150509.0192.fits,Sco X-1,16:19:55.10,-15:38:27.3,2015-05-10,06:15:54.506,2457152.76104,10.0,1.04,V,K,1040,1590,1960,usbdrivescrapelog_ScoX-1.csv,/USB3/archive/20150501ThruEnd/20150509/ccd/processed/rccd150509.0192.fits,,Data scrape,NOAO-15A-0005,/USB3/archive/20150501ThruEnd/20150509/ccd/processed/rccd150509.0192.fits,ScoX-1,True,optical
rccd150509.0177.fits,Sco X-1,16:19:54.94,-15:38:25.2,2015-05-10,05:19:25.113,2457152.72181,10.0,1.04,V,K,1040,1590,1960,usbdrivescrapelog_ScoX-1.csv,/USB3/archive/20150501ThruEnd/20150509/ccd/processed/rccd150509.0177.fits,,Data scrape,NOAO-15A-0005,/USB3/archive/20150501ThruEnd/20150509/ccd/processed/rccd150509.0177.fits,ScoX-1,True,optical
rccd150509.0123.fits,Sco X-1,16:19:54.97,-15:38:25.0,2015-05-10,03:58:12.209,2457152.66542,10.0,1.16,V,K,1040,1590,1960,usbdrivescrapelog_ScoX-1.csv,/USB3/archive/20150501ThruEnd/20150509/ccd/processed/rccd150509.0123.fits,,Data scrape,NOAO-15A-0005,/USB3/archive/20150501ThruEnd/20150509/ccd/processed/rccd150509.0123.fits,ScoX-1,True,optical
rccd150509.0064.fits,Sco X-1,16:19:54.95,-15:38:25.4,2015-05-10,02:02:17.668,2457152.58492,10.0,1.73,V,K,1040,1590,1960,usbdrivescrapelog_ScoX-1.csv,/USB3/archive/20150501ThruEnd/20150509/ccd/processed/rccd150509.0064.fits,,Data scrape,NOAO-15A-0005,/USB3/archive/20150501ThruEnd/20150509/ccd/processed/rccd150509.0064.fits,ScoX-1,True,optical
rccd150509.0132.fits,Sco X-1,16:19:54.98,-15:38:25.1,2015-05-10,04:06:55.379,2457152.67147,10.0,1.14,V,K,1040,1570,1980,usbdrivescrapelog_ScoX-1.csv,/USB3/archive/20150501ThruEnd/20150509/ccd/processed/rccd150509.0132.fits,,Data scrape,NOAO-15A-0005,/USB3/archive/20150501ThruEnd/20150509/ccd/processed/rccd150509.0132.fits,ScoX-1,True,optical
rccd150509.0203.fits,Sco X-1,16:19:55.01,-15:38:24.6,2015-05-10,07:14:16.804,2457152.80158,10.0,1.09,V,K,1020,1590,1980,usbdrivescrapelog_ScoX-1.csv,/USB3/archive/20150501ThruEnd/20150509/ccd/processed/rccd150509.0203.fits,,Data scrape,NOAO-15A-0005,/USB3/archive/20150501ThruEnd/20150509/ccd/processed/rccd150509.0203.fits,ScoX-1,True,optical
rccd150509.0186.fits,Sco X-1,16:19:55.00,-15:38:25.5,2015-05-10,06:10:08.765,2457152.75704,10.0,1.04,V,K,1040,1610,1940,usbdrivescrapelog_ScoX-1.csv,/USB3/archive/20150501ThruEnd/20150509/ccd/processed/rccd150509.0186.fits,,Data scrape,NOAO-15A-0005,/USB3/archive/20150501ThruEnd/20150509/ccd/processed/rccd150509.0186.fits,ScoX-1,True,optical
rccd150509.0045.fits,Sco X-1,16:19:54.98,-15:38:25.7,2015-05-10,01:43:55.514,2457152.57216,10.0,1.92,V,K,1020,1590,1980,usbdrivescrapelog_ScoX-1.csv,/USB3/archive/20150501ThruEnd/20150509/ccd/processed/rccd150509.0045.fits,,Data scrape,NOAO-15A-0005,/USB3/archive/20150501ThruEnd/20150509/ccd/processed/rccd150509.0045.fits,ScoX-1,True,optical
rccd150509.0170.fits,Sco X-1,16:19:55.03,-15:38:25.2,2015-05-10,05:12:41.802,2457152.71715,10.0,1.05,V,K,1040,1610,1940,usbdrivescrapelog_ScoX-1.csv,/USB3/archive/20150501ThruEnd/20150509/ccd/processed/rccd150509.0170.fits,,Data scrape,NOAO-15A-0005,/USB3/archive/20150501ThruEnd/20150509/ccd/processed/rccd150509.0170.fits,ScoX-1,True,optical
rccd150509.0056.fits,Sco X-1,16:19:54.92,-15:38:25.1,2015-05-10,01:54:33.195,2457152.57955,10.0,1.8,V,K,1020,1590,1980,usbdrivescrapelog_ScoX-1.csv,/USB3/archive/20150501ThruEnd/20150509/ccd/processed/rccd150509.0056.fits,,Data scrape,NOAO-15A-0005,/USB3/archive/20150501ThruEnd/20150509/ccd/processed/rccd150509.0056.fits,ScoX-1,True,optical
rccd150509.0144.fits,Sco X-1,16:19:54.98,-15:38:25.1,2015-05-10,04:18:33.019,2457152.67955,10.0,1.11,V,K,1040,1570,1980,usbdrivescrapelog_ScoX-1.csv,/USB3/archive/20150501ThruEnd/20150509/ccd/processed/rccd150509.0144.fits,,Data scrape,NOAO-15A-0005,/USB3/archive/20150501ThruEnd/20150509/ccd/processed/rccd150509.0144.fits,ScoX-1,True,optical
rccd150509.0110.fits,Sco X-1,16:19:54.98,-15:38:25.0,2015-05-10,03:45:38.889,2457152.6567,10.0,1.19,V,K,1040,1570,1980,usbdrivescrapelog_ScoX-1.csv,/USB3/archive/20150501ThruEnd/20150509/ccd/processed/rccd150509.0110.fits,,Data scrape,NOAO-15A-0005,/USB3/archive/20150501ThruEnd/20150509/ccd/processed/rccd150509.0110.fits,ScoX-1,True,optical
rccd150509.0188.fits,Sco X-1,16:19:55.04,-15:38:26.3,2015-05-10,06:12:04.109,2457152.75838,10.0,1.04,V,K,1020,1590,1980,usbdrivescrapelog_ScoX-1.csv,/USB3/archive/20150501ThruEnd/20150509/ccd/processed/rccd150509.0188.fits,,Data scrape,NOAO-15A-0005,/USB3/archive/20150501ThruEnd/20150509/ccd/processed/rccd150509.0188.fits,ScoX-1,True,optical
rccd150509.0150.fits,Sco X-1,16:19:54.94,-15:38:25.1,2015-05-10,04:24:23.760,2457152.68361,10.0,1.1,V,K,1040,1610,1940,usbdrivescrapelog_ScoX-1.csv,/USB3/archive/20150501ThruEnd/20150509/ccd/processed/rccd150509.0150.fits,,Data scrape,NOAO-15A-0005,/USB3/archive/20150501ThruEnd/20150509/ccd/processed/rccd150509.0150.fits,ScoX-1,True,optical
rccd150509.0236.fits,Sco X-1,16:19:55.12,-15:38:25.6,2015-05-10,08:12:09.888,2457152.84178,10.0,1.22,V,K,1060,1570,1960,usbdrivescrapelog_ScoX-1.csv,/USB3/archive/20150501ThruEnd/20150509/ccd/processed/rccd150509.0236.fits,,Data scrape,NOAO-15A-0005,/USB3/archive/20150501ThruEnd/20150509/ccd/processed/rccd150509.0236.fits,ScoX-1,True,optical
rccd150509.0041.fits,Sco X-1,16:19:54.93,-15:38:25.7,2015-05-10,01:40:05.060,2457152.5695,10.0,1.97,V,K,1040,1590,1960,usbdrivescrapelog_ScoX-1.csv,/USB3/archive/20150501ThruEnd/20150509/ccd/processed/rccd150509.0041.fits,,Data scrape,NOAO-15A-0005,/USB3/archive/20150501ThruEnd/20150509/ccd/processed/rccd150509.0041.fits,ScoX-1,True,optical
rccd150509.0040.fits,Sco X-1,16:19:54.97,-15:38:25.2,2015-05-10,01:31:51.471,2457152.56379,10.0,2.08,V,K,1040,1610,1940,usbdrivescrapelog_ScoX-1.csv,/USB3/archive/20150501ThruEnd/20150509/ccd/processed/rccd150509.0040.fits,,Data scrape,NOAO-15A-0005,/USB3/archive/20150501ThruEnd/20150509/ccd/processed/rccd150509.0040.fits,ScoX-1,True,optical
rccd150509.0065.fits,Sco X-1,16:19:54.92,-15:38:25.3,2015-05-10,02:03:15.390,2457152.58559,10.0,1.72,V,K,1040,1610,1940,usbdrivescrapelog_ScoX-1.csv,/USB3/archive/20150501ThruEnd/20150509/ccd/processed/rccd150509.0065.fits,,Data scrape,NOAO-15A-0005,/USB3/archive/20150501ThruEnd/20150509/ccd/processed/rccd150509.0065.fits,ScoX-1,True,optical
rccd150509.0231.fits,Sco X-1,16:19:54.97,-15:38:24.9,2015-05-10,08:07:21.886,2457152.83845,10.0,1.21,V,K,1040,1590,1960,usbdrivescrapelog_ScoX-1.csv,/USB3/archive/20150501ThruEnd/20150509/ccd/processed/rccd150509.0231.fits,,Data scrape,NOAO-15A-0005,/USB3/archive/20150501ThruEnd/20150509/ccd/processed/rccd150509.0231.fits,ScoX-1,True,optical
rccd150509.0116.fits,Sco X-1,16:19:55.00,-15:38:25.0,2015-05-10,03:51:28.731,2457152.66074,10.0,1.17,V,K,1040,1590,1960,usbdrivescrapelog_ScoX-1.csv,/USB3/archive/20150501ThruEnd/20150509/ccd/processed/rccd150509.0116.fits,,Data scrape,NOAO-15A-0005,/USB3/archive/20150501ThruEnd/20150509/ccd/processed/rccd150509.0116.fits,ScoX-1,True,optical
rccd150509.0046.fits,Sco X-1,16:19:54.98,-15:38:24.5,2015-05-10,01:44:52.952,2457152.57283,10.0,1.91,V,K,1060,1570,1960,usbdrivescrapelog_ScoX-1.csv,/USB3/archive/20150501ThruEnd/20150509/ccd/processed/rccd150509.0046.fits,,Data scrape,NOAO-15A-0005,/USB3/archive/20150501ThruEnd/20150509/ccd/processed/rccd150509.0046.fits,ScoX-1,True,optical
rccd150509.0119.fits,Sco X-1,16:19:54.99,-15:38:25.0,2015-05-10,03:54:21.377,2457152.66274,10.0,1.17,V,K,1020,1590,1980,usbdrivescrapelog_ScoX-1.csv,/USB3/archive/20150501ThruEnd/20150509/ccd/processed/rccd150509.0119.fits,,Data scrape,NOAO-15A-0005,/USB3/archive/20150501ThruEnd/20150509/ccd/processed/rccd150509.0119.fits,ScoX-1,True,optical
rccd150509.0115.fits,Sco X-1,16:19:55.00,-15:38:25.0,2015-05-10,03:50:31.210,2457152.66008,10.0,1.17,V,K,1040,1590,1960,usbdrivescrapelog_ScoX-1.csv,/USB3/archive/20150501ThruEnd/20150509/ccd/processed/rccd150509.0115.fits,,Data scrape,NOAO-15A-0005,/USB3/archive/20150501ThruEnd/20150509/ccd/processed/rccd150509.0115.fits,ScoX-1,True,optical
rccd150509.0058.fits,Sco X-1,16:19:54.96,-15:38:25.3,2015-05-10,01:56:27.880,2457152.58087,10.0,1.78,V,K,1040,1570,1980,usbdrivescrapelog_ScoX-1.csv,/USB3/archive/20150501ThruEnd/20150509/ccd/processed/rccd150509.0058.fits,,Data scrape,NOAO-15A-0005,/USB3/archive/20150501ThruEnd/20150509/ccd/processed/rccd150509.0058.fits,ScoX-1,True,optical
rccd150509.0157.fits,Sco X-1,16:19:54.95,-15:38:25.1,2015-05-10,04:31:08.026,2457152.68828,10.0,1.09,V,K,1040,1590,1960,usbdrivescrapelog_ScoX-1.csv,/USB3/archive/20150501ThruEnd/20150509/ccd/processed/rccd150509.0157.fits,,Data scrape,NOAO-15A-0005,/USB3/archive/20150501ThruEnd/20150509/ccd/processed/rccd150509.0157.fits,ScoX-1,True,optical
rccd150509.0178.fits,Sco X-1,16:19:54.88,-15:38:25.1,2015-05-10,05:20:22.635,2457152.72248,10.0,1.04,V,K,1040,1590,1960,usbdrivescrapelog_ScoX-1.csv,/USB3/archive/20150501ThruEnd/20150509/ccd/processed/rccd150509.0178.fits,,Data scrape,NOAO-15A-0005,/USB3/archive/20150501ThruEnd/20150509/ccd/processed/rccd150509.0178.fits,ScoX-1,True,optical
rccd150509.0153.fits,Sco X-1,16:19:54.94,-15:38:25.1,2015-05-10,04:27:17.028,2457152.68561,10.0,1.1,V,K,1060,1570,1960,usbdrivescrapelog_ScoX-1.csv,/USB3/archive/20150501ThruEnd/20150509/ccd/processed/rccd150509.0153.fits,,Data scrape,NOAO-15A-0005,/USB3/archive/20150501ThruEnd/20150509/ccd/processed/rccd150509.0153.fits,ScoX-1,True,optical
rccd150509.0128.fits,Sco X-1,16:19:54.95,-15:38:25.0,2015-05-10,04:03:04.351,2457152.6688,10.0,1.14,V,K,1040,1610,1940,usbdrivescrapelog_ScoX-1.csv,/USB3/archive/20150501ThruEnd/20150509/ccd/processed/rccd150509.0128.fits,,Data scrape,NOAO-15A-0005,/USB3/archive/20150501ThruEnd/20150509/ccd/processed/rccd150509.0128.fits,ScoX-1,True,optical
rccd150509.0066.fits,Sco X-1,16:19:54.93,-15:38:25.5,2015-05-10,02:04:13.087,2457152.58626,10.0,1.71,V,K,1020,1590,1980,usbdrivescrapelog_ScoX-1.csv,/USB3/archive/20150501ThruEnd/20150509/ccd/processed/rccd150509.0066.fits,,Data scrape,NOAO-15A-0005,/USB3/archive/20150501ThruEnd/20150509/ccd/processed/rccd150509.0066.fits,ScoX-1,True,optical
rccd150509.0057.fits,Sco X-1,16:19:54.92,-15:38:25.3,2015-05-10,01:55:30.574,2457152.58021,10.0,1.79,V,K,1060,1570,1960,usbdrivescrapelog_ScoX-1.csv,/USB3/archive/20150501ThruEnd/20150509/ccd/processed/rccd150509.0057.fits,,Data scrape,NOAO-15A-0005,/USB3/archive/20150501ThruEnd/20150509/ccd/processed/rccd150509.0057.fits,ScoX-1,True,optical
rccd150509.0193.fits,Sco X-1,16:19:55.11,-15:38:27.5,2015-05-10,06:16:52.337,2457152.76171,10.0,1.04,V,K,1040,1590,1960,usbdrivescrapelog_ScoX-1.csv,/USB3/archive/20150501ThruEnd/20150509/ccd/processed/rccd150509.0193.fits,,Data scrape,NOAO-15A-0005,/USB3/archive/20150501ThruEnd/20150509/ccd/processed/rccd150509.0193.fits,ScoX-1,True,optical
rccd150509.0173.fits,Sco X-1,16:19:55.00,-15:38:25.3,2015-05-10,05:15:34.840,2457152.71915,10.0,1.05,V,K,1060,1570,1960,usbdrivescrapelog_ScoX-1.csv,/USB3/archive/20150501ThruEnd/20150509/ccd/processed/rccd150509.0173.fits,,Data scrape,NOAO-15A-0005,/USB3/archive/20150501ThruEnd/20150509/ccd/processed/rccd150509.0173.fits,ScoX-1,True,optical
rccd150509.0135.fits,Sco X-1,16:19:54.96,-15:38:25.1,2015-05-10,04:09:49.059,2457152.67348,10.0,1.13,V,K,1040,1590,1960,usbdrivescrapelog_ScoX-1.csv,/USB3/archive/20150501ThruEnd/20150509/ccd/processed/rccd150509.0135.fits,,Data scrape,NOAO-15A-0005,/USB3/archive/20150501ThruEnd/20150509/ccd/processed/rccd150509.0135.fits,ScoX-1,True,optical
rccd150509.0053.fits,Sco X-1,16:19:54.97,-15:38:25.6,2015-05-10,01:51:40.251,2457152.57755,10.0,1.83,V,K,1040,1590,1960,usbdrivescrapelog_ScoX-1.csv,/USB3/archive/20150501ThruEnd/20150509/ccd/processed/rccd150509.0053.fits,,Data scrape,NOAO-15A-0005,/USB3/archive/20150501ThruEnd/20150509/ccd/processed/rccd150509.0053.fits,ScoX-1,True,optical
rccd150509.0125.fits,Sco X-1,16:19:54.96,-15:38:25.0,2015-05-10,04:00:07.523,2457152.66675,10.0,1.15,V,K,1040,1590,1960,usbdrivescrapelog_ScoX-1.csv,/USB3/archive/20150501ThruEnd/20150509/ccd/processed/rccd150509.0125.fits,,Data scrape,NOAO-15A-0005,/USB3/archive/20150501ThruEnd/20150509/ccd/processed/rccd150509.0125.fits,ScoX-1,True,optical
rccd150509.0235.fits,Sco X-1,16:19:55.11,-15:38:25.3,2015-05-10,08:11:12.083,2457152.84111,10.0,1.22,V,K,1020,1590,1980,usbdrivescrapelog_ScoX-1.csv,/USB3/archive/20150501ThruEnd/20150509/ccd/processed/rccd150509.0235.fits,,Data scrape,NOAO-15A-0005,/USB3/archive/20150501ThruEnd/20150509/ccd/processed/rccd150509.0235.fits,ScoX-1,True,optical
rccd150509.0201.fits,Sco X-1,16:19:55.00,-15:38:24.7,2015-05-10,07:12:21.294,2457152.80024,10.0,1.09,V,K,1040,1590,1960,usbdrivescrapelog_ScoX-1.csv,/USB3/archive/20150501ThruEnd/20150509/ccd/processed/rccd150509.0201.fits,,Data scrape,NOAO-15A-0005,/USB3/archive/20150501ThruEnd/20150509/ccd/processed/rccd150509.0201.fits,ScoX-1,True,optical
rccd150509.0240.fits,Sco X-1,16:19:55.20,-15:38:27.5,2015-05-10,08:16:00.451,2457152.84445,10.0,1.23,V,K,1040,1590,1960,usbdrivescrapelog_ScoX-1.csv,/USB3/archive/20150501ThruEnd/20150509/ccd/processed/rccd150509.0240.fits,,Data scrape,NOAO-15A-0005,/USB3/archive/20150501ThruEnd/20150509/ccd/processed/rccd150509.0240.fits,ScoX-1,True,optical
rccd150509.0140.fits,Sco X-1,16:19:54.95,-15:38:25.1,2015-05-10,04:14:41.648,2457152.67687,10.0,1.12,V,K,1020,1590,1980,usbdrivescrapelog_ScoX-1.csv,/USB3/archive/20150501ThruEnd/20150509/ccd/processed/rccd150509.0140.fits,,Data scrape,NOAO-15A-0005,/USB3/archive/20150501ThruEnd/20150509/ccd/processed/rccd150509.0140.fits,ScoX-1,True,optical
rccd150509.0184.fits,Sco X-1,16:19:55.02,-15:38:25.0,2015-05-10,06:08:13.688,2457152.75571,10.0,1.04,V,K,1040,1590,1960,usbdrivescrapelog_ScoX-1.csv,/USB3/archive/20150501ThruEnd/20150509/ccd/processed/rccd150509.0184.fits,,Data scrape,NOAO-15A-0005,/USB3/archive/20150501ThruEnd/20150509/ccd/processed/rccd150509.0184.fits,ScoX-1,True,optical
rccd150509.0241.fits,Sco X-1,16:19:55.22,-15:38:27.8,2015-05-10,08:16:57.906,2457152.84511,10.0,1.24,V,K,1040,1590,1960,usbdrivescrapelog_ScoX-1.csv,/USB3/archive/20150501ThruEnd/20150509/ccd/processed/rccd150509.0241.fits,,Data scrape,NOAO-15A-0005,/USB3/archive/20150501ThruEnd/20150509/ccd/processed/rccd150509.0241.fits,ScoX-1,True,optical
rccd150509.0202.fits,Sco X-1,16:19:54.98,-15:38:24.6,2015-05-10,07:13:19.015,2457152.80091,10.0,1.09,V,K,1040,1610,1940,usbdrivescrapelog_ScoX-1.csv,/USB3/archive/20150501ThruEnd/20150509/ccd/processed/rccd150509.0202.fits,,Data scrape,NOAO-15A-0005,/USB3/archive/20150501ThruEnd/20150509/ccd/processed/rccd150509.0202.fits,ScoX-1,True,optical
rccd150509.0154.fits,Sco X-1,16:19:54.93,-15:38:25.1,2015-05-10,04:28:14.973,2457152.68628,10.0,1.1,V,K,1040,1570,1980,usbdrivescrapelog_ScoX-1.csv,/USB3/archive/20150501ThruEnd/20150509/ccd/processed/rccd150509.0154.fits,,Data scrape,NOAO-15A-0005,/USB3/archive/20150501ThruEnd/20150509/ccd/processed/rccd150509.0154.fits,ScoX-1,True,optical
rccd150509.0200.fits,Sco X-1,16:19:55.00,-15:38:24.7,2015-05-10,07:11:23.499,2457152.79957,10.0,1.09,V,K,1040,1590,1960,usbdrivescrapelog_ScoX-1.csv,/USB3/archive/20150501ThruEnd/20150509/ccd/processed/rccd150509.0200.fits,,Data scrape,NOAO-15A-0005,/USB3/archive/20150501ThruEnd/20150509/ccd/processed/rccd150509.0200.fits,ScoX-1,True,optical
rccd150509.0169.fits,Sco X-1,16:19:55.03,-15:38:25.2,2015-05-10,05:11:44.500,2457152.71648,10.0,1.05,V,K,1040,1590,1960,usbdrivescrapelog_ScoX-1.csv,/USB3/archive/20150501ThruEnd/20150509/ccd/processed/rccd150509.0169.fits,,Data scrape,NOAO-15A-0005,/USB3/archive/20150501ThruEnd/20150509/ccd/processed/rccd150509.0169.fits,ScoX-1,True,optical
rccd150509.0234.fits,Sco X-1,16:19:55.08,-15:38:25.5,2015-05-10,08:10:14.244,2457152.84044,10.0,1.22,V,K,1020,1590,1980,usbdrivescrapelog_ScoX-1.csv,/USB3/archive/20150501ThruEnd/20150509/ccd/processed/rccd150509.0234.fits,,Data scrape,NOAO-15A-0005,/USB3/archive/20150501ThruEnd/20150509/ccd/processed/rccd150509.0234.fits,ScoX-1,True,optical
rccd150509.0072.fits,Sco X-1,16:19:54.93,-15:38:25.5,2015-05-10,02:09:58.607,2457152.59026,10.0,1.66,V,K,1040,1590,1960,usbdrivescrapelog_ScoX-1.csv,/USB3/archive/20150501ThruEnd/20150509/ccd/processed/rccd150509.0072.fits,,Data scrape,NOAO-15A-0005,/USB3/archive/20150501ThruEnd/20150509/ccd/processed/rccd150509.0072.fits,ScoX-1,True,optical
rccd150509.0104.fits,Sco X-1,16:19:54.98,-15:38:25.0,2015-05-10,03:39:52.821,2457152.65269,10.0,1.2,V,K,1040,1590,1960,usbdrivescrapelog_ScoX-1.csv,/USB3/archive/20150501ThruEnd/20150509/ccd/processed/rccd150509.0104.fits,,Data scrape,NOAO-15A-0005,/USB3/archive/20150501ThruEnd/20150509/ccd/processed/rccd150509.0104.fits,ScoX-1,True,optical
rccd150509.0043.fits,Sco X-1,16:19:54.96,-15:38:25.9,2015-05-10,01:42:00.414,2457152.57083,10.0,1.94,V,K,1040,1610,1940,usbdrivescrapelog_ScoX-1.csv,/USB3/archive/20150501ThruEnd/20150509/ccd/processed/rccd150509.0043.fits,,Data scrape,NOAO-15A-0005,/USB3/archive/20150501ThruEnd/20150509/ccd/processed/rccd150509.0043.fits,ScoX-1,True,optical
rccd150509.0070.fits,Sco X-1,16:19:54.94,-15:38:25.4,2015-05-10,02:08:03.303,2457152.58892,10.0,1.68,V,K,1040,1570,1980,usbdrivescrapelog_ScoX-1.csv,/USB3/archive/20150501ThruEnd/20150509/ccd/processed/rccd150509.0070.fits,,Data scrape,NOAO-15A-0005,/USB3/archive/20150501ThruEnd/20150509/ccd/processed/rccd150509.0070.fits,ScoX-1,True,optical
rccd150509.0141.fits,Sco X-1,16:19:54.94,-15:38:25.0,2015-05-10,04:15:39.519,2457152.67754,10.0,1.12,V,K,1020,1590,1980,usbdrivescrapelog_ScoX-1.csv,/USB3/archive/20150501ThruEnd/20150509/ccd/processed/rccd150509.0141.fits,,Data scrape,NOAO-15A-0005,/USB3/archive/20150501ThruEnd/20150509/ccd/processed/rccd150509.0141.fits,ScoX-1,True,optical
rccd150509.0124.fits,Sco X-1,16:19:54.97,-15:38:25.0,2015-05-10,03:59:10.042,2457152.66609,10.0,1.15,V,K,1040,1590,1960,usbdrivescrapelog_ScoX-1.csv,/USB3/archive/20150501ThruEnd/20150509/ccd/processed/rccd150509.0124.fits,,Data scrape,NOAO-15A-0005,/USB3/archive/20150501ThruEnd/20150509/ccd/processed/rccd150509.0124.fits,ScoX-1,True,optical
rccd150509.0205.fits,Sco X-1,16:19:54.99,-15:38:24.6,2015-05-10,07:16:11.624,2457152.80291,10.0,1.09,V,K,1060,1570,1960,usbdrivescrapelog_ScoX-1.csv,/USB3/archive/20150501ThruEnd/20150509/ccd/processed/rccd150509.0205.fits,,Data scrape,NOAO-15A-0005,/USB3/archive/20150501ThruEnd/20150509/ccd/processed/rccd150509.0205.fits,ScoX-1,True,optical
rccd150509.0148.fits,Sco X-1,16:19:54.93,-15:38:25.0,2015-05-10,04:22:28.367,2457152.68227,10.0,1.11,V,K,1040,1590,1960,usbdrivescrapelog_ScoX-1.csv,/USB3/archive/20150501ThruEnd/20150509/ccd/processed/rccd150509.0148.fits,,Data scrape,NOAO-15A-0005,/USB3/archive/20150501ThruEnd/20150509/ccd/processed/rccd150509.0148.fits,ScoX-1,True,optical
rccd150509.0131.fits,Sco X-1,16:19:54.98,-15:38:25.0,2015-05-10,04:05:57.497,2457152.6708,10.0,1.14,V,K,1060,1570,1960,usbdrivescrapelog_ScoX-1.csv,/USB3/archive/20150501ThruEnd/20150509/ccd/processed/rccd150509.0131.fits,,Data scrape,NOAO-15A-0005,/USB3/archive/20150501ThruEnd/20150509/ccd/processed/rccd150509.0131.fits,ScoX-1,True,optical
rccd150509.0189.fits,Sco X-1,16:19:55.05,-15:38:26.6,2015-05-10,06:13:01.972,2457152.75905,10.0,1.04,V,K,1060,1570,1960,usbdrivescrapelog_ScoX-1.csv,/USB3/archive/20150501ThruEnd/20150509/ccd/processed/rccd150509.0189.fits,,Data scrape,NOAO-15A-0005,/USB3/archive/20150501ThruEnd/20150509/ccd/processed/rccd150509.0189.fits,ScoX-1,True,optical
rccd150509.0042.fits,Sco X-1,16:19:54.99,-15:38:25.4,2015-05-10,01:41:02.763,2457152.57017,10.0,1.95,V,K,1040,1590,1960,usbdrivescrapelog_ScoX-1.csv,/USB3/archive/20150501ThruEnd/20150509/ccd/processed/rccd150509.0042.fits,,Data scrape,NOAO-15A-0005,/USB3/archive/20150501ThruEnd/20150509/ccd/processed/rccd150509.0042.fits,ScoX-1,True,optical
rccd150509.0171.fits,Sco X-1,16:19:55.04,-15:38:25.3,2015-05-10,05:13:39.212,2457152.71781,10.0,1.05,V,K,1020,1590,1980,usbdrivescrapelog_ScoX-1.csv,/USB3/archive/20150501ThruEnd/20150509/ccd/processed/rccd150509.0171.fits,,Data scrape,NOAO-15A-0005,/USB3/archive/20150501ThruEnd/20150509/ccd/processed/rccd150509.0171.fits,ScoX-1,True,optical
rccd150509.0204.fits,Sco X-1,16:19:55.02,-15:38:24.5,2015-05-10,07:15:14.235,2457152.80225,10.0,1.09,V,K,1020,1590,1980,usbdrivescrapelog_ScoX-1.csv,/USB3/archive/20150501ThruEnd/20150509/ccd/processed/rccd150509.0204.fits,,Data scrape,NOAO-15A-0005,/USB3/archive/20150501ThruEnd/20150509/ccd/processed/rccd150509.0204.fits,ScoX-1,True,optical
rccd150509.0049.fits,Sco X-1,16:19:54.97,-15:38:25.3,2015-05-10,01:47:45.866,2457152.57483,10.0,1.87,V,K,1040,1590,1960,usbdrivescrapelog_ScoX-1.csv,/USB3/archive/20150501ThruEnd/20150509/ccd/processed/rccd150509.0049.fits,,Data scrape,NOAO-15A-0005,/USB3/archive/20150501ThruEnd/20150509/ccd/processed/rccd150509.0049.fits,ScoX-1,True,optical
rccd150509.0067.fits,Sco X-1,16:19:54.91,-15:38:25.3,2015-05-10,02:05:10.606,2457152.5T869,10.0,1.7,V,K,1020,1590,1980,usbdrivescrapelog_ScoX-1.csv,/USB3/archive/20150501ThruEnd/20150509/ccd/processed/rccd150509.0067.fits,,Data scrape,NOAO-15A-0005,/USB3/archive/20150501ThruEnd/20150509/ccd/processed/rccd150509.0067.fits,ScoX-1,True,optical
rccd150509.0039.fits,Sco X-1,16:19:55.00,-15:38:25.0,2015-05-10,01:30:53.741,2457152.56312,10.0,2.09,V,K,1040,1590,1960,usbdrivescrapelog_ScoX-1.csv,/USB3/archive/20150501ThruEnd/20150509/ccd/processed/rccd150509.0039.fits,,Data scrape,NOAO-15A-0005,/USB3/archive/20150501ThruEnd/20150509/ccd/processed/rccd150509.0039.fits,ScoX-1,True,optical
rccd150509.0207.fits,Sco X-1,16:19:55.00,-15:38:24.7,2015-05-10,07:18:06.859,2457152.80424,10.0,1.1,V,K,1040,1570,1980,usbdrivescrapelog_ScoX-1.csv,/USB3/archive/20150501ThruEnd/20150509/ccd/processed/rccd150509.0207.fits,,Data scrape,NOAO-15A-0005,/USB3/archive/20150501ThruEnd/20150509/ccd/processed/rccd150509.0207.fits,ScoX-1,True,optical
rccd150509.0063.fits,Sco X-1,16:19:54.95,-15:38:25.3,2015-05-10,02:01:19.922,2457152.58425,10.0,1.74,V,K,1040,1590,1960,usbdrivescrapelog_ScoX-1.csv,/USB3/archive/20150501ThruEnd/20150509/ccd/processed/rccd150509.0063.fits,,Data scrape,NOAO-15A-0005,/USB3/archive/20150501ThruEnd/20150509/ccd/processed/rccd150509.0063.fits,ScoX-1,True,optical
rccd150509.0069.fits,Sco X-1,16:19:54.91,-15:38:25.4,2015-05-10,02:07:05.462,2457152.58825,10.0,1.68,V,K,1040,1570,1980,usbdrivescrapelog_ScoX-1.csv,/USB3/archive/20150501ThruEnd/20150509/ccd/processed/rccd150509.0069.fits,,Data scrape,NOAO-15A-0005,/USB3/archive/20150501ThruEnd/20150509/ccd/processed/rccd150509.0069.fits,ScoX-1,True,optical
rccd150509.0061.fits,Sco X-1,16:19:54.93,-15:38:25.2,2015-05-10,01:59:20.520,2457152.58287,10.0,1.75,V,K,1040,1590,1960,usbdrivescrapelog_ScoX-1.csv,/USB3/archive/20150501ThruEnd/20150509/ccd/processed/rccd150509.0061.fits,,Data scrape,NOAO-15A-0005,/USB3/archive/20150501ThruEnd/20150509/ccd/processed/rccd150509.0061.fits,ScoX-1,True,optical
rccd150509.0073.fits,Sco X-1,16:19:54.93,-15:38:25.4,2015-05-10,02:10:56.619,2457152.59093,10.0,1.65,V,K,1040,1590,1960,usbdrivescrapelog_ScoX-1.csv,/USB3/archive/20150501ThruEnd/20150509/ccd/processed/rccd150509.0073.fits,,Data scrape,NOAO-15A-0005,/USB3/archive/20150501ThruEnd/20150509/ccd/processed/rccd150509.0073.fits,ScoX-1,True,optical
rccd150509.0054.fits,Sco X-1,16:19:54.94,-15:38:25.0,2015-05-10,01:52:37.997,2457152.57821,10.0,1.82,V,K,1040,1610,1940,usbdrivescrapelog_ScoX-1.csv,/USB3/archive/20150501ThruEnd/20150509/ccd/processed/rccd150509.0054.fits,,Data scrape,NOAO-15A-0005,/USB3/archive/20150501ThruEnd/20150509/ccd/processed/rccd150509.0054.fits,ScoX-1,True,optical
rccd150509.0149.fits,Sco X-1,16:19:54.99,-15:38:25.1,2015-05-10,04:23:26.097,2457152.68294,10.0,1.11,V,K,1040,1590,1960,usbdrivescrapelog_ScoX-1.csv,/USB3/archive/20150501ThruEnd/20150509/ccd/processed/rccd150509.0149.fits,,Data scrape,NOAO-15A-0005,/USB3/archive/20150501ThruEnd/20150509/ccd/processed/rccd150509.0149.fits,ScoX-1,True,optical
rccd150509.0238.fits,Sco X-1,16:19:55.13,-15:38:26.4,2015-05-10,08:14:05.149,2457152.84311,10.0,1.23,V,K,1040,1570,1980,usbdrivescrapelog_ScoX-1.csv,/USB3/archive/20150501ThruEnd/20150509/ccd/processed/rccd150509.0238.fits,,Data scrape,NOAO-15A-0005,/USB3/archive/20150501ThruEnd/20150509/ccd/processed/rccd150509.0238.fits,ScoX-1,True,optical
rccd150509.0071.fits,Sco X-1,16:19:54.93,-15:38:25.4,2015-05-10,02:09:01.063,2457152.58959,10.0,1.67,V,K,1040,1590,1960,usbdrivescrapelog_ScoX-1.csv,/USB3/archive/20150501ThruEnd/20150509/ccd/processed/rccd150509.0071.fits,,Data scrape,NOAO-15A-0005,/USB3/archive/20150501ThruEnd/20150509/ccd/processed/rccd150509.0071.fits,ScoX-1,True,optical
rccd150509.0052.fits,Sco X-1,16:19:54.96,-15:38:25.1,2015-05-10,01:50:42.347,2457152.57688,10.0,1.84,V,K,1040,1590,1960,usbdrivescrapelog_ScoX-1.csv,/USB3/archive/20150501ThruEnd/20150509/ccd/processed/rccd150509.0052.fits,,Data scrape,NOAO-15A-0005,/USB3/archive/20150501ThruEnd/20150509/ccd/processed/rccd150509.0052.fits,ScoX-1,True,optical
rccd150509.0174.fits,Sco X-1,16:19:54.99,-15:38:25.2,2015-05-10,05:16:32.497,2457152.71982,10.0,1.04,V,K,1040,1570,1980,usbdrivescrapelog_ScoX-1.csv,/USB3/archive/20150501ThruEnd/20150509/ccd/processed/rccd150509.0174.fits,,Data scrape,NOAO-15A-0005,/USB3/archive/20150501ThruEnd/20150509/ccd/processed/rccd150509.0174.fits,ScoX-1,True,optical
rccd150509.0059.fits,Sco X-1,16:19:54.92,-15:38:25.5,2015-05-10,01:57:25.551,2457152.58154,10.0,1.77,V,K,1040,1570,1980,usbdrivescrapelog_ScoX-1.csv,/USB3/archive/20150501ThruEnd/20150509/ccd/processed/rccd150509.0059.fits,,Data scrape,NOAO-15A-0005,/USB3/archive/20150501ThruEnd/20150509/ccd/processed/rccd150509.0059.fits,ScoX-1,True,optical
rccd150509.0172.fits,Sco X-1,16:19:54.99,-15:38:25.3,2015-05-10,05:14:36.926,2457152.71848,10.0,1.05,V,K,1020,1590,1980,usbdrivescrapelog_ScoX-1.csv,/USB3/archive/20150501ThruEnd/20150509/ccd/processed/rccd150509.0172.fits,,Data scrape,NOAO-15A-0005,/USB3/archive/20150501ThruEnd/20150509/ccd/processed/rccd150509.0172.fits,ScoX-1,True,optical
rccd150509.0151.fits,Sco X-1,16:19:54.94,-15:38:25.1,2015-05-10,04:25:21.258,2457152.68427,10.0,1.1,V,K,1020,1590,1980,usbdrivescrapelog_ScoX-1.csv,/USB3/archive/20150501ThruEnd/20150509/ccd/processed/rccd150509.0151.fits,,Data scrape,NOAO-15A-0005,/USB3/archive/20150501ThruEnd/20150509/ccd/processed/rccd150509.0151.fits,ScoX-1,True,optical
rccd150509.0047.fits,Sco X-1,16:19:54.94,-15:38:25.5,2015-05-10,01:45:50.253,2457152.57349,10.0,1.9,V,K,1040,1570,1980,usbdrivescrapelog_ScoX-1.csv,/USB3/archive/20150501ThruEnd/20150509/ccd/processed/rccd150509.0047.fits,,Data scrape,NOAO-15A-0005,/USB3/archive/20150501ThruEnd/20150509/ccd/processed/rccd150509.0047.fits,ScoX-1,True,optical
rccd150509.0210.fits,Sco X-1,16:19:55.04,-15:38:25.1,2015-05-10,07:20:59.793,2457152.80624,10.0,1.1,V,K,1040,1590,1960,usbdrivescrapelog_ScoX-1.csv,/USB3/archive/20150501ThruEnd/20150509/ccd/processed/rccd150509.0210.fits,,Data scrape,NOAO-15A-0005,/USB3/archive/20150501ThruEnd/20150509/ccd/processed/rccd150509.0210.fits,ScoX-1,True,optical
rccd150509.0145.fits,Sco X-1,16:19:54.97,-15:38:25.1,2015-05-10,04:19:30.434,2457152.68021,10.0,1.11,V,K,1040,1590,1960,usbdrivescrapelog_ScoX-1.csv,/USB3/archive/20150501ThruEnd/20150509/ccd/processed/rccd150509.0145.fits,,Data scrape,NOAO-15A-0005,/USB3/archive/20150501ThruEnd/20150509/ccd/processed/rccd150509.0145.fits,ScoX-1,True,optical
rccd150509.0107.fits,Sco X-1,16:19:54.97,-15:38:25.0,2015-05-10,03:42:45.322,2457152.65469,10.0,1.2,V,K,1020,1590,1980,usbdrivescrapelog_ScoX-1.csv,/USB3/archive/20150501ThruEnd/20150509/ccd/processed/rccd150509.0107.fits,,Data scrape,NOAO-15A-0005,/USB3/archive/20150501ThruEnd/20150509/ccd/processed/rccd150509.0107.fits,ScoX-1,True,optical
rccd150509.0146.fits,Sco X-1,16:19:54.97,-15:38:25.1,2015-05-10,04:20:28.488,2457152.68088,10.0,1.11,V,K,1040,1590,1960,usbdrivescrapelog_ScoX-1.csv,/USB3/archive/20150501ThruEnd/20150509/ccd/processed/rccd150509.0146.fits,,Data scrape,NOAO-15A-0005,/USB3/archive/20150501ThruEnd/20150509/ccd/processed/rccd150509.0146.fits,ScoX-1,True,optical
rccd150509.0191.fits,Sco X-1,16:19:55.08,-15:38:27.0,2015-05-10,06:14:57.075,2457152.76038,10.0,1.04,V,K,1040,1570,1980,usbdrivescrapelog_ScoX-1.csv,/USB3/archive/20150501ThruEnd/20150509/ccd/processed/rccd150509.0191.fits,,Data scrape,NOAO-15A-0005,/USB3/archive/20150501ThruEnd/20150509/ccd/processed/rccd150509.0191.fits,ScoX-1,True,optical
rccd150509.0106.fits,Sco X-1,16:19:54.98,-15:38:25.0,2015-05-10,03:41:47.819,2457152.65402,10.0,1.2,V,K,1040,1610,1940,usbdrivescrapelog_ScoX-1.csv,/USB3/archive/20150501ThruEnd/20150509/ccd/processed/rccd150509.0106.fits,,Data scrape,NOAO-15A-0005,/USB3/archive/20150501ThruEnd/20150509/ccd/processed/rccd150509.0106.fits,ScoX-1,True,optical
rccd150509.0206.fits,Sco X-1,16:19:54.98,-15:38:24.6,2015-05-10,07:17:09.171,2457152.80358,10.0,1.1,V,K,1040,1570,1980,usbdrivescrapelog_ScoX-1.csv,/USB3/archive/20150501ThruEnd/20150509/ccd/processed/rccd150509.0206.fits,,Data scrape,NOAO-15A-0005,/USB3/archive/20150501ThruEnd/20150509/ccd/processed/rccd150509.0206.fits,ScoX-1,True,optical
rccd150509.0055.fits,Sco X-1,16:19:54.96,-15:38:25.4,2015-05-10,01:53:35.801,2457152.57888,10.0,1.81,V,K,1020,1590,1980,usbdrivescrapelog_ScoX-1.csv,/USB3/archive/20150501ThruEnd/20150509/ccd/processed/rccd150509.0055.fits,,Data scrape,NOAO-15A-0005,/USB3/archive/20150501ThruEnd/20150509/ccd/processed/rccd150509.0055.fits,ScoX-1,True,optical
"IR140924.""Sco.K.fits",Sco X-1,16:19:54.98,-15:38:24.6,2014-09-25,00:37:43.154,2456925.5262,30.04,1.7,B,K,1040.0,1630.0,1920.0,xrb_ir_reduced/LOG_reduced.20130119thru20150430.csv,irdirecs/xrb_ir_reduced/,reduced,Disk,,,ScoX-1,True,IR
"IR140921.""Sco_2.K.fits",Sco x-1,16:19:55.08,-15:38:25.7,2014-09-22,00:44:26.100,2456922.53086,30.04,1.66,I,K,1100.0,1630.0,1860.0,xrb_ir_reduced/LOG_reduced.20130119thru20150430.csv,irdirecs/xrb_ir_reduced/,reduced,Disk,,,ScoX-1,True,IR
"IR140921.""Sco_2.J.fits",Sco x-1,16:19:55.04,-15:38:27.0,2014-09-22,00:49:37.537,2456922.53446,30.05,1.7,R,J,1100.0,1590.0,1900.0,xrb_ir_reduced/LOG_reduced.20130119thru20150430.csv,irdirecs/xrb_ir_reduced/,reduced,Disk,,,ScoX-1,True,IR
"IR140921.""Sco.J.fits",Sco x-1,16:19:55.13,-15:38:26.1,2014-09-21,23:47:09.329,2456922.49108,30.04,1.32,R,J,1100.0,1630.0,1860.0,xrb_ir_reduced/LOG_reduced.20130119thru20150430.csv,irdirecs/xrb_ir_reduced/,reduced,Disk,,,ScoX-1,True,IR
"IR140921.""Sco.K.fits",Sco x-1,16:19:55.05,-15:38:25.0,2014-09-21,23:41:57.701,2456922.48747,30.04,1.3,I,K,1060.0,1590.0,1940.0,xrb_ir_reduced/LOG_reduced.20130119thru20150430.csv,irdirecs/xrb_ir_reduced/,reduced,Disk,,,ScoX-1,True,IR
binir140921.0005.fits,Sco x-1,16:19:55.09,-15:38:25.1,2014-09-21,23:43:29.739,2456922.48854,30.04,1.3,I,K,1100.0,1550.0,1940.0,xrb_ir_photometry/LOG_photometry.20130310thru20150430.csv,irdirecs/xrb_ir_photometry/,photometry,Disk,YALE-03A-0001,,ScoX-1,True,IR
binir140921.0006.fits,Sco x-1,16:19:55.09,-15:38:25.2,2014-09-21,23:44:15.759,2456922.48907,30.05,1.31,I,K,1140.0,1590.0,1860.0,xrb_ir_photometry/LOG_photometry.20130310thru20150430.csv,irdirecs/xrb_ir_photometry/,photometry,Disk,YALE-03A-0001,,ScoX-1,True,IR
binir140921.0009.fits,Sco x-1,16:19:55.16,-15:38:26.1,2014-09-21,23:47:55.473,2456922.49161,30.04,1.32,R,J,1060.0,1590.0,1940.0,xrb_ir_photometry/LOG_photometry.20130310thru20150430.csv,irdirecs/xrb_ir_photometry/,photometry,Disk,YALE-03A-0001,,ScoX-1,True,IR
binir140921.0008.fits,Sco x-1,16:19:55.13,-15:38:26.1,2014-09-21,23:47:09.329,2456922.49108,30.04,1.32,R,J,1100.0,1630.0,1860.0,xrb_ir_photometry/LOG_photometry.20130310thru20150430.csv,irdirecs/xrb_ir_photometry/,photometry,Disk,YALE-03A-0001,,ScoX-1,True,IR
binir140921.0007.fits,Sco x-1,16:19:55.10,-15:38:26.0,2014-09-21,23:46:23.551,2456922.49055,30.04,1.31,R,J,1100.0,1590.0,1900.0,xrb_ir_photometry/LOG_photometry.20130310thru20150430.csv,irdirecs/xrb_ir_photometry/,photometry,Disk,YALE-03A-0001,,ScoX-1,True,IR
binir140921.0002.fits,Sco x-1,16:19:55.03,-15:38:24.9,2014-09-21,23:41:11.072,2456922.48693,30.04,1.29,I,K,1100.0,1630.0,1860.0,xrb_ir_photometry/LOG_photometry.20130310thru20150430.csv,irdirecs/xrb_ir_photometry/,photometry,Disk,YALE-03A-0001,,ScoX-1,True,IR
binir140921.0004.fits,Sco x-1,16:19:55.05,-15:38:25.2,2014-09-21,23:42:43.910,2456922.48801,30.04,1.3,I,K,1140.0,1550.0,1900.0,xrb_ir_photometry/LOG_photometry.20130310thru20150430.csv,irdirecs/xrb_ir_photometry/,photometry,Disk,YALE-03A-0001,,ScoX-1,True,IR
binir140921.0003.fits,Sco x-1,16:19:55.05,-15:38:25.0,2014-09-21,23:41:57.701,2456922.48747,30.04,1.3,I,K,1060.0,1590.0,1940.0,xrb_ir_photometry/LOG_photometry.20130310thru20150430.csv,irdirecs/xrb_ir_photometry/,photometry,Disk,YALE-03A-0001,,ScoX-1,True,IR
binir140921.0001.fits,Sco x-1,16:19:55.03,-15:38:25.2,2014-09-21,23:40:25.260,2456922.4864,30.04,1.29,I,K,1100.0,1590.0,1900.0,xrb_ir_photometry/LOG_photometry.20130310thru20150430.csv,irdirecs/xrb_ir_photometry/,photometry,Disk,YALE-03A-0001,,ScoX-1,True,IR
binir140921.0010.fits,Sco x-1,16:19:55.17,-15:38:26.3,2014-09-21,23:48:41.749,2456922.49215,30.05,1.32,R,J,1140.0,1550.0,1900.0,xrb_ir_photometry/LOG_photometry.20130310thru20150430.csv,irdirecs/xrb_ir_photometry/,photometry,Disk,YALE-03A-0001,,ScoX-1,True,IR
binir140921.0011.fits,Sco x-1,16:19:55.22,-15:38:26.2,2014-09-21,23:49:27.699,2456922.49268,30.04,1.33,R,J,1100.0,1550.0,1940.0,xrb_ir_photometry/LOG_photometry.20130310thru20150430.csv,irdirecs/xrb_ir_photometry/,photometry,Disk,YALE-03A-0001,,ScoX-1,True,IR
binir140921.0012.fits,Sco x-1,16:19:55.21,-15:38:26.4,2014-09-21,23:50:13.757,2456922.49321,30.05,1.33,R,J,1140.0,1590.0,1860.0,xrb_ir_photometry/LOG_photometry.20130310thru20150430.csv,irdirecs/xrb_ir_photometry/,photometry,Disk,YALE-03A-0001,,ScoX-1,True,IR
binir140921.0019.fits,Sco x-1,16:19:55.32,-15:38:27.8,2014-09-21,23:58:20.304,2456922.49884,30.05,1.37,R,J,1100.0,1590.0,1900.0,xrb_ir_photometry/LOG_photometry.20130310thru20150430.csv,irdirecs/xrb_ir_photometry/,photometry,Disk,YALE-03A-0001,,ScoX-1,True,IR
binir140921.0013.fits,Sco x-1,16:19:55.25,-15:38:27.0,2014-09-21,23:52:21.691,2456922.4947,30.05,1.34,I,K,1100.0,1590.0,1900.0,xrb_ir_photometry/LOG_photometry.20130310thru20150430.csv,irdirecs/xrb_ir_photometry/,photometry,Disk,YALE-03A-0001,,ScoX-1,True,IR
binir140921.0021.fits,Sco x-1,16:19:55.31,-15:38:28.3,2014-09-21,23:59:52.300,2456922.49991,30.05,1.38,R,J,1060.0,1590.0,1940.0,xrb_ir_photometry/LOG_photometry.20130310thru20150430.csv,irdirecs/xrb_ir_photometry/,photometry,Disk,YALE-03A-0001,,ScoX-1,True,IR
binir140921.0020.fits,Sco x-1,16:19:55.32,-15:38:28.1,2014-09-21,23:59:06.200,2456922.49938,30.04,1.37,R,J,1100.0,1630.0,1860.0,xrb_ir_photometry/LOG_photometry.20130310thru20150430.csv,irdirecs/xrb_ir_photometry/,photometry,Disk,YALE-03A-0001,,ScoX-1,True,IR
binir140921.0015.fits,Sco x-1,16:19:55.27,-15:38:27.2,2014-09-21,23:53:54.321,2456922.49577,30.04,1.35,I,K,1060.0,1590.0,1940.0,xrb_ir_photometry/LOG_photometry.20130310thru20150430.csv,irdirecs/xrb_ir_photometry/,photometry,Disk,YALE-03A-0001,,ScoX-1,True,IR
binir140921.0018.fits,Sco x-1,16:19:55.30,-15:38:27.6,2014-09-21,23:56:12.413,2456922.49737,30.04,1.36,I,K,1140.0,1590.0,1860.0,xrb_ir_photometry/LOG_photometry.20130310thru20150430.csv,irdirecs/xrb_ir_photometry/,photometry,Disk,YALE-03A-0001,,ScoX-1,True,IR
binir140921.0017.fits,Sco x-1,16:19:55.31,-15:38:27.5,2014-09-21,23:55:26.277,2456922.49683,30.04,1.35,I,K,1100.0,1550.0,1940.0,xrb_ir_photometry/LOG_photometry.20130310thru20150430.csv,irdirecs/xrb_ir_photometry/,photometry,Disk,YALE-03A-0001,,ScoX-1,True,IR
binir140921.0016.fits,Sco x-1,16:19:55.30,-15:38:27.5,2014-09-21,23:54:40.434,2456922.4963,30.04,1.35,I,K,1140.0,1550.0,1900.0,xrb_ir_photometry/LOG_photometry.20130310thru20150430.csv,irdirecs/xrb_ir_photometry/,photometry,Disk,YALE-03A-0001,,ScoX-1,True,IR
binir140921.0014.fits,Sco x-1,16:19:55.25,-15:38:27.1,2014-09-21,23:53:08.176,2456922.49523,30.04,1.34,I,K,1100.0,1630.0,1860.0,xrb_ir_photometry/LOG_photometry.20130310thru20150430.csv,irdirecs/xrb_ir_photometry/,photometry,Disk,YALE-03A-0001,,ScoX-1,True,IR
binir140924.0053.fits,Sco X-1,16:19:55.01,-15:38:24.9,2014-09-25,00:38:29.513,2456925.52674,30.04,1.71,B,K,1000.0,1590.0,2000.0,xrb_ir_photometry/LOG_photometry.20130310thru20150430.csv,irdirecs/xrb_ir_photometry/,photometry,Disk,YALE-03A-0001,,ScoX-1,True,IR
binir140924.0052.fits,Sco X-1,16:19:54.98,-15:38:24.6,2014-09-25,00:37:43.154,2456925.5262,30.04,1.7,B,K,1040.0,1630.0,1920.0,xrb_ir_photometry/LOG_photometry.20130310thru20150430.csv,irdirecs/xrb_ir_photometry/,photometry,Disk,YALE-03A-0001,,ScoX-1,True,IR
binir140924.0063.fits,Sco X-1,16:19:54.96,-15:38:27.8,2014-09-25,00:46:33.587,2456925.53234,30.05,1.79,I,K,1040.0,1590.0,1960.0,xrb_ir_photometry/LOG_photometry.20130310thru20150430.csv,irdirecs/xrb_ir_photometry/,photometry,Disk,YALE-03A-0001,,ScoX-1,True,IR
binir140924.0051.fits,Sco X-1,16:19:55.00,-15:38:24.7,2014-09-25,00:36:57.219,2456925.52567,30.04,1.7,B,K,1040.0,1590.0,1960.0,xrb_ir_photometry/LOG_photometry.20130310thru20150430.csv,irdirecs/xrb_ir_photometry/,photometry,Disk,YALE-03A-0001,,ScoX-1,True,IR
binir140924.0062.fits,Sco X-1,16:19:54.93,-15:38:27.5,2014-09-25,00:45:40.070,2456925.53172,30.05,1.78,B,K,1080.0,1550.0,1960.0,xrb_ir_photometry/LOG_photometry.20130310thru20150430.csv,irdirecs/xrb_ir_photometry/,photometry,Disk,YALE-03A-0001,,ScoX-1,True,IR
binir140924.0065.fits,Sco X-1,16:19:54.99,-15:38:28.2,2014-09-25,00:48:05.888,2456925.53341,30.04,1.8,I,K,1000.0,1590.0,2000.0,xrb_ir_photometry/LOG_photometry.20130310thru20150430.csv,irdirecs/xrb_ir_photometry/,photometry,Disk,YALE-03A-0001,,ScoX-1,True,IR
binir140924.0064.fits,Sco X-1,16:19:54.96,-15:38:28.0,2014-09-25,00:47:19.554,2456925.53287,30.05,1.79,I,K,1040.0,1630.0,1920.0,xrb_ir_photometry/LOG_photometry.20130310thru20150430.csv,irdirecs/xrb_ir_photometry/,photometry,Disk,YALE-03A-0001,,ScoX-1,True,IR
binir140924.0056.fits,Sco X-1,16:19:55.01,-15:38:25.4,2014-09-25,00:40:54.839,2456925.52842,30.04,1.73,I,K,1040.0,1630.0,1920.0,xrb_ir_photometry/LOG_photometry.20130310thru20150430.csv,irdirecs/xrb_ir_photometry/,photometry,Disk,YALE-03A-0001,,ScoX-1,True,IR
binir140924.0061.fits,Sco X-1,16:19:54.95,-15:38:27.0,2014-09-25,00:44:53.704,2456925.53118,30.04,1.77,B,K,1000.0,1590.0,2000.0,xrb_ir_photometry/LOG_photometry.20130310thru20150430.csv,irdirecs/xrb_ir_photometry/,photometry,Disk,YALE-03A-0001,,ScoX-1,True,IR
binir140924.0055.fits,Sco X-1,16:19:54.99,-15:38:25.2,2014-09-25,00:40:08.746,2456925.52789,30.05,1.73,I,K,1040.0,1590.0,1960.0,xrb_ir_photometry/LOG_photometry.20130310thru20150430.csv,irdirecs/xrb_ir_photometry/,photometry,Disk,YALE-03A-0001,,ScoX-1,True,IR
binir140924.0057.fits,Sco X-1,16:19:55.01,-15:38:25.6,2014-09-25,00:41:41.231,2456925.52896,30.04,1.74,I,K,1000.0,1590.0,2000.0,xrb_ir_photometry/LOG_photometry.20130310thru20150430.csv,irdirecs/xrb_ir_photometry/,photometry,Disk,YALE-03A-0001,,ScoX-1,True,IR
binir140924.0054.fits,Sco X-1,16:19:54.98,-15:38:24.9,2014-09-25,00:39:15.962,2456925.52728,30.04,1.72,B,K,1080.0,1550.0,1960.0,xrb_ir_photometry/LOG_photometry.20130310thru20150430.csv,irdirecs/xrb_ir_photometry/,photometry,Disk,YALE-03A-0001,,ScoX-1,True,IR
binir140924.0058.fits,Sco X-1,16:19:55.99,-15:38:26.1,2014-09-25,00:42:27.561,2456925.52949,30.04,1.75,I,K,1080.0,1550.0,1960.0,xrb_ir_photometry/LOG_photometry.20130310thru20150430.csv,irdirecs/xrb_ir_photometry/,photometry,Disk,YALE-03A-0001,,ScoX-1,True,IR
binir140924.0059.fits,Sco X-1,16:19:54.99,-15:38:26.3,2014-09-25,00:43:20.788,2456925.53011,30.05,1.75,B,K,1040.0,1590.0,1960.0,xrb_ir_photometry/LOG_photometry.20130310thru20150430.csv,irdirecs/xrb_ir_photometry/,photometry,Disk,YALE-03A-0001,,ScoX-1,True,IR
binir140924.0060.fits,Sco X-1,16:19:54.97,-15:38:26.6,2014-09-25,00:44:07.356,2456925.53065,30.04,1.76,B,K,1040.0,1630.0,1920.0,xrb_ir_photometry/LOG_photometry.20130310thru20150430.csv,irdirecs/xrb_ir_photometry/,photometry,Disk,YALE-03A-0001,,ScoX-1,True,IR
binir140924.0066.fits,Sco X-1,16:19:54.96,-15:38:28.1,2014-09-25,00:48:52.378,2456925.53395,30.05,1.81,I,K,1080.0,1550.0,1960.0,xrb_ir_photometry/LOG_photometry.20130310thru20150430.csv,irdirecs/xrb_ir_photometry/,photometry,Disk,YALE-03A-0001,,ScoX-1,True,IR
binir140921.0036.fits,Sco x-1,16:19:55.14,-15:38:28.8,2014-09-22,00:14:29.190,2456922.51006,30.04,1.45,R,J,1140.0,1590.0,1860.0,xrb_ir_photometry/LOG_photometry.20130310thru20150430.csv,irdirecs/xrb_ir_photometry/,photometry,Disk,YALE-03A-0001,,ScoX-1,True,IR
binir140921.0058.fits,Sco x-1,16:19:55.03,-15:38:25.4,2014-09-22,00:43:40.264,2456922.53033,30.05,1.65,I,K,1100.0,1590.0,1900.0,xrb_ir_photometry/LOG_photometry.20130310thru20150430.csv,irdirecs/xrb_ir_photometry/,photometry,Disk,YALE-03A-0001,,ScoX-1,True,IR
binir140921.0059.fits,Sco x-1,16:19:55.08,-15:38:25.7,2014-09-22,00:44:26.100,2456922.53086,30.04,1.66,I,K,1100.0,1630.0,1860.0,xrb_ir_photometry/LOG_photometry.20130310thru20150430.csv,irdirecs/xrb_ir_photometry/,photometry,Disk,YALE-03A-0001,,ScoX-1,True,IR
binir140921.0060.fits,Sco x-1,16:19:55.07,-15:38:25.6,2014-09-22,00:45:12.204,2456922.53139,30.04,1.67,I,K,1060.0,1590.0,1940.0,xrb_ir_photometry/LOG_photometry.20130310thru20150430.csv,irdirecs/xrb_ir_photometry/,photometry,Disk,YALE-03A-0001,,ScoX-1,True,IR
binir140921.0063.fits,Sco x-1,16:19:55.03,-15:38:26.3,2014-09-22,00:47:30.128,2456922.53299,30.04,1.69,I,K,1140.0,1590.0,1860.0,xrb_ir_photometry/LOG_photometry.20130310thru20150430.csv,irdirecs/xrb_ir_photometry/,photometry,Disk,YALE-03A-0001,,ScoX-1,True,IR
binir140921.0031.fits,Sco x-1,16:19:55.25,-15:38:29.4,2014-09-22,00:10:28.820,2456922.50728,30.04,1.43,R,J,1100.0,1590.0,1900.0,xrb_ir_photometry/LOG_photometry.20130310thru20150430.csv,irdirecs/xrb_ir_photometry/,photometry,Disk,YALE-03A-0001,,ScoX-1,True,IR
binir140921.0032.fits,Sco x-1,16:19:55.23,-15:38:29.3,2014-09-22,00:11:14.619,2456922.50781,30.05,1.43,R,J,1100.0,1630.0,1860.0,xrb_ir_photometry/LOG_photometry.20130310thru20150430.csv,irdirecs/xrb_ir_photometry/,photometry,Disk,YALE-03A-0001,,ScoX-1,True,IR
binir140921.0035.fits,Sco x-1,16:19:55.16,-15:38:28.7,2014-09-22,00:13:43.115,2456922.50953,30.04,1.45,R,J,1100.0,1550.0,1940.0,xrb_ir_photometry/LOG_photometry.20130310thru20150430.csv,irdirecs/xrb_ir_photometry/,photometry,Disk,YALE-03A-0001,,ScoX-1,True,IR
binir140921.0034.fits,Sco x-1,16:19:55.19,-15:38:29.3,2014-09-22,00:12:00.784,2456922.50834,30.05,1.44,R,J,1140.0,1550.0,1900.0,xrb_ir_photometry/LOG_photometry.20130310thru20150430.csv,irdirecs/xrb_ir_photometry/,photometry,Disk,YALE-03A-0001,,ScoX-1,True,IR
binir140921.0033.fits,Sco x-1,16:19:55.19,-15:38:29.3,2014-09-22,00:12:00.784,2456922.50834,30.04,1.44,R,J,1060.0,1590.0,1940.0,xrb_ir_photometry/LOG_photometry.20130310thru20150430.csv,irdirecs/xrb_ir_photometry/,photometry,Disk,YALE-03A-0001,,ScoX-1,True,IR
binir140921.0065.fits,Sco x-1,16:19:55.02,-15:38:26.9,2014-09-22,00:50:23.390,2456922.53499,30.05,1.71,R,J,1100.0,1630.0,1860.0,xrb_ir_photometry/LOG_photometry.20130310thru20150430.csv,irdirecs/xrb_ir_photometry/,photometry,Disk,YALE-03A-0001,,ScoX-1,True,IR
binir140921.0066.fits,Sco x-1,16:19:55.06,-15:38:27.2,2014-09-22,00:51:09.666,2456922.53553,30.04,1.72,R,J,1060.0,1590.0,1940.0,xrb_ir_photometry/LOG_photometry.20130310thru20150430.csv,irdirecs/xrb_ir_photometry/,photometry,Disk,YALE-03A-0001,,ScoX-1,True,IR
binir140921.0067.fits,Sco x-1,16:19:55.02,-15:38:27.2,2014-09-22,00:51:55.636,2456922.53606,30.05,1.72,R,J,1140.0,1550.0,1900.0,xrb_ir_photometry/LOG_photometry.20130310thru20150430.csv,irdirecs/xrb_ir_photometry/,photometry,Disk,YALE-03A-0001,,ScoX-1,True,IR
binir140921.0068.fits,Sco x-1,16:19:55.04,-15:38:27.2,2014-09-22,00:52:41.459,2456922.53659,30.05,1.73,R,J,1100.0,1550.0,1940.0,xrb_ir_photometry/LOG_photometry.20130310thru20150430.csv,irdirecs/xrb_ir_photometry/,photometry,Disk,YALE-03A-0001,,ScoX-1,True,IR
binir140921.0069.fits,Sco x-1,16:19:55.02,-15:38:27.2,2014-09-22,00:53:27.434,2456922.53712,30.05,1.74,R,J,1140.0,1590.0,1860.0,xrb_ir_photometry/LOG_photometry.20130310thru20150430.csv,irdirecs/xrb_ir_photometry/,photometry,Disk,YALE-03A-0001,,ScoX-1,True,IR
binir140921.0064.fits,Sco x-1,16:19:55.04,-15:38:27.0,2014-09-22,00:49:37.537,2456922.53446,30.05,1.7,R,J,1100.0,1590.0,1900.0,xrb_ir_photometry/LOG_photometry.20130310thru20150430.csv,irdirecs/xrb_ir_photometry/,photometry,Disk,YALE-03A-0001,,ScoX-1,True,IR
binir140921.0062.fits,Sco x-1,16:19:55.05,-15:38:26.1,2014-09-22,00:46:44.071,2456922.53246,30.05,1.68,I,K,1100.0,1550.0,1940.0,xrb_ir_photometry/LOG_photometry.20130310thru20150430.csv,irdirecs/xrb_ir_photometry/,photometry,Disk,YALE-03A-0001,,ScoX-1,True,IR
binir140921.0029.fits,Sco x-1,16:19:55.29,-15:38:29.8,2014-09-22,00:07:33.765,2456922.50525,30.05,1.41,I,K,1100.0,1550.0,1940.0,xrb_ir_photometry/LOG_photometry.20130310thru20150430.csv,irdirecs/xrb_ir_photometry/,photometry,Disk,YALE-03A-0001,,ScoX-1,True,IR
binir140921.0022.fits,Sco x-1,16:19:55.37,-15:38:28.7,2014-09-22,00:00:38.455,2456922.50045,30.05,1.38,R,J,1140.0,1550.0,1900.0,xrb_ir_photometry/LOG_photometry.20130310thru20150430.csv,irdirecs/xrb_ir_photometry/,photometry,Disk,YALE-03A-0001,,ScoX-1,True,IR
binir140921.0023.fits,Sco x-1,16:19:55.40,-15:38:28.0,2014-09-22,00:01:24.251,2456922.50097,30.04,1.38,R,J,1100.0,1550.0,1940.0,xrb_ir_photometry/LOG_photometry.20130310thru20150430.csv,irdirecs/xrb_ir_photometry/,photometry,Disk,YALE-03A-0001,,ScoX-1,True,IR
binir140921.0024.fits,Sco x-1,16:19:55.36,-15:38:29.2,2014-09-22,00:02:10.312,2456922.50151,30.04,1.39,R,J,1140.0,1590.0,1860.0,xrb_ir_photometry/LOG_photometry.20130310thru20150430.csv,irdirecs/xrb_ir_photometry/,photometry,Disk,YALE-03A-0001,,ScoX-1,True,IR
binir140921.0025.fits,Sco x-1,16:19:55.32,-15:38:29.4,2014-09-22,00:04:29.797,2456922.50312,30.05,1.4,I,K,1100.0,1590.0,1900.0,xrb_ir_photometry/LOG_photometry.20130310thru20150430.csv,irdirecs/xrb_ir_photometry/,photometry,Disk,YALE-03A-0001,,ScoX-1,True,IR
binir140921.0026.fits,Sco x-1,16:19:55.32,-15:38:29.8,2014-09-22,00:05:15.643,2456922.50365,30.05,1.4,I,K,1100.0,1630.0,1860.0,xrb_ir_photometry/LOG_photometry.20130310thru20150430.csv,irdirecs/xrb_ir_photometry/,photometry,Disk,YALE-03A-0001,,ScoX-1,True,IR
binir140921.0027.fits,Sco x-1,16:19:55.32,-15:38:29.7,2014-09-22,00:06:01.826,2456922.50419,30.04,1.41,I,K,1060.0,1590.0,1940.0,xrb_ir_photometry/LOG_photometry.20130310thru20150430.csv,irdirecs/xrb_ir_photometry/,photometry,Disk,YALE-03A-0001,,ScoX-1,True,IR
binir140921.0028.fits,Sco x-1,16:19:55.30,-15:38:29.6,2014-09-22,00:06:48.053,2456922.50472,30.04,1.41,I,K,1140.0,1550.0,1900.0,xrb_ir_photometry/LOG_photometry.20130310thru20150430.csv,irdirecs/xrb_ir_photometry/,photometry,Disk,YALE-03A-0001,,ScoX-1,True,IR
binir140921.0030.fits,Sco x-1,16:19:55.30,-15:38:29.7,2014-09-22,00:08:19.898,2456922.50579,30.04,1.42,I,K,1140.0,1590.0,1860.0,xrb_ir_photometry/LOG_photometry.20130310thru20150430.csv,irdirecs/xrb_ir_photometry/,photometry,Disk,YALE-03A-0001,,ScoX-1,True,IR
binir140921.0061.fits,Sco x-1,16:19:55.06,-15:38:25.6,2014-09-22,00:45:58.296,2456922.53192,30.05,1.67,I,K,1140.0,1550.0,1900.0,xrb_ir_photometry/LOG_photometry.20130310thru20150430.csv,irdirecs/xrb_ir_photometry/,photometry,Disk,YALE-03A-0001,,ScoX-1,True,IR
binir150509.0172.fits,Sco X-1,16:19:54.98,-15:38:25.0,2015-05-10,03:43:56.130,2457152.65551,10.02,1.19,V,K,1060,1570,1960,usbdrivescrapelog_ScoX-1.csv,/USB3/archive/20150501ThruEnd/20150509/ir/copies/binir150509.0172.fits,,Data scrape,NOAO-15A-0005,/USB3/archive/20150501ThruEnd/20150509/ir/copies/binir150509.0172.fits,ScoX-1,True,IR
binir150509.0097.fits,Sco X-1,16:19:54.99,-15:38:24.9,2015-05-10,01:40:01.738,2457152.56946,10.03,1.97,V,K,1040,1590,1960,usbdrivescrapelog_ScoX-1.csv,/USB3/archive/20150501ThruEnd/20150509/ir/copies/binir150509.0097.fits,,Data scrape,NOAO-15A-0005,/USB3/archive/20150501ThruEnd/20150509/ir/copies/binir150509.0097.fits,ScoX-1,True,IR
binir150509.0098.fits,Sco X-1,16:19:54.92,-15:38:24.8,2015-05-10,01:41:23.778,2457152.57041,10.02,1.95,V,K,1040,1610,1940,usbdrivescrapelog_ScoX-1.csv,/USB3/archive/20150501ThruEnd/20150509/ir/copies/binir150509.0098.fits,,Data scrape,NOAO-15A-0005,/USB3/archive/20150501ThruEnd/20150509/ir/copies/binir150509.0098.fits,ScoX-1,True,IR
binir150509.0269.fits,Sco X-1,16:19:54.98,-15:38:24.9,2015-05-10,06:08:10.263,2457152.75567,10.02,1.04,V,K,1040,1590,1960,usbdrivescrapelog_ScoX-1.csv,/USB3/archive/20150501ThruEnd/20150509/ir/copies/binir150509.0269.fits,,Data scrape,NOAO-15A-0005,/USB3/archive/20150501ThruEnd/20150509/ir/copies/binir150509.0269.fits,ScoX-1,True,IR
binir150509.0104.fits,Sco X-1,16:19:54.94,-15:38:25.2,2015-05-10,01:53:23.408,2457152.57874,10.02,1.81,V,K,1020,1590,1980,usbdrivescrapelog_ScoX-1.csv,/USB3/archive/20150501ThruEnd/20150509/ir/copies/binir150509.0104.fits,,Data scrape,NOAO-15A-0005,/USB3/archive/20150501ThruEnd/20150509/ir/copies/binir150509.0104.fits,ScoX-1,True,IR
binir150509.0188.fits,Sco X-1,16:19:54.95,-15:38:25.1,2015-05-10,04:17:13.573,2457152.67862,10.04,1.12,V,K,1040,1570,1980,usbdrivescrapelog_ScoX-1.csv,/USB3/archive/20150501ThruEnd/20150509/ir/copies/binir150509.0188.fits,,Data scrape,NOAO-15A-0005,/USB3/archive/20150501ThruEnd/20150509/ir/copies/binir150509.0188.fits,ScoX-1,True,IR
binir150509.0181.fits,Sco X-1,16:19:54.98,-15:38:25.1,2015-05-10,04:03:49.424,2457152.66932,10.01,1.14,V,K,1020,1590,1980,usbdrivescrapelog_ScoX-1.csv,/USB3/archive/20150501ThruEnd/20150509/ir/copies/binir150509.0181.fits,,Data scrape,NOAO-15A-0005,/USB3/archive/20150501ThruEnd/20150509/ir/copies/binir150509.0181.fits,ScoX-1,True,IR
binir150509.0355.fits,Sco X-1,16:19:55.04,-15:38:25.5,2015-05-10,08:08:40.936,2457152.83936,10.02,1.21,V,K,1040,1610,1940,usbdrivescrapelog_ScoX-1.csv,/USB3/archive/20150501ThruEnd/20150509/ir/copies/binir150509.0355.fits,,Data scrape,NOAO-15A-0005,/USB3/archive/20150501ThruEnd/20150509/ir/copies/binir150509.0355.fits,ScoX-1,True,IR
binir150509.0315.fits,Sco X-1,16:19:54.98,-15:38:24.6,2015-05-10,07:15:26.557,2457152.80239,10.01,1.09,V,K,1060,1570,1960,usbdrivescrapelog_ScoX-1.csv,/USB3/archive/20150501ThruEnd/20150509/ir/copies/binir150509.0315.fits,,Data scrape,NOAO-15A-0005,/USB3/archive/20150501ThruEnd/20150509/ir/copies/binir150509.0315.fits,ScoX-1,True,IR
binir150509.0232.fits,Sco X-1,16:19:54.99,-15:38:25.1,2015-05-10,05:14:51.042,2457152.71864,10.0,1.05,V,K,1060,1570,1960,usbdrivescrapelog_ScoX-1.csv,/USB3/archive/20150501ThruEnd/20150509/ir/copies/binir150509.0232.fits,,Data scrape,NOAO-15A-0005,/USB3/archive/20150501ThruEnd/20150509/ir/copies/binir150509.0232.fits,ScoX-1,True,IR
binir150509.0183.fits,Sco X-1,16:19:54.99,-15:38:25.0,2015-05-10,04:06:32.523,2457152.6712,10.04,1.14,V,K,1040,1570,1980,usbdrivescrapelog_ScoX-1.csv,/USB3/archive/20150501ThruEnd/20150509/ir/copies/binir150509.0183.fits,,Data scrape,NOAO-15A-0005,/USB3/archive/20150501ThruEnd/20150509/ir/copies/binir150509.0183.fits,ScoX-1,True,IR
binir150509.0169.fits,Sco X-1,16:19:54.97,-15:38:25.1,2015-05-10,03:39:49.397,2457152.65265,10.03,1.2,V,K,1040,1590,1960,usbdrivescrapelog_ScoX-1.csv,/USB3/archive/20150501ThruEnd/20150509/ir/copies/binir150509.0169.fits,,Data scrape,NOAO-15A-0005,/USB3/archive/20150501ThruEnd/20150509/ir/copies/binir150509.0169.fits,ScoX-1,True,IR
binir150509.0233.fits,Sco X-1,16:19:54.99,-15:38:25.3,2015-05-10,05:16:13.056,2457152.71959,10.02,1.04,V,K,1040,1570,1980,usbdrivescrapelog_ScoX-1.csv,/USB3/archive/20150501ThruEnd/20150509/ir/copies/binir150509.0233.fits,,Data scrape,NOAO-15A-0005,/USB3/archive/20150501ThruEnd/20150509/ir/copies/binir150509.0233.fits,ScoX-1,True,IR
binir150509.0095.fits,Sco X-1,16:19:54.99,-15:38:25.9,2015-05-10,01:33:58.662,2457152.56526,10.04,2.05,V,K,1060,1570,1960,usbdrivescrapelog_ScoX-1.csv,/USB3/archive/20150501ThruEnd/20150509/ir/copies/binir150509.0095.fits,,Data scrape,NOAO-15A-0005,/USB3/archive/20150501ThruEnd/20150509/ir/copies/binir150509.0095.fits,ScoX-1,True,IR
binir150509.0108.fits,Sco X-1,16:19:54.95,-15:38:25.6,2015-05-10,02:02:38.631,2457152.58516,10.03,1.72,V,K,1040,1610,1940,usbdrivescrapelog_ScoX-1.csv,/USB3/archive/20150501ThruEnd/20150509/ir/copies/binir150509.0108.fits,,Data scrape,NOAO-15A-0005,/USB3/archive/20150501ThruEnd/20150509/ir/copies/binir150509.0108.fits,ScoX-1,True,IR
binir150509.0174.fits,Sco X-1,16:19:54.97,-15:38:25.0,2015-05-10,03:50:27.609,2457152.66004,10.02,1.18,V,K,1040,1590,1960,usbdrivescrapelog_ScoX-1.csv,/USB3/archive/20150501ThruEnd/20150509/ir/copies/binir150509.0174.fits,,Data scrape,NOAO-15A-0005,/USB3/archive/20150501ThruEnd/20150509/ir/copies/binir150509.0174.fits,ScoX-1,True,IR
binir150509.0099.fits,Sco X-1,16:19:54.95,-15:38:25.2,2015-05-10,01:42:45.861,2457152.57136,10.04,1.93,V,K,1020,1590,1980,usbdrivescrapelog_ScoX-1.csv,/USB3/archive/20150501ThruEnd/20150509/ir/copies/binir150509.0099.fits,,Data scrape,NOAO-15A-0005,/USB3/archive/20150501ThruEnd/20150509/ir/copies/binir150509.0099.fits,ScoX-1,True,IR
binir150509.0193.fits,Sco X-1,16:19:54.98,-15:38:25.1,2015-05-10,04:27:53.931,2457152.68604,10.03,1.1,V,K,1040,1570,1980,usbdrivescrapelog_ScoX-1.csv,/USB3/archive/20150501ThruEnd/20150509/ir/copies/binir150509.0193.fits,,Data scrape,NOAO-15A-0005,/USB3/archive/20150501ThruEnd/20150509/ir/copies/binir150509.0193.fits,ScoX-1,True,IR
binir150509.0102.fits,Sco X-1,16:19:54.93,-15:38:25.7,2015-05-10,01:50:39.015,2457152.57684,10.03,1.84,V,K,1040,1590,1960,usbdrivescrapelog_ScoX-1.csv,/USB3/archive/20150501ThruEnd/20150509/ir/copies/binir150509.0102.fits,,Data scrape,NOAO-15A-0005,/USB3/archive/20150501ThruEnd/20150509/ir/copies/binir150509.0102.fits,ScoX-1,True,IR
binir150509.0272.fits,Sco X-1,16:19:55.03,-15:38:26.4,2015-05-10,06:12:17.153,2457152.75853,10.04,1.04,V,K,1060,1570,1960,usbdrivescrapelog_ScoX-1.csv,/USB3/archive/20150501ThruEnd/20150509/ir/copies/binir150509.0272.fits,,Data scrape,NOAO-15A-0005,/USB3/archive/20150501ThruEnd/20150509/ir/copies/binir150509.0272.fits,ScoX-1,True,IR
binir150509.0356.fits,Sco X-1,16:19:55.04,-15:38:25.5,2015-05-10,08:10:03.445,2457152.84032,10.01,1.21,V,K,1020,1590,1980,usbdrivescrapelog_ScoX-1.csv,/USB3/archive/20150501ThruEnd/20150509/ir/copies/binir150509.0356.fits,,Data scrape,NOAO-15A-0005,/USB3/archive/20150501ThruEnd/20150509/ir/copies/binir150509.0356.fits,ScoX-1,True,IR
binir150509.0314.fits,Sco X-1,16:19:54.97,-15:38:24.6,2015-05-10,07:14:04.340,2457152.80144,10.01,1.09,V,K,1020,1590,1980,usbdrivescrapelog_ScoX-1.csv,/USB3/archive/20150501ThruEnd/20150509/ir/copies/binir150509.0314.fits,,Data scrape,NOAO-15A-0005,/USB3/archive/20150501ThruEnd/20150509/ir/copies/binir150509.0314.fits,ScoX-1,True,IR
binir150509.0110.fits,Sco X-1,16:19:54.95,-15:38:25.4,2015-05-10,02:05:23.500,2457152.58707,10.04,1.7,V,K,1060,1570,1960,usbdrivescrapelog_ScoX-1.csv,/USB3/archive/20150501ThruEnd/20150509/ir/copies/binir150509.0110.fits,,Data scrape,NOAO-15A-0005,/USB3/archive/20150501ThruEnd/20150509/ir/copies/binir150509.0110.fits,ScoX-1,True,IR
binir150509.0092.fits,Sco X-1,16:19:54.99,-15:38:25.6,2015-05-10,01:29:52.588,2457152.56241,10.02,2.1,V,K,1040,1590,1960,usbdrivescrapelog_ScoX-1.csv,/USB3/archive/20150501ThruEnd/20150509/ir/copies/binir150509.0092.fits,,Data scrape,NOAO-15A-0005,/USB3/archive/20150501ThruEnd/20150509/ir/copies/binir150509.0092.fits,ScoX-1,True,IR
binir150509.0313.fits,Sco X-1,16:19:55.00,-15:38:24.5,2015-05-10,07:12:42.188,2457152.80049,10.01,1.09,V,K,1040,1610,1940,usbdrivescrapelog_ScoX-1.csv,/USB3/archive/20150501ThruEnd/20150509/ir/copies/binir150509.0313.fits,,Data scrape,NOAO-15A-0005,/USB3/archive/20150501ThruEnd/20150509/ir/copies/binir150509.0313.fits,ScoX-1,True,IR
binir150509.0101.fits,Sco X-1,16:19:54.96,-15:38:25.4,2015-05-10,01:45:30.604,2457152.57327,10.03,1.9,V,K,1040,1570,1980,usbdrivescrapelog_ScoX-1.csv,/USB3/archive/20150501ThruEnd/20150509/ir/copies/binir150509.0101.fits,,Data scrape,NOAO-15A-0005,/USB3/archive/20150501ThruEnd/20150509/ir/copies/binir150509.0101.fits,ScoX-1,True,IR
binir150509.0171.fits,Sco X-1,16:19:54.99,-15:38:25.9,2015-05-10,03:42:34.006,2457152.65456,10.02,1.2,V,K,1020,1590,1980,usbdrivescrapelog_ScoX-1.csv,/USB3/archive/20150501ThruEnd/20150509/ir/copies/binir150509.0171.fits,,Data scrape,NOAO-15A-0005,/USB3/archive/20150501ThruEnd/20150509/ir/copies/binir150509.0171.fits,ScoX-1,True,IR
binir150509.0230.fits,Sco X-1,16:19:55.03,-15:38:25.2,2015-05-10,05:12:06.135,2457152.71673,10.02,1.05,V,K,1040,1610,1940,usbdrivescrapelog_ScoX-1.csv,/USB3/archive/20150501ThruEnd/20150509/ir/copies/binir150509.0230.fits,,Data scrape,NOAO-15A-0005,/USB3/archive/20150501ThruEnd/20150509/ir/copies/binir150509.0230.fits,ScoX-1,True,IR
binir150509.0186.fits,Sco X-1,16:19:54.97,-15:38:25.0,2015-05-10,04:14:29.369,2457152.67672,10.0,1.12,V,K,1020,1590,1980,usbdrivescrapelog_ScoX-1.csv,/USB3/archive/20150501ThruEnd/20150509/ir/copies/binir150509.0186.fits,,Data scrape,NOAO-15A-0005,/USB3/archive/20150501ThruEnd/20150509/ir/copies/binir150509.0186.fits,ScoX-1,True,IR
binir150509.0109.fits,Sco X-1,16:19:54.93,-15:38:25.4,2015-05-10,02:04:00.830,2457152.58612,10.02,1.71,V,K,1020,1590,1980,usbdrivescrapelog_ScoX-1.csv,/USB3/archive/20150501ThruEnd/20150509/ir/copies/binir150509.0109.fits,,Data scrape,NOAO-15A-0005,/USB3/archive/20150501ThruEnd/20150509/ir/copies/binir150509.0109.fits,ScoX-1,True,IR
binir150509.0182.fits,Sco X-1,16:19:54.95,-15:38:25.0,2015-05-10,04:05:11.203,2457152.67026,10.0,1.14,V,K,1060,1570,1960,usbdrivescrapelog_ScoX-1.csv,/USB3/archive/20150501ThruEnd/20150509/ir/copies/binir150509.0182.fits,,Data scrape,NOAO-15A-0005,/USB3/archive/20150501ThruEnd/20150509/ir/copies/binir150509.0182.fits,ScoX-1,True,IR
binir150509.0190.fits,Sco X-1,16:19:54.94,-15:38:25.0,2015-05-10,04:23:47.098,2457152.68318,10.02,1.1,V,K,1040,1610,1940,usbdrivescrapelog_ScoX-1.csv,/USB3/archive/20150501ThruEnd/20150509/ir/copies/binir150509.0190.fits,,Data scrape,NOAO-15A-0005,/USB3/archive/20150501ThruEnd/20150509/ir/copies/binir150509.0190.fits,ScoX-1,True,IR
binir150509.0229.fits,Sco X-1,16:19:54.98,-15:38:25.1,2015-05-10,05:10:43.758,2457152.71578,10.03,1.05,V,K,1040,1590,1960,usbdrivescrapelog_ScoX-1.csv,/USB3/archive/20150501ThruEnd/20150509/ir/copies/binir150509.0229.fits,,Data scrape,NOAO-15A-0005,/USB3/archive/20150501ThruEnd/20150509/ir/copies/binir150509.0229.fits,ScoX-1,True,IR
binir150509.0271.fits,Sco X-1,16:19:55.04,-15:38:26.0,2015-05-10,06:10:55.008,2457152.75758,10.03,1.04,V,K,1020,1590,1980,usbdrivescrapelog_ScoX-1.csv,/USB3/archive/20150501ThruEnd/20150509/ir/copies/binir150509.0271.fits,,Data scrape,NOAO-15A-0005,/USB3/archive/20150501ThruEnd/20150509/ir/copies/binir150509.0271.fits,ScoX-1,True,IR
binir150509.0270.fits,Sco X-1,16:19:55.03,-15:38:25.4,2015-05-10,06:09:32.767,2457152.75663,10.02,1.04,V,K,1040,1610,1940,usbdrivescrapelog_ScoX-1.csv,/USB3/archive/20150501ThruEnd/20150509/ir/copies/binir150509.0270.fits,,Data scrape,NOAO-15A-0005,/USB3/archive/20150501ThruEnd/20150509/ir/copies/binir150509.0270.fits,ScoX-1,True,IR
binir150509.0179.fits,Sco X-1,16:19:54.99,-15:38:25.1,2015-05-10,04:01:05.682,2457152.66742,10.01,1.15,V,K,1040,1590,1960,usbdrivescrapelog_ScoX-1.csv,/USB3/archive/20150501ThruEnd/20150509/ir/copies/binir150509.0179.fits,,Data scrape,NOAO-15A-0005,/USB3/archive/20150501ThruEnd/20150509/ir/copies/binir150509.0179.fits,ScoX-1,True,IR
binir150509.0106.fits,Sco X-1,16:19:54.96,-15:38:25.3,2015-05-10,01:56:08.344,2457152.58065,10.04,1.79,V,K,1040,1570,1980,usbdrivescrapelog_ScoX-1.csv,/USB3/archive/20150501ThruEnd/20150509/ir/copies/binir150509.0106.fits,,Data scrape,NOAO-15A-0005,/USB3/archive/20150501ThruEnd/20150509/ir/copies/binir150509.0106.fits,ScoX-1,True,IR
binir150510.0105.fits,Sco X-1,16:19:54.98,-15:38:24.8,2015-05-11,01:44:03.028,2457153.57225,10.02,1.87,V,K,1040,1590,1960,usbdrivescrapelog_ScoX-1.csv,/USB3/archive/20150501ThruEnd/20150510/ir/binir150510.0105.fits,,Data scrape,NOAO-15A-0005,/USB3/archive/20150501ThruEnd/20150510/ir/binir150510.0105.fits,ScoX-1,True,IR
binir150510.0317.fits,Sco X-1,16:19:55.09,-15:38:25.7,2015-05-11,08:20:11.201,2457153.84735,10.02,1.26,V,K,1060,1570,1960,usbdrivescrapelog_ScoX-1.csv,/USB3/archive/20150501ThruEnd/20150510/ir/binir150510.0317.fits,,Data scrape,NOAO-15A-0005,/USB3/archive/20150501ThruEnd/20150510/ir/binir150510.0317.fits,ScoX-1,True,IR
binir150510.0226.fits,Sco X-1,16:19:55.00,-15:38:25.2,2015-05-11,06:01:15.640,2457153.75087,10.03,1.03,V,K,1040,1590,1960,usbdrivescrapelog_ScoX-1.csv,/USB3/archive/20150501ThruEnd/20150510/ir/binir150510.0226.fits,,Data scrape,NOAO-15A-0005,/USB3/archive/20150501ThruEnd/20150510/ir/binir150510.0226.fits,ScoX-1,True,IR
binir150510.0318.fits,Sco X-1,16:19:55.11,-15:38:25.8,2015-05-11,08:21:33.473,2457153.8483,10.01,1.27,V,K,1040,1570,1980,usbdrivescrapelog_ScoX-1.csv,/USB3/archive/20150501ThruEnd/20150510/ir/binir150510.0318.fits,,Data scrape,NOAO-15A-0005,/USB3/archive/20150501ThruEnd/20150510/ir/binir150510.0318.fits,ScoX-1,True,IR
binir150510.0274.fits,Sco X-1,16:19:55.04,-15:38:25.0,2015-05-11,07:09:11.886,2457153.79805,10.01,1.09,V,K,1040,1570,1980,usbdrivescrapelog_ScoX-1.csv,/USB3/archive/20150501ThruEnd/20150510/ir/binir150510.0274.fits,,Data scrape,NOAO-15A-0005,/USB3/archive/20150501ThruEnd/20150510/ir/binir150510.0274.fits,ScoX-1,True,IR
binir150510.0300.fits,Sco X-1,16:19:55.02,-15:38:26.3,2015-05-11,08:01:14.913,2457153.8342,10.02,1.2,V,K,1060,1570,1960,usbdrivescrapelog_ScoX-1.csv,/USB3/archive/20150501ThruEnd/20150510/ir/binir150510.0300.fits,,Data scrape,NOAO-15A-0005,/USB3/archive/20150501ThruEnd/20150510/ir/binir150510.0300.fits,ScoX-1,True,IR
binir150510.0108.fits,Sco X-1,16:19:55.01,-15:38:25.1,2015-05-11,01:48:09.796,2457153.57511,10.02,1.83,V,K,1060,1570,1960,usbdrivescrapelog_ScoX-1.csv,/USB3/archive/20150501ThruEnd/20150510/ir/binir150510.0108.fits,,Data scrape,NOAO-15A-0005,/USB3/archive/20150501ThruEnd/20150510/ir/binir150510.0108.fits,ScoX-1,True,IR
binir150510.0230.fits,Sco X-1,16:19:55.02,-15:38:26.1,2015-05-11,06:06:45.067,2457153.75469,10.03,1.04,V,K,1040,1570,1980,usbdrivescrapelog_ScoX-1.csv,/USB3/archive/20150501ThruEnd/20150510/ir/binir150510.0230.fits,,Data scrape,NOAO-15A-0005,/USB3/archive/20150501ThruEnd/20150510/ir/binir150510.0230.fits,ScoX-1,True,IR
binir150510.0109.fits,Sco X-1,16:19:55.06,-15:38:24.8,2015-05-11,01:49:31.759,2457153.57606,10.02,1.81,V,K,1040,1570,1980,usbdrivescrapelog_ScoX-1.csv,/USB3/archive/20150501ThruEnd/20150510/ir/binir150510.0109.fits,,Data scrape,NOAO-15A-0005,/USB3/archive/20150501ThruEnd/20150510/ir/binir150510.0109.fits,ScoX-1,True,IR
binir150510.0314.fits,Sco X-1,16:19:55.02,-15:38:24.9,2015-05-11,08:16:04.676,2457153.8445,10.01,1.25,V,K,1040,1590,1960,usbdrivescrapelog_ScoX-1.csv,/USB3/archive/20150501ThruEnd/20150510/ir/binir150510.0314.fits,,Data scrape,NOAO-15A-0005,/USB3/archive/20150501ThruEnd/20150510/ir/binir150510.0314.fits,ScoX-1,True,IR
binir150510.0270.fits,Sco X-1,16:19:55.00,-15:38:24.9,2015-05-11,07:03:42.851,2457153.79424,10.02,1.08,V,K,1040,1590,1960,usbdrivescrapelog_ScoX-1.csv,/USB3/archive/20150501ThruEnd/20150510/ir/binir150510.0270.fits,,Data scrape,NOAO-15A-0005,/USB3/archive/20150501ThruEnd/20150510/ir/binir150510.0270.fits,ScoX-1,True,IR
binir150510.0256.fits,Sco X-1,16:19:55.13,-15:38:25.0,2015-05-11,06:48:57.152,2457153.78399,10.03,1.06,V,K,1060,1570,1960,usbdrivescrapelog_ScoX-1.csv,/USB3/archive/20150501ThruEnd/20150510/ir/binir150510.0256.fits,,Data scrape,NOAO-15A-0005,/USB3/archive/20150501ThruEnd/20150510/ir/binir150510.0256.fits,ScoX-1,True,IR
binir150510.0316.fits,Sco X-1,16:19:55.05,-15:38:25.4,2015-05-11,08:18:48.822,2457153.8464,10.04,1.26,V,K,1020,1590,1980,usbdrivescrapelog_ScoX-1.csv,/USB3/archive/20150501ThruEnd/20150510/ir/binir150510.0316.fits,,Data scrape,NOAO-15A-0005,/USB3/archive/20150501ThruEnd/20150510/ir/binir150510.0316.fits,ScoX-1,True,IR
binir150510.0299.fits,Sco X-1,16:19:55.05,-15:38:25.8,2015-05-11,07:59:52.565,2457153.83324,10.03,1.2,V,K,1020,1590,1980,usbdrivescrapelog_ScoX-1.csv,/USB3/archive/20150501ThruEnd/20150510/ir/binir150510.0299.fits,,Data scrape,NOAO-15A-0005,/USB3/archive/20150501ThruEnd/20150510/ir/binir150510.0299.fits,ScoX-1,True,IR
binir150510.0106.fits,Sco X-1,16:19:54.96,-15:38:25.1,2015-05-11,01:45:25.566,2457153.57321,10.0,1.86,V,K,1040,1610,1940,usbdrivescrapelog_ScoX-1.csv,/USB3/archive/20150501ThruEnd/20150510/ir/binir150510.0106.fits,,Data scrape,NOAO-15A-0005,/USB3/archive/20150501ThruEnd/20150510/ir/binir150510.0106.fits,ScoX-1,True,IR
binir150510.0143.fits,Sco X-1,16:19:54.85,-15:38:24.4,2015-05-11,02:46:18.609,2457153.61549,10.01,1.4,V,K,1060,1570,1960,usbdrivescrapelog_ScoX-1.csv,/USB3/archive/20150501ThruEnd/20150510/ir/binir150510.0143.fits,,Data scrape,NOAO-15A-0005,/USB3/archive/20150501ThruEnd/20150510/ir/binir150510.0143.fits,ScoX-1,True,IR
binir150510.0107.fits,Sco X-1,16:19:55.02,-15:38:25.1,2015-05-11,01:46:47.564,2457153.57416,10.01,1.84,V,K,1020,1590,1980,usbdrivescrapelog_ScoX-1.csv,/USB3/archive/20150501ThruEnd/20150510/ir/binir150510.0107.fits,,Data scrape,NOAO-15A-0005,/USB3/archive/20150501ThruEnd/20150510/ir/binir150510.0107.fits,ScoX-1,True,IR
binir150511.0174.fits,Sco X-1,16:19:54.97,-15:38:24.9,2015-05-12,02:53:51.828,2457154.62074,10.0,1.34,V,K,1040,1590,1960,usbdrivescrapelog_ScoX-1.csv,/USB3/archive/20150501ThruEnd/20150511/ir/binir150511.0174.fits,,Data scrape,NOAO-15A-0005,/USB3/archive/20150501ThruEnd/20150511/ir/binir150511.0174.fits,ScoX-1,True,IR
binir150511.0337.fits,Sco X-1,16:19:54.99,-15:38:25.0,2015-05-12,07:49:34.531,2457154.8261,10.02,1.18,V,K,1040,1590,1960,usbdrivescrapelog_ScoX-1.csv,/USB3/archive/20150501ThruEnd/20150511/ir/binir150511.0337.fits,,Data scrape,NOAO-15A-0005,/USB3/archive/20150501ThruEnd/20150511/ir/binir150511.0337.fits,ScoX-1,True,IR
binir150511.0158.fits,Sco X-1,16:19:54.95,-15:38:25.6,2015-05-12,02:32:21.646,2457154.60581,10.02,1.45,V,K,1020,1590,1980,usbdrivescrapelog_ScoX-1.csv,/USB3/archive/20150501ThruEnd/20150511/ir/binir150511.0158.fits,,Data scrape,NOAO-15A-0005,/USB3/archive/20150501ThruEnd/20150511/ir/binir150511.0158.fits,ScoX-1,True,IR
binir150511.0224.fits,Sco X-1,16:19:55.00,-15:38:24.3,2015-05-12,05:12:08.958,2457154.71677,10.02,1.04,V,K,1060,1570,1960,usbdrivescrapelog_ScoX-1.csv,/USB3/archive/20150501ThruEnd/20150511/ir/binir150511.0224.fits,,Data scrape,NOAO-15A-0005,/USB3/archive/20150501ThruEnd/20150511/ir/binir150511.0224.fits,ScoX-1,True,IR
binir150511.0342.fits,Sco X-1,16:19:55.16,-15:38:26.1,2015-05-12,08:00:29.322,2457154.83368,10.02,1.21,V,K,1040,1590,1960,usbdrivescrapelog_ScoX-1.csv,/USB3/archive/20150501ThruEnd/20150511/ir/binir150511.0342.fits,,Data scrape,NOAO-15A-0005,/USB3/archive/20150501ThruEnd/20150511/ir/binir150511.0342.fits,ScoX-1,True,IR
binir150511.0157.fits,Sco X-1,16:19:55.02,-15:38:25.6,2015-05-12,02:30:59.433,2457154.60486,10.03,1.46,V,K,1040,1610,1940,usbdrivescrapelog_ScoX-1.csv,/USB3/archive/20150501ThruEnd/20150511/ir/binir150511.0157.fits,,Data scrape,NOAO-15A-0005,/USB3/archive/20150501ThruEnd/20150511/ir/binir150511.0157.fits,ScoX-1,True,IR
binir150511.0302.fits,Sco X-1,16:19:54.95,-15:38:25.6,2015-05-12,07:03:13.588,2457154.79391,10.01,1.09,V,K,1040,1570,1980,usbdrivescrapelog_ScoX-1.csv,/USB3/archive/20150501ThruEnd/20150511/ir/binir150511.0302.fits,,Data scrape,NOAO-15A-0005,/USB3/archive/20150501ThruEnd/20150511/ir/binir150511.0302.fits,ScoX-1,True,IR
binir150511.0339.fits,Sco X-1,16:19:55.01,-15:38:25.0,2015-05-12,07:52:18.978,2457154.828,10.03,1.19,V,K,1020,1590,1980,usbdrivescrapelog_ScoX-1.csv,/USB3/archive/20150501ThruEnd/20150511/ir/binir150511.0339.fits,,Data scrape,NOAO-15A-0005,/USB3/archive/20150501ThruEnd/20150511/ir/binir150511.0339.fits,ScoX-1,True,IR
binir150511.0344.fits,Sco X-1,16:19:55.28,-15:38:27.3,2015-05-12,08:03:13.667,2457154.83558,10.01,1.22,V,K,1020,1590,1980,usbdrivescrapelog_ScoX-1.csv,/USB3/archive/20150501ThruEnd/20150511/ir/binir150511.0344.fits,,Data scrape,NOAO-15A-0005,/USB3/archive/20150501ThruEnd/20150511/ir/binir150511.0344.fits,ScoX-1,True,IR
binir150510.0255.fits,Sco X-1,16:19:55.09,-15:38:25.0,2015-05-11,06:47:34.867,2457153.78304,10.02,1.06,V,K,1020,1590,1980,usbdrivescrapelog_ScoX-1.csv,/USB3/archive/20150501ThruEnd/20150510/ir/binir150510.0255.fits,,Data scrape,NOAO-15A-0005,/USB3/archive/20150501ThruEnd/20150510/ir/binir150510.0255.fits,ScoX-1,True,IR
binir150510.0144.fits,Sco X-1,16:19:54.80,-15:38:24.3,2015-05-11,02:47:40.699,2457153.61644,10.03,1.39,V,K,1040,1570,1980,usbdrivescrapelog_ScoX-1.csv,/USB3/archive/20150501ThruEnd/20150510/ir/binir150510.0144.fits,,Data scrape,NOAO-15A-0005,/USB3/archive/20150501ThruEnd/20150510/ir/binir150510.0144.fits,ScoX-1,True,IR
binir150510.0141.fits,Sco X-1,16:19:54.95,-15:38:24.6,2015-05-11,02:43:34.015,2457153.61358,10.02,1.41,V,K,1040,1610,1940,usbdrivescrapelog_ScoX-1.csv,/USB3/archive/20150501ThruEnd/20150510/ir/binir150510.0141.fits,,Data scrape,NOAO-15A-0005,/USB3/archive/20150501ThruEnd/20150510/ir/binir150510.0141.fits,ScoX-1,True,IR
binir150510.0298.fits,Sco X-1,16:19:54.95,-15:38:25.6,2015-05-11,07:58:30.401,2457153.83229,10.02,1.19,V,K,1040,1610,1940,usbdrivescrapelog_ScoX-1.csv,/USB3/archive/20150501ThruEnd/20150510/ir/binir150510.0298.fits,,Data scrape,NOAO-15A-0005,/USB3/archive/20150501ThruEnd/20150510/ir/binir150510.0298.fits,ScoX-1,True,IR
binir150510.0273.fits,Sco X-1,16:19:55.04,-15:38:24.9,2015-05-11,07:07:49.566,2457153.7971,10.02,1.09,V,K,1060,1570,1960,usbdrivescrapelog_ScoX-1.csv,/USB3/archive/20150501ThruEnd/20150510/ir/binir150510.0273.fits,,Data scrape,NOAO-15A-0005,/USB3/archive/20150501ThruEnd/20150510/ir/binir150510.0273.fits,ScoX-1,True,IR
binir150510.0297.fits,Sco X-1,16:19:54.97,-15:38:25.2,2015-05-11,07:57:08.379,2457153.83135,10.03,1.19,V,K,1040,1590,1960,usbdrivescrapelog_ScoX-1.csv,/USB3/archive/20150501ThruEnd/20150510/ir/binir150510.0297.fits,,Data scrape,NOAO-15A-0005,/USB3/archive/20150501ThruEnd/20150510/ir/binir150510.0297.fits,ScoX-1,True,IR
binir150510.0229.fits,Sco X-1,16:19:55.03,-15:38:25.9,2015-05-11,06:05:21.925,2457153.75372,10.01,1.04,V,K,1060,1570,1960,usbdrivescrapelog_ScoX-1.csv,/USB3/archive/20150501ThruEnd/20150510/ir/binir150510.0229.fits,,Data scrape,NOAO-15A-0005,/USB3/archive/20150501ThruEnd/20150510/ir/binir150510.0229.fits,ScoX-1,True,IR
binir150510.0257.fits,Sco X-1,16:19:55.18,-15:38:24.6,2015-05-11,06:50:19.723,2457153.78495,10.02,1.07,V,K,1040,1570,1980,usbdrivescrapelog_ScoX-1.csv,/USB3/archive/20150501ThruEnd/20150510/ir/binir150510.0257.fits,,Data scrape,NOAO-15A-0005,/USB3/archive/20150501ThruEnd/20150510/ir/binir150510.0257.fits,ScoX-1,True,IR
binir150510.0272.fits,Sco X-1,16:19:55.04,-15:38:25.0,2015-05-11,07:06:27.229,2457153.79615,10.02,1.09,V,K,1020,1590,1980,usbdrivescrapelog_ScoX-1.csv,/USB3/archive/20150501ThruEnd/20150510/ir/binir150510.0272.fits,,Data scrape,NOAO-15A-0005,/USB3/archive/20150501ThruEnd/20150510/ir/binir150510.0272.fits,ScoX-1,True,IR
binir150510.0142.fits,Sco X-1,16:19:54.89,-15:38:24.6,2015-05-11,02:44:56.412,2457153.61454,10.01,1.4,V,K,1020,1590,1980,usbdrivescrapelog_ScoX-1.csv,/USB3/archive/20150501ThruEnd/20150510/ir/binir150510.0142.fits,,Data scrape,NOAO-15A-0005,/USB3/archive/20150501ThruEnd/20150510/ir/binir150510.0142.fits,ScoX-1,True,IR
binir150510.0228.fits,Sco X-1,16:19:55.02,-15:38:25.6,2015-05-11,06:03:59.659,2457153.75277,10.0,1.03,V,K,1020,1590,1980,usbdrivescrapelog_ScoX-1.csv,/USB3/archive/20150501ThruEnd/20150510/ir/binir150510.0228.fits,,Data scrape,NOAO-15A-0005,/USB3/archive/20150501ThruEnd/20150510/ir/binir150510.0228.fits,ScoX-1,True,IR
binir150510.0254.fits,Sco X-1,16:19:55.03,-15:38:25.4,2015-05-11,06:46:12.602,2457153.78209,10.03,1.06,V,K,1040,1610,1940,usbdrivescrapelog_ScoX-1.csv,/USB3/archive/20150501ThruEnd/20150510/ir/binir150510.0254.fits,,Data scrape,NOAO-15A-0005,/USB3/archive/20150501ThruEnd/20150510/ir/binir150510.0254.fits,ScoX-1,True,IR
binir150510.0253.fits,Sco X-1,16:19:55.02,-15:38:25.2,2015-05-11,06:44:50.891,2457153.78114,10.01,1.06,V,K,1040,1590,1960,usbdrivescrapelog_ScoX-1.csv,/USB3/archive/20150501ThruEnd/20150510/ir/binir150510.0253.fits,,Data scrape,NOAO-15A-0005,/USB3/archive/20150501ThruEnd/20150510/ir/binir150510.0253.fits,ScoX-1,True,IR
binir150510.0140.fits,Sco X-1,16:19:54.99,-15:38:24.9,2015-05-11,02:42:11.588,2457153.61263,10.01,1.42,V,K,1040,1590,1960,usbdrivescrapelog_ScoX-1.csv,/USB3/archive/20150501ThruEnd/20150510/ir/binir150510.0140.fits,,Data scrape,NOAO-15A-0005,/USB3/archive/20150501ThruEnd/20150510/ir/binir150510.0140.fits,ScoX-1,True,IR
binir150510.0227.fits,Sco X-1,16:19:55.01,-15:38:25.5,2015-05-11,06:02:37.656,2457153.75182,10.01,1.03,V,K,1040,1610,1940,usbdrivescrapelog_ScoX-1.csv,/USB3/archive/20150501ThruEnd/20150510/ir/binir150510.0227.fits,,Data scrape,NOAO-15A-0005,/USB3/archive/20150501ThruEnd/20150510/ir/binir150510.0227.fits,ScoX-1,True,IR
binir150510.0315.fits,Sco X-1,16:19:54.99,-15:38:25.1,2015-05-11,08:17:26.683,2457153.84545,10.02,1.25,V,K,1040,1610,1940,usbdrivescrapelog_ScoX-1.csv,/USB3/archive/20150501ThruEnd/20150510/ir/binir150510.0315.fits,,Data scrape,NOAO-15A-0005,/USB3/archive/20150501ThruEnd/20150510/ir/binir150510.0315.fits,ScoX-1,True,IR
binir150510.0301.fits,Sco X-1,16:19:55.10,-15:38:26.5,2015-05-11,08:02:37.084,2457153.83515,10.0,1.2,V,K,1040,1570,1980,usbdrivescrapelog_ScoX-1.csv,/USB3/archive/20150501ThruEnd/20150510/ir/binir150510.0301.fits,,Data scrape,NOAO-15A-0005,/USB3/archive/20150501ThruEnd/20150510/ir/binir150510.0301.fits,ScoX-1,True,IR
binir150510.0271.fits,Sco X-1,16:19:55.03,-15:38:24.7,2015-05-11,07:05:04.885,2457153.79519,10.02,1.08,V,K,1040,1610,1940,usbdrivescrapelog_ScoX-1.csv,/USB3/archive/20150501ThruEnd/20150510/ir/binir150510.0271.fits,,Data scrape,NOAO-15A-0005,/USB3/archive/20150501ThruEnd/20150510/ir/binir150510.0271.fits,ScoX-1,True,IR
binir150511.0159.fits,Sco X-1,16:19:54.96,-15:38:25.7,2015-05-12,02:33:44.085,2457154.60676,10.01,1.44,V,K,1060,1570,1960,usbdrivescrapelog_ScoX-1.csv,/USB3/archive/20150501ThruEnd/20150511/ir/binir150511.0159.fits,,Data scrape,NOAO-15A-0005,/USB3/archive/20150501ThruEnd/20150511/ir/binir150511.0159.fits,ScoX-1,True,IR
binir150511.0369.fits,Sco X-1,16:19:54.99,-15:38:25.2,2015-05-12,08:35:30.653,2457154.858,10.02,1.34,V,K,1040,1590,1960,usbdrivescrapelog_ScoX-1.csv,/USB3/archive/20150501ThruEnd/20150511/ir/binir150511.0369.fits,,Data scrape,NOAO-15A-0005,/USB3/archive/20150501ThruEnd/20150511/ir/binir150511.0369.fits,ScoX-1,True,IR
binir150511.0132.fits,Sco X-1,16:19:54.98,-15:38:25.0,2015-05-12,01:47:45.109,2457154.57483,10.01,1.79,V,K,1040,1610,1940,usbdrivescrapelog_ScoX-1.csv,/USB3/archive/20150501ThruEnd/20150511/ir/binir150511.0132.fits,,Data scrape,NOAO-15A-0005,/USB3/archive/20150501ThruEnd/20150511/ir/binir150511.0132.fits,ScoX-1,True,IR
binir150509.0176.fits,Sco X-1,16:19:55.00,-15:38:25.1,2015-05-10,03:53:11.370,2457152.66193,10.01,1.17,V,K,1020,1590,1980,usbdrivescrapelog_ScoX-1.csv,/USB3/archive/20150501ThruEnd/20150509/ir/copies/binir150509.0176.fits,,Data scrape,NOAO-15A-0005,/USB3/archive/20150501ThruEnd/20150509/ir/copies/binir150509.0176.fits,ScoX-1,True,IR
binir150509.0175.fits,Sco X-1,16:19:54.98,-15:38:25.0,2015-05-10,03:51:49.438,2457152.66099,10.02,1.17,V,K,1040,1610,1940,usbdrivescrapelog_ScoX-1.csv,/USB3/archive/20150501ThruEnd/20150509/ir/copies/binir150509.0175.fits,,Data scrape,NOAO-15A-0005,/USB3/archive/20150501ThruEnd/20150509/ir/copies/binir150509.0175.fits,ScoX-1,True,IR
binir150509.0096.fits,Sco X-1,16:19:54.99,-15:38:24.2,2015-05-10,01:35:21.117,2457152.56621,10.02,2.03,V,K,1040,1570,1980,usbdrivescrapelog_ScoX-1.csv,/USB3/archive/20150501ThruEnd/20150509/ir/copies/binir150509.0096.fits,,Data scrape,NOAO-15A-0005,/USB3/archive/20150501ThruEnd/20150509/ir/copies/binir150509.0096.fits,ScoX-1,True,IR
binir150509.0187.fits,Sco X-1,16:19:54.96,-15:38:25.1,2015-05-10,04:15:51.562,2457152.67768,10.02,1.12,V,K,1060,1570,1960,usbdrivescrapelog_ScoX-1.csv,/USB3/archive/20150501ThruEnd/20150509/ir/copies/binir150509.0187.fits,,Data scrape,NOAO-15A-0005,/USB3/archive/20150501ThruEnd/20150509/ir/copies/binir150509.0187.fits,ScoX-1,True,IR
binir150509.0093.fits,Sco X-1,16:19:54.93,-15:38:24.3,2015-05-10,01:31:14.392,2457152.56336,10.02,2.08,V,K,1040,1610,1940,usbdrivescrapelog_ScoX-1.csv,/USB3/archive/20150501ThruEnd/20150509/ir/copies/binir150509.0093.fits,,Data scrape,NOAO-15A-0005,/USB3/archive/20150501ThruEnd/20150509/ir/copies/binir150509.0093.fits,ScoX-1,True,IR
binir150509.0173.fits,Sco X-1,16:19:55.09,-15:38:25.0,2015-05-10,03:45:18.236,2457152.65646,10.02,1.19,V,K,1040,1570,1980,usbdrivescrapelog_ScoX-1.csv,/USB3/archive/20150501ThruEnd/20150509/ir/copies/binir150509.0173.fits,,Data scrape,NOAO-15A-0005,/USB3/archive/20150501ThruEnd/20150509/ir/copies/binir150509.0173.fits,ScoX-1,True,IR
binir150509.0094.fits,Sco X-1,16:19:55.00,-15:38:24.7,2015-05-10,01:32:36.548,2457152.56431,10.01,2.06,V,K,1020,1590,1980,usbdrivescrapelog_ScoX-1.csv,/USB3/archive/20150501ThruEnd/20150509/ir/copies/binir150509.0094.fits,,Data scrape,NOAO-15A-0005,/USB3/archive/20150501ThruEnd/20150509/ir/copies/binir150509.0094.fits,ScoX-1,True,IR
binir150509.0312.fits,Sco X-1,16:19:54.99,-15:38:24.8,2015-05-10,07:11:20.161,2457152.79954,10.01,1.09,V,K,1040,1590,1960,usbdrivescrapelog_ScoX-1.csv,/USB3/archive/20150501ThruEnd/20150509/ir/copies/binir150509.0312.fits,,Data scrape,NOAO-15A-0005,/USB3/archive/20150501ThruEnd/20150509/ir/copies/binir150509.0312.fits,ScoX-1,True,IR
binir150509.0170.fits,Sco X-1,16:19:54.98,-15:38:25.2,2015-05-10,03:41:11.660,2457152.6536,10.01,1.2,V,K,1040,1610,1940,usbdrivescrapelog_ScoX-1.csv,/USB3/archive/20150501ThruEnd/20150509/ir/copies/binir150509.0170.fits,,Data scrape,NOAO-15A-0005,/USB3/archive/20150501ThruEnd/20150509/ir/copies/binir150509.0170.fits,ScoX-1,True,IR
binir150509.0358.fits,Sco X-1,16:19:55.16,-15:38:26.0,2015-05-10,08:12:48.479,2457152.84223,10.01,1.22,V,K,1040,1570,1980,usbdrivescrapelog_ScoX-1.csv,/USB3/archive/20150501ThruEnd/20150509/ir/copies/binir150509.0358.fits,,Data scrape,NOAO-15A-0005,/USB3/archive/20150501ThruEnd/20150509/ir/copies/binir150509.0358.fits,ScoX-1,True,IR
binir150509.0357.fits,Sco X-1,16:19:55.06,-15:38:25.2,2015-05-10,08:11:25.720,2457152.84127,10.03,1.22,V,K,1060,1570,1960,usbdrivescrapelog_ScoX-1.csv,/USB3/archive/20150501ThruEnd/20150509/ir/copies/binir150509.0357.fits,,Data scrape,NOAO-15A-0005,/USB3/archive/20150501ThruEnd/20150509/ir/copies/binir150509.0357.fits,ScoX-1,True,IR
binir150509.0192.fits,Sco X-1,16:19:54.93,-15:38:25.1,2015-05-10,04:26:31.854,2457152.68509,10.02,1.1,V,K,1060,1570,1960,usbdrivescrapelog_ScoX-1.csv,/USB3/archive/20150501ThruEnd/20150509/ir/copies/binir150509.0192.fits,,Data scrape,NOAO-15A-0005,/USB3/archive/20150501ThruEnd/20150509/ir/copies/binir150509.0192.fits,ScoX-1,True,IR
binir150509.0184.fits,Sco X-1,16:19:54.95,-15:38:25.1,2015-05-10,04:11:45.290,2457152.67483,10.02,1.13,V,K,1040,1590,1960,usbdrivescrapelog_ScoX-1.csv,/USB3/archive/20150501ThruEnd/20150509/ir/copies/binir150509.0184.fits,,Data scrape,NOAO-15A-0005,/USB3/archive/20150501ThruEnd/20150509/ir/copies/binir150509.0184.fits,ScoX-1,True,IR
binir150509.0105.fits,Sco X-1,16:19:54.97,-15:38:25.3,2015-05-10,01:54:46.058,2457152.57969,10.02,1.8,V,K,1060,1570,1960,usbdrivescrapelog_ScoX-1.csv,/USB3/archive/20150501ThruEnd/20150509/ir/copies/binir150509.0105.fits,,Data scrape,NOAO-15A-0005,/USB3/archive/20150501ThruEnd/20150509/ir/copies/binir150509.0105.fits,ScoX-1,True,IR
binir150509.0178.fits,Sco X-1,16:19:54.95,-15:38:25.0,2015-05-10,03:55:54.314,2457152.66382,10.01,1.16,V,K,1040,1570,1980,usbdrivescrapelog_ScoX-1.csv,/USB3/archive/20150501ThruEnd/20150509/ir/copies/binir150509.0178.fits,,Data scrape,NOAO-15A-0005,/USB3/archive/20150501ThruEnd/20150509/ir/copies/binir150509.0178.fits,ScoX-1,True,IR
binir150509.0354.fits,Sco X-1,16:19:54.95,-15:38:25.0,2015-05-10,08:07:18.453,2457152.83841,10.04,1.21,V,K,1040,1590,1960,usbdrivescrapelog_ScoX-1.csv,/USB3/archive/20150501ThruEnd/20150509/ir/copies/binir150509.0354.fits,,Data scrape,NOAO-15A-0005,/USB3/archive/20150501ThruEnd/20150509/ir/copies/binir150509.0354.fits,ScoX-1,True,IR
binir150509.0100.fits,Sco X-1,16:19:54.94,-15:38:25.3,2015-05-10,01:44:08.380,2457152.57231,10.02,1.92,V,K,1060,1570,1960,usbdrivescrapelog_ScoX-1.csv,/USB3/archive/20150501ThruEnd/20150509/ir/copies/binir150509.0100.fits,,Data scrape,NOAO-15A-0005,/USB3/archive/20150501ThruEnd/20150509/ir/copies/binir150509.0100.fits,ScoX-1,True,IR
binir150509.0177.fits,Sco X-1,16:19:54.96,-15:38:25.0,2015-05-10,03:54:32.917,2457152.66288,10.01,1.16,V,K,1060,1570,1960,usbdrivescrapelog_ScoX-1.csv,/USB3/archive/20150501ThruEnd/20150509/ir/copies/binir150509.0177.fits,,Data scrape,NOAO-15A-0005,/USB3/archive/20150501ThruEnd/20150509/ir/copies/binir150509.0177.fits,ScoX-1,True,IR
binir150509.0107.fits,Sco X-1,16:19:54.91,-15:38:25.5,2015-05-10,02:01:16.592,2457152.58421,10.03,1.74,V,K,1040,1590,1960,usbdrivescrapelog_ScoX-1.csv,/USB3/archive/20150501ThruEnd/20150509/ir/copies/binir150509.0107.fits,,Data scrape,NOAO-15A-0005,/USB3/archive/20150501ThruEnd/20150509/ir/copies/binir150509.0107.fits,ScoX-1,True,IR
binir150509.0185.fits,Sco X-1,16:19:54.98,-15:38:25.1,2015-05-10,04:13:07.401,2457152.67578,10.0,1.12,V,K,1040,1610,1940,usbdrivescrapelog_ScoX-1.csv,/USB3/archive/20150501ThruEnd/20150509/ir/copies/binir150509.0185.fits,,Data scrape,NOAO-15A-0005,/USB3/archive/20150501ThruEnd/20150509/ir/copies/binir150509.0185.fits,ScoX-1,True,IR
binir150509.0111.fits,Sco X-1,16:19:54.94,-15:38:25.5,2015-05-10,02:06:45.853,2457152.58803,10.0,1.69,V,K,1040,1570,1980,usbdrivescrapelog_ScoX-1.csv,/USB3/archive/20150501ThruEnd/20150509/ir/copies/binir150509.0111.fits,,Data scrape,NOAO-15A-0005,/USB3/archive/20150501ThruEnd/20150509/ir/copies/binir150509.0111.fits,ScoX-1,True,IR
binir150509.0191.fits,Sco X-1,16:19:54.94,-15:38:25.0,2015-05-10,04:25:09.525,2457152.68413,10.03,1.1,V,K,1020,1590,1980,usbdrivescrapelog_ScoX-1.csv,/USB3/archive/20150501ThruEnd/20150509/ir/copies/binir150509.0191.fits,,Data scrape,NOAO-15A-0005,/USB3/archive/20150501ThruEnd/20150509/ir/copies/binir150509.0191.fits,ScoX-1,True,IR
binir150509.0273.fits,Sco X-1,16:19:55.06,-15:38:26.6,2015-05-10,06:13:39.385,2457152.75948,10.02,1.04,V,K,1040,1570,1980,usbdrivescrapelog_ScoX-1.csv,/USB3/archive/20150501ThruEnd/20150509/ir/copies/binir150509.0273.fits,,Data scrape,NOAO-15A-0005,/USB3/archive/20150501ThruEnd/20150509/ir/copies/binir150509.0273.fits,ScoX-1,True,IR
binir150509.0180.fits,Sco X-1,16:19:54.99,-15:38:25.1,2015-05-10,04:02:27.562,2457152.66837,10.02,1.15,V,K,1040,1610,1940,usbdrivescrapelog_ScoX-1.csv,/USB3/archive/20150501ThruEnd/20150509/ir/copies/binir150509.0180.fits,,Data scrape,NOAO-15A-0005,/USB3/archive/20150501ThruEnd/20150509/ir/copies/binir150509.0180.fits,ScoX-1,True,IR
binir150509.0316.fits,Sco X-1,16:19:55.01,-15:38:24.6,2015-05-10,07:16:49.075,2457152.80334,10.02,1.1,V,K,1040,1570,1980,usbdrivescrapelog_ScoX-1.csv,/USB3/archive/20150501ThruEnd/20150509/ir/copies/binir150509.0316.fits,,Data scrape,NOAO-15A-0005,/USB3/archive/20150501ThruEnd/20150509/ir/copies/binir150509.0316.fits,ScoX-1,True,IR
binir150509.0189.fits,Sco X-1,16:19:54.94,-15:38:25.1,2015-05-10,04:22:24.917,2457152.68223,10.01,1.11,V,K,1040,1590,1960,usbdrivescrapelog_ScoX-1.csv,/USB3/archive/20150501ThruEnd/20150509/ir/copies/binir150509.0189.fits,,Data scrape,NOAO-15A-0005,/USB3/archive/20150501ThruEnd/20150509/ir/copies/binir150509.0189.fits,ScoX-1,True,IR
binir150509.0103.fits,Sco X-1,16:19:54.97,-15:38:25.7,2015-05-10,01:52:01.124,2457152.57779,10.02,1.83,V,K,1040,1610,1940,usbdrivescrapelog_ScoX-1.csv,/USB3/archive/20150501ThruEnd/20150509/ir/copies/binir150509.0103.fits,,Data scrape,NOAO-15A-0005,/USB3/archive/20150501ThruEnd/20150509/ir/copies/binir150509.0103.fits,ScoX-1,True,IR
binir150509.0231.fits,Sco X-1,16:19:55.02,-15:38:25.2,2015-05-10,05:13:28.621,2457152.71769,10.02,1.05,V,K,1020,1590,1980,usbdrivescrapelog_ScoX-1.csv,/USB3/archive/20150501ThruEnd/20150509/ir/copies/binir150509.0231.fits,,Data scrape,NOAO-15A-0005,/USB3/archive/20150501ThruEnd/20150509/ir/copies/binir150509.0231.fits,ScoX-1,True,IR
binir150511.0221.fits,Sco X-1,16:19:55.00,-15:38:24.3,2015-05-12,05:08:02.160,2457154.71392,10.03,1.05,V,K,1040,1590,1960,usbdrivescrapelog_ScoX-1.csv,/USB3/archive/20150501ThruEnd/20150511/ir/binir150511.0221.fits,,Data scrape,NOAO-15A-0005,/USB3/archive/20150501ThruEnd/20150511/ir/binir150511.0221.fits,ScoX-1,True,IR
binir150511.0338.fits,Sco X-1,16:19:55.00,-15:38:25.2,2015-05-12,07:50:56.462,2457154.82705,10.04,1.18,V,K,1040,1610,1940,usbdrivescrapelog_ScoX-1.csv,/USB3/archive/20150501ThruEnd/20150511/ir/binir150511.0338.fits,,Data scrape,NOAO-15A-0005,/USB3/archive/20150501ThruEnd/20150511/ir/binir150511.0338.fits,ScoX-1,True,IR
binir150511.0298.fits,Sco X-1,16:19:54.99,-15:38:25.3,2015-05-12,06:57:44.438,2457154.7901,10.03,1.08,V,K,1040,1590,1960,usbdrivescrapelog_ScoX-1.csv,/USB3/archive/20150501ThruEnd/20150511/ir/binir150511.0298.fits,,Data scrape,NOAO-15A-0005,/USB3/archive/20150501ThruEnd/20150511/ir/binir150511.0298.fits,ScoX-1,True,IR
binir150511.0178.fits,Sco X-1,16:19:55.00,-15:38:24.5,2015-05-12,02:59:21.785,2457154.62456,10.01,1.32,V,K,1040,1570,1980,usbdrivescrapelog_ScoX-1.csv,/USB3/archive/20150501ThruEnd/20150511/ir/binir150511.0178.fits,,Data scrape,NOAO-15A-0005,/USB3/archive/20150501ThruEnd/20150511/ir/binir150511.0178.fits,ScoX-1,True,IR
binir150511.0340.fits,Sco X-1,16:19:55.01,-15:38:25.0,2015-05-12,07:53:41.527,2457154.82896,10.02,1.19,V,K,1060,1570,1960,usbdrivescrapelog_ScoX-1.csv,/USB3/archive/20150501ThruEnd/20150511/ir/binir150511.0340.fits,,Data scrape,NOAO-15A-0005,/USB3/archive/20150501ThruEnd/20150511/ir/binir150511.0340.fits,ScoX-1,True,IR
binir150511.0223.fits,Sco X-1,16:19:55.02,-15:38:24.2,2015-05-12,05:10:46.620,2457154.71582,10.03,1.04,V,K,1020,1590,1980,usbdrivescrapelog_ScoX-1.csv,/USB3/archive/20150501ThruEnd/20150511/ir/binir150511.0223.fits,,Data scrape,NOAO-15A-0005,/USB3/archive/20150501ThruEnd/20150511/ir/binir150511.0223.fits,ScoX-1,True,IR
binir150511.0156.fits,Sco X-1,16:19:54.98,-15:38:24.9,2015-05-12,02:29:37.397,2457154.60391,10.02,1.47,V,K,1040,1590,1960,usbdrivescrapelog_ScoX-1.csv,/USB3/archive/20150501ThruEnd/20150511/ir/binir150511.0156.fits,,Data scrape,NOAO-15A-0005,/USB3/archive/20150501ThruEnd/20150511/ir/binir150511.0156.fits,ScoX-1,True,IR
binir150511.0300.fits,Sco X-1,16:19:54.93,-15:38:25.5,2015-05-12,07:00:28.652,2457154.792,10.02,1.08,V,K,1020,1590,1980,usbdrivescrapelog_ScoX-1.csv,/USB3/archive/20150501ThruEnd/20150511/ir/binir150511.0300.fits,,Data scrape,NOAO-15A-0005,/USB3/archive/20150501ThruEnd/20150511/ir/binir150511.0300.fits,ScoX-1,True,IR
binir150511.0341.fits,Sco X-1,16:19:55.03,-15:38:24.9,2015-05-12,07:55:04.036,2457154.82991,10.0,1.19,V,K,1040,1570,1980,usbdrivescrapelog_ScoX-1.csv,/USB3/archive/20150501ThruEnd/20150511/ir/binir150511.0341.fits,,Data scrape,NOAO-15A-0005,/USB3/archive/20150501ThruEnd/20150511/ir/binir150511.0341.fits,ScoX-1,True,IR
binir150511.0343.fits,Sco X-1,16:19:55.20,-15:38:26.7,2015-05-12,08:01:51.508,2457154.83463,10.0,1.21,V,K,1040,1610,1940,usbdrivescrapelog_ScoX-1.csv,/USB3/archive/20150501ThruEnd/20150511/ir/binir150511.0343.fits,,Data scrape,NOAO-15A-0005,/USB3/archive/20150501ThruEnd/20150511/ir/binir150511.0343.fits,ScoX-1,True,IR
binir150511.0345.fits,Sco X-1,16:19:55.28,-15:38:27.8,2015-05-12,08:04:36.173,2457154.83654,10.01,1.22,V,K,1060,1570,1960,usbdrivescrapelog_ScoX-1.csv,/USB3/archive/20150501ThruEnd/20150511/ir/binir150511.0345.fits,,Data scrape,NOAO-15A-0005,/USB3/archive/20150501ThruEnd/20150511/ir/binir150511.0345.fits,ScoX-1,True,IR
binir150511.0175.fits,Sco X-1,16:19:55.00,-15:38:24.8,2015-05-12,02:55:14.046,2457154.62169,10.01,1.34,V,K,1040,1610,1940,usbdrivescrapelog_ScoX-1.csv,/USB3/archive/20150501ThruEnd/20150511/ir/binir150511.0175.fits,,Data scrape,NOAO-15A-0005,/USB3/archive/20150501ThruEnd/20150511/ir/binir150511.0175.fits,ScoX-1,True,IR
binir150511.0372.fits,Sco X-1,16:19:55.06,-15:38:25.9,2015-05-12,08:39:37.870,2457154.86086,10.0,1.36,V,K,1060,1570,1960,usbdrivescrapelog_ScoX-1.csv,/USB3/archive/20150501ThruEnd/20150511/ir/binir150511.0372.fits,,Data scrape,NOAO-15A-0005,/USB3/archive/20150501ThruEnd/20150511/ir/binir150511.0372.fits,ScoX-1,True,IR
binir150511.0135.fits,Sco X-1,16:19:54.99,-15:38:25.1,2015-05-12,01:51:52.214,2457154.57769,10.02,1.75,V,K,1040,1570,1980,usbdrivescrapelog_ScoX-1.csv,/USB3/archive/20150501ThruEnd/20150511/ir/binir150511.0135.fits,,Data scrape,NOAO-15A-0005,/USB3/archive/20150501ThruEnd/20150511/ir/binir150511.0135.fits,ScoX-1,True,IR
binir150511.0346.fits,Sco X-1,16:19:55.30,-15:38:27.9,2015-05-12,08:05:58.661,2457154.83749,10.02,1.23,V,K,1040,1570,1980,usbdrivescrapelog_ScoX-1.csv,/USB3/archive/20150501ThruEnd/20150511/ir/binir150511.0346.fits,,Data scrape,NOAO-15A-0005,/USB3/archive/20150501ThruEnd/20150511/ir/binir150511.0346.fits,ScoX-1,True,IR
binir150511.0177.fits,Sco X-1,16:19:54.99,-15:38:24.5,2015-05-12,02:57:59.386,2457154.62361,10.01,1.32,V,K,1060,1570,1960,usbdrivescrapelog_ScoX-1.csv,/USB3/archive/20150501ThruEnd/20150511/ir/binir150511.0177.fits,,Data scrape,NOAO-15A-0005,/USB3/archive/20150501ThruEnd/20150511/ir/binir150511.0177.fits,ScoX-1,True,IR
binir150511.0301.fits,Sco X-1,16:19:55.00,-15:38:25.4,2015-05-12,07:01:51.194,2457154.79296,10.01,1.08,V,K,1060,1570,1960,usbdrivescrapelog_ScoX-1.csv,/USB3/archive/20150501ThruEnd/20150511/ir/binir150511.0301.fits,,Data scrape,NOAO-15A-0005,/USB3/archive/20150501ThruEnd/20150511/ir/binir150511.0301.fits,ScoX-1,True,IR
binir150511.0222.fits,Sco X-1,16:19:55.03,-15:38:24.5,2015-05-12,05:09:24.285,2457154.71487,10.01,1.04,V,K,1040,1610,1940,usbdrivescrapelog_ScoX-1.csv,/USB3/archive/20150501ThruEnd/20150511/ir/binir150511.0222.fits,,Data scrape,NOAO-15A-0005,/USB3/archive/20150501ThruEnd/20150511/ir/binir150511.0222.fits,ScoX-1,True,IR
binir150511.0133.fits,Sco X-1,16:19:54.96,-15:38:25.1,2015-05-12,01:49:07.471,2457154.57578,10.03,1.78,V,K,1020,1590,1980,usbdrivescrapelog_ScoX-1.csv,/USB3/archive/20150501ThruEnd/20150511/ir/binir150511.0133.fits,,Data scrape,NOAO-15A-0005,/USB3/archive/20150501ThruEnd/20150511/ir/binir150511.0133.fits,ScoX-1,True,IR
binir150511.0299.fits,Sco X-1,16:19:54.96,-15:38:25.5,2015-05-12,06:59:06.247,2457154.79105,10.0,1.08,V,K,1040,1610,1940,usbdrivescrapelog_ScoX-1.csv,/USB3/archive/20150501ThruEnd/20150511/ir/binir150511.0299.fits,,Data scrape,NOAO-15A-0005,/USB3/archive/20150501ThruEnd/20150511/ir/binir150511.0299.fits,ScoX-1,True,IR
binir150511.0373.fits,Sco X-1,16:19:55.08,-15:38:25.9,2015-05-12,08:41:00.223,2457154.86181,10.01,1.36,V,K,1040,1570,1980,usbdrivescrapelog_ScoX-1.csv,/USB3/archive/20150501ThruEnd/20150511/ir/binir150511.0373.fits,,Data scrape,NOAO-15A-0005,/USB3/archive/20150501ThruEnd/20150511/ir/binir150511.0373.fits,ScoX-1,True,IR
binir150511.0176.fits,Sco X-1,16:19:54.98,-15:38:24.9,2015-05-12,02:56:36.908,2457154.62265,10.01,1.33,V,K,1020,1590,1980,usbdrivescrapelog_ScoX-1.csv,/USB3/archive/20150501ThruEnd/20150511/ir/binir150511.0176.fits,,Data scrape,NOAO-15A-0005,/USB3/archive/20150501ThruEnd/20150511/ir/binir150511.0176.fits,ScoX-1,True,IR
binir150511.0370.fits,Sco X-1,16:19:54.98,-15:38:25.5,2015-05-12,08:36:52.748,2457154.85895,10.03,1.34,V,K,1040,1610,1940,usbdrivescrapelog_ScoX-1.csv,/USB3/archive/20150501ThruEnd/20150511/ir/binir150511.0370.fits,,Data scrape,NOAO-15A-0005,/USB3/archive/20150501ThruEnd/20150511/ir/binir150511.0370.fits,ScoX-1,True,IR
binir150511.0371.fits,Sco X-1,16:19:55.01,-15:38:25.7,2015-05-12,08:38:15.152,2457154.8599,10.04,1.35,V,K,1020,1590,1980,usbdrivescrapelog_ScoX-1.csv,/USB3/archive/20150501ThruEnd/20150511/ir/binir150511.0371.fits,,Data scrape,NOAO-15A-0005,/USB3/archive/20150501ThruEnd/20150511/ir/binir150511.0371.fits,ScoX-1,True,IR
binir150511.0134.fits,Sco X-1,16:19:54.98,-15:38:25.1,2015-05-12,01:50:30.016,2457154.57674,10.0,1.76,V,K,1060,1570,1960,usbdrivescrapelog_ScoX-1.csv,/USB3/archive/20150501ThruEnd/20150511/ir/binir150511.0134.fits,,Data scrape,NOAO-15A-0005,/USB3/archive/20150501ThruEnd/20150511/ir/binir150511.0134.fits,ScoX-1,True,IR
binir150511.0225.fits,Sco X-1,16:19:54.99,-15:38:24.1,2015-05-12,05:13:31.561,2457154.71773,10.01,1.04,V,K,1040,1570,1980,usbdrivescrapelog_ScoX-1.csv,/USB3/archive/20150501ThruEnd/20150511/ir/binir150511.0225.fits,,Data scrape,NOAO-15A-0005,/USB3/archive/20150501ThruEnd/20150511/ir/binir150511.0225.fits,ScoX-1,True,IR
binir150511.0131.fits,Sco X-1,16:19:54.99,-15:38:25.1,2015-05-12,01:46:23.252,2457154.57388,10.01,1.8,V,K,1040,1590,1960,usbdrivescrapelog_ScoX-1.csv,/USB3/archive/20150501ThruEnd/20150511/ir/binir150511.0131.fits,,Data scrape,NOAO-15A-0005,/USB3/archive/20150501ThruEnd/20150511/ir/binir150511.0131.fits,ScoX-1,True,IR
binir150511.0160.fits,Sco X-1,16:19:54.91,-15:38:25.6,2015-05-12,02:35:06.322,2457154.60772,10.01,1.44,V,K,1040,1570,1980,usbdrivescrapelog_ScoX-1.csv,/USB3/archive/20150501ThruEnd/20150511/ir/binir150511.0160.fits,,Data scrape,NOAO-15A-0005,/USB3/archive/20150501ThruEnd/20150511/ir/binir150511.0160.fits,ScoX-1,True,IR
binir180303.0396.fits,Sco X-1,16:19:55.02,-15:38:30.9,2018-03-04,07:59:28.240,2458181.83296,30.05,1.21,I,K,1040,1590,1960,usbdrivescrapelog_ScoX-1.csv,/USB4/archive/20180301ThruEnd/20180303/ir/binir180303.0396.fits,,Data scrape,YALE-03A-0001,/USB4/archive/20180301ThruEnd/20180303/ir/binir180303.0396.fits,ScoX-1,True,IR
binir180303.0398.fits,Sco X-1,16:19:55.03,-15:38:31.5,2018-03-04,08:00:53.780,2458181.83394,30.04,1.21,I,K,1000,1590,2000,usbdrivescrapelog_ScoX-1.csv,/USB4/archive/20180301ThruEnd/20180303/ir/binir180303.0398.fits,,Data scrape,YALE-03A-0001,/USB4/archive/20180301ThruEnd/20180303/ir/binir180303.0398.fits,ScoX-1,True,IR
binir180303.0395.fits,Sco X-1,16:19:55.01,-15:38:30.5,2018-03-04,07:58:38.210,2458181.83238,30.04,1.22,B,K,1080,1550,1960,usbdrivescrapelog_ScoX-1.csv,/USB4/archive/20180301ThruEnd/20180303/ir/binir180303.0395.fits,,Data scrape,YALE-03A-0001,/USB4/archive/20180301ThruEnd/20180303/ir/binir180303.0395.fits,ScoX-1,True,IR
binir180303.0399.fits,Sco X-1,16:19:55.04,-15:38:31.6,2018-03-04,08:01:36.616,2458181.83443,30.04,1.21,I,K,1080,1550,1960,usbdrivescrapelog_ScoX-1.csv,/USB4/archive/20180301ThruEnd/20180303/ir/binir180303.0399.fits,,Data scrape,YALE-03A-0001,/USB4/archive/20180301ThruEnd/20180303/ir/binir180303.0399.fits,ScoX-1,True,IR
binir180303.0393.fits,Sco X-1,16:19:55.01,-15:38:30.0,2018-03-04,07:57:12.336,2458181.83138,30.04,1.22,B,K,1040,1630,1920,usbdrivescrapelog_ScoX-1.csv,/USB4/archive/20180301ThruEnd/20180303/ir/binir180303.0393.fits,,Data scrape,YALE-03A-0001,/USB4/archive/20180301ThruEnd/20180303/ir/binir180303.0393.fits,ScoX-1,True,IR
binir180303.0386.fits,Sco X-1,16:19:55.02,-15:38:26.7,2018-03-04,07:51:58.414,2458181.82775,30.05,1.24,B,K,1000,1590,2000,usbdrivescrapelog_ScoX-1.csv,/USB4/archive/20180301ThruEnd/20180303/ir/binir180303.0386.fits,,Data scrape,YALE-03A-0001,/USB4/archive/20180301ThruEnd/20180303/ir/binir180303.0386.fits,ScoX-1,True,IR
binir180303.0392.fits,Sco X-1,16:19:55.02,-15:38:29.6,2018-03-04,07:56:29.813,2458181.8309,30.04,1.22,B,K,1040,1590,1960,usbdrivescrapelog_ScoX-1.csv,/USB4/archive/20180301ThruEnd/20180303/ir/binir180303.0392.fits,,Data scrape,YALE-03A-0001,/USB4/archive/20180301ThruEnd/20180303/ir/binir180303.0392.fits,ScoX-1,True,IR
binir180303.0388.fits,Sco X-1,16:19:54.98,-15:38:27.8,2018-03-04,07:53:31.320,2458181.82883,30.04,1.23,I,K,1040,1590,1960,usbdrivescrapelog_ScoX-1.csv,/USB4/archive/20180301ThruEnd/20180303/ir/binir180303.0388.fits,,Data scrape,YALE-03A-0001,/USB4/archive/20180301ThruEnd/20180303/ir/binir180303.0388.fits,ScoX-1,True,IR
binir180303.0390.fits,Sco X-1,16:19:55.01,-15:38:29.1,2018-03-04,07:54:56.913,2458181.82981,30.05,1.23,I,K,1000,1590,2000,usbdrivescrapelog_ScoX-1.csv,/USB4/archive/20180301ThruEnd/20180303/ir/binir180303.0390.fits,,Data scrape,YALE-03A-0001,/USB4/archive/20180301ThruEnd/20180303/ir/binir180303.0390.fits,ScoX-1,True,IR
binir180303.0385.fits,Sco X-1,16:19:55.00,-15:38:26.0,2018-03-04,07:51:15.372,2458181.82725,30.05,1.24,B,K,1040,1630,1920,usbdrivescrapelog_ScoX-1.csv,/USB4/archive/20180301ThruEnd/20180303/ir/binir180303.0385.fits,,Data scrape,YALE-03A-0001,/USB4/archive/20180301ThruEnd/20180303/ir/binir180303.0385.fits,ScoX-1,True,IR
binir180303.0394.fits,Sco X-1,16:19:55.09,-15:38:30.2,2018-03-04,07:57:55.398,2458181.83188,30.04,1.22,B,K,1000,1590,2000,usbdrivescrapelog_ScoX-1.csv,/USB4/archive/20180301ThruEnd/20180303/ir/binir180303.0394.fits,,Data scrape,YALE-03A-0001,/USB4/archive/20180301ThruEnd/20180303/ir/binir180303.0394.fits,ScoX-1,True,IR
binir180303.0387.fits,Sco X-1,16:19:54.98,-15:38:27.3,2018-03-04,07:52:41.243,2458181.82823,30.04,1.23,B,K,1080,1550,1960,usbdrivescrapelog_ScoX-1.csv,/USB4/archive/20180301ThruEnd/20180303/ir/binir180303.0387.fits,,Data scrape,YALE-03A-0001,/USB4/archive/20180301ThruEnd/20180303/ir/binir180303.0387.fits,ScoX-1,True,IR
binir180303.0391.fits,Sco X-1,16:19:55.01,-15:38:29.1,2018-03-04,07:55:39.721,2458181.83032,30.05,1.22,I,K,1080,1550,1960,usbdrivescrapelog_ScoX-1.csv,/USB4/archive/20180301ThruEnd/20180303/ir/binir180303.0391.fits,,Data scrape,YALE-03A-0001,/USB4/archive/20180301ThruEnd/20180303/ir/binir180303.0391.fits,ScoX-1,True,IR
binir180303.0389.fits,Sco X-1,16:19:55.00,-15:38:28.5,2018-03-04,07:54:13.816,2458181.82931,30.05,1.23,I,K,1040,1630,1920,usbdrivescrapelog_ScoX-1.csv,/USB4/archive/20180301ThruEnd/20180303/ir/binir180303.0389.fits,,Data scrape,YALE-03A-0001,/USB4/archive/20180301ThruEnd/20180303/ir/binir180303.0389.fits,ScoX-1,True,IR
binir180303.0384.fits,Sco X-1,16:19:54.98,-15:38:25.4,2018-03-04,07:50:32.908,2458181.82675,30.04,1.24,B,K,1040,1590,1960,usbdrivescrapelog_ScoX-1.csv,/USB4/archive/20180301ThruEnd/20180303/ir/binir180303.0384.fits,,Data scrape,YALE-03A-0001,/USB4/archive/20180301ThruEnd/20180303/ir/binir180303.0384.fits,ScoX-1,True,IR
binir180303.0397.fits,Sco X-1,16:19:55.01,-15:38:31.1,2018-03-04,08:00:10.707,2458181.83345,30.04,1.21,I,K,1040,1630,1920,usbdrivescrapelog_ScoX-1.csv,/USB4/archive/20180301ThruEnd/20180303/ir/binir180303.0397.fits,,Data scrape,YALE-03A-0001,/USB4/archive/20180301ThruEnd/20180303/ir/binir180303.0397.fits,ScoX-1,True,IR
ir100427.0113,Sco X-1,16:19:55.0,-15:38:24,2010-04-28,02:15:20.8,2455314.594,20.1,2.11,H,H,,,,usbdrivereplog_ScoX-1.csv,,,Data replog,,,ScoX-1,True,IR
ir100423.0764,Sco X-1,16:19:55.7,-15:38:44,2010-04-24,07:40:17.9,2455310.8196,20.1,1.05,H,H,,,,usbdrivereplog_ScoX-1.csv,,,Data replog,,,ScoX-1,True,IR
ir100423.0763,Sco X-1,16:19:55.7,-15:38:44,2010-04-24,07:39:41.9,2455310.8192,20.0,1.05,H,H,,,,usbdrivereplog_ScoX-1.csv,,,Data replog,,,ScoX-1,True,IR
ir100423.0762,Sco X-1,16:19:55.7,-15:38:44,2010-04-24,07:39:05.3,2455310.8188,20.0,1.05,H,H,,,,usbdrivereplog_ScoX-1.csv,,,Data replog,,,ScoX-1,True,IR
ir100423.0761,Sco X-1,16:19:55.7,-15:38:44,2010-04-24,07:38:28.8,2455310.8184,20.0,1.05,H,H,,,,usbdrivereplog_ScoX-1.csv,,,Data replog,,,ScoX-1,True,IR
ir100423.0760,Sco X-1,16:19:55.7,-15:38:44,2010-04-24,07:37:52.7,2455310.818,20.1,1.05,H,H,,,,usbdrivereplog_ScoX-1.csv,,,Data replog,,,ScoX-1,True,IR
ir100427.0114,Sco X-1,16:19:55.0,-15:38:24,2010-04-28,02:15:56.9,2455314.5944,20.1,2.11,H,H,,,,usbdrivereplog_ScoX-1.csv,,,Data replog,,,ScoX-1,True,IR
ir100427.0115,Sco X-1,16:19:55.0,-15:38:24,2010-04-28,02:16:33.3,2455314.5948,20.1,2.1,H,H,,,,usbdrivereplog_ScoX-1.csv,,,Data replog,,,ScoX-1,True,IR
ir100427.0116,Sco X-1,16:19:55.0,-15:38:24,2010-04-28,02:17:10.0,2455314.5953,20.1,2.09,H,H,,,,usbdrivereplog_ScoX-1.csv,,,Data replog,,,ScoX-1,True,IR
ir100427.0117,Sco X-1,16:19:55.0,-15:38:24,2010-04-28,02:17:46.2,2455314.5957,20.1,2.08,H,H,,,,usbdrivereplog_ScoX-1.csv,,,Data replog,,,ScoX-1,True,IR
ir100508.0226,Sco X-1,16:19:57.1,-15:38:22,2010-05-09,04:49:46.8,2455325.7012,20.0,1.07,H,H,,,,usbdrivereplog_ScoX-1.csv,,,Data replog,,,ScoX-1,True,IR
ir100508.0225,Sco X-1,16:19:57.1,-15:38:22,2010-05-09,04:49:10.5,2455325.7008,20.0,1.07,H,H,,,,usbdrivereplog_ScoX-1.csv,,,Data replog,,,ScoX-1,True,IR
ir100508.0224,Sco X-1,16:19:57.1,-15:38:22,2010-05-09,04:48:34.4,2455325.7004,20.0,1.07,H,H,,,,usbdrivereplog_ScoX-1.csv,,,Data replog,,,ScoX-1,True,IR
ir100506.0124,Sco X-1,16:19:54.2,-15:38:31,2010-05-07,02:10:23.3,2455323.5905,20.1,1.75,H,H,,,,usbdrivereplog_ScoX-1.csv,,,Data replog,,,ScoX-1,True,IR
ir100506.0123,Sco X-1,16:19:54.2,-15:38:31,2010-05-07,02:09:47.1,2455323.5901,20.1,1.76,H,H,,,,usbdrivereplog_ScoX-1.csv,,,Data replog,,,ScoX-1,True,IR
ir100506.0122,Sco X-1,16:19:54.1,-15:38:31,2010-05-07,02:09:10.5,2455323.5897,20.1,1.76,H,H,,,,usbdrivereplog_ScoX-1.csv,,,Data replog,,,ScoX-1,True,IR
ir100506.0121,Sco X-1,16:19:54.1,-15:38:31,2010-05-07,02:08:34.2,2455323.5893,20.0,1.77,H,H,,,,usbdrivereplog_ScoX-1.csv,,,Data replog,,,ScoX-1,True,IR
ir100506.0120,Sco X-1,16:19:54.1,-15:38:32,2010-05-07,02:07:58.3,2455323.5889,20.1,1.77,H,H,,,,usbdrivereplog_ScoX-1.csv,,,Data replog,,,ScoX-1,True,IR
ir100504.0174,Sco X-1,16:19:54.8,-15:38:25,2010-05-05,02:58:26.9,2455321.6239,20.1,1.45,H,H,,,,usbdrivereplog_ScoX-1.csv,,,Data replog,,,ScoX-1,True,IR
ir100504.0173,Sco X-1,16:19:54.8,-15:38:25,2010-05-05,02:57:50.9,2455321.6235,20.0,1.46,H,H,,,,usbdrivereplog_ScoX-1.csv,,,Data replog,,,ScoX-1,True,IR
ir100504.0172,Sco X-1,16:19:54.9,-15:38:25,2010-05-05,02:57:14.0,2455321.6231,20.1,1.46,H,H,,,,usbdrivereplog_ScoX-1.csv,,,Data replog,,,ScoX-1,True,IR
ir100504.0171,Sco X-1,16:19:54.9,-15:38:25,2010-05-05,02:56:37.7,2455321.6227,20.0,1.46,H,H,,,,usbdrivereplog_ScoX-1.csv,,,Data replog,,,ScoX-1,True,IR
ir100504.0170,Sco X-1,16:19:54.9,-15:38:25,2010-05-05,02:56:01.8,2455321.6223,20.1,1.47,H,H,,,,usbdrivereplog_ScoX-1.csv,,,Data replog,,,ScoX-1,True,IR
ir100502.0005,Sco X-1,16:19:54.7,-15:38:27,2010-05-03,03:43:21.1,2455319.6551,20.1,1.28,H,H,,,,usbdrivereplog_ScoX-1.csv,,,Data replog,,,ScoX-1,True,IR
ir100502.0004,Sco X-1,16:19:54.7,-15:38:27,2010-05-03,03:42:45.0,2455319.6547,20.0,1.28,H,H,,,,usbdrivereplog_ScoX-1.csv,,,Data replog,,,ScoX-1,True,IR
ir100502.0003,Sco X-1,16:19:54.7,-15:38:27,2010-05-03,03:42:08.6,2455319.6543,20.1,1.28,H,H,,,,usbdrivereplog_ScoX-1.csv,,,Data replog,,,ScoX-1,True,IR
ir100502.0002,Sco X-1,16:19:54.7,-15:38:27,2010-05-03,03:41:32.1,2455319.6538,20.0,1.29,H,H,,,,usbdrivereplog_ScoX-1.csv,,,Data replog,,,ScoX-1,True,IR
ir100502.0001,Sco X-1,16:19:54.8,-15:38:26,2010-05-03,03:40:55.6,2455319.6534,20.1,1.29,H,H,,,,usbdrivereplog_ScoX-1.csv,,,Data replog,,,ScoX-1,True,IR
ir100428.0072,Sco X-1,16:19:57.1,-15:38:46,2010-04-29,03:00:48.4,2455315.6256,20.1,1.59,H,H,,,,usbdrivereplog_ScoX-1.csv,,,Data replog,,,ScoX-1,True,IR
ir100428.0071,Sco X-1,16:19:57.1,-15:38:46,2010-04-29,03:00:12.3,2455315.6251,20.0,1.6,H,H,,,,usbdrivereplog_ScoX-1.csv,,,Data replog,,,ScoX-1,True,IR
ir100428.0070,Sco X-1,16:19:57.1,-15:38:46,2010-04-29,02:59:35.7,2455315.6247,20.1,1.6,H,H,,,,usbdrivereplog_ScoX-1.csv,,,Data replog,,,ScoX-1,True,IR
ir100428.0069,Sco X-1,16:19:57.1,-15:38:46,2010-04-29,02:58:59.3,2455315.6243,20.0,1.61,H,H,,,,usbdrivereplog_ScoX-1.csv,,,Data replog,,,ScoX-1,True,IR
ir100428.0068,Sco X-1,16:19:57.1,-15:38:46,2010-04-29,02:58:23.4,2455315.6239,20.1,1.61,H,H,,,,usbdrivereplog_ScoX-1.csv,,,Data replog,,,ScoX-1,True,IR
ir100508.0228,Sco X-1,16:19:57.1,-15:38:21,2010-05-09,04:50:59.2,2455325.7021,20.0,1.07,H,H,,,,usbdrivereplog_ScoX-1.csv,,,Data replog,,,ScoX-1,True,IR
ir100508.0227,Sco X-1,16:19:57.1,-15:38:21,2010-05-09,04:50:23.2,2455325.7017,20.1,1.07,H,H,,,,usbdrivereplog_ScoX-1.csv,,,Data replog,,,ScoX-1,True,IR
ir100509.0260,Sco X-1,16:19:56.0,-15:38:23,2010-05-10,04:32:13.6,2455326.689,20.0,1.09,H,H,,,,usbdrivereplog_ScoX-1.csv,,,Data replog,,,ScoX-1,True,IR
ir100602.0017,Sco X-1,16:19:54.9,-15:38:24,2010-06-03,00:37:39.4,2455350.5261,20.1,1.63,H,H,,,,usbdrivereplog_ScoX-1.csv,,,Data replog,,,ScoX-1,True,IR
ir100605.0138,Sco X-1,16:19:54.8,-15:38:32,2010-06-06,02:51:47.1,2455353.6193,20.1,1.08,H,H,,,,usbdrivereplog_ScoX-1.csv,,,Data replog,,,ScoX-1,True,IR
ir100604.0151,Sco X-1,16:19:54.9,-15:38:25,2010-06-05,03:37:14.9,2455352.6509,20.1,1.04,H,H,,,,usbdrivereplog_ScoX-1.csv,,,Data replog,,,ScoX-1,True,IR
ir100604.0150,Sco X-1,16:19:54.9,-15:38:25,2010-06-05,03:36:38.9,2455352.6505,20.1,1.04,H,H,,,,usbdrivereplog_ScoX-1.csv,,,Data replog,,,ScoX-1,True,IR
ir100604.0149,Sco X-1,16:19:54.9,-15:38:25,2010-06-05,03:36:02.1,2455352.65,20.0,1.04,H,H,,,,usbdrivereplog_ScoX-1.csv,,,Data replog,,,ScoX-1,True,IR
ir100604.0148,Sco X-1,16:19:54.9,-15:38:25,2010-06-05,03:35:25.8,2455352.6496,20.1,1.04,H,H,,,,usbdrivereplog_ScoX-1.csv,,,Data replog,,,ScoX-1,True,IR
ir100604.0147,Sco X-1,16:19:54.9,-15:38:25,2010-06-05,03:34:49.4,2455352.6492,20.0,1.04,H,H,,,,usbdrivereplog_ScoX-1.csv,,,Data replog,,,ScoX-1,True,IR
ir100603.0197,Sco X-1,16:19:55.8,-15:38:26,2010-06-04,04:22:24.9,2455351.6822,20.1,1.03,H,H,,,,usbdrivereplog_ScoX-1.csv,,,Data replog,,,ScoX-1,True,IR
ir100603.0196,Sco X-1,16:19:55.7,-15:38:26,2010-06-04,04:21:48.4,2455351.6818,20.0,1.03,H,H,,,,usbdrivereplog_ScoX-1.csv,,,Data replog,,,ScoX-1,True,IR
ir100603.0195,Sco X-1,16:19:55.7,-15:38:26,2010-06-04,04:21:12.0,2455351.6814,20.1,1.03,H,H,,,,usbdrivereplog_ScoX-1.csv,,,Data replog,,,ScoX-1,True,IR
ir100603.0194,Sco X-1,16:19:55.7,-15:38:26,2010-06-04,04:20:35.7,2455351.681,20.0,1.03,H,H,,,,usbdrivereplog_ScoX-1.csv,,,Data replog,,,ScoX-1,True,IR
ir100603.0193,Sco X-1,16:19:55.7,-15:38:26,2010-06-04,04:19:59.8,2455351.6806,20.0,1.03,H,H,,,,usbdrivereplog_ScoX-1.csv,,,Data replog,,,ScoX-1,True,IR
ir100602.0016,Sco X-1,16:19:54.9,-15:38:24,2010-06-03,00:37:03.0,2455350.5257,20.0,1.64,H,H,,,,usbdrivereplog_ScoX-1.csv,,,Data replog,,,ScoX-1,True,IR
ir100531.0166,Sco X-1,16:19:55.0,-15:38:24,2010-06-01,03:52:25.3,2455348.6614,20.1,1.04,H,H,,,,usbdrivereplog_ScoX-1.csv,,,Data replog,,,ScoX-1,True,IR
ir100602.0015,Sco X-1,16:19:54.9,-15:38:25,2010-06-03,00:36:26.4,2455350.5253,20.1,1.64,H,H,,,,usbdrivereplog_ScoX-1.csv,,,Data replog,,,ScoX-1,True,IR
ir100602.0014,Sco X-1,16:19:55.0,-15:38:25,2010-06-03,00:35:49.8,2455350.5249,20.1,1.65,H,H,,,,usbdrivereplog_ScoX-1.csv,,,Data replog,,,ScoX-1,True,IR
ir100602.0013,Sco X-1,16:19:55.0,-15:38:25,2010-06-03,00:35:13.3,2455350.5245,20.1,1.65,H,H,,,,usbdrivereplog_ScoX-1.csv,,,Data replog,,,ScoX-1,True,IR
ir100601.0141,Sco X-1,19:19:54.7,-15:38:23,2010-06-02,02:57:05.9,2455349.623,20.0,2.12,H,H,,,,usbdrivereplog_ScoX-1.csv,,,Data replog,,,ScoX-1,True,IR
ir100601.0140,Sco X-1,19:19:54.8,-15:38:23,2010-06-02,02:56:29.5,2455349.6226,20.1,2.13,H,H,,,,usbdrivereplog_ScoX-1.csv,,,Data replog,,,ScoX-1,True,IR
ir100601.0139,Sco X-1,19:19:54.9,-15:38:22,2010-06-02,02:55:52.5,2455349.6221,20.0,2.14,H,H,,,,usbdrivereplog_ScoX-1.csv,,,Data replog,,,ScoX-1,True,IR
ir100601.0138,Sco X-1,19:19:54.9,-15:38:22,2010-06-02,02:55:15.8,2455349.6217,20.1,2.15,H,H,,,,usbdrivereplog_ScoX-1.csv,,,Data replog,,,ScoX-1,True,IR
ir100601.0137,Sco X-1,19:19:55.0,-15:38:25,2010-06-02,02:54:39.1,2455349.6213,20.0,2.16,H,H,,,,usbdrivereplog_ScoX-1.csv,,,Data replog,,,ScoX-1,True,IR
ir100531.0170,Sco X-1,16:19:55.0,-15:38:25,2010-06-01,03:54:51.2,2455348.6631,20.0,1.04,H,H,,,,usbdrivereplog_ScoX-1.csv,,,Data replog,,,ScoX-1,True,IR
ir100531.0169,Sco X-1,16:19:55.0,-15:38:24,2010-06-01,03:54:15.0,2455348.6627,20.1,1.04,H,H,,,,usbdrivereplog_ScoX-1.csv,,,Data replog,,,ScoX-1,True,IR
ir100531.0168,Sco X-1,16:19:55.0,-15:38:25,2010-06-01,03:53:38.6,2455348.6623,20.0,1.04,H,H,,,,usbdrivereplog_ScoX-1.csv,,,Data replog,,,ScoX-1,True,IR
ir100605.0139,Sco X-1,16:19:54.8,-15:38:32,2010-06-06,02:52:23.0,2455353.6197,20.1,1.08,H,H,,,,usbdrivereplog_ScoX-1.csv,,,Data replog,,,ScoX-1,True,IR
ir100605.0140,Sco X-1,16:19:54.8,-15:38:32,2010-06-06,02:52:59.4,2455353.6201,20.0,1.08,H,H,,,,usbdrivereplog_ScoX-1.csv,,,Data replog,,,ScoX-1,True,IR
ir100605.0141,Sco X-1,16:19:54.8,-15:38:32,2010-06-06,02:53:35.8,2455353.6206,20.0,1.08,H,H,,,,usbdrivereplog_ScoX-1.csv,,,Data replog,,,ScoX-1,True,IR
ir100605.0142,Sco X-1,16:19:54.8,-15:38:32,2010-06-06,02:54:11.6,2455353.621,20.0,1.08,H,H,,,,usbdrivereplog_ScoX-1.csv,,,Data replog,,,ScoX-1,True,IR
ir100619.0052,Sco X-1,16:19:55.7,-15:38:25,2010-06-20,02:35:58.7,2455367.6083,20.1,1.04,H,H,,,,usbdrivereplog_ScoX-1.csv,,,Data replog,,,ScoX-1,True,IR
ir100619.0051,Sco X-1,16:19:55.7,-15:38:25,2010-06-20,02:35:22.0,2455367.6079,20.0,1.04,H,H,,,,usbdrivereplog_ScoX-1.csv,,,Data replog,,,ScoX-1,True,IR
ir100619.0050,Sco X-1,16:19:55.7,-15:38:25,2010-06-20,02:34:46.1,2455367.6075,20.1,1.04,H,H,,,,usbdrivereplog_ScoX-1.csv,,,Data replog,,,ScoX-1,True,IR
ir100612.0005,Sco X-1,16:19:55.0,-15:38:25,2010-06-13,01:43:46.5,2455360.5721,20.1,1.15,H,H,,,,usbdrivereplog_ScoX-1.csv,,,Data replog,,,ScoX-1,True,IR
ir100612.0004,Sco X-1,16:19:55.0,-15:38:25,2010-06-13,01:43:10.0,2455360.5716,20.1,1.16,H,H,,,,usbdrivereplog_ScoX-1.csv,,,Data replog,,,ScoX-1,True,IR
ir100612.0003,Sco X-1,16:19:55.0,-15:38:25,2010-06-13,01:42:33.5,2455360.5712,20.0,1.16,H,H,,,,usbdrivereplog_ScoX-1.csv,,,Data replog,,,ScoX-1,True,IR
ir100612.0002,Sco X-1,16:19:55.0,-15:38:25,2010-06-13,01:41:56.8,2455360.5708,20.0,1.16,H,H,,,,usbdrivereplog_ScoX-1.csv,,,Data replog,,,ScoX-1,True,IR
ir100612.0001,Sco X-1,16:19:55.0,-15:38:24,2010-06-13,01:41:20.9,2455360.5704,20.0,1.16,H,H,,,,usbdrivereplog_ScoX-1.csv,,,Data replog,,,ScoX-1,True,IR
ir100611.0225,Sco X-1,16:19:55.0,-15:38:24,2010-06-12,06:14:21.1,2455359.76,20.0,1.26,H,H,,,,usbdrivereplog_ScoX-1.csv,,,Data replog,,,ScoX-1,True,IR
ir100611.0224,Sco X-1,16:19:55.0,-15:38:24,2010-06-12,06:13:45.1,2455359.7596,20.1,1.26,H,H,,,,usbdrivereplog_ScoX-1.csv,,,Data replog,,,ScoX-1,True,IR
ir100611.0223,Sco X-1,16:19:55.0,-15:38:24,2010-06-12,06:13:08.5,2455359.7591,20.1,1.26,H,H,,,,usbdrivereplog_ScoX-1.csv,,,Data replog,,,ScoX-1,True,IR
ir100611.0222,Sco X-1,16:19:55.0,-15:38:24,2010-06-12,06:12:31.5,2455359.7587,20.0,1.26,H,H,,,,usbdrivereplog_ScoX-1.csv,,,Data replog,,,ScoX-1,True,IR
ir100611.0221,Sco X-1,16:19:55.0,-15:38:24,2010-06-12,06:11:55.6,2455359.7583,20.0,1.26,H,H,,,,usbdrivereplog_ScoX-1.csv,,,Data replog,,,ScoX-1,True,IR
ir100608.0155,Sco X-1,16:19:55.2,-15:38:37,2010-06-09,03:21:56.3,2455356.6402,20.1,1.04,H,H,,,,usbdrivereplog_ScoX-1.csv,,,Data replog,,,ScoX-1,True,IR
ir100608.0154,Sco X-1,16:19:55.1,-15:38:37,2010-06-09,03:21:20.2,2455356.6398,20.0,1.04,H,H,,,,usbdrivereplog_ScoX-1.csv,,,Data replog,,,ScoX-1,True,IR
ir100608.0153,Sco X-1,16:19:55.2,-15:38:37,2010-06-09,03:20:43.5,2455356.6394,20.1,1.04,H,H,,,,usbdrivereplog_ScoX-1.csv,,,Data replog,,,ScoX-1,True,IR
ir100608.0152,Sco X-1,16:19:55.2,-15:38:36,2010-06-09,03:20:07.2,2455356.639,20.0,1.04,H,H,,,,usbdrivereplog_ScoX-1.csv,,,Data replog,,,ScoX-1,True,IR
ir100608.0151,Sco X-1,16:19:55.2,-15:38:36,2010-06-09,03:19:30.8,2455356.6385,20.0,1.04,H,H,,,,usbdrivereplog_ScoX-1.csv,,,Data replog,,,ScoX-1,True,IR
ir100607.0177,Sco X-1,16:19:56.2,-15:38:34,2010-06-08,03:12:02.1,2455355.6334,20.1,1.05,H,H,,,,usbdrivereplog_ScoX-1.csv,,,Data replog,,,ScoX-1,True,IR
ir100607.0176,Sco X-1,16:19:56.3,-15:38:34,2010-06-08,03:11:25.7,2455355.6329,20.1,1.05,H,H,,,,usbdrivereplog_ScoX-1.csv,,,Data replog,,,ScoX-1,True,IR
ir100607.0175,Sco X-1,16:19:56.3,-15:38:34,2010-06-08,03:10:49.0,2455355.6325,20.0,1.05,H,H,,,,usbdrivereplog_ScoX-1.csv,,,Data replog,,,ScoX-1,True,IR
ir100607.0174,Sco X-1,16:19:56.2,-15:38:34,2010-06-08,03:10:12.7,2455355.6321,20.0,1.05,H,H,,,,usbdrivereplog_ScoX-1.csv,,,Data replog,,,ScoX-1,True,IR
ir100607.0173,Sco X-1,16:19:56.3,-15:38:34,2010-06-08,03:09:36.3,2455355.6317,20.0,1.05,H,H,,,,usbdrivereplog_ScoX-1.csv,,,Data replog,,,ScoX-1,True,IR
ir100531.0167,Sco X-1,16:19:55.0,-15:38:25,2010-06-01,03:53:01.4,2455348.6618,20.0,1.04,H,H,,,,usbdrivereplog_ScoX-1.csv,,,Data replog,,,ScoX-1,True,IR
ir100530.0217,Sco X-1,16:19:55.0,-15:38:25,2010-05-31,04:06:03.0,2455347.6709,20.0,1.04,H,H,,,,usbdrivereplog_ScoX-1.csv,,,Data replog,,,ScoX-1,True,IR
ir100509.0261,Sco X-1,16:19:56.0,-15:38:24,2010-05-10,04:32:49.6,2455326.6895,20.1,1.09,H,H,,,,usbdrivereplog_ScoX-1.csv,,,Data replog,,,ScoX-1,True,IR
ir100511.0142,Sco X-1,16:19:56.3,-15:38:34,2010-05-12,02:21:58.3,2455328.5986,20.0,1.51,H,H,,,,usbdrivereplog_ScoX-1.csv,,,Data replog,,,ScoX-1,True,IR
ir100523.0151,Sco X-1,16:19:55.3,-15:38:42,2010-05-24,03:19:33.2,2455340.6386,20.1,1.12,H,H,,,,usbdrivereplog_ScoX-1.csv,,,Data replog,,,ScoX-1,True,IR
ir100522.0115,Sco X-1,16:19:55.1,-15:38:38,2010-05-23,04:29:08.5,2455339.6869,20.1,1.04,H,H,,,,usbdrivereplog_ScoX-1.csv,,,Data replog,,,ScoX-1,True,IR
ir100522.0114,Sco X-1,16:19:55.0,-15:38:38,2010-05-23,04:28:32.0,2455339.6865,20.0,1.04,H,H,,,,usbdrivereplog_ScoX-1.csv,,,Data replog,,,ScoX-1,True,IR
ir100522.0113,Sco X-1,16:19:55.0,-15:38:38,2010-05-23,04:27:55.5,2455339.6861,20.0,1.04,H,H,,,,usbdrivereplog_ScoX-1.csv,,,Data replog,,,ScoX-1,True,IR
ir100522.0112,Sco X-1,16:19:55.0,-15:38:38,2010-05-23,04:27:19.2,2455339.6856,20.1,1.04,H,H,,,,usbdrivereplog_ScoX-1.csv,,,Data replog,,,ScoX-1,True,IR
ir100522.0111,Sco X-1,16:19:55.1,-15:38:38,2010-05-23,04:26:43.2,2455339.6852,20.1,1.04,H,H,,,,usbdrivereplog_ScoX-1.csv,,,Data replog,,,ScoX-1,True,IR
ir100521.0165,Sco X-1,16:19:55.2,-15:38:24,2010-05-22,03:12:18.3,2455338.6335,20.1,1.15,H,H,,,,usbdrivereplog_ScoX-1.csv,,,Data replog,,,ScoX-1,True,IR
ir100521.0164,Sco X-1,16:19:55.2,-15:38:24,2010-05-22,03:11:42.3,2455338.6331,20.0,1.15,H,H,,,,usbdrivereplog_ScoX-1.csv,,,Data replog,,,ScoX-1,True,IR
ir100521.0163,Sco X-1,16:19:55.1,-15:38:24,2010-05-22,03:11:05.8,2455338.6327,20.0,1.15,H,H,,,,usbdrivereplog_ScoX-1.csv,,,Data replog,,,ScoX-1,True,IR
ir100521.0162,Sco X-1,16:19:55.1,-15:38:24,2010-05-22,03:10:29.1,2455338.6323,20.1,1.15,H,H,,,,usbdrivereplog_ScoX-1.csv,,,Data replog,,,ScoX-1,True,IR
ir100521.0161,Sco X-1,16:19:55.2,-15:38:24,2010-05-22,03:09:52.6,2455338.6319,20.0,1.16,H,H,,,,usbdrivereplog_ScoX-1.csv,,,Data replog,,,ScoX-1,True,IR
ir100511.0141,Sco X-1,16:19:56.3,-15:38:34,2010-05-12,02:21:22.3,2455328.5982,20.0,1.51,H,H,,,,usbdrivereplog_ScoX-1.csv,,,Data replog,,,ScoX-1,True,IR
ir100530.0216,Sco X-1,16:19:55.0,-15:38:24,2010-05-31,04:05:26.5,2455347.6705,20.0,1.04,H,H,,,,usbdrivereplog_ScoX-1.csv,,,Data replog,,,ScoX-1,True,IR
ir100511.0140,Sco X-1,16:19:56.3,-15:38:34,2010-05-12,02:20:45.8,2455328.5978,20.0,1.51,H,H,,,,usbdrivereplog_ScoX-1.csv,,,Data replog,,,ScoX-1,True,IR
ir100511.0139,Sco X-1,16:19:56.4,-15:38:34,2010-05-12,02:20:09.4,2455328.5973,20.0,1.52,H,H,,,,usbdrivereplog_ScoX-1.csv,,,Data replog,,,ScoX-1,True,IR
ir100511.0138,Sco X-1,16:19:56.4,-15:38:34,2010-05-12,02:19:32.9,2455328.5969,20.1,1.52,H,H,,,,usbdrivereplog_ScoX-1.csv,,,Data replog,,,ScoX-1,True,IR
ir100510.0189,Sco X-1,16:19:54.5,-15:38:42,2010-05-11,02:50:31.4,2455327.6184,20.1,1.37,H,H,,,,usbdrivereplog_ScoX-1.csv,,,Data replog,,,ScoX-1,True,IR
ir100510.0188,Sco X-1,16:19:54.5,-15:38:42,2010-05-11,02:49:54.8,2455327.617,20.1,1.37,H,H,,,,usbdrivereplog_ScoX-1.csv,,,Data replog,,,ScoX-1,True,IR
ir100510.0187,Sco X-1,16:19:54.6,-15:38:42,2010-05-11,02:49:18.2,2455327.6176,20.1,1.38,H,H,,,,usbdrivereplog_ScoX-1.csv,,,Data replog,,,ScoX-1,True,IR
ir100510.0186,Sco X-1,16:19:54.6,-15:38:42,2010-05-11,02:48:41.8,2455327.6171,20.0,1.38,H,H,,,,usbdrivereplog_ScoX-1.csv,,,Data replog,,,ScoX-1,True,IR
ir100510.0185,Sco X-1,16:19:54.6,-15:38:41,2010-05-11,02:48:05.9,2455327.6167,20.0,1.38,H,H,,,,usbdrivereplog_ScoX-1.csv,,,Data replog,,,ScoX-1,True,IR
ir100509.0264,Sco X-1,16:19:56.0,-15:38:24,2010-05-10,04:34:38.7,2455326.6907,20.1,1.09,H,H,,,,usbdrivereplog_ScoX-1.csv,,,Data replog,,,ScoX-1,True,IR
ir100509.0263,Sco X-1,16:19:56.0,-15:38:24,2010-05-10,04:34:02.8,2455326.6903,20.1,1.09,H,H,,,,usbdrivereplog_ScoX-1.csv,,,Data replog,,,ScoX-1,True,IR
ir100509.0262,Sco X-1,16:19:56.0,-15:38:24,2010-05-10,04:33:26.0,2455326.6899,20.1,1.09,H,H,,,,usbdrivereplog_ScoX-1.csv,,,Data replog,,,ScoX-1,True,IR
ir100523.0152,Sco X-1,16:19:55.3,-15:38:42,2010-05-24,03:20:09.7,2455340.639,20.1,1.12,H,H,,,,usbdrivereplog_ScoX-1.csv,,,Data replog,,,ScoX-1,True,IR
ir100523.0153,Sco X-1,16:19:55.3,-15:38:42,2010-05-24,03:20:46.0,2455340.6394,20.0,1.12,H,H,,,,usbdrivereplog_ScoX-1.csv,,,Data replog,,,ScoX-1,True,IR
ir100523.0154,Sco X-1,16:19:55.4,-15:38:42,2010-05-24,03:21:22.4,2455340.6398,20.1,1.11,H,H,,,,usbdrivereplog_ScoX-1.csv,,,Data replog,,,ScoX-1,True,IR
ir100523.0155,Sco X-1,16:19:55.3,-15:38:42,2010-05-24,03:21:58.5,2455340.6403,20.1,1.11,H,H,,,,usbdrivereplog_ScoX-1.csv,,,Data replog,,,ScoX-1,True,IR
ir100530.0215,Sco X-1,16:19:55.0,-15:38:25,2010-05-31,04:04:49.8,2455347.67,20.0,1.04,H,H,,,,usbdrivereplog_ScoX-1.csv,,,Data replog,,,ScoX-1,True,IR
ir100530.0214,Sco X-1,16:19:55.0,-15:38:25,2010-05-31,04:04:13.6,2455347.6696,20.0,1.04,H,H,,,,usbdrivereplog_ScoX-1.csv,,,Data replog,,,ScoX-1,True,IR
ir100530.0213,Sco X-1,16:19:55.0,-15:38:25,2010-05-31,04:03:37.6,2455347.6692,20.1,1.04,H,H,,,,usbdrivereplog_ScoX-1.csv,,,Data replog,,,ScoX-1,True,IR
ir100529.0229,Sco X-1,16:19:55.0,-15:38:25,2010-05-30,05:09:23.8,2455346.7149,20.0,1.04,H,H,,,,usbdrivereplog_ScoX-1.csv,,,Data replog,,,ScoX-1,True,IR
ir100529.0228,Sco X-1,16:19:55.0,-15:38:25,2010-05-30,05:08:47.3,2455346.7144,20.1,1.04,H,H,,,,usbdrivereplog_ScoX-1.csv,,,Data replog,,,ScoX-1,True,IR
ir100529.0227,Sco X-1,16:19:55.0,-15:38:25,2010-05-30,05:08:10.8,2455346.714,20.1,1.04,H,H,,,,usbdrivereplog_ScoX-1.csv,,,Data replog,,,ScoX-1,True,IR
ir100529.0226,Sco X-1,16:19:55.0,-15:38:25,2010-05-30,05:07:34.2,2455346.7136,20.0,1.04,H,H,,,,usbdrivereplog_ScoX-1.csv,,,Data replog,,,ScoX-1,True,IR
ir100529.0225,Sco X-1,16:19:55.0,-15:38:24,2010-05-30,05:06:58.1,2455346.7132,20.1,1.04,H,H,,,,usbdrivereplog_ScoX-1.csv,,,Data replog,,,ScoX-1,True,IR
ir100526.0212,Sco X-1,16:19:57.1,-15:38:34,2010-05-27,03:10:40.0,2455343.6324,20.1,1.11,H,H,,,,usbdrivereplog_ScoX-1.csv,,,Data replog,,,ScoX-1,True,IR
ir100526.0211,Sco X-1,16:19:57.1,-15:38:34,2010-05-27,03:10:03.8,2455343.632,20.1,1.11,H,H,,,,usbdrivereplog_ScoX-1.csv,,,Data replog,,,ScoX-1,True,IR
ir100526.0210,Sco X-1,16:19:57.1,-15:38:34,2010-05-27,03:09:26.9,2455343.6316,20.1,1.12,H,H,,,,usbdrivereplog_ScoX-1.csv,,,Data replog,,,ScoX-1,True,IR
ir100526.0209,Sco X-1,16:19:57.1,-15:38:34,2010-05-27,03:08:50.3,2455343.6311,20.1,1.12,H,H,,,,usbdrivereplog_ScoX-1.csv,,,Data replog,,,ScoX-1,True,IR
ir100526.0208,Sco X-1,16:19:57.1,-15:38:34,2010-05-27,03:08:13.9,2455343.6307,20.0,1.12,H,H,,,,usbdrivereplog_ScoX-1.csv,,,Data replog,,,ScoX-1,True,IR
ir100525.0264,Sco X-1,16:19:54.5,-15:38:29,2010-05-26,04:24:23.3,2455342.6836,20.1,1.04,H,H,,,,usbdrivereplog_ScoX-1.csv,,,Data replog,,,ScoX-1,True,IR
ir100525.0263,Sco X-1,16:19:54.5,-15:38:29,2010-05-26,04:23:47.4,2455342.6832,20.1,1.04,H,H,,,,usbdrivereplog_ScoX-1.csv,,,Data replog,,,ScoX-1,True,IR
ir100525.0262,Sco X-1,16:19:54.5,-15:38:29,2010-05-26,04:23:10.9,2455342.6828,20.0,1.04,H,H,,,,usbdrivereplog_ScoX-1.csv,,,Data replog,,,ScoX-1,True,IR
ir100525.0261,Sco X-1,16:19:54.5,-15:38:29,2010-05-26,04:22:34.5,2455342.6823,20.0,1.04,H,H,,,,usbdrivereplog_ScoX-1.csv,,,Data replog,,,ScoX-1,True,IR
ir100525.0260,Sco X-1,16:19:54.5,-15:38:29,2010-05-26,04:21:58.5,2455342.6819,20.0,1.04,H,H,,,,usbdrivereplog_ScoX-1.csv,,,Data replog,,,ScoX-1,True,IR
ir100524.0199,Sco X-1,16:19:55.4,-15:38:34,2010-05-25,03:27:55.3,2455341.6444,20.1,1.1,H,H,,,,usbdrivereplog_ScoX-1.csv,,,Data replog,,,ScoX-1,True,IR
ir100524.0198,Sco X-1,16:19:55.3,-15:38:34,2010-05-25,03:27:19.4,2455341.644,20.0,1.1,H,H,,,,usbdrivereplog_ScoX-1.csv,,,Data replog,,,ScoX-1,True,IR
ir100524.0197,Sco X-1,16:19:55.4,-15:38:34,2010-05-25,03:26:43.0,2455341.6436,20.1,1.1,H,H,,,,usbdrivereplog_ScoX-1.csv,,,Data replog,,,ScoX-1,True,IR
ir100524.0196,Sco X-1,16:19:55.3,-15:38:33,2010-05-25,03:26:06.8,2455341.6431,20.0,1.1,H,H,,,,usbdrivereplog_ScoX-1.csv,,,Data replog,,,ScoX-1,True,IR
ir100524.0195,Sco X-1,16:19:55.3,-15:38:33,2010-05-25,03:25:30.8,2455341.6427,20.1,1.1,H,H,,,,usbdrivereplog_ScoX-1.csv,,,Data replog,,,ScoX-1,True,IR
ir100619.0053,Sco X-1,16:19:55.7,-15:38:25,2010-06-20,02:36:35.1,2455367.6087,20.1,1.04,H,H,,,,usbdrivereplog_ScoX-1.csv,,,Data replog,,,ScoX-1,True,IR
ir100619.0054,Sco X-1,16:19:55.6,-15:38:25,2010-06-20,02:37:11.0,2455367.6092,20.0,1.04,H,H,,,,usbdrivereplog_ScoX-1.csv,,,Data replog,,,ScoX-1,True,IR
ir100620.0080,Sco X-1,16:19:56.0,-15:38:31,2010-06-21,01:54:01.2,2455368.5792,20.0,1.08,H,H,,,,usbdrivereplog_ScoX-1.csv,,,Data replog,,,ScoX-1,True,IR
ir100620.0081,Sco X-1,16:19:55.9,-15:38:31,2010-06-21,01:54:37.5,2455368.5796,20.1,1.08,H,H,,,,usbdrivereplog_ScoX-1.csv,,,Data replog,,,ScoX-1,True,IR
ir100714.0155,Sco X-1,16:19:55.0,-15:38:24,2010-07-15,03:08:22.1,2455392.6309,20.1,1.12,H,H,,,,usbdrivereplog_ScoX-1.csv,,,Data replog,,,ScoX-1,True,IR
ir100725.0113,Sco X-1,16:19:55.0,-15:38:24,2010-07-26,01:48:30.2,2455403.5754,20.0,1.06,H,H,,,,usbdrivereplog_ScoX-1.csv,,,Data replog,,,ScoX-1,True,IR
ir100724.0095,Sco X-1,16:19:54.8,-15:38:23,2010-07-25,04:36:08.2,2455402.6918,20.1,1.66,H,H,,,,usbdrivereplog_ScoX-1.csv,,,Data replog,,,ScoX-1,True,IR
ir100724.0094,Sco X-1,16:19:54.9,-15:38:23,2010-07-25,04:35:31.6,2455402.6913,20.0,1.65,H,H,,,,usbdrivereplog_ScoX-1.csv,,,Data replog,,,ScoX-1,True,IR
ir100724.0093,Sco X-1,16:19:54.9,-15:38:24,2010-07-25,04:34:54.7,2455402.6909,20.0,1.65,H,H,,,,usbdrivereplog_ScoX-1.csv,,,Data replog,,,ScoX-1,True,IR
ir100724.0092,Sco X-1,16:19:54.9,-15:38:24,2010-07-25,04:34:17.3,2455402.6905,20.0,1.64,H,H,,,,usbdrivereplog_ScoX-1.csv,,,Data replog,,,ScoX-1,True,IR
ir100724.0091,Sco X-1,16:20:49.5,-15:38:25,2010-07-25,04:33:40.7,2455402.6901,20.1,1.63,H,H,,,,usbdrivereplog_ScoX-1.csv,,,Data replog,,,ScoX-1,True,IR
ir100715.0059,Sco X-1,16:19:54.6,-15:38:31,2010-07-16,01:09:09.1,2455393.548,20.1,1.04,H,H,,,,usbdrivereplog_ScoX-1.csv,,,Data replog,,,ScoX-1,True,IR
ir100715.0058,Sco X-1,16:19:54.7,-15:38:31,2010-07-16,01:08:33.0,2455393.5476,20.1,1.04,H,H,,,,usbdrivereplog_ScoX-1.csv,,,Data replog,,,ScoX-1,True,IR
ir100715.0057,Sco X-1,16:19:54.7,-15:38:31,2010-07-16,01:07:56.2,2455393.5472,20.0,1.04,H,H,,,,usbdrivereplog_ScoX-1.csv,,,Data replog,,,ScoX-1,True,IR
ir100715.0056,Sco X-1,16:19:54.7,-15:38:31,2010-07-16,01:07:18.5,2455393.5467,20.0,1.04,H,H,,,,usbdrivereplog_ScoX-1.csv,,,Data replog,,,ScoX-1,True,IR
ir100715.0055,Sco X-1,16:19:54.6,-15:38:31,2010-07-16,01:06:41.7,2455393.5463,20.0,1.04,H,H,,,,usbdrivereplog_ScoX-1.csv,,,Data replog,,,ScoX-1,True,IR
ir100714.0154,Sco X-1,16:19:54.9,-15:38:24,2010-07-15,03:07:45.4,2455392.6305,20.0,1.11,H,H,,,,usbdrivereplog_ScoX-1.csv,,,Data replog,,,ScoX-1,True,IR
ir100710.0060,Sco X-1,16:19:55.0,-15:38:24,2010-07-11,00:36:27.4,2455388.5253,20.0,1.08,H,H,,,,usbdrivereplog_ScoX-1.csv,,,Data replog,,,ScoX-1,True,IR
ir100714.0153,Sco X-1,16:19:55.0,-15:38:24,2010-07-15,03:07:08.1,2455392.63,20.1,1.11,H,H,,,,usbdrivereplog_ScoX-1.csv,,,Data replog,,,ScoX-1,True,IR
ir100714.0152,Sco X-1,16:19:55.0,-15:38:24,2010-07-15,03:06:31.2,2455392.6296,20.0,1.11,H,H,,,,usbdrivereplog_ScoX-1.csv,,,Data replog,,,ScoX-1,True,IR
ir100714.0151,Sco X-1,16:19:55.0,-15:38:24,2010-07-15,03:05:54.5,2455392.6292,20.0,1.11,H,H,,,,usbdrivereplog_ScoX-1.csv,,,Data replog,,,ScoX-1,True,IR
ir100712.0093,Sco X-1,16:19:55.1,-15:38:24,2010-07-13,02:33:56.2,2455390.6069,20.0,1.06,H,H,,,,usbdrivereplog_ScoX-1.csv,,,Data replog,,,ScoX-1,True,IR
ir100712.0092,Sco X-1,16:19:55.1,-15:38:24,2010-07-13,02:33:20.1,2455390.6065,20.0,1.06,H,H,,,,usbdrivereplog_ScoX-1.csv,,,Data replog,,,ScoX-1,True,IR
ir100712.0091,Sco X-1,16:19:55.1,-15:38:25,2010-07-13,02:32:43.3,2455390.6061,20.1,1.06,H,H,,,,usbdrivereplog_ScoX-1.csv,,,Data replog,,,ScoX-1,True,IR
ir100712.0090,Sco X-1,16:19:55.1,-15:38:25,2010-07-13,02:32:06.4,2455390.6057,20.0,1.06,H,H,,,,usbdrivereplog_ScoX-1.csv,,,Data replog,,,ScoX-1,True,IR
ir100712.0089,Sco X-1,16:19:55.0,-15:38:24,2010-07-13,02:31:30.4,2455390.6053,20.0,1.05,H,H,,,,usbdrivereplog_ScoX-1.csv,,,Data replog,,,ScoX-1,True,IR
ir100710.0064,Sco X-1,16:19:54.9,-15:38:24,2010-07-11,00:38:53.8,2455388.527,20.1,1.07,H,H,,,,usbdrivereplog_ScoX-1.csv,,,Data replog,,,ScoX-1,True,IR
ir100710.0063,Sco X-1,16:19:54.9,-15:38:24,2010-07-11,00:38:17.8,2455388.5266,20.0,1.08,H,H,,,,usbdrivereplog_ScoX-1.csv,,,Data replog,,,ScoX-1,True,IR
ir100710.0062,Sco X-1,16:19:54.9,-15:38:24,2010-07-11,00:37:41.0,2455388.5262,20.0,1.08,H,H,,,,usbdrivereplog_ScoX-1.csv,,,Data replog,,,ScoX-1,True,IR
ir100725.0114,Sco X-1,16:19:55.0,-15:38:24,2010-07-26,01:49:06.6,2455403.5758,20.1,1.06,H,H,,,,usbdrivereplog_ScoX-1.csv,,,Data replog,,,ScoX-1,True,IR
ir100725.0115,Sco X-1,16:19:55.0,-15:38:24,2010-07-26,01:49:43.9,2455403.5762,20.1,1.06,H,H,,,,usbdrivereplog_ScoX-1.csv,,,Data replog,,,ScoX-1,True,IR
ir100725.0116,Sco X-1,16:19:55.0,-15:38:24,2010-07-26,01:50:20.9,2455403.5766,20.1,1.06,H,H,,,,usbdrivereplog_ScoX-1.csv,,,Data replog,,,ScoX-1,True,IR
ir100725.0117,Sco X-1,16:19:55.0,-15:38:24,2010-07-26,01:50:57.3,2455403.5771,20.0,1.07,H,H,,,,usbdrivereplog_ScoX-1.csv,,,Data replog,,,ScoX-1,True,IR
ir100818.0037,Sco X-1,16:19:56.1,-15:38:32,2010-08-19,00:09:54.6,2455427.5069,20.0,1.06,H,H,,,,usbdrivereplog_ScoX-1.csv,,,Data replog,,,ScoX-1,True,IR
ir100818.0036,Sco X-1,16:19:56.1,-15:38:33,2010-08-19,00:09:18.2,2455427.5065,20.1,1.06,H,H,,,,usbdrivereplog_ScoX-1.csv,,,Data replog,,,ScoX-1,True,IR
ir100818.0035,Sco X-1,16:19:56.1,-15:38:33,2010-08-19,00:08:42.1,2455427.506,20.0,1.06,H,H,,,,usbdrivereplog_ScoX-1.csv,,,Data replog,,,ScoX-1,True,IR
ir100812.0211,Sco X-1,16:19:55.9,-15:38:40,2010-08-13,03:21:47.8,2455421.6401,20.1,1.66,H,H,,,,usbdrivereplog_ScoX-1.csv,,,Data replog,,,ScoX-1,True,IR
ir100812.0210,Sco X-1,16:19:55.9,-15:38:40,2010-08-13,03:21:11.8,2455421.6397,20.1,1.66,H,H,,,,usbdrivereplog_ScoX-1.csv,,,Data replog,,,ScoX-1,True,IR
ir100812.0209,Sco X-1,16:19:55.9,-15:38:40,2010-08-13,03:20:35.3,2455421.6393,20.0,1.65,H,H,,,,usbdrivereplog_ScoX-1.csv,,,Data replog,,,ScoX-1,True,IR
ir100812.0208,Sco X-1,16:19:55.9,-15:38:40,2010-08-13,03:19:59.0,2455421.6389,20.0,1.65,H,H,,,,usbdrivereplog_ScoX-1.csv,,,Data replog,,,ScoX-1,True,IR
ir100812.0207,Sco X-1,16:19:55.9,-15:38:39,2010-08-13,03:19:22.9,2455421.6385,20.0,1.64,H,H,,,,usbdrivereplog_ScoX-1.csv,,,Data replog,,,ScoX-1,True,IR
ir100808.0090,Sco X-1,16:19:55.0,-15:38:24,2010-08-09,01:54:30.1,2455417.5795,20.0,1.17,H,H,,,,usbdrivereplog_ScoX-1.csv,,,Data replog,,,ScoX-1,True,IR
ir100808.0089,Sco X-1,16:19:55.0,-15:38:24,2010-08-09,01:53:54.0,2455417.5791,20.1,1.17,H,H,,,,usbdrivereplog_ScoX-1.csv,,,Data replog,,,ScoX-1,True,IR
ir100808.0088,Sco X-1,16:19:55.0,-15:38:24,2010-08-09,01:53:17.5,2455417.5787,20.0,1.17,H,H,,,,usbdrivereplog_ScoX-1.csv,,,Data replog,,,ScoX-1,True,IR
ir100808.0087,Sco X-1,16:19:55.0,-15:38:24,2010-08-09,01:52:41.1,2455417.5783,20.1,1.16,H,H,,,,usbdrivereplog_ScoX-1.csv,,,Data replog,,,ScoX-1,True,IR
ir100808.0086,Sco X-1,16:19:55.0,-15:38:24,2010-08-09,01:52:05.1,2455417.5778,20.1,1.16,H,H,,,,usbdrivereplog_ScoX-1.csv,,,Data replog,,,ScoX-1,True,IR
ir100804.0125,Sco X-1,16:19:56.8,-15:38:16,2010-08-05,01:40:20.7,2455413.5697,20.1,1.11,H,H,,,,usbdrivereplog_ScoX-1.csv,,,Data replog,,,ScoX-1,True,IR
ir100804.0124,Sco X-1,16:19:56.8,-15:38:16,2010-08-05,01:39:44.6,2455413.5693,20.0,1.1,H,H,,,,usbdrivereplog_ScoX-1.csv,,,Data replog,,,ScoX-1,True,IR
ir100804.0123,Sco X-1,16:19:56.8,-15:38:16,2010-08-05,01:39:08.2,2455413.5688,20.0,1.1,H,H,,,,usbdrivereplog_ScoX-1.csv,,,Data replog,,,ScoX-1,True,IR
ir100804.0122,Sco X-1,16:19:56.8,-15:38:16,2010-08-05,01:38:31.8,2455413.5684,20.0,1.1,H,H,,,,usbdrivereplog_ScoX-1.csv,,,Data replog,,,ScoX-1,True,IR
ir100804.0121,Sco X-1,16:19:56.8,-15:38:16,2010-08-05,01:37:55.8,2455413.568,20.1,1.1,H,H,,,,usbdrivereplog_ScoX-1.csv,,,Data replog,,,ScoX-1,True,IR
ir100802.0112,Sco X-1,16:19:56.6,-15:38:26,2010-08-03,02:26:19.9,2455411.6016,20.1,1.19,H,H,,,,usbdrivereplog_ScoX-1.csv,,,Data replog,,,ScoX-1,True,IR
ir100802.0111,Sco X-1,16:19:56.6,-15:38:26,2010-08-03,02:25:43.8,2455411.6012,20.0,1.19,H,H,,,,usbdrivereplog_ScoX-1.csv,,,Data replog,,,ScoX-1,True,IR
ir100802.0110,Sco X-1,16:19:56.6,-15:38:26,2010-08-03,02:25:07.1,2455411.6008,20.0,1.19,H,H,,,,usbdrivereplog_ScoX-1.csv,,,Data replog,,,ScoX-1,True,IR
ir100802.0109,Sco X-1,16:19:56.6,-15:38:26,2010-08-03,02:24:30.6,2455411.6003,20.1,1.18,H,H,,,,usbdrivereplog_ScoX-1.csv,,,Data replog,,,ScoX-1,True,IR
ir100802.0108,Sco X-1,16:19:56.5,-15:38:26,2010-08-03,02:23:54.6,2455411.5999,20.0,1.18,H,H,,,,usbdrivereplog_ScoX-1.csv,,,Data replog,,,ScoX-1,True,IR
ir100710.0061,Sco X-1,16:19:55.0,-15:38:24,2010-07-11,00:37:03.9,2455388.5258,20.0,1.08,H,H,,,,usbdrivereplog_ScoX-1.csv,,,Data replog,,,ScoX-1,True,IR
ir100704.0028,Sco X-1,16:19:55.6,-15:38:46,2010-07-05,00:11:52.9,2455382.5082,20.1,1.17,H,H,,,,usbdrivereplog_ScoX-1.csv,,,Data replog,,,ScoX-1,True,IR
ir100624.0093,Sco X-1,16:19:54.9,-15:38:24,2010-06-25,04:38:14.6,2455372.6932,20.0,1.14,H,H,,,,usbdrivereplog_ScoX-1.csv,,,Data replog,,,ScoX-1,True,IR
ir100627.0087,Sco X-1,16:19:55.0,-15:38:24,2010-06-28,00:53:04.8,2455375.5369,20.0,1.14,H,H,,,,usbdrivereplog_ScoX-1.csv,,,Data replog,,,ScoX-1,True,IR
ir100626.0176,Sco X-1,16:19:55.1,-15:38:25,2010-06-27,03:51:47.3,2455374.661,20.0,1.07,H,H,,,,usbdrivereplog_ScoX-1.csv,,,Data replog,,,ScoX-1,True,IR
ir100626.0175,Sco X-1,16:19:55.0,-15:38:25,2010-06-27,03:51:11.2,2455374.6606,20.1,1.07,H,H,,,,usbdrivereplog_ScoX-1.csv,,,Data replog,,,ScoX-1,True,IR
ir100626.0174,Sco X-1,16:19:55.1,-15:38:25,2010-06-27,03:50:34.4,2455374.6601,20.1,1.07,H,H,,,,usbdrivereplog_ScoX-1.csv,,,Data replog,,,ScoX-1,True,IR
ir100626.0173,Sco X-1,16:19:55.0,-15:38:25,2010-06-27,03:49:57.9,2455374.6597,20.0,1.07,H,H,,,,usbdrivereplog_ScoX-1.csv,,,Data replog,,,ScoX-1,True,IR
ir100626.0172,Sco X-1,16:19:55.0,-15:38:24,2010-06-27,03:49:22.0,2455374.6593,20.0,1.07,H,H,,,,usbdrivereplog_ScoX-1.csv,,,Data replog,,,ScoX-1,True,IR
ir100625.0162,Sco X-1,16:19:55.0,-15:38:24,2010-06-26,03:16:05.2,2455373.6362,20.1,1.04,H,H,,,,usbdrivereplog_ScoX-1.csv,,,Data replog,,,ScoX-1,True,IR
ir100625.0161,Sco X-1,16:19:55.0,-15:38:24,2010-06-26,03:15:28.7,2455373.6357,20.1,1.04,H,H,,,,usbdrivereplog_ScoX-1.csv,,,Data replog,,,ScoX-1,True,IR
ir100625.0160,Sco X-1,16:19:55.0,-15:38:24,2010-06-26,03:14:51.9,2455373.6353,20.1,1.04,H,H,,,,usbdrivereplog_ScoX-1.csv,,,Data replog,,,ScoX-1,True,IR
ir100625.0159,Sco X-1,16:19:55.0,-15:38:24,2010-06-26,03:14:15.4,2455373.6349,20.0,1.04,H,H,,,,usbdrivereplog_ScoX-1.csv,,,Data replog,,,ScoX-1,True,IR
ir100625.0158,Sco X-1,16:19:55.0,-15:38:24,2010-06-26,03:13:39.4,2455373.6345,20.0,1.04,H,H,,,,usbdrivereplog_ScoX-1.csv,,,Data replog,,,ScoX-1,True,IR
ir100624.0092,Sco X-1,16:19:55.0,-15:38:24,2010-06-25,04:37:38.1,2455372.6928,20.0,1.14,H,H,,,,usbdrivereplog_ScoX-1.csv,,,Data replog,,,ScoX-1,True,IR
ir100704.0027,Sco X-1,16:19:55.6,-15:38:46,2010-07-05,00:11:16.3,2455382.5078,20.0,1.17,H,H,,,,usbdrivereplog_ScoX-1.csv,,,Data replog,,,ScoX-1,True,IR
ir100624.0091,Sco X-1,16:19:55.0,-15:38:24,2010-06-25,04:37:01.6,2455372.6924,20.1,1.13,H,H,,,,usbdrivereplog_ScoX-1.csv,,,Data replog,,,ScoX-1,True,IR
ir100624.0090,Sco X-1,16:19:55.0,-15:38:24,2010-06-25,04:36:25.2,2455372.692,20.1,1.13,H,H,,,,usbdrivereplog_ScoX-1.csv,,,Data replog,,,ScoX-1,True,IR
ir100624.0089,Sco X-1,16:19:55.0,-15:38:24,2010-06-25,04:35:49.1,2455372.6915,20.0,1.13,H,H,,,,usbdrivereplog_ScoX-1.csv,,,Data replog,,,ScoX-1,True,IR
ir100621.0114,Sco X-1,16:19:55.0,-15:38:24,2010-06-22,02:39:35.6,2455369.6108,20.0,1.04,H,H,,,,usbdrivereplog_ScoX-1.csv,,,Data replog,,,ScoX-1,True,IR
ir100621.0113,Sco X-1,16:19:55.0,-15:38:24,2010-06-22,02:38:59.5,2455369.6104,20.0,1.04,H,H,,,,usbdrivereplog_ScoX-1.csv,,,Data replog,,,ScoX-1,True,IR
ir100621.0112,Sco X-1,16:19:55.0,-15:38:24,2010-06-22,02:38:22.9,2455369.61,20.1,1.04,H,H,,,,usbdrivereplog_ScoX-1.csv,,,Data replog,,,ScoX-1,True,IR
ir100621.0111,Sco X-1,16:19:55.0,-15:38:24,2010-06-22,02:37:46.1,2455369.6096,20.1,1.04,H,H,,,,usbdrivereplog_ScoX-1.csv,,,Data replog,,,ScoX-1,True,IR
ir100621.0110,Sco X-1,16:19:55.0,-15:38:24,2010-06-22,02:37:09.9,2455369.6091,20.0,1.04,H,H,,,,usbdrivereplog_ScoX-1.csv,,,Data replog,,,ScoX-1,True,IR
ir100620.0084,Sco X-1,16:19:55.9,-15:38:30,2010-06-21,01:56:27.0,2455368.5809,20.0,1.08,H,H,,,,usbdrivereplog_ScoX-1.csv,,,Data replog,,,ScoX-1,True,IR
ir100620.0083,Sco X-1,16:19:55.9,-15:38:30,2010-06-21,01:55:50.5,2455368.5804,20.1,1.08,H,H,,,,usbdrivereplog_ScoX-1.csv,,,Data replog,,,ScoX-1,True,IR
ir100620.0082,Sco X-1,16:19:55.9,-15:38:31,2010-06-21,01:55:14.1,2455368.58,20.0,1.08,H,H,,,,usbdrivereplog_ScoX-1.csv,,,Data replog,,,ScoX-1,True,IR
ir100627.0088,Sco X-1,16:19:55.0,-15:38:25,2010-06-28,00:53:40.9,2455375.5373,20.1,1.13,H,H,,,,usbdrivereplog_ScoX-1.csv,,,Data replog,,,ScoX-1,True,IR
ir100627.0089,Sco X-1,16:19:55.0,-15:38:26,2010-06-28,00:54:17.5,2455375.5377,20.1,1.13,H,H,,,,usbdrivereplog_ScoX-1.csv,,,Data replog,,,ScoX-1,True,IR
ir100627.0090,Sco X-1,16:19:55.0,-15:38:25,2010-06-28,00:54:54.1,2455375.5381,20.0,1.13,H,H,,,,usbdrivereplog_ScoX-1.csv,,,Data replog,,,ScoX-1,True,IR
ir100627.0091,Sco X-1,16:19:55.0,-15:38:26,2010-06-28,00:55:30.2,2455375.5386,20.0,1.13,H,H,,,,usbdrivereplog_ScoX-1.csv,,,Data replog,,,ScoX-1,True,IR
ir100704.0026,Sco X-1,16:19:55.5,-15:38:46,2010-07-05,00:10:39.3,2455382.5074,20.1,1.17,H,H,,,,usbdrivereplog_ScoX-1.csv,,,Data replog,,,ScoX-1,True,IR
ir100704.0025,Sco X-1,16:19:55.5,-15:38:46,2010-07-05,00:10:02.6,2455382.507,20.0,1.17,H,H,,,,usbdrivereplog_ScoX-1.csv,,,Data replog,,,ScoX-1,True,IR
ir100704.0024,Sco X-1,16:19:55.6,-15:38:46,2010-07-05,00:09:26.0,2455382.5066,20.1,1.17,H,H,,,,usbdrivereplog_ScoX-1.csv,,,Data replog,,,ScoX-1,True,IR
ir100703.0114,Sco X-1,16:19:54.4,-15:38:34,2010-07-04,01:55:28.2,2455381.5802,20.0,1.04,H,H,,,,usbdrivereplog_ScoX-1.csv,,,Data replog,,,ScoX-1,True,IR
ir100703.0113,Sco X-1,16:19:54.4,-15:38:34,2010-07-04,01:54:52.1,2455381.5798,20.0,1.04,H,H,,,,usbdrivereplog_ScoX-1.csv,,,Data replog,,,ScoX-1,True,IR
ir100703.0112,Sco X-1,16:19:54.4,-15:38:34,2010-07-04,01:54:15.4,2455381.5793,20.1,1.04,H,H,,,,usbdrivereplog_ScoX-1.csv,,,Data replog,,,ScoX-1,True,IR
ir100703.0111,Sco X-1,16:19:54.4,-15:38:34,2010-07-04,01:53:38.6,2455381.5789,20.1,1.04,H,H,,,,usbdrivereplog_ScoX-1.csv,,,Data replog,,,ScoX-1,True,IR
ir100703.0110,Sco X-1,16:19:54.5,-15:38:34,2010-07-04,01:53:02.6,2455381.5785,20.1,1.04,H,H,,,,usbdrivereplog_ScoX-1.csv,,,Data replog,,,ScoX-1,True,IR
ir100630.0174,Sco X-1,16:19:55.0,-15:38:24,2010-07-01,02:55:38.6,2455378.622,20.0,1.04,H,H,,,,usbdrivereplog_ScoX-1.csv,,,Data replog,,,ScoX-1,True,IR
ir100630.0173,Sco X-1,16:19:55.0,-15:38:24,2010-07-01,02:55:02.2,2455378.6216,20.1,1.04,H,H,,,,usbdrivereplog_ScoX-1.csv,,,Data replog,,,ScoX-1,True,IR
ir100630.0172,Sco X-1,16:19:55.0,-15:38:24,2010-07-01,02:54:25.5,2455378.6211,20.1,1.04,H,H,,,,usbdrivereplog_ScoX-1.csv,,,Data replog,,,ScoX-1,True,IR
ir100630.0171,Sco X-1,16:19:55.0,-15:38:24,2010-07-01,02:53:48.8,2455378.6207,20.0,1.04,H,H,,,,usbdrivereplog_ScoX-1.csv,,,Data replog,,,ScoX-1,True,IR
ir100630.0170,Sco X-1,16:19:55.1,-15:38:24,2010-07-01,02:53:12.3,2455378.6203,20.1,1.04,H,H,,,,usbdrivereplog_ScoX-1.csv,,,Data replog,,,ScoX-1,True,IR
ir100629.0164,Sco X-1,16:19:54.9,-15:38:25,2010-06-30,02:55:10.9,2455377.6217,20.1,1.04,H,H,,,,usbdrivereplog_ScoX-1.csv,,,Data replog,,,ScoX-1,True,IR
ir100629.0163,Sco X-1,16:19:54.9,-15:38:25,2010-06-30,02:54:34.8,2455377.6212,20.1,1.04,H,H,,,,usbdrivereplog_ScoX-1.csv,,,Data replog,,,ScoX-1,True,IR
ir100629.0162,Sco X-1,16:19:54.9,-15:38:25,2010-06-30,02:53:58.1,2455377.6208,20.0,1.04,H,H,,,,usbdrivereplog_ScoX-1.csv,,,Data replog,,,ScoX-1,True,IR
ir100629.0161,Sco X-1,16:19:55.0,-15:38:25,2010-06-30,02:53:21.6,2455377.6204,20.1,1.04,H,H,,,,usbdrivereplog_ScoX-1.csv,,,Data replog,,,ScoX-1,True,IR
ir100629.0160,Sco X-1,16:19:55.0,-15:38:24,2010-06-30,02:52:45.1,2455377.62,20.0,1.04,H,H,,,,usbdrivereplog_ScoX-1.csv,,,Data replog,,,ScoX-1,True,IR
ir100628.0177,Sco X-1,16:19:55.1,-15:38:27,2010-06-29,03:07:44.6,2455376.6304,20.0,1.04,H,H,,,,usbdrivereplog_ScoX-1.csv,,,Data replog,,,ScoX-1,True,IR
ir100628.0176,Sco X-1,16:19:55.0,-15:38:28,2010-06-29,03:07:08.1,2455376.63,20.0,1.04,H,H,,,,usbdrivereplog_ScoX-1.csv,,,Data replog,,,ScoX-1,True,IR
ir100628.0175,Sco X-1,16:19:55.0,-15:38:27,2010-06-29,03:06:31.2,2455376.6295,20.0,1.04,H,H,,,,usbdrivereplog_ScoX-1.csv,,,Data replog,,,ScoX-1,True,IR
ir100628.0174,Sco X-1,16:19:55.0,-15:38:26,2010-06-29,03:05:54.7,2455376.6291,20.1,1.04,H,H,,,,usbdrivereplog_ScoX-1.csv,,,Data replog,,,ScoX-1,True,IR
ir100628.0173,Sco X-1,16:26:53.3,-15:38:31,2010-06-29,03:05:18.3,2455376.6287,20.0,1.04,H,H,,,,usbdrivereplog_ScoX-1.csv,,,Data replog,,,ScoX-1,True,IR
ir100818.0038,Sco X-1,16:19:56.0,-15:38:32,2010-08-19,00:10:31.2,2455427.5073,20.1,1.06,H,H,,,,usbdrivereplog_ScoX-1.csv,,,Data replog,,,ScoX-1,True,IR
ir100818.0039,Sco X-1,16:19:56.1,-15:38:32,2010-08-19,00:11:07.4,2455427.5077,20.1,1.06,H,H,,,,usbdrivereplog_ScoX-1.csv,,,Data replog,,,ScoX-1,True,IR
ir100820.0001,Sco X-1,16:19:55.0,-15:38:24,2010-08-20,23:09:06.1,2455429.4647,20.1,1.03,H,H,,,,usbdrivereplog_ScoX-1.csv,,,Data replog,,,ScoX-1,True,IR
ir100820.0002,Sco X-1,16:19:55.0,-15:38:25,2010-08-20,23:09:42.1,2455429.4651,20.1,1.03,H,H,,,,usbdrivereplog_ScoX-1.csv,,,Data replog,,,ScoX-1,True,IR
ir100829.0058,Sco X-1,16:19:56.9,-15:38:19,2010-08-30,00:32:42.6,2455438.5227,20.1,1.17,H,H,,,,usbdrivereplog_ScoX-1.csv,,,Data replog,,,ScoX-1,True,IR
ir100829.0057,Sco X-1,16:19:56.8,-15:38:18,2010-08-30,00:32:06.5,2455438.5223,20.1,1.17,H,H,,,,usbdrivereplog_ScoX-1.csv,,,Data replog,,,ScoX-1,True,IR
ir100829.0056,Sco X-1,16:19:56.8,-15:38:18,2010-08-30,00:31:29.8,2455438.5219,20.0,1.17,H,H,,,,usbdrivereplog_ScoX-1.csv,,,Data replog,,,ScoX-1,True,IR
ir100829.0055,Sco X-1,16:19:56.9,-15:38:18,2010-08-30,00:30:53.4,2455438.5215,20.0,1.17,H,H,,,,usbdrivereplog_ScoX-1.csv,,,Data replog,,,ScoX-1,True,IR
ir100829.0054,Sco X-1,16:19:56.9,-15:38:18,2010-08-30,00:30:17.2,2455438.521,20.0,1.16,H,H,,,,usbdrivereplog_ScoX-1.csv,,,Data replog,,,ScoX-1,True,IR
ir100827.0030,Sco X-1,16:19:56.5,-15:38:18,2010-08-28,00:18:50.4,2455436.5131,20.1,1.12,H,H,,,,usbdrivereplog_ScoX-1.csv,,,Data replog,,,ScoX-1,True,IR
ir100827.0029,Sco X-1,16:19:56.6,-15:38:17,2010-08-28,00:18:14.2,2455436.5127,20.1,1.12,H,H,,,,usbdrivereplog_ScoX-1.csv,,,Data replog,,,ScoX-1,True,IR
ir100827.0028,Sco X-1,16:19:56.6,-15:38:18,2010-08-28,00:17:37.5,2455436.5122,20.1,1.12,H,H,,,,usbdrivereplog_ScoX-1.csv,,,Data replog,,,ScoX-1,True,IR
ir100827.0027,Sco X-1,16:19:56.6,-15:38:18,2010-08-28,00:17:01.0,2455436.5118,20.1,1.12,H,H,,,,usbdrivereplog_ScoX-1.csv,,,Data replog,,,ScoX-1,True,IR
ir100827.0026,Sco X-1,16:19:56.6,-15:38:18,2010-08-28,00:16:24.9,2455436.5114,20.1,1.12,H,H,,,,usbdrivereplog_ScoX-1.csv,,,Data replog,,,ScoX-1,True,IR
ir100824.0067,Sco X-1,16:19:54.9,-15:38:24,2010-08-25,00:30:21.0,2455433.5211,20.0,1.12,H,H,,,,usbdrivereplog_ScoX-1.csv,,,Data replog,,,ScoX-1,True,IR
ir100824.0066,Sco X-1,16:19:55.0,-15:38:24,2010-08-25,00:29:44.8,2455433.5207,20.0,1.12,H,H,,,,usbdrivereplog_ScoX-1.csv,,,Data replog,,,ScoX-1,True,IR
ir100824.0065,Sco X-1,16:19:54.9,-15:38:24,2010-08-25,00:29:08.1,2455433.5202,20.0,1.12,H,H,,,,usbdrivereplog_ScoX-1.csv,,,Data replog,,,ScoX-1,True,IR
ir100824.0064,Sco X-1,16:19:55.0,-15:38:24,2010-08-25,00:28:31.5,2455433.5198,20.0,1.12,H,H,,,,usbdrivereplog_ScoX-1.csv,,,Data replog,,,ScoX-1,True,IR
ir100824.0063,Sco X-1,16:19:55.0,-15:38:24,2010-08-25,00:27:55.4,2455433.5194,20.1,1.12,H,H,,,,usbdrivereplog_ScoX-1.csv,,,Data replog,,,ScoX-1,True,IR
ir100822.0125,Sco X-1,16:19:54.9,-15:38:23,2010-08-23,02:27:28.8,2455431.6024,20.1,1.55,H,H,,,,usbdrivereplog_ScoX-1.csv,,,Data replog,,,ScoX-1,True,IR
ir100822.0124,Sco X-1,16:19:54.9,-15:38:23,2010-08-23,02:26:52.8,2455431.602,20.1,1.54,H,H,,,,usbdrivereplog_ScoX-1.csv,,,Data replog,,,ScoX-1,True,IR
ir100822.0123,Sco X-1,16:19:55.0,-15:38:23,2010-08-23,02:26:16.4,2455431.6016,20.0,1.54,H,H,,,,usbdrivereplog_ScoX-1.csv,,,Data replog,,,ScoX-1,True,IR
ir100822.0122,Sco X-1,16:19:55.0,-15:38:24,2010-08-23,02:25:40.0,2455431.6012,20.1,1.54,H,H,,,,usbdrivereplog_ScoX-1.csv,,,Data replog,,,ScoX-1,True,IR
ir100822.0121,Sco X-1,16:19:55.0,-15:38:24,2010-08-23,02:25:03.8,2455431.6007,20.0,1.53,H,H,,,,usbdrivereplog_ScoX-1.csv,,,Data replog,,,ScoX-1,True,IR
ir100820.0005,Sco X-1,16:19:55.0,-15:38:24,2010-08-20,23:11:31.2,2455429.4663,20.0,1.03,H,H,,,,usbdrivereplog_ScoX-1.csv,,,Data replog,,,ScoX-1,True,IR
ir100820.0004,Sco X-1,16:19:55.0,-15:38:24,2010-08-20,23:10:55.1,2455429.4659,20.1,1.03,H,H,,,,usbdrivereplog_ScoX-1.csv,,,Data replog,,,ScoX-1,True,IR
ir100820.0003,Sco X-1,16:19:55.0,-15:38:25,2010-08-20,23:10:18.5,2455429.4655,20.0,1.03,H,H,,,,usbdrivereplog_ScoX-1.csv,,,Data replog,,,ScoX-1,True,IR
ir081006.0030,Sco X-1,16:19:54.3,-15:38:38,2008-10-07,00:14:12.0,2454746.5099,20.1,1.98,H,H,,,,missingreplog_ScoX-1.csv,,,Data replog,,,ScoX-1,True,IR
ir081006.0029,Sco X-1,16:19:54.3,-15:38:38,2008-10-07,00:13:35.4,2454746.5094,20.0,1.97,H,H,,,,missingreplog_ScoX-1.csv,,,Data replog,,,ScoX-1,True,IR
ir081006.0028,Sco X-1,16:19:54.3,-15:38:38,2008-10-07,00:12:58.7,2454746.509,20.0,1.96,H,H,,,,missingreplog_ScoX-1.csv,,,Data replog,,,ScoX-1,True,IR
ir081006.0027,Sco X-1,16:19:54.4,-15:38:38,2008-10-07,00:12:21.7,2454746.5086,20.1,1.96,H,H,,,,missingreplog_ScoX-1.csv,,,Data replog,,,ScoX-1,True,IR
ir080916.0035,Sco X-1,16:19:54.9,-15:38:24,2008-09-17,00:31:00.9,2454726.5215,20.0,1.45,H,H,,,,missingreplog_ScoX-1.csv,,,Data replog,,,ScoX-1,True,IR
ir081006.0026,Sco X-1,16:19:54.4,-15:38:38,2008-10-07,00:11:44.9,2454746.5082,20.1,1.95,H,H,,,,missingreplog_ScoX-1.csv,,,Data replog,,,ScoX-1,True,IR
ir081003.0032,Sco X-1,16:19:54.9,-15:38:25,2008-10-04,00:12:31.8,2454743.5087,20.1,1.82,H,H,,,,missingreplog_ScoX-1.csv,,,Data replog,,,ScoX-1,True,IR
ir081003.0031,Sco X-1,16:19:54.9,-15:38:24,2008-10-04,00:11:08.0,2454743.5077,20.1,1.81,H,H,,,,missingreplog_ScoX-1.csv,,,Data replog,,,ScoX-1,True,IR
ir080922.0035,Sco X-1,16:19:54.9,-15:38:25,2008-09-23,00:17:38.9,2454732.5123,20.0,1.51,H,H,,,,missingreplog_ScoX-1.csv,,,Data replog,,,ScoX-1,True,IR
ir080924.0025,Sco X-1,16:19:55.0,-15:38:24,2008-09-24,23:55:27.8,2454734.4968,20.0,1.42,H,H,,,,missingreplog_ScoX-1.csv,,,Data replog,,,ScoX-1,True,IR
ir080924.0024,Sco X-1,16:19:55.0,-15:38:24,2008-09-24,23:54:04.2,2454734.4959,20.0,1.42,H,H,,,,missingreplog_ScoX-1.csv,,,Data replog,,,ScoX-1,True,IR
ir080924.0023,Sco X-1,16:19:55.0,-15:38:24,2008-09-24,23:54:04.2,2454734.4959,20.0,1.42,H,H,,,,missingreplog_ScoX-1.csv,,,Data replog,,,ScoX-1,True,IR
ir080924.0022,Sco X-1,16:19:55.0,-15:38:24,2008-09-24,23:53:26.3,2454734.4954,20.0,1.41,H,H,,,,missingreplog_ScoX-1.csv,,,Data replog,,,ScoX-1,True,IR
ir080924.0021,Sco X-1,16:19:55.0,-15:38:24,2008-09-24,23:52:49.6,2454734.495,20.1,1.41,H,H,,,,missingreplog_ScoX-1.csv,,,Data replog,,,ScoX-1,True,IR
ir080923.0005,Sco X-1,16:19:54.6,-15:38:29,2008-09-23,23:27:56.5,2454733.4777,20.0,1.28,H,H,,,,missingreplog_ScoX-1.csv,,,Data replog,,,ScoX-1,True,IR
ir080923.0004,Sco X-1,16:19:54.6,-15:38:28,2008-09-23,23:26:32.7,2454733.4768,20.1,1.28,H,H,,,,missingreplog_ScoX-1.csv,,,Data replog,,,ScoX-1,True,IR
ir080923.0003,Sco X-1,16:19:54.6,-15:38:28,2008-09-23,23:26:32.7,2454733.4768,20.0,1.28,H,H,,,,missingreplog_ScoX-1.csv,,,Data replog,,,ScoX-1,True,IR
ir080923.0002,Sco X-1,16:19:54.6,-15:38:28,2008-09-23,23:25:55.3,2454733.4763,20.1,1.27,H,H,,,,missingreplog_ScoX-1.csv,,,Data replog,,,ScoX-1,True,IR
ir080923.0001,Sco X-1,16:19:54.6,-15:38:28,2008-09-23,23:25:18.4,2454733.4759,20.0,1.27,H,H,,,,missingreplog_ScoX-1.csv,,,Data replog,,,ScoX-1,True,IR
ir080922.0036,Sco X-1,16:19:54.9,-15:38:24,2008-09-23,00:18:15.8,2454732.5127,20.1,1.51,H,H,,,,missingreplog_ScoX-1.csv,,,Data replog,,,ScoX-1,True,IR
ir080922.0034,Sco X-1,16:19:54.9,-15:38:24,2008-09-23,00:17:01.8,2454732.5118,20.0,1.5,H,H,,,,missingreplog_ScoX-1.csv,,,Data replog,,,ScoX-1,True,IR
ir081003.0030,Sco X-1,16:19:54.9,-15:38:24,2008-10-04,00:11:08.0,2454743.5077,20.1,1.81,H,H,,,,missingreplog_ScoX-1.csv,,,Data replog,,,ScoX-1,True,IR
ir080922.0033,Sco X-1,16:19:54.9,-15:38:24,2008-09-23,00:16:24.0,2454732.5114,20.1,1.5,H,H,,,,missingreplog_ScoX-1.csv,,,Data replog,,,ScoX-1,True,IR
ir080922.0032,Sco X-1,16:19:55.0,-15:38:24,2008-09-23,00:15:47.1,2454732.511,20.0,1.5,H,H,,,,missingreplog_ScoX-1.csv,,,Data replog,,,ScoX-1,True,IR
ir080921.0038,Sco X-1,16:19:55.0,-15:38:24,2008-09-21,23:59:35.8,2454731.4997,20.0,1.38,H,H,,,,missingreplog_ScoX-1.csv,,,Data replog,,,ScoX-1,True,IR
ir080921.0037,Sco X-1,16:19:55.0,-15:38:23,2008-09-21,23:58:59.0,2454731.4993,20.1,1.38,H,H,,,,missingreplog_ScoX-1.csv,,,Data replog,,,ScoX-1,True,IR
ir080921.0036,Sco X-1,16:19:55.0,-15:38:24,2008-09-21,23:58:21.5,2454731.4989,20.0,1.38,H,H,,,,missingreplog_ScoX-1.csv,,,Data replog,,,ScoX-1,True,IR
ir080921.0035,Sco X-1,16:19:55.0,-15:38:23,2008-09-21,23:57:43.8,2454731.4984,20.0,1.37,H,H,,,,missingreplog_ScoX-1.csv,,,Data replog,,,ScoX-1,True,IR
ir080921.0034,Sco X-1,16:19:55.0,-15:38:24,2008-09-21,23:57:07.1,2454731.498,20.1,1.37,H,H,,,,missingreplog_ScoX-1.csv,,,Data replog,,,ScoX-1,True,IR
ir080920.0030,Sco X-1,16:19:55.0,-15:38:25,2008-09-21,00:02:50.2,2454730.502,20.1,1.38,H,H,,,,missingreplog_ScoX-1.csv,,,Data replog,,,ScoX-1,True,IR
ir080920.0029,Sco X-1,16:19:55.0,-15:38:24,2008-09-21,00:00:39.2,2454730.5005,20.0,1.37,H,H,,,,missingreplog_ScoX-1.csv,,,Data replog,,,ScoX-1,True,IR
ir080920.0028,Sco X-1,16:19:55.0,-15:38:24,2008-09-21,00:00:39.2,2454730.5005,20.0,1.37,H,H,,,,missingreplog_ScoX-1.csv,,,Data replog,,,ScoX-1,True,IR
ir080920.0027,Sco X-1,16:19:55.0,-15:38:24,2008-09-21,00:00:39.2,2454730.5005,20.1,1.37,H,H,,,,missingreplog_ScoX-1.csv,,,Data replog,,,ScoX-1,True,IR
ir080927.0037,Sco X-1,16:19:55.3,-15:38:26,2008-09-28,00:16:21.3,2454737.5113,20.0,1.64,H,H,,,,missingreplog_ScoX-1.csv,,,Data replog,,,ScoX-1,True,IR
ir080927.0038,Sco X-1,16:19:55.3,-15:38:26,2008-09-28,00:16:58.4,2454737.5118,20.0,1.65,H,H,,,,missingreplog_ScoX-1.csv,,,Data replog,,,ScoX-1,True,IR
ir080927.0039,Sco X-1,16:19:55.3,-15:38:27,2008-09-28,00:17:36.5,2454737.5122,20.1,1.65,H,H,,,,missingreplog_ScoX-1.csv,,,Data replog,,,ScoX-1,True,IR
ir080927.0040,Sco X-1,16:19:55.3,-15:38:27,2008-09-28,00:18:14.1,2454737.5127,20.0,1.66,H,H,,,,missingreplog_ScoX-1.csv,,,Data replog,,,ScoX-1,True,IR
ir081003.0029,Sco X-1,16:19:54.9,-15:38:24,2008-10-04,00:10:30.3,2454743.5073,20.0,1.8,H,H,,,,missingreplog_ScoX-1.csv,,,Data replog,,,ScoX-1,True,IR
ir081003.0028,Sco X-1,16:19:55.0,-15:38:24,2008-10-04,00:09:53.3,2454743.5069,20.1,1.8,H,H,,,,missingreplog_ScoX-1.csv,,,Data replog,,,ScoX-1,True,IR
ir081002.0015,Sco X-1,16:19:54.9,-15:38:24,2008-10-03,00:15:45.0,2454742.5109,20.0,1.82,H,H,,,,missingreplog_ScoX-1.csv,,,Data replog,,,ScoX-1,True,IR
ir081002.0014,Sco X-1,16:19:54.9,-15:38:24,2008-10-03,00:14:21.6,2454742.51,20.1,1.8,H,H,,,,missingreplog_ScoX-1.csv,,,Data replog,,,ScoX-1,True,IR
ir081002.0013,Sco X-1,16:19:54.9,-15:38:24,2008-10-03,00:14:21.6,2454742.51,20.1,1.8,H,H,,,,missingreplog_ScoX-1.csv,,,Data replog,,,ScoX-1,True,IR
ir081002.0012,Sco X-1,16:19:55.0,-15:38:24,2008-10-03,00:13:43.7,2454742.5095,20.1,1.79,H,H,,,,missingreplog_ScoX-1.csv,,,Data replog,,,ScoX-1,True,IR
ir081002.0011,Sco X-1,16:19:55.0,-15:38:24,2008-10-03,00:13:06.6,2454742.5091,20.1,1.79,H,H,,,,missingreplog_ScoX-1.csv,,,Data replog,,,ScoX-1,True,IR
ir081001.0015,Sco X-1,16:19:55.4,-15:38:27,2008-10-01,23:51:58.8,2454741.4944,20.1,1.57,H,H,,,,missingreplog_ScoX-1.csv,,,Data replog,,,ScoX-1,True,IR
ir081001.0014,Sco X-1,16:19:55.4,-15:38:27,2008-10-01,23:51:21.6,2454741.494,20.1,1.57,H,H,,,,missingreplog_ScoX-1.csv,,,Data replog,,,ScoX-1,True,IR
ir081001.0013,Sco X-1,16:19:55.4,-15:38:27,2008-10-01,23:50:44.2,2454741.4936,20.1,1.57,H,H,,,,missingreplog_ScoX-1.csv,,,Data replog,,,ScoX-1,True,IR
ir081001.0012,Sco X-1,16:19:55.4,-15:38:26,2008-10-01,23:50:06.3,2454741.4931,20.1,1.56,H,H,,,,missingreplog_ScoX-1.csv,,,Data replog,,,ScoX-1,True,IR
ir081001.0011,Sco X-1,16:19:55.4,-15:38:26,2008-10-01,23:49:29.4,2454741.4927,20.0,1.56,H,H,,,,missingreplog_ScoX-1.csv,,,Data replog,,,ScoX-1,True,IR
ir080929.0015,Sco X-1,16:19:55.7,-15:38:25,2008-09-29,23:47:36.9,2454739.4914,20.0,1.49,H,H,,,,missingreplog_ScoX-1.csv,,,Data replog,,,ScoX-1,True,IR
ir080929.0014,Sco X-1,16:19:55.7,-15:38:25,2008-09-29,23:47:00.2,2454739.491,20.1,1.49,H,H,,,,missingreplog_ScoX-1.csv,,,Data replog,,,ScoX-1,True,IR
ir080929.0013,Sco X-1,16:19:55.7,-15:38:25,2008-09-29,23:45:35.6,2454739.49,20.0,1.48,H,H,,,,missingreplog_ScoX-1.csv,,,Data replog,,,ScoX-1,True,IR
ir080929.0012,Sco X-1,16:19:55.7,-15:38:25,2008-09-29,23:45:35.6,2454739.49,20.1,1.48,H,H,,,,missingreplog_ScoX-1.csv,,,Data replog,,,ScoX-1,True,IR
ir080929.0011,Sco X-1,16:19:55.7,-15:38:24,2008-09-29,23:44:59.0,2454739.4896,20.0,1.48,H,H,,,,missingreplog_ScoX-1.csv,,,Data replog,,,ScoX-1,True,IR
ir080928.0034,Sco X-1,16:19:55.3,-15:38:23,2008-09-29,00:06:00.7,2454738.5042,20.0,1.59,H,H,,,,missingreplog_ScoX-1.csv,,,Data replog,,,ScoX-1,True,IR
ir080928.0033,Sco X-1,16:19:55.3,-15:38:23,2008-09-29,00:05:24.0,2454738.5038,20.0,1.59,H,H,,,,missingreplog_ScoX-1.csv,,,Data replog,,,ScoX-1,True,IR
ir080928.0032,Sco X-1,16:19:55.2,-15:38:23,2008-09-29,00:04:46.8,2454738.5033,20.1,1.58,H,H,,,,missingreplog_ScoX-1.csv,,,Data replog,,,ScoX-1,True,IR
ir080928.0031,Sco X-1,16:19:55.3,-15:38:23,2008-09-29,00:04:08.8,2454738.5029,20.1,1.58,H,H,,,,missingreplog_ScoX-1.csv,,,Data replog,,,ScoX-1,True,IR
ir080928.0030,Sco X-1,16:19:55.3,-15:38:22,2008-09-29,00:03:31.7,2454738.5025,20.0,1.57,H,H,,,,missingreplog_ScoX-1.csv,,,Data replog,,,ScoX-1,True,IR
ir080927.0041,Sco X-1,16:19:55.3,-15:38:27,2008-09-28,00:18:51.0,2454737.5131,20.1,1.66,H,H,,,,missingreplog_ScoX-1.csv,,,Data replog,,,ScoX-1,True,IR
ir080920.0026,Sco X-1,16:19:55.0,-15:38:24,2008-09-21,00:00:02.3,2454730.5,20.0,1.37,H,H,,,,missingreplog_ScoX-1.csv,,,Data replog,,,ScoX-1,True,IR
ir080916.0034,Sco X-1,16:19:54.9,-15:38:24,2008-09-17,00:29:37.4,2454726.5206,20.1,1.44,H,H,,,,missingreplog_ScoX-1.csv,,,Data replog,,,ScoX-1,True,IR
ir080717.0057,Sco X-1,16:19:55.3,-15:38:17,2008-07-18,01:10:00.2,2454665.5486,20.1,1.03,H,H,,,,missingreplog_ScoX-1.csv,,,Data replog,,,ScoX-1,True,IR
ir080723.0015,Sco X-1,16:19:56.1,-15:38:13,2008-07-24,02:13:32.8,2454671.5927,20.0,1.09,H,H,,,,missingreplog_ScoX-1.csv,,,Data replog,,,ScoX-1,True,IR
ir080723.0014,Sco X-1,16:19:56.1,-15:38:13,2008-07-24,02:12:55.4,2454671.5923,20.0,1.09,H,H,,,,missingreplog_ScoX-1.csv,,,Data replog,,,ScoX-1,True,IR
ir080723.0013,Sco X-1,16:19:56.1,-15:38:13,2008-07-24,02:12:18.8,2454671.5919,20.0,1.08,H,H,,,,missingreplog_ScoX-1.csv,,,Data replog,,,ScoX-1,True,IR
ir080718.0190,Sco X-1,16:19:56.3,-15:38:14,2008-07-19,03:15:17.4,2454666.6356,20.0,1.17,H,H,,,,missingreplog_ScoX-1.csv,,,Data replog,,,ScoX-1,True,IR
ir080718.0189,Sco X-1,16:19:56.2,-15:38:14,2008-07-19,03:14:41.0,2454666.6352,20.1,1.17,H,H,,,,missingreplog_ScoX-1.csv,,,Data replog,,,ScoX-1,True,IR
ir080718.0188,Sco X-1,16:19:56.2,-15:38:14,2008-07-19,03:14:04.6,2454666.6348,20.0,1.17,H,H,,,,missingreplog_ScoX-1.csv,,,Data replog,,,ScoX-1,True,IR
ir080718.0187,Sco X-1,16:19:56.3,-15:38:14,2008-07-19,03:13:27.3,2454666.6343,20.0,1.16,H,H,,,,missingreplog_ScoX-1.csv,,,Data replog,,,ScoX-1,True,IR
ir080718.0186,Sco X-1,16:19:56.3,-15:38:14,2008-07-19,03:12:50.9,2454666.6339,20.0,1.16,H,H,,,,missingreplog_ScoX-1.csv,,,Data replog,,,ScoX-1,True,IR
ir080717.0060,Sco X-1,16:19:55.3,-15:38:17,2008-07-18,01:11:51.0,2454665.5499,20.0,1.03,H,H,,,,missingreplog_ScoX-1.csv,,,Data replog,,,ScoX-1,True,IR
ir080717.0059,Sco X-1,16:19:55.3,-15:38:17,2008-07-18,01:11:14.5,2454665.5495,20.0,1.03,H,H,,,,missingreplog_ScoX-1.csv,,,Data replog,,,ScoX-1,True,IR
ir080717.0058,Sco X-1,16:19:55.3,-15:38:17,2008-07-18,01:10:37.7,2454665.5491,20.0,1.03,H,H,,,,missingreplog_ScoX-1.csv,,,Data replog,,,ScoX-1,True,IR
ir080717.0056,Sco X-1,16:19:55.3,-15:38:17,2008-07-18,01:09:23.7,2454665.5482,20.1,1.03,H,H,,,,missingreplog_ScoX-1.csv,,,Data replog,,,ScoX-1,True,IR
ir080723.0017,Sco X-1,16:19:56.1,-15:38:13,2008-07-24,02:14:46.1,2454671.5936,20.0,1.09,H,H,,,,missingreplog_ScoX-1.csv,,,Data replog,,,ScoX-1,True,IR
ir080716.0161,Sco X-1,16:19:55.1,-15:38:25,2008-07-17,03:44:05.9,2454664.6556,20.0,1.23,H,H,,,,missingreplog_ScoX-1.csv,,,Data replog,,,ScoX-1,True,IR
ir080716.0160,Sco X-1,16:19:55.1,-15:38:25,2008-07-17,03:43:29.2,2454664.6552,20.0,1.23,H,H,,,,missingreplog_ScoX-1.csv,,,Data replog,,,ScoX-1,True,IR
ir080716.0159,Sco X-1,16:19:55.1,-15:38:25,2008-07-17,03:42:52.4,2454664.6548,20.0,1.22,H,H,,,,missingreplog_ScoX-1.csv,,,Data replog,,,ScoX-1,True,IR
ir080716.0158,Sco X-1,16:19:55.1,-15:38:24,2008-07-17,03:42:15.0,2454664.6543,20.1,1.22,H,H,,,,missingreplog_ScoX-1.csv,,,Data replog,,,ScoX-1,True,IR
ir080716.0157,Sco X-1,16:19:55.1,-15:38:24,2008-07-17,03:41:38.5,2454664.6539,20.0,1.22,H,H,,,,missingreplog_ScoX-1.csv,,,Data replog,,,ScoX-1,True,IR
ir080715.0127,Sco X-1,16:19:55.1,-15:38:24,2008-07-16,02:18:23.4,2454663.5961,20.1,1.06,H,H,,,,missingreplog_ScoX-1.csv,,,Data replog,,,ScoX-1,True,IR
ir080715.0126,Sco X-1,16:19:55.0,-15:38:24,2008-07-16,02:17:46.9,2454663.5957,20.1,1.05,H,H,,,,missingreplog_ScoX-1.csv,,,Data replog,,,ScoX-1,True,IR
ir080715.0125,Sco X-1,16:19:55.0,-15:38:24,2008-07-16,02:17:10.3,2454663.5953,20.0,1.05,H,H,,,,missingreplog_ScoX-1.csv,,,Data replog,,,ScoX-1,True,IR
ir080715.0124,Sco X-1,16:19:55.0,-15:38:24,2008-07-16,02:16:32.8,2454663.5948,20.1,1.05,H,H,,,,missingreplog_ScoX-1.csv,,,Data replog,,,ScoX-1,True,IR
ir080715.0123,Sco X-1,16:19:55.0,-15:38:24,2008-07-16,02:15:56.5,2454663.5944,20.0,1.05,H,H,,,,missingreplog_ScoX-1.csv,,,Data replog,,,ScoX-1,True,IR
ir080712.0135,Sco X-1,16:19:55.0,-15:38:25,2008-07-13,01:37:58.1,2454660.568,20.1,1.03,H,H,,,,missingreplog_ScoX-1.csv,,,Data replog,,,ScoX-1,True,IR
ir080723.0016,Sco X-1,16:19:56.1,-15:38:13,2008-07-24,02:14:09.5,2454671.5932,20.1,1.09,H,H,,,,missingreplog_ScoX-1.csv,,,Data replog,,,ScoX-1,True,IR
ir080724.0128,Sco X-1,16:19:55.0,-15:38:24,2008-07-25,04:12:30.8,2454672.6754,20.1,1.5,H,H,,,,missingreplog_ScoX-1.csv,,,Data replog,,,ScoX-1,True,IR
ir080916.0033,Sco X-1,16:19:54.9,-15:38:24,2008-09-17,00:29:37.4,2454726.5206,20.0,1.44,H,H,,,,missingreplog_ScoX-1.csv,,,Data replog,,,ScoX-1,True,IR
ir080729.0174,Sco X-1,16:19:54.9,-15:38:25,2008-07-30,03:49:53.4,2454677.6596,20.1,1.48,H,H,,,,missingreplog_ScoX-1.csv,,,Data replog,,,ScoX-1,True,IR
ir080803.0136,Sco X-1,16:19:55.3,-15:38:18,2008-08-04,03:20:35.3,2454682.6393,20.1,1.43,H,H,,,,missingreplog_ScoX-1.csv,,,Data replog,,,ScoX-1,True,IR
ir080802.0145,Sco X-1,16:19:56.0,-15:38:10,2008-08-03,03:11:37.2,2454681.6331,20.1,1.36,H,H,,,,missingreplog_ScoX-1.csv,,,Data replog,,,ScoX-1,True,IR
ir080802.0144,Sco X-1,16:19:55.9,-15:38:10,2008-08-03,03:10:14.3,2454681.6321,20.0,1.36,H,H,,,,missingreplog_ScoX-1.csv,,,Data replog,,,ScoX-1,True,IR
ir080802.0143,Sco X-1,16:19:55.9,-15:38:10,2008-08-03,03:10:14.3,2454681.6321,20.0,1.36,H,H,,,,missingreplog_ScoX-1.csv,,,Data replog,,,ScoX-1,True,IR
ir080802.0142,Sco X-1,16:19:56.0,-15:38:10,2008-08-03,03:09:36.8,2454681.6317,20.0,1.35,H,H,,,,missingreplog_ScoX-1.csv,,,Data replog,,,ScoX-1,True,IR
ir080802.0141,Sco X-1,16:19:56.0,-15:38:10,2008-08-03,03:09:00.3,2454681.6313,20.0,1.35,H,H,,,,missingreplog_ScoX-1.csv,,,Data replog,,,ScoX-1,True,IR
ir080730.0069,Sco X-1,16:19:54.6,-15:38:23,2008-07-31,03:25:05.0,2454678.6424,20.1,1.37,H,H,,,,missingreplog_ScoX-1.csv,,,Data replog,,,ScoX-1,True,IR
ir080730.0068,Sco X-1,16:19:54.6,-15:38:23,2008-07-31,03:24:28.3,2454678.642,20.1,1.37,H,H,,,,missingreplog_ScoX-1.csv,,,Data replog,,,ScoX-1,True,IR
ir080730.0067,Sco X-1,16:19:54.5,-15:38:23,2008-07-31,03:23:51.5,2454678.6416,20.1,1.36,H,H,,,,missingreplog_ScoX-1.csv,,,Data replog,,,ScoX-1,True,IR
ir080730.0066,Sco X-1,16:19:54.5,-15:38:22,2008-07-31,03:23:14.0,2454678.6411,20.1,1.36,H,H,,,,missingreplog_ScoX-1.csv,,,Data replog,,,ScoX-1,True,IR
ir080730.0065,Sco X-1,16:19:54.5,-15:38:24,2008-07-31,03:22:37.4,2454678.6407,20.1,1.36,H,H,,,,missingreplog_ScoX-1.csv,,,Data replog,,,ScoX-1,True,IR
ir080729.0173,Sco X-1,16:19:54.9,-15:38:25,2008-07-30,03:49:16.9,2454677.6592,20.1,1.48,H,H,,,,missingreplog_ScoX-1.csv,,,Data replog,,,ScoX-1,True,IR
ir080724.0129,Sco X-1,16:19:55.0,-15:38:24,2008-07-25,04:13:07.4,2454672.6758,20.1,1.51,H,H,,,,missingreplog_ScoX-1.csv,,,Data replog,,,ScoX-1,True,IR
ir080729.0172,Sco X-1,16:19:54.9,-15:38:24,2008-07-30,03:48:40.1,2454677.6588,20.1,1.48,H,H,,,,missingreplog_ScoX-1.csv,,,Data replog,,,ScoX-1,True,IR
ir080729.0171,Sco X-1,16:19:54.9,-15:38:25,2008-07-30,03:48:02.6,2454677.6584,20.1,1.47,H,H,,,,missingreplog_ScoX-1.csv,,,Data replog,,,ScoX-1,True,IR
ir080729.0170,Sco X-1,16:19:55.0,-15:38:24,2008-07-30,03:47:26.2,2454677.6579,20.0,1.47,H,H,,,,missingreplog_ScoX-1.csv,,,Data replog,,,ScoX-1,True,IR
ir080726.0164,Sco X-1,16:19:55.0,-15:38:24,2008-07-27,04:18:14.4,2454674.6793,20.1,1.6,H,H,,,,missingreplog_ScoX-1.csv,,,Data replog,,,ScoX-1,True,IR
ir080726.0163,Sco X-1,16:19:55.0,-15:38:24,2008-07-27,04:17:38.0,2454674.6789,20.1,1.59,H,H,,,,missingreplog_ScoX-1.csv,,,Data replog,,,ScoX-1,True,IR
ir080726.0162,Sco X-1,16:19:55.0,-15:38:24,2008-07-27,04:17:01.2,2454674.6785,20.1,1.59,H,H,,,,missingreplog_ScoX-1.csv,,,Data replog,,,ScoX-1,True,IR
ir080726.0161,Sco X-1,16:19:55.0,-15:38:24,2008-07-27,04:16:23.9,2454674.6781,20.0,1.58,H,H,,,,missingreplog_ScoX-1.csv,,,Data replog,,,ScoX-1,True,IR
ir080726.0160,Sco X-1,16:19:55.0,-15:38:24,2008-07-27,04:15:47.7,2454674.6776,20.1,1.58,H,H,,,,missingreplog_ScoX-1.csv,,,Data replog,,,ScoX-1,True,IR
ir080724.0132,Sco X-1,16:19:55.0,-15:38:24,2008-07-25,04:14:58.3,2454672.6771,20.1,1.52,H,H,,,,missingreplog_ScoX-1.csv,,,Data replog,,,ScoX-1,True,IR
ir080724.0131,Sco X-1,16:19:55.0,-15:38:24,2008-07-25,04:14:21.8,2454672.6766,20.0,1.51,H,H,,,,missingreplog_ScoX-1.csv,,,Data replog,,,ScoX-1,True,IR
ir080724.0130,Sco X-1,16:19:55.0,-15:38:24,2008-07-25,04:13:44.9,2454672.6762,20.0,1.51,H,H,,,,missingreplog_ScoX-1.csv,,,Data replog,,,ScoX-1,True,IR
ir080712.0134,Sco X-1,16:19:55.0,-15:38:25,2008-07-13,01:37:21.5,2454660.5676,20.1,1.03,H,H,,,,missingreplog_ScoX-1.csv,,,Data replog,,,ScoX-1,True,IR
ir080712.0133,Sco X-1,16:19:55.0,-15:38:25,2008-07-13,01:36:44.7,2454660.5672,20.1,1.03,H,H,,,,missingreplog_ScoX-1.csv,,,Data replog,,,ScoX-1,True,IR
ir080712.0132,Sco X-1,16:19:55.0,-15:38:25,2008-07-13,01:36:07.4,2454660.5668,20.0,1.03,H,H,,,,missingreplog_ScoX-1.csv,,,Data replog,,,ScoX-1,True,IR
ir080702.0179,Sco X-1,16:19:55.0,-15:38:24,2008-07-03,02:51:47.6,2454650.6193,20.1,1.04,H,H,,,,missingreplog_ScoX-1.csv,,,Data replog,,,ScoX-1,True,IR
ir080705.0243,Sco X-1,16:19:55.3,-15:38:10,2008-07-06,03:37:15.8,2454653.6509,20.1,1.11,H,H,,,,missingreplog_ScoX-1.csv,,,Data replog,,,ScoX-1,True,IR
ir080705.0242,Sco X-1,16:19:55.3,-15:38:10,2008-07-06,03:36:38.3,2454653.6504,20.0,1.11,H,H,,,,missingreplog_ScoX-1.csv,,,Data replog,,,ScoX-1,True,IR
ir080705.0241,Sco X-1,16:19:55.3,-15:38:10,2008-07-06,03:36:01.8,2454653.65,20.1,1.11,H,H,,,,missingreplog_ScoX-1.csv,,,Data replog,,,ScoX-1,True,IR
ir080704.0128,Sco X-1,16:19:55.9,-15:38:14,2008-07-05,01:22:36.0,2454652.5574,20.0,1.05,H,H,,,,missingreplog_ScoX-1.csv,,,Data replog,,,ScoX-1,True,IR
ir080704.0127,Sco X-1,16:19:55.9,-15:38:14,2008-07-05,01:21:59.2,2454652.5569,20.0,1.05,H,H,,,,missingreplog_ScoX-1.csv,,,Data replog,,,ScoX-1,True,IR
ir080704.0126,Sco X-1,16:19:55.8,-15:38:14,2008-07-05,01:21:22.4,2454652.5565,20.0,1.05,H,H,,,,missingreplog_ScoX-1.csv,,,Data replog,,,ScoX-1,True,IR
ir080704.0125,Sco X-1,16:19:55.8,-15:38:14,2008-07-05,01:20:45.0,2454652.5561,20.0,1.05,H,H,,,,missingreplog_ScoX-1.csv,,,Data replog,,,ScoX-1,True,IR
ir080704.0124,Sco X-1,16:19:55.8,-15:38:14,2008-07-05,01:20:08.5,2454652.5557,20.1,1.05,H,H,,,,missingreplog_ScoX-1.csv,,,Data replog,,,ScoX-1,True,IR
ir080702.0182,Sco X-1,16:19:55.0,-15:38:24,2008-07-03,02:53:38.1,2454650.6206,20.0,1.04,H,H,,,,missingreplog_ScoX-1.csv,,,Data replog,,,ScoX-1,True,IR
ir080702.0181,Sco X-1,16:19:55.1,-15:38:24,2008-07-03,02:53:01.5,2454650.6202,20.0,1.04,H,H,,,,missingreplog_ScoX-1.csv,,,Data replog,,,ScoX-1,True,IR
ir080702.0180,Sco X-1,16:19:55.0,-15:38:24,2008-07-03,02:52:24.9,2454650.6197,20.1,1.04,H,H,,,,missingreplog_ScoX-1.csv,,,Data replog,,,ScoX-1,True,IR
ir080702.0178,Sco X-1,16:19:55.0,-15:38:24,2008-07-03,02:51:11.5,2454650.6189,20.0,1.04,H,H,,,,missingreplog_ScoX-1.csv,,,Data replog,,,ScoX-1,True,IR
ir080712.0131,Sco X-1,16:19:55.0,-15:38:25,2008-07-13,01:35:31.2,2454660.5663,20.0,1.03,H,H,,,,missingreplog_ScoX-1.csv,,,Data replog,,,ScoX-1,True,IR
ir080701.0209,Sco X-1,16:19:55.1,-15:38:25,2008-07-02,04:37:36.7,2454649.6928,20.1,1.21,H,H,,,,missingreplog_ScoX-1.csv,,,Data replog,,,ScoX-1,True,IR
ir080701.0208,Sco X-1,16:19:55.0,-15:38:25,2008-07-02,04:37:00.5,2454649.6924,20.0,1.21,H,H,,,,missingreplog_ScoX-1.csv,,,Data replog,,,ScoX-1,True,IR
ir080701.0207,Sco X-1,16:19:55.0,-15:38:25,2008-07-02,04:36:23.7,2454649.6919,20.1,1.21,H,H,,,,missingreplog_ScoX-1.csv,,,Data replog,,,ScoX-1,True,IR
ir080701.0206,Sco X-1,16:19:55.1,-15:38:25,2008-07-02,04:35:46.2,2454649.6915,20.0,1.21,H,H,,,,missingreplog_ScoX-1.csv,,,Data replog,,,ScoX-1,True,IR
ir080701.0205,Sco X-1,16:19:55.0,-15:38:25,2008-07-02,04:35:09.6,2454649.6911,20.1,1.2,H,H,,,,missingreplog_ScoX-1.csv,,,Data replog,,,ScoX-1,True,IR
ir080630.0143,Sco X-1,18:07:13.0,-26:35:47,2008-07-01,02:03:18.1,2454648.5856,20.1,1.14,H,H,,,,missingreplog_ScoX-1.csv,,,Data replog,,,ScoX-1,True,IR
ir080630.0142,Sco X-1,18:07:13.0,-26:35:47,2008-07-01,02:02:41.8,2454648.5852,20.1,1.14,H,H,,,,missingreplog_ScoX-1.csv,,,Data replog,,,ScoX-1,True,IR
ir080630.0141,Sco X-1,18:07:12.9,-26:35:47,2008-07-01,02:02:05.0,2454648.5848,20.1,1.14,H,H,,,,missingreplog_ScoX-1.csv,,,Data replog,,,ScoX-1,True,IR
ir080630.0140,Sco X-1,18:07:13.0,-26:35:47,2008-07-01,02:01:27.6,2454648.5844,20.1,1.14,H,H,,,,missingreplog_ScoX-1.csv,,,Data replog,,,ScoX-1,True,IR
ir080630.0139,Sco X-1,18:07:12.9,-26:35:48,2008-07-01,02:00:51.1,2454648.5839,20.0,1.15,H,H,,,,missingreplog_ScoX-1.csv,,,Data replog,,,ScoX-1,True,IR
ir080926.0038,Sco X-1,16:19:55.2,-15:38:13,2008-09-27,00:04:51.6,2454736.5034,20.1,1.53,H,H,,,,missingreplog_ScoX-1.csv,,,Data replog,,,ScoX-1,True,IR
ir080705.0244,Sco X-1,16:19:55.3,-15:38:09,2008-07-06,03:37:52.6,2454653.6513,20.0,1.11,H,H,,,,missingreplog_ScoX-1.csv,,,Data replog,,,ScoX-1,True,IR
ir080705.0245,Sco X-1,16:19:55.3,-15:38:10,2008-07-06,03:38:28.9,2454653.6517,20.0,1.11,H,H,,,,missingreplog_ScoX-1.csv,,,Data replog,,,ScoX-1,True,IR
ir080706.0200,Sco X-1,16:19:55.0,-15:38:34,2008-07-07,04:09:47.2,2454654.6735,20.1,1.19,H,H,,,,missingreplog_ScoX-1.csv,,,Data replog,,,ScoX-1,True,IR
ir080706.0201,Sco X-1,16:19:55.0,-15:38:34,2008-07-07,04:10:23.7,2454654.6739,20.1,1.19,H,H,,,,missingreplog_ScoX-1.csv,,,Data replog,,,ScoX-1,True,IR
ir080710.0191,Sco X-1,16:19:55.0,-15:38:23,2008-07-11,04:35:01.5,2454658.691,20.1,1.33,H,H,,,,missingreplog_ScoX-1.csv,,,Data replog,,,ScoX-1,True,IR
ir080710.0190,Sco X-1,16:19:55.0,-15:38:23,2008-07-11,04:34:25.1,2454658.6906,20.0,1.33,H,H,,,,missingreplog_ScoX-1.csv,,,Data replog,,,ScoX-1,True,IR
ir080710.0189,Sco X-1,16:19:55.0,-15:38:24,2008-07-11,04:33:48.2,2454658.6902,20.0,1.32,H,H,,,,missingreplog_ScoX-1.csv,,,Data replog,,,ScoX-1,True,IR
ir080710.0188,Sco X-1,16:19:55.0,-15:38:24,2008-07-11,04:33:10.6,2454658.6897,20.1,1.32,H,H,,,,missingreplog_ScoX-1.csv,,,Data replog,,,ScoX-1,True,IR
ir080710.0187,Sco X-1,16:19:55.0,-15:38:24,2008-07-11,04:32:34.1,2454658.6893,20.0,1.32,H,H,,,,missingreplog_ScoX-1.csv,,,Data replog,,,ScoX-1,True,IR
ir080709.0161,Sco X-1,16:19:55.6,-15:38:13,2008-07-10,04:33:02.3,2454657.6896,20.1,1.31,H,H,,,,missingreplog_ScoX-1.csv,,,Data replog,,,ScoX-1,True,IR
ir080709.0160,Sco X-1,16:19:55.6,-15:38:13,2008-07-10,04:32:25.7,2454657.6892,20.1,1.3,H,H,,,,missingreplog_ScoX-1.csv,,,Data replog,,,ScoX-1,True,IR
ir080709.0159,Sco X-1,16:19:55.6,-15:38:13,2008-07-10,04:31:49.0,2454657.6888,20.0,1.3,H,H,,,,missingreplog_ScoX-1.csv,,,Data replog,,,ScoX-1,True,IR
ir080709.0158,Sco X-1,16:19:55.6,-15:38:13,2008-07-10,04:31:11.5,2454657.6883,20.1,1.3,H,H,,,,missingreplog_ScoX-1.csv,,,Data replog,,,ScoX-1,True,IR
ir080709.0157,Sco X-1,16:19:55.6,-15:38:13,2008-07-10,04:30:35.1,2454657.6879,20.1,1.3,H,H,,,,missingreplog_ScoX-1.csv,,,Data replog,,,ScoX-1,True,IR
ir080708.0267,Sco X-1,16:19:56.5,-15:38:23,2008-07-09,03:49:28.1,2454656.6593,20.0,1.16,H,H,,,,missingreplog_ScoX-1.csv,,,Data replog,,,ScoX-1,True,IR
ir080708.0266,Sco X-1,16:19:56.5,-15:38:23,2008-07-09,03:48:51.7,2454656.6589,20.0,1.15,H,H,,,,missingreplog_ScoX-1.csv,,,Data replog,,,ScoX-1,True,IR
ir080708.0265,Sco X-1,16:19:56.4,-15:38:23,2008-07-09,03:47:27.8,2454656.658,20.0,1.15,H,H,,,,missingreplog_ScoX-1.csv,,,Data replog,,,ScoX-1,True,IR
ir080708.0264,Sco X-1,16:19:56.4,-15:38:23,2008-07-09,03:47:27.8,2454656.658,20.0,1.15,H,H,,,,missingreplog_ScoX-1.csv,,,Data replog,,,ScoX-1,True,IR
ir080708.0263,Sco X-1,16:19:56.5,-15:38:23,2008-07-09,03:46:51.4,2454656.6575,20.1,1.15,H,H,,,,missingreplog_ScoX-1.csv,,,Data replog,,,ScoX-1,True,IR
ir080707.0313,Sco X-1,16:19:55.7,-15:38:09,2008-07-08,04:44:55.8,2454655.6979,20.1,1.32,H,H,,,,missingreplog_ScoX-1.csv,,,Data replog,,,ScoX-1,True,IR
ir080707.0312,Sco X-1,16:19:55.8,-15:38:09,2008-07-08,04:44:19.5,2454655.6974,20.0,1.32,H,H,,,,missingreplog_ScoX-1.csv,,,Data replog,,,ScoX-1,True,IR
ir080707.0311,Sco X-1,16:19:55.7,-15:38:09,2008-07-08,04:43:42.7,2454655.697,20.1,1.32,H,H,,,,missingreplog_ScoX-1.csv,,,Data replog,,,ScoX-1,True,IR
ir080707.0310,Sco X-1,16:19:55.7,-15:38:09,2008-07-08,04:43:05.2,2454655.6966,20.1,1.31,H,H,,,,missingreplog_ScoX-1.csv,,,Data replog,,,ScoX-1,True,IR
ir080707.0309,Sco X-1,16:19:55.7,-15:38:09,2008-07-08,04:42:28.7,2454655.6962,20.1,1.31,H,H,,,,missingreplog_ScoX-1.csv,,,Data replog,,,ScoX-1,True,IR
ir080706.0204,Sco X-1,16:19:55.0,-15:38:35,2008-07-07,04:12:14.6,2454654.6752,20.0,1.19,H,H,,,,missingreplog_ScoX-1.csv,,,Data replog,,,ScoX-1,True,IR
ir080706.0203,Sco X-1,16:19:55.0,-15:38:35,2008-07-07,04:11:37.8,2454654.6747,20.0,1.19,H,H,,,,missingreplog_ScoX-1.csv,,,Data replog,,,ScoX-1,True,IR
ir080706.0202,Sco X-1,16:19:55.0,-15:38:34,2008-07-07,04:11:00.9,2454654.6743,20.1,1.19,H,H,,,,missingreplog_ScoX-1.csv,,,Data replog,,,ScoX-1,True,IR
ir080803.0137,Sco X-1,16:19:55.3,-15:38:17,2008-08-04,03:21:11.7,2454682.6397,20.1,1.43,H,H,,,,missingreplog_ScoX-1.csv,,,Data replog,,,ScoX-1,True,IR
ir080803.0138,Sco X-1,16:19:55.3,-15:38:17,2008-08-04,03:21:49.3,2454682.6401,20.1,1.43,H,H,,,,missingreplog_ScoX-1.csv,,,Data replog,,,ScoX-1,True,IR
ir080803.0139,Sco X-1,16:19:55.3,-15:38:17,2008-08-04,03:22:26.2,2454682.6406,20.0,1.44,H,H,,,,missingreplog_ScoX-1.csv,,,Data replog,,,ScoX-1,True,IR
ir080828.0075,Sco X-1,16:19:55.0,-15:38:24,2008-08-29,02:19:04.8,2454707.5966,20.1,1.68,H,H,,,,missingreplog_ScoX-1.csv,,,Data replog,,,ScoX-1,True,IR
ir080830.0025,Sco X-1,16:19:55.5,-15:38:17,2008-08-30,23:43:41.2,2454709.4887,20.1,1.09,H,H,,,,missingreplog_ScoX-1.csv,,,Data replog,,,ScoX-1,True,IR
ir080830.0024,Sco X-1,16:19:55.5,-15:38:17,2008-08-30,23:43:04.4,2454709.4882,20.0,1.09,H,H,,,,missingreplog_ScoX-1.csv,,,Data replog,,,ScoX-1,True,IR
ir080830.0023,Sco X-1,16:19:55.5,-15:38:17,2008-08-30,23:42:26.6,2454709.4878,20.0,1.08,H,H,,,,missingreplog_ScoX-1.csv,,,Data replog,,,ScoX-1,True,IR
ir080830.0022,Sco X-1,16:19:55.5,-15:38:18,2008-08-30,23:41:50.1,2454709.4874,20.1,1.08,H,H,,,,missingreplog_ScoX-1.csv,,,Data replog,,,ScoX-1,True,IR
ir080829.0095,Sco X-1,16:19:55.5,-15:38:15,2008-08-30,01:36:17.4,2454708.5669,20.1,1.42,H,H,,,,missingreplog_ScoX-1.csv,,,Data replog,,,ScoX-1,True,IR
ir080829.0094,Sco X-1,16:19:55.5,-15:38:15,2008-08-30,01:35:40.8,2454708.5664,20.0,1.41,H,H,,,,missingreplog_ScoX-1.csv,,,Data replog,,,ScoX-1,True,IR
ir080829.0093,Sco X-1,16:19:55.5,-15:38:15,2008-08-30,01:35:04.1,2454708.566,20.0,1.41,H,H,,,,missingreplog_ScoX-1.csv,,,Data replog,,,ScoX-1,True,IR
ir080829.0092,Sco X-1,16:19:55.5,-15:38:15,2008-08-30,01:34:27.5,2454708.5656,20.0,1.41,H,H,,,,missingreplog_ScoX-1.csv,,,Data replog,,,ScoX-1,True,IR
ir080829.0091,Sco X-1,16:19:55.5,-15:38:15,2008-08-30,01:33:51.1,2454708.5652,20.0,1.4,H,H,,,,missingreplog_ScoX-1.csv,,,Data replog,,,ScoX-1,True,IR
ir080828.0077,Sco X-1,16:19:54.0,-15:38:25,2008-08-29,02:20:18.5,2454707.5974,20.0,1.69,H,H,,,,missingreplog_ScoX-1.csv,,,Data replog,,,ScoX-1,True,IR
ir080828.0076,Sco X-1,16:19:55.0,-15:38:25,2008-08-29,02:19:41.8,2454707.597,20.0,1.69,H,H,,,,missingreplog_ScoX-1.csv,,,Data replog,,,ScoX-1,True,IR
ir080828.0074,Sco X-1,16:19:55.0,-15:38:24,2008-08-29,02:18:27.1,2454707.5962,20.0,1.67,H,H,,,,missingreplog_ScoX-1.csv,,,Data replog,,,ScoX-1,True,IR
ir080824.0153,Sco X-1,16:19:54.9,-15:38:25,2008-08-25,02:07:00.0,2454703.5882,20.0,1.48,H,H,,,,missingreplog_ScoX-1.csv,,,Data replog,,,ScoX-1,True,IR
ir080828.0073,Sco X-1,16:19:55.0,-15:38:24,2008-08-29,02:17:50.4,2454707.5957,20.0,1.67,H,H,,,,missingreplog_ScoX-1.csv,,,Data replog,,,ScoX-1,True,IR
ir080827.0061,Sco X-1,16:19:54.9,-15:38:25,2008-08-28,02:53:27.7,2454706.6205,20.0,2.0,H,H,,,,missingreplog_ScoX-1.csv,,,Data replog,,,ScoX-1,True,IR
ir080827.0060,Sco X-1,16:19:54.9,-15:38:25,2008-08-28,02:52:51.0,2454706.62,20.1,2.0,H,H,,,,missingreplog_ScoX-1.csv,,,Data replog,,,ScoX-1,True,IR
ir080827.0059,Sco X-1,16:19:55.0,-15:38:24,2008-08-28,02:52:14.1,2454706.6196,20.1,1.99,H,H,,,,missingreplog_ScoX-1.csv,,,Data replog,,,ScoX-1,True,IR
ir080827.0058,Sco X-1,16:19:55.0,-15:38:24,2008-08-28,02:51:36.6,2454706.6192,20.1,1.98,H,H,,,,missingreplog_ScoX-1.csv,,,Data replog,,,ScoX-1,True,IR
ir080827.0057,Sco X-1,16:19:55.0,-15:38:24,2008-08-28,02:51:00.1,2454706.6187,20.0,1.97,H,H,,,,missingreplog_ScoX-1.csv,,,Data replog,,,ScoX-1,True,IR
ir080825.0045,Sco X-1,16:19:54.9,-15:38:25,2008-08-26,02:39:28.9,2454704.6107,20.1,1.76,H,H,,,,missingreplog_ScoX-1.csv,,,Data replog,,,ScoX-1,True,IR
ir080825.0044,Sco X-1,16:19:54.9,-15:38:25,2008-08-26,02:38:52.4,2454704.6103,20.1,1.75,H,H,,,,missingreplog_ScoX-1.csv,,,Data replog,,,ScoX-1,True,IR
ir080825.0043,Sco X-1,16:19:54.9,-15:38:24,2008-08-26,02:38:15.6,2454704.6099,20.1,1.75,H,H,,,,missingreplog_ScoX-1.csv,,,Data replog,,,ScoX-1,True,IR
ir080825.0042,Sco X-1,16:19:54.9,-15:38:24,2008-08-26,02:37:38.1,2454704.6095,20.1,1.74,H,H,,,,missingreplog_ScoX-1.csv,,,Data replog,,,ScoX-1,True,IR
ir080825.0041,Sco X-1,16:19:55.0,-15:38:24,2008-08-26,02:37:01.4,2454704.6091,20.1,1.74,H,H,,,,missingreplog_ScoX-1.csv,,,Data replog,,,ScoX-1,True,IR
ir080830.0026,Sco X-1,16:19:55.5,-15:38:17,2008-08-30,23:44:17.9,2454709.4891,20.0,1.09,H,H,,,,missingreplog_ScoX-1.csv,,,Data replog,,,ScoX-1,True,IR
ir080831.0110,Sco X-1,16:19:55.3,-15:38:17,2008-09-01,01:49:54.5,2454710.5763,20.1,1.55,H,H,,,,missingreplog_ScoX-1.csv,,,Data replog,,,ScoX-1,True,IR
ir080831.0111,Sco X-1,16:19:55.3,-15:38:17,2008-09-01,01:50:31.4,2454710.5768,20.1,1.55,H,H,,,,missingreplog_ScoX-1.csv,,,Data replog,,,ScoX-1,True,IR
ir080831.0112,Sco X-1,16:19:55.3,-15:38:17,2008-09-01,01:51:09.1,2454710.5772,20.1,1.56,H,H,,,,missingreplog_ScoX-1.csv,,,Data replog,,,ScoX-1,True,IR
ir080916.0032,Sco X-1,16:19:54.9,-15:38:23,2008-09-17,00:28:59.5,2454726.5201,20.1,1.44,H,H,,,,missingreplog_ScoX-1.csv,,,Data replog,,,ScoX-1,True,IR
ir080916.0031,Sco X-1,16:19:55.0,-15:38:24,2008-09-17,00:28:22.6,2454726.5197,20.0,1.43,H,H,,,,missingreplog_ScoX-1.csv,,,Data replog,,,ScoX-1,True,IR
ir080915.0066,Sco X-1,16:19:54.6,-15:38:39,2008-09-16,01:09:22.6,2454725.5482,20.1,1.69,H,H,,,,missingreplog_ScoX-1.csv,,,Data replog,,,ScoX-1,True,IR
ir080915.0065,Sco X-1,16:19:54.6,-15:38:39,2008-09-16,01:08:45.7,2454725.5477,20.0,1.68,H,H,,,,missingreplog_ScoX-1.csv,,,Data replog,,,ScoX-1,True,IR
ir080915.0063,Sco X-1,16:19:54.6,-15:38:39,2008-09-16,01:07:30.6,2454725.5469,20.1,1.67,H,H,,,,missingreplog_ScoX-1.csv,,,Data replog,,,ScoX-1,True,IR
ir080915.0062,Sco X-1,16:19:54.6,-15:38:39,2008-09-16,01:06:54.0,2454725.5465,20.1,1.67,H,H,,,,missingreplog_ScoX-1.csv,,,Data replog,,,ScoX-1,True,IR
ir080914.0082,Sco X-1,16:19:55.3,-15:38:25,2008-09-15,01:01:54.4,2454724.543,20.0,1.6,H,H,,,,missingreplog_ScoX-1.csv,,,Data replog,,,ScoX-1,True,IR
ir080914.0081,Sco X-1,16:19:55.3,-15:38:25,2008-09-15,01:01:17.5,2454724.5426,20.0,1.59,H,H,,,,missingreplog_ScoX-1.csv,,,Data replog,,,ScoX-1,True,IR
ir080914.0080,Sco X-1,16:19:55.3,-15:38:25,2008-09-15,01:00:40.4,2454724.5421,20.0,1.59,H,H,,,,missingreplog_ScoX-1.csv,,,Data replog,,,ScoX-1,True,IR
ir080914.0079,Sco X-1,16:19:55.3,-15:38:25,2008-09-15,01:00:02.6,2454724.5417,20.1,1.58,H,H,,,,missingreplog_ScoX-1.csv,,,Data replog,,,ScoX-1,True,IR
ir080914.0078,Sco X-1,16:19:55.2,-15:38:24,2008-09-15,00:59:25.9,2454724.5413,20.0,1.58,H,H,,,,missingreplog_ScoX-1.csv,,,Data replog,,,ScoX-1,True,IR
ir080911.0070,Sco X-1,16:19:55.6,-15:38:16,2008-09-12,00:58:47.2,2454721.5408,20.1,1.49,H,H,,,,missingreplog_ScoX-1.csv,,,Data replog,,,ScoX-1,True,IR
ir080911.0069,Sco X-1,16:19:55.6,-15:38:15,2008-09-12,00:57:23.7,2454721.5399,20.0,1.49,H,H,,,,missingreplog_ScoX-1.csv,,,Data replog,,,ScoX-1,True,IR
ir080911.0068,Sco X-1,16:19:55.6,-15:38:15,2008-09-12,00:57:23.7,2454721.5399,20.1,1.49,H,H,,,,missingreplog_ScoX-1.csv,,,Data replog,,,ScoX-1,True,IR
ir080911.0067,Sco X-1,16:19:55.6,-15:38:15,2008-09-12,00:56:46.1,2454721.5394,20.1,1.48,H,H,,,,missingreplog_ScoX-1.csv,,,Data replog,,,ScoX-1,True,IR
ir080911.0066,Sco X-1,16:19:55.6,-15:38:15,2008-09-12,00:56:09.3,2454721.539,20.0,1.48,H,H,,,,missingreplog_ScoX-1.csv,,,Data replog,,,ScoX-1,True,IR
ir080910.0072,Sco X-1,16:19:55.0,-15:38:25,2008-09-11,00:49:35.9,2454720.5344,20.0,1.42,H,H,,,,missingreplog_ScoX-1.csv,,,Data replog,,,ScoX-1,True,IR
ir080910.0071,Sco X-1,16:19:54.9,-15:38:25,2008-09-11,00:48:58.9,2454720.534,20.1,1.42,H,H,,,,missingreplog_ScoX-1.csv,,,Data replog,,,ScoX-1,True,IR
ir080910.0070,Sco X-1,16:19:55.0,-15:38:25,2008-09-11,00:48:21.7,2454720.5336,20.1,1.41,H,H,,,,missingreplog_ScoX-1.csv,,,Data replog,,,ScoX-1,True,IR
ir080910.0069,Sco X-1,16:19:55.0,-15:38:25,2008-09-11,00:47:44.0,2454720.5332,20.0,1.41,H,H,,,,missingreplog_ScoX-1.csv,,,Data replog,,,ScoX-1,True,IR
ir080910.0068,Sco X-1,16:19:55.0,-15:38:24,2008-09-11,00:47:07.4,2454720.5327,20.0,1.41,H,H,,,,missingreplog_ScoX-1.csv,,,Data replog,,,ScoX-1,True,IR
ir080831.0114,Sco X-1,16:19:55.3,-15:38:17,2008-09-01,01:52:32.6,2454710.5782,20.1,1.56,H,H,,,,missingreplog_ScoX-1.csv,,,Data replog,,,ScoX-1,True,IR
ir080831.0113,Sco X-1,16:19:55.3,-15:38:17,2008-09-01,01:51:09.1,2454710.5772,20.0,1.56,H,H,,,,missingreplog_ScoX-1.csv,,,Data replog,,,ScoX-1,True,IR
ir080824.0154,Sco X-1,16:19:54.9,-15:38:24,2008-08-25,02:07:36.6,2454703.5886,20.1,1.48,H,H,,,,missingreplog_ScoX-1.csv,,,Data replog,,,ScoX-1,True,IR
ir080824.0152,Sco X-1,16:19:55.0,-15:38:24,2008-08-25,02:06:23.2,2454703.5878,20.0,1.48,H,H,,,,missingreplog_ScoX-1.csv,,,Data replog,,,ScoX-1,True,IR
ir080803.0140,Sco X-1,16:19:55.3,-15:38:17,2008-08-04,03:23:02.8,2454682.641,20.1,1.44,H,H,,,,missingreplog_ScoX-1.csv,,,Data replog,,,ScoX-1,True,IR
ir080807.0069,Sco X-1,16:19:55.0,-15:38:24,2008-08-08,00:56:30.3,2454686.5392,20.1,1.06,H,H,,,,missingreplog_ScoX-1.csv,,,Data replog,,,ScoX-1,True,IR
ir080812.0088,Sco X-1,16:19:55.0,-15:38:24,2008-08-13,02:50:31.6,2454691.6184,20.1,1.46,H,H,,,,missingreplog_ScoX-1.csv,,,Data replog,,,ScoX-1,True,IR
ir080812.0087,Sco X-1,16:19:55.0,-15:38:24,2008-08-13,02:49:54.9,2454691.618,20.1,1.45,H,H,,,,missingreplog_ScoX-1.csv,,,Data replog,,,ScoX-1,True,IR
ir080812.0086,Sco X-1,16:19:55.0,-15:38:24,2008-08-13,02:49:17.4,2454691.6176,20.1,1.45,H,H,,,,missingreplog_ScoX-1.csv,,,Data replog,,,ScoX-1,True,IR
ir080812.0085,Sco X-1,16:19:55.0,-15:38:24,2008-08-13,02:48:40.9,2454691.6171,20.1,1.45,H,H,,,,missingreplog_ScoX-1.csv,,,Data replog,,,ScoX-1,True,IR
ir080808.0024,Sco X-1,16:19:54.9,-15:38:24,2008-08-09,03:13:09.1,2454687.6341,20.0,1.5,H,H,,,,missingreplog_ScoX-1.csv,,,Data replog,,,ScoX-1,True,IR
ir080808.0023,Sco X-1,16:19:54.9,-15:38:24,2008-08-09,03:12:32.7,2454687.6337,20.1,1.5,H,H,,,,missingreplog_ScoX-1.csv,,,Data replog,,,ScoX-1,True,IR
ir080808.0022,Sco X-1,16:19:55.0,-15:38:24,2008-08-09,03:11:55.9,2454687.6333,20.0,1.49,H,H,,,,missingreplog_ScoX-1.csv,,,Data replog,,,ScoX-1,True,IR
ir080808.0021,Sco X-1,16:19:55.0,-15:38:24,2008-08-09,03:11:18.7,2454687.6329,20.1,1.49,H,H,,,,missingreplog_ScoX-1.csv,,,Data replog,,,ScoX-1,True,IR
ir080808.0020,Sco X-1,16:19:55.0,-15:38:24,2008-08-09,03:10:42.3,2454687.6324,20.1,1.48,H,H,,,,missingreplog_ScoX-1.csv,,,Data replog,,,ScoX-1,True,IR
ir080807.0071,Sco X-1,16:19:55.0,-15:38:24,2008-08-08,00:57:43.7,2454686.5401,20.1,1.07,H,H,,,,missingreplog_ScoX-1.csv,,,Data replog,,,ScoX-1,True,IR
ir080807.0070,Sco X-1,16:19:55.0,-15:38:24,2008-08-08,00:57:07.1,2454686.5397,20.0,1.06,H,H,,,,missingreplog_ScoX-1.csv,,,Data replog,,,ScoX-1,True,IR
ir080807.0068,Sco X-1,16:19:55.0,-15:38:25,2008-08-08,00:55:52.7,2454686.5388,20.1,1.06,H,H,,,,missingreplog_ScoX-1.csv,,,Data replog,,,ScoX-1,True,IR
ir080824.0151,Sco X-1,16:19:55.0,-15:38:24,2008-08-25,02:05:45.7,2454703.5873,20.1,1.47,H,H,,,,missingreplog_ScoX-1.csv,,,Data replog,,,ScoX-1,True,IR
ir080807.0067,Sco X-1,16:19:55.1,-15:38:25,2008-08-08,00:55:16.3,2454686.5384,20.0,1.06,H,H,,,,missingreplog_ScoX-1.csv,,,Data replog,,,ScoX-1,True,IR
ir080805.0128,Sco X-1,16:19:55.3,-15:38:13,2008-08-06,01:36:51.5,2454684.5673,20.1,1.11,H,H,,,,missingreplog_ScoX-1.csv,,,Data replog,,,ScoX-1,True,IR
ir080805.0127,Sco X-1,16:19:55.3,-15:38:13,2008-08-06,01:36:15.0,2454684.5668,20.1,1.11,H,H,,,,missingreplog_ScoX-1.csv,,,Data replog,,,ScoX-1,True,IR
ir080805.0126,Sco X-1,16:19:55.3,-15:38:13,2008-08-06,01:35:38.1,2454684.5664,20.1,1.11,H,H,,,,missingreplog_ScoX-1.csv,,,Data replog,,,ScoX-1,True,IR
ir080805.0125,Sco X-1,16:19:55.3,-15:38:13,2008-08-06,01:35:00.7,2454684.566,20.1,1.11,H,H,,,,missingreplog_ScoX-1.csv,,,Data replog,,,ScoX-1,True,IR
ir080805.0124,Sco X-1,16:19:55.3,-15:38:14,2008-08-06,01:34:24.2,2454684.5656,20.1,1.11,H,H,,,,missingreplog_ScoX-1.csv,,,Data replog,,,ScoX-1,True,IR
ir080804.0120,Sco X-1,16:19:54.8,-15:38:18,2008-08-05,03:35:25.9,2454683.6496,20.1,1.54,H,H,,,,missingreplog_ScoX-1.csv,,,Data replog,,,ScoX-1,True,IR
ir080804.0119,Sco X-1,16:19:54.8,-15:38:18,2008-08-05,03:34:49.1,2454683.6492,20.1,1.54,H,H,,,,missingreplog_ScoX-1.csv,,,Data replog,,,ScoX-1,True,IR
ir080804.0118,Sco X-1,16:19:54.8,-15:38:18,2008-08-05,03:34:12.3,2454683.6488,20.0,1.53,H,H,,,,missingreplog_ScoX-1.csv,,,Data replog,,,ScoX-1,True,IR
ir080804.0117,Sco X-1,16:19:54.8,-15:38:17,2008-08-05,03:33:34.8,2454683.6483,20.0,1.53,H,H,,,,missingreplog_ScoX-1.csv,,,Data replog,,,ScoX-1,True,IR
ir080804.0116,Sco X-1,16:19:54.8,-15:38:17,2008-08-05,03:32:58.4,2454683.6479,20.1,1.53,H,H,,,,missingreplog_ScoX-1.csv,,,Data replog,,,ScoX-1,True,IR
ir080812.0089,Sco X-1,16:19:54.9,-15:38:24,2008-08-13,02:51:08.2,2454691.6189,20.0,1.46,H,H,,,,missingreplog_ScoX-1.csv,,,Data replog,,,ScoX-1,True,IR
ir080815.0045,Sco X-1,16:19:55.3,-15:38:29,2008-08-16,00:26:51.4,2454694.5186,20.1,1.07,H,H,,,,missingreplog_ScoX-1.csv,,,Data replog,,,ScoX-1,True,IR
ir080815.0046,Sco X-1,16:19:55.3,-15:38:29,2008-08-16,00:27:28.0,2454694.5191,20.0,1.07,H,H,,,,missingreplog_ScoX-1.csv,,,Data replog,,,ScoX-1,True,IR
ir080815.0047,Sco X-1,16:19:55.3,-15:38:30,2008-08-16,00:28:05.4,2454694.5195,20.1,1.07,H,H,,,,missingreplog_ScoX-1.csv,,,Data replog,,,ScoX-1,True,IR
ir080824.0150,Sco X-1,16:19:55.0,-15:38:24,2008-08-25,02:05:08.9,2454703.5869,20.1,1.47,H,H,,,,missingreplog_ScoX-1.csv,,,Data replog,,,ScoX-1,True,IR
ir080822.0145,Sco X-1,16:19:55.0,-15:38:23,2008-08-23,01:39:35.8,2454701.5692,20.0,1.3,H,H,,,,missingreplog_ScoX-1.csv,,,Data replog,,,ScoX-1,True,IR
ir080822.0144,Sco X-1,16:19:55.0,-15:38:23,2008-08-23,01:38:59.5,2454701.5688,20.0,1.3,H,H,,,,missingreplog_ScoX-1.csv,,,Data replog,,,ScoX-1,True,IR
ir080822.0143,Sco X-1,16:19:55.0,-15:38:24,2008-08-23,01:38:22.5,2454701.5683,20.0,1.3,H,H,,,,missingreplog_ScoX-1.csv,,,Data replog,,,ScoX-1,True,IR
ir080822.0142,Sco X-1,16:19:55.0,-15:38:23,2008-08-23,01:37:45.3,2454701.5679,20.0,1.3,H,H,,,,missingreplog_ScoX-1.csv,,,Data replog,,,ScoX-1,True,IR
ir080822.0141,Sco X-1,16:19:55.0,-15:38:24,2008-08-23,01:37:08.6,2454701.5675,20.0,1.29,H,H,,,,missingreplog_ScoX-1.csv,,,Data replog,,,ScoX-1,True,IR
ir080821.0110,Sco X-1,16:19:54.9,-15:38:25,2008-08-22,00:56:40.8,2454700.5394,20.1,1.16,H,H,,,,missingreplog_ScoX-1.csv,,,Data replog,,,ScoX-1,True,IR
ir080821.0109,Sco X-1,16:19:54.9,-15:38:25,2008-08-22,00:56:04.2,2454700.5389,20.1,1.16,H,H,,,,missingreplog_ScoX-1.csv,,,Data replog,,,ScoX-1,True,IR
ir080821.0108,Sco X-1,16:19:54.9,-15:38:25,2008-08-22,00:55:27.3,2454700.5385,20.0,1.15,H,H,,,,missingreplog_ScoX-1.csv,,,Data replog,,,ScoX-1,True,IR
ir080821.0107,Sco X-1,16:19:55.0,-15:38:25,2008-08-22,00:54:49.9,2454700.5381,20.0,1.15,H,H,,,,missingreplog_ScoX-1.csv,,,Data replog,,,ScoX-1,True,IR
ir080821.0106,Sco X-1,16:19:55.0,-15:38:25,2008-08-22,00:54:13.0,2454700.5376,20.1,1.15,H,H,,,,missingreplog_ScoX-1.csv,,,Data replog,,,ScoX-1,True,IR
ir080820.0090,Sco X-1,16:19:55.6,-15:38:21,2008-08-21,02:11:34.1,2454699.5914,20.0,1.42,H,H,,,,missingreplog_ScoX-1.csv,,,Data replog,,,ScoX-1,True,IR
ir080820.0089,Sco X-1,16:19:55.6,-15:38:21,2008-08-21,02:10:57.5,2454699.5909,20.1,1.41,H,H,,,,missingreplog_ScoX-1.csv,,,Data replog,,,ScoX-1,True,IR
ir080820.0088,Sco X-1,16:19:55.7,-15:38:20,2008-08-21,02:10:20.5,2454699.5905,20.1,1.41,H,H,,,,missingreplog_ScoX-1.csv,,,Data replog,,,ScoX-1,True,IR
ir080820.0087,Sco X-1,16:19:55.7,-15:38:20,2008-08-21,02:09:43.1,2454699.5901,20.0,1.41,H,H,,,,missingreplog_ScoX-1.csv,,,Data replog,,,ScoX-1,True,IR
ir080820.0086,Sco X-1,16:19:55.7,-15:38:21,2008-08-21,02:09:06.3,2454699.5897,20.1,1.4,H,H,,,,missingreplog_ScoX-1.csv,,,Data replog,,,ScoX-1,True,IR
ir080819.0121,Sco X-1,16:19:56.1,-15:38:24,2008-08-20,02:20:39.2,2454698.5977,20.1,1.44,H,H,,,,missingreplog_ScoX-1.csv,,,Data replog,,,ScoX-1,True,IR
ir080819.0120,Sco X-1,16:19:56.1,-15:38:24,2008-08-20,02:20:02.2,2454698.5973,20.0,1.44,H,H,,,,missingreplog_ScoX-1.csv,,,Data replog,,,ScoX-1,True,IR
ir080819.0119,Sco X-1,16:19:56.1,-15:38:24,2008-08-20,02:19:25.0,2454698.5968,20.1,1.44,H,H,,,,missingreplog_ScoX-1.csv,,,Data replog,,,ScoX-1,True,IR
ir080819.0118,Sco X-1,16:19:56.1,-15:38:23,2008-08-20,02:18:46.7,2454698.5964,20.1,1.43,H,H,,,,missingreplog_ScoX-1.csv,,,Data replog,,,ScoX-1,True,IR
ir080819.0117,Sco X-1,16:19:56.1,-15:38:23,2008-08-20,02:18:09.6,2454698.5959,20.0,1.43,H,H,,,,missingreplog_ScoX-1.csv,,,Data replog,,,ScoX-1,True,IR
ir080815.0049,Sco X-1,16:19:55.3,-15:38:31,2008-08-16,00:29:18.6,2454694.5203,20.0,1.07,H,H,,,,missingreplog_ScoX-1.csv,,,Data replog,,,ScoX-1,True,IR
ir080815.0048,Sco X-1,16:19:55.3,-15:38:30,2008-08-16,00:28:42.3,2454694.5199,20.1,1.07,H,H,,,,missingreplog_ScoX-1.csv,,,Data replog,,,ScoX-1,True,IR
ir080926.0036,Sco X-1,16:19:55.2,-15:38:13,2008-09-27,00:03:27.7,2454736.5024,20.0,1.52,H,H,,,,missingreplog_ScoX-1.csv,,,Data replog,,,ScoX-1,True,IR
ir080926.0037,Sco X-1,16:19:55.2,-15:38:13,2008-09-27,00:03:27.7,2454736.5024,20.0,1.52,H,H,,,,missingreplog_ScoX-1.csv,,,Data replog,,,ScoX-1,True,IR
ir080926.0035,Sco X-1,16:19:55.2,-15:38:13,2008-09-27,00:02:49.8,2454736.502,20.1,1.51,H,H,,,,missingreplog_ScoX-1.csv,,,Data replog,,,ScoX-1,True,IR
ir080926.0034,Sco X-1,16:19:55.2,-15:38:13,2008-09-27,00:02:12.8,2454736.5015,20.0,1.51,H,H,,,,missingreplog_ScoX-1.csv,,,Data replog,,,ScoX-1,True,IR
ir060318.0278,Sco X-1,16:19:52.7,-15:38:14,2006-03-19,06:53:51,2453813.7874,15.0,1.23,H,H,,,,missingreplog_ScoX-1.csv,,,Data replog,,,ScoX-1,True,IR
ir060318.0289,Sco X-1,16:19:52.8,-15:38:13,2006-03-19,07:02:14,2453813.7932,15.0,1.21,K,K,,,,missingreplog_ScoX-1.csv,,,Data replog,,,ScoX-1,True,IR
ir060318.0288,Sco X-1,16:19:52.8,-15:38:13,2006-03-19,07:01:35,2453813.7928,15.1,1.21,K,K,,,,missingreplog_ScoX-1.csv,,,Data replog,,,ScoX-1,True,IR
ir060318.0287,Sco X-1,16:19:52.8,-15:38:13,2006-03-19,07:00:23,2453813.7919,20.1,1.21,K,K,,,,missingreplog_ScoX-1.csv,,,Data replog,,,ScoX-1,True,IR
ir060318.0286,Sco X-1,16:19:52.8,-15:38:13,2006-03-19,06:59:38,2453813.7914,20.0,1.21,K,K,,,,missingreplog_ScoX-1.csv,,,Data replog,,,ScoX-1,True,IR
ir060318.0285,Sco X-1,16:19:52.8,-15:38:13,2006-03-19,06:58:54,2453813.7909,20.1,1.22,K,K,,,,missingreplog_ScoX-1.csv,,,Data replog,,,ScoX-1,True,IR
ir060318.0284,Sco X-1,16:19:52.7,-15:38:13,2006-03-19,06:58:10,2453813.7904,20.1,1.22,K,K,,,,missingreplog_ScoX-1.csv,,,Data replog,,,ScoX-1,True,IR
ir060318.0283,Sco X-1,16:19:52.7,-15:38:13,2006-03-19,06:57:26,2453813.7899,20.0,1.22,K,K,,,,missingreplog_ScoX-1.csv,,,Data replog,,,ScoX-1,True,IR
ir060318.0282,Sco X-1,16:19:52.7,-15:38:13,2006-03-19,06:56:41,2453813.7894,20.1,1.22,K,K,,,,missingreplog_ScoX-1.csv,,,Data replog,,,ScoX-1,True,IR
ir060318.0281,Sco X-1,16:19:52.7,-15:38:13,2006-03-19,06:55:48,2453813.7888,15.1,1.23,H,H,,,,missingreplog_ScoX-1.csv,,,Data replog,,,ScoX-1,True,IR
ir060318.0280,Sco X-1,16:19:52.7,-15:38:14,2006-03-19,06:55:09,2453813.7883,15.0,1.23,H,H,,,,missingreplog_ScoX-1.csv,,,Data replog,,,ScoX-1,True,IR
ir060318.0279,Sco X-1,16:19:52.7,-15:38:14,2006-03-19,06:54:30,2453813.7878,15.0,1.23,H,H,,,,missingreplog_ScoX-1.csv,,,Data replog,,,ScoX-1,True,IR
ir060318.0277,Sco X-1,16:19:52.7,-15:38:14,2006-03-19,06:53:12,2453813.787,15.0,1.23,H,H,,,,missingreplog_ScoX-1.csv,,,Data replog,,,ScoX-1,True,IR
ir060318.0291,Sco X-1,16:19:52.8,-15:38:13,2006-03-19,07:03:35,2453813.7942,15.0,1.2,K,K,,,,missingreplog_ScoX-1.csv,,,Data replog,,,ScoX-1,True,IR
ir060318.0276,Sco X-1,16:19:52.7,-15:38:14,2006-03-19,06:52:32,2453813.7865,15.1,1.24,H,H,,,,missingreplog_ScoX-1.csv,,,Data replog,,,ScoX-1,True,IR
ir060318.0275,Sco X-1,16:19:52.7,-15:38:14,2006-03-19,06:51:53,2453813.786,15.1,1.24,H,H,,,,missingreplog_ScoX-1.csv,,,Data replog,,,ScoX-1,True,IR
ir060318.0274,Sco X-1,16:19:52.7,-15:38:14,2006-03-19,06:51:14,2453813.7856,15.1,1.24,H,H,,,,missingreplog_ScoX-1.csv,,,Data replog,,,ScoX-1,True,IR
ir060318.0273,Sco X-1,16:19:52.7,-15:38:14,2006-03-19,06:50:06,2453813.7848,20.0,1.24,J,J,,,,missingreplog_ScoX-1.csv,,,Data replog,,,ScoX-1,True,IR
ir060318.0272,Sco X-1,16:19:52.7,-15:38:14,2006-03-19,06:49:19,2453813.7843,20.1,1.25,J,J,,,,missingreplog_ScoX-1.csv,,,Data replog,,,ScoX-1,True,IR
ir060318.0271,Sco X-1,16:19:52.7,-15:38:14,2006-03-19,06:48:35,2453813.7837,20.0,1.25,J,J,,,,missingreplog_ScoX-1.csv,,,Data replog,,,ScoX-1,True,IR
ir060318.0270,Sco X-1,16:19:52.8,-15:38:14,2006-03-19,06:47:51,2453813.7832,20.1,1.25,J,J,,,,missingreplog_ScoX-1.csv,,,Data replog,,,ScoX-1,True,IR
ir060318.0269,Sco X-1,16:19:52.8,-15:38:14,2006-03-19,06:47:07,2453813.7827,20.1,1.25,J,J,,,,missingreplog_ScoX-1.csv,,,Data replog,,,ScoX-1,True,IR
ir060318.0268,Sco X-1,16:19:52.8,-15:38:14,2006-03-19,06:46:23,2453813.7822,20.0,1.26,J,J,,,,missingreplog_ScoX-1.csv,,,Data replog,,,ScoX-1,True,IR
ir060317.0303,Sco X-1,16:19:53.0,-15:38:12,2006-03-18,08:01:25,2453812.8343,15.1,1.09,K,K,,,,missingreplog_ScoX-1.csv,,,Data replog,,,ScoX-1,True,IR
ir060317.0302,Sco X-1,16:19:53.0,-15:38:12,2006-03-18,08:00:46,2453812.8339,15.0,1.09,K,K,,,,missingreplog_ScoX-1.csv,,,Data replog,,,ScoX-1,True,IR
ir060318.0290,Sco X-1,16:19:52.8,-15:38:13,2006-03-19,07:02:53,2453813.7937,15.0,1.2,K,K,,,,missingreplog_ScoX-1.csv,,,Data replog,,,ScoX-1,True,IR
ir060318.0292,Sco X-1,16:19:52.9,-15:38:13,2006-03-19,07:04:13,2453813.7946,15.0,1.2,K,K,,,,missingreplog_ScoX-1.csv,,,Data replog,,,ScoX-1,True,IR
ir060316.0353,Sco X-1,16:19:52.9,-15:38:09,2006-03-17,07:27:55,2453811.8111,15.1,1.16,K,K,,,,missingreplog_ScoX-1.csv,,,Data replog,,,ScoX-1,True,IR
ir060331.0238,Sco X-1,16:19:53.7,-15:38:08,2006-04-01,07:30:11,2453826.8126,15.0,1.06,H,H,,,,missingreplog_ScoX-1.csv,,,Data replog,,,ScoX-1,True,IR
ir060331.0249,Sco X-1,16:19:53.8,-15:38:07,2006-04-01,07:38:34,2453826.8185,15.1,1.05,K,K,,,,missingreplog_ScoX-1.csv,,,Data replog,,,ScoX-1,True,IR
ir060331.0248,Sco X-1,16:19:53.8,-15:38:08,2006-04-01,07:37:55,2453826.818,15.1,1.05,K,K,,,,missingreplog_ScoX-1.csv,,,Data replog,,,ScoX-1,True,IR
ir060331.0247,Sco X-1,16:19:53.8,-15:38:08,2006-04-01,07:37:16,2453826.8175,15.1,1.05,K,K,,,,missingreplog_ScoX-1.csv,,,Data replog,,,ScoX-1,True,IR
ir060331.0246,Sco X-1,16:19:53.8,-15:38:08,2006-04-01,07:36:03,2453826.8167,20.0,1.05,K,K,,,,missingreplog_ScoX-1.csv,,,Data replog,,,ScoX-1,True,IR
ir060331.0245,Sco X-1,16:19:53.8,-15:38:08,2006-04-01,07:35:18,2453826.8162,20.1,1.05,K,K,,,,missingreplog_ScoX-1.csv,,,Data replog,,,ScoX-1,True,IR
ir060331.0244,Sco X-1,16:19:53.7,-15:38:08,2006-04-01,07:34:34,2453826.8157,20.0,1.05,K,K,,,,missingreplog_ScoX-1.csv,,,Data replog,,,ScoX-1,True,IR
ir060331.0243,Sco X-1,16:19:53.7,-15:38:08,2006-04-01,07:33:50,2453826.8152,20.0,1.06,K,K,,,,missingreplog_ScoX-1.csv,,,Data replog,,,ScoX-1,True,IR
ir060331.0242,Sco X-1,16:19:53.7,-15:38:08,2006-04-01,07:33:06,2453826.8147,20.0,1.06,K,K,,,,missingreplog_ScoX-1.csv,,,Data replog,,,ScoX-1,True,IR
ir060331.0241,Sco X-1,16:19:53.7,-15:38:07,2006-04-01,07:32:22,2453826.8141,20.1,1.06,K,K,,,,missingreplog_ScoX-1.csv,,,Data replog,,,ScoX-1,True,IR
ir060331.0240,Sco X-1,16:19:53.7,-15:38:08,2006-04-01,07:31:29,2453826.8135,15.1,1.06,H,H,,,,missingreplog_ScoX-1.csv,,,Data replog,,,ScoX-1,True,IR
ir060331.0239,Sco X-1,16:19:53.7,-15:38:08,2006-04-01,07:30:50,2453826.8131,15.0,1.06,H,H,,,,missingreplog_ScoX-1.csv,,,Data replog,,,ScoX-1,True,IR
ir060331.0237,Sco X-1,16:19:53.6,-15:38:08,2006-04-01,07:29:32,2453826.8122,15.1,1.06,H,H,,,,missingreplog_ScoX-1.csv,,,Data replog,,,ScoX-1,True,IR
ir060318.0293,Sco X-1,16:19:52.9,-15:38:13,2006-03-19,07:04:52,2453813.795,15.1,1.2,K,K,,,,missingreplog_ScoX-1.csv,,,Data replog,,,ScoX-1,True,IR
ir060331.0236,Sco X-1,16:19:53.6,-15:38:08,2006-04-01,07:28:53,2453826.8117,15.1,1.06,H,H,,,,missingreplog_ScoX-1.csv,,,Data replog,,,ScoX-1,True,IR
ir060331.0235,Sco X-1,16:19:53.6,-15:38:08,2006-04-01,07:28:14,2453826.8113,15.0,1.06,H,H,,,,missingreplog_ScoX-1.csv,,,Data replog,,,ScoX-1,True,IR
ir060331.0234,Sco X-1,16:19:53.5,-15:38:08,2006-04-01,07:27:34,2453826.8108,15.0,1.06,H,H,,,,missingreplog_ScoX-1.csv,,,Data replog,,,ScoX-1,True,IR
ir060331.0233,Sco X-1,16:19:53.5,-15:38:08,2006-04-01,07:26:55,2453826.8104,15.0,1.06,H,H,,,,missingreplog_ScoX-1.csv,,,Data replog,,,ScoX-1,True,IR
ir060331.0232,Sco X-1,16:19:53.5,-15:38:08,2006-04-01,07:25:47,2453826.8096,20.0,1.06,J,J,,,,missingreplog_ScoX-1.csv,,,Data replog,,,ScoX-1,True,IR
ir060331.0231,Sco X-1,16:19:53.5,-15:38:08,2006-04-01,07:25:00,2453826.809,20.0,1.06,J,J,,,,missingreplog_ScoX-1.csv,,,Data replog,,,ScoX-1,True,IR
ir060331.0230,Sco X-1,16:19:53.5,-15:38:08,2006-04-01,07:24:15,2453826.8085,20.1,1.06,J,J,,,,missingreplog_ScoX-1.csv,,,Data replog,,,ScoX-1,True,IR
ir060331.0229,Sco X-1,16:19:53.5,-15:38:08,2006-04-01,07:23:31,2453826.808,20.0,1.07,J,J,,,,missingreplog_ScoX-1.csv,,,Data replog,,,ScoX-1,True,IR
ir060331.0228,Sco X-1,16:19:53.4,-15:38:08,2006-04-01,07:22:47,2453826.8075,20.1,1.07,J,J,,,,missingreplog_ScoX-1.csv,,,Data replog,,,ScoX-1,True,IR
ir060331.0227,Sco X-1,16:19:53.5,-15:38:08,2006-04-01,07:22:04,2453826.807,20.0,1.07,J,J,,,,missingreplog_ScoX-1.csv,,,Data replog,,,ScoX-1,True,IR
ir060318.0294,Sco X-1,16:19:52.9,-15:38:13,2006-03-19,07:05:31,2453813.7955,15.1,1.2,K,K,,,,missingreplog_ScoX-1.csv,,,Data replog,,,ScoX-1,True,IR
ir060317.0301,Sco X-1,16:19:53.0,-15:38:12,2006-03-18,08:00:07,2453812.8334,15.1,1.09,K,K,,,,missingreplog_ScoX-1.csv,,,Data replog,,,ScoX-1,True,IR
ir060317.0300,Sco X-1,16:19:53.0,-15:38:12,2006-03-18,07:59:28,2453812.833,15.1,1.09,K,K,,,,missingreplog_ScoX-1.csv,,,Data replog,,,ScoX-1,True,IR
ir060317.0299,Sco X-1,16:19:53.0,-15:38:12,2006-03-18,07:58:46,2453812.8325,15.0,1.09,K,K,,,,missingreplog_ScoX-1.csv,,,Data replog,,,ScoX-1,True,IR
ir060317.0259,Sco X-1,16:19:52.7,-15:38:12,2006-03-18,07:27:24,2453812.8107,15.1,1.15,H,H,,,,missingreplog_ScoX-1.csv,,,Data replog,,,ScoX-1,True,IR
ir060317.0270,Sco X-1,16:19:53.0,-15:38:10,2006-03-18,07:36:44,2453812.8172,15.0,1.13,K,K,,,,missingreplog_ScoX-1.csv,,,Data replog,,,ScoX-1,True,IR
ir060317.0269,Sco X-1,16:19:52.9,-15:38:11,2006-03-18,07:34:50,2453812.8159,20.0,1.13,K,K,,,,missingreplog_ScoX-1.csv,,,Data replog,,,ScoX-1,True,IR
ir060317.0268,Sco X-1,16:19:52.9,-15:38:11,2006-03-18,07:34:50,2453812.8159,20.0,1.13,K,K,,,,missingreplog_ScoX-1.csv,,,Data replog,,,ScoX-1,True,IR
ir060317.0267,Sco X-1,16:19:52.9,-15:38:11,2006-03-18,07:34:06,2453812.8153,20.1,1.14,K,K,,,,missingreplog_ScoX-1.csv,,,Data replog,,,ScoX-1,True,IR
ir060317.0266,Sco X-1,16:19:52.9,-15:38:11,2006-03-18,07:33:19,2453812.8148,20.0,1.14,K,K,,,,missingreplog_ScoX-1.csv,,,Data replog,,,ScoX-1,True,IR
ir060317.0265,Sco X-1,16:19:52.8,-15:38:11,2006-03-18,07:31:42,2453812.8137,20.0,1.14,K,K,,,,missingreplog_ScoX-1.csv,,,Data replog,,,ScoX-1,True,IR
ir060317.0264,Sco X-1,16:19:52.8,-15:38:11,2006-03-18,07:31:42,2453812.8137,20.1,1.14,K,K,,,,missingreplog_ScoX-1.csv,,,Data replog,,,ScoX-1,True,IR
ir060317.0263,Sco X-1,16:19:52.8,-15:38:11,2006-03-18,07:30:50,2453812.8131,15.0,1.14,H,H,,,,missingreplog_ScoX-1.csv,,,Data replog,,,ScoX-1,True,IR
ir060317.0262,Sco X-1,16:19:52.8,-15:38:11,2006-03-18,07:30:11,2453812.8126,15.0,1.14,H,H,,,,missingreplog_ScoX-1.csv,,,Data replog,,,ScoX-1,True,IR
ir060317.0261,Sco X-1,16:19:52.7,-15:38:11,2006-03-18,07:29:30,2453812.8122,15.0,1.15,H,H,,,,missingreplog_ScoX-1.csv,,,Data replog,,,ScoX-1,True,IR
ir060317.0260,Sco X-1,16:19:52.7,-15:38:11,2006-03-18,07:28:51,2453812.8117,15.1,1.15,H,H,,,,missingreplog_ScoX-1.csv,,,Data replog,,,ScoX-1,True,IR
ir060317.0258,Sco X-1,16:19:52.7,-15:38:12,2006-03-18,07:27:24,2453812.8107,15.0,1.15,H,H,,,,missingreplog_ScoX-1.csv,,,Data replog,,,ScoX-1,True,IR
ir060317.0298,Sco X-1,16:19:53.1,-15:38:12,2006-03-18,07:58:07,2453812.832,15.1,1.09,K,K,,,,missingreplog_ScoX-1.csv,,,Data replog,,,ScoX-1,True,IR
ir060317.0257,Sco X-1,16:19:52.7,-15:38:12,2006-03-18,07:26:44,2453812.8102,15.0,1.15,H,H,,,,missingreplog_ScoX-1.csv,,,Data replog,,,ScoX-1,True,IR
ir060317.0256,Sco X-1,16:19:52.6,-15:38:12,2006-03-18,07:26:05,2453812.8098,15.1,1.15,H,H,,,,missingreplog_ScoX-1.csv,,,Data replog,,,ScoX-1,True,IR
ir060317.0255,Sco X-1,16:19:52.6,-15:38:12,2006-03-18,07:24:57,2453812.809,20.0,1.16,J,J,,,,missingreplog_ScoX-1.csv,,,Data replog,,,ScoX-1,True,IR
ir060317.0254,Sco X-1,16:19:52.6,-15:38:12,2006-03-18,07:24:09,2453812.8084,20.1,1.16,J,J,,,,missingreplog_ScoX-1.csv,,,Data replog,,,ScoX-1,True,IR
ir060317.0253,Sco X-1,16:19:52.6,-15:38:12,2006-03-18,07:23:25,2453812.8079,20.1,1.16,J,J,,,,missingreplog_ScoX-1.csv,,,Data replog,,,ScoX-1,True,IR
ir060317.0252,Sco X-1,16:19:52.6,-15:38:12,2006-03-18,07:22:41,2453812.8074,20.0,1.16,J,J,,,,missingreplog_ScoX-1.csv,,,Data replog,,,ScoX-1,True,IR
ir060317.0251,Sco X-1,16:19:52.6,-15:38:12,2006-03-18,07:21:57,2453812.8069,20.1,1.16,J,J,,,,missingreplog_ScoX-1.csv,,,Data replog,,,ScoX-1,True,IR
ir060317.0250,Sco X-1,16:19:52.5,-15:38:12,2006-03-18,07:21:13,2453812.8064,20.1,1.17,J,J,,,,missingreplog_ScoX-1.csv,,,Data replog,,,ScoX-1,True,IR
ir060316.0357,Sco X-1,16:19:53.0,-15:38:09,2006-03-17,07:30:35,2453811.8129,15.0,1.15,K,K,,,,missingreplog_ScoX-1.csv,,,Data replog,,,ScoX-1,True,IR
ir060316.0356,Sco X-1,16:19:52.9,-15:38:09,2006-03-17,07:29:56,2453811.8125,15.0,1.15,K,K,,,,missingreplog_ScoX-1.csv,,,Data replog,,,ScoX-1,True,IR
ir060316.0355,Sco X-1,16:19:52.9,-15:38:09,2006-03-17,07:29:17,2453811.812,15.0,1.16,K,K,,,,missingreplog_ScoX-1.csv,,,Data replog,,,ScoX-1,True,IR
ir060317.0271,Sco X-1,16:19:53.0,-15:38:10,2006-03-18,07:36:44,2453812.8172,15.1,1.13,K,K,,,,missingreplog_ScoX-1.csv,,,Data replog,,,ScoX-1,True,IR
ir060317.0272,Sco X-1,16:19:53.0,-15:38:10,2006-03-18,07:36:44,2453812.8172,15.1,1.13,K,K,,,,missingreplog_ScoX-1.csv,,,Data replog,,,ScoX-1,True,IR
ir060317.0273,Sco X-1,16:19:53.0,-15:38:11,2006-03-18,07:38:59,2453812.8187,15.0,1.13,K,K,,,,missingreplog_ScoX-1.csv,,,Data replog,,,ScoX-1,True,IR
ir060317.0274,Sco X-1,16:19:53.0,-15:38:11,2006-03-18,07:39:39,2453812.8192,15.1,1.12,K,K,,,,missingreplog_ScoX-1.csv,,,Data replog,,,ScoX-1,True,IR
ir060317.0297,Sco X-1,16:19:53.1,-15:38:12,2006-03-18,07:57:28,2453812.8316,15.0,1.09,K,K,,,,missingreplog_ScoX-1.csv,,,Data replog,,,ScoX-1,True,IR
ir060317.0296,Sco X-1,16:19:53.1,-15:38:12,2006-03-18,07:56:18,2453812.8308,20.0,1.1,K,K,,,,missingreplog_ScoX-1.csv,,,Data replog,,,ScoX-1,True,IR
ir060317.0295,Sco X-1,16:19:53.1,-15:38:12,2006-03-18,07:55:33,2453812.8303,20.0,1.1,K,K,,,,missingreplog_ScoX-1.csv,,,Data replog,,,ScoX-1,True,IR
ir060317.0294,Sco X-1,16:19:53.1,-15:38:12,2006-03-18,07:54:49,2453812.8297,20.1,1.1,K,K,,,,missingreplog_ScoX-1.csv,,,Data replog,,,ScoX-1,True,IR
ir060317.0293,Sco X-1,16:19:53.1,-15:38:12,2006-03-18,07:53:09,2453812.8286,20.1,1.1,K,K,,,,missingreplog_ScoX-1.csv,,,Data replog,,,ScoX-1,True,IR
ir060317.0292,Sco X-1,16:19:53.1,-15:38:12,2006-03-18,07:53:09,2453812.8286,20.0,1.1,K,K,,,,missingreplog_ScoX-1.csv,,,Data replog,,,ScoX-1,True,IR
ir060317.0291,Sco X-1,16:19:53.1,-15:38:12,2006-03-18,07:52:25,2453812.8281,20.1,1.1,K,K,,,,missingreplog_ScoX-1.csv,,,Data replog,,,ScoX-1,True,IR
ir060317.0290,Sco X-1,16:19:53.1,-15:38:12,2006-03-18,07:51:33,2453812.8275,15.1,1.1,H,H,,,,missingreplog_ScoX-1.csv,,,Data replog,,,ScoX-1,True,IR
ir060317.0289,Sco X-1,16:19:53.1,-15:38:12,2006-03-18,07:50:54,2453812.827,15.0,1.1,H,H,,,,missingreplog_ScoX-1.csv,,,Data replog,,,ScoX-1,True,IR
ir060317.0288,Sco X-1,16:19:53.1,-15:38:12,2006-03-18,07:50:12,2453812.8265,15.0,1.11,H,H,,,,missingreplog_ScoX-1.csv,,,Data replog,,,ScoX-1,True,IR
ir060317.0287,Sco X-1,16:19:53.1,-15:38:12,2006-03-18,07:49:33,2453812.8261,15.1,1.11,H,H,,,,missingreplog_ScoX-1.csv,,,Data replog,,,ScoX-1,True,IR
ir060317.0286,Sco X-1,16:19:53.1,-15:38:11,2006-03-18,07:48:07,2453812.8251,15.1,1.11,H,H,,,,missingreplog_ScoX-1.csv,,,Data replog,,,ScoX-1,True,IR
ir060317.0285,Sco X-1,16:19:53.1,-15:38:11,2006-03-18,07:48:07,2453812.8251,15.0,1.11,H,H,,,,missingreplog_ScoX-1.csv,,,Data replog,,,ScoX-1,True,IR
ir060317.0284,Sco X-1,16:19:53.1,-15:38:11,2006-03-18,07:47:27,2453812.8246,15.0,1.11,H,H,,,,missingreplog_ScoX-1.csv,,,Data replog,,,ScoX-1,True,IR
ir060317.0283,Sco X-1,16:19:53.1,-15:38:11,2006-03-18,07:46:48,2453812.8242,15.1,1.11,H,H,,,,missingreplog_ScoX-1.csv,,,Data replog,,,ScoX-1,True,IR
ir060317.0282,Sco X-1,16:19:53.1,-15:38:11,2006-03-18,07:45:45,2453812.8234,20.0,1.11,J,J,,,,missingreplog_ScoX-1.csv,,,Data replog,,,ScoX-1,True,IR
ir060317.0281,Sco X-1,16:19:53.1,-15:38:11,2006-03-18,07:45:00,2453812.8229,20.1,1.11,J,J,,,,missingreplog_ScoX-1.csv,,,Data replog,,,ScoX-1,True,IR
ir060317.0280,Sco X-1,16:19:53.1,-15:38:11,2006-03-18,07:44:16,2453812.8224,20.0,1.12,J,J,,,,missingreplog_ScoX-1.csv,,,Data replog,,,ScoX-1,True,IR
ir060317.0279,Sco X-1,16:19:53.1,-15:38:11,2006-03-18,07:43:32,2453812.8219,20.0,1.12,J,J,,,,missingreplog_ScoX-1.csv,,,Data replog,,,ScoX-1,True,IR
ir060317.0278,Sco X-1,16:19:53.1,-15:38:11,2006-03-18,07:41:55,2453812.8208,20.0,1.12,J,J,,,,missingreplog_ScoX-1.csv,,,Data replog,,,ScoX-1,True,IR
ir060317.0277,Sco X-1,16:19:53.1,-15:38:11,2006-03-18,07:41:55,2453812.8208,20.0,1.12,J,J,,,,missingreplog_ScoX-1.csv,,,Data replog,,,ScoX-1,True,IR
ir060317.0276,Sco X-1,16:19:53.0,-15:38:11,2006-03-18,07:40:57,2453812.8201,15.1,1.12,K,K,,,,missingreplog_ScoX-1.csv,,,Data replog,,,ScoX-1,True,IR
ir060317.0275,Sco X-1,16:19:53.1,-15:38:11,2006-03-18,07:40:18,2453812.8197,15.0,1.12,K,K,,,,missingreplog_ScoX-1.csv,,,Data replog,,,ScoX-1,True,IR
ir060331.0250,Sco X-1,16:19:53.8,-15:38:07,2006-04-01,07:39:15,2453826.8189,15.0,1.05,K,K,,,,missingreplog_ScoX-1.csv,,,Data replog,,,ScoX-1,True,IR
ir060331.0251,Sco X-1,16:19:53.8,-15:38:08,2006-04-01,07:39:53,2453826.8194,15.0,1.05,K,K,,,,missingreplog_ScoX-1.csv,,,Data replog,,,ScoX-1,True,IR
ir060331.0252,Sco X-1,16:19:53.8,-15:38:08,2006-04-01,07:40:33,2453826.8198,15.0,1.05,K,K,,,,missingreplog_ScoX-1.csv,,,Data replog,,,ScoX-1,True,IR
ir060402.0205,Sco X-1,16:19:52.9,-15:38:09,2006-04-03,06:36:20,2453828.7752,15.0,1.13,H,H,,,,missingreplog_ScoX-1.csv,,,Data replog,,,ScoX-1,True,IR
ir060402.0216,Sco X-1,16:19:53.0,-15:38:09,2006-04-03,06:44:45,2453828.7811,15.1,1.11,K,K,,,,missingreplog_ScoX-1.csv,,,Data replog,,,ScoX-1,True,IR
ir060402.0215,Sco X-1,16:19:53.0,-15:38:09,2006-04-03,06:44:06,2453828.7806,15.0,1.11,K,K,,,,missingreplog_ScoX-1.csv,,,Data replog,,,ScoX-1,True,IR
ir060402.0214,Sco X-1,16:19:52.0,-15:38:09,2006-04-03,06:43:24,2453828.7802,15.1,1.11,K,K,,,,missingreplog_ScoX-1.csv,,,Data replog,,,ScoX-1,True,IR
ir060402.0213,Sco X-1,16:19:53.0,-15:38:09,2006-04-03,06:42:45,2453828.7797,15.1,1.11,K,K,,,,missingreplog_ScoX-1.csv,,,Data replog,,,ScoX-1,True,IR
ir060402.0212,Sco X-1,16:19:52.9,-15:38:09,2006-04-03,06:42:07,2453828.7793,15.1,1.11,K,K,,,,missingreplog_ScoX-1.csv,,,Data replog,,,ScoX-1,True,IR
ir060402.0211,Sco X-1,16:19:52.9,-15:38:09,2006-04-03,06:40:54,2453828.7784,20.0,1.12,K,K,,,,missingreplog_ScoX-1.csv,,,Data replog,,,ScoX-1,True,IR
ir060402.0210,Sco X-1,16:19:52.9,-15:38:09,2006-04-03,06:40:08,2453828.7779,20.0,1.12,K,K,,,,missingreplog_ScoX-1.csv,,,Data replog,,,ScoX-1,True,IR
ir060402.0209,Sco X-1,16:19:52.9,-15:38:09,2006-04-03,06:39:24,2453828.7774,20.0,1.12,K,K,,,,missingreplog_ScoX-1.csv,,,Data replog,,,ScoX-1,True,IR
ir060402.0208,Sco X-1,16:19:52.9,-15:38:09,2006-04-03,06:38:40,2453828.7769,20.0,1.12,K,K,,,,missingreplog_ScoX-1.csv,,,Data replog,,,ScoX-1,True,IR
ir060402.0207,Sco X-1,16:19:52.9,-15:38:09,2006-04-03,06:37:56,2453828.7763,20.0,1.12,K,K,,,,missingreplog_ScoX-1.csv,,,Data replog,,,ScoX-1,True,IR
ir060402.0206,Sco X-1,16:19:52.9,-15:38:09,2006-04-03,06:37:12,2453828.7758,20.1,1.12,K,K,,,,missingreplog_ScoX-1.csv,,,Data replog,,,ScoX-1,True,IR
ir060402.0204,Sco X-1,16:19:52.8,-15:38:09,2006-04-03,06:35:41,2453828.7748,15.1,1.13,H,H,,,,missingreplog_ScoX-1.csv,,,Data replog,,,ScoX-1,True,IR
ir060401.0262,Sco X-1,16:19:54.5,-15:37:59,2006-04-02,08:12:39,2453827.8421,15.1,1.03,K,K,,,,missingreplog_ScoX-1.csv,,,Data replog,,,ScoX-1,True,IR
ir060402.0203,Sco X-1,16:19:52.8,-15:38:09,2006-04-03,06:35:01,2453828.7743,15.1,1.13,H,H,,,,missingreplog_ScoX-1.csv,,,Data replog,,,ScoX-1,True,IR
ir060402.0202,Sco X-1,16:19:52.8,-15:38:09,2006-04-03,06:34:23,2453828.7739,15.1,1.13,H,H,,,,missingreplog_ScoX-1.csv,,,Data replog,,,ScoX-1,True,IR
ir060402.0201,Sco X-1,16:19:52.8,-15:38:08,2006-04-03,06:33:44,2453828.7734,15.1,1.13,H,H,,,,missingreplog_ScoX-1.csv,,,Data replog,,,ScoX-1,True,IR
ir060402.0200,Sco X-1,16:19:52.8,-15:38:09,2006-04-03,06:33:04,2453828.773,15.1,1.13,H,H,,,,missingreplog_ScoX-1.csv,,,Data replog,,,ScoX-1,True,IR
ir060402.0199,Sco X-1,16:19:52.8,-15:38:09,2006-04-03,06:32:25,2453828.7725,15.0,1.13,H,H,,,,missingreplog_ScoX-1.csv,,,Data replog,,,ScoX-1,True,IR
ir060402.0198,Sco X-1,16:19:52.7,-15:38:09,2006-04-03,06:31:46,2453828.7721,15.1,1.13,H,H,,,,missingreplog_ScoX-1.csv,,,Data replog,,,ScoX-1,True,IR
ir060402.0197,Sco X-1,16:19:52.7,-15:38:09,2006-04-03,06:30:38,2453828.7713,20.0,1.14,J,J,,,,missingreplog_ScoX-1.csv,,,Data replog,,,ScoX-1,True,IR
ir060402.0196,Sco X-1,16:19:52.7,-15:38:09,2006-04-03,06:29:51,2453828.7707,20.0,1.14,J,J,,,,missingreplog_ScoX-1.csv,,,Data replog,,,ScoX-1,True,IR
ir060402.0195,Sco X-1,16:19:52.7,-15:38:09,2006-04-03,06:29:07,2453828.7702,20.0,1.14,J,J,,,,missingreplog_ScoX-1.csv,,,Data replog,,,ScoX-1,True,IR
ir060402.0194,Sco X-1,16:19:52.6,-15:38:09,2006-04-03,06:28:23,2453828.7697,20.1,1.14,J,J,,,,missingreplog_ScoX-1.csv,,,Data replog,,,ScoX-1,True,IR
ir060402.0193,Sco X-1,16:19:52.6,-15:38:09,2006-04-03,06:27:40,2453828.7692,20.0,1.14,J,J,,,,missingreplog_ScoX-1.csv,,,Data replog,,,ScoX-1,True,IR
ir060402.0217,Sco X-1,16:19:53.0,-15:38:09,2006-04-03,06:45:25,2453828.7815,15.0,1.11,K,K,,,,missingreplog_ScoX-1.csv,,,Data replog,,,ScoX-1,True,IR
ir060402.0218,Sco X-1,16:19:53.0,-15:38:09,2006-04-03,06:46:04,2453828.782,15.1,1.11,K,K,,,,missingreplog_ScoX-1.csv,,,Data replog,,,ScoX-1,True,IR
ir070630.0103,Sco X-1,16:19:55.0,-15:38:24,2007-07-01,03:12:13.0,2454282.6335,12.0,1.05,J,J,,,,missingreplog_ScoX-1.csv,,,Data replog,,,ScoX-1,True,IR
ir070630.0104,Sco X-1,16:19:54.9,-15:38:24,2007-07-01,03:12:40.1,2454282.6338,12.0,1.05,J,J,,,,missingreplog_ScoX-1.csv,,,Data replog,,,ScoX-1,True,IR
ir080823.0137,Sco X-1,16:19:55.0,-15:38:24,2008-08-24,01:13:56.0,2454702.5513,20.0,1.23,H,H,,,,missingreplog_ScoX-1.csv,,,Data replog,,,ScoX-1,True,IR
ir080823.0136,Sco X-1,16:19:55.0,-15:38:24,2008-08-24,01:13:19.5,2454702.5509,20.0,1.22,H,H,,,,missingreplog_ScoX-1.csv,,,Data replog,,,ScoX-1,True,IR
ir080823.0135,Sco X-1,16:19:55.0,-15:38:24,2008-08-24,01:12:42.7,2454702.5505,20.1,1.22,H,H,,,,missingreplog_ScoX-1.csv,,,Data replog,,,ScoX-1,True,IR
ir080823.0134,Sco X-1,16:19:55.0,-15:38:24,2008-08-24,01:12:05.2,2454702.5501,20.1,1.22,H,H,,,,missingreplog_ScoX-1.csv,,,Data replog,,,ScoX-1,True,IR
ir080823.0133,Sco X-1,16:19:55.0,-15:38:24,2008-08-24,01:11:28.8,2454702.5496,20.1,1.22,H,H,,,,missingreplog_ScoX-1.csv,,,Data replog,,,ScoX-1,True,IR
ir080806.0120,Sco X-1,16:19:55.8,-15:38:14,2008-08-07,02:26:15.7,2454685.6016,20.1,1.24,H,H,,,,missingreplog_ScoX-1.csv,,,Data replog,,,ScoX-1,True,IR
ir080806.0119,Sco X-1,16:19:55.8,-15:38:14,2008-08-07,02:25:39.2,2454685.6012,20.1,1.24,H,H,,,,missingreplog_ScoX-1.csv,,,Data replog,,,ScoX-1,True,IR
ir080806.0118,Sco X-1,16:19:55.8,-15:38:13,2008-08-07,02:25:02.4,2454685.6007,20.0,1.24,H,H,,,,missingreplog_ScoX-1.csv,,,Data replog,,,ScoX-1,True,IR
ir080806.0117,Sco X-1,16:19:55.8,-15:38:13,2008-08-07,02:24:25.0,2454685.6003,20.0,1.24,H,H,,,,missingreplog_ScoX-1.csv,,,Data replog,,,ScoX-1,True,IR
ir080806.0116,Sco X-1,16:19:55.8,-15:38:13,2008-08-07,02:23:48.3,2454685.5999,20.0,1.24,H,H,,,,missingreplog_ScoX-1.csv,,,Data replog,,,ScoX-1,True,IR
ir080703.0164,Sco X-1,16:19:54.9,-15:38:25,2008-07-04,02:37:57.6,2454651.6097,20.0,1.04,H,H,,,,missingreplog_ScoX-1.csv,,,Data replog,,,ScoX-1,True,IR
ir080703.0163,Sco X-1,16:19:54.9,-15:38:25,2008-07-04,02:36:34.4,2454651.6087,20.0,1.04,H,H,,,,missingreplog_ScoX-1.csv,,,Data replog,,,ScoX-1,True,IR
ir080703.0162,Sco X-1,16:19:54.9,-15:38:25,2008-07-04,02:36:34.4,2454651.6087,20.1,1.04,H,H,,,,missingreplog_ScoX-1.csv,,,Data replog,,,ScoX-1,True,IR
ir080703.0161,Sco X-1,16:19:54.9,-15:38:25,2008-07-04,02:35:56.7,2454651.6083,20.1,1.04,H,H,,,,missingreplog_ScoX-1.csv,,,Data replog,,,ScoX-1,True,IR
ir080703.0160,Sco X-1,16:19:54.9,-15:38:25,2008-07-04,02:35:20.1,2454651.6079,20.0,1.04,H,H,,,,missingreplog_ScoX-1.csv,,,Data replog,,,ScoX-1,True,IR
ir070630.0112,Sco X-1,16:19:55.0,-15:38:14,2007-07-01,03:17:04.8,2454282.6369,12.0,1.05,J,J,,,,missingreplog_ScoX-1.csv,,,Data replog,,,ScoX-1,True,IR
ir070630.0111,Sco X-1,16:19:55.0,-15:38:14,2007-07-01,03:16:37.7,2454282.6366,12.0,1.05,J,J,,,,missingreplog_ScoX-1.csv,,,Data replog,,,ScoX-1,True,IR
ir070630.0110,Sco X-1,16:19:55.0,-15:38:14,2007-07-01,03:16:10.3,2454282.6362,12.0,1.05,J,J,,,,missingreplog_ScoX-1.csv,,,Data replog,,,ScoX-1,True,IR
ir070630.0109,Sco X-1,16:19:55.0,-15:38:14,2007-07-01,03:15:42.8,2454282.6359,12.0,1.05,J,J,,,,missingreplog_ScoX-1.csv,,,Data replog,,,ScoX-1,True,IR
ir070630.0108,Sco X-1,16:19:55.0,-15:38:14,2007-07-01,03:15:15.7,2454282.6356,12.0,1.05,J,J,,,,missingreplog_ScoX-1.csv,,,Data replog,,,ScoX-1,True,IR
ir070630.0107,Sco X-1,16:19:55.0,-15:38:24,2007-07-01,03:14:02.1,2454282.6348,12.0,1.05,J,J,,,,missingreplog_ScoX-1.csv,,,Data replog,,,ScoX-1,True,IR
ir070630.0106,Sco X-1,16:19:54.9,-15:38:24,2007-07-01,03:13:35.0,2454282.6344,12.0,1.05,J,J,,,,missingreplog_ScoX-1.csv,,,Data replog,,,ScoX-1,True,IR
ir070630.0105,Sco X-1,16:19:54.9,-15:38:24,2007-07-01,03:13:07.6,2454282.6341,12.0,1.05,J,J,,,,missingreplog_ScoX-1.csv,,,Data replog,,,ScoX-1,True,IR
ir060402.0192,Sco X-1,16:19:52.6,-15:38:09,2006-04-03,06:26:56,2453828.7687,20.1,1.14,J,J,,,,missingreplog_ScoX-1.csv,,,Data replog,,,ScoX-1,True,IR
ir060401.0261,Sco X-1,16:19:54.5,-15:37:59,2006-04-02,08:12:00,2453827.8417,15.1,1.03,K,K,,,,missingreplog_ScoX-1.csv,,,Data replog,,,ScoX-1,True,IR
ir060331.0253,Sco X-1,16:19:53.8,-15:38:07,2006-04-01,07:41:12,2453826.8203,15.0,1.05,K,K,,,,missingreplog_ScoX-1.csv,,,Data replog,,,ScoX-1,True,IR
ir060401.0221,Sco X-1,16:19:54.4,-15:37:58,2006-04-02,07:41:59,2453827.8208,15.1,1.05,H,H,,,,missingreplog_ScoX-1.csv,,,Data replog,,,ScoX-1,True,IR
ir060401.0232,Sco X-1,16:19:54.6,-15:37:59,2006-04-02,07:50:21,2453827.8266,15.0,1.04,K,K,,,,missingreplog_ScoX-1.csv,,,Data replog,,,ScoX-1,True,IR
ir060401.0231,Sco X-1,16:19:54.6,-15:37:58,2006-04-02,07:49:42,2453827.8262,15.0,1.04,K,K,,,,missingreplog_ScoX-1.csv,,,Data replog,,,ScoX-1,True,IR
ir060401.0230,Sco X-1,16:19:54.6,-15:37:59,2006-04-02,07:49:03,2453827.8257,15.0,1.04,K,K,,,,missingreplog_ScoX-1.csv,,,Data replog,,,ScoX-1,True,IR
ir060401.0229,Sco X-1,16:19:54.6,-15:37:58,2006-04-02,07:48:24,2453827.8253,15.1,1.04,K,K,,,,missingreplog_ScoX-1.csv,,,Data replog,,,ScoX-1,True,IR
ir060401.0228,Sco X-1,16:19:54.5,-15:37:58,2006-04-02,07:47:11,2453827.8244,20.1,1.04,K,K,,,,missingreplog_ScoX-1.csv,,,Data replog,,,ScoX-1,True,IR
ir060401.0227,Sco X-1,16:19:54.5,-15:37:58,2006-04-02,07:46:27,2453827.8239,20.1,1.04,K,K,,,,missingreplog_ScoX-1.csv,,,Data replog,,,ScoX-1,True,IR
ir060401.0226,Sco X-1,16:19:54.5,-15:37:58,2006-04-02,07:45:43,2453827.8234,20.0,1.04,K,K,,,,missingreplog_ScoX-1.csv,,,Data replog,,,ScoX-1,True,IR
ir060401.0225,Sco X-1,16:19:54.5,-15:37:58,2006-04-02,07:44:59,2453827.8229,20.0,1.04,K,K,,,,missingreplog_ScoX-1.csv,,,Data replog,,,ScoX-1,True,IR
ir060401.0224,Sco X-1,16:19:54.5,-15:37:58,2006-04-02,07:44:15,2453827.8224,20.1,1.04,K,K,,,,missingreplog_ScoX-1.csv,,,Data replog,,,ScoX-1,True,IR
ir060401.0223,Sco X-1,16:19:54.5,-15:37:58,2006-04-02,07:43:31,2453827.8219,20.0,1.04,K,K,,,,missingreplog_ScoX-1.csv,,,Data replog,,,ScoX-1,True,IR
ir060401.0222,Sco X-1,16:19:54.4,-15:37:58,2006-04-02,07:42:38,2453827.8213,15.0,1.05,H,H,,,,missingreplog_ScoX-1.csv,,,Data replog,,,ScoX-1,True,IR
ir060401.0220,Sco X-1,16:19:54.4,-15:37:58,2006-04-02,07:41:21,2453827.8204,15.1,1.05,H,H,,,,missingreplog_ScoX-1.csv,,,Data replog,,,ScoX-1,True,IR
ir060401.0260,Sco X-1,16:19:54.5,-15:37:59,2006-04-02,08:11:22,2453827.8412,15.1,1.03,K,K,,,,missingreplog_ScoX-1.csv,,,Data replog,,,ScoX-1,True,IR
ir060401.0219,Sco X-1,16:19:54.4,-15:37:58,2006-04-02,07:40:42,2453827.8199,15.0,1.05,H,H,,,,missingreplog_ScoX-1.csv,,,Data replog,,,ScoX-1,True,IR
ir060401.0218,Sco X-1,16:19:54.4,-15:37:58,2006-04-02,07:40:03,2453827.8195,15.1,1.05,H,H,,,,missingreplog_ScoX-1.csv,,,Data replog,,,ScoX-1,True,IR
ir060401.0217,Sco X-1,16:19:54.4,-15:37:58,2006-04-02,07:39:23,2453827.819,15.0,1.05,H,H,,,,missingreplog_ScoX-1.csv,,,Data replog,,,ScoX-1,True,IR
ir060401.0216,Sco X-1,16:19:54.4,-15:37:58,2006-04-02,07:38:44,2453827.8186,15.0,1.05,H,H,,,,missingreplog_ScoX-1.csv,,,Data replog,,,ScoX-1,True,IR
ir060401.0215,Sco X-1,16:19:54.4,-15:37:58,2006-04-02,07:38:05,2453827.8181,15.0,1.05,H,H,,,,missingreplog_ScoX-1.csv,,,Data replog,,,ScoX-1,True,IR
ir060401.0214,Sco X-1,16:19:54.4,-15:37:58,2006-04-02,07:36:51,2453827.8173,20.1,1.05,J,J,,,,missingreplog_ScoX-1.csv,,,Data replog,,,ScoX-1,True,IR
ir060401.0213,Sco X-1,16:19:54.4,-15:37:58,2006-04-02,07:36:05,2453827.8167,20.1,1.05,J,J,,,,missingreplog_ScoX-1.csv,,,Data replog,,,ScoX-1,True,IR
ir060401.0212,Sco X-1,16:19:54.4,-15:37:58,2006-04-02,07:35:21,2453827.8162,20.0,1.05,J,J,,,,missingreplog_ScoX-1.csv,,,Data replog,,,ScoX-1,True,IR
ir060401.0211,Sco X-1,16:19:54.4,-15:37:58,2006-04-02,07:34:36,2453827.8157,20.1,1.05,J,J,,,,missingreplog_ScoX-1.csv,,,Data replog,,,ScoX-1,True,IR
ir060401.0210,Sco X-1,16:19:54.3,-15:37:58,2006-04-02,07:33:52,2453827.8152,20.0,1.05,J,J,,,,missingreplog_ScoX-1.csv,,,Data replog,,,ScoX-1,True,IR
ir060401.0209,Sco X-1,16:19:54.3,-15:37:58,2006-04-02,07:33:08,2453827.8147,20.0,1.05,J,J,,,,missingreplog_ScoX-1.csv,,,Data replog,,,ScoX-1,True,IR
ir060401.0233,Sco X-1,16:19:54.6,-15:37:59,2006-04-02,07:51:00,2453827.8271,15.0,1.04,K,K,,,,missingreplog_ScoX-1.csv,,,Data replog,,,ScoX-1,True,IR
ir060401.0234,Sco X-1,16:19:54.6,-15:37:59,2006-04-02,07:51:39,2453827.8275,15.1,1.04,K,K,,,,missingreplog_ScoX-1.csv,,,Data replog,,,ScoX-1,True,IR
ir060401.0235,Sco X-1,16:19:54.6,-15:37:59,2006-04-02,07:52:18,2453827.828,15.1,1.04,K,K,,,,missingreplog_ScoX-1.csv,,,Data replog,,,ScoX-1,True,IR
ir060401.0236,Sco X-1,16:19:54.6,-15:37:59,2006-04-02,07:53:21,2453827.8287,20.1,1.04,J,J,,,,missingreplog_ScoX-1.csv,,,Data replog,,,ScoX-1,True,IR
ir060401.0259,Sco X-1,16:19:54.5,-15:37:59,2006-04-02,08:10:43,2453827.8408,15.0,1.03,K,K,,,,missingreplog_ScoX-1.csv,,,Data replog,,,ScoX-1,True,IR
ir060401.0258,Sco X-1,16:19:54.5,-15:37:59,2006-04-02,08:10:03,2453827.8403,15.0,1.03,K,K,,,,missingreplog_ScoX-1.csv,,,Data replog,,,ScoX-1,True,IR
ir060401.0257,Sco X-1,16:19:54.5,-15:37:59,2006-04-02,08:09:24,2453827.8399,15.0,1.03,K,K,,,,missingreplog_ScoX-1.csv,,,Data replog,,,ScoX-1,True,IR
ir060401.0256,Sco X-1,16:19:54.6,-15:37:59,2006-04-02,08:08:45,2453827.8394,15.1,1.03,K,K,,,,missingreplog_ScoX-1.csv,,,Data replog,,,ScoX-1,True,IR
ir060401.0255,Sco X-1,16:19:54.6,-15:37:00,2006-04-02,08:07:32,2453827.8386,20.0,1.03,K,K,,,,missingreplog_ScoX-1.csv,,,Data replog,,,ScoX-1,True,IR
ir060401.0254,Sco X-1,16:19:54.6,-15:38:00,2006-04-02,08:06:47,2453827.838,20.1,1.03,K,K,,,,missingreplog_ScoX-1.csv,,,Data replog,,,ScoX-1,True,IR
ir060401.0253,Sco X-1,16:19:54.6,-15:38:00,2006-04-02,08:06:04,2453827.8375,20.0,1.03,K,K,,,,missingreplog_ScoX-1.csv,,,Data replog,,,ScoX-1,True,IR
ir060401.0252,Sco X-1,16:19:54.6,-15:38:00,2006-04-02,08:05:20,2453827.8371,20.0,1.03,K,K,,,,missingreplog_ScoX-1.csv,,,Data replog,,,ScoX-1,True,IR
ir060401.0251,Sco X-1,16:19:54.6,-15:38:00,2006-04-02,08:04:37,2453827.8365,20.1,1.03,K,K,,,,missingreplog_ScoX-1.csv,,,Data replog,,,ScoX-1,True,IR
ir060401.0250,Sco X-1,16:19:54.6,-15:38:00,2006-04-02,08:03:53,2453827.836,20.0,1.03,K,K,,,,missingreplog_ScoX-1.csv,,,Data replog,,,ScoX-1,True,IR
ir060401.0249,Sco X-1,16:19:54.6,-15:38:00,2006-04-02,08:03:02,2453827.8354,15.1,1.04,H,H,,,,missingreplog_ScoX-1.csv,,,Data replog,,,ScoX-1,True,IR
ir060401.0248,Sco X-1,16:19:54.6,-15:38:00,2006-04-02,08:02:23,2453827.835,15.0,1.04,H,H,,,,missingreplog_ScoX-1.csv,,,Data replog,,,ScoX-1,True,IR
ir060401.0247,Sco X-1,16:19:54.6,-15:38:00,2006-04-02,08:01:41,2453827.8345,15.1,1.04,H,H,,,,missingreplog_ScoX-1.csv,,,Data replog,,,ScoX-1,True,IR
ir060401.0246,Sco X-1,16:19:54.6,-15:38:00,2006-04-02,08:01:03,2453827.8341,15.0,1.04,H,H,,,,missingreplog_ScoX-1.csv,,,Data replog,,,ScoX-1,True,IR
ir060401.0245,Sco X-1,16:19:54.6,-15:37:59,2006-04-02,07:59:36,2453827.8331,15.0,1.04,H,H,,,,missingreplog_ScoX-1.csv,,,Data replog,,,ScoX-1,True,IR
ir060401.0244,Sco X-1,16:19:54.6,-15:37:59,2006-04-02,07:59:36,2453827.8331,15.0,1.04,H,H,,,,missingreplog_ScoX-1.csv,,,Data replog,,,ScoX-1,True,IR
ir060401.0243,Sco X-1,16:19:54.6,-15:37:59,2006-04-02,07:58:57,2453827.8326,15.0,1.04,H,H,,,,missingreplog_ScoX-1.csv,,,Data replog,,,ScoX-1,True,IR
ir060401.0242,Sco X-1,16:19:54.6,-15:37:59,2006-04-02,07:58:19,2453827.8322,15.0,1.04,H,H,,,,missingreplog_ScoX-1.csv,,,Data replog,,,ScoX-1,True,IR
ir060401.0241,Sco X-1,16:19:54.6,-15:38:00,2006-04-02,07:57:03,2453827.8313,20.1,1.04,J,J,,,,missingreplog_ScoX-1.csv,,,Data replog,,,ScoX-1,True,IR
ir060401.0240,Sco X-1,16:19:54.6,-15:37:59,2006-04-02,07:56:18,2453827.8308,20.1,1.04,J,J,,,,missingreplog_ScoX-1.csv,,,Data replog,,,ScoX-1,True,IR
ir060401.0239,Sco X-1,16:19:54.6,-15:37:59,2006-04-02,07:55:33,2453827.8303,20.0,1.04,J,J,,,,missingreplog_ScoX-1.csv,,,Data replog,,,ScoX-1,True,IR
ir060401.0238,Sco X-1,16:19:54.6,-15:37:59,2006-04-02,07:54:49,2453827.8297,20.0,1.04,J,J,,,,missingreplog_ScoX-1.csv,,,Data replog,,,ScoX-1,True,IR
ir060401.0237,Sco X-1,16:19:54.6,-15:37:59,2006-04-02,07:54:05,2453827.8292,20.1,1.04,J,J,,,,missingreplog_ScoX-1.csv,,,Data replog,,,ScoX-1,True,IR
ir060316.0354,Sco X-1,16:19:52.9,-15:38:09,2006-03-17,07:28:34,2453811.8115,15.1,1.16,K,K,,,,missingreplog_ScoX-1.csv,,,Data replog,,,ScoX-1,True,IR
ir060316.0352,Sco X-1,16:19:52.8,-15:38:09,2006-03-17,07:26:28,2453811.81,15.1,1.16,K,K,,,,missingreplog_ScoX-1.csv,,,Data replog,,,ScoX-1,True,IR
ir060316.0351,Sco X-1,16:19:52.8,-15:38:09,2006-03-17,07:26:28,2453811.81,15.0,1.16,K,K,,,,missingreplog_ScoX-1.csv,,,Data replog,,,ScoX-1,True,IR
ir060311.0240,Sco X-1,16:19:52.6,-15:38:10,2006-03-12,06:38:58,2453806.7771,30.0,1.41,K,K,,,,missingreplog_ScoX-1.csv,,,Data replog,,,ScoX-1,True,IR
ir060311.0239,Sco X-1,16:19:52.6,-15:38:10,2006-03-12,06:38:58,2453806.7771,30.1,1.41,K,K,,,,missingreplog_ScoX-1.csv,,,Data replog,,,ScoX-1,True,IR
ir060311.0238,Sco X-1,16:19:52.6,-15:38:09,2006-03-12,06:38:04,2453806.7764,30.1,1.41,K,K,,,,missingreplog_ScoX-1.csv,,,Data replog,,,ScoX-1,True,IR
ir060311.0241,Sco X-1,16:19:52.6,-15:38:10,2006-03-12,06:40:56,2453806.7784,30.0,1.4,K,K,,,,missingreplog_ScoX-1.csv,,,Data replog,,,ScoX-1,True,IR
ir060311.0242,Sco X-1,16:19:52.6,-15:38:10,2006-03-12,06:41:50,2453806.7791,30.0,1.39,K,K,,,,missingreplog_ScoX-1.csv,,,Data replog,,,ScoX-1,True,IR
ir060311.0243,Sco X-1,16:19:52.5,-15:38:09,2006-03-12,06:43:16,2453806.7801,20.0,1.38,J,J,,,,missingreplog_ScoX-1.csv,,,Data replog,,,ScoX-1,True,IR
ir060311.0244,Sco X-1,16:19:52.6,-15:38:09,2006-03-12,06:44:00,2453806.7806,20.0,1.38,J,J,,,,missingreplog_ScoX-1.csv,,,Data replog,,,ScoX-1,True,IR
ir060316.0350,Sco X-1,16:19:52.8,-15:38:08,2006-03-17,07:25:15,2453811.8092,20.0,1.16,K,K,,,,missingreplog_ScoX-1.csv,,,Data replog,,,ScoX-1,True,IR
ir060316.0349,Sco X-1,16:19:52.8,-15:38:09,2006-03-17,07:24:31,2453811.8087,20.0,1.17,K,K,,,,missingreplog_ScoX-1.csv,,,Data replog,,,ScoX-1,True,IR
ir060316.0348,Sco X-1,16:19:52.8,-15:38:09,2006-03-17,07:23:46,2453811.8082,20.1,1.17,K,K,,,,missingreplog_ScoX-1.csv,,,Data replog,,,ScoX-1,True,IR
ir060316.0347,Sco X-1,16:19:52.8,-15:38:09,2006-03-17,07:23:02,2453811.8077,20.0,1.17,K,K,,,,missingreplog_ScoX-1.csv,,,Data replog,,,ScoX-1,True,IR
ir060316.0346,Sco X-1,16:19:52.8,-15:38:09,2006-03-17,07:22:18,2453811.8072,20.0,1.17,K,K,,,,missingreplog_ScoX-1.csv,,,Data replog,,,ScoX-1,True,IR
ir060316.0345,Sco X-1,16:19:52.8,-15:38:09,2006-03-17,07:21:34,2453811.8067,20.1,1.17,K,K,,,,missingreplog_ScoX-1.csv,,,Data replog,,,ScoX-1,True,IR
ir060316.0344,Sco X-1,16:19:52.7,-15:38:09,2006-03-17,07:20:42,2453811.806,15.1,1.18,H,H,,,,missingreplog_ScoX-1.csv,,,Data replog,,,ScoX-1,True,IR
ir060316.0343,Sco X-1,16:19:52.7,-15:38:09,2006-03-17,07:20:03,2453811.8056,15.1,1.18,H,H,,,,missingreplog_ScoX-1.csv,,,Data replog,,,ScoX-1,True,IR
ir060316.0342,Sco X-1,16:19:52.7,-15:38:09,2006-03-17,07:19:22,2453811.8051,15.1,1.18,H,H,,,,missingreplog_ScoX-1.csv,,,Data replog,,,ScoX-1,True,IR
ir060316.0341,Sco X-1,16:19:52.7,-15:38:09,2006-03-17,07:18:42,2453811.8047,15.1,1.18,H,H,,,,missingreplog_ScoX-1.csv,,,Data replog,,,ScoX-1,True,IR
ir060316.0340,Sco X-1,16:19:52.7,-15:38:09,2006-03-17,07:18:03,2453811.8042,15.0,1.18,H,H,,,,missingreplog_ScoX-1.csv,,,Data replog,,,ScoX-1,True,IR
ir060316.0339,Sco X-1,16:19:52.7,-15:38:09,2006-03-17,07:17:24,2453811.8038,15.0,1.19,H,H,,,,missingreplog_ScoX-1.csv,,,Data replog,,,ScoX-1,True,IR
ir060316.0338,Sco X-1,16:19:52.7,-15:38:09,2006-03-17,07:16:45,2453811.8033,15.0,1.19,H,H,,,,missingreplog_ScoX-1.csv,,,Data replog,,,ScoX-1,True,IR
ir060316.0337,Sco X-1,16:19:52.7,-15:38:09,2006-03-17,07:16:06,2453811.8029,15.0,1.19,H,H,,,,missingreplog_ScoX-1.csv,,,Data replog,,,ScoX-1,True,IR
ir060316.0336,Sco X-1,16:19:52.7,-15:38:10,2006-03-17,07:15:04,2453811.8021,20.0,1.19,J,J,,,,missingreplog_ScoX-1.csv,,,Data replog,,,ScoX-1,True,IR
ir060316.0335,Sco X-1,16:19:52.6,-15:38:09,2006-03-17,07:14:19,2453811.8016,20.1,1.19,J,J,,,,missingreplog_ScoX-1.csv,,,Data replog,,,ScoX-1,True,IR
ir060316.0334,Sco X-1,16:19:52.6,-15:38:09,2006-03-17,07:12:42,2453811.8005,20.0,1.2,J,J,,,,missingreplog_ScoX-1.csv,,,Data replog,,,ScoX-1,True,IR
ir060316.0333,Sco X-1,16:19:52.6,-15:38:09,2006-03-17,07:12:42,2453811.8005,20.1,1.2,J,J,,,,missingreplog_ScoX-1.csv,,,Data replog,,,ScoX-1,True,IR
ir060316.0332,Sco X-1,16:19:52.6,-15:38:10,2006-03-17,07:11:58,2453811.8,20.0,1.2,J,J,,,,missingreplog_ScoX-1.csv,,,Data replog,,,ScoX-1,True,IR
ir060316.0331,Sco X-1,16:19:52.6,-15:38:09,2006-03-17,07:11:14,2453811.7995,20.1,1.2,J,J,,,,missingreplog_ScoX-1.csv,,,Data replog,,,ScoX-1,True,IR
ir060311.0247,Sco X-1,16:19:52.5,-15:38:09,2006-03-12,06:45:28,2453806.7816,20.0,1.37,J,J,,,,missingreplog_ScoX-1.csv,,,Data replog,,,ScoX-1,True,IR
ir060311.0246,Sco X-1,16:19:52.5,-15:38:09,2006-03-12,06:45:28,2453806.7816,20.0,1.37,J,J,,,,missingreplog_ScoX-1.csv,,,Data replog,,,ScoX-1,True,IR
ir060311.0245,Sco X-1,16:19:52.5,-15:38:09,2006-03-12,06:44:44,2453806.7811,20.1,1.38,J,J,,,,missingreplog_ScoX-1.csv,,,Data replog,,,ScoX-1,True,IR
binir070630.0103.fits,Sco X-1,16:19:55.00,-15:38:24.9,2007-07-01,03:12:13.075,2454282.63349,12.03,1.05,I,J,1210,1868,2020,IR_CD_header_logs/LOG_MULTI.20070630thru20070709.csv,IR_CD_header_logs/,MULTI,CD,YALE-03A-0001,,ScoX-1,True,IR
binir070630.0104.fits,Sco X-1,16:19:54.99,-15:38:24.9,2007-07-01,03:12:40.174,2454282.63381,12.03,1.05,I,J,1210,1908,1980,IR_CD_header_logs/LOG_MULTI.20070630thru20070709.csv,IR_CD_header_logs/,MULTI,CD,YALE-03A-0001,,ScoX-1,True,IR
binir070630.0106.fits,Sco X-1,16:19:54.99,-15:38:24.8,2007-07-01,03:13:35.091,2454282.63444,12.03,1.05,I,J,1250,1828,2020,IR_CD_header_logs/LOG_MULTI.20070630thru20070709.csv,IR_CD_header_logs/,MULTI,CD,YALE-03A-0001,,ScoX-1,True,IR
binir070630.0112.fits,Sco X-1,16:19:55.03,-15:38:14.2,2007-07-01,03:17:04.817,2454282.63687,12.03,1.05,V,J,1210,1828,2060,IR_CD_header_logs/LOG_MULTI.20070630thru20070709.csv,IR_CD_header_logs/,MULTI,CD,YALE-03A-0001,,ScoX-1,True,IR
binir070630.0105.fits,Sco X-1,16:19:54.99,-15:38:24.9,2007-07-01,03:13:07.656,2454282.63412,12.02,1.05,I,J,1170,1868,2060,IR_CD_header_logs/LOG_MULTI.20070630thru20070709.csv,IR_CD_header_logs/,MULTI,CD,YALE-03A-0001,,ScoX-1,True,IR
binir070630.0111.fits,Sco X-1,16:19:55.00,-15:38:14.3,2007-07-01,03:16:37.764,2454282.63656,12.02,1.05,V,J,1250,1828,2020,IR_CD_header_logs/LOG_MULTI.20070630thru20070709.csv,IR_CD_header_logs/,MULTI,CD,YALE-03A-0001,,ScoX-1,True,IR
binir070630.0110.fits,Sco X-1,16:19:55.01,-15:38:14.3,2007-07-01,03:16:10.322,2454282.63624,12.03,1.05,V,J,1170,1868,2060,IR_CD_header_logs/LOG_MULTI.20070630thru20070709.csv,IR_CD_header_logs/,MULTI,CD,YALE-03A-0001,,ScoX-1,True,IR
binir070630.0109.fits,Sco X-1,16:19:55.01,-15:38:14.3,2007-07-01,03:15:42.849,2454282.63592,12.02,1.05,V,J,1210,1908,1980,IR_CD_header_logs/LOG_MULTI.20070630thru20070709.csv,IR_CD_header_logs/,MULTI,CD,YALE-03A-0001,,ScoX-1,True,IR
binir070630.0108.fits,Sco X-1,16:19:55.00,-15:38:14.4,2007-07-01,03:15:15.722,2454282.63561,12.03,1.05,V,J,1210,1868,2020,IR_CD_header_logs/LOG_MULTI.20070630thru20070709.csv,IR_CD_header_logs/,MULTI,CD,YALE-03A-0001,,ScoX-1,True,IR
binir070630.0107.fits,Sco X-1,16:19:55.00,-15:38:24.6,2007-07-01,03:14:02.191,2454282.63475,12.03,1.05,I,J,1210,1828,2060,IR_CD_header_logs/LOG_MULTI.20070630thru20070709.csv,IR_CD_header_logs/,MULTI,CD,YALE-03A-0001,,ScoX-1,True,IR
