filename,OBJECT,RA,DEC,DATE-OBS,TIME-OBS,JD,EXPTIME,SECZ,CCDFLTID,IRFLTID,TILT1,TILT2,TILT3,log name,Location,prop name help,Physical loc,OWNER,full path,proper name,xrb,source
rccd031107.0066.fits,LMC X-2,05:20:29.12,-71:57:36.4,2003-11-08,05:45:02,2452951.73961,300.0,1.37,V,J,1388.0,2035.0,2100.0,other/LOG_temp_archive_2_2.csv,miniarchive,temp_archive_2_2,Disk,YALE-03A-0001,,LMCX-2,True,optical
rccd031108.0071.fits,LMC X-2,05:20:29.18,-71:57:35.9,2003-11-09,05:03:55,2452952.71105,300.0,1.4,V,J,1388.0,2035.0,2100.0,other/LOG_temp_archive_2_2.csv,miniarchive,temp_archive_2_2,Disk,YALE-03A-0001,,LMCX-2,True,optical
rccd031106.0067.fits,LMC X-2,05:20:29.17,-71:57:36.1,2003-11-07,04:47:29,2452950.69964,300.0,1.43,V,J,1388.0,2035.0,2100.0,other/LOG_temp_archive_2_2.csv,miniarchive,temp_archive_2_2,Disk,YALE-03A-0001,,LMCX-2,True,optical
rccd031103.0078.fits,LMC X-2,05:20:29.81,-71:57:24.7,2003-11-04,05:12:38,2452947.71711,300.0,1.41,V,J,1388.0,2035.0,2100.0,other/LOG_temp_archive_2_2.csv,miniarchive,temp_archive_2_2,Disk,YAL2-03A-0001,,LMCX-2,True,optical
rccd031104.0066.fits,LMC X-2,05:20:30.32,-71:57:30.5,2003-11-05,03:20:43,2452948.63939,300.0,1.61,V,J,1388.0,2035.0,2100.0,other/LOG_temp_archive_2_2.csv,miniarchive,temp_archive_2_2,Disk,YALE-03A-0001,,LMCX-2,True,optical
rccd031105.0099.fits,LMC X-2,05:20:29.85,-71:57:24.6,2003-11-06,05:17:26,2452949.72044,300.0,1.4,V,J,1388.0,2035.0,2100.0,other/LOG_temp_archive_2_2.csv,miniarchive,temp_archive_2_2,Disk,YALE-03A-0001,,LMCX-2,True,optical
rccd031112.0104.fits,LMC X-2,05:20:29.17,-71:57:36.0,2003-11-13,05:33:52,2452956.73185,300.0,1.36,V,J,1388.0,2035.0,2100.0,other/LOG_temp_archive_2_2.csv,miniarchive,temp_archive_2_2,Disk,YALE-03A-0001,,LMCX-2,True,optical
rccd031113.0066.fits,LMC X-2,05:20:29.80,-71:57:24.4,2003-11-14,04:29:21,2452957.68705,300.0,1.42,V,J,1388.0,2035.0,2100.0,other/LOG_temp_archive_2_2.csv,miniarchive,temp_archive_2_2,Disk,YALE-03A-0001,,LMCX-2,True,optical
rccd031109.0068.fits,LMC X-2,05:20:29.21,-71:57:36.0,2003-11-10,06:10:50,2452953.75753,300.0,1.35,V,J,1388.0,2035.0,2100.0,other/LOG_temp_archive_2_2.csv,miniarchive,temp_archive_2_2,Disk,YALE-03A-0001,,LMCX-2,True,optical
rccd031110.0081.fits,LMC X-2,11:26:27.40,-68:40:27.5,2003-11-11,05:40:22,2452953.85614,300.0,                       / Airmass [Sec ZD],V,J,1388.0,2035.0,2100.0,other/LOG_temp_archive_2_2.csv,miniarchive,temp_archive_2_2,Disk,YALE-03A-0001,,LMCX-2,True,optical
rccd031111.0052.fits,LMC X-2,05:20:29.14,-71:57:36.0,2003-11-12,04:05:22,2452955.6704,300.0,1.46,V,J,1388.0,2035.0,2100.0,other/LOG_temp_archive_2_2.csv,miniarchive,temp_archive_2_2,Disk,YALE-03A-0001,,LMCX-2,True,optical
rccd031028.0061.fits,LMC X-2,05:20:29.10,-71:57:36.1,2003-10-29,05:37:01,2452941.73404,300.0,1.41,V,J,1388.0,2035.0,2100.0,other/LOG_temp_archive_2_2.csv,miniarchive,temp_archive_2_2,Disk,YAL2-03A-0001,,LMCX-2,True,optical
rccd031029.0060.fits,LMC X-2,05:20:29.17,-72:57:35.7,2003-10-30,04:51:06,2452942.70216,300.0,1.49,V,J,1388.0,2035.0,2100.0,other/LOG_temp_archive_2_2.csv,miniarchive,temp_archive_2_2,Disk,YAL2-03A-0001,,LMCX-2,True,optical
rccd031027.0117.fits,LMC X-2,05:20:29.15,-71:57:35.2,2003-10-28,06:28:15,2452940.76963,300.0,1.37,V,J,1388.0,2035.0,2100.0,other/LOG_temp_archive_2_2.csv,miniarchive,temp_archive_2_2,Disk,YAL2-03A-0001,,LMCX-2,True,optical
rccd031101.0078.fits,LMC X-2,05:20:28.36,-71:57:23.7,2003-11-02,05:23:48,2452945.72486,300.0,1.41,V,J,1388.0,2035.0,2100.0,other/LOG_temp_archive_2_2.csv,miniarchive,temp_archive_2_2,Disk,YAL2-03A-0001,,LMCX-2,True,optical
rccd031102.0075.fits,LMC X-2,05:20:29.31,-71:57:25.0,2003-11-03,05:36:48,2452946.7339,300.0,1.39,V,J,1388.0,2035.0,2100.0,other/LOG_temp_archive_2_2.csv,miniarchive,temp_archive_2_2,Disk,YAL2-03A-0001,,LMCX-2,True,optical
rccd031030.0078.fits,LMC X-2,05:20:29.01,-71:57:35.2,2003-10-31,06:15:50,2452943.761,300.0,1.37,V,J,1388.0,2035.0,2100.0,other/LOG_temp_archive_2_2.csv,miniarchive,temp_archive_2_2,Disk,YAL2-03A-0001,,LMCX-2,True,optical
rccd031031.0071.fits,LMC X-2,05:20:29.66,-71:57:25.1,2003-11-01,05:28:49,2452944.72835,300.0,1.41,V,J,1388.0,2035.0,2100.0,other/LOG_temp_archive_2_2.csv,miniarchive,temp_archive_2_2,Disk,YAL2-03A-0001,,LMCX-2,True,optical
r1114_1598.047.fits,LMC X-2,05:20:28.74,-71:59:22.0,1998-11-15,08:18:31.0,2451132.8462,600.0,1.4,,,,,,other/LOG_temp_archive_2_2.csv,miniarchive,temp_archive_2_2,Disk,CTIO-WACHTER,,LMCX-2,True,optical
r1114_1598.046.fits,LMC X-2,05:20:28.59,-71:58:41.6,1998-11-15,08:07:43.1,2451132.8387,600.0,1.39,,,,,,other/LOG_temp_archive_2_2.csv,miniarchive,temp_archive_2_2,Disk,CTIO-WACHTER,,LMCX-2,True,optical
r1114_1598.043.fits,LMC X-2,05:20:28.45,-71:58:48.0,1998-11-15,07:35:19.1,2451132.8162,600.0,1.37,,,,,,other/LOG_temp_archive_2_2.csv,miniarchive,temp_archive_2_2,Disk,CTIO-WACHTER,,LMCX-2,True,optical
r1114_1598.042.fits,LMC X-2,05:20:28.71,-71:58:53.4,1998-11-15,07:24:31.1,2451132.8087,600.0,1.36,,,,,,other/LOG_temp_archive_2_2.csv,miniarchive,temp_archive_2_2,Disk,CTIO-WACHTER,,LMCX-2,True,optical
r1114_1598.044.fits,LMC X-2,05:20:28.43,-71:58:44.6,1998-11-15,07:46:07.1,2451132.8237,600.0,1.37,,,,,,other/LOG_temp_archive_2_2.csv,miniarchive,temp_archive_2_2,Disk,CTIO-WACHTER,,LMCX-2,True,optical
r1114_1598.045.fits,LMC X-2,05:20:28.72,-71:58:42.9,1998-11-15,07:56:55.2,2451132.8312,600.0,1.38,,,,,,other/LOG_temp_archive_2_2.csv,miniarchive,temp_archive_2_2,Disk,CTIO-WACHTER,,LMCX-2,True,optical
r1110_1198.004.fits,LMC X-2,05:20:30.77,-72:00:19.5,1998-11-11,07:36:00.9,2451128.8167,600.0,1.36,,,,,,other/LOG_temp_archive_2_2.csv,miniarchive,temp_archive_2_2,Disk,CTIO-WACHTER,,LMCX-2,True,optical
r1110_1198.005.fits,LMC X-2,05:20:30.86,-72:00:18.0,1998-11-11,07:50:04.0,2451128.8264,600.0,1.37,,,,,,other/LOG_temp_archive_2_2.csv,miniarchive,temp_archive_2_2,Disk,CTIO-WACHTER,,LMCX-2,True,optical
r1110_1198.006.fits,LMC X-2,05:20:31.02,-72:00:17.3,1998-11-11,08:00:52.0,2451128.8339,600.0,1.37,,,,,,other/LOG_temp_archive_2_2.csv,miniarchive,temp_archive_2_2,Disk,CTIO-WACHTER,,LMCX-2,True,optical
r1110_1198.009.fits,LMC X-2,05:20:31.36,-72:00:13.4,1998-11-11,08:33:15.8,2451128.8564,600.0,1.4,,,,,,other/LOG_temp_archive_2_2.csv,miniarchive,temp_archive_2_2,Disk,CTIO-WACHTER,,LMCX-2,True,optical
r1110_1198.008.fits,LMC X-2,05:20:31.17,-72:00:14.7,1998-11-11,08:22:27.8,2451128.8489,600.0,1.39,,,,,,other/LOG_temp_archive_2_2.csv,miniarchive,temp_archive_2_2,Disk,CTIO-WACHTER,,LMCX-2,True,optical
r1110_1198.007.fits,LMC X-2,05:20:31.17,-72:00:15.8,1998-11-11,08:11:39.9,2451128.8414,600.0,1.38,,,,,,other/LOG_temp_archive_2_2.csv,miniarchive,temp_archive_2_2,Disk,CTIO-WACHTER,,LMCX-2,True,optical
rccd031114.0177.fits,LMC X-2,05:20:29.57,-71:57:57.9,2003-11-15,06:31:37,2452958.77196,300.0,1.34,V,J,1388.0,2035.0,2100.0,other/LOG_temp_archive_2_2.csv,miniarchive,temp_archive_2_2,Disk,YALE-03A-0001,,LMCX-2,True,optical
rccd040227.0033.fits,LMC X-2,05:20:29.14,-71:57:35.6,2004-02-28,01:23:34,2453063.55804,300.0,1.4,V,J,1388.0,2035.0,2100.0,other/LOG_temp_archive_2_2.csv,miniarchive,temp_archive_2_2,Disk,YALE-03A-0001,,LMCX-2,True,optical
rccd040228.0071.fits,LMC X-2,05:20:29.07,-71:57:34.7,2004-02-29,03:22:38,2453064.64072,300.0,1.62,V,J,1388.0,2035.0,2100.0,other/LOG_temp_archive_2_2.csv,miniarchive,temp_archive_2_2,Disk,YALE-03A-0001,,LMCX-2,True,optical
rccd040229.0027.fits,LMC X-2,05:20:29.15,-71:57:35.5,2004-03-01,01:02:38,2453065.5435,300.0,1.39,V,J,1388.0,2035.0,2100.0,other/LOG_temp_archive_2_2.csv,miniarchive,temp_archive_2_2,Disk,YALE-03A-0001,,LMCX-2,True,optical
rccd040301.0059.fits,LMC X-2,05:20:29.14,-71:57:35.8,2004-03-02,02:04:02,2453066.58614,300.0,1.47,V,J,1388.0,2035.0,2100.0,other/LOG_temp_archive_2_2.csv,miniarchive,temp_archive_2_2,Disk,YALE-03A-0001,,LMCX-2,True,optical
rccd040226.0028.fits,LMC X-2,05:20:29.16,-71:57:35.4,2004-02-27,01:18:57,2453062.55483,300.0,1.39,V,J,1388.0,2035.0,2100.0,other/LOG_temp_archive_2_2.csv,miniarchive,temp_archive_2_2,Disk,YALE-03A-0001,,LMCX-2,True,optical
rccd040222.0027.fits,LMC X-2,05:20:29.14,-71:57:53.7,2004-02-23,01:31:13,2453058.56335,300.0,1.39,V,J,1388.0,2035.0,2100.0,other/LOG_temp_archive_2_2.csv,miniarchive,temp_archive_2_2,Disk,YALE-03A-0001,,LMCX-2,True,optical
rccd040224.0012.fits,LMC X-2,05:20:29.54,-71:57:52.5,2004-02-25,01:10:44,2453060.54913,300.0,1.38,V,J,1388.0,2035.0,2100.0,other/LOG_temp_archive_2_2.csv,miniarchive,temp_archive_2_2,Disk,YALE-03A-0001,,LMCX-2,True,optical
rccd040225.0014.fits,LMC X-2,05:20:29.16,-71:57:52.9,2004-02-26,01:09:11,2453061.54805,300.0,1.38,V,J,1388.0,2035.0,2100.0,other/LOG_temp_archive_2_2.csv,miniarchive,temp_archive_2_2,Disk,YALE-03A-0001,,LMCX-2,True,optical
rccd040302.0067.fits,LMC X-2,05:20:29.15,-71:57:35.4,2004-03-03,02:32:39,2453067.60601,300.0,1.53,V,J,1388.0,2035.0,2100.0,other/LOG_temp_archive_2_2.csv,miniarchive,temp_archive_2_2,Disk,YALE-03A-0001,,LMCX-2,True,optical
rccd040207.0105.fits,LMC X-2,05:20:28.69,-71:57:37.4,2004-02-08,03:55:52,2453043.6638,300.0,1.51,V,J,1388.0,2035.0,2100.0,other/LOG_temp_archive_2_2.csv,miniarchive,temp_archive_2_2,Disk,YALE-03A-0001,,LMCX-2,True,optical
rccd040208.0059.fits,LMC X-2,05:20:27.96,-71:57:48.5,2004-02-09,03:25:37,2453044.64279,300.0,1.46,V,J,1388.0,2035.0,2100.0,other/LOG_temp_archive_2_2.csv,miniarchive,temp_archive_2_2,Disk,YALE-03A-0001,,LMCX-2,True,optical
rccd040209.0120.fits,LMC X-2,05:20:27.48,-71:57:40.7,2004-02-10,04:16:00,2453045.67778,300.0,1.57,V,J,1388.0,2035.0,2100.0,other/LOG_temp_archive_2_2.csv,miniarchive,temp_archive_2_2,Disk,YALE-03A-0001,,LMCX-2,True,optical
rccd040210.0042.fits,LMC X-2,05:20:30.41,-71:57:46.2,2004-02-11,01:46:21,2453046.57386,300.0,1.36,V,J,1388.0,2035.0,2100.0,other/LOG_temp_archive_2_2.csv,miniarchive,temp_archive_2_2,Disk,YALE-03A-0001,,LMCX-2,True,optical
rccd040202.0056.fits,LMC X-2,05:20:29.15,-71:57:35.5,2004-02-03,02:45:13,2453038.61474,300.0,1.38,V,J,1388.0,2035.0,2100.0,other/LOG_temp_archive_2_2.csv,miniarchive,temp_archive_2_2,Disk,YALE-03A-0001,,LMCX-2,True,optical
rccd040203.0061.fits,LMC X-2,05:20:29.14,-71:57:35.8,2004-02-04,02:55:51,2453039.62213,300.0,1.4,V,J,1388.0,2035.0,2100.0,other/LOG_temp_archive_2_2.csv,miniarchive,temp_archive_2_2,Disk,YALE-03A-0001,,LMCX-2,True,optical
rccd040205.0061.fits,LMC X-2,05:20:29.05,-71:57:52.8,2004-02-06,03:08:56,2453041.63121,300.0,1.42,V,J,1388.0,2035.0,2100.0,other/LOG_temp_archive_2_2.csv,miniarchive,temp_archive_2_2,Disk,YALE-03A-0001,,LMCX-2,True,optical
rccd040204.0109.fits,LMC X-2,05:20:29.12,-71:57:34.9,2004-02-05,03:45:19,2453040.65647,300.0,1.47,V,J,1388.0,2035.0,2100.0,other/LOG_temp_archive_2_2.csv,miniarchive,temp_archive_2_2,Disk,YALE-03A-0001,,LMCX-2,True,optical
rccd040211.0102.fits,LMC X-2,05:20:28.15,-71:57:36.0,2004-02-12,03:43:19,2453047.65509,300.0,1.51,V,J,1388.0,2035.0,2100.0,other/LOG_temp_archive_2_2.csv,miniarchive,temp_archive_2_2,Disk,YALE-03A-0001,,LMCX-2,True,optical
rccd040218.0046.fits,LMC X-2,05:20:29.15,-71:57:35.6,2004-02-19,02:01:40,2453054.58449,300.0,1.4,V,J,1378.0,2035.0,2110.0,other/LOG_temp_archive_2_2.csv,miniarchive,temp_archive_2_2,Disk,YALE-03A-0001,,LMCX-2,True,optical
rccd040219.0011.fits,LMC X-2,05:20:28.85,-71:57:54.2,2004-02-20,01:43:11,2453055.57166,300.0,1.39,V,J,1388.0,2035.0,2100.0,other/LOG_temp_archive_2_2.csv,miniarchive,temp_archive_2_2,Disk,YALE-03A-0001,,LMCX-2,True,optical
rccd040217.0010.fits,LMC X-2,05:20:29.13,-71:57:34.6,2004-02-18,02:08:53,2453053.5895,300.0,1.41,V,J,1388.0,2045.0,2090.0,other/LOG_temp_archive_2_2.csv,miniarchive,temp_archive_2_2,Disk,YALE-03A-0001,,LMCX-2,True,optical
rccd040220.0071.fits,LMC X-2,05:20:29.18,-71:57:38.2,2004-02-21,02:56:38,2453056.62267,300.0,1.49,V,J,1388.0,2035.0,2100.0,other/LOG_temp_archive_2_2.csv,miniarchive,temp_archive_2_2,Disk,YALE-03A-0001,,LMCX-2,True,optical
rccd040221.0014.fits,LMC X-2,05:20:29.95,-71:57:59.4,2004-02-22,01:13:26,2453057.55101,300.0,1.37,V,J,1388.0,2035.0,2100.0,other/LOG_temp_archive_2_2.csv,miniarchive,temp_archive_2_2,Disk,YALE-03A-0001,,LMCX-2,True,optical
rccd040214.0070.fits,LMC X-2,05:20:29.04,-71:57:34.2,2004-02-15,04:04:31,2453050.66981,300.0,1.59,V,J,1388.0,2035.0,2100.0,other/LOG_temp_archive_2_2.csv,miniarchive,temp_archive_2_2,Disk,YALE-03A-0001,,LMCX-2,True,optical
rccd040212.0068.fits,LMC X-2,05:20:29.15,-71:57:35.0,2004-02-13,03:05:52,2453048.62907,300.0,1.46,V,J,1388.0,2035.0,2100.0,other/LOG_temp_archive_2_2.csv,miniarchive,temp_archive_2_2,Disk,YALE-03A-0001,,LMCX-2,True,optical
rccd040215.0110.fits,LMC X-2,05:20:29.09,-71:57:34.8,2004-02-16,04:32:28,2453051.68921,300.0,1.67,V,J,1388.0,2035.0,2100.0,other/LOG_temp_archive_2_2.csv,miniarchive,temp_archive_2_2,Disk,YALE-03A-0001,,LMCX-2,True,optical
rccd031211.0026.fits,LMC X-2,05:20:29.20,-71:57:37.8,2003-12-12,02:20:48,2452985.59778,300.0,1.44,V,J,1388.0,2035.0,2100.0,other/LOG_temp_archive_2_2.csv,miniarchive,temp_archive_2_2,Disk,YALE-03A-0001,,LMCX-2,True,optical
rccd031212.0052.fits,LMC X-2,05:20:30.93,-71:57:42.1,2003-12-13,03:58:53,2452986.6659,300.0,1.35,V,J,1388.0,2035.0,2100.0,other/LOG_temp_archive_2_2.csv,miniarchive,temp_archive_2_2,Disk,YALE-03A-0001,,LMCX-2,True,optical
rccd031213.0046.fits,LMC X-2,05:20:29.74,-71:57:43.1,2003-12-14,03:16:24,2452987.6364,300.0,1.37,V,J,1388.0,2035.0,2100.0,other/LOG_temp_archive_2_2.csv,miniarchive,temp_archive_2_2,Disk,YALE-03A-0001,,LMCX-2,True,optical
rccd031210.0014.fits,LMC X-2,05:20:29.03,-71:57:36.1,2003-12-11,01:43:20,2452984.57176,300.0,1.51,V,J,1388.0,2035.0,2100.0,other/LOG_temp_archive_2_2.csv,miniarchive,temp_archive_2_2,Disk,YALE-03A-0001,,LMCX-2,True,optical
rccd031206.0039.fits,LMC X-2,05:20:29.08,-71:57:36.7,2003-12-07,02:59:35,2452980.62471,300.0,1.42,V,J,1388.0,2035.0,2100.0,other/LOG_temp_archive_2_2.csv,miniarchive,temp_archive_2_2,Disk,YALE-03A-0001,,LMCX-2,True,optical
rccd031207.0014.fits,LMC X-2,05:20:29.17,-71:57:35.9,2003-12-08,04:47:52,2452981.69992,300.0,1.34,V,J,1388.0,2035.0,2100.0,other/LOG_temp_archive_2_2.csv,miniarchive,temp_archive_2_2,Disk,YALE-03A-0001,,LMCX-2,True,optical
rccd031208.0062.fits,LMC X-2,05:20:29.15,-71:57:35.2,2003-12-09,04:55:56,2452982.70551,300.0,1.34,V,J,1388.0,2035.0,2100.0,other/LOG_temp_archive_2_2.csv,miniarchive,temp_archive_2_2,Disk,YALE-03A-0001,,LMCX-2,True,optical
rccd031219.0048.fits,LMC X-2,05:20:29.12,-71:57:35.5,2003-12-20,04:55:12,2452993.70501,300.0,1.35,V,J,1388.0,2035.0,2100.0,other/LOG_temp_archive_2_2.csv,miniarchive,temp_archive_2_2,Disk,YALE-03A-0001,,LMCX-2,True,optical
rccd031220.0035.fits,LMC X-2,05:20:29.03,-71:57:35.4,2003-12-21,02:40:41,2452994.61159,300.0,1.38,V,J,1388.0,2035.0,2100.0,other/LOG_temp_archive_2_2.csv,miniarchive,temp_archive_2_2,Disk,YALE-03A-0001,,LMCX-2,True,optical
rccd031221.0035.fits,LMC X-2,05:20:29.13,-71:57:35.3,2003-12-22,03:56:55,2452995.66453,300.0,1.34,V,J,1388.0,2035.0,2100.0,other/LOG_temp_archive_2_2.csv,miniarchive,temp_archive_2_2,Disk,YALE-03A-0001,,LMCX-2,True,optical
rccd031218.0046.fits,LMC X-2,05:20:29.22,-71:57:35.3,2003-12-19,04:51:48,2452992.70265,300.0,1.35,V,J,1388.0,2035.0,2100.0,other/LOG_temp_archive_2_2.csv,miniarchive,temp_archive_2_2,Disk,YALE-03A-0001,,LMCX-2,True,optical
rccd031215.0023.fits,LMC X-2,05:20:31.52,-71:58:3.6,2003-12-16,02:56:32,2452989.62259,300.0,1.38,V,J,1368.0,2035.0,2120.0,other/LOG_temp_archive_2_2.csv,miniarchive,temp_archive_2_2,Disk,YALE-03A-0001,,LMCX-2,True,optical
rccd031216.0053.fits,LMC X-2,05:20:29.55,-71:57:51.3,2003-12-17,04:26:08,2452990.68481,300.0,1.34,V,J,1388.0,2035.0,2100.0,other/LOG_temp_archive_2_2.csv,miniarchive,temp_archive_2_2,Disk,YALE-03A-0001,,LMCX-2,True,optical
rccd031217.0028.fits,LMC X-2,05:20:30.57,-71:57:56.2,2003-12-18,03:07:37,2452991.6303,300.0,1.37,V,J,1388.0,2035.0,2100.0,other/LOG_temp_archive_2_2.csv,miniarchive,temp_archive_2_2,Disk,YALE-03A-0001,,LMCX-2,True,optical
rccd031121.0047.fits,LMC X-2,05:20:29.17,-71:57:36.2,2003-11-22,03:29:52,2452965.64575,300.0,1.45,V,J,1388.0,2035.0,2100.0,other/LOG_temp_archive_2_2.csv,miniarchive,temp_archive_2_2,Disk,YALE-03A-0001,,LMCX-2,True,optical
rccd031123.0013.fits,LMC X-2,05:20:29.17,-71:57:36.0,2003-11-24,04:01:19,2452967.66759,300.0,1.4,V,J,1388.0,2035.0,2100.0,other/LOG_temp_archive_2_2.csv,miniarchive,temp_archive_2_2,Disk,YALE-03A-0001,,LMCX-2,True,optical
rccd031124.0074.fits,LMC X-2,05:20:29.13,-71:57:35.8,2003-11-25,05:34:26,2452968.73225,300.0,1.35,V,J,1388.0,2035.0,2100.0,other/LOG_temp_archive_2_2.csv,miniarchive,temp_archive_2_2,Disk,YALE-03A-0001,,LMCX-2,True,optical
rccd031120.0049.fits,LMC X-2,05:20:29.14,-71:57:36.1,2003-11-21,03:44:30,2452964.6559,300.0,1.44,V,J,-32767.0,-32767.0,-32767.0,other/LOG_temp_archive_2_2.csv,miniarchive,temp_archive_2_2,Disk,YALE-03A-0001,,LMCX-2,True,optical
rccd031117.0066.fits,LMC X-2,05:20:29.28,-71:57:24.6,2003-11-18,04:48:58,2452961.70068,300.0,1.38,V,J,-32767.0,-32767.0,-32767.0,other/LOG_temp_archive_2_2.csv,miniarchive,temp_archive_2_2,Disk,YALE-03A-0001,,LMCX-2,True,optical
rccd031119.0052.fits,LMC X-2,05:20:28.27,-71:57:27.4,2003-11-20,03:44:12,2452963.6557,300.0,1.44,V,J,-32767.0,-32767.0,-32767.0,other/LOG_temp_archive_2_2.csv,miniarchive,temp_archive_2_2,Disk,YALE-03A-0001,,LMCX-2,True,optical
rccd031125.0038.fits,LMC X-2,05:20:29.14,-71:57:36.4,2003-11-26,04:25:51,2452969.68462,300.0,1.37,V,J,1388.0,2035.0,2100.0,other/LOG_temp_archive_2_2.csv,miniarchive,temp_archive_2_2,Disk,YALE-03A-0001,,LMCX-2,True,optical
rccd031201.0059.fits,LMC X-2,05:20:30.62,-71:57:57.3,2003-12-02,05:00:55,2452975.70898,300.0,1.35,V,J,1388.0,2035.0,2100.0,other/LOG_temp_archive_2_2.csv,miniarchive,temp_archive_2_2,Disk,YALE-03A-0001,,LMCX-2,True,optical
rccd031202.0050.fits,LMC X-2,05:20:30.66,-71:57:56.8,2003-12-03,04:22:44,2452976.68246,300.0,1.36,V,J,1388.0,2035.0,2100.0,other/LOG_temp_archive_2_2.csv,miniarchive,temp_archive_2_2,Disk,YALE-03A-0001,,LMCX-2,True,optical
rccd031203.0009.fits,LMC X-2,05:20:29.65,-71:57:26.7,2003-12-04,01:02:00,2452977.54306,300.0,1.67,V,J,1388.0,2035.0,2100.0,other/LOG_temp_archive_2_2.csv,miniarchive,temp_archive_2_2,Disk,YALE-03A-0001,,LMCX-2,True,optical
rccd031205.0048.fits,LMC X-2,05:20:29.17,-71:57:35.8,2003-12-06,03:45:04,2452979.65631,300.0,1.37,V,J,1388.0,2035.0,2100.0,other/LOG_temp_archive_2_2.csv,miniarchive,temp_archive_2_2,Disk,YALE-03A-0001,,LMCX-2,True,optical
rccd031130.0085.fits,LMC X-2,05:20:29.36,-71:57:57.8,2003-12-01,05:13:45,2452974.71789,300.0,1.35,V,J,1388.0,2035.0,2100.0,other/LOG_temp_archive_2_2.csv,miniarchive,temp_archive_2_2,Disk,YALE-03A-0001,,LMCX-2,True,optical
rccd031126.0087.fits,LMC X-2,05:20:29.02,-71:20:28.3,2003-11-27,05:12:47,2452970.71722,300.0,1.34,V,J,1388.0,2035.0,2100.0,other/LOG_temp_archive_2_2.csv,miniarchive,temp_archive_2_2,Disk,YALE-03A-0001,,LMCX-2,True,optical
rccd031128.0106.fits,LMC X-2,05:20:28.95,-71:57:49.2,2003-11-29,05:27:01,2452972.7271,300.0,1.34,V,J,1388.0,2035.0,2100.0,other/LOG_temp_archive_2_2.csv,miniarchive,temp_archive_2_2,Disk,YALE-03A-0001,,LMCX-2,True,optical
rccd031129.0051.fits,LMC X-2,05:20:29.88,-71:57:35.8,2003-11-30,04:21:35,2452973.68166,300.0,1.37,V,J,1388.0,2035.0,2100.0,other/LOG_temp_archive_2_2.csv,miniarchive,temp_archive_2_2,Disk,YALE-03A-0001,,LMCX-2,True,optical
rccd031222.0039.fits,LMC X-2,05:20:29.19,-71:57:35.8,2003-12-23,04:24:58,2452996.68401,300.0,1.35,V,J,1388.0,2035.0,2100.0,other/LOG_temp_archive_2_2.csv,miniarchive,temp_archive_2_2,Disk,YALE-03A-0001,,LMCX-2,True,optical
rccd040201.0082.fits,LMC X-2,05:20:29.14,-71:57:34.9,2004-02-02,04:05:44,2453037.67065,300.0,1.48,V,J,1388.0,2035.0,2100.0,other/LOG_temp_archive_2_2.csv,miniarchive,temp_archive_2_2,Disk,YALE-03A-0001,,LMCX-2,True,optical
rccd040112.0013.fits,LMC X-2,05:20:28.58,-71:57:50.2,2004-01-13,04:37:35,2453017.69277,300.0,1.42,V,J,1732.0,2137.0,2430.0,other/LOG_temp_archive_2_2.csv,miniarchive,temp_archive_2_2,Disk,YALE-03A-0001,,LMCX-2,True,optical
rccd040120.0050.fits,LMC X-2,05:20:29.15,-71:57:35.7,2004-01-21,03:13:49,2453025.6346,300.0,1.37,V,J,1388.0,2035.0,2100.0,other/LOG_temp_archive_2_2.csv,miniarchive,temp_archive_2_2,Disk,YALE-03A-0001,,LMCX-2,True,optical
rccd040122.0044.fits,LMC X-2,05:20:32.00,-71:57:43.3,2004-01-23,02:39:56,2453027.61107,300.0,1.35,V,J,1388.0,2035.0,2100.0,other/LOG_temp_archive_2_2.csv,miniarchive,temp_archive_2_2,Disk,YALE-03A-0001,,LMCX-2,True,optical
rccd040124.0063.fits,LMC X-2,05:20:29.65,-71:57:41.8,2004-01-25,03:17:07,2453029.63689,300.0,1.38,V,J,1388.0,2035.0,2100.0,other/LOG_temp_archive_2_2.csv,miniarchive,temp_archive_2_2,Disk,YALE-03A-0001,,LMCX-2,True,optical
rccd040113.0072.fits,LMC X-2,05:20:29.00,-71:57:47.4,2004-01-14,04:16:51,2453018.67838,300.0,1.4,V,J,1388.0,2035.0,2100.0,other/LOG_temp_archive_2_2.csv,miniarchive,temp_archive_2_2,Disk,YALE-03A-0001,,LMCX-2,True,optical
rccd040116.0035.fits,LMC X-2,05:20:29.20,-71:57:35.5,2004-01-17,03:04:17,2453021.62798,300.0,1.35,V,J,1388.0,2035.0,2100.0,other/LOG_temp_archive_2_2.csv,miniarchive,temp_archive_2_2,Disk,YALE-03A-0001,,LMCX-2,True,optical
rccd040117.0026.fits,LMC X-2,05:20:29.13,-71:57:35.5,2004-01-18,02:19:47,2453022.59708,300.0,1.34,V,J,1388.0,2035.0,2100.0,other/LOG_temp_archive_2_2.csv,miniarchive,temp_archive_2_2,Disk,YALE-03A-0001,,LMCX-2,True,optical
rccd040118.0035.fits,LMC X-2,05:20:29.06,-71:57:35.6,2004-01-19,02:38:19,2453023.60995,300.0,1.35,V,J,1388.0,2035.0,2100.0,other/LOG_temp_archive_2_2.csv,miniarchive,temp_archive_2_2,Disk,YALE-03A-0001,,LMCX-2,True,optical
rccd040119.0035.fits,LMC X-2,05:20:29.19,-71:57:35.9,2004-01-20,02:55:45,2453024.62206,300.0,1.35,V,J,1388.0,2035.0,2100.0,other/LOG_temp_archive_2_2.csv,miniarchive,temp_archive_2_2,Disk,YALE-03A-0001,,LMCX-2,True,optical
rccd040130.0049.fits,LMC X-2,05:20:29.14,-71:57:35.3,2004-01-31,03:56:36,2453035.6643,300.0,1.46,V,J,1388.0,2035.0,2100.0,other/LOG_temp_archive_2_2.csv,miniarchive,temp_archive_2_2,Disk,YALE-03A-0001,,LMCX-2,True,optical
rccd040131.0025.fits,LMC X-2,05:20:29.15,-71:57:35.7,2004-02-01,01:45:48,2453036.57348,300.0,1.35,V,J,1388.0,2035.0,2100.0,other/LOG_temp_archive_2_2.csv,miniarchive,temp_archive_2_2,Disk,YALE-03A-0001,,LMCX-2,True,optical
rccd040125.0083.fits,LMC X-2,05:20:29.18,-71:57:46.4,2004-01-26,03:39:29,2453030.65242,300.0,1.41,V,J,1388.0,2035.0,2100.0,other/LOG_temp_archive_2_2.csv,miniarchive,temp_archive_2_2,Disk,YALE-03A-0001,,LMCX-2,True,optical
rccd040126.0055.fits,LMC X-2,05:20:28.25,-71:57:40.7,2004-01-27,04:12:59,2453031.67569,300.0,1.46,V,J,1388.0,2035.0,2100.0,other/LOG_temp_archive_2_2.csv,miniarchive,temp_archive_2_2,Disk,YALE-03A-0001,,LMCX-2,True,optical
rccd040127.0051.fits,LMC X-2,05:20:28.84,-71:57:54.9,2004-01-28,03:51:18,2453032.66063,300.0,1.43,V,J,1388.0,2035.0,2100.0,other/LOG_temp_archive_2_2.csv,miniarchive,temp_archive_2_2,Disk,YALE-03A-0001,,LMCX-2,True,optical
rccd040128.0030.fits,LMC X-2,05:20:30.24,-71:57:36.3,2004-01-29,02:52:08,2453033.61955,300.0,1.37,V,J,1388.0,2035.0,2100.0,other/LOG_temp_archive_2_2.csv,miniarchive,temp_archive_2_2,Disk,YALE-03A-0001,,LMCX-2,True,optical
rccd031226.0091.fits,LMC X-2,05:20:29.38,-71:57:44.2,2003-12-27,05:12:16,2453000.71685,300.0,1.38,V,J,1388.0,2035.0,2100.0,other/LOG_temp_archive_2_2.csv,miniarchive,temp_archive_2_2,Disk,YALE-03A-0001,,LMCX-2,True,optical
rccd031227.0106.fits,LMC X-2,05:20:28.21,-71:57:25.8,2003-12-28,05:47:16,2453001.74117,300.0,1.42,V,J,1388.0,2035.0,2100.0,other/LOG_temp_archive_2_2.csv,miniarchive,temp_archive_2_2,Disk,YALE-03A-0001,,LMCX-2,True,optical
rccd031228.0084.fits,LMC X-2,05:20:30.06,-71:57:53.2,2003-12-29,04:39:45,2453002.69428,300.0,1.36,V,J,1388.0,2035.0,2100.0,other/LOG_temp_archive_2_2.csv,miniarchive,temp_archive_2_2,Disk,YALE-03A-0001,,LMCX-2,True,optical
rccd031223.0131.fits,LMC X-2,05:20:29.14,-71:57:35.4,2003-12-24,05:40:49,2452997.73668,300.0,1.4,V,J,1388.0,2035.0,2100.0,other/LOG_temp_archive_2_2.csv,miniarchive,temp_archive_2_2,Disk,YALE-03A-0001,,LMCX-2,True,optical
rccd031225.0087.fits,LMC X-2,05:20:28.82,-71:57:50.6,2003-12-26,05:51:01,2452999.74377,300.0,1.42,V,J,1388.0,2035.0,2100.0,other/LOG_temp_archive_2_2.csv,miniarchive,temp_archive_2_2,Disk,YALE-03A-0001,,LMCX-2,True,optical
rccd031229.0058.fits,LMC X-2,05:20:29.63,-71:57:26.9,2003-12-30,04:25:49,2453003.6846,300.0,1.36,V,J,1388.0,2035.0,2100.0,other/LOG_temp_archive_2_2.csv,miniarchive,temp_archive_2_2,Disk,YALE-03A-0001,,LMCX-2,True,optical
rccd040110.0039.fits,LMC X-2,05:20:30.40,-71:57:33.7,2004-01-11,03:46:20,2453015.65718,300.0,1.36,V,J,1388.0,2035.0,2100.0,other/LOG_temp_archive_2_2.csv,miniarchive,temp_archive_2_2,Disk,YALE-03A-0001,,LMCX-2,True,optical
rccd040108.0033.fits,LMC X-2,05:20:29.60,-71:58:0.0,2004-01-09,03:31:15,2453013.6467,300.0,1.35,V,J,1388.0,2035.0,2100.0,other/LOG_temp_archive_2_2.csv,miniarchive,temp_archive_2_2,Disk,YALE-03A-0001,,LMCX-2,True,optical
rccd040111.0107.fits,LMC X-2,05:20:30.18,-71:57:34.0,2004-01-12,05:28:54,2453016.7284,300.0,1.48,V,J,1388.0,2035.0,2100.0,other/LOG_temp_archive_2_2.csv,miniarchive,temp_archive_2_2,Disk,YALE-03A-0001,,LMCX-2,True,optical
rccd031230.0063.fits,LMC X-2,05:20:29.82,-71:57:55.1,2003-12-31,04:43:00,2453004.69653,300.0,1.37,V,J,1388.0,2035.0,2100.0,other/LOG_temp_archive_2_2.csv,miniarchive,temp_archive_2_2,Disk,YALE-03A-0001,,LMCX-2,True,optical
rccd040103.0112.fits,LMC X-2,05:20:29.16,-71:57:35.6,2004-01-04,07:09:38,2453008.79837,300.0,1.64,V,J,1388.0,2035.0,2100.0,other/LOG_temp_archive_2_2.csv,miniarchive,temp_archive_2_2,Disk,YALE-03A-0001,,LMCX-2,True,optical
rccd040105.0057.fits,LMC X-2,05:20:29.18,-71:57:35.8,2004-01-06,04:19:20,2453010.6801,300.0,1.37,V,J,1388.0,2035.0,2100.0,other/LOG_temp_archive_2_2.csv,miniarchive,temp_archive_2_2,Disk,YALE-03A-0001,,LMCX-2,True,optical
rccd040107.0056.fits,LMC X-2,05:20:29.18,-71:57:36.0,2004-01-08,04:11:05,2453012.67436,300.0,1.37,V,J,1388.0,2035.0,2100.0,other/LOG_temp_archive_2_2.csv,miniarchive,temp_archive_2_2,Disk,YALE-03A-0001,,LMCX-2,True,optical
ir031030.0196        [0,LMC X-2,05:20:28.9,-71:57:34,2003-10-31,06:16:38,2452943.7615,30.0,1.37,J,J,,,,missingreplog_LMCX-2.csv,,,Data replog,,,LMCX-2,True,IR
ir031030.0195        [0,LMC X-2,05:20:29.0,-71:57:35,2003-10-31,06:15:46,2452943.761,30.0,1.37,J,J,,,,missingreplog_LMCX-2.csv,,,Data replog,,,LMCX-2,True,IR
ir031030.0198        [0,LMC X-2,05:20:28.8,-71:57:34,2003-10-31,06:18:24,2452943.7628,30.1,1.37,J,J,,,,missingreplog_LMCX-2.csv,,,Data replog,,,LMCX-2,True,IR
ir031030.0197        [0,LMC X-2,05:20:28.9,-71:57:34,2003-10-31,06:17:31,2452943.7622,30.1,1.37,J,J,,,,missingreplog_LMCX-2.csv,,,Data replog,,,LMCX-2,True,IR
ir031030.0199        [0,LMC X-2,05:20:28.7,-71:57:34,2003-10-31,06:19:16,2452943.7634,30.0,1.37,J,J,,,,missingreplog_LMCX-2.csv,,,Data replog,,,LMCX-2,True,IR
ir031107.0167        [0,LMC X-2,05:20:29.1,-71:57:35,2003-11-08,05:45:50,2452951.7402,30.1,1.37,J,J,,,,missingreplog_LMCX-2.csv,,,Data replog,,,LMCX-2,True,IR
ir031109.0093        [0,LMC X-2,05:20:29.2,-71:57:36,2003-11-10,06:10:46,2452953.7575,30.0,1.35,J,J,,,,missingreplog_LMCX-2.csv,,,Data replog,,,LMCX-2,True,IR
ir031108.0170        [0,LMC X-2,05:20:29.4,-71:57:35,2003-11-09,05:08:14,2452952.7141,30.1,1.39,J,J,,,,missingreplog_LMCX-2.csv,,,Data replog,,,LMCX-2,True,IR
ir031108.0169        [0,LMC X-2,05:20:29.3,-71:57:35,2003-11-09,05:07:21,2452952.7134,30.0,1.4,J,J,,,,missingreplog_LMCX-2.csv,,,Data replog,,,LMCX-2,True,IR
ir031108.0168        [0,LMC X-2,05:20:29.3,-71:57:35,2003-11-09,05:06:29,2452952.7128,30.0,1.4,J,J,,,,missingreplog_LMCX-2.csv,,,Data replog,,,LMCX-2,True,IR
ir031108.0167        [0,LMC X-2,05:20:29.3,-71:57:35,2003-11-09,05:05:36,2452952.7122,30.1,1.4,J,J,,,,missingreplog_LMCX-2.csv,,,Data replog,,,LMCX-2,True,IR
ir031108.0166        [0,LMC X-2,05:20:29.2,-71:57:35,2003-11-09,05:04:43,2452952.7116,30.1,1.4,J,J,,,,missingreplog_LMCX-2.csv,,,Data replog,,,LMCX-2,True,IR
ir031108.0165        [0,LMC X-2,05:20:29.1,-71:57:36,2003-11-09,05:03:51,2452952.711,30.0,1.4,J,J,,,,missingreplog_LMCX-2.csv,,,Data replog,,,LMCX-2,True,IR
ir031107.0171        [0,LMC X-2,05:20:29.0,-71:57:36,2003-11-08,05:49:20,2452951.7426,30.0,1.36,J,J,,,,missingreplog_LMCX-2.csv,,,Data replog,,,LMCX-2,True,IR
ir031107.0170        [0,LMC X-2,05:20:29.0,-71:57:36,2003-11-08,05:48:28,2452951.742,30.0,1.37,J,J,,,,missingreplog_LMCX-2.csv,,,Data replog,,,LMCX-2,True,IR
ir031107.0169        [0,LMC X-2,05:20:29.0,-71:57:36,2003-11-08,05:47:36,2452951.7414,30.0,1.37,J,J,,,,missingreplog_LMCX-2.csv,,,Data replog,,,LMCX-2,True,IR
ir031107.0168        [0,LMC X-2,05:20:29.1,-71:57:36,2003-11-08,05:46:43,2452951.7408,30.0,1.37,J,J,,,,missingreplog_LMCX-2.csv,,,Data replog,,,LMCX-2,True,IR
ir031107.0166        [0,LMC X-2,05:20:29.1,-71:57:36,2003-11-08,05:44:58,2452951.7396,30.1,1.37,J,J,,,,missingreplog_LMCX-2.csv,,,Data replog,,,LMCX-2,True,IR
ir031104.0097        [0,LMC X-2,05:20:30.6,-71:57:29,2003-11-05,03:25:01,2452948.6424,30.1,1.6,J,J,,,,missingreplog_LMCX-2.csv,,,Data replog,,,LMCX-2,True,IR
ir031106.0121        [0,LMC X-2,05:20:29.2,-71:57:35,2003-11-07,04:51:47,2452950.7026,30.0,1.42,J,J,,,,missingreplog_LMCX-2.csv,,,Data replog,,,LMCX-2,True,IR
ir031106.0120        [0,LMC X-2,05:20:29.2,-71:57:35,2003-11-07,04:50:55,2452950.702,30.0,1.42,J,J,,,,missingreplog_LMCX-2.csv,,,Data replog,,,LMCX-2,True,IR
ir031106.0119        [0,LMC X-2,05:20:29.1,-71:57:35,2003-11-07,04:50:03,2452950.7014,30.1,1.42,J,J,,,,missingreplog_LMCX-2.csv,,,Data replog,,,LMCX-2,True,IR
ir031106.0118        [0,LMC X-2,05:20:29.1,-71:57:35,2003-11-07,04:49:10,2452950.7008,30.0,1.43,J,J,,,,missingreplog_LMCX-2.csv,,,Data replog,,,LMCX-2,True,IR
ir031106.0117        [0,LMC X-2,05:20:29.1,-71:57:35,2003-11-07,04:48:17,2452950.7002,30.1,1.43,J,J,,,,missingreplog_LMCX-2.csv,,,Data replog,,,LMCX-2,True,IR
ir031106.0116        [0,LMC X-2,05:20:29.1,-71:57:36,2003-11-07,04:47:25,2452950.6996,30.1,1.43,J,J,,,,missingreplog_LMCX-2.csv,,,Data replog,,,LMCX-2,True,IR
ir031105.0186        [0,LMC X-2,05:20:30.1,-71:57:23,2003-11-06,05:21:44,2452949.7234,30.1,1.39,J,J,,,,missingreplog_LMCX-2.csv,,,Data replog,,,LMCX-2,True,IR
ir031105.0185        [0,LMC X-2,05:20:30.1,-71:57:24,2003-11-06,05:20:52,2452949.7228,30.1,1.39,J,J,,,,missingreplog_LMCX-2.csv,,,Data replog,,,LMCX-2,True,IR
ir031105.0184        [0,LMC X-2,05:20:30.1,-71:57:23,2003-11-06,05:19:59,2452949.7222,30.1,1.39,J,J,,,,missingreplog_LMCX-2.csv,,,Data replog,,,LMCX-2,True,IR
ir031105.0183        [0,LMC X-2,05:20:30.0,-71:57:24,2003-11-06,05:19:07,2452949.7216,30.0,1.4,J,J,,,,missingreplog_LMCX-2.csv,,,Data replog,,,LMCX-2,True,IR
ir031105.0182        [0,LMC X-2,05:20:29.9,-71:57:24,2003-11-06,05:18:14,2452949.721,30.1,1.4,J,J,,,,missingreplog_LMCX-2.csv,,,Data replog,,,LMCX-2,True,IR
ir031109.0094        [0,LMC X-2,05:20:29.1,-71:57:35,2003-11-10,06:11:38,2452953.7581,30.0,1.35,J,J,,,,missingreplog_LMCX-2.csv,,,Data replog,,,LMCX-2,True,IR
ir031109.0095        [0,LMC X-2,05:20:29.1,-71:57:35,2003-11-10,06:12:31,2452953.7587,30.0,1.35,J,J,,,,missingreplog_LMCX-2.csv,,,Data replog,,,LMCX-2,True,IR
ir031109.0096        [0,LMC X-2,05:20:29.1,-71:57:35,2003-11-10,06:13:24,2452953.7593,30.0,1.35,J,J,,,,missingreplog_LMCX-2.csv,,,Data replog,,,LMCX-2,True,IR
ir031109.0097        [0,LMC X-2,05:20:29.1,-71:57:34,2003-11-10,06:14:16,2452953.7599,30.0,1.35,J,J,,,,missingreplog_LMCX-2.csv,,,Data replog,,,LMCX-2,True,IR
ir031113.0101        [0,LMC X-2,05:20:29.9,-71:57:24,2003-11-14,04:31:54,2452957.6888,30.0,1.41,J,J,,,,missingreplog_LMCX-2.csv,,,Data replog,,,LMCX-2,True,IR
ir031113.0100        [0,LMC X-2,05:20:29.8,-71:57:24,2003-11-14,04:31:01,2452957.6882,30.0,1.41,J,J,,,,missingreplog_LMCX-2.csv,,,Data replog,,,LMCX-2,True,IR
ir031113.0099        [0,LMC X-2,05:20:29.8,-71:57:24,2003-11-14,04:30:09,2452957.6876,30.0,1.42,J,J,,,,missingreplog_LMCX-2.csv,,,Data replog,,,LMCX-2,True,IR
ir031113.0098        [0,LMC X-2,05:20:29.8,-71:57:24,2003-11-14,04:29:17,2452957.687,30.0,1.42,J,J,,,,missingreplog_LMCX-2.csv,,,Data replog,,,LMCX-2,True,IR
ir031112.0121        [0,LMC X-2,05:20:29.1,-71:57:34,2003-11-13,05:38:09,2452956.7348,30.0,1.36,J,J,,,,missingreplog_LMCX-2.csv,,,Data replog,,,LMCX-2,True,IR
ir031112.0120        [0,LMC X-2,05:20:29.2,-71:57:34,2003-11-13,05:37:17,2452956.7342,30.1,1.36,J,J,,,,missingreplog_LMCX-2.csv,,,Data replog,,,LMCX-2,True,IR
ir031112.0119        [0,LMC X-2,05:20:29.1,-71:57:35,2003-11-13,05:36:25,2452956.7336,30.0,1.36,J,J,,,,missingreplog_LMCX-2.csv,,,Data replog,,,LMCX-2,True,IR
ir031112.0118        [0,LMC X-2,05:20:29.1,-71:57:35,2003-11-13,05:35:32,2452956.733,30.1,1.36,J,J,,,,missingreplog_LMCX-2.csv,,,Data replog,,,LMCX-2,True,IR
ir031112.0117        [0,LMC X-2,05:20:29.1,-71:57:35,2003-11-13,05:34:40,2452956.7324,30.0,1.36,J,J,,,,missingreplog_LMCX-2.csv,,,Data replog,,,LMCX-2,True,IR
ir031112.0116        [0,LMC X-2,05:20:29.1,-71:57:36,2003-11-13,05:33:48,2452956.7318,30.1,1.36,J,J,,,,missingreplog_LMCX-2.csv,,,Data replog,,,LMCX-2,True,IR
ir031111.0138        [0,LMC X-2,05:20:28.8,-71:57:34,2003-11-12,04:09:41,2452955.6734,30.0,1.45,J,J,,,,missingreplog_LMCX-2.csv,,,Data replog,,,LMCX-2,True,IR
ir031111.0137        [0,LMC X-2,05:20:28.8,-71:57:35,2003-11-12,04:08:48,2452955.6728,30.1,1.45,J,J,,,,missingreplog_LMCX-2.csv,,,Data replog,,,LMCX-2,True,IR
ir031111.0136        [0,LMC X-2,05:20:28.9,-71:57:35,2003-11-12,04:07:56,2452955.6722,30.1,1.46,J,J,,,,missingreplog_LMCX-2.csv,,,Data replog,,,LMCX-2,True,IR
ir031111.0135        [0,LMC X-2,05:20:28.9,-71:57:35,2003-11-12,04:07:03,2452955.6716,30.0,1.46,J,J,,,,missingreplog_LMCX-2.csv,,,Data replog,,,LMCX-2,True,IR
ir031111.0134        [0,LMC X-2,05:20:29.0,-71:57:35,2003-11-12,04:06:10,2452955.671,30.0,1.46,J,J,,,,missingreplog_LMCX-2.csv,,,Data replog,,,LMCX-2,True,IR
ir031111.0133        [0,LMC X-2,05:20:29.1,-71:57:36,2003-11-12,04:05:18,2452955.6703,30.1,1.46,J,J,,,,missingreplog_LMCX-2.csv,,,Data replog,,,LMCX-2,True,IR
ir031110.0132        [0,LMC X-2,05:35:21.9,-05:46:7.,2003-11-11,05:44:39,2452953.8238,30.0,0.0,J,J,,,,missingreplog_LMCX-2.csv,,,Data replog,,,LMCX-2,True,IR
ir031110.0131        [0,LMC X-2,05:35:21.9,-05:46:7.,2003-11-11,05:43:47,2452953.8238,30.0,0.0,J,J,,,,missingreplog_LMCX-2.csv,,,Data replog,,,LMCX-2,True,IR
ir031110.0130        [0,LMC X-2,05:35:21.9,-05:46:7.,2003-11-11,05:42:55,2452953.8238,30.0,0.0,J,J,,,,missingreplog_LMCX-2.csv,,,Data replog,,,LMCX-2,True,IR
ir031110.0129        [0,LMC X-2,05:35:21.9,-05:46:7.,2003-11-11,05:42:02,2452953.8238,30.0,0.0,J,J,,,,missingreplog_LMCX-2.csv,,,Data replog,,,LMCX-2,True,IR
ir031110.0128        [0,LMC X-2,05:35:21.9,-05:46:7.,2003-11-11,05:41:10,2452953.8238,30.0,0.0,J,J,,,,missingreplog_LMCX-2.csv,,,Data replog,,,LMCX-2,True,IR
ir031110.0127        [0,LMC X-2,05:35:21.9,-05:46:7.,2003-11-11,05:40:18,2452953.8238,30.1,0.0,J,J,,,,missingreplog_LMCX-2.csv,,,Data replog,,,LMCX-2,True,IR
ir031109.0098        [0,LMC X-2,05:20:29.1,-71:57:34,2003-11-10,06:15:09,2452953.7605,30.0,1.35,J,J,,,,missingreplog_LMCX-2.csv,,,Data replog,,,LMCX-2,True,IR
ir031105.0181        [0,LMC X-2,05:20:29.8,-71:57:24,2003-11-06,05:17:22,2452949.7204,30.1,1.4,J,J,,,,missingreplog_LMCX-2.csv,,,Data replog,,,LMCX-2,True,IR
ir031104.0096        [0,LMC X-2,05:20:30.5,-71:57:30,2003-11-05,03:24:08,2452948.6418,30.0,1.6,J,J,,,,missingreplog_LMCX-2.csv,,,Data replog,,,LMCX-2,True,IR
ir031030.0200        [0,LMC X-2,05:20:28.7,-71:57:34,2003-10-31,06:20:09,2452943.764,30.1,1.37,J,J,,,,missingreplog_LMCX-2.csv,,,Data replog,,,LMCX-2,True,IR
ir031028.0149        [0,LMC X-2,05:20:29.1,-71:57:36,2003-10-29,05:36:57,2452941.734,30.1,1.41,J,J,,,,missingreplog_LMCX-2.csv,,,Data replog,,,LMCX-2,True,IR
ir031029.0141        [0,LMC X-2,05:20:28.9,-72:57:34,2003-10-30,04:55:25,2452942.7051,30.0,1.48,J,J,,,,missingreplog_LMCX-2.csv,,,Data replog,,,LMCX-2,True,IR
ir031029.0140        [0,LMC X-2,05:20:28.9,-72:57:34,2003-10-30,04:54:32,2452942.7045,30.0,1.48,J,J,,,,missingreplog_LMCX-2.csv,,,Data replog,,,LMCX-2,True,IR
ir031029.0139        [0,LMC X-2,05:20:29.0,-72:57:34,2003-10-30,04:53:40,2452942.7039,30.0,1.48,J,J,,,,missingreplog_LMCX-2.csv,,,Data replog,,,LMCX-2,True,IR
ir031029.0138        [0,LMC X-2,05:20:29.0,-72:57:35,2003-10-30,04:52:47,2452942.7033,30.0,1.48,J,J,,,,missingreplog_LMCX-2.csv,,,Data replog,,,LMCX-2,True,IR
ir031029.0137        [0,LMC X-2,05:20:29.1,-72:57:35,2003-10-30,04:51:54,2452942.7027,30.1,1.49,J,J,,,,missingreplog_LMCX-2.csv,,,Data replog,,,LMCX-2,True,IR
ir031029.0136        [0,LMC X-2,05:20:29.1,-72:57:35,2003-10-30,04:51:02,2452942.7021,30.0,1.49,J,J,,,,missingreplog_LMCX-2.csv,,,Data replog,,,LMCX-2,True,IR
ir031028.0154        [0,LMC X-2,05:20:29.2,-71:57:35,2003-10-29,05:41:20,2452941.737,30.1,1.41,J,J,,,,missingreplog_LMCX-2.csv,,,Data replog,,,LMCX-2,True,IR
ir031028.0153        [0,LMC X-2,05:20:29.2,-71:57:35,2003-10-29,05:40:27,2452941.7364,30.0,1.41,J,J,,,,missingreplog_LMCX-2.csv,,,Data replog,,,LMCX-2,True,IR
ir031028.0152        [0,LMC X-2,05:20:29.1,-71:57:35,2003-10-29,05:39:35,2452941.7358,30.0,1.41,J,J,,,,missingreplog_LMCX-2.csv,,,Data replog,,,LMCX-2,True,IR
ir031028.0151        [0,LMC X-2,05:20:29.0,-71:57:35,2003-10-29,05:38:42,2452941.7352,30.0,1.41,J,J,,,,missingreplog_LMCX-2.csv,,,Data replog,,,LMCX-2,True,IR
ir031028.0150        [0,LMC X-2,05:20:29.0,-71:57:35,2003-10-29,05:37:49,2452941.7346,30.0,1.41,J,J,,,,missingreplog_LMCX-2.csv,,,Data replog,,,LMCX-2,True,IR
ir031027.0221        [0,LMC X-2,05:20:29.2,-71:57:35,2003-10-28,06:32:34,2452940.7726,30.0,1.36,J,J,,,,missingreplog_LMCX-2.csv,,,Data replog,,,LMCX-2,True,IR
ir031104.0095        [0,LMC X-2,05:20:30.5,-71:57:30,2003-11-05,03:23:16,2452948.6412,30.0,1.6,J,J,,,,missingreplog_LMCX-2.csv,,,Data replog,,,LMCX-2,True,IR
ir031027.0220        [0,LMC X-2,05:20:29.1,-71:57:35,2003-10-28,06:31:42,2452940.772,30.0,1.37,J,J,,,,missingreplog_LMCX-2.csv,,,Data replog,,,LMCX-2,True,IR
ir031027.0219        [0,LMC X-2,05:20:29.1,-71:57:35,2003-10-28,06:30:50,2452940.7714,30.1,1.37,J,J,,,,missingreplog_LMCX-2.csv,,,Data replog,,,LMCX-2,True,IR
ir031027.0218        [0,LMC X-2,05:20:29.1,-71:57:35,2003-10-28,06:29:57,2452940.7708,30.0,1.37,J,J,,,,missingreplog_LMCX-2.csv,,,Data replog,,,LMCX-2,True,IR
ir031027.0217        [0,LMC X-2,05:20:29.1,-71:57:35,2003-10-28,06:29:04,2452940.7702,30.1,1.37,J,J,,,,missingreplog_LMCX-2.csv,,,Data replog,,,LMCX-2,True,IR
ir031027.0216        [0,LMC X-2,05:20:29.1,-71:57:35,2003-10-28,06:28:11,2452940.7696,30.0,1.37,J,J,,,,missingreplog_LMCX-2.csv,,,Data replog,,,LMCX-2,True,IR
ir031203.0015        [0,LMC X-2,05:20:29.8,-71:57:25,2003-12-04,01:06:17,2452977.546,30.0,1.66,J,J,,,,missingreplog_LMCX-2.csv,,,Data replog,,,LMCX-2,True,IR
ir031203.0014        [0,LMC X-2,05:20:29.8,-71:57:25,2003-12-04,01:05:25,2452977.5454,30.0,1.66,J,J,,,,missingreplog_LMCX-2.csv,,,Data replog,,,LMCX-2,True,IR
ir031203.0013        [0,LMC X-2,05:20:29.8,-71:57:26,2003-12-04,01:04:33,2452977.5448,30.1,1.67,J,J,,,,missingreplog_LMCX-2.csv,,,Data replog,,,LMCX-2,True,IR
ir031203.0012        [0,LMC X-2,05:20:29.7,-71:57:26,2003-12-04,01:03:40,2452977.5442,30.0,1.67,J,J,,,,missingreplog_LMCX-2.csv,,,Data replog,,,LMCX-2,True,IR
ir031203.0011        [0,LMC X-2,05:20:29.6,-71:57:26,2003-12-04,01:02:48,2452977.5436,30.1,1.67,J,J,,,,missingreplog_LMCX-2.csv,,,Data replog,,,LMCX-2,True,IR
ir031203.0010        [0,LMC X-2,05:20:29.6,-71:57:26,2003-12-04,01:01:56,2452977.543,30.1,1.67,J,J,,,,missingreplog_LMCX-2.csv,,,Data replog,,,LMCX-2,True,IR
ir031031.0124        [0,LMC X-2,05:20:29.6,-71:57:25,2003-11-01,05:28:45,2452944.7283,30.1,1.41,J,J,,,,missingreplog_LMCX-2.csv,,,Data replog,,,LMCX-2,True,IR
ir031031.0125        [0,LMC X-2,05:20:29.7,-71:57:25,2003-11-01,05:29:37,2452944.7289,30.1,1.41,J,J,,,,missingreplog_LMCX-2.csv,,,Data replog,,,LMCX-2,True,IR
ir031031.0126        [0,LMC X-2,05:20:29.8,-71:57:25,2003-11-01,05:30:30,2452944.7295,30.0,1.4,J,J,,,,missingreplog_LMCX-2.csv,,,Data replog,,,LMCX-2,True,IR
ir031031.0127        [0,LMC X-2,05:20:29.9,-71:57:24,2003-11-01,05:31:22,2452944.7301,30.0,1.4,J,J,,,,missingreplog_LMCX-2.csv,,,Data replog,,,LMCX-2,True,IR
ir031104.0094        [0,LMC X-2,05:20:30.4,-71:57:30,2003-11-05,03:22:24,2452948.6406,30.1,1.6,J,J,,,,missingreplog_LMCX-2.csv,,,Data replog,,,LMCX-2,True,IR
ir031104.0093        [0,LMC X-2,05:20:30.3,-71:57:30,2003-11-05,03:21:31,2452948.6399,30.0,1.6,J,J,,,,missingreplog_LMCX-2.csv,,,Data replog,,,LMCX-2,True,IR
ir031104.0092        [0,LMC X-2,05:20:30.3,-71:57:30,2003-11-05,03:20:39,2452948.6393,30.1,1.61,J,J,,,,missingreplog_LMCX-2.csv,,,Data replog,,,LMCX-2,True,IR
ir031103.0151        [0,LMC X-2,05:20:30.1,-71:57:24,2003-11-04,05:16:56,2452947.7201,30.0,1.41,J,J,,,,missingreplog_LMCX-2.csv,,,Data replog,,,LMCX-2,True,IR
ir031103.0150        [0,LMC X-2,05:20:30.1,-71:57:24,2003-11-04,05:16:04,2452947.7195,30.0,1.41,J,J,,,,missingreplog_LMCX-2.csv,,,Data replog,,,LMCX-2,True,IR
ir031103.0149        [0,LMC X-2,05:20:30.0,-71:57:24,2003-11-04,05:15:11,2452947.7189,30.1,1.41,J,J,,,,missingreplog_LMCX-2.csv,,,Data replog,,,LMCX-2,True,IR
ir031103.0148        [0,LMC X-2,05:20:29.9,-71:57:24,2003-11-04,05:14:19,2452947.7183,30.0,1.41,J,J,,,,missingreplog_LMCX-2.csv,,,Data replog,,,LMCX-2,True,IR
ir031103.0147        [0,LMC X-2,05:20:29.9,-71:57:24,2003-11-04,05:13:26,2452947.7177,30.0,1.41,J,J,,,,missingreplog_LMCX-2.csv,,,Data replog,,,LMCX-2,True,IR
ir031103.0146        [0,LMC X-2,05:20:29.8,-71:57:24,2003-11-04,05:12:34,2452947.7171,30.0,1.41,J,J,,,,missingreplog_LMCX-2.csv,,,Data replog,,,LMCX-2,True,IR
ir031102.0153        [0,LMC X-2,05:20:29.3,-71:57:24,2003-11-03,05:41:07,2452946.7369,30.0,1.39,J,J,,,,missingreplog_LMCX-2.csv,,,Data replog,,,LMCX-2,True,IR
ir031102.0152        [0,LMC X-2,05:20:29.4,-71:57:24,2003-11-03,05:40:14,2452946.7363,30.0,1.39,J,J,,,,missingreplog_LMCX-2.csv,,,Data replog,,,LMCX-2,True,IR
ir031102.0151        [0,LMC X-2,05:20:29.3,-71:57:24,2003-11-03,05:39:22,2452946.7357,30.0,1.39,J,J,,,,missingreplog_LMCX-2.csv,,,Data replog,,,LMCX-2,True,IR
ir031102.0150        [0,LMC X-2,05:20:29.3,-71:57:24,2003-11-03,05:38:29,2452946.7351,30.1,1.39,J,J,,,,missingreplog_LMCX-2.csv,,,Data replog,,,LMCX-2,True,IR
ir031102.0149        [0,LMC X-2,05:20:29.3,-71:57:24,2003-11-03,05:37:36,2452946.7344,30.0,1.39,J,J,,,,missingreplog_LMCX-2.csv,,,Data replog,,,LMCX-2,True,IR
ir031102.0148        [0,LMC X-2,05:20:29.3,-71:57:24,2003-11-03,05:36:44,2452946.7338,30.1,1.39,J,J,,,,missingreplog_LMCX-2.csv,,,Data replog,,,LMCX-2,True,IR
ir031101.0171        [0,LMC X-2,05:20:28.7,-71:57:23,2003-11-02,05:28:07,2452945.7279,30.0,1.4,J,J,,,,missingreplog_LMCX-2.csv,,,Data replog,,,LMCX-2,True,IR
ir031101.0170        [0,LMC X-2,05:20:28.6,-71:57:23,2003-11-02,05:27:14,2452945.7272,30.0,1.4,J,J,,,,missingreplog_LMCX-2.csv,,,Data replog,,,LMCX-2,True,IR
ir031101.0169        [0,LMC X-2,05:20:28.5,-71:57:23,2003-11-02,05:26:22,2452945.7267,30.0,1.4,J,J,,,,missingreplog_LMCX-2.csv,,,Data replog,,,LMCX-2,True,IR
ir031101.0168        [0,LMC X-2,05:20:28.5,-71:57:23,2003-11-02,05:25:29,2452945.726,30.0,1.41,J,J,,,,missingreplog_LMCX-2.csv,,,Data replog,,,LMCX-2,True,IR
ir031101.0167        [0,LMC X-2,05:20:28.4,-71:57:23,2003-11-02,05:24:36,2452945.7254,30.1,1.41,J,J,,,,missingreplog_LMCX-2.csv,,,Data replog,,,LMCX-2,True,IR
ir031101.0166        [0,LMC X-2,05:20:28.3,-71:57:23,2003-11-02,05:23:44,2452945.7248,30.0,1.41,J,J,,,,missingreplog_LMCX-2.csv,,,Data replog,,,LMCX-2,True,IR
ir031031.0129        [0,LMC X-2,05:20:30.1,-71:57:24,2003-11-01,05:33:07,2452944.7313,30.0,1.4,J,J,,,,missingreplog_LMCX-2.csv,,,Data replog,,,LMCX-2,True,IR
ir031031.0128        [0,LMC X-2,05:20:30.0,-71:57:24,2003-11-01,05:32:14,2452944.7307,30.0,1.4,J,J,,,,missingreplog_LMCX-2.csv,,,Data replog,,,LMCX-2,True,IR
ir031113.0102        [0,LMC X-2,05:20:29.9,-71:57:24,2003-11-14,04:32:46,2452957.6894,30.0,1.41,J,J,,,,missingreplog_LMCX-2.csv,,,Data replog,,,LMCX-2,True,IR
ir031113.0103        [0,LMC X-2,05:20:30.0,-71:57:24,2003-11-14,04:33:39,2452957.69,30.0,1.41,J,J,,,,missingreplog_LMCX-2.csv,,,Data replog,,,LMCX-2,True,IR
ir031114.0229        [0,LMC X-2,05:20:29.5,-71:57:58,2003-11-15,06:31:33,2452958.7719,30.0,1.34,J,J,,,,missingreplog_LMCX-2.csv,,,Data replog,,,LMCX-2,True,IR
ir040203.0121        [0,LMC X-2,05:20:29.1,-71:57:35,2004-02-04,02:55:47,2453039.6221,30.1,1.4,J,J,,,,missingreplog_LMCX-2.csv,,,Data replog,,,LMCX-2,True,IR
ir040204.0199        [0,LMC X-2,05:20:28.9,-71:57:33,2004-02-05,03:49:38,2453040.6595,30.1,1.48,J,J,,,,missingreplog_LMCX-2.csv,,,Data replog,,,LMCX-2,True,IR
ir040204.0198        [0,LMC X-2,05:20:28.9,-71:57:32,2004-02-05,03:48:45,2453040.6589,30.1,1.47,J,J,,,,missingreplog_LMCX-2.csv,,,Data replog,,,LMCX-2,True,IR
ir040204.0197        [0,LMC X-2,05:20:28.9,-71:57:32,2004-02-05,03:47:53,2453040.6583,30.0,1.47,J,J,,,,missingreplog_LMCX-2.csv,,,Data replog,,,LMCX-2,True,IR
ir040204.0196        [0,LMC X-2,05:20:28.9,-71:57:33,2004-02-05,03:47:00,2453040.6576,30.0,1.47,J,J,,,,missingreplog_LMCX-2.csv,,,Data replog,,,LMCX-2,True,IR
ir040204.0195        [0,LMC X-2,05:20:29.0,-71:57:33,2004-02-05,03:46:07,2453040.657,30.0,1.47,J,J,,,,missingreplog_LMCX-2.csv,,,Data replog,,,LMCX-2,True,IR
ir040204.0194        [0,LMC X-2,05:20:29.1,-71:57:35,2004-02-05,03:45:15,2453040.6564,30.0,1.47,J,J,,,,missingreplog_LMCX-2.csv,,,Data replog,,,LMCX-2,True,IR
ir040203.0126        [0,LMC X-2,05:20:29.1,-71:57:34,2004-02-04,03:00:11,2453039.6251,30.0,1.4,J,J,,,,missingreplog_LMCX-2.csv,,,Data replog,,,LMCX-2,True,IR
ir040203.0125        [0,LMC X-2,05:20:29.1,-71:57:34,2004-02-04,02:59:18,2453039.6245,30.0,1.4,J,J,,,,missingreplog_LMCX-2.csv,,,Data replog,,,LMCX-2,True,IR
ir040203.0124        [0,LMC X-2,05:20:29.1,-71:57:34,2004-02-04,02:58:26,2453039.6239,30.1,1.4,J,J,,,,missingreplog_LMCX-2.csv,,,Data replog,,,LMCX-2,True,IR
ir040203.0123        [0,LMC X-2,05:20:29.1,-71:57:35,2004-02-04,02:57:32,2453039.6233,30.0,1.4,J,J,,,,missingreplog_LMCX-2.csv,,,Data replog,,,LMCX-2,True,IR
ir040203.0122        [0,LMC X-2,05:20:29.1,-71:57:35,2004-02-04,02:56:40,2453039.6227,30.1,1.4,J,J,,,,missingreplog_LMCX-2.csv,,,Data replog,,,LMCX-2,True,IR
ir040201.0210        [0,LMC X-2,05:20:29.0,-71:57:33,2004-02-02,04:10:03,2453037.6736,30.0,1.49,J,J,,,,missingreplog_LMCX-2.csv,,,Data replog,,,LMCX-2,True,IR
ir040130.0101        [0,LMC X-2,05:20:29.2,-71:57:33,2004-01-31,04:00:02,2453035.6667,30.0,1.46,J,J,,,,missingreplog_LMCX-2.csv,,,Data replog,,,LMCX-2,True,IR
ir040201.0209        [0,LMC X-2,05:20:29.0,-71:57:33,2004-02-02,04:09:10,2453037.673,30.0,1.49,J,J,,,,missingreplog_LMCX-2.csv,,,Data replog,,,LMCX-2,True,IR
ir040201.0208        [0,LMC X-2,05:20:29.0,-71:57:34,2004-02-02,04:08:18,2453037.6724,30.0,1.49,J,J,,,,missingreplog_LMCX-2.csv,,,Data replog,,,LMCX-2,True,IR
ir040201.0207        [0,LMC X-2,05:20:29.0,-71:57:34,2004-02-02,04:07:25,2453037.6718,30.1,1.49,J,J,,,,missingreplog_LMCX-2.csv,,,Data replog,,,LMCX-2,True,IR
ir040201.0206        [0,LMC X-2,05:20:29.1,-71:57:34,2004-02-02,04:06:32,2453037.6712,30.0,1.48,J,J,,,,missingreplog_LMCX-2.csv,,,Data replog,,,LMCX-2,True,IR
ir040201.0205        [0,LMC X-2,05:20:29.1,-71:57:35,2004-02-02,04:05:40,2453037.6706,30.0,1.48,J,J,,,,missingreplog_LMCX-2.csv,,,Data replog,,,LMCX-2,True,IR
ir040131.0067        [0,LMC X-2,05:20:29.2,-71:57:34,2004-02-01,01:50:07,2453036.5765,30.1,1.35,J,J,,,,missingreplog_LMCX-2.csv,,,Data replog,,,LMCX-2,True,IR
ir040131.0066        [0,LMC X-2,05:20:29.1,-71:57:34,2004-02-01,01:49:14,2453036.5759,30.0,1.35,J,J,,,,missingreplog_LMCX-2.csv,,,Data replog,,,LMCX-2,True,IR
ir040131.0065        [0,LMC X-2,05:20:29.1,-71:57:34,2004-02-01,01:48:22,2453036.5753,30.0,1.35,J,J,,,,missingreplog_LMCX-2.csv,,,Data replog,,,LMCX-2,True,IR
ir040131.0064        [0,LMC X-2,05:20:29.1,-71:57:34,2004-02-01,01:47:29,2453036.5746,30.0,1.35,J,J,,,,missingreplog_LMCX-2.csv,,,Data replog,,,LMCX-2,True,IR
ir040131.0063        [0,LMC X-2,05:20:29.1,-71:57:35,2004-02-01,01:46:36,2453036.574,30.0,1.35,J,J,,,,missingreplog_LMCX-2.csv,,,Data replog,,,LMCX-2,True,IR
ir040131.0062        [0,LMC X-2,05:20:29.1,-71:57:35,2004-02-01,01:45:44,2453036.5734,30.0,1.35,J,J,,,,missingreplog_LMCX-2.csv,,,Data replog,,,LMCX-2,True,IR
ir040205.0120        [0,LMC X-2,05:20:29.0,-71:57:52,2004-02-06,03:08:52,2453041.6312,30.0,1.42,J,J,,,,missingreplog_LMCX-2.csv,,,Data replog,,,LMCX-2,True,IR
ir040205.0121        [0,LMC X-2,05:20:29.0,-71:57:52,2004-02-06,03:09:44,2453041.6318,30.0,1.42,J,J,,,,missingreplog_LMCX-2.csv,,,Data replog,,,LMCX-2,True,IR
ir040205.0122        [0,LMC X-2,05:20:28.9,-71:57:52,2004-02-06,03:10:37,2453041.6324,30.1,1.42,J,J,,,,missingreplog_LMCX-2.csv,,,Data replog,,,LMCX-2,True,IR
ir040205.0123        [0,LMC X-2,05:20:29.0,-71:57:51,2004-02-06,03:11:30,2453041.633,30.1,1.43,J,J,,,,missingreplog_LMCX-2.csv,,,Data replog,,,LMCX-2,True,IR
ir040210.0080        [0,LMC X-2,05:20:30.2,-71:57:45,2004-02-11,01:48:02,2453046.575,30.1,1.36,J,J,,,,missingreplog_LMCX-2.csv,,,Data replog,,,LMCX-2,True,IR
ir040210.0079        [0,LMC X-2,05:20:30.3,-71:57:45,2004-02-11,01:47:09,2453046.5744,30.0,1.36,J,J,,,,missingreplog_LMCX-2.csv,,,Data replog,,,LMCX-2,True,IR
ir040210.0078        [0,LMC X-2,05:20:30.4,-71:57:46,2004-02-11,01:46:17,2453046.5738,30.0,1.36,J,J,,,,missingreplog_LMCX-2.csv,,,Data replog,,,LMCX-2,True,IR
ir040209.0237        [0,LMC X-2,05:20:27.3,-71:57:39,2004-02-10,04:20:16,2453045.6807,30.1,1.58,J,J,,,,missingreplog_LMCX-2.csv,,,Data replog,,,LMCX-2,True,IR
ir040209.0236        [0,LMC X-2,05:20:27.3,-71:57:39,2004-02-10,04:19:23,2453045.6801,30.0,1.57,J,J,,,,missingreplog_LMCX-2.csv,,,Data replog,,,LMCX-2,True,IR
ir040209.0235        [0,LMC X-2,05:20:27.3,-71:57:39,2004-02-10,04:18:34,2453045.6796,30.0,1.57,J,J,,,,missingreplog_LMCX-2.csv,,,Data replog,,,LMCX-2,True,IR
ir040209.0234        [0,LMC X-2,05:20:27.3,-71:57:39,2004-02-10,04:17:41,2453045.679,30.0,1.57,J,J,,,,missingreplog_LMCX-2.csv,,,Data replog,,,LMCX-2,True,IR
ir040209.0233        [0,LMC X-2,05:20:27.3,-71:57:40,2004-02-10,04:16:48,2453045.6783,30.1,1.57,J,J,,,,missingreplog_LMCX-2.csv,,,Data replog,,,LMCX-2,True,IR
ir040209.0232        [0,LMC X-2,05:20:27.5,-71:57:40,2004-02-10,04:15:56,2453045.6777,30.1,1.57,J,J,,,,missingreplog_LMCX-2.csv,,,Data replog,,,LMCX-2,True,IR
ir040208.0227        [0,LMC X-2,05:20:27.7,-71:57:47,2004-02-09,03:29:56,2453044.6458,30.0,1.47,J,J,,,,missingreplog_LMCX-2.csv,,,Data replog,,,LMCX-2,True,IR
ir040208.0226        [0,LMC X-2,05:20:27.7,-71:57:47,2004-02-09,03:29:03,2453044.6452,30.1,1.47,J,J,,,,missingreplog_LMCX-2.csv,,,Data replog,,,LMCX-2,True,IR
ir040208.0225        [0,LMC X-2,05:20:27.8,-71:57:47,2004-02-09,03:28:11,2453044.6446,30.1,1.47,J,J,,,,missingreplog_LMCX-2.csv,,,Data replog,,,LMCX-2,True,IR
ir040208.0224        [0,LMC X-2,05:20:27.8,-71:57:48,2004-02-09,03:27:18,2453044.644,30.0,1.47,J,J,,,,missingreplog_LMCX-2.csv,,,Data replog,,,LMCX-2,True,IR
ir040208.0223        [0,LMC X-2,05:20:27.8,-71:57:48,2004-02-09,03:26:25,2453044.6434,30.0,1.46,J,J,,,,missingreplog_LMCX-2.csv,,,Data replog,,,LMCX-2,True,IR
ir040208.0222        [0,LMC X-2,05:20:27.9,-71:57:48,2004-02-09,03:25:33,2453044.6427,30.0,1.46,J,J,,,,missingreplog_LMCX-2.csv,,,Data replog,,,LMCX-2,True,IR
ir040207.0189        [0,LMC X-2,05:20:28.5,-71:57:36,2004-02-08,04:00:09,2453043.6668,30.1,1.52,J,J,,,,missingreplog_LMCX-2.csv,,,Data replog,,,LMCX-2,True,IR
ir040207.0188        [0,LMC X-2,05:20:28.5,-71:57:36,2004-02-08,03:59:16,2453043.6662,30.1,1.51,J,J,,,,missingreplog_LMCX-2.csv,,,Data replog,,,LMCX-2,True,IR
ir040207.0187        [0,LMC X-2,05:20:28.5,-71:57:36,2004-02-08,03:58:26,2453043.6656,30.0,1.51,J,J,,,,missingreplog_LMCX-2.csv,,,Data replog,,,LMCX-2,True,IR
ir040207.0186        [0,LMC X-2,05:20:28.5,-71:57:36,2004-02-08,03:57:33,2453043.665,30.1,1.51,J,J,,,,missingreplog_LMCX-2.csv,,,Data replog,,,LMCX-2,True,IR
ir040207.0185        [0,LMC X-2,05:20:28.6,-71:57:37,2004-02-08,03:56:40,2453043.6644,30.1,1.51,J,J,,,,missingreplog_LMCX-2.csv,,,Data replog,,,LMCX-2,True,IR
ir040207.0184        [0,LMC X-2,05:20:28.7,-71:57:37,2004-02-08,03:55:48,2453043.6637,30.1,1.51,J,J,,,,missingreplog_LMCX-2.csv,,,Data replog,,,LMCX-2,True,IR
ir040205.0125        [0,LMC X-2,05:20:28.9,-71:57:51,2004-02-06,03:13:15,2453041.6342,30.1,1.43,J,J,,,,missingreplog_LMCX-2.csv,,,Data replog,,,LMCX-2,True,IR
ir040205.0124        [0,LMC X-2,05:20:28.9,-71:57:51,2004-02-06,03:12:22,2453041.6336,30.0,1.43,J,J,,,,missingreplog_LMCX-2.csv,,,Data replog,,,LMCX-2,True,IR
ir040130.0102        [0,LMC X-2,05:20:29.2,-71:57:33,2004-01-31,04:00:54,2453035.6673,30.0,1.46,J,J,,,,missingreplog_LMCX-2.csv,,,Data replog,,,LMCX-2,True,IR
ir040130.0100        [0,LMC X-2,05:20:29.2,-71:57:33,2004-01-31,03:59:10,2453035.6661,30.0,1.46,J,J,,,,missingreplog_LMCX-2.csv,,,Data replog,,,LMCX-2,True,IR
ir040108.0087        [0,LMC X-2,05:20:29.7,-71:58:0.,2004-01-09,03:33:48,2453013.6485,30.0,1.35,J,J,,,,missingreplog_LMCX-2.csv,,,Data replog,,,LMCX-2,True,IR
ir040111.0262        [0,LMC X-2,05:20:30.1,-71:57:33,2004-01-12,05:33:12,2453016.7314,30.1,1.49,J,J,,,,missingreplog_LMCX-2.csv,,,Data replog,,,LMCX-2,True,IR
ir040124.0141        [0,LMC X-2,05:20:29.6,-71:57:41,2004-01-25,03:20:33,2453029.6393,30.0,1.38,J,J,,,,missingreplog_LMCX-2.csv,,,Data replog,,,LMCX-2,True,IR
ir040124.0140        [0,LMC X-2,05:20:29.6,-71:57:41,2004-01-25,03:19:41,2453029.6387,30.1,1.38,J,J,,,,missingreplog_LMCX-2.csv,,,Data replog,,,LMCX-2,True,IR
ir040124.0139        [0,LMC X-2,05:20:29.6,-71:57:41,2004-01-25,03:18:48,2453029.6381,30.1,1.38,J,J,,,,missingreplog_LMCX-2.csv,,,Data replog,,,LMCX-2,True,IR
ir040124.0138        [0,LMC X-2,05:20:29.6,-71:57:41,2004-01-25,03:17:55,2453029.6374,30.0,1.38,J,J,,,,missingreplog_LMCX-2.csv,,,Data replog,,,LMCX-2,True,IR
ir040124.0137        [0,LMC X-2,05:20:29.6,-71:57:41,2004-01-25,03:17:03,2453029.6368,30.0,1.38,J,J,,,,missingreplog_LMCX-2.csv,,,Data replog,,,LMCX-2,True,IR
ir040122.0107        [0,LMC X-2,05:20:32.1,-71:57:42,2004-01-23,02:44:14,2453027.6141,30.1,1.36,J,J,,,,missingreplog_LMCX-2.csv,,,Data replog,,,LMCX-2,True,IR
ir040122.0106        [0,LMC X-2,05:20:32.0,-71:57:43,2004-01-23,02:43:22,2453027.6135,30.1,1.35,J,J,,,,missingreplog_LMCX-2.csv,,,Data replog,,,LMCX-2,True,IR
ir040122.0105        [0,LMC X-2,05:20:32.0,-71:57:43,2004-01-23,02:42:30,2453027.6129,30.1,1.35,J,J,,,,missingreplog_LMCX-2.csv,,,Data replog,,,LMCX-2,True,IR
ir040122.0104        [0,LMC X-2,05:20:32.0,-71:57:43,2004-01-23,02:41:37,2453027.6122,30.1,1.35,J,J,,,,missingreplog_LMCX-2.csv,,,Data replog,,,LMCX-2,True,IR
ir040122.0103        [0,LMC X-2,05:20:32.0,-71:57:43,2004-01-23,02:40:44,2453027.6116,30.1,1.35,J,J,,,,missingreplog_LMCX-2.csv,,,Data replog,,,LMCX-2,True,IR
ir040122.0102        [0,LMC X-2,05:20:32.0,-71:57:43,2004-01-23,02:39:52,2453027.611,30.0,1.35,J,J,,,,missingreplog_LMCX-2.csv,,,Data replog,,,LMCX-2,True,IR
ir040111.0261        [0,LMC X-2,05:20:30.1,-71:57:33,2004-01-12,05:32:20,2453016.7308,30.1,1.49,J,J,,,,missingreplog_LMCX-2.csv,,,Data replog,,,LMCX-2,True,IR
ir040130.0099        [0,LMC X-2,05:20:29.2,-71:57:34,2004-01-31,03:58:17,2453035.6655,30.0,1.46,J,J,,,,missingreplog_LMCX-2.csv,,,Data replog,,,LMCX-2,True,IR
ir040111.0260        [0,LMC X-2,05:20:30.2,-71:57:33,2004-01-12,05:31:27,2453016.7302,30.0,1.49,J,J,,,,missingreplog_LMCX-2.csv,,,Data replog,,,LMCX-2,True,IR
ir040111.0259        [0,LMC X-2,05:20:30.1,-71:57:33,2004-01-12,05:30:35,2453016.7296,30.0,1.49,J,J,,,,missingreplog_LMCX-2.csv,,,Data replog,,,LMCX-2,True,IR
ir040111.0258        [0,LMC X-2,05:20:30.1,-71:57:33,2004-01-12,05:29:42,2453016.729,30.0,1.49,J,J,,,,missingreplog_LMCX-2.csv,,,Data replog,,,LMCX-2,True,IR
ir040111.0257        [0,LMC X-2,05:20:30.1,-71:57:34,2004-01-12,05:28:49,2453016.7284,30.0,1.48,J,J,,,,missingreplog_LMCX-2.csv,,,Data replog,,,LMCX-2,True,IR
ir040110.0106        [0,LMC X-2,05:20:30.3,-71:57:32,2004-01-11,03:50:39,2453015.6602,30.0,1.37,J,J,,,,missingreplog_LMCX-2.csv,,,Data replog,,,LMCX-2,True,IR
ir040110.0105        [0,LMC X-2,05:20:30.3,-71:57:32,2004-01-11,03:49:46,2453015.6596,30.1,1.36,J,J,,,,missingreplog_LMCX-2.csv,,,Data replog,,,LMCX-2,True,IR
ir040110.0104        [0,LMC X-2,05:20:30.3,-71:57:32,2004-01-11,03:48:53,2453015.659,30.0,1.36,J,J,,,,missingreplog_LMCX-2.csv,,,Data replog,,,LMCX-2,True,IR
ir040110.0103        [0,LMC X-2,05:20:30.3,-71:57:33,2004-01-11,03:48:01,2453015.6583,30.1,1.36,J,J,,,,missingreplog_LMCX-2.csv,,,Data replog,,,LMCX-2,True,IR
ir040110.0102        [0,LMC X-2,05:20:30.3,-71:57:33,2004-01-11,03:47:08,2453015.6577,30.0,1.36,J,J,,,,missingreplog_LMCX-2.csv,,,Data replog,,,LMCX-2,True,IR
ir040110.0101        [0,LMC X-2,05:20:30.4,-71:57:33,2004-01-11,03:46:16,2453015.6571,30.0,1.36,J,J,,,,missingreplog_LMCX-2.csv,,,Data replog,,,LMCX-2,True,IR
ir040108.0089        [0,LMC X-2,05:20:29.7,-71:57:59,2004-01-09,03:35:33,2453013.6497,30.0,1.35,J,J,,,,missingreplog_LMCX-2.csv,,,Data replog,,,LMCX-2,True,IR
ir040124.0142        [0,LMC X-2,05:20:29.6,-71:57:41,2004-01-25,03:21:25,2453029.6399,30.0,1.38,J,J,,,,missingreplog_LMCX-2.csv,,,Data replog,,,LMCX-2,True,IR
ir040125.0144        [0,LMC X-2,05:20:29.2,-71:57:46,2004-01-26,03:39:25,2453030.6524,30.0,1.41,J,J,,,,missingreplog_LMCX-2.csv,,,Data replog,,,LMCX-2,True,IR
ir040125.0145        [0,LMC X-2,05:20:29.2,-71:57:46,2004-01-26,03:40:17,2453030.653,30.0,1.41,J,J,,,,missingreplog_LMCX-2.csv,,,Data replog,,,LMCX-2,True,IR
ir040125.0146        [0,LMC X-2,05:20:29.2,-71:57:46,2004-01-26,03:41:09,2453030.6536,30.0,1.41,J,J,,,,missingreplog_LMCX-2.csv,,,Data replog,,,LMCX-2,True,IR
ir040130.0098        [0,LMC X-2,05:20:29.1,-71:57:34,2004-01-31,03:57:24,2453035.6649,30.0,1.46,J,J,,,,missingreplog_LMCX-2.csv,,,Data replog,,,LMCX-2,True,IR
ir040130.0097        [0,LMC X-2,05:20:29.1,-71:57:35,2004-01-31,03:56:31,2453035.6643,30.0,1.46,J,J,,,,missingreplog_LMCX-2.csv,,,Data replog,,,LMCX-2,True,IR
ir040128.0083        [0,LMC X-2,05:20:30.0,-71:57:35,2004-01-29,02:56:28,2453033.6225,30.1,1.38,J,J,,,,missingreplog_LMCX-2.csv,,,Data replog,,,LMCX-2,True,IR
ir040128.0082        [0,LMC X-2,05:20:30.1,-71:57:36,2004-01-29,02:55:35,2453033.6219,30.1,1.38,J,J,,,,missingreplog_LMCX-2.csv,,,Data replog,,,LMCX-2,True,IR
ir040128.0081        [0,LMC X-2,05:20:30.1,-71:57:35,2004-01-29,02:54:43,2453033.6213,30.1,1.38,J,J,,,,missingreplog_LMCX-2.csv,,,Data replog,,,LMCX-2,True,IR
ir040128.0080        [0,LMC X-2,05:20:30.1,-71:57:35,2004-01-29,02:53:49,2453033.6207,30.0,1.38,J,J,,,,missingreplog_LMCX-2.csv,,,Data replog,,,LMCX-2,True,IR
ir040128.0079        [0,LMC X-2,05:20:30.2,-71:57:36,2004-01-29,02:52:57,2453033.6201,30.1,1.37,J,J,,,,missingreplog_LMCX-2.csv,,,Data replog,,,LMCX-2,True,IR
ir040128.0078        [0,LMC X-2,05:20:30.2,-71:57:36,2004-01-29,02:52:04,2453033.6195,30.1,1.37,J,J,,,,missingreplog_LMCX-2.csv,,,Data replog,,,LMCX-2,True,IR
ir040127.0126        [0,LMC X-2,05:20:28.7,-71:57:52,2004-01-28,03:55:37,2453032.6636,30.1,1.44,J,J,,,,missingreplog_LMCX-2.csv,,,Data replog,,,LMCX-2,True,IR
ir040127.0125        [0,LMC X-2,05:20:28.7,-71:57:53,2004-01-28,03:54:44,2453032.663,30.0,1.44,J,J,,,,missingreplog_LMCX-2.csv,,,Data replog,,,LMCX-2,True,IR
ir040127.0124        [0,LMC X-2,05:20:28.7,-71:57:53,2004-01-28,03:53:53,2453032.6624,30.0,1.43,J,J,,,,missingreplog_LMCX-2.csv,,,Data replog,,,LMCX-2,True,IR
ir040127.0123        [0,LMC X-2,05:20:28.7,-71:57:53,2004-01-28,03:52:59,2453032.6618,30.0,1.43,J,J,,,,missingreplog_LMCX-2.csv,,,Data replog,,,LMCX-2,True,IR
ir040127.0122        [0,LMC X-2,05:20:28.7,-71:57:54,2004-01-28,03:52:07,2453032.6612,30.0,1.43,J,J,,,,missingreplog_LMCX-2.csv,,,Data replog,,,LMCX-2,True,IR
ir040127.0121        [0,LMC X-2,05:20:28.8,-71:57:55,2004-01-28,03:51:14,2453032.6606,30.1,1.43,J,J,,,,missingreplog_LMCX-2.csv,,,Data replog,,,LMCX-2,True,IR
ir040126.0171        [0,LMC X-2,05:20:28.2,-71:57:39,2004-01-27,04:17:18,2453031.6787,30.0,1.46,J,J,,,,missingreplog_LMCX-2.csv,,,Data replog,,,LMCX-2,True,IR
ir040126.0170        [0,LMC X-2,05:20:28.1,-71:57:39,2004-01-27,04:16:25,2453031.6781,30.0,1.46,J,J,,,,missingreplog_LMCX-2.csv,,,Data replog,,,LMCX-2,True,IR
ir040126.0169        [0,LMC X-2,05:20:28.1,-71:57:39,2004-01-27,04:15:33,2453031.6775,30.1,1.46,J,J,,,,missingreplog_LMCX-2.csv,,,Data replog,,,LMCX-2,True,IR
ir040126.0168        [0,LMC X-2,05:20:28.2,-71:57:39,2004-01-27,04:14:40,2453031.6769,30.1,1.46,J,J,,,,missingreplog_LMCX-2.csv,,,Data replog,,,LMCX-2,True,IR
ir040126.0167        [0,LMC X-2,05:20:28.2,-71:57:40,2004-01-27,04:13:47,2453031.6762,30.0,1.46,J,J,,,,missingreplog_LMCX-2.csv,,,Data replog,,,LMCX-2,True,IR
ir040126.0166        [0,LMC X-2,05:20:28.2,-71:57:40,2004-01-27,04:12:55,2453031.6756,30.1,1.46,J,J,,,,missingreplog_LMCX-2.csv,,,Data replog,,,LMCX-2,True,IR
ir040125.0149        [0,LMC X-2,05:20:29.3,-71:57:46,2004-01-26,03:43:47,2453030.6554,30.0,1.41,J,J,,,,missingreplog_LMCX-2.csv,,,Data replog,,,LMCX-2,True,IR
ir040125.0148        [0,LMC X-2,05:20:29.2,-71:57:46,2004-01-26,03:42:54,2453030.6548,30.0,1.41,J,J,,,,missingreplog_LMCX-2.csv,,,Data replog,,,LMCX-2,True,IR
ir040125.0147        [0,LMC X-2,05:20:29.2,-71:57:46,2004-01-26,03:42:02,2453030.6542,30.0,1.41,J,J,,,,missingreplog_LMCX-2.csv,,,Data replog,,,LMCX-2,True,IR
ir040210.0081        [0,LMC X-2,05:20:30.1,-71:57:45,2004-02-11,01:48:55,2453046.5756,30.0,1.37,J,J,,,,missingreplog_LMCX-2.csv,,,Data replog,,,LMCX-2,True,IR
ir040210.0082        [0,LMC X-2,05:20:30.1,-71:57:44,2004-02-11,01:49:47,2453046.5762,30.1,1.37,J,J,,,,missingreplog_LMCX-2.csv,,,Data replog,,,LMCX-2,True,IR
ir040210.0083        [0,LMC X-2,05:20:30.1,-71:57:44,2004-02-11,01:50:40,2453046.5768,30.0,1.37,J,J,,,,missingreplog_LMCX-2.csv,,,Data replog,,,LMCX-2,True,IR
ir040227.0069        [0,LMC X-2,05:20:29.2,-71:57:35,2004-02-28,01:24:22,2453063.5586,30.1,1.4,J,J,,,,missingreplog_LMCX-2.csv,,,Data replog,,,LMCX-2,True,IR
ir040229.0065        [0,LMC X-2,05:20:29.1,-71:57:35,2004-03-01,01:02:34,2453065.5435,30.1,1.39,J,J,,,,missingreplog_LMCX-2.csv,,,Data replog,,,LMCX-2,True,IR
ir040228.0159        [0,LMC X-2,05:20:29.0,-71:57:33,2004-02-29,03:26:54,2453064.6437,30.1,1.63,J,J,,,,missingreplog_LMCX-2.csv,,,Data replog,,,LMCX-2,True,IR
ir040228.0158        [0,LMC X-2,05:20:29.0,-71:57:33,2004-02-29,03:26:02,2453064.6431,30.0,1.63,J,J,,,,missingreplog_LMCX-2.csv,,,Data replog,,,LMCX-2,True,IR
ir040228.0157        [0,LMC X-2,05:20:29.0,-71:57:33,2004-02-29,03:25:10,2453064.6425,30.1,1.63,J,J,,,,missingreplog_LMCX-2.csv,,,Data replog,,,LMCX-2,True,IR
ir040228.0156        [0,LMC X-2,05:20:29.0,-71:57:34,2004-02-29,03:24:17,2453064.6419,30.0,1.62,J,J,,,,missingreplog_LMCX-2.csv,,,Data replog,,,LMCX-2,True,IR
ir040228.0155        [0,LMC X-2,05:20:29.0,-71:57:34,2004-02-29,03:23:24,2453064.6412,30.1,1.62,J,J,,,,missingreplog_LMCX-2.csv,,,Data replog,,,LMCX-2,True,IR
ir040228.0154        [0,LMC X-2,05:20:29.0,-71:57:34,2004-02-29,03:22:34,2453064.6407,30.0,1.62,J,J,,,,missingreplog_LMCX-2.csv,,,Data replog,,,LMCX-2,True,IR
ir040227.0073        [0,LMC X-2,05:20:29.2,-71:57:34,2004-02-28,01:27:53,2453063.561,30.1,1.41,J,J,,,,missingreplog_LMCX-2.csv,,,Data replog,,,LMCX-2,True,IR
ir040227.0072        [0,LMC X-2,05:20:29.2,-71:57:34,2004-02-28,01:27:00,2453063.5604,30.0,1.4,J,J,,,,missingreplog_LMCX-2.csv,,,Data replog,,,LMCX-2,True,IR
ir040227.0071        [0,LMC X-2,05:20:29.2,-71:57:35,2004-02-28,01:26:08,2453063.5598,30.0,1.4,J,J,,,,missingreplog_LMCX-2.csv,,,Data replog,,,LMCX-2,True,IR
ir040227.0070        [0,LMC X-2,05:20:29.3,-71:57:35,2004-02-28,01:25:15,2453063.5592,30.0,1.4,J,J,,,,missingreplog_LMCX-2.csv,,,Data replog,,,LMCX-2,True,IR
ir040227.0068        [0,LMC X-2,05:20:29.1,-71:57:35,2004-02-28,01:23:30,2453063.558,30.1,1.4,J,J,,,,missingreplog_LMCX-2.csv,,,Data replog,,,LMCX-2,True,IR
ir040211.0176        [0,LMC X-2,05:20:28.1,-71:57:36,2004-02-12,03:43:15,2453047.655,30.1,1.51,J,J,,,,missingreplog_LMCX-2.csv,,,Data replog,,,LMCX-2,True,IR
ir040226.0053        [0,LMC X-2,05:20:29.1,-71:57:33,2004-02-27,01:23:14,2453062.5578,30.1,1.4,J,J,,,,missingreplog_LMCX-2.csv,,,Data replog,,,LMCX-2,True,IR
ir040226.0052        [0,LMC X-2,05:20:29.1,-71:57:34,2004-02-27,01:22:21,2453062.5572,30.0,1.4,J,J,,,,missingreplog_LMCX-2.csv,,,Data replog,,,LMCX-2,True,IR
ir040226.0051        [0,LMC X-2,05:20:29.1,-71:57:34,2004-02-27,01:21:31,2453062.5566,30.1,1.39,J,J,,,,missingreplog_LMCX-2.csv,,,Data replog,,,LMCX-2,True,IR
ir040226.0050        [0,LMC X-2,05:20:29.1,-71:57:34,2004-02-27,01:20:38,2453062.556,30.1,1.39,J,J,,,,missingreplog_LMCX-2.csv,,,Data replog,,,LMCX-2,True,IR
ir040226.0049        [0,LMC X-2,05:20:29.1,-71:57:34,2004-02-27,01:19:45,2453062.5554,30.0,1.39,J,J,,,,missingreplog_LMCX-2.csv,,,Data replog,,,LMCX-2,True,IR
ir040226.0048        [0,LMC X-2,05:20:29.1,-71:57:35,2004-02-27,01:18:53,2453062.5548,30.0,1.39,J,J,,,,missingreplog_LMCX-2.csv,,,Data replog,,,LMCX-2,True,IR
ir040225.0055        [0,LMC X-2,05:20:29.1,-71:57:52,2004-02-26,01:13:27,2453061.551,30.0,1.38,J,J,,,,missingreplog_LMCX-2.csv,,,Data replog,,,LMCX-2,True,IR
ir040225.0054        [0,LMC X-2,05:20:29.1,-71:57:51,2004-02-26,01:12:35,2453061.5504,30.0,1.38,J,J,,,,missingreplog_LMCX-2.csv,,,Data replog,,,LMCX-2,True,IR
ir040225.0053        [0,LMC X-2,05:20:29.1,-71:57:52,2004-02-26,01:11:43,2453061.5498,30.0,1.38,J,J,,,,missingreplog_LMCX-2.csv,,,Data replog,,,LMCX-2,True,IR
ir040225.0052        [0,LMC X-2,05:20:29.1,-71:57:52,2004-02-26,01:10:50,2453061.5492,30.0,1.38,J,J,,,,missingreplog_LMCX-2.csv,,,Data replog,,,LMCX-2,True,IR
ir040225.0051        [0,LMC X-2,05:20:29.1,-71:57:52,2004-02-26,01:09:58,2453061.5486,30.0,1.38,J,J,,,,missingreplog_LMCX-2.csv,,,Data replog,,,LMCX-2,True,IR
ir040229.0066        [0,LMC X-2,05:20:29.1,-71:57:35,2004-03-01,01:03:26,2453065.5441,30.0,1.39,J,J,,,,missingreplog_LMCX-2.csv,,,Data replog,,,LMCX-2,True,IR
ir040229.0067        [0,LMC X-2,05:20:29.0,-71:57:35,2004-03-01,01:04:18,2453065.5447,30.1,1.39,J,J,,,,missingreplog_LMCX-2.csv,,,Data replog,,,LMCX-2,True,IR
ir040229.0068        [0,LMC X-2,05:20:29.0,-71:57:34,2004-03-01,01:05:10,2453065.5453,30.0,1.39,J,J,,,,missingreplog_LMCX-2.csv,,,Data replog,,,LMCX-2,True,IR
ir040229.0069        [0,LMC X-2,05:20:29.0,-71:57:34,2004-03-01,01:06:02,2453065.5459,30.1,1.39,J,J,,,,missingreplog_LMCX-2.csv,,,Data replog,,,LMCX-2,True,IR
ir040219.0047        [0,LMC X-2,05:20:28.7,-71:57:52,2004-02-20,01:45:44,2453055.5734,30.0,1.39,J,J,,,,missingreplog_LMCX-2.csv,,,Data replog,,,LMCX-2,True,IR
ir040219.0046        [0,LMC X-2,05:20:28.7,-71:57:53,2004-02-20,01:44:51,2453055.5728,30.0,1.39,J,J,,,,missingreplog_LMCX-2.csv,,,Data replog,,,LMCX-2,True,IR
ir040219.0045        [0,LMC X-2,05:20:28.7,-71:57:53,2004-02-20,01:43:59,2453055.5722,30.0,1.39,J,J,,,,missingreplog_LMCX-2.csv,,,Data replog,,,LMCX-2,True,IR
ir040219.0044        [0,LMC X-2,05:20:28.8,-71:57:54,2004-02-20,01:43:07,2453055.5716,30.1,1.39,J,J,,,,missingreplog_LMCX-2.csv,,,Data replog,,,LMCX-2,True,IR
ir040202.0096        [0,LMC X-2,05:20:29.0,-71:57:33,2004-02-03,02:49:32,2453038.6177,30.0,1.39,J,J,,,,missingreplog_LMCX-2.csv,,,Data replog,,,LMCX-2,True,IR
ir040202.0095        [0,LMC X-2,05:20:29.0,-71:57:33,2004-02-03,02:48:39,2453038.6171,30.0,1.39,J,J,,,,missingreplog_LMCX-2.csv,,,Data replog,,,LMCX-2,True,IR
ir040202.0094        [0,LMC X-2,05:20:29.0,-71:57:33,2004-02-03,02:47:47,2453038.6165,30.1,1.39,J,J,,,,missingreplog_LMCX-2.csv,,,Data replog,,,LMCX-2,True,IR
ir040202.0093        [0,LMC X-2,05:20:29.1,-71:57:34,2004-02-03,02:46:54,2453038.6159,30.0,1.39,J,J,,,,missingreplog_LMCX-2.csv,,,Data replog,,,LMCX-2,True,IR
ir040202.0092        [0,LMC X-2,05:20:29.1,-71:57:34,2004-02-03,02:46:01,2453038.6153,30.0,1.38,J,J,,,,missingreplog_LMCX-2.csv,,,Data replog,,,LMCX-2,True,IR
ir040202.0091        [0,LMC X-2,05:20:29.1,-71:57:35,2004-02-03,02:45:08,2453038.6147,30.0,1.38,J,J,,,,missingreplog_LMCX-2.csv,,,Data replog,,,LMCX-2,True,IR
ir040302.0114        [0,LMC X-2,05:20:28.9,-71:57:34,2004-03-03,02:36:57,2453067.609,30.0,1.54,J,J,,,,missingreplog_LMCX-2.csv,,,Data replog,,,LMCX-2,True,IR
ir040302.0113        [0,LMC X-2,05:20:28.9,-71:57:34,2004-03-03,02:36:05,2453067.6084,30.0,1.54,J,J,,,,missingreplog_LMCX-2.csv,,,Data replog,,,LMCX-2,True,IR
ir040302.0112        [0,LMC X-2,05:20:29.0,-71:57:34,2004-03-03,02:35:13,2453067.6078,30.1,1.54,J,J,,,,missingreplog_LMCX-2.csv,,,Data replog,,,LMCX-2,True,IR
ir040302.0111        [0,LMC X-2,05:20:29.0,-71:57:34,2004-03-03,02:34:20,2453067.6072,30.1,1.53,J,J,,,,missingreplog_LMCX-2.csv,,,Data replog,,,LMCX-2,True,IR
ir040302.0110        [0,LMC X-2,05:20:29.0,-71:57:34,2004-03-03,02:33:27,2453067.6066,30.0,1.53,J,J,,,,missingreplog_LMCX-2.csv,,,Data replog,,,LMCX-2,True,IR
ir040302.0109        [0,LMC X-2,05:20:29.1,-71:57:35,2004-03-03,02:32:35,2453067.606,30.0,1.53,J,J,,,,missingreplog_LMCX-2.csv,,,Data replog,,,LMCX-2,True,IR
ir040301.0082        [0,LMC X-2,05:20:29.0,-71:57:33,2004-03-02,02:08:21,2453066.5891,30.0,1.48,J,J,,,,missingreplog_LMCX-2.csv,,,Data replog,,,LMCX-2,True,IR
ir040301.0081        [0,LMC X-2,05:20:29.0,-71:57:34,2004-03-02,02:07:29,2453066.5885,30.0,1.48,J,J,,,,missingreplog_LMCX-2.csv,,,Data replog,,,LMCX-2,True,IR
ir040301.0080        [0,LMC X-2,05:20:29.0,-71:57:33,2004-03-02,02:06:37,2453066.5879,30.0,1.47,J,J,,,,missingreplog_LMCX-2.csv,,,Data replog,,,LMCX-2,True,IR
ir040301.0079        [0,LMC X-2,05:20:29.0,-71:57:34,2004-03-02,02:05:44,2453066.5873,30.0,1.47,J,J,,,,missingreplog_LMCX-2.csv,,,Data replog,,,LMCX-2,True,IR
ir040301.0078        [0,LMC X-2,05:20:29.0,-71:57:34,2004-03-02,02:04:51,2453066.5867,30.0,1.47,J,J,,,,missingreplog_LMCX-2.csv,,,Data replog,,,LMCX-2,True,IR
ir040301.0077        [0,LMC X-2,05:20:29.1,-71:57:35,2004-03-02,02:03:58,2453066.5861,30.1,1.47,J,J,,,,missingreplog_LMCX-2.csv,,,Data replog,,,LMCX-2,True,IR
ir040229.0070        [0,LMC X-2,05:20:28.9,-71:57:34,2004-03-01,01:06:54,2453065.5465,30.1,1.39,J,J,,,,missingreplog_LMCX-2.csv,,,Data replog,,,LMCX-2,True,IR
ir040225.0050        [0,LMC X-2,05:20:29.1,-71:57:52,2004-02-26,01:09:07,2453061.548,30.0,1.38,J,J,,,,missingreplog_LMCX-2.csv,,,Data replog,,,LMCX-2,True,IR
ir040224.0048        [0,LMC X-2,05:20:29.3,-71:57:51,2004-02-25,01:15:03,2453060.5521,30.0,1.38,J,J,,,,missingreplog_LMCX-2.csv,,,Data replog,,,LMCX-2,True,IR
ir040224.0047        [0,LMC X-2,05:20:29.4,-71:57:51,2004-02-25,01:14:10,2453060.5515,30.1,1.38,J,J,,,,missingreplog_LMCX-2.csv,,,Data replog,,,LMCX-2,True,IR
ir040217.0027        [0,LMC X-2,05:20:29.1,-71:57:34,2004-02-18,02:09:41,2453053.5901,30.1,1.41,J,J,,,,missingreplog_LMCX-2.csv,,,Data replog,,,LMCX-2,True,IR
ir040215.0292        [0,LMC X-2,05:20:29.1,-71:57:34,2004-02-16,04:36:47,2453051.6922,30.1,1.68,J,J,,,,missingreplog_LMCX-2.csv,,,Data replog,,,LMCX-2,True,IR
ir040215.0291        [0,LMC X-2,05:20:29.1,-71:57:34,2004-02-16,04:35:54,2453051.6916,30.0,1.68,J,J,,,,missingreplog_LMCX-2.csv,,,Data replog,,,LMCX-2,True,IR
ir040215.0290        [0,LMC X-2,05:20:29.1,-71:57:34,2004-02-16,04:35:02,2453051.691,30.1,1.68,J,J,,,,missingreplog_LMCX-2.csv,,,Data replog,,,LMCX-2,True,IR
ir040215.0289        [0,LMC X-2,05:20:29.1,-71:57:34,2004-02-16,04:34:09,2453051.6904,30.0,1.68,J,J,,,,missingreplog_LMCX-2.csv,,,Data replog,,,LMCX-2,True,IR
ir040215.0288        [0,LMC X-2,05:20:29.1,-71:57:34,2004-02-16,04:33:16,2453051.6898,30.0,1.67,J,J,,,,missingreplog_LMCX-2.csv,,,Data replog,,,LMCX-2,True,IR
ir040215.0287        [0,LMC X-2,05:20:29.0,-71:57:35,2004-02-16,04:32:24,2453051.6892,30.1,1.67,J,J,,,,missingreplog_LMCX-2.csv,,,Data replog,,,LMCX-2,True,IR
ir040214.0111        [0,LMC X-2,05:20:28.9,-71:57:32,2004-02-15,04:08:51,2453050.6728,30.1,1.6,J,J,,,,missingreplog_LMCX-2.csv,,,Data replog,,,LMCX-2,True,IR
ir040214.0110        [0,LMC X-2,05:20:28.9,-71:57:33,2004-02-15,04:07:58,2453050.6722,30.1,1.59,J,J,,,,missingreplog_LMCX-2.csv,,,Data replog,,,LMCX-2,True,IR
ir040214.0109        [0,LMC X-2,05:20:29.0,-71:57:33,2004-02-15,04:07:06,2453050.6716,30.1,1.59,J,J,,,,missingreplog_LMCX-2.csv,,,Data replog,,,LMCX-2,True,IR
ir040214.0108        [0,LMC X-2,05:20:29.0,-71:57:33,2004-02-15,04:06:12,2453050.671,30.0,1.59,J,J,,,,missingreplog_LMCX-2.csv,,,Data replog,,,LMCX-2,True,IR
ir040214.0107        [0,LMC X-2,05:20:29.0,-71:57:33,2004-02-15,04:05:19,2453050.6704,30.0,1.59,J,J,,,,missingreplog_LMCX-2.csv,,,Data replog,,,LMCX-2,True,IR
ir040214.0106        [0,LMC X-2,05:20:29.0,-71:57:34,2004-02-15,04:04:27,2453050.6698,30.0,1.59,J,J,,,,missingreplog_LMCX-2.csv,,,Data replog,,,LMCX-2,True,IR
ir040212.0085        [0,LMC X-2,05:20:29.1,-71:57:33,2004-02-13,03:10:12,2453048.6321,30.1,1.46,J,J,,,,missingreplog_LMCX-2.csv,,,Data replog,,,LMCX-2,True,IR
ir040212.0084        [0,LMC X-2,05:20:29.1,-71:57:33,2004-02-13,03:09:18,2453048.6315,30.0,1.46,J,J,,,,missingreplog_LMCX-2.csv,,,Data replog,,,LMCX-2,True,IR
ir040212.0083        [0,LMC X-2,05:20:29.1,-71:57:33,2004-02-13,03:08:26,2453048.6309,30.0,1.46,J,J,,,,missingreplog_LMCX-2.csv,,,Data replog,,,LMCX-2,True,IR
ir040212.0082        [0,LMC X-2,05:20:29.1,-71:57:34,2004-02-13,03:07:33,2453048.6302,30.0,1.46,J,J,,,,missingreplog_LMCX-2.csv,,,Data replog,,,LMCX-2,True,IR
ir040212.0081        [0,LMC X-2,05:20:29.1,-71:57:34,2004-02-13,03:06:40,2453048.6296,30.1,1.46,J,J,,,,missingreplog_LMCX-2.csv,,,Data replog,,,LMCX-2,True,IR
ir040212.0080        [0,LMC X-2,05:20:29.1,-71:57:35,2004-02-13,03:05:47,2453048.629,30.0,1.46,J,J,,,,missingreplog_LMCX-2.csv,,,Data replog,,,LMCX-2,True,IR
ir040211.0181        [0,LMC X-2,05:20:27.9,-71:57:35,2004-02-12,03:47:36,2453047.6581,30.0,1.52,J,J,,,,missingreplog_LMCX-2.csv,,,Data replog,,,LMCX-2,True,IR
ir040211.0180        [0,LMC X-2,05:20:28.0,-71:57:35,2004-02-12,03:46:43,2453047.6574,30.0,1.52,J,J,,,,missingreplog_LMCX-2.csv,,,Data replog,,,LMCX-2,True,IR
ir040211.0179        [0,LMC X-2,05:20:28.0,-71:57:35,2004-02-12,03:45:51,2453047.6568,30.1,1.52,J,J,,,,missingreplog_LMCX-2.csv,,,Data replog,,,LMCX-2,True,IR
ir040211.0178        [0,LMC X-2,05:20:28.1,-71:57:35,2004-02-12,03:44:58,2453047.6562,30.0,1.52,J,J,,,,missingreplog_LMCX-2.csv,,,Data replog,,,LMCX-2,True,IR
ir040211.0177        [0,LMC X-2,05:20:28.1,-71:57:36,2004-02-12,03:44:05,2453047.6556,30.0,1.52,J,J,,,,missingreplog_LMCX-2.csv,,,Data replog,,,LMCX-2,True,IR
ir040217.0026        [0,LMC X-2,05:20:29.1,-71:57:34,2004-02-18,02:08:48,2453053.5894,30.1,1.41,J,J,,,,missingreplog_LMCX-2.csv,,,Data replog,,,LMCX-2,True,IR
ir040217.0028        [0,LMC X-2,05:20:29.1,-71:57:34,2004-02-18,02:10:34,2453053.5907,30.1,1.41,J,J,,,,missingreplog_LMCX-2.csv,,,Data replog,,,LMCX-2,True,IR
ir040224.0046        [0,LMC X-2,05:20:29.4,-71:57:51,2004-02-25,01:13:18,2453060.5509,30.0,1.38,J,J,,,,missingreplog_LMCX-2.csv,,,Data replog,,,LMCX-2,True,IR
ir040217.0029        [0,LMC X-2,05:20:29.1,-71:57:33,2004-02-18,02:11:27,2453053.5913,30.1,1.41,J,J,,,,missingreplog_LMCX-2.csv,,,Data replog,,,LMCX-2,True,IR
ir040224.0045        [0,LMC X-2,05:20:29.4,-71:57:52,2004-02-25,01:12:25,2453060.5503,30.0,1.38,J,J,,,,missingreplog_LMCX-2.csv,,,Data replog,,,LMCX-2,True,IR
ir040224.0044        [0,LMC X-2,05:20:29.5,-71:57:52,2004-02-25,01:11:32,2453060.5497,30.1,1.38,J,J,,,,missingreplog_LMCX-2.csv,,,Data replog,,,LMCX-2,True,IR
ir040224.0043        [0,LMC X-2,05:20:29.5,-71:57:52,2004-02-25,01:10:40,2453060.5491,30.1,1.38,J,J,,,,missingreplog_LMCX-2.csv,,,Data replog,,,LMCX-2,True,IR
ir040222.0092        [0,LMC X-2,05:20:29.0,-71:57:51,2004-02-23,01:35:31,2453058.5663,30.1,1.39,J,J,,,,missingreplog_LMCX-2.csv,,,Data replog,,,LMCX-2,True,IR
ir040222.0091        [0,LMC X-2,05:20:29.0,-71:57:52,2004-02-23,01:34:39,2453058.5657,30.0,1.39,J,J,,,,missingreplog_LMCX-2.csv,,,Data replog,,,LMCX-2,True,IR
ir040222.0090        [0,LMC X-2,05:20:29.0,-71:57:52,2004-02-23,01:33:47,2453058.5651,30.0,1.39,J,J,,,,missingreplog_LMCX-2.csv,,,Data replog,,,LMCX-2,True,IR
ir040222.0089        [0,LMC X-2,05:20:29.0,-71:57:52,2004-02-23,01:32:54,2453058.5645,30.0,1.39,J,J,,,,missingreplog_LMCX-2.csv,,,Data replog,,,LMCX-2,True,IR
ir040222.0088        [0,LMC X-2,05:20:29.0,-71:57:53,2004-02-23,01:32:01,2453058.5639,30.1,1.39,J,J,,,,missingreplog_LMCX-2.csv,,,Data replog,,,LMCX-2,True,IR
ir040222.0087        [0,LMC X-2,05:20:29.1,-71:57:54,2004-02-23,01:31:09,2453058.5633,30.0,1.39,J,J,,,,missingreplog_LMCX-2.csv,,,Data replog,,,LMCX-2,True,IR
ir040221.0054        [0,LMC X-2,05:20:29.7,-71:57:57,2004-02-22,01:17:45,2453057.554,30.1,1.37,J,J,,,,missingreplog_LMCX-2.csv,,,Data replog,,,LMCX-2,True,IR
ir040221.0053        [0,LMC X-2,05:20:29.8,-71:57:57,2004-02-22,01:16:52,2453057.5534,30.1,1.37,J,J,,,,missingreplog_LMCX-2.csv,,,Data replog,,,LMCX-2,True,IR
ir040221.0052        [0,LMC X-2,05:20:29.8,-71:57:58,2004-02-22,01:16:00,2453057.5528,30.1,1.37,J,J,,,,missingreplog_LMCX-2.csv,,,Data replog,,,LMCX-2,True,IR
ir040221.0051        [0,LMC X-2,05:20:29.9,-71:57:58,2004-02-22,01:15:08,2453057.5522,30.0,1.37,J,J,,,,missingreplog_LMCX-2.csv,,,Data replog,,,LMCX-2,True,IR
ir040221.0050        [0,LMC X-2,05:20:29.9,-71:57:58,2004-02-22,01:14:15,2453057.5516,30.0,1.37,J,J,,,,missingreplog_LMCX-2.csv,,,Data replog,,,LMCX-2,True,IR
ir040221.0049        [0,LMC X-2,05:20:29.9,-71:57:59,2004-02-22,01:13:22,2453057.551,30.0,1.37,J,J,,,,missingreplog_LMCX-2.csv,,,Data replog,,,LMCX-2,True,IR
ir040220.0154        [0,LMC X-2,05:20:29.1,-71:57:37,2004-02-21,03:00:56,2453056.6256,30.0,1.5,J,J,,,,missingreplog_LMCX-2.csv,,,Data replog,,,LMCX-2,True,IR
ir040220.0153        [0,LMC X-2,05:20:29.1,-71:57:37,2004-02-21,03:00:04,2453056.625,30.1,1.5,J,J,,,,missingreplog_LMCX-2.csv,,,Data replog,,,LMCX-2,True,IR
ir040220.0152        [0,LMC X-2,05:20:29.1,-71:57:37,2004-02-21,02:59:12,2453056.6244,30.0,1.5,J,J,,,,missingreplog_LMCX-2.csv,,,Data replog,,,LMCX-2,True,IR
ir040220.0151        [0,LMC X-2,05:20:29.2,-71:57:37,2004-02-21,02:58:19,2453056.6238,30.0,1.5,J,J,,,,missingreplog_LMCX-2.csv,,,Data replog,,,LMCX-2,True,IR
ir040220.0150        [0,LMC X-2,05:20:29.2,-71:57:37,2004-02-21,02:57:26,2453056.6232,30.1,1.49,J,J,,,,missingreplog_LMCX-2.csv,,,Data replog,,,LMCX-2,True,IR
ir040220.0149        [0,LMC X-2,05:20:29.1,-71:57:38,2004-02-21,02:56:34,2453056.6226,30.0,1.49,J,J,,,,missingreplog_LMCX-2.csv,,,Data replog,,,LMCX-2,True,IR
ir040217.0031        [0,LMC X-2,05:20:29.1,-71:57:33,2004-02-18,02:13:12,2453053.5925,30.1,1.41,J,J,,,,missingreplog_LMCX-2.csv,,,Data replog,,,LMCX-2,True,IR
ir040217.0030        [0,LMC X-2,05:20:29.1,-71:57:33,2004-02-18,02:12:19,2453053.5919,30.0,1.41,J,J,,,,missingreplog_LMCX-2.csv,,,Data replog,,,LMCX-2,True,IR
ir040108.0088        [0,LMC X-2,05:20:29.7,-71:57:59,2004-01-09,03:34:40,2453013.6491,30.0,1.35,J,J,,,,missingreplog_LMCX-2.csv,,,Data replog,,,LMCX-2,True,IR
ir040108.0086        [0,LMC X-2,05:20:29.7,-71:58:0.,2004-01-09,03:32:55,2453013.6479,30.1,1.35,J,J,,,,missingreplog_LMCX-2.csv,,,Data replog,,,LMCX-2,True,IR
ir031114.0230        [0,LMC X-2,05:20:29.5,-71:57:57,2003-11-15,06:32:25,2452958.7725,30.0,1.34,J,J,,,,missingreplog_LMCX-2.csv,,,Data replog,,,LMCX-2,True,IR
ir031205.0111        [0,LMC X-2,05:20:29.0,-71:57:34,2003-12-06,03:47:38,2452979.6581,30.1,1.37,J,J,,,,missingreplog_LMCX-2.csv,,,Data replog,,,LMCX-2,True,IR
ir031207.0039        [0,LMC X-2,05:20:29.1,-71:57:35,2003-12-08,04:49:33,2452981.7011,30.1,1.34,J,J,,,,missingreplog_LMCX-2.csv,,,Data replog,,,LMCX-2,True,IR
ir031207.0038        [0,LMC X-2,05:20:29.1,-71:57:35,2003-12-08,04:48:41,2452981.7005,30.0,1.34,J,J,,,,missingreplog_LMCX-2.csv,,,Data replog,,,LMCX-2,True,IR
ir031207.0037        [0,LMC X-2,05:20:29.1,-71:57:36,2003-12-08,04:47:48,2452981.6999,30.1,1.34,J,J,,,,missingreplog_LMCX-2.csv,,,Data replog,,,LMCX-2,True,IR
ir031206.0094        [0,LMC X-2,05:20:29.1,-71:57:35,2003-12-07,03:03:52,2452980.6277,30.0,1.41,J,J,,,,missingreplog_LMCX-2.csv,,,Data replog,,,LMCX-2,True,IR
ir031206.0093        [0,LMC X-2,05:20:29.1,-71:57:35,2003-12-07,03:02:59,2452980.6271,30.1,1.41,J,J,,,,missingreplog_LMCX-2.csv,,,Data replog,,,LMCX-2,True,IR
ir031206.0092        [0,LMC X-2,05:20:29.0,-71:57:35,2003-12-07,03:02:07,2452980.6265,30.1,1.41,J,J,,,,missingreplog_LMCX-2.csv,,,Data replog,,,LMCX-2,True,IR
ir031206.0091        [0,LMC X-2,05:20:29.0,-71:57:36,2003-12-07,03:01:14,2452980.6259,30.0,1.41,J,J,,,,missingreplog_LMCX-2.csv,,,Data replog,,,LMCX-2,True,IR
ir031206.0090        [0,LMC X-2,05:20:29.0,-71:57:36,2003-12-07,03:00:21,2452980.6252,30.1,1.41,J,J,,,,missingreplog_LMCX-2.csv,,,Data replog,,,LMCX-2,True,IR
ir031206.0089        [0,LMC X-2,05:20:29.1,-71:57:36,2003-12-07,02:59:31,2452980.6247,30.0,1.42,J,J,,,,missingreplog_LMCX-2.csv,,,Data replog,,,LMCX-2,True,IR
ir031205.0113        [0,LMC X-2,05:20:29.0,-71:57:34,2003-12-06,03:49:23,2452979.6593,30.0,1.37,J,J,,,,missingreplog_LMCX-2.csv,,,Data replog,,,LMCX-2,True,IR
ir031205.0112        [0,LMC X-2,05:20:29.0,-71:57:34,2003-12-06,03:48:30,2452979.6587,30.1,1.37,J,J,,,,missingreplog_LMCX-2.csv,,,Data replog,,,LMCX-2,True,IR
ir031205.0110        [0,LMC X-2,05:20:29.1,-71:57:35,2003-12-06,03:46:45,2452979.6575,30.0,1.37,J,J,,,,missingreplog_LMCX-2.csv,,,Data replog,,,LMCX-2,True,IR
ir031201.0186        [0,LMC X-2,05:20:30.6,-71:57:57,2003-12-02,05:01:43,2452975.7095,30.1,1.35,J,J,,,,missingreplog_LMCX-2.csv,,,Data replog,,,LMCX-2,True,IR
ir031205.0109        [0,LMC X-2,05:20:29.1,-71:57:34,2003-12-06,03:45:53,2452979.6569,30.1,1.37,J,J,,,,missingreplog_LMCX-2.csv,,,Data replog,,,LMCX-2,True,IR
ir031205.0108        [0,LMC X-2,05:20:29.1,-71:57:35,2003-12-06,03:45:01,2452979.6563,30.1,1.37,J,J,,,,missingreplog_LMCX-2.csv,,,Data replog,,,LMCX-2,True,IR
ir031202.0139        [0,LMC X-2,05:20:30.8,-71:57:56,2003-12-03,04:27:03,2452976.6855,30.1,1.36,J,J,,,,missingreplog_LMCX-2.csv,,,Data replog,,,LMCX-2,True,IR
ir031202.0138        [0,LMC X-2,05:20:30.8,-71:57:56,2003-12-03,04:26:10,2452976.6848,30.1,1.36,J,J,,,,missingreplog_LMCX-2.csv,,,Data replog,,,LMCX-2,True,IR
ir031202.0137        [0,LMC X-2,05:20:30.8,-71:57:56,2003-12-03,04:25:18,2452976.6842,30.1,1.36,J,J,,,,missingreplog_LMCX-2.csv,,,Data replog,,,LMCX-2,True,IR
ir031202.0136        [0,LMC X-2,05:20:30.7,-71:57:56,2003-12-03,04:24:25,2452976.6836,30.1,1.36,J,J,,,,missingreplog_LMCX-2.csv,,,Data replog,,,LMCX-2,True,IR
ir031202.0135        [0,LMC X-2,05:20:30.7,-71:57:56,2003-12-03,04:23:32,2452976.683,30.1,1.36,J,J,,,,missingreplog_LMCX-2.csv,,,Data replog,,,LMCX-2,True,IR
ir031202.0134        [0,LMC X-2,05:20:30.6,-71:57:56,2003-12-03,04:22:40,2452976.6824,30.0,1.36,J,J,,,,missingreplog_LMCX-2.csv,,,Data replog,,,LMCX-2,True,IR
ir031201.0190        [0,LMC X-2,05:20:30.4,-71:57:56,2003-12-02,05:05:14,2452975.712,30.0,1.35,J,J,,,,missingreplog_LMCX-2.csv,,,Data replog,,,LMCX-2,True,IR
ir031201.0189        [0,LMC X-2,05:20:30.4,-71:57:56,2003-12-02,05:04:21,2452975.7114,30.1,1.35,J,J,,,,missingreplog_LMCX-2.csv,,,Data replog,,,LMCX-2,True,IR
ir031201.0188        [0,LMC X-2,05:20:30.5,-71:57:57,2003-12-02,05:03:29,2452975.7108,30.0,1.35,J,J,,,,missingreplog_LMCX-2.csv,,,Data replog,,,LMCX-2,True,IR
ir031207.0040        [0,LMC X-2,05:20:29.0,-71:57:35,2003-12-08,04:50:26,2452981.7017,30.1,1.34,J,J,,,,missingreplog_LMCX-2.csv,,,Data replog,,,LMCX-2,True,IR
ir031207.0041        [0,LMC X-2,05:20:29.0,-71:57:35,2003-12-08,04:51:18,2452981.7023,30.0,1.34,J,J,,,,missingreplog_LMCX-2.csv,,,Data replog,,,LMCX-2,True,IR
ir031207.0042        [0,LMC X-2,05:20:29.0,-71:57:35,2003-12-08,04:52:11,2452981.7029,30.0,1.34,J,J,,,,missingreplog_LMCX-2.csv,,,Data replog,,,LMCX-2,True,IR
ir031208.0126        [0,LMC X-2,05:20:29.1,-71:57:35,2003-12-09,04:55:52,2452982.7055,30.1,1.34,J,J,,,,missingreplog_LMCX-2.csv,,,Data replog,,,LMCX-2,True,IR
ir031212.0153        [0,LMC X-2,05:20:30.9,-71:57:41,2003-12-13,04:03:12,2452986.6689,30.1,1.35,J,J,,,,missingreplog_LMCX-2.csv,,,Data replog,,,LMCX-2,True,IR
ir031212.0152        [0,LMC X-2,05:20:30.8,-71:57:41,2003-12-13,04:02:19,2452986.6683,30.0,1.35,J,J,,,,missingreplog_LMCX-2.csv,,,Data replog,,,LMCX-2,True,IR
ir031212.0151        [0,LMC X-2,05:20:30.8,-71:57:41,2003-12-13,04:01:27,2452986.6677,30.1,1.35,J,J,,,,missingreplog_LMCX-2.csv,,,Data replog,,,LMCX-2,True,IR
ir031212.0150        [0,LMC X-2,05:20:30.8,-71:57:41,2003-12-13,04:00:34,2452986.6671,30.0,1.35,J,J,,,,missingreplog_LMCX-2.csv,,,Data replog,,,LMCX-2,True,IR
ir031212.0149        [0,LMC X-2,05:20:30.9,-71:57:41,2003-12-13,03:59:41,2452986.6664,30.1,1.35,J,J,,,,missingreplog_LMCX-2.csv,,,Data replog,,,LMCX-2,True,IR
ir031212.0148        [0,LMC X-2,05:20:30.9,-71:57:42,2003-12-13,03:58:49,2452986.6658,30.0,1.35,J,J,,,,missingreplog_LMCX-2.csv,,,Data replog,,,LMCX-2,True,IR
ir031211.0082        [0,LMC X-2,05:20:29.2,-71:57:37,2003-12-12,02:25:05,2452985.6008,30.1,1.43,J,J,,,,missingreplog_LMCX-2.csv,,,Data replog,,,LMCX-2,True,IR
ir031211.0081        [0,LMC X-2,05:20:29.2,-71:57:38,2003-12-12,02:24:12,2452985.6001,30.0,1.44,J,J,,,,missingreplog_LMCX-2.csv,,,Data replog,,,LMCX-2,True,IR
ir031211.0080        [0,LMC X-2,05:20:29.2,-71:57:37,2003-12-12,02:23:22,2452985.5996,30.1,1.44,J,J,,,,missingreplog_LMCX-2.csv,,,Data replog,,,LMCX-2,True,IR
ir031211.0079        [0,LMC X-2,05:20:29.1,-71:57:37,2003-12-12,02:22:29,2452985.599,30.0,1.44,J,J,,,,missingreplog_LMCX-2.csv,,,Data replog,,,LMCX-2,True,IR
ir031211.0078        [0,LMC X-2,05:20:29.2,-71:57:37,2003-12-12,02:21:36,2452985.5983,30.0,1.44,J,J,,,,missingreplog_LMCX-2.csv,,,Data replog,,,LMCX-2,True,IR
ir031211.0077        [0,LMC X-2,05:20:29.1,-71:57:37,2003-12-12,02:20:44,2452985.5977,30.1,1.44,J,J,,,,missingreplog_LMCX-2.csv,,,Data replog,,,LMCX-2,True,IR
ir031210.0049        [0,LMC X-2,05:20:28.9,-71:57:34,2003-12-11,01:47:38,2452984.5748,30.1,1.5,J,J,,,,missingreplog_LMCX-2.csv,,,Data replog,,,LMCX-2,True,IR
ir031210.0048        [0,LMC X-2,05:20:28.9,-71:57:34,2003-12-11,01:46:46,2452984.5741,30.0,1.5,J,J,,,,missingreplog_LMCX-2.csv,,,Data replog,,,LMCX-2,True,IR
ir031210.0047        [0,LMC X-2,05:20:28.9,-71:57:35,2003-12-11,01:45:54,2452984.5735,30.0,1.5,J,J,,,,missingreplog_LMCX-2.csv,,,Data replog,,,LMCX-2,True,IR
ir031210.0046        [0,LMC X-2,05:20:28.9,-71:57:35,2003-12-11,01:45:01,2452984.5729,30.1,1.51,J,J,,,,missingreplog_LMCX-2.csv,,,Data replog,,,LMCX-2,True,IR
ir031210.0045        [0,LMC X-2,05:20:28.9,-71:57:35,2003-12-11,01:44:08,2452984.5723,30.0,1.51,J,J,,,,missingreplog_LMCX-2.csv,,,Data replog,,,LMCX-2,True,IR
ir031210.0044        [0,LMC X-2,05:20:29.0,-71:57:36,2003-12-11,01:43:16,2452984.5717,30.0,1.51,J,J,,,,missingreplog_LMCX-2.csv,,,Data replog,,,LMCX-2,True,IR
ir031208.0131        [0,LMC X-2,05:20:29.1,-71:57:34,2003-12-09,05:00:15,2452982.7085,30.1,1.34,J,J,,,,missingreplog_LMCX-2.csv,,,Data replog,,,LMCX-2,True,IR
ir031208.0130        [0,LMC X-2,05:20:29.1,-71:57:34,2003-12-09,04:59:23,2452982.7079,30.1,1.34,J,J,,,,missingreplog_LMCX-2.csv,,,Data replog,,,LMCX-2,True,IR
ir031208.0129        [0,LMC X-2,05:20:29.1,-71:57:34,2003-12-09,04:58:30,2452982.7073,30.1,1.34,J,J,,,,missingreplog_LMCX-2.csv,,,Data replog,,,LMCX-2,True,IR
ir031208.0128        [0,LMC X-2,05:20:29.1,-71:57:35,2003-12-09,04:57:37,2452982.7067,30.0,1.34,J,J,,,,missingreplog_LMCX-2.csv,,,Data replog,,,LMCX-2,True,IR
ir031208.0127        [0,LMC X-2,05:20:29.1,-71:57:35,2003-12-09,04:56:44,2452982.7061,30.1,1.34,J,J,,,,missingreplog_LMCX-2.csv,,,Data replog,,,LMCX-2,True,IR
ir031201.0187        [0,LMC X-2,05:20:30.5,-71:57:57,2003-12-02,05:02:36,2452975.7102,30.1,1.35,J,J,,,,missingreplog_LMCX-2.csv,,,Data replog,,,LMCX-2,True,IR
ir031201.0185        [0,LMC X-2,05:20:30.6,-71:57:57,2003-12-02,05:00:51,2452975.7089,30.1,1.35,J,J,,,,missingreplog_LMCX-2.csv,,,Data replog,,,LMCX-2,True,IR
ir040108.0085        [0,LMC X-2,05:20:29.7,-71:58:0.,2004-01-09,03:32:03,2453013.6473,30.1,1.35,J,J,,,,missingreplog_LMCX-2.csv,,,Data replog,,,LMCX-2,True,IR
ir031123.0015        [0,LMC X-2,05:20:29.0,-71:57:36,2003-11-24,04:03:00,2452967.6688,30.1,1.4,J,J,,,,missingreplog_LMCX-2.csv,,,Data replog,,,LMCX-2,True,IR
ir031125.0074        [0,LMC X-2,05:20:29.1,-71:57:35,2003-11-26,04:26:39,2452969.6852,30.0,1.37,J,J,,,,missingreplog_LMCX-2.csv,,,Data replog,,,LMCX-2,True,IR
ir031125.0073        [0,LMC X-2,05:20:29.1,-71:57:36,2003-11-26,04:25:47,2452969.6846,30.1,1.37,J,J,,,,missingreplog_LMCX-2.csv,,,Data replog,,,LMCX-2,True,IR
ir031124.0178        [0,LMC X-2,05:20:28.9,-71:57:35,2003-11-25,05:38:46,2452968.7353,30.0,1.34,J,J,,,,missingreplog_LMCX-2.csv,,,Data replog,,,LMCX-2,True,IR
ir031124.0177        [0,LMC X-2,05:20:28.9,-71:57:35,2003-11-25,05:37:53,2452968.7346,30.1,1.34,J,J,,,,missingreplog_LMCX-2.csv,,,Data replog,,,LMCX-2,True,IR
ir031124.0176        [0,LMC X-2,05:20:29.0,-71:57:35,2003-11-25,05:37:01,2452968.734,30.0,1.34,J,J,,,,missingreplog_LMCX-2.csv,,,Data replog,,,LMCX-2,True,IR
ir031124.0175        [0,LMC X-2,05:20:29.0,-71:57:35,2003-11-25,05:36:08,2452968.7334,30.1,1.35,J,J,,,,missingreplog_LMCX-2.csv,,,Data replog,,,LMCX-2,True,IR
ir031124.0174        [0,LMC X-2,05:20:29.0,-71:57:36,2003-11-25,05:35:15,2452968.7328,30.1,1.35,J,J,,,,missingreplog_LMCX-2.csv,,,Data replog,,,LMCX-2,True,IR
ir031124.0173        [0,LMC X-2,05:20:29.1,-71:57:35,2003-11-25,05:34:22,2452968.7322,30.1,1.35,J,J,,,,missingreplog_LMCX-2.csv,,,Data replog,,,LMCX-2,True,IR
ir031123.0018        [0,LMC X-2,05:20:28.9,-71:57:34,2003-11-24,04:05:38,2452967.6706,30.0,1.4,J,J,,,,missingreplog_LMCX-2.csv,,,Data replog,,,LMCX-2,True,IR
ir031123.0017        [0,LMC X-2,05:20:28.9,-71:57:34,2003-11-24,04:04:46,2452967.67,30.0,1.4,J,J,,,,missingreplog_LMCX-2.csv,,,Data replog,,,LMCX-2,True,IR
ir031123.0016        [0,LMC X-2,05:20:29.0,-71:57:35,2003-11-24,04:03:54,2452967.6694,30.0,1.4,J,J,,,,missingreplog_LMCX-2.csv,,,Data replog,,,LMCX-2,True,IR
ir031123.0014        [0,LMC X-2,05:20:29.0,-71:57:35,2003-11-24,04:02:08,2452967.6681,30.0,1.4,J,J,,,,missingreplog_LMCX-2.csv,,,Data replog,,,LMCX-2,True,IR
ir031130.0100        [0,LMC X-2,05:20:29.3,-71:57:56,2003-12-01,05:18:02,2452974.7209,30.1,1.34,J,J,,,,missingreplog_LMCX-2.csv,,,Data replog,,,LMCX-2,True,IR
ir031123.0013        [0,LMC X-2,05:20:29.1,-71:57:36,2003-11-24,04:01:16,2452967.6675,30.0,1.4,J,J,,,,missingreplog_LMCX-2.csv,,,Data replog,,,LMCX-2,True,IR
ir031121.0099        [0,LMC X-2,05:20:29.1,-71:57:34,2003-11-22,03:34:10,2452965.6487,30.1,1.45,J,J,,,,missingreplog_LMCX-2.csv,,,Data replog,,,LMCX-2,True,IR
ir031121.0098        [0,LMC X-2,05:20:29.1,-71:57:34,2003-11-22,03:33:17,2452965.6481,30.0,1.45,J,J,,,,missingreplog_LMCX-2.csv,,,Data replog,,,LMCX-2,True,IR
ir031121.0097        [0,LMC X-2,05:20:29.0,-71:57:34,2003-11-22,03:32:25,2452965.6475,30.1,1.45,J,J,,,,missingreplog_LMCX-2.csv,,,Data replog,,,LMCX-2,True,IR
ir031121.0096        [0,LMC X-2,05:20:29.0,-71:57:35,2003-11-22,03:31:33,2452965.6469,30.0,1.45,J,J,,,,missingreplog_LMCX-2.csv,,,Data replog,,,LMCX-2,True,IR
ir031121.0095        [0,LMC X-2,05:20:29.1,-71:57:35,2003-11-22,03:30:40,2452965.6463,30.1,1.45,J,J,,,,missingreplog_LMCX-2.csv,,,Data replog,,,LMCX-2,True,IR
ir031121.0094        [0,LMC X-2,05:20:29.1,-71:57:36,2003-11-22,03:29:48,2452965.6457,30.1,1.45,J,J,,,,missingreplog_LMCX-2.csv,,,Data replog,,,LMCX-2,True,IR
ir031114.0234        [0,LMC X-2,05:20:29.5,-71:57:57,2003-11-15,06:35:55,2452958.7749,30.0,1.34,J,J,,,,missingreplog_LMCX-2.csv,,,Data replog,,,LMCX-2,True,IR
ir031114.0233        [0,LMC X-2,05:20:29.5,-71:57:57,2003-11-15,06:35:03,2452958.7743,30.1,1.34,J,J,,,,missingreplog_LMCX-2.csv,,,Data replog,,,LMCX-2,True,IR
ir031114.0232        [0,LMC X-2,05:20:29.5,-71:57:57,2003-11-15,06:34:11,2452958.7737,30.0,1.34,J,J,,,,missingreplog_LMCX-2.csv,,,Data replog,,,LMCX-2,True,IR
ir031114.0231        [0,LMC X-2,05:20:29.6,-71:57:57,2003-11-15,06:33:18,2452958.7731,30.0,1.34,J,J,,,,missingreplog_LMCX-2.csv,,,Data replog,,,LMCX-2,True,IR
ir031125.0075        [0,LMC X-2,05:20:29.0,-71:57:35,2003-11-26,04:27:32,2452969.6858,30.0,1.37,J,J,,,,missingreplog_LMCX-2.csv,,,Data replog,,,LMCX-2,True,IR
ir031125.0076        [0,LMC X-2,05:20:28.9,-71:57:35,2003-11-26,04:28:25,2452969.6864,30.1,1.37,J,J,,,,missingreplog_LMCX-2.csv,,,Data replog,,,LMCX-2,True,IR
ir031125.0077        [0,LMC X-2,05:20:28.9,-71:57:35,2003-11-26,04:29:17,2452969.687,30.0,1.37,J,J,,,,missingreplog_LMCX-2.csv,,,Data replog,,,LMCX-2,True,IR
ir031125.0078        [0,LMC X-2,05:20:28.9,-71:57:35,2003-11-26,04:30:09,2452969.6876,30.1,1.37,J,J,,,,missingreplog_LMCX-2.csv,,,Data replog,,,LMCX-2,True,IR
ir031130.0099        [0,LMC X-2,05:20:29.3,-71:57:57,2003-12-01,05:17:09,2452974.7202,30.1,1.34,J,J,,,,missingreplog_LMCX-2.csv,,,Data replog,,,LMCX-2,True,IR
ir031130.0098        [0,LMC X-2,05:20:29.3,-71:57:57,2003-12-01,05:16:17,2452974.7196,30.1,1.34,J,J,,,,missingreplog_LMCX-2.csv,,,Data replog,,,LMCX-2,True,IR
ir031130.0097        [0,LMC X-2,05:20:29.3,-71:57:57,2003-12-01,05:15:24,2452974.719,30.0,1.34,J,J,,,,missingreplog_LMCX-2.csv,,,Data replog,,,LMCX-2,True,IR
ir031130.0096        [0,LMC X-2,05:20:29.3,-71:57:57,2003-12-01,05:14:31,2452974.7184,30.1,1.34,J,J,,,,missingreplog_LMCX-2.csv,,,Data replog,,,LMCX-2,True,IR
ir031130.0095        [0,LMC X-2,05:20:29.3,-71:57:57,2003-12-01,05:13:41,2452974.7178,30.0,1.35,J,J,,,,missingreplog_LMCX-2.csv,,,Data replog,,,LMCX-2,True,IR
ir031129.0138        [0,LMC X-2,05:20:30.0,-71:57:35,2003-11-30,04:25:54,2452973.6847,30.0,1.36,J,J,,,,missingreplog_LMCX-2.csv,,,Data replog,,,LMCX-2,True,IR
ir031129.0137        [0,LMC X-2,05:20:30.0,-71:57:35,2003-11-30,04:25:01,2452973.684,30.1,1.36,J,J,,,,missingreplog_LMCX-2.csv,,,Data replog,,,LMCX-2,True,IR
ir031129.0136        [0,LMC X-2,05:20:30.0,-71:57:35,2003-11-30,04:24:09,2452973.6834,30.1,1.36,J,J,,,,missingreplog_LMCX-2.csv,,,Data replog,,,LMCX-2,True,IR
ir031129.0135        [0,LMC X-2,05:20:30.0,-71:57:35,2003-11-30,04:23:16,2452973.6828,30.0,1.36,J,J,,,,missingreplog_LMCX-2.csv,,,Data replog,,,LMCX-2,True,IR
ir031129.0134        [0,LMC X-2,05:20:29.9,-71:57:35,2003-11-30,04:22:23,2452973.6822,30.0,1.37,J,J,,,,missingreplog_LMCX-2.csv,,,Data replog,,,LMCX-2,True,IR
ir031129.0133        [0,LMC X-2,05:20:29.8,-71:57:35,2003-11-30,04:21:32,2452973.6816,30.0,1.37,J,J,,,,missingreplog_LMCX-2.csv,,,Data replog,,,LMCX-2,True,IR
ir031128.0152        [0,LMC X-2,05:20:28.6,-71:57:47,2003-11-29,05:31:19,2452972.7301,30.0,1.34,J,J,,,,missingreplog_LMCX-2.csv,,,Data replog,,,LMCX-2,True,IR
ir031128.0151        [0,LMC X-2,05:20:28.7,-71:57:48,2003-11-29,05:30:26,2452972.7295,30.0,1.34,J,J,,,,missingreplog_LMCX-2.csv,,,Data replog,,,LMCX-2,True,IR
ir031128.0150        [0,LMC X-2,05:20:28.8,-71:57:48,2003-11-29,05:29:35,2452972.7289,30.0,1.34,J,J,,,,missingreplog_LMCX-2.csv,,,Data replog,,,LMCX-2,True,IR
ir031128.0149        [0,LMC X-2,05:20:28.8,-71:57:48,2003-11-29,05:28:42,2452972.7283,30.0,1.34,J,J,,,,missingreplog_LMCX-2.csv,,,Data replog,,,LMCX-2,True,IR
ir031128.0148        [0,LMC X-2,05:20:28.9,-71:57:48,2003-11-29,05:27:49,2452972.7276,30.1,1.34,J,J,,,,missingreplog_LMCX-2.csv,,,Data replog,,,LMCX-2,True,IR
ir031128.0147        [0,LMC X-2,05:20:28.9,-71:57:49,2003-11-29,05:26:57,2452972.727,30.0,1.34,J,J,,,,missingreplog_LMCX-2.csv,,,Data replog,,,LMCX-2,True,IR
ir031126.0125        [0,LMC X-2,05:20:28.8,-71:20:26,2003-11-27,05:17:05,2452970.7202,30.0,1.33,J,J,,,,missingreplog_LMCX-2.csv,,,Data replog,,,LMCX-2,True,IR
ir031126.0124        [0,LMC X-2,05:20:28.8,-71:20:26,2003-11-27,05:16:13,2452970.7196,30.0,1.33,J,J,,,,missingreplog_LMCX-2.csv,,,Data replog,,,LMCX-2,True,IR
ir031126.0123        [0,LMC X-2,05:20:28.8,-71:20:27,2003-11-27,05:15:21,2452970.719,30.0,1.33,J,J,,,,missingreplog_LMCX-2.csv,,,Data replog,,,LMCX-2,True,IR
ir031126.0122        [0,LMC X-2,05:20:28.9,-71:20:27,2003-11-27,05:14:28,2452970.7184,30.1,1.33,J,J,,,,missingreplog_LMCX-2.csv,,,Data replog,,,LMCX-2,True,IR
ir031126.0121        [0,LMC X-2,05:20:28.9,-71:20:27,2003-11-27,05:13:35,2452970.7178,30.1,1.33,J,J,,,,missingreplog_LMCX-2.csv,,,Data replog,,,LMCX-2,True,IR
ir031126.0120        [0,LMC X-2,05:20:29.0,-71:20:28,2003-11-27,05:12:43,2452970.7172,30.0,1.34,J,J,,,,missingreplog_LMCX-2.csv,,,Data replog,,,LMCX-2,True,IR
ir031213.0093        [0,LMC X-2,05:20:29.7,-71:57:43,2003-12-14,03:16:20,2452987.6363,30.1,1.37,J,J,,,,missingreplog_LMCX-2.csv,,,Data replog,,,LMCX-2,True,IR
ir031213.0094        [0,LMC X-2,05:20:29.7,-71:57:42,2003-12-14,03:17:13,2452987.637,30.0,1.37,J,J,,,,missingreplog_LMCX-2.csv,,,Data replog,,,LMCX-2,True,IR
ir031213.0095        [0,LMC X-2,05:20:29.6,-71:57:42,2003-12-14,03:18:05,2452987.6376,30.1,1.37,J,J,,,,missingreplog_LMCX-2.csv,,,Data replog,,,LMCX-2,True,IR
ir031227.0251        [0,LMC X-2,05:20:28.2,-71:57:24,2003-12-28,05:50:40,2453001.7435,30.1,1.43,J,J,,,,missingreplog_LMCX-2.csv,,,Data replog,,,LMCX-2,True,IR
ir031229.0158        [0,LMC X-2,05:20:29.5,-71:57:25,2003-12-30,04:28:24,2453003.6864,30.1,1.36,J,J,,,,missingreplog_LMCX-2.csv,,,Data replog,,,LMCX-2,True,IR
ir031229.0157        [0,LMC X-2,05:20:29.5,-71:57:25,2003-12-30,04:27:31,2453003.6858,30.0,1.36,J,J,,,,missingreplog_LMCX-2.csv,,,Data replog,,,LMCX-2,True,IR
ir031229.0156        [0,LMC X-2,05:20:29.6,-71:57:26,2003-12-30,04:26:38,2453003.6852,30.1,1.36,J,J,,,,missingreplog_LMCX-2.csv,,,Data replog,,,LMCX-2,True,IR
ir031229.0155        [0,LMC X-2,05:20:29.6,-71:57:27,2003-12-30,04:25:45,2453003.6846,30.0,1.36,J,J,,,,missingreplog_LMCX-2.csv,,,Data replog,,,LMCX-2,True,IR
ir031228.0204        [0,LMC X-2,05:20:30.0,-71:57:52,2003-12-29,04:44:04,2453002.6973,30.1,1.37,J,J,,,,missingreplog_LMCX-2.csv,,,Data replog,,,LMCX-2,True,IR
ir031228.0203        [0,LMC X-2,05:20:30.0,-71:57:52,2003-12-29,04:43:11,2453002.6967,30.1,1.37,J,J,,,,missingreplog_LMCX-2.csv,,,Data replog,,,LMCX-2,True,IR
ir031228.0202        [0,LMC X-2,05:20:30.0,-71:57:52,2003-12-29,04:42:19,2453002.6961,30.0,1.37,J,J,,,,missingreplog_LMCX-2.csv,,,Data replog,,,LMCX-2,True,IR
ir031228.0201        [0,LMC X-2,05:20:30.0,-71:57:52,2003-12-29,04:41:26,2453002.6954,30.0,1.37,J,J,,,,missingreplog_LMCX-2.csv,,,Data replog,,,LMCX-2,True,IR
ir031228.0200        [0,LMC X-2,05:20:30.0,-71:57:53,2003-12-29,04:40:33,2453002.6948,30.1,1.36,J,J,,,,missingreplog_LMCX-2.csv,,,Data replog,,,LMCX-2,True,IR
ir031228.0199        [0,LMC X-2,05:20:30.0,-71:57:53,2003-12-29,04:39:41,2453002.6942,30.0,1.36,J,J,,,,missingreplog_LMCX-2.csv,,,Data replog,,,LMCX-2,True,IR
ir031227.0252        [0,LMC X-2,05:20:28.2,-71:57:24,2003-12-28,05:51:32,2453001.7441,30.0,1.43,J,J,,,,missingreplog_LMCX-2.csv,,,Data replog,,,LMCX-2,True,IR
ir031227.0250        [0,LMC X-2,05:20:28.1,-71:57:24,2003-12-28,05:49:50,2453001.7429,30.0,1.43,J,J,,,,missingreplog_LMCX-2.csv,,,Data replog,,,LMCX-2,True,IR
ir031213.0096        [0,LMC X-2,05:20:29.5,-71:57:42,2003-12-14,03:18:58,2452987.6382,30.1,1.37,J,J,,,,missingreplog_LMCX-2.csv,,,Data replog,,,LMCX-2,True,IR
ir031227.0249        [0,LMC X-2,05:20:28.2,-71:57:25,2003-12-28,05:48:57,2453001.7423,30.0,1.43,J,J,,,,missingreplog_LMCX-2.csv,,,Data replog,,,LMCX-2,True,IR
ir031227.0248        [0,LMC X-2,05:20:28.1,-71:57:25,2003-12-28,05:48:04,2453001.7417,30.0,1.42,J,J,,,,missingreplog_LMCX-2.csv,,,Data replog,,,LMCX-2,True,IR
ir031227.0247        [0,LMC X-2,05:20:28.2,-71:57:25,2003-12-28,05:47:12,2453001.7411,30.0,1.42,J,J,,,,missingreplog_LMCX-2.csv,,,Data replog,,,LMCX-2,True,IR
ir031226.0229        [0,LMC X-2,05:20:29.1,-71:57:42,2003-12-27,05:16:34,2453000.7198,30.1,1.39,J,J,,,,missingreplog_LMCX-2.csv,,,Data replog,,,LMCX-2,True,IR
ir031226.0228        [0,LMC X-2,05:20:29.1,-71:57:42,2003-12-27,05:15:41,2453000.7192,30.0,1.39,J,J,,,,missingreplog_LMCX-2.csv,,,Data replog,,,LMCX-2,True,IR
ir031226.0227        [0,LMC X-2,05:20:29.2,-71:57:43,2003-12-27,05:14:49,2453000.7186,30.0,1.38,J,J,,,,missingreplog_LMCX-2.csv,,,Data replog,,,LMCX-2,True,IR
ir031226.0226        [0,LMC X-2,05:20:29.2,-71:57:43,2003-12-27,05:13:57,2453000.718,30.0,1.38,J,J,,,,missingreplog_LMCX-2.csv,,,Data replog,,,LMCX-2,True,IR
ir031226.0225        [0,LMC X-2,05:20:29.3,-71:57:43,2003-12-27,05:13:04,2453000.7174,30.0,1.38,J,J,,,,missingreplog_LMCX-2.csv,,,Data replog,,,LMCX-2,True,IR
ir031226.0224        [0,LMC X-2,05:20:29.3,-71:57:44,2003-12-27,05:12:12,2453000.7168,30.0,1.38,J,J,,,,missingreplog_LMCX-2.csv,,,Data replog,,,LMCX-2,True,IR
ir031225.0283        [0,LMC X-2,05:20:28.8,-71:57:50,2003-12-26,05:55:19,2452999.7467,30.0,1.42,J,J,,,,missingreplog_LMCX-2.csv,,,Data replog,,,LMCX-2,True,IR
ir031225.0282        [0,LMC X-2,05:20:28.8,-71:57:50,2003-12-26,05:54:27,2452999.7462,30.1,1.42,J,J,,,,missingreplog_LMCX-2.csv,,,Data replog,,,LMCX-2,True,IR
ir031229.0159        [0,LMC X-2,05:20:29.5,-71:57:25,2003-12-30,04:29:16,2453003.687,30.1,1.36,J,J,,,,missingreplog_LMCX-2.csv,,,Data replog,,,LMCX-2,True,IR
ir031229.0160        [0,LMC X-2,05:20:29.5,-71:57:24,2003-12-30,04:30:08,2453003.6876,30.1,1.36,J,J,,,,missingreplog_LMCX-2.csv,,,Data replog,,,LMCX-2,True,IR
ir031230.0149        [0,LMC X-2,05:20:29.8,-71:57:55,2003-12-31,04:42:56,2453004.6965,30.0,1.37,J,J,,,,missingreplog_LMCX-2.csv,,,Data replog,,,LMCX-2,True,IR
ir031230.0150        [0,LMC X-2,05:20:29.7,-71:57:54,2003-12-31,04:43:48,2453004.6971,30.0,1.37,J,J,,,,missingreplog_LMCX-2.csv,,,Data replog,,,LMCX-2,True,IR
ir040108.0084        [0,LMC X-2,05:20:29.5,-71:58:0.,2004-01-09,03:31:10,2453013.6467,30.1,1.35,J,J,,,,missingreplog_LMCX-2.csv,,,Data replog,,,LMCX-2,True,IR
ir040107.0175        [0,LMC X-2,05:20:29.0,-71:57:36,2004-01-08,04:15:23,2453012.6774,30.1,1.37,J,J,,,,missingreplog_LMCX-2.csv,,,Data replog,,,LMCX-2,True,IR
ir040107.0174        [0,LMC X-2,05:20:28.9,-71:57:36,2004-01-08,04:14:30,2453012.6768,30.0,1.37,J,J,,,,missingreplog_LMCX-2.csv,,,Data replog,,,LMCX-2,True,IR
ir040107.0173        [0,LMC X-2,05:20:28.9,-71:57:35,2004-01-08,04:13:38,2453012.6761,30.0,1.37,J,J,,,,missingreplog_LMCX-2.csv,,,Data replog,,,LMCX-2,True,IR
ir040107.0172        [0,LMC X-2,05:20:29.0,-71:57:36,2004-01-08,04:12:45,2453012.6755,30.0,1.37,J,J,,,,missingreplog_LMCX-2.csv,,,Data replog,,,LMCX-2,True,IR
ir040107.0171        [0,LMC X-2,05:20:29.0,-71:57:35,2004-01-08,04:11:53,2453012.6749,30.0,1.37,J,J,,,,missingreplog_LMCX-2.csv,,,Data replog,,,LMCX-2,True,IR
ir040107.0170        [0,LMC X-2,05:20:29.1,-71:57:36,2004-01-08,04:11:00,2453012.6743,30.0,1.37,J,J,,,,missingreplog_LMCX-2.csv,,,Data replog,,,LMCX-2,True,IR
ir040105.0135        [0,LMC X-2,05:20:28.8,-71:57:36,2004-01-06,04:23:38,2453010.6831,30.0,1.37,J,J,,,,missingreplog_LMCX-2.csv,,,Data replog,,,LMCX-2,True,IR
ir040105.0134        [0,LMC X-2,05:20:28.9,-71:57:36,2004-01-06,04:22:46,2453010.6825,30.0,1.37,J,J,,,,missingreplog_LMCX-2.csv,,,Data replog,,,LMCX-2,True,IR
ir040105.0133        [0,LMC X-2,05:20:28.9,-71:57:36,2004-01-06,04:21:53,2453010.6819,30.0,1.37,J,J,,,,missingreplog_LMCX-2.csv,,,Data replog,,,LMCX-2,True,IR
ir040105.0132        [0,LMC X-2,05:20:29.0,-71:57:36,2004-01-06,04:21:01,2453010.6813,30.1,1.37,J,J,,,,missingreplog_LMCX-2.csv,,,Data replog,,,LMCX-2,True,IR
ir040105.0131        [0,LMC X-2,05:20:29.1,-71:57:35,2004-01-06,04:20:08,2453010.6806,30.1,1.37,J,J,,,,missingreplog_LMCX-2.csv,,,Data replog,,,LMCX-2,True,IR
ir040105.0130        [0,LMC X-2,05:20:29.1,-71:57:35,2004-01-06,04:19:16,2453010.6801,30.0,1.37,J,J,,,,missingreplog_LMCX-2.csv,,,Data replog,,,LMCX-2,True,IR
ir040103.0356        [0,LMC X-2,05:20:29.0,-71:57:34,2004-01-04,07:13:57,2453008.8013,30.0,1.65,J,J,,,,missingreplog_LMCX-2.csv,,,Data replog,,,LMCX-2,True,IR
ir040103.0355        [0,LMC X-2,05:20:29.0,-71:57:34,2004-01-04,07:13:05,2453008.8007,30.0,1.65,J,J,,,,missingreplog_LMCX-2.csv,,,Data replog,,,LMCX-2,True,IR
ir040103.0354        [0,LMC X-2,05:20:29.0,-71:57:35,2004-01-04,07:12:12,2453008.8002,30.1,1.64,J,J,,,,missingreplog_LMCX-2.csv,,,Data replog,,,LMCX-2,True,IR
ir040103.0353        [0,LMC X-2,05:20:29.0,-71:57:35,2004-01-04,07:11:19,2453008.7995,30.0,1.64,J,J,,,,missingreplog_LMCX-2.csv,,,Data replog,,,LMCX-2,True,IR
ir040103.0352        [0,LMC X-2,05:20:29.1,-71:57:35,2004-01-04,07:10:27,2453008.7989,30.0,1.64,J,J,,,,missingreplog_LMCX-2.csv,,,Data replog,,,LMCX-2,True,IR
ir040103.0351        [0,LMC X-2,05:20:29.1,-71:57:35,2004-01-04,07:09:34,2453008.7983,30.0,1.64,J,J,,,,missingreplog_LMCX-2.csv,,,Data replog,,,LMCX-2,True,IR
ir031230.0154        [0,LMC X-2,05:20:29.5,-71:57:53,2003-12-31,04:47:19,2453004.6995,30.1,1.37,J,J,,,,missingreplog_LMCX-2.csv,,,Data replog,,,LMCX-2,True,IR
ir031230.0153        [0,LMC X-2,05:20:29.6,-71:57:53,2003-12-31,04:46:26,2453004.6989,30.1,1.37,J,J,,,,missingreplog_LMCX-2.csv,,,Data replog,,,LMCX-2,True,IR
ir031230.0152        [0,LMC X-2,05:20:29.6,-71:57:54,2003-12-31,04:45:34,2453004.6983,30.0,1.37,J,J,,,,missingreplog_LMCX-2.csv,,,Data replog,,,LMCX-2,True,IR
ir031230.0151        [0,LMC X-2,05:20:29.7,-71:57:54,2003-12-31,04:44:41,2453004.6977,30.0,1.37,J,J,,,,missingreplog_LMCX-2.csv,,,Data replog,,,LMCX-2,True,IR
ir031225.0281        [0,LMC X-2,05:20:28.7,-71:57:50,2003-12-26,05:53:34,2452999.7455,30.0,1.42,J,J,,,,missingreplog_LMCX-2.csv,,,Data replog,,,LMCX-2,True,IR
ir031225.0280        [0,LMC X-2,05:20:28.8,-71:57:50,2003-12-26,05:52:42,2452999.7449,30.0,1.42,J,J,,,,missingreplog_LMCX-2.csv,,,Data replog,,,LMCX-2,True,IR
ir031225.0279        [0,LMC X-2,05:20:28.8,-71:57:50,2003-12-26,05:51:49,2452999.7443,30.0,1.42,J,J,,,,missingreplog_LMCX-2.csv,,,Data replog,,,LMCX-2,True,IR
ir031218.0173        [0,LMC X-2,05:20:29.4,-71:57:34,2003-12-19,04:55:14,2452992.705,30.0,1.35,J,J,,,,missingreplog_LMCX-2.csv,,,Data replog,,,LMCX-2,True,IR
ir031218.0171        [0,LMC X-2,05:20:29.3,-71:57:34,2003-12-19,04:53:29,2452992.7038,30.0,1.35,J,J,,,,missingreplog_LMCX-2.csv,,,Data replog,,,LMCX-2,True,IR
ir031218.0170        [0,LMC X-2,05:20:29.3,-71:57:35,2003-12-19,04:52:36,2452992.7032,30.1,1.35,J,J,,,,missingreplog_LMCX-2.csv,,,Data replog,,,LMCX-2,True,IR
ir031218.0169        [0,LMC X-2,05:20:29.2,-71:57:35,2003-12-19,04:51:44,2452992.7026,30.0,1.35,J,J,,,,missingreplog_LMCX-2.csv,,,Data replog,,,LMCX-2,True,IR
ir031217.0077        [0,LMC X-2,05:20:30.7,-71:57:55,2003-12-18,03:11:56,2452991.6333,30.1,1.37,J,J,,,,missingreplog_LMCX-2.csv,,,Data replog,,,LMCX-2,True,IR
ir031217.0076        [0,LMC X-2,05:20:30.6,-71:57:55,2003-12-18,03:11:03,2452991.6327,30.0,1.37,J,J,,,,missingreplog_LMCX-2.csv,,,Data replog,,,LMCX-2,True,IR
ir031217.0075        [0,LMC X-2,05:20:30.6,-71:57:55,2003-12-18,03:10:11,2452991.6321,30.0,1.37,J,J,,,,missingreplog_LMCX-2.csv,,,Data replog,,,LMCX-2,True,IR
ir031217.0074        [0,LMC X-2,05:20:30.6,-71:57:55,2003-12-18,03:09:18,2452991.6315,30.1,1.37,J,J,,,,missingreplog_LMCX-2.csv,,,Data replog,,,LMCX-2,True,IR
ir031217.0073        [0,LMC X-2,05:20:30.6,-71:57:55,2003-12-18,03:08:25,2452991.6308,30.0,1.37,J,J,,,,missingreplog_LMCX-2.csv,,,Data replog,,,LMCX-2,True,IR
ir031217.0072        [0,LMC X-2,05:20:30.5,-71:57:56,2003-12-18,03:07:33,2452991.6302,30.1,1.37,J,J,,,,missingreplog_LMCX-2.csv,,,Data replog,,,LMCX-2,True,IR
ir031216.0151        [0,LMC X-2,05:20:29.4,-71:57:49,2003-12-17,04:30:26,2452990.6878,30.0,1.34,J,J,,,,missingreplog_LMCX-2.csv,,,Data replog,,,LMCX-2,True,IR
ir031216.0150        [0,LMC X-2,05:20:29.4,-71:57:49,2003-12-17,04:29:33,2452990.6872,30.0,1.34,J,J,,,,missingreplog_LMCX-2.csv,,,Data replog,,,LMCX-2,True,IR
ir031216.0149        [0,LMC X-2,05:20:29.5,-71:57:50,2003-12-17,04:28:41,2452990.6866,30.0,1.34,J,J,,,,missingreplog_LMCX-2.csv,,,Data replog,,,LMCX-2,True,IR
ir031216.0148        [0,LMC X-2,05:20:29.5,-71:57:50,2003-12-17,04:27:49,2452990.686,30.0,1.34,J,J,,,,missingreplog_LMCX-2.csv,,,Data replog,,,LMCX-2,True,IR
ir031216.0147        [0,LMC X-2,05:20:29.5,-71:57:50,2003-12-17,04:26:56,2452990.6854,30.0,1.34,J,J,,,,missingreplog_LMCX-2.csv,,,Data replog,,,LMCX-2,True,IR
ir031216.0146        [0,LMC X-2,05:20:29.5,-71:57:51,2003-12-17,04:26:04,2452990.6848,30.0,1.34,J,J,,,,missingreplog_LMCX-2.csv,,,Data replog,,,LMCX-2,True,IR
ir031215.0091        [0,LMC X-2,05:20:31.5,-71:58:2.,2003-12-16,03:00:49,2452989.6256,30.0,1.38,J,J,,,,missingreplog_LMCX-2.csv,,,Data replog,,,LMCX-2,True,IR
ir031215.0090        [0,LMC X-2,05:20:31.5,-71:58:2.,2003-12-16,02:59:57,2452989.625,30.0,1.38,J,J,,,,missingreplog_LMCX-2.csv,,,Data replog,,,LMCX-2,True,IR
ir031215.0089        [0,LMC X-2,05:20:31.5,-71:58:3.,2003-12-16,02:59:05,2452989.6244,30.0,1.38,J,J,,,,missingreplog_LMCX-2.csv,,,Data replog,,,LMCX-2,True,IR
ir031215.0088        [0,LMC X-2,05:20:31.5,-71:58:3.,2003-12-16,02:58:12,2452989.6238,30.0,1.38,J,J,,,,missingreplog_LMCX-2.csv,,,Data replog,,,LMCX-2,True,IR
ir031215.0087        [0,LMC X-2,05:20:31.5,-71:58:3.,2003-12-16,02:57:20,2452989.6231,30.1,1.38,J,J,,,,missingreplog_LMCX-2.csv,,,Data replog,,,LMCX-2,True,IR
ir031215.0086        [0,LMC X-2,05:20:31.5,-71:58:3.,2003-12-16,02:56:28,2452989.6225,30.1,1.38,J,J,,,,missingreplog_LMCX-2.csv,,,Data replog,,,LMCX-2,True,IR
ir031213.0098        [0,LMC X-2,05:20:29.5,-71:57:41,2003-12-14,03:20:42,2452987.6394,30.1,1.37,J,J,,,,missingreplog_LMCX-2.csv,,,Data replog,,,LMCX-2,True,IR
ir031213.0097        [0,LMC X-2,05:20:29.5,-71:57:42,2003-12-14,03:19:50,2452987.6388,30.1,1.37,J,J,,,,missingreplog_LMCX-2.csv,,,Data replog,,,LMCX-2,True,IR
ir031218.0172        [0,LMC X-2,05:20:29.3,-71:57:34,2003-12-19,04:54:22,2452992.7044,30.0,1.35,J,J,,,,missingreplog_LMCX-2.csv,,,Data replog,,,LMCX-2,True,IR
ir031218.0174        [0,LMC X-2,05:20:29.4,-71:57:34,2003-12-19,04:56:07,2452992.7056,30.1,1.35,J,J,,,,missingreplog_LMCX-2.csv,,,Data replog,,,LMCX-2,True,IR
ir031225.0278        [0,LMC X-2,05:20:28.8,-71:57:50,2003-12-26,05:50:57,2452999.7437,30.0,1.42,J,J,,,,missingreplog_LMCX-2.csv,,,Data replog,,,LMCX-2,True,IR
ir031220.0099        [0,LMC X-2,05:20:29.0,-71:57:35,2003-12-21,02:40:37,2452994.6115,30.0,1.38,J,J,,,,missingreplog_LMCX-2.csv,,,Data replog,,,LMCX-2,True,IR
ir031223.0323        [0,LMC X-2,05:20:29.0,-71:57:33,2003-12-24,05:45:07,2452997.7397,30.1,1.4,J,J,,,,missingreplog_LMCX-2.csv,,,Data replog,,,LMCX-2,True,IR
ir031223.0322        [0,LMC X-2,05:20:29.0,-71:57:33,2003-12-24,05:44:15,2452997.7391,30.1,1.4,J,J,,,,missingreplog_LMCX-2.csv,,,Data replog,,,LMCX-2,True,IR
ir031223.0321        [0,LMC X-2,05:20:29.0,-71:57:33,2003-12-24,05:43:23,2452997.7385,30.1,1.4,J,J,,,,missingreplog_LMCX-2.csv,,,Data replog,,,LMCX-2,True,IR
ir031223.0320        [0,LMC X-2,05:20:29.1,-71:57:34,2003-12-24,05:42:30,2452997.7379,30.0,1.4,J,J,,,,missingreplog_LMCX-2.csv,,,Data replog,,,LMCX-2,True,IR
ir031223.0319        [0,LMC X-2,05:20:29.1,-71:57:34,2003-12-24,05:41:37,2452997.7372,30.0,1.4,J,J,,,,missingreplog_LMCX-2.csv,,,Data replog,,,LMCX-2,True,IR
ir031223.0318        [0,LMC X-2,05:20:29.1,-71:57:35,2003-12-24,05:40:45,2452997.7366,30.1,1.4,J,J,,,,missingreplog_LMCX-2.csv,,,Data replog,,,LMCX-2,True,IR
ir031222.0134        [0,LMC X-2,05:20:29.2,-71:57:35,2003-12-23,04:29:16,2452996.687,30.1,1.35,J,J,,,,missingreplog_LMCX-2.csv,,,Data replog,,,LMCX-2,True,IR
ir031222.0133        [0,LMC X-2,05:20:29.2,-71:57:35,2003-12-23,04:28:23,2452996.6864,30.0,1.35,J,J,,,,missingreplog_LMCX-2.csv,,,Data replog,,,LMCX-2,True,IR
ir031222.0132        [0,LMC X-2,05:20:29.2,-71:57:35,2003-12-23,04:27:31,2452996.6858,30.0,1.35,J,J,,,,missingreplog_LMCX-2.csv,,,Data replog,,,LMCX-2,True,IR
ir031222.0131        [0,LMC X-2,05:20:29.2,-71:57:35,2003-12-23,04:26:39,2452996.6852,30.0,1.35,J,J,,,,missingreplog_LMCX-2.csv,,,Data replog,,,LMCX-2,True,IR
ir031222.0130        [0,LMC X-2,05:20:29.2,-71:57:35,2003-12-23,04:25:46,2452996.6846,30.0,1.35,J,J,,,,missingreplog_LMCX-2.csv,,,Data replog,,,LMCX-2,True,IR
ir031222.0129        [0,LMC X-2,05:20:29.1,-71:57:35,2003-12-23,04:24:54,2452996.684,30.0,1.35,J,J,,,,missingreplog_LMCX-2.csv,,,Data replog,,,LMCX-2,True,IR
ir031221.0139        [0,LMC X-2,05:20:28.9,-71:57:34,2003-12-22,04:01:13,2452995.6675,30.0,1.34,J,J,,,,missingreplog_LMCX-2.csv,,,Data replog,,,LMCX-2,True,IR
ir031221.0138        [0,LMC X-2,05:20:28.9,-71:57:34,2003-12-22,04:00:20,2452995.6669,30.0,1.34,J,J,,,,missingreplog_LMCX-2.csv,,,Data replog,,,LMCX-2,True,IR
ir031221.0137        [0,LMC X-2,05:20:29.0,-71:57:34,2003-12-22,03:59:29,2452995.6663,30.0,1.34,J,J,,,,missingreplog_LMCX-2.csv,,,Data replog,,,LMCX-2,True,IR
ir031221.0136        [0,LMC X-2,05:20:29.0,-71:57:34,2003-12-22,03:58:36,2452995.6657,30.0,1.34,J,J,,,,missingreplog_LMCX-2.csv,,,Data replog,,,LMCX-2,True,IR
ir031221.0135        [0,LMC X-2,05:20:29.0,-71:57:34,2003-12-22,03:57:43,2452995.6651,30.1,1.34,J,J,,,,missingreplog_LMCX-2.csv,,,Data replog,,,LMCX-2,True,IR
ir031221.0134        [0,LMC X-2,05:20:29.1,-71:57:35,2003-12-22,03:56:51,2452995.6645,30.0,1.34,J,J,,,,missingreplog_LMCX-2.csv,,,Data replog,,,LMCX-2,True,IR
ir031220.0104        [0,LMC X-2,05:20:28.8,-71:57:34,2003-12-21,02:44:58,2452994.6146,30.0,1.38,J,J,,,,missingreplog_LMCX-2.csv,,,Data replog,,,LMCX-2,True,IR
ir031220.0103        [0,LMC X-2,05:20:28.9,-71:57:35,2003-12-21,02:44:06,2452994.614,30.0,1.38,J,J,,,,missingreplog_LMCX-2.csv,,,Data replog,,,LMCX-2,True,IR
ir031220.0102        [0,LMC X-2,05:20:28.9,-71:57:35,2003-12-21,02:43:14,2452994.6134,30.1,1.38,J,J,,,,missingreplog_LMCX-2.csv,,,Data replog,,,LMCX-2,True,IR
ir031220.0101        [0,LMC X-2,05:20:28.9,-71:57:34,2003-12-21,02:42:21,2452994.6127,30.0,1.38,J,J,,,,missingreplog_LMCX-2.csv,,,Data replog,,,LMCX-2,True,IR
ir031220.0100        [0,LMC X-2,05:20:29.0,-71:57:35,2003-12-21,02:41:29,2452994.6121,30.0,1.38,J,J,,,,missingreplog_LMCX-2.csv,,,Data replog,,,LMCX-2,True,IR
ir040219.0049        [0,LMC X-2,05:20:28.7,-71:57:52,2004-02-20,01:47:29,2453055.5746,30.1,1.39,J,J,,,,missingreplog_LMCX-2.csv,,,Data replog,,,LMCX-2,True,IR
ir040219.0048        [0,LMC X-2,05:20:28.7,-71:57:52,2004-02-20,01:46:36,2453055.574,30.0,1.39,J,J,,,,missingreplog_LMCX-2.csv,,,Data replog,,,LMCX-2,True,IR
binir031205.0108.fits,LMC X-2,05:20:29.17,-71:57:35.7,2003-12-06,03:45:01,2452979.65626,30.05,1.37,V,J,1388,2035,2100,IR_CD_header_logs/LOG_LMC X-2.20031028thru20040303.csv,IR_CD_header_logs/,LMC X-2,CD,YALE-03A-0001,,LMCX-2,True,IR
binir031208.0126.fits,LMC X-2,05:20:29.16,-71:57:35.3,2003-12-09,04:55:52,2452982.70547,30.05,1.34,V,J,1388,2035,2100,IR_CD_header_logs/LOG_LMC X-2.20031028thru20040303.csv,IR_CD_header_logs/,LMC X-2,CD,YALE-03A-0001,,LMCX-2,True,IR
binir031207.0039.fits,LMC X-2,05:20:29.12,-71:57:35.9,2003-12-08,04:49:33,2452981.70108,30.05,1.34,V,J,1358,2035,2130,IR_CD_header_logs/LOG_LMC X-2.20031028thru20040303.csv,IR_CD_header_logs/,LMC X-2,CD,YALE-03A-0001,,LMCX-2,True,IR
binir031207.0037.fits,LMC X-2,05:20:29.18,-71:57:36.0,2003-12-08,04:47:48,2452981.69987,30.05,1.34,V,J,1388,2035,2100,IR_CD_header_logs/LOG_LMC X-2.20031028thru20040303.csv,IR_CD_header_logs/,LMC X-2,CD,YALE-03A-0001,,LMCX-2,True,IR
binir031207.0038.fits,LMC X-2,05:20:29.15,-71:57:35.9,2003-12-08,04:48:41,2452981.70047,30.04,1.34,V,J,1388,2065,2070,IR_CD_header_logs/LOG_LMC X-2.20031028thru20040303.csv,IR_CD_header_logs/,LMC X-2,CD,YALE-03A-0001,,LMCX-2,True,IR
binir031207.0042.fits,LMC X-2,05:20:29.01,-71:57:35.8,2003-12-08,04:52:11,2452981.70291,30.04,1.34,V,J,1418,2035,2070,IR_CD_header_logs/LOG_LMC X-2.20031028thru20040303.csv,IR_CD_header_logs/,LMC X-2,CD,YALE-03A-0001,,LMCX-2,True,IR
binir031207.0040.fits,LMC X-2,05:20:29.08,-71:57:35.8,2003-12-08,04:50:26,2452981.7017,30.05,1.34,V,J,1418,2005,2100,IR_CD_header_logs/LOG_LMC X-2.20031028thru20040303.csv,IR_CD_header_logs/,LMC X-2,CD,YALE-03A-0001,,LMCX-2,True,IR
binir031207.0041.fits,LMC X-2,05:20:29.04,-71:57:35.8,2003-12-08,04:51:18,2452981.7023,30.04,1.34,V,J,1388,2005,2130,IR_CD_header_logs/LOG_LMC X-2.20031028thru20040303.csv,IR_CD_header_logs/,LMC X-2,CD,YALE-03A-0001,,LMCX-2,True,IR
binir031206.0091.fits,LMC X-2,05:20:29.05,-71:57:36.1,2003-12-07,03:01:14,2452980.62586,30.04,1.41,V,J,1358,2035,2130,IR_CD_header_logs/LOG_LMC X-2.20031028thru20040303.csv,IR_CD_header_logs/,LMC X-2,CD,YALE-03A-0001,,LMCX-2,True,IR
binir031206.0089.fits,LMC X-2,05:20:29.10,-71:57:36.6,2003-12-07,02:59:31,2452980.62467,30.04,1.42,V,J,1388,2035,2100,IR_CD_header_logs/LOG_LMC X-2.20031028thru20040303.csv,IR_CD_header_logs/,LMC X-2,CD,YALE-03A-0001,,LMCX-2,True,IR
binir031206.0090.fits,LMC X-2,05:20:29.06,-71:57:36.4,2003-12-07,03:00:21,2452980.62524,30.05,1.41,V,J,1388,2065,2070,IR_CD_header_logs/LOG_LMC X-2.20031028thru20040303.csv,IR_CD_header_logs/,LMC X-2,CD,YALE-03A-0001,,LMCX-2,True,IR
binir031206.0094.fits,LMC X-2,05:20:29.16,-71:57:35.2,2003-12-07,03:03:52,2452980.62769,30.04,1.41,V,J,1418,2035,2070,IR_CD_header_logs/LOG_LMC X-2.20031028thru20040303.csv,IR_CD_header_logs/,LMC X-2,CD,YALE-03A-0001,,LMCX-2,True,IR
binir031206.0092.fits,LMC X-2,05:20:29.08,-71:57:35.8,2003-12-07,03:02:07,2452980.62647,30.05,1.41,V,J,1418,2005,2100,IR_CD_header_logs/LOG_LMC X-2.20031028thru20040303.csv,IR_CD_header_logs/,LMC X-2,CD,YALE-03A-0001,,LMCX-2,True,IR
binir031206.0093.fits,LMC X-2,05:20:29.12,-71:57:35.6,2003-12-07,03:02:59,2452980.62708,30.05,1.41,V,J,1388,2005,2130,IR_CD_header_logs/LOG_LMC X-2.20031028thru20040303.csv,IR_CD_header_logs/,LMC X-2,CD,YALE-03A-0001,,LMCX-2,True,IR
binir031205.0113.fits,LMC X-2,05:20:29.05,-71:57:34.7,2003-12-06,03:49:23,2452979.6593,30.04,1.37,V,J,1418,2035,2070,IR_CD_header_logs/LOG_LMC X-2.20031028thru20040303.csv,IR_CD_header_logs/,LMC X-2,CD,YALE-03A-0001,,LMCX-2,True,IR
binir031205.0112.fits,LMC X-2,05:20:29.07,-71:57:34.9,2003-12-06,03:48:30,2452979.65869,30.05,1.37,V,J,1388,2005,2130,IR_CD_header_logs/LOG_LMC X-2.20031028thru20040303.csv,IR_CD_header_logs/,LMC X-2,CD,YALE-03A-0001,,LMCX-2,True,IR
binir031205.0111.fits,LMC X-2,05:20:29.09,-71:57:34.9,2003-12-06,03:47:38,2452979.65809,30.05,1.37,V,J,1418,2005,2100,IR_CD_header_logs/LOG_LMC X-2.20031028thru20040303.csv,IR_CD_header_logs/,LMC X-2,CD,YALE-03A-0001,,LMCX-2,True,IR
binir031205.0110.fits,LMC X-2,05:20:29.13,-71:57:35.0,2003-12-06,03:46:45,2452979.65747,30.04,1.37,V,J,1358,2035,2130,IR_CD_header_logs/LOG_LMC X-2.20031028thru20040303.csv,IR_CD_header_logs/,LMC X-2,CD,YALE-03A-0001,,LMCX-2,True,IR
binir031208.0127.fits,LMC X-2,05:20:29.13,-71:57:35.3,2003-12-09,04:56:44,2452982.70607,30.05,1.34,V,J,1388,2065,2070,IR_CD_header_logs/LOG_LMC X-2.20031028thru20040303.csv,IR_CD_header_logs/,LMC X-2,CD,YALE-03A-0001,,LMCX-2,True,IR
binir031208.0128.fits,LMC X-2,05:20:29.11,-71:57:35.0,2003-12-09,04:57:37,2452982.70669,30.04,1.34,V,J,1358,2035,2130,IR_CD_header_logs/LOG_LMC X-2.20031028thru20040303.csv,IR_CD_header_logs/,LMC X-2,CD,YALE-03A-0001,,LMCX-2,True,IR
binir031208.0129.fits,LMC X-2,05:20:29.12,-71:57:34.9,2003-12-09,04:58:30,2452982.7073,30.05,1.34,V,J,1418,2005,2100,IR_CD_header_logs/LOG_LMC X-2.20031028thru20040303.csv,IR_CD_header_logs/,LMC X-2,CD,YALE-03A-0001,,LMCX-2,True,IR
binir031211.0081.fits,LMC X-2,05:20:29.25,-71:57:38.5,2003-12-12,02:24:12,2452985.60014,30.04,1.44,V,J,1388,2005,2130,IR_CD_header_logs/LOG_LMC X-2.20031028thru20040303.csv,IR_CD_header_logs/,LMC X-2,CD,YALE-03A-0001,,LMCX-2,True,IR
binir031212.0150.fits,LMC X-2,05:20:30.89,-71:57:41.7,2003-12-13,04:00:34,2452986.66707,30.04,1.35,V,J,1358,2035,2130,IR_CD_header_logs/LOG_LMC X-2.20031028thru20040303.csv,IR_CD_header_logs/,LMC X-2,CD,YALE-03A-0001,,LMCX-2,True,IR
binir031212.0149.fits,LMC X-2,05:20:30.91,-71:57:41.9,2003-12-13,03:59:41,2452986.66645,30.05,1.35,V,J,1388,2065,2070,IR_CD_header_logs/LOG_LMC X-2.20031028thru20040303.csv,IR_CD_header_logs/,LMC X-2,CD,YALE-03A-0001,,LMCX-2,True,IR
binir031212.0148.fits,LMC X-2,05:20:30.94,-71:57:42.2,2003-12-13,03:58:49,2452986.66585,30.04,1.35,V,J,1388,2035,2100,IR_CD_header_logs/LOG_LMC X-2.20031028thru20040303.csv,IR_CD_header_logs/,LMC X-2,CD,YALE-03A-0001,,LMCX-2,True,IR
binir031211.0079.fits,LMC X-2,05:20:29.19,-71:57:37.5,2003-12-12,02:22:29,2452985.59895,30.04,1.44,V,J,1358,2035,2130,IR_CD_header_logs/LOG_LMC X-2.20031028thru20040303.csv,IR_CD_header_logs/,LMC X-2,CD,YALE-03A-0001,,LMCX-2,True,IR
binir031211.0078.fits,LMC X-2,05:20:29.20,-71:57:37.8,2003-12-12,02:21:36,2452985.59834,30.04,1.44,V,J,1388,2065,2070,IR_CD_header_logs/LOG_LMC X-2.20031028thru20040303.csv,IR_CD_header_logs/,LMC X-2,CD,YALE-03A-0001,,LMCX-2,True,IR
binir031211.0077.fits,LMC X-2,05:20:29.19,-71:57:37.8,2003-12-12,02:20:44,2452985.59774,30.05,1.44,V,J,1388,2035,2100,IR_CD_header_logs/LOG_LMC X-2.20031028thru20040303.csv,IR_CD_header_logs/,LMC X-2,CD,YALE-03A-0001,,LMCX-2,True,IR
binir031211.0080.fits,LMC X-2,05:20:29.24,-71:57:37.5,2003-12-12,02:23:22,2452985.59957,30.05,1.44,V,J,1418,2005,2100,IR_CD_header_logs/LOG_LMC X-2.20031028thru20040303.csv,IR_CD_header_logs/,LMC X-2,CD,YALE-03A-0001,,LMCX-2,True,IR
binir031211.0082.fits,LMC X-2,05:20:29.27,-71:57:37.3,2003-12-12,02:25:05,2452985.60075,30.05,1.43,V,J,1418,2035,2070,IR_CD_header_logs/LOG_LMC X-2.20031028thru20040303.csv,IR_CD_header_logs/,LMC X-2,CD,YALE-03A-0001,,LMCX-2,True,IR
binir031208.0130.fits,LMC X-2,05:20:29.10,-71:57:34.7,2003-12-09,04:59:23,2452982.7079,30.05,1.34,V,J,1388,2005,2130,IR_CD_header_logs/LOG_LMC X-2.20031028thru20040303.csv,IR_CD_header_logs/,LMC X-2,CD,YALE-03A-0001,,LMCX-2,True,IR
binir031210.0046.fits,LMC X-2,05:20:28.94,-71:57:35.2,2003-12-11,01:45:01,2452984.57293,30.05,1.51,V,J,1358,2035,2130,IR_CD_header_logs/LOG_LMC X-2.20031028thru20040303.csv,IR_CD_header_logs/,LMC X-2,CD,YALE-03A-0001,,LMCX-2,True,IR
binir031210.0044.fits,LMC X-2,05:20:29.06,-71:57:36.2,2003-12-11,01:43:16,2452984.57171,30.04,1.51,V,J,1388,2035,2100,IR_CD_header_logs/LOG_LMC X-2.20031028thru20040303.csv,IR_CD_header_logs/,LMC X-2,CD,YALE-03A-0001,,LMCX-2,True,IR
binir031210.0045.fits,LMC X-2,05:20:28.96,-71:57:35.2,2003-12-11,01:44:08,2452984.57232,30.04,1.51,V,J,1388,2065,2070,IR_CD_header_logs/LOG_LMC X-2.20031028thru20040303.csv,IR_CD_header_logs/,LMC X-2,CD,YALE-03A-0001,,LMCX-2,True,IR
binir031210.0048.fits,LMC X-2,05:20:28.94,-71:57:34.5,2003-12-11,01:46:46,2452984.57414,30.04,1.5,V,J,1388,2005,2130,IR_CD_header_logs/LOG_LMC X-2.20031028thru20040303.csv,IR_CD_header_logs/,LMC X-2,CD,YALE-03A-0001,,LMCX-2,True,IR
binir031210.0047.fits,LMC X-2,05:20:28.91,-71:57:35.0,2003-12-11,01:45:54,2452984.57354,30.04,1.5,V,J,1418,2005,2100,IR_CD_header_logs/LOG_LMC X-2.20031028thru20040303.csv,IR_CD_header_logs/,LMC X-2,CD,YALE-03A-0001,,LMCX-2,True,IR
binir031210.0049.fits,LMC X-2,05:20:28.97,-71:57:34.3,2003-12-11,01:47:38,2452984.57475,30.05,1.5,V,J,1418,2035,2070,IR_CD_header_logs/LOG_LMC X-2.20031028thru20040303.csv,IR_CD_header_logs/,LMC X-2,CD,YALE-03A-0001,,LMCX-2,True,IR
binir031208.0131.fits,LMC X-2,05:20:29.11,-71:57:34.9,2003-12-09,05:00:15,2452982.70852,30.05,1.34,V,J,1418,2035,2070,IR_CD_header_logs/LOG_LMC X-2.20031028thru20040303.csv,IR_CD_header_logs/,LMC X-2,CD,YALE-03A-0001,,LMCX-2,True,IR
binir031205.0109.fits,LMC X-2,05:20:29.16,-71:57:34.8,2003-12-06,03:45:53,2452979.65686,30.05,1.37,V,J,1388,2065,2070,IR_CD_header_logs/LOG_LMC X-2.20031028thru20040303.csv,IR_CD_header_logs/,LMC X-2,CD,YALE-03A-0001,,LMCX-2,True,IR
binir031203.0012.fits,LMC X-2,05:20:29.74,-71:57:26.1,2003-12-04,01:03:40,2452977.54422,30.04,1.67,V,J,1358,2035,2130,IR_CD_header_logs/LOG_LMC X-2.20031028thru20040303.csv,IR_CD_header_logs/,LMC X-2,CD,YALE-03A-0001,,LMCX-2,True,IR
binir031212.0152.fits,LMC X-2,05:20:30.88,-71:57:41.5,2003-12-13,04:02:19,2452986.66828,30.04,1.35,V,J,1388,2005,2130,IR_CD_header_logs/LOG_LMC X-2.20031028thru20040303.csv,IR_CD_header_logs/,LMC X-2,CD,YALE-03A-0001,,LMCX-2,True,IR
binir031203.0010.fits,LMC X-2,05:20:29.65,-71:57:26.6,2003-12-04,01:01:56,2452977.54301,30.05,1.67,V,J,1388,2035,2100,IR_CD_header_logs/LOG_LMC X-2.20031028thru20040303.csv,IR_CD_header_logs/,LMC X-2,CD,YALE-03A-0001,,LMCX-2,True,IR
binir031130.0100.fits,LMC X-2,05:20:29.30,-71:57:56.9,2003-12-01,05:18:02,2452974.72086,30.05,1.34,V,J,1418,2035,2070,IR_CD_header_logs/LOG_LMC X-2.20031028thru20040303.csv,IR_CD_header_logs/,LMC X-2,CD,YALE-03A-0001,,LMCX-2,True,IR
binir031130.0099.fits,LMC X-2,05:20:29.31,-71:57:57.0,2003-12-01,05:17:09,2452974.72025,30.05,1.34,V,J,1388,2005,2130,IR_CD_header_logs/LOG_LMC X-2.20031028thru20040303.csv,IR_CD_header_logs/,LMC X-2,CD,YALE-03A-0001,,LMCX-2,True,IR
binir031129.0135.fits,LMC X-2,05:20:30.01,-71:57:35.7,2003-11-30,04:23:16,2452973.68283,30.04,1.36,V,J,1358,2035,2130,IR_CD_header_logs/LOG_LMC X-2.20031028thru20040303.csv,IR_CD_header_logs/,LMC X-2,CD,YALE-03A-0001,,LMCX-2,True,IR
binir031129.0134.fits,LMC X-2,05:20:29.98,-71:57:35.6,2003-11-30,04:22:23,2452973.68222,30.04,1.37,V,J,1388,2065,2070,IR_CD_header_logs/LOG_LMC X-2.20031028thru20040303.csv,IR_CD_header_logs/,LMC X-2,CD,YALE-03A-0001,,LMCX-2,True,IR
binir031129.0133.fits,LMC X-2,05:20:29.86,-71:57:35.8,2003-11-30,04:21:32,2452973.68162,30.04,1.37,V,J,1388,2035,2100,IR_CD_header_logs/LOG_LMC X-2.20031028thru20040303.csv,IR_CD_header_logs/,LMC X-2,CD,YALE-03A-0001,,LMCX-2,True,IR
binir031129.0136.fits,LMC X-2,05:20:30.02,-71:57:35.6,2003-11-30,04:24:09,2452973.68344,30.05,1.36,V,J,1418,2005,2100,IR_CD_header_logs/LOG_LMC X-2.20031028thru20040303.csv,IR_CD_header_logs/,LMC X-2,CD,YALE-03A-0001,,LMCX-2,True,IR
binir031129.0137.fits,LMC X-2,05:20:30.04,-71:57:35.6,2003-11-30,04:25:01,2452973.68405,30.05,1.36,V,J,1388,2005,2130,IR_CD_header_logs/LOG_LMC X-2.20031028thru20040303.csv,IR_CD_header_logs/,LMC X-2,CD,YALE-03A-0001,,LMCX-2,True,IR
binir031129.0138.fits,LMC X-2,05:20:30.06,-71:57:35.7,2003-11-30,04:25:54,2452973.68465,30.04,1.36,V,J,1418,2035,2070,IR_CD_header_logs/LOG_LMC X-2.20031028thru20040303.csv,IR_CD_header_logs/,LMC X-2,CD,YALE-03A-0001,,LMCX-2,True,IR
binir031128.0152.fits,LMC X-2,05:20:28.69,-71:57:47.7,2003-11-29,05:31:19,2452972.73008,30.04,1.34,V,J,1418,2035,2070,IR_CD_header_logs/LOG_LMC X-2.20031028thru20040303.csv,IR_CD_header_logs/,LMC X-2,CD,YALE-03A-0001,,LMCX-2,True,IR
binir031128.0151.fits,LMC X-2,05:20:28.75,-71:57:48.0,2003-11-29,05:30:26,2452972.72948,30.04,1.34,V,J,1388,2005,2130,IR_CD_header_logs/LOG_LMC X-2.20031028thru20040303.csv,IR_CD_header_logs/,LMC X-2,CD,YALE-03A-0001,,LMCX-2,True,IR
binir031128.0150.fits,LMC X-2,05:20:28.80,-71:57:48.1,2003-11-29,05:29:35,2452972.72888,30.04,1.34,V,J,1418,2005,2100,IR_CD_header_logs/LOG_LMC X-2.20031028thru20040303.csv,IR_CD_header_logs/,LMC X-2,CD,YALE-03A-0001,,LMCX-2,True,IR
binir031128.0149.fits,LMC X-2,05:20:28.86,-71:57:48.1,2003-11-29,05:28:42,2452972.72826,30.04,1.34,V,J,1358,2035,2130,IR_CD_header_logs/LOG_LMC X-2.20031028thru20040303.csv,IR_CD_header_logs/,LMC X-2,CD,YALE-03A-0001,,LMCX-2,True,IR
binir031128.0148.fits,LMC X-2,05:20:28.90,-71:57:48.8,2003-11-29,05:27:49,2452972.72765,30.05,1.34,V,J,1388,2065,2070,IR_CD_header_logs/LOG_LMC X-2.20031028thru20040303.csv,IR_CD_header_logs/,LMC X-2,CD,YALE-03A-0001,,LMCX-2,True,IR
binir031128.0147.fits,LMC X-2,05:20:28.96,-71:57:49.0,2003-11-29,05:26:57,2452972.72705,30.04,1.34,V,J,1388,2035,2100,IR_CD_header_logs/LOG_LMC X-2.20031028thru20040303.csv,IR_CD_header_logs/,LMC X-2,CD,YALE-03A-0001,,LMCX-2,True,IR
binir031126.0120.fits,LMC X-2,05:20:29.02,-71:20:28.4,2003-11-27,05:12:43,2452970.71717,30.04,1.34,V,J,1388,2035,2100,IR_CD_header_logs/LOG_LMC X-2.20031028thru20040303.csv,IR_CD_header_logs/,LMC X-2,CD,YALE-03A-0001,,LMCX-2,True,IR
binir031126.0122.fits,LMC X-2,05:20:28.91,-71:20:27.6,2003-11-27,05:14:28,2452970.71839,30.05,1.33,V,J,1358,2035,2130,IR_CD_header_logs/LOG_LMC X-2.20031028thru20040303.csv,IR_CD_header_logs/,LMC X-2,CD,YALE-03A-0001,,LMCX-2,True,IR
binir031126.0121.fits,LMC X-2,05:20:28.96,-71:20:27.9,2003-11-27,05:13:35,2452970.71778,30.05,1.33,V,J,1388,2065,2070,IR_CD_header_logs/LOG_LMC X-2.20031028thru20040303.csv,IR_CD_header_logs/,LMC X-2,CD,YALE-03A-0001,,LMCX-2,True,IR
binir031130.0098.fits,LMC X-2,05:20:29.33,-71:57:57.2,2003-12-01,05:16:17,2452974.71965,30.05,1.34,V,J,1418,2005,2100,IR_CD_header_logs/LOG_LMC X-2.20031028thru20040303.csv,IR_CD_header_logs/,LMC X-2,CD,YALE-03A-0001,,LMCX-2,True,IR
binir031130.0097.fits,LMC X-2,05:20:29.35,-71:57:57.3,2003-12-01,05:15:24,2452974.71903,30.04,1.34,V,J,1358,2035,2130,IR_CD_header_logs/LOG_LMC X-2.20031028thru20040303.csv,IR_CD_header_logs/,LMC X-2,CD,YALE-03A-0001,,LMCX-2,True,IR
binir031130.0096.fits,LMC X-2,05:20:29.37,-71:57:57.5,2003-12-01,05:14:31,2452974.71842,30.05,1.34,V,J,1388,2065,2070,IR_CD_header_logs/LOG_LMC X-2.20031028thru20040303.csv,IR_CD_header_logs/,LMC X-2,CD,YALE-03A-0001,,LMCX-2,True,IR
binir031202.0136.fits,LMC X-2,05:20:30.76,-71:57:56.6,2003-12-03,04:24:25,2452976.68363,30.05,1.36,V,J,1358,2035,2130,IR_CD_header_logs/LOG_LMC X-2.20031028thru20040303.csv,IR_CD_header_logs/,LMC X-2,CD,YALE-03A-0001,,LMCX-2,True,IR
binir031203.0011.fits,LMC X-2,05:20:29.67,-71:57:26.8,2003-12-04,01:02:48,2452977.54361,30.05,1.67,V,J,1388,2065,2070,IR_CD_header_logs/LOG_LMC X-2.20031028thru20040303.csv,IR_CD_header_logs/,LMC X-2,CD,YALE-03A-0001,,LMCX-2,True,IR
binir031203.0013.fits,LMC X-2,05:20:29.82,-71:57:26.4,2003-12-04,01:04:33,2452977.54483,30.05,1.67,V,J,1418,2005,2100,IR_CD_header_logs/LOG_LMC X-2.20031028thru20040303.csv,IR_CD_header_logs/,LMC X-2,CD,YALE-03A-0001,,LMCX-2,True,IR
binir031203.0014.fits,LMC X-2,05:20:29.84,-71:57:25.9,2003-12-04,01:05:25,2452977.54543,30.04,1.66,V,J,1388,2005,2130,IR_CD_header_logs/LOG_LMC X-2.20031028thru20040303.csv,IR_CD_header_logs/,LMC X-2,CD,YALE-03A-0001,,LMCX-2,True,IR
binir031203.0015.fits,LMC X-2,05:20:29.89,-71:57:25.8,2003-12-04,01:06:17,2452977.54604,30.04,1.66,V,J,1418,2035,2070,IR_CD_header_logs/LOG_LMC X-2.20031028thru20040303.csv,IR_CD_header_logs/,LMC X-2,CD,YALE-03A-0001,,LMCX-2,True,IR
binir031202.0139.fits,LMC X-2,05:20:30.85,-71:57:56.6,2003-12-03,04:27:03,2452976.68545,30.05,1.36,V,J,1418,2035,2070,IR_CD_header_logs/LOG_LMC X-2.20031028thru20040303.csv,IR_CD_header_logs/,LMC X-2,CD,YALE-03A-0001,,LMCX-2,True,IR
binir031202.0138.fits,LMC X-2,05:20:30.86,-71:57:56.4,2003-12-03,04:26:10,2452976.68484,30.05,1.36,V,J,1388,2005,2130,IR_CD_header_logs/LOG_LMC X-2.20031028thru20040303.csv,IR_CD_header_logs/,LMC X-2,CD,YALE-03A-0001,,LMCX-2,True,IR
binir031202.0137.fits,LMC X-2,05:20:30.80,-71:57:56.7,2003-12-03,04:25:18,2452976.68424,30.05,1.36,V,J,1418,2005,2100,IR_CD_header_logs/LOG_LMC X-2.20031028thru20040303.csv,IR_CD_header_logs/,LMC X-2,CD,YALE-03A-0001,,LMCX-2,True,IR
binir031202.0135.fits,LMC X-2,05:20:30.75,-71:57:56.7,2003-12-03,04:23:32,2452976.68302,30.05,1.36,V,J,1388,2065,2070,IR_CD_header_logs/LOG_LMC X-2.20031028thru20040303.csv,IR_CD_header_logs/,LMC X-2,CD,YALE-03A-0001,,LMCX-2,True,IR
binir031130.0095.fits,LMC X-2,05:20:29.35,-71:57:57.8,2003-12-01,05:13:41,2452974.71784,30.04,1.35,V,J,1388,2035,2100,IR_CD_header_logs/LOG_LMC X-2.20031028thru20040303.csv,IR_CD_header_logs/,LMC X-2,CD,YALE-03A-0001,,LMCX-2,True,IR
binir031202.0134.fits,LMC X-2,05:20:30.67,-71:57:56.9,2003-12-03,04:22:40,2452976.68241,30.04,1.36,V,J,1388,2035,2100,IR_CD_header_logs/LOG_LMC X-2.20031028thru20040303.csv,IR_CD_header_logs/,LMC X-2,CD,YALE-03A-0001,,LMCX-2,True,IR
binir031201.0190.fits,LMC X-2,05:20:30.43,-71:57:56.6,2003-12-02,05:05:14,2452975.71197,30.04,1.35,V,J,1418,2035,2070,IR_CD_header_logs/LOG_LMC X-2.20031028thru20040303.csv,IR_CD_header_logs/,LMC X-2,CD,YALE-03A-0001,,LMCX-2,True,IR
binir031201.0189.fits,LMC X-2,05:20:30.48,-71:57:56.7,2003-12-02,05:04:21,2452975.71136,30.05,1.35,V,J,1388,2005,2130,IR_CD_header_logs/LOG_LMC X-2.20031028thru20040303.csv,IR_CD_header_logs/,LMC X-2,CD,YALE-03A-0001,,LMCX-2,True,IR
binir031201.0188.fits,LMC X-2,05:20:30.53,-71:57:57.1,2003-12-02,05:03:29,2452975.71076,30.04,1.35,V,J,1418,2005,2100,IR_CD_header_logs/LOG_LMC X-2.20031028thru20040303.csv,IR_CD_header_logs/,LMC X-2,CD,YALE-03A-0001,,LMCX-2,True,IR
binir031201.0187.fits,LMC X-2,05:20:30.58,-71:57:57.2,2003-12-02,05:02:36,2452975.71015,30.05,1.35,V,J,1358,2035,2130,IR_CD_header_logs/LOG_LMC X-2.20031028thru20040303.csv,IR_CD_header_logs/,LMC X-2,CD,YALE-03A-0001,,LMCX-2,True,IR
binir031201.0186.fits,LMC X-2,05:20:30.60,-71:57:57.5,2003-12-02,05:01:43,2452975.70953,30.05,1.35,V,J,1388,2065,2070,IR_CD_header_logs/LOG_LMC X-2.20031028thru20040303.csv,IR_CD_header_logs/,LMC X-2,CD,YALE-03A-0001,,LMCX-2,True,IR
binir031201.0185.fits,LMC X-2,05:20:30.62,-71:57:57.6,2003-12-02,05:00:51,2452975.70893,30.05,1.35,V,J,1388,2035,2100,IR_CD_header_logs/LOG_LMC X-2.20031028thru20040303.csv,IR_CD_header_logs/,LMC X-2,CD,YALE-03A-0001,,LMCX-2,True,IR
binir031212.0151.fits,LMC X-2,05:20:30.89,-71:57:41.6,2003-12-13,04:01:27,2452986.66768,30.05,1.35,V,J,1418,2005,2100,IR_CD_header_logs/LOG_LMC X-2.20031028thru20040303.csv,IR_CD_header_logs/,LMC X-2,CD,YALE-03A-0001,,LMCX-2,True,IR
binir031212.0153.fits,LMC X-2,05:20:30.93,-71:57:41.4,2003-12-13,04:03:12,2452986.66889,30.05,1.35,V,J,1418,2035,2070,IR_CD_header_logs/LOG_LMC X-2.20031028thru20040303.csv,IR_CD_header_logs/,LMC X-2,CD,YALE-03A-0001,,LMCX-2,True,IR
binir031126.0125.fits,LMC X-2,05:20:28.82,-71:20:26.7,2003-11-27,05:17:05,2452970.7202,30.04,1.33,V,J,1418,2035,2070,IR_CD_header_logs/LOG_LMC X-2.20031028thru20040303.csv,IR_CD_header_logs/,LMC X-2,CD,YALE-03A-0001,,LMCX-2,True,IR
binir031220.0099.fits,LMC X-2,05:20:29.04,-71:57:35.3,2003-12-21,02:40:37,2452994.61154,30.04,1.38,V,J,1388,2035,2100,IR_CD_header_logs/LOG_LMC X-2.20031028thru20040303.csv,IR_CD_header_logs/,LMC X-2,CD,YALE-03A-0001,,LMCX-2,True,IR
binir031223.0319.fits,LMC X-2,05:20:29.13,-71:57:34.6,2003-12-24,05:41:37,2452997.73724,30.04,1.4,V,J,1388,2065,2070,IR_CD_header_logs/LOG_LMC X-2.20031028thru20040303.csv,IR_CD_header_logs/,LMC X-2,CD,YALE-03A-0001,,LMCX-2,True,IR
binir031223.0320.fits,LMC X-2,05:20:29.12,-71:57:34.1,2003-12-24,05:42:30,2452997.73785,30.04,1.4,V,J,1358,2035,2130,IR_CD_header_logs/LOG_LMC X-2.20031028thru20040303.csv,IR_CD_header_logs/,LMC X-2,CD,YALE-03A-0001,,LMCX-2,True,IR
binir031223.0321.fits,LMC X-2,05:20:29.09,-71:57:33.7,2003-12-24,05:43:23,2452997.73846,30.05,1.4,V,J,1418,2005,2100,IR_CD_header_logs/LOG_LMC X-2.20031028thru20040303.csv,IR_CD_header_logs/,LMC X-2,CD,YALE-03A-0001,,LMCX-2,True,IR
binir031223.0323.fits,LMC X-2,05:20:29.08,-71:57:33.3,2003-12-24,05:45:07,2452997.73967,30.05,1.4,V,J,1418,2035,2070,IR_CD_header_logs/LOG_LMC X-2.20031028thru20040303.csv,IR_CD_header_logs/,LMC X-2,CD,YALE-03A-0001,,LMCX-2,True,IR
binir031223.0322.fits,LMC X-2,05:20:29.08,-71:57:33.6,2003-12-24,05:44:15,2452997.73906,30.05,1.4,V,J,1388,2005,2130,IR_CD_header_logs/LOG_LMC X-2.20031028thru20040303.csv,IR_CD_header_logs/,LMC X-2,CD,YALE-03A-0001,,LMCX-2,True,IR
binir031222.0134.fits,LMC X-2,05:20:29.27,-71:57:35.1,2003-12-23,04:29:16,2452996.687,30.05,1.35,V,J,1418,2035,2070,IR_CD_header_logs/LOG_LMC X-2.20031028thru20040303.csv,IR_CD_header_logs/,LMC X-2,CD,YALE-03A-0001,,LMCX-2,True,IR
binir031222.0132.fits,LMC X-2,05:20:29.26,-71:57:35.4,2003-12-23,04:27:31,2452996.68579,30.04,1.35,V,J,1418,2005,2100,IR_CD_header_logs/LOG_LMC X-2.20031028thru20040303.csv,IR_CD_header_logs/,LMC X-2,CD,YALE-03A-0001,,LMCX-2,True,IR
binir031222.0131.fits,LMC X-2,05:20:29.24,-71:57:35.4,2003-12-23,04:26:39,2452996.68518,30.04,1.35,V,J,1358,2035,2130,IR_CD_header_logs/LOG_LMC X-2.20031028thru20040303.csv,IR_CD_header_logs/,LMC X-2,CD,YALE-03A-0001,,LMCX-2,True,IR
binir031222.0130.fits,LMC X-2,05:20:29.23,-71:57:35.5,2003-12-23,04:25:46,2452996.68457,30.04,1.35,V,J,1388,2065,2070,IR_CD_header_logs/LOG_LMC X-2.20031028thru20040303.csv,IR_CD_header_logs/,LMC X-2,CD,YALE-03A-0001,,LMCX-2,True,IR
binir031222.0129.fits,LMC X-2,05:20:29.17,-71:57:35.9,2003-12-23,04:24:54,2452996.68397,30.04,1.35,V,J,1388,2035,2100,IR_CD_header_logs/LOG_LMC X-2.20031028thru20040303.csv,IR_CD_header_logs/,LMC X-2,CD,YALE-03A-0001,,LMCX-2,True,IR
binir031222.0133.fits,LMC X-2,05:20:29.28,-71:57:35.2,2003-12-23,04:28:23,2452996.68639,30.04,1.35,V,J,1388,2005,2130,IR_CD_header_logs/LOG_LMC X-2.20031028thru20040303.csv,IR_CD_header_logs/,LMC X-2,CD,YALE-03A-0001,,LMCX-2,True,IR
binir031221.0139.fits,LMC X-2,05:20:28.93,-71:57:34.1,2003-12-22,04:01:13,2452995.66752,30.04,1.34,V,J,1418,2035,2070,IR_CD_header_logs/LOG_LMC X-2.20031028thru20040303.csv,IR_CD_header_logs/,LMC X-2,CD,YALE-03A-0001,,LMCX-2,True,IR
binir031221.0138.fits,LMC X-2,05:20:28.97,-71:57:34.5,2003-12-22,04:00:20,2452995.66691,30.04,1.34,V,J,1388,2005,2130,IR_CD_header_logs/LOG_LMC X-2.20031028thru20040303.csv,IR_CD_header_logs/,LMC X-2,CD,YALE-03A-0001,,LMCX-2,True,IR
binir031221.0137.fits,LMC X-2,05:20:29.01,-71:57:34.5,2003-12-22,03:59:29,2452995.66631,30.04,1.34,V,J,1418,2005,2100,IR_CD_header_logs/LOG_LMC X-2.20031028thru20040303.csv,IR_CD_header_logs/,LMC X-2,CD,YALE-03A-0001,,LMCX-2,True,IR
binir031221.0136.fits,LMC X-2,05:20:29.04,-71:57:34.8,2003-12-22,03:58:36,2452995.6657,30.04,1.34,V,J,1358,2035,2130,IR_CD_header_logs/LOG_LMC X-2.20031028thru20040303.csv,IR_CD_header_logs/,LMC X-2,CD,YALE-03A-0001,,LMCX-2,True,IR
binir031221.0135.fits,LMC X-2,05:20:29.09,-71:57:34.9,2003-12-22,03:57:43,2452995.66509,30.05,1.34,V,J,1388,2065,2070,IR_CD_header_logs/LOG_LMC X-2.20031028thru20040303.csv,IR_CD_header_logs/,LMC X-2,CD,YALE-03A-0001,,LMCX-2,True,IR
binir031221.0134.fits,LMC X-2,05:20:29.14,-71:57:35.4,2003-12-22,03:56:51,2452995.66449,30.04,1.34,V,J,1388,2035,2100,IR_CD_header_logs/LOG_LMC X-2.20031028thru20040303.csv,IR_CD_header_logs/,LMC X-2,CD,YALE-03A-0001,,LMCX-2,True,IR
binir031223.0318.fits,LMC X-2,05:20:29.15,-71:57:35.5,2003-12-24,05:40:45,2452997.73664,30.05,1.4,V,J,1388,2035,2100,IR_CD_header_logs/LOG_LMC X-2.20031028thru20040303.csv,IR_CD_header_logs/,LMC X-2,CD,YALE-03A-0001,,LMCX-2,True,IR
binir031225.0278.fits,LMC X-2,05:20:28.82,-71:57:50.3,2003-12-26,05:50:57,2452999.74372,30.04,1.42,V,J,1388,2035,2100,IR_CD_header_logs/LOG_LMC X-2.20031028thru20040303.csv,IR_CD_header_logs/,LMC X-2,CD,YALE-03A-0001,,LMCX-2,True,IR
binir031225.0279.fits,LMC X-2,05:20:28.81,-71:57:50.5,2003-12-26,05:51:49,2452999.74432,30.04,1.42,V,J,1388,2065,2070,IR_CD_header_logs/LOG_LMC X-2.20031028thru20040303.csv,IR_CD_header_logs/,LMC X-2,CD,YALE-03A-0001,,LMCX-2,True,IR
binir031226.0226.fits,LMC X-2,05:20:29.29,-71:57:43.2,2003-12-27,05:13:57,2453000.71802,30.04,1.38,V,J,1358,2035,2130,IR_CD_header_logs/LOG_LMC X-2.20031028thru20040303.csv,IR_CD_header_logs/,LMC X-2,CD,YALE-03A-0001,,LMCX-2,True,IR
binir031228.0199.fits,LMC X-2,05:20:30.07,-71:57:53.1,2003-12-29,04:39:41,2453002.69423,30.04,1.36,V,J,1388,2035,2100,IR_CD_header_logs/LOG_LMC X-2.20031028thru20040303.csv,IR_CD_header_logs/,LMC X-2,CD,YALE-03A-0001,,LMCX-2,True,IR
binir031227.0249.fits,LMC X-2,05:20:28.23,-71:57:25.0,2003-12-28,05:48:57,2453001.74233,30.04,1.43,V,J,1358,2035,2130,IR_CD_header_logs/LOG_LMC X-2.20031028thru20040303.csv,IR_CD_header_logs/,LMC X-2,CD,YALE-03A-0001,,LMCX-2,True,IR
binir031227.0247.fits,LMC X-2,05:20:28.23,-71:57:25.9,2003-12-28,05:47:12,2453001.74112,30.04,1.42,V,J,1388,2035,2100,IR_CD_header_logs/LOG_LMC X-2.20031028thru20040303.csv,IR_CD_header_logs/,LMC X-2,CD,YALE-03A-0001,,LMCX-2,True,IR
binir031227.0248.fits,LMC X-2,05:20:28.19,-71:57:25.5,2003-12-28,05:48:04,2453001.74172,30.04,1.42,V,J,1388,2065,2070,IR_CD_header_logs/LOG_LMC X-2.20031028thru20040303.csv,IR_CD_header_logs/,LMC X-2,CD,YALE-03A-0001,,LMCX-2,True,IR
binir031227.0252.fits,LMC X-2,05:20:28.23,-71:57:24.1,2003-12-28,05:51:32,2453001.74412,30.04,1.43,V,J,1418,2035,2070,IR_CD_header_logs/LOG_LMC X-2.20031028thru20040303.csv,IR_CD_header_logs/,LMC X-2,CD,YALE-03A-0001,,LMCX-2,True,IR
binir031227.0250.fits,LMC X-2,05:20:28.19,-71:57:24.8,2003-12-28,05:49:50,2453001.74295,30.04,1.43,V,J,1418,2005,2100,IR_CD_header_logs/LOG_LMC X-2.20031028thru20040303.csv,IR_CD_header_logs/,LMC X-2,CD,YALE-03A-0001,,LMCX-2,True,IR
binir031227.0251.fits,LMC X-2,05:20:28.22,-71:57:24.5,2003-12-28,05:50:40,2453001.74352,30.05,1.43,V,J,1388,2005,2130,IR_CD_header_logs/LOG_LMC X-2.20031028thru20040303.csv,IR_CD_header_logs/,LMC X-2,CD,YALE-03A-0001,,LMCX-2,True,IR
binir031226.0224.fits,LMC X-2,05:20:29.39,-71:57:44.2,2003-12-27,05:12:12,2453000.71681,30.04,1.38,V,J,1388,2035,2100,IR_CD_header_logs/LOG_LMC X-2.20031028thru20040303.csv,IR_CD_header_logs/,LMC X-2,CD,YALE-03A-0001,,LMCX-2,True,IR
binir031225.0280.fits,LMC X-2,05:20:28.80,-71:57:50.2,2003-12-26,05:52:42,2452999.74493,30.04,1.42,V,J,1358,2035,2130,IR_CD_header_logs/LOG_LMC X-2.20031028thru20040303.csv,IR_CD_header_logs/,LMC X-2,CD,YALE-03A-0001,,LMCX-2,True,IR
binir031226.0225.fits,LMC X-2,05:20:29.36,-71:57:43.7,2003-12-27,05:13:04,2453000.71741,30.04,1.38,V,J,1388,2065,2070,IR_CD_header_logs/LOG_LMC X-2.20031028thru20040303.csv,IR_CD_header_logs/,LMC X-2,CD,YALE-03A-0001,,LMCX-2,True,IR
binir031226.0229.fits,LMC X-2,05:20:29.15,-71:57:42.0,2003-12-27,05:16:34,2453000.71985,30.05,1.39,V,J,1418,2035,2070,IR_CD_header_logs/LOG_LMC X-2.20031028thru20040303.csv,IR_CD_header_logs/,LMC X-2,CD,YALE-03A-0001,,LMCX-2,True,IR
binir031226.0227.fits,LMC X-2,05:20:29.24,-71:57:43.0,2003-12-27,05:14:49,2453000.71863,30.04,1.38,V,J,1418,2005,2100,IR_CD_header_logs/LOG_LMC X-2.20031028thru20040303.csv,IR_CD_header_logs/,LMC X-2,CD,YALE-03A-0001,,LMCX-2,True,IR
binir031226.0228.fits,LMC X-2,05:20:29.19,-71:57:42.6,2003-12-27,05:15:41,2453000.71923,30.04,1.39,V,J,1388,2005,2130,IR_CD_header_logs/LOG_LMC X-2.20031028thru20040303.csv,IR_CD_header_logs/,LMC X-2,CD,YALE-03A-0001,,LMCX-2,True,IR
binir031225.0283.fits,LMC X-2,05:20:28.81,-71:57:50.1,2003-12-26,05:55:19,2452999.74675,30.04,1.42,V,J,1418,2035,2070,IR_CD_header_logs/LOG_LMC X-2.20031028thru20040303.csv,IR_CD_header_logs/,LMC X-2,CD,YALE-03A-0001,,LMCX-2,True,IR
binir031225.0282.fits,LMC X-2,05:20:28.81,-71:57:50.0,2003-12-26,05:54:27,2452999.74615,30.05,1.42,V,J,1388,2005,2130,IR_CD_header_logs/LOG_LMC X-2.20031028thru20040303.csv,IR_CD_header_logs/,LMC X-2,CD,YALE-03A-0001,,LMCX-2,True,IR
binir031225.0281.fits,LMC X-2,05:20:28.78,-71:57:50.3,2003-12-26,05:53:34,2452999.74554,30.04,1.42,V,J,1418,2005,2100,IR_CD_header_logs/LOG_LMC X-2.20031028thru20040303.csv,IR_CD_header_logs/,LMC X-2,CD,YALE-03A-0001,,LMCX-2,True,IR
binir031220.0101.fits,LMC X-2,05:20:28.98,-71:57:34.8,2003-12-21,02:42:21,2452994.61275,30.04,1.38,V,J,1358,2035,2130,IR_CD_header_logs/LOG_LMC X-2.20031028thru20040303.csv,IR_CD_header_logs/,LMC X-2,CD,YALE-03A-0001,,LMCX-2,True,IR
binir031220.0100.fits,LMC X-2,05:20:29.00,-71:57:35.1,2003-12-21,02:41:29,2452994.61214,30.04,1.38,V,J,1388,2065,2070,IR_CD_header_logs/LOG_LMC X-2.20031028thru20040303.csv,IR_CD_header_logs/,LMC X-2,CD,YALE-03A-0001,,LMCX-2,True,IR
binir031213.0097.fits,LMC X-2,05:20:29.59,-71:57:42.0,2003-12-14,03:19:50,2452987.63878,30.05,1.37,V,J,1388,2005,2130,IR_CD_header_logs/LOG_LMC X-2.20031028thru20040303.csv,IR_CD_header_logs/,LMC X-2,CD,YALE-03A-0001,,LMCX-2,True,IR
binir031220.0102.fits,LMC X-2,05:20:28.94,-71:57:35.1,2003-12-21,02:43:14,2452994.61336,30.05,1.38,V,J,1418,2005,2100,IR_CD_header_logs/LOG_LMC X-2.20031028thru20040303.csv,IR_CD_header_logs/,LMC X-2,CD,YALE-03A-0001,,LMCX-2,True,IR
binir031216.0151.fits,LMC X-2,05:20:29.49,-71:57:49.6,2003-12-17,04:30:26,2452990.68781,30.04,1.34,V,J,1418,2035,2070,IR_CD_header_logs/LOG_LMC X-2.20031028thru20040303.csv,IR_CD_header_logs/,LMC X-2,CD,YALE-03A-0001,,LMCX-2,True,IR
binir031216.0150.fits,LMC X-2,05:20:29.48,-71:57:49.7,2003-12-17,04:29:33,2452990.6872,30.04,1.34,V,J,1388,2005,2130,IR_CD_header_logs/LOG_LMC X-2.20031028thru20040303.csv,IR_CD_header_logs/,LMC X-2,CD,YALE-03A-0001,,LMCX-2,True,IR
binir031216.0149.fits,LMC X-2,05:20:29.53,-71:57:50.0,2003-12-17,04:28:41,2452990.6866,30.04,1.34,V,J,1418,2005,2100,IR_CD_header_logs/LOG_LMC X-2.20031028thru20040303.csv,IR_CD_header_logs/,LMC X-2,CD,YALE-03A-0001,,LMCX-2,True,IR
binir031216.0148.fits,LMC X-2,05:20:29.53,-71:57:50.4,2003-12-17,04:27:49,2452990.68598,30.04,1.34,V,J,1358,2035,2130,IR_CD_header_logs/LOG_LMC X-2.20031028thru20040303.csv,IR_CD_header_logs/,LMC X-2,CD,YALE-03A-0001,,LMCX-2,True,IR
binir031216.0147.fits,LMC X-2,05:20:29.56,-71:57:50.9,2003-12-17,04:26:56,2452990.68538,30.04,1.34,V,J,1388,2065,2070,IR_CD_header_logs/LOG_LMC X-2.20031028thru20040303.csv,IR_CD_header_logs/,LMC X-2,CD,YALE-03A-0001,,LMCX-2,True,IR
binir031216.0146.fits,LMC X-2,05:20:29.54,-71:57:51.3,2003-12-17,04:26:04,2452990.68477,30.04,1.34,V,J,1388,2035,2100,IR_CD_header_logs/LOG_LMC X-2.20031028thru20040303.csv,IR_CD_header_logs/,LMC X-2,CD,YALE-03A-0001,,LMCX-2,True,IR
binir031215.0088.fits,LMC X-2,05:20:31.54,-71:58:3.0,2003-12-16,02:58:12,2452989.62376,30.04,1.38,V,J,1338,2035,2150,IR_CD_header_logs/LOG_LMC X-2.20031028thru20040303.csv,IR_CD_header_logs/,LMC X-2,CD,YALE-03A-0001,,LMCX-2,True,IR
binir031215.0086.fits,LMC X-2,05:20:31.50,-71:58:3.5,2003-12-16,02:56:28,2452989.62255,30.05,1.38,V,J,1368,2035,2120,IR_CD_header_logs/LOG_LMC X-2.20031028thru20040303.csv,IR_CD_header_logs/,LMC X-2,CD,YALE-03A-0001,,LMCX-2,True,IR
binir031215.0087.fits,LMC X-2,05:20:31.52,-71:58:3.5,2003-12-16,02:57:20,2452989.62315,30.05,1.38,V,J,1368,2065,2090,IR_CD_header_logs/LOG_LMC X-2.20031028thru20040303.csv,IR_CD_header_logs/,LMC X-2,CD,YALE-03A-0001,,LMCX-2,True,IR
binir031215.0091.fits,LMC X-2,05:20:31.54,-71:58:2.6,2003-12-16,03:00:49,2452989.62557,30.04,1.38,V,J,1398,2035,2090,IR_CD_header_logs/LOG_LMC X-2.20031028thru20040303.csv,IR_CD_header_logs/,LMC X-2,CD,YALE-03A-0001,,LMCX-2,True,IR
binir031215.0089.fits,LMC X-2,05:20:31.53,-71:58:3.1,2003-12-16,02:59:05,2452989.62437,30.04,1.38,V,J,1398,2005,2120,IR_CD_header_logs/LOG_LMC X-2.20031028thru20040303.csv,IR_CD_header_logs/,LMC X-2,CD,YALE-03A-0001,,LMCX-2,True,IR
binir031215.0090.fits,LMC X-2,05:20:31.54,-71:58:2.8,2003-12-16,02:59:57,2452989.62497,30.04,1.38,V,J,1368,2005,2150,IR_CD_header_logs/LOG_LMC X-2.20031028thru20040303.csv,IR_CD_header_logs/,LMC X-2,CD,YALE-03A-0001,,LMCX-2,True,IR
binir031213.0095.fits,LMC X-2,05:20:29.63,-71:57:42.5,2003-12-14,03:18:05,2452987.63757,30.05,1.37,V,J,1358,2035,2130,IR_CD_header_logs/LOG_LMC X-2.20031028thru20040303.csv,IR_CD_header_logs/,LMC X-2,CD,YALE-03A-0001,,LMCX-2,True,IR
binir031213.0093.fits,LMC X-2,05:20:29.74,-71:57:43.0,2003-12-14,03:16:20,2452987.63635,30.05,1.37,V,J,1388,2035,2100,IR_CD_header_logs/LOG_LMC X-2.20031028thru20040303.csv,IR_CD_header_logs/,LMC X-2,CD,YALE-03A-0001,,LMCX-2,True,IR
binir031213.0094.fits,LMC X-2,05:20:29.70,-71:57:42.7,2003-12-14,03:17:13,2452987.63696,30.04,1.37,V,J,1388,2065,2070,IR_CD_header_logs/LOG_LMC X-2.20031028thru20040303.csv,IR_CD_header_logs/,LMC X-2,CD,YALE-03A-0001,,LMCX-2,True,IR
binir031213.0098.fits,LMC X-2,05:20:29.54,-71:57:41.8,2003-12-14,03:20:42,2452987.63938,30.05,1.37,V,J,1418,2035,2070,IR_CD_header_logs/LOG_LMC X-2.20031028thru20040303.csv,IR_CD_header_logs/,LMC X-2,CD,YALE-03A-0001,,LMCX-2,True,IR
binir031213.0096.fits,LMC X-2,05:20:29.58,-71:57:42.3,2003-12-14,03:18:58,2452987.63818,30.05,1.37,V,J,1418,2005,2100,IR_CD_header_logs/LOG_LMC X-2.20031028thru20040303.csv,IR_CD_header_logs/,LMC X-2,CD,YALE-03A-0001,,LMCX-2,True,IR
binir031217.0077.fits,LMC X-2,05:20:30.71,-71:57:55.3,2003-12-18,03:11:56,2452991.63329,30.05,1.37,V,J,1418,2035,2070,IR_CD_header_logs/LOG_LMC X-2.20031028thru20040303.csv,IR_CD_header_logs/,LMC X-2,CD,YALE-03A-0001,,LMCX-2,True,IR
binir031217.0075.fits,LMC X-2,05:20:30.64,-71:57:55.6,2003-12-18,03:10:11,2452991.63208,30.04,1.37,V,J,1418,2005,2100,IR_CD_header_logs/LOG_LMC X-2.20031028thru20040303.csv,IR_CD_header_logs/,LMC X-2,CD,YALE-03A-0001,,LMCX-2,True,IR
binir031217.0076.fits,LMC X-2,05:20:30.64,-71:57:55.3,2003-12-18,03:11:03,2452991.63268,30.04,1.37,V,J,1388,2005,2130,IR_CD_header_logs/LOG_LMC X-2.20031028thru20040303.csv,IR_CD_header_logs/,LMC X-2,CD,YALE-03A-0001,,LMCX-2,True,IR
binir031219.0098.fits,NGC2808B,05:20:28.26,-71:57:28.9,2003-12-20,05:37:51,2452993.73463,30.05,1.38,V,J,1388,2035,2100,IR_CD_header_logs/LOG_LMC X-2.20031028thru20040303.csv,IR_CD_header_logs/,LMC X-2,CD,YALE-03A-0001,,LMCX-2,True,IR
binir031220.0103.fits,LMC X-2,05:20:28.91,-71:57:35.0,2003-12-21,02:44:06,2452994.61396,30.04,1.38,V,J,1388,2005,2130,IR_CD_header_logs/LOG_LMC X-2.20031028thru20040303.csv,IR_CD_header_logs/,LMC X-2,CD,YALE-03A-0001,,LMCX-2,True,IR
binir031220.0104.fits,LMC X-2,05:20:28.88,-71:57:34.7,2003-12-21,02:44:58,2452994.61457,30.04,1.38,V,J,1418,2035,2070,IR_CD_header_logs/LOG_LMC X-2.20031028thru20040303.csv,IR_CD_header_logs/,LMC X-2,CD,YALE-03A-0001,,LMCX-2,True,IR
binir031219.0103.fits,NGC2808B,05:20:28.13,-71:57:28.6,2003-12-20,05:42:13,2452993.73766,30.04,1.38,V,J,1418,2035,2070,IR_CD_header_logs/LOG_LMC X-2.20031028thru20040303.csv,IR_CD_header_logs/,LMC X-2,CD,YALE-03A-0001,,LMCX-2,True,IR
binir031219.0102.fits,NGC2808B,05:20:28.20,-71:57:28.4,2003-12-20,05:41:21,2452993.73705,30.04,1.38,V,J,1388,2005,2130,IR_CD_header_logs/LOG_LMC X-2.20031028thru20040303.csv,IR_CD_header_logs/,LMC X-2,CD,YALE-03A-0001,,LMCX-2,True,IR
binir031219.0101.fits,NGC2808B,05:20:28.23,-71:57:28.5,2003-12-20,05:40:29,2452993.73645,30.04,1.38,V,J,1418,2005,2100,IR_CD_header_logs/LOG_LMC X-2.20031028thru20040303.csv,IR_CD_header_logs/,LMC X-2,CD,YALE-03A-0001,,LMCX-2,True,IR
binir031219.0100.fits,NGC2808B,05:20:28.26,-71:57:28.8,2003-12-20,05:39:36,2452993.73584,30.05,1.38,V,J,1358,2035,2130,IR_CD_header_logs/LOG_LMC X-2.20031028thru20040303.csv,IR_CD_header_logs/,LMC X-2,CD,YALE-03A-0001,,LMCX-2,True,IR
binir031219.0099.fits,NGC2808B,05:20:28.27,-71:57:29.0,2003-12-20,05:38:43,2452993.73523,30.05,1.38,V,J,1388,2065,2070,IR_CD_header_logs/LOG_LMC X-2.20031028thru20040303.csv,IR_CD_header_logs/,LMC X-2,CD,YALE-03A-0001,,LMCX-2,True,IR
binir031218.0171.fits,LMC X-2,05:20:29.32,-71:57:34.5,2003-12-19,04:53:29,2452992.70381,30.04,1.35,V,J,1358,2035,2130,IR_CD_header_logs/LOG_LMC X-2.20031028thru20040303.csv,IR_CD_header_logs/,LMC X-2,CD,YALE-03A-0001,,LMCX-2,True,IR
binir031217.0073.fits,LMC X-2,05:20:30.65,-71:57:55.9,2003-12-18,03:08:25,2452991.63085,30.04,1.37,V,J,1388,2065,2070,IR_CD_header_logs/LOG_LMC X-2.20031028thru20040303.csv,IR_CD_header_logs/,LMC X-2,CD,YALE-03A-0001,,LMCX-2,True,IR
binir031218.0169.fits,LMC X-2,05:20:29.21,-71:57:35.6,2003-12-19,04:51:44,2452992.7026,30.04,1.35,V,J,1388,2035,2100,IR_CD_header_logs/LOG_LMC X-2.20031028thru20040303.csv,IR_CD_header_logs/,LMC X-2,CD,YALE-03A-0001,,LMCX-2,True,IR
binir031218.0170.fits,LMC X-2,05:20:29.30,-71:57:35.2,2003-12-19,04:52:36,2452992.7032,30.05,1.35,V,J,1388,2065,2070,IR_CD_header_logs/LOG_LMC X-2.20031028thru20040303.csv,IR_CD_header_logs/,LMC X-2,CD,YALE-03A-0001,,LMCX-2,True,IR
binir031218.0174.fits,LMC X-2,05:20:29.40,-71:57:34.5,2003-12-19,04:56:07,2452992.70564,30.05,1.35,V,J,1418,2035,2070,IR_CD_header_logs/LOG_LMC X-2.20031028thru20040303.csv,IR_CD_header_logs/,LMC X-2,CD,YALE-03A-0001,,LMCX-2,True,IR
binir031218.0172.fits,LMC X-2,05:20:29.38,-71:57:34.9,2003-12-19,04:54:22,2452992.70442,30.04,1.35,V,J,1418,2005,2100,IR_CD_header_logs/LOG_LMC X-2.20031028thru20040303.csv,IR_CD_header_logs/,LMC X-2,CD,YALE-03A-0001,,LMCX-2,True,IR
binir031218.0173.fits,LMC X-2,05:20:29.40,-71:57:34.1,2003-12-19,04:55:14,2452992.70503,30.04,1.35,V,J,1388,2005,2130,IR_CD_header_logs/LOG_LMC X-2.20031028thru20040303.csv,IR_CD_header_logs/,LMC X-2,CD,YALE-03A-0001,,LMCX-2,True,IR
binir031217.0074.fits,LMC X-2,05:20:30.68,-71:57:55.2,2003-12-18,03:09:18,2452991.63147,30.05,1.37,V,J,1358,2035,2130,IR_CD_header_logs/LOG_LMC X-2.20031028thru20040303.csv,IR_CD_header_logs/,LMC X-2,CD,YALE-03A-0001,,LMCX-2,True,IR
binir031217.0072.fits,LMC X-2,05:20:30.56,-71:57:56.2,2003-12-18,03:07:33,2452991.63025,30.05,1.37,V,J,1388,2035,2100,IR_CD_header_logs/LOG_LMC X-2.20031028thru20040303.csv,IR_CD_header_logs/,LMC X-2,CD,YALE-03A-0001,,LMCX-2,True,IR
binir031126.0123.fits,LMC X-2,05:20:28.88,-71:20:27.3,2003-11-27,05:15:21,2452970.719,30.04,1.33,V,J,1418,2005,2100,IR_CD_header_logs/LOG_LMC X-2.20031028thru20040303.csv,IR_CD_header_logs/,LMC X-2,CD,YALE-03A-0001,,LMCX-2,True,IR
binir031126.0124.fits,LMC X-2,05:20:28.85,-71:20:26.9,2003-11-27,05:16:13,2452970.7196,30.04,1.33,V,J,1388,2005,2130,IR_CD_header_logs/LOG_LMC X-2.20031028thru20040303.csv,IR_CD_header_logs/,LMC X-2,CD,YALE-03A-0001,,LMCX-2,True,IR
binir031228.0201.fits,LMC X-2,05:20:30.08,-71:57:52.7,2003-12-29,04:41:26,2453002.69545,30.04,1.37,V,J,1358,2035,2130,IR_CD_header_logs/LOG_LMC X-2.20031028thru20040303.csv,IR_CD_header_logs/,LMC X-2,CD,YALE-03A-0001,,LMCX-2,True,IR
binir031029.0136.fits,LMC X-2,05:20:29.19,-72:57:35.7,2003-10-30,04:51:02,2452942.70212,30.04,1.49,V,J,1388,2035,2100,IR_CD_header_logs/LOG_LMC X-2.20031028thru20040303.csv,IR_CD_header_logs/,LMC X-2,CD,YAL2-03A-0001,,LMCX-2,True,IR
binir031101.0167.fits,LMC X-2,05:20:28.43,-71:57:23.8,2003-11-02,05:24:36,2452945.72542,30.05,1.41,V,J,1388,2065,2070,IR_CD_header_logs/LOG_LMC X-2.20031028thru20040303.csv,IR_CD_header_logs/,LMC X-2,CD,YAL2-03A-0001,,LMCX-2,True,IR
binir031101.0168.fits,LMC X-2,05:20:28.52,-71:57:23.7,2003-11-02,05:25:29,2452945.72603,30.04,1.41,V,J,1358,2035,2130,IR_CD_header_logs/LOG_LMC X-2.20031028thru20040303.csv,IR_CD_header_logs/,LMC X-2,CD,YAL2-03A-0001,,LMCX-2,True,IR
binir031101.0169.fits,LMC X-2,05:20:28.56,-71:57:23.3,2003-11-02,05:26:22,2452945.72665,30.04,1.4,V,J,1418,2005,2100,IR_CD_header_logs/LOG_LMC X-2.20031028thru20040303.csv,IR_CD_header_logs/,LMC X-2,CD,YAL2-03A-0001,,LMCX-2,True,IR
binir031101.0170.fits,LMC X-2,05:20:28.64,-71:57:23.3,2003-11-02,05:27:14,2452945.72725,30.04,1.4,V,J,1388,2005,2130,IR_CD_header_logs/LOG_LMC X-2.20031028thru20040303.csv,IR_CD_header_logs/,LMC X-2,CD,YAL2-03A-0001,,LMCX-2,True,IR
binir031101.0171.fits,LMC X-2,05:20:28.71,-71:57:23.2,2003-11-02,05:28:07,2452945.72786,30.04,1.4,V,J,1418,2035,2070,IR_CD_header_logs/LOG_LMC X-2.20031028thru20040303.csv,IR_CD_header_logs/,LMC X-2,CD,YAL2-03A-0001,,LMCX-2,True,IR
binir031031.0129.fits,LMC X-2,05:20:30.10,-71:57:24.5,2003-11-01,05:33:07,2452944.73134,30.04,1.4,V,J,1418,2035,2070,IR_CD_header_logs/LOG_LMC X-2.20031028thru20040303.csv,IR_CD_header_logs/,LMC X-2,CD,YAL2-03A-0001,,LMCX-2,True,IR
binir031031.0128.fits,LMC X-2,05:20:30.09,-71:57:24.8,2003-11-01,05:32:14,2452944.73073,30.04,1.4,V,J,1388,2005,2130,IR_CD_header_logs/LOG_LMC X-2.20031028thru20040303.csv,IR_CD_header_logs/,LMC X-2,CD,YAL2-03A-0001,,LMCX-2,True,IR
binir031031.0127.fits,LMC X-2,05:20:29.92,-71:57:24.9,2003-11-01,05:31:22,2452944.73013,30.04,1.4,V,J,1418,2005,2100,IR_CD_header_logs/LOG_LMC X-2.20031028thru20040303.csv,IR_CD_header_logs/,LMC X-2,CD,YAL2-03A-0001,,LMCX-2,True,IR
binir031031.0126.fits,LMC X-2,05:20:29.87,-71:57:25.0,2003-11-01,05:30:30,2452944.72951,30.04,1.4,V,J,1358,2035,2130,IR_CD_header_logs/LOG_LMC X-2.20031028thru20040303.csv,IR_CD_header_logs/,LMC X-2,CD,YAL2-03A-0001,,LMCX-2,True,IR
binir031031.0125.fits,LMC X-2,05:20:29.79,-71:57:25.1,2003-11-01,05:29:37,2452944.7289,30.05,1.41,V,J,1388,2065,2070,IR_CD_header_logs/LOG_LMC X-2.20031028thru20040303.csv,IR_CD_header_logs/,LMC X-2,CD,YAL2-03A-0001,,LMCX-2,True,IR
binir031031.0124.fits,LMC X-2,05:20:29.65,-71:57:25.0,2003-11-01,05:28:45,2452944.7283,30.05,1.41,V,J,1388,2035,2100,IR_CD_header_logs/LOG_LMC X-2.20031028thru20040303.csv,IR_CD_header_logs/,LMC X-2,CD,YAL2-03A-0001,,LMCX-2,True,IR
binir031030.0199.fits,LMC X-2,05:20:28.79,-71:57:34.4,2003-10-31,06:19:16,2452943.76339,30.04,1.37,V,J,1388,2005,2130,IR_CD_header_logs/LOG_LMC X-2.20031028thru20040303.csv,IR_CD_header_logs/,LMC X-2,CD,YAL2-03A-0001,,LMCX-2,True,IR
binir031030.0198.fits,LMC X-2,05:20:28.86,-71:57:34.6,2003-10-31,06:18:24,2452943.76278,30.05,1.37,V,J,1418,2005,2100,IR_CD_header_logs/LOG_LMC X-2.20031028thru20040303.csv,IR_CD_header_logs/,LMC X-2,CD,YAL2-03A-0001,,LMCX-2,True,IR
binir031030.0197.fits,LMC X-2,05:20:28.92,-71:57:34.8,2003-10-31,06:17:31,2452943.76217,30.05,1.37,V,J,1358,2035,2130,IR_CD_header_logs/LOG_LMC X-2.20031028thru20040303.csv,IR_CD_header_logs/,LMC X-2,CD,YAL2-03A-0001,,LMCX-2,True,IR
binir031030.0196.fits,LMC X-2,05:20:28.96,-71:57:34.8,2003-10-31,06:16:38,2452943.76155,30.04,1.37,V,J,1388,2065,2070,IR_CD_header_logs/LOG_LMC X-2.20031028thru20040303.csv,IR_CD_header_logs/,LMC X-2,CD,YAL2-03A-0001,,LMCX-2,True,IR
binir031030.0195.fits,LMC X-2,05:20:29.01,-71:57:35.1,2003-10-31,06:15:46,2452943.76095,30.04,1.37,V,J,1388,2035,2100,IR_CD_header_logs/LOG_LMC X-2.20031028thru20040303.csv,IR_CD_header_logs/,LMC X-2,CD,YAL2-03A-0001,,LMCX-2,True,IR
binir031030.0200.fits,LMC X-2,05:20:28.79,-71:57:34.6,2003-10-31,06:20:09,2452943.764,30.05,1.37,V,J,1418,2035,2070,IR_CD_header_logs/LOG_LMC X-2.20031028thru20040303.csv,IR_CD_header_logs/,LMC X-2,CD,YAL2-03A-0001,,LMCX-2,True,IR
binir031101.0166.fits,LMC X-2,05:20:28.37,-71:57:23.8,2003-11-02,05:23:44,2452945.72482,30.04,1.41,V,J,1388,2035,2100,IR_CD_header_logs/LOG_LMC X-2.20031028thru20040303.csv,IR_CD_header_logs/,LMC X-2,CD,YAL2-03A-0001,,LMCX-2,True,IR
binir031102.0152.fits,LMC X-2,05:20:29.41,-71:57:24.6,2003-11-03,05:40:14,2452946.73628,30.04,1.39,V,J,1388,2005,2130,IR_CD_header_logs/LOG_LMC X-2.20031028thru20040303.csv,IR_CD_header_logs/,LMC X-2,CD,YAL2-03A-0001,,LMCX-2,True,IR
binir031102.0151.fits,LMC X-2,05:20:29.38,-71:57:24.6,2003-11-03,05:39:22,2452946.73567,30.04,1.39,V,J,1418,2005,2100,IR_CD_header_logs/LOG_LMC X-2.20031028thru20040303.csv,IR_CD_header_logs/,LMC X-2,CD,YAL2-03A-0001,,LMCX-2,True,IR
binir031103.0151.fits,LMC X-2,05:20:30.17,-71:57:24.3,2003-11-04,05:16:56,2452947.7201,30.04,1.41,V,J,1418,2035,2070,IR_CD_header_logs/LOG_LMC X-2.20031028thru20040303.csv,IR_CD_header_logs/,LMC X-2,CD,YAL2-03A-0001,,LMCX-2,True,IR
binir031105.0181.fits,LMC X-2,05:20:29.82,-71:57:24.5,2003-11-06,05:17:22,2452949.7204,30.05,1.4,V,J,1388,2035,2100,IR_CD_header_logs/LOG_LMC X-2.20031028thru20040303.csv,IR_CD_header_logs/,LMC X-2,CD,YALE-03A-0001,,LMCX-2,True,IR
binir031104.0095.fits,LMC X-2,05:20:30.51,-71:57:30.2,2003-11-05,03:23:16,2452948.64117,30.04,1.6,V,J,1418,2005,2100,IR_CD_header_logs/LOG_LMC X-2.20031028thru20040303.csv,IR_CD_header_logs/,LMC X-2,CD,YALE-03A-0001,,LMCX-2,True,IR
binir031104.0092.fits,LMC X-2,05:20:30.32,-71:57:30.5,2003-11-05,03:20:39,2452948.63934,30.05,1.61,V,J,1388,2035,2100,IR_CD_header_logs/LOG_LMC X-2.20031028thru20040303.csv,IR_CD_header_logs/,LMC X-2,CD,YALE-03A-0001,,LMCX-2,True,IR
binir031104.0093.fits,LMC X-2,05:20:30.37,-71:57:30.4,2003-11-05,03:21:31,2452948.63994,30.04,1.6,V,J,1388,2065,2070,IR_CD_header_logs/LOG_LMC X-2.20031028thru20040303.csv,IR_CD_header_logs/,LMC X-2,CD,YALE-03A-0001,,LMCX-2,True,IR
binir031104.0094.fits,LMC X-2,05:20:30.42,-71:57:30.1,2003-11-05,03:22:24,2452948.64056,30.05,1.6,V,J,1358,2035,2130,IR_CD_header_logs/LOG_LMC X-2.20031028thru20040303.csv,IR_CD_header_logs/,LMC X-2,CD,YALE-03A-0001,,LMCX-2,True,IR
binir031104.0097.fits,LMC X-2,05:20:30.62,-71:57:29.0,2003-11-05,03:25:01,2452948.64238,30.05,1.6,V,J,1418,2035,2070,IR_CD_header_logs/LOG_LMC X-2.20031028thru20040303.csv,IR_CD_header_logs/,LMC X-2,CD,YALE-03A-0001,,LMCX-2,True,IR
binir031104.0096.fits,LMC X-2,05:20:30.56,-71:57:30.0,2003-11-05,03:24:08,2452948.64177,30.04,1.6,V,J,1388,2005,2130,IR_CD_header_logs/LOG_LMC X-2.20031028thru20040303.csv,IR_CD_header_logs/,LMC X-2,CD,YALE-03A-0001,,LMCX-2,True,IR
binir031103.0150.fits,LMC X-2,05:20:30.10,-71:57:24.5,2003-11-04,05:16:04,2452947.71949,30.04,1.41,V,J,1388,2005,2130,IR_CD_header_logs/LOG_LMC X-2.20031028thru20040303.csv,IR_CD_header_logs/,LMC X-2,CD,YAL2-03A-0001,,LMCX-2,True,IR
binir031102.0153.fits,LMC X-2,05:20:29.38,-71:57:24.2,2003-11-03,05:41:07,2452946.73689,30.04,1.39,V,J,1418,2035,2070,IR_CD_header_logs/LOG_LMC X-2.20031028thru20040303.csv,IR_CD_header_logs/,LMC X-2,CD,YAL2-03A-0001,,LMCX-2,True,IR
binir031103.0149.fits,LMC X-2,05:20:30.05,-71:57:24.8,2003-11-04,05:15:11,2452947.71889,30.05,1.41,V,J,1418,2005,2100,IR_CD_header_logs/LOG_LMC X-2.20031028thru20040303.csv,IR_CD_header_logs/,LMC X-2,CD,YAL2-03A-0001,,LMCX-2,True,IR
binir031103.0148.fits,LMC X-2,05:20:29.97,-71:57:24.8,2003-11-04,05:14:19,2452947.71828,30.04,1.41,V,J,1358,2035,2130,IR_CD_header_logs/LOG_LMC X-2.20031028thru20040303.csv,IR_CD_header_logs/,LMC X-2,CD,YAL2-03A-0001,,LMCX-2,True,IR
binir031103.0147.fits,LMC X-2,05:20:29.90,-71:57:24.8,2003-11-04,05:13:26,2452947.71766,30.04,1.41,V,J,1388,2065,2070,IR_CD_header_logs/LOG_LMC X-2.20031028thru20040303.csv,IR_CD_header_logs/,LMC X-2,CD,YAL2-03A-0001,,LMCX-2,True,IR
binir031103.0146.fits,LMC X-2,05:20:29.81,-71:57:24.8,2003-11-04,05:12:34,2452947.71706,30.04,1.41,V,J,1388,2035,2100,IR_CD_header_logs/LOG_LMC X-2.20031028thru20040303.csv,IR_CD_header_logs/,LMC X-2,CD,YAL2-03A-0001,,LMCX-2,True,IR
binir031102.0150.fits,LMC X-2,05:20:29.36,-71:57:24.8,2003-11-03,05:38:29,2452946.73506,30.05,1.39,V,J,1358,2035,2130,IR_CD_header_logs/LOG_LMC X-2.20031028thru20040303.csv,IR_CD_header_logs/,LMC X-2,CD,YAL2-03A-0001,,LMCX-2,True,IR
binir031102.0148.fits,LMC X-2,05:20:29.30,-71:57:24.7,2003-11-03,05:36:44,2452946.73385,30.05,1.39,V,J,1388,2035,2100,IR_CD_header_logs/LOG_LMC X-2.20031028thru20040303.csv,IR_CD_header_logs/,LMC X-2,CD,YAL2-03A-0001,,LMCX-2,True,IR
binir031102.0149.fits,LMC X-2,05:20:29.36,-71:57:24.6,2003-11-03,05:37:36,2452946.73445,30.04,1.39,V,J,1388,2065,2070,IR_CD_header_logs/LOG_LMC X-2.20031028thru20040303.csv,IR_CD_header_logs/,LMC X-2,CD,YAL2-03A-0001,,LMCX-2,True,IR
binir031029.0138.fits,LMC X-2,05:20:29.03,-72:57:35.0,2003-10-30,04:52:47,2452942.70333,30.04,1.48,V,J,1358,2035,2130,IR_CD_header_logs/LOG_LMC X-2.20031028thru20040303.csv,IR_CD_header_logs/,LMC X-2,CD,YAL2-03A-0001,,LMCX-2,True,IR
binir031029.0137.fits,LMC X-2,05:20:29.10,-72:57:35.5,2003-10-30,04:51:54,2452942.70272,30.05,1.49,V,J,1388,2065,2070,IR_CD_header_logs/LOG_LMC X-2.20031028thru20040303.csv,IR_CD_header_logs/,LMC X-2,CD,YAL2-03A-0001,,LMCX-2,True,IR
binir031105.0183.fits,LMC X-2,05:20:30.04,-71:57:24.2,2003-11-06,05:19:07,2452949.72161,30.04,1.4,V,J,1358,2035,2130,IR_CD_header_logs/LOG_LMC X-2.20031028thru20040303.csv,IR_CD_header_logs/,LMC X-2,CD,YALE-03A-0001,,LMCX-2,True,IR
binir031029.0139.fits,LMC X-2,05:20:29.03,-72:57:34.6,2003-10-30,04:53:40,2452942.70394,30.04,1.48,V,J,1418,2005,2100,IR_CD_header_logs/LOG_LMC X-2.20031028thru20040303.csv,IR_CD_header_logs/,LMC X-2,CD,YAL2-03A-0001,,LMCX-2,True,IR
binir031028.0149.fits,LMC X-2,05:20:29.10,-71:57:36.4,2003-10-29,05:36:57,2452941.734,30.05,1.41,V,J,1388,2035,2100,IR_CD_header_logs/LOG_LMC X-2.20031028thru20040303.csv,IR_CD_header_logs/,LMC X-2,CD,YAL2-03A-0001,,LMCX-2,True,IR
binir031029.0140.fits,LMC X-2,05:20:28.99,-72:57:34.6,2003-10-30,04:54:32,2452942.70454,30.04,1.48,V,J,1388,2005,2130,IR_CD_header_logs/LOG_LMC X-2.20031028thru20040303.csv,IR_CD_header_logs/,LMC X-2,CD,YAL2-03A-0001,,LMCX-2,True,IR
binir031029.0141.fits,LMC X-2,05:20:28.93,-72:57:34.6,2003-10-30,04:55:25,2452942.70515,30.04,1.48,V,J,1418,2035,2070,IR_CD_header_logs/LOG_LMC X-2.20031028thru20040303.csv,IR_CD_header_logs/,LMC X-2,CD,YAL2-03A-0001,,LMCX-2,True,IR
binir031028.0154.fits,LMC X-2,05:20:29.26,-71:57:35.0,2003-10-29,05:41:20,2452941.73704,30.05,1.41,V,J,1418,2035,2070,IR_CD_header_logs/LOG_LMC X-2.20031028thru20040303.csv,IR_CD_header_logs/,LMC X-2,CD,YAL2-03A-0001,,LMCX-2,True,IR
binir031028.0153.fits,LMC X-2,05:20:29.20,-71:57:35.1,2003-10-29,05:40:27,2452941.73643,30.04,1.41,V,J,1388,2005,2130,IR_CD_header_logs/LOG_LMC X-2.20031028thru20040303.csv,IR_CD_header_logs/,LMC X-2,CD,YAL2-03A-0001,,LMCX-2,True,IR
binir031028.0152.fits,LMC X-2,05:20:29.12,-71:57:35.3,2003-10-29,05:39:35,2452941.73583,30.04,1.41,V,J,1418,2005,2100,IR_CD_header_logs/LOG_LMC X-2.20031028thru20040303.csv,IR_CD_header_logs/,LMC X-2,CD,YAL2-03A-0001,,LMCX-2,True,IR
binir031028.0151.fits,LMC X-2,05:20:29.09,-71:57:35.6,2003-10-29,05:38:42,2452941.73521,30.04,1.41,V,J,1358,2035,2130,IR_CD_header_logs/LOG_LMC X-2.20031028thru20040303.csv,IR_CD_header_logs/,LMC X-2,CD,YAL2-03A-0001,,LMCX-2,True,IR
binir031028.0150.fits,LMC X-2,05:20:29.06,-71:57:35.6,2003-10-29,05:37:49,2452941.7346,30.04,1.41,V,J,1388,2065,2070,IR_CD_header_logs/LOG_LMC X-2.20031028thru20040303.csv,IR_CD_header_logs/,LMC X-2,CD,YAL2-03A-0001,,LMCX-2,True,IR
binir031027.0221.fits,LMC X-2,05:20:29.21,-71:57:35.1,2003-10-28,06:32:34,2452940.77262,30.04,1.36,V,J,1418,2035,2070,IR_CD_header_logs/LOG_LMC X-2.20031028thru20040303.csv,IR_CD_header_logs/,LMC X-2,CD,YAL2-03A-0001,,LMCX-2,True,IR
binir031027.0220.fits,LMC X-2,05:20:29.17,-71:57:35.2,2003-10-28,06:31:42,2452940.77202,30.04,1.37,V,J,1388,2005,2130,IR_CD_header_logs/LOG_LMC X-2.20031028thru20040303.csv,IR_CD_header_logs/,LMC X-2,CD,YAL2-03A-0001,,LMCX-2,True,IR
binir031027.0219.fits,LMC X-2,05:20:29.15,-71:57:35.2,2003-10-28,06:30:50,2452940.77141,30.05,1.37,V,J,1418,2005,2100,IR_CD_header_logs/LOG_LMC X-2.20031028thru20040303.csv,IR_CD_header_logs/,LMC X-2,CD,YAL2-03A-0001,,LMCX-2,True,IR
binir031027.0218.fits,LMC X-2,05:20:29.16,-71:57:35.1,2003-10-28,06:29:57,2452940.7708,30.04,1.37,V,J,1358,2035,2130,IR_CD_header_logs/LOG_LMC X-2.20031028thru20040303.csv,IR_CD_header_logs/,LMC X-2,CD,YAL2-03A-0001,,LMCX-2,True,IR
binir031027.0217.fits,LMC X-2,05:20:29.16,-71:57:35.1,2003-10-28,06:29:04,2452940.77018,30.05,1.37,V,J,1388,2065,2070,IR_CD_header_logs/LOG_LMC X-2.20031028thru20040303.csv,IR_CD_header_logs/,LMC X-2,CD,YAL2-03A-0001,,LMCX-2,True,IR
binir031027.0216.fits,LMC X-2,05:20:29.15,-71:57:35.2,2003-10-28,06:28:11,2452940.76958,30.04,1.37,V,J,1388,2035,2100,IR_CD_header_logs/LOG_LMC X-2.20031028thru20040303.csv,IR_CD_header_logs/,LMC X-2,CD,YAL2-03A-0001,,LMCX-2,True,IR
binir031105.0182.fits,LMC X-2,05:20:29.97,-71:57:24.3,2003-11-06,05:18:14,2452949.721,30.05,1.4,V,J,1388,2065,2070,IR_CD_header_logs/LOG_LMC X-2.20031028thru20040303.csv,IR_CD_header_logs/,LMC X-2,CD,YALE-03A-0001,,LMCX-2,True,IR
binir031105.0184.fits,LMC X-2,05:20:30.13,-71:57:23.8,2003-11-06,05:19:59,2452949.72222,30.05,1.39,V,J,1418,2005,2100,IR_CD_header_logs/LOG_LMC X-2.20031028thru20040303.csv,IR_CD_header_logs/,LMC X-2,CD,YALE-03A-0001,,LMCX-2,True,IR
binir031125.0078.fits,LMC X-2,05:20:28.94,-71:57:35.7,2003-11-26,04:30:09,2452969.68761,30.05,1.37,V,J,1418,2035,2070,IR_CD_header_logs/LOG_LMC X-2.20031028thru20040303.csv,IR_CD_header_logs/,LMC X-2,CD,YALE-03A-0001,,LMCX-2,True,IR
binir031112.0118.fits,LMC X-2,05:20:29.18,-71:57:35.1,2003-11-13,05:35:32,2452956.73302,30.05,1.36,V,J,1358,2035,2130,IR_CD_header_logs/LOG_LMC X-2.20031028thru20040303.csv,IR_CD_header_logs/,LMC X-2,CD,YALE-03A-0001,,LMCX-2,True,IR
binir031121.0096.fits,LMC X-2,05:20:29.06,-71:57:35.6,2003-11-22,03:31:33,2452965.64691,30.04,1.45,V,J,1358,2035,2130,IR_CD_header_logs/LOG_LMC X-2.20031028thru20040303.csv,IR_CD_header_logs/,LMC X-2,CD,YALE-03A-0001,,LMCX-2,True,IR
binir031121.0095.fits,LMC X-2,05:20:29.15,-71:57:35.8,2003-11-22,03:30:40,2452965.6463,30.05,1.45,V,J,1388,2065,2070,IR_CD_header_logs/LOG_LMC X-2.20031028thru20040303.csv,IR_CD_header_logs/,LMC X-2,CD,YALE-03A-0001,,LMCX-2,True,IR
binir031121.0094.fits,LMC X-2,05:20:29.17,-71:57:36.2,2003-11-22,03:29:48,2452965.6457,30.05,1.45,V,J,1388,2035,2100,IR_CD_header_logs/LOG_LMC X-2.20031028thru20040303.csv,IR_CD_header_logs/,LMC X-2,CD,YALE-03A-0001,,LMCX-2,True,IR
binir031114.0234.fits,LMC X-2,05:20:29.58,-71:57:57.4,2003-11-15,06:35:55,2452958.77495,30.04,1.34,V,J,1418,2035,2070,IR_CD_header_logs/LOG_LMC X-2.20031028thru20040303.csv,IR_CD_header_logs/,LMC X-2,CD,YALE-03A-0001,,LMCX-2,True,IR
binir031114.0233.fits,LMC X-2,05:20:29.58,-71:57:57.3,2003-11-15,06:35:03,2452958.77434,30.05,1.34,V,J,1388,2005,2130,IR_CD_header_logs/LOG_LMC X-2.20031028thru20040303.csv,IR_CD_header_logs/,LMC X-2,CD,YALE-03A-0001,,LMCX-2,True,IR
binir031114.0232.fits,LMC X-2,05:20:29.58,-71:57:57.3,2003-11-15,06:34:11,2452958.77374,30.04,1.34,V,J,1418,2005,2100,IR_CD_header_logs/LOG_LMC X-2.20031028thru20040303.csv,IR_CD_header_logs/,LMC X-2,CD,YALE-03A-0001,,LMCX-2,True,IR
binir031114.0231.fits,LMC X-2,05:20:29.61,-71:57:57.2,2003-11-15,06:33:18,2452958.77313,30.04,1.34,V,J,1358,2035,2130,IR_CD_header_logs/LOG_LMC X-2.20031028thru20040303.csv,IR_CD_header_logs/,LMC X-2,CD,YALE-03A-0001,,LMCX-2,True,IR
binir031114.0230.fits,LMC X-2,05:20:29.58,-71:57:57.7,2003-11-15,06:32:25,2452958.77252,30.04,1.34,V,J,1388,2065,2070,IR_CD_header_logs/LOG_LMC X-2.20031028thru20040303.csv,IR_CD_header_logs/,LMC X-2,CD,YALE-03A-0001,,LMCX-2,True,IR
binir031114.0229.fits,LMC X-2,05:20:29.58,-71:57:58.0,2003-11-15,06:31:33,2452958.77192,30.04,1.34,V,J,1388,2035,2100,IR_CD_header_logs/LOG_LMC X-2.20031028thru20040303.csv,IR_CD_header_logs/,LMC X-2,CD,YALE-03A-0001,,LMCX-2,True,IR
binir031113.0099.fits,LMC X-2,05:20:29.82,-71:57:24.6,2003-11-14,04:30:09,2452957.6876,30.04,1.42,V,J,1388,2065,2070,IR_CD_header_logs/LOG_LMC X-2.20031028thru20040303.csv,IR_CD_header_logs/,LMC X-2,CD,YALE-03A-0001,,LMCX-2,True,IR
binir031113.0098.fits,LMC X-2,05:20:29.80,-71:57:24.5,2003-11-14,04:29:17,2452957.687,30.04,1.42,V,J,1388,2035,2100,IR_CD_header_logs/LOG_LMC X-2.20031028thru20040303.csv,IR_CD_header_logs/,LMC X-2,CD,YALE-03A-0001,,LMCX-2,True,IR
binir031113.0100.fits,LMC X-2,05:20:29.86,-71:57:24.6,2003-11-14,04:31:01,2452957.68822,30.04,1.41,V,J,1358,2035,2130,IR_CD_header_logs/LOG_LMC X-2.20031028thru20040303.csv,IR_CD_header_logs/,LMC X-2,CD,YALE-03A-0001,,LMCX-2,True,IR
binir031113.0103.fits,LMC X-2,05:20:30.06,-71:57:24.1,2003-11-14,04:33:39,2452957.69004,30.04,1.41,V,J,1418,2035,2070,IR_CD_header_logs/LOG_LMC X-2.20031028thru20040303.csv,IR_CD_header_logs/,LMC X-2,CD,YALE-03A-0001,,LMCX-2,True,IR
binir031113.0102.fits,LMC X-2,05:20:29.99,-71:57:24.1,2003-11-14,04:32:46,2452957.68943,30.04,1.41,V,J,1388,2005,2130,IR_CD_header_logs/LOG_LMC X-2.20031028thru20040303.csv,IR_CD_header_logs/,LMC X-2,CD,YALE-03A-0001,,LMCX-2,True,IR
binir031113.0101.fits,LMC X-2,05:20:29.91,-71:57:24.1,2003-11-14,04:31:54,2452957.68882,30.04,1.41,V,J,1418,2005,2100,IR_CD_header_logs/LOG_LMC X-2.20031028thru20040303.csv,IR_CD_header_logs/,LMC X-2,CD,YALE-03A-0001,,LMCX-2,True,IR
binir031112.0121.fits,LMC X-2,05:20:29.19,-71:57:34.8,2003-11-13,05:38:09,2452956.73484,30.04,1.36,V,J,1418,2035,2070,IR_CD_header_logs/LOG_LMC X-2.20031028thru20040303.csv,IR_CD_header_logs/,LMC X-2,CD,YALE-03A-0001,,LMCX-2,True,IR
binir031112.0120.fits,LMC X-2,05:20:29.21,-71:57:34.8,2003-11-13,05:37:17,2452956.73423,30.05,1.36,V,J,1388,2005,2130,IR_CD_header_logs/LOG_LMC X-2.20031028thru20040303.csv,IR_CD_header_logs/,LMC X-2,CD,YALE-03A-0001,,LMCX-2,True,IR
binir031121.0097.fits,LMC X-2,05:20:29.05,-71:57:34.8,2003-11-22,03:32:25,2452965.64752,30.05,1.45,V,J,1418,2005,2100,IR_CD_header_logs/LOG_LMC X-2.20031028thru20040303.csv,IR_CD_header_logs/,LMC X-2,CD,YALE-03A-0001,,LMCX-2,True,IR
binir031121.0098.fits,LMC X-2,05:20:29.12,-71:57:34.7,2003-11-22,03:33:17,2452965.64812,30.04,1.45,V,J,1388,2005,2130,IR_CD_header_logs/LOG_LMC X-2.20031028thru20040303.csv,IR_CD_header_logs/,LMC X-2,CD,YALE-03A-0001,,LMCX-2,True,IR
binir031121.0099.fits,LMC X-2,05:20:29.17,-71:57:34.9,2003-11-22,03:34:10,2452965.64873,30.05,1.45,V,J,1418,2035,2070,IR_CD_header_logs/LOG_LMC X-2.20031028thru20040303.csv,IR_CD_header_logs/,LMC X-2,CD,YALE-03A-0001,,LMCX-2,True,IR
binir031124.0174.fits,LMC X-2,05:20:29.09,-71:57:36.0,2003-11-25,05:35:15,2452968.73282,30.05,1.35,V,J,1388,2065,2070,IR_CD_header_logs/LOG_LMC X-2.20031028thru20040303.csv,IR_CD_header_logs/,LMC X-2,CD,YALE-03A-0001,,LMCX-2,True,IR
binir031125.0077.fits,LMC X-2,05:20:28.92,-71:57:35.4,2003-11-26,04:29:17,2452969.687,30.04,1.37,V,J,1388,2005,2130,IR_CD_header_logs/LOG_LMC X-2.20031028thru20040303.csv,IR_CD_header_logs/,LMC X-2,CD,YALE-03A-0001,,LMCX-2,True,IR
binir031125.0076.fits,LMC X-2,05:20:28.98,-71:57:35.7,2003-11-26,04:28:25,2452969.6864,30.05,1.37,V,J,1418,2005,2100,IR_CD_header_logs/LOG_LMC X-2.20031028thru20040303.csv,IR_CD_header_logs/,LMC X-2,CD,YALE-03A-0001,,LMCX-2,True,IR
binir031125.0075.fits,LMC X-2,05:20:29.04,-71:57:35.6,2003-11-26,04:27:32,2452969.68579,30.04,1.37,V,J,1358,2035,2130,IR_CD_header_logs/LOG_LMC X-2.20031028thru20040303.csv,IR_CD_header_logs/,LMC X-2,CD,YALE-03A-0001,,LMCX-2,True,IR
binir031125.0074.fits,LMC X-2,05:20:29.10,-71:57:35.8,2003-11-26,04:26:39,2452969.68518,30.04,1.37,V,J,1388,2065,2070,IR_CD_header_logs/LOG_LMC X-2.20031028thru20040303.csv,IR_CD_header_logs/,LMC X-2,CD,YALE-03A-0001,,LMCX-2,True,IR
binir031125.0073.fits,LMC X-2,05:20:29.16,-71:57:36.2,2003-11-26,04:25:47,2452969.68458,30.05,1.37,V,J,1388,2035,2100,IR_CD_header_logs/LOG_LMC X-2.20031028thru20040303.csv,IR_CD_header_logs/,LMC X-2,CD,YALE-03A-0001,,LMCX-2,True,IR
binir031124.0175.fits,LMC X-2,05:20:29.06,-71:57:35.9,2003-11-25,05:36:08,2452968.73343,30.05,1.35,V,J,1358,2035,2130,IR_CD_header_logs/LOG_LMC X-2.20031028thru20040303.csv,IR_CD_header_logs/,LMC X-2,CD,YALE-03A-0001,,LMCX-2,True,IR
binir031124.0173.fits,LMC X-2,05:20:29.13,-71:57:35.9,2003-11-25,05:34:22,2452968.73221,30.05,1.35,V,J,1388,2035,2100,IR_CD_header_logs/LOG_LMC X-2.20031028thru20040303.csv,IR_CD_header_logs/,LMC X-2,CD,YALE-03A-0001,,LMCX-2,True,IR
binir031124.0178.fits,LMC X-2,05:20:28.97,-71:57:35.8,2003-11-25,05:38:46,2452968.73526,30.04,1.34,V,J,1418,2035,2070,IR_CD_header_logs/LOG_LMC X-2.20031028thru20040303.csv,IR_CD_header_logs/,LMC X-2,CD,YALE-03A-0001,,LMCX-2,True,IR
binir031123.0018.fits,LMC X-2,05:20:28.96,-71:57:34.2,2003-11-24,04:05:38,2452967.67058,30.04,1.4,V,J,1418,2035,2070,IR_CD_header_logs/LOG_LMC X-2.20031028thru20040303.csv,IR_CD_header_logs/,LMC X-2,CD,YALE-03A-0001,,LMCX-2,True,IR
binir031124.0176.fits,LMC X-2,05:20:29.01,-71:57:35.9,2003-11-25,05:37:01,2452968.73404,30.04,1.34,V,J,1418,2005,2100,IR_CD_header_logs/LOG_LMC X-2.20031028thru20040303.csv,IR_CD_header_logs/,LMC X-2,CD,YALE-03A-0001,,LMCX-2,True,IR
binir031124.0177.fits,LMC X-2,05:20:28.98,-71:57:35.8,2003-11-25,05:37:53,2452968.73464,30.05,1.34,V,J,1388,2005,2130,IR_CD_header_logs/LOG_LMC X-2.20031028thru20040303.csv,IR_CD_header_logs/,LMC X-2,CD,YALE-03A-0001,,LMCX-2,True,IR
binir031123.0015.fits,LMC X-2,05:20:29.04,-71:57:36.2,2003-11-24,04:03:00,2452967.66876,30.05,1.4,V,J,1358,2035,2130,IR_CD_header_logs/LOG_LMC X-2.20031028thru20040303.csv,IR_CD_header_logs/,LMC X-2,CD,YALE-03A-0001,,LMCX-2,True,IR
binir031123.0013.fits,LMC X-2,05:20:29.18,-71:57:36.0,2003-11-24,04:01:16,2452967.66755,30.04,1.4,V,J,1388,2035,2100,IR_CD_header_logs/LOG_LMC X-2.20031028thru20040303.csv,IR_CD_header_logs/,LMC X-2,CD,YALE-03A-0001,,LMCX-2,True,IR
binir031123.0014.fits,LMC X-2,05:20:29.04,-71:57:35.3,2003-11-24,04:02:08,2452967.66815,30.04,1.4,V,J,1388,2065,2070,IR_CD_header_logs/LOG_LMC X-2.20031028thru20040303.csv,IR_CD_header_logs/,LMC X-2,CD,YALE-03A-0001,,LMCX-2,True,IR
binir031123.0016.fits,LMC X-2,05:20:29.02,-71:57:35.4,2003-11-24,04:03:54,2452967.66938,30.04,1.4,V,J,1418,2005,2100,IR_CD_header_logs/LOG_LMC X-2.20031028thru20040303.csv,IR_CD_header_logs/,LMC X-2,CD,YALE-03A-0001,,LMCX-2,True,IR
binir031123.0017.fits,LMC X-2,05:20:28.97,-71:57:34.8,2003-11-24,04:04:46,2452967.66998,30.04,1.4,V,J,1388,2005,2130,IR_CD_header_logs/LOG_LMC X-2.20031028thru20040303.csv,IR_CD_header_logs/,LMC X-2,CD,YALE-03A-0001,,LMCX-2,True,IR
binir031112.0119.fits,LMC X-2,05:20:29.18,-71:57:35.2,2003-11-13,05:36:25,2452956.73363,30.04,1.36,V,J,1418,2005,2100,IR_CD_header_logs/LOG_LMC X-2.20031028thru20040303.csv,IR_CD_header_logs/,LMC X-2,CD,YALE-03A-0001,,LMCX-2,True,IR
binir031112.0117.fits,LMC X-2,05:20:29.19,-71:57:35.4,2003-11-13,05:34:40,2452956.73241,30.04,1.36,V,J,1388,2065,2070,IR_CD_header_logs/LOG_LMC X-2.20031028thru20040303.csv,IR_CD_header_logs/,LMC X-2,CD,YALE-03A-0001,,LMCX-2,True,IR
binir031105.0185.fits,LMC X-2,05:20:30.13,-71:57:24.1,2003-11-06,05:20:52,2452949.72282,30.05,1.39,V,J,1388,2005,2130,IR_CD_header_logs/LOG_LMC X-2.20031028thru20040303.csv,IR_CD_header_logs/,LMC X-2,CD,YALE-03A-0001,,LMCX-2,True,IR
binir031112.0116.fits,LMC X-2,05:20:29.17,-71:57:36.0,2003-11-13,05:33:48,2452956.73181,30.05,1.36,V,J,1388,2035,2100,IR_CD_header_logs/LOG_LMC X-2.20031028thru20040303.csv,IR_CD_header_logs/,LMC X-2,CD,YALE-03A-0001,,LMCX-2,True,IR
binir031108.0168.fits,LMC X-2,05:20:29.35,-71:57:35.3,2003-11-09,05:06:29,2452952.71284,30.04,1.4,V,J,1418,2005,2100,IR_CD_header_logs/LOG_LMC X-2.20031028thru20040303.csv,IR_CD_header_logs/,LMC X-2,CD,YALE-03A-0001,,LMCX-2,True,IR
binir031108.0167.fits,LMC X-2,05:20:29.31,-71:57:35.4,2003-11-09,05:05:36,2452952.71222,30.05,1.4,V,J,1358,2035,2130,IR_CD_header_logs/LOG_LMC X-2.20031028thru20040303.csv,IR_CD_header_logs/,LMC X-2,CD,YALE-03A-0001,,LMCX-2,True,IR
binir031108.0166.fits,LMC X-2,05:20:29.25,-71:57:35.3,2003-11-09,05:04:43,2452952.71161,30.05,1.4,V,J,1388,2065,2070,IR_CD_header_logs/LOG_LMC X-2.20031028thru20040303.csv,IR_CD_header_logs/,LMC X-2,CD,YALE-03A-0001,,LMCX-2,True,IR
binir031108.0165.fits,LMC X-2,05:20:29.16,-71:57:36.0,2003-11-09,05:03:51,2452952.71101,30.04,1.4,V,J,1388,2035,2100,IR_CD_header_logs/LOG_LMC X-2.20031028thru20040303.csv,IR_CD_header_logs/,LMC X-2,CD,YALE-03A-0001,,LMCX-2,True,IR
binir031107.0168.fits,LMC X-2,05:20:29.11,-71:57:36.7,2003-11-08,05:46:43,2452951.74078,30.04,1.37,V,J,1358,2035,2130,IR_CD_header_logs/LOG_LMC X-2.20031028thru20040303.csv,IR_CD_header_logs/,LMC X-2,CD,YALE-03A-0001,,LMCX-2,True,IR
binir031107.0166.fits,LMC X-2,05:20:29.14,-71:57:36.4,2003-11-08,05:44:58,2452951.73956,30.05,1.37,V,J,1388,2035,2100,IR_CD_header_logs/LOG_LMC X-2.20031028thru20040303.csv,IR_CD_header_logs/,LMC X-2,CD,YALE-03A-0001,,LMCX-2,True,IR
binir031107.0167.fits,LMC X-2,05:20:29.13,-71:57:35.9,2003-11-08,05:45:50,2452951.74016,30.05,1.37,V,J,1388,2065,2070,IR_CD_header_logs/LOG_LMC X-2.20031028thru20040303.csv,IR_CD_header_logs/,LMC X-2,CD,YALE-03A-0001,,LMCX-2,True,IR
binir031107.0170.fits,LMC X-2,05:20:29.04,-71:57:36.4,2003-11-08,05:48:28,2452951.74199,30.04,1.37,V,J,1388,2005,2130,IR_CD_header_logs/LOG_LMC X-2.20031028thru20040303.csv,IR_CD_header_logs/,LMC X-2,CD,YALE-03A-0001,,LMCX-2,True,IR
binir031107.0169.fits,LMC X-2,05:20:29.05,-71:57:36.2,2003-11-08,05:47:36,2452951.74139,30.04,1.37,V,J,1418,2005,2100,IR_CD_header_logs/LOG_LMC X-2.20031028thru20040303.csv,IR_CD_header_logs/,LMC X-2,CD,YALE-03A-0001,,LMCX-2,True,IR
binir031107.0171.fits,LMC X-2,05:20:29.09,-71:57:36.1,2003-11-08,05:49:20,2452951.74259,30.04,1.36,V,J,1418,2035,2070,IR_CD_header_logs/LOG_LMC X-2.20031028thru20040303.csv,IR_CD_header_logs/,LMC X-2,CD,YALE-03A-0001,,LMCX-2,True,IR
binir031106.0121.fits,LMC X-2,05:20:29.24,-71:57:35.0,2003-11-07,04:51:47,2452950.70264,30.04,1.42,V,J,1418,2035,2070,IR_CD_header_logs/LOG_LMC X-2.20031028thru20040303.csv,IR_CD_header_logs/,LMC X-2,CD,YALE-03A-0001,,LMCX-2,True,IR
binir031106.0119.fits,LMC X-2,05:20:29.17,-71:57:35.0,2003-11-07,04:50:03,2452950.70142,30.05,1.42,V,J,1418,2005,2100,IR_CD_header_logs/LOG_LMC X-2.20031028thru20040303.csv,IR_CD_header_logs/,LMC X-2,CD,YALE-03A-0001,,LMCX-2,True,IR
binir031106.0118.fits,LMC X-2,05:20:29.14,-71:57:35.4,2003-11-07,04:49:10,2452950.70081,30.04,1.43,V,J,1358,2035,2130,IR_CD_header_logs/LOG_LMC X-2.20031028thru20040303.csv,IR_CD_header_logs/,LMC X-2,CD,YALE-03A-0001,,LMCX-2,True,IR
binir031106.0117.fits,LMC X-2,05:20:29.16,-71:57:35.5,2003-11-07,04:48:17,2452950.7002,30.05,1.43,V,J,1388,2065,2070,IR_CD_header_logs/LOG_LMC X-2.20031028thru20040303.csv,IR_CD_header_logs/,LMC X-2,CD,YALE-03A-0001,,LMCX-2,True,IR
binir031106.0116.fits,LMC X-2,05:20:29.17,-71:57:36.1,2003-11-07,04:47:25,2452950.6996,30.05,1.43,V,J,1388,2035,2100,IR_CD_header_logs/LOG_LMC X-2.20031028thru20040303.csv,IR_CD_header_logs/,LMC X-2,CD,YALE-03A-0001,,LMCX-2,True,IR
binir031106.0120.fits,LMC X-2,05:20:29.21,-71:57:35.1,2003-11-07,04:50:55,2452950.70203,30.04,1.42,V,J,1388,2005,2130,IR_CD_header_logs/LOG_LMC X-2.20031028thru20040303.csv,IR_CD_header_logs/,LMC X-2,CD,YALE-03A-0001,,LMCX-2,True,IR
binir031105.0186.fits,LMC X-2,05:20:30.12,-71:57:23.0,2003-11-06,05:21:44,2452949.72343,30.05,1.39,V,J,1418,2035,2070,IR_CD_header_logs/LOG_LMC X-2.20031028thru20040303.csv,IR_CD_header_logs/,LMC X-2,CD,YALE-03A-0001,,LMCX-2,True,IR
binir031108.0169.fits,LMC X-2,05:20:29.30,-71:57:35.0,2003-11-09,05:07:21,2452952.71344,30.04,1.4,V,J,1388,2005,2130,IR_CD_header_logs/LOG_LMC X-2.20031028thru20040303.csv,IR_CD_header_logs/,LMC X-2,CD,YALE-03A-0001,,LMCX-2,True,IR
binir031108.0170.fits,LMC X-2,05:20:29.42,-71:57:35.1,2003-11-09,05:08:14,2452952.71405,30.05,1.39,V,J,1418,2035,2070,IR_CD_header_logs/LOG_LMC X-2.20031028thru20040303.csv,IR_CD_header_logs/,LMC X-2,CD,YALE-03A-0001,,LMCX-2,True,IR
binir031109.0093.fits,LMC X-2,05:20:29.22,-71:57:36.0,2003-11-10,06:10:46,2452953.75748,30.04,1.35,V,J,1388,2035,2100,IR_CD_header_logs/LOG_LMC X-2.20031028thru20040303.csv,IR_CD_header_logs/,LMC X-2,CD,YALE-03A-0001,,LMCX-2,True,IR
binir031110.0127.fits,LMC X-2,05:35:21.97,-05:46:7.9,2003-11-11,05:40:18,2452953.82385,30.05,                       / Airmass [Sec ZD],V,J,1388,2035,2100,IR_CD_header_logs/LOG_LMC X-2.20031028thru20040303.csv,IR_CD_header_logs/,LMC X-2,CD,YALE-03A-0001,,LMCX-2,True,IR
binir031111.0138.fits,LMC X-2,05:20:28.89,-71:57:34.9,2003-11-12,04:09:41,2452955.67339,30.04,1.45,V,J,1418,2035,2070,IR_CD_header_logs/LOG_LMC X-2.20031028thru20040303.csv,IR_CD_header_logs/,LMC X-2,CD,YALE-03A-0001,,LMCX-2,True,IR
binir031111.0137.fits,LMC X-2,05:20:28.88,-71:57:35.0,2003-11-12,04:08:48,2452955.67278,30.05,1.45,V,J,1388,2005,2130,IR_CD_header_logs/LOG_LMC X-2.20031028thru20040303.csv,IR_CD_header_logs/,LMC X-2,CD,YALE-03A-0001,,LMCX-2,True,IR
binir031111.0136.fits,LMC X-2,05:20:28.95,-71:57:35.0,2003-11-12,04:07:56,2452955.67218,30.05,1.46,V,J,1418,2005,2100,IR_CD_header_logs/LOG_LMC X-2.20031028thru20040303.csv,IR_CD_header_logs/,LMC X-2,CD,YALE-03A-0001,,LMCX-2,True,IR
binir031111.0135.fits,LMC X-2,05:20:28.95,-71:57:35.3,2003-11-12,04:07:03,2452955.67157,30.04,1.46,V,J,1358,2035,2130,IR_CD_header_logs/LOG_LMC X-2.20031028thru20040303.csv,IR_CD_header_logs/,LMC X-2,CD,YALE-03A-0001,,LMCX-2,True,IR
binir031111.0134.fits,LMC X-2,05:20:29.04,-71:57:35.0,2003-11-12,04:06:10,2452955.67096,30.04,1.46,V,J,1388,2065,2070,IR_CD_header_logs/LOG_LMC X-2.20031028thru20040303.csv,IR_CD_header_logs/,LMC X-2,CD,YALE-03A-0001,,LMCX-2,True,IR
binir031111.0133.fits,LMC X-2,05:20:29.16,-71:57:36.1,2003-11-12,04:05:18,2452955.67035,30.05,1.46,V,J,1388,2035,2100,IR_CD_header_logs/LOG_LMC X-2.20031028thru20040303.csv,IR_CD_header_logs/,LMC X-2,CD,YALE-03A-0001,,LMCX-2,True,IR
binir031110.0129.fits,LMC X-2,05:35:21.97,-05:46:7.9,2003-11-11,05:42:02,2452953.82385,30.04,                       / Airmass [Sec ZD],V,J,1358,2035,2130,IR_CD_header_logs/LOG_LMC X-2.20031028thru20040303.csv,IR_CD_header_logs/,LMC X-2,CD,YALE-03A-0001,,LMCX-2,True,IR
binir031110.0128.fits,LMC X-2,05:35:21.97,-05:46:7.9,2003-11-11,05:41:10,2452953.82385,30.04,                       / Airmass [Sec ZD],V,J,1388,2065,2070,IR_CD_header_logs/LOG_LMC X-2.20031028thru20040303.csv,IR_CD_header_logs/,LMC X-2,CD,YALE-03A-0001,,LMCX-2,True,IR
binir031109.0094.fits,LMC X-2,05:20:29.17,-71:57:35.3,2003-11-10,06:11:38,2452953.75808,30.04,1.35,V,J,1388,2065,2070,IR_CD_header_logs/LOG_LMC X-2.20031028thru20040303.csv,IR_CD_header_logs/,LMC X-2,CD,YALE-03A-0001,,LMCX-2,True,IR
binir031110.0131.fits,LMC X-2,05:35:21.97,-05:46:7.9,2003-11-11,05:43:47,2452953.82385,30.04,                       / Airmass [Sec ZD],V,J,1388,2005,2130,IR_CD_header_logs/LOG_LMC X-2.20031028thru20040303.csv,IR_CD_header_logs/,LMC X-2,CD,YALE-03A-0001,,LMCX-2,True,IR
binir031110.0130.fits,LMC X-2,05:35:21.97,-05:46:7.9,2003-11-11,05:42:55,2452953.82385,30.04,                       / Airmass [Sec ZD],V,J,1418,2005,2100,IR_CD_header_logs/LOG_LMC X-2.20031028thru20040303.csv,IR_CD_header_logs/,LMC X-2,CD,YALE-03A-0001,,LMCX-2,True,IR
binir031110.0132.fits,LMC X-2,05:35:21.97,-05:46:7.9,2003-11-11,05:44:39,2452953.82385,30.04,                       / Airmass [Sec ZD],V,J,1418,2035,2070,IR_CD_header_logs/LOG_LMC X-2.20031028thru20040303.csv,IR_CD_header_logs/,LMC X-2,CD,YALE-03A-0001,,LMCX-2,True,IR
binir031109.0098.fits,LMC X-2,05:20:29.15,-71:57:34.7,2003-11-10,06:15:09,2452953.76052,30.04,1.35,V,J,1418,2035,2070,IR_CD_header_logs/LOG_LMC X-2.20031028thru20040303.csv,IR_CD_header_logs/,LMC X-2,CD,YALE-03A-0001,,LMCX-2,True,IR
binir031109.0097.fits,LMC X-2,05:20:29.16,-71:57:34.9,2003-11-10,06:14:16,2452953.75991,30.04,1.35,V,J,1388,2005,2130,IR_CD_header_logs/LOG_LMC X-2.20031028thru20040303.csv,IR_CD_header_logs/,LMC X-2,CD,YALE-03A-0001,,LMCX-2,True,IR
binir031109.0096.fits,LMC X-2,05:20:29.16,-71:57:35.0,2003-11-10,06:13:24,2452953.75931,30.04,1.35,V,J,1418,2005,2100,IR_CD_header_logs/LOG_LMC X-2.20031028thru20040303.csv,IR_CD_header_logs/,LMC X-2,CD,YALE-03A-0001,,LMCX-2,True,IR
binir031109.0095.fits,LMC X-2,05:20:29.18,-71:57:35.0,2003-11-10,06:12:31,2452953.7587,30.04,1.35,V,J,1358,2035,2130,IR_CD_header_logs/LOG_LMC X-2.20031028thru20040303.csv,IR_CD_header_logs/,LMC X-2,CD,YALE-03A-0001,,LMCX-2,True,IR
binir031228.0200.fits,LMC X-2,05:20:30.07,-71:57:53.0,2003-12-29,04:40:33,2453002.69483,30.05,1.36,V,J,1388,2065,2070,IR_CD_header_logs/LOG_LMC X-2.20031028thru20040303.csv,IR_CD_header_logs/,LMC X-2,CD,YALE-03A-0001,,LMCX-2,True,IR
binir031228.0202.fits,LMC X-2,05:20:30.06,-71:57:52.5,2003-12-29,04:42:19,2453002.69606,30.04,1.37,V,J,1418,2005,2100,IR_CD_header_logs/LOG_LMC X-2.20031028thru20040303.csv,IR_CD_header_logs/,LMC X-2,CD,YALE-03A-0001,,LMCX-2,True,IR
binir040222.0087.fits,LMC X-2,05:20:29.14,-71:57:54.0,2004-02-23,01:31:09,2453058.5633,30.04,1.39,V,J,1388,2035,2100,IR_CD_header_logs/LOG_LMC X-2.20031028thru20040303.csv,IR_CD_header_logs/,LMC X-2,CD,YALE-03A-0001,,LMCX-2,True,IR
binir040226.0048.fits,LMC X-2,05:20:29.14,-71:57:35.6,2004-02-27,01:18:53,2453062.55479,30.04,1.39,V,J,1388,2035,2100,IR_CD_header_logs/LOG_LMC X-2.20031028thru20040303.csv,IR_CD_header_logs/,LMC X-2,CD,YALE-03A-0001,,LMCX-2,True,IR
binir040226.0049.fits,LMC X-2,05:20:29.17,-71:57:34.8,2004-02-27,01:19:45,2453062.55539,30.04,1.39,V,J,1388,2065,2070,IR_CD_header_logs/LOG_LMC X-2.20031028thru20040303.csv,IR_CD_header_logs/,LMC X-2,CD,YALE-03A-0001,,LMCX-2,True,IR
binir040226.0051.fits,LMC X-2,05:20:29.14,-71:57:34.8,2004-02-27,01:21:31,2453062.55662,30.05,1.39,V,J,1418,2005,2100,IR_CD_header_logs/LOG_LMC X-2.20031028thru20040303.csv,IR_CD_header_logs/,LMC X-2,CD,YALE-03A-0001,,LMCX-2,True,IR
binir040226.0052.fits,LMC X-2,05:20:29.12,-71:57:34.6,2004-02-27,01:22:21,2453062.5572,30.04,1.4,V,J,1388,2005,2130,IR_CD_header_logs/LOG_LMC X-2.20031028thru20040303.csv,IR_CD_header_logs/,LMC X-2,CD,YALE-03A-0001,,LMCX-2,True,IR
binir040226.0053.fits,LMC X-2,05:20:29.13,-71:57:33.7,2004-02-27,01:23:14,2453062.5578,30.05,1.4,V,J,1418,2035,2070,IR_CD_header_logs/LOG_LMC X-2.20031028thru20040303.csv,IR_CD_header_logs/,LMC X-2,CD,YALE-03A-0001,,LMCX-2,True,IR
binir040225.0055.fits,LMC X-2,05:20:29.15,-71:57:52.0,2004-02-26,01:13:27,2453061.55102,30.04,1.38,V,J,1418,2035,2070,IR_CD_header_logs/LOG_LMC X-2.20031028thru20040303.csv,IR_CD_header_logs/,LMC X-2,CD,YALE-03A-0001,,LMCX-2,True,IR
binir040225.0054.fits,LMC X-2,05:20:29.15,-71:57:51.1,2004-02-26,01:12:35,2453061.55041,30.04,1.38,V,J,1388,2005,2130,IR_CD_header_logs/LOG_LMC X-2.20031028thru20040303.csv,IR_CD_header_logs/,LMC X-2,CD,YALE-03A-0001,,LMCX-2,True,IR
binir040225.0053.fits,LMC X-2,05:20:29.17,-71:57:52.0,2004-02-26,01:11:43,2453061.54981,30.04,1.38,V,J,1418,2005,2100,IR_CD_header_logs/LOG_LMC X-2.20031028thru20040303.csv,IR_CD_header_logs/,LMC X-2,CD,YALE-03A-0001,,LMCX-2,True,IR
binir040225.0052.fits,LMC X-2,05:20:29.15,-71:57:52.5,2004-02-26,01:10:50,2453061.5492,30.04,1.38,V,J,1358,2035,2130,IR_CD_header_logs/LOG_LMC X-2.20031028thru20040303.csv,IR_CD_header_logs/,LMC X-2,CD,YALE-03A-0001,,LMCX-2,True,IR
binir040225.0051.fits,LMC X-2,05:20:29.14,-71:57:52.3,2004-02-26,01:09:58,2453061.5486,30.04,1.38,V,J,1388,2065,2070,IR_CD_header_logs/LOG_LMC X-2.20031028thru20040303.csv,IR_CD_header_logs/,LMC X-2,CD,YALE-03A-0001,,LMCX-2,True,IR
binir040225.0050.fits,LMC X-2,05:20:29.16,-71:57:52.9,2004-02-26,01:09:07,2453061.548,30.04,1.38,V,J,1388,2035,2100,IR_CD_header_logs/LOG_LMC X-2.20031028thru20040303.csv,IR_CD_header_logs/,LMC X-2,CD,YALE-03A-0001,,LMCX-2,True,IR
binir040224.0045.fits,LMC X-2,05:20:29.47,-71:57:52.2,2004-02-25,01:12:25,2453060.5503,30.04,1.38,V,J,1358,2035,2130,IR_CD_header_logs/LOG_LMC X-2.20031028thru20040303.csv,IR_CD_header_logs/,LMC X-2,CD,YALE-03A-0001,,LMCX-2,True,IR
binir040224.0043.fits,LMC X-2,05:20:29.54,-71:57:52.6,2004-02-25,01:10:40,2453060.54908,30.05,1.38,V,J,1388,2035,2100,IR_CD_header_logs/LOG_LMC X-2.20031028thru20040303.csv,IR_CD_header_logs/,LMC X-2,CD,YALE-03A-0001,,LMCX-2,True,IR
binir040224.0044.fits,LMC X-2,05:20:29.52,-71:57:52.4,2004-02-25,01:11:32,2453060.54968,30.05,1.38,V,J,1388,2065,2070,IR_CD_header_logs/LOG_LMC X-2.20031028thru20040303.csv,IR_CD_header_logs/,LMC X-2,CD,YALE-03A-0001,,LMCX-2,True,IR
binir040224.0048.fits,LMC X-2,05:20:29.37,-71:57:51.5,2004-02-25,01:15:03,2453060.55213,30.04,1.38,V,J,1418,2035,2070,IR_CD_header_logs/LOG_LMC X-2.20031028thru20040303.csv,IR_CD_header_logs/,LMC X-2,CD,YALE-03A-0001,,LMCX-2,True,IR
binir040224.0046.fits,LMC X-2,05:20:29.43,-71:57:51.8,2004-02-25,01:13:18,2453060.55091,30.04,1.38,V,J,1418,2005,2100,IR_CD_header_logs/LOG_LMC X-2.20031028thru20040303.csv,IR_CD_header_logs/,LMC X-2,CD,YALE-03A-0001,,LMCX-2,True,IR
binir040224.0047.fits,LMC X-2,05:20:29.42,-71:57:51.7,2004-02-25,01:14:10,2453060.55151,30.05,1.38,V,J,1388,2005,2130,IR_CD_header_logs/LOG_LMC X-2.20031028thru20040303.csv,IR_CD_header_logs/,LMC X-2,CD,YALE-03A-0001,,LMCX-2,True,IR
binir040226.0050.fits,LMC X-2,05:20:29.16,-71:57:34.6,2004-02-27,01:20:38,2453062.556,30.05,1.39,V,J,1358,2035,2130,IR_CD_header_logs/LOG_LMC X-2.20031028thru20040303.csv,IR_CD_header_logs/,LMC X-2,CD,YALE-03A-0001,,LMCX-2,True,IR
binir040227.0068.fits,LMC X-2,05:20:29.16,-71:57:35.4,2004-02-28,01:23:30,2453063.55799,30.05,1.4,V,J,1388,2035,2100,IR_CD_header_logs/LOG_LMC X-2.20031028thru20040303.csv,IR_CD_header_logs/,LMC X-2,CD,YALE-03A-0001,,LMCX-2,True,IR
binir040227.0069.fits,LMC X-2,05:20:29.27,-71:57:35.5,2004-02-28,01:24:22,2453063.5586,30.05,1.4,V,J,1388,2065,2070,IR_CD_header_logs/LOG_LMC X-2.20031028thru20040303.csv,IR_CD_header_logs/,LMC X-2,CD,YALE-03A-0001,,LMCX-2,True,IR
binir040228.0156.fits,LMC X-2,05:20:29.08,-71:57:34.4,2004-02-29,03:24:17,2453064.64187,30.04,1.62,V,J,1358,2035,2130,IR_CD_header_logs/LOG_LMC X-2.20031028thru20040303.csv,IR_CD_header_logs/,LMC X-2,CD,YALE-03A-0001,,LMCX-2,True,IR
binir040301.0077.fits,LMC X-2,05:20:29.15,-71:57:35.3,2004-03-02,02:03:58,2453066.5861,30.05,1.47,V,J,1388,2035,2100,IR_CD_header_logs/LOG_LMC X-2.20031028thru20040303.csv,IR_CD_header_logs/,LMC X-2,CD,YALE-03A-0001,,LMCX-2,True,IR
binir040229.0067.fits,LMC X-2,05:20:29.09,-71:57:35.1,2004-03-01,01:04:18,2453065.54466,30.05,1.39,V,J,1358,2035,2130,IR_CD_header_logs/LOG_LMC X-2.20031028thru20040303.csv,IR_CD_header_logs/,LMC X-2,CD,YALE-03A-0001,,LMCX-2,True,IR
binir040229.0065.fits,LMC X-2,05:20:29.16,-71:57:35.6,2004-03-01,01:02:34,2453065.54346,30.05,1.39,V,J,1388,2035,2100,IR_CD_header_logs/LOG_LMC X-2.20031028thru20040303.csv,IR_CD_header_logs/,LMC X-2,CD,YALE-03A-0001,,LMCX-2,True,IR
binir040229.0066.fits,LMC X-2,05:20:29.12,-71:57:35.3,2004-03-01,01:03:26,2453065.54405,30.04,1.39,V,J,1388,2065,2070,IR_CD_header_logs/LOG_LMC X-2.20031028thru20040303.csv,IR_CD_header_logs/,LMC X-2,CD,YALE-03A-0001,,LMCX-2,True,IR
binir040229.0068.fits,LMC X-2,05:20:29.05,-71:57:34.8,2004-03-01,01:05:10,2453065.54526,30.04,1.39,V,J,1418,2005,2100,IR_CD_header_logs/LOG_LMC X-2.20031028thru20040303.csv,IR_CD_header_logs/,LMC X-2,CD,YALE-03A-0001,,LMCX-2,True,IR
binir040229.0069.fits,LMC X-2,05:20:29.02,-71:57:34.4,2004-03-01,01:06:02,2453065.54586,30.05,1.39,V,J,1388,2005,2130,IR_CD_header_logs/LOG_LMC X-2.20031028thru20040303.csv,IR_CD_header_logs/,LMC X-2,CD,YALE-03A-0001,,LMCX-2,True,IR
binir040229.0070.fits,LMC X-2,05:20:28.98,-71:57:34.2,2004-03-01,01:06:54,2453065.54647,30.05,1.39,V,J,1418,2035,2070,IR_CD_header_logs/LOG_LMC X-2.20031028thru20040303.csv,IR_CD_header_logs/,LMC X-2,CD,YALE-03A-0001,,LMCX-2,True,IR
binir040228.0155.fits,LMC X-2,05:20:29.09,-71:57:34.2,2004-02-29,03:23:24,2453064.64125,30.05,1.62,V,J,1388,2065,2070,IR_CD_header_logs/LOG_LMC X-2.20031028thru20040303.csv,IR_CD_header_logs/,LMC X-2,CD,YALE-03A-0001,,LMCX-2,True,IR
binir040227.0070.fits,LMC X-2,05:20:29.31,-71:57:35.0,2004-02-28,01:25:15,2453063.55921,30.04,1.4,V,J,1358,2035,2130,IR_CD_header_logs/LOG_LMC X-2.20031028thru20040303.csv,IR_CD_header_logs/,LMC X-2,CD,YALE-03A-0001,,LMCX-2,True,IR
binir040228.0154.fits,LMC X-2,05:20:29.08,-71:57:34.4,2004-02-29,03:22:34,2453064.64068,30.04,1.62,V,J,1388,2035,2100,IR_CD_header_logs/LOG_LMC X-2.20031028thru20040303.csv,IR_CD_header_logs/,LMC X-2,CD,YALE-03A-0001,,LMCX-2,True,IR
binir040228.0157.fits,LMC X-2,05:20:29.00,-71:57:33.8,2004-02-29,03:25:10,2453064.64248,30.05,1.63,V,J,1418,2005,2100,IR_CD_header_logs/LOG_LMC X-2.20031028thru20040303.csv,IR_CD_header_logs/,LMC X-2,CD,YALE-03A-0001,,LMCX-2,True,IR
binir040228.0158.fits,LMC X-2,05:20:29.01,-71:57:33.2,2004-02-29,03:26:02,2453064.64308,30.04,1.63,V,J,1388,2005,2130,IR_CD_header_logs/LOG_LMC X-2.20031028thru20040303.csv,IR_CD_header_logs/,LMC X-2,CD,YALE-03A-0001,,LMCX-2,True,IR
binir040228.0159.fits,LMC X-2,05:20:29.03,-71:57:33.9,2004-02-29,03:26:54,2453064.64368,30.05,1.63,V,J,1418,2035,2070,IR_CD_header_logs/LOG_LMC X-2.20031028thru20040303.csv,IR_CD_header_logs/,LMC X-2,CD,YALE-03A-0001,,LMCX-2,True,IR
binir040227.0073.fits,LMC X-2,05:20:29.21,-71:57:34.2,2004-02-28,01:27:53,2453063.56103,30.05,1.41,V,J,1418,2035,2070,IR_CD_header_logs/LOG_LMC X-2.20031028thru20040303.csv,IR_CD_header_logs/,LMC X-2,CD,YALE-03A-0001,,LMCX-2,True,IR
binir040227.0072.fits,LMC X-2,05:20:29.25,-71:57:34.9,2004-02-28,01:27:00,2453063.56043,30.04,1.4,V,J,1388,2005,2130,IR_CD_header_logs/LOG_LMC X-2.20031028thru20040303.csv,IR_CD_header_logs/,LMC X-2,CD,YALE-03A-0001,,LMCX-2,True,IR
binir040227.0071.fits,LMC X-2,05:20:29.29,-71:57:35.1,2004-02-28,01:26:08,2453063.55982,30.04,1.4,V,J,1418,2005,2100,IR_CD_header_logs/LOG_LMC X-2.20031028thru20040303.csv,IR_CD_header_logs/,LMC X-2,CD,YALE-03A-0001,,LMCX-2,True,IR
binir040222.0089.fits,LMC X-2,05:20:29.05,-71:57:52.9,2004-02-23,01:32:54,2453058.56452,30.04,1.39,V,J,1358,2035,2130,IR_CD_header_logs/LOG_LMC X-2.20031028thru20040303.csv,IR_CD_header_logs/,LMC X-2,CD,YALE-03A-0001,,LMCX-2,True,IR
binir040222.0088.fits,LMC X-2,05:20:29.07,-71:57:53.6,2004-02-23,01:32:01,2453058.5639,30.05,1.39,V,J,1388,2065,2070,IR_CD_header_logs/LOG_LMC X-2.20031028thru20040303.csv,IR_CD_header_logs/,LMC X-2,CD,YALE-03A-0001,,LMCX-2,True,IR
binir040301.0079.fits,LMC X-2,05:20:29.00,-71:57:34.0,2004-03-02,02:05:44,2453066.58732,30.04,1.47,V,J,1358,2035,2130,IR_CD_header_logs/LOG_LMC X-2.20031028thru20040303.csv,IR_CD_header_logs/,LMC X-2,CD,YALE-03A-0001,,LMCX-2,True,IR
binir040222.0090.fits,LMC X-2,05:20:29.01,-71:57:52.6,2004-02-23,01:33:47,2453058.56513,30.04,1.39,V,J,1418,2005,2100,IR_CD_header_logs/LOG_LMC X-2.20031028thru20040303.csv,IR_CD_header_logs/,LMC X-2,CD,YALE-03A-0001,,LMCX-2,True,IR
binir040217.0031.fits,LMC X-2,05:20:29.13,-71:57:33.7,2004-02-18,02:13:12,2453053.5925,30.05,1.41,V,J,1418,2045,2060,IR_CD_header_logs/LOG_LMC X-2.20031028thru20040303.csv,IR_CD_header_logs/,LMC X-2,CD,YALE-03A-0001,,LMCX-2,True,IR
binir040217.0030.fits,LMC X-2,05:20:29.12,-71:57:33.6,2004-02-18,02:12:19,2453053.59189,30.04,1.41,V,J,1388,2015,2120,IR_CD_header_logs/LOG_LMC X-2.20031028thru20040303.csv,IR_CD_header_logs/,LMC X-2,CD,YALE-03A-0001,,LMCX-2,True,IR
binir040217.0029.fits,LMC X-2,05:20:29.12,-71:57:33.8,2004-02-18,02:11:27,2453053.59129,30.05,1.41,V,J,1418,2015,2090,IR_CD_header_logs/LOG_LMC X-2.20031028thru20040303.csv,IR_CD_header_logs/,LMC X-2,CD,YALE-03A-0001,,LMCX-2,True,IR
binir040217.0028.fits,LMC X-2,05:20:29.12,-71:57:34.0,2004-02-18,02:10:34,2453053.59067,30.05,1.41,V,J,1358,2045,2120,IR_CD_header_logs/LOG_LMC X-2.20031028thru20040303.csv,IR_CD_header_logs/,LMC X-2,CD,YALE-03A-0001,,LMCX-2,True,IR
binir040217.0027.fits,LMC X-2,05:20:29.11,-71:57:34.1,2004-02-18,02:09:41,2453053.59006,30.05,1.41,V,J,1388,2075,2060,IR_CD_header_logs/LOG_LMC X-2.20031028thru20040303.csv,IR_CD_header_logs/,LMC X-2,CD,YALE-03A-0001,,LMCX-2,True,IR
binir040217.0026.fits,LMC X-2,05:20:29.14,-71:57:34.7,2004-02-18,02:08:48,2453053.58945,30.05,1.41,V,J,1388,2045,2090,IR_CD_header_logs/LOG_LMC X-2.20031028thru20040303.csv,IR_CD_header_logs/,LMC X-2,CD,YALE-03A-0001,,LMCX-2,True,IR
binir040215.0289.fits,LMC X-2,05:20:29.13,-71:57:34.8,2004-02-16,04:34:09,2453051.69039,30.04,1.68,V,J,1358,2035,2130,IR_CD_header_logs/LOG_LMC X-2.20031028thru20040303.csv,IR_CD_header_logs/,LMC X-2,CD,YALE-03A-0001,,LMCX-2,True,IR
binir040215.0287.fits,LMC X-2,05:20:29.08,-71:57:35.5,2004-02-16,04:32:24,2453051.68917,30.05,1.67,V,J,1388,2035,2100,IR_CD_header_logs/LOG_LMC X-2.20031028thru20040303.csv,IR_CD_header_logs/,LMC X-2,CD,YALE-03A-0001,,LMCX-2,True,IR
binir040215.0288.fits,LMC X-2,05:20:29.15,-71:57:34.4,2004-02-16,04:33:16,2453051.68977,30.04,1.67,V,J,1388,2065,2070,IR_CD_header_logs/LOG_LMC X-2.20031028thru20040303.csv,IR_CD_header_logs/,LMC X-2,CD,YALE-03A-0001,,LMCX-2,True,IR
binir040215.0292.fits,LMC X-2,05:20:29.19,-71:57:34.8,2004-02-16,04:36:47,2453051.69221,30.05,1.68,V,J,1418,2035,2070,IR_CD_header_logs/LOG_LMC X-2.20031028thru20040303.csv,IR_CD_header_logs/,LMC X-2,CD,YALE-03A-0001,,LMCX-2,True,IR
binir040215.0290.fits,LMC X-2,05:20:29.12,-71:57:34.7,2004-02-16,04:35:02,2453051.691,30.05,1.68,V,J,1418,2005,2100,IR_CD_header_logs/LOG_LMC X-2.20031028thru20040303.csv,IR_CD_header_logs/,LMC X-2,CD,YALE-03A-0001,,LMCX-2,True,IR
binir040215.0291.fits,LMC X-2,05:20:29.15,-71:57:34.8,2004-02-16,04:35:54,2453051.6916,30.04,1.68,V,J,1388,2005,2130,IR_CD_header_logs/LOG_LMC X-2.20031028thru20040303.csv,IR_CD_header_logs/,LMC X-2,CD,YALE-03A-0001,,LMCX-2,True,IR
binir040214.0108.fits,LMC X-2,05:20:29.01,-71:57:33.7,2004-02-15,04:06:12,2453050.67098,30.04,1.59,V,J,1358,2035,2130,IR_CD_header_logs/LOG_LMC X-2.20031028thru20040303.csv,IR_CD_header_logs/,LMC X-2,CD,YALE-03A-0001,,LMCX-2,True,IR
binir040214.0106.fits,LMC X-2,05:20:29.07,-71:57:34.4,2004-02-15,04:04:27,2453050.66976,30.04,1.59,V,J,1388,2035,2100,IR_CD_header_logs/LOG_LMC X-2.20031028thru20040303.csv,IR_CD_header_logs/,LMC X-2,CD,YALE-03A-0001,,LMCX-2,True,IR
binir040214.0107.fits,LMC X-2,05:20:29.00,-71:57:33.9,2004-02-15,04:05:19,2453050.67037,30.04,1.59,V,J,1388,2065,2070,IR_CD_header_logs/LOG_LMC X-2.20031028thru20040303.csv,IR_CD_header_logs/,LMC X-2,CD,YALE-03A-0001,,LMCX-2,True,IR
binir040214.0109.fits,LMC X-2,05:20:29.01,-71:57:33.3,2004-02-15,04:07:06,2453050.6716,30.05,1.59,V,J,1418,2005,2100,IR_CD_header_logs/LOG_LMC X-2.20031028thru20040303.csv,IR_CD_header_logs/,LMC X-2,CD,YALE-03A-0001,,LMCX-2,True,IR
binir040214.0110.fits,LMC X-2,05:20:28.98,-71:57:33.2,2004-02-15,04:07:58,2453050.6722,30.05,1.59,V,J,1388,2005,2130,IR_CD_header_logs/LOG_LMC X-2.20031028thru20040303.csv,IR_CD_header_logs/,LMC X-2,CD,YALE-03A-0001,,LMCX-2,True,IR
binir040219.0049.fits,LMC X-2,05:20:28.77,-71:57:52.8,2004-02-20,01:47:29,2453055.57464,30.05,1.39,V,J,1418,2035,2070,IR_CD_header_logs/LOG_LMC X-2.20031028thru20040303.csv,IR_CD_header_logs/,LMC X-2,CD,YALE-03A-0001,,LMCX-2,True,IR
binir040219.0048.fits,LMC X-2,05:20:28.77,-71:57:52.4,2004-02-20,01:46:36,2453055.57404,30.04,1.39,V,J,1388,2005,2130,IR_CD_header_logs/LOG_LMC X-2.20031028thru20040303.csv,IR_CD_header_logs/,LMC X-2,CD,YALE-03A-0001,,LMCX-2,True,IR
binir040219.0047.fits,LMC X-2,05:20:28.75,-71:57:52.8,2004-02-20,01:45:44,2453055.57344,30.04,1.39,V,J,1418,2005,2100,IR_CD_header_logs/LOG_LMC X-2.20031028thru20040303.csv,IR_CD_header_logs/,LMC X-2,CD,YALE-03A-0001,,LMCX-2,True,IR
binir040221.0049.fits,LMC X-2,05:20:29.95,-71:57:59.4,2004-02-22,01:13:22,2453057.55096,30.04,1.37,V,J,1388,2035,2100,IR_CD_header_logs/LOG_LMC X-2.20031028thru20040303.csv,IR_CD_header_logs/,LMC X-2,CD,YALE-03A-0001,,LMCX-2,True,IR
binir040222.0091.fits,LMC X-2,05:20:29.02,-71:57:52.3,2004-02-23,01:34:39,2453058.56573,30.04,1.39,V,J,1388,2005,2130,IR_CD_header_logs/LOG_LMC X-2.20031028thru20040303.csv,IR_CD_header_logs/,LMC X-2,CD,YALE-03A-0001,,LMCX-2,True,IR
binir040222.0092.fits,LMC X-2,05:20:29.04,-71:57:51.9,2004-02-23,01:35:31,2453058.56634,30.05,1.39,V,J,1418,2035,2070,IR_CD_header_logs/LOG_LMC X-2.20031028thru20040303.csv,IR_CD_header_logs/,LMC X-2,CD,YALE-03A-0001,,LMCX-2,True,IR
binir040221.0054.fits,LMC X-2,05:20:29.74,-71:57:57.9,2004-02-22,01:17:45,2453057.554,30.05,1.37,V,J,1418,2035,2070,IR_CD_header_logs/LOG_LMC X-2.20031028thru20040303.csv,IR_CD_header_logs/,LMC X-2,CD,YALE-03A-0001,,LMCX-2,True,IR
binir040221.0053.fits,LMC X-2,05:20:29.80,-71:57:57.7,2004-02-22,01:16:52,2453057.55339,30.05,1.37,V,J,1388,2005,2130,IR_CD_header_logs/LOG_LMC X-2.20031028thru20040303.csv,IR_CD_header_logs/,LMC X-2,CD,YALE-03A-0001,,LMCX-2,True,IR
binir040221.0052.fits,LMC X-2,05:20:29.88,-71:57:58.2,2004-02-22,01:16:00,2453057.55279,30.05,1.37,V,J,1418,2005,2100,IR_CD_header_logs/LOG_LMC X-2.20031028thru20040303.csv,IR_CD_header_logs/,LMC X-2,CD,YALE-03A-0001,,LMCX-2,True,IR
binir040221.0051.fits,LMC X-2,05:20:29.92,-71:57:58.5,2004-02-22,01:15:08,2453057.55218,30.04,1.37,V,J,1358,2035,2130,IR_CD_header_logs/LOG_LMC X-2.20031028thru20040303.csv,IR_CD_header_logs/,LMC X-2,CD,YALE-03A-0001,,LMCX-2,True,IR
binir040221.0050.fits,LMC X-2,05:20:29.94,-71:57:58.6,2004-02-22,01:14:15,2453057.55156,30.04,1.37,V,J,1388,2065,2070,IR_CD_header_logs/LOG_LMC X-2.20031028thru20040303.csv,IR_CD_header_logs/,LMC X-2,CD,YALE-03A-0001,,LMCX-2,True,IR
binir040220.0154.fits,LMC X-2,05:20:29.10,-71:57:37.1,2004-02-21,03:00:56,2453056.62565,30.04,1.5,V,J,1418,2035,2070,IR_CD_header_logs/LOG_LMC X-2.20031028thru20040303.csv,IR_CD_header_logs/,LMC X-2,CD,YALE-03A-0001,,LMCX-2,True,IR
binir040219.0045.fits,LMC X-2,05:20:28.79,-71:57:53.8,2004-02-20,01:43:59,2453055.57221,30.04,1.39,V,J,1388,2065,2070,IR_CD_header_logs/LOG_LMC X-2.20031028thru20040303.csv,IR_CD_header_logs/,LMC X-2,CD,YALE-03A-0001,,LMCX-2,True,IR
binir040220.0153.fits,LMC X-2,05:20:29.13,-71:57:37.2,2004-02-21,03:00:04,2453056.62505,30.05,1.5,V,J,1388,2005,2130,IR_CD_header_logs/LOG_LMC X-2.20031028thru20040303.csv,IR_CD_header_logs/,LMC X-2,CD,YALE-03A-0001,,LMCX-2,True,IR
binir040220.0152.fits,LMC X-2,05:20:29.13,-71:57:37.1,2004-02-21,02:59:12,2453056.62444,30.04,1.5,V,J,1418,2005,2100,IR_CD_header_logs/LOG_LMC X-2.20031028thru20040303.csv,IR_CD_header_logs/,LMC X-2,CD,YALE-03A-0001,,LMCX-2,True,IR
binir040220.0151.fits,LMC X-2,05:20:29.20,-71:57:37.8,2004-02-21,02:58:19,2453056.62383,30.04,1.5,V,J,1358,2035,2130,IR_CD_header_logs/LOG_LMC X-2.20031028thru20040303.csv,IR_CD_header_logs/,LMC X-2,CD,YALE-03A-0001,,LMCX-2,True,IR
binir040220.0150.fits,LMC X-2,05:20:29.22,-71:57:37.9,2004-02-21,02:57:26,2453056.62322,30.05,1.49,V,J,1388,2065,2070,IR_CD_header_logs/LOG_LMC X-2.20031028thru20040303.csv,IR_CD_header_logs/,LMC X-2,CD,YALE-03A-0001,,LMCX-2,True,IR
binir040220.0149.fits,LMC X-2,05:20:29.17,-71:57:38.2,2004-02-21,02:56:34,2453056.62262,30.04,1.49,V,J,1388,2035,2100,IR_CD_header_logs/LOG_LMC X-2.20031028thru20040303.csv,IR_CD_header_logs/,LMC X-2,CD,YALE-03A-0001,,LMCX-2,True,IR
binir040219.0046.fits,LMC X-2,05:20:28.75,-71:57:53.2,2004-02-20,01:44:51,2453055.57282,30.04,1.39,V,J,1358,2035,2130,IR_CD_header_logs/LOG_LMC X-2.20031028thru20040303.csv,IR_CD_header_logs/,LMC X-2,CD,YALE-03A-0001,,LMCX-2,True,IR
binir040219.0044.fits,LMC X-2,05:20:28.85,-71:57:54.2,2004-02-20,01:43:07,2453055.57161,30.05,1.39,V,J,1388,2035,2100,IR_CD_header_logs/LOG_LMC X-2.20031028thru20040303.csv,IR_CD_header_logs/,LMC X-2,CD,YALE-03A-0001,,LMCX-2,True,IR
binir040301.0078.fits,LMC X-2,05:20:29.08,-71:57:34.4,2004-03-02,02:04:51,2453066.5867,30.04,1.47,V,J,1388,2065,2070,IR_CD_header_logs/LOG_LMC X-2.20031028thru20040303.csv,IR_CD_header_logs/,LMC X-2,CD,YALE-03A-0001,,LMCX-2,True,IR
binir040301.0080.fits,LMC X-2,05:20:29.02,-71:57:33.2,2004-03-02,02:06:37,2453066.58793,30.04,1.47,V,J,1418,2005,2100,IR_CD_header_logs/LOG_LMC X-2.20031028thru20040303.csv,IR_CD_header_logs/,LMC X-2,CD,YALE-03A-0001,,LMCX-2,True,IR
binir040212.0085.fits,LMC X-2,05:20:29.12,-71:57:33.4,2004-02-13,03:10:12,2453048.63209,30.05,1.46,V,J,1418,2035,2070,IR_CD_header_logs/LOG_LMC X-2.20031028thru20040303.csv,IR_CD_header_logs/,LMC X-2,CD,YALE-03A-0001,,LMCX-2,True,IR
binir040301.0081.fits,LMC X-2,05:20:29.03,-71:57:34.0,2004-03-02,02:07:29,2453066.58854,30.04,1.48,V,J,1388,2005,2130,IR_CD_header_logs/LOG_LMC X-2.20031028thru20040303.csv,IR_CD_header_logs/,LMC X-2,CD,YALE-03A-0001,,LMCX-2,True,IR
binir040302.0114.fits,LMC X-2,05:20:28.96,-71:57:34.6,2004-03-03,02:36:57,2453067.609,30.04,1.54,V,J,1418,2035,2070,IR_CD_header_logs/LOG_LMC X-2.20031028thru20040303.csv,IR_CD_header_logs/,LMC X-2,CD,YALE-03A-0001,,LMCX-2,True,IR
binir040302.0112.fits,LMC X-2,05:20:29.02,-71:57:34.7,2004-03-03,02:35:13,2453067.6078,30.05,1.54,V,J,1418,2005,2100,IR_CD_header_logs/LOG_LMC X-2.20031028thru20040303.csv,IR_CD_header_logs/,LMC X-2,CD,YALE-03A-0001,,LMCX-2,True,IR
binir040302.0111.fits,LMC X-2,05:20:29.02,-71:57:34.7,2004-03-03,02:34:20,2453067.60719,30.05,1.53,V,J,1358,2035,2130,IR_CD_header_logs/LOG_LMC X-2.20031028thru20040303.csv,IR_CD_header_logs/,LMC X-2,CD,YALE-03A-0001,,LMCX-2,True,IR
binir040302.0110.fits,LMC X-2,05:20:29.04,-71:57:34.7,2004-03-03,02:33:27,2453067.60657,30.04,1.53,V,J,1388,2065,2070,IR_CD_header_logs/LOG_LMC X-2.20031028thru20040303.csv,IR_CD_header_logs/,LMC X-2,CD,YALE-03A-0001,,LMCX-2,True,IR
binir040302.0109.fits,LMC X-2,05:20:29.12,-71:57:35.3,2004-03-03,02:32:35,2453067.60597,30.04,1.53,V,J,1388,2035,2100,IR_CD_header_logs/LOG_LMC X-2.20031028thru20040303.csv,IR_CD_header_logs/,LMC X-2,CD,YALE-03A-0001,,LMCX-2,True,IR
binir040302.0113.fits,LMC X-2,05:20:28.99,-71:57:34.7,2004-03-03,02:36:05,2453067.6084,30.04,1.54,V,J,1388,2005,2130,IR_CD_header_logs/LOG_LMC X-2.20031028thru20040303.csv,IR_CD_header_logs/,LMC X-2,CD,YALE-03A-0001,,LMCX-2,True,IR
binir040301.0082.fits,LMC X-2,05:20:29.07,-71:57:33.8,2004-03-02,02:08:21,2453066.58914,30.04,1.48,V,J,1418,2035,2070,IR_CD_header_logs/LOG_LMC X-2.20031028thru20040303.csv,IR_CD_header_logs/,LMC X-2,CD,YALE-03A-0001,,LMCX-2,True,IR
binir040214.0111.fits,LMC X-2,05:20:28.98,-71:57:32.9,2004-02-15,04:08:51,2453050.67282,30.05,1.6,V,J,1418,2035,2070,IR_CD_header_logs/LOG_LMC X-2.20031028thru20040303.csv,IR_CD_header_logs/,LMC X-2,CD,YALE-03A-0001,,LMCX-2,True,IR
binir040212.0084.fits,LMC X-2,05:20:29.12,-71:57:33.6,2004-02-13,03:09:18,2453048.63147,30.04,1.46,V,J,1388,2005,2130,IR_CD_header_logs/LOG_LMC X-2.20031028thru20040303.csv,IR_CD_header_logs/,LMC X-2,CD,YALE-03A-0001,,LMCX-2,True,IR
binir031228.0203.fits,LMC X-2,05:20:30.04,-71:57:52.5,2003-12-29,04:43:11,2453002.69666,30.05,1.37,V,J,1388,2005,2130,IR_CD_header_logs/LOG_LMC X-2.20031028thru20040303.csv,IR_CD_header_logs/,LMC X-2,CD,YALE-03A-0001,,LMCX-2,True,IR
binir040110.0106.fits,LMC X-2,05:20:30.30,-71:57:32.5,2004-01-11,03:50:39,2453015.66017,30.04,1.37,V,J,1418,2035,2070,IR_CD_header_logs/LOG_LMC X-2.20031028thru20040303.csv,IR_CD_header_logs/,LMC X-2,CD,YALE-03A-0001,,LMCX-2,True,IR
binir040124.0141.fits,LMC X-2,05:20:29.65,-71:57:41.2,2004-01-25,03:20:33,2453029.63927,30.04,1.38,V,J,1388,2005,2130,IR_CD_header_logs/LOG_LMC X-2.20031028thru20040303.csv,IR_CD_header_logs/,LMC X-2,CD,YALE-03A-0001,,LMCX-2,True,IR
binir040124.0142.fits,LMC X-2,05:20:29.63,-71:57:41.1,2004-01-25,03:21:25,2453029.63988,30.04,1.38,V,J,1418,2035,2070,IR_CD_header_logs/LOG_LMC X-2.20031028thru20040303.csv,IR_CD_header_logs/,LMC X-2,CD,YALE-03A-0001,,LMCX-2,True,IR
binir040124.0140.fits,LMC X-2,05:20:29.66,-71:57:41.6,2004-01-25,03:19:41,2453029.63867,30.05,1.38,V,J,1418,2005,2100,IR_CD_header_logs/LOG_LMC X-2.20031028thru20040303.csv,IR_CD_header_logs/,LMC X-2,CD,YALE-03A-0001,,LMCX-2,True,IR
binir040122.0107.fits,LMC X-2,05:20:32.11,-71:57:42.7,2004-01-23,02:44:14,2453027.61406,30.05,1.36,V,J,1418,2035,2070,IR_CD_header_logs/LOG_LMC X-2.20031028thru20040303.csv,IR_CD_header_logs/,LMC X-2,CD,YALE-03A-0001,,LMCX-2,True,IR
binir040122.0106.fits,LMC X-2,05:20:32.09,-71:57:43.2,2004-01-23,02:43:22,2453027.61346,30.05,1.35,V,J,1388,2005,2130,IR_CD_header_logs/LOG_LMC X-2.20031028thru20040303.csv,IR_CD_header_logs/,LMC X-2,CD,YALE-03A-0001,,LMCX-2,True,IR
binir040122.0105.fits,LMC X-2,05:20:32.07,-71:57:43.2,2004-01-23,02:42:30,2453027.61285,30.05,1.35,V,J,1418,2005,2100,IR_CD_header_logs/LOG_LMC X-2.20031028thru20040303.csv,IR_CD_header_logs/,LMC X-2,CD,YALE-03A-0001,,LMCX-2,True,IR
binir040122.0104.fits,LMC X-2,05:20:32.06,-71:57:43.3,2004-01-23,02:41:37,2453027.61224,30.05,1.35,V,J,1358,2035,2130,IR_CD_header_logs/LOG_LMC X-2.20031028thru20040303.csv,IR_CD_header_logs/,LMC X-2,CD,YALE-03A-0001,,LMCX-2,True,IR
binir040122.0103.fits,LMC X-2,05:20:32.05,-71:57:43.5,2004-01-23,02:40:44,2453027.61162,30.05,1.35,V,J,1388,2065,2070,IR_CD_header_logs/LOG_LMC X-2.20031028thru20040303.csv,IR_CD_header_logs/,LMC X-2,CD,YALE-03A-0001,,LMCX-2,True,IR
binir040122.0102.fits,LMC X-2,05:20:32.02,-71:57:43.5,2004-01-23,02:39:52,2453027.61102,30.04,1.35,V,J,1388,2035,2100,IR_CD_header_logs/LOG_LMC X-2.20031028thru20040303.csv,IR_CD_header_logs/,LMC X-2,CD,YALE-03A-0001,,LMCX-2,True,IR
binir040111.0262.fits,LMC X-2,05:20:30.17,-71:57:33.7,2004-01-12,05:33:12,2453016.7314,30.05,1.49,V,J,1418,2035,2070,IR_CD_header_logs/LOG_LMC X-2.20031028thru20040303.csv,IR_CD_header_logs/,LMC X-2,CD,YALE-03A-0001,,LMCX-2,True,IR
binir040111.0261.fits,LMC X-2,05:20:30.19,-71:57:33.7,2004-01-12,05:32:20,2453016.73079,30.05,1.49,V,J,1388,2005,2130,IR_CD_header_logs/LOG_LMC X-2.20031028thru20040303.csv,IR_CD_header_logs/,LMC X-2,CD,YALE-03A-0001,,LMCX-2,True,IR
binir040111.0260.fits,LMC X-2,05:20:30.20,-71:57:33.8,2004-01-12,05:31:27,2453016.73018,30.04,1.49,V,J,1418,2005,2100,IR_CD_header_logs/LOG_LMC X-2.20031028thru20040303.csv,IR_CD_header_logs/,LMC X-2,CD,YALE-03A-0001,,LMCX-2,True,IR
binir040111.0259.fits,LMC X-2,05:20:30.19,-71:57:33.6,2004-01-12,05:30:35,2453016.72957,30.04,1.49,V,J,1358,2035,2130,IR_CD_header_logs/LOG_LMC X-2.20031028thru20040303.csv,IR_CD_header_logs/,LMC X-2,CD,YALE-03A-0001,,LMCX-2,True,IR
binir040111.0258.fits,LMC X-2,05:20:30.19,-71:57:33.7,2004-01-12,05:29:42,2453016.72896,30.04,1.49,V,J,1388,2065,2070,IR_CD_header_logs/LOG_LMC X-2.20031028thru20040303.csv,IR_CD_header_logs/,LMC X-2,CD,YALE-03A-0001,,LMCX-2,True,IR
binir040111.0257.fits,LMC X-2,05:20:30.17,-71:57:34.0,2004-01-12,05:28:49,2453016.72836,30.04,1.48,V,J,1388,2035,2100,IR_CD_header_logs/LOG_LMC X-2.20031028thru20040303.csv,IR_CD_header_logs/,LMC X-2,CD,YALE-03A-0001,,LMCX-2,True,IR
binir040110.0101.fits,LMC X-2,05:20:30.41,-71:57:33.7,2004-01-11,03:46:16,2453015.65713,30.04,1.36,V,J,1388,2035,2100,IR_CD_header_logs/LOG_LMC X-2.20031028thru20040303.csv,IR_CD_header_logs/,LMC X-2,CD,YALE-03A-0001,,LMCX-2,True,IR
binir040110.0103.fits,LMC X-2,05:20:30.33,-71:57:33.1,2004-01-11,03:48:01,2453015.65834,30.05,1.36,V,J,1358,2035,2130,IR_CD_header_logs/LOG_LMC X-2.20031028thru20040303.csv,IR_CD_header_logs/,LMC X-2,CD,YALE-03A-0001,,LMCX-2,True,IR
binir040124.0139.fits,LMC X-2,05:20:29.64,-71:57:41.6,2004-01-25,03:18:48,2453029.63806,30.05,1.38,V,J,1358,2035,2130,IR_CD_header_logs/LOG_LMC X-2.20031028thru20040303.csv,IR_CD_header_logs/,LMC X-2,CD,YALE-03A-0001,,LMCX-2,True,IR
binir040124.0138.fits,LMC X-2,05:20:29.65,-71:57:41.8,2004-01-25,03:17:55,2453029.63745,30.04,1.38,V,J,1388,2065,2070,IR_CD_header_logs/LOG_LMC X-2.20031028thru20040303.csv,IR_CD_header_logs/,LMC X-2,CD,YALE-03A-0001,,LMCX-2,True,IR
binir040124.0137.fits,LMC X-2,05:20:29.64,-71:57:41.0,2004-01-25,03:17:03,2453029.63685,30.04,1.38,V,J,1388,2035,2100,IR_CD_header_logs/LOG_LMC X-2.20031028thru20040303.csv,IR_CD_header_logs/,LMC X-2,CD,YALE-03A-0001,,LMCX-2,True,IR
binir040126.0166.fits,LMC X-2,05:20:28.24,-71:57:40.6,2004-01-27,04:12:55,2453031.67564,30.05,1.46,V,J,1388,2035,2100,IR_CD_header_logs/LOG_LMC X-2.20031028thru20040303.csv,IR_CD_header_logs/,LMC X-2,CD,YALE-03A-0001,,LMCX-2,True,IR
binir040127.0121.fits,LMC X-2,05:20:28.86,-71:57:55.0,2004-01-28,03:51:14,2453032.66059,30.05,1.43,V,J,1388,2035,2100,IR_CD_header_logs/LOG_LMC X-2.20031028thru20040303.csv,IR_CD_header_logs/,LMC X-2,CD,YALE-03A-0001,,LMCX-2,True,IR
binir040127.0123.fits,LMC X-2,05:20:28.76,-71:57:53.7,2004-01-28,03:52:59,2453032.6618,30.04,1.43,V,J,1358,2035,2130,IR_CD_header_logs/LOG_LMC X-2.20031028thru20040303.csv,IR_CD_header_logs/,LMC X-2,CD,YALE-03A-0001,,LMCX-2,True,IR
binir040127.0126.fits,LMC X-2,05:20:28.78,-71:57:52.8,2004-01-28,03:55:37,2453032.66363,30.05,1.44,V,J,1418,2035,2070,IR_CD_header_logs/LOG_LMC X-2.20031028thru20040303.csv,IR_CD_header_logs/,LMC X-2,CD,YALE-03A-0001,,LMCX-2,True,IR
binir040127.0125.fits,LMC X-2,05:20:28.78,-71:57:53.0,2004-01-28,03:54:44,2453032.66302,30.04,1.44,V,J,1388,2005,2130,IR_CD_header_logs/LOG_LMC X-2.20031028thru20040303.csv,IR_CD_header_logs/,LMC X-2,CD,YALE-03A-0001,,LMCX-2,True,IR
binir040127.0124.fits,LMC X-2,05:20:28.77,-71:57:53.5,2004-01-28,03:53:53,2453032.66242,30.04,1.43,V,J,1418,2005,2100,IR_CD_header_logs/LOG_LMC X-2.20031028thru20040303.csv,IR_CD_header_logs/,LMC X-2,CD,YALE-03A-0001,,LMCX-2,True,IR
binir040126.0168.fits,LMC X-2,05:20:28.23,-71:57:39.0,2004-01-27,04:14:40,2453031.67686,30.05,1.46,V,J,1358,2035,2130,IR_CD_header_logs/LOG_LMC X-2.20031028thru20040303.csv,IR_CD_header_logs/,LMC X-2,CD,YALE-03A-0001,,LMCX-2,True,IR
binir040126.0167.fits,LMC X-2,05:20:28.22,-71:57:40.3,2004-01-27,04:13:47,2453031.67624,30.04,1.46,V,J,1388,2065,2070,IR_CD_header_logs/LOG_LMC X-2.20031028thru20040303.csv,IR_CD_header_logs/,LMC X-2,CD,YALE-03A-0001,,LMCX-2,True,IR
binir040126.0169.fits,LMC X-2,05:20:28.18,-71:57:39.6,2004-01-27,04:15:33,2453031.67747,30.05,1.46,V,J,1418,2005,2100,IR_CD_header_logs/LOG_LMC X-2.20031028thru20040303.csv,IR_CD_header_logs/,LMC X-2,CD,YALE-03A-0001,,LMCX-2,True,IR
binir040125.0144.fits,LMC X-2,05:20:29.20,-71:57:46.4,2004-01-26,03:39:25,2453030.65237,30.04,1.41,V,J,1388,2035,2100,IR_CD_header_logs/LOG_LMC X-2.20031028thru20040303.csv,IR_CD_header_logs/,LMC X-2,CD,YALE-03A-0001,,LMCX-2,True,IR
binir040126.0170.fits,LMC X-2,05:20:28.18,-71:57:39.4,2004-01-27,04:16:25,2453031.67807,30.04,1.46,V,J,1388,2005,2130,IR_CD_header_logs/LOG_LMC X-2.20031028thru20040303.csv,IR_CD_header_logs/,LMC X-2,CD,YALE-03A-0001,,LMCX-2,True,IR
binir040126.0171.fits,LMC X-2,05:20:28.20,-71:57:39.3,2004-01-27,04:17:18,2453031.67869,30.04,1.46,V,J,1418,2035,2070,IR_CD_header_logs/LOG_LMC X-2.20031028thru20040303.csv,IR_CD_header_logs/,LMC X-2,CD,YALE-03A-0001,,LMCX-2,True,IR
binir040125.0149.fits,LMC X-2,05:20:29.30,-71:57:46.6,2004-01-26,03:43:47,2453030.65542,30.04,1.41,V,J,1418,2035,2070,IR_CD_header_logs/LOG_LMC X-2.20031028thru20040303.csv,IR_CD_header_logs/,LMC X-2,CD,YALE-03A-0001,,LMCX-2,True,IR
binir040125.0148.fits,LMC X-2,05:20:29.27,-71:57:46.6,2004-01-26,03:42:54,2453030.6548,30.04,1.41,V,J,1388,2005,2130,IR_CD_header_logs/LOG_LMC X-2.20031028thru20040303.csv,IR_CD_header_logs/,LMC X-2,CD,YALE-03A-0001,,LMCX-2,True,IR
binir040125.0147.fits,LMC X-2,05:20:29.25,-71:57:46.7,2004-01-26,03:42:02,2453030.6542,30.04,1.41,V,J,1418,2005,2100,IR_CD_header_logs/LOG_LMC X-2.20031028thru20040303.csv,IR_CD_header_logs/,LMC X-2,CD,YALE-03A-0001,,LMCX-2,True,IR
binir040125.0146.fits,LMC X-2,05:20:29.23,-71:57:46.5,2004-01-26,03:41:09,2453030.65359,30.04,1.41,V,J,1358,2035,2130,IR_CD_header_logs/LOG_LMC X-2.20031028thru20040303.csv,IR_CD_header_logs/,LMC X-2,CD,YALE-03A-0001,,LMCX-2,True,IR
binir040125.0145.fits,LMC X-2,05:20:29.23,-71:57:46.6,2004-01-26,03:40:17,2453030.65298,30.04,1.41,V,J,1388,2065,2070,IR_CD_header_logs/LOG_LMC X-2.20031028thru20040303.csv,IR_CD_header_logs/,LMC X-2,CD,YALE-03A-0001,,LMCX-2,True,IR
binir040110.0102.fits,LMC X-2,05:20:30.34,-71:57:33.3,2004-01-11,03:47:08,2453015.65773,30.04,1.36,V,J,1388,2065,2070,IR_CD_header_logs/LOG_LMC X-2.20031028thru20040303.csv,IR_CD_header_logs/,LMC X-2,CD,YALE-03A-0001,,LMCX-2,True,IR
binir040110.0104.fits,LMC X-2,05:20:30.31,-71:57:32.8,2004-01-11,03:48:53,2453015.65896,30.04,1.36,V,J,1418,2005,2100,IR_CD_header_logs/LOG_LMC X-2.20031028thru20040303.csv,IR_CD_header_logs/,LMC X-2,CD,YALE-03A-0001,,LMCX-2,True,IR
binir040128.0078.fits,LMC X-2,05:20:30.25,-71:57:36.5,2004-01-29,02:52:04,2453033.6195,30.05,1.37,V,J,1388,2035,2100,IR_CD_header_logs/LOG_LMC X-2.20031028thru20040303.csv,IR_CD_header_logs/,LMC X-2,CD,YALE-03A-0001,,LMCX-2,True,IR
binir040110.0105.fits,LMC X-2,05:20:30.30,-71:57:32.5,2004-01-11,03:49:46,2453015.65956,30.05,1.36,V,J,1388,2005,2130,IR_CD_header_logs/LOG_LMC X-2.20031028thru20040303.csv,IR_CD_header_logs/,LMC X-2,CD,YALE-03A-0001,,LMCX-2,True,IR
binir040103.0354.fits,LMC X-2,05:20:29.02,-71:57:35.4,2004-01-04,07:12:12,2453008.80015,30.05,1.64,V,J,1418,2005,2100,IR_CD_header_logs/LOG_LMC X-2.20031028thru20040303.csv,IR_CD_header_logs/,LMC X-2,CD,YALE-03A-0001,,LMCX-2,True,IR
binir040103.0353.fits,LMC X-2,05:20:29.06,-71:57:35.2,2004-01-04,07:11:19,2453008.79954,30.04,1.64,V,J,1358,2035,2130,IR_CD_header_logs/LOG_LMC X-2.20031028thru20040303.csv,IR_CD_header_logs/,LMC X-2,CD,YALE-03A-0001,,LMCX-2,True,IR
binir040103.0352.fits,LMC X-2,05:20:29.10,-71:57:35.3,2004-01-04,07:10:27,2453008.79892,30.04,1.64,V,J,1388,2065,2070,IR_CD_header_logs/LOG_LMC X-2.20031028thru20040303.csv,IR_CD_header_logs/,LMC X-2,CD,YALE-03A-0001,,LMCX-2,True,IR
binir040103.0351.fits,LMC X-2,05:20:29.16,-71:57:35.7,2004-01-04,07:09:34,2453008.79832,30.04,1.64,V,J,1388,2035,2100,IR_CD_header_logs/LOG_LMC X-2.20031028thru20040303.csv,IR_CD_header_logs/,LMC X-2,CD,YALE-03A-0001,,LMCX-2,True,IR
binir031230.0154.fits,LMC X-2,05:20:29.56,-71:57:53.4,2003-12-31,04:47:19,2453004.69953,30.05,1.37,V,J,1418,2035,2070,IR_CD_header_logs/LOG_LMC X-2.20031028thru20040303.csv,IR_CD_header_logs/,LMC X-2,CD,YALE-03A-0001,,LMCX-2,True,IR
binir031230.0153.fits,LMC X-2,05:20:29.60,-71:57:53.7,2003-12-31,04:46:26,2453004.69892,30.05,1.37,V,J,1388,2005,2130,IR_CD_header_logs/LOG_LMC X-2.20031028thru20040303.csv,IR_CD_header_logs/,LMC X-2,CD,YALE-03A-0001,,LMCX-2,True,IR
binir031230.0152.fits,LMC X-2,05:20:29.64,-71:57:54.1,2003-12-31,04:45:34,2453004.69831,30.04,1.37,V,J,1418,2005,2100,IR_CD_header_logs/LOG_LMC X-2.20031028thru20040303.csv,IR_CD_header_logs/,LMC X-2,CD,YALE-03A-0001,,LMCX-2,True,IR
binir031230.0151.fits,LMC X-2,05:20:29.70,-71:57:54.4,2003-12-31,04:44:41,2453004.6977,30.04,1.37,V,J,1358,2035,2130,IR_CD_header_logs/LOG_LMC X-2.20031028thru20040303.csv,IR_CD_header_logs/,LMC X-2,CD,YALE-03A-0001,,LMCX-2,True,IR
binir031230.0150.fits,LMC X-2,05:20:29.76,-71:57:54.7,2003-12-31,04:43:48,2453004.69709,30.04,1.37,V,J,1388,2065,2070,IR_CD_header_logs/LOG_LMC X-2.20031028thru20040303.csv,IR_CD_header_logs/,LMC X-2,CD,YALE-03A-0001,,LMCX-2,True,IR
binir031230.0149.fits,LMC X-2,05:20:29.83,-71:57:55.2,2003-12-31,04:42:56,2453004.69648,30.04,1.37,V,J,1388,2035,2100,IR_CD_header_logs/LOG_LMC X-2.20031028thru20040303.csv,IR_CD_header_logs/,LMC X-2,CD,YALE-03A-0001,,LMCX-2,True,IR
binir031229.0155.fits,LMC X-2,05:20:29.64,-71:57:27.0,2003-12-30,04:25:45,2453003.68456,30.04,1.36,V,J,1388,2035,2100,IR_CD_header_logs/LOG_LMC X-2.20031028thru20040303.csv,IR_CD_header_logs/,LMC X-2,CD,YALE-03A-0001,,LMCX-2,True,IR
binir031229.0157.fits,LMC X-2,05:20:29.57,-71:57:25.8,2003-12-30,04:27:31,2453003.68578,30.04,1.36,V,J,1358,2035,2130,IR_CD_header_logs/LOG_LMC X-2.20031028thru20040303.csv,IR_CD_header_logs/,LMC X-2,CD,YALE-03A-0001,,LMCX-2,True,IR
binir031229.0156.fits,LMC X-2,05:20:29.61,-71:57:26.4,2003-12-30,04:26:38,2453003.68516,30.05,1.36,V,J,1388,2065,2070,IR_CD_header_logs/LOG_LMC X-2.20031028thru20040303.csv,IR_CD_header_logs/,LMC X-2,CD,YALE-03A-0001,,LMCX-2,True,IR
binir031229.0160.fits,LMC X-2,05:20:29.56,-71:57:24.6,2003-12-30,04:30:08,2453003.6876,30.05,1.36,V,J,1418,2035,2070,IR_CD_header_logs/LOG_LMC X-2.20031028thru20040303.csv,IR_CD_header_logs/,LMC X-2,CD,YALE-03A-0001,,LMCX-2,True,IR
binir031229.0158.fits,LMC X-2,05:20:29.55,-71:57:25.4,2003-12-30,04:28:24,2453003.68639,30.05,1.36,V,J,1418,2005,2100,IR_CD_header_logs/LOG_LMC X-2.20031028thru20040303.csv,IR_CD_header_logs/,LMC X-2,CD,YALE-03A-0001,,LMCX-2,True,IR
binir031229.0159.fits,LMC X-2,05:20:29.55,-71:57:25.0,2003-12-30,04:29:16,2453003.687,30.05,1.36,V,J,1388,2005,2130,IR_CD_header_logs/LOG_LMC X-2.20031028thru20040303.csv,IR_CD_header_logs/,LMC X-2,CD,YALE-03A-0001,,LMCX-2,True,IR
binir031228.0204.fits,LMC X-2,05:20:30.04,-71:57:52.4,2003-12-29,04:44:04,2453002.69727,30.05,1.37,V,J,1418,2035,2070,IR_CD_header_logs/LOG_LMC X-2.20031028thru20040303.csv,IR_CD_header_logs/,LMC X-2,CD,YALE-03A-0001,,LMCX-2,True,IR
binir040103.0355.fits,LMC X-2,05:20:29.03,-71:57:34.7,2004-01-04,07:13:05,2453008.80075,30.04,1.65,V,J,1388,2005,2130,IR_CD_header_logs/LOG_LMC X-2.20031028thru20040303.csv,IR_CD_header_logs/,LMC X-2,CD,YALE-03A-0001,,LMCX-2,True,IR
binir040103.0356.fits,LMC X-2,05:20:29.01,-71:57:34.8,2004-01-04,07:13:57,2453008.80135,30.04,1.65,V,J,1418,2035,2070,IR_CD_header_logs/LOG_LMC X-2.20031028thru20040303.csv,IR_CD_header_logs/,LMC X-2,CD,YALE-03A-0001,,LMCX-2,True,IR
binir040105.0135.fits,LMC X-2,05:20:28.83,-71:57:36.1,2004-01-06,04:23:38,2453010.68308,30.04,1.37,V,J,1418,2035,2070,IR_CD_header_logs/LOG_LMC X-2.20031028thru20040303.csv,IR_CD_header_logs/,LMC X-2,CD,YALE-03A-0001,,LMCX-2,True,IR
binir040107.0174.fits,LMC X-2,05:20:28.99,-71:57:36.1,2004-01-08,04:14:30,2453012.67675,30.04,1.37,V,J,1388,2005,2130,IR_CD_header_logs/LOG_LMC X-2.20031028thru20040303.csv,IR_CD_header_logs/,LMC X-2,CD,YALE-03A-0001,,LMCX-2,True,IR
binir040108.0089.fits,LMC X-2,05:20:29.78,-71:57:59.8,2004-01-09,03:35:33,2453013.64969,30.04,1.35,V,J,1418,2035,2070,IR_CD_header_logs/LOG_LMC X-2.20031028thru20040303.csv,IR_CD_header_logs/,LMC X-2,CD,YALE-03A-0001,,LMCX-2,True,IR
binir040108.0088.fits,LMC X-2,05:20:29.77,-71:57:59.9,2004-01-09,03:34:40,2453013.64908,30.04,1.35,V,J,1388,2005,2130,IR_CD_header_logs/LOG_LMC X-2.20031028thru20040303.csv,IR_CD_header_logs/,LMC X-2,CD,YALE-03A-0001,,LMCX-2,True,IR
binir040108.0087.fits,LMC X-2,05:20:29.75,-71:58:0.0,2004-01-09,03:33:48,2453013.64848,30.04,1.35,V,J,1418,2005,2100,IR_CD_header_logs/LOG_LMC X-2.20031028thru20040303.csv,IR_CD_header_logs/,LMC X-2,CD,YALE-03A-0001,,LMCX-2,True,IR
binir040108.0086.fits,LMC X-2,05:20:29.72,-71:58:0.1,2004-01-09,03:32:55,2453013.64787,30.05,1.35,V,J,1358,2035,2130,IR_CD_header_logs/LOG_LMC X-2.20031028thru20040303.csv,IR_CD_header_logs/,LMC X-2,CD,YALE-03A-0001,,LMCX-2,True,IR
binir040108.0085.fits,LMC X-2,05:20:29.72,-71:58:0.3,2004-01-09,03:32:03,2453013.64726,30.05,1.35,V,J,1388,2065,2070,IR_CD_header_logs/LOG_LMC X-2.20031028thru20040303.csv,IR_CD_header_logs/,LMC X-2,CD,YALE-03A-0001,,LMCX-2,True,IR
binir040108.0084.fits,LMC X-2,05:20:29.59,-71:58:0.3,2004-01-09,03:31:10,2453013.64665,30.05,1.35,V,J,1388,2035,2100,IR_CD_header_logs/LOG_LMC X-2.20031028thru20040303.csv,IR_CD_header_logs/,LMC X-2,CD,YALE-03A-0001,,LMCX-2,True,IR
binir040107.0175.fits,LMC X-2,05:20:29.01,-71:57:36.0,2004-01-08,04:15:23,2453012.67736,30.05,1.37,V,J,1418,2035,2070,IR_CD_header_logs/LOG_LMC X-2.20031028thru20040303.csv,IR_CD_header_logs/,LMC X-2,CD,YALE-03A-0001,,LMCX-2,True,IR
binir040107.0173.fits,LMC X-2,05:20:28.92,-71:57:35.7,2004-01-08,04:13:38,2453012.67614,30.04,1.37,V,J,1418,2005,2100,IR_CD_header_logs/LOG_LMC X-2.20031028thru20040303.csv,IR_CD_header_logs/,LMC X-2,CD,YALE-03A-0001,,LMCX-2,True,IR
binir040105.0133.fits,LMC X-2,05:20:28.97,-71:57:36.1,2004-01-06,04:21:53,2453010.68187,30.04,1.37,V,J,1418,2005,2100,IR_CD_header_logs/LOG_LMC X-2.20031028thru20040303.csv,IR_CD_header_logs/,LMC X-2,CD,YALE-03A-0001,,LMCX-2,True,IR
binir040107.0172.fits,LMC X-2,05:20:29.07,-71:57:36.0,2004-01-08,04:12:45,2453012.67553,30.04,1.37,V,J,1358,2035,2130,IR_CD_header_logs/LOG_LMC X-2.20031028thru20040303.csv,IR_CD_header_logs/,LMC X-2,CD,YALE-03A-0001,,LMCX-2,True,IR
binir040107.0171.fits,LMC X-2,05:20:29.07,-71:57:35.9,2004-01-08,04:11:53,2453012.67492,30.04,1.37,V,J,1388,2065,2070,IR_CD_header_logs/LOG_LMC X-2.20031028thru20040303.csv,IR_CD_header_logs/,LMC X-2,CD,YALE-03A-0001,,LMCX-2,True,IR
binir040107.0170.fits,LMC X-2,05:20:29.19,-71:57:36.0,2004-01-08,04:11:00,2453012.67431,30.04,1.37,V,J,1388,2035,2100,IR_CD_header_logs/LOG_LMC X-2.20031028thru20040303.csv,IR_CD_header_logs/,LMC X-2,CD,YALE-03A-0001,,LMCX-2,True,IR
binir040105.0131.fits,LMC X-2,05:20:29.11,-71:57:35.7,2004-01-06,04:20:08,2453010.68065,30.05,1.37,V,J,1388,2065,2070,IR_CD_header_logs/LOG_LMC X-2.20031028thru20040303.csv,IR_CD_header_logs/,LMC X-2,CD,YALE-03A-0001,,LMCX-2,True,IR
binir040105.0130.fits,LMC X-2,05:20:29.19,-71:57:35.8,2004-01-06,04:19:16,2453010.68005,30.04,1.37,V,J,1388,2035,2100,IR_CD_header_logs/LOG_LMC X-2.20031028thru20040303.csv,IR_CD_header_logs/,LMC X-2,CD,YALE-03A-0001,,LMCX-2,True,IR
binir040105.0132.fits,LMC X-2,05:20:29.09,-71:57:36.1,2004-01-06,04:21:01,2453010.68127,30.05,1.37,V,J,1358,2035,2130,IR_CD_header_logs/LOG_LMC X-2.20031028thru20040303.csv,IR_CD_header_logs/,LMC X-2,CD,YALE-03A-0001,,LMCX-2,True,IR
binir040105.0134.fits,LMC X-2,05:20:28.95,-71:57:36.0,2004-01-06,04:22:46,2453010.68248,30.04,1.37,V,J,1388,2005,2130,IR_CD_header_logs/LOG_LMC X-2.20031028thru20040303.csv,IR_CD_header_logs/,LMC X-2,CD,YALE-03A-0001,,LMCX-2,True,IR
binir040127.0122.fits,LMC X-2,05:20:28.77,-71:57:54.2,2004-01-28,03:52:07,2453032.66119,30.04,1.43,V,J,1388,2065,2070,IR_CD_header_logs/LOG_LMC X-2.20031028thru20040303.csv,IR_CD_header_logs/,LMC X-2,CD,YALE-03A-0001,,LMCX-2,True,IR
binir040128.0079.fits,LMC X-2,05:20:30.20,-71:57:36.2,2004-01-29,02:52:57,2453033.6201,30.05,1.37,V,J,1388,2065,2070,IR_CD_header_logs/LOG_LMC X-2.20031028thru20040303.csv,IR_CD_header_logs/,LMC X-2,CD,YALE-03A-0001,,LMCX-2,True,IR
binir040212.0083.fits,LMC X-2,05:20:29.13,-71:57:33.7,2004-02-13,03:08:26,2453048.63086,30.04,1.46,V,J,1418,2005,2100,IR_CD_header_logs/LOG_LMC X-2.20031028thru20040303.csv,IR_CD_header_logs/,LMC X-2,CD,YALE-03A-0001,,LMCX-2,True,IR
binir040205.0120.fits,LMC X-2,05:20:29.05,-71:57:52.7,2004-02-06,03:08:52,2453041.63117,30.04,1.42,V,J,1388,2035,2100,IR_CD_header_logs/LOG_LMC X-2.20031028thru20040303.csv,IR_CD_header_logs/,LMC X-2,CD,YALE-03A-0001,,LMCX-2,True,IR
binir040209.0232.fits,LMC X-2,05:20:27.51,-71:57:40.7,2004-02-10,04:15:56,2453045.67773,30.05,1.57,V,J,1388,2035,2100,IR_CD_header_logs/LOG_LMC X-2.20031028thru20040303.csv,IR_CD_header_logs/,LMC X-2,CD,YALE-03A-0001,,LMCX-2,True,IR
binir040208.0227.fits,LMC X-2,05:20:27.74,-71:57:47.5,2004-02-09,03:29:56,2453044.64579,30.04,1.47,V,J,1418,2035,2070,IR_CD_header_logs/LOG_LMC X-2.20031028thru20040303.csv,IR_CD_header_logs/,LMC X-2,CD,YALE-03A-0001,,LMCX-2,True,IR
binir040208.0226.fits,LMC X-2,05:20:27.78,-71:57:47.3,2004-02-09,03:29:03,2453044.64518,30.05,1.47,V,J,1388,2005,2130,IR_CD_header_logs/LOG_LMC X-2.20031028thru20040303.csv,IR_CD_header_logs/,LMC X-2,CD,YALE-03A-0001,,LMCX-2,True,IR
binir040208.0225.fits,LMC X-2,05:20:27.80,-71:57:47.5,2004-02-09,03:28:11,2453044.64458,30.05,1.47,V,J,1418,2005,2100,IR_CD_header_logs/LOG_LMC X-2.20031028thru20040303.csv,IR_CD_header_logs/,LMC X-2,CD,YALE-03A-0001,,LMCX-2,True,IR
binir040208.0224.fits,LMC X-2,05:20:27.83,-71:57:48.3,2004-02-09,03:27:18,2453044.64396,30.04,1.47,V,J,1358,2035,2130,IR_CD_header_logs/LOG_LMC X-2.20031028thru20040303.csv,IR_CD_header_logs/,LMC X-2,CD,YALE-03A-0001,,LMCX-2,True,IR
binir040208.0223.fits,LMC X-2,05:20:27.88,-71:57:48.4,2004-02-09,03:26:25,2453044.64335,30.04,1.46,V,J,1388,2065,2070,IR_CD_header_logs/LOG_LMC X-2.20031028thru20040303.csv,IR_CD_header_logs/,LMC X-2,CD,YALE-03A-0001,,LMCX-2,True,IR
binir040208.0222.fits,LMC X-2,05:20:27.97,-71:57:48.4,2004-02-09,03:25:33,2453044.64274,30.04,1.46,V,J,1388,2035,2100,IR_CD_header_logs/LOG_LMC X-2.20031028thru20040303.csv,IR_CD_header_logs/,LMC X-2,CD,YALE-03A-0001,,LMCX-2,True,IR
binir040207.0186.fits,LMC X-2,05:20:28.56,-71:57:36.7,2004-02-08,03:57:33,2453043.66497,30.05,1.51,V,J,1358,2035,2130,IR_CD_header_logs/LOG_LMC X-2.20031028thru20040303.csv,IR_CD_header_logs/,LMC X-2,CD,YALE-03A-0001,,LMCX-2,True,IR
binir040207.0184.fits,LMC X-2,05:20:28.71,-71:57:37.3,2004-02-08,03:55:48,2453043.66375,30.05,1.51,V,J,1388,2035,2100,IR_CD_header_logs/LOG_LMC X-2.20031028thru20040303.csv,IR_CD_header_logs/,LMC X-2,CD,YALE-03A-0001,,LMCX-2,True,IR
binir040207.0185.fits,LMC X-2,05:20:28.63,-71:57:37.0,2004-02-08,03:56:40,2453043.66436,30.05,1.51,V,J,1388,2065,2070,IR_CD_header_logs/LOG_LMC X-2.20031028thru20040303.csv,IR_CD_header_logs/,LMC X-2,CD,YALE-03A-0001,,LMCX-2,True,IR
binir040207.0188.fits,LMC X-2,05:20:28.55,-71:57:36.4,2004-02-08,03:59:16,2453043.66616,30.05,1.51,V,J,1388,2005,2130,IR_CD_header_logs/LOG_LMC X-2.20031028thru20040303.csv,IR_CD_header_logs/,LMC X-2,CD,YALE-03A-0001,,LMCX-2,True,IR
binir040207.0187.fits,LMC X-2,05:20:28.54,-71:57:36.4,2004-02-08,03:58:26,2453043.66558,30.04,1.51,V,J,1418,2005,2100,IR_CD_header_logs/LOG_LMC X-2.20031028thru20040303.csv,IR_CD_header_logs/,LMC X-2,CD,YALE-03A-0001,,LMCX-2,True,IR
binir040207.0189.fits,LMC X-2,05:20:28.54,-71:57:36.5,2004-02-08,04:00:09,2453043.66678,30.05,1.52,V,J,1418,2035,2070,IR_CD_header_logs/LOG_LMC X-2.20031028thru20040303.csv,IR_CD_header_logs/,LMC X-2,CD,YALE-03A-0001,,LMCX-2,True,IR
binir040205.0125.fits,LMC X-2,05:20:28.96,-71:57:51.7,2004-02-06,03:13:15,2453041.63421,30.05,1.43,V,J,1418,2035,2070,IR_CD_header_logs/LOG_LMC X-2.20031028thru20040303.csv,IR_CD_header_logs/,LMC X-2,CD,YALE-03A-0001,,LMCX-2,True,IR
binir040205.0124.fits,LMC X-2,05:20:28.98,-71:57:51.9,2004-02-06,03:12:22,2453041.6336,30.04,1.43,V,J,1388,2005,2130,IR_CD_header_logs/LOG_LMC X-2.20031028thru20040303.csv,IR_CD_header_logs/,LMC X-2,CD,YALE-03A-0001,,LMCX-2,True,IR
binir040205.0123.fits,LMC X-2,05:20:29.00,-71:57:51.7,2004-02-06,03:11:30,2453041.63299,30.05,1.43,V,J,1418,2005,2100,IR_CD_header_logs/LOG_LMC X-2.20031028thru20040303.csv,IR_CD_header_logs/,LMC X-2,CD,YALE-03A-0001,,LMCX-2,True,IR
binir040205.0122.fits,LMC X-2,05:20:28.98,-71:57:52.1,2004-02-06,03:10:37,2453041.63238,30.05,1.42,V,J,1358,2035,2130,IR_CD_header_logs/LOG_LMC X-2.20031028thru20040303.csv,IR_CD_header_logs/,LMC X-2,CD,YALE-03A-0001,,LMCX-2,True,IR
binir040209.0233.fits,LMC X-2,05:20:27.38,-71:57:40.3,2004-02-10,04:16:48,2453045.67834,30.05,1.57,V,J,1388,2065,2070,IR_CD_header_logs/LOG_LMC X-2.20031028thru20040303.csv,IR_CD_header_logs/,LMC X-2,CD,YALE-03A-0001,,LMCX-2,True,IR
binir040209.0234.fits,LMC X-2,05:20:27.31,-71:57:39.8,2004-02-10,04:17:41,2453045.67895,30.04,1.57,V,J,1358,2035,2130,IR_CD_header_logs/LOG_LMC X-2.20031028thru20040303.csv,IR_CD_header_logs/,LMC X-2,CD,YALE-03A-0001,,LMCX-2,True,IR
binir040209.0235.fits,LMC X-2,05:20:27.35,-71:57:39.6,2004-02-10,04:18:34,2453045.67956,30.04,1.57,V,J,1418,2005,2100,IR_CD_header_logs/LOG_LMC X-2.20031028thru20040303.csv,IR_CD_header_logs/,LMC X-2,CD,YALE-03A-0001,,LMCX-2,True,IR
binir040211.0177.fits,LMC X-2,05:20:28.13,-71:57:36.1,2004-02-12,03:44:05,2453047.65561,30.04,1.52,V,J,1388,2065,2070,IR_CD_header_logs/LOG_LMC X-2.20031028thru20040303.csv,IR_CD_header_logs/,LMC X-2,CD,YALE-03A-0001,,LMCX-2,True,IR
binir040212.0082.fits,LMC X-2,05:20:29.17,-71:57:34.0,2004-02-13,03:07:33,2453048.63025,30.04,1.46,V,J,1358,2035,2130,IR_CD_header_logs/LOG_LMC X-2.20031028thru20040303.csv,IR_CD_header_logs/,LMC X-2,CD,YALE-03A-0001,,LMCX-2,True,IR
binir040212.0081.fits,LMC X-2,05:20:29.16,-71:57:34.2,2004-02-13,03:06:40,2453048.62963,30.05,1.46,V,J,1388,2065,2070,IR_CD_header_logs/LOG_LMC X-2.20031028thru20040303.csv,IR_CD_header_logs/,LMC X-2,CD,YALE-03A-0001,,LMCX-2,True,IR
binir040212.0080.fits,LMC X-2,05:20:29.12,-71:57:35.7,2004-02-13,03:05:47,2453048.62903,30.04,1.46,V,J,1388,2035,2100,IR_CD_header_logs/LOG_LMC X-2.20031028thru20040303.csv,IR_CD_header_logs/,LMC X-2,CD,YALE-03A-0001,,LMCX-2,True,IR
binir040211.0181.fits,LMC X-2,05:20:27.99,-71:57:35.6,2004-02-12,03:47:36,2453047.65806,30.04,1.52,V,J,1418,2035,2070,IR_CD_header_logs/LOG_LMC X-2.20031028thru20040303.csv,IR_CD_header_logs/,LMC X-2,CD,YALE-03A-0001,,LMCX-2,True,IR
binir040211.0180.fits,LMC X-2,05:20:28.03,-71:57:35.6,2004-02-12,03:46:43,2453047.65745,30.04,1.52,V,J,1388,2005,2130,IR_CD_header_logs/LOG_LMC X-2.20031028thru20040303.csv,IR_CD_header_logs/,LMC X-2,CD,YALE-03A-0001,,LMCX-2,True,IR
binir040211.0179.fits,LMC X-2,05:20:28.08,-71:57:35.9,2004-02-12,03:45:51,2453047.65685,30.05,1.52,V,J,1418,2005,2100,IR_CD_header_logs/LOG_LMC X-2.20031028thru20040303.csv,IR_CD_header_logs/,LMC X-2,CD,YALE-03A-0001,,LMCX-2,True,IR
binir040211.0178.fits,LMC X-2,05:20:28.10,-71:57:35.7,2004-02-12,03:44:58,2453047.65623,30.04,1.52,V,J,1358,2035,2130,IR_CD_header_logs/LOG_LMC X-2.20031028thru20040303.csv,IR_CD_header_logs/,LMC X-2,CD,YALE-03A-0001,,LMCX-2,True,IR
binir040211.0176.fits,LMC X-2,05:20:28.17,-71:57:36.2,2004-02-12,03:43:15,2453047.65504,30.05,1.51,V,J,1388,2035,2100,IR_CD_header_logs/LOG_LMC X-2.20031028thru20040303.csv,IR_CD_header_logs/,LMC X-2,CD,YALE-03A-0001,,LMCX-2,True,IR
binir040209.0236.fits,LMC X-2,05:20:27.33,-71:57:39.4,2004-02-10,04:19:23,2453045.68013,30.04,1.57,V,J,1388,2005,2130,IR_CD_header_logs/LOG_LMC X-2.20031028thru20040303.csv,IR_CD_header_logs/,LMC X-2,CD,YALE-03A-0001,,LMCX-2,True,IR
binir040210.0079.fits,LMC X-2,05:20:30.30,-71:57:45.7,2004-02-11,01:47:09,2453046.57441,30.04,1.36,V,J,1388,2065,2070,IR_CD_header_logs/LOG_LMC X-2.20031028thru20040303.csv,IR_CD_header_logs/,LMC X-2,CD,YALE-03A-0001,,LMCX-2,True,IR
binir040210.0078.fits,LMC X-2,05:20:30.42,-71:57:46.2,2004-02-11,01:46:17,2453046.57381,30.04,1.36,V,J,1388,2035,2100,IR_CD_header_logs/LOG_LMC X-2.20031028thru20040303.csv,IR_CD_header_logs/,LMC X-2,CD,YALE-03A-0001,,LMCX-2,True,IR
binir040210.0080.fits,LMC X-2,05:20:30.22,-71:57:45.3,2004-02-11,01:48:02,2453046.57502,30.05,1.36,V,J,1358,2035,2130,IR_CD_header_logs/LOG_LMC X-2.20031028thru20040303.csv,IR_CD_header_logs/,LMC X-2,CD,YALE-03A-0001,,LMCX-2,True,IR
binir040210.0083.fits,LMC X-2,05:20:30.13,-71:57:44.4,2004-02-11,01:50:40,2453046.57685,30.04,1.37,V,J,1418,2035,2070,IR_CD_header_logs/LOG_LMC X-2.20031028thru20040303.csv,IR_CD_header_logs/,LMC X-2,CD,YALE-03A-0001,,LMCX-2,True,IR
binir040210.0082.fits,LMC X-2,05:20:30.13,-71:57:44.4,2004-02-11,01:49:47,2453046.57624,30.05,1.37,V,J,1388,2005,2130,IR_CD_header_logs/LOG_LMC X-2.20031028thru20040303.csv,IR_CD_header_logs/,LMC X-2,CD,YALE-03A-0001,,LMCX-2,True,IR
binir040210.0081.fits,LMC X-2,05:20:30.18,-71:57:45.0,2004-02-11,01:48:55,2453046.57564,30.04,1.37,V,J,1418,2005,2100,IR_CD_header_logs/LOG_LMC X-2.20031028thru20040303.csv,IR_CD_header_logs/,LMC X-2,CD,YALE-03A-0001,,LMCX-2,True,IR
binir040209.0237.fits,LMC X-2,05:20:27.30,-71:57:39.0,2004-02-10,04:20:16,2453045.68074,30.05,1.58,V,J,1418,2035,2070,IR_CD_header_logs/LOG_LMC X-2.20031028thru20040303.csv,IR_CD_header_logs/,LMC X-2,CD,YALE-03A-0001,,LMCX-2,True,IR
binir040205.0121.fits,LMC X-2,05:20:29.01,-71:57:52.6,2004-02-06,03:09:44,2453041.63177,30.04,1.42,V,J,1388,2065,2070,IR_CD_header_logs/LOG_LMC X-2.20031028thru20040303.csv,IR_CD_header_logs/,LMC X-2,CD,YALE-03A-0001,,LMCX-2,True,IR
binir040204.0199.fits,LMC X-2,05:20:28.91,-71:57:33.1,2004-02-05,03:49:38,2453040.65948,30.05,1.48,V,J,1418,2035,2070,IR_CD_header_logs/LOG_LMC X-2.20031028thru20040303.csv,IR_CD_header_logs/,LMC X-2,CD,YALE-03A-0001,,LMCX-2,True,IR
binir040128.0080.fits,LMC X-2,05:20:30.15,-71:57:35.0,2004-01-29,02:53:49,2453033.62072,30.04,1.38,V,J,1358,2035,2130,IR_CD_header_logs/LOG_LMC X-2.20031028thru20040303.csv,IR_CD_header_logs/,LMC X-2,CD,YALE-03A-0001,,LMCX-2,True,IR
binir040204.0198.fits,LMC X-2,05:20:28.91,-71:57:32.9,2004-02-05,03:48:45,2453040.65886,30.05,1.47,V,J,1388,2005,2130,IR_CD_header_logs/LOG_LMC X-2.20031028thru20040303.csv,IR_CD_header_logs/,LMC X-2,CD,YALE-03A-0001,,LMCX-2,True,IR
binir040201.0206.fits,LMC X-2,05:20:29.12,-71:57:34.5,2004-02-02,04:06:32,2453037.67121,30.04,1.48,V,J,1388,2065,2070,IR_CD_header_logs/LOG_LMC X-2.20031028thru20040303.csv,IR_CD_header_logs/,LMC X-2,CD,YALE-03A-0001,,LMCX-2,True,IR
binir040201.0205.fits,LMC X-2,05:20:29.12,-71:57:35.0,2004-02-02,04:05:40,2453037.67061,30.04,1.48,V,J,1388,2035,2100,IR_CD_header_logs/LOG_LMC X-2.20031028thru20040303.csv,IR_CD_header_logs/,LMC X-2,CD,YALE-03A-0001,,LMCX-2,True,IR
binir040131.0063.fits,LMC X-2,05:20:29.16,-71:57:35.0,2004-02-01,01:46:36,2453036.57404,30.04,1.35,V,J,1388,2065,2070,IR_CD_header_logs/LOG_LMC X-2.20031028thru20040303.csv,IR_CD_header_logs/,LMC X-2,CD,YALE-03A-0001,,LMCX-2,True,IR
binir040131.0062.fits,LMC X-2,05:20:29.15,-71:57:35.7,2004-02-01,01:45:44,2453036.57343,30.04,1.35,V,J,1388,2035,2100,IR_CD_header_logs/LOG_LMC X-2.20031028thru20040303.csv,IR_CD_header_logs/,LMC X-2,CD,YALE-03A-0001,,LMCX-2,True,IR
binir040131.0064.fits,LMC X-2,05:20:29.17,-71:57:34.7,2004-02-01,01:47:29,2453036.57464,30.04,1.35,V,J,1358,2035,2130,IR_CD_header_logs/LOG_LMC X-2.20031028thru20040303.csv,IR_CD_header_logs/,LMC X-2,CD,YALE-03A-0001,,LMCX-2,True,IR
binir040131.0067.fits,LMC X-2,05:20:29.20,-71:57:34.4,2004-02-01,01:50:07,2453036.57647,30.05,1.35,V,J,1418,2035,2070,IR_CD_header_logs/LOG_LMC X-2.20031028thru20040303.csv,IR_CD_header_logs/,LMC X-2,CD,YALE-03A-0001,,LMCX-2,True,IR
binir040131.0066.fits,LMC X-2,05:20:29.18,-71:57:34.4,2004-02-01,01:49:14,2453036.57586,30.04,1.35,V,J,1388,2005,2130,IR_CD_header_logs/LOG_LMC X-2.20031028thru20040303.csv,IR_CD_header_logs/,LMC X-2,CD,YALE-03A-0001,,LMCX-2,True,IR
binir040131.0065.fits,LMC X-2,05:20:29.18,-71:57:34.3,2004-02-01,01:48:22,2453036.57526,30.04,1.35,V,J,1418,2005,2100,IR_CD_header_logs/LOG_LMC X-2.20031028thru20040303.csv,IR_CD_header_logs/,LMC X-2,CD,YALE-03A-0001,,LMCX-2,True,IR
binir040130.0097.fits,LMC X-2,05:20:29.13,-71:57:35.5,2004-01-31,03:56:31,2453035.66426,30.04,1.46,V,J,1388,2035,2100,IR_CD_header_logs/LOG_LMC X-2.20031028thru20040303.csv,IR_CD_header_logs/,LMC X-2,CD,YALE-03A-0001,,LMCX-2,True,IR
binir040130.0102.fits,LMC X-2,05:20:29.25,-71:57:33.5,2004-01-31,04:00:54,2453035.6673,30.04,1.46,V,J,1418,2035,2070,IR_CD_header_logs/LOG_LMC X-2.20031028thru20040303.csv,IR_CD_header_logs/,LMC X-2,CD,YALE-03A-0001,,LMCX-2,True,IR
binir040130.0101.fits,LMC X-2,05:20:29.25,-71:57:33.5,2004-01-31,04:00:02,2453035.66669,30.04,1.46,V,J,1388,2005,2130,IR_CD_header_logs/LOG_LMC X-2.20031028thru20040303.csv,IR_CD_header_logs/,LMC X-2,CD,YALE-03A-0001,,LMCX-2,True,IR
binir040130.0100.fits,LMC X-2,05:20:29.24,-71:57:33.7,2004-01-31,03:59:10,2453035.66609,30.04,1.46,V,J,1418,2005,2100,IR_CD_header_logs/LOG_LMC X-2.20031028thru20040303.csv,IR_CD_header_logs/,LMC X-2,CD,YALE-03A-0001,,LMCX-2,True,IR
binir040130.0099.fits,LMC X-2,05:20:29.22,-71:57:34.0,2004-01-31,03:58:17,2453035.66547,30.04,1.46,V,J,1358,2035,2130,IR_CD_header_logs/LOG_LMC X-2.20031028thru20040303.csv,IR_CD_header_logs/,LMC X-2,CD,YALE-03A-0001,,LMCX-2,True,IR
binir040130.0098.fits,LMC X-2,05:20:29.18,-71:57:34.4,2004-01-31,03:57:24,2453035.66486,30.04,1.46,V,J,1388,2065,2070,IR_CD_header_logs/LOG_LMC X-2.20031028thru20040303.csv,IR_CD_header_logs/,LMC X-2,CD,YALE-03A-0001,,LMCX-2,True,IR
binir040128.0083.fits,LMC X-2,05:20:30.04,-71:57:35.8,2004-01-29,02:56:28,2453033.62255,30.05,1.38,V,J,1418,2035,2070,IR_CD_header_logs/LOG_LMC X-2.20031028thru20040303.csv,IR_CD_header_logs/,LMC X-2,CD,YALE-03A-0001,,LMCX-2,True,IR
binir040128.0082.fits,LMC X-2,05:20:30.10,-71:57:36.0,2004-01-29,02:55:35,2453033.62193,30.05,1.38,V,J,1388,2005,2130,IR_CD_header_logs/LOG_LMC X-2.20031028thru20040303.csv,IR_CD_header_logs/,LMC X-2,CD,YALE-03A-0001,,LMCX-2,True,IR
binir040128.0081.fits,LMC X-2,05:20:30.13,-71:57:35.9,2004-01-29,02:54:43,2453033.62133,30.05,1.38,V,J,1418,2005,2100,IR_CD_header_logs/LOG_LMC X-2.20031028thru20040303.csv,IR_CD_header_logs/,LMC X-2,CD,YALE-03A-0001,,LMCX-2,True,IR
binir040201.0207.fits,LMC X-2,05:20:29.09,-71:57:34.2,2004-02-02,04:07:25,2453037.67182,30.05,1.49,V,J,1358,2035,2130,IR_CD_header_logs/LOG_LMC X-2.20031028thru20040303.csv,IR_CD_header_logs/,LMC X-2,CD,YALE-03A-0001,,LMCX-2,True,IR
binir040201.0208.fits,LMC X-2,05:20:29.05,-71:57:34.0,2004-02-02,04:08:18,2453037.67244,30.04,1.49,V,J,1418,2005,2100,IR_CD_header_logs/LOG_LMC X-2.20031028thru20040303.csv,IR_CD_header_logs/,LMC X-2,CD,YALE-03A-0001,,LMCX-2,True,IR
binir040201.0209.fits,LMC X-2,05:20:29.03,-71:57:33.5,2004-02-02,04:09:10,2453037.67304,30.04,1.49,V,J,1388,2005,2130,IR_CD_header_logs/LOG_LMC X-2.20031028thru20040303.csv,IR_CD_header_logs/,LMC X-2,CD,YALE-03A-0001,,LMCX-2,True,IR
binir040203.0125.fits,LMC X-2,05:20:29.11,-71:57:34.4,2004-02-04,02:59:18,2453039.62451,30.04,1.4,V,J,1388,2005,2130,IR_CD_header_logs/LOG_LMC X-2.20031028thru20040303.csv,IR_CD_header_logs/,LMC X-2,CD,YALE-03A-0001,,LMCX-2,True,IR
binir040204.0197.fits,LMC X-2,05:20:28.91,-71:57:32.9,2004-02-05,03:47:53,2453040.65826,30.04,1.47,V,J,1418,2005,2100,IR_CD_header_logs/LOG_LMC X-2.20031028thru20040303.csv,IR_CD_header_logs/,LMC X-2,CD,YALE-03A-0001,,LMCX-2,True,IR
binir040204.0196.fits,LMC X-2,05:20:28.95,-71:57:33.6,2004-02-05,03:47:00,2453040.65765,30.04,1.47,V,J,1358,2035,2130,IR_CD_header_logs/LOG_LMC X-2.20031028thru20040303.csv,IR_CD_header_logs/,LMC X-2,CD,YALE-03A-0001,,LMCX-2,True,IR
binir040204.0195.fits,LMC X-2,05:20:29.02,-71:57:33.9,2004-02-05,03:46:07,2453040.65703,30.04,1.47,V,J,1388,2065,2070,IR_CD_header_logs/LOG_LMC X-2.20031028thru20040303.csv,IR_CD_header_logs/,LMC X-2,CD,YALE-03A-0001,,LMCX-2,True,IR
binir040204.0194.fits,LMC X-2,05:20:29.12,-71:57:35.5,2004-02-05,03:45:15,2453040.65643,30.04,1.47,V,J,1388,2035,2100,IR_CD_header_logs/LOG_LMC X-2.20031028thru20040303.csv,IR_CD_header_logs/,LMC X-2,CD,YALE-03A-0001,,LMCX-2,True,IR
binir040203.0123.fits,LMC X-2,05:20:29.15,-71:57:35.1,2004-02-04,02:57:32,2453039.6233,30.04,1.4,V,J,1358,2035,2130,IR_CD_header_logs/LOG_LMC X-2.20031028thru20040303.csv,IR_CD_header_logs/,LMC X-2,CD,YALE-03A-0001,,LMCX-2,True,IR
binir040203.0121.fits,LMC X-2,05:20:29.15,-71:57:35.7,2004-02-04,02:55:47,2453039.62208,30.05,1.4,V,J,1388,2035,2100,IR_CD_header_logs/LOG_LMC X-2.20031028thru20040303.csv,IR_CD_header_logs/,LMC X-2,CD,YALE-03A-0001,,LMCX-2,True,IR
binir040203.0122.fits,LMC X-2,05:20:29.14,-71:57:35.7,2004-02-04,02:56:40,2453039.62269,30.05,1.4,V,J,1388,2065,2070,IR_CD_header_logs/LOG_LMC X-2.20031028thru20040303.csv,IR_CD_header_logs/,LMC X-2,CD,YALE-03A-0001,,LMCX-2,True,IR
binir040203.0124.fits,LMC X-2,05:20:29.12,-71:57:34.5,2004-02-04,02:58:26,2453039.62391,30.05,1.4,V,J,1418,2005,2100,IR_CD_header_logs/LOG_LMC X-2.20031028thru20040303.csv,IR_CD_header_logs/,LMC X-2,CD,YALE-03A-0001,,LMCX-2,True,IR
binir040201.0210.fits,LMC X-2,05:20:29.01,-71:57:33.5,2004-02-02,04:10:03,2453037.67365,30.04,1.49,V,J,1418,2035,2070,IR_CD_header_logs/LOG_LMC X-2.20031028thru20040303.csv,IR_CD_header_logs/,LMC X-2,CD,YALE-03A-0001,,LMCX-2,True,IR
binir040203.0126.fits,LMC X-2,05:20:29.11,-71:57:34.4,2004-02-04,03:00:11,2453039.62513,30.04,1.4,V,J,1418,2035,2070,IR_CD_header_logs/LOG_LMC X-2.20031028thru20040303.csv,IR_CD_header_logs/,LMC X-2,CD,YALE-03A-0001,,LMCX-2,True,IR
binir040202.0096.fits,LMC X-2,05:20:29.04,-71:57:33.3,2004-02-03,02:49:32,2453038.61773,30.04,1.39,V,J,1418,2035,2070,IR_CD_header_logs/LOG_LMC X-2.20031028thru20040303.csv,IR_CD_header_logs/,LMC X-2,CD,YALE-03A-0001,,LMCX-2,True,IR
binir040202.0095.fits,LMC X-2,05:20:29.06,-71:57:33.5,2004-02-03,02:48:39,2453038.61712,30.04,1.39,V,J,1388,2005,2130,IR_CD_header_logs/LOG_LMC X-2.20031028thru20040303.csv,IR_CD_header_logs/,LMC X-2,CD,YALE-03A-0001,,LMCX-2,True,IR
binir040202.0094.fits,LMC X-2,05:20:29.08,-71:57:33.7,2004-02-03,02:47:47,2453038.61652,30.05,1.39,V,J,1418,2005,2100,IR_CD_header_logs/LOG_LMC X-2.20031028thru20040303.csv,IR_CD_header_logs/,LMC X-2,CD,YALE-03A-0001,,LMCX-2,True,IR
binir040202.0093.fits,LMC X-2,05:20:29.11,-71:57:34.1,2004-02-03,02:46:54,2453038.6159,30.04,1.39,V,J,1358,2035,2130,IR_CD_header_logs/LOG_LMC X-2.20031028thru20040303.csv,IR_CD_header_logs/,LMC X-2,CD,YALE-03A-0001,,LMCX-2,True,IR
binir040202.0092.fits,LMC X-2,05:20:29.14,-71:57:34.7,2004-02-03,02:46:01,2453038.61529,30.04,1.38,V,J,1388,2065,2070,IR_CD_header_logs/LOG_LMC X-2.20031028thru20040303.csv,IR_CD_header_logs/,LMC X-2,CD,YALE-03A-0001,,LMCX-2,True,IR
binir040202.0091.fits,LMC X-2,05:20:29.15,-71:57:35.6,2004-02-03,02:45:08,2453038.61469,30.04,1.38,V,J,1388,2035,2100,IR_CD_header_logs/LOG_LMC X-2.20031028thru20040303.csv,IR_CD_header_logs/,LMC X-2,CD,YALE-03A-0001,,LMCX-2,True,IR
