filename,OBJECT,RA,DEC,DATE-OBS,TIME-OBS,JD,EXPTIME,SECZ,CCDFLTID,IRFLTID,TILT1,TILT2,TILT3,log name,Location,prop name help,Physical loc,OWNER,full path,proper name,xrb,source
rccd070520.0087.fits,IGR J17191-2821,17:19:14.78,-28:18:00.0,2007-05-21,07:42:05,2454241.8209,360.0,1.07,V,H,1210,1868,2020,optical_CD_header_logs/LOG_IGR J17191-2821.20070504thru20070525.csv,optical_CD_header_logs/,IGR J17191-2821,CD,,,IGRJ17191-2821,True,optical
rccd070519.0081.fits,IGR J17191-2821,17:19:14.77,-28:18:00.1,2007-05-20,07:41:47,2454240.82069,360.0,1.06,V,H,1210,1868,2020,optical_CD_header_logs/LOG_IGR J17191-2821.20070504thru20070525.csv,optical_CD_header_logs/,IGR J17191-2821,CD,,,IGRJ17191-2821,True,optical
rccd070519.0080.fits,IGR J17191-2821,17:19:14.76,-28:18:01.7,2007-05-20,07:34:53,2454240.81589,360.0,1.05,I,H,1210,1868,2020,optical_CD_header_logs/LOG_IGR J17191-2821.20070504thru20070525.csv,optical_CD_header_logs/,IGR J17191-2821,CD,,,IGRJ17191-2821,True,optical
rccd070518.0097.fits,IGR J17191-2821,17:19:14.73,-28:18:01.6,2007-05-19,07:27:44,2454239.81094,360.0,1.04,I,H,1210,1868,2020,optical_CD_header_logs/LOG_IGR J17191-2821.20070504thru20070525.csv,optical_CD_header_logs/,IGR J17191-2821,CD,,,IGRJ17191-2821,True,optical
rccd070518.0098.fits,IGR J17191-2821,17:19:14.75,-28:18:00.0,2007-05-19,07:34:39,2454239.81573,360.0,1.05,V,H,1210,1868,2020,optical_CD_header_logs/LOG_IGR J17191-2821.20070504thru20070525.csv,optical_CD_header_logs/,IGR J17191-2821,CD,,,IGRJ17191-2821,True,optical
rccd070514.0097.fits,IGR J17191-2821,17:19:14.55,-28:18:09.5,2007-05-15,08:36:09,2454235.85844,360.0,1.12,V,H,1210,1828,2060,optical_CD_header_logs/LOG_IGR J17191-2821.20070504thru20070525.csv,optical_CD_header_logs/,IGR J17191-2821,CD,,,IGRJ17191-2821,True,optical
rccd070514.0096.fits,IGR J17191-2821,17:19:14.60,-28:18:08.5,2007-05-15,08:29:15,2454235.85365,360.0,1.11,I,H,1210,1828,2060,optical_CD_header_logs/LOG_IGR J17191-2821.20070504thru20070525.csv,optical_CD_header_logs/,IGR J17191-2821,CD,,,IGRJ17191-2821,True,optical
rccd070513.0092.fits,IGR J17191-2821,17:19:14.94,-28:18:08.2,2007-05-14,08:22:18,2454234.84883,360.0,1.09,V,H,1210,1868,2020,optical_CD_header_logs/LOG_IGR J17191-2821.20070504thru20070525.csv,optical_CD_header_logs/,IGR J17191-2821,CD,,,IGRJ17191-2821,True,optical
rccd070513.0091.fits,IGR J17191-2821,17:19:14.93,-28:18:08.1,2007-05-14,08:15:24,2454234.84403,360.0,1.08,I,H,1210,1868,2020,optical_CD_header_logs/LOG_IGR J17191-2821.20070504thru20070525.csv,optical_CD_header_logs/,IGR J17191-2821,CD,,,IGRJ17191-2821,True,optical
rccd070511.0083.fits,IGR J17191-2821,17:19:14.78,-28:18:07.1,2007-05-12,09:06:36,2454232.87958,360.0,1.17,V,H,1210,1868,2020,optical_CD_header_logs/LOG_IGR J17191-2821.20070504thru20070525.csv,optical_CD_header_logs/,IGR J17191-2821,CD,,,IGRJ17191-2821,True,optical
rccd070511.0082.fits,IGR J17191-2821,17:19:14.83,-28:18:08.1,2007-05-12,08:59:41,2454232.87479,360.0,1.15,I,H,1210,1868,2020,optical_CD_header_logs/LOG_IGR J17191-2821.20070504thru20070525.csv,optical_CD_header_logs/,IGR J17191-2821,CD,,,IGRJ17191-2821,True,optical
rccd070510.0226.fits,IGR J17191-2821,17:19:14.70,-28:18:00.2,2007-05-11,08:00:54,2454231.83397,360.0,1.04,V,H,1210,1868,2020,optical_CD_header_logs/LOG_IGR J17191-2821.20070504thru20070525.csv,optical_CD_header_logs/,IGR J17191-2821,CD,,,IGRJ17191-2821,True,optical
rccd070510.0225.fits,IGR J17191-2821,17:19:14.72,-28:18:01.7,2007-05-11,07:54:00,2454231.82917,360.0,1.03,I,H,1210,1868,2020,optical_CD_header_logs/LOG_IGR J17191-2821.20070504thru20070525.csv,optical_CD_header_logs/,IGR J17191-2821,CD,,,IGRJ17191-2821,True,optical
rccd070509.0115.fits,IGR J17191-2821,17:19:14.85,-28:17:59.5,2007-05-10,08:41:37,2454230.86224,360.0,1.09,V,H,1210,1868,2020,optical_CD_header_logs/LOG_IGR J17191-2821.20070504thru20070525.csv,optical_CD_header_logs/,IGR J17191-2821,CD,,,IGRJ17191-2821,True,optical
rccd070509.0114.fits,IGR J17191-2821,17:19:14.69,-28:18:00.6,2007-05-10,08:34:43,2454230.85745,360.0,1.08,I,H,1210,1868,2020,optical_CD_header_logs/LOG_IGR J17191-2821.20070504thru20070525.csv,optical_CD_header_logs/,IGR J17191-2821,CD,,,IGRJ17191-2821,True,optical
rccd070503.0075.fits,IGR J17191-2821,17:19:14.69,-28:18:02.1,2007-05-04,07:04:56,2454224.79509,360.0,1.0,V,H,1210,1868,2020,optical_CD_header_logs/LOG_IGR J17191-2821.20070504thru20070525.csv,optical_CD_header_logs/,IGR J17191-2821,CD,,,IGRJ17191-2821,True,optical
rccd070503.0074.fits,IGR J17191-2821,17:19:14.73,-28:18:01.8,2007-05-04,06:58:01,2454224.7903,360.0,1.0,I,H,1210,1868,2020,optical_CD_header_logs/LOG_IGR J17191-2821.20070504thru20070525.csv,optical_CD_header_logs/,IGR J17191-2821,CD,,,IGRJ17191-2821,True,optical
rccd070520.0086.fits,IGR J17191-2821,17:19:14.72,-28:18:01.8,2007-05-21,07:35:11,2454241.8161,360.0,1.06,I,H,1210,1868,2020,optical_CD_header_logs/LOG_IGR J17191-2821.20070504thru20070525.csv,optical_CD_header_logs/,IGR J17191-2821,CD,,,IGRJ17191-2821,True,optical
rccd070521.0071.fits,IGR J17191-2821,17:19:14.74,-28:18:01.8,2007-05-22,06:43:20,2454242.7801,360.0,1.01,I,H,1210,1868,2020,optical_CD_header_logs/LOG_IGR J17191-2821.20070504thru20070525.csv,optical_CD_header_logs/,IGR J17191-2821,CD,,,IGRJ17191-2821,True,optical
rccd070521.0072.fits,IGR J17191-2821,17:19:14.81,-28:18:01.5,2007-05-22,06:50:15,2454242.7849,360.0,1.02,V,H,1210,1868,2020,optical_CD_header_logs/LOG_IGR J17191-2821.20070504thru20070525.csv,optical_CD_header_logs/,IGR J17191-2821,CD,,,IGRJ17191-2821,True,optical
rccdREPROC070524.0040.fits,IGR J17191-2821,17:19:13.48,-28:17:45.6,2007-05-25,07:28:38,2454245.81156,360.0,1.07,V,H,1210,1868,2020,optical_CD_header_logs/LOG_IGR J17191-2821.20070504thru20070525.csv,optical_CD_header_logs/,IGR J17191-2821,CD,,,IGRJ17191-2821,True,optical
rccd070524.0040.fits,IGR J17191-2821,17:19:13.48,-28:17:45.6,2007-05-25,07:28:38,2454245.81156,360.0,1.07,V,H,1210,1868,2020,optical_CD_header_logs/LOG_IGR J17191-2821.20070504thru20070525.csv,optical_CD_header_logs/,IGR J17191-2821,CD,,,IGRJ17191-2821,True,optical
rccd070524.0039.fits,IGR J17191-2821,17:19:13.42,-28:17:45.8,2007-05-25,07:21:44,2454245.80676,360.0,1.06,I,H,1210,1868,2020,optical_CD_header_logs/LOG_IGR J17191-2821.20070504thru20070525.csv,optical_CD_header_logs/,IGR J17191-2821,CD,,,IGRJ17191-2821,True,optical
rccdREPROC070524.0039.fits,IGR J17191-2821,17:19:13.42,-28:17:45.8,2007-05-25,07:21:44,2454245.80676,360.0,1.06,I,H,1210,1868,2020,optical_CD_header_logs/LOG_IGR J17191-2821.20070504thru20070525.csv,optical_CD_header_logs/,IGR J17191-2821,CD,,,IGRJ17191-2821,True,optical
rccd070523.0080.fits,IGR J17191-2821,17:19:14.75,-28:18:02.9,2007-05-24,05:40:57,2454244.73677,360.0,1.0,V,H,1290,1868,2020,optical_CD_header_logs/LOG_IGR J17191-2821.20070504thru20070525.csv,optical_CD_header_logs/,IGR J17191-2821,CD,,,IGRJ17191-2821,True,optical
rccd070523.0079.fits,IGR J17191-2821,17:19:14.72,-28:18:01.9,2007-05-24,05:34:02,2454244.73198,360.0,1.0,I,H,1290,1868,2020,optical_CD_header_logs/LOG_IGR J17191-2821.20070504thru20070525.csv,optical_CD_header_logs/,IGR J17191-2821,CD,,,IGRJ17191-2821,True,optical
rccd070522.0093.fits,IGR J17191-2821,17:19:14.89,-28:18:00.8,2007-05-23,07:55:06,2454243.82993,360.0,1.1,V,H,1210,1868,2020,optical_CD_header_logs/LOG_IGR J17191-2821.20070504thru20070525.csv,optical_CD_header_logs/,IGR J17191-2821,CD,,,IGRJ17191-2821,True,optical
rccd070522.0092.fits,IGR J17191-2821,17:19:14.78,-28:18:00.9,2007-05-23,07:48:12,2454243.82514,360.0,1.09,I,H,1210,1868,2020,optical_CD_header_logs/LOG_IGR J17191-2821.20070504thru20070525.csv,optical_CD_header_logs/,IGR J17191-2821,CD,,,IGRJ17191-2821,True,optical
ir070523.0248,IGR J17191-2821,17:19:14.7,-28:18:02,2007-05-24,05:34:45,2454244.7325,30.0,1.0,H,H,,,,missingreplog_IGRJ17191-2821.csv,,,Data replog,,,IGRJ17191-2821,True,IR
ir070523.0259,IGR J17191-2821,17:19:14.7,-28:18:02,2007-05-24,05:43:59,2454244.7389,30.0,1.0,H,H,,,,missingreplog_IGRJ17191-2821.csv,,,Data replog,,,IGRJ17191-2821,True,IR
ir070523.0258,IGR J17191-2821,17:19:14.7,-28:18:02,2007-05-24,05:43:14,2454244.7384,30.1,1.0,H,H,,,,missingreplog_IGRJ17191-2821.csv,,,Data replog,,,IGRJ17191-2821,True,IR
ir070523.0257,IGR J17191-2821,17:19:14.7,-28:18:02,2007-05-24,05:42:29,2454244.7378,30.1,1.0,H,H,,,,missingreplog_IGRJ17191-2821.csv,,,Data replog,,,IGRJ17191-2821,True,IR
ir070523.0256,IGR J17191-2821,17:19:14.7,-28:18:02,2007-05-24,05:41:43,2454244.7373,30.0,1.0,H,H,,,,missingreplog_IGRJ17191-2821.csv,,,Data replog,,,IGRJ17191-2821,True,IR
ir070523.0255,IGR J17191-2821,17:19:14.7,-28:18:02,2007-05-24,05:40:54,2454244.7367,30.1,1.0,H,H,,,,missingreplog_IGRJ17191-2821.csv,,,Data replog,,,IGRJ17191-2821,True,IR
ir070523.0254,IGR J17191-2821,17:19:14.7,-28:18:02,2007-05-24,05:39:20,2454244.7357,30.1,1.0,H,H,,,,missingreplog_IGRJ17191-2821.csv,,,Data replog,,,IGRJ17191-2821,True,IR
ir070523.0253,IGR J17191-2821,17:19:14.7,-28:18:02,2007-05-24,05:38:35,2454244.7351,30.0,1.0,H,H,,,,missingreplog_IGRJ17191-2821.csv,,,Data replog,,,IGRJ17191-2821,True,IR
ir070523.0252,IGR J17191-2821,17:19:14.7,-28:18:02,2007-05-24,05:37:50,2454244.7346,30.0,1.0,H,H,,,,missingreplog_IGRJ17191-2821.csv,,,Data replog,,,IGRJ17191-2821,True,IR
ir070523.0251,IGR J17191-2821,17:19:14.7,-28:18:02,2007-05-24,05:37:05,2454244.7341,30.1,1.0,H,H,,,,missingreplog_IGRJ17191-2821.csv,,,Data replog,,,IGRJ17191-2821,True,IR
ir070523.0250,IGR J17191-2821,17:19:14.7,-28:18:02,2007-05-24,05:36:20,2454244.7336,30.1,1.0,H,H,,,,missingreplog_IGRJ17191-2821.csv,,,Data replog,,,IGRJ17191-2821,True,IR
ir070523.0249,IGR J17191-2821,17:19:14.7,-28:18:02,2007-05-24,05:35:30,2454244.733,30.0,1.0,H,H,,,,missingreplog_IGRJ17191-2821.csv,,,Data replog,,,IGRJ17191-2821,True,IR
ir070523.0247,IGR J17191-2821,17:19:14.7,-28:18:01,2007-05-24,05:34:00,2454244.7319,30.1,1.0,H,H,,,,missingreplog_IGRJ17191-2821.csv,,,Data replog,,,IGRJ17191-2821,True,IR
ir070522.0261,IGR J17191-2821,17:19:14.8,-28:18:01,2007-05-23,07:50:24,2454243.8267,30.1,1.09,H,H,,,,missingreplog_IGRJ17191-2821.csv,,,Data replog,,,IGRJ17191-2821,True,IR
ir070522.0273,IGR J17191-2821,17:19:14.9,-28:18:01,2007-05-23,08:00:19,2454243.8336,30.1,1.11,H,H,,,,missingreplog_IGRJ17191-2821.csv,,,Data replog,,,IGRJ17191-2821,True,IR
ir070522.0272,IGR J17191-2821,17:19:14.9,-28:18:01,2007-05-23,07:59:34,2454243.833,30.0,1.11,H,H,,,,missingreplog_IGRJ17191-2821.csv,,,Data replog,,,IGRJ17191-2821,True,IR
ir070522.0271,IGR J17191-2821,17:19:14.8,-28:18:01,2007-05-23,07:58:49,2454243.8325,30.0,1.11,H,H,,,,missingreplog_IGRJ17191-2821.csv,,,Data replog,,,IGRJ17191-2821,True,IR
ir070522.0270,IGR J17191-2821,17:19:14.9,-28:18:01,2007-05-23,07:58:03,2454243.832,30.1,1.11,H,H,,,,missingreplog_IGRJ17191-2821.csv,,,Data replog,,,IGRJ17191-2821,True,IR
ir070522.0269,IGR J17191-2821,17:19:14.8,-28:18:01,2007-05-23,07:57:18,2454243.8315,30.0,1.11,H,H,,,,missingreplog_IGRJ17191-2821.csv,,,Data replog,,,IGRJ17191-2821,True,IR
ir070522.0268,IGR J17191-2821,17:19:14.9,-28:18:01,2007-05-23,07:56:33,2454243.8309,30.1,1.11,H,H,,,,missingreplog_IGRJ17191-2821.csv,,,Data replog,,,IGRJ17191-2821,True,IR
ir070522.0267,IGR J17191-2821,17:19:14.9,-28:18:01,2007-05-23,07:55:48,2454243.8304,30.1,1.1,H,H,,,,missingreplog_IGRJ17191-2821.csv,,,Data replog,,,IGRJ17191-2821,True,IR
ir070522.0266,IGR J17191-2821,17:19:14.8,-28:18:00,2007-05-23,07:55:03,2454243.8299,30.0,1.1,H,H,,,,missingreplog_IGRJ17191-2821.csv,,,Data replog,,,IGRJ17191-2821,True,IR
ir070522.0265,IGR J17191-2821,17:19:14.8,-28:18:00,2007-05-23,07:53:25,2454243.8288,30.0,1.1,H,H,,,,missingreplog_IGRJ17191-2821.csv,,,Data replog,,,IGRJ17191-2821,True,IR
ir070522.0264,IGR J17191-2821,17:19:14.8,-28:18:01,2007-05-23,07:52:40,2454243.8282,30.0,1.1,H,H,,,,missingreplog_IGRJ17191-2821.csv,,,Data replog,,,IGRJ17191-2821,True,IR
ir070522.0263,IGR J17191-2821,17:19:14.8,-28:18:00,2007-05-23,07:51:55,2454243.8277,30.1,1.1,H,H,,,,missingreplog_IGRJ17191-2821.csv,,,Data replog,,,IGRJ17191-2821,True,IR
ir070523.0260,IGR J17191-2821,17:19:14.7,-28:18:02,2007-05-24,05:44:44,2454244.7394,30.1,1.0,H,H,,,,missingreplog_IGRJ17191-2821.csv,,,Data replog,,,IGRJ17191-2821,True,IR
ir070523.0261,IGR J17191-2821,17:19:14.6,-28:18:03,2007-05-24,05:45:30,2454244.7399,30.1,1.0,H,H,,,,missingreplog_IGRJ17191-2821.csv,,,Data replog,,,IGRJ17191-2821,True,IR
ir070523.0262,IGR J17191-2821,17:19:14.6,-28:18:03,2007-05-24,05:46:15,2454244.7404,30.0,1.0,H,H,,,,missingreplog_IGRJ17191-2821.csv,,,Data replog,,,IGRJ17191-2821,True,IR
ir070524.0136,IGR J17191-2821,17:19:13.4,-28:17:45,2007-05-25,07:21:41,2454245.8067,30.1,1.06,H,H,,,,missingreplog_IGRJ17191-2821.csv,,,Data replog,,,IGRJ17191-2821,True,IR
ir070524.0151,IGR J17191-2821,17:19:13.5,-28:17:46,2007-05-25,07:33:52,2454245.8152,30.1,1.08,H,H,,,,missingreplog_IGRJ17191-2821.csv,,,Data replog,,,IGRJ17191-2821,True,IR
ir070524.0150,IGR J17191-2821,17:19:13.5,-28:17:46,2007-05-25,07:33:06,2454245.8147,30.0,1.08,H,H,,,,missingreplog_IGRJ17191-2821.csv,,,Data replog,,,IGRJ17191-2821,True,IR
ir070524.0149,IGR J17191-2821,17:19:13.5,-28:17:46,2007-05-25,07:32:21,2454245.8141,30.1,1.08,H,H,,,,missingreplog_IGRJ17191-2821.csv,,,Data replog,,,IGRJ17191-2821,True,IR
ir070524.0148,IGR J17191-2821,17:19:13.5,-28:17:46,2007-05-25,07:31:36,2454245.8136,30.0,1.08,H,H,,,,missingreplog_IGRJ17191-2821.csv,,,Data replog,,,IGRJ17191-2821,True,IR
ir070524.0147,IGR J17191-2821,17:19:13.5,-28:17:46,2007-05-25,07:30:51,2454245.8131,30.0,1.07,H,H,,,,missingreplog_IGRJ17191-2821.csv,,,Data replog,,,IGRJ17191-2821,True,IR
ir070524.0146,IGR J17191-2821,17:19:13.5,-28:17:46,2007-05-25,07:30:06,2454245.8126,30.0,1.07,H,H,,,,missingreplog_IGRJ17191-2821.csv,,,Data replog,,,IGRJ17191-2821,True,IR
ir070524.0145,IGR J17191-2821,17:19:13.5,-28:17:45,2007-05-25,07:29:20,2454245.812,30.1,1.07,H,H,,,,missingreplog_IGRJ17191-2821.csv,,,Data replog,,,IGRJ17191-2821,True,IR
ir070524.0144,IGR J17191-2821,17:19:13.4,-28:17:45,2007-05-25,07:28:35,2454245.8115,30.1,1.07,H,H,,,,missingreplog_IGRJ17191-2821.csv,,,Data replog,,,IGRJ17191-2821,True,IR
ir070524.0143,IGR J17191-2821,17:19:13.4,-28:17:45,2007-05-25,07:26:57,2454245.8104,30.1,1.07,H,H,,,,missingreplog_IGRJ17191-2821.csv,,,Data replog,,,IGRJ17191-2821,True,IR
ir070524.0142,IGR J17191-2821,17:19:13.4,-28:17:45,2007-05-25,07:26:12,2454245.8099,30.0,1.07,H,H,,,,missingreplog_IGRJ17191-2821.csv,,,Data replog,,,IGRJ17191-2821,True,IR
ir070524.0141,IGR J17191-2821,17:19:13.4,-28:17:45,2007-05-25,07:25:27,2454245.8094,30.0,1.07,H,H,,,,missingreplog_IGRJ17191-2821.csv,,,Data replog,,,IGRJ17191-2821,True,IR
ir070524.0140,IGR J17191-2821,17:19:13.4,-28:17:45,2007-05-25,07:24:42,2454245.8088,30.0,1.06,H,H,,,,missingreplog_IGRJ17191-2821.csv,,,Data replog,,,IGRJ17191-2821,True,IR
ir070524.0139,IGR J17191-2821,17:19:13.4,-28:17:45,2007-05-25,07:23:57,2454245.8083,30.0,1.06,H,H,,,,missingreplog_IGRJ17191-2821.csv,,,Data replog,,,IGRJ17191-2821,True,IR
ir070524.0138,IGR J17191-2821,17:19:13.4,-28:17:45,2007-05-25,07:23:12,2454245.8078,30.1,1.06,H,H,,,,missingreplog_IGRJ17191-2821.csv,,,Data replog,,,IGRJ17191-2821,True,IR
ir070524.0137,IGR J17191-2821,17:19:13.4,-28:17:45,2007-05-25,07:22:26,2454245.8073,30.0,1.06,H,H,,,,missingreplog_IGRJ17191-2821.csv,,,Data replog,,,IGRJ17191-2821,True,IR
ir070522.0262,IGR J17191-2821,17:19:14.8,-28:18:00,2007-05-23,07:51:09,2454243.8272,30.0,1.1,H,H,,,,missingreplog_IGRJ17191-2821.csv,,,Data replog,,,IGRJ17191-2821,True,IR
ir070522.0260,IGR J17191-2821,17:19:14.8,-28:18:00,2007-05-23,07:49:39,2454243.8262,30.1,1.09,H,H,,,,missingreplog_IGRJ17191-2821.csv,,,Data replog,,,IGRJ17191-2821,True,IR
ir070519.0222,IGR J17191-2821,17:19:14.8,-28:18:00,2007-05-20,07:46:15,2454240.8238,30.1,1.07,H,H,,,,missingreplog_IGRJ17191-2821.csv,,,Data replog,,,IGRJ17191-2821,True,IR
ir070520.0245,IGR J17191-2821,17:19:14.8,-28:18:01,2007-05-21,07:42:47,2454241.8214,30.1,1.07,H,H,,,,missingreplog_IGRJ17191-2821.csv,,,Data replog,,,IGRJ17191-2821,True,IR
ir070520.0244,IGR J17191-2821,17:19:14.7,-28:18:00,2007-05-21,07:42:02,2454241.8209,30.1,1.07,H,H,,,,missingreplog_IGRJ17191-2821.csv,,,Data replog,,,IGRJ17191-2821,True,IR
ir070520.0243,IGR J17191-2821,17:19:14.7,-28:18:00,2007-05-21,07:40:24,2454241.8197,30.0,1.06,H,H,,,,missingreplog_IGRJ17191-2821.csv,,,Data replog,,,IGRJ17191-2821,True,IR
ir070520.0242,IGR J17191-2821,17:19:14.7,-28:18:01,2007-05-21,07:39:39,2454241.8192,30.0,1.06,H,H,,,,missingreplog_IGRJ17191-2821.csv,,,Data replog,,,IGRJ17191-2821,True,IR
ir070520.0241,IGR J17191-2821,17:19:14.7,-28:18:01,2007-05-21,07:38:54,2454241.8187,30.0,1.06,H,H,,,,missingreplog_IGRJ17191-2821.csv,,,Data replog,,,IGRJ17191-2821,True,IR
ir070520.0240,IGR J17191-2821,17:19:14.7,-28:18:01,2007-05-21,07:38:09,2454241.8182,30.1,1.06,H,H,,,,missingreplog_IGRJ17191-2821.csv,,,Data replog,,,IGRJ17191-2821,True,IR
ir070520.0239,IGR J17191-2821,17:19:14.7,-28:18:01,2007-05-21,07:37:24,2454241.8176,30.1,1.06,H,H,,,,missingreplog_IGRJ17191-2821.csv,,,Data replog,,,IGRJ17191-2821,True,IR
ir070520.0238,IGR J17191-2821,17:19:14.7,-28:18:01,2007-05-21,07:36:39,2454241.8171,30.0,1.06,H,H,,,,missingreplog_IGRJ17191-2821.csv,,,Data replog,,,IGRJ17191-2821,True,IR
ir070520.0237,IGR J17191-2821,17:19:14.7,-28:18:01,2007-05-21,07:35:53,2454241.8166,30.1,1.06,H,H,,,,missingreplog_IGRJ17191-2821.csv,,,Data replog,,,IGRJ17191-2821,True,IR
ir070520.0236,IGR J17191-2821,17:19:14.7,-28:18:01,2007-05-21,07:35:08,2454241.8161,30.0,1.06,H,H,,,,missingreplog_IGRJ17191-2821.csv,,,Data replog,,,IGRJ17191-2821,True,IR
ir070519.0223,IGR J17191-2821,17:19:14.8,-28:18:00,2007-05-20,07:47:01,2454240.8243,30.0,1.07,H,H,,,,missingreplog_IGRJ17191-2821.csv,,,Data replog,,,IGRJ17191-2821,True,IR
ir070519.0221,IGR J17191-2821,17:19:14.8,-28:18:00,2007-05-20,07:45:30,2454240.8233,30.1,1.07,H,H,,,,missingreplog_IGRJ17191-2821.csv,,,Data replog,,,IGRJ17191-2821,True,IR
ir070522.0259,IGR J17191-2821,17:19:14.8,-28:18:01,2007-05-23,07:48:54,2454243.8256,30.0,1.09,H,H,,,,missingreplog_IGRJ17191-2821.csv,,,Data replog,,,IGRJ17191-2821,True,IR
ir070519.0220,IGR J17191-2821,17:19:14.8,-28:18:00,2007-05-20,07:44:45,2454240.8227,30.0,1.07,H,H,,,,missingreplog_IGRJ17191-2821.csv,,,Data replog,,,IGRJ17191-2821,True,IR
ir070519.0219,IGR J17191-2821,17:19:14.7,-28:17:59,2007-05-20,07:44:00,2454240.8222,30.0,1.06,H,H,,,,missingreplog_IGRJ17191-2821.csv,,,Data replog,,,IGRJ17191-2821,True,IR
ir070519.0218,IGR J17191-2821,17:19:14.7,-28:18:00,2007-05-20,07:43:15,2454240.8217,30.0,1.06,H,H,,,,missingreplog_IGRJ17191-2821.csv,,,Data replog,,,IGRJ17191-2821,True,IR
ir070519.0217,IGR J17191-2821,17:19:14.7,-28:17:59,2007-05-20,07:42:29,2454240.8212,30.0,1.06,H,H,,,,missingreplog_IGRJ17191-2821.csv,,,Data replog,,,IGRJ17191-2821,True,IR
ir070519.0216,IGR J17191-2821,17:19:14.7,-28:18:00,2007-05-20,07:41:44,2454240.8207,30.0,1.06,H,H,,,,missingreplog_IGRJ17191-2821.csv,,,Data replog,,,IGRJ17191-2821,True,IR
ir070519.0215,IGR J17191-2821,17:19:14.7,-28:18:00,2007-05-20,07:40:10,2454240.8196,30.1,1.06,H,H,,,,missingreplog_IGRJ17191-2821.csv,,,Data replog,,,IGRJ17191-2821,True,IR
ir070519.0214,IGR J17191-2821,17:19:14.7,-28:18:00,2007-05-20,07:39:25,2454240.8191,30.1,1.06,H,H,,,,missingreplog_IGRJ17191-2821.csv,,,Data replog,,,IGRJ17191-2821,True,IR
ir070519.0213,IGR J17191-2821,17:19:14.7,-28:18:00,2007-05-20,07:38:40,2454240.8185,30.0,1.06,H,H,,,,missingreplog_IGRJ17191-2821.csv,,,Data replog,,,IGRJ17191-2821,True,IR
ir070519.0212,IGR J17191-2821,17:19:14.7,-28:18:00,2007-05-20,07:37:51,2454240.818,30.1,1.06,H,H,,,,missingreplog_IGRJ17191-2821.csv,,,Data replog,,,IGRJ17191-2821,True,IR
ir070519.0211,IGR J17191-2821,17:19:14.7,-28:18:00,2007-05-20,07:37:06,2454240.8174,30.1,1.05,H,H,,,,missingreplog_IGRJ17191-2821.csv,,,Data replog,,,IGRJ17191-2821,True,IR
ir070519.0210,IGR J17191-2821,17:19:14.7,-28:18:01,2007-05-20,07:36:20,2454240.8169,30.0,1.05,H,H,,,,missingreplog_IGRJ17191-2821.csv,,,Data replog,,,IGRJ17191-2821,True,IR
ir070520.0246,IGR J17191-2821,17:19:14.8,-28:18:01,2007-05-21,07:43:33,2454241.8219,30.0,1.07,H,H,,,,missingreplog_IGRJ17191-2821.csv,,,Data replog,,,IGRJ17191-2821,True,IR
ir070520.0247,IGR J17191-2821,17:19:14.8,-28:18:01,2007-05-21,07:44:18,2454241.8224,30.0,1.07,H,H,,,,missingreplog_IGRJ17191-2821.csv,,,Data replog,,,IGRJ17191-2821,True,IR
ir070520.0248,IGR J17191-2821,17:19:14.8,-28:18:01,2007-05-21,07:45:03,2454241.823,30.0,1.07,H,H,,,,missingreplog_IGRJ17191-2821.csv,,,Data replog,,,IGRJ17191-2821,True,IR
ir070520.0249,IGR J17191-2821,17:19:14.8,-28:18:01,2007-05-21,07:45:48,2454241.8235,30.0,1.07,H,H,,,,missingreplog_IGRJ17191-2821.csv,,,Data replog,,,IGRJ17191-2821,True,IR
ir070522.0258,IGR J17191-2821,17:19:14.7,-28:18:00,2007-05-23,07:48:09,2454243.8251,30.0,1.09,H,H,,,,missingreplog_IGRJ17191-2821.csv,,,Data replog,,,IGRJ17191-2821,True,IR
ir070522.0257,IGR J17191-2821,17:19:14.7,-28:18:01,2007-05-23,07:46:09,2454243.8237,30.1,1.09,H,H,,,,missingreplog_IGRJ17191-2821.csv,,,Data replog,,,IGRJ17191-2821,True,IR
ir070522.0256,IGR J17191-2821,17:19:14.7,-28:18:01,2007-05-23,07:45:24,2454243.8232,30.0,1.09,H,H,,,,missingreplog_IGRJ17191-2821.csv,,,Data replog,,,IGRJ17191-2821,True,IR
ir070522.0255,IGR J17191-2821,17:19:14.7,-28:18:01,2007-05-23,07:44:39,2454243.8227,30.0,1.08,H,H,,,,missingreplog_IGRJ17191-2821.csv,,,Data replog,,,IGRJ17191-2821,True,IR
ir070522.0254,IGR J17191-2821,17:19:14.7,-28:18:01,2007-05-23,07:43:53,2454243.8221,30.1,1.08,H,H,,,,missingreplog_IGRJ17191-2821.csv,,,Data replog,,,IGRJ17191-2821,True,IR
ir070521.0203,IGR J17191-2821,17:19:14.8,-28:18:01,2007-05-22,06:55:28,2454242.7885,30.0,1.02,H,H,,,,missingreplog_IGRJ17191-2821.csv,,,Data replog,,,IGRJ17191-2821,True,IR
ir070521.0202,IGR J17191-2821,17:19:14.8,-28:18:01,2007-05-22,06:54:43,2454242.788,30.0,1.02,H,H,,,,missingreplog_IGRJ17191-2821.csv,,,Data replog,,,IGRJ17191-2821,True,IR
ir070521.0201,IGR J17191-2821,17:19:14.8,-28:18:01,2007-05-22,06:53:58,2454242.7875,30.1,1.02,H,H,,,,missingreplog_IGRJ17191-2821.csv,,,Data replog,,,IGRJ17191-2821,True,IR
ir070521.0200,IGR J17191-2821,17:19:14.8,-28:18:01,2007-05-22,06:53:12,2454242.787,30.0,1.02,H,H,,,,missingreplog_IGRJ17191-2821.csv,,,Data replog,,,IGRJ17191-2821,True,IR
ir070521.0199,IGR J17191-2821,17:19:14.8,-28:18:01,2007-05-22,06:52:27,2454242.7864,30.0,1.02,H,H,,,,missingreplog_IGRJ17191-2821.csv,,,Data replog,,,IGRJ17191-2821,True,IR
ir070521.0198,IGR J17191-2821,17:19:14.8,-28:18:01,2007-05-22,06:51:42,2454242.7859,30.0,1.02,H,H,,,,missingreplog_IGRJ17191-2821.csv,,,Data replog,,,IGRJ17191-2821,True,IR
ir070521.0197,IGR J17191-2821,17:19:14.8,-28:18:01,2007-05-22,06:50:57,2454242.7854,30.0,1.02,H,H,,,,missingreplog_IGRJ17191-2821.csv,,,Data replog,,,IGRJ17191-2821,True,IR
ir070521.0196,IGR J17191-2821,17:19:14.8,-28:18:01,2007-05-22,06:50:12,2454242.7849,30.0,1.02,H,H,,,,missingreplog_IGRJ17191-2821.csv,,,Data replog,,,IGRJ17191-2821,True,IR
ir070521.0195,IGR J17191-2821,17:19:14.8,-28:18:01,2007-05-22,06:48:34,2454242.7837,30.0,1.01,H,H,,,,missingreplog_IGRJ17191-2821.csv,,,Data replog,,,IGRJ17191-2821,True,IR
ir070521.0194,IGR J17191-2821,17:19:14.8,-28:18:01,2007-05-22,06:47:49,2454242.7832,30.0,1.01,H,H,,,,missingreplog_IGRJ17191-2821.csv,,,Data replog,,,IGRJ17191-2821,True,IR
ir070521.0193,IGR J17191-2821,17:19:14.8,-28:18:01,2007-05-22,06:47:04,2454242.7827,30.0,1.01,H,H,,,,missingreplog_IGRJ17191-2821.csv,,,Data replog,,,IGRJ17191-2821,True,IR
ir070521.0192,IGR J17191-2821,17:19:14.8,-28:18:01,2007-05-22,06:46:18,2454242.7822,30.0,1.01,H,H,,,,missingreplog_IGRJ17191-2821.csv,,,Data replog,,,IGRJ17191-2821,True,IR
ir070521.0191,IGR J17191-2821,17:19:14.8,-28:18:01,2007-05-22,06:45:33,2454242.7816,30.0,1.01,H,H,,,,missingreplog_IGRJ17191-2821.csv,,,Data replog,,,IGRJ17191-2821,True,IR
ir070521.0190,IGR J17191-2821,17:19:14.7,-28:18:01,2007-05-22,06:44:48,2454242.7811,30.1,1.01,H,H,,,,missingreplog_IGRJ17191-2821.csv,,,Data replog,,,IGRJ17191-2821,True,IR
ir070521.0189,IGR J17191-2821,17:19:14.7,-28:18:01,2007-05-22,06:44:03,2454242.7806,30.1,1.01,H,H,,,,missingreplog_IGRJ17191-2821.csv,,,Data replog,,,IGRJ17191-2821,True,IR
ir070521.0188,IGR J17191-2821,17:19:14.7,-28:18:02,2007-05-22,06:43:18,2454242.7801,30.0,1.01,H,H,,,,missingreplog_IGRJ17191-2821.csv,,,Data replog,,,IGRJ17191-2821,True,IR
ir070520.0251,IGR J17191-2821,17:19:14.8,-28:18:02,2007-05-21,07:47:19,2454241.8245,30.0,1.08,H,H,,,,missingreplog_IGRJ17191-2821.csv,,,Data replog,,,IGRJ17191-2821,True,IR
ir070520.0250,IGR J17191-2821,17:19:14.8,-28:18:02,2007-05-21,07:46:34,2454241.824,30.0,1.07,H,H,,,,missingreplog_IGRJ17191-2821.csv,,,Data replog,,,IGRJ17191-2821,True,IR
ir070519.0209,IGR J17191-2821,17:19:14.7,-28:18:01,2007-05-20,07:35:35,2454240.8164,30.0,1.05,H,H,,,,missingreplog_IGRJ17191-2821.csv,,,Data replog,,,IGRJ17191-2821,True,IR
ir070519.0208,IGR J17191-2821,17:19:14.7,-28:18:01,2007-05-20,07:34:50,2454240.8159,30.1,1.05,H,H,,,,missingreplog_IGRJ17191-2821.csv,,,Data replog,,,IGRJ17191-2821,True,IR
ir070518.0260,IGR J17191-2821,17:19:14.7,-28:17:59,2007-05-19,07:39:52,2454239.8194,30.1,1.05,H,H,,,,missingreplog_IGRJ17191-2821.csv,,,Data replog,,,IGRJ17191-2821,True,IR
ir070511.0253,IGR J17191-2821,17:19:14.8,-28:18:08,2007-05-12,08:59:39,2454232.8748,30.1,1.15,H,H,,,,missingreplog_IGRJ17191-2821.csv,,,Data replog,,,IGRJ17191-2821,True,IR
ir070518.0259,IGR J17191-2821,17:19:14.7,-28:17:59,2007-05-19,07:39:07,2454239.8188,30.0,1.05,H,H,,,,missingreplog_IGRJ17191-2821.csv,,,Data replog,,,IGRJ17191-2821,True,IR
ir070511.0254,IGR J17191-2821,17:19:14.7,-28:18:07,2007-05-12,09:00:24,2454232.8753,30.1,1.15,H,H,,,,missingreplog_IGRJ17191-2821.csv,,,Data replog,,,IGRJ17191-2821,True,IR
ir070511.0255,IGR J17191-2821,17:19:14.7,-28:18:07,2007-05-12,09:01:09,2454232.8758,30.1,1.15,H,H,,,,missingreplog_IGRJ17191-2821.csv,,,Data replog,,,IGRJ17191-2821,True,IR
ir070511.0256,IGR J17191-2821,17:19:14.8,-28:18:07,2007-05-12,09:01:54,2454232.8763,30.1,1.16,H,H,,,,missingreplog_IGRJ17191-2821.csv,,,Data replog,,,IGRJ17191-2821,True,IR
ir070513.0251,IGR J17191-2821,17:19:14.9,-28:18:08,2007-05-14,08:20:37,2454234.8477,30.1,1.08,H,H,,,,missingreplog_IGRJ17191-2821.csv,,,Data replog,,,IGRJ17191-2821,True,IR
ir070514.0235,IGR J17191-2821,17:19:14.5,-28:18:08,2007-05-15,08:30:42,2454235.8547,30.1,1.11,H,H,,,,missingreplog_IGRJ17191-2821.csv,,,Data replog,,,IGRJ17191-2821,True,IR
ir070514.0234,IGR J17191-2821,17:19:14.6,-28:18:08,2007-05-15,08:29:57,2454235.8541,30.0,1.11,H,H,,,,missingreplog_IGRJ17191-2821.csv,,,Data replog,,,IGRJ17191-2821,True,IR
ir070514.0233,IGR J17191-2821,17:19:14.6,-28:18:08,2007-05-15,08:29:12,2454235.8536,30.0,1.11,H,H,,,,missingreplog_IGRJ17191-2821.csv,,,Data replog,,,IGRJ17191-2821,True,IR
ir070513.0259,IGR J17191-2821,17:19:14.9,-28:18:08,2007-05-14,08:27:31,2454234.8525,30.1,1.1,H,H,,,,missingreplog_IGRJ17191-2821.csv,,,Data replog,,,IGRJ17191-2821,True,IR
ir070513.0258,IGR J17191-2821,17:19:14.9,-28:18:08,2007-05-14,08:26:46,2454234.8519,30.1,1.1,H,H,,,,missingreplog_IGRJ17191-2821.csv,,,Data replog,,,IGRJ17191-2821,True,IR
ir070513.0257,IGR J17191-2821,17:19:14.9,-28:18:08,2007-05-14,08:26:01,2454234.8514,30.0,1.09,H,H,,,,missingreplog_IGRJ17191-2821.csv,,,Data replog,,,IGRJ17191-2821,True,IR
ir070513.0256,IGR J17191-2821,17:19:14.9,-28:18:08,2007-05-14,08:25:16,2454234.8509,30.0,1.09,H,H,,,,missingreplog_IGRJ17191-2821.csv,,,Data replog,,,IGRJ17191-2821,True,IR
ir070513.0255,IGR J17191-2821,17:19:14.9,-28:18:08,2007-05-14,08:24:31,2454234.8504,30.0,1.09,H,H,,,,missingreplog_IGRJ17191-2821.csv,,,Data replog,,,IGRJ17191-2821,True,IR
ir070513.0254,IGR J17191-2821,17:19:14.9,-28:18:07,2007-05-14,08:23:45,2454234.8498,30.1,1.09,H,H,,,,missingreplog_IGRJ17191-2821.csv,,,Data replog,,,IGRJ17191-2821,True,IR
ir070513.0253,IGR J17191-2821,17:19:14.9,-28:18:08,2007-05-14,08:23:00,2454234.8493,30.1,1.09,H,H,,,,missingreplog_IGRJ17191-2821.csv,,,Data replog,,,IGRJ17191-2821,True,IR
ir070513.0252,IGR J17191-2821,17:19:14.9,-28:18:08,2007-05-14,08:22:15,2454234.8488,30.1,1.09,H,H,,,,missingreplog_IGRJ17191-2821.csv,,,Data replog,,,IGRJ17191-2821,True,IR
ir070513.0250,IGR J17191-2821,17:19:14.9,-28:18:08,2007-05-14,08:19:52,2454234.8471,30.0,1.08,H,H,,,,missingreplog_IGRJ17191-2821.csv,,,Data replog,,,IGRJ17191-2821,True,IR
ir070511.0257,IGR J17191-2821,17:19:14.8,-28:18:07,2007-05-12,09:02:40,2454232.8769,30.1,1.16,H,H,,,,missingreplog_IGRJ17191-2821.csv,,,Data replog,,,IGRJ17191-2821,True,IR
ir070513.0249,IGR J17191-2821,17:19:14.9,-28:18:08,2007-05-14,08:19:07,2454234.8466,30.0,1.08,H,H,,,,missingreplog_IGRJ17191-2821.csv,,,Data replog,,,IGRJ17191-2821,True,IR
ir070513.0248,IGR J17191-2821,17:19:14.9,-28:18:08,2007-05-14,08:18:22,2454234.8461,30.1,1.08,H,H,,,,missingreplog_IGRJ17191-2821.csv,,,Data replog,,,IGRJ17191-2821,True,IR
ir070513.0247,IGR J17191-2821,17:19:14.8,-28:18:08,2007-05-14,08:17:37,2454234.8456,30.1,1.08,H,H,,,,missingreplog_IGRJ17191-2821.csv,,,Data replog,,,IGRJ17191-2821,True,IR
ir070513.0246,IGR J17191-2821,17:19:14.9,-28:18:08,2007-05-14,08:16:52,2454234.8451,30.0,1.08,H,H,,,,missingreplog_IGRJ17191-2821.csv,,,Data replog,,,IGRJ17191-2821,True,IR
ir070513.0245,IGR J17191-2821,17:19:14.8,-28:18:07,2007-05-14,08:16:06,2454234.8445,30.1,1.08,H,H,,,,missingreplog_IGRJ17191-2821.csv,,,Data replog,,,IGRJ17191-2821,True,IR
ir070513.0244,IGR J17191-2821,17:19:14.9,-28:18:08,2007-05-14,08:15:21,2454234.844,30.1,1.08,H,H,,,,missingreplog_IGRJ17191-2821.csv,,,Data replog,,,IGRJ17191-2821,True,IR
ir070510.0495,IGR J17191-2821,17:19:14.6,-28:17:59,2007-05-11,08:06:12,2454231.8376,30.0,1.05,H,H,,,,missingreplog_IGRJ17191-2821.csv,,,Data replog,,,IGRJ17191-2821,True,IR
ir070510.0494,IGR J17191-2821,17:19:14.7,-28:17:59,2007-05-11,08:05:27,2454231.8371,30.0,1.05,H,H,,,,missingreplog_IGRJ17191-2821.csv,,,Data replog,,,IGRJ17191-2821,True,IR
ir070510.0493,IGR J17191-2821,17:19:14.7,-28:17:59,2007-05-11,08:04:42,2454231.8366,30.0,1.04,H,H,,,,missingreplog_IGRJ17191-2821.csv,,,Data replog,,,IGRJ17191-2821,True,IR
ir070510.0492,IGR J17191-2821,17:19:14.6,-28:17:59,2007-05-11,08:03:56,2454231.8361,30.1,1.04,H,H,,,,missingreplog_IGRJ17191-2821.csv,,,Data replog,,,IGRJ17191-2821,True,IR
ir070510.0491,IGR J17191-2821,17:19:14.6,-28:18:00,2007-05-11,08:03:11,2454231.8355,30.1,1.04,H,H,,,,missingreplog_IGRJ17191-2821.csv,,,Data replog,,,IGRJ17191-2821,True,IR
ir070514.0236,IGR J17191-2821,17:19:14.5,-28:18:08,2007-05-15,08:31:28,2454235.8552,30.0,1.11,H,H,,,,missingreplog_IGRJ17191-2821.csv,,,Data replog,,,IGRJ17191-2821,True,IR
ir070514.0237,IGR J17191-2821,17:19:14.5,-28:18:08,2007-05-15,08:32:13,2454235.8557,30.1,1.11,H,H,,,,missingreplog_IGRJ17191-2821.csv,,,Data replog,,,IGRJ17191-2821,True,IR
ir070514.0238,IGR J17191-2821,17:19:14.5,-28:18:09,2007-05-15,08:32:58,2454235.8562,30.0,1.12,H,H,,,,missingreplog_IGRJ17191-2821.csv,,,Data replog,,,IGRJ17191-2821,True,IR
ir070514.0239,IGR J17191-2821,17:19:14.5,-28:18:09,2007-05-15,08:33:43,2454235.8567,30.0,1.12,H,H,,,,missingreplog_IGRJ17191-2821.csv,,,Data replog,,,IGRJ17191-2821,True,IR
ir070518.0258,IGR J17191-2821,17:19:14.7,-28:17:59,2007-05-19,07:38:22,2454239.8183,30.1,1.05,H,H,,,,missingreplog_IGRJ17191-2821.csv,,,Data replog,,,IGRJ17191-2821,True,IR
ir070518.0257,IGR J17191-2821,17:19:14.7,-28:17:59,2007-05-19,07:37:37,2454239.8178,30.0,1.05,H,H,,,,missingreplog_IGRJ17191-2821.csv,,,Data replog,,,IGRJ17191-2821,True,IR
ir070518.0256,IGR J17191-2821,17:19:14.7,-28:17:59,2007-05-19,07:36:52,2454239.8173,30.0,1.05,H,H,,,,missingreplog_IGRJ17191-2821.csv,,,Data replog,,,IGRJ17191-2821,True,IR
ir070518.0255,IGR J17191-2821,17:19:14.7,-28:17:59,2007-05-19,07:36:06,2454239.8167,30.0,1.05,H,H,,,,missingreplog_IGRJ17191-2821.csv,,,Data replog,,,IGRJ17191-2821,True,IR
ir070518.0254,IGR J17191-2821,17:19:14.7,-28:18:59,2007-05-19,07:35:21,2454239.8162,30.1,1.05,H,H,,,,missingreplog_IGRJ17191-2821.csv,,,Data replog,,,IGRJ17191-2821,True,IR
ir070518.0253,IGR J17191-2821,17:19:14.7,-28:18:00,2007-05-19,07:34:36,2454239.8157,30.0,1.05,H,H,,,,missingreplog_IGRJ17191-2821.csv,,,Data replog,,,IGRJ17191-2821,True,IR
ir070518.0252,IGR J17191-2821,17:19:14.7,-28:18:00,2007-05-19,07:32:58,2454239.8146,30.0,1.04,H,H,,,,missingreplog_IGRJ17191-2821.csv,,,Data replog,,,IGRJ17191-2821,True,IR
ir070518.0251,IGR J17191-2821,17:19:14.7,-28:18:00,2007-05-19,07:32:13,2454239.8141,30.1,1.04,H,H,,,,missingreplog_IGRJ17191-2821.csv,,,Data replog,,,IGRJ17191-2821,True,IR
ir070518.0250,IGR J17191-2821,17:19:14.7,-28:18:00,2007-05-19,07:31:28,2454239.8135,30.0,1.04,H,H,,,,missingreplog_IGRJ17191-2821.csv,,,Data replog,,,IGRJ17191-2821,True,IR
ir070518.0249,IGR J17191-2821,17:19:14.7,-28:18:01,2007-05-19,07:30:43,2454239.813,30.1,1.04,H,H,,,,missingreplog_IGRJ17191-2821.csv,,,Data replog,,,IGRJ17191-2821,True,IR
ir070518.0248,IGR J17191-2821,17:19:14.7,-28:18:01,2007-05-19,07:29:57,2454239.8125,30.1,1.04,H,H,,,,missingreplog_IGRJ17191-2821.csv,,,Data replog,,,IGRJ17191-2821,True,IR
ir070518.0247,IGR J17191-2821,17:19:14.7,-28:18:01,2007-05-19,07:29:12,2454239.812,30.1,1.04,H,H,,,,missingreplog_IGRJ17191-2821.csv,,,Data replog,,,IGRJ17191-2821,True,IR
ir070518.0246,IGR J17191-2821,17:19:14.7,-28:18:01,2007-05-19,07:28:27,2454239.8114,30.0,1.04,H,H,,,,missingreplog_IGRJ17191-2821.csv,,,Data replog,,,IGRJ17191-2821,True,IR
ir070518.0245,IGR J17191-2821,17:19:14.7,-28:18:01,2007-05-19,07:27:42,2454239.8109,30.1,1.04,H,H,,,,missingreplog_IGRJ17191-2821.csv,,,Data replog,,,IGRJ17191-2821,True,IR
ir070514.0248,IGR J17191-2821,17:19:14.5,-28:18:10,2007-05-15,08:41:22,2454235.8621,30.0,1.13,H,H,,,,missingreplog_IGRJ17191-2821.csv,,,Data replog,,,IGRJ17191-2821,True,IR
ir070514.0247,IGR J17191-2821,17:19:14.5,-28:18:09,2007-05-15,08:40:37,2454235.8615,30.0,1.13,H,H,,,,missingreplog_IGRJ17191-2821.csv,,,Data replog,,,IGRJ17191-2821,True,IR
ir070514.0246,IGR J17191-2821,17:19:14.5,-28:18:09,2007-05-15,08:39:52,2454235.861,30.1,1.13,H,H,,,,missingreplog_IGRJ17191-2821.csv,,,Data replog,,,IGRJ17191-2821,True,IR
ir070514.0245,IGR J17191-2821,17:19:14.5,-28:18:10,2007-05-15,08:39:07,2454235.8605,30.0,1.13,H,H,,,,missingreplog_IGRJ17191-2821.csv,,,Data replog,,,IGRJ17191-2821,True,IR
ir070514.0244,IGR J17191-2821,17:19:14.5,-28:18:09,2007-05-15,08:38:21,2454235.86,30.1,1.13,H,H,,,,missingreplog_IGRJ17191-2821.csv,,,Data replog,,,IGRJ17191-2821,True,IR
ir070514.0243,IGR J17191-2821,17:19:14.5,-28:18:09,2007-05-15,08:37:36,2454235.8594,30.0,1.13,H,H,,,,missingreplog_IGRJ17191-2821.csv,,,Data replog,,,IGRJ17191-2821,True,IR
ir070514.0242,IGR J17191-2821,17:19:14.5,-28:18:09,2007-05-15,08:36:51,2454235.8589,30.0,1.12,H,H,,,,missingreplog_IGRJ17191-2821.csv,,,Data replog,,,IGRJ17191-2821,True,IR
ir070514.0241,IGR J17191-2821,17:19:14.5,-28:18:09,2007-05-15,08:36:06,2454235.8584,30.1,1.12,H,H,,,,missingreplog_IGRJ17191-2821.csv,,,Data replog,,,IGRJ17191-2821,True,IR
ir070514.0240,IGR J17191-2821,17:19:14.6,-28:18:09,2007-05-15,08:34:28,2454235.8573,30.0,1.12,H,H,,,,missingreplog_IGRJ17191-2821.csv,,,Data replog,,,IGRJ17191-2821,True,IR
ir070510.0490,IGR J17191-2821,17:19:14.7,-28:18:59,2007-05-11,08:02:26,2454231.835,30.0,1.04,H,H,,,,missingreplog_IGRJ17191-2821.csv,,,Data replog,,,IGRJ17191-2821,True,IR
ir070510.0489,IGR J17191-2821,17:19:14.7,-28:18:00,2007-05-11,08:01:37,2454231.8345,30.1,1.04,H,H,,,,missingreplog_IGRJ17191-2821.csv,,,Data replog,,,IGRJ17191-2821,True,IR
ir070510.0488,IGR J17191-2821,17:19:14.7,-28:18:00,2007-05-11,08:00:52,2454231.8339,30.1,1.04,H,H,,,,missingreplog_IGRJ17191-2821.csv,,,Data replog,,,IGRJ17191-2821,True,IR
ir070503.0190,IGR J17191-2821,17:19:14.6,-28:18:02,2007-05-04,07:08:41,2454224.7977,30.1,1.0,H,H,,,,missingreplog_IGRJ17191-2821.csv,,,Data replog,,,IGRJ17191-2821,True,IR
ir070503.0188,IGR J17191-2821,17:19:14.6,-28:18:02,2007-05-04,07:07:10,2454224.7966,30.0,1.0,H,H,,,,missingreplog_IGRJ17191-2821.csv,,,Data replog,,,IGRJ17191-2821,True,IR
ir070503.0187,IGR J17191-2821,17:19:14.6,-28:18:02,2007-05-04,07:06:24,2454224.7961,30.0,1.0,H,H,,,,missingreplog_IGRJ17191-2821.csv,,,Data replog,,,IGRJ17191-2821,True,IR
ir070503.0186,IGR J17191-2821,17:19:14.6,-28:18:02,2007-05-04,07:05:38,2454224.7956,30.1,1.0,H,H,,,,missingreplog_IGRJ17191-2821.csv,,,Data replog,,,IGRJ17191-2821,True,IR
ir070503.0185,IGR J17191-2821,17:19:14.6,-28:18:02,2007-05-04,07:04:53,2454224.7951,30.0,1.0,H,H,,,,missingreplog_IGRJ17191-2821.csv,,,Data replog,,,IGRJ17191-2821,True,IR
ir070503.0184,IGR J17191-2821,17:19:14.7,-28:18:02,2007-05-04,07:03:17,2454224.794,30.0,1.0,H,H,,,,missingreplog_IGRJ17191-2821.csv,,,Data replog,,,IGRJ17191-2821,True,IR
ir070503.0183,IGR J17191-2821,17:19:14.6,-28:18:02,2007-05-04,07:02:32,2454224.7934,30.0,1.0,H,H,,,,missingreplog_IGRJ17191-2821.csv,,,Data replog,,,IGRJ17191-2821,True,IR
ir070503.0182,IGR J17191-2821,17:19:14.7,-28:18:02,2007-05-04,07:01:47,2454224.7929,30.1,1.0,H,H,,,,missingreplog_IGRJ17191-2821.csv,,,Data replog,,,IGRJ17191-2821,True,IR
ir070503.0181,IGR J17191-2821,17:19:14.7,-28:18:02,2007-05-04,07:01:01,2454224.7924,30.0,1.0,H,H,,,,missingreplog_IGRJ17191-2821.csv,,,Data replog,,,IGRJ17191-2821,True,IR
ir070503.0180,IGR J17191-2821,17:19:14.7,-28:18:01,2007-05-04,07:00:16,2454224.7919,30.0,1.0,H,H,,,,missingreplog_IGRJ17191-2821.csv,,,Data replog,,,IGRJ17191-2821,True,IR
ir070503.0179,IGR J17191-2821,17:19:14.7,-28:18:02,2007-05-04,06:59:30,2454224.7913,30.0,1.0,H,H,,,,missingreplog_IGRJ17191-2821.csv,,,Data replog,,,IGRJ17191-2821,True,IR
ir070503.0178,IGR J17191-2821,17:19:14.7,-28:18:01,2007-05-04,06:58:44,2454224.7908,30.1,1.0,H,H,,,,missingreplog_IGRJ17191-2821.csv,,,Data replog,,,IGRJ17191-2821,True,IR
ir070503.0177,IGR J17191-2821,17:19:14.7,-28:18:01,2007-05-04,06:57:59,2454224.7903,30.0,1.0,H,H,,,,missingreplog_IGRJ17191-2821.csv,,,Data replog,,,IGRJ17191-2821,True,IR
ir070511.0268,IGR J17191-2821,17:19:14.7,-28:18:06,2007-05-12,09:11:49,2454232.8832,30.1,1.18,H,H,,,,missingreplog_IGRJ17191-2821.csv,,,Data replog,,,IGRJ17191-2821,True,IR
ir070511.0267,IGR J17191-2821,17:19:14.7,-28:18:06,2007-05-12,09:11:04,2454232.8827,30.1,1.18,H,H,,,,missingreplog_IGRJ17191-2821.csv,,,Data replog,,,IGRJ17191-2821,True,IR
ir070511.0266,IGR J17191-2821,17:19:14.7,-28:18:06,2007-05-12,09:10:19,2454232.8822,30.0,1.18,H,H,,,,missingreplog_IGRJ17191-2821.csv,,,Data replog,,,IGRJ17191-2821,True,IR
ir070511.0265,IGR J17191-2821,17:19:14.7,-28:18:06,2007-05-12,09:09:34,2454232.8816,30.0,1.18,H,H,,,,missingreplog_IGRJ17191-2821.csv,,,Data replog,,,IGRJ17191-2821,True,IR
ir070511.0264,IGR J17191-2821,17:19:14.7,-28:18:06,2007-05-12,09:08:49,2454232.8811,30.1,1.17,H,H,,,,missingreplog_IGRJ17191-2821.csv,,,Data replog,,,IGRJ17191-2821,True,IR
ir070511.0263,IGR J17191-2821,17:19:14.7,-28:18:07,2007-05-12,09:08:03,2454232.8806,30.1,1.17,H,H,,,,missingreplog_IGRJ17191-2821.csv,,,Data replog,,,IGRJ17191-2821,True,IR
ir070511.0262,IGR J17191-2821,17:19:14.7,-28:18:06,2007-05-12,09:07:18,2454232.8801,30.0,1.17,H,H,,,,missingreplog_IGRJ17191-2821.csv,,,Data replog,,,IGRJ17191-2821,True,IR
ir070511.0261,IGR J17191-2821,17:19:14.7,-28:18:07,2007-05-12,09:06:33,2454232.8796,30.0,1.17,H,H,,,,missingreplog_IGRJ17191-2821.csv,,,Data replog,,,IGRJ17191-2821,True,IR
ir070511.0260,IGR J17191-2821,17:19:14.7,-28:18:07,2007-05-12,09:04:55,2454232.8784,30.1,1.16,H,H,,,,missingreplog_IGRJ17191-2821.csv,,,Data replog,,,IGRJ17191-2821,True,IR
ir070511.0259,IGR J17191-2821,17:19:14.8,-28:18:07,2007-05-12,09:04:10,2454232.8779,30.1,1.16,H,H,,,,missingreplog_IGRJ17191-2821.csv,,,Data replog,,,IGRJ17191-2821,True,IR
ir070511.0258,IGR J17191-2821,17:19:14.8,-28:18:07,2007-05-12,09:03:25,2454232.8774,30.0,1.16,H,H,,,,missingreplog_IGRJ17191-2821.csv,,,Data replog,,,IGRJ17191-2821,True,IR
ir070503.0189,IGR J17191-2821,17:19:14.6,-28:18:01,2007-05-04,07:07:55,2454224.7972,30.1,1.0,H,H,,,,missingreplog_IGRJ17191-2821.csv,,,Data replog,,,IGRJ17191-2821,True,IR
ir070503.0191,IGR J17191-2821,17:19:14.6,-28:18:02,2007-05-04,07:09:26,2454224.7982,30.0,1.0,H,H,,,,missingreplog_IGRJ17191-2821.csv,,,Data replog,,,IGRJ17191-2821,True,IR
ir070510.0487,IGR J17191-2821,17:19:14.7,-28:18:00,2007-05-11,07:59:14,2454231.8328,30.0,1.04,H,H,,,,missingreplog_IGRJ17191-2821.csv,,,Data replog,,,IGRJ17191-2821,True,IR
ir070503.0192,IGR J17191-2821,17:19:14.6,-28:18:02,2007-05-04,07:10:12,2454224.7988,30.1,1.0,H,H,,,,missingreplog_IGRJ17191-2821.csv,,,Data replog,,,IGRJ17191-2821,True,IR
ir070510.0486,IGR J17191-2821,17:19:14.7,-28:18:01,2007-05-11,07:58:29,2454231.8323,30.0,1.04,H,H,,,,missingreplog_IGRJ17191-2821.csv,,,Data replog,,,IGRJ17191-2821,True,IR
ir070510.0485,IGR J17191-2821,17:19:14.7,-28:18:01,2007-05-11,07:57:43,2454231.8318,30.0,1.04,H,H,,,,missingreplog_IGRJ17191-2821.csv,,,Data replog,,,IGRJ17191-2821,True,IR
ir070510.0484,IGR J17191-2821,17:19:14.7,-28:18:01,2007-05-11,07:56:58,2454231.8312,30.0,1.04,H,H,,,,missingreplog_IGRJ17191-2821.csv,,,Data replog,,,IGRJ17191-2821,True,IR
ir070510.0483,IGR J17191-2821,17:19:14.7,-28:18:01,2007-05-11,07:56:13,2454231.8307,30.0,1.04,H,H,,,,missingreplog_IGRJ17191-2821.csv,,,Data replog,,,IGRJ17191-2821,True,IR
ir070510.0482,IGR J17191-2821,17:19:14.7,-28:18:01,2007-05-11,07:55:28,2454231.8302,30.1,1.03,H,H,,,,missingreplog_IGRJ17191-2821.csv,,,Data replog,,,IGRJ17191-2821,True,IR
ir070510.0481,IGR J17191-2821,17:19:14.7,-28:18:01,2007-05-11,07:54:42,2454231.8297,30.1,1.03,H,H,,,,missingreplog_IGRJ17191-2821.csv,,,Data replog,,,IGRJ17191-2821,True,IR
ir070510.0480,IGR J17191-2821,17:19:14.7,-28:18:01,2007-05-11,07:53:57,2454231.8291,30.1,1.03,H,H,,,,missingreplog_IGRJ17191-2821.csv,,,Data replog,,,IGRJ17191-2821,True,IR
ir070509.0315,IGR J17191-2821,17:19:14.9,-28:17:59,2007-05-10,08:46:51,2454230.8659,30.0,1.1,H,H,,,,missingreplog_IGRJ17191-2821.csv,,,Data replog,,,IGRJ17191-2821,True,IR
ir070509.0314,IGR J17191-2821,17:19:14.9,-28:17:59,2007-05-10,08:46:06,2454230.8654,30.1,1.1,H,H,,,,missingreplog_IGRJ17191-2821.csv,,,Data replog,,,IGRJ17191-2821,True,IR
ir070509.0313,IGR J17191-2821,17:19:14.9,-28:17:59,2007-05-10,08:45:21,2454230.8648,30.1,1.1,H,H,,,,missingreplog_IGRJ17191-2821.csv,,,Data replog,,,IGRJ17191-2821,True,IR
ir070509.0312,IGR J17191-2821,17:19:14.8,-28:17:59,2007-05-10,08:44:36,2454230.8643,30.0,1.1,H,H,,,,missingreplog_IGRJ17191-2821.csv,,,Data replog,,,IGRJ17191-2821,True,IR
ir070509.0311,IGR J17191-2821,17:19:14.9,-28:17:59,2007-05-10,08:43:50,2454230.8638,30.1,1.1,H,H,,,,missingreplog_IGRJ17191-2821.csv,,,Data replog,,,IGRJ17191-2821,True,IR
ir070509.0310,IGR J17191-2821,17:19:14.8,-28:17:59,2007-05-10,08:43:05,2454230.8633,30.1,1.1,H,H,,,,missingreplog_IGRJ17191-2821.csv,,,Data replog,,,IGRJ17191-2821,True,IR
ir070509.0309,IGR J17191-2821,17:19:14.8,-28:17:59,2007-05-10,08:42:20,2454230.8627,30.0,1.1,H,H,,,,missingreplog_IGRJ17191-2821.csv,,,Data replog,,,IGRJ17191-2821,True,IR
ir070509.0308,IGR J17191-2821,17:19:14.8,-28:17:59,2007-05-10,08:41:35,2454230.8622,30.0,1.09,H,H,,,,missingreplog_IGRJ17191-2821.csv,,,Data replog,,,IGRJ17191-2821,True,IR
ir070509.0307,IGR J17191-2821,17:19:14.8,-28:17:59,2007-05-10,08:40:01,2454230.8611,30.0,1.09,H,H,,,,missingreplog_IGRJ17191-2821.csv,,,Data replog,,,IGRJ17191-2821,True,IR
ir070509.0306,IGR J17191-2821,17:19:14.7,-28:18:00,2007-05-10,08:39:16,2454230.8606,30.1,1.09,H,H,,,,missingreplog_IGRJ17191-2821.csv,,,Data replog,,,IGRJ17191-2821,True,IR
ir070509.0305,IGR J17191-2821,17:19:14.7,-28:17:59,2007-05-10,08:38:27,2454230.86,30.1,1.09,H,H,,,,missingreplog_IGRJ17191-2821.csv,,,Data replog,,,IGRJ17191-2821,True,IR
ir070509.0304,IGR J17191-2821,17:19:14.7,-28:18:00,2007-05-10,08:37:41,2454230.8595,30.0,1.09,H,H,,,,missingreplog_IGRJ17191-2821.csv,,,Data replog,,,IGRJ17191-2821,True,IR
ir070509.0303,IGR J17191-2821,17:19:14.7,-28:18:00,2007-05-10,08:36:56,2454230.859,30.0,1.09,H,H,,,,missingreplog_IGRJ17191-2821.csv,,,Data replog,,,IGRJ17191-2821,True,IR
ir070509.0302,IGR J17191-2821,17:19:14.7,-28:18:00,2007-05-10,08:36:11,2454230.8585,30.0,1.08,H,H,,,,missingreplog_IGRJ17191-2821.csv,,,Data replog,,,IGRJ17191-2821,True,IR
ir070509.0301,IGR J17191-2821,17:19:14.6,-28:18:00,2007-05-10,08:35:26,2454230.8579,30.0,1.08,H,H,,,,missingreplog_IGRJ17191-2821.csv,,,Data replog,,,IGRJ17191-2821,True,IR
ir070509.0300,IGR J17191-2821,17:19:14.7,-28:18:00,2007-05-10,08:34:40,2454230.8574,30.0,1.08,H,H,,,,missingreplog_IGRJ17191-2821.csv,,,Data replog,,,IGRJ17191-2821,True,IR
binir070521.0196.fits,IGR J17191-2821,17:19:14.81,-28:18:01.5,2007-05-22,06:50:12,2454242.78486,30.04,1.02,V,H,1210,1868,2020,IR_CD_header_logs/LOG_IGR J17191-2821.20070504thru20070525.csv,IR_CD_header_logs/,IGR J17191-2821,CD,YALE-03A-0001,,IGRJ17191-2821,True,IR
binir070522.0270.fits,IGR J17191-2821,17:19:14.90,-28:18:01.1,2007-05-23,07:58:03,2454243.83199,30.05,1.11,V,H,1210,1838,2050,IR_CD_header_logs/LOG_IGR J17191-2821.20070504thru20070525.csv,IR_CD_header_logs/,IGR J17191-2821,CD,YALE-03A-0001,,IGRJ17191-2821,True,IR
binir070522.0265.fits,IGR J17191-2821,17:19:14.88,-28:18:00.8,2007-05-23,07:53:25,2454243.82876,30.04,1.1,I,H,1210,1868,2020,IR_CD_header_logs/LOG_IGR J17191-2821.20070504thru20070525.csv,IR_CD_header_logs/,IGR J17191-2821,CD,YALE-03A-0001,,IGRJ17191-2821,True,IR
binir070522.0272.fits,IGR J17191-2821,17:19:14.92,-28:18:01.4,2007-05-23,07:59:34,2454243.83303,30.04,1.11,V,H,1180,1898,2020,IR_CD_header_logs/LOG_IGR J17191-2821.20070504thru20070525.csv,IR_CD_header_logs/,IGR J17191-2821,CD,YALE-03A-0001,,IGRJ17191-2821,True,IR
binir070522.0271.fits,IGR J17191-2821,17:19:14.89,-28:18:01.3,2007-05-23,07:58:49,2454243.83251,30.04,1.11,V,H,1240,1868,1990,IR_CD_header_logs/LOG_IGR J17191-2821.20070504thru20070525.csv,IR_CD_header_logs/,IGR J17191-2821,CD,YALE-03A-0001,,IGRJ17191-2821,True,IR
binir070522.0273.fits,IGR J17191-2821,17:19:14.92,-28:18:01.6,2007-05-23,08:00:19,2454243.83356,30.05,1.11,V,H,1210,1868,2020,IR_CD_header_logs/LOG_IGR J17191-2821.20070504thru20070525.csv,IR_CD_header_logs/,IGR J17191-2821,CD,YALE-03A-0001,,IGRJ17191-2821,True,IR
binir070522.0269.fits,IGR J17191-2821,17:19:14.87,-28:18:01.1,2007-05-23,07:57:18,2454243.83147,30.04,1.11,V,H,1240,1838,2020,IR_CD_header_logs/LOG_IGR J17191-2821.20070504thru20070525.csv,IR_CD_header_logs/,IGR J17191-2821,CD,YALE-03A-0001,,IGRJ17191-2821,True,IR
binir070522.0268.fits,IGR J17191-2821,17:19:14.91,-28:18:01.1,2007-05-23,07:56:33,2454243.83094,30.05,1.11,V,H,1180,1868,2050,IR_CD_header_logs/LOG_IGR J17191-2821.20070504thru20070525.csv,IR_CD_header_logs/,IGR J17191-2821,CD,YALE-03A-0001,,IGRJ17191-2821,True,IR
binir070522.0267.fits,IGR J17191-2821,17:19:14.90,-28:18:01.0,2007-05-23,07:55:48,2454243.83042,30.05,1.1,V,H,1210,1898,1990,IR_CD_header_logs/LOG_IGR J17191-2821.20070504thru20070525.csv,IR_CD_header_logs/,IGR J17191-2821,CD,YALE-03A-0001,,IGRJ17191-2821,True,IR
binir070522.0266.fits,IGR J17191-2821,17:19:14.85,-28:18:00.8,2007-05-23,07:55:03,2454243.8299,30.04,1.1,V,H,1210,1868,2020,IR_CD_header_logs/LOG_IGR J17191-2821.20070504thru20070525.csv,IR_CD_header_logs/,IGR J17191-2821,CD,YALE-03A-0001,,IGRJ17191-2821,True,IR
binir070521.0195.fits,IGR J17191-2821,17:19:14.80,-28:18:01.3,2007-05-22,06:48:34,2454242.78373,30.04,1.01,I,H,1210,1868,2020,IR_CD_header_logs/LOG_IGR J17191-2821.20070504thru20070525.csv,IR_CD_header_logs/,IGR J17191-2821,CD,YALE-03A-0001,,IGRJ17191-2821,True,IR
binir070521.0188.fits,IGR J17191-2821,17:19:14.74,-28:18:02.1,2007-05-22,06:43:18,2454242.78007,30.04,1.01,I,H,1210,1868,2020,IR_CD_header_logs/LOG_IGR J17191-2821.20070504thru20070525.csv,IR_CD_header_logs/,IGR J17191-2821,CD,YALE-03A-0001,,IGRJ17191-2821,True,IR
binir070521.0189.fits,IGR J17191-2821,17:19:14.79,-28:18:01.8,2007-05-22,06:44:03,2454242.78059,30.05,1.01,I,H,1210,1898,1990,IR_CD_header_logs/LOG_IGR J17191-2821.20070504thru20070525.csv,IR_CD_header_logs/,IGR J17191-2821,CD,YALE-03A-0001,,IGRJ17191-2821,True,IR
binir070521.0190.fits,IGR J17191-2821,17:19:14.78,-28:18:01.5,2007-05-22,06:44:48,2454242.78112,30.05,1.01,I,H,1180,1868,2050,IR_CD_header_logs/LOG_IGR J17191-2821.20070504thru20070525.csv,IR_CD_header_logs/,IGR J17191-2821,CD,YALE-03A-0001,,IGRJ17191-2821,True,IR
binir070521.0191.fits,IGR J17191-2821,17:19:14.82,-28:18:01.6,2007-05-22,06:45:33,2454242.78164,30.04,1.01,I,H,1240,1838,2020,IR_CD_header_logs/LOG_IGR J17191-2821.20070504thru20070525.csv,IR_CD_header_logs/,IGR J17191-2821,CD,YALE-03A-0001,,IGRJ17191-2821,True,IR
binir070521.0192.fits,IGR J17191-2821,17:19:14.82,-28:18:01.6,2007-05-22,06:46:18,2454242.78216,30.04,1.01,I,H,1210,1838,2050,IR_CD_header_logs/LOG_IGR J17191-2821.20070504thru20070525.csv,IR_CD_header_logs/,IGR J17191-2821,CD,YALE-03A-0001,,IGRJ17191-2821,True,IR
binir070521.0193.fits,IGR J17191-2821,17:19:14.81,-28:18:01.3,2007-05-22,06:47:04,2454242.78269,30.04,1.01,I,H,1240,1868,1990,IR_CD_header_logs/LOG_IGR J17191-2821.20070504thru20070525.csv,IR_CD_header_logs/,IGR J17191-2821,CD,YALE-03A-0001,,IGRJ17191-2821,True,IR
binir070521.0194.fits,IGR J17191-2821,17:19:14.81,-28:18:01.5,2007-05-22,06:47:49,2454242.78321,30.04,1.01,I,H,1180,1898,2020,IR_CD_header_logs/LOG_IGR J17191-2821.20070504thru20070525.csv,IR_CD_header_logs/,IGR J17191-2821,CD,YALE-03A-0001,,IGRJ17191-2821,True,IR
binir070522.0264.fits,IGR J17191-2821,17:19:14.87,-28:18:01.0,2007-05-23,07:52:40,2454243.82824,30.04,1.1,I,H,1180,1898,2020,IR_CD_header_logs/LOG_IGR J17191-2821.20070504thru20070525.csv,IR_CD_header_logs/,IGR J17191-2821,CD,YALE-03A-0001,,IGRJ17191-2821,True,IR
binir070522.0263.fits,IGR J17191-2821,17:19:14.85,-28:18:00.7,2007-05-23,07:51:55,2454243.82772,30.05,1.1,I,H,1240,1868,1990,IR_CD_header_logs/LOG_IGR J17191-2821.20070504thru20070525.csv,IR_CD_header_logs/,IGR J17191-2821,CD,YALE-03A-0001,,IGRJ17191-2821,True,IR
binir070522.0262.fits,IGR J17191-2821,17:19:14.83,-28:18:00.9,2007-05-23,07:51:09,2454243.8272,30.04,1.1,I,H,1210,1838,2050,IR_CD_header_logs/LOG_IGR J17191-2821.20070504thru20070525.csv,IR_CD_header_logs/,IGR J17191-2821,CD,YALE-03A-0001,,IGRJ17191-2821,True,IR
binir070523.0261.fits,IGR J17191-2821,17:19:14.69,-28:18:03.0,2007-05-24,05:45:30,2454244.73993,30.05,1.0,V,H,1260,1898,2020,IR_CD_header_logs/LOG_IGR J17191-2821.20070504thru20070525.csv,IR_CD_header_logs/,IGR J17191-2821,CD,YALE-03A-0001,,IGRJ17191-2821,True,IR
binir070523.0248.fits,IGR J17191-2821,17:19:14.73,-28:18:02.2,2007-05-24,05:34:45,2454244.73247,30.04,1.0,I,H,1290,1898,1990,IR_CD_header_logs/LOG_IGR J17191-2821.20070504thru20070525.csv,IR_CD_header_logs/,IGR J17191-2821,CD,YALE-03A-0001,,IGRJ17191-2821,True,IR
binir070523.0255.fits,IGR J17191-2821,17:19:14.75,-28:18:02.7,2007-05-24,05:40:54,2454244.73674,30.05,1.0,V,H,1290,1868,2020,IR_CD_header_logs/LOG_IGR J17191-2821.20070504thru20070525.csv,IR_CD_header_logs/,IGR J17191-2821,CD,YALE-03A-0001,,IGRJ17191-2821,True,IR
binir070523.0257.fits,IGR J17191-2821,17:19:14.73,-28:18:02.6,2007-05-24,05:42:29,2454244.73784,30.05,1.0,V,H,1260,1868,2050,IR_CD_header_logs/LOG_IGR J17191-2821.20070504thru20070525.csv,IR_CD_header_logs/,IGR J17191-2821,CD,YALE-03A-0001,,IGRJ17191-2821,True,IR
binir070523.0258.fits,IGR J17191-2821,17:19:14.72,-28:18:02.7,2007-05-24,05:43:14,2454244.73836,30.05,1.0,V,H,1320,1838,2020,IR_CD_header_logs/LOG_IGR J17191-2821.20070504thru20070525.csv,IR_CD_header_logs/,IGR J17191-2821,CD,YALE-03A-0001,,IGRJ17191-2821,True,IR
binir070523.0259.fits,IGR J17191-2821,17:19:14.71,-28:18:02.9,2007-05-24,05:43:59,2454244.73888,30.04,1.0,V,H,1290,1838,2050,IR_CD_header_logs/LOG_IGR J17191-2821.20070504thru20070525.csv,IR_CD_header_logs/,IGR J17191-2821,CD,YALE-03A-0001,,IGRJ17191-2821,True,IR
binir070523.0260.fits,IGR J17191-2821,17:19:14.70,-28:18:02.0,2007-05-24,05:44:44,2454244.73941,30.05,1.0,V,H,1320,1868,1990,IR_CD_header_logs/LOG_IGR J17191-2821.20070504thru20070525.csv,IR_CD_header_logs/,IGR J17191-2821,CD,YALE-03A-0001,,IGRJ17191-2821,True,IR
binir070523.0262.fits,IGR J17191-2821,17:19:14.68,-28:18:03.2,2007-05-24,05:46:15,2454244.74045,30.04,1.0,V,H,1290,1868,2020,IR_CD_header_logs/LOG_IGR J17191-2821.20070504thru20070525.csv,IR_CD_header_logs/,IGR J17191-2821,CD,YALE-03A-0001,,IGRJ17191-2821,True,IR
binir070523.0256.fits,IGR J17191-2821,17:19:14.73,-28:18:02.9,2007-05-24,05:41:43,2454244.73731,30.04,1.0,V,H,1290,1868,2020,IR_CD_header_logs/LOG_IGR J17191-2821.20070504thru20070525.csv,IR_CD_header_logs/,IGR J17191-2821,CD,YALE-03A-0001,,IGRJ17191-2821,True,IR
binir070522.0255.fits,IGR J17191-2821,17:19:14.71,-28:18:01.0,2007-05-23,07:44:39,2454243.82267,30.04,1.08,I,H,1210,1898,1990,IR_CD_header_logs/LOG_IGR J17191-2821.20070504thru20070525.csv,IR_CD_header_logs/,IGR J17191-2821,CD,YALE-03A-0001,,IGRJ17191-2821,True,IR
binir070522.0258.fits,IGR J17191-2821,17:19:14.79,-28:18:00.9,2007-05-23,07:48:09,2454243.82511,30.04,1.09,I,H,1210,1868,2020,IR_CD_header_logs/LOG_IGR J17191-2821.20070504thru20070525.csv,IR_CD_header_logs/,IGR J17191-2821,CD,YALE-03A-0001,,IGRJ17191-2821,True,IR
binir070522.0261.fits,IGR J17191-2821,17:19:14.84,-28:18:01.1,2007-05-23,07:50:24,2454243.82668,30.05,1.09,I,H,1240,1838,2020,IR_CD_header_logs/LOG_IGR J17191-2821.20070504thru20070525.csv,IR_CD_header_logs/,IGR J17191-2821,CD,YALE-03A-0001,,IGRJ17191-2821,True,IR
binir070522.0260.fits,IGR J17191-2821,17:19:14.85,-28:18:00.9,2007-05-23,07:49:39,2454243.82615,30.05,1.09,I,H,1180,1868,2050,IR_CD_header_logs/LOG_IGR J17191-2821.20070504thru20070525.csv,IR_CD_header_logs/,IGR J17191-2821,CD,YALE-03A-0001,,IGRJ17191-2821,True,IR
binir070522.0259.fits,IGR J17191-2821,17:19:14.83,-28:18:01.1,2007-05-23,07:48:54,2454243.82563,30.04,1.09,I,H,1210,1898,1990,IR_CD_header_logs/LOG_IGR J17191-2821.20070504thru20070525.csv,IR_CD_header_logs/,IGR J17191-2821,CD,YALE-03A-0001,,IGRJ17191-2821,True,IR
binir070522.0254.fits,IGR J17191-2821,17:19:14.73,-28:18:01.1,2007-05-23,07:43:53,2454243.82215,30.05,1.08,I,H,1210,1868,2020,IR_CD_header_logs/LOG_IGR J17191-2821.20070504thru20070525.csv,IR_CD_header_logs/,IGR J17191-2821,CD,YALE-03A-0001,,IGRJ17191-2821,True,IR
binir070522.0257.fits,IGR J17191-2821,17:19:14.73,-28:18:01.0,2007-05-23,07:46:09,2454243.82372,30.05,1.09,I,H,1180,1868,2050,IR_CD_header_logs/LOG_IGR J17191-2821.20070504thru20070525.csv,IR_CD_header_logs/,IGR J17191-2821,CD,YALE-03A-0001,,IGRJ17191-2821,True,IR
binir070522.0256.fits,IGR J17191-2821,17:19:14.76,-28:18:01.2,2007-05-23,07:45:24,2454243.8232,30.04,1.09,I,H,1180,1868,2050,IR_CD_header_logs/LOG_IGR J17191-2821.20070504thru20070525.csv,IR_CD_header_logs/,IGR J17191-2821,CD,YALE-03A-0001,,IGRJ17191-2821,True,IR
binir070521.0201.fits,IGR J17191-2821,17:19:14.85,-28:18:01.4,2007-05-22,06:53:58,2454242.78748,30.05,1.02,V,H,1240,1868,1990,IR_CD_header_logs/LOG_IGR J17191-2821.20070504thru20070525.csv,IR_CD_header_logs/,IGR J17191-2821,CD,YALE-03A-0001,,IGRJ17191-2821,True,IR
binir070521.0198.fits,IGR J17191-2821,17:19:14.82,-28:18:01.4,2007-05-22,06:51:42,2454242.78591,30.04,1.02,V,H,1180,1868,2050,IR_CD_header_logs/LOG_IGR J17191-2821.20070504thru20070525.csv,IR_CD_header_logs/,IGR J17191-2821,CD,YALE-03A-0001,,IGRJ17191-2821,True,IR
binir070523.0252.fits,IGR J17191-2821,17:19:14.75,-28:18:02.5,2007-05-24,05:37:50,2454244.73461,30.04,1.0,I,H,1320,1868,1990,IR_CD_header_logs/LOG_IGR J17191-2821.20070504thru20070525.csv,IR_CD_header_logs/,IGR J17191-2821,CD,YALE-03A-0001,,IGRJ17191-2821,True,IR
binir070521.0199.fits,IGR J17191-2821,17:19:14.83,-28:18:01.4,2007-05-22,06:52:27,2454242.78643,30.04,1.02,V,H,1240,1838,2020,IR_CD_header_logs/LOG_IGR J17191-2821.20070504thru20070525.csv,IR_CD_header_logs/,IGR J17191-2821,CD,YALE-03A-0001,,IGRJ17191-2821,True,IR
binir070519.0215.fits,IGR J17191-2821,17:19:14.76,-28:18:00.2,2007-05-20,07:40:10,2454240.81957,30.05,1.06,I,H,1210,1868,2020,IR_CD_header_logs/LOG_IGR J17191-2821.20070504thru20070525.csv,IR_CD_header_logs/,IGR J17191-2821,CD,YALE-03A-0001,,IGRJ17191-2821,True,IR
binir070519.0208.fits,IGR J17191-2821,17:19:14.75,-28:18:01.8,2007-05-20,07:34:50,2454240.81586,30.05,1.05,I,H,1210,1868,2020,IR_CD_header_logs/LOG_IGR J17191-2821.20070504thru20070525.csv,IR_CD_header_logs/,IGR J17191-2821,CD,YALE-03A-0001,,IGRJ17191-2821,True,IR
binir070519.0209.fits,IGR J17191-2821,17:19:14.77,-28:18:01.5,2007-05-20,07:35:35,2454240.81638,30.04,1.05,I,H,1210,1898,1990,IR_CD_header_logs/LOG_IGR J17191-2821.20070504thru20070525.csv,IR_CD_header_logs/,IGR J17191-2821,CD,YALE-03A-0001,,IGRJ17191-2821,True,IR
binir070519.0210.fits,IGR J17191-2821,17:19:14.76,-28:18:01.0,2007-05-20,07:36:20,2454240.81691,30.04,1.05,I,H,1180,1868,2050,IR_CD_header_logs/LOG_IGR J17191-2821.20070504thru20070525.csv,IR_CD_header_logs/,IGR J17191-2821,CD,YALE-03A-0001,,IGRJ17191-2821,True,IR
binir070519.0211.fits,IGR J17191-2821,17:19:14.76,-28:18:00.9,2007-05-20,07:37:06,2454240.81743,30.05,1.05,I,H,1240,1838,2020,IR_CD_header_logs/LOG_IGR J17191-2821.20070504thru20070525.csv,IR_CD_header_logs/,IGR J17191-2821,CD,YALE-03A-0001,,IGRJ17191-2821,True,IR
binir070519.0212.fits,IGR J17191-2821,17:19:14.79,-28:18:00.6,2007-05-20,07:37:51,2454240.81795,30.05,1.06,I,H,1210,1838,2050,IR_CD_header_logs/LOG_IGR J17191-2821.20070504thru20070525.csv,IR_CD_header_logs/,IGR J17191-2821,CD,YALE-03A-0001,,IGRJ17191-2821,True,IR
binir070519.0213.fits,IGR J17191-2821,17:19:14.78,-28:18:00.4,2007-05-20,07:38:40,2454240.81852,30.04,1.06,I,H,1210,1838,2050,IR_CD_header_logs/LOG_IGR J17191-2821.20070504thru20070525.csv,IR_CD_header_logs/,IGR J17191-2821,CD,YALE-03A-0001,,IGRJ17191-2821,True,IR
binir070519.0214.fits,IGR J17191-2821,17:19:14.79,-28:18:00.4,2007-05-20,07:39:25,2454240.81905,30.05,1.06,I,H,1180,1898,2020,IR_CD_header_logs/LOG_IGR J17191-2821.20070504thru20070525.csv,IR_CD_header_logs/,IGR J17191-2821,CD,YALE-03A-0001,,IGRJ17191-2821,True,IR
binir070519.0223.fits,IGR J17191-2821,17:19:14.85,-28:18:00.5,2007-05-20,07:47:01,2454240.82432,30.04,1.07,V,H,1210,1868,2020,IR_CD_header_logs/LOG_IGR J17191-2821.20070504thru20070525.csv,IR_CD_header_logs/,IGR J17191-2821,CD,YALE-03A-0001,,IGRJ17191-2821,True,IR
binir070519.0216.fits,IGR J17191-2821,17:19:14.77,-28:18:00.2,2007-05-20,07:41:44,2454240.82065,30.04,1.06,V,H,1210,1868,2020,IR_CD_header_logs/LOG_IGR J17191-2821.20070504thru20070525.csv,IR_CD_header_logs/,IGR J17191-2821,CD,YALE-03A-0001,,IGRJ17191-2821,True,IR
binir070519.0217.fits,IGR J17191-2821,17:19:14.78,-28:17:59.9,2007-05-20,07:42:29,2454240.82118,30.04,1.06,V,H,1210,1898,1990,IR_CD_header_logs/LOG_IGR J17191-2821.20070504thru20070525.csv,IR_CD_header_logs/,IGR J17191-2821,CD,YALE-03A-0001,,IGRJ17191-2821,True,IR
binir070519.0218.fits,IGR J17191-2821,17:19:14.77,-28:18:00.0,2007-05-20,07:43:15,2454240.8217,30.04,1.06,V,H,1180,1868,2050,IR_CD_header_logs/LOG_IGR J17191-2821.20070504thru20070525.csv,IR_CD_header_logs/,IGR J17191-2821,CD,YALE-03A-0001,,IGRJ17191-2821,True,IR
binir070519.0219.fits,IGR J17191-2821,17:19:14.77,-28:17:59.9,2007-05-20,07:44:00,2454240.82223,30.04,1.06,V,H,1240,1838,2020,IR_CD_header_logs/LOG_IGR J17191-2821.20070504thru20070525.csv,IR_CD_header_logs/,IGR J17191-2821,CD,YALE-03A-0001,,IGRJ17191-2821,True,IR
binir070519.0220.fits,IGR J17191-2821,17:19:14.82,-28:18:00.1,2007-05-20,07:44:45,2454240.82275,30.04,1.07,V,H,1210,1838,2050,IR_CD_header_logs/LOG_IGR J17191-2821.20070504thru20070525.csv,IR_CD_header_logs/,IGR J17191-2821,CD,YALE-03A-0001,,IGRJ17191-2821,True,IR
binir070519.0221.fits,IGR J17191-2821,17:19:14.82,-28:18:00.3,2007-05-20,07:45:30,2454240.82327,30.05,1.07,V,H,1240,1868,1990,IR_CD_header_logs/LOG_IGR J17191-2821.20070504thru20070525.csv,IR_CD_header_logs/,IGR J17191-2821,CD,YALE-03A-0001,,IGRJ17191-2821,True,IR
binir070519.0222.fits,IGR J17191-2821,17:19:14.83,-28:18:00.3,2007-05-20,07:46:15,2454240.8238,30.05,1.07,V,H,1180,1898,2020,IR_CD_header_logs/LOG_IGR J17191-2821.20070504thru20070525.csv,IR_CD_header_logs/,IGR J17191-2821,CD,YALE-03A-0001,,IGRJ17191-2821,True,IR
binir070518.0245.fits,IGR J17191-2821,17:19:14.73,-28:18:01.7,2007-05-19,07:27:42,2454239.8109,30.05,1.04,I,H,1210,1868,2020,IR_CD_header_logs/LOG_IGR J17191-2821.20070504thru20070525.csv,IR_CD_header_logs/,IGR J17191-2821,CD,YALE-03A-0001,,IGRJ17191-2821,True,IR
binir070520.0251.fits,IGR J17191-2821,17:19:14.84,-28:18:02.0,2007-05-21,07:47:19,2454241.82453,30.04,1.08,V,H,1210,1868,2020,IR_CD_header_logs/LOG_IGR J17191-2821.20070504thru20070525.csv,IR_CD_header_logs/,IGR J17191-2821,CD,YALE-03A-0001,,IGRJ17191-2821,True,IR
binir070520.0250.fits,IGR J17191-2821,17:19:14.82,-28:18:02.0,2007-05-21,07:46:34,2454241.82401,30.04,1.07,V,H,1180,1898,2020,IR_CD_header_logs/LOG_IGR J17191-2821.20070504thru20070525.csv,IR_CD_header_logs/,IGR J17191-2821,CD,YALE-03A-0001,,IGRJ17191-2821,True,IR
binir070520.0249.fits,IGR J17191-2821,17:19:14.81,-28:18:01.8,2007-05-21,07:45:48,2454241.82348,30.04,1.07,V,H,1240,1868,1990,IR_CD_header_logs/LOG_IGR J17191-2821.20070504thru20070525.csv,IR_CD_header_logs/,IGR J17191-2821,CD,YALE-03A-0001,,IGRJ17191-2821,True,IR
binir070520.0238.fits,IGR J17191-2821,17:19:14.74,-28:18:01.4,2007-05-21,07:36:39,2454241.81712,30.04,1.06,I,H,1180,1868,2050,IR_CD_header_logs/LOG_IGR J17191-2821.20070504thru20070525.csv,IR_CD_header_logs/,IGR J17191-2821,CD,YALE-03A-0001,,IGRJ17191-2821,True,IR
binir070521.0200.fits,IGR J17191-2821,17:19:14.85,-28:18:01.4,2007-05-22,06:53:12,2454242.78696,30.04,1.02,V,H,1210,1838,2050,IR_CD_header_logs/LOG_IGR J17191-2821.20070504thru20070525.csv,IR_CD_header_logs/,IGR J17191-2821,CD,YALE-03A-0001,,IGRJ17191-2821,True,IR
binir070521.0203.fits,IGR J17191-2821,17:19:14.87,-28:18:01.4,2007-05-22,06:55:28,2454242.78852,30.04,1.02,V,H,1210,1868,2020,IR_CD_header_logs/LOG_IGR J17191-2821.20070504thru20070525.csv,IR_CD_header_logs/,IGR J17191-2821,CD,YALE-03A-0001,,IGRJ17191-2821,True,IR
binir070521.0202.fits,IGR J17191-2821,17:19:14.85,-28:18:01.3,2007-05-22,06:54:43,2454242.788,30.04,1.02,V,H,1180,1898,2020,IR_CD_header_logs/LOG_IGR J17191-2821.20070504thru20070525.csv,IR_CD_header_logs/,IGR J17191-2821,CD,YALE-03A-0001,,IGRJ17191-2821,True,IR
binir070521.0197.fits,IGR J17191-2821,17:19:14.83,-28:18:01.6,2007-05-22,06:50:57,2454242.78538,30.04,1.02,V,H,1210,1898,1990,IR_CD_header_logs/LOG_IGR J17191-2821.20070504thru20070525.csv,IR_CD_header_logs/,IGR J17191-2821,CD,YALE-03A-0001,,IGRJ17191-2821,True,IR
binir070520.0242.fits,IGR J17191-2821,17:19:14.75,-28:18:01.0,2007-05-21,07:39:39,2454241.81921,30.04,1.06,I,H,1180,1898,2020,IR_CD_header_logs/LOG_IGR J17191-2821.20070504thru20070525.csv,IR_CD_header_logs/,IGR J17191-2821,CD,YALE-03A-0001,,IGRJ17191-2821,True,IR
binir070520.0236.fits,IGR J17191-2821,17:19:14.72,-28:18:01.9,2007-05-21,07:35:08,2454241.81607,30.04,1.06,I,H,1210,1868,2020,IR_CD_header_logs/LOG_IGR J17191-2821.20070504thru20070525.csv,IR_CD_header_logs/,IGR J17191-2821,CD,YALE-03A-0001,,IGRJ17191-2821,True,IR
binir070520.0237.fits,IGR J17191-2821,17:19:14.74,-28:18:01.4,2007-05-21,07:35:53,2454241.81659,30.05,1.06,I,H,1210,1898,1990,IR_CD_header_logs/LOG_IGR J17191-2821.20070504thru20070525.csv,IR_CD_header_logs/,IGR J17191-2821,CD,YALE-03A-0001,,IGRJ17191-2821,True,IR
binir070520.0239.fits,IGR J17191-2821,17:19:14.76,-28:18:01.3,2007-05-21,07:37:24,2454241.81764,30.05,1.06,I,H,1240,1838,2020,IR_CD_header_logs/LOG_IGR J17191-2821.20070504thru20070525.csv,IR_CD_header_logs/,IGR J17191-2821,CD,YALE-03A-0001,,IGRJ17191-2821,True,IR
binir070520.0248.fits,IGR J17191-2821,17:19:14.81,-28:18:01.6,2007-05-21,07:45:03,2454241.82296,30.04,1.07,V,H,1210,1838,2050,IR_CD_header_logs/LOG_IGR J17191-2821.20070504thru20070525.csv,IR_CD_header_logs/,IGR J17191-2821,CD,YALE-03A-0001,,IGRJ17191-2821,True,IR
binir070520.0240.fits,IGR J17191-2821,17:19:14.76,-28:18:01.2,2007-05-21,07:38:09,2454241.81816,30.05,1.06,I,H,1210,1838,2050,IR_CD_header_logs/LOG_IGR J17191-2821.20070504thru20070525.csv,IR_CD_header_logs/,IGR J17191-2821,CD,YALE-03A-0001,,IGRJ17191-2821,True,IR
binir070520.0241.fits,IGR J17191-2821,17:19:14.76,-28:18:01.1,2007-05-21,07:38:54,2454241.81869,30.04,1.06,I,H,1240,1868,1990,IR_CD_header_logs/LOG_IGR J17191-2821.20070504thru20070525.csv,IR_CD_header_logs/,IGR J17191-2821,CD,YALE-03A-0001,,IGRJ17191-2821,True,IR
binir070520.0243.fits,IGR J17191-2821,17:19:14.77,-28:18:00.9,2007-05-21,07:40:24,2454241.81973,30.04,1.06,I,H,1210,1868,2020,IR_CD_header_logs/LOG_IGR J17191-2821.20070504thru20070525.csv,IR_CD_header_logs/,IGR J17191-2821,CD,YALE-03A-0001,,IGRJ17191-2821,True,IR
binir070520.0244.fits,IGR J17191-2821,17:19:14.77,-28:18:00.9,2007-05-21,07:42:02,2454241.82087,30.05,1.07,V,H,1210,1868,2020,IR_CD_header_logs/LOG_IGR J17191-2821.20070504thru20070525.csv,IR_CD_header_logs/,IGR J17191-2821,CD,YALE-03A-0001,,IGRJ17191-2821,True,IR
binir070520.0245.fits,IGR J17191-2821,17:19:14.80,-28:18:01.0,2007-05-21,07:42:47,2454241.82139,30.05,1.07,V,H,1210,1898,1990,IR_CD_header_logs/LOG_IGR J17191-2821.20070504thru20070525.csv,IR_CD_header_logs/,IGR J17191-2821,CD,YALE-03A-0001,,IGRJ17191-2821,True,IR
binir070520.0246.fits,IGR J17191-2821,17:19:14.82,-28:18:01.2,2007-05-21,07:43:33,2454241.82191,30.04,1.07,V,H,1180,1868,2050,IR_CD_header_logs/LOG_IGR J17191-2821.20070504thru20070525.csv,IR_CD_header_logs/,IGR J17191-2821,CD,YALE-03A-0001,,IGRJ17191-2821,True,IR
binir070520.0247.fits,IGR J17191-2821,17:19:14.80,-28:18:01.1,2007-05-21,07:44:18,2454241.82244,30.04,1.07,V,H,1240,1838,2020,IR_CD_header_logs/LOG_IGR J17191-2821.20070504thru20070525.csv,IR_CD_header_logs/,IGR J17191-2821,CD,YALE-03A-0001,,IGRJ17191-2821,True,IR
binir070523.0253.fits,IGR J17191-2821,17:19:14.75,-28:18:02.5,2007-05-24,05:38:35,2454244.73513,30.04,1.0,I,H,1260,1898,2020,IR_CD_header_logs/LOG_IGR J17191-2821.20070504thru20070525.csv,IR_CD_header_logs/,IGR J17191-2821,CD,YALE-03A-0001,,IGRJ17191-2821,True,IR
binir070523.0251.fits,IGR J17191-2821,17:19:14.73,-28:18:02.5,2007-05-24,05:37:05,2454244.73409,30.05,1.0,I,H,1290,1838,2050,IR_CD_header_logs/LOG_IGR J17191-2821.20070504thru20070525.csv,IR_CD_header_logs/,IGR J17191-2821,CD,YALE-03A-0001,,IGRJ17191-2821,True,IR
binir070518.0247.fits,IGR J17191-2821,17:19:14.75,-28:18:01.4,2007-05-19,07:29:12,2454239.81195,30.05,1.04,I,H,1180,1868,2050,IR_CD_header_logs/LOG_IGR J17191-2821.20070504thru20070525.csv,IR_CD_header_logs/,IGR J17191-2821,CD,YALE-03A-0001,,IGRJ17191-2821,True,IR
binir070523.0250.fits,IGR J17191-2821,17:19:14.72,-28:18:02.2,2007-05-24,05:36:20,2454244.73357,30.05,1.0,I,H,1260,1868,2050,IR_CD_header_logs/LOG_IGR J17191-2821.20070504thru20070525.csv,IR_CD_header_logs/,IGR J17191-2821,CD,YALE-03A-0001,,IGRJ17191-2821,True,IR
binir070524.0150.fits,IGR J17191-2821,17:19:13.53,-28:17:46.4,2007-05-25,07:33:06,2454245.81466,30.04,1.08,V,H,1180,1898,2020,IR_CD_header_logs/LOG_IGR J17191-2821.20070504thru20070525.csv,IR_CD_header_logs/,IGR J17191-2821,CD,YALE-03A-0001,,IGRJ17191-2821,True,IR
binir070524.0136.fits,IGR J17191-2821,17:19:13.43,-28:17:45.7,2007-05-25,07:21:41,2454245.80673,30.05,1.06,I,H,1210,1868,2020,IR_CD_header_logs/LOG_IGR J17191-2821.20070504thru20070525.csv,IR_CD_header_logs/,IGR J17191-2821,CD,YALE-03A-0001,,IGRJ17191-2821,True,IR
binir070524.0137.fits,IGR J17191-2821,17:19:13.42,-28:17:45.5,2007-05-25,07:22:26,2454245.80725,30.04,1.06,I,H,1210,1898,1990,IR_CD_header_logs/LOG_IGR J17191-2821.20070504thru20070525.csv,IR_CD_header_logs/,IGR J17191-2821,CD,YALE-03A-0001,,IGRJ17191-2821,True,IR
binir070524.0138.fits,IGR J17191-2821,17:19:13.42,-28:17:45.6,2007-05-25,07:23:12,2454245.80778,30.05,1.06,I,H,1180,1868,2050,IR_CD_header_logs/LOG_IGR J17191-2821.20070504thru20070525.csv,IR_CD_header_logs/,IGR J17191-2821,CD,YALE-03A-0001,,IGRJ17191-2821,True,IR
binir070524.0139.fits,IGR J17191-2821,17:19:13.42,-28:17:45.5,2007-05-25,07:23:57,2454245.8083,30.04,1.06,I,H,1240,1838,2020,IR_CD_header_logs/LOG_IGR J17191-2821.20070504thru20070525.csv,IR_CD_header_logs/,IGR J17191-2821,CD,YALE-03A-0001,,IGRJ17191-2821,True,IR
binir070524.0141.fits,IGR J17191-2821,17:19:13.43,-28:17:45.4,2007-05-25,07:25:27,2454245.80935,30.04,1.07,I,H,1240,1868,1990,IR_CD_header_logs/LOG_IGR J17191-2821.20070504thru20070525.csv,IR_CD_header_logs/,IGR J17191-2821,CD,YALE-03A-0001,,IGRJ17191-2821,True,IR
binir070524.0140.fits,IGR J17191-2821,17:19:13.45,-28:17:45.5,2007-05-25,07:24:42,2454245.80882,30.04,1.06,I,H,1210,1838,2050,IR_CD_header_logs/LOG_IGR J17191-2821.20070504thru20070525.csv,IR_CD_header_logs/,IGR J17191-2821,CD,YALE-03A-0001,,IGRJ17191-2821,True,IR
binir070524.0143.fits,IGR J17191-2821,17:19:13.46,-28:17:45.5,2007-05-25,07:26:57,2454245.81039,30.05,1.07,I,H,1210,1868,2020,IR_CD_header_logs/LOG_IGR J17191-2821.20070504thru20070525.csv,IR_CD_header_logs/,IGR J17191-2821,CD,YALE-03A-0001,,IGRJ17191-2821,True,IR
binir070524.0144.fits,IGR J17191-2821,17:19:13.48,-28:17:45.9,2007-05-25,07:28:35,2454245.81152,30.05,1.07,V,H,1210,1868,2020,IR_CD_header_logs/LOG_IGR J17191-2821.20070504thru20070525.csv,IR_CD_header_logs/,IGR J17191-2821,CD,YALE-03A-0001,,IGRJ17191-2821,True,IR
binir070524.0145.fits,IGR J17191-2821,17:19:13.50,-28:17:45.9,2007-05-25,07:29:20,2454245.81204,30.05,1.07,V,H,1210,1898,1990,IR_CD_header_logs/LOG_IGR J17191-2821.20070504thru20070525.csv,IR_CD_header_logs/,IGR J17191-2821,CD,YALE-03A-0001,,IGRJ17191-2821,True,IR
binir070524.0146.fits,IGR J17191-2821,17:19:13.52,-28:17:46.0,2007-05-25,07:30:06,2454245.81257,30.04,1.07,V,H,1180,1868,2050,IR_CD_header_logs/LOG_IGR J17191-2821.20070504thru20070525.csv,IR_CD_header_logs/,IGR J17191-2821,CD,YALE-03A-0001,,IGRJ17191-2821,True,IR
binir070524.0147.fits,IGR J17191-2821,17:19:13.54,-28:17:46.5,2007-05-25,07:30:51,2454245.81309,30.04,1.07,V,H,1240,1838,2020,IR_CD_header_logs/LOG_IGR J17191-2821.20070504thru20070525.csv,IR_CD_header_logs/,IGR J17191-2821,CD,YALE-03A-0001,,IGRJ17191-2821,True,IR
binir070524.0148.fits,IGR J17191-2821,17:19:13.54,-28:17:46.4,2007-05-25,07:31:36,2454245.81362,30.04,1.08,V,H,1210,1838,2050,IR_CD_header_logs/LOG_IGR J17191-2821.20070504thru20070525.csv,IR_CD_header_logs/,IGR J17191-2821,CD,YALE-03A-0001,,IGRJ17191-2821,True,IR
binir070524.0149.fits,IGR J17191-2821,17:19:13.53,-28:17:46.5,2007-05-25,07:32:21,2454245.81414,30.05,1.08,V,H,1240,1868,1990,IR_CD_header_logs/LOG_IGR J17191-2821.20070504thru20070525.csv,IR_CD_header_logs/,IGR J17191-2821,CD,YALE-03A-0001,,IGRJ17191-2821,True,IR
binir070523.0254.fits,IGR J17191-2821,17:19:14.75,-28:18:02.8,2007-05-24,05:39:20,2454244.73566,30.05,1.0,I,H,1290,1868,2020,IR_CD_header_logs/LOG_IGR J17191-2821.20070504thru20070525.csv,IR_CD_header_logs/,IGR J17191-2821,CD,YALE-03A-0001,,IGRJ17191-2821,True,IR
binir070523.0247.fits,IGR J17191-2821,17:19:14.74,-28:18:01.7,2007-05-24,05:34:00,2454244.73195,30.05,1.0,I,H,1290,1868,2020,IR_CD_header_logs/LOG_IGR J17191-2821.20070504thru20070525.csv,IR_CD_header_logs/,IGR J17191-2821,CD,YALE-03A-0001,,IGRJ17191-2821,True,IR
binir070523.0249.fits,IGR J17191-2821,17:19:14.73,-28:18:02.1,2007-05-24,05:35:30,2454244.73299,30.04,1.0,I,H,1260,1868,2050,IR_CD_header_logs/LOG_IGR J17191-2821.20070504thru20070525.csv,IR_CD_header_logs/,IGR J17191-2821,CD,YALE-03A-0001,,IGRJ17191-2821,True,IR
binir070524.0142.fits,IGR J17191-2821,17:19:13.44,-28:17:45.3,2007-05-25,07:26:12,2454245.80987,30.04,1.07,I,H,1180,1898,2020,IR_CD_header_logs/LOG_IGR J17191-2821.20070504thru20070525.csv,IR_CD_header_logs/,IGR J17191-2821,CD,YALE-03A-0001,,IGRJ17191-2821,True,IR
binir070524.0151.fits,IGR J17191-2821,17:19:13.54,-28:17:46.5,2007-05-25,07:33:52,2454245.81518,30.05,1.08,V,H,1210,1868,2020,IR_CD_header_logs/LOG_IGR J17191-2821.20070504thru20070525.csv,IR_CD_header_logs/,IGR J17191-2821,CD,YALE-03A-0001,,IGRJ17191-2821,True,IR
binir070518.0246.fits,IGR J17191-2821,17:19:14.77,-28:18:01.6,2007-05-19,07:28:27,2454239.81143,30.04,1.04,I,H,1210,1898,1990,IR_CD_header_logs/LOG_IGR J17191-2821.20070504thru20070525.csv,IR_CD_header_logs/,IGR J17191-2821,CD,YALE-03A-0001,,IGRJ17191-2821,True,IR
binir070518.0248.fits,IGR J17191-2821,17:19:14.73,-28:18:01.2,2007-05-19,07:29:57,2454239.81248,30.05,1.04,I,H,1240,1838,2020,IR_CD_header_logs/LOG_IGR J17191-2821.20070504thru20070525.csv,IR_CD_header_logs/,IGR J17191-2821,CD,YALE-03A-0001,,IGRJ17191-2821,True,IR
binir070503.0189.fits,IGR J17191-2821,17:19:14.68,-28:18:01.9,2007-05-04,07:07:55,2454224.79717,30.05,1.0,V,H,1210,1838,2050,IR_CD_header_logs/LOG_IGR J17191-2821.20070504thru20070525.csv,IR_CD_header_logs/,IGR J17191-2821,CD,YALE-03A-0001,,IGRJ17191-2821,True,IR
binir070503.0190.fits,IGR J17191-2821,17:19:14.66,-28:18:02.0,2007-05-04,07:08:41,2454224.7977,30.05,1.0,V,H,1240,1868,1990,IR_CD_header_logs/LOG_IGR J17191-2821.20070504thru20070525.csv,IR_CD_header_logs/,IGR J17191-2821,CD,YALE-03A-0001,,IGRJ17191-2821,True,IR
binir070503.0191.fits,IGR J17191-2821,17:19:14.64,-28:18:02.0,2007-05-04,07:09:26,2454224.79822,30.04,1.0,V,H,1180,1898,2020,IR_CD_header_logs/LOG_IGR J17191-2821.20070504thru20070525.csv,IR_CD_header_logs/,IGR J17191-2821,CD,YALE-03A-0001,,IGRJ17191-2821,True,IR
binir070503.0192.fits,IGR J17191-2821,17:19:14.64,-28:18:02.0,2007-05-04,07:10:12,2454224.79875,30.05,1.0,V,H,1210,1868,2020,IR_CD_header_logs/LOG_IGR J17191-2821.20070504thru20070525.csv,IR_CD_header_logs/,IGR J17191-2821,CD,YALE-03A-0001,,IGRJ17191-2821,True,IR
binir070503.0177.fits,IGR J17191-2821,17:19:14.73,-28:18:01.7,2007-05-04,06:57:59,2454224.79027,30.04,1.0,I,H,1210,1868,2020,IR_CD_header_logs/LOG_IGR J17191-2821.20070504thru20070525.csv,IR_CD_header_logs/,IGR J17191-2821,CD,YALE-03A-0001,,IGRJ17191-2821,True,IR
binir070503.0187.fits,IGR J17191-2821,17:19:14.68,-28:18:02.0,2007-05-04,07:06:24,2454224.79612,30.04,1.0,V,H,1180,1868,2050,IR_CD_header_logs/LOG_IGR J17191-2821.20070504thru20070525.csv,IR_CD_header_logs/,IGR J17191-2821,CD,YALE-03A-0001,,IGRJ17191-2821,True,IR
binir070503.0186.fits,IGR J17191-2821,17:19:14.68,-28:18:02.1,2007-05-04,07:05:38,2454224.79559,30.05,1.0,V,H,1210,1898,1990,IR_CD_header_logs/LOG_IGR J17191-2821.20070504thru20070525.csv,IR_CD_header_logs/,IGR J17191-2821,CD,YALE-03A-0001,,IGRJ17191-2821,True,IR
binir070503.0185.fits,IGR J17191-2821,17:19:14.69,-28:18:02.0,2007-05-04,07:04:53,2454224.79506,30.04,1.0,V,H,1210,1868,2020,IR_CD_header_logs/LOG_IGR J17191-2821.20070504thru20070525.csv,IR_CD_header_logs/,IGR J17191-2821,CD,YALE-03A-0001,,IGRJ17191-2821,True,IR
binir070509.0315.fits,IGR J17191-2821,17:19:14.91,-28:17:59.5,2007-05-10,08:46:51,2454230.86587,30.04,1.1,V,H,1210,1868,2020,IR_CD_header_logs/LOG_IGR J17191-2821.20070504thru20070525.csv,IR_CD_header_logs/,IGR J17191-2821,CD,YALE-03A-0001,,IGRJ17191-2821,True,IR
binir070509.0306.fits,IGR J17191-2821,17:19:14.77,-28:18:00.0,2007-05-10,08:39:16,2454230.86061,30.05,1.09,I,H,1240,1868,1990,IR_CD_header_logs/LOG_IGR J17191-2821.20070504thru20070525.csv,IR_CD_header_logs/,IGR J17191-2821,CD,YALE-03A-0001,,IGRJ17191-2821,True,IR
binir070509.0311.fits,IGR J17191-2821,17:19:14.90,-28:17:59.6,2007-05-10,08:43:50,2454230.86378,30.05,1.1,V,H,1240,1838,2020,IR_CD_header_logs/LOG_IGR J17191-2821.20070504thru20070525.csv,IR_CD_header_logs/,IGR J17191-2821,CD,YALE-03A-0001,,IGRJ17191-2821,True,IR
binir070509.0308.fits,IGR J17191-2821,17:19:14.86,-28:17:59.7,2007-05-10,08:41:35,2454230.86221,30.04,1.09,V,H,1210,1868,2020,IR_CD_header_logs/LOG_IGR J17191-2821.20070504thru20070525.csv,IR_CD_header_logs/,IGR J17191-2821,CD,YALE-03A-0001,,IGRJ17191-2821,True,IR
binir070509.0310.fits,IGR J17191-2821,17:19:14.84,-28:17:59.6,2007-05-10,08:43:05,2454230.86326,30.05,1.1,V,H,1180,1868,2050,IR_CD_header_logs/LOG_IGR J17191-2821.20070504thru20070525.csv,IR_CD_header_logs/,IGR J17191-2821,CD,YALE-03A-0001,,IGRJ17191-2821,True,IR
binir070509.0312.fits,IGR J17191-2821,17:19:14.87,-28:17:59.5,2007-05-10,08:44:36,2454230.86431,30.04,1.1,V,H,1210,1838,2050,IR_CD_header_logs/LOG_IGR J17191-2821.20070504thru20070525.csv,IR_CD_header_logs/,IGR J17191-2821,CD,YALE-03A-0001,,IGRJ17191-2821,True,IR
binir070509.0313.fits,IGR J17191-2821,17:19:14.90,-28:17:59.4,2007-05-10,08:45:21,2454230.86483,30.05,1.1,V,H,1240,1868,1990,IR_CD_header_logs/LOG_IGR J17191-2821.20070504thru20070525.csv,IR_CD_header_logs/,IGR J17191-2821,CD,YALE-03A-0001,,IGRJ17191-2821,True,IR
binir070509.0314.fits,IGR J17191-2821,17:19:14.92,-28:17:59.6,2007-05-10,08:46:06,2454230.86535,30.05,1.1,V,H,1180,1898,2020,IR_CD_header_logs/LOG_IGR J17191-2821.20070504thru20070525.csv,IR_CD_header_logs/,IGR J17191-2821,CD,YALE-03A-0001,,IGRJ17191-2821,True,IR
binir070509.0309.fits,IGR J17191-2821,17:19:14.83,-28:17:59.6,2007-05-10,08:42:20,2454230.86273,30.04,1.1,V,H,1210,1898,1990,IR_CD_header_logs/LOG_IGR J17191-2821.20070504thru20070525.csv,IR_CD_header_logs/,IGR J17191-2821,CD,YALE-03A-0001,,IGRJ17191-2821,True,IR
binir070503.0188.fits,IGR J17191-2821,17:19:14.68,-28:18:02.0,2007-05-04,07:07:10,2454224.79664,30.04,1.0,V,H,1240,1838,2020,IR_CD_header_logs/LOG_IGR J17191-2821.20070504thru20070525.csv,IR_CD_header_logs/,IGR J17191-2821,CD,YALE-03A-0001,,IGRJ17191-2821,True,IR
binir070503.0184.fits,IGR J17191-2821,17:19:14.70,-28:18:02.1,2007-05-04,07:03:17,2454224.79396,30.04,1.0,I,H,1210,1868,2020,IR_CD_header_logs/LOG_IGR J17191-2821.20070504thru20070525.csv,IR_CD_header_logs/,IGR J17191-2821,CD,YALE-03A-0001,,IGRJ17191-2821,True,IR
binir070503.0178.fits,IGR J17191-2821,17:19:14.72,-28:18:01.8,2007-05-04,06:58:44,2454224.79079,30.05,1.0,I,H,1210,1898,1990,IR_CD_header_logs/LOG_IGR J17191-2821.20070504thru20070525.csv,IR_CD_header_logs/,IGR J17191-2821,CD,YALE-03A-0001,,IGRJ17191-2821,True,IR
binir070503.0179.fits,IGR J17191-2821,17:19:14.72,-28:18:02.0,2007-05-04,06:59:30,2454224.79132,30.04,1.0,I,H,1180,1868,2050,IR_CD_header_logs/LOG_IGR J17191-2821.20070504thru20070525.csv,IR_CD_header_logs/,IGR J17191-2821,CD,YALE-03A-0001,,IGRJ17191-2821,True,IR
binir070503.0180.fits,IGR J17191-2821,17:19:14.72,-28:18:01.8,2007-05-04,07:00:16,2454224.79185,30.04,1.0,I,H,1240,1838,2020,IR_CD_header_logs/LOG_IGR J17191-2821.20070504thru20070525.csv,IR_CD_header_logs/,IGR J17191-2821,CD,YALE-03A-0001,,IGRJ17191-2821,True,IR
binir070503.0181.fits,IGR J17191-2821,17:19:14.72,-28:18:02.0,2007-05-04,07:01:01,2454224.79238,30.04,1.0,I,H,1210,1838,2050,IR_CD_header_logs/LOG_IGR J17191-2821.20070504thru20070525.csv,IR_CD_header_logs/,IGR J17191-2821,CD,YALE-03A-0001,,IGRJ17191-2821,True,IR
binir070503.0182.fits,IGR J17191-2821,17:19:14.72,-28:18:02.9,2007-05-04,07:01:47,2454224.7929,30.05,1.0,I,H,1240,1868,1990,IR_CD_header_logs/LOG_IGR J17191-2821.20070504thru20070525.csv,IR_CD_header_logs/,IGR J17191-2821,CD,YALE-03A-0001,,IGRJ17191-2821,True,IR
binir070503.0183.fits,IGR J17191-2821,17:19:14.69,-28:18:02.1,2007-05-04,07:02:32,2454224.79343,30.04,1.0,I,H,1180,1898,2020,IR_CD_header_logs/LOG_IGR J17191-2821.20070504thru20070525.csv,IR_CD_header_logs/,IGR J17191-2821,CD,YALE-03A-0001,,IGRJ17191-2821,True,IR
binir070509.0304.fits,IGR J17191-2821,17:19:14.75,-28:18:00.0,2007-05-10,08:37:41,2454230.85951,30.04,1.09,I,H,1210,1838,2050,IR_CD_header_logs/LOG_IGR J17191-2821.20070504thru20070525.csv,IR_CD_header_logs/,IGR J17191-2821,CD,YALE-03A-0001,,IGRJ17191-2821,True,IR
binir070509.0305.fits,IGR J17191-2821,17:19:14.78,-28:17:59.9,2007-05-10,08:38:27,2454230.86003,30.05,1.09,I,H,1240,1868,1990,IR_CD_header_logs/LOG_IGR J17191-2821.20070504thru20070525.csv,IR_CD_header_logs/,IGR J17191-2821,CD,YALE-03A-0001,,IGRJ17191-2821,True,IR
binir070509.0303.fits,IGR J17191-2821,17:19:14.73,-28:18:00.1,2007-05-10,08:36:56,2454230.85899,30.04,1.09,I,H,1240,1838,2020,IR_CD_header_logs/LOG_IGR J17191-2821.20070504thru20070525.csv,IR_CD_header_logs/,IGR J17191-2821,CD,YALE-03A-0001,,IGRJ17191-2821,True,IR
binir070518.0249.fits,IGR J17191-2821,17:19:14.76,-28:18:01.0,2007-05-19,07:30:43,2454239.813,30.05,1.04,I,H,1210,1838,2050,IR_CD_header_logs/LOG_IGR J17191-2821.20070504thru20070525.csv,IR_CD_header_logs/,IGR J17191-2821,CD,YALE-03A-0001,,IGRJ17191-2821,True,IR
binir070513.0254.fits,IGR J17191-2821,17:19:14.94,-28:18:07.9,2007-05-14,08:23:45,2454234.84984,30.05,1.09,V,H,1180,1868,2050,IR_CD_header_logs/LOG_IGR J17191-2821.20070504thru20070525.csv,IR_CD_header_logs/,IGR J17191-2821,CD,YALE-03A-0001,,IGRJ17191-2821,True,IR
binir070514.0242.fits,IGR J17191-2821,17:19:14.55,-28:18:09.4,2007-05-15,08:36:51,2454235.85893,30.04,1.12,V,H,1210,1858,2030,IR_CD_header_logs/LOG_IGR J17191-2821.20070504thru20070525.csv,IR_CD_header_logs/,IGR J17191-2821,CD,YALE-03A-0001,,IGRJ17191-2821,True,IR
binir070514.0243.fits,IGR J17191-2821,17:19:14.56,-28:18:09.9,2007-05-15,08:37:36,2454235.85945,30.04,1.13,V,H,1180,1828,2090,IR_CD_header_logs/LOG_IGR J17191-2821.20070504thru20070525.csv,IR_CD_header_logs/,IGR J17191-2821,CD,YALE-03A-0001,,IGRJ17191-2821,True,IR
binir070514.0244.fits,IGR J17191-2821,17:19:14.56,-28:18:09.7,2007-05-15,08:38:21,2454235.85998,30.05,1.13,V,H,1240,1798,2060,IR_CD_header_logs/LOG_IGR J17191-2821.20070504thru20070525.csv,IR_CD_header_logs/,IGR J17191-2821,CD,YALE-03A-0001,,IGRJ17191-2821,True,IR
binir070514.0245.fits,IGR J17191-2821,17:19:14.59,-28:18:10.0,2007-05-15,08:39:07,2454235.8605,30.04,1.13,V,H,1210,1798,2090,IR_CD_header_logs/LOG_IGR J17191-2821.20070504thru20070525.csv,IR_CD_header_logs/,IGR J17191-2821,CD,YALE-03A-0001,,IGRJ17191-2821,True,IR
binir070514.0246.fits,IGR J17191-2821,17:19:14.56,-28:18:09.8,2007-05-15,08:39:52,2454235.86102,30.05,1.13,V,H,1240,1828,2030,IR_CD_header_logs/LOG_IGR J17191-2821.20070504thru20070525.csv,IR_CD_header_logs/,IGR J17191-2821,CD,YALE-03A-0001,,IGRJ17191-2821,True,IR
binir070514.0247.fits,IGR J17191-2821,17:19:14.56,-28:18:09.8,2007-05-15,08:40:37,2454235.86154,30.04,1.13,V,H,1180,1858,2060,IR_CD_header_logs/LOG_IGR J17191-2821.20070504thru20070525.csv,IR_CD_header_logs/,IGR J17191-2821,CD,YALE-03A-0001,,IGRJ17191-2821,True,IR
binir070514.0248.fits,IGR J17191-2821,17:19:14.57,-28:18:10.4,2007-05-15,08:41:22,2454235.86207,30.04,1.13,V,H,1210,1828,2060,IR_CD_header_logs/LOG_IGR J17191-2821.20070504thru20070525.csv,IR_CD_header_logs/,IGR J17191-2821,CD,YALE-03A-0001,,IGRJ17191-2821,True,IR
binir070513.0251.fits,IGR J17191-2821,17:19:14.90,-28:18:08.1,2007-05-14,08:20:37,2454234.84766,30.05,1.08,I,H,1210,1868,2020,IR_CD_header_logs/LOG_IGR J17191-2821.20070504thru20070525.csv,IR_CD_header_logs/,IGR J17191-2821,CD,YALE-03A-0001,,IGRJ17191-2821,True,IR
binir070513.0244.fits,IGR J17191-2821,17:19:14.93,-28:18:08.2,2007-05-14,08:15:21,2454234.844,30.05,1.08,I,H,1210,1868,2020,IR_CD_header_logs/LOG_IGR J17191-2821.20070504thru20070525.csv,IR_CD_header_logs/,IGR J17191-2821,CD,YALE-03A-0001,,IGRJ17191-2821,True,IR
binir070513.0245.fits,IGR J17191-2821,17:19:14.88,-28:18:07.9,2007-05-14,08:16:06,2454234.84452,30.05,1.08,I,H,1210,1898,1990,IR_CD_header_logs/LOG_IGR J17191-2821.20070504thru20070525.csv,IR_CD_header_logs/,IGR J17191-2821,CD,YALE-03A-0001,,IGRJ17191-2821,True,IR
binir070513.0246.fits,IGR J17191-2821,17:19:14.90,-28:18:08.0,2007-05-14,08:16:52,2454234.84505,30.04,1.08,I,H,1180,1868,2050,IR_CD_header_logs/LOG_IGR J17191-2821.20070504thru20070525.csv,IR_CD_header_logs/,IGR J17191-2821,CD,YALE-03A-0001,,IGRJ17191-2821,True,IR
binir070513.0247.fits,IGR J17191-2821,17:19:14.89,-28:18:08.4,2007-05-14,08:17:37,2454234.84557,30.05,1.08,I,H,1240,1838,2020,IR_CD_header_logs/LOG_IGR J17191-2821.20070504thru20070525.csv,IR_CD_header_logs/,IGR J17191-2821,CD,YALE-03A-0001,,IGRJ17191-2821,True,IR
binir070513.0248.fits,IGR J17191-2821,17:19:14.90,-28:18:08.2,2007-05-14,08:18:22,2454234.84609,30.05,1.08,I,H,1210,1838,2050,IR_CD_header_logs/LOG_IGR J17191-2821.20070504thru20070525.csv,IR_CD_header_logs/,IGR J17191-2821,CD,YALE-03A-0001,,IGRJ17191-2821,True,IR
binir070513.0249.fits,IGR J17191-2821,17:19:14.92,-28:18:08.1,2007-05-14,08:19:07,2454234.84662,30.04,1.08,I,H,1240,1868,1990,IR_CD_header_logs/LOG_IGR J17191-2821.20070504thru20070525.csv,IR_CD_header_logs/,IGR J17191-2821,CD,YALE-03A-0001,,IGRJ17191-2821,True,IR
binir070513.0250.fits,IGR J17191-2821,17:19:14.92,-28:18:08.1,2007-05-14,08:19:52,2454234.84714,30.04,1.08,I,H,1180,1898,2020,IR_CD_header_logs/LOG_IGR J17191-2821.20070504thru20070525.csv,IR_CD_header_logs/,IGR J17191-2821,CD,YALE-03A-0001,,IGRJ17191-2821,True,IR
binir070513.0259.fits,IGR J17191-2821,17:19:14.97,-28:18:08.5,2007-05-14,08:27:31,2454234.85245,30.05,1.1,V,H,1210,1868,2020,IR_CD_header_logs/LOG_IGR J17191-2821.20070504thru20070525.csv,IR_CD_header_logs/,IGR J17191-2821,CD,YALE-03A-0001,,IGRJ17191-2821,True,IR
binir070513.0252.fits,IGR J17191-2821,17:19:14.91,-28:18:08.4,2007-05-14,08:22:15,2454234.84879,30.05,1.09,V,H,1210,1868,2020,IR_CD_header_logs/LOG_IGR J17191-2821.20070504thru20070525.csv,IR_CD_header_logs/,IGR J17191-2821,CD,YALE-03A-0001,,IGRJ17191-2821,True,IR
binir070514.0241.fits,IGR J17191-2821,17:19:14.58,-28:18:09.5,2007-05-15,08:36:06,2454235.85841,30.05,1.12,V,H,1210,1828,2060,IR_CD_header_logs/LOG_IGR J17191-2821.20070504thru20070525.csv,IR_CD_header_logs/,IGR J17191-2821,CD,YALE-03A-0001,,IGRJ17191-2821,True,IR
binir070514.0240.fits,IGR J17191-2821,17:19:14.60,-28:18:09.3,2007-05-15,08:34:28,2454235.85728,30.04,1.12,I,H,1210,1828,2060,IR_CD_header_logs/LOG_IGR J17191-2821.20070504thru20070525.csv,IR_CD_header_logs/,IGR J17191-2821,CD,YALE-03A-0001,,IGRJ17191-2821,True,IR
binir070514.0238.fits,IGR J17191-2821,17:19:14.58,-28:18:09.4,2007-05-15,08:32:58,2454235.85623,30.04,1.12,I,H,1240,1828,2030,IR_CD_header_logs/LOG_IGR J17191-2821.20070504thru20070525.csv,IR_CD_header_logs/,IGR J17191-2821,CD,YALE-03A-0001,,IGRJ17191-2821,True,IR
binir070518.0258.fits,IGR J17191-2821,17:19:14.79,-28:17:59.4,2007-05-19,07:38:22,2454239.81831,30.05,1.05,V,H,1270,1808,2020,IR_CD_header_logs/LOG_IGR J17191-2821.20070504thru20070525.csv,IR_CD_header_logs/,IGR J17191-2821,CD,YALE-03A-0001,,IGRJ17191-2821,True,IR
binir070518.0250.fits,IGR J17191-2821,17:19:14.75,-28:18:00.9,2007-05-19,07:31:28,2454239.81352,30.04,1.04,I,H,1240,1868,1990,IR_CD_header_logs/LOG_IGR J17191-2821.20070504thru20070525.csv,IR_CD_header_logs/,IGR J17191-2821,CD,YALE-03A-0001,,IGRJ17191-2821,True,IR
binir070518.0252.fits,IGR J17191-2821,17:19:14.77,-28:18:00.4,2007-05-19,07:32:58,2454239.81457,30.04,1.04,I,H,1210,1868,2020,IR_CD_header_logs/LOG_IGR J17191-2821.20070504thru20070525.csv,IR_CD_header_logs/,IGR J17191-2821,CD,YALE-03A-0001,,IGRJ17191-2821,True,IR
binir070518.0251.fits,IGR J17191-2821,17:19:14.75,-28:18:00.6,2007-05-19,07:32:13,2454239.81405,30.05,1.04,I,H,1180,1898,2020,IR_CD_header_logs/LOG_IGR J17191-2821.20070504thru20070525.csv,IR_CD_header_logs/,IGR J17191-2821,CD,YALE-03A-0001,,IGRJ17191-2821,True,IR
binir070518.0254.fits,IGR J17191-2821,17:19:14.77,-28:18:59.9,2007-05-19,07:35:21,2454239.81622,30.05,1.05,V,H,1240,1838,2020,IR_CD_header_logs/LOG_IGR J17191-2821.20070504thru20070525.csv,IR_CD_header_logs/,IGR J17191-2821,CD,YALE-03A-0001,,IGRJ17191-2821,True,IR
binir070518.0253.fits,IGR J17191-2821,17:19:14.76,-28:18:00.1,2007-05-19,07:34:36,2454239.8157,30.04,1.05,V,H,1210,1868,2020,IR_CD_header_logs/LOG_IGR J17191-2821.20070504thru20070525.csv,IR_CD_header_logs/,IGR J17191-2821,CD,YALE-03A-0001,,IGRJ17191-2821,True,IR
binir070518.0256.fits,IGR J17191-2821,17:19:14.77,-28:17:59.7,2007-05-19,07:36:52,2454239.81727,30.04,1.05,V,H,1270,1778,2050,IR_CD_header_logs/LOG_IGR J17191-2821.20070504thru20070525.csv,IR_CD_header_logs/,IGR J17191-2821,CD,YALE-03A-0001,,IGRJ17191-2821,True,IR
binir070518.0257.fits,IGR J17191-2821,17:19:14.78,-28:17:59.4,2007-05-19,07:37:37,2454239.81779,30.04,1.05,V,H,1240,1778,2080,IR_CD_header_logs/LOG_IGR J17191-2821.20070504thru20070525.csv,IR_CD_header_logs/,IGR J17191-2821,CD,YALE-03A-0001,,IGRJ17191-2821,True,IR
binir070518.0259.fits,IGR J17191-2821,17:19:14.78,-28:17:59.1,2007-05-19,07:39:07,2454239.81884,30.04,1.05,V,H,1210,1838,2050,IR_CD_header_logs/LOG_IGR J17191-2821.20070504thru20070525.csv,IR_CD_header_logs/,IGR J17191-2821,CD,YALE-03A-0001,,IGRJ17191-2821,True,IR
binir070514.0237.fits,IGR J17191-2821,17:19:14.59,-28:18:08.6,2007-05-15,08:32:13,2454235.85571,30.05,1.11,I,H,1210,1798,2090,IR_CD_header_logs/LOG_IGR J17191-2821.20070504thru20070525.csv,IR_CD_header_logs/,IGR J17191-2821,CD,YALE-03A-0001,,IGRJ17191-2821,True,IR
binir070518.0260.fits,IGR J17191-2821,17:19:14.76,-28:17:59.1,2007-05-19,07:39:52,2454239.81936,30.05,1.05,V,H,1240,1808,2050,IR_CD_header_logs/LOG_IGR J17191-2821.20070504thru20070525.csv,IR_CD_header_logs/,IGR J17191-2821,CD,YALE-03A-0001,,IGRJ17191-2821,True,IR
binir070518.0255.fits,IGR J17191-2821,17:19:14.77,-28:17:59.9,2007-05-19,07:36:06,2454239.81674,30.04,1.05,V,H,1210,1808,2080,IR_CD_header_logs/LOG_IGR J17191-2821.20070504thru20070525.csv,IR_CD_header_logs/,IGR J17191-2821,CD,YALE-03A-0001,,IGRJ17191-2821,True,IR
binir070514.0239.fits,IGR J17191-2821,17:19:14.56,-28:18:09.4,2007-05-15,08:33:43,2454235.85675,30.04,1.12,I,H,1180,1858,2060,IR_CD_header_logs/LOG_IGR J17191-2821.20070504thru20070525.csv,IR_CD_header_logs/,IGR J17191-2821,CD,YALE-03A-0001,,IGRJ17191-2821,True,IR
binir070514.0233.fits,IGR J17191-2821,17:19:14.62,-28:18:08.5,2007-05-15,08:29:12,2454235.85361,30.04,1.11,I,H,1210,1828,2060,IR_CD_header_logs/LOG_IGR J17191-2821.20070504thru20070525.csv,IR_CD_header_logs/,IGR J17191-2821,CD,YALE-03A-0001,,IGRJ17191-2821,True,IR
binir070514.0234.fits,IGR J17191-2821,17:19:14.61,-28:18:08.4,2007-05-15,08:29:57,2454235.85414,30.04,1.11,I,H,1210,1858,2030,IR_CD_header_logs/LOG_IGR J17191-2821.20070504thru20070525.csv,IR_CD_header_logs/,IGR J17191-2821,CD,YALE-03A-0001,,IGRJ17191-2821,True,IR
binir070514.0235.fits,IGR J17191-2821,17:19:14.57,-28:18:08.8,2007-05-15,08:30:42,2454235.85466,30.05,1.11,I,H,1180,1828,2090,IR_CD_header_logs/LOG_IGR J17191-2821.20070504thru20070525.csv,IR_CD_header_logs/,IGR J17191-2821,CD,YALE-03A-0001,,IGRJ17191-2821,True,IR
binir070514.0236.fits,IGR J17191-2821,17:19:14.55,-28:18:08.6,2007-05-15,08:31:28,2454235.85519,30.04,1.11,I,H,1240,1798,2060,IR_CD_header_logs/LOG_IGR J17191-2821.20070504thru20070525.csv,IR_CD_header_logs/,IGR J17191-2821,CD,YALE-03A-0001,,IGRJ17191-2821,True,IR
binir070513.0253.fits,IGR J17191-2821,17:19:14.94,-28:18:08.3,2007-05-14,08:23:00,2454234.84931,30.05,1.09,V,H,1210,1898,1990,IR_CD_header_logs/LOG_IGR J17191-2821.20070504thru20070525.csv,IR_CD_header_logs/,IGR J17191-2821,CD,YALE-03A-0001,,IGRJ17191-2821,True,IR
binir070513.0255.fits,IGR J17191-2821,17:19:14.96,-28:18:08.0,2007-05-14,08:24:31,2454234.85036,30.04,1.09,V,H,1240,1838,2020,IR_CD_header_logs/LOG_IGR J17191-2821.20070504thru20070525.csv,IR_CD_header_logs/,IGR J17191-2821,CD,YALE-03A-0001,,IGRJ17191-2821,True,IR
binir070509.0302.fits,IGR J17191-2821,17:19:14.72,-28:18:00.2,2007-05-10,08:36:11,2454230.85847,30.04,1.08,I,H,1180,1868,2050,IR_CD_header_logs/LOG_IGR J17191-2821.20070504thru20070525.csv,IR_CD_header_logs/,IGR J17191-2821,CD,YALE-03A-0001,,IGRJ17191-2821,True,IR
binir070513.0256.fits,IGR J17191-2821,17:19:14.96,-28:18:08.5,2007-05-14,08:25:16,2454234.85088,30.04,1.09,V,H,1210,1838,2050,IR_CD_header_logs/LOG_IGR J17191-2821.20070504thru20070525.csv,IR_CD_header_logs/,IGR J17191-2821,CD,YALE-03A-0001,,IGRJ17191-2821,True,IR
binir070510.0481.fits,IGR J17191-2821,17:19:14.72,-28:18:01.4,2007-05-11,07:54:42,2454231.82966,30.05,1.03,I,H,1210,1898,1990,IR_CD_header_logs/LOG_IGR J17191-2821.20070504thru20070525.csv,IR_CD_header_logs/,IGR J17191-2821,CD,YALE-03A-0001,,IGRJ17191-2821,True,IR
binir070510.0482.fits,IGR J17191-2821,17:19:14.73,-28:18:01.4,2007-05-11,07:55:28,2454231.83019,30.05,1.03,I,H,1180,1868,2050,IR_CD_header_logs/LOG_IGR J17191-2821.20070504thru20070525.csv,IR_CD_header_logs/,IGR J17191-2821,CD,YALE-03A-0001,,IGRJ17191-2821,True,IR
binir070510.0483.fits,IGR J17191-2821,17:19:14.71,-28:18:01.4,2007-05-11,07:56:13,2454231.83071,30.04,1.04,I,H,1240,1838,2020,IR_CD_header_logs/LOG_IGR J17191-2821.20070504thru20070525.csv,IR_CD_header_logs/,IGR J17191-2821,CD,YALE-03A-0001,,IGRJ17191-2821,True,IR
binir070510.0484.fits,IGR J17191-2821,17:19:14.71,-28:18:01.2,2007-05-11,07:56:58,2454231.83123,30.04,1.04,I,H,1210,1838,2050,IR_CD_header_logs/LOG_IGR J17191-2821.20070504thru20070525.csv,IR_CD_header_logs/,IGR J17191-2821,CD,YALE-03A-0001,,IGRJ17191-2821,True,IR
binir070510.0485.fits,IGR J17191-2821,17:19:14.70,-28:18:01.2,2007-05-11,07:57:43,2454231.83176,30.04,1.04,I,H,1240,1868,1990,IR_CD_header_logs/LOG_IGR J17191-2821.20070504thru20070525.csv,IR_CD_header_logs/,IGR J17191-2821,CD,YALE-03A-0001,,IGRJ17191-2821,True,IR
binir070510.0487.fits,IGR J17191-2821,17:19:14.72,-28:18:00.7,2007-05-11,07:59:14,2454231.8328,30.04,1.04,I,H,1210,1868,2020,IR_CD_header_logs/LOG_IGR J17191-2821.20070504thru20070525.csv,IR_CD_header_logs/,IGR J17191-2821,CD,YALE-03A-0001,,IGRJ17191-2821,True,IR
binir070510.0488.fits,IGR J17191-2821,17:19:14.70,-28:18:00.2,2007-05-11,08:00:52,2454231.83394,30.05,1.04,V,H,1210,1868,2020,IR_CD_header_logs/LOG_IGR J17191-2821.20070504thru20070525.csv,IR_CD_header_logs/,IGR J17191-2821,CD,YALE-03A-0001,,IGRJ17191-2821,True,IR
binir070510.0489.fits,IGR J17191-2821,17:19:14.71,-28:18:00.3,2007-05-11,08:01:37,2454231.83446,30.05,1.04,V,H,1210,1898,1990,IR_CD_header_logs/LOG_IGR J17191-2821.20070504thru20070525.csv,IR_CD_header_logs/,IGR J17191-2821,CD,YALE-03A-0001,,IGRJ17191-2821,True,IR
binir070510.0490.fits,IGR J17191-2821,17:19:14.70,-28:18:59.9,2007-05-11,08:02:26,2454231.83503,30.04,1.04,V,H,1210,1898,1990,IR_CD_header_logs/LOG_IGR J17191-2821.20070504thru20070525.csv,IR_CD_header_logs/,IGR J17191-2821,CD,YALE-03A-0001,,IGRJ17191-2821,True,IR
binir070510.0491.fits,IGR J17191-2821,17:19:14.68,-28:18:00.8,2007-05-11,08:03:11,2454231.83555,30.05,1.04,V,H,1240,1838,2020,IR_CD_header_logs/LOG_IGR J17191-2821.20070504thru20070525.csv,IR_CD_header_logs/,IGR J17191-2821,CD,YALE-03A-0001,,IGRJ17191-2821,True,IR
binir070510.0492.fits,IGR J17191-2821,17:19:14.60,-28:17:59.8,2007-05-11,08:03:56,2454231.83607,30.05,1.04,V,H,1210,1838,2050,IR_CD_header_logs/LOG_IGR J17191-2821.20070504thru20070525.csv,IR_CD_header_logs/,IGR J17191-2821,CD,YALE-03A-0001,,IGRJ17191-2821,True,IR
binir070510.0493.fits,IGR J17191-2821,17:19:14.70,-28:17:59.5,2007-05-11,08:04:42,2454231.8366,30.04,1.04,V,H,1240,1868,1990,IR_CD_header_logs/LOG_IGR J17191-2821.20070504thru20070525.csv,IR_CD_header_logs/,IGR J17191-2821,CD,YALE-03A-0001,,IGRJ17191-2821,True,IR
binir070510.0494.fits,IGR J17191-2821,17:19:14.72,-28:17:59.4,2007-05-11,08:05:27,2454231.83712,30.04,1.05,V,H,1180,1898,2020,IR_CD_header_logs/LOG_IGR J17191-2821.20070504thru20070525.csv,IR_CD_header_logs/,IGR J17191-2821,CD,YALE-03A-0001,,IGRJ17191-2821,True,IR
binir070510.0495.fits,IGR J17191-2821,17:19:14.69,-28:17:59.3,2007-05-11,08:06:12,2454231.83764,30.04,1.05,V,H,1210,1868,2020,IR_CD_header_logs/LOG_IGR J17191-2821.20070504thru20070525.csv,IR_CD_header_logs/,IGR J17191-2821,CD,YALE-03A-0001,,IGRJ17191-2821,True,IR
binir070509.0307.fits,IGR J17191-2821,17:19:14.81,-28:17:59.8,2007-05-10,08:40:01,2454230.86113,30.04,1.09,I,H,1210,1868,2020,IR_CD_header_logs/LOG_IGR J17191-2821.20070504thru20070525.csv,IR_CD_header_logs/,IGR J17191-2821,CD,YALE-03A-0001,,IGRJ17191-2821,True,IR
binir070509.0300.fits,IGR J17191-2821,17:19:14.71,-28:18:00.7,2007-05-10,08:34:40,2454230.85742,30.04,1.08,I,H,1210,1868,2020,IR_CD_header_logs/LOG_IGR J17191-2821.20070504thru20070525.csv,IR_CD_header_logs/,IGR J17191-2821,CD,YALE-03A-0001,,IGRJ17191-2821,True,IR
binir070509.0301.fits,IGR J17191-2821,17:19:14.68,-28:18:00.4,2007-05-10,08:35:26,2454230.85794,30.04,1.08,I,H,1210,1898,1990,IR_CD_header_logs/LOG_IGR J17191-2821.20070504thru20070525.csv,IR_CD_header_logs/,IGR J17191-2821,CD,YALE-03A-0001,,IGRJ17191-2821,True,IR
binir070510.0480.fits,IGR J17191-2821,17:19:14.72,-28:18:01.6,2007-05-11,07:53:57,2454231.82914,30.05,1.03,I,H,1210,1868,2020,IR_CD_header_logs/LOG_IGR J17191-2821.20070504thru20070525.csv,IR_CD_header_logs/,IGR J17191-2821,CD,YALE-03A-0001,,IGRJ17191-2821,True,IR
binir070510.0486.fits,IGR J17191-2821,17:19:14.71,-28:18:01.8,2007-05-11,07:58:29,2454231.83228,30.04,1.04,I,H,1180,1898,2020,IR_CD_header_logs/LOG_IGR J17191-2821.20070504thru20070525.csv,IR_CD_header_logs/,IGR J17191-2821,CD,YALE-03A-0001,,IGRJ17191-2821,True,IR
binir070511.0262.fits,IGR J17191-2821,17:19:14.76,-28:18:06.9,2007-05-12,09:07:18,2454232.88007,30.04,1.17,V,H,1210,1898,1990,IR_CD_header_logs/LOG_IGR J17191-2821.20070504thru20070525.csv,IR_CD_header_logs/,IGR J17191-2821,CD,YALE-03A-0001,,IGRJ17191-2821,True,IR
binir070511.0258.fits,IGR J17191-2821,17:19:14.80,-28:18:07.5,2007-05-12,09:03:25,2454232.87738,30.04,1.16,I,H,1240,1868,1990,IR_CD_header_logs/LOG_IGR J17191-2821.20070504thru20070525.csv,IR_CD_header_logs/,IGR J17191-2821,CD,YALE-03A-0001,,IGRJ17191-2821,True,IR
binir070513.0257.fits,IGR J17191-2821,17:19:14.97,-28:18:08.3,2007-05-14,08:26:01,2454234.85141,30.04,1.09,V,H,1240,1868,1990,IR_CD_header_logs/LOG_IGR J17191-2821.20070504thru20070525.csv,IR_CD_header_logs/,IGR J17191-2821,CD,YALE-03A-0001,,IGRJ17191-2821,True,IR
binir070513.0258.fits,IGR J17191-2821,17:19:14.99,-28:18:08.5,2007-05-14,08:26:46,2454234.85193,30.05,1.1,V,H,1180,1898,2020,IR_CD_header_logs/LOG_IGR J17191-2821.20070504thru20070525.csv,IR_CD_header_logs/,IGR J17191-2821,CD,YALE-03A-0001,,IGRJ17191-2821,True,IR
binir070511.0253.fits,IGR J17191-2821,17:19:14.84,-28:18:08.2,2007-05-12,08:59:39,2454232.87476,30.05,1.15,I,H,1210,1868,2020,IR_CD_header_logs/LOG_IGR J17191-2821.20070504thru20070525.csv,IR_CD_header_logs/,IGR J17191-2821,CD,YALE-03A-0001,,IGRJ17191-2821,True,IR
binir070511.0254.fits,IGR J17191-2821,17:19:14.78,-28:18:07.7,2007-05-12,09:00:24,2454232.87528,30.05,1.15,I,H,1210,1898,1990,IR_CD_header_logs/LOG_IGR J17191-2821.20070504thru20070525.csv,IR_CD_header_logs/,IGR J17191-2821,CD,YALE-03A-0001,,IGRJ17191-2821,True,IR
binir070511.0255.fits,IGR J17191-2821,17:19:14.78,-28:18:07.6,2007-05-12,09:01:09,2454232.8758,30.05,1.15,I,H,1180,1868,2050,IR_CD_header_logs/LOG_IGR J17191-2821.20070504thru20070525.csv,IR_CD_header_logs/,IGR J17191-2821,CD,YALE-03A-0001,,IGRJ17191-2821,True,IR
binir070511.0260.fits,IGR J17191-2821,17:19:14.75,-28:18:07.3,2007-05-12,09:04:55,2454232.87842,30.05,1.16,I,H,1210,1868,2020,IR_CD_header_logs/LOG_IGR J17191-2821.20070504thru20070525.csv,IR_CD_header_logs/,IGR J17191-2821,CD,YALE-03A-0001,,IGRJ17191-2821,True,IR
binir070511.0257.fits,IGR J17191-2821,17:19:14.80,-28:18:07.4,2007-05-12,09:02:40,2454232.87685,30.05,1.16,I,H,1210,1838,2050,IR_CD_header_logs/LOG_IGR J17191-2821.20070504thru20070525.csv,IR_CD_header_logs/,IGR J17191-2821,CD,YALE-03A-0001,,IGRJ17191-2821,True,IR
binir070511.0259.fits,IGR J17191-2821,17:19:14.80,-28:18:07.3,2007-05-12,09:04:10,2454232.8779,30.05,1.16,I,H,1180,1898,2020,IR_CD_header_logs/LOG_IGR J17191-2821.20070504thru20070525.csv,IR_CD_header_logs/,IGR J17191-2821,CD,YALE-03A-0001,,IGRJ17191-2821,True,IR
binir070511.0268.fits,IGR J17191-2821,17:19:14.73,-28:18:06.9,2007-05-12,09:11:49,2454232.88321,30.05,1.18,V,H,1210,1868,2020,IR_CD_header_logs/LOG_IGR J17191-2821.20070504thru20070525.csv,IR_CD_header_logs/,IGR J17191-2821,CD,YALE-03A-0001,,IGRJ17191-2821,True,IR
binir070511.0256.fits,IGR J17191-2821,17:19:14.81,-28:18:07.6,2007-05-12,09:01:54,2454232.87633,30.05,1.16,I,H,1240,1838,2020,IR_CD_header_logs/LOG_IGR J17191-2821.20070504thru20070525.csv,IR_CD_header_logs/,IGR J17191-2821,CD,YALE-03A-0001,,IGRJ17191-2821,True,IR
binir070511.0261.fits,IGR J17191-2821,17:19:14.73,-28:18:07.3,2007-05-12,09:06:33,2454232.87955,30.04,1.17,V,H,1210,1868,2020,IR_CD_header_logs/LOG_IGR J17191-2821.20070504thru20070525.csv,IR_CD_header_logs/,IGR J17191-2821,CD,YALE-03A-0001,,IGRJ17191-2821,True,IR
binir070511.0263.fits,IGR J17191-2821,17:19:14.74,-28:18:07.1,2007-05-12,09:08:03,2454232.8806,30.05,1.17,V,H,1180,1868,2050,IR_CD_header_logs/LOG_IGR J17191-2821.20070504thru20070525.csv,IR_CD_header_logs/,IGR J17191-2821,CD,YALE-03A-0001,,IGRJ17191-2821,True,IR
binir070511.0264.fits,IGR J17191-2821,17:19:14.74,-28:18:06.9,2007-05-12,09:08:49,2454232.88112,30.05,1.17,V,H,1240,1838,2020,IR_CD_header_logs/LOG_IGR J17191-2821.20070504thru20070525.csv,IR_CD_header_logs/,IGR J17191-2821,CD,YALE-03A-0001,,IGRJ17191-2821,True,IR
binir070511.0265.fits,IGR J17191-2821,17:19:14.72,-28:18:06.8,2007-05-12,09:09:34,2454232.88164,30.04,1.18,V,H,1210,1838,2050,IR_CD_header_logs/LOG_IGR J17191-2821.20070504thru20070525.csv,IR_CD_header_logs/,IGR J17191-2821,CD,YALE-03A-0001,,IGRJ17191-2821,True,IR
binir070511.0266.fits,IGR J17191-2821,17:19:14.70,-28:18:06.6,2007-05-12,09:10:19,2454232.88217,30.04,1.18,V,H,1240,1868,1990,IR_CD_header_logs/LOG_IGR J17191-2821.20070504thru20070525.csv,IR_CD_header_logs/,IGR J17191-2821,CD,YALE-03A-0001,,IGRJ17191-2821,True,IR
binir070511.0267.fits,IGR J17191-2821,17:19:14.71,-28:18:06.9,2007-05-12,09:11:04,2454232.88269,30.05,1.18,V,H,1180,1898,2020,IR_CD_header_logs/LOG_IGR J17191-2821.20070504thru20070525.csv,IR_CD_header_logs/,IGR J17191-2821,CD,YALE-03A-0001,,IGRJ17191-2821,True,IR
