filename,OBJECT,RA,DEC,DATE-OBS,TIME-OBS,JD,EXPTIME,SECZ,CCDFLTID,IRFLTID,TILT1,TILT2,TILT3,log name,Location,prop name help,Physical loc,OWNER,full path,proper name,xrb,source
ir020711.0093.fits,X1650-500,16:50:01.00,-49:57:45.0,2002-07-12,00:48:08.3,2452467.5334,90.02,1.11,I,H,1350,2195,1860,xrb-archive_tapes_ALLTHEREST/LOG_tapes.20000411thru20031201.csv,irdirecs/xrb-archive_tapes_ALLTHEREST/,tapes,Disk,,,J1650-500,True,IR
ir020711.0096.fits,X1650-500,16:50:01.00,-49:57:44.9,2002-07-12,00:53:21.4,2452467.5371,90.02,1.1,I,H,1290,2255,1860,xrb-archive_tapes_ALLTHEREST/LOG_tapes.20000411thru20031201.csv,irdirecs/xrb-archive_tapes_ALLTHEREST/,tapes,Disk,,,J1650-500,True,IR
ir020711.0090.fits,X1650-500,16:50:01.02,-49:57:44.9,2002-07-12,00:42:54.8,2452467.5298,90.02,1.12,I,H,1320,2225,1860,xrb-archive_tapes_ALLTHEREST/LOG_tapes.20000411thru20031201.csv,irdirecs/xrb-archive_tapes_ALLTHEREST/,tapes,Disk,,,J1650-500,True,IR
ir020711.0091.fits,X1650-500,16:50:01.01,-49:57:45.0,2002-07-12,00:44:38.8,2452467.531,90.03,1.11,I,H,1320,2255,1830,xrb-archive_tapes_ALLTHEREST/LOG_tapes.20000411thru20031201.csv,irdirecs/xrb-archive_tapes_ALLTHEREST/,tapes,Disk,,,J1650-500,True,IR
ir020711.0092.fits,X1650-500,16:50:01.02,-49:57:44.9,2002-07-12,00:46:23.5,2452467.5322,90.03,1.11,I,H,1290,2225,1890,xrb-archive_tapes_ALLTHEREST/LOG_tapes.20000411thru20031201.csv,irdirecs/xrb-archive_tapes_ALLTHEREST/,tapes,Disk,,,J1650-500,True,IR
ir020711.0094.fits,X1650-500,16:50:01.00,-49:57:45.1,2002-07-12,00:49:52.5,2452467.5346,90.02,1.11,I,H,1320,2195,1890,xrb-archive_tapes_ALLTHEREST/LOG_tapes.20000411thru20031201.csv,irdirecs/xrb-archive_tapes_ALLTHEREST/,tapes,Disk,,,J1650-500,True,IR
ir020711.0095.fits,X1650-500,16:50:01.01,-49:57:44.9,2002-07-12,00:51:36.8,2452467.5358,90.02,1.11,I,H,1350,2225,1830,xrb-archive_tapes_ALLTHEREST/LOG_tapes.20000411thru20031201.csv,irdirecs/xrb-archive_tapes_ALLTHEREST/,tapes,Disk,,,J1650-500,True,IR
ir020711.0103.fits,X1650-500,16:50:01.00,-49:57:44.9,2002-07-12,01:05:43.1,2452467.5456,90.03,1.09,V,H,1290,2255,1860,xrb-archive_tapes_ALLTHEREST/LOG_tapes.20000411thru20031201.csv,irdirecs/xrb-archive_tapes_ALLTHEREST/,tapes,Disk,,,J1650-500,True,IR
ir020711.0097.fits,X1650-500,16:50:01.00,-49:57:44.9,2002-07-12,00:55:17.3,2452467.5384,90.03,1.1,V,H,1320,2225,1860,xrb-archive_tapes_ALLTHEREST/LOG_tapes.20000411thru20031201.csv,irdirecs/xrb-archive_tapes_ALLTHEREST/,tapes,Disk,,,J1650-500,True,IR
ir020711.0098.fits,X1650-500,16:50:01.00,-49:57:44.9,2002-07-12,00:57:01.5,2452467.5396,90.02,1.1,V,H,1320,2255,1830,xrb-archive_tapes_ALLTHEREST/LOG_tapes.20000411thru20031201.csv,irdirecs/xrb-archive_tapes_ALLTHEREST/,tapes,Disk,,,J1650-500,True,IR
ir020711.0099.fits,X1650-500,16:50:01.00,-49:57:44.9,2002-07-12,00:58:45.9,2452467.5408,90.02,1.1,V,H,1290,2225,1890,xrb-archive_tapes_ALLTHEREST/LOG_tapes.20000411thru20031201.csv,irdirecs/xrb-archive_tapes_ALLTHEREST/,tapes,Disk,,,J1650-500,True,IR
ir020711.0100.fits,X1650-500,16:50:00.99,-49:57:45.0,2002-07-12,01:00:30.0,2452467.542,90.03,1.1,V,H,1350,2195,1860,xrb-archive_tapes_ALLTHEREST/LOG_tapes.20000411thru20031201.csv,irdirecs/xrb-archive_tapes_ALLTHEREST/,tapes,Disk,,,J1650-500,True,IR
ir020711.0101.fits,X1650-500,16:50:01.00,-49:57:44.9,2002-07-12,01:02:13.9,2452467.5432,90.03,1.1,V,H,1320,2195,1890,xrb-archive_tapes_ALLTHEREST/LOG_tapes.20000411thru20031201.csv,irdirecs/xrb-archive_tapes_ALLTHEREST/,tapes,Disk,,,J1650-500,True,IR
ir020711.0102.fits,X1650-500,16:50:01.00,-49:57:45.0,2002-07-12,01:03:58.6,2452467.5444,90.03,1.09,V,H,1350,2225,1830,xrb-archive_tapes_ALLTHEREST/LOG_tapes.20000411thru20031201.csv,irdirecs/xrb-archive_tapes_ALLTHEREST/,tapes,Disk,,,J1650-500,True,IR
ir090430.0118,XTE J1650-500,16:50:01.0,-49:57:43,2009-05-01,02:58:40.3,2454952.6241,60.0,1.5,J,J,,,,usbdrivereplog_J1650-500.csv,,,Data replog,,,J1650-500,True,IR
irfocus.0047,XTE J1650-500,16:50:00.7,-49:57:43,2009-06-26,01:10:51.3,2455008.5492,60.0,1.17,J,J,,,,usbdrivereplog_J1650-500.csv,,,Data replog,,,J1650-500,True,IR
ir090627.0188,XTE J1650-500,16:50:00.8,-49:57:43,2009-06-28,02:56:01.7,2455010.6223,60.0,1.06,J,J,,,,usbdrivereplog_J1650-500.csv,,,Data replog,,,J1650-500,True,IR
ir090627.0187,XTE J1650-500,16:50:00.8,-49:57:43,2009-06-28,02:54:45.1,2455010.6214,60.0,1.07,J,J,,,,usbdrivereplog_J1650-500.csv,,,Data replog,,,J1650-500,True,IR
ir090627.0186,XTE J1650-500,16:50:00.8,-49:57:43,2009-06-28,02:53:28.9,2455010.6205,60.0,1.07,J,J,,,,usbdrivereplog_J1650-500.csv,,,Data replog,,,J1650-500,True,IR
ir090627.0185,XTE J1650-500,16:50:00.8,-49:57:43,2009-06-28,02:52:12.5,2455010.6196,60.0,1.07,J,J,,,,usbdrivereplog_J1650-500.csv,,,Data replog,,,J1650-500,True,IR
ir090627.0184,XTE J1650-500,16:50:00.8,-49:57:43,2009-06-28,02:50:56.0,2455010.6187,60.0,1.07,J,J,,,,usbdrivereplog_J1650-500.csv,,,Data replog,,,J1650-500,True,IR
ir090627.0183,XTE J1650-500,16:50:00.8,-49:57:44,2009-06-28,02:49:39.7,2455010.6178,60.0,1.07,J,J,,,,usbdrivereplog_J1650-500.csv,,,Data replog,,,J1650-500,True,IR
irfocus.0052,XTE J1650-500,16:50:00.8,-49:57:44,2009-06-26,01:17:13.6,2455008.5536,60.0,1.16,J,J,,,,usbdrivereplog_J1650-500.csv,,,Data replog,,,J1650-500,True,IR
irfocus.0051,XTE J1650-500,16:50:00.8,-49:57:44,2009-06-26,01:15:56.9,2455008.5527,60.0,1.16,J,J,,,,usbdrivereplog_J1650-500.csv,,,Data replog,,,J1650-500,True,IR
irfocus.0050,XTE J1650-500,16:50:00.8,-49:57:43,2009-06-26,01:14:40.3,2455008.5519,60.0,1.16,J,J,,,,usbdrivereplog_J1650-500.csv,,,Data replog,,,J1650-500,True,IR
irfocus.0049,XTE J1650-500,16:50:00.7,-49:57:43,2009-06-26,01:13:24.1,2455008.551,60.0,1.16,J,J,,,,usbdrivereplog_J1650-500.csv,,,Data replog,,,J1650-500,True,IR
irfocus.0048,XTE J1650-500,16:50:00.7,-49:57:43,2009-06-26,01:12:07.7,2455008.5501,60.0,1.16,J,J,,,,usbdrivereplog_J1650-500.csv,,,Data replog,,,J1650-500,True,IR
irfocus.0046,XTE J1650-500,16:50:00.7,-49:57:43,2009-06-26,01:09:34.9,2455008.5483,60.0,1.17,J,J,,,,usbdrivereplog_J1650-500.csv,,,Data replog,,,J1650-500,True,IR
ir090624.0178,XTE J1650-500,16:49:59.0,-49:57:25,2009-06-25,02:33:05.2,2455007.6063,60.0,1.08,J,J,,,,usbdrivereplog_J1650-500.csv,,,Data replog,,,J1650-500,True,IR
irfocus.0045,XTE J1650-500,16:50:00.7,-49:57:44,2009-06-26,01:08:18.7,2455008.5474,60.0,1.17,J,J,,,,usbdrivereplog_J1650-500.csv,,,Data replog,,,J1650-500,True,IR
irfocus.0044,XTE J1650-500,16:50:00.7,-49:57:44,2009-06-26,01:07:02.2,2455008.5466,60.0,1.17,J,J,,,,usbdrivereplog_J1650-500.csv,,,Data replog,,,J1650-500,True,IR
irfocus.0043,XTE J1650-500,16:50:00.7,-49:57:44,2009-06-26,01:05:45.5,2455008.5457,60.0,1.17,J,J,,,,usbdrivereplog_J1650-500.csv,,,Data replog,,,J1650-500,True,IR
irfocus.0042,XTE J1650-500,16:50:00.9,-49:57:44,2009-06-26,01:04:29.2,2455008.5448,60.0,1.18,J,J,,,,usbdrivereplog_J1650-500.csv,,,Data replog,,,J1650-500,True,IR
ir090624.0186,XTE J1650-500,16:49:59.0,-49:57:25,2009-06-25,02:43:16.8,2455007.6134,60.0,1.07,J,J,,,,usbdrivereplog_J1650-500.csv,,,Data replog,,,J1650-500,True,IR
ir090624.0185,XTE J1650-500,16:49:59.0,-49:57:25,2009-06-25,02:42:00.2,2455007.6125,60.0,1.07,J,J,,,,usbdrivereplog_J1650-500.csv,,,Data replog,,,J1650-500,True,IR
ir090624.0184,XTE J1650-500,16:49:59.0,-49:57:25,2009-06-25,02:40:43.6,2455007.6116,60.0,1.07,J,J,,,,usbdrivereplog_J1650-500.csv,,,Data replog,,,J1650-500,True,IR
ir090624.0183,XTE J1650-500,16:49:59.1,-49:57:25,2009-06-25,02:39:27.3,2455007.6107,60.0,1.07,J,J,,,,usbdrivereplog_J1650-500.csv,,,Data replog,,,J1650-500,True,IR
ir090624.0182,XTE J1650-500,16:49:59.1,-49:57:25,2009-06-25,02:38:11.0,2455007.6099,60.0,1.07,J,J,,,,usbdrivereplog_J1650-500.csv,,,Data replog,,,J1650-500,True,IR
ir090624.0181,XTE J1650-500,16:49:59.1,-49:57:25,2009-06-25,02:36:54.6,2455007.609,60.0,1.08,J,J,,,,usbdrivereplog_J1650-500.csv,,,Data replog,,,J1650-500,True,IR
ir090624.0180,XTE J1650-500,16:49:59.0,-49:57:25,2009-06-25,02:35:38.1,2455007.6081,60.0,1.08,J,J,,,,usbdrivereplog_J1650-500.csv,,,Data replog,,,J1650-500,True,IR
ir090627.0189,XTE J1650-500,16:50:00.8,-49:57:43,2009-06-28,02:57:18.2,2455010.6231,60.0,1.06,J,J,,,,usbdrivereplog_J1650-500.csv,,,Data replog,,,J1650-500,True,IR
ir090627.0190,XTE J1650-500,16:50:00.8,-49:57:43,2009-06-28,02:58:34.4,2455010.624,60.0,1.06,J,J,,,,usbdrivereplog_J1650-500.csv,,,Data replog,,,J1650-500,True,IR
ir090627.0191,XTE J1650-500,16:50:00.8,-49:57:44,2009-06-28,02:59:50.5,2455010.6249,60.0,1.06,J,J,,,,usbdrivereplog_J1650-500.csv,,,Data replog,,,J1650-500,True,IR
ir090627.0192,XTE J1650-500,16:50:00.8,-49:57:44,2009-06-28,03:01:07.1,2455010.6258,60.0,1.06,J,J,,,,usbdrivereplog_J1650-500.csv,,,Data replog,,,J1650-500,True,IR
ir090630.0101,XTE J1650-500,16:50:01.1,-49:57:44,2009-07-01,00:56:57.6,2455013.5396,60.0,1.16,J,J,,,,usbdrivereplog_J1650-500.csv,,,Data replog,,,J1650-500,True,IR
ir090630.0100,XTE J1650-500,16:50:01.1,-49:57:44,2009-07-01,00:55:41.0,2455013.5387,60.0,1.16,J,J,,,,usbdrivereplog_J1650-500.csv,,,Data replog,,,J1650-500,True,IR
ir090630.0099,XTE J1650-500,16:50:01.0,-49:57:43,2009-07-01,00:54:24.4,2455013.5378,60.0,1.16,J,J,,,,usbdrivereplog_J1650-500.csv,,,Data replog,,,J1650-500,True,IR
ir090630.0098,XTE J1650-500,16:50:01.0,-49:57:43,2009-07-01,00:53:08.3,2455013.5369,60.0,1.16,J,J,,,,usbdrivereplog_J1650-500.csv,,,Data replog,,,J1650-500,True,IR
ir090630.0097,XTE J1650-500,16:50:00.9,-49:57:43,2009-07-01,00:51:52.2,2455013.536,60.0,1.16,J,J,,,,usbdrivereplog_J1650-500.csv,,,Data replog,,,J1650-500,True,IR
ir090630.0096,XTE J1650-500,16:50:01.0,-49:57:43,2009-07-01,00:50:35.6,2455013.5351,60.0,1.17,J,J,,,,usbdrivereplog_J1650-500.csv,,,Data replog,,,J1650-500,True,IR
ir090630.0095,XTE J1650-500,16:50:00.9,-49:57:43,2009-07-01,00:49:18.9,2455013.5343,60.0,1.17,J,J,,,,usbdrivereplog_J1650-500.csv,,,Data replog,,,J1650-500,True,IR
ir090630.0094,XTE J1650-500,16:50:00.9,-49:57:44,2009-07-01,00:48:02.7,2455013.5334,60.0,1.17,J,J,,,,usbdrivereplog_J1650-500.csv,,,Data replog,,,J1650-500,True,IR
ir090630.0093,XTE J1650-500,16:50:00.9,-49:57:44,2009-07-01,00:46:46.1,2455013.5325,60.0,1.17,J,J,,,,usbdrivereplog_J1650-500.csv,,,Data replog,,,J1650-500,True,IR
ir090630.0092,XTE J1650-500,16:50:00.9,-49:57:44,2009-07-01,00:45:29.5,2455013.5316,60.0,1.18,J,J,,,,usbdrivereplog_J1650-500.csv,,,Data replog,,,J1650-500,True,IR
ir090630.0091,XTE J1650-500,16:50:00.9,-49:57:44,2009-07-01,00:44:13.3,2455013.5307,60.0,1.18,J,J,,,,usbdrivereplog_J1650-500.csv,,,Data replog,,,J1650-500,True,IR
ir090629.0244,XTE J1650-500,16:50:00.9,-49:57:42,2009-06-30,03:43:48.2,2455012.6554,60.0,1.08,J,J,,,,usbdrivereplog_J1650-500.csv,,,Data replog,,,J1650-500,True,IR
ir090629.0243,XTE J1650-500,16:50:00.8,-49:57:43,2009-06-30,03:42:31.7,2455012.6545,60.0,1.07,J,J,,,,usbdrivereplog_J1650-500.csv,,,Data replog,,,J1650-500,True,IR
ir090629.0242,XTE J1650-500,16:50:00.8,-49:57:43,2009-06-30,03:41:15.1,2455012.6537,60.0,1.07,J,J,,,,usbdrivereplog_J1650-500.csv,,,Data replog,,,J1650-500,True,IR
ir090629.0241,XTE J1650-500,16:50:00.8,-49:57:43,2009-06-30,03:39:58.9,2455012.6528,60.0,1.07,J,J,,,,usbdrivereplog_J1650-500.csv,,,Data replog,,,J1650-500,True,IR
ir090629.0240,XTE J1650-500,16:50:00.8,-49:57:43,2009-06-30,03:38:42.8,2455012.6519,60.0,1.07,J,J,,,,usbdrivereplog_J1650-500.csv,,,Data replog,,,J1650-500,True,IR
ir090629.0239,XTE J1650-500,16:50:00.9,-49:57:43,2009-06-30,03:37:26.1,2455012.651,60.0,1.07,J,J,,,,usbdrivereplog_J1650-500.csv,,,Data replog,,,J1650-500,True,IR
ir090629.0238,XTE J1650-500,16:50:00.8,-49:57:43,2009-06-30,03:36:09.8,2455012.6501,60.0,1.07,J,J,,,,usbdrivereplog_J1650-500.csv,,,Data replog,,,J1650-500,True,IR
ir090629.0237,XTE J1650-500,16:50:00.9,-49:57:43,2009-06-30,03:34:53.3,2455012.6492,60.0,1.07,J,J,,,,usbdrivereplog_J1650-500.csv,,,Data replog,,,J1650-500,True,IR
ir090629.0236,XTE J1650-500,16:50:00.9,-49:57:43,2009-06-30,03:33:36.8,2455012.6483,60.0,1.07,J,J,,,,usbdrivereplog_J1650-500.csv,,,Data replog,,,J1650-500,True,IR
ir090629.0235,XTE J1650-500,16:50:00.8,-49:57:43,2009-06-30,03:32:20.2,2455012.6475,60.0,1.07,J,J,,,,usbdrivereplog_J1650-500.csv,,,Data replog,,,J1650-500,True,IR
ir090629.0234,XTE J1650-500,16:50:00.8,-49:57:43,2009-06-30,03:31:04.0,2455012.6466,60.0,1.07,J,J,,,,usbdrivereplog_J1650-500.csv,,,Data replog,,,J1650-500,True,IR
ir090627.0193,XTE J1650-500,16:50:00.8,-49:57:44,2009-06-28,03:02:23.8,2455010.6267,60.0,1.06,J,J,,,,usbdrivereplog_J1650-500.csv,,,Data replog,,,J1650-500,True,IR
ir090624.0179,XTE J1650-500,16:49:59.1,-49:57:24,2009-06-25,02:34:21.8,2455007.6072,60.0,1.08,J,J,,,,usbdrivereplog_J1650-500.csv,,,Data replog,,,J1650-500,True,IR
ir090624.0177,XTE J1650-500,16:49:59.1,-49:57:25,2009-06-25,02:31:48.7,2455007.6054,60.0,1.08,J,J,,,,usbdrivereplog_J1650-500.csv,,,Data replog,,,J1650-500,True,IR
ir090701.0202,XTE J1650-500,16:50:00.8,-49:57:43,2009-07-02,03:45:40.2,2455014.6567,60.0,1.08,J,J,,,,usbdrivereplog_J1650-500.csv,,,Data replog,,,J1650-500,True,IR
ir090610.0330,XTE J1650-500,16:49:58.8,-49:57:26,2009-06-11,04:55:54.5,2454993.7055,60.0,1.07,J,J,,,,usbdrivereplog_J1650-500.csv,,,Data replog,,,J1650-500,True,IR
ir090611.0244,XTE J1650-500,16:50:00.9,-49:57:42,2009-06-12,06:48:00.4,2454994.7833,60.0,1.23,J,J,,,,usbdrivereplog_J1650-500.csv,,,Data replog,,,J1650-500,True,IR
ir090611.0243,XTE J1650-500,16:50:00.9,-49:57:42,2009-06-12,06:46:44.0,2454994.7825,60.0,1.23,J,J,,,,usbdrivereplog_J1650-500.csv,,,Data replog,,,J1650-500,True,IR
ir090611.0242,XTE J1650-500,16:50:00.9,-49:57:42,2009-06-12,06:45:27.8,2454994.7816,60.0,1.22,J,J,,,,usbdrivereplog_J1650-500.csv,,,Data replog,,,J1650-500,True,IR
ir090611.0241,XTE J1650-500,16:50:00.9,-49:57:42,2009-06-12,06:44:11.3,2454994.7807,60.0,1.22,J,J,,,,usbdrivereplog_J1650-500.csv,,,Data replog,,,J1650-500,True,IR
ir090611.0240,XTE J1650-500,16:50:00.9,-49:57:42,2009-06-12,06:42:54.8,2454994.7798,60.0,1.22,J,J,,,,usbdrivereplog_J1650-500.csv,,,Data replog,,,J1650-500,True,IR
ir090611.0239,XTE J1650-500,16:50:00.8,-49:57:42,2009-06-12,06:41:38.6,2454994.7789,60.0,1.21,J,J,,,,usbdrivereplog_J1650-500.csv,,,Data replog,,,J1650-500,True,IR
ir090610.0335,XTE J1650-500,16:49:58.9,-49:57:26,2009-06-11,05:02:16.8,2454993.7099,60.0,1.08,J,J,,,,usbdrivereplog_J1650-500.csv,,,Data replog,,,J1650-500,True,IR
ir090610.0334,XTE J1650-500,16:49:58.8,-49:57:27,2009-06-11,05:01:00.2,2454993.709,60.0,1.08,J,J,,,,usbdrivereplog_J1650-500.csv,,,Data replog,,,J1650-500,True,IR
ir090610.0333,XTE J1650-500,16:49:58.9,-49:57:26,2009-06-11,04:59:43.6,2454993.7081,60.0,1.08,J,J,,,,usbdrivereplog_J1650-500.csv,,,Data replog,,,J1650-500,True,IR
ir090610.0332,XTE J1650-500,16:49:58.8,-49:57:26,2009-06-11,04:58:27.4,2454993.7073,60.0,1.08,J,J,,,,usbdrivereplog_J1650-500.csv,,,Data replog,,,J1650-500,True,IR
ir090610.0331,XTE J1650-500,16:49:58.8,-49:57:27,2009-06-11,04:57:10.9,2454993.7064,60.0,1.07,J,J,,,,usbdrivereplog_J1650-500.csv,,,Data replog,,,J1650-500,True,IR
ir090610.0329,XTE J1650-500,16:49:58.8,-49:57:27,2009-06-11,04:54:38.0,2454993.7046,60.0,1.07,J,J,,,,usbdrivereplog_J1650-500.csv,,,Data replog,,,J1650-500,True,IR
ir090624.0176,XTE J1650-500,16:49:59.0,-49:57:25,2009-06-25,02:30:32.3,2455007.6045,60.0,1.08,J,J,,,,usbdrivereplog_J1650-500.csv,,,Data replog,,,J1650-500,True,IR
ir090610.0328,XTE J1650-500,16:49:58.8,-49:57:26,2009-06-11,04:53:21.7,2454993.7037,60.0,1.07,J,J,,,,usbdrivereplog_J1650-500.csv,,,Data replog,,,J1650-500,True,IR
ir090610.0327,XTE J1650-500,16:49:58.8,-49:57:26,2009-06-11,04:52:05.0,2454993.7028,60.0,1.07,J,J,,,,usbdrivereplog_J1650-500.csv,,,Data replog,,,J1650-500,True,IR
ir090610.0326,XTE J1650-500,16:49:58.8,-49:57:27,2009-06-11,04:50:48.5,2454993.702,60.0,1.07,J,J,,,,usbdrivereplog_J1650-500.csv,,,Data replog,,,J1650-500,True,IR
ir090610.0325,XTE J1650-500,16:49:58.8,-49:57:27,2009-06-11,04:49:32.2,2454993.7011,60.0,1.07,J,J,,,,usbdrivereplog_J1650-500.csv,,,Data replog,,,J1650-500,True,IR
ir090608.0237,XTE J1650-500,16:49:59.1,-49:57:28,2009-06-09,06:03:45.3,2454991.7526,60.0,1.13,J,J,,,,usbdrivereplog_J1650-500.csv,,,Data replog,,,J1650-500,True,IR
ir090608.0236,XTE J1650-500,16:49:59.1,-49:57:28,2009-06-09,06:02:28.8,2454991.7517,60.0,1.13,J,J,,,,usbdrivereplog_J1650-500.csv,,,Data replog,,,J1650-500,True,IR
ir090608.0235,XTE J1650-500,16:49:59.1,-49:57:28,2009-06-09,06:01:12.2,2454991.7508,60.0,1.12,J,J,,,,usbdrivereplog_J1650-500.csv,,,Data replog,,,J1650-500,True,IR
ir090608.0234,XTE J1650-500,16:49:59.1,-49:57:28,2009-06-09,05:59:56.0,2454991.75,60.0,1.12,J,J,,,,usbdrivereplog_J1650-500.csv,,,Data replog,,,J1650-500,True,IR
ir090608.0233,XTE J1650-500,16:49:59.1,-49:57:28,2009-06-09,05:58:39.8,2454991.7491,60.0,1.12,J,J,,,,usbdrivereplog_J1650-500.csv,,,Data replog,,,J1650-500,True,IR
ir090608.0232,XTE J1650-500,16:49:59.1,-49:57:28,2009-06-09,05:57:23.4,2454991.7482,60.0,1.12,J,J,,,,usbdrivereplog_J1650-500.csv,,,Data replog,,,J1650-500,True,IR
ir090608.0231,XTE J1650-500,16:49:59.1,-49:57:29,2009-06-09,05:56:07.0,2454991.7473,60.0,1.12,J,J,,,,usbdrivereplog_J1650-500.csv,,,Data replog,,,J1650-500,True,IR
ir090611.0245,XTE J1650-500,16:50:00.9,-49:57:42,2009-06-12,06:49:16.9,2454994.7842,60.0,1.23,J,J,,,,usbdrivereplog_J1650-500.csv,,,Data replog,,,J1650-500,True,IR
ir090611.0246,XTE J1650-500,16:50:00.9,-49:57:41,2009-06-12,06:50:33.2,2454994.7851,60.0,1.23,J,J,,,,usbdrivereplog_J1650-500.csv,,,Data replog,,,J1650-500,True,IR
ir090611.0247,XTE J1650-500,16:50:00.9,-49:57:41,2009-06-12,06:51:49.4,2454994.786,60.0,1.24,J,J,,,,usbdrivereplog_J1650-500.csv,,,Data replog,,,J1650-500,True,IR
ir090611.0248,XTE J1650-500,16:50:00.9,-49:57:41,2009-06-12,06:53:05.9,2454994.7869,60.0,1.24,J,J,,,,usbdrivereplog_J1650-500.csv,,,Data replog,,,J1650-500,True,IR
ir090621.0146,XTE J1650-500,16:49:58.5,-49:57:31,2009-06-22,04:15:46.5,2455004.6776,60.0,1.08,J,J,,,,usbdrivereplog_J1650-500.csv,,,Data replog,,,J1650-500,True,IR
ir090621.0145,XTE J1650-500,16:49:58.5,-49:57:31,2009-06-22,04:14:30.0,2455004.6767,60.0,1.07,J,J,,,,usbdrivereplog_J1650-500.csv,,,Data replog,,,J1650-500,True,IR
ir090621.0144,XTE J1650-500,16:49:58.5,-49:57:31,2009-06-22,04:13:13.6,2455004.6759,60.0,1.07,J,J,,,,usbdrivereplog_J1650-500.csv,,,Data replog,,,J1650-500,True,IR
ir090621.0143,XTE J1650-500,16:49:58.5,-49:57:32,2009-06-22,04:11:57.3,2455004.675,60.0,1.07,J,J,,,,usbdrivereplog_J1650-500.csv,,,Data replog,,,J1650-500,True,IR
ir090621.0142,XTE J1650-500,16:49:58.5,-49:57:32,2009-06-22,04:10:41.1,2455004.6741,60.0,1.07,J,J,,,,usbdrivereplog_J1650-500.csv,,,Data replog,,,J1650-500,True,IR
ir090621.0141,XTE J1650-500,16:49:58.5,-49:57:32,2009-06-22,04:09:24.6,2455004.6732,60.0,1.07,J,J,,,,usbdrivereplog_J1650-500.csv,,,Data replog,,,J1650-500,True,IR
ir090621.0140,XTE J1650-500,16:49:58.5,-49:57:32,2009-06-22,04:08:08.1,2455004.6723,60.0,1.07,J,J,,,,usbdrivereplog_J1650-500.csv,,,Data replog,,,J1650-500,True,IR
ir090621.0139,XTE J1650-500,16:49:58.5,-49:57:32,2009-06-22,04:06:51.8,2455004.6714,60.0,1.07,J,J,,,,usbdrivereplog_J1650-500.csv,,,Data replog,,,J1650-500,True,IR
ir090621.0138,XTE J1650-500,16:49:58.5,-49:57:33,2009-06-22,04:05:35.2,2455004.6705,60.0,1.07,J,J,,,,usbdrivereplog_J1650-500.csv,,,Data replog,,,J1650-500,True,IR
ir090621.0137,XTE J1650-500,16:49:58.5,-49:57:33,2009-06-22,04:04:18.6,2455004.6697,60.0,1.07,J,J,,,,usbdrivereplog_J1650-500.csv,,,Data replog,,,J1650-500,True,IR
ir090621.0136,XTE J1650-500,16:49:58.5,-49:57:33,2009-06-22,04:03:02.4,2455004.6688,60.0,1.07,J,J,,,,usbdrivereplog_J1650-500.csv,,,Data replog,,,J1650-500,True,IR
ir090620.0021,XTE J1650-500,16:49:56.5,-49:57:37,2009-06-21,07:28:11.0,2455003.8112,60.0,1.48,J,J,,,,usbdrivereplog_J1650-500.csv,,,Data replog,,,J1650-500,True,IR
ir090620.0020,XTE J1650-500,16:49:56.5,-49:57:37,2009-06-21,07:26:54.4,2455003.8103,60.0,1.47,J,J,,,,usbdrivereplog_J1650-500.csv,,,Data replog,,,J1650-500,True,IR
ir090620.0019,XTE J1650-500,16:49:56.6,-49:57:37,2009-06-21,07:25:37.8,2455003.8095,60.0,1.47,J,J,,,,usbdrivereplog_J1650-500.csv,,,Data replog,,,J1650-500,True,IR
ir090620.0018,XTE J1650-500,16:49:56.6,-49:57:37,2009-06-21,07:24:21.4,2455003.8086,60.0,1.46,J,J,,,,usbdrivereplog_J1650-500.csv,,,Data replog,,,J1650-500,True,IR
ir090620.0017,XTE J1650-500,16:49:56.7,-49:57:36,2009-06-21,07:23:05.2,2455003.8077,60.0,1.46,J,J,,,,usbdrivereplog_J1650-500.csv,,,Data replog,,,J1650-500,True,IR
ir090620.0016,XTE J1650-500,16:49:56.7,-49:57:36,2009-06-21,07:21:48.6,2455003.8068,60.0,1.45,J,J,,,,usbdrivereplog_J1650-500.csv,,,Data replog,,,J1650-500,True,IR
ir090620.0015,XTE J1650-500,16:49:56.7,-49:57:36,2009-06-21,07:20:32.1,2455003.8059,60.0,1.44,J,J,,,,usbdrivereplog_J1650-500.csv,,,Data replog,,,J1650-500,True,IR
ir090620.0014,XTE J1650-500,16:49:56.6,-49:57:36,2009-06-21,07:19:15.7,2455003.805,60.0,1.44,J,J,,,,usbdrivereplog_J1650-500.csv,,,Data replog,,,J1650-500,True,IR
ir090620.0013,XTE J1650-500,16:49:56.7,-49:57:36,2009-06-21,07:17:59.3,2455003.8042,60.0,1.43,J,J,,,,usbdrivereplog_J1650-500.csv,,,Data replog,,,J1650-500,True,IR
ir090620.0012,XTE J1650-500,16:49:56.6,-49:57:36,2009-06-21,07:16:42.7,2455003.8033,60.0,1.43,J,J,,,,usbdrivereplog_J1650-500.csv,,,Data replog,,,J1650-500,True,IR
ir090620.0011,XTE J1650-500,16:49:56.7,-49:57:36,2009-06-21,07:15:26.4,2455003.8024,60.0,1.42,J,J,,,,usbdrivereplog_J1650-500.csv,,,Data replog,,,J1650-500,True,IR
ir090611.0249,XTE J1650-500,16:50:00.8,-49:57:41,2009-06-12,06:54:22.6,2454994.7878,60.0,1.24,J,J,,,,usbdrivereplog_J1650-500.csv,,,Data replog,,,J1650-500,True,IR
ir090701.0201,XTE J1650-500,16:50:00.9,-49:57:43,2009-07-02,03:44:24.0,2455014.6558,60.0,1.08,J,J,,,,usbdrivereplog_J1650-500.csv,,,Data replog,,,J1650-500,True,IR
ir090701.0203,XTE J1650-500,16:50:00.8,-49:57:43,2009-07-02,03:46:56.9,2455014.6576,60.0,1.08,J,J,,,,usbdrivereplog_J1650-500.csv,,,Data replog,,,J1650-500,True,IR
ir090709.0168,XTE J1650-500,16:50:00.7,-49:57:43,2009-07-10,02:46:49.4,2455022.6159,60.0,1.07,J,J,,,,usbdrivereplog_J1650-500.csv,,,Data replog,,,J1650-500,True,IR
ir090711.0075,XTE J1650-500,16:50:00.8,-49:57:43,2009-07-12,03:50:16.5,2455024.6599,60.0,1.12,J,J,,,,usbdrivereplog_J1650-500.csv,,,Data replog,,,J1650-500,True,IR
ir090709.0178,XTE J1650-500,18:04:34.0,-26:48:46,2009-07-10,02:59:29.7,2455022.6247,20.0,1.01,H,H,,,,usbdrivereplog_J1650-500.csv,,,Data replog,,,J1650-500,True,IR
ir090709.0177,XTE J1650-500,18:04:34.0,-26:48:46,2009-07-10,02:58:53.5,2455022.6242,20.1,1.01,H,H,,,,usbdrivereplog_J1650-500.csv,,,Data replog,,,J1650-500,True,IR
ir090709.0176,XTE J1650-500,18:04:34.1,-26:48:46,2009-07-10,02:58:16.6,2455022.6238,20.1,1.01,H,H,,,,usbdrivereplog_J1650-500.csv,,,Data replog,,,J1650-500,True,IR
ir090709.0175,XTE J1650-500,18:04:34.0,-26:48:45,2009-07-10,02:57:40.2,2455022.6234,20.0,1.01,H,H,,,,usbdrivereplog_J1650-500.csv,,,Data replog,,,J1650-500,True,IR
ir090709.0174,XTE J1650-500,18:04:34.1,-26:48:45,2009-07-10,02:57:04.1,2455022.623,20.1,1.01,H,H,,,,usbdrivereplog_J1650-500.csv,,,Data replog,,,J1650-500,True,IR
ir090709.0173,XTE J1650-500,16:50:00.8,-49:57:44,2009-07-10,02:53:11.6,2455022.6203,60.0,1.07,J,J,,,,usbdrivereplog_J1650-500.csv,,,Data replog,,,J1650-500,True,IR
ir090709.0172,XTE J1650-500,16:50:00.8,-49:57:44,2009-07-10,02:51:54.9,2455022.6194,60.0,1.07,J,J,,,,usbdrivereplog_J1650-500.csv,,,Data replog,,,J1650-500,True,IR
ir090709.0171,XTE J1650-500,16:50:00.8,-49:57:43,2009-07-10,02:50:38.2,2455022.6185,60.0,1.07,J,J,,,,usbdrivereplog_J1650-500.csv,,,Data replog,,,J1650-500,True,IR
ir090709.0170,XTE J1650-500,16:50:00.7,-49:57:43,2009-07-10,02:49:22.0,2455022.6176,60.0,1.07,J,J,,,,usbdrivereplog_J1650-500.csv,,,Data replog,,,J1650-500,True,IR
ir090709.0169,XTE J1650-500,16:50:00.7,-49:57:43,2009-07-10,02:48:05.7,2455022.6167,60.0,1.07,J,J,,,,usbdrivereplog_J1650-500.csv,,,Data replog,,,J1650-500,True,IR
ir090709.0167,XTE J1650-500,16:50:00.8,-49:57:43,2009-07-10,02:45:32.7,2455022.615,60.0,1.07,J,J,,,,usbdrivereplog_J1650-500.csv,,,Data replog,,,J1650-500,True,IR
ir090708.0188,XTE J1650-500,16:49:59.1,-49:57:27,2009-07-09,03:40:06.3,2455021.6529,60.0,1.1,J,J,,,,usbdrivereplog_J1650-500.csv,,,Data replog,,,J1650-500,True,IR
ir090709.0166,XTE J1650-500,16:50:00.8,-49:57:43,2009-07-10,02:44:16.5,2455022.6141,60.0,1.07,J,J,,,,usbdrivereplog_J1650-500.csv,,,Data replog,,,J1650-500,True,IR
ir090709.0165,XTE J1650-500,16:50:00.8,-49:57:44,2009-07-10,02:42:59.9,2455022.6132,60.0,1.07,J,J,,,,usbdrivereplog_J1650-500.csv,,,Data replog,,,J1650-500,True,IR
ir090709.0164,XTE J1650-500,16:50:00.8,-49:57:44,2009-07-10,02:41:43.3,2455022.6123,60.0,1.07,J,J,,,,usbdrivereplog_J1650-500.csv,,,Data replog,,,J1650-500,True,IR
ir090709.0163,XTE J1650-500,16:50:00.8,-49:57:44,2009-07-10,02:40:27.2,2455022.6114,60.0,1.07,J,J,,,,usbdrivereplog_J1650-500.csv,,,Data replog,,,J1650-500,True,IR
ir090708.0196,XTE J1650-500,16:49:59.0,-49:57:25,2009-07-09,03:50:17.8,2455021.6599,60.0,1.11,J,J,,,,usbdrivereplog_J1650-500.csv,,,Data replog,,,J1650-500,True,IR
ir090708.0195,XTE J1650-500,16:49:59.0,-49:57:25,2009-07-09,03:49:01.1,2455021.659,60.0,1.11,J,J,,,,usbdrivereplog_J1650-500.csv,,,Data replog,,,J1650-500,True,IR
ir090708.0194,XTE J1650-500,16:49:59.0,-49:57:26,2009-07-09,03:47:44.5,2455021.6582,60.0,1.11,J,J,,,,usbdrivereplog_J1650-500.csv,,,Data replog,,,J1650-500,True,IR
ir090708.0193,XTE J1650-500,16:49:59.0,-49:57:26,2009-07-09,03:46:28.3,2455021.6573,60.0,1.1,J,J,,,,usbdrivereplog_J1650-500.csv,,,Data replog,,,J1650-500,True,IR
ir090708.0192,XTE J1650-500,16:49:59.0,-49:57:26,2009-07-09,03:45:12.1,2455021.6564,60.0,1.1,J,J,,,,usbdrivereplog_J1650-500.csv,,,Data replog,,,J1650-500,True,IR
ir090708.0191,XTE J1650-500,16:49:59.1,-49:57:26,2009-07-09,03:43:55.6,2455021.6555,60.0,1.1,J,J,,,,usbdrivereplog_J1650-500.csv,,,Data replog,,,J1650-500,True,IR
ir090708.0190,XTE J1650-500,16:49:59.1,-49:57:27,2009-07-09,03:42:39.1,2455021.6546,60.0,1.1,J,J,,,,usbdrivereplog_J1650-500.csv,,,Data replog,,,J1650-500,True,IR
ir090711.0076,XTE J1650-500,16:50:00.8,-49:57:43,2009-07-12,03:51:32.5,2455024.6608,60.0,1.12,J,J,,,,usbdrivereplog_J1650-500.csv,,,Data replog,,,J1650-500,True,IR
ir090711.0077,XTE J1650-500,16:50:00.8,-49:57:43,2009-07-12,03:52:48.6,2455024.6617,60.0,1.13,J,J,,,,usbdrivereplog_J1650-500.csv,,,Data replog,,,J1650-500,True,IR
ir090711.0078,XTE J1650-500,16:50:00.8,-49:57:43,2009-07-12,03:54:05.0,2455024.6626,60.0,1.13,J,J,,,,usbdrivereplog_J1650-500.csv,,,Data replog,,,J1650-500,True,IR
ir090711.0079,XTE J1650-500,16:50:00.8,-49:57:43,2009-07-12,03:55:21.1,2455024.6634,60.0,1.13,J,J,,,,usbdrivereplog_J1650-500.csv,,,Data replog,,,J1650-500,True,IR
ir090716.0185,XTE J1650-500,16:49:59.0,-49:57:17,2009-07-17,03:37:45.4,2455029.6512,60.0,1.13,J,J,,,,usbdrivereplog_J1650-500.csv,,,Data replog,,,J1650-500,True,IR
ir090716.0184,XTE J1650-500,16:49:59.1,-49:57:17,2009-07-17,03:36:29.2,2455029.6503,60.0,1.13,J,J,,,,usbdrivereplog_J1650-500.csv,,,Data replog,,,J1650-500,True,IR
ir090716.0183,XTE J1650-500,16:49:59.1,-49:57:17,2009-07-17,03:35:13.2,2455029.6495,60.0,1.13,J,J,,,,usbdrivereplog_J1650-500.csv,,,Data replog,,,J1650-500,True,IR
ir090716.0182,XTE J1650-500,16:49:59.1,-49:57:17,2009-07-17,03:33:56.9,2455029.6486,60.0,1.13,J,J,,,,usbdrivereplog_J1650-500.csv,,,Data replog,,,J1650-500,True,IR
ir090716.0181,XTE J1650-500,16:49:59.2,-49:57:17,2009-07-17,03:32:40.6,2455029.6477,60.0,1.13,J,J,,,,usbdrivereplog_J1650-500.csv,,,Data replog,,,J1650-500,True,IR
ir090716.0180,XTE J1650-500,16:49:59.2,-49:57:17,2009-07-17,03:31:24.6,2455029.6468,60.0,1.12,J,J,,,,usbdrivereplog_J1650-500.csv,,,Data replog,,,J1650-500,True,IR
ir090715.0157,XTE J1650-500,16:50:01.0,-49:57:45,2009-07-16,04:22:18.5,2455028.6822,60.0,1.2,J,J,,,,usbdrivereplog_J1650-500.csv,,,Data replog,,,J1650-500,True,IR
ir090715.0156,XTE J1650-500,16:50:00.9,-49:57:45,2009-07-16,04:21:02.3,2455028.6813,60.0,1.2,J,J,,,,usbdrivereplog_J1650-500.csv,,,Data replog,,,J1650-500,True,IR
ir090715.0155,XTE J1650-500,16:50:00.9,-49:57:45,2009-07-16,04:19:46.1,2455028.6804,60.0,1.2,J,J,,,,usbdrivereplog_J1650-500.csv,,,Data replog,,,J1650-500,True,IR
ir090715.0154,XTE J1650-500,16:50:00.9,-49:57:44,2009-07-16,04:18:30.0,2455028.6795,60.0,1.19,J,J,,,,usbdrivereplog_J1650-500.csv,,,Data replog,,,J1650-500,True,IR
ir090715.0153,XTE J1650-500,16:50:00.9,-49:57:45,2009-07-16,04:17:14.1,2455028.6786,60.0,1.19,J,J,,,,usbdrivereplog_J1650-500.csv,,,Data replog,,,J1650-500,True,IR
ir090715.0152,XTE J1650-500,16:50:00.8,-49:57:44,2009-07-16,04:15:58.0,2455028.6778,60.0,1.19,J,J,,,,usbdrivereplog_J1650-500.csv,,,Data replog,,,J1650-500,True,IR
ir090715.0151,XTE J1650-500,16:50:00.9,-49:57:44,2009-07-16,04:14:41.8,2455028.6769,60.0,1.19,J,J,,,,usbdrivereplog_J1650-500.csv,,,Data replog,,,J1650-500,True,IR
ir090715.0150,XTE J1650-500,16:50:00.8,-49:57:44,2009-07-16,04:13:25.8,2455028.676,60.0,1.18,J,J,,,,usbdrivereplog_J1650-500.csv,,,Data replog,,,J1650-500,True,IR
ir090715.0149,XTE J1650-500,16:50:00.8,-49:57:44,2009-07-16,04:12:09.5,2455028.6751,60.0,1.18,J,J,,,,usbdrivereplog_J1650-500.csv,,,Data replog,,,J1650-500,True,IR
ir090715.0148,XTE J1650-500,16:50:00.8,-49:57:44,2009-07-16,04:10:53.3,2455028.6742,60.0,1.18,J,J,,,,usbdrivereplog_J1650-500.csv,,,Data replog,,,J1650-500,True,IR
ir090715.0147,XTE J1650-500,16:50:00.8,-49:57:44,2009-07-16,04:09:37.3,2455028.6733,60.0,1.18,J,J,,,,usbdrivereplog_J1650-500.csv,,,Data replog,,,J1650-500,True,IR
ir090711.0085,XTE J1650-500,16:50:00.8,-49:57:43,2009-07-12,04:02:58.3,2455024.6687,60.0,1.14,J,J,,,,usbdrivereplog_J1650-500.csv,,,Data replog,,,J1650-500,True,IR
ir090711.0084,XTE J1650-500,16:50:00.8,-49:57:43,2009-07-12,04:01:42.0,2455024.6678,60.0,1.14,J,J,,,,usbdrivereplog_J1650-500.csv,,,Data replog,,,J1650-500,True,IR
ir090711.0083,XTE J1650-500,16:50:00.8,-49:57:43,2009-07-12,04:00:25.6,2455024.667,60.0,1.14,J,J,,,,usbdrivereplog_J1650-500.csv,,,Data replog,,,J1650-500,True,IR
ir090711.0082,XTE J1650-500,16:50:00.8,-49:57:43,2009-07-12,03:59:09.5,2455024.6661,60.0,1.13,J,J,,,,usbdrivereplog_J1650-500.csv,,,Data replog,,,J1650-500,True,IR
ir090711.0081,XTE J1650-500,16:50:00.8,-49:57:43,2009-07-12,03:57:53.5,2455024.6652,60.0,1.13,J,J,,,,usbdrivereplog_J1650-500.csv,,,Data replog,,,J1650-500,True,IR
ir090711.0080,XTE J1650-500,16:50:00.8,-49:57:43,2009-07-12,03:56:37.4,2455024.6643,60.0,1.13,J,J,,,,usbdrivereplog_J1650-500.csv,,,Data replog,,,J1650-500,True,IR
ir090708.0189,XTE J1650-500,16:49:59.0,-49:57:27,2009-07-09,03:41:22.9,2455021.6537,60.0,1.1,J,J,,,,usbdrivereplog_J1650-500.csv,,,Data replog,,,J1650-500,True,IR
ir090708.0187,XTE J1650-500,16:49:59.1,-49:57:27,2009-07-09,03:38:49.6,2455021.652,60.0,1.1,J,J,,,,usbdrivereplog_J1650-500.csv,,,Data replog,,,J1650-500,True,IR
ir090701.0204,XTE J1650-500,16:50:00.8,-49:57:43,2009-07-02,03:48:13.4,2455014.6585,60.0,1.08,J,J,,,,usbdrivereplog_J1650-500.csv,,,Data replog,,,J1650-500,True,IR
ir090702.0070,XTE J1650-500,16:49:59.3,-49:57:22,2009-07-03,02:26:51.2,2455015.602,60.0,1.07,J,J,,,,usbdrivereplog_J1650-500.csv,,,Data replog,,,J1650-500,True,IR
ir090704.0016,XTE J1650-500,16:49:59.0,-49:57:24,2009-07-05,02:16:25.1,2455017.5948,60.0,1.07,J,J,,,,usbdrivereplog_J1650-500.csv,,,Data replog,,,J1650-500,True,IR
ir090704.0015,XTE J1650-500,16:49:59.0,-49:57:24,2009-07-05,02:15:08.7,2455017.5939,60.0,1.07,J,J,,,,usbdrivereplog_J1650-500.csv,,,Data replog,,,J1650-500,True,IR
ir090704.0014,XTE J1650-500,16:49:59.0,-49:57:24,2009-07-05,02:13:52.5,2455017.593,60.0,1.07,J,J,,,,usbdrivereplog_J1650-500.csv,,,Data replog,,,J1650-500,True,IR
ir090704.0013,XTE J1650-500,16:49:59.0,-49:57:24,2009-07-05,02:12:35.9,2455017.5921,60.0,1.07,J,J,,,,usbdrivereplog_J1650-500.csv,,,Data replog,,,J1650-500,True,IR
ir090704.0012,XTE J1650-500,16:49:59.0,-49:57:24,2009-07-05,02:11:19.2,2455017.5912,60.0,1.07,J,J,,,,usbdrivereplog_J1650-500.csv,,,Data replog,,,J1650-500,True,IR
ir090704.0011,XTE J1650-500,16:49:59.0,-49:57:25,2009-07-05,02:10:03.0,2455017.5903,60.0,1.07,J,J,,,,usbdrivereplog_J1650-500.csv,,,Data replog,,,J1650-500,True,IR
ir090702.0075,XTE J1650-500,16:49:59.3,-49:57:22,2009-07-03,02:33:13.5,2455015.6064,60.0,1.07,J,J,,,,usbdrivereplog_J1650-500.csv,,,Data replog,,,J1650-500,True,IR
ir090702.0074,XTE J1650-500,16:49:59.4,-49:57:22,2009-07-03,02:31:56.8,2455015.6055,60.0,1.07,J,J,,,,usbdrivereplog_J1650-500.csv,,,Data replog,,,J1650-500,True,IR
ir090702.0073,XTE J1650-500,16:49:59.3,-49:57:22,2009-07-03,02:30:40.2,2455015.6046,60.0,1.07,J,J,,,,usbdrivereplog_J1650-500.csv,,,Data replog,,,J1650-500,True,IR
ir090702.0072,XTE J1650-500,16:49:59.3,-49:57:22,2009-07-03,02:29:23.9,2455015.6037,60.0,1.07,J,J,,,,usbdrivereplog_J1650-500.csv,,,Data replog,,,J1650-500,True,IR
ir090702.0071,XTE J1650-500,16:49:59.3,-49:57:22,2009-07-03,02:28:07.7,2455015.6029,60.0,1.07,J,J,,,,usbdrivereplog_J1650-500.csv,,,Data replog,,,J1650-500,True,IR
ir090702.0069,XTE J1650-500,16:49:59.3,-49:57:22,2009-07-03,02:25:34.7,2455015.6011,60.0,1.07,J,J,,,,usbdrivereplog_J1650-500.csv,,,Data replog,,,J1650-500,True,IR
ir090708.0186,XTE J1650-500,16:49:59.2,-49:57:28,2009-07-09,03:37:33.4,2455021.6511,60.0,1.1,J,J,,,,usbdrivereplog_J1650-500.csv,,,Data replog,,,J1650-500,True,IR
ir090702.0068,XTE J1650-500,16:49:59.3,-49:57:22,2009-07-03,02:24:18.4,2455015.6002,60.0,1.07,J,J,,,,usbdrivereplog_J1650-500.csv,,,Data replog,,,J1650-500,True,IR
ir090702.0067,XTE J1650-500,16:49:59.3,-49:57:22,2009-07-03,02:23:01.9,2455015.5993,60.0,1.07,J,J,,,,usbdrivereplog_J1650-500.csv,,,Data replog,,,J1650-500,True,IR
ir090702.0066,XTE J1650-500,16:49:59.3,-49:57:22,2009-07-03,02:21:45.4,2455015.5984,60.0,1.07,J,J,,,,usbdrivereplog_J1650-500.csv,,,Data replog,,,J1650-500,True,IR
ir090702.0065,XTE J1650-500,16:49:59.4,-49:57:23,2009-07-03,02:20:29.2,2455015.5976,60.0,1.07,J,J,,,,usbdrivereplog_J1650-500.csv,,,Data replog,,,J1650-500,True,IR
ir090701.0211,XTE J1650-500,16:50:01.0,-49:57:43,2009-07-02,03:57:08.7,2455014.6647,60.0,1.09,J,J,,,,usbdrivereplog_J1650-500.csv,,,Data replog,,,J1650-500,True,IR
ir090701.0210,XTE J1650-500,16:50:01.0,-49:57:43,2009-07-02,03:55:52.0,2455014.6638,60.0,1.09,J,J,,,,usbdrivereplog_J1650-500.csv,,,Data replog,,,J1650-500,True,IR
ir090701.0209,XTE J1650-500,16:50:00.9,-49:57:43,2009-07-02,03:54:35.4,2455014.6629,60.0,1.09,J,J,,,,usbdrivereplog_J1650-500.csv,,,Data replog,,,J1650-500,True,IR
ir090701.0208,XTE J1650-500,16:50:00.9,-49:57:43,2009-07-02,03:53:19.1,2455014.662,60.0,1.09,J,J,,,,usbdrivereplog_J1650-500.csv,,,Data replog,,,J1650-500,True,IR
ir090701.0207,XTE J1650-500,16:50:00.9,-49:57:42,2009-07-02,03:52:02.7,2455014.6612,60.0,1.09,J,J,,,,usbdrivereplog_J1650-500.csv,,,Data replog,,,J1650-500,True,IR
ir090701.0206,XTE J1650-500,16:50:00.9,-49:57:43,2009-07-02,03:50:46.3,2455014.6603,60.0,1.08,J,J,,,,usbdrivereplog_J1650-500.csv,,,Data replog,,,J1650-500,True,IR
ir090701.0205,XTE J1650-500,16:50:00.9,-49:57:43,2009-07-02,03:49:29.7,2455014.6594,60.0,1.08,J,J,,,,usbdrivereplog_J1650-500.csv,,,Data replog,,,J1650-500,True,IR
ir090704.0017,XTE J1650-500,16:49:59.0,-49:57:24,2009-07-05,02:17:41.5,2455017.5956,60.0,1.07,J,J,,,,usbdrivereplog_J1650-500.csv,,,Data replog,,,J1650-500,True,IR
ir090704.0018,XTE J1650-500,16:49:59.0,-49:57:25,2009-07-05,02:18:57.8,2455017.5965,60.0,1.07,J,J,,,,usbdrivereplog_J1650-500.csv,,,Data replog,,,J1650-500,True,IR
ir090704.0019,XTE J1650-500,16:49:59.0,-49:57:25,2009-07-05,02:20:14.2,2455017.5974,60.0,1.07,J,J,,,,usbdrivereplog_J1650-500.csv,,,Data replog,,,J1650-500,True,IR
ir090704.0020,XTE J1650-500,16:49:59.1,-49:57:24,2009-07-05,02:21:30.8,2455017.5983,60.0,1.07,J,J,,,,usbdrivereplog_J1650-500.csv,,,Data replog,,,J1650-500,True,IR
ir090707.0228,XTE J1650-500,16:49:59.0,-49:57:29,2009-07-08,04:45:39.1,2455020.6984,60.0,1.19,J,J,,,,usbdrivereplog_J1650-500.csv,,,Data replog,,,J1650-500,True,IR
ir090707.0227,XTE J1650-500,16:49:58.9,-49:57:29,2009-07-08,04:44:22.4,2455020.6975,60.0,1.18,J,J,,,,usbdrivereplog_J1650-500.csv,,,Data replog,,,J1650-500,True,IR
ir090707.0226,XTE J1650-500,16:49:58.9,-49:57:28,2009-07-08,04:43:05.9,2455020.6966,60.0,1.18,J,J,,,,usbdrivereplog_J1650-500.csv,,,Data replog,,,J1650-500,True,IR
ir090707.0225,XTE J1650-500,16:49:58.9,-49:57:28,2009-07-08,04:41:49.6,2455020.6957,60.0,1.18,J,J,,,,usbdrivereplog_J1650-500.csv,,,Data replog,,,J1650-500,True,IR
ir090707.0224,XTE J1650-500,16:49:58.9,-49:57:28,2009-07-08,04:40:33.5,2455020.6948,60.0,1.18,J,J,,,,usbdrivereplog_J1650-500.csv,,,Data replog,,,J1650-500,True,IR
ir090707.0223,XTE J1650-500,16:49:58.9,-49:57:28,2009-07-08,04:39:17.0,2455020.694,60.0,1.17,J,J,,,,usbdrivereplog_J1650-500.csv,,,Data replog,,,J1650-500,True,IR
ir090707.0222,XTE J1650-500,16:49:58.9,-49:57:28,2009-07-08,04:38:00.7,2455020.6931,60.0,1.17,J,J,,,,usbdrivereplog_J1650-500.csv,,,Data replog,,,J1650-500,True,IR
ir090707.0221,XTE J1650-500,16:49:58.9,-49:57:28,2009-07-08,04:36:44.4,2455020.6922,60.0,1.17,J,J,,,,usbdrivereplog_J1650-500.csv,,,Data replog,,,J1650-500,True,IR
ir090707.0220,XTE J1650-500,16:49:58.8,-49:57:28,2009-07-08,04:35:27.7,2455020.6913,60.0,1.17,J,J,,,,usbdrivereplog_J1650-500.csv,,,Data replog,,,J1650-500,True,IR
ir090707.0219,XTE J1650-500,16:49:58.9,-49:57:28,2009-07-08,04:34:11.2,2455020.6904,60.0,1.16,J,J,,,,usbdrivereplog_J1650-500.csv,,,Data replog,,,J1650-500,True,IR
ir090707.0218,XTE J1650-500,16:49:58.9,-49:57:27,2009-07-08,04:32:55.0,2455020.6895,60.0,1.16,J,J,,,,usbdrivereplog_J1650-500.csv,,,Data replog,,,J1650-500,True,IR
ir090705.0262,XTE J1650-500,16:49:59.0,-49:57:27,2009-07-06,05:00:01.7,2455018.7083,60.0,1.2,J,J,,,,usbdrivereplog_J1650-500.csv,,,Data replog,,,J1650-500,True,IR
ir090705.0261,XTE J1650-500,16:49:59.0,-49:57:27,2009-07-06,04:58:45.2,2455018.7075,60.0,1.2,J,J,,,,usbdrivereplog_J1650-500.csv,,,Data replog,,,J1650-500,True,IR
ir090705.0260,XTE J1650-500,16:49:58.9,-49:57:27,2009-07-06,04:57:28.5,2455018.7066,60.0,1.19,J,J,,,,usbdrivereplog_J1650-500.csv,,,Data replog,,,J1650-500,True,IR
ir090705.0259,XTE J1650-500,16:49:58.9,-49:57:27,2009-07-06,04:56:12.2,2455018.7057,60.0,1.19,J,J,,,,usbdrivereplog_J1650-500.csv,,,Data replog,,,J1650-500,True,IR
ir090705.0258,XTE J1650-500,16:49:59.0,-49:57:27,2009-07-06,04:54:56.1,2455018.7048,60.0,1.19,J,J,,,,usbdrivereplog_J1650-500.csv,,,Data replog,,,J1650-500,True,IR
ir090705.0257,XTE J1650-500,16:49:58.9,-49:57:26,2009-07-06,04:53:39.7,2455018.7039,60.0,1.19,J,J,,,,usbdrivereplog_J1650-500.csv,,,Data replog,,,J1650-500,True,IR
ir090705.0256,XTE J1650-500,16:49:58.9,-49:57:26,2009-07-06,04:52:23.2,2455018.703,60.0,1.18,J,J,,,,usbdrivereplog_J1650-500.csv,,,Data replog,,,J1650-500,True,IR
ir090705.0255,XTE J1650-500,16:49:58.9,-49:57:27,2009-07-06,04:51:06.9,2455018.7022,60.0,1.18,J,J,,,,usbdrivereplog_J1650-500.csv,,,Data replog,,,J1650-500,True,IR
ir090705.0254,XTE J1650-500,16:49:59.0,-49:57:27,2009-07-06,04:49:50.3,2455018.7013,60.0,1.18,J,J,,,,usbdrivereplog_J1650-500.csv,,,Data replog,,,J1650-500,True,IR
ir090705.0253,XTE J1650-500,16:49:59.0,-49:57:27,2009-07-06,04:48:33.8,2455018.7004,60.0,1.18,J,J,,,,usbdrivereplog_J1650-500.csv,,,Data replog,,,J1650-500,True,IR
ir090705.0252,XTE J1650-500,16:49:58.9,-49:57:27,2009-07-06,04:47:17.5,2455018.6995,60.0,1.17,J,J,,,,usbdrivereplog_J1650-500.csv,,,Data replog,,,J1650-500,True,IR
ir090704.0021,XTE J1650-500,16:49:59.1,-49:57:25,2009-07-05,02:22:47.3,2455017.5992,60.0,1.07,J,J,,,,usbdrivereplog_J1650-500.csv,,,Data replog,,,J1650-500,True,IR
ir090608.0230,XTE J1650-500,16:49:59.2,-49:57:29,2009-06-09,05:54:50.8,2454991.7464,60.0,1.12,J,J,,,,usbdrivereplog_J1650-500.csv,,,Data replog,,,J1650-500,True,IR
ir090608.0229,XTE J1650-500,16:49:59.2,-49:57:29,2009-06-09,05:53:34.2,2454991.7455,60.0,1.11,J,J,,,,usbdrivereplog_J1650-500.csv,,,Data replog,,,J1650-500,True,IR
ir090608.0228,XTE J1650-500,16:49:59.2,-49:57:30,2009-06-09,05:52:17.6,2454991.7446,60.0,1.11,J,J,,,,usbdrivereplog_J1650-500.csv,,,Data replog,,,J1650-500,True,IR
ir090514.0189,XTE J1650-500,16:50:01.9,-49:57:22,2009-05-15,04:31:05.4,2454966.6883,60.0,1.12,J,J,,,,usbdrivereplog_J1650-500.csv,,,Data replog,,,J1650-500,True,IR
ir090515.0363,XTE J1650-500,16:50:00.8,-49:57:45,2009-05-16,08:52:45.0,2454967.87,60.0,1.28,J,J,,,,usbdrivereplog_J1650-500.csv,,,Data replog,,,J1650-500,True,IR
ir090515.0362,XTE J1650-500,16:50:00.8,-49:57:45,2009-05-16,08:51:28.6,2454967.8691,60.0,1.27,J,J,,,,usbdrivereplog_J1650-500.csv,,,Data replog,,,J1650-500,True,IR
ir090515.0361,XTE J1650-500,16:50:00.8,-49:57:45,2009-05-16,08:50:12.2,2454967.8682,60.0,1.27,J,J,,,,usbdrivereplog_J1650-500.csv,,,Data replog,,,J1650-500,True,IR
ir090515.0360,XTE J1650-500,16:50:00.8,-49:57:45,2009-05-16,08:48:56.1,2454967.8673,60.0,1.26,J,J,,,,usbdrivereplog_J1650-500.csv,,,Data replog,,,J1650-500,True,IR
ir090515.0359,XTE J1650-500,16:50:00.8,-49:57:44,2009-05-16,08:47:39.4,2454967.8664,60.0,1.26,J,J,,,,usbdrivereplog_J1650-500.csv,,,Data replog,,,J1650-500,True,IR
ir090515.0358,XTE J1650-500,16:50:00.8,-49:57:45,2009-05-16,08:46:22.8,2454967.8656,60.0,1.26,J,J,,,,usbdrivereplog_J1650-500.csv,,,Data replog,,,J1650-500,True,IR
ir090515.0357,XTE J1650-500,16:50:00.8,-49:57:45,2009-05-16,08:45:06.7,2454967.8647,60.0,1.25,J,J,,,,usbdrivereplog_J1650-500.csv,,,Data replog,,,J1650-500,True,IR
ir090514.0193,XTE J1650-500,16:50:02.0,-49:57:23,2009-05-15,04:36:11.1,2454966.6918,60.0,1.11,J,J,,,,usbdrivereplog_J1650-500.csv,,,Data replog,,,J1650-500,True,IR
ir090514.0192,XTE J1650-500,16:50:01.9,-49:57:23,2009-05-15,04:34:54.5,2454966.6909,60.0,1.11,J,J,,,,usbdrivereplog_J1650-500.csv,,,Data replog,,,J1650-500,True,IR
ir090514.0191,XTE J1650-500,16:50:01.9,-49:57:23,2009-05-15,04:33:38.1,2454966.69,60.0,1.11,J,J,,,,usbdrivereplog_J1650-500.csv,,,Data replog,,,J1650-500,True,IR
ir090514.0190,XTE J1650-500,16:50:01.9,-49:57:22,2009-05-15,04:32:21.7,2454966.6891,60.0,1.11,J,J,,,,usbdrivereplog_J1650-500.csv,,,Data replog,,,J1650-500,True,IR
ir090514.0188,XTE J1650-500,16:50:01.8,-49:57:23,2009-05-15,04:29:48.9,2454966.6874,60.0,1.12,J,J,,,,usbdrivereplog_J1650-500.csv,,,Data replog,,,J1650-500,True,IR
ir090512.0272,XTE J1650-500,16:50:00.9,-49:57:43,2009-05-13,05:31:18.9,2454964.7301,60.0,1.07,J,J,,,,usbdrivereplog_J1650-500.csv,,,Data replog,,,J1650-500,True,IR
ir090514.0187,XTE J1650-500,16:50:01.8,-49:57:22,2009-05-15,04:28:32.5,2454966.6865,60.0,1.12,J,J,,,,usbdrivereplog_J1650-500.csv,,,Data replog,,,J1650-500,True,IR
ir090514.0186,XTE J1650-500,16:50:01.8,-49:57:22,2009-05-15,04:27:16.4,2454966.6856,60.0,1.12,J,J,,,,usbdrivereplog_J1650-500.csv,,,Data replog,,,J1650-500,True,IR
ir090514.0185,XTE J1650-500,16:50:01.8,-49:57:23,2009-05-15,04:25:59.7,2454966.6847,60.0,1.12,J,J,,,,usbdrivereplog_J1650-500.csv,,,Data replog,,,J1650-500,True,IR
ir090514.0184,XTE J1650-500,16:50:01.7,-49:57:22,2009-05-15,04:24:43.2,2454966.6838,60.0,1.12,J,J,,,,usbdrivereplog_J1650-500.csv,,,Data replog,,,J1650-500,True,IR
ir090514.0183,XTE J1650-500,16:50:01.7,-49:57:23,2009-05-15,04:23:26.9,2454966.683,60.0,1.12,J,J,,,,usbdrivereplog_J1650-500.csv,,,Data replog,,,J1650-500,True,IR
ir090512.0279,XTE J1650-500,16:50:00.8,-49:57:43,2009-05-13,05:40:13.4,2454964.7363,60.0,1.07,J,J,,,,usbdrivereplog_J1650-500.csv,,,Data replog,,,J1650-500,True,IR
ir090512.0278,XTE J1650-500,16:50:00.7,-49:57:42,2009-05-13,05:38:56.8,2454964.7354,60.0,1.07,J,J,,,,usbdrivereplog_J1650-500.csv,,,Data replog,,,J1650-500,True,IR
ir090512.0277,XTE J1650-500,16:50:00.8,-49:57:43,2009-05-13,05:37:40.5,2454964.7346,60.0,1.07,J,J,,,,usbdrivereplog_J1650-500.csv,,,Data replog,,,J1650-500,True,IR
ir090512.0276,XTE J1650-500,16:50:00.8,-49:57:43,2009-05-13,05:36:24.0,2454964.7337,60.0,1.07,J,J,,,,usbdrivereplog_J1650-500.csv,,,Data replog,,,J1650-500,True,IR
ir090512.0275,XTE J1650-500,16:50:00.8,-49:57:43,2009-05-13,05:35:07.9,2454964.7328,60.0,1.07,J,J,,,,usbdrivereplog_J1650-500.csv,,,Data replog,,,J1650-500,True,IR
ir090512.0274,XTE J1650-500,16:50:00.8,-49:57:43,2009-05-13,05:33:51.5,2454964.7319,60.0,1.07,J,J,,,,usbdrivereplog_J1650-500.csv,,,Data replog,,,J1650-500,True,IR
ir090515.0364,XTE J1650-500,16:50:00.8,-49:57:46,2009-05-16,08:54:01.2,2454967.8709,60.0,1.28,J,J,,,,usbdrivereplog_J1650-500.csv,,,Data replog,,,J1650-500,True,IR
ir090515.0365,XTE J1650-500,16:50:00.8,-49:57:46,2009-05-16,08:55:17.4,2454967.8717,60.0,1.28,J,J,,,,usbdrivereplog_J1650-500.csv,,,Data replog,,,J1650-500,True,IR
ir090515.0366,XTE J1650-500,16:50:00.8,-49:57:46,2009-05-16,08:56:33.9,2454967.8726,60.0,1.29,J,J,,,,usbdrivereplog_J1650-500.csv,,,Data replog,,,J1650-500,True,IR
ir090515.0367,XTE J1650-500,16:50:00.8,-49:57:47,2009-05-16,08:57:50.4,2454967.8735,60.0,1.29,J,J,,,,usbdrivereplog_J1650-500.csv,,,Data replog,,,J1650-500,True,IR
ir090520.0313,XTE J1650-500,16:50:00.9,-49:57:43,2009-05-21,08:41:08.5,2454972.8619,60.0,1.3,J,J,,,,usbdrivereplog_J1650-500.csv,,,Data replog,,,J1650-500,True,IR
ir090518.0367,XTE J1650-500,16:50:00.7,-49:57:43,2009-05-19,07:46:12.7,2454970.8238,60.0,1.16,J,J,,,,usbdrivereplog_J1650-500.csv,,,Data replog,,,J1650-500,True,IR
ir090518.0366,XTE J1650-500,16:50:00.7,-49:57:43,2009-05-19,07:44:56.2,2454970.8229,60.0,1.15,J,J,,,,usbdrivereplog_J1650-500.csv,,,Data replog,,,J1650-500,True,IR
ir090518.0365,XTE J1650-500,16:50:00.7,-49:57:43,2009-05-19,07:43:39.6,2454970.822,60.0,1.15,J,J,,,,usbdrivereplog_J1650-500.csv,,,Data replog,,,J1650-500,True,IR
ir090518.0364,XTE J1650-500,16:50:00.7,-49:57:43,2009-05-19,07:42:23.2,2454970.8211,60.0,1.15,J,J,,,,usbdrivereplog_J1650-500.csv,,,Data replog,,,J1650-500,True,IR
ir090518.0363,XTE J1650-500,16:50:00.7,-49:57:43,2009-05-19,07:41:06.7,2454970.8202,60.0,1.15,J,J,,,,usbdrivereplog_J1650-500.csv,,,Data replog,,,J1650-500,True,IR
ir090518.0362,XTE J1650-500,16:50:00.8,-49:57:43,2009-05-19,07:39:50.0,2454970.8193,60.0,1.15,J,J,,,,usbdrivereplog_J1650-500.csv,,,Data replog,,,J1650-500,True,IR
ir090518.0361,XTE J1650-500,16:50:00.8,-49:57:43,2009-05-19,07:38:33.4,2454970.8185,60.0,1.14,J,J,,,,usbdrivereplog_J1650-500.csv,,,Data replog,,,J1650-500,True,IR
ir090518.0360,XTE J1650-500,16:50:00.8,-49:57:44,2009-05-19,07:37:17.1,2454970.8176,60.0,1.14,J,J,,,,usbdrivereplog_J1650-500.csv,,,Data replog,,,J1650-500,True,IR
ir090518.0359,XTE J1650-500,16:50:00.9,-49:57:43,2009-05-19,07:36:00.5,2454970.8167,60.0,1.14,J,J,,,,usbdrivereplog_J1650-500.csv,,,Data replog,,,J1650-500,True,IR
ir090518.0358,XTE J1650-500,16:50:00.8,-49:57:44,2009-05-19,07:34:43.8,2454970.8158,60.0,1.14,J,J,,,,usbdrivereplog_J1650-500.csv,,,Data replog,,,J1650-500,True,IR
ir090518.0357,XTE J1650-500,16:50:00.9,-49:57:43,2009-05-19,07:33:27.5,2454970.8149,60.0,1.14,J,J,,,,usbdrivereplog_J1650-500.csv,,,Data replog,,,J1650-500,True,IR
ir090517.0282,XTE J1650-500,16:50:01.0,-49:57:43,2009-05-18,06:55:27.5,2454969.7885,60.0,1.09,J,J,,,,usbdrivereplog_J1650-500.csv,,,Data replog,,,J1650-500,True,IR
ir090517.0281,XTE J1650-500,16:50:00.9,-49:57:43,2009-05-18,06:54:10.8,2454969.7876,60.0,1.09,J,J,,,,usbdrivereplog_J1650-500.csv,,,Data replog,,,J1650-500,True,IR
ir090517.0280,XTE J1650-500,16:50:00.9,-49:57:43,2009-05-18,06:52:54.3,2454969.7868,60.0,1.09,J,J,,,,usbdrivereplog_J1650-500.csv,,,Data replog,,,J1650-500,True,IR
ir090517.0279,XTE J1650-500,16:50:00.9,-49:57:43,2009-05-18,06:51:38.0,2454969.7859,60.0,1.09,J,J,,,,usbdrivereplog_J1650-500.csv,,,Data replog,,,J1650-500,True,IR
ir090517.0278,XTE J1650-500,16:50:00.9,-49:57:43,2009-05-18,06:50:21.8,2454969.785,60.0,1.09,J,J,,,,usbdrivereplog_J1650-500.csv,,,Data replog,,,J1650-500,True,IR
ir090517.0277,XTE J1650-500,16:50:00.8,-49:57:43,2009-05-18,06:49:05.2,2454969.7841,60.0,1.09,J,J,,,,usbdrivereplog_J1650-500.csv,,,Data replog,,,J1650-500,True,IR
ir090517.0276,XTE J1650-500,16:50:00.8,-49:57:43,2009-05-18,06:47:48.7,2454969.7832,60.0,1.08,J,J,,,,usbdrivereplog_J1650-500.csv,,,Data replog,,,J1650-500,True,IR
ir090517.0275,XTE J1650-500,16:50:00.8,-49:57:43,2009-05-18,06:46:32.5,2454969.7823,60.0,1.08,J,J,,,,usbdrivereplog_J1650-500.csv,,,Data replog,,,J1650-500,True,IR
ir090517.0274,XTE J1650-500,16:50:00.8,-49:57:44,2009-05-18,06:45:16.0,2454969.7815,60.0,1.08,J,J,,,,usbdrivereplog_J1650-500.csv,,,Data replog,,,J1650-500,True,IR
ir090517.0273,XTE J1650-500,16:50:00.8,-49:57:44,2009-05-18,06:43:59.3,2454969.7806,60.0,1.08,J,J,,,,usbdrivereplog_J1650-500.csv,,,Data replog,,,J1650-500,True,IR
ir090517.0272,XTE J1650-500,16:50:00.8,-49:57:43,2009-05-18,06:42:43.1,2454969.7797,60.0,1.08,J,J,,,,usbdrivereplog_J1650-500.csv,,,Data replog,,,J1650-500,True,IR
ir090512.0273,XTE J1650-500,16:50:00.8,-49:57:43,2009-05-13,05:32:35.3,2454964.731,60.0,1.07,J,J,,,,usbdrivereplog_J1650-500.csv,,,Data replog,,,J1650-500,True,IR
ir090512.0271,XTE J1650-500,16:50:00.9,-49:57:43,2009-05-13,05:30:02.4,2454964.7293,60.0,1.07,J,J,,,,usbdrivereplog_J1650-500.csv,,,Data replog,,,J1650-500,True,IR
ir090608.0227,XTE J1650-500,16:49:59.3,-49:57:30,2009-06-09,05:51:01.4,2454991.7438,60.0,1.11,J,J,,,,usbdrivereplog_J1650-500.csv,,,Data replog,,,J1650-500,True,IR
ir090502.0296,XTE J1650-500,16:50:00.9,-49:57:42,2009-05-03,06:59:16.2,2454954.7912,60.0,1.06,J,J,,,,usbdrivereplog_J1650-500.csv,,,Data replog,,,J1650-500,True,IR
ir090503.0344,XTE J1650-500,16:50:00.9,-49:57:42,2009-05-04,07:00:08.1,2454955.7918,60.0,1.07,J,J,,,,usbdrivereplog_J1650-500.csv,,,Data replog,,,J1650-500,True,IR
ir090503.0343,XTE J1650-500,16:50:00.9,-49:57:42,2009-05-04,06:58:51.7,2454955.7909,60.0,1.07,J,J,,,,usbdrivereplog_J1650-500.csv,,,Data replog,,,J1650-500,True,IR
ir090503.0342,XTE J1650-500,16:50:00.8,-49:57:42,2009-05-04,06:57:35.2,2454955.79,60.0,1.06,J,J,,,,usbdrivereplog_J1650-500.csv,,,Data replog,,,J1650-500,True,IR
ir090503.0341,XTE J1650-500,16:50:00.9,-49:57:42,2009-05-04,06:56:19.0,2454955.7891,60.0,1.06,J,J,,,,usbdrivereplog_J1650-500.csv,,,Data replog,,,J1650-500,True,IR
ir090503.0340,XTE J1650-500,16:50:00.8,-49:57:43,2009-05-04,06:55:02.3,2454955.7882,60.0,1.06,J,J,,,,usbdrivereplog_J1650-500.csv,,,Data replog,,,J1650-500,True,IR
ir090503.0339,XTE J1650-500,16:50:00.9,-49:57:43,2009-05-04,06:53:45.7,2454955.7873,60.0,1.06,J,J,,,,usbdrivereplog_J1650-500.csv,,,Data replog,,,J1650-500,True,IR
ir090503.0338,XTE J1650-500,16:50:00.8,-49:57:44,2009-05-04,06:52:29.5,2454955.7865,60.0,1.06,J,J,,,,usbdrivereplog_J1650-500.csv,,,Data replog,,,J1650-500,True,IR
ir090502.0300,XTE J1650-500,16:50:00.9,-49:57:42,2009-05-03,07:04:22.0,2454954.7947,60.0,1.07,J,J,,,,usbdrivereplog_J1650-500.csv,,,Data replog,,,J1650-500,True,IR
ir090502.0299,XTE J1650-500,16:50:00.9,-49:57:42,2009-05-03,07:03:05.3,2454954.7938,60.0,1.07,J,J,,,,usbdrivereplog_J1650-500.csv,,,Data replog,,,J1650-500,True,IR
ir090502.0298,XTE J1650-500,16:50:00.9,-49:57:42,2009-05-03,07:01:48.7,2454954.7929,60.0,1.07,J,J,,,,usbdrivereplog_J1650-500.csv,,,Data replog,,,J1650-500,True,IR
ir090502.0297,XTE J1650-500,16:50:00.9,-49:57:43,2009-05-03,07:00:32.5,2454954.7921,60.0,1.06,J,J,,,,usbdrivereplog_J1650-500.csv,,,Data replog,,,J1650-500,True,IR
ir090502.0295,XTE J1650-500,16:50:00.9,-49:57:42,2009-05-03,06:57:59.7,2454954.7903,60.0,1.06,J,J,,,,usbdrivereplog_J1650-500.csv,,,Data replog,,,J1650-500,True,IR
ir090512.0270,XTE J1650-500,16:50:00.9,-49:57:43,2009-05-13,05:28:45.9,2454964.7284,60.0,1.07,J,J,,,,usbdrivereplog_J1650-500.csv,,,Data replog,,,J1650-500,True,IR
ir090502.0294,XTE J1650-500,16:50:00.9,-49:57:43,2009-05-03,06:56:43.2,2454954.7894,60.0,1.06,J,J,,,,usbdrivereplog_J1650-500.csv,,,Data replog,,,J1650-500,True,IR
ir090502.0293,XTE J1650-500,16:50:00.9,-49:57:43,2009-05-03,06:55:27.0,2454954.7885,60.0,1.06,J,J,,,,usbdrivereplog_J1650-500.csv,,,Data replog,,,J1650-500,True,IR
ir090502.0292,XTE J1650-500,16:50:00.9,-49:57:44,2009-05-03,06:54:10.5,2454954.7876,60.0,1.06,J,J,,,,usbdrivereplog_J1650-500.csv,,,Data replog,,,J1650-500,True,IR
ir090502.0291,XTE J1650-500,16:50:00.9,-49:57:44,2009-05-03,06:52:53.9,2454954.7867,60.0,1.06,J,J,,,,usbdrivereplog_J1650-500.csv,,,Data replog,,,J1650-500,True,IR
ir090502.0290,XTE J1650-500,16:50:00.9,-49:57:44,2009-05-03,06:51:37.7,2454954.7859,60.0,1.06,J,J,,,,usbdrivereplog_J1650-500.csv,,,Data replog,,,J1650-500,True,IR
ir090430.0125,XTE J1650-500,16:50:01.4,-49:57:43,2009-05-01,03:07:35.5,2454952.6303,60.0,1.46,J,J,,,,usbdrivereplog_J1650-500.csv,,,Data replog,,,J1650-500,True,IR
ir090430.0124,XTE J1650-500,16:50:01.3,-49:57:43,2009-05-01,03:06:18.8,2454952.6294,60.0,1.47,J,J,,,,usbdrivereplog_J1650-500.csv,,,Data replog,,,J1650-500,True,IR
ir090430.0123,XTE J1650-500,16:50:01.3,-49:57:43,2009-05-01,03:05:02.3,2454952.6285,60.0,1.48,J,J,,,,usbdrivereplog_J1650-500.csv,,,Data replog,,,J1650-500,True,IR
ir090430.0122,XTE J1650-500,16:50:01.2,-49:57:43,2009-05-01,03:03:45.9,2454952.6276,60.0,1.48,J,J,,,,usbdrivereplog_J1650-500.csv,,,Data replog,,,J1650-500,True,IR
ir090430.0121,XTE J1650-500,16:50:01.1,-49:57:43,2009-05-01,03:02:29.5,2454952.6267,60.0,1.49,J,J,,,,usbdrivereplog_J1650-500.csv,,,Data replog,,,J1650-500,True,IR
ir090430.0120,XTE J1650-500,16:50:01.1,-49:57:43,2009-05-01,03:01:12.9,2454952.6258,60.0,1.49,J,J,,,,usbdrivereplog_J1650-500.csv,,,Data replog,,,J1650-500,True,IR
ir090503.0345,XTE J1650-500,16:50:00.8,-49:57:41,2009-05-04,07:01:24.3,2454955.7927,60.0,1.07,J,J,,,,usbdrivereplog_J1650-500.csv,,,Data replog,,,J1650-500,True,IR
ir090503.0346,XTE J1650-500,16:50:00.9,-49:57:41,2009-05-04,07:02:40.5,2454955.7935,60.0,1.07,J,J,,,,usbdrivereplog_J1650-500.csv,,,Data replog,,,J1650-500,True,IR
ir090503.0347,XTE J1650-500,16:50:00.9,-49:57:41,2009-05-04,07:03:57.0,2454955.7944,60.0,1.07,J,J,,,,usbdrivereplog_J1650-500.csv,,,Data replog,,,J1650-500,True,IR
ir090503.0348,XTE J1650-500,16:50:00.9,-49:57:41,2009-05-04,07:05:13.5,2454955.7953,60.0,1.07,J,J,,,,usbdrivereplog_J1650-500.csv,,,Data replog,,,J1650-500,True,IR
ir090512.0269,XTE J1650-500,16:50:01.0,-49:57:42,2009-05-13,05:27:29.6,2454964.7275,60.0,1.07,J,J,,,,usbdrivereplog_J1650-500.csv,,,Data replog,,,J1650-500,True,IR
ir090508.0353,XTE J1650-500,16:50:01.3,-49:57:43,2009-05-09,08:54:07.5,2454960.8709,60.0,1.21,J,J,,,,usbdrivereplog_J1650-500.csv,,,Data replog,,,J1650-500,True,IR
ir090508.0352,XTE J1650-500,16:50:01.3,-49:57:43,2009-05-09,08:52:51.0,2454960.8701,60.0,1.21,J,J,,,,usbdrivereplog_J1650-500.csv,,,Data replog,,,J1650-500,True,IR
ir090508.0351,XTE J1650-500,16:50:01.3,-49:57:43,2009-05-09,08:51:34.4,2454960.8692,60.0,1.21,J,J,,,,usbdrivereplog_J1650-500.csv,,,Data replog,,,J1650-500,True,IR
ir090508.0350,XTE J1650-500,16:50:01.3,-49:57:43,2009-05-09,08:50:18.3,2454960.8683,60.0,1.2,J,J,,,,usbdrivereplog_J1650-500.csv,,,Data replog,,,J1650-500,True,IR
ir090508.0349,XTE J1650-500,16:50:01.2,-49:57:43,2009-05-09,08:49:02.2,2454960.8674,60.0,1.2,J,J,,,,usbdrivereplog_J1650-500.csv,,,Data replog,,,J1650-500,True,IR
ir090508.0348,XTE J1650-500,16:50:01.2,-49:57:43,2009-05-09,08:47:45.7,2454960.8665,60.0,1.2,J,J,,,,usbdrivereplog_J1650-500.csv,,,Data replog,,,J1650-500,True,IR
ir090508.0347,XTE J1650-500,16:50:01.3,-49:57:43,2009-05-09,08:46:29.3,2454960.8656,60.0,1.2,J,J,,,,usbdrivereplog_J1650-500.csv,,,Data replog,,,J1650-500,True,IR
ir090508.0346,XTE J1650-500,16:50:01.3,-49:57:43,2009-05-09,08:45:13.1,2454960.8648,60.0,1.19,J,J,,,,usbdrivereplog_J1650-500.csv,,,Data replog,,,J1650-500,True,IR
ir090508.0345,XTE J1650-500,16:50:01.2,-49:57:43,2009-05-09,08:43:56.6,2454960.8639,60.0,1.19,J,J,,,,usbdrivereplog_J1650-500.csv,,,Data replog,,,J1650-500,True,IR
ir090508.0344,XTE J1650-500,16:50:01.2,-49:57:42,2009-05-09,08:42:40.1,2454960.863,60.0,1.19,J,J,,,,usbdrivereplog_J1650-500.csv,,,Data replog,,,J1650-500,True,IR
ir090508.0343,XTE J1650-500,16:50:01.1,-49:57:42,2009-05-09,08:41:23.9,2454960.8621,60.0,1.19,J,J,,,,usbdrivereplog_J1650-500.csv,,,Data replog,,,J1650-500,True,IR
ir090504.0272,XTE J1650-500,16:50:00.6,-49:57:42,2009-05-05,05:35:56.9,2454956.7333,60.0,1.09,J,J,,,,usbdrivereplog_J1650-500.csv,,,Data replog,,,J1650-500,True,IR
ir090504.0271,XTE J1650-500,16:50:00.7,-49:57:42,2009-05-05,05:34:40.4,2454956.7324,60.0,1.09,J,J,,,,usbdrivereplog_J1650-500.csv,,,Data replog,,,J1650-500,True,IR
ir090504.0270,XTE J1650-500,16:50:00.7,-49:57:42,2009-05-05,05:33:23.8,2454956.7315,60.0,1.09,J,J,,,,usbdrivereplog_J1650-500.csv,,,Data replog,,,J1650-500,True,IR
ir090504.0269,XTE J1650-500,16:50:00.7,-49:57:42,2009-05-05,05:32:07.7,2454956.7306,60.0,1.09,J,J,,,,usbdrivereplog_J1650-500.csv,,,Data replog,,,J1650-500,True,IR
ir090504.0268,XTE J1650-500,16:50:00.7,-49:57:42,2009-05-05,05:30:51.3,2454956.7298,60.0,1.09,J,J,,,,usbdrivereplog_J1650-500.csv,,,Data replog,,,J1650-500,True,IR
ir090504.0267,XTE J1650-500,16:50:00.8,-49:57:42,2009-05-05,05:29:34.8,2454956.7289,60.0,1.1,J,J,,,,usbdrivereplog_J1650-500.csv,,,Data replog,,,J1650-500,True,IR
ir090504.0266,XTE J1650-500,16:50:00.8,-49:57:43,2009-05-05,05:28:18.4,2454956.728,60.0,1.1,J,J,,,,usbdrivereplog_J1650-500.csv,,,Data replog,,,J1650-500,True,IR
ir090504.0265,XTE J1650-500,16:50:00.8,-49:57:43,2009-05-05,05:27:02.2,2454956.7271,60.0,1.1,J,J,,,,usbdrivereplog_J1650-500.csv,,,Data replog,,,J1650-500,True,IR
ir090504.0264,XTE J1650-500,16:50:00.8,-49:57:43,2009-05-05,05:25:45.7,2454956.7262,60.0,1.1,J,J,,,,usbdrivereplog_J1650-500.csv,,,Data replog,,,J1650-500,True,IR
ir090504.0263,XTE J1650-500,16:50:00.9,-49:57:43,2009-05-05,05:24:29.2,2454956.7253,60.0,1.1,J,J,,,,usbdrivereplog_J1650-500.csv,,,Data replog,,,J1650-500,True,IR
ir090504.0262,XTE J1650-500,16:50:00.8,-49:57:43,2009-05-05,05:23:12.9,2454956.7245,60.0,1.1,J,J,,,,usbdrivereplog_J1650-500.csv,,,Data replog,,,J1650-500,True,IR
ir090520.0314,XTE J1650-500,16:50:00.8,-49:57:42,2009-05-21,08:42:24.6,2454972.8628,60.0,1.3,J,J,,,,usbdrivereplog_J1650-500.csv,,,Data replog,,,J1650-500,True,IR
ir090520.0315,XTE J1650-500,16:50:00.7,-49:57:42,2009-05-21,08:43:41.1,2454972.8637,60.0,1.31,J,J,,,,usbdrivereplog_J1650-500.csv,,,Data replog,,,J1650-500,True,IR
ir090520.0316,XTE J1650-500,16:50:00.7,-49:57:42,2009-05-21,08:44:57.6,2454972.8646,60.0,1.31,J,J,,,,usbdrivereplog_J1650-500.csv,,,Data replog,,,J1650-500,True,IR
ir090602.0301,XTE J1650-500,16:50:00.8,-49:57:44,2009-06-03,06:48:40.3,2454985.7839,60.0,1.16,J,J,,,,usbdrivereplog_J1650-500.csv,,,Data replog,,,J1650-500,True,IR
ir090605.0154,XTE J1650-500,16:50:00.1,-49:57:33,2009-06-06,03:21:57.4,2454988.6403,60.0,1.1,J,J,,,,usbdrivereplog_J1650-500.csv,,,Data replog,,,J1650-500,True,IR
ir090605.0153,XTE J1650-500,16:50:00.1,-49:57:32,2009-06-06,03:20:41.0,2454988.6394,60.0,1.1,J,J,,,,usbdrivereplog_J1650-500.csv,,,Data replog,,,J1650-500,True,IR
ir090605.0152,XTE J1650-500,16:50:00.1,-49:57:33,2009-06-06,03:19:24.7,2454988.6385,60.0,1.1,J,J,,,,usbdrivereplog_J1650-500.csv,,,Data replog,,,J1650-500,True,IR
ir090605.0151,XTE J1650-500,16:50:00.2,-49:57:33,2009-06-06,03:18:08.2,2454988.6376,60.0,1.1,J,J,,,,usbdrivereplog_J1650-500.csv,,,Data replog,,,J1650-500,True,IR
ir090605.0150,XTE J1650-500,16:50:00.2,-49:57:33,2009-06-06,03:16:51.6,2454988.6367,60.0,1.1,J,J,,,,usbdrivereplog_J1650-500.csv,,,Data replog,,,J1650-500,True,IR
ir090605.0149,XTE J1650-500,16:50:00.3,-49:57:34,2009-06-06,03:15:35.4,2454988.6358,60.0,1.1,J,J,,,,usbdrivereplog_J1650-500.csv,,,Data replog,,,J1650-500,True,IR
ir090602.0306,XTE J1650-500,16:50:00.9,-49:57:45,2009-06-03,06:55:02.4,2454985.7883,60.0,1.17,J,J,,,,usbdrivereplog_J1650-500.csv,,,Data replog,,,J1650-500,True,IR
ir090602.0305,XTE J1650-500,16:50:00.8,-49:57:45,2009-06-03,06:53:45.8,2454985.7874,60.0,1.17,J,J,,,,usbdrivereplog_J1650-500.csv,,,Data replog,,,J1650-500,True,IR
ir090602.0304,XTE J1650-500,16:50:00.9,-49:57:45,2009-06-03,06:52:29.3,2454985.7865,60.0,1.17,J,J,,,,usbdrivereplog_J1650-500.csv,,,Data replog,,,J1650-500,True,IR
ir090602.0303,XTE J1650-500,16:50:00.8,-49:57:45,2009-06-03,06:51:13.1,2454985.7856,60.0,1.16,J,J,,,,usbdrivereplog_J1650-500.csv,,,Data replog,,,J1650-500,True,IR
ir090602.0302,XTE J1650-500,16:50:00.9,-49:57:44,2009-06-03,06:49:56.9,2454985.7848,60.0,1.16,J,J,,,,usbdrivereplog_J1650-500.csv,,,Data replog,,,J1650-500,True,IR
ir090602.0300,XTE J1650-500,16:50:00.8,-49:57:44,2009-06-03,06:47:23.9,2454985.783,60.0,1.16,J,J,,,,usbdrivereplog_J1650-500.csv,,,Data replog,,,J1650-500,True,IR
ir090520.0317,XTE J1650-500,16:50:00.7,-49:57:42,2009-05-21,08:46:13.8,2454972.8654,60.0,1.31,J,J,,,,usbdrivereplog_J1650-500.csv,,,Data replog,,,J1650-500,True,IR
ir090602.0299,XTE J1650-500,16:50:00.9,-49:57:44,2009-06-03,06:46:07.6,2454985.7821,60.0,1.16,J,J,,,,usbdrivereplog_J1650-500.csv,,,Data replog,,,J1650-500,True,IR
ir090602.0298,XTE J1650-500,16:50:00.9,-49:57:44,2009-06-03,06:44:51.2,2454985.7812,60.0,1.15,J,J,,,,usbdrivereplog_J1650-500.csv,,,Data replog,,,J1650-500,True,IR
ir090602.0297,XTE J1650-500,16:50:00.9,-49:57:44,2009-06-03,06:43:34.8,2454985.7803,60.0,1.15,J,J,,,,usbdrivereplog_J1650-500.csv,,,Data replog,,,J1650-500,True,IR
ir090602.0296,XTE J1650-500,16:50:00.9,-49:57:44,2009-06-03,06:42:18.5,2454985.7795,60.0,1.15,J,J,,,,usbdrivereplog_J1650-500.csv,,,Data replog,,,J1650-500,True,IR
ir90531.0292,XTE J1650-500,16:50:01.4,-49:57:24,2009-06-01,06:08:20.9,2454983.7558,60.0,1.1,J,J,,,,usbdrivereplog_J1650-500.csv,,,Data replog,,,J1650-500,True,IR
ir90531.0291,XTE J1650-500,16:50:01.4,-49:57:24,2009-06-01,06:07:04.4,2454983.755,60.0,1.1,J,J,,,,usbdrivereplog_J1650-500.csv,,,Data replog,,,J1650-500,True,IR
ir90531.0290,XTE J1650-500,16:50:01.4,-49:57:24,2009-06-01,06:05:47.8,2454983.7541,60.0,1.1,J,J,,,,usbdrivereplog_J1650-500.csv,,,Data replog,,,J1650-500,True,IR
ir90531.0289,XTE J1650-500,16:50:01.3,-49:57:24,2009-06-01,06:04:31.6,2454983.7532,60.0,1.09,J,J,,,,usbdrivereplog_J1650-500.csv,,,Data replog,,,J1650-500,True,IR
ir90531.0288,XTE J1650-500,16:50:01.3,-49:57:25,2009-06-01,06:03:15.4,2454983.7523,60.0,1.09,J,J,,,,usbdrivereplog_J1650-500.csv,,,Data replog,,,J1650-500,True,IR
ir90531.0287,XTE J1650-500,16:50:01.3,-49:57:25,2009-06-01,06:01:59.1,2454983.7514,60.0,1.09,J,J,,,,usbdrivereplog_J1650-500.csv,,,Data replog,,,J1650-500,True,IR
ir90531.0286,XTE J1650-500,16:50:01.3,-49:57:24,2009-06-01,06:00:42.7,2454983.7505,60.0,1.09,J,J,,,,usbdrivereplog_J1650-500.csv,,,Data replog,,,J1650-500,True,IR
ir090605.0155,XTE J1650-500,16:50:00.1,-49:57:32,2009-06-06,03:23:13.8,2454988.6411,60.0,1.1,J,J,,,,usbdrivereplog_J1650-500.csv,,,Data replog,,,J1650-500,True,IR
ir090605.0156,XTE J1650-500,16:50:00.0,-49:57:32,2009-06-06,03:24:30.0,2454988.642,60.0,1.09,J,J,,,,usbdrivereplog_J1650-500.csv,,,Data replog,,,J1650-500,True,IR
ir090605.0157,XTE J1650-500,16:50:00.0,-49:57:32,2009-06-06,03:25:46.5,2454988.6429,60.0,1.09,J,J,,,,usbdrivereplog_J1650-500.csv,,,Data replog,,,J1650-500,True,IR
ir090605.0158,XTE J1650-500,16:49:59.9,-49:57:32,2009-06-06,03:27:03.1,2454988.6438,60.0,1.09,J,J,,,,usbdrivereplog_J1650-500.csv,,,Data replog,,,J1650-500,True,IR
ir090607.0274,XTE J1650-500,16:49:58.5,-49:57:31,2009-06-08,06:54:03.4,2454990.7875,60.0,1.21,J,J,,,,usbdrivereplog_J1650-500.csv,,,Data replog,,,J1650-500,True,IR
ir090607.0273,XTE J1650-500,16:49:58.5,-49:57:31,2009-06-08,06:52:46.6,2454990.7867,60.0,1.2,J,J,,,,usbdrivereplog_J1650-500.csv,,,Data replog,,,J1650-500,True,IR
ir090607.0272,XTE J1650-500,16:49:58.5,-49:57:31,2009-06-08,06:51:30.0,2454990.7858,60.0,1.2,J,J,,,,usbdrivereplog_J1650-500.csv,,,Data replog,,,J1650-500,True,IR
ir090607.0271,XTE J1650-500,16:49:58.5,-49:57:31,2009-06-08,06:50:13.8,2454990.7849,60.0,1.2,J,J,,,,usbdrivereplog_J1650-500.csv,,,Data replog,,,J1650-500,True,IR
ir090607.0270,XTE J1650-500,16:49:58.4,-49:57:31,2009-06-08,06:48:57.7,2454990.784,60.0,1.2,J,J,,,,usbdrivereplog_J1650-500.csv,,,Data replog,,,J1650-500,True,IR
ir090607.0269,XTE J1650-500,16:49:58.4,-49:57:30,2009-06-08,06:47:41.3,2454990.7831,60.0,1.19,J,J,,,,usbdrivereplog_J1650-500.csv,,,Data replog,,,J1650-500,True,IR
ir090607.0268,XTE J1650-500,16:49:58.4,-49:57:31,2009-06-08,06:46:24.8,2454990.7822,60.0,1.19,J,J,,,,usbdrivereplog_J1650-500.csv,,,Data replog,,,J1650-500,True,IR
ir090607.0267,XTE J1650-500,16:49:58.4,-49:57:30,2009-06-08,06:45:08.6,2454990.7813,60.0,1.19,J,J,,,,usbdrivereplog_J1650-500.csv,,,Data replog,,,J1650-500,True,IR
ir090607.0266,XTE J1650-500,16:49:58.4,-49:57:30,2009-06-08,06:43:52.0,2454990.7805,60.0,1.19,J,J,,,,usbdrivereplog_J1650-500.csv,,,Data replog,,,J1650-500,True,IR
ir090607.0265,XTE J1650-500,16:49:58.4,-49:57:30,2009-06-08,06:42:35.5,2454990.7796,60.0,1.18,J,J,,,,usbdrivereplog_J1650-500.csv,,,Data replog,,,J1650-500,True,IR
ir090607.0264,XTE J1650-500,16:49:58.4,-49:57:31,2009-06-08,06:41:19.2,2454990.7787,60.0,1.18,J,J,,,,usbdrivereplog_J1650-500.csv,,,Data replog,,,J1650-500,True,IR
ir090606.0184,XTE J1650-500,16:49:58.9,-49:57:35,2009-06-07,04:35:09.8,2454989.6911,60.0,1.06,J,J,,,,usbdrivereplog_J1650-500.csv,,,Data replog,,,J1650-500,True,IR
ir090606.0183,XTE J1650-500,16:49:59.0,-49:57:35,2009-06-07,04:33:53.2,2454989.6902,60.0,1.06,J,J,,,,usbdrivereplog_J1650-500.csv,,,Data replog,,,J1650-500,True,IR
ir090606.0182,XTE J1650-500,16:49:58.9,-49:57:35,2009-06-07,04:32:36.6,2454989.6893,60.0,1.06,J,J,,,,usbdrivereplog_J1650-500.csv,,,Data replog,,,J1650-500,True,IR
ir090606.0181,XTE J1650-500,16:49:59.0,-49:57:35,2009-06-07,04:31:20.4,2454989.6884,60.0,1.06,J,J,,,,usbdrivereplog_J1650-500.csv,,,Data replog,,,J1650-500,True,IR
ir090606.0180,XTE J1650-500,16:49:59.0,-49:57:35,2009-06-07,04:30:04.0,2454989.6875,60.0,1.06,J,J,,,,usbdrivereplog_J1650-500.csv,,,Data replog,,,J1650-500,True,IR
ir090606.0179,XTE J1650-500,16:49:59.0,-49:57:35,2009-06-07,04:28:47.5,2454989.6867,60.0,1.06,J,J,,,,usbdrivereplog_J1650-500.csv,,,Data replog,,,J1650-500,True,IR
ir090606.0178,XTE J1650-500,16:49:59.0,-49:57:35,2009-06-07,04:27:31.0,2454989.6858,60.0,1.06,J,J,,,,usbdrivereplog_J1650-500.csv,,,Data replog,,,J1650-500,True,IR
ir090606.0177,XTE J1650-500,16:49:59.0,-49:57:35,2009-06-07,04:26:14.6,2454989.6849,60.0,1.06,J,J,,,,usbdrivereplog_J1650-500.csv,,,Data replog,,,J1650-500,True,IR
ir090606.0176,XTE J1650-500,16:49:59.0,-49:57:35,2009-06-07,04:24:57.9,2454989.684,60.0,1.06,J,J,,,,usbdrivereplog_J1650-500.csv,,,Data replog,,,J1650-500,True,IR
ir090606.0175,XTE J1650-500,16:49:58.9,-49:57:35,2009-06-07,04:23:41.3,2454989.6831,60.0,1.06,J,J,,,,usbdrivereplog_J1650-500.csv,,,Data replog,,,J1650-500,True,IR
ir090606.0174,XTE J1650-500,16:49:59.0,-49:57:35,2009-06-07,04:22:25.1,2454989.6822,60.0,1.06,J,J,,,,usbdrivereplog_J1650-500.csv,,,Data replog,,,J1650-500,True,IR
ir090605.0159,XTE J1650-500,16:49:59.9,-49:57:31,2009-06-06,03:28:19.6,2454988.6447,60.0,1.09,J,J,,,,usbdrivereplog_J1650-500.csv,,,Data replog,,,J1650-500,True,IR
ir90531.0285,XTE J1650-500,16:50:01.3,-49:57:24,2009-06-01,05:59:26.5,2454983.7497,60.0,1.09,J,J,,,,usbdrivereplog_J1650-500.csv,,,Data replog,,,J1650-500,True,IR
ir90531.0284,XTE J1650-500,16:50:01.2,-49:57:24,2009-06-01,05:58:10.0,2454983.7488,60.0,1.09,J,J,,,,usbdrivereplog_J1650-500.csv,,,Data replog,,,J1650-500,True,IR
ir90531.0283,XTE J1650-500,16:50:01.2,-49:57:24,2009-06-01,05:56:53.5,2454983.7479,60.0,1.09,J,J,,,,usbdrivereplog_J1650-500.csv,,,Data replog,,,J1650-500,True,IR
ir090523.0253,XTE J1650-500,16:49:59.4,-49:57:26,2009-05-24,04:35:27.6,2454975.6913,60.0,1.08,J,J,,,,usbdrivereplog_J1650-500.csv,,,Data replog,,,J1650-500,True,IR
ir090523.0251,XTE J1650-500,16:49:59.4,-49:57:26,2009-05-24,04:32:54.9,2454975.6895,60.0,1.08,J,J,,,,usbdrivereplog_J1650-500.csv,,,Data replog,,,J1650-500,True,IR
ir090523.0250,XTE J1650-500,16:49:59.4,-49:57:27,2009-05-24,04:31:38.4,2454975.6886,60.0,1.08,J,J,,,,usbdrivereplog_J1650-500.csv,,,Data replog,,,J1650-500,True,IR
ir090523.0249,XTE J1650-500,16:49:59.5,-49:57:27,2009-05-24,04:30:22.3,2454975.6878,60.0,1.08,J,J,,,,usbdrivereplog_J1650-500.csv,,,Data replog,,,J1650-500,True,IR
ir090523.0248,XTE J1650-500,16:49:59.4,-49:57:27,2009-05-24,04:29:05.6,2454975.6869,60.0,1.08,J,J,,,,usbdrivereplog_J1650-500.csv,,,Data replog,,,J1650-500,True,IR
ir090523.0247,XTE J1650-500,16:49:59.5,-49:57:28,2009-05-24,04:27:49.0,2454975.686,60.0,1.08,J,J,,,,usbdrivereplog_J1650-500.csv,,,Data replog,,,J1650-500,True,IR
ir090523.0246,XTE J1650-500,16:49:59.5,-49:57:29,2009-05-24,04:26:32.8,2454975.6851,60.0,1.09,J,J,,,,usbdrivereplog_J1650-500.csv,,,Data replog,,,J1650-500,True,IR
ir090521.0279,XTE J1650-500,16:50:00.6,-49:57:45,2009-05-22,08:03:36.4,2454973.8358,60.0,1.21,J,J,,,,usbdrivereplog_J1650-500.csv,,,Data replog,,,J1650-500,True,IR
ir090521.0278,XTE J1650-500,16:50:00.5,-49:57:45,2009-05-22,08:02:19.6,2454973.835,60.0,1.21,J,J,,,,usbdrivereplog_J1650-500.csv,,,Data replog,,,J1650-500,True,IR
ir090521.0277,XTE J1650-500,16:50:00.6,-49:57:45,2009-05-22,08:01:03.1,2454973.8341,60.0,1.21,J,J,,,,usbdrivereplog_J1650-500.csv,,,Data replog,,,J1650-500,True,IR
ir090521.0276,XTE J1650-500,16:50:00.5,-49:57:45,2009-05-22,07:59:46.8,2454973.8332,60.0,1.2,J,J,,,,usbdrivereplog_J1650-500.csv,,,Data replog,,,J1650-500,True,IR
ir090521.0275,XTE J1650-500,16:50:00.5,-49:57:45,2009-05-22,07:58:30.6,2454973.8323,60.0,1.2,J,J,,,,usbdrivereplog_J1650-500.csv,,,Data replog,,,J1650-500,True,IR
ir090521.0274,XTE J1650-500,16:50:00.4,-49:57:45,2009-05-22,07:57:14.1,2454973.8314,60.0,1.2,J,J,,,,usbdrivereplog_J1650-500.csv,,,Data replog,,,J1650-500,True,IR
ir090521.0273,XTE J1650-500,16:50:00.4,-49:57:45,2009-05-22,07:55:57.7,2454973.8305,60.0,1.2,J,J,,,,usbdrivereplog_J1650-500.csv,,,Data replog,,,J1650-500,True,IR
ir090521.0272,XTE J1650-500,16:50:00.4,-49:57:45,2009-05-22,07:54:41.5,2454973.8297,60.0,1.19,J,J,,,,usbdrivereplog_J1650-500.csv,,,Data replog,,,J1650-500,True,IR
ir090521.0271,XTE J1650-500,16:50:00.4,-49:57:45,2009-05-22,07:53:24.9,2454973.8288,60.0,1.19,J,J,,,,usbdrivereplog_J1650-500.csv,,,Data replog,,,J1650-500,True,IR
ir090521.0270,XTE J1650-500,16:50:00.4,-49:57:44,2009-05-22,07:52:08.3,2454973.8279,60.0,1.19,J,J,,,,usbdrivereplog_J1650-500.csv,,,Data replog,,,J1650-500,True,IR
ir090521.0269,XTE J1650-500,16:50:00.4,-49:57:45,2009-05-22,07:50:52.1,2454973.827,60.0,1.19,J,J,,,,usbdrivereplog_J1650-500.csv,,,Data replog,,,J1650-500,True,IR
ir090520.0323,XTE J1650-500,16:50:00.4,-49:57:42,2009-05-21,08:53:52.3,2454972.8707,60.0,1.34,J,J,,,,usbdrivereplog_J1650-500.csv,,,Data replog,,,J1650-500,True,IR
ir090520.0322,XTE J1650-500,16:50:00.5,-49:57:42,2009-05-21,08:52:35.6,2454972.8699,60.0,1.33,J,J,,,,usbdrivereplog_J1650-500.csv,,,Data replog,,,J1650-500,True,IR
ir090520.0321,XTE J1650-500,16:50:00.5,-49:57:42,2009-05-21,08:51:18.9,2454972.869,60.0,1.33,J,J,,,,usbdrivereplog_J1650-500.csv,,,Data replog,,,J1650-500,True,IR
ir090520.0320,XTE J1650-500,16:50:00.6,-49:57:42,2009-05-21,08:50:02.7,2454972.8681,60.0,1.33,J,J,,,,usbdrivereplog_J1650-500.csv,,,Data replog,,,J1650-500,True,IR
ir090520.0319,XTE J1650-500,16:50:00.6,-49:57:42,2009-05-21,08:48:46.5,2454972.8672,60.0,1.32,J,J,,,,usbdrivereplog_J1650-500.csv,,,Data replog,,,J1650-500,True,IR
ir090520.0318,XTE J1650-500,16:50:00.7,-49:57:42,2009-05-21,08:47:30.2,2454972.8663,60.0,1.32,J,J,,,,usbdrivereplog_J1650-500.csv,,,Data replog,,,J1650-500,True,IR
ir090523.0252,XTE J1650-500,16:49:59.4,-49:57:26,2009-05-24,04:34:11.4,2454975.6904,60.0,1.08,J,J,,,,usbdrivereplog_J1650-500.csv,,,Data replog,,,J1650-500,True,IR
ir090523.0254,XTE J1650-500,16:49:59.4,-49:57:26,2009-05-24,04:36:43.9,2454975.6922,60.0,1.08,J,J,,,,usbdrivereplog_J1650-500.csv,,,Data replog,,,J1650-500,True,IR
ir90531.0282,XTE J1650-500,16:50:01.2,-49:57:24,2009-06-01,05:55:37.3,2454983.747,60.0,1.09,J,J,,,,usbdrivereplog_J1650-500.csv,,,Data replog,,,J1650-500,True,IR
ir090523.0255,XTE J1650-500,16:49:59.4,-49:57:25,2009-05-24,04:38:00.4,2454975.6931,60.0,1.08,J,J,,,,usbdrivereplog_J1650-500.csv,,,Data replog,,,J1650-500,True,IR
ir090530.0129,XTE J1650-500,16:50:00.9,-49:57:38,2009-05-31,05:02:29.9,2454982.7101,60.0,1.06,J,J,,,,usbdrivereplog_J1650-500.csv,,,Data replog,,,J1650-500,True,IR
ir090530.0128,XTE J1650-500,16:50:00.9,-49:57:38,2009-05-31,05:01:13.3,2454982.7092,60.0,1.06,J,J,,,,usbdrivereplog_J1650-500.csv,,,Data replog,,,J1650-500,True,IR
ir090530.0127,XTE J1650-500,16:50:00.9,-49:57:38,2009-05-31,04:59:56.8,2454982.7083,60.0,1.06,J,J,,,,usbdrivereplog_J1650-500.csv,,,Data replog,,,J1650-500,True,IR
ir090530.0126,XTE J1650-500,16:50:00.9,-49:57:38,2009-05-31,04:58:40.7,2454982.7075,60.0,1.06,J,J,,,,usbdrivereplog_J1650-500.csv,,,Data replog,,,J1650-500,True,IR
ir090530.0125,XTE J1650-500,16:50:00.9,-49:57:38,2009-05-31,04:57:24.5,2454982.7066,60.0,1.06,J,J,,,,usbdrivereplog_J1650-500.csv,,,Data replog,,,J1650-500,True,IR
ir090530.0124,XTE J1650-500,16:50:00.9,-49:57:38,2009-05-31,04:56:08.0,2454982.7057,60.0,1.06,J,J,,,,usbdrivereplog_J1650-500.csv,,,Data replog,,,J1650-500,True,IR
ir090530.0123,XTE J1650-500,16:50:00.8,-49:57:38,2009-05-31,04:54:51.6,2454982.7048,60.0,1.06,J,J,,,,usbdrivereplog_J1650-500.csv,,,Data replog,,,J1650-500,True,IR
ir090530.0122,XTE J1650-500,16:50:00.8,-49:57:38,2009-05-31,04:53:35.3,2454982.7039,60.0,1.06,J,J,,,,usbdrivereplog_J1650-500.csv,,,Data replog,,,J1650-500,True,IR
ir090530.0121,XTE J1650-500,16:50:00.8,-49:57:38,2009-05-31,04:52:18.7,2454982.703,60.0,1.06,J,J,,,,usbdrivereplog_J1650-500.csv,,,Data replog,,,J1650-500,True,IR
ir090530.0120,XTE J1650-500,16:50:00.8,-49:57:39,2009-05-31,04:51:02.2,2454982.7021,60.0,1.06,J,J,,,,usbdrivereplog_J1650-500.csv,,,Data replog,,,J1650-500,True,IR
ir090530.0119,XTE J1650-500,16:50:00.8,-49:57:38,2009-05-31,04:49:46.0,2454982.7013,60.0,1.06,J,J,,,,usbdrivereplog_J1650-500.csv,,,Data replog,,,J1650-500,True,IR
ir090524.0151,XTE J1650-500,16:49:58.0,-49:57:29,2009-05-25,08:50:13.4,2454976.8682,60.0,1.38,J,J,,,,usbdrivereplog_J1650-500.csv,,,Data replog,,,J1650-500,True,IR
ir090524.0150,XTE J1650-500,16:49:58.1,-49:57:29,2009-05-25,08:48:56.8,2454976.8673,60.0,1.38,J,J,,,,usbdrivereplog_J1650-500.csv,,,Data replog,,,J1650-500,True,IR
ir090524.0149,XTE J1650-500,16:49:58.1,-49:57:28,2009-05-25,08:47:40.3,2454976.8664,60.0,1.37,J,J,,,,usbdrivereplog_J1650-500.csv,,,Data replog,,,J1650-500,True,IR
ir090524.0148,XTE J1650-500,16:49:58.1,-49:57:28,2009-05-25,08:46:24.2,2454976.8656,60.0,1.37,J,J,,,,usbdrivereplog_J1650-500.csv,,,Data replog,,,J1650-500,True,IR
ir090524.0147,XTE J1650-500,16:49:58.1,-49:57:28,2009-05-25,08:45:07.8,2454976.8647,60.0,1.36,J,J,,,,usbdrivereplog_J1650-500.csv,,,Data replog,,,J1650-500,True,IR
ir090524.0146,XTE J1650-500,16:49:58.1,-49:57:28,2009-05-25,08:43:51.4,2454976.8638,60.0,1.36,J,J,,,,usbdrivereplog_J1650-500.csv,,,Data replog,,,J1650-500,True,IR
ir090524.0145,XTE J1650-500,16:49:58.2,-49:57:28,2009-05-25,08:42:34.9,2454976.8629,60.0,1.35,J,J,,,,usbdrivereplog_J1650-500.csv,,,Data replog,,,J1650-500,True,IR
ir090524.0144,XTE J1650-500,16:49:58.2,-49:57:28,2009-05-25,08:41:18.6,2454976.862,60.0,1.35,J,J,,,,usbdrivereplog_J1650-500.csv,,,Data replog,,,J1650-500,True,IR
ir090524.0143,XTE J1650-500,16:49:58.2,-49:57:27,2009-05-25,08:40:02.0,2454976.8611,60.0,1.34,J,J,,,,usbdrivereplog_J1650-500.csv,,,Data replog,,,J1650-500,True,IR
ir090524.0142,XTE J1650-500,16:49:58.3,-49:57:27,2009-05-25,08:38:45.4,2454976.8602,60.0,1.34,J,J,,,,usbdrivereplog_J1650-500.csv,,,Data replog,,,J1650-500,True,IR
ir090524.0141,XTE J1650-500,16:49:58.3,-49:57:27,2009-05-25,08:37:28.9,2454976.8594,60.0,1.34,J,J,,,,usbdrivereplog_J1650-500.csv,,,Data replog,,,J1650-500,True,IR
ir090523.0256,XTE J1650-500,16:49:59.4,-49:57:26,2009-05-24,04:39:17.1,2454975.694,60.0,1.08,J,J,,,,usbdrivereplog_J1650-500.csv,,,Data replog,,,J1650-500,True,IR
ir090716.0186,XTE J1650-500,16:49:59.1,-49:57:17,2009-07-17,03:39:01.5,2455029.6521,60.0,1.13,J,J,,,,usbdrivereplog_J1650-500.csv,,,Data replog,,,J1650-500,True,IR
ir090716.0187,XTE J1650-500,16:49:59.0,-49:57:17,2009-07-17,03:40:17.7,2455029.653,60.0,1.14,J,J,,,,usbdrivereplog_J1650-500.csv,,,Data replog,,,J1650-500,True,IR
ir090716.0188,XTE J1650-500,16:49:59.1,-49:57:17,2009-07-17,03:41:33.7,2455029.6539,60.0,1.14,J,J,,,,usbdrivereplog_J1650-500.csv,,,Data replog,,,J1650-500,True,IR
ir090928.0031,XTE J1650-500,16:49:59.0,-49:57:30,2009-09-29,00:07:32.2,2455103.5052,60.0,1.3,J,J,,,,usbdrivereplog_J1650-500.csv,,,Data replog,,,J1650-500,True,IR
ir090929.0018,XTE J1650-500,16:49:58.4,-49:57:13,2009-09-29,23:56:14.8,2455104.4974,60.0,1.28,J,J,,,,usbdrivereplog_J1650-500.csv,,,Data replog,,,J1650-500,True,IR
ir090929.0017,XTE J1650-500,16:49:58.4,-49:57:13,2009-09-29,23:54:58.7,2455104.4965,60.0,1.28,J,J,,,,usbdrivereplog_J1650-500.csv,,,Data replog,,,J1650-500,True,IR
ir090929.0016,XTE J1650-500,16:49:58.4,-49:57:13,2009-09-29,23:53:42.9,2455104.4956,60.0,1.27,J,J,,,,usbdrivereplog_J1650-500.csv,,,Data replog,,,J1650-500,True,IR
ir090929.0015,XTE J1650-500,16:49:58.4,-49:57:13,2009-09-29,23:52:26.7,2455104.4948,60.0,1.27,J,J,,,,usbdrivereplog_J1650-500.csv,,,Data replog,,,J1650-500,True,IR
ir090929.0014,XTE J1650-500,16:49:58.5,-49:57:13,2009-09-29,23:51:10.5,2455104.4939,60.0,1.27,J,J,,,,usbdrivereplog_J1650-500.csv,,,Data replog,,,J1650-500,True,IR
ir090929.0013,XTE J1650-500,16:49:58.6,-49:57:14,2009-09-29,23:49:54.7,2455104.493,60.0,1.26,J,J,,,,usbdrivereplog_J1650-500.csv,,,Data replog,,,J1650-500,True,IR
ir090928.0036,XTE J1650-500,16:49:58.8,-49:57:30,2009-09-29,00:13:52.5,2455103.5096,60.0,1.32,J,J,,,,usbdrivereplog_J1650-500.csv,,,Data replog,,,J1650-500,True,IR
ir090928.0035,XTE J1650-500,16:49:58.9,-49:57:31,2009-09-29,00:12:36.4,2455103.5088,60.0,1.32,J,J,,,,usbdrivereplog_J1650-500.csv,,,Data replog,,,J1650-500,True,IR
ir090928.0034,XTE J1650-500,16:49:58.9,-49:57:31,2009-09-29,00:11:20.2,2455103.5079,60.0,1.31,J,J,,,,usbdrivereplog_J1650-500.csv,,,Data replog,,,J1650-500,True,IR
ir090928.0033,XTE J1650-500,16:49:58.9,-49:57:30,2009-09-29,00:10:04.1,2455103.507,60.0,1.31,J,J,,,,usbdrivereplog_J1650-500.csv,,,Data replog,,,J1650-500,True,IR
ir090928.0032,XTE J1650-500,16:49:59.0,-49:57:30,2009-09-29,00:08:48.2,2455103.5061,60.0,1.31,J,J,,,,usbdrivereplog_J1650-500.csv,,,Data replog,,,J1650-500,True,IR
ir090928.0030,XTE J1650-500,16:49:59.1,-49:57:30,2009-09-29,00:06:16.1,2455103.5044,60.0,1.3,J,J,,,,usbdrivereplog_J1650-500.csv,,,Data replog,,,J1650-500,True,IR
ir090925.0057,XTE J1650-500,16:49:58.5,-49:57:25,2009-09-26,00:30:15.3,2455100.521,60.0,1.34,J,J,,,,usbdrivereplog_J1650-500.csv,,,Data replog,,,J1650-500,True,IR
ir090928.0029,XTE J1650-500,16:49:59.1,-49:57:30,2009-09-29,00:05:00.1,2455103.5035,60.0,1.29,J,J,,,,usbdrivereplog_J1650-500.csv,,,Data replog,,,J1650-500,True,IR
ir090928.0028,XTE J1650-500,16:49:59.1,-49:57:29,2009-09-29,00:03:43.9,2455103.5026,60.0,1.29,J,J,,,,usbdrivereplog_J1650-500.csv,,,Data replog,,,J1650-500,True,IR
ir090928.0027,XTE J1650-500,16:49:59.1,-49:57:29,2009-09-29,00:02:27.7,2455103.5017,60.0,1.29,J,J,,,,usbdrivereplog_J1650-500.csv,,,Data replog,,,J1650-500,True,IR
ir090928.0026,XTE J1650-500,16:49:59.1,-49:57:29,2009-09-29,00:01:11.7,2455103.5008,60.0,1.28,J,J,,,,usbdrivereplog_J1650-500.csv,,,Data replog,,,J1650-500,True,IR
ir090925.0065,XTE J1650-500,16:49:58.4,-49:57:26,2009-09-26,00:40:24.1,2455100.528,60.0,1.37,J,J,,,,usbdrivereplog_J1650-500.csv,,,Data replog,,,J1650-500,True,IR
ir090925.0064,XTE J1650-500,16:49:58.4,-49:57:26,2009-09-26,00:39:07.9,2455100.5272,60.0,1.37,J,J,,,,usbdrivereplog_J1650-500.csv,,,Data replog,,,J1650-500,True,IR
ir090925.0063,XTE J1650-500,16:49:58.4,-49:57:27,2009-09-26,00:37:51.7,2455100.5263,60.0,1.36,J,J,,,,usbdrivereplog_J1650-500.csv,,,Data replog,,,J1650-500,True,IR
ir090925.0062,XTE J1650-500,16:49:58.4,-49:57:26,2009-09-26,00:36:35.7,2455100.5254,60.0,1.36,J,J,,,,usbdrivereplog_J1650-500.csv,,,Data replog,,,J1650-500,True,IR
ir090925.0061,XTE J1650-500,16:49:58.4,-49:57:26,2009-09-26,00:35:19.7,2455100.5245,60.0,1.35,J,J,,,,usbdrivereplog_J1650-500.csv,,,Data replog,,,J1650-500,True,IR
ir090925.0060,XTE J1650-500,16:49:58.5,-49:57:26,2009-09-26,00:34:03.6,2455100.5236,60.0,1.35,J,J,,,,usbdrivereplog_J1650-500.csv,,,Data replog,,,J1650-500,True,IR
ir090925.0059,XTE J1650-500,16:49:58.5,-49:57:26,2009-09-26,00:32:47.5,2455100.5228,60.0,1.35,J,J,,,,usbdrivereplog_J1650-500.csv,,,Data replog,,,J1650-500,True,IR
ir090929.0019,XTE J1650-500,16:49:58.3,-49:57:13,2009-09-29,23:57:30.9,2455104.4983,60.0,1.28,J,J,,,,usbdrivereplog_J1650-500.csv,,,Data replog,,,J1650-500,True,IR
ir090929.0020,XTE J1650-500,16:49:58.3,-49:57:13,2009-09-29,23:58:46.8,2455104.4992,60.0,1.29,J,J,,,,usbdrivereplog_J1650-500.csv,,,Data replog,,,J1650-500,True,IR
ir090929.0021,XTE J1650-500,16:49:58.3,-49:57:14,2009-09-30,00:00:02.7,2455104.5,60.0,1.29,J,J,,,,usbdrivereplog_J1650-500.csv,,,Data replog,,,J1650-500,True,IR
ir090929.0022,XTE J1650-500,16:49:58.3,-49:57:14,2009-09-30,00:01:18.9,2455104.5009,60.0,1.3,J,J,,,,usbdrivereplog_J1650-500.csv,,,Data replog,,,J1650-500,True,IR
ir090930.0038,XTE J1650-500,16:49:58.1,-49:57:28,2009-10-01,00:24:13.5,2455105.5168,60.0,1.38,J,J,,,,usbdrivereplog_J1650-500.csv,,,Data replog,,,J1650-500,True,IR
ir090930.0037,XTE J1650-500,16:49:58.2,-49:57:28,2009-10-01,00:22:57.3,2455105.5159,60.0,1.38,J,J,,,,usbdrivereplog_J1650-500.csv,,,Data replog,,,J1650-500,True,IR
ir090930.0036,XTE J1650-500,16:49:58.2,-49:57:28,2009-10-01,00:21:41.1,2455105.5151,60.0,1.37,J,J,,,,usbdrivereplog_J1650-500.csv,,,Data replog,,,J1650-500,True,IR
ir090930.0035,XTE J1650-500,16:49:58.2,-49:57:28,2009-10-01,00:20:25.1,2455105.5142,60.0,1.37,J,J,,,,usbdrivereplog_J1650-500.csv,,,Data replog,,,J1650-500,True,IR
ir090930.0034,XTE J1650-500,16:49:58.2,-49:57:28,2009-10-01,00:19:09.2,2455105.5133,60.0,1.37,J,J,,,,usbdrivereplog_J1650-500.csv,,,Data replog,,,J1650-500,True,IR
ir090930.0033,XTE J1650-500,16:49:58.2,-49:57:27,2009-10-01,00:17:53.0,2455105.5124,60.0,1.36,J,J,,,,usbdrivereplog_J1650-500.csv,,,Data replog,,,J1650-500,True,IR
ir090930.0032,XTE J1650-500,16:49:58.2,-49:57:27,2009-10-01,00:16:37.0,2455105.5115,60.0,1.36,J,J,,,,usbdrivereplog_J1650-500.csv,,,Data replog,,,J1650-500,True,IR
ir090930.0031,XTE J1650-500,16:49:58.2,-49:57:27,2009-10-01,00:15:21.1,2455105.5107,60.0,1.35,J,J,,,,usbdrivereplog_J1650-500.csv,,,Data replog,,,J1650-500,True,IR
ir090930.0030,XTE J1650-500,16:49:58.3,-49:57:28,2009-10-01,00:14:04.8,2455105.5098,60.0,1.35,J,J,,,,usbdrivereplog_J1650-500.csv,,,Data replog,,,J1650-500,True,IR
ir090930.0029,XTE J1650-500,16:49:58.3,-49:57:28,2009-10-01,00:12:48.7,2455105.5089,60.0,1.34,J,J,,,,usbdrivereplog_J1650-500.csv,,,Data replog,,,J1650-500,True,IR
ir090930.0028,XTE J1650-500,16:49:58.4,-49:57:28,2009-10-01,00:11:32.8,2455105.508,60.0,1.34,J,J,,,,usbdrivereplog_J1650-500.csv,,,Data replog,,,J1650-500,True,IR
ir090929.0023,XTE J1650-500,16:49:58.2,-49:57:14,2009-09-30,00:02:35.1,2455104.5018,60.0,1.3,J,J,,,,usbdrivereplog_J1650-500.csv,,,Data replog,,,J1650-500,True,IR
ir090925.0058,XTE J1650-500,16:49:58.5,-49:57:26,2009-09-26,00:31:31.6,2455100.5219,60.0,1.34,J,J,,,,usbdrivereplog_J1650-500.csv,,,Data replog,,,J1650-500,True,IR
ir090925.0056,XTE J1650-500,16:49:58.6,-49:57:26,2009-09-26,00:28:59.1,2455100.5201,60.0,1.33,J,J,,,,usbdrivereplog_J1650-500.csv,,,Data replog,,,J1650-500,True,IR
ir090907.0069,XTE J1650-500,16:49:59.9,-49:57:44,2009-09-08,01:57:44.2,2455082.5818,60.0,1.4,J,J,,,,usbdrivereplog_J1650-500.csv,,,Data replog,,,J1650-500,True,IR
ir090909.0148,XTE J1650-500,16:50:00.7,-49:57:43,2009-09-10,02:17:34.7,2455084.5956,60.0,1.51,J,J,,,,usbdrivereplog_J1650-500.csv,,,Data replog,,,J1650-500,True,IR
ir090914.0058,XTE J1650-500,16:49:58.7,-49:57:20,2009-09-15,00:37:50.4,2455089.5263,60.0,1.24,J,J,,,,usbdrivereplog_J1650-500.csv,,,Data replog,,,J1650-500,True,IR
ir090914.0057,XTE J1650-500,16:49:58.7,-49:57:21,2009-09-15,00:36:34.4,2455089.5254,60.0,1.23,J,J,,,,usbdrivereplog_J1650-500.csv,,,Data replog,,,J1650-500,True,IR
ir090914.0056,XTE J1650-500,16:49:58.7,-49:57:21,2009-09-15,00:35:18.5,2455089.5245,60.0,1.23,J,J,,,,usbdrivereplog_J1650-500.csv,,,Data replog,,,J1650-500,True,IR
ir090914.0055,XTE J1650-500,16:49:58.7,-49:57:21,2009-09-15,00:34:02.3,2455089.5236,60.0,1.23,J,J,,,,usbdrivereplog_J1650-500.csv,,,Data replog,,,J1650-500,True,IR
ir090914.0054,XTE J1650-500,16:49:58.7,-49:57:21,2009-09-15,00:32:46.2,2455089.5228,60.0,1.22,J,J,,,,usbdrivereplog_J1650-500.csv,,,Data replog,,,J1650-500,True,IR
ir090914.0053,XTE J1650-500,16:49:58.7,-49:57:21,2009-09-15,00:31:30.4,2455089.5219,60.0,1.22,J,J,,,,usbdrivereplog_J1650-500.csv,,,Data replog,,,J1650-500,True,IR
ir090909.0153,XTE J1650-500,16:50:00.7,-49:57:44,2009-09-10,02:23:55.2,2455084.6,60.0,1.55,J,J,,,,usbdrivereplog_J1650-500.csv,,,Data replog,,,J1650-500,True,IR
ir090909.0152,XTE J1650-500,16:50:00.7,-49:57:43,2009-09-10,02:22:39.0,2455084.5991,60.0,1.54,J,J,,,,usbdrivereplog_J1650-500.csv,,,Data replog,,,J1650-500,True,IR
ir090909.0151,XTE J1650-500,16:50:00.7,-49:57:43,2009-09-10,02:21:22.7,2455084.5982,60.0,1.53,J,J,,,,usbdrivereplog_J1650-500.csv,,,Data replog,,,J1650-500,True,IR
ir090909.0150,XTE J1650-500,16:50:00.7,-49:57:43,2009-09-10,02:20:06.8,2455084.5973,60.0,1.53,J,J,,,,usbdrivereplog_J1650-500.csv,,,Data replog,,,J1650-500,True,IR
ir090909.0149,XTE J1650-500,16:50:00.7,-49:57:43,2009-09-10,02:18:50.8,2455084.5964,60.0,1.52,J,J,,,,usbdrivereplog_J1650-500.csv,,,Data replog,,,J1650-500,True,IR
ir090909.0147,XTE J1650-500,16:50:00.7,-49:57:42,2009-09-10,02:16:18.6,2455084.5947,60.0,1.51,J,J,,,,usbdrivereplog_J1650-500.csv,,,Data replog,,,J1650-500,True,IR
ir090925.0055,XTE J1650-500,16:49:58.7,-49:57:26,2009-09-26,00:27:43.2,2455100.5192,60.0,1.33,J,J,,,,usbdrivereplog_J1650-500.csv,,,Data replog,,,J1650-500,True,IR
ir090909.0146,XTE J1650-500,16:50:00.7,-49:57:43,2009-09-10,02:15:02.6,2455084.5938,60.0,1.5,J,J,,,,usbdrivereplog_J1650-500.csv,,,Data replog,,,J1650-500,True,IR
ir090909.0145,XTE J1650-500,16:50:00.7,-49:57:43,2009-09-10,02:13:46.4,2455084.5929,60.0,1.5,J,J,,,,usbdrivereplog_J1650-500.csv,,,Data replog,,,J1650-500,True,IR
ir090909.0144,XTE J1650-500,16:50:00.8,-49:57:43,2009-09-10,02:12:30.1,2455084.592,60.0,1.49,J,J,,,,usbdrivereplog_J1650-500.csv,,,Data replog,,,J1650-500,True,IR
ir090909.0143,XTE J1650-500,16:50:00.9,-49:57:43,2009-09-10,02:11:14.1,2455084.5911,60.0,1.48,J,J,,,,usbdrivereplog_J1650-500.csv,,,Data replog,,,J1650-500,True,IR
ir090907.0077,XTE J1650-500,17:53:52.6,-29:50:46,2009-09-08,02:09:43.8,2455082.5901,50.0,1.22,H,H,,,,usbdrivereplog_J1650-500.csv,,,Data replog,,,J1650-500,True,IR
ir090907.0076,XTE J1650-500,17:53:52.6,-29:50:47,2009-09-08,02:08:37.9,2455082.5893,50.0,1.21,H,H,,,,usbdrivereplog_J1650-500.csv,,,Data replog,,,J1650-500,True,IR
ir090907.0075,XTE J1650-500,17:53:52.6,-29:50:47,2009-09-08,02:07:31.9,2455082.5886,50.0,1.21,H,H,,,,usbdrivereplog_J1650-500.csv,,,Data replog,,,J1650-500,True,IR
ir090907.0074,XTE J1650-500,17:53:52.6,-29:50:47,2009-09-08,02:06:25.7,2455082.5878,50.0,1.21,H,H,,,,usbdrivereplog_J1650-500.csv,,,Data replog,,,J1650-500,True,IR
ir090907.0073,XTE J1650-500,17:53:52.6,-29:50:46,2009-09-08,02:05:19.8,2455082.587,50.0,1.2,H,H,,,,usbdrivereplog_J1650-500.csv,,,Data replog,,,J1650-500,True,IR
ir090907.0072,XTE J1650-500,16:50:00.0,-49:57:45,2009-09-08,02:01:33.1,2455082.5844,60.0,1.41,J,J,,,,usbdrivereplog_J1650-500.csv,,,Data replog,,,J1650-500,True,IR
ir090907.0071,XTE J1650-500,16:50:00.0,-49:57:44,2009-09-08,02:00:16.6,2455082.5835,60.0,1.41,J,J,,,,usbdrivereplog_J1650-500.csv,,,Data replog,,,J1650-500,True,IR
ir090914.0059,XTE J1650-500,16:49:58.7,-49:57:19,2009-09-15,00:39:06.5,2455089.5272,60.0,1.24,J,J,,,,usbdrivereplog_J1650-500.csv,,,Data replog,,,J1650-500,True,IR
ir090914.0060,XTE J1650-500,16:49:58.7,-49:57:19,2009-09-15,00:40:22.4,2455089.528,60.0,1.24,J,J,,,,usbdrivereplog_J1650-500.csv,,,Data replog,,,J1650-500,True,IR
ir090914.0061,XTE J1650-500,16:49:58.7,-49:57:19,2009-09-15,00:41:38.3,2455089.5289,60.0,1.25,J,J,,,,usbdrivereplog_J1650-500.csv,,,Data replog,,,J1650-500,True,IR
ir090914.0062,XTE J1650-500,16:49:58.7,-49:57:19,2009-09-15,00:42:54.5,2455089.5298,60.0,1.25,J,J,,,,usbdrivereplog_J1650-500.csv,,,Data replog,,,J1650-500,True,IR
ir090924.0016,XTE J1650-500,16:49:59.3,-49:57:27,2009-09-24,23:52:57.1,2455099.4951,60.0,1.22,J,J,,,,usbdrivereplog_J1650-500.csv,,,Data replog,,,J1650-500,True,IR
ir090924.0015,XTE J1650-500,16:49:59.2,-49:57:27,2009-09-24,23:51:40.9,2455099.4942,60.0,1.22,J,J,,,,usbdrivereplog_J1650-500.csv,,,Data replog,,,J1650-500,True,IR
ir090924.0014,XTE J1650-500,16:49:59.3,-49:57:28,2009-09-24,23:50:24.7,2455099.4933,60.0,1.22,J,J,,,,usbdrivereplog_J1650-500.csv,,,Data replog,,,J1650-500,True,IR
ir090924.0013,XTE J1650-500,16:49:59.2,-49:57:27,2009-09-24,23:49:08.8,2455099.4925,60.0,1.21,J,J,,,,usbdrivereplog_J1650-500.csv,,,Data replog,,,J1650-500,True,IR
ir090924.0012,XTE J1650-500,16:49:59.2,-49:57:27,2009-09-24,23:47:52.8,2455099.4916,60.0,1.21,J,J,,,,usbdrivereplog_J1650-500.csv,,,Data replog,,,J1650-500,True,IR
ir090924.0011,XTE J1650-500,16:49:59.2,-49:57:27,2009-09-24,23:46:36.8,2455099.4907,60.0,1.21,J,J,,,,usbdrivereplog_J1650-500.csv,,,Data replog,,,J1650-500,True,IR
ir090924.0010,XTE J1650-500,16:49:59.1,-49:57:27,2009-09-24,23:45:20.7,2455099.4898,60.0,1.21,J,J,,,,usbdrivereplog_J1650-500.csv,,,Data replog,,,J1650-500,True,IR
ir090924.0009,XTE J1650-500,16:49:59.1,-49:57:27,2009-09-24,23:44:04.8,2455099.4889,60.0,1.2,J,J,,,,usbdrivereplog_J1650-500.csv,,,Data replog,,,J1650-500,True,IR
ir090924.0008,XTE J1650-500,16:49:59.1,-49:57:27,2009-09-24,23:42:48.7,2455099.4881,60.0,1.2,J,J,,,,usbdrivereplog_J1650-500.csv,,,Data replog,,,J1650-500,True,IR
ir090924.0007,XTE J1650-500,16:49:59.0,-49:57:27,2009-09-24,23:41:32.5,2455099.4872,60.0,1.2,J,J,,,,usbdrivereplog_J1650-500.csv,,,Data replog,,,J1650-500,True,IR
ir090924.0006,XTE J1650-500,16:49:59.1,-49:57:28,2009-09-24,23:40:16.5,2455099.4863,60.0,1.2,J,J,,,,usbdrivereplog_J1650-500.csv,,,Data replog,,,J1650-500,True,IR
ir090921.0047,XTE J1650-500,16:50:00.7,-49:57:40,2009-09-22,00:15:56.5,2455096.5111,60.0,1.25,J,J,,,,usbdrivereplog_J1650-500.csv,,,Data replog,,,J1650-500,True,IR
ir090921.0046,XTE J1650-500,16:50:00.7,-49:57:40,2009-09-22,00:14:40.3,2455096.5102,60.0,1.25,J,J,,,,usbdrivereplog_J1650-500.csv,,,Data replog,,,J1650-500,True,IR
ir090921.0045,XTE J1650-500,16:50:00.7,-49:57:41,2009-09-22,00:13:24.2,2455096.5093,60.0,1.24,J,J,,,,usbdrivereplog_J1650-500.csv,,,Data replog,,,J1650-500,True,IR
ir090921.0044,XTE J1650-500,16:50:00.7,-49:57:41,2009-09-22,00:12:08.2,2455096.5084,60.0,1.24,J,J,,,,usbdrivereplog_J1650-500.csv,,,Data replog,,,J1650-500,True,IR
ir090921.0043,XTE J1650-500,16:50:00.7,-49:57:41,2009-09-22,00:10:52.3,2455096.5076,60.0,1.24,J,J,,,,usbdrivereplog_J1650-500.csv,,,Data replog,,,J1650-500,True,IR
ir090921.0042,XTE J1650-500,16:50:00.7,-49:57:42,2009-09-22,00:09:36.2,2455096.5067,60.0,1.23,J,J,,,,usbdrivereplog_J1650-500.csv,,,Data replog,,,J1650-500,True,IR
ir090921.0041,XTE J1650-500,16:50:00.8,-49:57:43,2009-09-22,00:08:20.2,2455096.5058,60.0,1.23,J,J,,,,usbdrivereplog_J1650-500.csv,,,Data replog,,,J1650-500,True,IR
ir090921.0040,XTE J1650-500,16:50:00.8,-49:57:43,2009-09-22,00:07:04.2,2455096.5049,60.0,1.23,J,J,,,,usbdrivereplog_J1650-500.csv,,,Data replog,,,J1650-500,True,IR
ir090921.0039,XTE J1650-500,16:50:00.8,-49:57:43,2009-09-22,00:05:48.0,2455096.504,60.0,1.23,J,J,,,,usbdrivereplog_J1650-500.csv,,,Data replog,,,J1650-500,True,IR
ir090921.0038,XTE J1650-500,16:50:00.8,-49:57:43,2009-09-22,00:04:31.7,2455096.5031,60.0,1.22,J,J,,,,usbdrivereplog_J1650-500.csv,,,Data replog,,,J1650-500,True,IR
ir090921.0037,XTE J1650-500,16:50:00.8,-49:57:44,2009-09-22,00:03:15.7,2455096.5023,60.0,1.22,J,J,,,,usbdrivereplog_J1650-500.csv,,,Data replog,,,J1650-500,True,IR
ir090914.0063,XTE J1650-500,16:49:58.7,-49:57:19,2009-09-15,00:44:11.0,2455089.5307,60.0,1.25,J,J,,,,usbdrivereplog_J1650-500.csv,,,Data replog,,,J1650-500,True,IR
ir090907.0070,XTE J1650-500,16:50:00.0,-49:57:44,2009-09-08,01:59:00.2,2455082.5827,60.0,1.4,J,J,,,,usbdrivereplog_J1650-500.csv,,,Data replog,,,J1650-500,True,IR
ir090907.0068,XTE J1650-500,16:49:59.9,-49:57:43,2009-09-08,01:56:28.2,2455082.5809,60.0,1.39,J,J,,,,usbdrivereplog_J1650-500.csv,,,Data replog,,,J1650-500,True,IR
ir090716.0189,XTE J1650-500,16:49:59.1,-49:57:17,2009-07-17,03:42:50.0,2455029.6547,60.0,1.14,J,J,,,,usbdrivereplog_J1650-500.csv,,,Data replog,,,J1650-500,True,IR
ir090802.0166,XTE J1650-500,16:49:58.5,-49:57:29,2009-08-03,03:25:44.9,2455046.6429,60.0,1.23,J,J,,,,usbdrivereplog_J1650-500.csv,,,Data replog,,,J1650-500,True,IR
ir090804.0160,XTE J1650-500,16:49:59.3,-49:57:24,2009-08-05,02:28:59.9,2455048.6035,60.0,1.14,J,J,,,,usbdrivereplog_J1650-500.csv,,,Data replog,,,J1650-500,True,IR
ir090802.0176,XTE J1650-500,16:49:58.6,-49:57:27,2009-08-03,03:38:25.0,2455046.6517,60.0,1.27,J,J,,,,usbdrivereplog_J1650-500.csv,,,Data replog,,,J1650-500,True,IR
ir090802.0175,XTE J1650-500,16:49:58.6,-49:57:27,2009-08-03,03:37:08.9,2455046.6508,60.0,1.26,J,J,,,,usbdrivereplog_J1650-500.csv,,,Data replog,,,J1650-500,True,IR
ir090802.0174,XTE J1650-500,16:49:58.6,-49:57:27,2009-08-03,03:35:52.8,2455046.6499,60.0,1.26,J,J,,,,usbdrivereplog_J1650-500.csv,,,Data replog,,,J1650-500,True,IR
ir090802.0173,XTE J1650-500,16:49:58.6,-49:57:27,2009-08-03,03:34:36.9,2455046.649,60.0,1.26,J,J,,,,usbdrivereplog_J1650-500.csv,,,Data replog,,,J1650-500,True,IR
ir090802.0172,XTE J1650-500,16:49:58.6,-49:57:27,2009-08-03,03:33:21.0,2455046.6482,60.0,1.25,J,J,,,,usbdrivereplog_J1650-500.csv,,,Data replog,,,J1650-500,True,IR
ir090802.0171,XTE J1650-500,16:49:58.6,-49:57:27,2009-08-03,03:32:05.0,2455046.6473,60.0,1.25,J,J,,,,usbdrivereplog_J1650-500.csv,,,Data replog,,,J1650-500,True,IR
ir090802.0170,XTE J1650-500,16:49:58.5,-49:57:27,2009-08-03,03:30:49.0,2455046.6464,60.0,1.25,J,J,,,,usbdrivereplog_J1650-500.csv,,,Data replog,,,J1650-500,True,IR
ir090802.0169,XTE J1650-500,16:49:58.5,-49:57:27,2009-08-03,03:29:33.1,2455046.6455,60.0,1.24,J,J,,,,usbdrivereplog_J1650-500.csv,,,Data replog,,,J1650-500,True,IR
ir090802.0168,XTE J1650-500,16:49:58.5,-49:57:28,2009-08-03,03:28:16.9,2455046.6446,60.0,1.24,J,J,,,,usbdrivereplog_J1650-500.csv,,,Data replog,,,J1650-500,True,IR
ir090802.0167,XTE J1650-500,16:49:58.5,-49:57:28,2009-08-03,03:27:00.8,2455046.6438,60.0,1.24,J,J,,,,usbdrivereplog_J1650-500.csv,,,Data replog,,,J1650-500,True,IR
ir090729.0153,XTE J1650-500,16:50:00.8,-49:57:43,2009-07-30,03:18:58.3,2455042.6382,60.0,1.19,J,J,,,,usbdrivereplog_J1650-500.csv,,,Data replog,,,J1650-500,True,IR
ir090728.0247,XTE J1650-500,16:50:00.5,-49:57:44,2009-07-29,04:23:42.4,2455041.6831,60.0,1.34,J,J,,,,usbdrivereplog_J1650-500.csv,,,Data replog,,,J1650-500,True,IR
ir090729.0152,XTE J1650-500,16:50:00.7,-49:57:42,2009-07-30,03:17:42.1,2455042.6373,60.0,1.18,J,J,,,,usbdrivereplog_J1650-500.csv,,,Data replog,,,J1650-500,True,IR
ir090729.0151,XTE J1650-500,16:50:00.7,-49:57:42,2009-07-30,03:16:26.1,2455042.6364,60.0,1.18,J,J,,,,usbdrivereplog_J1650-500.csv,,,Data replog,,,J1650-500,True,IR
ir090729.0150,XTE J1650-500,16:50:00.7,-49:57:42,2009-07-30,03:15:10.2,2455042.6355,60.0,1.18,J,J,,,,usbdrivereplog_J1650-500.csv,,,Data replog,,,J1650-500,True,IR
ir090729.0149,XTE J1650-500,16:50:00.7,-49:57:42,2009-07-30,03:13:54.3,2455042.6347,60.0,1.18,J,J,,,,usbdrivereplog_J1650-500.csv,,,Data replog,,,J1650-500,True,IR
ir090729.0148,XTE J1650-500,16:50:00.7,-49:57:42,2009-07-30,03:12:38.3,2455042.6338,60.0,1.17,J,J,,,,usbdrivereplog_J1650-500.csv,,,Data replog,,,J1650-500,True,IR
ir090729.0147,XTE J1650-500,16:50:00.7,-49:57:42,2009-07-30,03:11:22.3,2455042.6329,60.0,1.17,J,J,,,,usbdrivereplog_J1650-500.csv,,,Data replog,,,J1650-500,True,IR
ir090729.0146,XTE J1650-500,16:50:00.7,-49:57:42,2009-07-30,03:10:06.4,2455042.632,60.0,1.17,J,J,,,,usbdrivereplog_J1650-500.csv,,,Data replog,,,J1650-500,True,IR
ir090729.0145,XTE J1650-500,16:50:00.7,-49:57:42,2009-07-30,03:08:50.3,2455042.6311,60.0,1.17,J,J,,,,usbdrivereplog_J1650-500.csv,,,Data replog,,,J1650-500,True,IR
ir090729.0144,XTE J1650-500,16:50:00.8,-49:57:42,2009-07-30,03:07:34.2,2455042.6303,60.0,1.16,J,J,,,,usbdrivereplog_J1650-500.csv,,,Data replog,,,J1650-500,True,IR
ir090729.0143,XTE J1650-500,16:50:00.8,-49:57:43,2009-07-30,03:06:18.4,2455042.6294,60.0,1.16,J,J,,,,usbdrivereplog_J1650-500.csv,,,Data replog,,,J1650-500,True,IR
ir090728.0249,XTE J1650-500,16:50:00.5,-49:57:44,2009-07-29,04:26:14.9,2455041.6849,60.0,1.35,J,J,,,,usbdrivereplog_J1650-500.csv,,,Data replog,,,J1650-500,True,IR
ir090804.0161,XTE J1650-500,16:49:59.3,-49:57:23,2009-08-05,02:30:15.8,2455048.6044,60.0,1.14,J,J,,,,usbdrivereplog_J1650-500.csv,,,Data replog,,,J1650-500,True,IR
ir090804.0162,XTE J1650-500,16:49:59.2,-49:57:24,2009-08-05,02:31:32.0,2455048.6052,60.0,1.14,J,J,,,,usbdrivereplog_J1650-500.csv,,,Data replog,,,J1650-500,True,IR
ir090804.0163,XTE J1650-500,16:49:59.2,-49:57:23,2009-08-05,02:32:48.2,2455048.6061,60.0,1.15,J,J,,,,usbdrivereplog_J1650-500.csv,,,Data replog,,,J1650-500,True,IR
ir090804.0164,XTE J1650-500,16:49:59.2,-49:57:23,2009-08-05,02:34:04.2,2455048.607,60.0,1.15,J,J,,,,usbdrivereplog_J1650-500.csv,,,Data replog,,,J1650-500,True,IR
ir090810.0091,XTE J1650-500,16:50:00.6,-49:57:42,2009-08-11,03:25:39.2,2455054.6428,60.0,1.32,J,J,,,,usbdrivereplog_J1650-500.csv,,,Data replog,,,J1650-500,True,IR
ir090810.0090,XTE J1650-500,16:50:00.6,-49:57:42,2009-08-11,03:24:23.1,2455054.6419,60.0,1.32,J,J,,,,usbdrivereplog_J1650-500.csv,,,Data replog,,,J1650-500,True,IR
ir090810.0089,XTE J1650-500,16:50:00.7,-49:57:42,2009-08-11,03:23:07.2,2455054.6411,60.0,1.31,J,J,,,,usbdrivereplog_J1650-500.csv,,,Data replog,,,J1650-500,True,IR
ir090810.0088,XTE J1650-500,16:50:00.7,-49:57:42,2009-08-11,03:21:50.8,2455054.6402,60.0,1.31,J,J,,,,usbdrivereplog_J1650-500.csv,,,Data replog,,,J1650-500,True,IR
ir090810.0087,XTE J1650-500,16:50:00.8,-49:57:43,2009-08-11,03:20:34.4,2455054.6393,60.0,1.3,J,J,,,,usbdrivereplog_J1650-500.csv,,,Data replog,,,J1650-500,True,IR
ir090810.0086,XTE J1650-500,16:50:00.9,-49:57:43,2009-08-11,03:19:18.4,2455054.6384,60.0,1.3,J,J,,,,usbdrivereplog_J1650-500.csv,,,Data replog,,,J1650-500,True,IR
ir090809.0155,XTE J1650-500,16:50:00.9,-49:57:43,2009-08-10,02:42:09.6,2455053.6126,60.0,1.2,J,J,,,,usbdrivereplog_J1650-500.csv,,,Data replog,,,J1650-500,True,IR
ir090809.0154,XTE J1650-500,16:50:00.9,-49:57:43,2009-08-10,02:40:53.3,2455053.6117,60.0,1.2,J,J,,,,usbdrivereplog_J1650-500.csv,,,Data replog,,,J1650-500,True,IR
ir090809.0153,XTE J1650-500,16:50:00.9,-49:57:43,2009-08-10,02:39:37.1,2455053.6108,60.0,1.19,J,J,,,,usbdrivereplog_J1650-500.csv,,,Data replog,,,J1650-500,True,IR
ir090809.0152,XTE J1650-500,16:50:00.9,-49:57:43,2009-08-10,02:38:21.1,2455053.61,60.0,1.19,J,J,,,,usbdrivereplog_J1650-500.csv,,,Data replog,,,J1650-500,True,IR
ir090809.0151,XTE J1650-500,16:50:00.9,-49:57:43,2009-08-10,02:37:05.1,2455053.6091,60.0,1.19,J,J,,,,usbdrivereplog_J1650-500.csv,,,Data replog,,,J1650-500,True,IR
ir090809.0150,XTE J1650-500,16:50:00.9,-49:57:43,2009-08-10,02:35:49.1,2455053.6082,60.0,1.19,J,J,,,,usbdrivereplog_J1650-500.csv,,,Data replog,,,J1650-500,True,IR
ir090809.0149,XTE J1650-500,16:50:00.8,-49:57:43,2009-08-10,02:34:32.9,2455053.6073,60.0,1.18,J,J,,,,usbdrivereplog_J1650-500.csv,,,Data replog,,,J1650-500,True,IR
ir090809.0148,XTE J1650-500,16:50:00.8,-49:57:43,2009-08-10,02:33:17.0,2455053.6064,60.0,1.18,J,J,,,,usbdrivereplog_J1650-500.csv,,,Data replog,,,J1650-500,True,IR
ir090809.0147,XTE J1650-500,16:50:00.9,-49:57:43,2009-08-10,02:32:00.8,2455053.6056,60.0,1.18,J,J,,,,usbdrivereplog_J1650-500.csv,,,Data replog,,,J1650-500,True,IR
ir090809.0146,XTE J1650-500,16:50:00.8,-49:57:43,2009-08-10,02:30:44.5,2455053.6047,60.0,1.18,J,J,,,,usbdrivereplog_J1650-500.csv,,,Data replog,,,J1650-500,True,IR
ir090809.0145,XTE J1650-500,16:50:00.8,-49:57:44,2009-08-10,02:29:28.5,2455053.6038,60.0,1.17,J,J,,,,usbdrivereplog_J1650-500.csv,,,Data replog,,,J1650-500,True,IR
ir090804.0170,XTE J1650-500,16:49:59.1,-49:57:24,2009-08-05,02:41:40.6,2455048.6123,60.0,1.16,J,J,,,,usbdrivereplog_J1650-500.csv,,,Data replog,,,J1650-500,True,IR
ir090804.0169,XTE J1650-500,16:49:59.1,-49:57:24,2009-08-05,02:40:24.4,2455048.6114,60.0,1.16,J,J,,,,usbdrivereplog_J1650-500.csv,,,Data replog,,,J1650-500,True,IR
ir090804.0168,XTE J1650-500,16:49:59.1,-49:57:24,2009-08-05,02:39:08.2,2455048.6105,60.0,1.16,J,J,,,,usbdrivereplog_J1650-500.csv,,,Data replog,,,J1650-500,True,IR
ir090804.0167,XTE J1650-500,16:49:59.2,-49:57:23,2009-08-05,02:37:52.3,2455048.6096,60.0,1.15,J,J,,,,usbdrivereplog_J1650-500.csv,,,Data replog,,,J1650-500,True,IR
ir090804.0166,XTE J1650-500,16:49:59.2,-49:57:23,2009-08-05,02:36:36.3,2455048.6088,60.0,1.15,J,J,,,,usbdrivereplog_J1650-500.csv,,,Data replog,,,J1650-500,True,IR
ir090804.0165,XTE J1650-500,16:49:59.1,-49:57:23,2009-08-05,02:35:20.2,2455048.6079,60.0,1.15,J,J,,,,usbdrivereplog_J1650-500.csv,,,Data replog,,,J1650-500,True,IR
ir090728.0248,XTE J1650-500,16:50:00.4,-49:57:44,2009-07-29,04:24:58.7,2455041.684,60.0,1.35,J,J,,,,usbdrivereplog_J1650-500.csv,,,Data replog,,,J1650-500,True,IR
ir090728.0246,XTE J1650-500,16:50:00.6,-49:57:44,2009-07-29,04:22:26.5,2455041.6823,60.0,1.34,J,J,,,,usbdrivereplog_J1650-500.csv,,,Data replog,,,J1650-500,True,IR
ir090907.0067,XTE J1650-500,16:50:00.0,-49:57:43,2009-09-08,01:55:12.0,2455082.58,60.0,1.39,J,J,,,,usbdrivereplog_J1650-500.csv,,,Data replog,,,J1650-500,True,IR
ir090723.0155,XTE J1650-500,16:50:00.8,-49:57:44,2009-07-24,03:49:53.0,2455036.6596,60.0,1.2,J,J,,,,usbdrivereplog_J1650-500.csv,,,Data replog,,,J1650-500,True,IR
ir090724.0139,XTE J1650-500,16:50:00.8,-49:57:43,2009-07-25,02:31:51.2,2455037.6055,60.0,1.09,J,J,,,,usbdrivereplog_J1650-500.csv,,,Data replog,,,J1650-500,True,IR
ir090723.0165,XTE J1650-500,16:50:00.9,-49:57:45,2009-07-24,04:02:33.0,2455036.6684,60.0,1.23,J,J,,,,usbdrivereplog_J1650-500.csv,,,Data replog,,,J1650-500,True,IR
ir090723.0164,XTE J1650-500,16:50:00.9,-49:57:45,2009-07-24,04:01:16.9,2455036.6676,60.0,1.22,J,J,,,,usbdrivereplog_J1650-500.csv,,,Data replog,,,J1650-500,True,IR
ir090723.0163,XTE J1650-500,16:50:00.8,-49:57:45,2009-07-24,04:00:00.8,2455036.6667,60.0,1.22,J,J,,,,usbdrivereplog_J1650-500.csv,,,Data replog,,,J1650-500,True,IR
ir090723.0162,XTE J1650-500,16:50:00.8,-49:57:45,2009-07-24,03:58:44.9,2455036.6658,60.0,1.22,J,J,,,,usbdrivereplog_J1650-500.csv,,,Data replog,,,J1650-500,True,IR
ir090723.0161,XTE J1650-500,16:50:00.8,-49:57:45,2009-07-24,03:57:29.0,2455036.6649,60.0,1.22,J,J,,,,usbdrivereplog_J1650-500.csv,,,Data replog,,,J1650-500,True,IR
ir090723.0160,XTE J1650-500,16:50:00.8,-49:57:45,2009-07-24,03:56:13.0,2455036.664,60.0,1.21,J,J,,,,usbdrivereplog_J1650-500.csv,,,Data replog,,,J1650-500,True,IR
ir090723.0159,XTE J1650-500,16:50:00.7,-49:57:45,2009-07-24,03:54:57.0,2455036.6632,60.0,1.21,J,J,,,,usbdrivereplog_J1650-500.csv,,,Data replog,,,J1650-500,True,IR
ir090723.0158,XTE J1650-500,16:50:00.7,-49:57:45,2009-07-24,03:53:41.1,2455036.6623,60.0,1.21,J,J,,,,usbdrivereplog_J1650-500.csv,,,Data replog,,,J1650-500,True,IR
ir090723.0157,XTE J1650-500,16:50:00.7,-49:57:45,2009-07-24,03:52:25.0,2455036.6614,60.0,1.2,J,J,,,,usbdrivereplog_J1650-500.csv,,,Data replog,,,J1650-500,True,IR
ir090723.0156,XTE J1650-500,16:50:00.7,-49:57:44,2009-07-24,03:51:08.9,2455036.6605,60.0,1.2,J,J,,,,usbdrivereplog_J1650-500.csv,,,Data replog,,,J1650-500,True,IR
ir090717.0119,XTE J1650-500,16:49:59.5,-49:57:23,2009-07-18,03:12:59.7,2455030.634,60.0,1.11,J,J,,,,usbdrivereplog_J1650-500.csv,,,Data replog,,,J1650-500,True,IR
ir090728.0245,XTE J1650-500,16:50:00.6,-49:57:44,2009-07-29,04:21:10.5,2455041.6814,60.0,1.33,J,J,,,,usbdrivereplog_J1650-500.csv,,,Data replog,,,J1650-500,True,IR
ir090717.0118,XTE J1650-500,16:49:59.5,-49:57:22,2009-07-18,03:11:43.6,2455030.6331,60.0,1.11,J,J,,,,usbdrivereplog_J1650-500.csv,,,Data replog,,,J1650-500,True,IR
ir090717.0117,XTE J1650-500,16:49:59.5,-49:57:23,2009-07-18,03:10:27.4,2455030.6323,60.0,1.1,J,J,,,,usbdrivereplog_J1650-500.csv,,,Data replog,,,J1650-500,True,IR
ir090717.0116,XTE J1650-500,16:49:59.5,-49:57:23,2009-07-18,03:09:11.5,2455030.6314,60.0,1.1,J,J,,,,usbdrivereplog_J1650-500.csv,,,Data replog,,,J1650-500,True,IR
ir090717.0115,XTE J1650-500,16:49:59.5,-49:57:24,2009-07-18,03:07:55.5,2455030.6305,60.0,1.1,J,J,,,,usbdrivereplog_J1650-500.csv,,,Data replog,,,J1650-500,True,IR
ir090717.0114,XTE J1650-500,16:49:59.5,-49:57:24,2009-07-18,03:06:39.4,2455030.6296,60.0,1.1,J,J,,,,usbdrivereplog_J1650-500.csv,,,Data replog,,,J1650-500,True,IR
ir090717.0113,XTE J1650-500,16:49:59.5,-49:57:24,2009-07-18,03:05:23.4,2455030.6287,60.0,1.1,J,J,,,,usbdrivereplog_J1650-500.csv,,,Data replog,,,J1650-500,True,IR
ir090717.0112,XTE J1650-500,16:49:59.5,-49:57:25,2009-07-18,03:04:07.5,2455030.6279,60.0,1.1,J,J,,,,usbdrivereplog_J1650-500.csv,,,Data replog,,,J1650-500,True,IR
ir090717.0111,XTE J1650-500,16:49:59.5,-49:57:24,2009-07-18,03:02:51.4,2455030.627,60.0,1.1,J,J,,,,usbdrivereplog_J1650-500.csv,,,Data replog,,,J1650-500,True,IR
ir090717.0110,XTE J1650-500,16:49:59.5,-49:57:25,2009-07-18,03:01:35.2,2455030.6261,60.0,1.1,J,J,,,,usbdrivereplog_J1650-500.csv,,,Data replog,,,J1650-500,True,IR
ir090717.0109,XTE J1650-500,16:49:59.5,-49:57:25,2009-07-18,03:00:19.3,2455030.6252,60.0,1.09,J,J,,,,usbdrivereplog_J1650-500.csv,,,Data replog,,,J1650-500,True,IR
ir090716.0190,XTE J1650-500,16:49:59.1,-49:57:18,2009-07-17,03:44:06.3,2455029.6556,60.0,1.14,J,J,,,,usbdrivereplog_J1650-500.csv,,,Data replog,,,J1650-500,True,IR
ir090724.0140,XTE J1650-500,16:50:00.9,-49:57:44,2009-07-25,02:33:07.0,2455037.6063,60.0,1.09,J,J,,,,usbdrivereplog_J1650-500.csv,,,Data replog,,,J1650-500,True,IR
ir090724.0141,XTE J1650-500,16:50:00.9,-49:57:44,2009-07-25,02:34:23.3,2455037.6072,60.0,1.1,J,J,,,,usbdrivereplog_J1650-500.csv,,,Data replog,,,J1650-500,True,IR
ir090724.0142,XTE J1650-500,16:50:00.9,-49:57:44,2009-07-25,02:35:39.4,2455037.6081,60.0,1.1,J,J,,,,usbdrivereplog_J1650-500.csv,,,Data replog,,,J1650-500,True,IR
ir090724.0143,XTE J1650-500,16:50:00.9,-49:57:43,2009-07-25,02:36:55.3,2455037.609,60.0,1.1,J,J,,,,usbdrivereplog_J1650-500.csv,,,Data replog,,,J1650-500,True,IR
ir090728.0244,XTE J1650-500,16:50:00.6,-49:57:44,2009-07-29,04:19:54.3,2455041.6805,60.0,1.33,J,J,,,,usbdrivereplog_J1650-500.csv,,,Data replog,,,J1650-500,True,IR
ir090728.0243,XTE J1650-500,16:50:00.7,-49:57:44,2009-07-29,04:18:38.1,2455041.6796,60.0,1.32,J,J,,,,usbdrivereplog_J1650-500.csv,,,Data replog,,,J1650-500,True,IR
ir090728.0242,XTE J1650-500,16:50:00.7,-49:57:44,2009-07-29,04:17:22.2,2455041.6787,60.0,1.32,J,J,,,,usbdrivereplog_J1650-500.csv,,,Data replog,,,J1650-500,True,IR
ir090728.0241,XTE J1650-500,16:50:00.7,-49:57:44,2009-07-29,04:16:06.0,2455041.6779,60.0,1.32,J,J,,,,usbdrivereplog_J1650-500.csv,,,Data replog,,,J1650-500,True,IR
ir090728.0240,XTE J1650-500,16:50:00.7,-49:57:44,2009-07-29,04:14:49.7,2455041.677,60.0,1.31,J,J,,,,usbdrivereplog_J1650-500.csv,,,Data replog,,,J1650-500,True,IR
ir090728.0239,XTE J1650-500,16:50:00.8,-49:57:44,2009-07-29,04:13:33.7,2455041.6761,60.0,1.31,J,J,,,,usbdrivereplog_J1650-500.csv,,,Data replog,,,J1650-500,True,IR
ir090727.0148,XTE J1650-500,16:50:01.0,-49:57:42,2009-07-28,02:24:27.0,2455040.6003,60.0,1.1,J,J,,,,usbdrivereplog_J1650-500.csv,,,Data replog,,,J1650-500,True,IR
ir090727.0147,XTE J1650-500,16:50:01.0,-49:57:42,2009-07-28,02:23:10.9,2455040.5994,60.0,1.1,J,J,,,,usbdrivereplog_J1650-500.csv,,,Data replog,,,J1650-500,True,IR
ir090727.0146,XTE J1650-500,16:50:00.9,-49:57:42,2009-07-28,02:21:54.7,2455040.5986,60.0,1.1,J,J,,,,usbdrivereplog_J1650-500.csv,,,Data replog,,,J1650-500,True,IR
ir090727.0145,XTE J1650-500,16:50:00.9,-49:57:42,2009-07-28,02:20:38.8,2455040.5977,60.0,1.09,J,J,,,,usbdrivereplog_J1650-500.csv,,,Data replog,,,J1650-500,True,IR
ir090727.0144,XTE J1650-500,16:50:01.0,-49:57:42,2009-07-28,02:19:22.8,2455040.5968,60.0,1.09,J,J,,,,usbdrivereplog_J1650-500.csv,,,Data replog,,,J1650-500,True,IR
ir090727.0143,XTE J1650-500,16:50:00.9,-49:57:42,2009-07-28,02:18:06.8,2455040.5959,60.0,1.09,J,J,,,,usbdrivereplog_J1650-500.csv,,,Data replog,,,J1650-500,True,IR
ir090727.0142,XTE J1650-500,16:50:00.9,-49:57:43,2009-07-28,02:16:50.8,2455040.595,60.0,1.09,J,J,,,,usbdrivereplog_J1650-500.csv,,,Data replog,,,J1650-500,True,IR
ir090727.0141,XTE J1650-500,16:50:00.9,-49:57:42,2009-07-28,02:15:34.9,2455040.5941,60.0,1.09,J,J,,,,usbdrivereplog_J1650-500.csv,,,Data replog,,,J1650-500,True,IR
ir090727.0140,XTE J1650-500,16:50:00.9,-49:57:43,2009-07-28,02:14:18.5,2455040.5933,60.0,1.09,J,J,,,,usbdrivereplog_J1650-500.csv,,,Data replog,,,J1650-500,True,IR
ir090727.0139,XTE J1650-500,16:50:00.8,-49:57:43,2009-07-28,02:13:02.3,2455040.5924,60.0,1.09,J,J,,,,usbdrivereplog_J1650-500.csv,,,Data replog,,,J1650-500,True,IR
ir090727.0138,XTE J1650-500,16:50:00.8,-49:57:43,2009-07-28,02:11:46.4,2455040.5915,60.0,1.09,J,J,,,,usbdrivereplog_J1650-500.csv,,,Data replog,,,J1650-500,True,IR
ir090724.0149,XTE J1650-500,16:50:00.9,-49:57:42,2009-07-25,02:44:31.8,2455037.6143,60.0,1.11,J,J,,,,usbdrivereplog_J1650-500.csv,,,Data replog,,,J1650-500,True,IR
ir090724.0148,XTE J1650-500,16:50:00.9,-49:57:42,2009-07-25,02:43:15.3,2455037.6134,60.0,1.1,J,J,,,,usbdrivereplog_J1650-500.csv,,,Data replog,,,J1650-500,True,IR
ir090724.0147,XTE J1650-500,16:50:00.9,-49:57:42,2009-07-25,02:41:59.1,2455037.6125,60.0,1.1,J,J,,,,usbdrivereplog_J1650-500.csv,,,Data replog,,,J1650-500,True,IR
ir090724.0146,XTE J1650-500,16:50:00.9,-49:57:43,2009-07-25,02:40:43.2,2455037.6116,60.0,1.1,J,J,,,,usbdrivereplog_J1650-500.csv,,,Data replog,,,J1650-500,True,IR
ir090724.0145,XTE J1650-500,16:50:00.9,-49:57:43,2009-07-25,02:39:27.4,2455037.6107,60.0,1.1,J,J,,,,usbdrivereplog_J1650-500.csv,,,Data replog,,,J1650-500,True,IR
ir090724.0144,XTE J1650-500,16:50:00.9,-49:57:43,2009-07-25,02:38:11.3,2455037.6099,60.0,1.1,J,J,,,,usbdrivereplog_J1650-500.csv,,,Data replog,,,J1650-500,True,IR
ir090810.0092,XTE J1650-500,16:50:00.5,-49:57:42,2009-08-11,03:26:55.3,2455054.6437,60.0,1.32,J,J,,,,usbdrivereplog_J1650-500.csv,,,Data replog,,,J1650-500,True,IR
ir090810.0093,XTE J1650-500,16:50:00.6,-49:57:42,2009-08-11,03:28:11.6,2455054.6446,60.0,1.33,J,J,,,,usbdrivereplog_J1650-500.csv,,,Data replog,,,J1650-500,True,IR
ir090810.0094,XTE J1650-500,16:50:00.5,-49:57:42,2009-08-11,03:29:27.5,2455054.6455,60.0,1.33,J,J,,,,usbdrivereplog_J1650-500.csv,,,Data replog,,,J1650-500,True,IR
ir090829.0076,XTE J1650-500,16:49:59.4,-49:57:25,2009-08-30,00:40:46.5,2455073.5283,60.0,1.13,J,J,,,,usbdrivereplog_J1650-500.csv,,,Data replog,,,J1650-500,True,IR
ir090901.0127,XTE J1650-500,16:49:59.1,-49:57:18,2009-09-02,01:43:28.6,2455076.5719,60.0,1.27,J,J,,,,usbdrivereplog_J1650-500.csv,,,Data replog,,,J1650-500,True,IR
ir090901.0126,XTE J1650-500,16:49:59.2,-49:57:18,2009-09-02,01:42:12.4,2455076.571,60.0,1.27,J,J,,,,usbdrivereplog_J1650-500.csv,,,Data replog,,,J1650-500,True,IR
ir090901.0125,XTE J1650-500,16:49:59.1,-49:57:18,2009-09-02,01:40:56.2,2455076.5701,60.0,1.27,J,J,,,,usbdrivereplog_J1650-500.csv,,,Data replog,,,J1650-500,True,IR
ir090901.0124,XTE J1650-500,16:49:59.1,-49:57:18,2009-09-02,01:39:40.2,2455076.5692,60.0,1.26,J,J,,,,usbdrivereplog_J1650-500.csv,,,Data replog,,,J1650-500,True,IR
ir090901.0123,XTE J1650-500,16:49:59.2,-49:57:18,2009-09-02,01:38:24.3,2455076.5683,60.0,1.26,J,J,,,,usbdrivereplog_J1650-500.csv,,,Data replog,,,J1650-500,True,IR
ir090901.0122,XTE J1650-500,16:49:59.1,-49:57:19,2009-09-02,01:37:08.1,2455076.5675,60.0,1.26,J,J,,,,usbdrivereplog_J1650-500.csv,,,Data replog,,,J1650-500,True,IR
ir090901.0121,XTE J1650-500,16:49:59.2,-49:57:19,2009-09-02,01:35:52.0,2455076.5666,60.0,1.25,J,J,,,,usbdrivereplog_J1650-500.csv,,,Data replog,,,J1650-500,True,IR
ir090901.0120,XTE J1650-500,16:49:59.2,-49:57:19,2009-09-02,01:34:36.1,2455076.5657,60.0,1.25,J,J,,,,usbdrivereplog_J1650-500.csv,,,Data replog,,,J1650-500,True,IR
ir090901.0119,XTE J1650-500,16:49:59.1,-49:57:19,2009-09-02,01:33:19.9,2455076.5648,60.0,1.25,J,J,,,,usbdrivereplog_J1650-500.csv,,,Data replog,,,J1650-500,True,IR
ir090901.0118,XTE J1650-500,16:49:59.1,-49:57:19,2009-09-02,01:32:03.7,2455076.5639,60.0,1.24,J,J,,,,usbdrivereplog_J1650-500.csv,,,Data replog,,,J1650-500,True,IR
ir090901.0117,XTE J1650-500,16:49:59.1,-49:57:20,2009-09-02,01:30:47.7,2455076.563,60.0,1.24,J,J,,,,usbdrivereplog_J1650-500.csv,,,Data replog,,,J1650-500,True,IR
ir090829.0075,XTE J1650-500,16:49:59.4,-49:57:25,2009-08-30,00:39:30.3,2455073.5274,60.0,1.13,J,J,,,,usbdrivereplog_J1650-500.csv,,,Data replog,,,J1650-500,True,IR
ir090810.0095,XTE J1650-500,16:50:00.5,-49:57:42,2009-08-11,03:30:43.8,2455054.6464,60.0,1.34,J,J,,,,usbdrivereplog_J1650-500.csv,,,Data replog,,,J1650-500,True,IR
ir090829.0074,XTE J1650-500,16:49:59.4,-49:57:25,2009-08-30,00:38:14.2,2455073.5266,60.0,1.12,J,J,,,,usbdrivereplog_J1650-500.csv,,,Data replog,,,J1650-500,True,IR
ir090829.0073,XTE J1650-500,16:49:59.4,-49:57:25,2009-08-30,00:36:58.3,2455073.5257,60.0,1.12,J,J,,,,usbdrivereplog_J1650-500.csv,,,Data replog,,,J1650-500,True,IR
ir090829.0072,XTE J1650-500,16:49:59.4,-49:57:25,2009-08-30,00:35:42.4,2455073.5248,60.0,1.12,J,J,,,,usbdrivereplog_J1650-500.csv,,,Data replog,,,J1650-500,True,IR
ir090829.0071,XTE J1650-500,16:49:59.5,-49:57:25,2009-08-30,00:34:26.3,2455073.5239,60.0,1.12,J,J,,,,usbdrivereplog_J1650-500.csv,,,Data replog,,,J1650-500,True,IR
ir090829.0070,XTE J1650-500,16:49:59.5,-49:57:26,2009-08-30,00:33:10.3,2455073.523,60.0,1.12,J,J,,,,usbdrivereplog_J1650-500.csv,,,Data replog,,,J1650-500,True,IR
ir090829.0069,XTE J1650-500,16:49:59.5,-49:57:26,2009-08-30,00:31:54.4,2455073.5222,60.0,1.12,J,J,,,,usbdrivereplog_J1650-500.csv,,,Data replog,,,J1650-500,True,IR
ir090829.0068,XTE J1650-500,16:49:59.5,-49:57:26,2009-08-30,00:30:38.2,2455073.5213,60.0,1.11,J,J,,,,usbdrivereplog_J1650-500.csv,,,Data replog,,,J1650-500,True,IR
ir090829.0067,XTE J1650-500,16:49:59.5,-49:57:27,2009-08-30,00:29:22.2,2455073.5204,60.0,1.11,J,J,,,,usbdrivereplog_J1650-500.csv,,,Data replog,,,J1650-500,True,IR
ir090829.0066,XTE J1650-500,16:49:59.5,-49:57:28,2009-08-30,00:28:06.3,2455073.5195,60.0,1.11,J,J,,,,usbdrivereplog_J1650-500.csv,,,Data replog,,,J1650-500,True,IR
ir090828.0127,XTE J1650-500,16:49:57.4,-49:57:23,2009-08-29,02:08:35.3,2455072.5893,60.0,1.3,J,J,,,,usbdrivereplog_J1650-500.csv,,,Data replog,,,J1650-500,True,IR
ir090828.0126,XTE J1650-500,16:49:57.4,-49:57:23,2009-08-29,02:07:19.1,2455072.5884,60.0,1.3,J,J,,,,usbdrivereplog_J1650-500.csv,,,Data replog,,,J1650-500,True,IR
ir090903.0136,XTE J1650-500,16:50:00.8,-49:57:43,2009-09-04,02:11:18.5,2455078.5912,60.0,1.39,J,J,,,,usbdrivereplog_J1650-500.csv,,,Data replog,,,J1650-500,True,IR
ir090903.0137,XTE J1650-500,16:50:00.8,-49:57:44,2009-09-04,02:12:34.4,2455078.5921,60.0,1.39,J,J,,,,usbdrivereplog_J1650-500.csv,,,Data replog,,,J1650-500,True,IR
ir090903.0138,XTE J1650-500,16:50:00.8,-49:57:44,2009-09-04,02:13:50.5,2455078.5929,60.0,1.4,J,J,,,,usbdrivereplog_J1650-500.csv,,,Data replog,,,J1650-500,True,IR
ir090903.0139,XTE J1650-500,16:50:00.8,-49:57:44,2009-09-04,02:15:06.8,2455078.5938,60.0,1.4,J,J,,,,usbdrivereplog_J1650-500.csv,,,Data replog,,,J1650-500,True,IR
ir090907.0066,XTE J1650-500,16:49:59.9,-49:57:43,2009-09-08,01:53:55.9,2455082.5791,60.0,1.38,J,J,,,,usbdrivereplog_J1650-500.csv,,,Data replog,,,J1650-500,True,IR
ir090907.0065,XTE J1650-500,16:49:59.9,-49:57:43,2009-09-08,01:52:39.8,2455082.5782,60.0,1.38,J,J,,,,usbdrivereplog_J1650-500.csv,,,Data replog,,,J1650-500,True,IR
ir090907.0064,XTE J1650-500,16:49:59.9,-49:57:43,2009-09-08,01:51:23.6,2455082.5774,60.0,1.37,J,J,,,,usbdrivereplog_J1650-500.csv,,,Data replog,,,J1650-500,True,IR
ir090907.0063,XTE J1650-500,16:50:00.0,-49:57:43,2009-09-08,01:50:07.3,2455082.5765,60.0,1.37,J,J,,,,usbdrivereplog_J1650-500.csv,,,Data replog,,,J1650-500,True,IR
ir090907.0062,XTE J1650-500,16:50:00.0,-49:57:43,2009-09-08,01:48:51.3,2455082.5756,60.0,1.36,J,J,,,,usbdrivereplog_J1650-500.csv,,,Data replog,,,J1650-500,True,IR
ir090904.0179,XTE J1650-500,16:50:00.7,-49:57:45,2009-09-05,03:10:05.6,2455079.632,60.0,1.7,J,J,,,,usbdrivereplog_J1650-500.csv,,,Data replog,,,J1650-500,True,IR
ir090904.0178,XTE J1650-500,16:50:00.7,-49:57:45,2009-09-05,03:08:49.4,2455079.6311,60.0,1.69,J,J,,,,usbdrivereplog_J1650-500.csv,,,Data replog,,,J1650-500,True,IR
ir090904.0177,XTE J1650-500,16:50:00.7,-49:57:44,2009-09-05,03:07:33.3,2455079.6302,60.0,1.68,J,J,,,,usbdrivereplog_J1650-500.csv,,,Data replog,,,J1650-500,True,IR
ir090904.0176,XTE J1650-500,16:50:00.7,-49:57:44,2009-09-05,03:06:17.4,2455079.6294,60.0,1.68,J,J,,,,usbdrivereplog_J1650-500.csv,,,Data replog,,,J1650-500,True,IR
ir090904.0175,XTE J1650-500,16:50:00.7,-49:57:44,2009-09-05,03:05:01.5,2455079.6285,60.0,1.67,J,J,,,,usbdrivereplog_J1650-500.csv,,,Data replog,,,J1650-500,True,IR
ir090904.0174,XTE J1650-500,16:50:00.7,-49:57:44,2009-09-05,03:03:45.5,2455079.6276,60.0,1.66,J,J,,,,usbdrivereplog_J1650-500.csv,,,Data replog,,,J1650-500,True,IR
ir090904.0173,XTE J1650-500,16:50:00.7,-49:57:43,2009-09-05,03:02:29.5,2455079.6267,60.0,1.65,J,J,,,,usbdrivereplog_J1650-500.csv,,,Data replog,,,J1650-500,True,IR
ir090904.0172,XTE J1650-500,16:50:00.7,-49:57:43,2009-09-05,03:01:13.6,2455079.6258,60.0,1.64,J,J,,,,usbdrivereplog_J1650-500.csv,,,Data replog,,,J1650-500,True,IR
ir090904.0171,XTE J1650-500,16:50:00.8,-49:57:43,2009-09-05,02:59:57.4,2455079.625,60.0,1.64,J,J,,,,usbdrivereplog_J1650-500.csv,,,Data replog,,,J1650-500,True,IR
ir090904.0170,XTE J1650-500,16:50:00.7,-49:57:43,2009-09-05,02:58:41.3,2455079.6241,60.0,1.63,J,J,,,,usbdrivereplog_J1650-500.csv,,,Data replog,,,J1650-500,True,IR
ir090904.0169,XTE J1650-500,16:50:00.8,-49:57:43,2009-09-05,02:57:25.4,2455079.6232,60.0,1.62,J,J,,,,usbdrivereplog_J1650-500.csv,,,Data replog,,,J1650-500,True,IR
ir090903.0146,XTE J1650-500,16:50:00.8,-49:57:45,2009-09-04,02:23:58.9,2455078.6,60.0,1.44,J,J,,,,usbdrivereplog_J1650-500.csv,,,Data replog,,,J1650-500,True,IR
ir090903.0145,XTE J1650-500,16:50:00.8,-49:57:44,2009-09-04,02:22:42.7,2455078.5991,60.0,1.43,J,J,,,,usbdrivereplog_J1650-500.csv,,,Data replog,,,J1650-500,True,IR
ir090903.0144,XTE J1650-500,16:50:00.9,-49:57:45,2009-09-04,02:21:26.5,2455078.5982,60.0,1.43,J,J,,,,usbdrivereplog_J1650-500.csv,,,Data replog,,,J1650-500,True,IR
ir090903.0143,XTE J1650-500,16:50:00.9,-49:57:44,2009-09-04,02:20:10.6,2455078.5973,60.0,1.42,J,J,,,,usbdrivereplog_J1650-500.csv,,,Data replog,,,J1650-500,True,IR
ir090903.0142,XTE J1650-500,16:50:00.8,-49:57:44,2009-09-04,02:18:54.7,2455078.5965,60.0,1.42,J,J,,,,usbdrivereplog_J1650-500.csv,,,Data replog,,,J1650-500,True,IR
ir090903.0141,XTE J1650-500,16:50:00.9,-49:57:44,2009-09-04,02:17:38.7,2455078.5956,60.0,1.41,J,J,,,,usbdrivereplog_J1650-500.csv,,,Data replog,,,J1650-500,True,IR
ir090903.0140,XTE J1650-500,16:50:00.8,-49:57:44,2009-09-04,02:16:22.7,2455078.5947,60.0,1.41,J,J,,,,usbdrivereplog_J1650-500.csv,,,Data replog,,,J1650-500,True,IR
ir090828.0125,XTE J1650-500,16:49:57.4,-49:57:22,2009-08-29,02:06:02.9,2455072.5875,60.0,1.29,J,J,,,,usbdrivereplog_J1650-500.csv,,,Data replog,,,J1650-500,True,IR
ir090828.0124,XTE J1650-500,16:49:57.4,-49:57:22,2009-08-29,02:04:47.0,2455072.5867,60.0,1.29,J,J,,,,usbdrivereplog_J1650-500.csv,,,Data replog,,,J1650-500,True,IR
ir090828.0123,XTE J1650-500,16:49:57.4,-49:57:22,2009-08-29,02:03:31.1,2455072.5858,60.0,1.29,J,J,,,,usbdrivereplog_J1650-500.csv,,,Data replog,,,J1650-500,True,IR
ir090825.0138,XTE J1650-500,16:50:00.8,-49:57:43,2009-08-26,02:34:34.4,2455069.6074,60.0,1.34,J,J,,,,usbdrivereplog_J1650-500.csv,,,Data replog,,,J1650-500,True,IR
ir090823.0105,XTE J1650-500,16:50:00.9,-49:57:44,2009-08-24,03:12:30.2,2455067.6337,60.0,1.46,J,J,,,,usbdrivereplog_J1650-500.csv,,,Data replog,,,J1650-500,True,IR
ir090823.0104,XTE J1650-500,16:50:00.9,-49:57:44,2009-08-24,03:11:14.0,2455067.6328,60.0,1.45,J,J,,,,usbdrivereplog_J1650-500.csv,,,Data replog,,,J1650-500,True,IR
ir090823.0103,XTE J1650-500,16:50:00.9,-49:57:44,2009-08-24,03:09:57.9,2455067.6319,60.0,1.45,J,J,,,,usbdrivereplog_J1650-500.csv,,,Data replog,,,J1650-500,True,IR
ir090823.0102,XTE J1650-500,16:50:01.0,-49:57:44,2009-08-24,03:08:42.1,2455067.631,60.0,1.44,J,J,,,,usbdrivereplog_J1650-500.csv,,,Data replog,,,J1650-500,True,IR
ir090823.0101,XTE J1650-500,16:50:00.9,-49:57:43,2009-08-24,03:07:26.1,2455067.6302,60.0,1.44,J,J,,,,usbdrivereplog_J1650-500.csv,,,Data replog,,,J1650-500,True,IR
ir090823.0100,XTE J1650-500,16:50:00.9,-49:57:43,2009-08-24,03:06:10.1,2455067.6293,60.0,1.43,J,J,,,,usbdrivereplog_J1650-500.csv,,,Data replog,,,J1650-500,True,IR
ir090823.0099,XTE J1650-500,16:50:00.9,-49:57:43,2009-08-24,03:04:54.1,2455067.6284,60.0,1.43,J,J,,,,usbdrivereplog_J1650-500.csv,,,Data replog,,,J1650-500,True,IR
ir090823.0098,XTE J1650-500,16:50:00.9,-49:57:43,2009-08-24,03:03:38.2,2455067.6275,60.0,1.42,J,J,,,,usbdrivereplog_J1650-500.csv,,,Data replog,,,J1650-500,True,IR
ir090823.0097,XTE J1650-500,16:50:00.9,-49:57:43,2009-08-24,03:02:22.1,2455067.6266,60.0,1.42,J,J,,,,usbdrivereplog_J1650-500.csv,,,Data replog,,,J1650-500,True,IR
ir090823.0096,XTE J1650-500,16:50:00.8,-49:57:43,2009-08-24,03:01:06.0,2455067.6258,60.0,1.41,J,J,,,,usbdrivereplog_J1650-500.csv,,,Data replog,,,J1650-500,True,IR
ir090823.0095,XTE J1650-500,16:50:00.8,-49:57:42,2009-08-24,02:59:50.1,2455067.6249,60.0,1.41,J,J,,,,usbdrivereplog_J1650-500.csv,,,Data replog,,,J1650-500,True,IR
ir090822.0205,XTE J1650-500,16:50:00.9,-49:57:46,2009-08-23,03:08:10.9,2455066.6307,60.0,1.43,J,J,,,,usbdrivereplog_J1650-500.csv,,,Data replog,,,J1650-500,True,IR
ir090822.0204,XTE J1650-500,16:50:00.9,-49:57:45,2009-08-23,03:06:54.8,2455066.6298,60.0,1.42,J,J,,,,usbdrivereplog_J1650-500.csv,,,Data replog,,,J1650-500,True,IR
ir090822.0203,XTE J1650-500,16:50:00.9,-49:57:45,2009-08-23,03:05:38.6,2455066.6289,60.0,1.41,J,J,,,,usbdrivereplog_J1650-500.csv,,,Data replog,,,J1650-500,True,IR
ir090822.0202,XTE J1650-500,16:50:00.9,-49:57:45,2009-08-23,03:04:22.7,2455066.628,60.0,1.41,J,J,,,,usbdrivereplog_J1650-500.csv,,,Data replog,,,J1650-500,True,IR
ir090822.0201,XTE J1650-500,16:50:00.8,-49:57:45,2009-08-23,03:03:06.8,2455066.6272,60.0,1.41,J,J,,,,usbdrivereplog_J1650-500.csv,,,Data replog,,,J1650-500,True,IR
ir090822.0200,XTE J1650-500,16:50:00.9,-49:57:45,2009-08-23,03:01:50.7,2455066.6263,60.0,1.4,J,J,,,,usbdrivereplog_J1650-500.csv,,,Data replog,,,J1650-500,True,IR
ir090822.0199,XTE J1650-500,16:50:00.8,-49:57:44,2009-08-23,03:00:34.7,2455066.6254,60.0,1.4,J,J,,,,usbdrivereplog_J1650-500.csv,,,Data replog,,,J1650-500,True,IR
ir090822.0198,XTE J1650-500,16:50:00.8,-49:57:44,2009-08-23,02:59:18.8,2455066.6245,60.0,1.39,J,J,,,,usbdrivereplog_J1650-500.csv,,,Data replog,,,J1650-500,True,IR
ir090822.0197,XTE J1650-500,16:50:00.8,-49:57:44,2009-08-23,02:58:02.7,2455066.6236,60.0,1.39,J,J,,,,usbdrivereplog_J1650-500.csv,,,Data replog,,,J1650-500,True,IR
ir090822.0196,XTE J1650-500,16:50:00.8,-49:57:44,2009-08-23,02:56:46.4,2455066.6228,60.0,1.38,J,J,,,,usbdrivereplog_J1650-500.csv,,,Data replog,,,J1650-500,True,IR
ir090822.0195,XTE J1650-500,16:50:00.8,-49:57:44,2009-08-23,02:55:30.6,2455066.6219,60.0,1.38,J,J,,,,usbdrivereplog_J1650-500.csv,,,Data replog,,,J1650-500,True,IR
ir090810.0096,XTE J1650-500,16:50:00.4,-49:57:42,2009-08-11,03:32:00.1,2455054.6472,60.0,1.34,J,J,,,,usbdrivereplog_J1650-500.csv,,,Data replog,,,J1650-500,True,IR
ir090825.0137,XTE J1650-500,16:50:00.8,-49:57:43,2009-08-26,02:33:18.6,2455069.6065,60.0,1.34,J,J,,,,usbdrivereplog_J1650-500.csv,,,Data replog,,,J1650-500,True,IR
ir090825.0139,XTE J1650-500,16:50:00.8,-49:57:43,2009-08-26,02:35:50.5,2455069.6082,60.0,1.35,J,J,,,,usbdrivereplog_J1650-500.csv,,,Data replog,,,J1650-500,True,IR
ir090828.0122,XTE J1650-500,16:49:57.5,-49:57:22,2009-08-29,02:02:15.0,2455072.5849,60.0,1.28,J,J,,,,usbdrivereplog_J1650-500.csv,,,Data replog,,,J1650-500,True,IR
ir090825.0140,XTE J1650-500,16:50:00.7,-49:57:43,2009-08-26,02:37:06.6,2455069.6091,60.0,1.35,J,J,,,,usbdrivereplog_J1650-500.csv,,,Data replog,,,J1650-500,True,IR
ir090828.0121,XTE J1650-500,16:49:57.5,-49:57:22,2009-08-29,02:00:58.8,2455072.584,60.0,1.28,J,J,,,,usbdrivereplog_J1650-500.csv,,,Data replog,,,J1650-500,True,IR
ir090828.0120,XTE J1650-500,16:49:57.5,-49:57:22,2009-08-29,01:59:42.8,2455072.5831,60.0,1.27,J,J,,,,usbdrivereplog_J1650-500.csv,,,Data replog,,,J1650-500,True,IR
ir090828.0119,XTE J1650-500,16:49:57.6,-49:57:22,2009-08-29,01:58:26.6,2455072.5822,60.0,1.27,J,J,,,,usbdrivereplog_J1650-500.csv,,,Data replog,,,J1650-500,True,IR
ir090828.0118,XTE J1650-500,16:49:57.6,-49:57:22,2009-08-29,01:57:10.5,2455072.5814,60.0,1.27,J,J,,,,usbdrivereplog_J1650-500.csv,,,Data replog,,,J1650-500,True,IR
ir090828.0117,XTE J1650-500,16:49:57.6,-49:57:23,2009-08-29,01:55:54.6,2455072.5805,60.0,1.26,J,J,,,,usbdrivereplog_J1650-500.csv,,,Data replog,,,J1650-500,True,IR
ir090826.0128,XTE J1650-500,16:50:01.0,-49:57:45,2009-08-27,01:42:46.4,2455070.5714,60.0,1.21,J,J,,,,usbdrivereplog_J1650-500.csv,,,Data replog,,,J1650-500,True,IR
ir090826.0127,XTE J1650-500,16:50:01.0,-49:57:44,2009-08-27,01:41:30.2,2455070.5705,60.0,1.21,J,J,,,,usbdrivereplog_J1650-500.csv,,,Data replog,,,J1650-500,True,IR
ir090826.0126,XTE J1650-500,16:50:00.9,-49:57:44,2009-08-27,01:40:14.1,2455070.5696,60.0,1.21,J,J,,,,usbdrivereplog_J1650-500.csv,,,Data replog,,,J1650-500,True,IR
ir090826.0125,XTE J1650-500,16:50:00.9,-49:57:44,2009-08-27,01:38:58.1,2455070.5687,60.0,1.21,J,J,,,,usbdrivereplog_J1650-500.csv,,,Data replog,,,J1650-500,True,IR
ir090826.0124,XTE J1650-500,16:50:00.9,-49:57:44,2009-08-27,01:37:42.2,2455070.5679,60.0,1.2,J,J,,,,usbdrivereplog_J1650-500.csv,,,Data replog,,,J1650-500,True,IR
ir090826.0123,XTE J1650-500,16:50:00.9,-49:57:43,2009-08-27,01:36:26.2,2455070.567,60.0,1.2,J,J,,,,usbdrivereplog_J1650-500.csv,,,Data replog,,,J1650-500,True,IR
ir090826.0122,XTE J1650-500,16:50:00.8,-49:57:44,2009-08-27,01:35:10.2,2455070.5661,60.0,1.2,J,J,,,,usbdrivereplog_J1650-500.csv,,,Data replog,,,J1650-500,True,IR
ir090826.0121,XTE J1650-500,16:50:00.8,-49:57:44,2009-08-27,01:33:54.2,2455070.5652,60.0,1.19,J,J,,,,usbdrivereplog_J1650-500.csv,,,Data replog,,,J1650-500,True,IR
ir090826.0120,XTE J1650-500,16:50:00.7,-49:57:44,2009-08-27,01:32:38.0,2455070.5643,60.0,1.19,J,J,,,,usbdrivereplog_J1650-500.csv,,,Data replog,,,J1650-500,True,IR
ir090826.0119,XTE J1650-500,16:50:00.7,-49:57:44,2009-08-27,01:31:21.9,2455070.5634,60.0,1.19,J,J,,,,usbdrivereplog_J1650-500.csv,,,Data replog,,,J1650-500,True,IR
ir090826.0118,XTE J1650-500,16:50:00.9,-49:57:43,2009-08-27,01:30:06.0,2455070.5626,60.0,1.19,J,J,,,,usbdrivereplog_J1650-500.csv,,,Data replog,,,J1650-500,True,IR
ir090825.0147,XTE J1650-500,16:50:00.7,-49:57:45,2009-08-26,02:45:58.7,2455069.6153,60.0,1.38,J,J,,,,usbdrivereplog_J1650-500.csv,,,Data replog,,,J1650-500,True,IR
ir090825.0146,XTE J1650-500,16:50:00.7,-49:57:45,2009-08-26,02:44:42.5,2455069.6144,60.0,1.38,J,J,,,,usbdrivereplog_J1650-500.csv,,,Data replog,,,J1650-500,True,IR
ir090825.0145,XTE J1650-500,16:50:00.7,-49:57:45,2009-08-26,02:43:26.3,2455069.6135,60.0,1.38,J,J,,,,usbdrivereplog_J1650-500.csv,,,Data replog,,,J1650-500,True,IR
ir090825.0144,XTE J1650-500,16:50:00.7,-49:57:45,2009-08-26,02:42:10.5,2455069.6126,60.0,1.37,J,J,,,,usbdrivereplog_J1650-500.csv,,,Data replog,,,J1650-500,True,IR
ir090825.0143,XTE J1650-500,16:50:00.7,-49:57:44,2009-08-26,02:40:54.5,2455069.6118,60.0,1.37,J,J,,,,usbdrivereplog_J1650-500.csv,,,Data replog,,,J1650-500,True,IR
ir090825.0142,XTE J1650-500,16:50:00.7,-49:57:44,2009-08-26,02:39:38.6,2455069.6109,60.0,1.36,J,J,,,,usbdrivereplog_J1650-500.csv,,,Data replog,,,J1650-500,True,IR
ir090825.0141,XTE J1650-500,16:50:00.7,-49:57:44,2009-08-26,02:38:22.6,2455069.61,60.0,1.36,J,J,,,,usbdrivereplog_J1650-500.csv,,,Data replog,,,J1650-500,True,IR
ir090430.0119,XTE J1650-500,16:50:01.0,-49:57:43,2009-05-01,02:59:56.5,2454952.625,60.0,1.5,J,J,,,,usbdrivereplog_J1650-500.csv,,,Data replog,,,J1650-500,True,IR
ir090430.0117,XTE J1650-500,16:50:00.9,-49:57:44,2009-05-01,02:57:23.6,2454952.6232,60.0,1.51,J,J,,,,usbdrivereplog_J1650-500.csv,,,Data replog,,,J1650-500,True,IR
ir090430.0116,XTE J1650-500,16:50:00.9,-49:57:44,2009-05-01,02:56:07.0,2454952.6223,60.0,1.52,J,J,,,,usbdrivereplog_J1650-500.csv,,,Data replog,,,J1650-500,True,IR
ir090205.0213,XTE J1650-500,16:50:00.8,-49:57:45,2009-02-06,08:11:02.6,2454868.841,60.0,1.6,J,J,,,,usbdrivereplog_J1650-500.csv,,,Data replog,,,J1650-500,True,IR
ir090205.0212,XTE J1650-500,16:50:00.8,-49:57:45,2009-02-06,08:09:46.2,2454868.8401,60.0,1.6,J,J,,,,usbdrivereplog_J1650-500.csv,,,Data replog,,,J1650-500,True,IR
ir090205.0211,XTE J1650-500,16:50:00.8,-49:57:45,2009-02-06,08:08:30.0,2454868.8392,60.0,1.61,J,J,,,,usbdrivereplog_J1650-500.csv,,,Data replog,,,J1650-500,True,IR
ir090205.0215,XTE J1650-500,16:50:00.9,-49:57:45,2009-02-06,08:13:35.3,2454868.8428,60.0,1.58,J,J,,,,usbdrivereplog_J1650-500.csv,,,Data replog,,,J1650-500,True,IR
ir090205.0214,XTE J1650-500,16:50:00.8,-49:57:45,2009-02-06,08:12:19.2,2454868.8419,60.0,1.59,J,J,,,,usbdrivereplog_J1650-500.csv,,,Data replog,,,J1650-500,True,IR
ir090205.0216,XTE J1650-500,16:50:00.9,-49:57:45,2009-02-06,08:14:51.6,2454868.8437,60.0,1.58,J,J,,,,usbdrivereplog_J1650-500.csv,,,Data replog,,,J1650-500,True,IR
ir090213.0200,XTE J1650-500,16:49:56.5,-49:58:05,2009-02-14,07:25:50.0,2454876.8096,60.0,1.68,J,J,,,,usbdrivereplog_J1650-500.csv,,,Data replog,,,J1650-500,True,IR
ir090215.0295,XTE J1650-500,16:49:58.6,-49:57:55,2009-02-16,08:09:44.5,2454878.8401,60.0,1.42,J,J,,,,usbdrivereplog_J1650-500.csv,,,Data replog,,,J1650-500,True,IR
ir090215.0294,XTE J1650-500,16:49:58.6,-49:57:55,2009-02-16,08:08:28.3,2454878.8392,60.0,1.42,J,J,,,,usbdrivereplog_J1650-500.csv,,,Data replog,,,J1650-500,True,IR
ir090215.0293,XTE J1650-500,16:49:58.5,-49:57:55,2009-02-16,08:07:12.1,2454878.8383,60.0,1.43,J,J,,,,usbdrivereplog_J1650-500.csv,,,Data replog,,,J1650-500,True,IR
ir090215.0292,XTE J1650-500,16:49:58.5,-49:57:55,2009-02-16,08:05:55.6,2454878.8374,60.0,1.43,J,J,,,,usbdrivereplog_J1650-500.csv,,,Data replog,,,J1650-500,True,IR
ir090215.0291,XTE J1650-500,16:49:58.5,-49:57:55,2009-02-16,08:04:39.0,2454878.8366,60.0,1.44,J,J,,,,usbdrivereplog_J1650-500.csv,,,Data replog,,,J1650-500,True,IR
ir090215.0290,XTE J1650-500,16:49:58.4,-49:57:55,2009-02-16,08:03:22.7,2454878.8357,60.0,1.44,J,J,,,,usbdrivereplog_J1650-500.csv,,,Data replog,,,J1650-500,True,IR
ir090215.0289,XTE J1650-500,16:49:58.4,-49:57:56,2009-02-16,08:02:06.0,2454878.8348,60.0,1.45,J,J,,,,usbdrivereplog_J1650-500.csv,,,Data replog,,,J1650-500,True,IR
ir090215.0288,XTE J1650-500,16:49:58.4,-49:57:56,2009-02-16,08:00:49.4,2454878.8339,60.0,1.45,J,J,,,,usbdrivereplog_J1650-500.csv,,,Data replog,,,J1650-500,True,IR
ir090215.0287,XTE J1650-500,16:49:58.4,-49:57:56,2009-02-16,07:59:33.3,2454878.833,60.0,1.46,J,J,,,,usbdrivereplog_J1650-500.csv,,,Data replog,,,J1650-500,True,IR
ir090213.0202,XTE J1650-500,16:49:56.6,-49:58:05,2009-02-14,07:28:23.9,2454876.8114,60.0,1.66,J,J,,,,usbdrivereplog_J1650-500.csv,,,Data replog,,,J1650-500,True,IR
ir090213.0201,XTE J1650-500,16:49:56.6,-49:58:05,2009-02-14,07:27:07.1,2454876.8105,60.0,1.67,J,J,,,,usbdrivereplog_J1650-500.csv,,,Data replog,,,J1650-500,True,IR
ir090213.0199,XTE J1650-500,16:49:56.5,-49:58:05,2009-02-14,07:24:33.6,2454876.8087,60.0,1.69,J,J,,,,usbdrivereplog_J1650-500.csv,,,Data replog,,,J1650-500,True,IR
ir090212.0298,XTE J1650-500,16:50:00.8,-49:57:43,2009-02-13,07:38:26.9,2454875.8184,60.0,1.63,J,J,,,,usbdrivereplog_J1650-500.csv,,,Data replog,,,J1650-500,True,IR
ir090213.0198,XTE J1650-500,16:49:56.4,-49:58:05,2009-02-14,07:23:16.9,2454876.8078,60.0,1.69,J,J,,,,usbdrivereplog_J1650-500.csv,,,Data replog,,,J1650-500,True,IR
ir090213.0197,XTE J1650-500,16:49:56.3,-49:58:05,2009-02-14,07:22:00.2,2454876.807,60.0,1.7,J,J,,,,usbdrivereplog_J1650-500.csv,,,Data replog,,,J1650-500,True,IR
ir090213.0196,XTE J1650-500,16:49:56.2,-49:58:06,2009-02-14,07:20:43.4,2454876.8061,60.0,1.71,J,J,,,,usbdrivereplog_J1650-500.csv,,,Data replog,,,J1650-500,True,IR
ir090213.0195,XTE J1650-500,16:49:56.1,-49:58:06,2009-02-14,07:19:26.9,2454876.8052,60.0,1.72,J,J,,,,usbdrivereplog_J1650-500.csv,,,Data replog,,,J1650-500,True,IR
ir090213.0194,XTE J1650-500,16:49:56.1,-49:58:05,2009-02-14,07:18:10.1,2454876.8043,60.0,1.73,J,J,,,,usbdrivereplog_J1650-500.csv,,,Data replog,,,J1650-500,True,IR
ir090213.0193,XTE J1650-500,16:49:56.1,-49:58:06,2009-02-14,07:16:53.0,2454876.8034,60.0,1.74,J,J,,,,usbdrivereplog_J1650-500.csv,,,Data replog,,,J1650-500,True,IR
ir090213.0192,XTE J1650-500,16:49:56.1,-49:58:06,2009-02-14,07:15:36.5,2454876.8025,60.0,1.75,J,J,,,,usbdrivereplog_J1650-500.csv,,,Data replog,,,J1650-500,True,IR
ir090212.0303,XTE J1650-500,16:50:01.0,-49:57:43,2009-02-13,07:44:48.8,2454875.8228,60.0,1.59,J,J,,,,usbdrivereplog_J1650-500.csv,,,Data replog,,,J1650-500,True,IR
ir090212.0302,XTE J1650-500,16:50:01.0,-49:57:43,2009-02-13,07:43:32.2,2454875.8219,60.0,1.6,J,J,,,,usbdrivereplog_J1650-500.csv,,,Data replog,,,J1650-500,True,IR
ir090212.0301,XTE J1650-500,16:50:00.9,-49:57:43,2009-02-13,07:42:15.6,2454875.821,60.0,1.6,J,J,,,,usbdrivereplog_J1650-500.csv,,,Data replog,,,J1650-500,True,IR
ir090212.0300,XTE J1650-500,16:50:00.9,-49:57:43,2009-02-13,07:40:59.4,2454875.8201,60.0,1.61,J,J,,,,usbdrivereplog_J1650-500.csv,,,Data replog,,,J1650-500,True,IR
ir090215.0296,XTE J1650-500,16:49:58.6,-49:57:55,2009-02-16,08:11:01.2,2454878.841,60.0,1.41,J,J,,,,usbdrivereplog_J1650-500.csv,,,Data replog,,,J1650-500,True,IR
ir090215.0297,XTE J1650-500,16:49:58.6,-49:57:55,2009-02-16,08:12:17.8,2454878.8419,60.0,1.41,J,J,,,,usbdrivereplog_J1650-500.csv,,,Data replog,,,J1650-500,True,IR
ir090216.0289,XTE J1650-500,16:49:56.7,-49:57:56,2009-02-17,07:19:41.5,2454879.8053,60.0,1.64,J,J,,,,usbdrivereplog_J1650-500.csv,,,Data replog,,,J1650-500,True,IR
ir090216.0290,XTE J1650-500,16:49:56.7,-49:57:56,2009-02-17,07:20:57.7,2454879.8062,60.0,1.64,J,J,,,,usbdrivereplog_J1650-500.csv,,,Data replog,,,J1650-500,True,IR
ir090222.0247,XTE J1650-500,16:50:00.8,-49:57:45,2009-02-23,06:51:12.2,2454885.7856,60.0,1.67,J,J,,,,usbdrivereplog_J1650-500.csv,,,Data replog,,,J1650-500,True,IR
ir090222.0246,XTE J1650-500,16:50:00.7,-49:57:46,2009-02-23,06:49:55.7,2454885.7847,60.0,1.68,J,J,,,,usbdrivereplog_J1650-500.csv,,,Data replog,,,J1650-500,True,IR
ir090222.0245,XTE J1650-500,16:50:00.7,-49:57:45,2009-02-23,06:48:39.6,2454885.7838,60.0,1.69,J,J,,,,usbdrivereplog_J1650-500.csv,,,Data replog,,,J1650-500,True,IR
ir090221.0210,XTE J1650-500,16:50:00.5,-49:57:43,2009-02-22,08:03:11.6,2454884.8355,60.0,1.35,J,J,,,,usbdrivereplog_J1650-500.csv,,,Data replog,,,J1650-500,True,IR
ir090221.0209,XTE J1650-500,16:50:00.6,-49:57:43,2009-02-22,08:01:55.0,2454884.8347,60.0,1.36,J,J,,,,usbdrivereplog_J1650-500.csv,,,Data replog,,,J1650-500,True,IR
ir090221.0208,XTE J1650-500,16:50:00.6,-49:57:43,2009-02-22,08:00:38.6,2454884.8338,60.0,1.36,J,J,,,,usbdrivereplog_J1650-500.csv,,,Data replog,,,J1650-500,True,IR
ir090221.0207,XTE J1650-500,16:50:00.6,-49:57:44,2009-02-22,07:59:22.3,2454884.8329,60.0,1.37,J,J,,,,usbdrivereplog_J1650-500.csv,,,Data replog,,,J1650-500,True,IR
ir090221.0206,XTE J1650-500,16:50:00.6,-49:57:44,2009-02-22,07:58:06.0,2454884.832,60.0,1.37,J,J,,,,usbdrivereplog_J1650-500.csv,,,Data replog,,,J1650-500,True,IR
ir090221.0205,XTE J1650-500,16:50:00.6,-49:57:44,2009-02-22,07:56:49.4,2454884.8311,60.0,1.38,J,J,,,,usbdrivereplog_J1650-500.csv,,,Data replog,,,J1650-500,True,IR
ir090221.0204,XTE J1650-500,16:50:00.6,-49:57:44,2009-02-22,07:55:32.9,2454884.8302,60.0,1.38,J,J,,,,usbdrivereplog_J1650-500.csv,,,Data replog,,,J1650-500,True,IR
ir090221.0203,XTE J1650-500,16:50:00.6,-49:57:44,2009-02-22,07:54:16.7,2454884.8294,60.0,1.39,J,J,,,,usbdrivereplog_J1650-500.csv,,,Data replog,,,J1650-500,True,IR
ir090221.0202,XTE J1650-500,16:50:00.7,-49:57:44,2009-02-22,07:53:00.0,2454884.8285,60.0,1.39,J,J,,,,usbdrivereplog_J1650-500.csv,,,Data replog,,,J1650-500,True,IR
ir090221.0201,XTE J1650-500,16:50:00.7,-49:57:44,2009-02-22,07:51:43.4,2454884.8276,60.0,1.4,J,J,,,,usbdrivereplog_J1650-500.csv,,,Data replog,,,J1650-500,True,IR
ir090221.0200,XTE J1650-500,16:50:00.8,-49:57:44,2009-02-22,07:50:27.3,2454884.8267,60.0,1.4,J,J,,,,usbdrivereplog_J1650-500.csv,,,Data replog,,,J1650-500,True,IR
ir090216.0299,XTE J1650-500,16:49:57.0,-49:57:56,2009-02-17,07:32:25.5,2454879.8142,60.0,1.57,J,J,,,,usbdrivereplog_J1650-500.csv,,,Data replog,,,J1650-500,True,IR
ir090216.0298,XTE J1650-500,16:49:57.0,-49:57:56,2009-02-17,07:31:08.9,2454879.8133,60.0,1.58,J,J,,,,usbdrivereplog_J1650-500.csv,,,Data replog,,,J1650-500,True,IR
ir090216.0297,XTE J1650-500,16:49:56.9,-49:57:56,2009-02-17,07:29:52.4,2454879.8124,60.0,1.58,J,J,,,,usbdrivereplog_J1650-500.csv,,,Data replog,,,J1650-500,True,IR
ir090216.0296,XTE J1650-500,16:49:56.9,-49:57:56,2009-02-17,07:28:36.1,2454879.8115,60.0,1.59,J,J,,,,usbdrivereplog_J1650-500.csv,,,Data replog,,,J1650-500,True,IR
ir090216.0295,XTE J1650-500,16:49:56.8,-49:57:56,2009-02-17,07:27:20.0,2454879.8106,60.0,1.6,J,J,,,,usbdrivereplog_J1650-500.csv,,,Data replog,,,J1650-500,True,IR
ir090216.0294,XTE J1650-500,16:49:56.8,-49:57:56,2009-02-17,07:26:03.5,2454879.8098,60.0,1.61,J,J,,,,usbdrivereplog_J1650-500.csv,,,Data replog,,,J1650-500,True,IR
ir090216.0293,XTE J1650-500,16:49:56.8,-49:57:56,2009-02-17,07:24:47.0,2454879.8089,60.0,1.61,J,J,,,,usbdrivereplog_J1650-500.csv,,,Data replog,,,J1650-500,True,IR
ir090216.0292,XTE J1650-500,16:49:56.8,-49:57:56,2009-02-17,07:23:30.7,2454879.808,60.0,1.62,J,J,,,,usbdrivereplog_J1650-500.csv,,,Data replog,,,J1650-500,True,IR
ir090216.0291,XTE J1650-500,16:49:56.8,-49:57:56,2009-02-17,07:22:14.2,2454879.8071,60.0,1.63,J,J,,,,usbdrivereplog_J1650-500.csv,,,Data replog,,,J1650-500,True,IR
ir090212.0299,XTE J1650-500,16:50:00.9,-49:57:43,2009-02-13,07:39:43.2,2454875.8193,60.0,1.62,J,J,,,,usbdrivereplog_J1650-500.csv,,,Data replog,,,J1650-500,True,IR
ir090212.0297,XTE J1650-500,16:50:00.8,-49:57:43,2009-02-13,07:37:10.4,2454875.8175,60.0,1.63,J,J,,,,usbdrivereplog_J1650-500.csv,,,Data replog,,,J1650-500,True,IR
ir090205.0217,XTE J1650-500,16:50:00.9,-49:57:45,2009-02-06,08:16:08.1,2454868.8445,60.0,1.57,J,J,,,,usbdrivereplog_J1650-500.csv,,,Data replog,,,J1650-500,True,IR
ir090207.0237,XTE J1650-500,16:50:00.9,-49:57:43,2009-02-08,08:06:35.5,2454870.8379,60.0,1.58,J,J,,,,usbdrivereplog_J1650-500.csv,,,Data replog,,,J1650-500,True,IR
ir090208.0309,XTE J1650-500,16:50:00.8,-49:57:42,2009-02-09,07:47:36.5,2454871.8247,60.0,1.67,J,J,,,,usbdrivereplog_J1650-500.csv,,,Data replog,,,J1650-500,True,IR
ir090208.0308,XTE J1650-500,16:50:00.8,-49:57:42,2009-02-09,07:46:20.4,2454871.8238,60.0,1.67,J,J,,,,usbdrivereplog_J1650-500.csv,,,Data replog,,,J1650-500,True,IR
ir090208.0307,XTE J1650-500,16:50:00.7,-49:57:42,2009-02-09,07:45:04.3,2454871.823,60.0,1.68,J,J,,,,usbdrivereplog_J1650-500.csv,,,Data replog,,,J1650-500,True,IR
ir090208.0306,XTE J1650-500,16:50:00.7,-49:57:43,2009-02-09,07:43:48.0,2454871.8221,60.0,1.69,J,J,,,,usbdrivereplog_J1650-500.csv,,,Data replog,,,J1650-500,True,IR
ir090208.0305,XTE J1650-500,16:50:00.6,-49:57:43,2009-02-09,07:42:31.5,2454871.8212,60.0,1.7,J,J,,,,usbdrivereplog_J1650-500.csv,,,Data replog,,,J1650-500,True,IR
ir090208.0304,XTE J1650-500,16:50:00.5,-49:57:43,2009-02-09,07:41:15.4,2454871.8203,60.0,1.71,J,J,,,,usbdrivereplog_J1650-500.csv,,,Data replog,,,J1650-500,True,IR
ir090208.0303,XTE J1650-500,16:50:00.4,-49:57:43,2009-02-09,07:39:58.9,2454871.8194,60.0,1.71,J,J,,,,usbdrivereplog_J1650-500.csv,,,Data replog,,,J1650-500,True,IR
ir090208.0302,XTE J1650-500,16:50:00.3,-49:57:44,2009-02-09,07:38:42.5,2454871.8185,60.0,1.72,J,J,,,,usbdrivereplog_J1650-500.csv,,,Data replog,,,J1650-500,True,IR
ir090208.0301,XTE J1650-500,16:50:00.4,-49:57:44,2009-02-09,07:37:26.3,2454871.8177,60.0,1.73,J,J,,,,usbdrivereplog_J1650-500.csv,,,Data replog,,,J1650-500,True,IR
ir090207.0239,XTE J1650-500,16:50:00.9,-49:57:43,2009-02-08,08:09:08.9,2454870.8397,60.0,1.56,J,J,,,,usbdrivereplog_J1650-500.csv,,,Data replog,,,J1650-500,True,IR
ir090207.0238,XTE J1650-500,16:50:00.9,-49:57:43,2009-02-08,08:07:52.2,2454870.8388,60.0,1.57,J,J,,,,usbdrivereplog_J1650-500.csv,,,Data replog,,,J1650-500,True,IR
ir090207.0236,XTE J1650-500,16:50:00.9,-49:57:43,2009-02-08,08:05:19.4,2454870.837,60.0,1.58,J,J,,,,usbdrivereplog_J1650-500.csv,,,Data replog,,,J1650-500,True,IR
ir090212.0296,XTE J1650-500,16:50:00.8,-49:57:44,2009-02-13,07:35:54.1,2454875.8166,60.0,1.64,J,J,,,,usbdrivereplog_J1650-500.csv,,,Data replog,,,J1650-500,True,IR
ir090207.0235,XTE J1650-500,16:50:00.9,-49:57:43,2009-02-08,08:04:03.1,2454870.8361,60.0,1.59,J,J,,,,usbdrivereplog_J1650-500.csv,,,Data replog,,,J1650-500,True,IR
ir090207.0234,XTE J1650-500,16:50:00.8,-49:57:43,2009-02-08,08:02:46.6,2454870.8353,60.0,1.6,J,J,,,,usbdrivereplog_J1650-500.csv,,,Data replog,,,J1650-500,True,IR
ir090207.0233,XTE J1650-500,16:50:00.8,-49:57:43,2009-02-08,08:01:30.0,2454870.8344,60.0,1.61,J,J,,,,usbdrivereplog_J1650-500.csv,,,Data replog,,,J1650-500,True,IR
ir090207.0232,XTE J1650-500,16:50:00.8,-49:57:43,2009-02-08,08:00:13.7,2454870.8335,60.0,1.61,J,J,,,,usbdrivereplog_J1650-500.csv,,,Data replog,,,J1650-500,True,IR
ir090207.0231,XTE J1650-500,16:50:00.8,-49:57:44,2009-02-08,07:58:57.1,2454870.8326,60.0,1.62,J,J,,,,usbdrivereplog_J1650-500.csv,,,Data replog,,,J1650-500,True,IR
ir090207.0230,XTE J1650-500,16:50:00.8,-49:57:44,2009-02-08,07:57:40.6,2454870.8317,60.0,1.63,J,J,,,,usbdrivereplog_J1650-500.csv,,,Data replog,,,J1650-500,True,IR
ir090207.0229,XTE J1650-500,16:50:00.8,-49:57:44,2009-02-08,07:56:24.4,2454870.8308,60.0,1.64,J,J,,,,usbdrivereplog_J1650-500.csv,,,Data replog,,,J1650-500,True,IR
ir090205.0221,XTE J1650-500,16:50:01.0,-49:57:45,2009-02-06,08:21:13.7,2454868.8481,60.0,1.54,J,J,,,,usbdrivereplog_J1650-500.csv,,,Data replog,,,J1650-500,True,IR
ir090205.0220,XTE J1650-500,16:50:01.0,-49:57:45,2009-02-06,08:19:57.1,2454868.8472,60.0,1.55,J,J,,,,usbdrivereplog_J1650-500.csv,,,Data replog,,,J1650-500,True,IR
ir090205.0219,XTE J1650-500,16:50:01.0,-49:57:45,2009-02-06,08:18:40.6,2454868.8463,60.0,1.56,J,J,,,,usbdrivereplog_J1650-500.csv,,,Data replog,,,J1650-500,True,IR
ir090205.0218,XTE J1650-500,16:50:00.9,-49:57:45,2009-02-06,08:17:24.4,2454868.8454,60.0,1.56,J,J,,,,usbdrivereplog_J1650-500.csv,,,Data replog,,,J1650-500,True,IR
ir090208.0310,XTE J1650-500,16:50:00.8,-49:57:42,2009-02-09,07:48:53.1,2454871.8256,60.0,1.66,J,J,,,,usbdrivereplog_J1650-500.csv,,,Data replog,,,J1650-500,True,IR
ir090208.0311,XTE J1650-500,16:50:00.9,-49:57:42,2009-02-09,07:50:09.5,2454871.8265,60.0,1.65,J,J,,,,usbdrivereplog_J1650-500.csv,,,Data replog,,,J1650-500,True,IR
ir090209.0140,XTE J1650-500,16:50:00.7,-49:57:44,2009-02-10,07:47:38.6,2454872.8248,60.0,1.64,J,J,,,,usbdrivereplog_J1650-500.csv,,,Data replog,,,J1650-500,True,IR
ir090209.0141,XTE J1650-500,16:50:00.7,-49:57:44,2009-02-10,07:48:54.7,2454872.8256,60.0,1.63,J,J,,,,usbdrivereplog_J1650-500.csv,,,Data replog,,,J1650-500,True,IR
ir090212.0295,XTE J1650-500,16:50:00.8,-49:57:43,2009-02-13,07:34:37.6,2454875.8157,60.0,1.65,J,J,,,,usbdrivereplog_J1650-500.csv,,,Data replog,,,J1650-500,True,IR
ir090212.0294,XTE J1650-500,16:50:00.7,-49:57:44,2009-02-13,07:33:21.2,2454875.8148,60.0,1.66,J,J,,,,usbdrivereplog_J1650-500.csv,,,Data replog,,,J1650-500,True,IR
ir090212.0293,XTE J1650-500,16:50:00.7,-49:57:44,2009-02-13,07:32:05.0,2454875.8139,60.0,1.66,J,J,,,,usbdrivereplog_J1650-500.csv,,,Data replog,,,J1650-500,True,IR
ir090211.0250,XTE J1650-500,16:50:01.4,-49:57:47,2009-02-12,07:57:07.6,2454874.8313,60.0,1.55,J,J,,,,usbdrivereplog_J1650-500.csv,,,Data replog,,,J1650-500,True,IR
ir090211.0249,XTE J1650-500,16:50:01.3,-49:57:47,2009-02-12,07:55:51.1,2454874.8305,60.0,1.55,J,J,,,,usbdrivereplog_J1650-500.csv,,,Data replog,,,J1650-500,True,IR
ir090211.0248,XTE J1650-500,16:50:01.3,-49:57:47,2009-02-12,07:54:34.5,2454874.8296,60.0,1.56,J,J,,,,usbdrivereplog_J1650-500.csv,,,Data replog,,,J1650-500,True,IR
ir090211.0247,XTE J1650-500,16:50:01.2,-49:57:47,2009-02-12,07:53:18.4,2454874.8287,60.0,1.56,J,J,,,,usbdrivereplog_J1650-500.csv,,,Data replog,,,J1650-500,True,IR
ir090211.0246,XTE J1650-500,16:50:01.2,-49:57:47,2009-02-12,07:52:02.1,2454874.8278,60.0,1.57,J,J,,,,usbdrivereplog_J1650-500.csv,,,Data replog,,,J1650-500,True,IR
ir090211.0245,XTE J1650-500,16:50:01.1,-49:57:47,2009-02-12,07:50:45.8,2454874.8269,60.0,1.58,J,J,,,,usbdrivereplog_J1650-500.csv,,,Data replog,,,J1650-500,True,IR
ir090211.0244,XTE J1650-500,16:50:01.1,-49:57:47,2009-02-12,07:49:29.3,2454874.826,60.0,1.59,J,J,,,,usbdrivereplog_J1650-500.csv,,,Data replog,,,J1650-500,True,IR
ir090211.0243,XTE J1650-500,16:50:01.1,-49:57:48,2009-02-12,07:48:13.1,2454874.8251,60.0,1.59,J,J,,,,usbdrivereplog_J1650-500.csv,,,Data replog,,,J1650-500,True,IR
ir090211.0242,XTE J1650-500,16:50:01.1,-49:57:48,2009-02-12,07:46:56.7,2454874.8243,60.0,1.6,J,J,,,,usbdrivereplog_J1650-500.csv,,,Data replog,,,J1650-500,True,IR
ir090211.0241,XTE J1650-500,16:50:01.0,-49:57:48,2009-02-12,07:45:40.2,2454874.8234,60.0,1.61,J,J,,,,usbdrivereplog_J1650-500.csv,,,Data replog,,,J1650-500,True,IR
ir090211.0240,XTE J1650-500,16:50:01.1,-49:57:48,2009-02-12,07:44:24.0,2454874.8225,60.0,1.61,J,J,,,,usbdrivereplog_J1650-500.csv,,,Data replog,,,J1650-500,True,IR
ir090209.0150,XTE J1650-500,16:50:01.0,-49:57:43,2009-02-10,08:00:21.6,2454872.8336,60.0,1.57,J,J,,,,usbdrivereplog_J1650-500.csv,,,Data replog,,,J1650-500,True,IR
ir090209.0149,XTE J1650-500,16:50:01.0,-49:57:43,2009-02-10,07:59:05.1,2454872.8327,60.0,1.58,J,J,,,,usbdrivereplog_J1650-500.csv,,,Data replog,,,J1650-500,True,IR
ir090209.0148,XTE J1650-500,16:50:01.0,-49:57:43,2009-02-10,07:57:48.7,2454872.8318,60.0,1.58,J,J,,,,usbdrivereplog_J1650-500.csv,,,Data replog,,,J1650-500,True,IR
ir090209.0147,XTE J1650-500,16:50:00.9,-49:57:43,2009-02-10,07:56:32.6,2454872.8309,60.0,1.59,J,J,,,,usbdrivereplog_J1650-500.csv,,,Data replog,,,J1650-500,True,IR
ir090209.0146,XTE J1650-500,16:50:00.9,-49:57:43,2009-02-10,07:55:16.5,2454872.8301,60.0,1.6,J,J,,,,usbdrivereplog_J1650-500.csv,,,Data replog,,,J1650-500,True,IR
ir090209.0145,XTE J1650-500,16:50:00.8,-49:57:43,2009-02-10,07:54:00.2,2454872.8292,60.0,1.6,J,J,,,,usbdrivereplog_J1650-500.csv,,,Data replog,,,J1650-500,True,IR
ir090209.0144,XTE J1650-500,16:50:00.8,-49:57:44,2009-02-10,07:52:43.7,2454872.8283,60.0,1.61,J,J,,,,usbdrivereplog_J1650-500.csv,,,Data replog,,,J1650-500,True,IR
ir090209.0143,XTE J1650-500,16:50:00.8,-49:57:44,2009-02-10,07:51:27.5,2454872.8274,60.0,1.62,J,J,,,,usbdrivereplog_J1650-500.csv,,,Data replog,,,J1650-500,True,IR
ir090209.0142,XTE J1650-500,16:50:00.7,-49:57:44,2009-02-10,07:50:11.2,2454872.8265,60.0,1.63,J,J,,,,usbdrivereplog_J1650-500.csv,,,Data replog,,,J1650-500,True,IR
ir090222.0248,XTE J1650-500,16:50:00.8,-49:57:45,2009-02-23,06:52:28.7,2454885.7865,60.0,1.67,J,J,,,,usbdrivereplog_J1650-500.csv,,,Data replog,,,J1650-500,True,IR
ir090222.0249,XTE J1650-500,16:50:00.8,-49:57:45,2009-02-23,06:53:44.8,2454885.7873,60.0,1.66,J,J,,,,usbdrivereplog_J1650-500.csv,,,Data replog,,,J1650-500,True,IR
ir090222.0250,XTE J1650-500,16:50:00.8,-49:57:45,2009-02-23,06:55:01.2,2454885.7882,60.0,1.65,J,J,,,,usbdrivereplog_J1650-500.csv,,,Data replog,,,J1650-500,True,IR
ir090408.0274,XTE J1650-500,16:50:00.7,-49:57:42,2009-04-09,09:19:22.4,2454930.8885,60.0,1.08,J,J,,,,usbdrivereplog_J1650-500.csv,,,Data replog,,,J1650-500,True,IR
ir090409.0346,XTE J1650-500,16:50:00.7,-49:57:41,2009-04-10,07:22:31.0,2454931.8073,60.0,1.08,J,J,,,,usbdrivereplog_J1650-500.csv,,,Data replog,,,J1650-500,True,IR
ir090409.0345,XTE J1650-500,16:50:00.7,-49:57:41,2009-04-10,07:21:14.5,2454931.8064,60.0,1.08,J,J,,,,usbdrivereplog_J1650-500.csv,,,Data replog,,,J1650-500,True,IR
ir090409.0344,XTE J1650-500,16:50:00.7,-49:57:42,2009-04-10,07:19:57.7,2454931.8055,60.0,1.09,J,J,,,,usbdrivereplog_J1650-500.csv,,,Data replog,,,J1650-500,True,IR
ir090409.0343,XTE J1650-500,16:50:00.7,-49:57:42,2009-04-10,07:18:40.7,2454931.8046,60.0,1.09,J,J,,,,usbdrivereplog_J1650-500.csv,,,Data replog,,,J1650-500,True,IR
ir090409.0342,XTE J1650-500,16:50:00.7,-49:57:43,2009-04-10,07:17:24.0,2454931.8037,60.0,1.09,J,J,,,,usbdrivereplog_J1650-500.csv,,,Data replog,,,J1650-500,True,IR
ir090409.0341,XTE J1650-500,16:50:00.7,-49:57:42,2009-04-10,07:16:07.1,2454931.8029,60.0,1.09,J,J,,,,usbdrivereplog_J1650-500.csv,,,Data replog,,,J1650-500,True,IR
ir090409.0340,XTE J1650-500,16:50:00.7,-49:57:43,2009-04-10,07:14:50.1,2454931.802,60.0,1.09,J,J,,,,usbdrivereplog_J1650-500.csv,,,Data replog,,,J1650-500,True,IR
ir090409.0339,XTE J1650-500,16:50:00.7,-49:57:43,2009-04-10,07:13:33.3,2454931.8011,60.0,1.09,J,J,,,,usbdrivereplog_J1650-500.csv,,,Data replog,,,J1650-500,True,IR
ir090408.0277,XTE J1650-500,16:50:00.7,-49:57:42,2009-04-09,09:23:11.8,2454930.8911,60.0,1.09,J,J,,,,usbdrivereplog_J1650-500.csv,,,Data replog,,,J1650-500,True,IR
ir090408.0276,XTE J1650-500,16:50:00.7,-49:57:42,2009-04-09,09:21:55.2,2454930.8902,60.0,1.09,J,J,,,,usbdrivereplog_J1650-500.csv,,,Data replog,,,J1650-500,True,IR
ir090408.0275,XTE J1650-500,16:50:00.7,-49:57:42,2009-04-09,09:20:38.8,2454930.8893,60.0,1.08,J,J,,,,usbdrivereplog_J1650-500.csv,,,Data replog,,,J1650-500,True,IR
ir090408.0273,XTE J1650-500,16:50:00.7,-49:57:42,2009-04-09,09:18:06.2,2454930.8876,60.0,1.08,J,J,,,,usbdrivereplog_J1650-500.csv,,,Data replog,,,J1650-500,True,IR
ir090406.0303,XTE J1650-500,16:50:00.7,-49:57:43,2009-04-07,07:25:12.4,2454928.8092,60.0,1.09,J,J,,,,usbdrivereplog_J1650-500.csv,,,Data replog,,,J1650-500,True,IR
ir090408.0272,XTE J1650-500,16:50:00.7,-49:57:42,2009-04-09,09:16:49.8,2454930.8867,60.0,1.08,J,J,,,,usbdrivereplog_J1650-500.csv,,,Data replog,,,J1650-500,True,IR
ir090408.0271,XTE J1650-500,16:50:00.7,-49:57:42,2009-04-09,09:15:33.2,2454930.8858,60.0,1.08,J,J,,,,usbdrivereplog_J1650-500.csv,,,Data replog,,,J1650-500,True,IR
ir090408.0270,XTE J1650-500,16:50:00.7,-49:57:42,2009-04-09,09:14:16.8,2454930.8849,60.0,1.08,J,J,,,,usbdrivereplog_J1650-500.csv,,,Data replog,,,J1650-500,True,IR
ir090408.0269,XTE J1650-500,16:50:00.7,-49:57:43,2009-04-09,09:13:00.2,2454930.884,60.0,1.08,J,J,,,,usbdrivereplog_J1650-500.csv,,,Data replog,,,J1650-500,True,IR
ir090408.0268,XTE J1650-500,16:50:00.7,-49:57:43,2009-04-09,09:11:43.7,2454930.8832,60.0,1.08,J,J,,,,usbdrivereplog_J1650-500.csv,,,Data replog,,,J1650-500,True,IR
ir090408.0267,XTE J1650-500,16:50:00.8,-49:57:43,2009-04-09,09:10:27.4,2454930.8823,60.0,1.08,J,J,,,,usbdrivereplog_J1650-500.csv,,,Data replog,,,J1650-500,True,IR
ir090406.0309,XTE J1650-500,16:50:00.6,-49:57:40,2009-04-07,07:32:51.1,2454928.8145,60.0,1.08,J,J,,,,usbdrivereplog_J1650-500.csv,,,Data replog,,,J1650-500,True,IR
ir090406.0308,XTE J1650-500,16:50:00.6,-49:57:41,2009-04-07,07:31:34.5,2454928.8136,60.0,1.09,J,J,,,,usbdrivereplog_J1650-500.csv,,,Data replog,,,J1650-500,True,IR
ir090406.0307,XTE J1650-500,16:50:00.6,-49:57:41,2009-04-07,07:30:17.9,2454928.8127,60.0,1.09,J,J,,,,usbdrivereplog_J1650-500.csv,,,Data replog,,,J1650-500,True,IR
ir090406.0306,XTE J1650-500,16:50:00.6,-49:57:41,2009-04-07,07:29:01.6,2454928.8118,60.0,1.09,J,J,,,,usbdrivereplog_J1650-500.csv,,,Data replog,,,J1650-500,True,IR
ir090406.0305,XTE J1650-500,16:50:00.6,-49:57:42,2009-04-07,07:27:45.5,2454928.8109,60.0,1.09,J,J,,,,usbdrivereplog_J1650-500.csv,,,Data replog,,,J1650-500,True,IR
ir090409.0347,XTE J1650-500,16:50:00.8,-49:57:41,2009-04-10,07:23:47.6,2454931.8082,60.0,1.08,J,J,,,,usbdrivereplog_J1650-500.csv,,,Data replog,,,J1650-500,True,IR
ir090409.0348,XTE J1650-500,16:50:00.8,-49:57:41,2009-04-10,07:25:04.5,2454931.8091,60.0,1.08,J,J,,,,usbdrivereplog_J1650-500.csv,,,Data replog,,,J1650-500,True,IR
ir090409.0349,XTE J1650-500,16:50:00.8,-49:57:41,2009-04-10,07:26:21.5,2454931.81,60.0,1.08,J,J,,,,usbdrivereplog_J1650-500.csv,,,Data replog,,,J1650-500,True,IR
ir090411.0241,XTE J1650-500,16:49:59.1,-49:57:16,2009-04-12,06:59:56.2,2454933.7916,60.0,1.1,J,J,,,,usbdrivereplog_J1650-500.csv,,,Data replog,,,J1650-500,True,IR
ir090415.0167,XTE J1650-500,16:49:58.4,-49:57:14,2009-04-16,05:43:23.7,2454937.7385,60.0,1.18,J,J,,,,usbdrivereplog_J1650-500.csv,,,Data replog,,,J1650-500,True,IR
ir090415.0166,XTE J1650-500,16:49:58.4,-49:57:15,2009-04-16,05:42:07.5,2454937.7376,60.0,1.18,J,J,,,,usbdrivereplog_J1650-500.csv,,,Data replog,,,J1650-500,True,IR
ir090412.0330,XTE J1650-500,16:50:00.0,-49:57:27,2009-04-13,07:51:12.2,2454934.8272,60.0,1.07,J,J,,,,usbdrivereplog_J1650-500.csv,,,Data replog,,,J1650-500,True,IR
ir090412.0329,XTE J1650-500,16:50:00.0,-49:57:28,2009-04-13,07:49:55.7,2454934.8264,60.0,1.07,J,J,,,,usbdrivereplog_J1650-500.csv,,,Data replog,,,J1650-500,True,IR
ir090412.0328,XTE J1650-500,16:50:00.0,-49:57:27,2009-04-13,07:48:39.1,2454934.8255,60.0,1.07,J,J,,,,usbdrivereplog_J1650-500.csv,,,Data replog,,,J1650-500,True,IR
ir090412.0327,XTE J1650-500,16:50:00.0,-49:57:27,2009-04-13,07:47:22.8,2454934.8246,60.0,1.07,J,J,,,,usbdrivereplog_J1650-500.csv,,,Data replog,,,J1650-500,True,IR
ir090412.0326,XTE J1650-500,16:50:00.0,-49:57:28,2009-04-13,07:46:06.6,2454934.8237,60.0,1.07,J,J,,,,usbdrivereplog_J1650-500.csv,,,Data replog,,,J1650-500,True,IR
ir090412.0325,XTE J1650-500,16:50:00.0,-49:57:28,2009-04-13,07:44:50.1,2454934.8228,60.0,1.07,J,J,,,,usbdrivereplog_J1650-500.csv,,,Data replog,,,J1650-500,True,IR
ir090412.0324,XTE J1650-500,16:50:00.0,-49:57:26,2009-04-13,07:43:33.8,2454934.8219,60.0,1.07,J,J,,,,usbdrivereplog_J1650-500.csv,,,Data replog,,,J1650-500,True,IR
ir090412.0323,XTE J1650-500,16:50:00.0,-49:57:28,2009-04-13,07:42:17.5,2454934.821,60.0,1.07,J,J,,,,usbdrivereplog_J1650-500.csv,,,Data replog,,,J1650-500,True,IR
ir090412.0322,XTE J1650-500,16:50:00.0,-49:57:28,2009-04-13,07:41:01.1,2454934.8202,60.0,1.07,J,J,,,,usbdrivereplog_J1650-500.csv,,,Data replog,,,J1650-500,True,IR
ir090412.0321,XTE J1650-500,16:50:00.0,-49:57:28,2009-04-13,07:39:44.5,2454934.8193,60.0,1.07,J,J,,,,usbdrivereplog_J1650-500.csv,,,Data replog,,,J1650-500,True,IR
ir090412.0320,XTE J1650-500,16:50:00.1,-49:57:29,2009-04-13,07:38:28.4,2454934.8184,60.0,1.07,J,J,,,,usbdrivereplog_J1650-500.csv,,,Data replog,,,J1650-500,True,IR
ir090411.0251,XTE J1650-500,16:49:58.7,-49:57:14,2009-04-12,07:12:40.8,2454933.8005,60.0,1.08,J,J,,,,usbdrivereplog_J1650-500.csv,,,Data replog,,,J1650-500,True,IR
ir090411.0250,XTE J1650-500,16:49:58.7,-49:57:14,2009-04-12,07:11:24.1,2454933.7996,60.0,1.09,J,J,,,,usbdrivereplog_J1650-500.csv,,,Data replog,,,J1650-500,True,IR
ir090411.0249,XTE J1650-500,16:49:58.7,-49:57:14,2009-04-12,07:10:07.4,2454933.7987,60.0,1.09,J,J,,,,usbdrivereplog_J1650-500.csv,,,Data replog,,,J1650-500,True,IR
ir090411.0248,XTE J1650-500,16:49:58.7,-49:57:15,2009-04-12,07:08:51.2,2454933.7978,60.0,1.09,J,J,,,,usbdrivereplog_J1650-500.csv,,,Data replog,,,J1650-500,True,IR
ir090411.0247,XTE J1650-500,16:49:58.7,-49:57:15,2009-04-12,07:07:34.7,2454933.7969,60.0,1.09,J,J,,,,usbdrivereplog_J1650-500.csv,,,Data replog,,,J1650-500,True,IR
ir090411.0246,XTE J1650-500,16:49:58.7,-49:57:15,2009-04-12,07:06:18.3,2454933.796,60.0,1.09,J,J,,,,usbdrivereplog_J1650-500.csv,,,Data replog,,,J1650-500,True,IR
ir090411.0245,XTE J1650-500,16:49:58.8,-49:57:15,2009-04-12,07:05:01.7,2454933.7952,60.0,1.09,J,J,,,,usbdrivereplog_J1650-500.csv,,,Data replog,,,J1650-500,True,IR
ir090411.0244,XTE J1650-500,16:49:58.9,-49:57:16,2009-04-12,07:03:45.5,2454933.7943,60.0,1.09,J,J,,,,usbdrivereplog_J1650-500.csv,,,Data replog,,,J1650-500,True,IR
ir090411.0243,XTE J1650-500,16:49:58.9,-49:57:16,2009-04-12,07:02:29.0,2454933.7934,60.0,1.09,J,J,,,,usbdrivereplog_J1650-500.csv,,,Data replog,,,J1650-500,True,IR
ir090411.0242,XTE J1650-500,16:49:59.0,-49:57:15,2009-04-12,07:01:12.5,2454933.7925,60.0,1.09,J,J,,,,usbdrivereplog_J1650-500.csv,,,Data replog,,,J1650-500,True,IR
ir090406.0304,XTE J1650-500,16:50:00.6,-49:57:42,2009-04-07,07:26:28.9,2454928.8101,60.0,1.09,J,J,,,,usbdrivereplog_J1650-500.csv,,,Data replog,,,J1650-500,True,IR
ir090406.0302,XTE J1650-500,16:50:00.7,-49:57:43,2009-04-07,07:23:55.9,2454928.8083,60.0,1.09,J,J,,,,usbdrivereplog_J1650-500.csv,,,Data replog,,,J1650-500,True,IR
ir090330.0379,XTE J1650-500,16:49:58.8,-49:57:13,2009-03-31,08:28:55.2,2454921.8534,60.0,1.07,J,J,,,,usbdrivereplog_J1650-500.csv,,,Data replog,,,J1650-500,True,IR
ir090331.0301,XTE J1650-500,16:49:57.8,-49:57:27,2009-04-01,06:59:14.4,2454922.7911,60.0,1.15,J,J,,,,usbdrivereplog_J1650-500.csv,,,Data replog,,,J1650-500,True,IR
ir090402.0271,XTE J1650-500,16:50:00.7,-49:57:44,2009-04-03,05:51:06.8,2454924.7438,60.0,1.28,J,J,,,,usbdrivereplog_J1650-500.csv,,,Data replog,,,J1650-500,True,IR
ir090402.0270,XTE J1650-500,16:50:00.6,-49:57:44,2009-04-03,05:49:50.5,2454924.7429,60.0,1.28,J,J,,,,usbdrivereplog_J1650-500.csv,,,Data replog,,,J1650-500,True,IR
ir090402.0269,XTE J1650-500,16:50:00.7,-49:57:44,2009-04-03,05:48:34.1,2454924.7421,60.0,1.28,J,J,,,,usbdrivereplog_J1650-500.csv,,,Data replog,,,J1650-500,True,IR
ir090402.0268,XTE J1650-500,16:50:00.7,-49:57:44,2009-04-03,05:47:17.4,2454924.7412,60.0,1.29,J,J,,,,usbdrivereplog_J1650-500.csv,,,Data replog,,,J1650-500,True,IR
ir090402.0267,XTE J1650-500,16:50:00.7,-49:57:44,2009-04-03,05:46:01.2,2454924.7403,60.0,1.29,J,J,,,,usbdrivereplog_J1650-500.csv,,,Data replog,,,J1650-500,True,IR
ir090402.0266,XTE J1650-500,16:50:00.7,-49:57:44,2009-04-03,05:44:44.5,2454924.7394,60.0,1.29,J,J,,,,usbdrivereplog_J1650-500.csv,,,Data replog,,,J1650-500,True,IR
ir090402.0265,XTE J1650-500,16:50:00.7,-49:57:44,2009-04-03,05:43:27.9,2454924.7385,60.0,1.3,J,J,,,,usbdrivereplog_J1650-500.csv,,,Data replog,,,J1650-500,True,IR
ir090402.0264,XTE J1650-500,16:50:00.8,-49:57:44,2009-04-03,05:42:11.6,2454924.7376,60.0,1.3,J,J,,,,usbdrivereplog_J1650-500.csv,,,Data replog,,,J1650-500,True,IR
ir090331.0304,XTE J1650-500,16:49:57.9,-49:57:27,2009-04-01,07:03:03.6,2454922.7938,60.0,1.14,J,J,,,,usbdrivereplog_J1650-500.csv,,,Data replog,,,J1650-500,True,IR
ir090331.0303,XTE J1650-500,16:49:57.9,-49:57:27,2009-04-01,07:01:47.1,2454922.7929,60.0,1.14,J,J,,,,usbdrivereplog_J1650-500.csv,,,Data replog,,,J1650-500,True,IR
ir090331.0302,XTE J1650-500,16:49:57.8,-49:57:27,2009-04-01,07:00:30.6,2454922.792,60.0,1.15,J,J,,,,usbdrivereplog_J1650-500.csv,,,Data replog,,,J1650-500,True,IR
ir090331.0300,XTE J1650-500,16:49:57.8,-49:57:27,2009-04-01,06:57:58.2,2454922.7903,60.0,1.15,J,J,,,,usbdrivereplog_J1650-500.csv,,,Data replog,,,J1650-500,True,IR
ir090406.0301,XTE J1650-500,16:50:00.8,-49:57:44,2009-04-07,07:22:39.1,2454928.8074,60.0,1.09,J,J,,,,usbdrivereplog_J1650-500.csv,,,Data replog,,,J1650-500,True,IR
ir090331.0299,XTE J1650-500,16:49:57.8,-49:57:27,2009-04-01,06:56:41.8,2454922.7894,60.0,1.15,J,J,,,,usbdrivereplog_J1650-500.csv,,,Data replog,,,J1650-500,True,IR
ir090331.0298,XTE J1650-500,16:49:57.8,-49:57:27,2009-04-01,06:55:25.4,2454922.7885,60.0,1.15,J,J,,,,usbdrivereplog_J1650-500.csv,,,Data replog,,,J1650-500,True,IR
ir090331.0297,XTE J1650-500,16:49:57.8,-49:57:27,2009-04-01,06:54:09.2,2454922.7876,60.0,1.16,J,J,,,,usbdrivereplog_J1650-500.csv,,,Data replog,,,J1650-500,True,IR
ir090331.0296,XTE J1650-500,16:49:57.8,-49:57:27,2009-04-01,06:52:52.6,2454922.7867,60.0,1.16,J,J,,,,usbdrivereplog_J1650-500.csv,,,Data replog,,,J1650-500,True,IR
ir090331.0295,XTE J1650-500,16:49:57.8,-49:57:28,2009-04-01,06:51:36.2,2454922.7858,60.0,1.16,J,J,,,,usbdrivereplog_J1650-500.csv,,,Data replog,,,J1650-500,True,IR
ir090331.0294,XTE J1650-500,16:49:57.8,-49:57:28,2009-04-01,06:50:20.0,2454922.7849,60.0,1.16,J,J,,,,usbdrivereplog_J1650-500.csv,,,Data replog,,,J1650-500,True,IR
ir090330.0385,XTE J1650-500,16:49:58.8,-49:57:12,2009-03-31,08:36:33.9,2454921.8587,60.0,1.07,J,J,,,,usbdrivereplog_J1650-500.csv,,,Data replog,,,J1650-500,True,IR
ir090330.0384,XTE J1650-500,16:49:58.8,-49:57:12,2009-03-31,08:35:17.3,2454921.8578,60.0,1.07,J,J,,,,usbdrivereplog_J1650-500.csv,,,Data replog,,,J1650-500,True,IR
ir090330.0383,XTE J1650-500,16:49:58.8,-49:57:12,2009-03-31,08:34:00.6,2454921.8569,60.0,1.07,J,J,,,,usbdrivereplog_J1650-500.csv,,,Data replog,,,J1650-500,True,IR
ir090330.0382,XTE J1650-500,16:49:58.8,-49:57:13,2009-03-31,08:32:44.4,2454921.8561,60.0,1.07,J,J,,,,usbdrivereplog_J1650-500.csv,,,Data replog,,,J1650-500,True,IR
ir090330.0381,XTE J1650-500,16:49:58.8,-49:57:12,2009-03-31,08:31:28.2,2454921.8552,60.0,1.07,J,J,,,,usbdrivereplog_J1650-500.csv,,,Data replog,,,J1650-500,True,IR
ir090402.0272,XTE J1650-500,16:50:00.7,-49:57:44,2009-04-03,05:52:23.2,2454924.7447,60.0,1.27,J,J,,,,usbdrivereplog_J1650-500.csv,,,Data replog,,,J1650-500,True,IR
ir090402.0273,XTE J1650-500,16:50:00.7,-49:57:45,2009-04-03,05:53:39.7,2454924.7456,60.0,1.27,J,J,,,,usbdrivereplog_J1650-500.csv,,,Data replog,,,J1650-500,True,IR
ir090402.0274,XTE J1650-500,16:50:00.7,-49:57:45,2009-04-03,05:54:56.3,2454924.7465,60.0,1.27,J,J,,,,usbdrivereplog_J1650-500.csv,,,Data replog,,,J1650-500,True,IR
ir090403.0279,XTE J1650-500,16:50:00.8,-49:57:44,2009-04-04,07:54:15.1,2454925.8293,60.0,1.08,J,J,,,,usbdrivereplog_J1650-500.csv,,,Data replog,,,J1650-500,True,IR
ir090406.0300,XTE J1650-500,16:50:00.8,-49:57:44,2009-04-07,07:21:22.5,2454928.8065,60.0,1.09,J,J,,,,usbdrivereplog_J1650-500.csv,,,Data replog,,,J1650-500,True,IR
ir090406.0299,XTE J1650-500,16:50:00.8,-49:57:43,2009-04-07,07:20:06.2,2454928.8056,60.0,1.09,J,J,,,,usbdrivereplog_J1650-500.csv,,,Data replog,,,J1650-500,True,IR
ir090405.0354,XTE J1650-500,16:50:00.8,-49:57:42,2009-04-06,07:23:14.7,2454927.8078,60.0,1.1,J,J,,,,usbdrivereplog_J1650-500.csv,,,Data replog,,,J1650-500,True,IR
ir090405.0353,XTE J1650-500,16:50:00.8,-49:57:42,2009-04-06,07:21:58.2,2454927.8069,60.0,1.1,J,J,,,,usbdrivereplog_J1650-500.csv,,,Data replog,,,J1650-500,True,IR
ir090405.0352,XTE J1650-500,16:50:00.8,-49:57:42,2009-04-06,07:20:41.6,2454927.806,60.0,1.1,J,J,,,,usbdrivereplog_J1650-500.csv,,,Data replog,,,J1650-500,True,IR
ir090405.0351,XTE J1650-500,16:50:00.8,-49:57:42,2009-04-06,07:19:25.5,2454927.8052,60.0,1.1,J,J,,,,usbdrivereplog_J1650-500.csv,,,Data replog,,,J1650-500,True,IR
ir090405.0350,XTE J1650-500,16:50:00.8,-49:57:43,2009-04-06,07:18:09.2,2454927.8043,60.0,1.1,J,J,,,,usbdrivereplog_J1650-500.csv,,,Data replog,,,J1650-500,True,IR
ir090405.0349,XTE J1650-500,16:50:00.8,-49:57:43,2009-04-06,07:16:52.7,2454927.8034,60.0,1.1,J,J,,,,usbdrivereplog_J1650-500.csv,,,Data replog,,,J1650-500,True,IR
ir090405.0348,XTE J1650-500,16:50:00.8,-49:57:43,2009-04-06,07:15:36.2,2454927.8025,60.0,1.1,J,J,,,,usbdrivereplog_J1650-500.csv,,,Data replog,,,J1650-500,True,IR
ir090405.0347,XTE J1650-500,16:50:00.8,-49:57:43,2009-04-06,07:14:20.0,2454927.8016,60.0,1.1,J,J,,,,usbdrivereplog_J1650-500.csv,,,Data replog,,,J1650-500,True,IR
ir090405.0346,XTE J1650-500,16:50:00.8,-49:57:43,2009-04-06,07:13:03.5,2454927.8007,60.0,1.11,J,J,,,,usbdrivereplog_J1650-500.csv,,,Data replog,,,J1650-500,True,IR
ir090405.0345,XTE J1650-500,16:50:00.8,-49:57:43,2009-04-06,07:11:47.0,2454927.7999,60.0,1.11,J,J,,,,usbdrivereplog_J1650-500.csv,,,Data replog,,,J1650-500,True,IR
ir090405.0344,XTE J1650-500,16:50:00.9,-49:57:44,2009-04-06,07:10:30.8,2454927.799,60.0,1.11,J,J,,,,usbdrivereplog_J1650-500.csv,,,Data replog,,,J1650-500,True,IR
ir090403.0289,XTE J1650-500,16:50:00.6,-49:57:44,2009-04-04,08:06:58.6,2454925.8382,60.0,1.07,J,J,,,,usbdrivereplog_J1650-500.csv,,,Data replog,,,J1650-500,True,IR
ir090403.0288,XTE J1650-500,16:50:00.7,-49:57:44,2009-04-04,08:05:42.0,2454925.8373,60.0,1.07,J,J,,,,usbdrivereplog_J1650-500.csv,,,Data replog,,,J1650-500,True,IR
ir090403.0287,XTE J1650-500,16:50:00.7,-49:57:44,2009-04-04,08:04:25.6,2454925.8364,60.0,1.07,J,J,,,,usbdrivereplog_J1650-500.csv,,,Data replog,,,J1650-500,True,IR
ir090403.0286,XTE J1650-500,16:50:00.7,-49:57:44,2009-04-04,08:03:09.4,2454925.8355,60.0,1.07,J,J,,,,usbdrivereplog_J1650-500.csv,,,Data replog,,,J1650-500,True,IR
ir090403.0285,XTE J1650-500,16:50:00.8,-49:57:44,2009-04-04,08:01:53.2,2454925.8347,60.0,1.07,J,J,,,,usbdrivereplog_J1650-500.csv,,,Data replog,,,J1650-500,True,IR
ir090403.0284,XTE J1650-500,16:50:00.8,-49:57:44,2009-04-04,08:00:36.7,2454925.8338,60.0,1.07,J,J,,,,usbdrivereplog_J1650-500.csv,,,Data replog,,,J1650-500,True,IR
ir090403.0283,XTE J1650-500,16:50:00.8,-49:57:44,2009-04-04,07:59:20.4,2454925.8329,60.0,1.08,J,J,,,,usbdrivereplog_J1650-500.csv,,,Data replog,,,J1650-500,True,IR
ir090403.0282,XTE J1650-500,16:50:00.8,-49:57:44,2009-04-04,07:58:04.2,2454925.832,60.0,1.08,J,J,,,,usbdrivereplog_J1650-500.csv,,,Data replog,,,J1650-500,True,IR
ir090403.0281,XTE J1650-500,16:50:00.8,-49:57:44,2009-04-04,07:56:47.7,2454925.8311,60.0,1.08,J,J,,,,usbdrivereplog_J1650-500.csv,,,Data replog,,,J1650-500,True,IR
ir090403.0280,XTE J1650-500,16:50:00.8,-49:57:44,2009-04-04,07:55:31.3,2454925.8302,60.0,1.08,J,J,,,,usbdrivereplog_J1650-500.csv,,,Data replog,,,J1650-500,True,IR
ir090415.0168,XTE J1650-500,16:49:58.4,-49:57:13,2009-04-16,05:44:40.4,2454937.7393,60.0,1.17,J,J,,,,usbdrivereplog_J1650-500.csv,,,Data replog,,,J1650-500,True,IR
ir090415.0169,XTE J1650-500,16:49:58.4,-49:57:12,2009-04-16,05:45:57.0,2454937.7402,60.0,1.17,J,J,,,,usbdrivereplog_J1650-500.csv,,,Data replog,,,J1650-500,True,IR
ir090415.0170,XTE J1650-500,16:49:58.3,-49:57:12,2009-04-16,05:47:13.2,2454937.7411,60.0,1.17,J,J,,,,usbdrivereplog_J1650-500.csv,,,Data replog,,,J1650-500,True,IR
ir090425.0350,XTE J1650-500,16:49:58.9,-49:57:11,2009-04-26,06:47:47.2,2454947.7832,60.0,1.07,J,J,,,,usbdrivereplog_J1650-500.csv,,,Data replog,,,J1650-500,True,IR
ir090426.0319,XTE J1650-500,16:49:58.9,-49:57:08,2009-04-27,06:36:40.9,2454948.7755,60.0,1.07,J,J,,,,usbdrivereplog_J1650-500.csv,,,Data replog,,,J1650-500,True,IR
ir090426.0318,XTE J1650-500,16:49:58.9,-49:57:08,2009-04-27,06:35:24.4,2454948.7746,60.0,1.07,J,J,,,,usbdrivereplog_J1650-500.csv,,,Data replog,,,J1650-500,True,IR
ir090426.0317,XTE J1650-500,16:49:58.9,-49:57:08,2009-04-27,06:34:07.8,2454948.7737,60.0,1.07,J,J,,,,usbdrivereplog_J1650-500.csv,,,Data replog,,,J1650-500,True,IR
ir090426.0316,XTE J1650-500,16:49:58.9,-49:57:08,2009-04-27,06:32:51.5,2454948.7728,60.0,1.07,J,J,,,,usbdrivereplog_J1650-500.csv,,,Data replog,,,J1650-500,True,IR
ir090426.0315,XTE J1650-500,16:49:58.9,-49:57:08,2009-04-27,06:31:35.0,2454948.7719,60.0,1.07,J,J,,,,usbdrivereplog_J1650-500.csv,,,Data replog,,,J1650-500,True,IR
ir090426.0314,XTE J1650-500,16:49:59.0,-49:57:08,2009-04-27,06:30:18.4,2454948.7711,60.0,1.07,J,J,,,,usbdrivereplog_J1650-500.csv,,,Data replog,,,J1650-500,True,IR
ir090426.0313,XTE J1650-500,16:49:59.0,-49:57:08,2009-04-27,06:29:02.0,2454948.7702,60.0,1.08,J,J,,,,usbdrivereplog_J1650-500.csv,,,Data replog,,,J1650-500,True,IR
ir090425.0354,XTE J1650-500,16:49:58.9,-49:57:11,2009-04-26,06:52:52.6,2454947.7867,60.0,1.07,J,J,,,,usbdrivereplog_J1650-500.csv,,,Data replog,,,J1650-500,True,IR
ir090425.0353,XTE J1650-500,16:49:58.9,-49:57:11,2009-04-26,06:51:36.1,2454947.7858,60.0,1.07,J,J,,,,usbdrivereplog_J1650-500.csv,,,Data replog,,,J1650-500,True,IR
ir090425.0352,XTE J1650-500,16:49:58.9,-49:57:11,2009-04-26,06:50:19.6,2454947.7849,60.0,1.07,J,J,,,,usbdrivereplog_J1650-500.csv,,,Data replog,,,J1650-500,True,IR
ir090425.0351,XTE J1650-500,16:49:58.9,-49:57:11,2009-04-26,06:49:03.4,2454947.7841,60.0,1.07,J,J,,,,usbdrivereplog_J1650-500.csv,,,Data replog,,,J1650-500,True,IR
ir090425.0349,XTE J1650-500,16:49:58.9,-49:57:11,2009-04-26,06:46:30.8,2454947.7823,60.0,1.07,J,J,,,,usbdrivereplog_J1650-500.csv,,,Data replog,,,J1650-500,True,IR
ir090415.0171,XTE J1650-500,16:49:58.3,-49:57:11,2009-04-16,05:48:29.7,2454937.742,60.0,1.17,J,J,,,,usbdrivereplog_J1650-500.csv,,,Data replog,,,J1650-500,True,IR
ir090425.0348,XTE J1650-500,16:49:58.9,-49:57:11,2009-04-26,06:45:14.3,2454947.7814,60.0,1.07,J,J,,,,usbdrivereplog_J1650-500.csv,,,Data replog,,,J1650-500,True,IR
ir090425.0347,XTE J1650-500,16:49:58.9,-49:57:11,2009-04-26,06:43:58.2,2454947.7805,60.0,1.07,J,J,,,,usbdrivereplog_J1650-500.csv,,,Data replog,,,J1650-500,True,IR
ir090425.0346,XTE J1650-500,16:49:58.9,-49:57:11,2009-04-26,06:42:41.7,2454947.7796,60.0,1.07,J,J,,,,usbdrivereplog_J1650-500.csv,,,Data replog,,,J1650-500,True,IR
ir090425.0345,XTE J1650-500,16:49:59.0,-49:57:12,2009-04-26,06:41:25.1,2454947.7788,60.0,1.07,J,J,,,,usbdrivereplog_J1650-500.csv,,,Data replog,,,J1650-500,True,IR
ir090425.0344,XTE J1650-500,16:49:59.0,-49:57:12,2009-04-26,06:40:09.0,2454947.7779,60.0,1.07,J,J,,,,usbdrivereplog_J1650-500.csv,,,Data replog,,,J1650-500,True,IR
ir090420.0325,XTE J1650-500,16:50:00.9,-49:57:42,2009-04-21,07:40:04.1,2454942.8195,60.0,1.06,J,J,,,,usbdrivereplog_J1650-500.csv,,,Data replog,,,J1650-500,True,IR
ir090420.0324,XTE J1650-500,16:50:00.9,-49:57:42,2009-04-21,07:38:47.6,2454942.8186,60.0,1.06,J,J,,,,usbdrivereplog_J1650-500.csv,,,Data replog,,,J1650-500,True,IR
ir090420.0323,XTE J1650-500,16:50:00.9,-49:57:43,2009-04-21,07:37:30.9,2454942.8177,60.0,1.06,J,J,,,,usbdrivereplog_J1650-500.csv,,,Data replog,,,J1650-500,True,IR
ir090420.0322,XTE J1650-500,16:50:00.9,-49:57:43,2009-04-21,07:36:14.6,2454942.8168,60.0,1.06,J,J,,,,usbdrivereplog_J1650-500.csv,,,Data replog,,,J1650-500,True,IR
ir090420.0321,XTE J1650-500,16:50:00.9,-49:57:43,2009-04-21,07:34:58.4,2454942.816,60.0,1.06,J,J,,,,usbdrivereplog_J1650-500.csv,,,Data replog,,,J1650-500,True,IR
ir090420.0320,XTE J1650-500,16:50:00.9,-49:57:43,2009-04-21,07:33:41.9,2454942.8151,60.0,1.06,J,J,,,,usbdrivereplog_J1650-500.csv,,,Data replog,,,J1650-500,True,IR
ir090426.0320,XTE J1650-500,16:49:58.9,-49:57:08,2009-04-27,06:37:57.0,2454948.7764,60.0,1.07,J,J,,,,usbdrivereplog_J1650-500.csv,,,Data replog,,,J1650-500,True,IR
ir090426.0321,XTE J1650-500,16:49:58.8,-49:57:08,2009-04-27,06:39:13.4,2454948.7772,60.0,1.07,J,J,,,,usbdrivereplog_J1650-500.csv,,,Data replog,,,J1650-500,True,IR
ir090426.0322,XTE J1650-500,16:49:58.9,-49:57:08,2009-04-27,06:40:30.1,2454948.7781,60.0,1.07,J,J,,,,usbdrivereplog_J1650-500.csv,,,Data replog,,,J1650-500,True,IR
ir090426.0323,XTE J1650-500,16:49:58.9,-49:57:09,2009-04-27,06:41:46.6,2454948.779,60.0,1.07,J,J,,,,usbdrivereplog_J1650-500.csv,,,Data replog,,,J1650-500,True,IR
ir090430.0115,XTE J1650-500,16:50:00.8,-49:57:44,2009-05-01,02:54:50.8,2454952.6214,60.0,1.52,J,J,,,,usbdrivereplog_J1650-500.csv,,,Data replog,,,J1650-500,True,IR
ir090429.0309,XTE J1650-500,16:49:58.9,-49:57:10,2009-04-30,07:14:42.2,2454951.8019,60.0,1.07,J,J,,,,usbdrivereplog_J1650-500.csv,,,Data replog,,,J1650-500,True,IR
ir090429.0308,XTE J1650-500,16:49:58.9,-49:57:11,2009-04-30,07:13:25.6,2454951.801,60.0,1.06,J,J,,,,usbdrivereplog_J1650-500.csv,,,Data replog,,,J1650-500,True,IR
ir090429.0307,XTE J1650-500,16:49:58.8,-49:57:11,2009-04-30,07:12:09.0,2454951.8001,60.0,1.06,J,J,,,,usbdrivereplog_J1650-500.csv,,,Data replog,,,J1650-500,True,IR
ir090429.0306,XTE J1650-500,16:49:58.9,-49:57:11,2009-04-30,07:10:52.8,2454951.7992,60.0,1.06,J,J,,,,usbdrivereplog_J1650-500.csv,,,Data replog,,,J1650-500,True,IR
ir090429.0305,XTE J1650-500,16:49:58.9,-49:57:11,2009-04-30,07:09:36.3,2454951.7983,60.0,1.06,J,J,,,,usbdrivereplog_J1650-500.csv,,,Data replog,,,J1650-500,True,IR
ir090429.0304,XTE J1650-500,16:49:58.9,-49:57:11,2009-04-30,07:08:19.9,2454951.7975,60.0,1.06,J,J,,,,usbdrivereplog_J1650-500.csv,,,Data replog,,,J1650-500,True,IR
ir090429.0303,XTE J1650-500,16:49:58.9,-49:57:11,2009-04-30,07:07:03.4,2454951.7966,60.0,1.06,J,J,,,,usbdrivereplog_J1650-500.csv,,,Data replog,,,J1650-500,True,IR
ir090429.0302,XTE J1650-500,16:49:58.9,-49:57:11,2009-04-30,07:05:47.1,2454951.7957,60.0,1.06,J,J,,,,usbdrivereplog_J1650-500.csv,,,Data replog,,,J1650-500,True,IR
ir090429.0301,XTE J1650-500,16:49:58.9,-49:57:12,2009-04-30,07:04:30.6,2454951.7948,60.0,1.06,J,J,,,,usbdrivereplog_J1650-500.csv,,,Data replog,,,J1650-500,True,IR
ir090429.0300,XTE J1650-500,16:49:59.0,-49:57:12,2009-04-30,07:03:13.9,2454951.7939,60.0,1.06,J,J,,,,usbdrivereplog_J1650-500.csv,,,Data replog,,,J1650-500,True,IR
ir090429.0299,XTE J1650-500,16:49:59.0,-49:57:12,2009-04-30,07:01:57.7,2454951.793,60.0,1.06,J,J,,,,usbdrivereplog_J1650-500.csv,,,Data replog,,,J1650-500,True,IR
ir090428.0350,XTE J1650-500,16:49:59.2,-49:57:00,2009-04-29,08:02:49.1,2454950.8353,60.0,1.08,J,J,,,,usbdrivereplog_J1650-500.csv,,,Data replog,,,J1650-500,True,IR
ir090428.0349,XTE J1650-500,16:49:59.1,-49:57:01,2009-04-29,08:01:32.5,2454950.8344,60.0,1.08,J,J,,,,usbdrivereplog_J1650-500.csv,,,Data replog,,,J1650-500,True,IR
ir090428.0348,XTE J1650-500,16:49:59.1,-49:57:00,2009-04-29,08:00:15.9,2454950.8335,60.0,1.08,J,J,,,,usbdrivereplog_J1650-500.csv,,,Data replog,,,J1650-500,True,IR
ir090428.0347,XTE J1650-500,16:49:59.1,-49:57:00,2009-04-29,07:58:59.7,2454950.8326,60.0,1.08,J,J,,,,usbdrivereplog_J1650-500.csv,,,Data replog,,,J1650-500,True,IR
ir090428.0346,XTE J1650-500,16:49:59.1,-49:57:00,2009-04-29,07:57:43.5,2454950.8317,60.0,1.08,J,J,,,,usbdrivereplog_J1650-500.csv,,,Data replog,,,J1650-500,True,IR
ir090428.0345,XTE J1650-500,16:49:59.0,-49:57:00,2009-04-29,07:56:27.0,2454950.8309,60.0,1.08,J,J,,,,usbdrivereplog_J1650-500.csv,,,Data replog,,,J1650-500,True,IR
ir090428.0344,XTE J1650-500,16:49:59.0,-49:57:00,2009-04-29,07:55:10.5,2454950.83,60.0,1.08,J,J,,,,usbdrivereplog_J1650-500.csv,,,Data replog,,,J1650-500,True,IR
ir090428.0343,XTE J1650-500,16:49:59.0,-49:57:01,2009-04-29,07:53:54.2,2454950.8291,60.0,1.08,J,J,,,,usbdrivereplog_J1650-500.csv,,,Data replog,,,J1650-500,True,IR
ir090428.0342,XTE J1650-500,16:49:59.0,-49:57:01,2009-04-29,07:52:37.8,2454950.8282,60.0,1.08,J,J,,,,usbdrivereplog_J1650-500.csv,,,Data replog,,,J1650-500,True,IR
ir090428.0341,XTE J1650-500,16:49:59.1,-49:57:02,2009-04-29,07:51:21.3,2454950.8273,60.0,1.08,J,J,,,,usbdrivereplog_J1650-500.csv,,,Data replog,,,J1650-500,True,IR
ir090428.0340,XTE J1650-500,16:49:59.1,-49:57:02,2009-04-29,07:50:05.1,2454950.8265,60.0,1.08,J,J,,,,usbdrivereplog_J1650-500.csv,,,Data replog,,,J1650-500,True,IR
ir090420.0319,XTE J1650-500,16:50:00.9,-49:57:43,2009-04-21,07:32:25.5,2454942.8142,60.0,1.06,J,J,,,,usbdrivereplog_J1650-500.csv,,,Data replog,,,J1650-500,True,IR
ir090420.0318,XTE J1650-500,16:50:00.8,-49:57:43,2009-04-21,07:31:09.2,2454942.8133,60.0,1.06,J,J,,,,usbdrivereplog_J1650-500.csv,,,Data replog,,,J1650-500,True,IR
ir090420.0317,XTE J1650-500,16:50:00.9,-49:57:44,2009-04-21,07:29:52.6,2454942.8124,60.0,1.06,J,J,,,,usbdrivereplog_J1650-500.csv,,,Data replog,,,J1650-500,True,IR
ir090417.0287,XTE J1650-500,16:50:00.5,-49:57:42,2009-04-18,06:48:04.6,2454939.7834,60.0,1.09,J,J,,,,usbdrivereplog_J1650-500.csv,,,Data replog,,,J1650-500,True,IR
ir090417.0285,XTE J1650-500,16:50:00.5,-49:57:43,2009-04-18,06:45:32.1,2454939.7816,60.0,1.09,J,J,,,,usbdrivereplog_J1650-500.csv,,,Data replog,,,J1650-500,True,IR
ir090417.0284,XTE J1650-500,16:50:00.6,-49:57:43,2009-04-18,06:44:15.8,2454939.7807,60.0,1.09,J,J,,,,usbdrivereplog_J1650-500.csv,,,Data replog,,,J1650-500,True,IR
ir090417.0283,XTE J1650-500,16:50:00.6,-49:57:43,2009-04-18,06:42:59.2,2454939.7799,60.0,1.09,J,J,,,,usbdrivereplog_J1650-500.csv,,,Data replog,,,J1650-500,True,IR
ir090417.0282,XTE J1650-500,16:50:00.7,-49:57:44,2009-04-18,06:41:42.8,2454939.779,60.0,1.09,J,J,,,,usbdrivereplog_J1650-500.csv,,,Data replog,,,J1650-500,True,IR
ir090417.0281,XTE J1650-500,16:50:00.8,-49:57:44,2009-04-18,06:40:26.3,2454939.7781,60.0,1.09,J,J,,,,usbdrivereplog_J1650-500.csv,,,Data replog,,,J1650-500,True,IR
ir090417.0280,XTE J1650-500,16:50:00.8,-49:57:44,2009-04-18,06:39:09.7,2454939.7772,60.0,1.09,J,J,,,,usbdrivereplog_J1650-500.csv,,,Data replog,,,J1650-500,True,IR
ir090417.0279,XTE J1650-500,16:50:00.8,-49:57:44,2009-04-18,06:37:53.6,2454939.7763,60.0,1.09,J,J,,,,usbdrivereplog_J1650-500.csv,,,Data replog,,,J1650-500,True,IR
ir090416.0315,XTE J1650-500,16:50:00.7,-49:57:41,2009-04-17,07:07:13.3,2454938.7967,60.0,1.08,J,J,,,,usbdrivereplog_J1650-500.csv,,,Data replog,,,J1650-500,True,IR
ir090416.0314,XTE J1650-500,16:50:00.7,-49:57:40,2009-04-17,07:05:56.9,2454938.7958,60.0,1.08,J,J,,,,usbdrivereplog_J1650-500.csv,,,Data replog,,,J1650-500,True,IR
ir090416.0313,XTE J1650-500,16:50:00.7,-49:57:40,2009-04-17,07:04:40.3,2454938.7949,60.0,1.08,J,J,,,,usbdrivereplog_J1650-500.csv,,,Data replog,,,J1650-500,True,IR
ir090416.0312,XTE J1650-500,16:50:00.6,-49:57:40,2009-04-17,07:03:24.2,2454938.794,60.0,1.08,J,J,,,,usbdrivereplog_J1650-500.csv,,,Data replog,,,J1650-500,True,IR
ir090416.0311,XTE J1650-500,16:50:00.7,-49:57:40,2009-04-17,07:02:07.9,2454938.7931,60.0,1.08,J,J,,,,usbdrivereplog_J1650-500.csv,,,Data replog,,,J1650-500,True,IR
ir090416.0310,XTE J1650-500,16:50:00.7,-49:57:40,2009-04-17,07:00:51.5,2454938.7923,60.0,1.08,J,J,,,,usbdrivereplog_J1650-500.csv,,,Data replog,,,J1650-500,True,IR
ir090416.0309,XTE J1650-500,16:50:00.7,-49:57:41,2009-04-17,06:59:35.0,2454938.7914,60.0,1.08,J,J,,,,usbdrivereplog_J1650-500.csv,,,Data replog,,,J1650-500,True,IR
ir090416.0308,XTE J1650-500,16:50:00.7,-49:57:41,2009-04-17,06:58:18.7,2454938.7905,60.0,1.08,J,J,,,,usbdrivereplog_J1650-500.csv,,,Data replog,,,J1650-500,True,IR
ir090416.0307,XTE J1650-500,16:50:00.7,-49:57:41,2009-04-17,06:57:02.1,2454938.7896,60.0,1.08,J,J,,,,usbdrivereplog_J1650-500.csv,,,Data replog,,,J1650-500,True,IR
ir090416.0306,XTE J1650-500,16:50:00.8,-49:57:41,2009-04-17,06:55:45.5,2454938.7887,60.0,1.08,J,J,,,,usbdrivereplog_J1650-500.csv,,,Data replog,,,J1650-500,True,IR
ir090416.0305,XTE J1650-500,16:50:00.8,-49:57:41,2009-04-17,06:54:29.3,2454938.7878,60.0,1.08,J,J,,,,usbdrivereplog_J1650-500.csv,,,Data replog,,,J1650-500,True,IR
ir090415.0176,XTE J1650-500,16:49:58.5,-49:57:11,2009-04-16,05:54:52.0,2454937.7464,60.0,1.16,J,J,,,,usbdrivereplog_J1650-500.csv,,,Data replog,,,J1650-500,True,IR
ir090415.0175,XTE J1650-500,16:49:58.5,-49:57:10,2009-04-16,05:53:35.4,2454937.7456,60.0,1.16,J,J,,,,usbdrivereplog_J1650-500.csv,,,Data replog,,,J1650-500,True,IR
ir090415.0174,XTE J1650-500,16:49:58.4,-49:57:11,2009-04-16,05:52:18.9,2454937.7447,60.0,1.16,J,J,,,,usbdrivereplog_J1650-500.csv,,,Data replog,,,J1650-500,True,IR
ir090415.0173,XTE J1650-500,16:49:58.3,-49:57:11,2009-04-16,05:51:02.6,2454937.7438,60.0,1.16,J,J,,,,usbdrivereplog_J1650-500.csv,,,Data replog,,,J1650-500,True,IR
ir090415.0172,XTE J1650-500,16:49:58.3,-49:57:11,2009-04-16,05:49:46.2,2454937.7429,60.0,1.17,J,J,,,,usbdrivereplog_J1650-500.csv,,,Data replog,,,J1650-500,True,IR
ir090417.0286,XTE J1650-500,16:50:00.5,-49:57:42,2009-04-18,06:46:48.3,2454939.7825,60.0,1.09,J,J,,,,usbdrivereplog_J1650-500.csv,,,Data replog,,,J1650-500,True,IR
ir090417.0288,XTE J1650-500,16:50:00.5,-49:57:41,2009-04-18,06:49:21.1,2454939.7843,60.0,1.08,J,J,,,,usbdrivereplog_J1650-500.csv,,,Data replog,,,J1650-500,True,IR
ir090420.0316,XTE J1650-500,16:50:00.8,-49:57:44,2009-04-21,07:28:36.0,2454942.8115,60.0,1.06,J,J,,,,usbdrivereplog_J1650-500.csv,,,Data replog,,,J1650-500,True,IR
ir090417.0289,XTE J1650-500,16:50:00.5,-49:57:41,2009-04-18,06:50:37.7,2454939.7852,60.0,1.08,J,J,,,,usbdrivereplog_J1650-500.csv,,,Data replog,,,J1650-500,True,IR
ir090420.0315,XTE J1650-500,16:50:00.9,-49:57:44,2009-04-21,07:27:19.9,2454942.8106,60.0,1.06,J,J,,,,usbdrivereplog_J1650-500.csv,,,Data replog,,,J1650-500,True,IR
ir090419.0294,XTE J1650-500,16:50:00.8,-49:57:43,2009-04-20,07:27:51.9,2454941.811,60.0,1.06,J,J,,,,usbdrivereplog_J1650-500.csv,,,Data replog,,,J1650-500,True,IR
ir090419.0293,XTE J1650-500,16:50:00.8,-49:57:41,2009-04-20,07:26:35.3,2454941.8101,60.0,1.07,J,J,,,,usbdrivereplog_J1650-500.csv,,,Data replog,,,J1650-500,True,IR
ir090419.0292,XTE J1650-500,16:50:00.7,-49:57:41,2009-04-20,07:25:18.7,2454941.8092,60.0,1.07,J,J,,,,usbdrivereplog_J1650-500.csv,,,Data replog,,,J1650-500,True,IR
ir090419.0291,XTE J1650-500,16:50:00.8,-49:57:41,2009-04-20,07:24:02.4,2454941.8084,60.0,1.07,J,J,,,,usbdrivereplog_J1650-500.csv,,,Data replog,,,J1650-500,True,IR
ir090419.0290,XTE J1650-500,16:50:00.8,-49:57:41,2009-04-20,07:22:46.0,2454941.8075,60.0,1.07,J,J,,,,usbdrivereplog_J1650-500.csv,,,Data replog,,,J1650-500,True,IR
ir090419.0289,XTE J1650-500,16:50:00.7,-49:57:41,2009-04-20,07:21:29.5,2454941.8066,60.0,1.07,J,J,,,,usbdrivereplog_J1650-500.csv,,,Data replog,,,J1650-500,True,IR
ir090419.0288,XTE J1650-500,16:50:00.7,-49:57:42,2009-04-20,07:20:13.0,2454941.8057,60.0,1.07,J,J,,,,usbdrivereplog_J1650-500.csv,,,Data replog,,,J1650-500,True,IR
ir090419.0287,XTE J1650-500,16:50:00.7,-49:57:42,2009-04-20,07:18:56.8,2454941.8048,60.0,1.07,J,J,,,,usbdrivereplog_J1650-500.csv,,,Data replog,,,J1650-500,True,IR
ir090419.0286,XTE J1650-500,16:50:00.7,-49:57:43,2009-04-20,07:17:40.3,2454941.8039,60.0,1.07,J,J,,,,usbdrivereplog_J1650-500.csv,,,Data replog,,,J1650-500,True,IR
ir090419.0285,XTE J1650-500,16:50:00.8,-49:57:43,2009-04-20,07:16:23.6,2454941.8031,60.0,1.07,J,J,,,,usbdrivereplog_J1650-500.csv,,,Data replog,,,J1650-500,True,IR
ir090419.0284,XTE J1650-500,16:50:00.8,-49:57:44,2009-04-20,07:15:07.4,2454941.8022,60.0,1.07,J,J,,,,usbdrivereplog_J1650-500.csv,,,Data replog,,,J1650-500,True,IR
ir090418.0309,XTE J1650-500,16:50:00.9,-49:57:44,2009-04-19,06:16:19.6,2454940.7613,60.0,1.11,J,J,,,,usbdrivereplog_J1650-500.csv,,,Data replog,,,J1650-500,True,IR
ir090418.0308,XTE J1650-500,16:50:00.9,-49:57:44,2009-04-19,06:15:03.1,2454940.7605,60.0,1.11,J,J,,,,usbdrivereplog_J1650-500.csv,,,Data replog,,,J1650-500,True,IR
ir090418.0307,XTE J1650-500,16:50:00.9,-49:57:44,2009-04-19,06:13:46.4,2454940.7596,60.0,1.11,J,J,,,,usbdrivereplog_J1650-500.csv,,,Data replog,,,J1650-500,True,IR
ir090418.0306,XTE J1650-500,16:50:00.8,-49:57:44,2009-04-19,06:12:30.0,2454940.7587,60.0,1.12,J,J,,,,usbdrivereplog_J1650-500.csv,,,Data replog,,,J1650-500,True,IR
ir090418.0305,XTE J1650-500,16:50:00.8,-49:57:44,2009-04-19,06:11:13.8,2454940.7578,60.0,1.12,J,J,,,,usbdrivereplog_J1650-500.csv,,,Data replog,,,J1650-500,True,IR
ir090418.0304,XTE J1650-500,16:50:00.8,-49:57:44,2009-04-19,06:09:57.3,2454940.7569,60.0,1.12,J,J,,,,usbdrivereplog_J1650-500.csv,,,Data replog,,,J1650-500,True,IR
ir090418.0303,XTE J1650-500,16:50:00.8,-49:57:44,2009-04-19,06:08:40.9,2454940.756,60.0,1.12,J,J,,,,usbdrivereplog_J1650-500.csv,,,Data replog,,,J1650-500,True,IR
ir090418.0302,XTE J1650-500,16:50:00.8,-49:57:44,2009-04-19,06:07:24.5,2454940.7552,60.0,1.12,J,J,,,,usbdrivereplog_J1650-500.csv,,,Data replog,,,J1650-500,True,IR
ir090418.0301,XTE J1650-500,16:50:00.8,-49:57:44,2009-04-19,06:06:08.0,2454940.7543,60.0,1.12,J,J,,,,usbdrivereplog_J1650-500.csv,,,Data replog,,,J1650-500,True,IR
ir090418.0300,XTE J1650-500,16:50:00.8,-49:57:43,2009-04-19,06:04:51.3,2454940.7534,60.0,1.13,J,J,,,,usbdrivereplog_J1650-500.csv,,,Data replog,,,J1650-500,True,IR
ir090418.0299,XTE J1650-500,16:50:00.8,-49:57:43,2009-04-19,06:03:35.1,2454940.7525,60.0,1.13,J,J,,,,usbdrivereplog_J1650-500.csv,,,Data replog,,,J1650-500,True,IR
ir090330.0380,XTE J1650-500,16:49:58.8,-49:57:13,2009-03-31,08:30:11.7,2454921.8543,60.0,1.07,J,J,,,,usbdrivereplog_J1650-500.csv,,,Data replog,,,J1650-500,True,IR
ir090330.0378,XTE J1650-500,16:49:58.8,-49:57:13,2009-03-31,08:27:38.9,2454921.8525,60.0,1.07,J,J,,,,usbdrivereplog_J1650-500.csv,,,Data replog,,,J1650-500,True,IR
ir090222.0251,XTE J1650-500,16:50:00.8,-49:57:45,2009-02-23,06:56:17.6,2454885.7891,60.0,1.64,J,J,,,,usbdrivereplog_J1650-500.csv,,,Data replog,,,J1650-500,True,IR
ir090308.0248,XTE J1650-500,16:50:00.7,-49:57:45,2009-03-09,07:36:29.0,2454899.817,60.0,1.26,J,J,,,,usbdrivereplog_J1650-500.csv,,,Data replog,,,J1650-500,True,IR
ir090310.0299,XTE J1650-500,16:50:00.9,-49:57:42,2009-03-11,08:29:52.7,2454901.8541,60.0,1.14,J,J,,,,usbdrivereplog_J1650-500.csv,,,Data replog,,,J1650-500,True,IR
ir090310.0298,XTE J1650-500,16:50:00.9,-49:57:42,2009-03-11,08:28:36.6,2454901.8532,60.0,1.14,J,J,,,,usbdrivereplog_J1650-500.csv,,,Data replog,,,J1650-500,True,IR
ir090310.0297,XTE J1650-500,16:50:00.8,-49:57:42,2009-03-11,08:27:20.3,2454901.8523,60.0,1.14,J,J,,,,usbdrivereplog_J1650-500.csv,,,Data replog,,,J1650-500,True,IR
ir090310.0296,XTE J1650-500,16:50:00.8,-49:57:43,2009-03-11,08:26:04.0,2454901.8514,60.0,1.14,J,J,,,,usbdrivereplog_J1650-500.csv,,,Data replog,,,J1650-500,True,IR
ir090310.0295,XTE J1650-500,16:50:00.8,-49:57:42,2009-03-11,08:24:47.5,2454901.8506,60.0,1.14,J,J,,,,usbdrivereplog_J1650-500.csv,,,Data replog,,,J1650-500,True,IR
ir090310.0294,XTE J1650-500,16:50:00.8,-49:57:42,2009-03-11,08:23:31.4,2454901.8497,60.0,1.15,J,J,,,,usbdrivereplog_J1650-500.csv,,,Data replog,,,J1650-500,True,IR
ir090310.0293,XTE J1650-500,16:50:00.8,-49:57:43,2009-03-11,08:22:14.8,2454901.8488,60.0,1.15,J,J,,,,usbdrivereplog_J1650-500.csv,,,Data replog,,,J1650-500,True,IR
ir090310.0292,XTE J1650-500,16:50:00.8,-49:57:43,2009-03-11,08:20:58.0,2454901.8479,60.0,1.15,J,J,,,,usbdrivereplog_J1650-500.csv,,,Data replog,,,J1650-500,True,IR
ir090310.0291,XTE J1650-500,16:50:00.8,-49:57:44,2009-03-11,08:19:41.8,2454901.847,60.0,1.15,J,J,,,,usbdrivereplog_J1650-500.csv,,,Data replog,,,J1650-500,True,IR
ir090308.0250,XTE J1650-500,16:50:00.7,-49:57:45,2009-03-09,07:39:02.7,2454899.8188,60.0,1.25,J,J,,,,usbdrivereplog_J1650-500.csv,,,Data replog,,,J1650-500,True,IR
ir090308.0249,XTE J1650-500,16:50:00.7,-49:57:45,2009-03-09,07:37:45.9,2454899.8179,60.0,1.25,J,J,,,,usbdrivereplog_J1650-500.csv,,,Data replog,,,J1650-500,True,IR
ir090308.0247,XTE J1650-500,16:50:00.6,-49:57:45,2009-03-09,07:35:12.5,2454899.8161,60.0,1.26,J,J,,,,usbdrivereplog_J1650-500.csv,,,Data replog,,,J1650-500,True,IR
ir090305.0308,XTE J1650-500,16:50:00.6,-49:57:46,2009-03-06,07:46:32.2,2454896.824,60.0,1.26,J,J,,,,usbdrivereplog_J1650-500.csv,,,Data replog,,,J1650-500,True,IR
ir090308.0246,XTE J1650-500,16:50:00.7,-49:57:44,2009-03-09,07:33:56.0,2454899.8152,60.0,1.26,J,J,,,,usbdrivereplog_J1650-500.csv,,,Data replog,,,J1650-500,True,IR
ir090308.0245,XTE J1650-500,16:50:00.6,-49:57:44,2009-03-09,07:32:39.1,2454899.8144,60.0,1.27,J,J,,,,usbdrivereplog_J1650-500.csv,,,Data replog,,,J1650-500,True,IR
ir090308.0244,XTE J1650-500,16:50:00.6,-49:57:44,2009-03-09,07:31:22.4,2454899.8135,60.0,1.27,J,J,,,,usbdrivereplog_J1650-500.csv,,,Data replog,,,J1650-500,True,IR
ir090308.0243,XTE J1650-500,16:50:00.7,-49:57:44,2009-03-09,07:30:06.0,2454899.8126,60.0,1.27,J,J,,,,usbdrivereplog_J1650-500.csv,,,Data replog,,,J1650-500,True,IR
ir090308.0242,XTE J1650-500,16:50:00.7,-49:57:44,2009-03-09,07:27:23.0,2454899.8107,60.0,1.28,J,J,,,,usbdrivereplog_J1650-500.csv,,,Data replog,,,J1650-500,True,IR
ir090308.0241,XTE J1650-500,16:50:00.7,-49:57:44,2009-03-09,07:27:23.0,2454899.8107,60.0,1.28,J,J,,,,usbdrivereplog_J1650-500.csv,,,Data replog,,,J1650-500,True,IR
ir090308.0240,XTE J1650-500,16:50:00.8,-49:57:44,2009-03-09,07:26:06.4,2454899.8098,60.0,1.29,J,J,,,,usbdrivereplog_J1650-500.csv,,,Data replog,,,J1650-500,True,IR
ir090305.0313,XTE J1650-500,16:50:00.7,-49:57:46,2009-03-06,07:52:54.1,2454896.8284,60.0,1.25,J,J,,,,usbdrivereplog_J1650-500.csv,,,Data replog,,,J1650-500,True,IR
ir090305.0312,XTE J1650-500,16:50:00.7,-49:57:46,2009-03-06,07:51:37.5,2454896.8275,60.0,1.25,J,J,,,,usbdrivereplog_J1650-500.csv,,,Data replog,,,J1650-500,True,IR
ir090305.0311,XTE J1650-500,16:50:00.7,-49:57:46,2009-03-06,07:50:20.9,2454896.8266,60.0,1.25,J,J,,,,usbdrivereplog_J1650-500.csv,,,Data replog,,,J1650-500,True,IR
ir090305.0310,XTE J1650-500,16:50:00.6,-49:57:46,2009-03-06,07:49:04.8,2454896.8257,60.0,1.26,J,J,,,,usbdrivereplog_J1650-500.csv,,,Data replog,,,J1650-500,True,IR
ir090310.0300,XTE J1650-500,16:50:00.9,-49:57:42,2009-03-11,08:31:09.4,2454901.855,60.0,1.13,J,J,,,,usbdrivereplog_J1650-500.csv,,,Data replog,,,J1650-500,True,IR
ir090310.0301,XTE J1650-500,16:50:00.9,-49:57:42,2009-03-11,08:32:25.9,2454901.8559,60.0,1.13,J,J,,,,usbdrivereplog_J1650-500.csv,,,Data replog,,,J1650-500,True,IR
ir090311.0340,XTE J1650-500,16:50:00.8,-49:57:44,2009-03-12,07:30:22.1,2454902.8128,60.0,1.24,J,J,,,,usbdrivereplog_J1650-500.csv,,,Data replog,,,J1650-500,True,IR
ir090311.0341,XTE J1650-500,16:50:00.8,-49:57:45,2009-03-12,07:31:38.3,2454902.8136,60.0,1.24,J,J,,,,usbdrivereplog_J1650-500.csv,,,Data replog,,,J1650-500,True,IR
ir090314.0256,XTE J1650-500,16:49:59.0,-49:57:08,2009-03-15,07:51:48.9,2454905.8276,60.0,1.17,J,J,,,,usbdrivereplog_J1650-500.csv,,,Data replog,,,J1650-500,True,IR
ir090314.0255,XTE J1650-500,16:49:58.9,-49:57:08,2009-03-15,07:50:32.2,2454905.8268,60.0,1.17,J,J,,,,usbdrivereplog_J1650-500.csv,,,Data replog,,,J1650-500,True,IR
ir090314.0254,XTE J1650-500,16:49:58.9,-49:57:09,2009-03-15,07:49:16.1,2454905.8259,60.0,1.18,J,J,,,,usbdrivereplog_J1650-500.csv,,,Data replog,,,J1650-500,True,IR
ir090313.0330,XTE J1650-500,16:50:00.1,-49:57:36,2009-03-14,08:41:33.4,2454904.8622,60.0,1.11,J,J,,,,usbdrivereplog_J1650-500.csv,,,Data replog,,,J1650-500,True,IR
ir090313.0329,XTE J1650-500,16:50:00.0,-49:57:36,2009-03-14,08:40:17.0,2454904.8613,60.0,1.11,J,J,,,,usbdrivereplog_J1650-500.csv,,,Data replog,,,J1650-500,True,IR
ir090313.0328,XTE J1650-500,16:50:00.0,-49:57:36,2009-03-14,08:39:00.5,2454904.8604,60.0,1.11,J,J,,,,usbdrivereplog_J1650-500.csv,,,Data replog,,,J1650-500,True,IR
ir090313.0327,XTE J1650-500,16:50:00.0,-49:57:36,2009-03-14,08:37:44.3,2454904.8595,60.0,1.11,J,J,,,,usbdrivereplog_J1650-500.csv,,,Data replog,,,J1650-500,True,IR
ir090313.0326,XTE J1650-500,16:50:00.0,-49:57:37,2009-03-14,08:36:27.8,2454904.8587,60.0,1.11,J,J,,,,usbdrivereplog_J1650-500.csv,,,Data replog,,,J1650-500,True,IR
ir090313.0325,XTE J1650-500,16:50:00.0,-49:57:36,2009-03-14,08:35:11.4,2454904.8578,60.0,1.11,J,J,,,,usbdrivereplog_J1650-500.csv,,,Data replog,,,J1650-500,True,IR
ir090313.0324,XTE J1650-500,16:49:59.9,-49:57:37,2009-03-14,08:33:55.0,2454904.8569,60.0,1.12,J,J,,,,usbdrivereplog_J1650-500.csv,,,Data replog,,,J1650-500,True,IR
ir090313.0323,XTE J1650-500,16:49:59.9,-49:57:36,2009-03-14,08:32:38.9,2454904.856,60.0,1.12,J,J,,,,usbdrivereplog_J1650-500.csv,,,Data replog,,,J1650-500,True,IR
ir090313.0322,XTE J1650-500,16:49:59.9,-49:57:36,2009-03-14,08:31:22.3,2454904.8551,60.0,1.12,J,J,,,,usbdrivereplog_J1650-500.csv,,,Data replog,,,J1650-500,True,IR
ir090313.0321,XTE J1650-500,16:49:59.9,-49:57:36,2009-03-14,08:30:05.9,2454904.8542,60.0,1.12,J,J,,,,usbdrivereplog_J1650-500.csv,,,Data replog,,,J1650-500,True,IR
ir090313.0320,XTE J1650-500,16:49:59.8,-49:57:37,2009-03-14,08:28:49.7,2454904.8533,60.0,1.12,J,J,,,,usbdrivereplog_J1650-500.csv,,,Data replog,,,J1650-500,True,IR
ir090311.0350,XTE J1650-500,16:50:01.0,-49:57:43,2009-03-12,07:43:06.0,2454902.8216,60.0,1.21,J,J,,,,usbdrivereplog_J1650-500.csv,,,Data replog,,,J1650-500,True,IR
ir090311.0349,XTE J1650-500,16:50:01.0,-49:57:43,2009-03-12,07:41:49.4,2454902.8207,60.0,1.22,J,J,,,,usbdrivereplog_J1650-500.csv,,,Data replog,,,J1650-500,True,IR
ir090311.0348,XTE J1650-500,16:50:01.0,-49:57:43,2009-03-12,07:40:32.7,2454902.8198,60.0,1.22,J,J,,,,usbdrivereplog_J1650-500.csv,,,Data replog,,,J1650-500,True,IR
ir090311.0347,XTE J1650-500,16:50:01.0,-49:57:43,2009-03-12,07:39:16.5,2454902.819,60.0,1.22,J,J,,,,usbdrivereplog_J1650-500.csv,,,Data replog,,,J1650-500,True,IR
ir090311.0346,XTE J1650-500,16:50:01.0,-49:57:43,2009-03-12,07:38:00.3,2454902.8181,60.0,1.22,J,J,,,,usbdrivereplog_J1650-500.csv,,,Data replog,,,J1650-500,True,IR
ir090311.0345,XTE J1650-500,16:50:00.9,-49:57:43,2009-03-12,07:36:44.1,2454902.8172,60.0,1.23,J,J,,,,usbdrivereplog_J1650-500.csv,,,Data replog,,,J1650-500,True,IR
ir090311.0344,XTE J1650-500,16:50:00.9,-49:57:44,2009-03-12,07:35:27.5,2454902.8163,60.0,1.23,J,J,,,,usbdrivereplog_J1650-500.csv,,,Data replog,,,J1650-500,True,IR
ir090311.0343,XTE J1650-500,16:50:00.8,-49:57:44,2009-03-12,07:34:11.3,2454902.8154,60.0,1.23,J,J,,,,usbdrivereplog_J1650-500.csv,,,Data replog,,,J1650-500,True,IR
ir090311.0342,XTE J1650-500,16:50:00.8,-49:57:45,2009-03-12,07:32:54.8,2454902.8145,60.0,1.24,J,J,,,,usbdrivereplog_J1650-500.csv,,,Data replog,,,J1650-500,True,IR
ir090305.0309,XTE J1650-500,16:50:00.6,-49:57:46,2009-03-06,07:47:48.6,2454896.8249,60.0,1.26,J,J,,,,usbdrivereplog_J1650-500.csv,,,Data replog,,,J1650-500,True,IR
ir090305.0307,XTE J1650-500,16:50:00.6,-49:57:45,2009-03-06,07:45:15.7,2454896.8231,60.0,1.27,J,J,,,,usbdrivereplog_J1650-500.csv,,,Data replog,,,J1650-500,True,IR
ir090330.0377,XTE J1650-500,16:49:58.9,-49:57:13,2009-03-31,08:26:22.4,2454921.8517,60.0,1.07,J,J,,,,usbdrivereplog_J1650-500.csv,,,Data replog,,,J1650-500,True,IR
ir090224.0205,XTE J1650-500,16:50:01.1,-49:57:43,2009-02-25,07:23:11.9,2454887.8078,60.0,1.46,J,J,,,,usbdrivereplog_J1650-500.csv,,,Data replog,,,J1650-500,True,IR
ir090226.0135,XTE J1650-500,16:49:57.8,-49:58:00,2009-02-27,07:02:14.6,2454889.7932,60.0,1.52,J,J,,,,usbdrivereplog_J1650-500.csv,,,Data replog,,,J1650-500,True,IR
ir090226.0134,XTE J1650-500,16:49:57.7,-49:58:00,2009-02-27,07:00:58.4,2454889.7923,60.0,1.53,J,J,,,,usbdrivereplog_J1650-500.csv,,,Data replog,,,J1650-500,True,IR
ir090226.0133,XTE J1650-500,16:49:57.6,-49:58:00,2009-02-27,06:59:42.0,2454889.7915,60.0,1.54,J,J,,,,usbdrivereplog_J1650-500.csv,,,Data replog,,,J1650-500,True,IR
ir090226.0132,XTE J1650-500,16:49:57.6,-49:58:00,2009-02-27,06:58:25.6,2454889.7906,60.0,1.54,J,J,,,,usbdrivereplog_J1650-500.csv,,,Data replog,,,J1650-500,True,IR
ir090226.0131,XTE J1650-500,16:49:57.6,-49:58:01,2009-02-27,06:57:09.1,2454889.7897,60.0,1.55,J,J,,,,usbdrivereplog_J1650-500.csv,,,Data replog,,,J1650-500,True,IR
ir090226.0130,XTE J1650-500,16:49:57.5,-49:58:00,2009-02-27,06:55:52.8,2454889.7888,60.0,1.56,J,J,,,,usbdrivereplog_J1650-500.csv,,,Data replog,,,J1650-500,True,IR
ir090226.0129,XTE J1650-500,16:49:57.5,-49:58:00,2009-02-27,06:54:36.2,2454889.7879,60.0,1.56,J,J,,,,usbdrivereplog_J1650-500.csv,,,Data replog,,,J1650-500,True,IR
ir090226.0128,XTE J1650-500,16:49:57.5,-49:58:00,2009-02-27,06:53:19.4,2454889.787,60.0,1.57,J,J,,,,usbdrivereplog_J1650-500.csv,,,Data replog,,,J1650-500,True,IR
ir090226.0127,XTE J1650-500,16:49:57.5,-49:58:00,2009-02-27,06:52:03.2,2454889.7862,60.0,1.58,J,J,,,,usbdrivereplog_J1650-500.csv,,,Data replog,,,J1650-500,True,IR
ir090224.0207,XTE J1650-500,16:50:01.2,-49:57:43,2009-02-25,07:25:45.1,2454887.8096,60.0,1.45,J,J,,,,usbdrivereplog_J1650-500.csv,,,Data replog,,,J1650-500,True,IR
ir090224.0206,XTE J1650-500,16:50:01.1,-49:57:43,2009-02-25,07:24:28.5,2454887.8087,60.0,1.46,J,J,,,,usbdrivereplog_J1650-500.csv,,,Data replog,,,J1650-500,True,IR
ir090224.0204,XTE J1650-500,16:50:01.1,-49:57:43,2009-02-25,07:21:55.6,2454887.8069,60.0,1.47,J,J,,,,usbdrivereplog_J1650-500.csv,,,Data replog,,,J1650-500,True,IR
ir090305.0306,XTE J1650-500,16:50:00.7,-49:57:45,2009-03-06,07:43:59.6,2454896.8222,60.0,1.27,J,J,,,,usbdrivereplog_J1650-500.csv,,,Data replog,,,J1650-500,True,IR
ir090224.0203,XTE J1650-500,16:50:01.0,-49:57:43,2009-02-25,07:20:39.4,2454887.806,60.0,1.47,J,J,,,,usbdrivereplog_J1650-500.csv,,,Data replog,,,J1650-500,True,IR
ir090224.0202,XTE J1650-500,16:50:00.9,-49:57:43,2009-02-25,07:19:22.9,2454887.8051,60.0,1.48,J,J,,,,usbdrivereplog_J1650-500.csv,,,Data replog,,,J1650-500,True,IR
ir090224.0201,XTE J1650-500,16:50:00.9,-49:57:44,2009-02-25,07:18:06.5,2454887.8043,60.0,1.49,J,J,,,,usbdrivereplog_J1650-500.csv,,,Data replog,,,J1650-500,True,IR
ir090224.0200,XTE J1650-500,16:50:00.8,-49:57:44,2009-02-25,07:16:50.0,2454887.8034,60.0,1.49,J,J,,,,usbdrivereplog_J1650-500.csv,,,Data replog,,,J1650-500,True,IR
ir090224.0199,XTE J1650-500,16:50:00.8,-49:57:44,2009-02-25,07:15:33.5,2454887.8025,60.0,1.5,J,J,,,,usbdrivereplog_J1650-500.csv,,,Data replog,,,J1650-500,True,IR
ir090224.0198,XTE J1650-500,16:50:00.7,-49:57:44,2009-02-25,07:14:17.0,2454887.8016,60.0,1.5,J,J,,,,usbdrivereplog_J1650-500.csv,,,Data replog,,,J1650-500,True,IR
ir090224.0197,XTE J1650-500,16:50:00.7,-49:57:44,2009-02-25,07:13:00.9,2454887.8007,60.0,1.51,J,J,,,,usbdrivereplog_J1650-500.csv,,,Data replog,,,J1650-500,True,IR
ir090222.0255,XTE J1650-500,16:50:00.9,-49:57:46,2009-02-23,07:01:23.1,2454885.7926,60.0,1.61,J,J,,,,usbdrivereplog_J1650-500.csv,,,Data replog,,,J1650-500,True,IR
ir090222.0254,XTE J1650-500,16:50:00.9,-49:57:45,2009-02-23,07:00:06.5,2454885.7917,60.0,1.62,J,J,,,,usbdrivereplog_J1650-500.csv,,,Data replog,,,J1650-500,True,IR
ir090222.0253,XTE J1650-500,16:50:00.9,-49:57:45,2009-02-23,06:58:50.0,2454885.7909,60.0,1.63,J,J,,,,usbdrivereplog_J1650-500.csv,,,Data replog,,,J1650-500,True,IR
ir090222.0252,XTE J1650-500,16:50:00.8,-49:57:45,2009-02-23,06:57:34.0,2454885.79,60.0,1.63,J,J,,,,usbdrivereplog_J1650-500.csv,,,Data replog,,,J1650-500,True,IR
ir090226.0136,XTE J1650-500,16:49:57.8,-49:58:00,2009-02-27,07:03:31.2,2454889.7941,60.0,1.52,J,J,,,,usbdrivereplog_J1650-500.csv,,,Data replog,,,J1650-500,True,IR
ir090226.0137,XTE J1650-500,16:49:57.9,-49:58:00,2009-02-27,07:04:47.7,2454889.795,60.0,1.51,J,J,,,,usbdrivereplog_J1650-500.csv,,,Data replog,,,J1650-500,True,IR
ir090227.0323,XTE J1650-500,16:50:00.8,-49:57:44,2009-02-28,08:06:57.7,2454890.8382,60.0,1.27,J,J,,,,usbdrivereplog_J1650-500.csv,,,Data replog,,,J1650-500,True,IR
ir090227.0324,XTE J1650-500,16:50:00.7,-49:57:44,2009-02-28,08:08:13.8,2454890.8391,60.0,1.27,J,J,,,,usbdrivereplog_J1650-500.csv,,,Data replog,,,J1650-500,True,IR
ir090305.0305,XTE J1650-500,16:50:00.7,-49:57:45,2009-03-06,07:42:43.1,2454896.8213,60.0,1.27,J,J,,,,usbdrivereplog_J1650-500.csv,,,Data replog,,,J1650-500,True,IR
ir090305.0304,XTE J1650-500,16:50:00.7,-49:57:45,2009-03-06,07:41:26.7,2454896.8204,60.0,1.28,J,J,,,,usbdrivereplog_J1650-500.csv,,,Data replog,,,J1650-500,True,IR
ir090305.0303,XTE J1650-500,16:50:00.8,-49:57:45,2009-03-06,07:40:10.5,2454896.8196,60.0,1.28,J,J,,,,usbdrivereplog_J1650-500.csv,,,Data replog,,,J1650-500,True,IR
ir090301.0305,XTE J1650-500,16:49:59.3,-49:57:33,2009-03-02,07:39:02.7,2454892.8188,60.0,1.33,J,J,,,,usbdrivereplog_J1650-500.csv,,,Data replog,,,J1650-500,True,IR
ir090301.0304,XTE J1650-500,16:49:59.4,-49:57:33,2009-03-02,07:37:46.1,2454892.8179,60.0,1.33,J,J,,,,usbdrivereplog_J1650-500.csv,,,Data replog,,,J1650-500,True,IR
ir090301.0303,XTE J1650-500,16:49:59.4,-49:57:32,2009-03-02,07:36:29.5,2454892.817,60.0,1.34,J,J,,,,usbdrivereplog_J1650-500.csv,,,Data replog,,,J1650-500,True,IR
ir090301.0302,XTE J1650-500,16:49:59.5,-49:57:32,2009-03-02,07:35:13.2,2454892.8161,60.0,1.34,J,J,,,,usbdrivereplog_J1650-500.csv,,,Data replog,,,J1650-500,True,IR
ir090301.0301,XTE J1650-500,16:49:59.5,-49:57:32,2009-03-02,07:33:57.0,2454892.8152,60.0,1.35,J,J,,,,usbdrivereplog_J1650-500.csv,,,Data replog,,,J1650-500,True,IR
ir090301.0300,XTE J1650-500,16:49:59.5,-49:57:32,2009-03-02,07:32:40.7,2454892.8144,60.0,1.35,J,J,,,,usbdrivereplog_J1650-500.csv,,,Data replog,,,J1650-500,True,IR
ir090301.0299,XTE J1650-500,16:49:59.5,-49:57:32,2009-03-02,07:31:24.2,2454892.8135,60.0,1.35,J,J,,,,usbdrivereplog_J1650-500.csv,,,Data replog,,,J1650-500,True,IR
ir090301.0298,XTE J1650-500,16:49:59.6,-49:57:32,2009-03-02,07:30:07.9,2454892.8126,60.0,1.36,J,J,,,,usbdrivereplog_J1650-500.csv,,,Data replog,,,J1650-500,True,IR
ir090301.0297,XTE J1650-500,16:49:59.6,-49:57:31,2009-03-02,07:28:51.4,2454892.8117,60.0,1.36,J,J,,,,usbdrivereplog_J1650-500.csv,,,Data replog,,,J1650-500,True,IR
ir090301.0296,XTE J1650-500,16:49:59.6,-49:57:32,2009-03-02,07:27:35.0,2454892.8108,60.0,1.37,J,J,,,,usbdrivereplog_J1650-500.csv,,,Data replog,,,J1650-500,True,IR
ir090301.0295,XTE J1650-500,16:49:59.6,-49:57:32,2009-03-02,07:26:18.8,2454892.8099,60.0,1.37,J,J,,,,usbdrivereplog_J1650-500.csv,,,Data replog,,,J1650-500,True,IR
ir090227.0333,XTE J1650-500,16:50:00.9,-49:57:46,2009-02-28,08:19:41.8,2454890.847,60.0,1.24,J,J,,,,usbdrivereplog_J1650-500.csv,,,Data replog,,,J1650-500,True,IR
ir090227.0332,XTE J1650-500,16:50:00.8,-49:57:45,2009-02-28,08:18:25.2,2454890.8461,60.0,1.24,J,J,,,,usbdrivereplog_J1650-500.csv,,,Data replog,,,J1650-500,True,IR
ir090227.0331,XTE J1650-500,16:50:00.7,-49:57:46,2009-02-28,08:17:08.6,2454890.8452,60.0,1.24,J,J,,,,usbdrivereplog_J1650-500.csv,,,Data replog,,,J1650-500,True,IR
ir090227.0330,XTE J1650-500,16:50:00.8,-49:57:45,2009-02-28,08:15:52.4,2454890.8444,60.0,1.25,J,J,,,,usbdrivereplog_J1650-500.csv,,,Data replog,,,J1650-500,True,IR
ir090227.0329,XTE J1650-500,16:50:00.8,-49:57:45,2009-02-28,08:14:36.1,2454890.8435,60.0,1.25,J,J,,,,usbdrivereplog_J1650-500.csv,,,Data replog,,,J1650-500,True,IR
ir090227.0328,XTE J1650-500,16:50:00.7,-49:57:44,2009-02-28,08:13:19.6,2454890.8426,60.0,1.25,J,J,,,,usbdrivereplog_J1650-500.csv,,,Data replog,,,J1650-500,True,IR
ir090227.0327,XTE J1650-500,16:50:00.7,-49:57:44,2009-02-28,08:12:03.1,2454890.8417,60.0,1.26,J,J,,,,usbdrivereplog_J1650-500.csv,,,Data replog,,,J1650-500,True,IR
ir090227.0326,XTE J1650-500,16:50:00.7,-49:57:44,2009-02-28,08:10:46.9,2454890.8408,60.0,1.26,J,J,,,,usbdrivereplog_J1650-500.csv,,,Data replog,,,J1650-500,True,IR
ir090227.0325,XTE J1650-500,16:50:00.7,-49:57:44,2009-02-28,08:09:30.2,2454890.8399,60.0,1.26,J,J,,,,usbdrivereplog_J1650-500.csv,,,Data replog,,,J1650-500,True,IR
ir090314.0257,XTE J1650-500,16:49:59.0,-49:57:07,2009-03-15,07:53:05.5,2454905.8285,60.0,1.17,J,J,,,,usbdrivereplog_J1650-500.csv,,,Data replog,,,J1650-500,True,IR
ir090314.0258,XTE J1650-500,16:49:59.0,-49:57:07,2009-03-15,07:54:22.0,2454905.8294,60.0,1.17,J,J,,,,usbdrivereplog_J1650-500.csv,,,Data replog,,,J1650-500,True,IR
ir090314.0259,XTE J1650-500,16:49:59.0,-49:57:07,2009-03-15,07:55:38.5,2454905.8303,60.0,1.17,J,J,,,,usbdrivereplog_J1650-500.csv,,,Data replog,,,J1650-500,True,IR
ir090324.0288,XTE J1650-500,16:50:00.8,-49:57:44,2009-03-25,07:48:37.7,2454915.8254,60.0,1.12,J,J,,,,usbdrivereplog_J1650-500.csv,,,Data replog,,,J1650-500,True,IR
ir090325.0249,XTE J1650-500,16:50:00.6,-49:57:43,2009-03-26,05:51:41.7,2454916.7442,60.0,1.37,J,J,,,,usbdrivereplog_J1650-500.csv,,,Data replog,,,J1650-500,True,IR
ir090325.0248,XTE J1650-500,16:50:00.6,-49:57:43,2009-03-26,05:50:25.4,2454916.7434,60.0,1.38,J,J,,,,usbdrivereplog_J1650-500.csv,,,Data replog,,,J1650-500,True,IR
ir090325.0247,XTE J1650-500,16:50:00.6,-49:57:44,2009-03-26,05:49:08.9,2454916.7425,60.0,1.38,J,J,,,,usbdrivereplog_J1650-500.csv,,,Data replog,,,J1650-500,True,IR
ir090325.0246,XTE J1650-500,16:50:00.7,-49:57:44,2009-03-26,05:47:52.2,2454916.7416,60.0,1.39,J,J,,,,usbdrivereplog_J1650-500.csv,,,Data replog,,,J1650-500,True,IR
ir090325.0245,XTE J1650-500,16:50:00.7,-49:57:44,2009-03-26,05:46:35.9,2454916.7407,60.0,1.39,J,J,,,,usbdrivereplog_J1650-500.csv,,,Data replog,,,J1650-500,True,IR
ir090325.0244,XTE J1650-500,16:50:00.8,-49:57:44,2009-03-26,05:45:19.3,2454916.7398,60.0,1.4,J,J,,,,usbdrivereplog_J1650-500.csv,,,Data replog,,,J1650-500,True,IR
ir090325.0243,XTE J1650-500,16:50:00.8,-49:57:44,2009-03-26,05:44:02.6,2454916.7389,60.0,1.4,J,J,,,,usbdrivereplog_J1650-500.csv,,,Data replog,,,J1650-500,True,IR
ir090325.0242,XTE J1650-500,16:50:00.8,-49:57:44,2009-03-26,05:42:46.3,2454916.738,60.0,1.41,J,J,,,,usbdrivereplog_J1650-500.csv,,,Data replog,,,J1650-500,True,IR
ir090324.0291,XTE J1650-500,16:50:01.0,-49:57:44,2009-03-25,07:52:27.0,2454915.8281,60.0,1.11,J,J,,,,usbdrivereplog_J1650-500.csv,,,Data replog,,,J1650-500,True,IR
ir090324.0290,XTE J1650-500,16:50:00.9,-49:57:44,2009-03-25,07:51:10.5,2454915.8272,60.0,1.12,J,J,,,,usbdrivereplog_J1650-500.csv,,,Data replog,,,J1650-500,True,IR
ir090324.0289,XTE J1650-500,16:50:00.9,-49:57:44,2009-03-25,07:49:53.8,2454915.8263,60.0,1.12,J,J,,,,usbdrivereplog_J1650-500.csv,,,Data replog,,,J1650-500,True,IR
ir090324.0287,XTE J1650-500,16:50:00.8,-49:57:44,2009-03-25,07:47:21.4,2454915.8246,60.0,1.12,J,J,,,,usbdrivereplog_J1650-500.csv,,,Data replog,,,J1650-500,True,IR
ir090314.0260,XTE J1650-500,16:49:59.1,-49:57:07,2009-03-15,07:56:55.1,2454905.8312,60.0,1.16,J,J,,,,usbdrivereplog_J1650-500.csv,,,Data replog,,,J1650-500,True,IR
ir090324.0286,XTE J1650-500,16:50:00.8,-49:57:44,2009-03-25,07:46:04.9,2454915.8237,60.0,1.12,J,J,,,,usbdrivereplog_J1650-500.csv,,,Data replog,,,J1650-500,True,IR
ir090324.0285,XTE J1650-500,16:50:00.8,-49:57:44,2009-03-25,07:44:48.4,2454915.8228,60.0,1.12,J,J,,,,usbdrivereplog_J1650-500.csv,,,Data replog,,,J1650-500,True,IR
ir090324.0284,XTE J1650-500,16:50:00.8,-49:57:43,2009-03-25,07:43:32.2,2454915.8219,60.0,1.12,J,J,,,,usbdrivereplog_J1650-500.csv,,,Data replog,,,J1650-500,True,IR
ir090324.0283,XTE J1650-500,16:50:00.8,-49:57:43,2009-03-25,07:42:15.4,2454915.821,60.0,1.13,J,J,,,,usbdrivereplog_J1650-500.csv,,,Data replog,,,J1650-500,True,IR
ir090324.0282,XTE J1650-500,16:50:00.8,-49:57:43,2009-03-25,07:40:58.9,2454915.8201,60.0,1.13,J,J,,,,usbdrivereplog_J1650-500.csv,,,Data replog,,,J1650-500,True,IR
ir090324.0281,XTE J1650-500,16:50:00.8,-49:57:43,2009-03-25,07:39:42.6,2454915.8193,60.0,1.13,J,J,,,,usbdrivereplog_J1650-500.csv,,,Data replog,,,J1650-500,True,IR
ir090322.0464,XTE J1650-500,16:50:01.1,-49:57:41,2009-03-23,07:26:51.5,2454913.8103,60.0,1.16,J,J,,,,usbdrivereplog_J1650-500.csv,,,Data replog,,,J1650-500,True,IR
ir090322.0463,XTE J1650-500,16:50:01.0,-49:57:41,2009-03-23,07:25:34.9,2454913.8094,60.0,1.16,J,J,,,,usbdrivereplog_J1650-500.csv,,,Data replog,,,J1650-500,True,IR
ir090322.0462,XTE J1650-500,16:50:00.9,-49:57:42,2009-03-23,07:24:18.3,2454913.8086,60.0,1.17,J,J,,,,usbdrivereplog_J1650-500.csv,,,Data replog,,,J1650-500,True,IR
ir090322.0461,XTE J1650-500,16:50:00.9,-49:57:41,2009-03-23,07:23:02.0,2454913.8077,60.0,1.17,J,J,,,,usbdrivereplog_J1650-500.csv,,,Data replog,,,J1650-500,True,IR
ir090322.0460,XTE J1650-500,16:50:00.9,-49:57:42,2009-03-23,07:21:45.9,2454913.8068,60.0,1.17,J,J,,,,usbdrivereplog_J1650-500.csv,,,Data replog,,,J1650-500,True,IR
ir090325.0250,XTE J1650-500,16:50:00.6,-49:57:43,2009-03-26,05:52:57.9,2454916.7451,60.0,1.37,J,J,,,,usbdrivereplog_J1650-500.csv,,,Data replog,,,J1650-500,True,IR
ir090325.0251,XTE J1650-500,16:50:00.5,-49:57:43,2009-03-26,05:54:14.7,2454916.746,60.0,1.36,J,J,,,,usbdrivereplog_J1650-500.csv,,,Data replog,,,J1650-500,True,IR
ir090325.0252,XTE J1650-500,16:50:00.5,-49:57:43,2009-03-26,05:55:31.3,2454916.7469,60.0,1.36,J,J,,,,usbdrivereplog_J1650-500.csv,,,Data replog,,,J1650-500,True,IR
ir090327.0218,XTE J1650-500,16:50:01.1,-49:57:34,2009-03-28,06:50:56.6,2454918.7854,60.0,1.19,J,J,,,,usbdrivereplog_J1650-500.csv,,,Data replog,,,J1650-500,True,IR
ir090330.0376,XTE J1650-500,16:49:58.9,-49:57:14,2009-03-31,08:25:05.7,2454921.8508,60.0,1.07,J,J,,,,usbdrivereplog_J1650-500.csv,,,Data replog,,,J1650-500,True,IR
ir090330.0375,XTE J1650-500,16:49:58.9,-49:57:15,2009-03-31,08:23:49.5,2454921.8499,60.0,1.07,J,J,,,,usbdrivereplog_J1650-500.csv,,,Data replog,,,J1650-500,True,IR
ir090328.0352,XTE J1650-500,16:49:58.5,-49:57:08,2009-03-29,06:59:11.4,2454919.7911,60.0,1.17,J,J,,,,usbdrivereplog_J1650-500.csv,,,Data replog,,,J1650-500,True,IR
ir090328.0351,XTE J1650-500,16:49:58.4,-49:57:07,2009-03-29,06:57:54.8,2454919.7902,60.0,1.17,J,J,,,,usbdrivereplog_J1650-500.csv,,,Data replog,,,J1650-500,True,IR
ir090328.0350,XTE J1650-500,16:49:58.4,-49:57:08,2009-03-29,06:56:38.2,2454919.7893,60.0,1.17,J,J,,,,usbdrivereplog_J1650-500.csv,,,Data replog,,,J1650-500,True,IR
ir090328.0349,XTE J1650-500,16:49:58.4,-49:57:08,2009-03-29,06:55:22.1,2454919.7884,60.0,1.18,J,J,,,,usbdrivereplog_J1650-500.csv,,,Data replog,,,J1650-500,True,IR
ir090328.0348,XTE J1650-500,16:49:58.4,-49:57:08,2009-03-29,06:54:05.8,2454919.7876,60.0,1.18,J,J,,,,usbdrivereplog_J1650-500.csv,,,Data replog,,,J1650-500,True,IR
ir090328.0347,XTE J1650-500,16:49:58.4,-49:57:08,2009-03-29,06:52:49.3,2454919.7867,60.0,1.18,J,J,,,,usbdrivereplog_J1650-500.csv,,,Data replog,,,J1650-500,True,IR
ir090328.0346,XTE J1650-500,16:49:58.3,-49:57:09,2009-03-29,06:51:32.9,2454919.7858,60.0,1.18,J,J,,,,usbdrivereplog_J1650-500.csv,,,Data replog,,,J1650-500,True,IR
ir090328.0345,XTE J1650-500,16:49:58.3,-49:57:09,2009-03-29,06:50:16.6,2454919.7849,60.0,1.18,J,J,,,,usbdrivereplog_J1650-500.csv,,,Data replog,,,J1650-500,True,IR
ir090328.0344,XTE J1650-500,16:49:58.3,-49:57:09,2009-03-29,06:48:59.9,2454919.784,60.0,1.19,J,J,,,,usbdrivereplog_J1650-500.csv,,,Data replog,,,J1650-500,True,IR
ir090328.0343,XTE J1650-500,16:49:58.3,-49:57:09,2009-03-29,06:47:43.2,2454919.7831,60.0,1.19,J,J,,,,usbdrivereplog_J1650-500.csv,,,Data replog,,,J1650-500,True,IR
ir090328.0342,XTE J1650-500,16:49:58.4,-49:57:10,2009-03-29,06:46:27.1,2454919.7823,60.0,1.19,J,J,,,,usbdrivereplog_J1650-500.csv,,,Data replog,,,J1650-500,True,IR
ir090327.0228,XTE J1650-500,16:50:01.2,-49:57:31,2009-03-28,07:03:41.2,2454918.7942,60.0,1.17,J,J,,,,usbdrivereplog_J1650-500.csv,,,Data replog,,,J1650-500,True,IR
ir090327.0227,XTE J1650-500,16:50:01.2,-49:57:32,2009-03-28,07:02:24.6,2454918.7933,60.0,1.17,J,J,,,,usbdrivereplog_J1650-500.csv,,,Data replog,,,J1650-500,True,IR
ir090327.0226,XTE J1650-500,16:50:01.2,-49:57:32,2009-03-28,07:01:08.1,2454918.7925,60.0,1.17,J,J,,,,usbdrivereplog_J1650-500.csv,,,Data replog,,,J1650-500,True,IR
ir090327.0225,XTE J1650-500,16:50:01.1,-49:57:32,2009-03-28,06:59:51.8,2454918.7916,60.0,1.17,J,J,,,,usbdrivereplog_J1650-500.csv,,,Data replog,,,J1650-500,True,IR
ir090327.0224,XTE J1650-500,16:50:01.1,-49:57:32,2009-03-28,06:58:35.5,2454918.7907,60.0,1.18,J,J,,,,usbdrivereplog_J1650-500.csv,,,Data replog,,,J1650-500,True,IR
ir090327.0223,XTE J1650-500,16:50:01.1,-49:57:33,2009-03-28,06:57:19.0,2454918.7898,60.0,1.18,J,J,,,,usbdrivereplog_J1650-500.csv,,,Data replog,,,J1650-500,True,IR
ir090327.0222,XTE J1650-500,16:50:01.1,-49:57:33,2009-03-28,06:56:02.5,2454918.7889,60.0,1.18,J,J,,,,usbdrivereplog_J1650-500.csv,,,Data replog,,,J1650-500,True,IR
ir090327.0221,XTE J1650-500,16:50:01.1,-49:57:33,2009-03-28,06:54:46.3,2454918.788,60.0,1.18,J,J,,,,usbdrivereplog_J1650-500.csv,,,Data replog,,,J1650-500,True,IR
ir090327.0220,XTE J1650-500,16:50:01.1,-49:57:34,2009-03-28,06:53:29.5,2454918.7872,60.0,1.19,J,J,,,,usbdrivereplog_J1650-500.csv,,,Data replog,,,J1650-500,True,IR
ir090327.0219,XTE J1650-500,16:50:01.1,-49:57:34,2009-03-28,06:52:12.9,2454918.7863,60.0,1.19,J,J,,,,usbdrivereplog_J1650-500.csv,,,Data replog,,,J1650-500,True,IR
ir090322.0459,XTE J1650-500,16:50:00.8,-49:57:42,2009-03-23,07:20:29.5,2454913.8059,60.0,1.17,J,J,,,,usbdrivereplog_J1650-500.csv,,,Data replog,,,J1650-500,True,IR
ir090322.0458,XTE J1650-500,16:50:00.8,-49:57:42,2009-03-23,07:19:13.0,2454913.805,60.0,1.17,J,J,,,,usbdrivereplog_J1650-500.csv,,,Data replog,,,J1650-500,True,IR
ir090322.0457,XTE J1650-500,16:50:00.7,-49:57:43,2009-03-23,07:17:56.8,2454913.8041,60.0,1.18,J,J,,,,usbdrivereplog_J1650-500.csv,,,Data replog,,,J1650-500,True,IR
ir090318.0295,XTE J1650-500,16:49:59.0,-49:57:28,2009-03-19,07:08:58.2,2454909.7979,60.0,1.23,J,J,,,,usbdrivereplog_J1650-500.csv,,,Data replog,,,J1650-500,True,IR
ir090318.0293,XTE J1650-500,16:49:58.9,-49:57:28,2009-03-19,07:06:25.4,2454909.7961,60.0,1.23,J,J,,,,usbdrivereplog_J1650-500.csv,,,Data replog,,,J1650-500,True,IR
ir090318.0292,XTE J1650-500,16:49:58.8,-49:57:29,2009-03-19,07:05:09.3,2454909.7952,60.0,1.24,J,J,,,,usbdrivereplog_J1650-500.csv,,,Data replog,,,J1650-500,True,IR
ir090318.0291,XTE J1650-500,16:49:58.8,-49:57:29,2009-03-19,07:03:52.9,2454909.7944,60.0,1.24,J,J,,,,usbdrivereplog_J1650-500.csv,,,Data replog,,,J1650-500,True,IR
ir090318.0290,XTE J1650-500,16:49:58.8,-49:57:28,2009-03-19,07:02:36.5,2454909.7935,60.0,1.24,J,J,,,,usbdrivereplog_J1650-500.csv,,,Data replog,,,J1650-500,True,IR
ir090318.0289,XTE J1650-500,16:49:58.8,-49:57:28,2009-03-19,07:01:20.4,2454909.7926,60.0,1.25,J,J,,,,usbdrivereplog_J1650-500.csv,,,Data replog,,,J1650-500,True,IR
ir090318.0288,XTE J1650-500,16:49:58.7,-49:57:28,2009-03-19,07:00:03.8,2454909.7917,60.0,1.25,J,J,,,,usbdrivereplog_J1650-500.csv,,,Data replog,,,J1650-500,True,IR
ir090318.0287,XTE J1650-500,16:49:58.7,-49:57:28,2009-03-19,06:58:47.3,2454909.7908,60.0,1.25,J,J,,,,usbdrivereplog_J1650-500.csv,,,Data replog,,,J1650-500,True,IR
ir090318.0286,XTE J1650-500,16:49:58.7,-49:57:28,2009-03-19,06:57:31.2,2454909.79,60.0,1.26,J,J,,,,usbdrivereplog_J1650-500.csv,,,Data replog,,,J1650-500,True,IR
ir090316.0339,XTE J1650-500,16:49:58.4,-49:57:32,2009-03-17,07:18:51.6,2454907.8048,60.0,1.22,J,J,,,,usbdrivereplog_J1650-500.csv,,,Data replog,,,J1650-500,True,IR
ir090316.0338,XTE J1650-500,16:49:58.4,-49:57:32,2009-03-17,07:17:35.1,2454907.8039,60.0,1.23,J,J,,,,usbdrivereplog_J1650-500.csv,,,Data replog,,,J1650-500,True,IR
ir090316.0337,XTE J1650-500,16:49:58.4,-49:57:32,2009-03-17,07:16:18.5,2454907.803,60.0,1.23,J,J,,,,usbdrivereplog_J1650-500.csv,,,Data replog,,,J1650-500,True,IR
ir090316.0336,XTE J1650-500,16:49:58.3,-49:57:33,2009-03-17,07:15:02.4,2454907.8021,60.0,1.23,J,J,,,,usbdrivereplog_J1650-500.csv,,,Data replog,,,J1650-500,True,IR
ir090316.0335,XTE J1650-500,16:49:58.3,-49:57:33,2009-03-17,07:13:46.2,2454907.8012,60.0,1.24,J,J,,,,usbdrivereplog_J1650-500.csv,,,Data replog,,,J1650-500,True,IR
ir090316.0334,XTE J1650-500,16:49:58.2,-49:57:34,2009-03-17,07:12:29.8,2454907.8004,60.0,1.24,J,J,,,,usbdrivereplog_J1650-500.csv,,,Data replog,,,J1650-500,True,IR
ir090316.0333,XTE J1650-500,16:49:58.3,-49:57:33,2009-03-17,07:11:13.3,2454907.7995,60.0,1.24,J,J,,,,usbdrivereplog_J1650-500.csv,,,Data replog,,,J1650-500,True,IR
ir090316.0332,XTE J1650-500,16:49:58.3,-49:57:33,2009-03-17,07:09:57.1,2454907.7986,60.0,1.24,J,J,,,,usbdrivereplog_J1650-500.csv,,,Data replog,,,J1650-500,True,IR
ir090316.0331,XTE J1650-500,16:49:58.3,-49:57:33,2009-03-17,07:08:40.6,2454907.7977,60.0,1.25,J,J,,,,usbdrivereplog_J1650-500.csv,,,Data replog,,,J1650-500,True,IR
ir090316.0330,XTE J1650-500,16:49:58.3,-49:57:33,2009-03-17,07:07:24.2,2454907.7968,60.0,1.25,J,J,,,,usbdrivereplog_J1650-500.csv,,,Data replog,,,J1650-500,True,IR
ir090316.0329,XTE J1650-500,16:49:58.3,-49:57:33,2009-03-17,07:06:08.1,2454907.7959,60.0,1.25,J,J,,,,usbdrivereplog_J1650-500.csv,,,Data replog,,,J1650-500,True,IR
ir090314.0264,XTE J1650-500,16:49:59.3,-49:57:06,2009-03-15,08:02:00.7,2454905.8347,60.0,1.16,J,J,,,,usbdrivereplog_J1650-500.csv,,,Data replog,,,J1650-500,True,IR
ir090314.0263,XTE J1650-500,16:49:59.2,-49:57:06,2009-03-15,08:00:44.1,2454905.8338,60.0,1.16,J,J,,,,usbdrivereplog_J1650-500.csv,,,Data replog,,,J1650-500,True,IR
ir090314.0262,XTE J1650-500,16:49:59.2,-49:57:07,2009-03-15,07:59:27.5,2454905.833,60.0,1.16,J,J,,,,usbdrivereplog_J1650-500.csv,,,Data replog,,,J1650-500,True,IR
ir090314.0261,XTE J1650-500,16:49:59.1,-49:57:07,2009-03-15,07:58:11.2,2454905.8321,60.0,1.16,J,J,,,,usbdrivereplog_J1650-500.csv,,,Data replog,,,J1650-500,True,IR
ir090318.0294,XTE J1650-500,16:49:58.9,-49:57:28,2009-03-19,07:07:41.7,2454909.797,60.0,1.23,J,J,,,,usbdrivereplog_J1650-500.csv,,,Data replog,,,J1650-500,True,IR
ir090318.0296,XTE J1650-500,16:49:59.0,-49:57:28,2009-03-19,07:10:14.6,2454909.7988,60.0,1.23,J,J,,,,usbdrivereplog_J1650-500.csv,,,Data replog,,,J1650-500,True,IR
ir090322.0456,XTE J1650-500,16:50:00.7,-49:57:43,2009-03-23,07:16:40.3,2454913.8032,60.0,1.18,J,J,,,,usbdrivereplog_J1650-500.csv,,,Data replog,,,J1650-500,True,IR
ir090319.0344,XTE J1650-500,16:50:00.8,-49:57:44,2009-03-20,07:55:07.8,2454910.83,60.0,1.14,J,J,,,,usbdrivereplog_J1650-500.csv,,,Data replog,,,J1650-500,True,IR
ir090322.0455,XTE J1650-500,16:50:00.8,-49:57:43,2009-03-23,07:15:23.8,2454913.8024,60.0,1.18,J,J,,,,usbdrivereplog_J1650-500.csv,,,Data replog,,,J1650-500,True,IR
ir090322.0454,XTE J1650-500,16:50:00.8,-49:57:44,2009-03-23,07:14:07.6,2454913.8015,60.0,1.18,J,J,,,,usbdrivereplog_J1650-500.csv,,,Data replog,,,J1650-500,True,IR
ir090321.0343,XTE J1650-500,16:50:00.7,-49:57:41,2009-03-22,08:17:15.1,2454912.8453,60.0,1.1,J,J,,,,usbdrivereplog_J1650-500.csv,,,Data replog,,,J1650-500,True,IR
ir090321.0342,XTE J1650-500,16:50:00.7,-49:57:41,2009-03-22,08:15:58.5,2454912.8444,60.0,1.1,J,J,,,,usbdrivereplog_J1650-500.csv,,,Data replog,,,J1650-500,True,IR
ir090321.0341,XTE J1650-500,16:50:00.7,-49:57:41,2009-03-22,08:14:41.8,2454912.8435,60.0,1.1,J,J,,,,usbdrivereplog_J1650-500.csv,,,Data replog,,,J1650-500,True,IR
ir090321.0340,XTE J1650-500,16:50:00.7,-49:57:41,2009-03-22,08:13:25.6,2454912.8427,60.0,1.1,J,J,,,,usbdrivereplog_J1650-500.csv,,,Data replog,,,J1650-500,True,IR
ir090321.0339,XTE J1650-500,16:50:00.7,-49:57:41,2009-03-22,08:12:09.4,2454912.8418,60.0,1.11,J,J,,,,usbdrivereplog_J1650-500.csv,,,Data replog,,,J1650-500,True,IR
ir090321.0338,XTE J1650-500,16:50:00.7,-49:57:41,2009-03-22,08:10:52.8,2454912.8409,60.0,1.11,J,J,,,,usbdrivereplog_J1650-500.csv,,,Data replog,,,J1650-500,True,IR
ir090321.0337,XTE J1650-500,16:50:00.7,-49:57:41,2009-03-22,08:09:36.2,2454912.84,60.0,1.11,J,J,,,,usbdrivereplog_J1650-500.csv,,,Data replog,,,J1650-500,True,IR
ir090321.0336,XTE J1650-500,16:50:00.7,-49:57:42,2009-03-22,08:08:19.9,2454912.8391,60.0,1.11,J,J,,,,usbdrivereplog_J1650-500.csv,,,Data replog,,,J1650-500,True,IR
ir090321.0335,XTE J1650-500,16:50:00.8,-49:57:42,2009-03-22,08:07:03.3,2454912.8382,60.0,1.11,J,J,,,,usbdrivereplog_J1650-500.csv,,,Data replog,,,J1650-500,True,IR
ir090321.0334,XTE J1650-500,16:50:00.8,-49:57:42,2009-03-22,08:05:46.8,2454912.8374,60.0,1.11,J,J,,,,usbdrivereplog_J1650-500.csv,,,Data replog,,,J1650-500,True,IR
ir090321.0333,XTE J1650-500,16:50:00.8,-49:57:43,2009-03-22,08:04:30.7,2454912.8365,60.0,1.11,J,J,,,,usbdrivereplog_J1650-500.csv,,,Data replog,,,J1650-500,True,IR
ir090319.0354,XTE J1650-500,16:50:01.0,-49:57:43,2009-03-20,08:06:35.4,2454910.8379,60.0,1.12,J,J,,,,usbdrivereplog_J1650-500.csv,,,Data replog,,,J1650-500,True,IR
ir090319.0353,XTE J1650-500,16:50:01.0,-49:57:43,2009-03-20,08:06:35.4,2454910.8379,60.0,1.12,J,J,,,,usbdrivereplog_J1650-500.csv,,,Data replog,,,J1650-500,True,IR
ir090319.0352,XTE J1650-500,16:50:01.0,-49:57:43,2009-03-20,08:05:18.9,2454910.837,60.0,1.12,J,J,,,,usbdrivereplog_J1650-500.csv,,,Data replog,,,J1650-500,True,IR
ir090319.0351,XTE J1650-500,16:50:01.0,-49:57:42,2009-03-20,08:04:02.7,2454910.8361,60.0,1.12,J,J,,,,usbdrivereplog_J1650-500.csv,,,Data replog,,,J1650-500,True,IR
ir090319.0350,XTE J1650-500,16:50:00.9,-49:57:43,2009-03-20,08:02:46.5,2454910.8353,60.0,1.13,J,J,,,,usbdrivereplog_J1650-500.csv,,,Data replog,,,J1650-500,True,IR
ir090319.0349,XTE J1650-500,16:50:00.9,-49:57:42,2009-03-20,08:01:30.0,2454910.8344,60.0,1.13,J,J,,,,usbdrivereplog_J1650-500.csv,,,Data replog,,,J1650-500,True,IR
ir090319.0348,XTE J1650-500,16:50:00.9,-49:57:43,2009-03-20,08:00:13.5,2454910.8335,60.0,1.13,J,J,,,,usbdrivereplog_J1650-500.csv,,,Data replog,,,J1650-500,True,IR
ir090319.0347,XTE J1650-500,16:50:00.8,-49:57:42,2009-03-20,07:58:57.2,2454910.8326,60.0,1.13,J,J,,,,usbdrivereplog_J1650-500.csv,,,Data replog,,,J1650-500,True,IR
ir090319.0346,XTE J1650-500,16:50:00.8,-49:57:42,2009-03-20,07:57:40.7,2454910.8317,60.0,1.13,J,J,,,,usbdrivereplog_J1650-500.csv,,,Data replog,,,J1650-500,True,IR
ir090319.0345,XTE J1650-500,16:50:00.7,-49:57:43,2009-03-20,07:56:24.1,2454910.8308,60.0,1.13,J,J,,,,usbdrivereplog_J1650-500.csv,,,Data replog,,,J1650-500,True,IR
