filename,OBJECT,RA,DEC,DATE-OBS,TIME-OBS,JD,EXPTIME,SECZ,CCDFLTID,IRFLTID,TILT1,TILT2,TILT3,log name,Location,prop name help,Physical loc,OWNER,full path,proper name,xrb,source
ir030330.0267.fits,J16320-4751,16:32:1.80,-47:52:29.2,2003-03-31,06:42:41,2452729.77965,30.05,1.14,V,K,1762.0,2107.0,2430.0,other/LOG_TAPES_9_3.csv,miniarchive,TAPES_9_3,Disk,YALE-03A-0001,,J16320-4751,True,IR
ir030330.0268.fits,J16320-4751,16:32:1.83,-47:52:29.5,2003-03-31,06:43:33,2452729.78025,30.04,1.14,V,K,1732.0,2107.0,2460.0,other/LOG_TAPES_9_3.csv,miniarchive,TAPES_9_3,Disk,YALE-03A-0001,,J16320-4751,True,IR
ir030330.0273.fits,J16320-4751,16:32:2.03,-47:52:29.1,2003-03-31,06:47:57,2452729.78331,30.04,1.14,V,K,1702.0,2137.0,2460.0,other/LOG_TAPES_9_3.csv,miniarchive,TAPES_9_3,Disk,YALE-03A-0001,,J16320-4751,True,IR
ir030330.0272.fits,J16320-4751,16:32:1.98,-47:52:29.1,2003-03-31,06:47:04,2452729.78269,30.04,1.14,V,K,1732.0,2167.0,2400.0,other/LOG_TAPES_9_3.csv,miniarchive,TAPES_9_3,Disk,YALE-03A-0001,,J16320-4751,True,IR
ir030330.0271.fits,J16320-4751,16:32:1.94,-47:52:29.2,2003-03-31,06:46:12,2452729.78209,30.05,1.14,V,K,1732.0,2137.0,2430.0,other/LOG_TAPES_9_3.csv,miniarchive,TAPES_9_3,Disk,YALE-03A-0001,,J16320-4751,True,IR
ir030330.0269.fits,J16320-4751,16:32:1.85,-47:52:29.3,2003-03-31,06:44:26,2452729.78087,30.05,1.14,V,K,1762.0,2137.0,2400.0,other/LOG_TAPES_9_3.csv,miniarchive,TAPES_9_3,Disk,YALE-03A-0001,,J16320-4751,True,IR
ir030330.0270.fits,J16320-4751,16:32:1.92,-47:52:29.1,2003-03-31,06:45:20,2452729.78148,30.05,1.14,V,K,1702.0,2167.0,2430.0,other/LOG_TAPES_9_3.csv,miniarchive,TAPES_9_3,Disk,YALE-03A-0001,,J16320-4751,True,IR
ir030330.0266.fits,J16320-4751,16:32:1.75,-47:52:29.2,2003-03-31,06:41:48,2452729.77903,30.05,1.15,V,K,1702.0,2137.0,2460.0,other/LOG_TAPES_9_3.csv,miniarchive,TAPES_9_3,Disk,YALE-03A-0001,,J16320-4751,True,IR
ir030330.0340.fits,J16320-4751,16:32:1.78,-47:52:26.1,2003-03-31,08:47:05,2452729.86603,30.05,1.05,R,K,1732.0,2137.0,2430.0,other/LOG_TAPES_9_3.csv,miniarchive,TAPES_9_3,Disk,YALE-03A-0001,,J16320-4751,True,IR
ir030330.0265.fits,J16320-4751,16:32:1.75,-47:52:29.3,2003-03-31,06:40:54,2452729.77841,30.05,1.15,V,K,1732.0,2167.0,2400.0,other/LOG_TAPES_9_3.csv,miniarchive,TAPES_9_3,Disk,YALE-03A-0001,,J16320-4751,True,IR
ir030330.0264.fits,J16320-4751,16:32:1.72,-47:52:29.0,2003-03-31,06:40:02,2452729.77781,30.05,1.15,V,K,1732.0,2137.0,2430.0,other/LOG_TAPES_9_3.csv,miniarchive,TAPES_9_3,Disk,YALE-03A-0001,,J16320-4751,True,IR
ir030330.0291.fits,J16320-4751,16:32:1.71,-47:52:28.4,2003-03-31,07:39:32,2452729.81913,30.04,1.08,I,K,1702.0,2137.0,2460.0,other/LOG_TAPES_9_3.csv,miniarchive,TAPES_9_3,Disk,YALE-03A-0001,,J16320-4751,True,IR
ir030330.0292.fits,J16320-4751,16:32:1.73,-47:52:28.4,2003-03-31,07:40:25,2452729.81974,30.04,1.07,I,K,1762.0,2107.0,2430.0,other/LOG_TAPES_9_3.csv,miniarchive,TAPES_9_3,Disk,YALE-03A-0001,,J16320-4751,True,IR
ir030330.0295.fits,J16320-4751,16:32:1.77,-47:52:28.1,2003-03-31,07:43:04,2452729.82158,30.04,1.07,I,K,1702.0,2167.0,2430.0,other/LOG_TAPES_9_3.csv,miniarchive,TAPES_9_3,Disk,YALE-03A-0001,,J16320-4751,True,IR
ir030330.0290.fits,J16320-4751,16:32:1.74,-47:52:28.6,2003-03-31,07:38:39,2452729.81851,30.05,1.08,I,K,1732.0,2167.0,2400.0,other/LOG_TAPES_9_3.csv,miniarchive,TAPES_9_3,Disk,YALE-03A-0001,,J16320-4751,True,IR
ir030330.0289.fits,J16320-4751,16:32:1.71,-47:52:28.8,2003-03-31,07:37:47,2452729.81791,30.04,1.08,I,K,1732.0,2137.0,2430.0,other/LOG_TAPES_9_3.csv,miniarchive,TAPES_9_3,Disk,YALE-03A-0001,,J16320-4751,True,IR
ir030329.0355.fits,J16320-4751,16:32:1.74,-47:52:27.8,2003-03-30,09:11:18,2452728.88285,30.04,1.05,V,K,1702.0,2137.0,2460.0,other/LOG_TAPES_9_3.csv,miniarchive,TAPES_9_3,Disk,YALE-03A-0001,,J16320-4751,True,IR
ir030329.0280.fits,J16320-4751,16:32:1.92,-47:52:28.5,2003-03-30,08:08:16,2452728.83908,30.05,1.06,V,K,1702.0,2137.0,2460.0,other/LOG_TAPES_9_3.csv,miniarchive,TAPES_9_3,Disk,YALE-03A-0001,,J16320-4751,True,IR
ir030329.0279.fits,J16320-4751,16:32:1.91,-47:52:28.4,2003-03-30,08:07:23,2452728.83847,30.04,1.06,V,K,1732.0,2167.0,2400.0,other/LOG_TAPES_9_3.csv,miniarchive,TAPES_9_3,Disk,YALE-03A-0001,,J16320-4751,True,IR
ir030329.0278.fits,J16320-4751,16:32:1.88,-47:52:28.4,2003-03-30,08:06:31,2452728.83786,30.05,1.06,V,K,1732.0,2137.0,2430.0,other/LOG_TAPES_9_3.csv,miniarchive,TAPES_9_3,Disk,YALE-03A-0001,,J16320-4751,True,IR
ir030329.0277.fits,J16320-4751,16:32:1.88,-47:52:28.3,2003-03-30,08:05:39,2452728.83726,30.04,1.06,V,K,1702.0,2167.0,2430.0,other/LOG_TAPES_9_3.csv,miniarchive,TAPES_9_3,Disk,YALE-03A-0001,,J16320-4751,True,IR
ir030329.0276.fits,J16320-4751,16:32:1.84,-47:52:28.5,2003-03-30,08:04:46,2452728.83665,30.04,1.06,V,K,1762.0,2137.0,2400.0,other/LOG_TAPES_9_3.csv,miniarchive,TAPES_9_3,Disk,YALE-03A-0001,,J16320-4751,True,IR
ir030329.0275.fits,J16320-4751,16:32:1.83,-47:52:28.2,2003-03-30,08:03:53,2452728.83603,30.04,1.06,V,K,1732.0,2107.0,2460.0,other/LOG_TAPES_9_3.csv,miniarchive,TAPES_9_3,Disk,YALE-03A-0001,,J16320-4751,True,IR
ir030329.0274.fits,J16320-4751,16:32:1.80,-47:52:28.4,2003-03-30,08:03:01,2452728.83543,30.05,1.06,V,K,1762.0,2107.0,2430.0,other/LOG_TAPES_9_3.csv,miniarchive,TAPES_9_3,Disk,YALE-03A-0001,,J16320-4751,True,IR
ir030329.0273.fits,J16320-4751,16:32:1.79,-47:52:28.5,2003-03-30,08:02:08,2452728.83482,30.05,1.06,V,K,1702.0,2137.0,2460.0,other/LOG_TAPES_9_3.csv,miniarchive,TAPES_9_3,Disk,YALE-03A-0001,,J16320-4751,True,IR
ir030329.0272.fits,J16320-4751,16:32:1.76,-47:52:28.6,2003-03-30,08:01:15,2452728.8342,30.04,1.06,V,K,1732.0,2167.0,2400.0,other/LOG_TAPES_9_3.csv,miniarchive,TAPES_9_3,Disk,YALE-03A-0001,,J16320-4751,True,IR
ir030329.0271.fits,J16320-4751,16:32:1.74,-47:52:28.9,2003-03-30,08:00:23,2452728.8336,30.04,1.06,V,K,1732.0,2137.0,2430.0,other/LOG_TAPES_9_3.csv,miniarchive,TAPES_9_3,Disk,YALE-03A-0001,,J16320-4751,True,IR
ir030329.0387.fits,J16320-4751,16:32:1.76,-47:52:28.3,2003-03-30,10:06:39,2452728.92129,30.05,1.09,I,K,1762.0,2107.0,2430.0,other/LOG_TAPES_9_3.csv,miniarchive,TAPES_9_3,Disk,YALE-03A-0001,,J16320-4751,True,IR
ir030329.0354.fits,J16320-4751,16:32:1.74,-47:52:28.1,2003-03-30,09:10:25,2452728.88223,30.04,1.05,V,K,1732.0,2167.0,2400.0,other/LOG_TAPES_9_3.csv,miniarchive,TAPES_9_3,Disk,YALE-03A-0001,,J16320-4751,True,IR
ir030329.0393.fits,J16320-4751,16:32:1.84,-47:52:29.0,2003-03-30,10:11:55,2452728.92495,30.05,1.1,I,K,1702.0,2137.0,2460.0,other/LOG_TAPES_9_3.csv,miniarchive,TAPES_9_3,Disk,YALE-03A-0001,,J16320-4751,True,IR
ir030329.0392.fits,J16320-4751,16:32:1.81,-47:52:28.9,2003-03-30,10:11:02,2452728.92433,30.04,1.1,I,K,1732.0,2167.0,2400.0,other/LOG_TAPES_9_3.csv,miniarchive,TAPES_9_3,Disk,YALE-03A-0001,,J16320-4751,True,IR
ir030329.0389.fits,J16320-4751,16:32:1.79,-47:52:28.5,2003-03-30,10:08:25,2452728.92251,30.05,1.09,I,K,1762.0,2137.0,2400.0,other/LOG_TAPES_9_3.csv,miniarchive,TAPES_9_3,Disk,YALE-03A-0001,,J16320-4751,True,IR
ir030329.0391.fits,J16320-4751,16:32:1.81,-47:52:28.6,2003-03-30,10:10:10,2452728.92373,30.04,1.1,I,K,1732.0,2137.0,2430.0,other/LOG_TAPES_9_3.csv,miniarchive,TAPES_9_3,Disk,YALE-03A-0001,,J16320-4751,True,IR
ir030329.0390.fits,J16320-4751,16:32:1.80,-47:52:28.5,2003-03-30,10:09:18,2452728.92313,30.05,1.09,I,K,1702.0,2167.0,2430.0,other/LOG_TAPES_9_3.csv,miniarchive,TAPES_9_3,Disk,YALE-03A-0001,,J16320-4751,True,IR
ir030329.0353.fits,J16320-4751,16:32:1.76,-47:52:28.7,2003-03-30,09:09:32,2452728.88163,30.04,1.05,V,K,1732.0,2137.0,2430.0,other/LOG_TAPES_9_3.csv,miniarchive,TAPES_9_3,Disk,YALE-03A-0001,,J16320-4751,True,IR
ir030329.0358.fits,J16320-4751,16:32:1.76,-47:52:27.9,2003-03-30,09:13:56,2452728.88469,30.05,1.06,V,K,1762.0,2137.0,2400.0,other/LOG_TAPES_9_3.csv,miniarchive,TAPES_9_3,Disk,YALE-03A-0001,,J16320-4751,True,IR
ir030329.0359.fits,J16320-4751,16:32:1.80,-47:52:28.1,2003-03-30,09:14:50,2452728.8853,30.04,1.06,V,K,1702.0,2167.0,2430.0,other/LOG_TAPES_9_3.csv,miniarchive,TAPES_9_3,Disk,YALE-03A-0001,,J16320-4751,True,IR
ir030329.0356.fits,J16320-4751,16:32:1.74,-47:52:27.9,2003-03-30,09:12:11,2452728.88347,30.04,1.05,V,K,1762.0,2107.0,2430.0,other/LOG_TAPES_9_3.csv,miniarchive,TAPES_9_3,Disk,YALE-03A-0001,,J16320-4751,True,IR
ir030329.0357.fits,J16320-4751,16:32:1.75,-47:52:28.2,2003-03-30,09:13:03,2452728.88407,30.04,1.06,V,K,1732.0,2107.0,2460.0,other/LOG_TAPES_9_3.csv,miniarchive,TAPES_9_3,Disk,YALE-03A-0001,,J16320-4751,True,IR
ir030329.0388.fits,J16320-4751,16:32:1.77,-47:52:28.3,2003-03-30,10:07:31,2452728.92189,30.05,1.09,I,K,1732.0,2107.0,2460.0,other/LOG_TAPES_9_3.csv,miniarchive,TAPES_9_3,Disk,YALE-03A-0001,,J16320-4751,True,IR
ir030329.0386.fits,J16320-4751,16:32:1.77,-47:52:28.4,2003-03-30,10:05:46,2452728.92067,30.05,1.09,I,K,1702.0,2137.0,2460.0,other/LOG_TAPES_9_3.csv,miniarchive,TAPES_9_3,Disk,YALE-03A-0001,,J16320-4751,True,IR
ir030329.0385.fits,J16320-4751,16:32:1.77,-47:52:28.5,2003-03-30,10:04:52,2452728.92006,30.04,1.09,I,K,1732.0,2167.0,2400.0,other/LOG_TAPES_9_3.csv,miniarchive,TAPES_9_3,Disk,YALE-03A-0001,,J16320-4751,True,IR
ir030329.0384.fits,J16320-4751,16:32:1.73,-47:52:28.7,2003-03-30,10:04:00,2452728.91945,30.05,1.09,I,K,1732.0,2137.0,2430.0,other/LOG_TAPES_9_3.csv,miniarchive,TAPES_9_3,Disk,YALE-03A-0001,,J16320-4751,True,IR
ir030329.0362.fits,J16320-4751,16:32:1.82,-47:52:28.4,2003-03-30,09:17:27,2452728.88713,30.05,1.06,V,K,1702.0,2137.0,2460.0,other/LOG_TAPES_9_3.csv,miniarchive,TAPES_9_3,Disk,YALE-03A-0001,,J16320-4751,True,IR
ir030329.0361.fits,J16320-4751,16:32:1.81,-47:52:28.3,2003-03-30,09:16:34,2452728.88651,30.04,1.06,V,K,1732.0,2167.0,2400.0,other/LOG_TAPES_9_3.csv,miniarchive,TAPES_9_3,Disk,YALE-03A-0001,,J16320-4751,True,IR
ir030329.0360.fits,J16320-4751,16:32:1.79,-47:52:28.2,2003-03-30,09:15:42,2452728.88591,30.05,1.06,V,K,1732.0,2137.0,2430.0,other/LOG_TAPES_9_3.csv,miniarchive,TAPES_9_3,Disk,YALE-03A-0001,,J16320-4751,True,IR
ir030330.0342.fits,J16320-4751,16:32:1.81,-47:52:26.3,2003-03-31,08:48:50,2452729.86725,30.05,1.05,R,K,1702.0,2137.0,2460.0,other/LOG_TAPES_9_3.csv,miniarchive,TAPES_9_3,Disk,YALE-03A-0001,,J16320-4751,True,IR
ir030330.0339.fits,J16320-4751,16:32:1.75,-47:52:26.4,2003-03-31,08:46:13,2452729.86543,30.04,1.05,R,K,1702.0,2167.0,2430.0,other/LOG_TAPES_9_3.csv,miniarchive,TAPES_9_3,Disk,YALE-03A-0001,,J16320-4751,True,IR
ir030331.0256.fits,J16320-4751,16:32:1.93,-47:52:29.1,2003-04-01,06:50:14,2452730.78488,30.04,1.13,V,K,1762.0,2137.0,2400.0,other/LOG_TAPES_9_3.csv,miniarchive,TAPES_9_3,Disk,YALE-03A-0001,,J16320-4751,True,IR
ir030331.0336.fits,J16320-4751,16:32:1.60,-47:52:28.1,2003-04-01,07:59:17,2452730.83284,30.05,1.06,I,K,1762.0,2107.0,2430.0,other/LOG_TAPES_9_3.csv,miniarchive,TAPES_9_3,Disk,YALE-03A-0001,,J16320-4751,True,IR
ir030331.0383.fits,J16320-4751,16:32:1.97,-47:52:27.8,2003-04-01,09:12:26,2452730.88364,30.04,1.06,I,K,1702.0,2137.0,2460.0,other/LOG_TAPES_9_3.csv,miniarchive,TAPES_9_3,Disk,YALE-03A-0001,,J16320-4751,True,IR
ir030331.0251.fits,J16320-4751,16:32:1.74,-47:52:29.2,2003-04-01,06:45:50,2452730.78183,30.04,1.13,V,K,1732.0,2137.0,2430.0,other/LOG_TAPES_9_3.csv,miniarchive,TAPES_9_3,Disk,YALE-03A-0001,,J16320-4751,True,IR
ir030331.0252.fits,J16320-4751,16:32:1.74,-47:52:29.2,2003-04-01,06:46:42,2452730.78243,30.05,1.13,V,K,1732.0,2167.0,2400.0,other/LOG_TAPES_9_3.csv,miniarchive,TAPES_9_3,Disk,YALE-03A-0001,,J16320-4751,True,IR
ir030331.0253.fits,J16320-4751,16:32:1.78,-47:52:29.3,2003-04-01,06:47:35,2452730.78305,30.04,1.13,V,K,1702.0,2137.0,2460.0,other/LOG_TAPES_9_3.csv,miniarchive,TAPES_9_3,Disk,YALE-03A-0001,,J16320-4751,True,IR
ir030331.0254.fits,J16320-4751,16:32:1.84,-47:52:29.1,2003-04-01,06:48:28,2452730.78367,30.04,1.13,V,K,1762.0,2107.0,2430.0,other/LOG_TAPES_9_3.csv,miniarchive,TAPES_9_3,Disk,YALE-03A-0001,,J16320-4751,True,IR
ir030331.0255.fits,J16320-4751,16:32:1.89,-47:52:29.0,2003-04-01,06:49:20,2452730.78427,30.04,1.13,V,K,1732.0,2107.0,2460.0,other/LOG_TAPES_9_3.csv,miniarchive,TAPES_9_3,Disk,YALE-03A-0001,,J16320-4751,True,IR
ir030331.0257.fits,J16320-4751,16:32:1.96,-47:52:29.1,2003-04-01,06:51:07,2452730.7855,30.04,1.12,V,K,1702.0,2167.0,2430.0,other/LOG_TAPES_9_3.csv,miniarchive,TAPES_9_3,Disk,YALE-03A-0001,,J16320-4751,True,IR
ir030330.0341.fits,J16320-4751,16:32:1.78,-47:52:26.1,2003-03-31,08:47:57,2452729.86664,30.04,1.05,R,K,1732.0,2167.0,2400.0,other/LOG_TAPES_9_3.csv,miniarchive,TAPES_9_3,Disk,YALE-03A-0001,,J16320-4751,True,IR
ir030331.0258.fits,J16320-4751,16:32:2.01,-47:52:29.0,2003-04-01,06:51:59,2452730.78611,30.04,1.12,V,K,1732.0,2137.0,2430.0,other/LOG_TAPES_9_3.csv,miniarchive,TAPES_9_3,Disk,YALE-03A-0001,,J16320-4751,True,IR
ir030331.0259.fits,J16320-4751,16:32:2.05,-47:52:29.1,2003-04-01,06:52:51,2452730.78671,30.04,1.12,V,K,1732.0,2167.0,2400.0,other/LOG_TAPES_9_3.csv,miniarchive,TAPES_9_3,Disk,YALE-03A-0001,,J16320-4751,True,IR
ir030331.0260.fits,J16320-4751,16:32:2.07,-47:52:29.0,2003-04-01,06:53:45,2452730.78733,30.04,1.12,V,K,1702.0,2137.0,2460.0,other/LOG_TAPES_9_3.csv,miniarchive,TAPES_9_3,Disk,YALE-03A-0001,,J16320-4751,True,IR
ir030331.0333.fits,J16320-4751,16:32:1.70,-47:52:28.8,2003-04-01,07:56:39,2452730.83101,30.05,1.06,I,K,1732.0,2137.0,2430.0,other/LOG_TAPES_9_3.csv,miniarchive,TAPES_9_3,Disk,YALE-03A-0001,,J16320-4751,True,IR
ir030331.0334.fits,J16320-4751,16:32:1.63,-47:52:28.5,2003-04-01,07:57:31,2452730.83161,30.04,1.06,I,K,1732.0,2167.0,2400.0,other/LOG_TAPES_9_3.csv,miniarchive,TAPES_9_3,Disk,YALE-03A-0001,,J16320-4751,True,IR
ir030331.0335.fits,J16320-4751,16:32:1.63,-47:52:28.5,2003-04-01,07:58:24,2452730.83223,30.04,1.06,I,K,1702.0,2137.0,2460.0,other/LOG_TAPES_9_3.csv,miniarchive,TAPES_9_3,Disk,YALE-03A-0001,,J16320-4751,True,IR
ir030331.0337.fits,J16320-4751,16:32:1.59,-47:52:28.0,2003-04-01,08:00:09,2452730.83344,30.04,1.06,I,K,1732.0,2107.0,2460.0,other/LOG_TAPES_9_3.csv,miniarchive,TAPES_9_3,Disk,YALE-03A-0001,,J16320-4751,True,IR
ir030331.0382.fits,J16320-4751,16:32:1.95,-47:52:27.9,2003-04-01,09:11:33,2452730.88302,30.05,1.06,I,K,1732.0,2167.0,2400.0,other/LOG_TAPES_9_3.csv,miniarchive,TAPES_9_3,Disk,YALE-03A-0001,,J16320-4751,True,IR
ir030331.0338.fits,J16320-4751,16:32:1.58,-47:52:28.0,2003-04-01,08:01:02,2452730.83405,30.04,1.06,I,K,1762.0,2137.0,2400.0,other/LOG_TAPES_9_3.csv,miniarchive,TAPES_9_3,Disk,YALE-03A-0001,,J16320-4751,True,IR
ir030331.0339.fits,J16320-4751,16:32:1.59,-47:52:28.0,2003-04-01,08:01:55,2452730.83467,30.04,1.06,I,K,1702.0,2167.0,2430.0,other/LOG_TAPES_9_3.csv,miniarchive,TAPES_9_3,Disk,YALE-03A-0001,,J16320-4751,True,IR
ir030331.0340.fits,J16320-4751,16:32:1.58,-47:52:27.9,2003-04-01,08:02:47,2452730.83527,30.05,1.06,I,K,1732.0,2137.0,2430.0,other/LOG_TAPES_9_3.csv,miniarchive,TAPES_9_3,Disk,YALE-03A-0001,,J16320-4751,True,IR
ir030331.0341.fits,J16320-4751,16:32:1.59,-47:52:27.7,2003-04-01,08:03:39,2452730.83587,30.04,1.06,I,K,1732.0,2167.0,2400.0,other/LOG_TAPES_9_3.csv,miniarchive,TAPES_9_3,Disk,YALE-03A-0001,,J16320-4751,True,IR
ir030330.0333.fits,J16320-4751,16:32:1.71,-47:52:27.7,2003-03-31,08:40:56,2452729.86177,30.04,1.05,R,K,1732.0,2137.0,2430.0,other/LOG_TAPES_9_3.csv,miniarchive,TAPES_9_3,Disk,YALE-03A-0001,,J16320-4751,True,IR
ir030330.0336.fits,J16320-4751,16:32:1.72,-47:52:26.7,2003-03-31,08:43:34,2452729.8636,30.05,1.05,R,K,1762.0,2107.0,2430.0,other/LOG_TAPES_9_3.csv,miniarchive,TAPES_9_3,Disk,YALE-03A-0001,,J16320-4751,True,IR
ir030330.0335.fits,J16320-4751,16:32:1.72,-47:52:26.8,2003-03-31,08:42:41,2452729.86298,30.05,1.05,R,K,1702.0,2137.0,2460.0,other/LOG_TAPES_9_3.csv,miniarchive,TAPES_9_3,Disk,YALE-03A-0001,,J16320-4751,True,IR
ir030330.0334.fits,J16320-4751,16:32:1.70,-47:52:27.2,2003-03-31,08:41:48,2452729.86237,30.04,1.05,R,K,1732.0,2167.0,2400.0,other/LOG_TAPES_9_3.csv,miniarchive,TAPES_9_3,Disk,YALE-03A-0001,,J16320-4751,True,IR
ir030330.0296.fits,J16320-4751,16:32:1.79,-47:52:28.1,2003-03-31,07:43:56,2452729.82218,30.04,1.07,I,K,1732.0,2137.0,2430.0,other/LOG_TAPES_9_3.csv,miniarchive,TAPES_9_3,Disk,YALE-03A-0001,,J16320-4751,True,IR
ir030330.0298.fits,J16320-4751,16:32:1.81,-47:52:28.0,2003-03-31,07:45:41,2452729.8234,30.05,1.07,I,K,1702.0,2137.0,2460.0,other/LOG_TAPES_9_3.csv,miniarchive,TAPES_9_3,Disk,YALE-03A-0001,,J16320-4751,True,IR
ir030330.0297.fits,J16320-4751,16:32:1.80,-47:52:28.1,2003-03-31,07:44:48,2452729.82278,30.04,1.07,I,K,1732.0,2167.0,2400.0,other/LOG_TAPES_9_3.csv,miniarchive,TAPES_9_3,Disk,YALE-03A-0001,,J16320-4751,True,IR
ir030330.0338.fits,J16320-4751,16:32:1.72,-47:52:26.6,2003-03-31,08:45:19,2452729.86481,30.05,1.05,R,K,1762.0,2137.0,2400.0,other/LOG_TAPES_9_3.csv,miniarchive,TAPES_9_3,Disk,YALE-03A-0001,,J16320-4751,True,IR
ir030330.0294.fits,J16320-4751,16:32:1.77,-47:52:28.1,2003-03-31,07:42:11,2452729.82096,30.04,1.07,I,K,1762.0,2137.0,2400.0,other/LOG_TAPES_9_3.csv,miniarchive,TAPES_9_3,Disk,YALE-03A-0001,,J16320-4751,True,IR
ir030330.0293.fits,J16320-4751,16:32:1.75,-47:52:28.4,2003-03-31,07:41:17,2452729.82035,30.05,1.07,I,K,1732.0,2107.0,2460.0,other/LOG_TAPES_9_3.csv,miniarchive,TAPES_9_3,Disk,YALE-03A-0001,,J16320-4751,True,IR
ir030330.0337.fits,J16320-4751,16:32:1.71,-47:52:26.7,2003-03-31,08:44:26,2452729.8642,30.05,1.05,R,K,1732.0,2107.0,2460.0,other/LOG_TAPES_9_3.csv,miniarchive,TAPES_9_3,Disk,YALE-03A-0001,,J16320-4751,True,IR
ir030331.0342.fits,J16320-4751,16:32:1.60,-47:52:27.8,2003-04-01,08:04:32,2452730.83648,30.04,1.06,I,K,1702.0,2137.0,2460.0,other/LOG_TAPES_9_3.csv,miniarchive,TAPES_9_3,Disk,YALE-03A-0001,,J16320-4751,True,IR
ir030331.0374.fits,J16320-4751,16:32:1.75,-47:52:28.6,2003-04-01,09:04:32,2452730.87816,30.05,1.05,I,K,1732.0,2137.0,2430.0,other/LOG_TAPES_9_3.csv,miniarchive,TAPES_9_3,Disk,YALE-03A-0001,,J16320-4751,True,IR
ir030331.0375.fits,J16320-4751,16:32:1.80,-47:52:28.1,2003-04-01,09:05:24,2452730.87876,30.04,1.06,I,K,1732.0,2167.0,2400.0,other/LOG_TAPES_9_3.csv,miniarchive,TAPES_9_3,Disk,YALE-03A-0001,,J16320-4751,True,IR
ir030331.0376.fits,J16320-4751,16:32:1.82,-47:52:27.9,2003-04-01,09:06:17,2452730.87937,30.04,1.06,I,K,1702.0,2137.0,2460.0,other/LOG_TAPES_9_3.csv,miniarchive,TAPES_9_3,Disk,YALE-03A-0001,,J16320-4751,True,IR
ir030331.0377.fits,J16320-4751,16:32:1.85,-47:52:28.0,2003-04-01,09:07:11,2452730.87999,30.04,1.06,I,K,1762.0,2107.0,2430.0,other/LOG_TAPES_9_3.csv,miniarchive,TAPES_9_3,Disk,YALE-03A-0001,,J16320-4751,True,IR
ir030331.0378.fits,J16320-4751,16:32:1.86,-47:52:28.0,2003-04-01,09:08:03,2452730.88059,30.05,1.06,I,K,1732.0,2107.0,2460.0,other/LOG_TAPES_9_3.csv,miniarchive,TAPES_9_3,Disk,YALE-03A-0001,,J16320-4751,True,IR
ir030331.0379.fits,J16320-4751,16:32:1.90,-47:52:28.0,2003-04-01,09:08:56,2452730.8812,30.04,1.06,I,K,1762.0,2137.0,2400.0,other/LOG_TAPES_9_3.csv,miniarchive,TAPES_9_3,Disk,YALE-03A-0001,,J16320-4751,True,IR
ir030331.0380.fits,J16320-4751,16:32:1.91,-47:52:27.9,2003-04-01,09:09:49,2452730.88182,30.05,1.06,I,K,1702.0,2167.0,2430.0,other/LOG_TAPES_9_3.csv,miniarchive,TAPES_9_3,Disk,YALE-03A-0001,,J16320-4751,True,IR
ir030331.0381.fits,J16320-4751,16:32:1.91,-47:52:27.9,2003-04-01,09:10:41,2452730.88242,30.04,1.06,I,K,1732.0,2137.0,2430.0,other/LOG_TAPES_9_3.csv,miniarchive,TAPES_9_3,Disk,YALE-03A-0001,,J16320-4751,True,IR
ir030325.0276.fits,J16320-4751,16:32:1.80,-47:52:29.2,2003-03-26,08:07:38,2452724.83864,30.04,1.07,V,K,1732.0,2137.0,2430.0,other/LOG_TAPES_9_3.csv,miniarchive,TAPES_9_3,Disk,YALE-03A-0001,,J16320-4751,True,IR
ir030325.0417.fits,J16320-4751,16:32:1.76,-47:52:28.7,2003-03-26,10:15:48,2452724.92765,30.05,1.09,V,K,1732.0,2167.0,2400.0,other/LOG_TAPES_9_3.csv,miniarchive,TAPES_9_3,Disk,YALE-03A-0001,,J16320-4751,True,IR
ir030325.0418.fits,J16320-4751,16:32:1.73,-47:52:28.6,2003-03-26,10:16:41,2452724.92826,30.05,1.09,V,K,1702.0,2137.0,2460.0,other/LOG_TAPES_9_3.csv,miniarchive,TAPES_9_3,Disk,YALE-03A-0001,,J16320-4751,True,IR
ir030325.0419.fits,J16320-4751,16:32:1.75,-47:52:28.3,2003-03-26,10:17:34,2452724.92887,30.04,1.09,V,K,1762.0,2107.0,2430.0,other/LOG_TAPES_9_3.csv,miniarchive,TAPES_9_3,Disk,YALE-03A-0001,,J16320-4751,True,IR
ir030325.0420.fits,J16320-4751,16:32:1.78,-47:52:27.6,2003-03-26,10:18:27,2452724.92948,30.04,1.09,V,K,1732.0,2107.0,2460.0,other/LOG_TAPES_9_3.csv,miniarchive,TAPES_9_3,Disk,YALE-03A-0001,,J16320-4751,True,IR
ir030325.0421.fits,J16320-4751,16:32:1.77,-47:52:27.7,2003-03-26,10:19:20,2452724.93009,30.04,1.09,V,K,1762.0,2137.0,2400.0,other/LOG_TAPES_9_3.csv,miniarchive,TAPES_9_3,Disk,YALE-03A-0001,,J16320-4751,True,IR
ir030325.0422.fits,J16320-4751,16:32:1.70,-47:52:27.2,2003-03-26,10:20:12,2452724.9307,30.05,1.09,V,K,1702.0,2167.0,2430.0,other/LOG_TAPES_9_3.csv,miniarchive,TAPES_9_3,Disk,YALE-03A-0001,,J16320-4751,True,IR
ir030325.0423.fits,J16320-4751,16:32:1.70,-47:52:27.7,2003-03-26,10:21:04,2452724.93131,30.04,1.09,V,K,1732.0,2137.0,2430.0,other/LOG_TAPES_9_3.csv,miniarchive,TAPES_9_3,Disk,YALE-03A-0001,,J16320-4751,True,IR
ir030325.0424.fits,J16320-4751,16:32:1.72,-47:52:27.4,2003-03-26,10:21:57,2452724.93191,30.05,1.09,V,K,1732.0,2167.0,2400.0,other/LOG_TAPES_9_3.csv,miniarchive,TAPES_9_3,Disk,YALE-03A-0001,,J16320-4751,True,IR
ir030325.0425.fits,J16320-4751,16:32:1.73,-47:52:27.1,2003-03-26,10:22:50,2452724.93253,30.05,1.09,V,K,1702.0,2137.0,2460.0,other/LOG_TAPES_9_3.csv,miniarchive,TAPES_9_3,Disk,YALE-03A-0001,,J16320-4751,True,IR
ir030325.0354.fits,J16320-4751,16:32:1.74,-47:52:28.8,2003-03-26,09:10:08,2452724.88204,30.04,1.05,I,K,1732.0,2137.0,2430.0,other/LOG_TAPES_9_3.csv,miniarchive,TAPES_9_3,Disk,YALE-03A-0001,,J16320-4751,True,IR
ir030325.0273.fits,J16320-4751,16:32:1.75,-47:52:29.0,2003-03-26,08:05:01,2452724.83683,30.05,1.07,V,K,1732.0,2107.0,2460.0,other/LOG_TAPES_9_3.csv,miniarchive,TAPES_9_3,Disk,YALE-03A-0001,,J16320-4751,True,IR
ir030325.0269.fits,J16320-4751,16:32:1.73,-47:52:29.2,2003-03-26,08:01:30,2452724.83439,30.05,1.07,V,K,1732.0,2137.0,2430.0,other/LOG_TAPES_9_3.csv,miniarchive,TAPES_9_3,Disk,YALE-03A-0001,,J16320-4751,True,IR
ir030325.0270.fits,J16320-4751,16:32:1.74,-47:52:30.1,2003-03-26,08:02:23,2452724.83499,30.04,1.07,V,K,1732.0,2167.0,2400.0,other/LOG_TAPES_9_3.csv,miniarchive,TAPES_9_3,Disk,YALE-03A-0001,,J16320-4751,True,IR
ir030325.0271.fits,J16320-4751,16:32:1.74,-47:52:29.3,2003-03-26,08:03:16,2452724.83561,30.04,1.07,V,K,1702.0,2137.0,2460.0,other/LOG_TAPES_9_3.csv,miniarchive,TAPES_9_3,Disk,YALE-03A-0001,,J16320-4751,True,IR
ir030325.0272.fits,J16320-4751,16:32:1.76,-47:52:29.4,2003-03-26,08:04:09,2452724.83622,30.04,1.07,V,K,1762.0,2107.0,2430.0,other/LOG_TAPES_9_3.csv,miniarchive,TAPES_9_3,Disk,YALE-03A-0001,,J16320-4751,True,IR
ir030325.0274.fits,J16320-4751,16:32:1.75,-47:52:29.3,2003-03-26,08:05:54,2452724.83744,30.05,1.07,V,K,1762.0,2137.0,2400.0,other/LOG_TAPES_9_3.csv,miniarchive,TAPES_9_3,Disk,YALE-03A-0001,,J16320-4751,True,IR
ir030325.0416.fits,J16320-4751,16:32:1.74,-47:52:28.9,2003-03-26,10:14:56,2452724.92704,30.04,1.08,V,K,1732.0,2137.0,2430.0,other/LOG_TAPES_9_3.csv,miniarchive,TAPES_9_3,Disk,YALE-03A-0001,,J16320-4751,True,IR
ir030325.0363.fits,J16320-4751,16:32:1.87,-47:52:29.7,2003-03-26,09:18:01,2452724.88752,30.04,1.05,I,K,1702.0,2137.0,2460.0,other/LOG_TAPES_9_3.csv,miniarchive,TAPES_9_3,Disk,YALE-03A-0001,,J16320-4751,True,IR
ir030325.0362.fits,J16320-4751,16:32:1.85,-47:52:29.6,2003-03-26,09:17:08,2452724.8869,30.04,1.05,I,K,1732.0,2167.0,2400.0,other/LOG_TAPES_9_3.csv,miniarchive,TAPES_9_3,Disk,YALE-03A-0001,,J16320-4751,True,IR
ir030325.0361.fits,J16320-4751,16:32:1.88,-47:52:29.8,2003-03-26,09:16:16,2452724.8863,30.04,1.05,I,K,1732.0,2137.0,2430.0,other/LOG_TAPES_9_3.csv,miniarchive,TAPES_9_3,Disk,YALE-03A-0001,,J16320-4751,True,IR
ir030325.0275.fits,J16320-4751,16:32:1.78,-47:52:29.3,2003-03-26,08:06:46,2452724.83804,30.05,1.07,V,K,1702.0,2167.0,2430.0,other/LOG_TAPES_9_3.csv,miniarchive,TAPES_9_3,Disk,YALE-03A-0001,,J16320-4751,True,IR
ir030325.0277.fits,J16320-4751,16:32:1.81,-47:52:29.3,2003-03-26,08:08:31,2452724.83925,30.04,1.07,V,K,1732.0,2167.0,2400.0,other/LOG_TAPES_9_3.csv,miniarchive,TAPES_9_3,Disk,YALE-03A-0001,,J16320-4751,True,IR
ir030325.0278.fits,J16320-4751,16:32:1.81,-47:52:29.0,2003-03-26,08:09:23,2452724.83986,30.04,1.07,V,K,1702.0,2137.0,2460.0,other/LOG_TAPES_9_3.csv,miniarchive,TAPES_9_3,Disk,YALE-03A-0001,,J16320-4751,True,IR
ir030325.0355.fits,J16320-4751,16:32:1.77,-47:52:29.6,2003-03-26,09:11:00,2452724.88265,30.04,1.05,I,K,1732.0,2167.0,2400.0,other/LOG_TAPES_9_3.csv,miniarchive,TAPES_9_3,Disk,YALE-03A-0001,,J16320-4751,True,IR
ir030325.0356.fits,J16320-4751,16:32:1.79,-47:52:29.6,2003-03-26,09:11:53,2452724.88326,30.05,1.05,I,K,1702.0,2137.0,2460.0,other/LOG_TAPES_9_3.csv,miniarchive,TAPES_9_3,Disk,YALE-03A-0001,,J16320-4751,True,IR
ir030325.0357.fits,J16320-4751,16:32:1.85,-47:52:29.5,2003-03-26,09:12:46,2452724.88388,30.05,1.05,I,K,1762.0,2107.0,2430.0,other/LOG_TAPES_9_3.csv,miniarchive,TAPES_9_3,Disk,YALE-03A-0001,,J16320-4751,True,IR
ir030325.0358.fits,J16320-4751,16:32:1.86,-47:52:29.4,2003-03-26,09:13:39,2452724.88448,30.04,1.05,I,K,1732.0,2107.0,2460.0,other/LOG_TAPES_9_3.csv,miniarchive,TAPES_9_3,Disk,YALE-03A-0001,,J16320-4751,True,IR
ir030325.0359.fits,J16320-4751,16:32:1.87,-47:52:29.4,2003-03-26,09:14:31,2452724.88509,30.05,1.05,I,K,1762.0,2137.0,2400.0,other/LOG_TAPES_9_3.csv,miniarchive,TAPES_9_3,Disk,YALE-03A-0001,,J16320-4751,True,IR
ir030325.0360.fits,J16320-4751,16:32:1.86,-47:52:29.6,2003-03-26,09:15:23,2452724.88569,30.05,1.05,I,K,1702.0,2167.0,2430.0,other/LOG_TAPES_9_3.csv,miniarchive,TAPES_9_3,Disk,YALE-03A-0001,,J16320-4751,True,IR
ir030324.0435.fits,J16320-4751,16:32:1.73,-47:52:28.5,2003-03-25,08:21:00,2452723.84793,30.05,1.06,I,K,1732.0,2137.0,2430.0,other/LOG_TAPES_9_3.csv,miniarchive,TAPES_9_3,Disk,YALE-03A-0001,,J16320-4751,True,IR
ir030324.0394.fits,J16320-4751,16:32:2.07,-47:52:25.8,2003-03-25,07:21:35,2452723.80666,30.05,1.12,V,K,1732.0,2167.0,2400.0,other/LOG_TAPES_9_3.csv,miniarchive,TAPES_9_3,Disk,YALE-03A-0001,,J16320-4751,True,IR
ir030324.0393.fits,J16320-4751,16:32:2.03,-47:52:26.2,2003-03-25,07:20:42,2452723.80605,30.05,1.12,V,K,1732.0,2137.0,2430.0,other/LOG_TAPES_9_3.csv,miniarchive,TAPES_9_3,Disk,YALE-03A-0001,,J16320-4751,True,IR
ir030324.0391.fits,J16320-4751,16:32:1.95,-47:52:26.4,2003-03-25,07:18:58,2452723.80484,30.05,1.12,V,K,1762.0,2137.0,2400.0,other/LOG_TAPES_9_3.csv,miniarchive,TAPES_9_3,Disk,YALE-03A-0001,,J16320-4751,True,IR
ir030324.0320.fits,J16320-4751,16:32:1.65,-47:52:29.7,2003-03-25,05:57:57,2452723.74858,30.04,1.3,V,K,1702.0,2137.0,2460.0,other/LOG_TAPES_9_3.csv,miniarchive,TAPES_9_3,Disk,YALE-03A-0001,,J16320-4751,True,IR
ir030324.0390.fits,J16320-4751,16:32:1.91,-47:52:26.8,2003-03-25,07:18:06,2452723.80424,30.04,1.13,V,K,1732.0,2107.0,2460.0,other/LOG_TAPES_9_3.csv,miniarchive,TAPES_9_3,Disk,YALE-03A-0001,,J16320-4751,True,IR
ir030324.0389.fits,J16320-4751,16:32:1.89,-47:52:27.1,2003-03-25,07:17:14,2452723.80364,30.04,1.13,V,K,1762.0,2107.0,2430.0,other/LOG_TAPES_9_3.csv,miniarchive,TAPES_9_3,Disk,YALE-03A-0001,,J16320-4751,True,IR
ir030324.0388.fits,J16320-4751,16:32:1.85,-47:52:27.1,2003-03-25,07:16:21,2452723.80303,30.04,1.13,V,K,1702.0,2137.0,2460.0,other/LOG_TAPES_9_3.csv,miniarchive,TAPES_9_3,Disk,YALE-03A-0001,,J16320-4751,True,IR
ir030324.0387.fits,J16320-4751,16:32:1.80,-47:52:27.8,2003-03-25,07:15:28,2452723.80242,30.05,1.13,V,K,1732.0,2167.0,2400.0,other/LOG_TAPES_9_3.csv,miniarchive,TAPES_9_3,Disk,YALE-03A-0001,,J16320-4751,True,IR
ir030324.0386.fits,J16320-4751,16:32:1.74,-47:52:28.2,2003-03-25,07:14:36,2452723.80182,30.05,1.13,V,K,1732.0,2137.0,2430.0,other/LOG_TAPES_9_3.csv,miniarchive,TAPES_9_3,Disk,YALE-03A-0001,,J16320-4751,True,IR
ir030324.0327.fits,J16320-4751,16:32:1.54,-47:52:30.0,2003-03-25,06:04:04,2452723.75283,30.04,1.29,V,K,1702.0,2137.0,2460.0,other/LOG_TAPES_9_3.csv,miniarchive,TAPES_9_3,Disk,YALE-03A-0001,,J16320-4751,True,IR
ir030324.0326.fits,J16320-4751,16:32:1.57,-47:52:29.9,2003-03-25,06:03:11,2452723.75222,30.04,1.29,V,K,1732.0,2167.0,2400.0,other/LOG_TAPES_9_3.csv,miniarchive,TAPES_9_3,Disk,YALE-03A-0001,,J16320-4751,True,IR
ir030324.0325.fits,J16320-4751,16:32:1.59,-47:52:29.7,2003-03-25,06:02:19,2452723.75161,30.05,1.29,V,K,1732.0,2137.0,2430.0,other/LOG_TAPES_9_3.csv,miniarchive,TAPES_9_3,Disk,YALE-03A-0001,,J16320-4751,True,IR
ir030324.0324.fits,J16320-4751,16:32:1.61,-47:52:29.8,2003-03-25,06:01:27,2452723.75101,30.04,1.29,V,K,1702.0,2167.0,2430.0,other/LOG_TAPES_9_3.csv,miniarchive,TAPES_9_3,Disk,YALE-03A-0001,,J16320-4751,True,IR
ir030324.0323.fits,J16320-4751,16:32:1.62,-47:52:29.8,2003-03-25,06:00:34,2452723.7504,30.04,1.3,V,K,1762.0,2137.0,2400.0,other/LOG_TAPES_9_3.csv,miniarchive,TAPES_9_3,Disk,YALE-03A-0001,,J16320-4751,True,IR
ir030324.0322.fits,J16320-4751,16:32:1.63,-47:52:29.8,2003-03-25,05:59:42,2452723.74979,30.05,1.3,V,K,1732.0,2107.0,2460.0,other/LOG_TAPES_9_3.csv,miniarchive,TAPES_9_3,Disk,YALE-03A-0001,,J16320-4751,True,IR
ir030324.0318.fits,J16320-4751,16:32:1.71,-47:52:29.3,2003-03-25,05:56:12,2452723.74737,30.04,1.31,V,K,1732.0,2137.0,2430.0,other/LOG_TAPES_9_3.csv,miniarchive,TAPES_9_3,Disk,YALE-03A-0001,,J16320-4751,True,IR
ir030324.0444.fits,J16320-4751,16:32:1.76,-47:52:27.9,2003-03-25,08:28:52,2452723.85339,30.04,1.06,I,K,1702.0,2137.0,2460.0,other/LOG_TAPES_9_3.csv,miniarchive,TAPES_9_3,Disk,YALE-03A-0001,,J16320-4751,True,IR
ir030324.0321.fits,J16320-4751,16:32:1.61,-47:52:29.9,2003-03-25,05:58:49,2452723.74919,30.05,1.3,V,K,1762.0,2107.0,2430.0,other/LOG_TAPES_9_3.csv,miniarchive,TAPES_9_3,Disk,YALE-03A-0001,,J16320-4751,True,IR
ir030324.0395.fits,J16320-4751,16:32:2.11,-47:52:25.9,2003-03-25,07:22:27,2452723.80727,30.04,1.12,V,K,1702.0,2137.0,2460.0,other/LOG_TAPES_9_3.csv,miniarchive,TAPES_9_3,Disk,YALE-03A-0001,,J16320-4751,True,IR
ir030324.0436.fits,J16320-4751,16:32:1.70,-47:52:28.1,2003-03-25,08:21:53,2452723.84853,30.04,1.06,I,K,1732.0,2167.0,2400.0,other/LOG_TAPES_9_3.csv,miniarchive,TAPES_9_3,Disk,YALE-03A-0001,,J16320-4751,True,IR
ir030324.0437.fits,J16320-4751,16:32:1.71,-47:52:28.0,2003-03-25,08:22:46,2452723.84914,30.04,1.06,I,K,1702.0,2137.0,2460.0,other/LOG_TAPES_9_3.csv,miniarchive,TAPES_9_3,Disk,YALE-03A-0001,,J16320-4751,True,IR
ir030324.0319.fits,J16320-4751,16:32:1.70,-47:52:29.7,2003-03-25,05:57:04,2452723.74797,30.05,1.31,V,K,1732.0,2167.0,2400.0,other/LOG_TAPES_9_3.csv,miniarchive,TAPES_9_3,Disk,YALE-03A-0001,,J16320-4751,True,IR
ir030324.0392.fits,J16320-4751,16:32:2.00,-47:52:26.3,2003-03-25,07:19:51,2452723.80545,30.04,1.12,V,K,1702.0,2167.0,2430.0,other/LOG_TAPES_9_3.csv,miniarchive,TAPES_9_3,Disk,YALE-03A-0001,,J16320-4751,True,IR
ir030324.0443.fits,J16320-4751,16:32:1.74,-47:52:27.9,2003-03-25,08:27:59,2452723.85277,30.05,1.06,I,K,1732.0,2167.0,2400.0,other/LOG_TAPES_9_3.csv,miniarchive,TAPES_9_3,Disk,YALE-03A-0001,,J16320-4751,True,IR
ir030324.0442.fits,J16320-4751,16:32:1.75,-47:52:28.0,2003-03-25,08:27:07,2452723.85217,30.05,1.06,I,K,1732.0,2137.0,2430.0,other/LOG_TAPES_9_3.csv,miniarchive,TAPES_9_3,Disk,YALE-03A-0001,,J16320-4751,True,IR
ir030324.0441.fits,J16320-4751,16:32:1.73,-47:52:28.0,2003-03-25,08:26:15,2452723.85157,30.04,1.06,I,K,1702.0,2167.0,2430.0,other/LOG_TAPES_9_3.csv,miniarchive,TAPES_9_3,Disk,YALE-03A-0001,,J16320-4751,True,IR
ir030324.0440.fits,J16320-4751,16:32:1.73,-47:52:27.9,2003-03-25,08:25:23,2452723.85097,30.04,1.06,I,K,1762.0,2137.0,2400.0,other/LOG_TAPES_9_3.csv,miniarchive,TAPES_9_3,Disk,YALE-03A-0001,,J16320-4751,True,IR
ir030324.0439.fits,J16320-4751,16:32:1.72,-47:52:27.9,2003-03-25,08:24:31,2452723.85036,30.04,1.06,I,K,1732.0,2107.0,2460.0,other/LOG_TAPES_9_3.csv,miniarchive,TAPES_9_3,Disk,YALE-03A-0001,,J16320-4751,True,IR
ir030324.0438.fits,J16320-4751,16:32:1.72,-47:52:27.8,2003-03-25,08:23:39,2452723.84976,30.05,1.06,I,K,1762.0,2107.0,2430.0,other/LOG_TAPES_9_3.csv,miniarchive,TAPES_9_3,Disk,YALE-03A-0001,,J16320-4751,True,IR
ir030328.0392.fits,J16320-4751,16:32:1.69,-47:52:28.3,2003-03-29,09:16:50,2452727.88669,30.04,1.06,I,K,1762.0,2137.0,2400.0,other/LOG_TAPES_9_3.csv,miniarchive,TAPES_9_3,Disk,YALE-03A-0001,,J16320-4751,True,IR
ir030328.0391.fits,J16320-4751,16:32:1.68,-47:52:28.4,2003-03-29,09:15:56,2452727.88607,30.05,1.05,I,K,1732.0,2107.0,2460.0,other/LOG_TAPES_9_3.csv,miniarchive,TAPES_9_3,Disk,YALE-03A-0001,,J16320-4751,True,IR
ir030328.0393.fits,J16320-4751,16:32:1.70,-47:52:28.3,2003-03-29,09:17:43,2452727.88731,30.04,1.06,I,K,1702.0,2167.0,2430.0,other/LOG_TAPES_9_3.csv,miniarchive,TAPES_9_3,Disk,YALE-03A-0001,,J16320-4751,True,IR
ir030328.0394.fits,J16320-4751,16:32:1.71,-47:52:28.4,2003-03-29,09:18:35,2452727.88791,30.04,1.06,I,K,1732.0,2137.0,2430.0,other/LOG_TAPES_9_3.csv,miniarchive,TAPES_9_3,Disk,YALE-03A-0001,,J16320-4751,True,IR
ir030328.0364.fits,J16320-4751,16:32:1.70,-47:52:29.2,2003-03-29,07:42:41,2452727.82131,30.05,1.08,I,K,1702.0,2137.0,2460.0,other/LOG_TAPES_9_3.csv,miniarchive,TAPES_9_3,Disk,YALE-03A-0001,,J16320-4751,True,IR
ir030328.0362.fits,J16320-4751,16:32:1.74,-47:52:29.1,2003-03-29,07:40:56,2452727.82009,30.04,1.08,I,K,1732.0,2137.0,2430.0,other/LOG_TAPES_9_3.csv,miniarchive,TAPES_9_3,Disk,YALE-03A-0001,,J16320-4751,True,IR
ir030328.0363.fits,J16320-4751,16:32:1.71,-47:52:29.1,2003-03-29,07:41:48,2452727.82069,30.05,1.08,I,K,1732.0,2167.0,2400.0,other/LOG_TAPES_9_3.csv,miniarchive,TAPES_9_3,Disk,YALE-03A-0001,,J16320-4751,True,IR
ir030328.0365.fits,J16320-4751,16:32:1.72,-47:52:29.3,2003-03-29,07:43:34,2452727.82193,30.05,1.08,I,K,1762.0,2107.0,2430.0,other/LOG_TAPES_9_3.csv,miniarchive,TAPES_9_3,Disk,YALE-03A-0001,,J16320-4751,True,IR
ir030328.0366.fits,J16320-4751,16:32:1.73,-47:52:29.5,2003-03-29,07:44:26,2452727.82253,30.04,1.08,I,K,1732.0,2107.0,2460.0,other/LOG_TAPES_9_3.csv,miniarchive,TAPES_9_3,Disk,YALE-03A-0001,,J16320-4751,True,IR
ir030328.0367.fits,J16320-4751,16:32:1.74,-47:52:29.3,2003-03-29,07:45:19,2452727.82314,30.04,1.08,I,K,1762.0,2137.0,2400.0,other/LOG_TAPES_9_3.csv,miniarchive,TAPES_9_3,Disk,YALE-03A-0001,,J16320-4751,True,IR
ir030328.0368.fits,J16320-4751,16:32:1.77,-47:52:29.5,2003-03-29,07:46:12,2452727.82376,30.04,1.08,I,K,1702.0,2167.0,2430.0,other/LOG_TAPES_9_3.csv,miniarchive,TAPES_9_3,Disk,YALE-03A-0001,,J16320-4751,True,IR
ir030328.0369.fits,J16320-4751,16:32:1.76,-47:52:29.5,2003-03-29,07:47:04,2452727.82436,30.05,1.08,I,K,1732.0,2137.0,2430.0,other/LOG_TAPES_9_3.csv,miniarchive,TAPES_9_3,Disk,YALE-03A-0001,,J16320-4751,True,IR
ir030328.0370.fits,J16320-4751,16:32:1.76,-47:52:29.6,2003-03-29,07:47:56,2452727.82496,30.05,1.07,I,K,1732.0,2167.0,2400.0,other/LOG_TAPES_9_3.csv,miniarchive,TAPES_9_3,Disk,YALE-03A-0001,,J16320-4751,True,IR
ir030328.0371.fits,J16320-4751,16:32:1.76,-47:52:29.6,2003-03-29,07:48:49,2452727.82557,30.05,1.07,I,K,1702.0,2137.0,2460.0,other/LOG_TAPES_9_3.csv,miniarchive,TAPES_9_3,Disk,YALE-03A-0001,,J16320-4751,True,IR
ir030328.0388.fits,J16320-4751,16:32:1.71,-47:52:28.6,2003-03-29,09:13:18,2452727.88424,30.05,1.05,I,K,1732.0,2167.0,2400.0,other/LOG_TAPES_9_3.csv,miniarchive,TAPES_9_3,Disk,YALE-03A-0001,,J16320-4751,True,IR
ir030328.0387.fits,J16320-4751,16:32:1.73,-47:52:28.6,2003-03-29,09:12:26,2452727.88363,30.05,1.05,I,K,1732.0,2137.0,2430.0,other/LOG_TAPES_9_3.csv,miniarchive,TAPES_9_3,Disk,YALE-03A-0001,,J16320-4751,True,IR
ir030328.0389.fits,J16320-4751,16:32:1.68,-47:52:28.6,2003-03-29,09:14:11,2452727.88485,30.05,1.05,I,K,1702.0,2137.0,2460.0,other/LOG_TAPES_9_3.csv,miniarchive,TAPES_9_3,Disk,YALE-03A-0001,,J16320-4751,True,IR
ir030328.0395.fits,J16320-4751,16:32:1.73,-47:52:28.3,2003-03-29,09:19:27,2452727.88851,30.04,1.06,I,K,1732.0,2167.0,2400.0,other/LOG_TAPES_9_3.csv,miniarchive,TAPES_9_3,Disk,YALE-03A-0001,,J16320-4751,True,IR
ir030328.0390.fits,J16320-4751,16:32:1.68,-47:52:28.4,2003-03-29,09:15:04,2452727.88547,30.04,1.05,I,K,1762.0,2107.0,2430.0,other/LOG_TAPES_9_3.csv,miniarchive,TAPES_9_3,Disk,YALE-03A-0001,,J16320-4751,True,IR
ir030328.0396.fits,J16320-4751,16:32:1.75,-47:52:28.4,2003-03-29,09:20:19,2452727.88912,30.04,1.06,I,K,1702.0,2137.0,2460.0,other/LOG_TAPES_9_3.csv,miniarchive,TAPES_9_3,Disk,YALE-03A-0001,,J16320-4751,True,IR
ir030326.0433.fits,J16320-4751,16:32:1.81,-47:52:28.7,2003-03-27,08:26:48,2452725.85195,30.05,1.06,I,K,1732.0,2167.0,2400.0,other/LOG_TAPES_9_3.csv,miniarchive,TAPES_9_3,Disk,YALE-03A-0001,,J16320-4751,True,IR
ir030326.0387.fits,J16320-4751,16:32:1.78,-47:52:28.7,2003-03-27,07:22:01,2452725.80696,30.05,1.11,V,K,1762.0,2107.0,2430.0,other/LOG_TAPES_9_3.csv,miniarchive,TAPES_9_3,Disk,YALE-03A-0001,,J16320-4751,True,IR
ir030326.0391.fits,J16320-4751,16:32:1.81,-47:52:28.1,2003-03-27,07:25:31,2452725.80939,30.05,1.11,V,K,1732.0,2137.0,2430.0,other/LOG_TAPES_9_3.csv,miniarchive,TAPES_9_3,Disk,YALE-03A-0001,,J16320-4751,True,IR
ir030326.0385.fits,J16320-4751,16:32:1.77,-47:52:28.8,2003-03-27,07:20:15,2452725.80574,30.05,1.11,V,K,1732.0,2167.0,2400.0,other/LOG_TAPES_9_3.csv,miniarchive,TAPES_9_3,Disk,YALE-03A-0001,,J16320-4751,True,IR
ir030326.0316.fits,J16320-4751,16:32:1.68,-47:52:29.1,2003-03-27,06:11:11,2452725.75777,30.05,1.24,I,K,1702.0,2137.0,2460.0,other/LOG_TAPES_9_3.csv,miniarchive,TAPES_9_3,Disk,YALE-03A-0001,,J16320-4751,True,IR
ir030326.0384.fits,J16320-4751,16:32:1.75,-47:52:28.9,2003-03-27,07:19:23,2452725.80514,30.05,1.11,V,K,1732.0,2137.0,2430.0,other/LOG_TAPES_9_3.csv,miniarchive,TAPES_9_3,Disk,YALE-03A-0001,,J16320-4751,True,IR
ir030326.0314.fits,J16320-4751,16:32:1.71,-47:52:29.0,2003-03-27,06:09:26,2452725.75656,30.05,1.25,I,K,1732.0,2137.0,2430.0,other/LOG_TAPES_9_3.csv,miniarchive,TAPES_9_3,Disk,YALE-03A-0001,,J16320-4751,True,IR
ir030326.0315.fits,J16320-4751,16:32:1.70,-47:52:29.1,2003-03-27,06:10:18,2452725.75716,30.04,1.25,I,K,1732.0,2167.0,2400.0,other/LOG_TAPES_9_3.csv,miniarchive,TAPES_9_3,Disk,YALE-03A-0001,,J16320-4751,True,IR
ir030326.0317.fits,J16320-4751,16:32:1.68,-47:52:29.0,2003-03-27,06:12:03,2452725.75838,30.04,1.24,I,K,1762.0,2107.0,2430.0,other/LOG_TAPES_9_3.csv,miniarchive,TAPES_9_3,Disk,YALE-03A-0001,,J16320-4751,True,IR
ir030326.0319.fits,J16320-4751,16:32:1.68,-47:52:28.8,2003-03-27,06:13:48,2452725.75959,30.04,1.24,I,K,1762.0,2137.0,2400.0,other/LOG_TAPES_9_3.csv,miniarchive,TAPES_9_3,Disk,YALE-03A-0001,,J16320-4751,True,IR
ir030326.0320.fits,J16320-4751,16:32:1.69,-47:52:28.9,2003-03-27,06:14:41,2452725.7602,30.04,1.24,I,K,1702.0,2167.0,2430.0,other/LOG_TAPES_9_3.csv,miniarchive,TAPES_9_3,Disk,YALE-03A-0001,,J16320-4751,True,IR
ir030326.0321.fits,J16320-4751,16:32:1.64,-47:52:28.8,2003-03-27,06:15:33,2452725.7608,30.05,1.23,I,K,1732.0,2137.0,2430.0,other/LOG_TAPES_9_3.csv,miniarchive,TAPES_9_3,Disk,YALE-03A-0001,,J16320-4751,True,IR
ir030326.0322.fits,J16320-4751,16:32:1.63,-47:52:29.2,2003-03-27,06:16:25,2452725.7614,30.04,1.23,I,K,1732.0,2167.0,2400.0,other/LOG_TAPES_9_3.csv,miniarchive,TAPES_9_3,Disk,YALE-03A-0001,,J16320-4751,True,IR
ir030326.0323.fits,J16320-4751,16:32:1.63,-47:52:28.7,2003-03-27,06:17:17,2452725.76201,30.04,1.23,I,K,1702.0,2137.0,2460.0,other/LOG_TAPES_9_3.csv,miniarchive,TAPES_9_3,Disk,YALE-03A-0001,,J16320-4751,True,IR
ir030326.0318.fits,J16320-4751,16:32:1.68,-47:52:29.0,2003-03-27,06:12:55,2452725.75898,30.05,1.24,I,K,1732.0,2107.0,2460.0,other/LOG_TAPES_9_3.csv,miniarchive,TAPES_9_3,Disk,YALE-03A-0001,,J16320-4751,True,IR
ir030326.0434.fits,J16320-4751,16:32:1.82,-47:52:28.7,2003-03-27,08:27:41,2452725.85257,30.05,1.06,I,K,1702.0,2137.0,2460.0,other/LOG_TAPES_9_3.csv,miniarchive,TAPES_9_3,Disk,YALE-03A-0001,,J16320-4751,True,IR
ir030326.0432.fits,J16320-4751,16:32:1.80,-47:52:28.7,2003-03-27,08:25:56,2452725.85135,30.04,1.06,I,K,1732.0,2137.0,2430.0,other/LOG_TAPES_9_3.csv,miniarchive,TAPES_9_3,Disk,YALE-03A-0001,,J16320-4751,True,IR
ir030326.0431.fits,J16320-4751,16:32:1.79,-47:52:28.6,2003-03-27,08:25:04,2452725.85074,30.04,1.06,I,K,1702.0,2167.0,2430.0,other/LOG_TAPES_9_3.csv,miniarchive,TAPES_9_3,Disk,YALE-03A-0001,,J16320-4751,True,IR
ir030326.0386.fits,J16320-4751,16:32:1.78,-47:52:28.9,2003-03-27,07:21:08,2452725.80635,30.05,1.11,V,K,1702.0,2137.0,2460.0,other/LOG_TAPES_9_3.csv,miniarchive,TAPES_9_3,Disk,YALE-03A-0001,,J16320-4751,True,IR
ir030326.0388.fits,J16320-4751,16:32:1.82,-47:52:28.6,2003-03-27,07:22:54,2452725.80757,30.04,1.11,V,K,1732.0,2107.0,2460.0,other/LOG_TAPES_9_3.csv,miniarchive,TAPES_9_3,Disk,YALE-03A-0001,,J16320-4751,True,IR
ir030326.0389.fits,J16320-4751,16:32:1.82,-47:52:28.5,2003-03-27,07:23:46,2452725.80817,30.04,1.11,V,K,1762.0,2137.0,2400.0,other/LOG_TAPES_9_3.csv,miniarchive,TAPES_9_3,Disk,YALE-03A-0001,,J16320-4751,True,IR
ir030326.0390.fits,J16320-4751,16:32:1.82,-47:52:28.3,2003-03-27,07:24:39,2452725.80878,30.04,1.11,V,K,1702.0,2167.0,2430.0,other/LOG_TAPES_9_3.csv,miniarchive,TAPES_9_3,Disk,YALE-03A-0001,,J16320-4751,True,IR
ir030326.0392.fits,J16320-4751,16:32:1.82,-47:52:28.3,2003-03-27,07:26:23,2452725.80999,30.04,1.1,V,K,1732.0,2167.0,2400.0,other/LOG_TAPES_9_3.csv,miniarchive,TAPES_9_3,Disk,YALE-03A-0001,,J16320-4751,True,IR
ir030326.0393.fits,J16320-4751,16:32:1.81,-47:52:28.0,2003-03-27,07:27:16,2452725.8106,30.04,1.1,V,K,1702.0,2137.0,2460.0,other/LOG_TAPES_9_3.csv,miniarchive,TAPES_9_3,Disk,YALE-03A-0001,,J16320-4751,True,IR
ir030326.0425.fits,J16320-4751,16:32:1.74,-47:52:29.1,2003-03-27,08:19:48,2452725.84709,30.04,1.06,I,K,1732.0,2137.0,2430.0,other/LOG_TAPES_9_3.csv,miniarchive,TAPES_9_3,Disk,YALE-03A-0001,,J16320-4751,True,IR
ir030326.0426.fits,J16320-4751,16:32:1.74,-47:52:28.9,2003-03-27,08:20:40,2452725.84769,30.04,1.06,I,K,1732.0,2167.0,2400.0,other/LOG_TAPES_9_3.csv,miniarchive,TAPES_9_3,Disk,YALE-03A-0001,,J16320-4751,True,IR
ir030326.0427.fits,J16320-4751,16:32:1.75,-47:52:28.8,2003-03-27,08:21:33,2452725.8483,30.04,1.06,I,K,1702.0,2137.0,2460.0,other/LOG_TAPES_9_3.csv,miniarchive,TAPES_9_3,Disk,YALE-03A-0001,,J16320-4751,True,IR
ir030326.0428.fits,J16320-4751,16:32:1.75,-47:52:28.8,2003-03-27,08:22:26,2452725.84892,30.04,1.06,I,K,1762.0,2107.0,2430.0,other/LOG_TAPES_9_3.csv,miniarchive,TAPES_9_3,Disk,YALE-03A-0001,,J16320-4751,True,IR
ir030326.0429.fits,J16320-4751,16:32:1.77,-47:52:28.7,2003-03-27,08:23:18,2452725.84952,30.04,1.06,I,K,1732.0,2107.0,2460.0,other/LOG_TAPES_9_3.csv,miniarchive,TAPES_9_3,Disk,YALE-03A-0001,,J16320-4751,True,IR
ir030326.0430.fits,J16320-4751,16:32:1.78,-47:52:28.7,2003-03-27,08:24:11,2452725.85013,30.05,1.06,I,K,1762.0,2137.0,2400.0,other/LOG_TAPES_9_3.csv,miniarchive,TAPES_9_3,Disk,YALE-03A-0001,,J16320-4751,True,IR
ir030407.0449.fits,J16320-4751,16:32:1.71,-47:52:26.8,2003-04-08,06:49:02,2452737.78406,30.05,1.09,I,K,1762.0,2137.0,2400.0,other/LOG_TAPES_9_3.csv,miniarchive,TAPES_9_3,Disk,YALE-03A-0001,,J16320-4751,True,IR
ir030408.0247.fits,J16320-4751,16:32:1.80,-47:52:28.7,2003-04-09,07:06:35,2452738.79625,30.05,1.07,V,K,1732.0,2167.0,2400.0,other/LOG_TAPES_9_3.csv,miniarchive,TAPES_9_3,Disk,YALE-03A-0001,,J16320-4751,True,IR
ir030408.0248.fits,J16320-4751,16:32:1.81,-47:52:28.4,2003-04-09,07:07:28,2452738.79686,30.04,1.07,V,K,1702.0,2137.0,2460.0,other/LOG_TAPES_9_3.csv,miniarchive,TAPES_9_3,Disk,YALE-03A-0001,,J16320-4751,True,IR
ir030407.0453.fits,J16320-4751,16:32:1.68,-47:52:26.4,2003-04-08,06:52:31,2452737.78648,30.04,1.09,I,K,1702.0,2137.0,2460.0,other/LOG_TAPES_9_3.csv,miniarchive,TAPES_9_3,Disk,YALE-03A-0001,,J16320-4751,True,IR
ir030407.0452.fits,J16320-4751,16:32:1.70,-47:52:26.6,2003-04-08,06:51:39,2452737.78587,30.04,1.09,I,K,1732.0,2167.0,2400.0,other/LOG_TAPES_9_3.csv,miniarchive,TAPES_9_3,Disk,YALE-03A-0001,,J16320-4751,True,IR
ir030407.0451.fits,J16320-4751,16:32:1.71,-47:52:26.6,2003-04-08,06:50:47,2452737.78527,30.05,1.09,I,K,1732.0,2137.0,2430.0,other/LOG_TAPES_9_3.csv,miniarchive,TAPES_9_3,Disk,YALE-03A-0001,,J16320-4751,True,IR
ir030407.0448.fits,J16320-4751,16:32:1.72,-47:52:27.0,2003-04-08,06:48:09,2452737.78345,30.04,1.09,I,K,1732.0,2107.0,2460.0,other/LOG_TAPES_9_3.csv,miniarchive,TAPES_9_3,Disk,YALE-03A-0001,,J16320-4751,True,IR
ir030407.0447.fits,J16320-4751,16:32:1.72,-47:52:27.1,2003-04-08,06:47:18,2452737.78285,30.04,1.09,I,K,1762.0,2107.0,2430.0,other/LOG_TAPES_9_3.csv,miniarchive,TAPES_9_3,Disk,YALE-03A-0001,,J16320-4751,True,IR
ir030407.0445.fits,J16320-4751,16:32:1.70,-47:52:28.0,2003-04-08,06:45:32,2452737.78163,30.04,1.1,I,K,1732.0,2167.0,2400.0,other/LOG_TAPES_9_3.csv,miniarchive,TAPES_9_3,Disk,YALE-03A-0001,,J16320-4751,True,IR
ir030407.0444.fits,J16320-4751,16:32:1.74,-47:52:28.5,2003-04-08,06:44:40,2452737.78103,30.05,1.1,I,K,1732.0,2137.0,2430.0,other/LOG_TAPES_9_3.csv,miniarchive,TAPES_9_3,Disk,YALE-03A-0001,,J16320-4751,True,IR
ir030407.0446.fits,J16320-4751,16:32:1.72,-47:52:27.5,2003-04-08,06:46:25,2452737.78224,30.04,1.1,I,K,1702.0,2137.0,2460.0,other/LOG_TAPES_9_3.csv,miniarchive,TAPES_9_3,Disk,YALE-03A-0001,,J16320-4751,True,IR
ir030408.0246.fits,J16320-4751,16:32:1.77,-47:52:28.8,2003-04-09,07:05:43,2452738.79564,30.05,1.07,V,K,1732.0,2137.0,2430.0,other/LOG_TAPES_9_3.csv,miniarchive,TAPES_9_3,Disk,YALE-03A-0001,,J16320-4751,True,IR
ir030408.0250.fits,J16320-4751,16:32:1.86,-47:52:28.2,2003-04-09,07:09:13,2452738.79807,30.04,1.07,V,K,1732.0,2107.0,2460.0,other/LOG_TAPES_9_3.csv,miniarchive,TAPES_9_3,Disk,YALE-03A-0001,,J16320-4751,True,IR
ir030408.0249.fits,J16320-4751,16:32:1.84,-47:52:28.3,2003-04-09,07:08:21,2452738.79747,30.04,1.07,V,K,1762.0,2107.0,2430.0,other/LOG_TAPES_9_3.csv,miniarchive,TAPES_9_3,Disk,YALE-03A-0001,,J16320-4751,True,IR
ir030408.0251.fits,J16320-4751,16:32:1.86,-47:52:28.2,2003-04-09,07:10:06,2452738.79869,30.04,1.07,V,K,1762.0,2137.0,2400.0,other/LOG_TAPES_9_3.csv,miniarchive,TAPES_9_3,Disk,YALE-03A-0001,,J16320-4751,True,IR
ir030408.0252.fits,J16320-4751,16:32:1.87,-47:52:28.2,2003-04-09,07:10:59,2452738.7993,30.04,1.07,V,K,1702.0,2167.0,2430.0,other/LOG_TAPES_9_3.csv,miniarchive,TAPES_9_3,Disk,YALE-03A-0001,,J16320-4751,True,IR
ir030408.0253.fits,J16320-4751,16:32:1.89,-47:52:28.3,2003-04-09,07:11:51,2452738.7999,30.04,1.07,V,K,1732.0,2137.0,2430.0,other/LOG_TAPES_9_3.csv,miniarchive,TAPES_9_3,Disk,YALE-03A-0001,,J16320-4751,True,IR
ir030408.0254.fits,J16320-4751,16:32:1.92,-47:52:28.1,2003-04-09,07:12:43,2452738.80051,30.04,1.07,V,K,1732.0,2167.0,2400.0,other/LOG_TAPES_9_3.csv,miniarchive,TAPES_9_3,Disk,YALE-03A-0001,,J16320-4751,True,IR
ir030408.0255.fits,J16320-4751,16:32:1.95,-47:52:28.1,2003-04-09,07:13:36,2452738.80112,30.05,1.07,V,K,1702.0,2137.0,2460.0,other/LOG_TAPES_9_3.csv,miniarchive,TAPES_9_3,Disk,YALE-03A-0001,,J16320-4751,True,IR
ir030407.0450.fits,J16320-4751,16:32:1.71,-47:52:26.7,2003-04-08,06:49:55,2452737.78467,30.04,1.09,I,K,1702.0,2167.0,2430.0,other/LOG_TAPES_9_3.csv,miniarchive,TAPES_9_3,Disk,YALE-03A-0001,,J16320-4751,True,IR
ir030406.0201.fits,J16320-4751,16:32:1.87,-47:52:29.2,2003-04-07,07:37:42,2452736.81785,30.04,1.06,I,K,1732.0,2137.0,2430.0,other/LOG_TAPES_9_3.csv,miniarchive,TAPES_9_3,Disk,YALE-03A-0001,,J16320-4751,True,IR
ir030406.0202.fits,J16320-4751,16:32:1.88,-47:52:29.3,2003-04-07,07:38:34,2452736.81846,30.04,1.06,I,K,1732.0,2167.0,2400.0,other/LOG_TAPES_9_3.csv,miniarchive,TAPES_9_3,Disk,YALE-03A-0001,,J16320-4751,True,IR
ir030406.0203.fits,J16320-4751,16:32:1.90,-47:52:29.4,2003-04-07,07:39:27,2452736.81906,30.04,1.06,I,K,1702.0,2137.0,2460.0,other/LOG_TAPES_9_3.csv,miniarchive,TAPES_9_3,Disk,YALE-03A-0001,,J16320-4751,True,IR
ir030406.0200.fits,J16320-4751,16:32:1.84,-47:52:29.2,2003-04-07,07:36:50,2452736.81725,30.05,1.06,I,K,1702.0,2167.0,2430.0,other/LOG_TAPES_9_3.csv,miniarchive,TAPES_9_3,Disk,YALE-03A-0001,,J16320-4751,True,IR
ir030406.0194.fits,J16320-4751,16:32:1.74,-47:52:28.8,2003-04-07,07:31:34,2452736.8136,30.04,1.06,I,K,1732.0,2137.0,2430.0,other/LOG_TAPES_9_3.csv,miniarchive,TAPES_9_3,Disk,YALE-03A-0001,,J16320-4751,True,IR
ir030406.0199.fits,J16320-4751,16:32:1.82,-47:52:29.1,2003-04-07,07:35:57,2452736.81664,30.05,1.06,I,K,1762.0,2137.0,2400.0,other/LOG_TAPES_9_3.csv,miniarchive,TAPES_9_3,Disk,YALE-03A-0001,,J16320-4751,True,IR
ir030406.0196.fits,J16320-4751,16:32:1.79,-47:52:29.1,2003-04-07,07:33:19,2452736.81481,30.04,1.06,I,K,1702.0,2137.0,2460.0,other/LOG_TAPES_9_3.csv,miniarchive,TAPES_9_3,Disk,YALE-03A-0001,,J16320-4751,True,IR
ir030406.0197.fits,J16320-4751,16:32:1.80,-47:52:29.2,2003-04-07,07:34:12,2452736.81542,30.04,1.06,I,K,1762.0,2107.0,2430.0,other/LOG_TAPES_9_3.csv,miniarchive,TAPES_9_3,Disk,YALE-03A-0001,,J16320-4751,True,IR
ir030406.0198.fits,J16320-4751,16:32:1.82,-47:52:29.2,2003-04-07,07:35:04,2452736.81602,30.04,1.06,I,K,1732.0,2107.0,2460.0,other/LOG_TAPES_9_3.csv,miniarchive,TAPES_9_3,Disk,YALE-03A-0001,,J16320-4751,True,IR
ir030410.0277.fits,J16320-4751,16:32:1.79,-47:52:28.8,2003-04-11,06:53:05,2452740.78687,30.05,1.08,V,K,1702.0,2137.0,2460.0,other/LOG_TAPES_9_3.csv,miniarchive,TAPES_9_3,Disk,YALE-03A-0001,,J16320-4751,True,IR
ir030410.0284.fits,J16320-4751,16:32:1.83,-47:52:29.0,2003-04-11,06:59:12,2452740.79111,30.04,1.07,V,K,1702.0,2137.0,2460.0,other/LOG_TAPES_9_3.csv,miniarchive,TAPES_9_3,Disk,YALE-03A-0001,,J16320-4751,True,IR
ir030410.0283.fits,J16320-4751,16:32:1.84,-47:52:29.0,2003-04-11,06:58:19,2452740.7905,30.04,1.07,V,K,1732.0,2167.0,2400.0,other/LOG_TAPES_9_3.csv,miniarchive,TAPES_9_3,Disk,YALE-03A-0001,,J16320-4751,True,IR
ir030410.0282.fits,J16320-4751,16:32:1.83,-47:52:29.1,2003-04-11,06:57:27,2452740.7899,30.04,1.07,V,K,1732.0,2137.0,2430.0,other/LOG_TAPES_9_3.csv,miniarchive,TAPES_9_3,Disk,YALE-03A-0001,,J16320-4751,True,IR
ir030410.0281.fits,J16320-4751,16:32:1.82,-47:52:29.0,2003-04-11,06:56:35,2452740.7893,30.05,1.08,V,K,1702.0,2167.0,2430.0,other/LOG_TAPES_9_3.csv,miniarchive,TAPES_9_3,Disk,YALE-03A-0001,,J16320-4751,True,IR
ir030410.0280.fits,J16320-4751,16:32:1.82,-47:52:29.0,2003-04-11,06:55:42,2452740.78869,30.04,1.08,V,K,1762.0,2137.0,2400.0,other/LOG_TAPES_9_3.csv,miniarchive,TAPES_9_3,Disk,YALE-03A-0001,,J16320-4751,True,IR
ir030410.0276.fits,J16320-4751,16:32:1.77,-47:52:28.8,2003-04-11,06:52:12,2452740.78626,30.05,1.08,V,K,1732.0,2167.0,2400.0,other/LOG_TAPES_9_3.csv,miniarchive,TAPES_9_3,Disk,YALE-03A-0001,,J16320-4751,True,IR
ir030410.0275.fits,J16320-4751,16:32:1.73,-47:52:28.7,2003-04-11,06:51:20,2452740.78566,30.04,1.08,V,K,1732.0,2137.0,2430.0,other/LOG_TAPES_9_3.csv,miniarchive,TAPES_9_3,Disk,YALE-03A-0001,,J16320-4751,True,IR
ir030409.0229.fits,J16320-4751,16:32:1.71,-47:52:28.6,2003-04-10,06:22:54,2452739.76591,30.04,1.11,I,K,1732.0,2157.0,2410.0,other/LOG_TAPES_9_3.csv,miniarchive,TAPES_9_3,Disk,YALE-03A-0001,,J16320-4751,True,IR
ir030409.0233.fits,J16320-4751,16:32:1.67,-47:52:28.2,2003-04-10,06:26:23,2452739.76833,30.04,1.11,I,K,1732.0,2127.0,2440.0,other/LOG_TAPES_9_3.csv,miniarchive,TAPES_9_3,Disk,YALE-03A-0001,,J16320-4751,True,IR
ir030409.0238.fits,J16320-4751,16:32:1.67,-47:52:28.3,2003-04-10,06:30:45,2452739.77136,30.04,1.1,I,K,1702.0,2157.0,2440.0,other/LOG_TAPES_9_3.csv,miniarchive,TAPES_9_3,Disk,YALE-03A-0001,,J16320-4751,True,IR
ir030409.0237.fits,J16320-4751,16:32:1.68,-47:52:28.3,2003-04-10,06:29:53,2452739.77075,30.04,1.11,I,K,1732.0,2187.0,2380.0,other/LOG_TAPES_9_3.csv,miniarchive,TAPES_9_3,Disk,YALE-03A-0001,,J16320-4751,True,IR
ir030409.0236.fits,J16320-4751,16:32:1.67,-47:52:28.3,2003-04-10,06:29:01,2452739.77015,30.04,1.11,I,K,1732.0,2157.0,2410.0,other/LOG_TAPES_9_3.csv,miniarchive,TAPES_9_3,Disk,YALE-03A-0001,,J16320-4751,True,IR
ir030409.0234.fits,J16320-4751,16:32:1.67,-47:52:28.2,2003-04-10,06:27:16,2452739.76894,30.04,1.11,I,K,1762.0,2157.0,2380.0,other/LOG_TAPES_9_3.csv,miniarchive,TAPES_9_3,Disk,YALE-03A-0001,,J16320-4751,True,IR
ir030409.0232.fits,J16320-4751,16:32:1.68,-47:52:28.2,2003-04-10,06:25:32,2452739.76773,30.05,1.11,I,K,1762.0,2127.0,2410.0,other/LOG_TAPES_9_3.csv,miniarchive,TAPES_9_3,Disk,YALE-03A-0001,,J16320-4751,True,IR
ir030409.0231.fits,J16320-4751,16:32:1.70,-47:52:28.3,2003-04-10,06:24:39,2452739.76712,30.05,1.11,I,K,1702.0,2157.0,2440.0,other/LOG_TAPES_9_3.csv,miniarchive,TAPES_9_3,Disk,YALE-03A-0001,,J16320-4751,True,IR
ir030409.0230.fits,J16320-4751,16:32:1.67,-47:52:28.3,2003-04-10,06:23:46,2452739.76651,30.05,1.11,I,K,1732.0,2187.0,2380.0,other/LOG_TAPES_9_3.csv,miniarchive,TAPES_9_3,Disk,YALE-03A-0001,,J16320-4751,True,IR
ir030409.0235.fits,J16320-4751,16:32:1.68,-47:52:28.2,2003-04-10,06:28:09,2452739.76955,30.04,1.11,I,K,1702.0,2187.0,2410.0,other/LOG_TAPES_9_3.csv,miniarchive,TAPES_9_3,Disk,YALE-03A-0001,,J16320-4751,True,IR
ir030410.0279.fits,J16320-4751,16:32:1.82,-47:52:29.1,2003-04-11,06:54:50,2452740.78808,30.05,1.08,V,K,1732.0,2107.0,2460.0,other/LOG_TAPES_9_3.csv,miniarchive,TAPES_9_3,Disk,YALE-03A-0001,,J16320-4751,True,IR
ir030410.0278.fits,J16320-4751,16:32:1.79,-47:52:29.0,2003-04-11,06:53:58,2452740.78748,30.05,1.08,V,K,1762.0,2107.0,2430.0,other/LOG_TAPES_9_3.csv,miniarchive,TAPES_9_3,Disk,YALE-03A-0001,,J16320-4751,True,IR
ir030406.0195.fits,J16320-4751,16:32:1.77,-47:52:28.9,2003-04-07,07:32:26,2452736.8142,30.04,1.06,I,K,1732.0,2167.0,2400.0,other/LOG_TAPES_9_3.csv,miniarchive,TAPES_9_3,Disk,YALE-03A-0001,,J16320-4751,True,IR
ir030402.0372.fits,J16320-4751,16:32:1.83,-47:52:27.9,2003-04-03,09:13:39,2452732.88448,30.04,1.06,V,K,1702.0,2137.0,2460.0,other/LOG_TAPES_9_3.csv,miniarchive,TAPES_9_3,Disk,YALE-03A-0001,,J16320-4751,True,IR
ir030402.0371.fits,J16320-4751,16:32:1.78,-47:52:28.1,2003-04-03,09:12:45,2452732.88386,30.05,1.06,V,K,1732.0,2167.0,2400.0,other/LOG_TAPES_9_3.csv,miniarchive,TAPES_9_3,Disk,YALE-03A-0001,,J16320-4751,True,IR
ir030402.0370.fits,J16320-4751,16:32:1.76,-47:52:28.5,2003-04-03,09:11:53,2452732.88326,30.05,1.06,V,K,1732.0,2137.0,2430.0,other/LOG_TAPES_9_3.csv,miniarchive,TAPES_9_3,Disk,YALE-03A-0001,,J16320-4751,True,IR
ir030402.0312.fits,J16320-4751,16:32:1.84,-47:52:29.2,2003-04-03,07:33:52,2452732.81519,30.05,1.07,V,K,1702.0,2137.0,2460.0,other/LOG_TAPES_9_3.csv,miniarchive,TAPES_9_3,Disk,YALE-03A-0001,,J16320-4751,True,IR
ir030402.0311.fits,J16320-4751,16:32:1.84,-47:52:29.3,2003-04-03,07:32:59,2452732.81458,30.04,1.07,V,K,1732.0,2167.0,2400.0,other/LOG_TAPES_9_3.csv,miniarchive,TAPES_9_3,Disk,YALE-03A-0001,,J16320-4751,True,IR
ir030402.0310.fits,J16320-4751,16:32:1.84,-47:52:29.1,2003-04-03,07:32:06,2452732.81396,30.05,1.07,V,K,1732.0,2137.0,2430.0,other/LOG_TAPES_9_3.csv,miniarchive,TAPES_9_3,Disk,YALE-03A-0001,,J16320-4751,True,IR
ir030402.0373.fits,J16320-4751,16:32:1.87,-47:52:27.6,2003-04-03,09:14:32,2452732.8851,30.04,1.06,V,K,1762.0,2107.0,2430.0,other/LOG_TAPES_9_3.csv,miniarchive,TAPES_9_3,Disk,YALE-03A-0001,,J16320-4751,True,IR
ir030402.0374.fits,J16320-4751,16:32:1.90,-47:52:27.3,2003-04-03,09:15:24,2452732.8857,30.04,1.06,V,K,1732.0,2107.0,2460.0,other/LOG_TAPES_9_3.csv,miniarchive,TAPES_9_3,Disk,YALE-03A-0001,,J16320-4751,True,IR
ir030402.0309.fits,J16320-4751,16:32:1.82,-47:52:29.2,2003-04-03,07:31:14,2452732.81336,30.05,1.07,V,K,1702.0,2167.0,2430.0,other/LOG_TAPES_9_3.csv,miniarchive,TAPES_9_3,Disk,YALE-03A-0001,,J16320-4751,True,IR
ir030402.0375.fits,J16320-4751,16:32:1.91,-47:52:27.2,2003-04-03,09:16:18,2452732.88632,30.05,1.06,V,K,1762.0,2137.0,2400.0,other/LOG_TAPES_9_3.csv,miniarchive,TAPES_9_3,Disk,YALE-03A-0001,,J16320-4751,True,IR
ir030402.0228.fits,J16320-4751,16:32:1.70,-47:52:28.4,2003-04-03,05:55:16,2452732.74672,30.04,1.22,V,K,1702.0,2137.0,2460.0,other/LOG_TAPES_9_3.csv,miniarchive,TAPES_9_3,Disk,YALE-03A-0001,,J16320-4751,True,IR
ir030402.0227.fits,J16320-4751,16:32:1.71,-47:52:28.5,2003-04-03,05:54:23,2452732.7461,30.05,1.22,V,K,1732.0,2167.0,2400.0,other/LOG_TAPES_9_3.csv,miniarchive,TAPES_9_3,Disk,YALE-03A-0001,,J16320-4751,True,IR
ir030402.0226.fits,J16320-4751,16:32:1.71,-47:52:29.0,2003-04-03,05:53:31,2452732.7455,30.05,1.22,V,K,1732.0,2137.0,2430.0,other/LOG_TAPES_9_3.csv,miniarchive,TAPES_9_3,Disk,YALE-03A-0001,,J16320-4751,True,IR
ir030402.0306.fits,J16320-4751,16:32:1.77,-47:52:29.1,2003-04-03,07:28:35,2452732.81153,30.05,1.07,V,K,1762.0,2107.0,2430.0,other/LOG_TAPES_9_3.csv,miniarchive,TAPES_9_3,Disk,YALE-03A-0001,,J16320-4751,True,IR
ir030402.0308.fits,J16320-4751,16:32:1.81,-47:52:29.0,2003-04-03,07:30:21,2452732.81274,30.04,1.07,V,K,1762.0,2137.0,2400.0,other/LOG_TAPES_9_3.csv,miniarchive,TAPES_9_3,Disk,YALE-03A-0001,,J16320-4751,True,IR
ir030402.0376.fits,J16320-4751,16:32:1.93,-47:52:26.9,2003-04-03,09:17:11,2452732.88694,30.04,1.06,V,K,1702.0,2167.0,2430.0,other/LOG_TAPES_9_3.csv,miniarchive,TAPES_9_3,Disk,YALE-03A-0001,,J16320-4751,True,IR
ir030402.0379.fits,J16320-4751,16:32:1.98,-47:52:26.1,2003-04-03,09:19:48,2452732.88876,30.04,1.07,V,K,1702.0,2137.0,2460.0,other/LOG_TAPES_9_3.csv,miniarchive,TAPES_9_3,Disk,YALE-03A-0001,,J16320-4751,True,IR
ir030402.0378.fits,J16320-4751,16:32:1.94,-47:52:26.4,2003-04-03,09:18:55,2452732.88814,30.04,1.07,V,K,1732.0,2167.0,2400.0,other/LOG_TAPES_9_3.csv,miniarchive,TAPES_9_3,Disk,YALE-03A-0001,,J16320-4751,True,IR
ir030402.0377.fits,J16320-4751,16:32:1.94,-47:52:26.6,2003-04-03,09:18:03,2452732.88754,30.05,1.06,V,K,1732.0,2137.0,2430.0,other/LOG_TAPES_9_3.csv,miniarchive,TAPES_9_3,Disk,YALE-03A-0001,,J16320-4751,True,IR
ir030401.0336.fits,J16320-4751,16:32:1.80,-47:52:28.2,2003-04-02,08:07:49,2452731.83877,30.05,1.06,I,K,1732.0,2137.0,2430.0,other/LOG_TAPES_9_3.csv,miniarchive,TAPES_9_3,Disk,YALE-03A-0001,,J16320-4751,True,IR
ir030401.0379.fits,J16320-4751,16:32:1.76,-47:52:28.0,2003-04-02,08:59:30,2452731.87466,30.04,1.05,I,K,1702.0,2137.0,2460.0,other/LOG_TAPES_9_3.csv,miniarchive,TAPES_9_3,Disk,YALE-03A-0001,,J16320-4751,True,IR
ir030401.0371.fits,J16320-4751,16:32:1.75,-47:52:28.4,2003-04-02,08:52:27,2452731.86976,30.05,1.05,I,K,1732.0,2167.0,2400.0,other/LOG_TAPES_9_3.csv,miniarchive,TAPES_9_3,Disk,YALE-03A-0001,,J16320-4751,True,IR
ir030401.0372.fits,J16320-4751,16:32:1.74,-47:52:28.3,2003-04-02,08:53:20,2452731.87038,30.05,1.05,I,K,1702.0,2137.0,2460.0,other/LOG_TAPES_9_3.csv,miniarchive,TAPES_9_3,Disk,YALE-03A-0001,,J16320-4751,True,IR
ir030401.0373.fits,J16320-4751,16:32:1.75,-47:52:28.2,2003-04-02,08:54:14,2452731.871,30.05,1.05,I,K,1762.0,2107.0,2430.0,other/LOG_TAPES_9_3.csv,miniarchive,TAPES_9_3,Disk,YALE-03A-0001,,J16320-4751,True,IR
ir030401.0374.fits,J16320-4751,16:32:1.76,-47:52:28.1,2003-04-02,08:55:06,2452731.8716,30.04,1.05,I,K,1732.0,2107.0,2460.0,other/LOG_TAPES_9_3.csv,miniarchive,TAPES_9_3,Disk,YALE-03A-0001,,J16320-4751,True,IR
ir030401.0375.fits,J16320-4751,16:32:1.76,-47:52:28.3,2003-04-02,08:55:59,2452731.87222,30.05,1.05,I,K,1762.0,2137.0,2400.0,other/LOG_TAPES_9_3.csv,miniarchive,TAPES_9_3,Disk,YALE-03A-0001,,J16320-4751,True,IR
ir030401.0376.fits,J16320-4751,16:32:1.75,-47:52:28.1,2003-04-02,08:56:52,2452731.87283,30.05,1.05,I,K,1702.0,2167.0,2430.0,other/LOG_TAPES_9_3.csv,miniarchive,TAPES_9_3,Disk,YALE-03A-0001,,J16320-4751,True,IR
ir030401.0377.fits,J16320-4751,16:32:1.75,-47:52:28.0,2003-04-02,08:57:45,2452731.87344,30.05,1.05,I,K,1732.0,2137.0,2430.0,other/LOG_TAPES_9_3.csv,miniarchive,TAPES_9_3,Disk,YALE-03A-0001,,J16320-4751,True,IR
ir030401.0378.fits,J16320-4751,16:32:1.74,-47:52:28.0,2003-04-02,08:58:37,2452731.87404,30.05,1.05,I,K,1732.0,2167.0,2400.0,other/LOG_TAPES_9_3.csv,miniarchive,TAPES_9_3,Disk,YALE-03A-0001,,J16320-4751,True,IR
ir030401.0337.fits,J16320-4751,16:32:1.80,-47:52:28.2,2003-04-02,08:08:40,2452731.83936,30.04,1.05,I,K,1732.0,2167.0,2400.0,other/LOG_TAPES_9_3.csv,miniarchive,TAPES_9_3,Disk,YALE-03A-0001,,J16320-4751,True,IR
ir030401.0335.fits,J16320-4751,16:32:1.79,-47:52:28.2,2003-04-02,08:06:57,2452731.83816,30.05,1.06,I,K,1702.0,2167.0,2430.0,other/LOG_TAPES_9_3.csv,miniarchive,TAPES_9_3,Disk,YALE-03A-0001,,J16320-4751,True,IR
ir030401.0334.fits,J16320-4751,16:32:1.78,-47:52:28.4,2003-04-02,08:06:04,2452731.83755,30.04,1.06,I,K,1762.0,2137.0,2400.0,other/LOG_TAPES_9_3.csv,miniarchive,TAPES_9_3,Disk,YALE-03A-0001,,J16320-4751,True,IR
ir030401.0301.fits,J16320-4751,16:32:1.69,-47:52:26.5,2003-04-02,07:09:55,2452731.79856,30.04,1.1,V,K,1702.0,2167.0,2430.0,other/LOG_TAPES_9_3.csv,miniarchive,TAPES_9_3,Disk,YALE-03A-0001,,J16320-4751,True,IR
ir030401.0302.fits,J16320-4751,16:32:1.72,-47:52:26.1,2003-04-02,07:10:47,2452731.79916,30.04,1.1,V,K,1732.0,2137.0,2430.0,other/LOG_TAPES_9_3.csv,miniarchive,TAPES_9_3,Disk,YALE-03A-0001,,J16320-4751,True,IR
ir030401.0303.fits,J16320-4751,16:32:1.72,-47:52:26.0,2003-04-02,07:11:39,2452731.79976,30.04,1.09,V,K,1732.0,2167.0,2400.0,other/LOG_TAPES_9_3.csv,miniarchive,TAPES_9_3,Disk,YALE-03A-0001,,J16320-4751,True,IR
ir030401.0304.fits,J16320-4751,16:32:1.73,-47:52:25.8,2003-04-02,07:12:32,2452731.80038,30.05,1.09,V,K,1702.0,2137.0,2460.0,other/LOG_TAPES_9_3.csv,miniarchive,TAPES_9_3,Disk,YALE-03A-0001,,J16320-4751,True,IR
ir030401.0329.fits,J16320-4751,16:32:1.72,-47:52:28.9,2003-04-02,08:01:40,2452731.83449,30.05,1.06,I,K,1732.0,2137.0,2430.0,other/LOG_TAPES_9_3.csv,miniarchive,TAPES_9_3,Disk,YALE-03A-0001,,J16320-4751,True,IR
ir030401.0330.fits,J16320-4751,16:32:1.72,-47:52:28.6,2003-04-02,08:02:32,2452731.83509,30.04,1.06,I,K,1732.0,2167.0,2400.0,other/LOG_TAPES_9_3.csv,miniarchive,TAPES_9_3,Disk,YALE-03A-0001,,J16320-4751,True,IR
ir030401.0331.fits,J16320-4751,16:32:1.75,-47:52:28.6,2003-04-02,08:03:25,2452731.83571,30.04,1.06,I,K,1702.0,2137.0,2460.0,other/LOG_TAPES_9_3.csv,miniarchive,TAPES_9_3,Disk,YALE-03A-0001,,J16320-4751,True,IR
ir030401.0300.fits,J16320-4751,16:32:1.71,-47:52:26.8,2003-04-02,07:09:01,2452731.79794,30.05,1.1,V,K,1762.0,2137.0,2400.0,other/LOG_TAPES_9_3.csv,miniarchive,TAPES_9_3,Disk,YALE-03A-0001,,J16320-4751,True,IR
ir030401.0299.fits,J16320-4751,16:32:1.70,-47:52:27.0,2003-04-02,07:08:08,2452731.79732,30.04,1.1,V,K,1732.0,2107.0,2460.0,other/LOG_TAPES_9_3.csv,miniarchive,TAPES_9_3,Disk,YALE-03A-0001,,J16320-4751,True,IR
ir030401.0298.fits,J16320-4751,16:32:1.70,-47:52:27.4,2003-04-02,07:07:16,2452731.79672,30.05,1.1,V,K,1762.0,2107.0,2430.0,other/LOG_TAPES_9_3.csv,miniarchive,TAPES_9_3,Disk,YALE-03A-0001,,J16320-4751,True,IR
ir030401.0297.fits,J16320-4751,16:32:1.70,-47:52:27.7,2003-04-02,07:06:23,2452731.7961,30.04,1.1,V,K,1702.0,2137.0,2460.0,other/LOG_TAPES_9_3.csv,miniarchive,TAPES_9_3,Disk,YALE-03A-0001,,J16320-4751,True,IR
ir030401.0296.fits,J16320-4751,16:32:1.72,-47:52:27.8,2003-04-02,07:05:29,2452731.79548,30.04,1.1,V,K,1732.0,2167.0,2400.0,other/LOG_TAPES_9_3.csv,miniarchive,TAPES_9_3,Disk,YALE-03A-0001,,J16320-4751,True,IR
ir030401.0295.fits,J16320-4751,16:32:1.72,-47:52:28.6,2003-04-02,07:04:38,2452731.79489,30.05,1.1,V,K,1732.0,2137.0,2430.0,other/LOG_TAPES_9_3.csv,miniarchive,TAPES_9_3,Disk,YALE-03A-0001,,J16320-4751,True,IR
ir030401.0370.fits,J16320-4751,16:32:1.75,-47:52:28.6,2003-04-02,08:51:35,2452731.86916,30.05,1.05,I,K,1732.0,2137.0,2430.0,other/LOG_TAPES_9_3.csv,miniarchive,TAPES_9_3,Disk,YALE-03A-0001,,J16320-4751,True,IR
ir030401.0338.fits,J16320-4751,16:32:1.81,-47:52:28.1,2003-04-02,08:09:35,2452731.83999,30.05,1.05,I,K,1702.0,2137.0,2460.0,other/LOG_TAPES_9_3.csv,miniarchive,TAPES_9_3,Disk,YALE-03A-0001,,J16320-4751,True,IR
ir030401.0332.fits,J16320-4751,16:32:1.74,-47:52:28.5,2003-04-02,08:04:18,2452731.83633,30.04,1.06,I,K,1762.0,2107.0,2430.0,other/LOG_TAPES_9_3.csv,miniarchive,TAPES_9_3,Disk,YALE-03A-0001,,J16320-4751,True,IR
ir030401.0333.fits,J16320-4751,16:32:1.76,-47:52:28.5,2003-04-02,08:05:10,2452731.83693,30.04,1.06,I,K,1732.0,2107.0,2460.0,other/LOG_TAPES_9_3.csv,miniarchive,TAPES_9_3,Disk,YALE-03A-0001,,J16320-4751,True,IR
ir030402.0307.fits,J16320-4751,16:32:1.79,-47:52:29.0,2003-04-03,07:29:28,2452732.81213,30.04,1.07,V,K,1732.0,2107.0,2460.0,other/LOG_TAPES_9_3.csv,miniarchive,TAPES_9_3,Disk,YALE-03A-0001,,J16320-4751,True,IR
ir030402.0229.fits,J16320-4751,16:32:1.71,-47:52:28.1,2003-04-03,05:56:09,2452732.74733,30.05,1.21,V,K,1762.0,2107.0,2430.0,other/LOG_TAPES_9_3.csv,miniarchive,TAPES_9_3,Disk,YALE-03A-0001,,J16320-4751,True,IR
ir030402.0231.fits,J16320-4751,16:32:1.68,-47:52:28.1,2003-04-03,05:57:54,2452732.74855,30.05,1.21,V,K,1762.0,2137.0,2400.0,other/LOG_TAPES_9_3.csv,miniarchive,TAPES_9_3,Disk,YALE-03A-0001,,J16320-4751,True,IR
ir030405.0259.fits,J16320-4751,16:32:1.90,-47:52:27.5,2003-04-06,07:26:36,2452735.81014,30.05,1.07,I,K,1702.0,2137.0,2460.0,other/LOG_TAPES_9_3.csv,miniarchive,TAPES_9_3,Disk,YALE-03A-0001,,J16320-4751,True,IR
ir030405.0258.fits,J16320-4751,16:32:1.88,-47:52:27.2,2003-04-06,07:25:43,2452735.80953,30.04,1.07,I,K,1732.0,2167.0,2400.0,other/LOG_TAPES_9_3.csv,miniarchive,TAPES_9_3,Disk,YALE-03A-0001,,J16320-4751,True,IR
ir030405.0257.fits,J16320-4751,16:32:1.87,-47:52:27.4,2003-04-06,07:24:51,2452735.80893,30.05,1.07,I,K,1732.0,2137.0,2430.0,other/LOG_TAPES_9_3.csv,miniarchive,TAPES_9_3,Disk,YALE-03A-0001,,J16320-4751,True,IR
ir030405.0255.fits,J16320-4751,16:32:1.83,-47:52:27.3,2003-04-06,07:23:06,2452735.80771,30.05,1.07,I,K,1762.0,2137.0,2400.0,other/LOG_TAPES_9_3.csv,miniarchive,TAPES_9_3,Disk,YALE-03A-0001,,J16320-4751,True,IR
ir030405.0254.fits,J16320-4751,16:32:1.81,-47:52:27.4,2003-04-06,07:22:13,2452735.8071,30.05,1.07,I,K,1732.0,2107.0,2460.0,other/LOG_TAPES_9_3.csv,miniarchive,TAPES_9_3,Disk,YALE-03A-0001,,J16320-4751,True,IR
ir030405.0253.fits,J16320-4751,16:32:1.79,-47:52:27.6,2003-04-06,07:21:21,2452735.8065,30.05,1.07,I,K,1762.0,2107.0,2430.0,other/LOG_TAPES_9_3.csv,miniarchive,TAPES_9_3,Disk,YALE-03A-0001,,J16320-4751,True,IR
ir030405.0252.fits,J16320-4751,16:32:1.77,-47:52:27.7,2003-04-06,07:20:28,2452735.80589,30.04,1.07,I,K,1702.0,2137.0,2460.0,other/LOG_TAPES_9_3.csv,miniarchive,TAPES_9_3,Disk,YALE-03A-0001,,J16320-4751,True,IR
ir030405.0250.fits,J16320-4751,16:32:1.74,-47:52:28.2,2003-04-06,07:18:43,2452735.80467,30.04,1.07,I,K,1732.0,2137.0,2430.0,other/LOG_TAPES_9_3.csv,miniarchive,TAPES_9_3,Disk,YALE-03A-0001,,J16320-4751,True,IR
ir030405.0251.fits,J16320-4751,16:32:1.76,-47:52:27.9,2003-04-06,07:19:35,2452735.80528,30.04,1.07,I,K,1732.0,2167.0,2400.0,other/LOG_TAPES_9_3.csv,miniarchive,TAPES_9_3,Disk,YALE-03A-0001,,J16320-4751,True,IR
ir030405.0256.fits,J16320-4751,16:32:1.84,-47:52:27.4,2003-04-06,07:23:59,2452735.80832,30.05,1.07,I,K,1702.0,2167.0,2430.0,other/LOG_TAPES_9_3.csv,miniarchive,TAPES_9_3,Disk,YALE-03A-0001,,J16320-4751,True,IR
ir030402.0232.fits,J16320-4751,16:32:1.69,-47:52:27.7,2003-04-03,05:58:47,2452732.74916,30.05,1.21,V,K,1702.0,2167.0,2430.0,other/LOG_TAPES_9_3.csv,miniarchive,TAPES_9_3,Disk,YALE-03A-0001,,J16320-4751,True,IR
ir030403.0401.fits,J16320-4751,16:32:2.10,-47:52:35.2,2003-04-04,08:57:51,2452733.87351,30.04,1.06,I,K,1732.0,2107.0,2460.0,other/LOG_TAPES_9_3.csv,miniarchive,TAPES_9_3,Disk,YALE-03A-0001,,J16320-4751,True,IR
ir030403.0405.fits,J16320-4751,16:32:2.15,-47:52:34.6,2003-04-04,09:01:22,2452733.87595,30.05,1.06,I,K,1732.0,2167.0,2400.0,other/LOG_TAPES_9_3.csv,miniarchive,TAPES_9_3,Disk,YALE-03A-0001,,J16320-4751,True,IR
ir030403.0354.fits,J16320-4751,16:32:1.65,-47:52:28.1,2003-04-04,08:10:17,2452733.84048,30.05,1.05,I,K,1702.0,2167.0,2430.0,other/LOG_TAPES_9_3.csv,miniarchive,TAPES_9_3,Disk,YALE-03A-0001,,J16320-4751,True,IR
ir030403.0403.fits,J16320-4751,16:32:2.12,-47:52:35.0,2003-04-04,08:59:38,2452733.87475,30.04,1.06,I,K,1702.0,2167.0,2430.0,other/LOG_TAPES_9_3.csv,miniarchive,TAPES_9_3,Disk,YALE-03A-0001,,J16320-4751,True,IR
ir030403.0402.fits,J16320-4751,16:32:2.11,-47:52:35.2,2003-04-04,08:58:44,2452733.87413,30.05,1.06,I,K,1762.0,2137.0,2400.0,other/LOG_TAPES_9_3.csv,miniarchive,TAPES_9_3,Disk,YALE-03A-0001,,J16320-4751,True,IR
ir030403.0404.fits,J16320-4751,16:32:2.13,-47:52:34.7,2003-04-04,09:00:30,2452733.87535,30.05,1.06,I,K,1732.0,2137.0,2430.0,other/LOG_TAPES_9_3.csv,miniarchive,TAPES_9_3,Disk,YALE-03A-0001,,J16320-4751,True,IR
ir030403.0399.fits,J16320-4751,16:32:2.08,-47:52:35.6,2003-04-04,08:56:06,2452733.8723,30.04,1.06,I,K,1702.0,2137.0,2460.0,other/LOG_TAPES_9_3.csv,miniarchive,TAPES_9_3,Disk,YALE-03A-0001,,J16320-4751,True,IR
ir030403.0398.fits,J16320-4751,16:32:2.08,-47:52:35.7,2003-04-04,08:55:13,2452733.87168,30.04,1.06,I,K,1732.0,2167.0,2400.0,other/LOG_TAPES_9_3.csv,miniarchive,TAPES_9_3,Disk,YALE-03A-0001,,J16320-4751,True,IR
ir030403.0397.fits,J16320-4751,16:32:2.13,-47:52:36.2,2003-04-04,08:54:21,2452733.87108,30.04,1.06,I,K,1732.0,2137.0,2430.0,other/LOG_TAPES_9_3.csv,miniarchive,TAPES_9_3,Disk,YALE-03A-0001,,J16320-4751,True,IR
ir030403.0357.fits,J16320-4751,16:32:1.65,-47:52:28.0,2003-04-04,08:12:54,2452733.8423,30.05,1.05,I,K,1702.0,2137.0,2460.0,other/LOG_TAPES_9_3.csv,miniarchive,TAPES_9_3,Disk,YALE-03A-0001,,J16320-4751,True,IR
ir030403.0356.fits,J16320-4751,16:32:1.65,-47:52:28.0,2003-04-04,08:12:01,2452733.84168,30.05,1.05,I,K,1732.0,2167.0,2400.0,other/LOG_TAPES_9_3.csv,miniarchive,TAPES_9_3,Disk,YALE-03A-0001,,J16320-4751,True,IR
ir030403.0355.fits,J16320-4751,16:32:1.66,-47:52:28.2,2003-04-04,08:11:09,2452733.84108,30.04,1.05,I,K,1732.0,2137.0,2430.0,other/LOG_TAPES_9_3.csv,miniarchive,TAPES_9_3,Disk,YALE-03A-0001,,J16320-4751,True,IR
ir030402.0230.fits,J16320-4751,16:32:1.67,-47:52:28.0,2003-04-03,05:57:01,2452732.74793,30.05,1.21,V,K,1732.0,2107.0,2460.0,other/LOG_TAPES_9_3.csv,miniarchive,TAPES_9_3,Disk,YALE-03A-0001,,J16320-4751,True,IR
ir030402.0305.fits,J16320-4751,16:32:1.76,-47:52:28.9,2003-04-03,07:27:42,2452732.81091,30.04,1.08,V,K,1702.0,2137.0,2460.0,other/LOG_TAPES_9_3.csv,miniarchive,TAPES_9_3,Disk,YALE-03A-0001,,J16320-4751,True,IR
ir030402.0304.fits,J16320-4751,16:32:1.74,-47:52:28.8,2003-04-03,07:26:49,2452732.81029,30.04,1.08,V,K,1732.0,2167.0,2400.0,other/LOG_TAPES_9_3.csv,miniarchive,TAPES_9_3,Disk,YALE-03A-0001,,J16320-4751,True,IR
ir030402.0303.fits,J16320-4751,16:32:1.73,-47:52:28.3,2003-04-03,07:25:57,2452732.80969,30.05,1.08,V,K,1732.0,2137.0,2430.0,other/LOG_TAPES_9_3.csv,miniarchive,TAPES_9_3,Disk,YALE-03A-0001,,J16320-4751,True,IR
ir030402.0235.fits,J16320-4751,16:32:1.71,-47:52:27.6,2003-04-03,06:01:24,2452732.75098,30.04,1.2,V,K,1702.0,2137.0,2460.0,other/LOG_TAPES_9_3.csv,miniarchive,TAPES_9_3,Disk,YALE-03A-0001,,J16320-4751,True,IR
ir030402.0234.fits,J16320-4751,16:32:1.70,-47:52:27.5,2003-04-03,06:00:31,2452732.75036,30.05,1.2,V,K,1732.0,2167.0,2400.0,other/LOG_TAPES_9_3.csv,miniarchive,TAPES_9_3,Disk,YALE-03A-0001,,J16320-4751,True,IR
ir030402.0233.fits,J16320-4751,16:32:1.71,-47:52:27.7,2003-04-03,05:59:39,2452732.74976,30.04,1.21,V,K,1732.0,2137.0,2430.0,other/LOG_TAPES_9_3.csv,miniarchive,TAPES_9_3,Disk,YALE-03A-0001,,J16320-4751,True,IR
ir030403.0406.fits,J16320-4751,16:32:2.17,-47:52:34.6,2003-04-04,09:02:15,2452733.87657,30.05,1.06,I,K,1702.0,2137.0,2460.0,other/LOG_TAPES_9_3.csv,miniarchive,TAPES_9_3,Disk,YALE-03A-0001,,J16320-4751,True,IR
ir030403.0353.fits,J16320-4751,16:32:1.68,-47:52:28.3,2003-04-04,08:09:24,2452733.83987,30.05,1.05,I,K,1762.0,2137.0,2400.0,other/LOG_TAPES_9_3.csv,miniarchive,TAPES_9_3,Disk,YALE-03A-0001,,J16320-4751,True,IR
ir030403.0400.fits,J16320-4751,16:32:2.11,-47:52:35.3,2003-04-04,08:56:59,2452733.87291,30.05,1.06,I,K,1762.0,2107.0,2430.0,other/LOG_TAPES_9_3.csv,miniarchive,TAPES_9_3,Disk,YALE-03A-0001,,J16320-4751,True,IR
ir030403.0350.fits,J16320-4751,16:32:1.68,-47:52:28.5,2003-04-04,08:06:46,2452733.83804,30.05,1.05,I,K,1702.0,2137.0,2460.0,other/LOG_TAPES_9_3.csv,miniarchive,TAPES_9_3,Disk,YALE-03A-0001,,J16320-4751,True,IR
ir030403.0349.fits,J16320-4751,16:32:1.68,-47:52:28.6,2003-04-04,08:05:53,2452733.83742,30.04,1.05,I,K,1732.0,2167.0,2400.0,other/LOG_TAPES_9_3.csv,miniarchive,TAPES_9_3,Disk,YALE-03A-0001,,J16320-4751,True,IR
ir030403.0348.fits,J16320-4751,16:32:1.73,-47:52:28.8,2003-04-04,08:05:01,2452733.83682,30.04,1.05,I,K,1732.0,2137.0,2430.0,other/LOG_TAPES_9_3.csv,miniarchive,TAPES_9_3,Disk,YALE-03A-0001,,J16320-4751,True,IR
ir030403.0307.fits,J16320-4751,16:32:1.87,-47:52:28.8,2003-04-04,07:28:48,2452733.81167,30.05,1.07,I,K,1702.0,2137.0,2460.0,other/LOG_TAPES_9_3.csv,miniarchive,TAPES_9_3,Disk,YALE-03A-0001,,J16320-4751,True,IR
ir030403.0306.fits,J16320-4751,16:32:1.88,-47:52:28.7,2003-04-04,07:27:55,2452733.81106,30.04,1.07,I,K,1732.0,2167.0,2400.0,other/LOG_TAPES_9_3.csv,miniarchive,TAPES_9_3,Disk,YALE-03A-0001,,J16320-4751,True,IR
ir030403.0305.fits,J16320-4751,16:32:1.86,-47:52:28.8,2003-04-04,07:27:03,2452733.81045,30.04,1.07,I,K,1732.0,2137.0,2430.0,other/LOG_TAPES_9_3.csv,miniarchive,TAPES_9_3,Disk,YALE-03A-0001,,J16320-4751,True,IR
ir030403.0300.fits,J16320-4751,16:32:1.80,-47:52:28.8,2003-04-04,07:22:39,2452733.8074,30.04,1.08,I,K,1702.0,2137.0,2460.0,other/LOG_TAPES_9_3.csv,miniarchive,TAPES_9_3,Disk,YALE-03A-0001,,J16320-4751,True,IR
ir030403.0304.fits,J16320-4751,16:32:1.84,-47:52:28.7,2003-04-04,07:26:11,2452733.80985,30.05,1.07,I,K,1702.0,2167.0,2430.0,other/LOG_TAPES_9_3.csv,miniarchive,TAPES_9_3,Disk,YALE-03A-0001,,J16320-4751,True,IR
ir030403.0303.fits,J16320-4751,16:32:1.83,-47:52:28.8,2003-04-04,07:25:17,2452733.80923,30.05,1.07,I,K,1762.0,2137.0,2400.0,other/LOG_TAPES_9_3.csv,miniarchive,TAPES_9_3,Disk,YALE-03A-0001,,J16320-4751,True,IR
ir030403.0302.fits,J16320-4751,16:32:1.81,-47:52:28.8,2003-04-04,07:24:24,2452733.80862,30.05,1.07,I,K,1732.0,2107.0,2460.0,other/LOG_TAPES_9_3.csv,miniarchive,TAPES_9_3,Disk,YALE-03A-0001,,J16320-4751,True,IR
ir030403.0301.fits,J16320-4751,16:32:1.81,-47:52:28.8,2003-04-04,07:23:32,2452733.80801,30.04,1.08,I,K,1762.0,2107.0,2430.0,other/LOG_TAPES_9_3.csv,miniarchive,TAPES_9_3,Disk,YALE-03A-0001,,J16320-4751,True,IR
ir030403.0299.fits,J16320-4751,16:32:1.76,-47:52:28.9,2003-04-04,07:21:45,2452733.80678,30.05,1.08,I,K,1732.0,2167.0,2400.0,other/LOG_TAPES_9_3.csv,miniarchive,TAPES_9_3,Disk,YALE-03A-0001,,J16320-4751,True,IR
ir030403.0298.fits,J16320-4751,16:32:1.74,-47:52:29.0,2003-04-04,07:20:53,2452733.80618,30.05,1.08,I,K,1732.0,2137.0,2430.0,other/LOG_TAPES_9_3.csv,miniarchive,TAPES_9_3,Disk,YALE-03A-0001,,J16320-4751,True,IR
ir030403.0352.fits,J16320-4751,16:32:1.67,-47:52:28.4,2003-04-04,08:08:31,2452733.83925,30.04,1.05,I,K,1732.0,2107.0,2460.0,other/LOG_TAPES_9_3.csv,miniarchive,TAPES_9_3,Disk,YALE-03A-0001,,J16320-4751,True,IR
ir030403.0351.fits,J16320-4751,16:32:1.66,-47:52:28.5,2003-04-04,08:07:39,2452733.83865,30.04,1.05,I,K,1762.0,2107.0,2430.0,other/LOG_TAPES_9_3.csv,miniarchive,TAPES_9_3,Disk,YALE-03A-0001,,J16320-4751,True,IR
ir030321.0356.fits,J16320-4751,16:32:1.77,-47:52:28.2,2003-03-22,08:47:06,2452720.86604,30.04,1.06,V,K,1702.0,2167.0,2430.0,other/LOG_TAPES_9_3.csv,miniarchive,TAPES_9_3,Disk,YALE-03A-0001,,J16320-4751,True,IR
ir030321.0352.fits,J16320-4751,16:32:1.73,-47:52:28.2,2003-03-22,08:43:35,2452720.86361,30.04,1.06,V,K,1702.0,2137.0,2460.0,other/LOG_TAPES_9_3.csv,miniarchive,TAPES_9_3,Disk,YALE-03A-0001,,J16320-4751,True,IR
ir030321.0351.fits,J16320-4751,16:32:1.72,-47:52:28.5,2003-03-22,08:42:42,2452720.863,30.04,1.06,V,K,1732.0,2167.0,2400.0,other/LOG_TAPES_9_3.csv,miniarchive,TAPES_9_3,Disk,YALE-03A-0001,,J16320-4751,True,IR
ir030321.0357.fits,J16320-4751,16:32:1.76,-47:52:28.1,2003-03-22,08:47:58,2452720.86665,30.04,1.06,V,K,1732.0,2137.0,2430.0,other/LOG_TAPES_9_3.csv,miniarchive,TAPES_9_3,Disk,YALE-03A-0001,,J16320-4751,True,IR
ir030321.0353.fits,J16320-4751,16:32:1.74,-47:52:28.1,2003-03-22,08:44:28,2452720.86422,30.05,1.06,V,K,1762.0,2107.0,2430.0,other/LOG_TAPES_9_3.csv,miniarchive,TAPES_9_3,Disk,YALE-03A-0001,,J16320-4751,True,IR
ir030321.0355.fits,J16320-4751,16:32:1.77,-47:52:28.4,2003-03-22,08:46:13,2452720.86543,30.05,1.06,V,K,1762.0,2137.0,2400.0,other/LOG_TAPES_9_3.csv,miniarchive,TAPES_9_3,Disk,YALE-03A-0001,,J16320-4751,True,IR
ir030321.0358.fits,J16320-4751,16:32:1.78,-47:52:28.1,2003-03-22,08:48:50,2452720.86724,30.05,1.06,V,K,1732.0,2167.0,2400.0,other/LOG_TAPES_9_3.csv,miniarchive,TAPES_9_3,Disk,YALE-03A-0001,,J16320-4751,True,IR
ir030321.0359.fits,J16320-4751,16:32:1.79,-47:52:28.2,2003-03-22,08:49:42,2452720.86786,30.04,1.06,V,K,1702.0,2137.0,2460.0,other/LOG_TAPES_9_3.csv,miniarchive,TAPES_9_3,Disk,YALE-03A-0001,,J16320-4751,True,IR
ir030321.0354.fits,J16320-4751,16:32:1.76,-47:52:28.2,2003-03-22,08:45:20,2452720.86482,30.05,1.06,V,K,1732.0,2107.0,2460.0,other/LOG_TAPES_9_3.csv,miniarchive,TAPES_9_3,Disk,YALE-03A-0001,,J16320-4751,True,IR
ir030321.0350.fits,J16320-4751,16:32:1.70,-47:52:28.4,2003-03-22,08:41:50,2452720.86239,30.04,1.06,V,K,1732.0,2137.0,2430.0,other/LOG_TAPES_9_3.csv,miniarchive,TAPES_9_3,Disk,YALE-03A-0001,,J16320-4751,True,IR
ir030323.0269.fits,J16320-4751,16:32:1.71,-47:52:28.9,2003-03-24,07:59:00,2452722.83264,30.04,1.08,I,K,1732.0,2167.0,2400.0,other/LOG_TAPES_9_3.csv,miniarchive,TAPES_9_3,Disk,YALE-03A-0001,,J16320-4751,True,IR
ir030323.0153.fits,J16320-4751,16:32:1.44,-47:52:29.7,2003-03-24,06:02:38,2452722.75183,30.04,1.3,V,K,1702.0,2167.0,2430.0,other/LOG_TAPES_9_3.csv,miniarchive,TAPES_9_3,Disk,YALE-03A-0001,,J16320-4751,True,IR
ir030323.0191.fits,J16320-4751,16:32:1.92,-47:52:28.3,2003-03-24,06:55:47,2452722.78875,30.05,1.17,I,K,1732.0,2167.0,2400.0,other/LOG_TAPES_9_3.csv,miniarchive,TAPES_9_3,Disk,YALE-03A-0001,,J16320-4751,True,IR
ir030323.0154.fits,J16320-4751,16:32:1.44,-47:52:29.7,2003-03-24,06:03:30,2452722.75243,30.04,1.3,V,K,1732.0,2137.0,2430.0,other/LOG_TAPES_9_3.csv,miniarchive,TAPES_9_3,Disk,YALE-03A-0001,,J16320-4751,True,IR
ir030323.0273.fits,J16320-4751,16:32:1.73,-47:52:28.5,2003-03-24,08:02:31,2452722.83508,30.05,1.08,I,K,1762.0,2137.0,2400.0,other/LOG_TAPES_9_3.csv,miniarchive,TAPES_9_3,Disk,YALE-03A-0001,,J16320-4751,True,IR
ir030323.0274.fits,J16320-4751,16:32:1.78,-47:52:28.7,2003-03-24,08:03:24,2452722.83569,30.04,1.08,I,K,1702.0,2167.0,2430.0,other/LOG_TAPES_9_3.csv,miniarchive,TAPES_9_3,Disk,YALE-03A-0001,,J16320-4751,True,IR
ir030323.0276.fits,J16320-4751,16:32:1.83,-47:52:28.9,2003-03-24,08:05:07,2452722.8369,30.04,1.08,I,K,1732.0,2167.0,2400.0,other/LOG_TAPES_9_3.csv,miniarchive,TAPES_9_3,Disk,YALE-03A-0001,,J16320-4751,True,IR
ir030323.0272.fits,J16320-4751,16:32:1.73,-47:52:28.6,2003-03-24,08:01:38,2452722.83447,30.04,1.08,I,K,1732.0,2107.0,2460.0,other/LOG_TAPES_9_3.csv,miniarchive,TAPES_9_3,Disk,YALE-03A-0001,,J16320-4751,True,IR
ir030323.0271.fits,J16320-4751,16:32:1.74,-47:52:28.5,2003-03-24,08:00:46,2452722.83387,30.05,1.08,I,K,1762.0,2107.0,2430.0,other/LOG_TAPES_9_3.csv,miniarchive,TAPES_9_3,Disk,YALE-03A-0001,,J16320-4751,True,IR
ir030323.0270.fits,J16320-4751,16:32:1.72,-47:52:28.9,2003-03-24,07:59:53,2452722.83325,30.04,1.08,I,K,1702.0,2137.0,2460.0,other/LOG_TAPES_9_3.csv,miniarchive,TAPES_9_3,Disk,YALE-03A-0001,,J16320-4751,True,IR
ir030323.0268.fits,J16320-4751,16:32:1.72,-47:52:29.0,2003-03-24,07:58:08,2452722.83204,30.04,1.08,I,K,1732.0,2137.0,2430.0,other/LOG_TAPES_9_3.csv,miniarchive,TAPES_9_3,Disk,YALE-03A-0001,,J16320-4751,True,IR
ir030323.0192.fits,J16320-4751,16:32:1.96,-47:52:28.3,2003-03-24,06:56:40,2452722.78936,30.04,1.17,I,K,1702.0,2137.0,2460.0,other/LOG_TAPES_9_3.csv,miniarchive,TAPES_9_3,Disk,YALE-03A-0001,,J16320-4751,True,IR
ir030323.0275.fits,J16320-4751,16:32:1.81,-47:52:28.8,2003-03-24,08:04:15,2452722.8363,30.04,1.08,I,K,1732.0,2137.0,2430.0,other/LOG_TAPES_9_3.csv,miniarchive,TAPES_9_3,Disk,YALE-03A-0001,,J16320-4751,True,IR
ir030323.0190.fits,J16320-4751,16:32:1.91,-47:52:28.5,2003-03-24,06:54:55,2452722.78815,30.05,1.17,I,K,1732.0,2137.0,2430.0,other/LOG_TAPES_9_3.csv,miniarchive,TAPES_9_3,Disk,YALE-03A-0001,,J16320-4751,True,IR
ir030323.0184.fits,J16320-4751,16:32:1.76,-47:52:28.9,2003-03-24,06:49:40,2452722.78449,30.05,1.18,I,K,1732.0,2167.0,2400.0,other/LOG_TAPES_9_3.csv,miniarchive,TAPES_9_3,Disk,YALE-03A-0001,,J16320-4751,True,IR
ir030323.0189.fits,J16320-4751,16:32:1.88,-47:52:28.7,2003-03-24,06:54:03,2452722.78754,30.04,1.17,I,K,1702.0,2167.0,2430.0,other/LOG_TAPES_9_3.csv,miniarchive,TAPES_9_3,Disk,YALE-03A-0001,,J16320-4751,True,IR
ir030323.0156.fits,J16320-4751,16:32:1.44,-47:52:29.4,2003-03-24,06:05:14,2452722.75364,30.04,1.29,V,K,1702.0,2137.0,2460.0,other/LOG_TAPES_9_3.csv,miniarchive,TAPES_9_3,Disk,YALE-03A-0001,,J16320-4751,True,IR
ir030323.0155.fits,J16320-4751,16:32:1.46,-47:52:29.4,2003-03-24,06:04:22,2452722.75303,30.05,1.3,V,K,1732.0,2167.0,2400.0,other/LOG_TAPES_9_3.csv,miniarchive,TAPES_9_3,Disk,YALE-03A-0001,,J16320-4751,True,IR
ir030323.0183.fits,J16320-4751,16:32:1.72,-47:52:29.1,2003-03-24,06:48:48,2452722.78389,30.05,1.18,I,K,1732.0,2137.0,2430.0,other/LOG_TAPES_9_3.csv,miniarchive,TAPES_9_3,Disk,YALE-03A-0001,,J16320-4751,True,IR
ir030323.0185.fits,J16320-4751,16:32:1.80,-47:52:28.9,2003-03-24,06:50:32,2452722.7851,30.04,1.18,I,K,1702.0,2137.0,2460.0,other/LOG_TAPES_9_3.csv,miniarchive,TAPES_9_3,Disk,YALE-03A-0001,,J16320-4751,True,IR
ir030323.0149.fits,J16320-4751,16:32:1.55,-47:52:29.4,2003-03-24,05:59:07,2452722.7494,30.05,1.31,V,K,1702.0,2137.0,2460.0,other/LOG_TAPES_9_3.csv,miniarchive,TAPES_9_3,Disk,YALE-03A-0001,,J16320-4751,True,IR
ir030323.0148.fits,J16320-4751,16:32:1.58,-47:52:29.4,2003-03-24,05:58:15,2452722.74879,30.04,1.32,V,K,1732.0,2167.0,2400.0,other/LOG_TAPES_9_3.csv,miniarchive,TAPES_9_3,Disk,YALE-03A-0001,,J16320-4751,True,IR
ir030323.0147.fits,J16320-4751,16:32:1.66,-47:52:29.7,2003-03-24,05:57:23,2452722.74819,30.04,1.32,V,K,1732.0,2137.0,2430.0,other/LOG_TAPES_9_3.csv,miniarchive,TAPES_9_3,Disk,YALE-03A-0001,,J16320-4751,True,IR
ir030323.0152.fits,J16320-4751,16:32:1.47,-47:52:29.5,2003-03-24,06:01:45,2452722.75122,30.04,1.31,V,K,1762.0,2137.0,2400.0,other/LOG_TAPES_9_3.csv,miniarchive,TAPES_9_3,Disk,YALE-03A-0001,,J16320-4751,True,IR
ir030323.0151.fits,J16320-4751,16:32:1.48,-47:52:29.4,2003-03-24,06:00:52,2452722.75061,30.04,1.31,V,K,1732.0,2107.0,2460.0,other/LOG_TAPES_9_3.csv,miniarchive,TAPES_9_3,Disk,YALE-03A-0001,,J16320-4751,True,IR
ir030323.0150.fits,J16320-4751,16:32:1.49,-47:52:29.5,2003-03-24,06:00:00,2452722.75001,30.05,1.31,V,K,1762.0,2107.0,2430.0,other/LOG_TAPES_9_3.csv,miniarchive,TAPES_9_3,Disk,YALE-03A-0001,,J16320-4751,True,IR
ir030323.0277.fits,J16320-4751,16:32:1.86,-47:52:28.9,2003-03-24,08:06:00,2452722.83751,30.05,1.08,I,K,1702.0,2137.0,2460.0,other/LOG_TAPES_9_3.csv,miniarchive,TAPES_9_3,Disk,YALE-03A-0001,,J16320-4751,True,IR
ir030323.0186.fits,J16320-4751,16:32:1.80,-47:52:28.7,2003-03-24,06:51:25,2452722.78571,30.05,1.18,I,K,1762.0,2107.0,2430.0,other/LOG_TAPES_9_3.csv,miniarchive,TAPES_9_3,Disk,YALE-03A-0001,,J16320-4751,True,IR
ir030323.0187.fits,J16320-4751,16:32:1.85,-47:52:28.6,2003-03-24,06:52:17,2452722.78632,30.04,1.18,I,K,1732.0,2107.0,2460.0,other/LOG_TAPES_9_3.csv,miniarchive,TAPES_9_3,Disk,YALE-03A-0001,,J16320-4751,True,IR
ir030323.0188.fits,J16320-4751,16:32:1.87,-47:52:28.6,2003-03-24,06:53:10,2452722.78693,30.05,1.17,I,K,1762.0,2137.0,2400.0,other/LOG_TAPES_9_3.csv,miniarchive,TAPES_9_3,Disk,YALE-03A-0001,,J16320-4751,True,IR
ir030322.0271.fits,J16320-4751,16:32:1.58,-47:52:30.5,2003-03-23,05:06:04,2452721.71255,30.04,1.55,V,K,1702.0,2137.0,2460.0,other/LOG_TAPES_9_3.csv,miniarchive,TAPES_9_3,Disk,YALE-03A-0001,,J16320-4751,True,IR
ir030322.0273.fits,J16320-4751,16:32:1.60,-47:52:30.4,2003-03-23,05:07:49,2452721.71377,30.05,1.55,V,K,1732.0,2107.0,2460.0,other/LOG_TAPES_9_3.csv,miniarchive,TAPES_9_3,Disk,YALE-03A-0001,,J16320-4751,True,IR
ir030322.0274.fits,J16320-4751,16:32:1.62,-47:52:30.6,2003-03-23,05:08:42,2452721.71438,30.04,1.54,V,K,1762.0,2137.0,2400.0,other/LOG_TAPES_9_3.csv,miniarchive,TAPES_9_3,Disk,YALE-03A-0001,,J16320-4751,True,IR
ir030322.0275.fits,J16320-4751,16:32:1.64,-47:52:30.6,2003-03-23,05:09:35,2452721.71499,30.04,1.54,V,K,1702.0,2167.0,2430.0,other/LOG_TAPES_9_3.csv,miniarchive,TAPES_9_3,Disk,YALE-03A-0001,,J16320-4751,True,IR
ir030322.0276.fits,J16320-4751,16:32:1.66,-47:52:30.5,2003-03-23,05:10:27,2452721.7156,30.04,1.53,V,K,1732.0,2137.0,2430.0,other/LOG_TAPES_9_3.csv,miniarchive,TAPES_9_3,Disk,YALE-03A-0001,,J16320-4751,True,IR
ir030322.0277.fits,J16320-4751,16:32:1.67,-47:52:30.4,2003-03-23,05:11:19,2452721.7162,30.04,1.53,V,K,1732.0,2167.0,2400.0,other/LOG_TAPES_9_3.csv,miniarchive,TAPES_9_3,Disk,YALE-03A-0001,,J16320-4751,True,IR
ir030322.0278.fits,J16320-4751,16:32:1.72,-47:52:30.3,2003-03-23,05:12:12,2452721.71681,30.04,1.52,V,K,1702.0,2137.0,2460.0,other/LOG_TAPES_9_3.csv,miniarchive,TAPES_9_3,Disk,YALE-03A-0001,,J16320-4751,True,IR
ir030322.0375.fits,J16320-4751,16:32:1.69,-47:52:29.5,2003-03-23,06:08:58,2452721.75623,30.05,1.29,V,K,1732.0,2137.0,2430.0,other/LOG_TAPES_9_3.csv,miniarchive,TAPES_9_3,Disk,YALE-03A-0001,,J16320-4751,True,IR
ir030322.0376.fits,J16320-4751,16:32:1.67,-47:52:30.9,2003-03-23,06:09:50,2452721.75683,30.04,1.29,V,K,1732.0,2167.0,2400.0,other/LOG_TAPES_9_3.csv,miniarchive,TAPES_9_3,Disk,YALE-03A-0001,,J16320-4751,True,IR
ir030322.0378.fits,J16320-4751,16:32:1.62,-47:52:30.0,2003-03-23,06:11:35,2452721.75805,30.05,1.29,V,K,1762.0,2107.0,2430.0,other/LOG_TAPES_9_3.csv,miniarchive,TAPES_9_3,Disk,YALE-03A-0001,,J16320-4751,True,IR
ir030322.0379.fits,J16320-4751,16:32:1.65,-47:52:30.2,2003-03-23,06:12:27,2452721.75865,30.05,1.28,V,K,1732.0,2107.0,2460.0,other/LOG_TAPES_9_3.csv,miniarchive,TAPES_9_3,Disk,YALE-03A-0001,,J16320-4751,True,IR
ir030322.0380.fits,J16320-4751,16:32:1.64,-47:52:30.2,2003-03-23,06:13:19,2452721.75926,30.04,1.28,V,K,1762.0,2137.0,2400.0,other/LOG_TAPES_9_3.csv,miniarchive,TAPES_9_3,Disk,YALE-03A-0001,,J16320-4751,True,IR
ir030322.0381.fits,J16320-4751,16:32:1.63,-47:52:30.2,2003-03-23,06:14:12,2452721.75987,30.05,1.28,V,K,1702.0,2167.0,2430.0,other/LOG_TAPES_9_3.csv,miniarchive,TAPES_9_3,Disk,YALE-03A-0001,,J16320-4751,True,IR
ir030322.0382.fits,J16320-4751,16:32:1.64,-47:52:30.3,2003-03-23,06:15:04,2452721.76047,30.04,1.28,V,K,1732.0,2137.0,2430.0,other/LOG_TAPES_9_3.csv,miniarchive,TAPES_9_3,Disk,YALE-03A-0001,,J16320-4751,True,IR
ir030322.0383.fits,J16320-4751,16:32:1.64,-47:52:30.3,2003-03-23,06:15:56,2452721.76107,30.04,1.27,V,K,1732.0,2167.0,2400.0,other/LOG_TAPES_9_3.csv,miniarchive,TAPES_9_3,Disk,YALE-03A-0001,,J16320-4751,True,IR
ir030322.0384.fits,J16320-4751,16:32:1.62,-47:52:30.4,2003-03-23,06:16:49,2452721.76168,30.05,1.27,V,K,1702.0,2137.0,2460.0,other/LOG_TAPES_9_3.csv,miniarchive,TAPES_9_3,Disk,YALE-03A-0001,,J16320-4751,True,IR
ir030322.0539.fits,J16320-4751,16:32:1.96,-47:52:29.2,2003-03-23,08:23:38,2452721.84976,30.04,1.07,I,K,1702.0,2137.0,2460.0,other/LOG_TAPES_9_3.csv,miniarchive,TAPES_9_3,Disk,YALE-03A-0001,,J16320-4751,True,IR
ir030322.0272.fits,J16320-4751,16:32:1.59,-47:52:30.4,2003-03-23,05:06:57,2452721.71316,30.04,1.55,V,K,1762.0,2107.0,2430.0,other/LOG_TAPES_9_3.csv,miniarchive,TAPES_9_3,Disk,YALE-03A-0001,,J16320-4751,True,IR
ir030322.0270.fits,J16320-4751,16:32:1.60,-47:52:30.2,2003-03-23,05:05:11,2452721.71194,30.04,1.56,V,K,1732.0,2167.0,2400.0,other/LOG_TAPES_9_3.csv,miniarchive,TAPES_9_3,Disk,YALE-03A-0001,,J16320-4751,True,IR
ir030322.0473.fits,J16320-4751,16:32:1.82,-47:52:29.1,2003-03-23,07:09:46,2452721.79845,30.04,1.15,V,K,1732.0,2107.0,2460.0,other/LOG_TAPES_9_3.csv,miniarchive,TAPES_9_3,Disk,YALE-03A-0001,,J16320-4751,True,IR
ir030322.0269.fits,J16320-4751,16:32:1.64,-47:52:29.7,2003-03-23,05:04:19,2452721.71134,30.05,1.56,V,K,1732.0,2137.0,2430.0,other/LOG_TAPES_9_3.csv,miniarchive,TAPES_9_3,Disk,YALE-03A-0001,,J16320-4751,True,IR
ir030322.0474.fits,J16320-4751,16:32:1.86,-47:52:29.1,2003-03-23,07:10:38,2452721.79905,30.05,1.15,V,K,1762.0,2137.0,2400.0,other/LOG_TAPES_9_3.csv,miniarchive,TAPES_9_3,Disk,YALE-03A-0001,,J16320-4751,True,IR
ir030322.0475.fits,J16320-4751,16:32:1.89,-47:52:29.1,2003-03-23,07:11:30,2452721.79966,30.05,1.15,V,K,1702.0,2167.0,2430.0,other/LOG_TAPES_9_3.csv,miniarchive,TAPES_9_3,Disk,YALE-03A-0001,,J16320-4751,True,IR
ir030322.0476.fits,J16320-4751,16:32:1.93,-47:52:28.9,2003-03-23,07:12:22,2452721.80026,30.05,1.15,V,K,1732.0,2137.0,2430.0,other/LOG_TAPES_9_3.csv,miniarchive,TAPES_9_3,Disk,YALE-03A-0001,,J16320-4751,True,IR
ir030322.0477.fits,J16320-4751,16:32:1.94,-47:52:29.1,2003-03-23,07:13:14,2452721.80086,30.05,1.15,V,K,1732.0,2167.0,2400.0,other/LOG_TAPES_9_3.csv,miniarchive,TAPES_9_3,Disk,YALE-03A-0001,,J16320-4751,True,IR
ir030322.0478.fits,J16320-4751,16:32:1.99,-47:52:28.9,2003-03-23,07:14:07,2452721.80147,30.05,1.14,V,K,1702.0,2137.0,2460.0,other/LOG_TAPES_9_3.csv,miniarchive,TAPES_9_3,Disk,YALE-03A-0001,,J16320-4751,True,IR
ir030322.0530.fits,J16320-4751,16:32:1.74,-47:52:28.7,2003-03-23,08:15:47,2452721.8443,30.04,1.07,I,K,1732.0,2137.0,2430.0,other/LOG_TAPES_9_3.csv,miniarchive,TAPES_9_3,Disk,YALE-03A-0001,,J16320-4751,True,IR
ir030322.0535.fits,J16320-4751,16:32:1.86,-47:52:28.9,2003-03-23,08:20:09,2452721.84733,30.05,1.07,I,K,1762.0,2137.0,2400.0,other/LOG_TAPES_9_3.csv,miniarchive,TAPES_9_3,Disk,YALE-03A-0001,,J16320-4751,True,IR
ir030322.0531.fits,J16320-4751,16:32:1.76,-47:52:28.6,2003-03-23,08:16:39,2452721.8449,30.04,1.07,I,K,1732.0,2167.0,2400.0,other/LOG_TAPES_9_3.csv,miniarchive,TAPES_9_3,Disk,YALE-03A-0001,,J16320-4751,True,IR
ir030322.0532.fits,J16320-4751,16:32:1.79,-47:52:28.6,2003-03-23,08:17:32,2452721.84551,30.04,1.07,I,K,1702.0,2137.0,2460.0,other/LOG_TAPES_9_3.csv,miniarchive,TAPES_9_3,Disk,YALE-03A-0001,,J16320-4751,True,IR
ir030322.0533.fits,J16320-4751,16:32:1.80,-47:52:28.5,2003-03-23,08:18:24,2452721.84612,30.05,1.07,I,K,1762.0,2107.0,2430.0,other/LOG_TAPES_9_3.csv,miniarchive,TAPES_9_3,Disk,YALE-03A-0001,,J16320-4751,True,IR
ir030322.0534.fits,J16320-4751,16:32:1.83,-47:52:29.0,2003-03-23,08:19:17,2452721.84672,30.04,1.07,I,K,1732.0,2107.0,2460.0,other/LOG_TAPES_9_3.csv,miniarchive,TAPES_9_3,Disk,YALE-03A-0001,,J16320-4751,True,IR
ir030322.0536.fits,J16320-4751,16:32:1.89,-47:52:28.9,2003-03-23,08:21:02,2452721.84794,30.05,1.07,I,K,1702.0,2167.0,2430.0,other/LOG_TAPES_9_3.csv,miniarchive,TAPES_9_3,Disk,YALE-03A-0001,,J16320-4751,True,IR
ir030322.0537.fits,J16320-4751,16:32:1.91,-47:52:28.9,2003-03-23,08:21:54,2452721.84854,30.05,1.07,I,K,1732.0,2137.0,2430.0,other/LOG_TAPES_9_3.csv,miniarchive,TAPES_9_3,Disk,YALE-03A-0001,,J16320-4751,True,IR
ir030322.0538.fits,J16320-4751,16:32:1.95,-47:52:29.1,2003-03-23,08:22:46,2452721.84915,30.04,1.07,I,K,1732.0,2167.0,2400.0,other/LOG_TAPES_9_3.csv,miniarchive,TAPES_9_3,Disk,YALE-03A-0001,,J16320-4751,True,IR
ir030322.0471.fits,J16320-4751,16:32:1.77,-47:52:28.8,2003-03-23,07:08:01,2452721.79724,30.05,1.15,V,K,1702.0,2137.0,2460.0,other/LOG_TAPES_9_3.csv,miniarchive,TAPES_9_3,Disk,YALE-03A-0001,,J16320-4751,True,IR
ir030322.0472.fits,J16320-4751,16:32:1.80,-47:52:29.0,2003-03-23,07:08:54,2452721.79785,30.04,1.15,V,K,1762.0,2107.0,2430.0,other/LOG_TAPES_9_3.csv,miniarchive,TAPES_9_3,Disk,YALE-03A-0001,,J16320-4751,True,IR
ir030322.0377.fits,J16320-4751,16:32:1.66,-47:52:30.1,2003-03-23,06:10:42,2452721.75744,30.04,1.29,V,K,1702.0,2137.0,2460.0,other/LOG_TAPES_9_3.csv,miniarchive,TAPES_9_3,Disk,YALE-03A-0001,,J16320-4751,True,IR
ir030322.0470.fits,J16320-4751,16:32:1.76,-47:52:28.6,2003-03-23,07:07:08,2452721.79663,30.04,1.16,V,K,1732.0,2167.0,2400.0,other/LOG_TAPES_9_3.csv,miniarchive,TAPES_9_3,Disk,YALE-03A-0001,,J16320-4751,True,IR
ir030322.0469.fits,J16320-4751,16:32:1.73,-47:52:29.0,2003-03-23,07:06:16,2452721.79602,30.05,1.16,V,K,1732.0,2137.0,2430.0,other/LOG_TAPES_9_3.csv,miniarchive,TAPES_9_3,Disk,YALE-03A-0001,,J16320-4751,True,IR
ir030411.0258.fits,J16320-4751,16:32:1.71,-47:52:29.0,2003-04-12,06:22:56,2452741.76593,30.04,1.1,I,K,1732.0,2137.0,2430.0,other/LOG_TAPES_9_3.csv,miniarchive,TAPES_9_3,Disk,YALE-03A-0001,,J16320-4751,True,IR
ir030513.0230.fits,J16320-4751,16:32:1.73,-47:52:29.6,2003-05-14,04:39:08,2452773.69384,30.05,1.08,V,K,1732.0,2107.0,2460.0,other/LOG_TAPES_9_3.csv,miniarchive,TAPES_9_3,Disk,YALE-03A-0001,,J16320-4751,True,IR
ir030513.0231.fits,J16320-4751,16:32:1.74,-47:52:29.6,2003-05-14,04:40:01,2452773.69446,30.04,1.08,V,K,1762.0,2137.0,2400.0,other/LOG_TAPES_9_3.csv,miniarchive,TAPES_9_3,Disk,YALE-03A-0001,,J16320-4751,True,IR
ir030513.0226.fits,J16320-4751,16:32:1.72,-47:52:29.4,2003-05-14,04:35:38,2452773.69142,30.04,1.08,V,K,1732.0,2137.0,2430.0,other/LOG_TAPES_9_3.csv,miniarchive,TAPES_9_3,Disk,YALE-03A-0001,,J16320-4751,True,IR
ir030513.0229.fits,J16320-4751,16:32:1.73,-47:52:29.4,2003-05-14,04:38:16,2452773.69324,30.05,1.08,V,K,1762.0,2107.0,2430.0,other/LOG_TAPES_9_3.csv,miniarchive,TAPES_9_3,Disk,YALE-03A-0001,,J16320-4751,True,IR
ir030514.0075.fits,J16320-4751,16:32:1.70,-47:52:29.1,2003-05-15,02:30:57,2452774.60483,30.04,1.33,V,K,1732.0,2137.0,2430.0,other/LOG_TAPES_9_3.csv,miniarchive,TAPES_9_3,Disk,YALE-03A-0001,,J16320-4751,True,IR
ir030514.0076.fits,J16320-4751,16:32:1.65,-47:52:29.6,2003-05-15,02:31:49,2452774.60543,30.05,1.32,V,K,1732.0,2167.0,2400.0,other/LOG_TAPES_9_3.csv,miniarchive,TAPES_9_3,Disk,YALE-03A-0001,,J16320-4751,True,IR
ir030514.0077.fits,J16320-4751,16:32:1.60,-47:52:29.7,2003-05-15,02:32:42,2452774.60604,30.04,1.32,V,K,1702.0,2137.0,2460.0,other/LOG_TAPES_9_3.csv,miniarchive,TAPES_9_3,Disk,YALE-03A-0001,,J16320-4751,True,IR
ir030515.0068.fits,J16320-4751,16:32:1.72,-47:52:29.9,2003-05-16,01:51:08,2452775.57719,30.04,1.47,V,K,1732.0,2137.0,2430.0,other/LOG_TAPES_9_3.csv,miniarchive,TAPES_9_3,Disk,YALE-03A-0001,,J16320-4751,True,IR
ir030515.0069.fits,J16320-4751,16:32:1.72,-47:52:30.2,2003-05-16,01:52:00,2452775.57778,30.04,1.46,V,K,1732.0,2167.0,2400.0,other/LOG_TAPES_9_3.csv,miniarchive,TAPES_9_3,Disk,YALE-03A-0001,,J16320-4751,True,IR
ir030515.0070.fits,J16320-4751,16:32:1.72,-47:52:30.2,2003-05-16,01:52:53,2452775.5784,30.04,1.46,V,K,1702.0,2137.0,2460.0,other/LOG_TAPES_9_3.csv,miniarchive,TAPES_9_3,Disk,YALE-03A-0001,,J16320-4751,True,IR
ir030515.0071.fits,J16320-4751,16:32:1.76,-47:52:30.2,2003-05-16,01:53:46,2452775.57901,30.04,1.46,V,K,1762.0,2107.0,2430.0,other/LOG_TAPES_9_3.csv,miniarchive,TAPES_9_3,Disk,YALE-03A-0001,,J16320-4751,True,IR
ir030515.0072.fits,J16320-4751,16:32:1.79,-47:52:29.9,2003-05-16,01:54:38,2452775.57961,30.04,1.45,V,K,1732.0,2107.0,2460.0,other/LOG_TAPES_9_3.csv,miniarchive,TAPES_9_3,Disk,YALE-03A-0001,,J16320-4751,True,IR
ir030515.0073.fits,J16320-4751,16:32:1.82,-47:52:30.1,2003-05-16,01:55:30,2452775.58021,30.05,1.45,V,K,1762.0,2137.0,2400.0,other/LOG_TAPES_9_3.csv,miniarchive,TAPES_9_3,Disk,YALE-03A-0001,,J16320-4751,True,IR
ir030515.0074.fits,J16320-4751,16:32:1.85,-47:52:30.2,2003-05-16,01:56:22,2452775.58082,30.05,1.44,V,K,1702.0,2167.0,2430.0,other/LOG_TAPES_9_3.csv,miniarchive,TAPES_9_3,Disk,YALE-03A-0001,,J16320-4751,True,IR
ir030515.0075.fits,J16320-4751,16:32:1.90,-47:52:29.9,2003-05-16,01:57:14,2452775.58142,30.05,1.44,V,K,1732.0,2137.0,2430.0,other/LOG_TAPES_9_3.csv,miniarchive,TAPES_9_3,Disk,YALE-03A-0001,,J16320-4751,True,IR
ir030515.0076.fits,J16320-4751,16:32:1.94,-47:52:30.1,2003-05-16,01:58:06,2452775.58202,30.05,1.44,V,K,1732.0,2167.0,2400.0,other/LOG_TAPES_9_3.csv,miniarchive,TAPES_9_3,Disk,YALE-03A-0001,,J16320-4751,True,IR
ir030515.0077.fits,J16320-4751,16:32:1.96,-47:52:29.9,2003-05-16,01:58:59,2452775.58264,30.05,1.43,V,K,1702.0,2137.0,2460.0,other/LOG_TAPES_9_3.csv,miniarchive,TAPES_9_3,Disk,YALE-03A-0001,,J16320-4751,True,IR
ir030514.0084.fits,J16320-4751,16:32:1.43,-47:52:30.1,2003-05-15,02:38:49,2452774.6103,30.04,1.3,V,K,1702.0,2137.0,2460.0,other/LOG_TAPES_9_3.csv,miniarchive,TAPES_9_3,Disk,YALE-03A-0001,,J16320-4751,True,IR
ir030514.0083.fits,J16320-4751,16:32:1.43,-47:52:30.9,2003-05-15,02:37:57,2452774.60969,30.05,1.3,V,K,1732.0,2167.0,2400.0,other/LOG_TAPES_9_3.csv,miniarchive,TAPES_9_3,Disk,YALE-03A-0001,,J16320-4751,True,IR
ir030514.0082.fits,J16320-4751,16:32:1.48,-47:52:29.9,2003-05-15,02:37:04,2452774.60908,30.04,1.31,V,K,1732.0,2137.0,2430.0,other/LOG_TAPES_9_3.csv,miniarchive,TAPES_9_3,Disk,YALE-03A-0001,,J16320-4751,True,IR
ir030514.0081.fits,J16320-4751,16:32:1.49,-47:52:30.3,2003-05-15,02:36:12,2452774.60848,30.05,1.31,V,K,1702.0,2167.0,2430.0,other/LOG_TAPES_9_3.csv,miniarchive,TAPES_9_3,Disk,YALE-03A-0001,,J16320-4751,True,IR
ir030514.0080.fits,J16320-4751,16:32:1.50,-47:52:30.2,2003-05-15,02:35:20,2452774.60787,30.05,1.31,V,K,1762.0,2137.0,2400.0,other/LOG_TAPES_9_3.csv,miniarchive,TAPES_9_3,Disk,YALE-03A-0001,,J16320-4751,True,IR
ir030514.0079.fits,J16320-4751,16:32:1.55,-47:52:30.1,2003-05-15,02:34:27,2452774.60726,30.04,1.31,V,K,1732.0,2107.0,2460.0,other/LOG_TAPES_9_3.csv,miniarchive,TAPES_9_3,Disk,YALE-03A-0001,,J16320-4751,True,IR
ir030514.0078.fits,J16320-4751,16:32:1.58,-47:52:29.8,2003-05-15,02:33:35,2452774.60665,30.05,1.32,V,K,1762.0,2107.0,2430.0,other/LOG_TAPES_9_3.csv,miniarchive,TAPES_9_3,Disk,YALE-03A-0001,,J16320-4751,True,IR
ir030513.0235.fits,J16320-4751,16:32:1.80,-47:52:30.2,2003-05-14,04:43:30,2452773.69688,30.04,1.08,V,K,1702.0,2137.0,2460.0,other/LOG_TAPES_9_3.csv,miniarchive,TAPES_9_3,Disk,YALE-03A-0001,,J16320-4751,True,IR
ir030513.0234.fits,J16320-4751,16:32:1.78,-47:52:29.8,2003-05-14,04:42:37,2452773.69627,30.04,1.08,V,K,1732.0,2167.0,2400.0,other/LOG_TAPES_9_3.csv,miniarchive,TAPES_9_3,Disk,YALE-03A-0001,,J16320-4751,True,IR
ir030511.0117.fits,J16320-4751,16:32:1.87,-47:52:28.0,2003-05-12,03:48:28,2452771.65867,30.04,1.16,V,K,1702.0,2137.0,2460.0,other/LOG_TAPES_9_3.csv,miniarchive,TAPES_9_3,Disk,YALE-03A-0001,,J16320-4751,True,IR
ir030511.0116.fits,J16320-4751,16:32:1.86,-47:52:27.9,2003-05-12,03:47:36,2452771.65806,30.05,1.16,V,K,1732.0,2167.0,2400.0,other/LOG_TAPES_9_3.csv,miniarchive,TAPES_9_3,Disk,YALE-03A-0001,,J16320-4751,True,IR
ir030511.0108.fits,J16320-4751,16:32:1.69,-47:52:28.6,2003-05-12,03:40:36,2452771.6532,30.05,1.18,V,K,1732.0,2137.0,2430.0,other/LOG_TAPES_9_3.csv,miniarchive,TAPES_9_3,Disk,YALE-03A-0001,,J16320-4751,True,IR
ir030511.0109.fits,J16320-4751,16:32:1.72,-47:52:28.5,2003-05-12,03:41:28,2452771.65381,30.04,1.17,V,K,1732.0,2167.0,2400.0,other/LOG_TAPES_9_3.csv,miniarchive,TAPES_9_3,Disk,YALE-03A-0001,,J16320-4751,True,IR
ir030513.0233.fits,J16320-4751,16:32:1.75,-47:52:29.7,2003-05-14,04:41:45,2452773.69567,30.04,1.08,V,K,1732.0,2137.0,2430.0,other/LOG_TAPES_9_3.csv,miniarchive,TAPES_9_3,Disk,YALE-03A-0001,,J16320-4751,True,IR
ir030513.0232.fits,J16320-4751,16:32:1.74,-47:52:29.7,2003-05-14,04:40:53,2452773.69506,30.05,1.08,V,K,1702.0,2167.0,2430.0,other/LOG_TAPES_9_3.csv,miniarchive,TAPES_9_3,Disk,YALE-03A-0001,,J16320-4751,True,IR
ir030513.0228.fits,J16320-4751,16:32:1.71,-47:52:29.7,2003-05-14,04:37:23,2452773.69263,30.04,1.08,V,K,1702.0,2137.0,2460.0,other/LOG_TAPES_9_3.csv,miniarchive,TAPES_9_3,Disk,YALE-03A-0001,,J16320-4751,True,IR
ir030513.0227.fits,J16320-4751,16:32:1.71,-47:52:29.5,2003-05-14,04:36:30,2452773.69202,30.04,1.08,V,K,1732.0,2167.0,2400.0,other/LOG_TAPES_9_3.csv,miniarchive,TAPES_9_3,Disk,YALE-03A-0001,,J16320-4751,True,IR
ir030517.0097.fits,J16320-4751,16:32:1.68,-47:52:25.7,2003-05-18,02:34:47,2452777.60749,30.05,1.28,V,K,1762.0,2107.0,2430.0,other/LOG_TAPES_9_3.csv,miniarchive,TAPES_9_3,Disk,YALE-03A-0001,,J16320-4751,True,IR
ir030516.0086.fits,J16320-4751,16:32:2.29,-47:52:29.4,2003-05-17,01:20:06,2452776.55563,30.05,1.61,V,K,1732.0,2137.0,2430.0,other/LOG_TAPES_9_3.csv,miniarchive,TAPES_9_3,Disk,YALE-03A-0001,,J16320-4751,True,IR
ir030516.0087.fits,J16320-4751,16:32:2.31,-47:52:29.4,2003-05-17,01:20:58,2452776.55623,30.05,1.6,V,K,1732.0,2167.0,2400.0,other/LOG_TAPES_9_3.csv,miniarchive,TAPES_9_3,Disk,YALE-03A-0001,,J16320-4751,True,IR
ir030516.0095.fits,J16320-4751,16:32:2.55,-47:52:28.9,2003-05-17,01:27:59,2452776.5611,30.04,1.56,V,K,1702.0,2137.0,2460.0,other/LOG_TAPES_9_3.csv,miniarchive,TAPES_9_3,Disk,YALE-03A-0001,,J16320-4751,True,IR
ir030516.0094.fits,J16320-4751,16:32:2.55,-47:52:29.2,2003-05-17,01:27:06,2452776.5605,30.04,1.57,V,K,1732.0,2167.0,2400.0,other/LOG_TAPES_9_3.csv,miniarchive,TAPES_9_3,Disk,YALE-03A-0001,,J16320-4751,True,IR
ir030517.0094.fits,J16320-4751,16:32:1.69,-47:52:25.8,2003-05-18,02:32:09,2452777.60567,30.05,1.28,V,K,1732.0,2137.0,2430.0,other/LOG_TAPES_9_3.csv,miniarchive,TAPES_9_3,Disk,YALE-03A-0001,,J16320-4751,True,IR
ir030517.0095.fits,J16320-4751,16:32:1.68,-47:52:25.8,2003-05-18,02:33:01,2452777.60627,30.05,1.28,V,K,1732.0,2167.0,2400.0,other/LOG_TAPES_9_3.csv,miniarchive,TAPES_9_3,Disk,YALE-03A-0001,,J16320-4751,True,IR
ir030517.0096.fits,J16320-4751,16:32:1.69,-47:52:25.7,2003-05-18,02:33:54,2452777.60688,30.04,1.28,V,K,1702.0,2137.0,2460.0,other/LOG_TAPES_9_3.csv,miniarchive,TAPES_9_3,Disk,YALE-03A-0001,,J16320-4751,True,IR
ir030517.0098.fits,J16320-4751,16:32:1.72,-47:52:25.3,2003-05-18,02:35:39,2452777.60809,30.05,1.27,V,K,1732.0,2107.0,2460.0,other/LOG_TAPES_9_3.csv,miniarchive,TAPES_9_3,Disk,YALE-03A-0001,,J16320-4751,True,IR
ir030517.0100.fits,J16320-4751,16:32:1.71,-47:52:25.8,2003-05-18,02:37:24,2452777.60931,30.04,1.27,V,K,1702.0,2167.0,2430.0,other/LOG_TAPES_9_3.csv,miniarchive,TAPES_9_3,Disk,YALE-03A-0001,,J16320-4751,True,IR
ir030517.0101.fits,J16320-4751,16:32:1.74,-47:52:25.5,2003-05-18,02:38:16,2452777.60991,30.04,1.27,V,K,1732.0,2137.0,2430.0,other/LOG_TAPES_9_3.csv,miniarchive,TAPES_9_3,Disk,YALE-03A-0001,,J16320-4751,True,IR
ir030516.0091.fits,J16320-4751,16:32:2.45,-47:52:29.1,2003-05-17,01:24:29,2452776.55868,30.04,1.58,V,K,1762.0,2137.0,2400.0,other/LOG_TAPES_9_3.csv,miniarchive,TAPES_9_3,Disk,YALE-03A-0001,,J16320-4751,True,IR
ir030516.0088.fits,J16320-4751,16:32:2.34,-47:52:29.4,2003-05-17,01:21:51,2452776.55685,30.05,1.6,V,K,1702.0,2137.0,2460.0,other/LOG_TAPES_9_3.csv,miniarchive,TAPES_9_3,Disk,YALE-03A-0001,,J16320-4751,True,IR
ir030516.0089.fits,J16320-4751,16:32:2.39,-47:52:29.2,2003-05-17,01:22:44,2452776.55746,30.05,1.59,V,K,1762.0,2107.0,2430.0,other/LOG_TAPES_9_3.csv,miniarchive,TAPES_9_3,Disk,YALE-03A-0001,,J16320-4751,True,IR
ir030516.0090.fits,J16320-4751,16:32:2.43,-47:52:29.4,2003-05-17,01:23:37,2452776.55807,30.04,1.59,V,K,1732.0,2107.0,2460.0,other/LOG_TAPES_9_3.csv,miniarchive,TAPES_9_3,Disk,YALE-03A-0001,,J16320-4751,True,IR
ir030516.0092.fits,J16320-4751,16:32:2.48,-47:52:29.3,2003-05-17,01:25:22,2452776.55929,30.04,1.58,V,K,1702.0,2167.0,2430.0,other/LOG_TAPES_9_3.csv,miniarchive,TAPES_9_3,Disk,YALE-03A-0001,,J16320-4751,True,IR
ir030516.0093.fits,J16320-4751,16:32:2.50,-47:52:29.2,2003-05-17,01:26:14,2452776.55989,30.04,1.57,V,K,1732.0,2137.0,2430.0,other/LOG_TAPES_9_3.csv,miniarchive,TAPES_9_3,Disk,YALE-03A-0001,,J16320-4751,True,IR
ir030511.0110.fits,J16320-4751,16:32:1.72,-47:52:28.2,2003-05-12,03:42:21,2452771.65442,30.04,1.17,V,K,1702.0,2137.0,2460.0,other/LOG_TAPES_9_3.csv,miniarchive,TAPES_9_3,Disk,YALE-03A-0001,,J16320-4751,True,IR
ir030511.0111.fits,J16320-4751,16:32:1.77,-47:52:28.3,2003-05-12,03:43:14,2452771.65503,30.05,1.17,V,K,1762.0,2107.0,2430.0,other/LOG_TAPES_9_3.csv,miniarchive,TAPES_9_3,Disk,YALE-03A-0001,,J16320-4751,True,IR
ir030511.0112.fits,J16320-4751,16:32:1.77,-47:52:28.2,2003-05-12,03:44:06,2452771.65563,30.04,1.17,V,K,1732.0,2107.0,2460.0,other/LOG_TAPES_9_3.csv,miniarchive,TAPES_9_3,Disk,YALE-03A-0001,,J16320-4751,True,IR
ir030511.0113.fits,J16320-4751,16:32:1.81,-47:52:28.0,2003-05-12,03:44:59,2452771.65625,30.05,1.17,V,K,1762.0,2137.0,2400.0,other/LOG_TAPES_9_3.csv,miniarchive,TAPES_9_3,Disk,YALE-03A-0001,,J16320-4751,True,IR
ir030504.0154.fits,J16320-4751,16:32:1.66,-47:52:29.4,2003-05-05,03:19:09,2452764.6383,30.05,1.3,V,K,1732.0,2167.0,2400.0,other/LOG_TAPES_9_3.csv,miniarchive,TAPES_9_3,Disk,YALE-03A-0001,,J16320-4751,True,IR
ir030504.0162.fits,J16320-4751,16:32:1.53,-47:52:29.8,2003-05-05,03:26:08,2452764.64315,30.04,1.28,V,K,1702.0,2137.0,2460.0,other/LOG_TAPES_9_3.csv,miniarchive,TAPES_9_3,Disk,YALE-03A-0001,,J16320-4751,True,IR
ir030508.0086.fits,J16320-4751,16:32:2.10,-47:52:30.7,2003-05-09,03:02:21,2452768.62664,30.05,1.3,V,K,1762.0,2107.0,2430.0,other/LOG_TAPES_9_3.csv,miniarchive,TAPES_9_3,Disk,YALE-03A-0001,,J16320-4751,True,IR
ir030508.0084.fits,J16320-4751,16:32:2.21,-47:52:30.2,2003-05-09,03:00:36,2452768.62542,30.05,1.31,V,K,1732.0,2167.0,2400.0,other/LOG_TAPES_9_3.csv,miniarchive,TAPES_9_3,Disk,YALE-03A-0001,,J16320-4751,True,IR
ir030508.0083.fits,J16320-4751,16:32:2.26,-47:52:30.2,2003-05-09,02:59:44,2452768.62482,30.05,1.31,V,K,1732.0,2137.0,2430.0,other/LOG_TAPES_9_3.csv,miniarchive,TAPES_9_3,Disk,YALE-03A-0001,,J16320-4751,True,IR
ir030508.0085.fits,J16320-4751,16:32:2.16,-47:52:30.5,2003-05-09,03:01:29,2452768.62603,30.04,1.3,V,K,1702.0,2137.0,2460.0,other/LOG_TAPES_9_3.csv,miniarchive,TAPES_9_3,Disk,YALE-03A-0001,,J16320-4751,True,IR
ir030504.0161.fits,J16320-4751,16:32:1.51,-47:52:29.7,2003-05-05,03:25:15,2452764.64254,30.04,1.28,V,K,1732.0,2167.0,2400.0,other/LOG_TAPES_9_3.csv,miniarchive,TAPES_9_3,Disk,YALE-03A-0001,,J16320-4751,True,IR
ir030504.0160.fits,J16320-4751,16:32:1.51,-47:52:29.7,2003-05-05,03:24:23,2452764.64194,30.05,1.28,V,K,1732.0,2137.0,2430.0,other/LOG_TAPES_9_3.csv,miniarchive,TAPES_9_3,Disk,YALE-03A-0001,,J16320-4751,True,IR
ir030504.0159.fits,J16320-4751,16:32:1.54,-47:52:29.7,2003-05-05,03:23:31,2452764.64134,30.05,1.28,V,K,1702.0,2167.0,2430.0,other/LOG_TAPES_9_3.csv,miniarchive,TAPES_9_3,Disk,YALE-03A-0001,,J16320-4751,True,IR
ir030503.0145.fits,J16320-4751,16:32:1.78,-47:52:58.7,2003-05-04,04:57:01,2452763.70626,30.04,1.1,V,K,1702.0,2137.0,2460.0,other/LOG_TAPES_9_3.csv,miniarchive,TAPES_9_3,Disk,YALE-03A-0001,,J16320-4751,True,IR
ir030503.0144.fits,J16320-4751,16:32:1.78,-47:52:58.8,2003-05-04,04:56:08,2452763.70565,30.05,1.11,V,K,1732.0,2167.0,2400.0,other/LOG_TAPES_9_3.csv,miniarchive,TAPES_9_3,Disk,YALE-03A-0001,,J16320-4751,True,IR
ir030503.0151.fits,J16320-4751,16:32:1.89,-47:52:57.3,2003-05-04,05:02:14,2452763.70989,30.04,1.1,V,K,1732.0,2167.0,2400.0,other/LOG_TAPES_9_3.csv,miniarchive,TAPES_9_3,Disk,YALE-03A-0001,,J16320-4751,True,IR
ir030503.0146.fits,J16320-4751,16:32:1.78,-47:52:58.4,2003-05-04,04:57:54,2452763.70688,30.05,1.1,V,K,1762.0,2107.0,2430.0,other/LOG_TAPES_9_3.csv,miniarchive,TAPES_9_3,Disk,YALE-03A-0001,,J16320-4751,True,IR
ir030504.0158.fits,J16320-4751,16:32:1.55,-47:52:29.5,2003-05-05,03:22:39,2452764.64073,30.04,1.29,V,K,1762.0,2137.0,2400.0,other/LOG_TAPES_9_3.csv,miniarchive,TAPES_9_3,Disk,YALE-03A-0001,,J16320-4751,True,IR
ir030503.0147.fits,J16320-4751,16:32:1.81,-47:52:58.3,2003-05-04,04:58:46,2452763.70748,30.04,1.1,V,K,1732.0,2107.0,2460.0,other/LOG_TAPES_9_3.csv,miniarchive,TAPES_9_3,Disk,YALE-03A-0001,,J16320-4751,True,IR
ir030504.0153.fits,J16320-4751,16:32:1.67,-47:52:29.0,2003-05-05,03:18:17,2452764.6377,30.04,1.3,V,K,1732.0,2137.0,2430.0,other/LOG_TAPES_9_3.csv,miniarchive,TAPES_9_3,Disk,YALE-03A-0001,,J16320-4751,True,IR
ir030504.0157.fits,J16320-4751,16:32:1.58,-47:52:29.6,2003-05-05,03:21:46,2452764.64012,30.04,1.29,V,K,1732.0,2107.0,2460.0,other/LOG_TAPES_9_3.csv,miniarchive,TAPES_9_3,Disk,YALE-03A-0001,,J16320-4751,True,IR
ir030504.0156.fits,J16320-4751,16:32:1.59,-47:52:29.4,2003-05-05,03:20:54,2452764.63952,30.04,1.29,V,K,1762.0,2107.0,2430.0,other/LOG_TAPES_9_3.csv,miniarchive,TAPES_9_3,Disk,YALE-03A-0001,,J16320-4751,True,IR
ir030504.0155.fits,J16320-4751,16:32:1.62,-47:52:29.7,2003-05-05,03:20:01,2452764.63891,30.05,1.29,V,K,1702.0,2137.0,2460.0,other/LOG_TAPES_9_3.csv,miniarchive,TAPES_9_3,Disk,YALE-03A-0001,,J16320-4751,True,IR
ir030503.0143.fits,J16320-4751,16:32:1.73,-47:52:59.2,2003-05-04,04:55:16,2452763.70505,30.04,1.11,V,K,1732.0,2137.0,2430.0,other/LOG_TAPES_9_3.csv,miniarchive,TAPES_9_3,Disk,YALE-03A-0001,,J16320-4751,True,IR
ir030503.0152.fits,J16320-4751,16:32:1.89,-47:52:56.9,2003-05-04,05:03:07,2452763.7105,30.04,1.1,V,K,1702.0,2137.0,2460.0,other/LOG_TAPES_9_3.csv,miniarchive,TAPES_9_3,Disk,YALE-03A-0001,,J16320-4751,True,IR
ir030503.0150.fits,J16320-4751,16:32:1.86,-47:52:57.5,2003-05-04,05:01:22,2452763.70929,30.04,1.1,V,K,1732.0,2137.0,2430.0,other/LOG_TAPES_9_3.csv,miniarchive,TAPES_9_3,Disk,YALE-03A-0001,,J16320-4751,True,IR
ir030503.0149.fits,J16320-4751,16:32:1.84,-47:52:57.6,2003-05-04,05:00:30,2452763.70869,30.05,1.1,V,K,1702.0,2167.0,2430.0,other/LOG_TAPES_9_3.csv,miniarchive,TAPES_9_3,Disk,YALE-03A-0001,,J16320-4751,True,IR
ir030503.0148.fits,J16320-4751,16:32:1.82,-47:52:57.7,2003-05-04,04:59:38,2452763.70808,30.04,1.1,V,K,1762.0,2137.0,2400.0,other/LOG_TAPES_9_3.csv,miniarchive,TAPES_9_3,Disk,YALE-03A-0001,,J16320-4751,True,IR
ir030508.0091.fits,J16320-4751,16:32:2.06,-47:52:30.7,2003-05-09,03:06:42,2452768.62966,30.04,1.29,V,K,1732.0,2167.0,2400.0,other/LOG_TAPES_9_3.csv,miniarchive,TAPES_9_3,Disk,YALE-03A-0001,,J16320-4751,True,IR
ir030508.0088.fits,J16320-4751,16:32:2.09,-47:52:30.7,2003-05-09,03:04:06,2452768.62785,30.05,1.3,V,K,1762.0,2137.0,2400.0,other/LOG_TAPES_9_3.csv,miniarchive,TAPES_9_3,Disk,YALE-03A-0001,,J16320-4751,True,IR
ir030510.0216.fits,J16320-4751,16:32:1.75,-47:52:28.7,2003-05-11,07:16:44,2452770.8033,30.04,1.09,I,K,1732.0,2137.0,2430.0,other/LOG_TAPES_9_3.csv,miniarchive,TAPES_9_3,Disk,YALE-03A-0001,,J16320-4751,True,IR
ir030510.0223.fits,J16320-4751,16:32:1.78,-47:52:28.2,2003-05-11,07:22:51,2452770.80754,30.05,1.09,I,K,1732.0,2137.0,2430.0,other/LOG_TAPES_9_3.csv,miniarchive,TAPES_9_3,Disk,YALE-03A-0001,,J16320-4751,True,IR
ir030510.0222.fits,J16320-4751,16:32:1.73,-47:52:28.1,2003-05-11,07:21:59,2452770.80694,30.05,1.09,I,K,1702.0,2167.0,2430.0,other/LOG_TAPES_9_3.csv,miniarchive,TAPES_9_3,Disk,YALE-03A-0001,,J16320-4751,True,IR
ir030510.0224.fits,J16320-4751,16:32:1.77,-47:52:28.1,2003-05-11,07:23:43,2452770.80814,30.04,1.09,I,K,1732.0,2167.0,2400.0,other/LOG_TAPES_9_3.csv,miniarchive,TAPES_9_3,Disk,YALE-03A-0001,,J16320-4751,True,IR
ir030510.0221.fits,J16320-4751,16:32:1.73,-47:52:28.1,2003-05-11,07:21:06,2452770.80633,30.05,1.09,I,K,1762.0,2137.0,2400.0,other/LOG_TAPES_9_3.csv,miniarchive,TAPES_9_3,Disk,YALE-03A-0001,,J16320-4751,True,IR
ir030510.0219.fits,J16320-4751,16:32:1.69,-47:52:28.1,2003-05-11,07:19:22,2452770.80512,30.05,1.09,I,K,1762.0,2107.0,2430.0,other/LOG_TAPES_9_3.csv,miniarchive,TAPES_9_3,Disk,YALE-03A-0001,,J16320-4751,True,IR
ir030511.0115.fits,J16320-4751,16:32:1.83,-47:52:28.1,2003-05-12,03:46:44,2452771.65746,30.04,1.16,V,K,1732.0,2137.0,2430.0,other/LOG_TAPES_9_3.csv,miniarchive,TAPES_9_3,Disk,YALE-03A-0001,,J16320-4751,True,IR
ir030511.0114.fits,J16320-4751,16:32:1.82,-47:52:28.1,2003-05-12,03:45:52,2452771.65685,30.04,1.16,V,K,1702.0,2167.0,2430.0,other/LOG_TAPES_9_3.csv,miniarchive,TAPES_9_3,Disk,YALE-03A-0001,,J16320-4751,True,IR
ir030510.0220.fits,J16320-4751,16:32:1.74,-47:52:28.0,2003-05-11,07:20:14,2452770.80572,30.04,1.09,I,K,1732.0,2107.0,2460.0,other/LOG_TAPES_9_3.csv,miniarchive,TAPES_9_3,Disk,YALE-03A-0001,,J16320-4751,True,IR
ir030510.0218.fits,J16320-4751,16:32:1.73,-47:52:28.3,2003-05-11,07:18:29,2452770.80451,30.05,1.09,I,K,1702.0,2137.0,2460.0,other/LOG_TAPES_9_3.csv,miniarchive,TAPES_9_3,Disk,YALE-03A-0001,,J16320-4751,True,IR
ir030508.0090.fits,J16320-4751,16:32:2.09,-47:52:30.9,2003-05-09,03:05:50,2452768.62906,30.04,1.29,V,K,1732.0,2137.0,2430.0,other/LOG_TAPES_9_3.csv,miniarchive,TAPES_9_3,Disk,YALE-03A-0001,,J16320-4751,True,IR
ir030508.0092.fits,J16320-4751,16:32:2.03,-47:52:30.5,2003-05-09,03:07:35,2452768.63027,30.05,1.28,V,K,1702.0,2137.0,2460.0,other/LOG_TAPES_9_3.csv,miniarchive,TAPES_9_3,Disk,YALE-03A-0001,,J16320-4751,True,IR
ir030508.0087.fits,J16320-4751,16:32:2.10,-47:52:30.2,2003-05-09,03:03:13,2452768.62724,30.05,1.3,V,K,1732.0,2107.0,2460.0,other/LOG_TAPES_9_3.csv,miniarchive,TAPES_9_3,Disk,YALE-03A-0001,,J16320-4751,True,IR
ir030508.0089.fits,J16320-4751,16:32:2.08,-47:52:30.7,2003-05-09,03:04:59,2452768.62846,30.05,1.29,V,K,1702.0,2167.0,2430.0,other/LOG_TAPES_9_3.csv,miniarchive,TAPES_9_3,Disk,YALE-03A-0001,,J16320-4751,True,IR
ir030510.0217.fits,J16320-4751,16:32:1.72,-47:52:28.4,2003-05-11,07:17:36,2452770.8039,30.04,1.09,I,K,1732.0,2167.0,2400.0,other/LOG_TAPES_9_3.csv,miniarchive,TAPES_9_3,Disk,YALE-03A-0001,,J16320-4751,True,IR
ir030510.0225.fits,J16320-4751,16:32:1.79,-47:52:28.1,2003-05-11,07:24:36,2452770.80875,30.04,1.09,I,K,1702.0,2137.0,2460.0,other/LOG_TAPES_9_3.csv,miniarchive,TAPES_9_3,Disk,YALE-03A-0001,,J16320-4751,True,IR
ir030517.0102.fits,J16320-4751,16:32:1.73,-47:52:25.6,2003-05-18,02:39:08,2452777.61051,30.05,1.26,V,K,1732.0,2167.0,2400.0,other/LOG_TAPES_9_3.csv,miniarchive,TAPES_9_3,Disk,YALE-03A-0001,,J16320-4751,True,IR
ir030411.0259.fits,J16320-4751,16:32:1.70,-47:52:28.8,2003-04-12,06:23:48,2452741.76653,30.05,1.1,I,K,1732.0,2167.0,2400.0,other/LOG_TAPES_9_3.csv,miniarchive,TAPES_9_3,Disk,YALE-03A-0001,,J16320-4751,True,IR
ir030530.0057.fits,J16320-4751,16:32:1.67,-47:52:28.0,2003-05-31,01:50:53,2452790.577,30.04,1.26,I,K,1762.0,2107.0,2430.0,other/LOG_TAPES_9_3.csv,miniarchive,TAPES_9_3,Disk,YALE-03A-0001,,J16320-4751,True,IR
ir030530.0061.fits,J16320-4751,16:32:1.69,-47:52:27.6,2003-05-31,01:54:23,2452790.57943,30.04,1.25,I,K,1732.0,2137.0,2430.0,other/LOG_TAPES_9_3.csv,miniarchive,TAPES_9_3,Disk,YALE-03A-0001,,J16320-4751,True,IR
ir030530.0054.fits,J16320-4751,16:32:1.71,-47:52:28.6,2003-05-31,01:48:14,2452790.57517,30.04,1.26,I,K,1732.0,2137.0,2430.0,other/LOG_TAPES_9_3.csv,miniarchive,TAPES_9_3,Disk,YALE-03A-0001,,J16320-4751,True,IR
ir030530.0055.fits,J16320-4751,16:32:1.69,-47:52:28.2,2003-05-31,01:49:07,2452790.57578,30.05,1.26,I,K,1732.0,2167.0,2400.0,other/LOG_TAPES_9_3.csv,miniarchive,TAPES_9_3,Disk,YALE-03A-0001,,J16320-4751,True,IR
ir030530.0056.fits,J16320-4751,16:32:1.67,-47:52:28.1,2003-05-31,01:49:59,2452790.57639,30.04,1.26,I,K,1702.0,2137.0,2460.0,other/LOG_TAPES_9_3.csv,miniarchive,TAPES_9_3,Disk,YALE-03A-0001,,J16320-4751,True,IR
ir030530.0058.fits,J16320-4751,16:32:1.67,-47:52:27.8,2003-05-31,01:51:44,2452790.5776,30.04,1.25,I,K,1732.0,2107.0,2460.0,other/LOG_TAPES_9_3.csv,miniarchive,TAPES_9_3,Disk,YALE-03A-0001,,J16320-4751,True,IR
ir030530.0059.fits,J16320-4751,16:32:1.67,-47:52:27.8,2003-05-31,01:52:38,2452790.57822,30.04,1.25,I,K,1762.0,2137.0,2400.0,other/LOG_TAPES_9_3.csv,miniarchive,TAPES_9_3,Disk,YALE-03A-0001,,J16320-4751,True,IR
ir030530.0063.fits,J16320-4751,16:32:1.69,-47:52:27.3,2003-05-31,01:56:08,2452790.58065,30.04,1.24,I,K,1702.0,2137.0,2460.0,other/LOG_TAPES_9_3.csv,miniarchive,TAPES_9_3,Disk,YALE-03A-0001,,J16320-4751,True,IR
ir030530.0062.fits,J16320-4751,16:32:1.68,-47:52:27.7,2003-05-31,01:55:15,2452790.58004,30.04,1.24,I,K,1732.0,2167.0,2400.0,other/LOG_TAPES_9_3.csv,miniarchive,TAPES_9_3,Disk,YALE-03A-0001,,J16320-4751,True,IR
ir030529.0158.fits,J16320-4751,16:32:1.63,-47:52:28.4,2003-05-30,03:14:54,2452789.63535,30.04,1.1,I,K,1702.0,2167.0,2430.0,other/LOG_TAPES_9_3.csv,miniarchive,TAPES_9_3,Disk,YALE-03A-0001,,J16320-4751,True,IR
ir030529.0160.fits,J16320-4751,16:32:1.63,-47:52:28.1,2003-05-30,03:16:38,2452789.63656,30.05,1.1,I,K,1732.0,2167.0,2400.0,other/LOG_TAPES_9_3.csv,miniarchive,TAPES_9_3,Disk,YALE-03A-0001,,J16320-4751,True,IR
ir030529.0159.fits,J16320-4751,16:32:1.62,-47:52:27.9,2003-05-30,03:15:46,2452789.63595,30.05,1.1,I,K,1732.0,2137.0,2430.0,other/LOG_TAPES_9_3.csv,miniarchive,TAPES_9_3,Disk,YALE-03A-0001,,J16320-4751,True,IR
ir030530.0060.fits,J16320-4751,16:32:1.67,-47:52:27.7,2003-05-31,01:53:30,2452790.57883,30.04,1.25,I,K,1702.0,2167.0,2430.0,other/LOG_TAPES_9_3.csv,miniarchive,TAPES_9_3,Disk,YALE-03A-0001,,J16320-4751,True,IR
ir030529.0157.fits,J16320-4751,16:32:1.65,-47:52:28.0,2003-05-30,03:14:01,2452789.63474,30.05,1.1,I,K,1762.0,2137.0,2400.0,other/LOG_TAPES_9_3.csv,miniarchive,TAPES_9_3,Disk,YALE-03A-0001,,J16320-4751,True,IR
ir030529.0156.fits,J16320-4751,16:32:1.67,-47:52:28.6,2003-05-30,03:13:09,2452789.63413,30.04,1.11,I,K,1732.0,2107.0,2460.0,other/LOG_TAPES_9_3.csv,miniarchive,TAPES_9_3,Disk,YALE-03A-0001,,J16320-4751,True,IR
ir030529.0155.fits,J16320-4751,16:32:1.68,-47:52:28.8,2003-05-30,03:12:17,2452789.63353,30.05,1.11,I,K,1762.0,2107.0,2430.0,other/LOG_TAPES_9_3.csv,miniarchive,TAPES_9_3,Disk,YALE-03A-0001,,J16320-4751,True,IR
ir030528.0167.fits,J16320-4751,16:32:1.71,-47:52:25.9,2003-05-29,04:48:15,2452788.70017,30.04,1.05,I,K,1702.0,2137.0,2460.0,other/LOG_TAPES_9_3.csv,miniarchive,TAPES_9_3,Disk,YALE-03A-0001,,J16320-4751,True,IR
ir030528.0166.fits,J16320-4751,16:32:1.71,-47:52:26.0,2003-05-29,04:47:22,2452788.69956,30.05,1.05,I,K,1732.0,2167.0,2400.0,other/LOG_TAPES_9_3.csv,miniarchive,TAPES_9_3,Disk,YALE-03A-0001,,J16320-4751,True,IR
ir030528.0165.fits,J16320-4751,16:32:1.73,-47:52:26.1,2003-05-29,04:46:30,2452788.69896,30.04,1.05,I,K,1732.0,2137.0,2430.0,other/LOG_TAPES_9_3.csv,miniarchive,TAPES_9_3,Disk,YALE-03A-0001,,J16320-4751,True,IR
ir030528.0164.fits,J16320-4751,16:32:1.73,-47:52:26.3,2003-05-29,04:45:38,2452788.69836,30.05,1.05,I,K,1702.0,2167.0,2430.0,other/LOG_TAPES_9_3.csv,miniarchive,TAPES_9_3,Disk,YALE-03A-0001,,J16320-4751,True,IR
ir030528.0163.fits,J16320-4751,16:32:1.77,-47:52:26.5,2003-05-29,04:44:45,2452788.69774,30.05,1.05,I,K,1762.0,2137.0,2400.0,other/LOG_TAPES_9_3.csv,miniarchive,TAPES_9_3,Disk,YALE-03A-0001,,J16320-4751,True,IR
ir030528.0162.fits,J16320-4751,16:32:1.76,-47:52:26.7,2003-05-29,04:43:52,2452788.69713,30.04,1.05,I,K,1732.0,2107.0,2460.0,other/LOG_TAPES_9_3.csv,miniarchive,TAPES_9_3,Disk,YALE-03A-0001,,J16320-4751,True,IR
ir030528.0161.fits,J16320-4751,16:32:1.77,-47:52:27.1,2003-05-29,04:42:59,2452788.69653,30.05,1.05,I,K,1762.0,2107.0,2430.0,other/LOG_TAPES_9_3.csv,miniarchive,TAPES_9_3,Disk,YALE-03A-0001,,J16320-4751,True,IR
ir030528.0160.fits,J16320-4751,16:32:1.75,-47:52:27.3,2003-05-29,04:42:07,2452788.69592,30.04,1.05,I,K,1702.0,2137.0,2460.0,other/LOG_TAPES_9_3.csv,miniarchive,TAPES_9_3,Disk,YALE-03A-0001,,J16320-4751,True,IR
ir030528.0159.fits,J16320-4751,16:32:1.74,-47:52:27.6,2003-05-29,04:41:14,2452788.6953,30.05,1.05,I,K,1732.0,2167.0,2400.0,other/LOG_TAPES_9_3.csv,miniarchive,TAPES_9_3,Disk,YALE-03A-0001,,J16320-4751,True,IR
ir030528.0158.fits,J16320-4751,16:32:1.73,-47:52:28.0,2003-05-29,04:40:22,2452788.6947,30.05,1.05,I,K,1732.0,2137.0,2430.0,other/LOG_TAPES_9_3.csv,miniarchive,TAPES_9_3,Disk,YALE-03A-0001,,J16320-4751,True,IR
ir030529.0154.fits,J16320-4751,16:32:1.70,-47:52:28.4,2003-05-30,03:11:24,2452789.63292,30.04,1.11,I,K,1702.0,2137.0,2460.0,other/LOG_TAPES_9_3.csv,miniarchive,TAPES_9_3,Disk,YALE-03A-0001,,J16320-4751,True,IR
ir030529.0153.fits,J16320-4751,16:32:1.72,-47:52:28.6,2003-05-30,03:10:31,2452789.63231,30.04,1.11,I,K,1732.0,2167.0,2400.0,other/LOG_TAPES_9_3.csv,miniarchive,TAPES_9_3,Disk,YALE-03A-0001,,J16320-4751,True,IR
ir030529.0152.fits,J16320-4751,16:32:1.74,-47:52:28.8,2003-05-30,03:09:39,2452789.63171,30.04,1.11,I,K,1732.0,2137.0,2430.0,other/LOG_TAPES_9_3.csv,miniarchive,TAPES_9_3,Disk,YALE-03A-0001,,J16320-4751,True,IR
ir030529.0161.fits,J16320-4751,16:32:1.63,-47:52:27.8,2003-05-30,03:17:31,2452789.63717,30.04,1.1,I,K,1702.0,2137.0,2460.0,other/LOG_TAPES_9_3.csv,miniarchive,TAPES_9_3,Disk,YALE-03A-0001,,J16320-4751,True,IR
ir030602.0142.fits,J16320-4751,16:32:3.37,-47:52:33.3,2003-06-03,06:11:23,2452793.75791,30.04,1.12,I,K,1762.0,2137.0,2400.0,other/LOG_TAPES_9_3.csv,miniarchive,TAPES_9_3,Disk,YALE-03A-0001,,J16320-4751,True,IR
ir030602.0144.fits,J16320-4751,16:32:3.37,-47:52:33.2,2003-06-03,06:13:08,2452793.75912,30.04,1.12,I,K,1732.0,2137.0,2430.0,other/LOG_TAPES_9_3.csv,miniarchive,TAPES_9_3,Disk,YALE-03A-0001,,J16320-4751,True,IR
ir030602.0145.fits,J16320-4751,16:32:3.40,-47:52:33.1,2003-06-03,06:14:00,2452793.75972,30.05,1.12,I,K,1732.0,2167.0,2400.0,other/LOG_TAPES_9_3.csv,miniarchive,TAPES_9_3,Disk,YALE-03A-0001,,J16320-4751,True,IR
ir030602.0146.fits,J16320-4751,16:32:3.38,-47:52:33.1,2003-06-03,06:14:52,2452793.76033,30.05,1.12,I,K,1702.0,2137.0,2460.0,other/LOG_TAPES_9_3.csv,miniarchive,TAPES_9_3,Disk,YALE-03A-0001,,J16320-4751,True,IR
ir030602.0143.fits,J16320-4751,16:32:3.38,-47:52:33.1,2003-06-03,06:12:16,2452793.75852,30.04,1.12,I,K,1702.0,2167.0,2430.0,other/LOG_TAPES_9_3.csv,miniarchive,TAPES_9_3,Disk,YALE-03A-0001,,J16320-4751,True,IR
ir030602.0141.fits,J16320-4751,16:32:3.37,-47:52:33.0,2003-06-03,06:10:31,2452793.7573,30.04,1.11,I,K,1732.0,2107.0,2460.0,other/LOG_TAPES_9_3.csv,miniarchive,TAPES_9_3,Disk,YALE-03A-0001,,J16320-4751,True,IR
ir030602.0140.fits,J16320-4751,16:32:3.36,-47:52:32.8,2003-06-03,06:09:39,2452793.7567,30.05,1.11,I,K,1762.0,2107.0,2430.0,other/LOG_TAPES_9_3.csv,miniarchive,TAPES_9_3,Disk,YALE-03A-0001,,J16320-4751,True,IR
ir030602.0137.fits,J16320-4751,16:32:3.33,-47:52:32.5,2003-06-03,06:07:01,2452793.75488,30.04,1.11,I,K,1732.0,2137.0,2430.0,other/LOG_TAPES_9_3.csv,miniarchive,TAPES_9_3,Disk,YALE-03A-0001,,J16320-4751,True,IR
ir030602.0138.fits,J16320-4751,16:32:3.35,-47:52:33.1,2003-06-03,06:07:53,2452793.75548,30.05,1.11,I,K,1732.0,2167.0,2400.0,other/LOG_TAPES_9_3.csv,miniarchive,TAPES_9_3,Disk,YALE-03A-0001,,J16320-4751,True,IR
ir030602.0139.fits,J16320-4751,16:32:3.36,-47:52:32.6,2003-06-03,06:08:46,2452793.75609,30.05,1.11,I,K,1702.0,2137.0,2460.0,other/LOG_TAPES_9_3.csv,miniarchive,TAPES_9_3,Disk,YALE-03A-0001,,J16320-4751,True,IR
ir030603.0154.fits,J16320-4751,16:32:2.91,-47:52:35.3,2003-06-04,04:47:36,2452794.69972,30.05,1.05,I,K,1702.0,2137.0,2460.0,other/LOG_TAPES_9_3.csv,miniarchive,TAPES_9_3,Disk,YALE-03A-0001,,J16320-4751,True,IR
ir030603.0161.fits,J16320-4751,16:32:2.88,-47:52:34.8,2003-06-04,04:53:41,2452794.70395,30.04,1.06,I,K,1702.0,2137.0,2460.0,other/LOG_TAPES_9_3.csv,miniarchive,TAPES_9_3,Disk,YALE-03A-0001,,J16320-4751,True,IR
ir030603.0152.fits,J16320-4751,16:32:2.96,-47:52:35.7,2003-06-04,04:45:51,2452794.69851,30.05,1.05,I,K,1732.0,2137.0,2430.0,other/LOG_TAPES_9_3.csv,miniarchive,TAPES_9_3,Disk,YALE-03A-0001,,J16320-4751,True,IR
ir030603.0153.fits,J16320-4751,16:32:2.92,-47:52:35.6,2003-06-04,04:46:43,2452794.69911,30.04,1.05,I,K,1732.0,2167.0,2400.0,other/LOG_TAPES_9_3.csv,miniarchive,TAPES_9_3,Disk,YALE-03A-0001,,J16320-4751,True,IR
ir030603.0155.fits,J16320-4751,16:32:2.91,-47:52:35.3,2003-06-04,04:48:28,2452794.70033,30.04,1.05,I,K,1762.0,2107.0,2430.0,other/LOG_TAPES_9_3.csv,miniarchive,TAPES_9_3,Disk,YALE-03A-0001,,J16320-4751,True,IR
ir030603.0156.fits,J16320-4751,16:32:2.89,-47:52:35.3,2003-06-04,04:49:20,2452794.70093,30.04,1.05,I,K,1732.0,2107.0,2460.0,other/LOG_TAPES_9_3.csv,miniarchive,TAPES_9_3,Disk,YALE-03A-0001,,J16320-4751,True,IR
ir030603.0157.fits,J16320-4751,16:32:2.88,-47:52:35.2,2003-06-04,04:50:12,2452794.70153,30.04,1.05,I,K,1762.0,2137.0,2400.0,other/LOG_TAPES_9_3.csv,miniarchive,TAPES_9_3,Disk,YALE-03A-0001,,J16320-4751,True,IR
ir030603.0158.fits,J16320-4751,16:32:2.88,-47:52:34.9,2003-06-04,04:51:04,2452794.70214,30.05,1.05,I,K,1702.0,2167.0,2430.0,other/LOG_TAPES_9_3.csv,miniarchive,TAPES_9_3,Disk,YALE-03A-0001,,J16320-4751,True,IR
ir030603.0159.fits,J16320-4751,16:32:2.86,-47:52:34.6,2003-06-04,04:51:56,2452794.70274,30.05,1.05,I,K,1732.0,2137.0,2430.0,other/LOG_TAPES_9_3.csv,miniarchive,TAPES_9_3,Disk,YALE-03A-0001,,J16320-4751,True,IR
ir030603.0160.fits,J16320-4751,16:32:2.87,-47:52:34.7,2003-06-04,04:52:48,2452794.70334,30.05,1.05,I,K,1732.0,2167.0,2400.0,other/LOG_TAPES_9_3.csv,miniarchive,TAPES_9_3,Disk,YALE-03A-0001,,J16320-4751,True,IR
ir030601.0166.fits,J16320-4751,16:32:2.97,-47:52:33.1,2003-06-02,03:27:28,2452792.64408,30.05,1.08,V,K,1702.0,2137.0,2460.0,other/LOG_TAPES_9_3.csv,miniarchive,TAPES_9_3,Disk,YALE-03A-0001,,J16320-4751,True,IR
ir030601.0164.fits,J16320-4751,16:32:3.03,-47:52:33.1,2003-06-02,03:25:43,2452792.64286,30.04,1.08,V,K,1732.0,2137.0,2430.0,other/LOG_TAPES_9_3.csv,miniarchive,TAPES_9_3,Disk,YALE-03A-0001,,J16320-4751,True,IR
ir030601.0165.fits,J16320-4751,16:32:2.98,-47:52:33.0,2003-06-02,03:26:35,2452792.64347,30.04,1.08,V,K,1732.0,2167.0,2400.0,other/LOG_TAPES_9_3.csv,miniarchive,TAPES_9_3,Disk,YALE-03A-0001,,J16320-4751,True,IR
ir030531.0077.fits,J16320-4751,16:32:1.67,-47:52:28.5,2003-06-01,01:31:38,2452791.56363,30.05,1.3,I,K,1702.0,2137.0,2460.0,other/LOG_TAPES_9_3.csv,miniarchive,TAPES_9_3,Disk,YALE-03A-0001,,J16320-4751,True,IR
ir030531.0084.fits,J16320-4751,16:32:1.62,-47:52:27.7,2003-06-01,01:37:44,2452791.56788,30.05,1.28,I,K,1702.0,2137.0,2460.0,other/LOG_TAPES_9_3.csv,miniarchive,TAPES_9_3,Disk,YALE-03A-0001,,J16320-4751,True,IR
ir030531.0083.fits,J16320-4751,16:32:1.60,-47:52:27.9,2003-06-01,01:36:52,2452791.56727,30.04,1.29,I,K,1732.0,2167.0,2400.0,other/LOG_TAPES_9_3.csv,miniarchive,TAPES_9_3,Disk,YALE-03A-0001,,J16320-4751,True,IR
ir030531.0082.fits,J16320-4751,16:32:1.63,-47:52:27.8,2003-06-01,01:35:59,2452791.56666,30.04,1.29,I,K,1732.0,2137.0,2430.0,other/LOG_TAPES_9_3.csv,miniarchive,TAPES_9_3,Disk,YALE-03A-0001,,J16320-4751,True,IR
ir030531.0081.fits,J16320-4751,16:32:1.65,-47:52:27.8,2003-06-01,01:35:07,2452791.56606,30.05,1.29,I,K,1702.0,2167.0,2430.0,other/LOG_TAPES_9_3.csv,miniarchive,TAPES_9_3,Disk,YALE-03A-0001,,J16320-4751,True,IR
ir030531.0080.fits,J16320-4751,16:32:1.64,-47:52:28.0,2003-06-01,01:34:15,2452791.56546,30.05,1.29,I,K,1762.0,2137.0,2400.0,other/LOG_TAPES_9_3.csv,miniarchive,TAPES_9_3,Disk,YALE-03A-0001,,J16320-4751,True,IR
ir030531.0079.fits,J16320-4751,16:32:1.62,-47:52:28.2,2003-06-01,01:33:23,2452791.56485,30.04,1.3,I,K,1732.0,2107.0,2460.0,other/LOG_TAPES_9_3.csv,miniarchive,TAPES_9_3,Disk,YALE-03A-0001,,J16320-4751,True,IR
ir030531.0078.fits,J16320-4751,16:32:1.66,-47:52:28.1,2003-06-01,01:32:30,2452791.56424,30.04,1.3,I,K,1762.0,2107.0,2430.0,other/LOG_TAPES_9_3.csv,miniarchive,TAPES_9_3,Disk,YALE-03A-0001,,J16320-4751,True,IR
ir030531.0076.fits,J16320-4751,16:32:1.70,-47:52:28.5,2003-06-01,01:30:44,2452791.56302,30.05,1.3,I,K,1732.0,2167.0,2400.0,other/LOG_TAPES_9_3.csv,miniarchive,TAPES_9_3,Disk,YALE-03A-0001,,J16320-4751,True,IR
ir030531.0075.fits,J16320-4751,16:32:1.74,-47:52:28.9,2003-06-01,01:29:53,2452791.56242,30.05,1.31,I,K,1732.0,2137.0,2430.0,other/LOG_TAPES_9_3.csv,miniarchive,TAPES_9_3,Disk,YALE-03A-0001,,J16320-4751,True,IR
ir030601.0167.fits,J16320-4751,16:32:2.99,-47:52:33.2,2003-06-02,03:28:21,2452792.64469,30.04,1.08,V,K,1762.0,2107.0,2430.0,other/LOG_TAPES_9_3.csv,miniarchive,TAPES_9_3,Disk,YALE-03A-0001,,J16320-4751,True,IR
ir030601.0168.fits,J16320-4751,16:32:2.98,-47:52:33.3,2003-06-02,03:29:13,2452792.64529,30.04,1.08,V,K,1732.0,2107.0,2460.0,other/LOG_TAPES_9_3.csv,miniarchive,TAPES_9_3,Disk,YALE-03A-0001,,J16320-4751,True,IR
ir030601.0169.fits,J16320-4751,16:32:3.03,-47:52:33.3,2003-06-02,03:30:06,2452792.64591,30.04,1.08,V,K,1762.0,2137.0,2400.0,other/LOG_TAPES_9_3.csv,miniarchive,TAPES_9_3,Disk,YALE-03A-0001,,J16320-4751,True,IR
ir030601.0170.fits,J16320-4751,16:32:3.04,-47:52:33.5,2003-06-02,03:30:58,2452792.64651,30.05,1.08,V,K,1702.0,2167.0,2430.0,other/LOG_TAPES_9_3.csv,miniarchive,TAPES_9_3,Disk,YALE-03A-0001,,J16320-4751,True,IR
ir030601.0171.fits,J16320-4751,16:32:3.04,-47:52:33.5,2003-06-02,03:31:50,2452792.64711,30.04,1.08,V,K,1732.0,2137.0,2430.0,other/LOG_TAPES_9_3.csv,miniarchive,TAPES_9_3,Disk,YALE-03A-0001,,J16320-4751,True,IR
ir030601.0172.fits,J16320-4751,16:32:3.06,-47:52:33.6,2003-06-02,03:32:42,2452792.64772,30.04,1.07,V,K,1732.0,2167.0,2400.0,other/LOG_TAPES_9_3.csv,miniarchive,TAPES_9_3,Disk,YALE-03A-0001,,J16320-4751,True,IR
ir030601.0173.fits,J16320-4751,16:32:3.06,-47:52:33.7,2003-06-02,03:33:35,2452792.64833,30.04,1.07,V,K,1702.0,2137.0,2460.0,other/LOG_TAPES_9_3.csv,miniarchive,TAPES_9_3,Disk,YALE-03A-0001,,J16320-4751,True,IR
ir030527.0175.fits,J16320-4751,16:32:1.69,-47:52:28.4,2003-05-28,02:26:44,2452787.6019,30.05,1.2,I,K,1732.0,2167.0,2400.0,other/LOG_TAPES_9_3.csv,miniarchive,TAPES_9_3,Disk,YALE-03A-0001,,J16320-4751,True,IR
ir030527.0167.fits,J16320-4751,16:32:1.69,-47:52:28.6,2003-05-28,02:19:44,2452787.59704,30.05,1.21,I,K,1732.0,2137.0,2430.0,other/LOG_TAPES_9_3.csv,miniarchive,TAPES_9_3,Disk,YALE-03A-0001,,J16320-4751,True,IR
ir030527.0168.fits,J16320-4751,16:32:1.65,-47:52:28.9,2003-05-28,02:20:36,2452787.59765,30.05,1.21,I,K,1732.0,2167.0,2400.0,other/LOG_TAPES_9_3.csv,miniarchive,TAPES_9_3,Disk,YALE-03A-0001,,J16320-4751,True,IR
ir030522.0241.fits,J16320-4751,16:32:1.72,-47:52:28.1,2003-05-23,03:56:43,2452782.66439,30.05,1.09,V,K,1762.0,2137.0,2400.0,other/LOG_TAPES_9_3.csv,miniarchive,TAPES_9_3,Disk,YALE-03A-0001,,J16320-4751,True,IR
ir030522.0240.fits,J16320-4751,16:32:1.72,-47:52:28.5,2003-05-23,03:55:51,2452782.66379,30.05,1.09,V,K,1732.0,2107.0,2460.0,other/LOG_TAPES_9_3.csv,miniarchive,TAPES_9_3,Disk,YALE-03A-0001,,J16320-4751,True,IR
ir030522.0239.fits,J16320-4751,16:32:1.73,-47:52:28.7,2003-05-23,03:54:59,2452782.66318,30.05,1.09,V,K,1762.0,2107.0,2430.0,other/LOG_TAPES_9_3.csv,miniarchive,TAPES_9_3,Disk,YALE-03A-0001,,J16320-4751,True,IR
ir030522.0238.fits,J16320-4751,16:32:1.76,-47:52:28.6,2003-05-23,03:54:06,2452782.66257,30.04,1.09,V,K,1702.0,2137.0,2460.0,other/LOG_TAPES_9_3.csv,miniarchive,TAPES_9_3,Disk,YALE-03A-0001,,J16320-4751,True,IR
ir030522.0237.fits,J16320-4751,16:32:1.75,-47:52:28.8,2003-05-23,03:53:13,2452782.66196,30.04,1.09,V,K,1732.0,2167.0,2400.0,other/LOG_TAPES_9_3.csv,miniarchive,TAPES_9_3,Disk,YALE-03A-0001,,J16320-4751,True,IR
ir030522.0236.fits,J16320-4751,16:32:1.74,-47:52:29.0,2003-05-23,03:52:21,2452782.66136,30.05,1.09,V,K,1732.0,2137.0,2430.0,other/LOG_TAPES_9_3.csv,miniarchive,TAPES_9_3,Disk,YALE-03A-0001,,J16320-4751,True,IR
ir030527.0169.fits,J16320-4751,16:32:1.66,-47:52:28.4,2003-05-28,02:21:29,2452787.59826,30.04,1.21,I,K,1702.0,2137.0,2460.0,other/LOG_TAPES_9_3.csv,miniarchive,TAPES_9_3,Disk,YALE-03A-0001,,J16320-4751,True,IR
ir030518.0103.fits,J16320-4751,16:32:1.80,-47:52:28.9,2003-05-19,01:26:14,2452778.55989,30.04,1.53,V,K,1762.0,2137.0,2400.0,other/LOG_TAPES_9_3.csv,miniarchive,TAPES_9_3,Disk,YALE-03A-0001,,J16320-4751,True,IR
ir030518.0102.fits,J16320-4751,16:32:1.78,-47:52:29.0,2003-05-19,01:25:22,2452778.55928,30.04,1.54,V,K,1732.0,2107.0,2460.0,other/LOG_TAPES_9_3.csv,miniarchive,TAPES_9_3,Disk,YALE-03A-0001,,J16320-4751,True,IR
ir030518.0105.fits,J16320-4751,16:32:1.83,-47:52:28.8,2003-05-19,01:27:59,2452778.5611,30.05,1.52,V,K,1732.0,2137.0,2430.0,other/LOG_TAPES_9_3.csv,miniarchive,TAPES_9_3,Disk,YALE-03A-0001,,J16320-4751,True,IR
ir030518.0106.fits,J16320-4751,16:32:1.86,-47:52:28.5,2003-05-19,01:28:51,2452778.56171,30.05,1.52,V,K,1732.0,2167.0,2400.0,other/LOG_TAPES_9_3.csv,miniarchive,TAPES_9_3,Disk,YALE-03A-0001,,J16320-4751,True,IR
ir030518.0107.fits,J16320-4751,16:32:1.87,-47:52:28.4,2003-05-19,01:29:44,2452778.56232,30.04,1.51,V,K,1702.0,2137.0,2460.0,other/LOG_TAPES_9_3.csv,miniarchive,TAPES_9_3,Disk,YALE-03A-0001,,J16320-4751,True,IR
ir030518.0101.fits,J16320-4751,16:32:1.72,-47:52:29.0,2003-05-19,01:24:30,2452778.55868,30.04,1.54,V,K,1762.0,2107.0,2430.0,other/LOG_TAPES_9_3.csv,miniarchive,TAPES_9_3,Disk,YALE-03A-0001,,J16320-4751,True,IR
ir030518.0100.fits,J16320-4751,16:32:1.72,-47:52:29.2,2003-05-19,01:23:37,2452778.55807,30.04,1.55,V,K,1702.0,2137.0,2460.0,other/LOG_TAPES_9_3.csv,miniarchive,TAPES_9_3,Disk,YALE-03A-0001,,J16320-4751,True,IR
ir030518.0099.fits,J16320-4751,16:32:1.73,-47:52:28.9,2003-05-19,01:22:44,2452778.55746,30.04,1.55,V,K,1732.0,2167.0,2400.0,other/LOG_TAPES_9_3.csv,miniarchive,TAPES_9_3,Disk,YALE-03A-0001,,J16320-4751,True,IR
ir030518.0098.fits,J16320-4751,16:32:1.70,-47:52:29.3,2003-05-19,01:21:53,2452778.55686,30.04,1.56,V,K,1732.0,2137.0,2430.0,other/LOG_TAPES_9_3.csv,miniarchive,TAPES_9_3,Disk,YALE-03A-0001,,J16320-4751,True,IR
ir030522.0242.fits,J16320-4751,16:32:1.74,-47:52:28.4,2003-05-23,03:57:36,2452782.665,30.04,1.09,V,K,1702.0,2167.0,2430.0,other/LOG_TAPES_9_3.csv,miniarchive,TAPES_9_3,Disk,YALE-03A-0001,,J16320-4751,True,IR
ir030522.0245.fits,J16320-4751,16:32:1.73,-47:52:28.4,2003-05-23,04:00:12,2452782.66682,30.04,1.08,V,K,1702.0,2137.0,2460.0,other/LOG_TAPES_9_3.csv,miniarchive,TAPES_9_3,Disk,YALE-03A-0001,,J16320-4751,True,IR
ir030523.0158.fits,J16320-4751,16:32:1.74,-47:52:29.2,2003-05-24,06:02:08,2452783.75148,30.05,1.07,V,K,1702.0,2137.0,2460.0,other/LOG_TAPES_9_3.csv,miniarchive,TAPES_9_3,Disk,YALE-03A-0001,,J16320-4751,True,IR
ir030523.0157.fits,J16320-4751,16:32:1.76,-47:52:29.0,2003-05-24,06:01:14,2452783.75086,30.05,1.07,V,K,1732.0,2167.0,2400.0,other/LOG_TAPES_9_3.csv,miniarchive,TAPES_9_3,Disk,YALE-03A-0001,,J16320-4751,True,IR
ir030523.0164.fits,J16320-4751,16:32:1.84,-47:52:29.0,2003-05-24,06:07:22,2452783.75512,30.04,1.07,V,K,1732.0,2167.0,2400.0,other/LOG_TAPES_9_3.csv,miniarchive,TAPES_9_3,Disk,YALE-03A-0001,,J16320-4751,True,IR
ir030523.0156.fits,J16320-4751,16:32:1.74,-47:52:28.8,2003-05-24,06:00:22,2452783.75026,30.04,1.07,V,K,1732.0,2137.0,2430.0,other/LOG_TAPES_9_3.csv,miniarchive,TAPES_9_3,Disk,YALE-03A-0001,,J16320-4751,True,IR
ir030522.0244.fits,J16320-4751,16:32:1.75,-47:52:28.3,2003-05-23,03:59:20,2452782.6662,30.05,1.09,V,K,1732.0,2167.0,2400.0,other/LOG_TAPES_9_3.csv,miniarchive,TAPES_9_3,Disk,YALE-03A-0001,,J16320-4751,True,IR
ir030522.0243.fits,J16320-4751,16:32:1.75,-47:52:28.3,2003-05-23,03:58:28,2452782.66561,30.04,1.09,V,K,1732.0,2137.0,2430.0,other/LOG_TAPES_9_3.csv,miniarchive,TAPES_9_3,Disk,YALE-03A-0001,,J16320-4751,True,IR
ir030518.0104.fits,J16320-4751,16:32:1.83,-47:52:28.8,2003-05-19,01:27:07,2452778.56051,30.05,1.53,V,K,1702.0,2167.0,2430.0,other/LOG_TAPES_9_3.csv,miniarchive,TAPES_9_3,Disk,YALE-03A-0001,,J16320-4751,True,IR
ir030517.0099.fits,J16320-4751,16:32:1.70,-47:52:25.6,2003-05-18,02:36:32,2452777.60871,30.05,1.27,V,K,1762.0,2137.0,2400.0,other/LOG_TAPES_9_3.csv,miniarchive,TAPES_9_3,Disk,YALE-03A-0001,,J16320-4751,True,IR
ir030517.0103.fits,J16320-4751,16:32:1.73,-47:52:25.3,2003-05-18,02:40:01,2452777.61113,30.04,1.26,V,K,1702.0,2137.0,2460.0,other/LOG_TAPES_9_3.csv,miniarchive,TAPES_9_3,Disk,YALE-03A-0001,,J16320-4751,True,IR
ir030523.0159.fits,J16320-4751,16:32:1.77,-47:52:29.3,2003-05-24,06:03:00,2452783.75209,30.04,1.07,V,K,1762.0,2107.0,2430.0,other/LOG_TAPES_9_3.csv,miniarchive,TAPES_9_3,Disk,YALE-03A-0001,,J16320-4751,True,IR
ir030523.0160.fits,J16320-4751,16:32:1.80,-47:52:29.2,2003-05-24,06:03:52,2452783.75269,30.04,1.07,V,K,1732.0,2107.0,2460.0,other/LOG_TAPES_9_3.csv,miniarchive,TAPES_9_3,Disk,YALE-03A-0001,,J16320-4751,True,IR
ir030523.0161.fits,J16320-4751,16:32:1.79,-47:52:29.4,2003-05-24,06:04:45,2452783.7533,30.05,1.07,V,K,1762.0,2137.0,2400.0,other/LOG_TAPES_9_3.csv,miniarchive,TAPES_9_3,Disk,YALE-03A-0001,,J16320-4751,True,IR
ir030526.0073.fits,J16320-4751,16:32:1.82,-47:52:27.6,2003-05-27,06:17:34,2452786.7622,30.04,1.09,I,K,1762.0,2107.0,2430.0,other/LOG_TAPES_9_3.csv,miniarchive,TAPES_9_3,Disk,YALE-03A-0001,,J16320-4751,True,IR
ir030526.0071.fits,J16320-4751,16:32:1.77,-47:52:28.0,2003-05-27,06:15:48,2452786.76098,30.05,1.09,I,K,1732.0,2167.0,2400.0,other/LOG_TAPES_9_3.csv,miniarchive,TAPES_9_3,Disk,YALE-03A-0001,,J16320-4751,True,IR
ir030526.0079.fits,J16320-4751,16:32:1.86,-47:52:27.3,2003-05-27,06:22:48,2452786.76584,30.05,1.1,I,K,1702.0,2137.0,2460.0,other/LOG_TAPES_9_3.csv,miniarchive,TAPES_9_3,Disk,YALE-03A-0001,,J16320-4751,True,IR
ir030526.0070.fits,J16320-4751,16:32:1.74,-47:52:28.4,2003-05-27,06:14:56,2452786.76038,30.04,1.09,I,K,1732.0,2137.0,2430.0,other/LOG_TAPES_9_3.csv,miniarchive,TAPES_9_3,Disk,YALE-03A-0001,,J16320-4751,True,IR
ir030525.0095.fits,J16320-4751,16:32:2.04,-47:52:28.3,2003-05-26,01:25:44,2452785.55954,30.05,1.41,I,K,1702.0,2137.0,2460.0,other/LOG_TAPES_9_3.csv,miniarchive,TAPES_9_3,Disk,YALE-03A-0001,,J16320-4751,True,IR
ir030526.0072.fits,J16320-4751,16:32:1.79,-47:52:27.6,2003-05-27,06:16:41,2452786.76159,30.04,1.09,I,K,1702.0,2137.0,2460.0,other/LOG_TAPES_9_3.csv,miniarchive,TAPES_9_3,Disk,YALE-03A-0001,,J16320-4751,True,IR
ir030526.0074.fits,J16320-4751,16:32:1.78,-47:52:27.3,2003-05-27,06:18:26,2452786.76281,30.04,1.09,I,K,1732.0,2107.0,2460.0,other/LOG_TAPES_9_3.csv,miniarchive,TAPES_9_3,Disk,YALE-03A-0001,,J16320-4751,True,IR
ir030526.0075.fits,J16320-4751,16:32:1.80,-47:52:27.0,2003-05-27,06:19:18,2452786.76341,30.04,1.09,I,K,1762.0,2137.0,2400.0,other/LOG_TAPES_9_3.csv,miniarchive,TAPES_9_3,Disk,YALE-03A-0001,,J16320-4751,True,IR
ir030527.0170.fits,J16320-4751,16:32:1.66,-47:52:28.4,2003-05-28,02:22:22,2452787.59887,30.05,1.21,I,K,1762.0,2107.0,2430.0,other/LOG_TAPES_9_3.csv,miniarchive,TAPES_9_3,Disk,YALE-03A-0001,,J16320-4751,True,IR
ir030527.0171.fits,J16320-4751,16:32:1.65,-47:52:28.5,2003-05-28,02:23:14,2452787.59947,30.05,1.21,I,K,1732.0,2107.0,2460.0,other/LOG_TAPES_9_3.csv,miniarchive,TAPES_9_3,Disk,YALE-03A-0001,,J16320-4751,True,IR
ir030527.0172.fits,J16320-4751,16:32:1.65,-47:52:28.5,2003-05-28,02:24:07,2452787.60008,30.04,1.2,I,K,1762.0,2137.0,2400.0,other/LOG_TAPES_9_3.csv,miniarchive,TAPES_9_3,Disk,YALE-03A-0001,,J16320-4751,True,IR
ir030527.0174.fits,J16320-4751,16:32:1.68,-47:52:28.4,2003-05-28,02:25:52,2452787.6013,30.05,1.2,I,K,1732.0,2137.0,2430.0,other/LOG_TAPES_9_3.csv,miniarchive,TAPES_9_3,Disk,YALE-03A-0001,,J16320-4751,True,IR
ir030527.0173.fits,J16320-4751,16:32:1.68,-47:52:28.4,2003-05-28,02:25:00,2452787.60069,30.04,1.2,I,K,1702.0,2167.0,2430.0,other/LOG_TAPES_9_3.csv,miniarchive,TAPES_9_3,Disk,YALE-03A-0001,,J16320-4751,True,IR
ir030527.0176.fits,J16320-4751,16:32:1.71,-47:52:28.3,2003-05-28,02:27:36,2452787.60251,30.05,1.2,I,K,1702.0,2137.0,2460.0,other/LOG_TAPES_9_3.csv,miniarchive,TAPES_9_3,Disk,YALE-03A-0001,,J16320-4751,True,IR
ir030526.0078.fits,J16320-4751,16:32:1.84,-47:52:27.1,2003-05-27,06:21:55,2452786.76523,30.04,1.1,I,K,1732.0,2167.0,2400.0,other/LOG_TAPES_9_3.csv,miniarchive,TAPES_9_3,Disk,YALE-03A-0001,,J16320-4751,True,IR
ir030526.0077.fits,J16320-4751,16:32:1.84,-47:52:27.1,2003-05-27,06:21:03,2452786.76462,30.05,1.09,I,K,1732.0,2137.0,2430.0,other/LOG_TAPES_9_3.csv,miniarchive,TAPES_9_3,Disk,YALE-03A-0001,,J16320-4751,True,IR
ir030526.0076.fits,J16320-4751,16:32:1.83,-47:52:27.1,2003-05-27,06:20:11,2452786.76402,30.04,1.09,I,K,1702.0,2167.0,2430.0,other/LOG_TAPES_9_3.csv,miniarchive,TAPES_9_3,Disk,YALE-03A-0001,,J16320-4751,True,IR
ir030523.0162.fits,J16320-4751,16:32:1.80,-47:52:29.2,2003-05-24,06:05:38,2452783.75391,30.05,1.07,V,K,1702.0,2167.0,2430.0,other/LOG_TAPES_9_3.csv,miniarchive,TAPES_9_3,Disk,YALE-03A-0001,,J16320-4751,True,IR
ir030524.0111.fits,J16320-4751,16:32:1.79,-47:52:28.5,2003-05-25,07:11:21,2452784.79956,30.04,1.15,V,K,1732.0,2107.0,2460.0,other/LOG_TAPES_9_3.csv,miniarchive,TAPES_9_3,Disk,YALE-03A-0001,,J16320-4751,True,IR
ir030524.0110.fits,J16320-4751,16:32:1.80,-47:52:28.5,2003-05-25,07:10:29,2452784.79896,30.04,1.15,V,K,1762.0,2107.0,2430.0,other/LOG_TAPES_9_3.csv,miniarchive,TAPES_9_3,Disk,YALE-03A-0001,,J16320-4751,True,IR
ir030524.0109.fits,J16320-4751,16:32:1.79,-47:52:28.6,2003-05-25,07:09:37,2452784.79835,30.04,1.15,V,K,1702.0,2137.0,2460.0,other/LOG_TAPES_9_3.csv,miniarchive,TAPES_9_3,Disk,YALE-03A-0001,,J16320-4751,True,IR
ir030524.0108.fits,J16320-4751,16:32:1.76,-47:52:28.6,2003-05-25,07:08:44,2452784.79774,30.05,1.15,V,K,1732.0,2167.0,2400.0,other/LOG_TAPES_9_3.csv,miniarchive,TAPES_9_3,Disk,YALE-03A-0001,,J16320-4751,True,IR
ir030524.0107.fits,J16320-4751,16:32:1.74,-47:52:28.8,2003-05-25,07:07:52,2452784.79713,30.04,1.15,V,K,1732.0,2137.0,2430.0,other/LOG_TAPES_9_3.csv,miniarchive,TAPES_9_3,Disk,YALE-03A-0001,,J16320-4751,True,IR
ir030524.0113.fits,J16320-4751,16:32:1.79,-47:52:28.4,2003-05-25,07:13:07,2452784.80078,30.04,1.16,V,K,1702.0,2167.0,2430.0,other/LOG_TAPES_9_3.csv,miniarchive,TAPES_9_3,Disk,YALE-03A-0001,,J16320-4751,True,IR
ir030524.0114.fits,J16320-4751,16:32:1.82,-47:52:28.3,2003-05-25,07:13:59,2452784.80138,30.05,1.16,V,K,1732.0,2137.0,2430.0,other/LOG_TAPES_9_3.csv,miniarchive,TAPES_9_3,Disk,YALE-03A-0001,,J16320-4751,True,IR
ir030524.0115.fits,J16320-4751,16:32:1.82,-47:52:28.3,2003-05-25,07:14:51,2452784.80198,30.04,1.16,V,K,1732.0,2167.0,2400.0,other/LOG_TAPES_9_3.csv,miniarchive,TAPES_9_3,Disk,YALE-03A-0001,,J16320-4751,True,IR
ir030524.0116.fits,J16320-4751,16:32:1.81,-47:52:28.2,2003-05-25,07:15:43,2452784.80259,30.04,1.16,V,K,1702.0,2137.0,2460.0,other/LOG_TAPES_9_3.csv,miniarchive,TAPES_9_3,Disk,YALE-03A-0001,,J16320-4751,True,IR
ir030523.0165.fits,J16320-4751,16:32:1.83,-47:52:28.9,2003-05-24,06:08:14,2452783.75573,30.04,1.07,V,K,1702.0,2137.0,2460.0,other/LOG_TAPES_9_3.csv,miniarchive,TAPES_9_3,Disk,YALE-03A-0001,,J16320-4751,True,IR
ir030523.0163.fits,J16320-4751,16:32:1.82,-47:52:28.9,2003-05-24,06:06:30,2452783.75451,30.05,1.07,V,K,1732.0,2137.0,2430.0,other/LOG_TAPES_9_3.csv,miniarchive,TAPES_9_3,Disk,YALE-03A-0001,,J16320-4751,True,IR
ir030524.0112.fits,J16320-4751,16:32:1.80,-47:52:28.3,2003-05-25,07:12:14,2452784.80017,30.05,1.16,V,K,1762.0,2137.0,2400.0,other/LOG_TAPES_9_3.csv,miniarchive,TAPES_9_3,Disk,YALE-03A-0001,,J16320-4751,True,IR
ir030525.0091.fits,J16320-4751,16:32:1.85,-47:52:28.5,2003-05-26,01:22:14,2452785.55712,30.05,1.42,I,K,1762.0,2137.0,2400.0,other/LOG_TAPES_9_3.csv,miniarchive,TAPES_9_3,Disk,YALE-03A-0001,,J16320-4751,True,IR
ir030525.0093.fits,J16320-4751,16:32:1.95,-47:52:28.2,2003-05-26,01:23:59,2452785.55832,30.05,1.41,I,K,1732.0,2137.0,2430.0,other/LOG_TAPES_9_3.csv,miniarchive,TAPES_9_3,Disk,YALE-03A-0001,,J16320-4751,True,IR
ir030525.0092.fits,J16320-4751,16:32:1.89,-47:52:28.5,2003-05-26,01:23:06,2452785.55772,30.05,1.42,I,K,1702.0,2167.0,2430.0,other/LOG_TAPES_9_3.csv,miniarchive,TAPES_9_3,Disk,YALE-03A-0001,,J16320-4751,True,IR
ir030525.0094.fits,J16320-4751,16:32:1.99,-47:52:28.1,2003-05-26,01:24:51,2452785.55892,30.04,1.41,I,K,1732.0,2167.0,2400.0,other/LOG_TAPES_9_3.csv,miniarchive,TAPES_9_3,Disk,YALE-03A-0001,,J16320-4751,True,IR
ir030525.0086.fits,J16320-4751,16:32:1.69,-47:52:29.0,2003-05-26,01:17:52,2452785.55408,30.05,1.44,I,K,1732.0,2137.0,2430.0,other/LOG_TAPES_9_3.csv,miniarchive,TAPES_9_3,Disk,YALE-03A-0001,,J16320-4751,True,IR
ir030525.0087.fits,J16320-4751,16:32:1.75,-47:52:28.9,2003-05-26,01:18:44,2452785.55468,30.04,1.44,I,K,1732.0,2167.0,2400.0,other/LOG_TAPES_9_3.csv,miniarchive,TAPES_9_3,Disk,YALE-03A-0001,,J16320-4751,True,IR
ir030525.0088.fits,J16320-4751,16:32:1.76,-47:52:28.8,2003-05-26,01:19:37,2452785.55529,30.04,1.43,I,K,1702.0,2137.0,2460.0,other/LOG_TAPES_9_3.csv,miniarchive,TAPES_9_3,Disk,YALE-03A-0001,,J16320-4751,True,IR
ir030525.0089.fits,J16320-4751,16:32:1.79,-47:52:28.7,2003-05-26,01:20:30,2452785.5559,30.04,1.43,I,K,1762.0,2107.0,2430.0,other/LOG_TAPES_9_3.csv,miniarchive,TAPES_9_3,Disk,YALE-03A-0001,,J16320-4751,True,IR
ir030525.0090.fits,J16320-4751,16:32:1.80,-47:52:28.7,2003-05-26,01:21:22,2452785.5565,30.05,1.43,I,K,1732.0,2107.0,2460.0,other/LOG_TAPES_9_3.csv,miniarchive,TAPES_9_3,Disk,YALE-03A-0001,,J16320-4751,True,IR
ir030421.0226.fits,J16320-4751,16:32:1.75,-47:52:28.2,2003-04-22,07:06:18,2452751.79605,30.04,1.05,V,K,1732.0,2137.0,2430.0,other/LOG_TAPES_9_3.csv,miniarchive,TAPES_9_3,Disk,YALE-03A-0001,,J16320-4751,True,IR
ir030421.0227.fits,J16320-4751,16:32:1.77,-47:52:27.7,2003-04-22,07:07:10,2452751.79665,30.04,1.05,V,K,1732.0,2167.0,2400.0,other/LOG_TAPES_9_3.csv,miniarchive,TAPES_9_3,Disk,YALE-03A-0001,,J16320-4751,True,IR
ir030421.0228.fits,J16320-4751,16:32:1.78,-47:52:27.4,2003-04-22,07:08:03,2452751.79726,30.04,1.05,V,K,1702.0,2137.0,2460.0,other/LOG_TAPES_9_3.csv,miniarchive,TAPES_9_3,Disk,YALE-03A-0001,,J16320-4751,True,IR
ir030421.0229.fits,J16320-4751,16:32:1.78,-47:52:27.1,2003-04-22,07:08:56,2452751.79787,30.04,1.05,V,K,1762.0,2107.0,2430.0,other/LOG_TAPES_9_3.csv,miniarchive,TAPES_9_3,Disk,YALE-03A-0001,,J16320-4751,True,IR
ir030421.0230.fits,J16320-4751,16:32:1.77,-47:52:27.0,2003-04-22,07:09:48,2452751.79847,30.04,1.05,V,K,1732.0,2107.0,2460.0,other/LOG_TAPES_9_3.csv,miniarchive,TAPES_9_3,Disk,YALE-03A-0001,,J16320-4751,True,IR
ir030421.0233.fits,J16320-4751,16:32:1.77,-47:52:26.5,2003-04-22,07:12:25,2452751.8003,30.04,1.05,V,K,1732.0,2137.0,2430.0,other/LOG_TAPES_9_3.csv,miniarchive,TAPES_9_3,Disk,YALE-03A-0001,,J16320-4751,True,IR
ir030421.0232.fits,J16320-4751,16:32:1.77,-47:52:26.5,2003-04-22,07:11:33,2452751.79969,30.04,1.05,V,K,1702.0,2167.0,2430.0,other/LOG_TAPES_9_3.csv,miniarchive,TAPES_9_3,Disk,YALE-03A-0001,,J16320-4751,True,IR
ir030421.0231.fits,J16320-4751,16:32:1.79,-47:52:26.8,2003-04-22,07:10:40,2452751.79908,30.05,1.05,V,K,1762.0,2137.0,2400.0,other/LOG_TAPES_9_3.csv,miniarchive,TAPES_9_3,Disk,YALE-03A-0001,,J16320-4751,True,IR
ir030420.0242.fits,J16320-4751,16:32:1.76,-47:52:28.5,2003-04-21,07:48:16,2452750.82519,30.05,1.06,V,K,1732.0,2137.0,2430.0,other/LOG_TAPES_9_3.csv,miniarchive,TAPES_9_3,Disk,YALE-03A-0001,,J16320-4751,True,IR
ir030420.0250.fits,J16320-4751,16:32:1.95,-47:52:29.0,2003-04-21,07:55:17,2452750.83006,30.05,1.06,V,K,1732.0,2167.0,2400.0,other/LOG_TAPES_9_3.csv,miniarchive,TAPES_9_3,Disk,YALE-03A-0001,,J16320-4751,True,IR
ir030419.0211.fits,J16320-4751,16:32:1.75,-47:52:28.9,2003-04-20,07:20:14,2452749.80572,30.04,1.05,V,K,1732.0,2097.0,2470.0,other/LOG_TAPES_9_3.csv,miniarchive,TAPES_9_3,Disk,YALE-03A-0001,,J16320-4751,True,IR
ir030419.0212.fits,J16320-4751,16:32:1.75,-47:52:28.9,2003-04-20,07:21:06,2452749.80632,30.04,1.05,V,K,1732.0,2127.0,2440.0,other/LOG_TAPES_9_3.csv,miniarchive,TAPES_9_3,Disk,YALE-03A-0001,,J16320-4751,True,IR
ir030419.0213.fits,J16320-4751,16:32:1.74,-47:52:29.0,2003-04-20,07:21:59,2452749.80693,30.05,1.05,V,K,1702.0,2097.0,2500.0,other/LOG_TAPES_9_3.csv,miniarchive,TAPES_9_3,Disk,YALE-03A-0001,,J16320-4751,True,IR
ir030420.0249.fits,J16320-4751,16:32:1.94,-47:52:28.8,2003-04-21,07:54:24,2452750.82945,30.04,1.06,V,K,1732.0,2137.0,2430.0,other/LOG_TAPES_9_3.csv,miniarchive,TAPES_9_3,Disk,YALE-03A-0001,,J16320-4751,True,IR
ir030420.0248.fits,J16320-4751,16:32:1.92,-47:52:28.7,2003-04-21,07:53:32,2452750.82885,30.04,1.06,V,K,1702.0,2167.0,2430.0,other/LOG_TAPES_9_3.csv,miniarchive,TAPES_9_3,Disk,YALE-03A-0001,,J16320-4751,True,IR
ir030420.0247.fits,J16320-4751,16:32:1.89,-47:52:28.6,2003-04-21,07:52:39,2452750.82823,30.05,1.06,V,K,1762.0,2137.0,2400.0,other/LOG_TAPES_9_3.csv,miniarchive,TAPES_9_3,Disk,YALE-03A-0001,,J16320-4751,True,IR
ir030420.0246.fits,J16320-4751,16:32:1.85,-47:52:28.6,2003-04-21,07:51:46,2452750.82763,30.04,1.06,V,K,1732.0,2107.0,2460.0,other/LOG_TAPES_9_3.csv,miniarchive,TAPES_9_3,Disk,YALE-03A-0001,,J16320-4751,True,IR
ir030420.0245.fits,J16320-4751,16:32:1.84,-47:52:28.6,2003-04-21,07:50:54,2452750.82702,30.04,1.06,V,K,1762.0,2107.0,2430.0,other/LOG_TAPES_9_3.csv,miniarchive,TAPES_9_3,Disk,YALE-03A-0001,,J16320-4751,True,IR
ir030420.0244.fits,J16320-4751,16:32:1.82,-47:52:28.6,2003-04-21,07:50:01,2452750.82641,30.04,1.06,V,K,1702.0,2137.0,2460.0,other/LOG_TAPES_9_3.csv,miniarchive,TAPES_9_3,Disk,YALE-03A-0001,,J16320-4751,True,IR
ir030420.0251.fits,J16320-4751,16:32:1.97,-47:52:29.0,2003-04-21,07:56:09,2452750.83067,30.05,1.06,V,K,1702.0,2137.0,2460.0,other/LOG_TAPES_9_3.csv,miniarchive,TAPES_9_3,Disk,YALE-03A-0001,,J16320-4751,True,IR
ir030420.0243.fits,J16320-4751,16:32:1.80,-47:52:28.4,2003-04-21,07:49:08,2452750.8258,30.04,1.06,V,K,1732.0,2167.0,2400.0,other/LOG_TAPES_9_3.csv,miniarchive,TAPES_9_3,Disk,YALE-03A-0001,,J16320-4751,True,IR
ir030419.0220.fits,J16320-4751,16:32:1.76,-47:52:28.7,2003-04-20,07:28:07,2452749.81119,30.05,1.05,V,K,1702.0,2097.0,2500.0,other/LOG_TAPES_9_3.csv,miniarchive,TAPES_9_3,Disk,YALE-03A-0001,,J16320-4751,True,IR
ir030419.0219.fits,J16320-4751,16:32:1.69,-47:52:28.7,2003-04-20,07:27:14,2452749.81058,30.04,1.05,V,K,1732.0,2127.0,2440.0,other/LOG_TAPES_9_3.csv,miniarchive,TAPES_9_3,Disk,YALE-03A-0001,,J16320-4751,True,IR
ir030419.0218.fits,J16320-4751,16:32:1.70,-47:52:28.8,2003-04-20,07:26:22,2452749.80998,30.05,1.05,V,K,1732.0,2097.0,2470.0,other/LOG_TAPES_9_3.csv,miniarchive,TAPES_9_3,Disk,YALE-03A-0001,,J16320-4751,True,IR
ir030419.0217.fits,J16320-4751,16:32:1.71,-47:52:29.1,2003-04-20,07:25:29,2452749.80937,30.05,1.05,V,K,1702.0,2127.0,2470.0,other/LOG_TAPES_9_3.csv,miniarchive,TAPES_9_3,Disk,YALE-03A-0001,,J16320-4751,True,IR
ir030419.0216.fits,J16320-4751,16:32:1.72,-47:52:29.0,2003-04-20,07:24:37,2452749.80876,30.05,1.05,V,K,1762.0,2097.0,2440.0,other/LOG_TAPES_9_3.csv,miniarchive,TAPES_9_3,Disk,YALE-03A-0001,,J16320-4751,True,IR
ir030419.0215.fits,J16320-4751,16:32:1.72,-47:52:28.9,2003-04-20,07:23:44,2452749.80815,30.04,1.05,V,K,1732.0,2067.0,2500.0,other/LOG_TAPES_9_3.csv,miniarchive,TAPES_9_3,Disk,YALE-03A-0001,,J16320-4751,True,IR
ir030419.0214.fits,J16320-4751,16:32:1.73,-47:52:29.1,2003-04-20,07:22:52,2452749.80755,30.04,1.05,V,K,1762.0,2067.0,2470.0,other/LOG_TAPES_9_3.csv,miniarchive,TAPES_9_3,Disk,YALE-03A-0001,,J16320-4751,True,IR
ir030422.0277.fits,J16320-4751,16:32:1.82,-47:52:28.6,2003-04-23,07:23:52,2452752.80825,30.04,1.05,I,K,1702.0,2167.0,2430.0,other/LOG_TAPES_9_3.csv,miniarchive,TAPES_9_3,Disk,YALE-03A-0001,,J16320-4751,True,IR
ir030422.0273.fits,J16320-4751,16:32:1.72,-47:52:28.1,2003-04-23,07:20:22,2452752.80581,30.05,1.05,I,K,1702.0,2137.0,2460.0,other/LOG_TAPES_9_3.csv,miniarchive,TAPES_9_3,Disk,YALE-03A-0001,,J16320-4751,True,IR
ir030422.0275.fits,J16320-4751,16:32:1.78,-47:52:28.5,2003-04-23,07:22:06,2452752.80702,30.05,1.05,I,K,1732.0,2107.0,2460.0,other/LOG_TAPES_9_3.csv,miniarchive,TAPES_9_3,Disk,YALE-03A-0001,,J16320-4751,True,IR
ir030423.0130.fits,J16320-4751,16:32:1.78,-47:52:28.3,2003-04-24,09:17:08,2452753.8869,30.04,1.16,I,K,1702.0,2167.0,2430.0,other/LOG_TAPES_9_3.csv,miniarchive,TAPES_9_3,Disk,YALE-03A-0001,,J16320-4751,True,IR
ir030423.0125.fits,J16320-4751,16:32:1.79,-47:52:28.4,2003-04-24,09:12:45,2452753.88386,30.05,1.15,I,K,1732.0,2167.0,2400.0,other/LOG_TAPES_9_3.csv,miniarchive,TAPES_9_3,Disk,YALE-03A-0001,,J16320-4751,True,IR
ir030423.0124.fits,J16320-4751,16:32:1.75,-47:52:28.6,2003-04-24,09:11:53,2452753.88326,30.04,1.15,I,K,1732.0,2137.0,2430.0,other/LOG_TAPES_9_3.csv,miniarchive,TAPES_9_3,Disk,YALE-03A-0001,,J16320-4751,True,IR
ir030423.0133.fits,J16320-4751,16:32:1.76,-47:52:28.3,2003-04-24,09:19:44,2452753.88871,30.05,1.17,I,K,1702.0,2137.0,2460.0,other/LOG_TAPES_9_3.csv,miniarchive,TAPES_9_3,Disk,YALE-03A-0001,,J16320-4751,True,IR
ir030423.0132.fits,J16320-4751,16:32:1.75,-47:52:28.3,2003-04-24,09:18:52,2452753.8881,30.04,1.16,I,K,1732.0,2167.0,2400.0,other/LOG_TAPES_9_3.csv,miniarchive,TAPES_9_3,Disk,YALE-03A-0001,,J16320-4751,True,IR
ir030423.0131.fits,J16320-4751,16:32:1.79,-47:52:28.4,2003-04-24,09:18:00,2452753.8875,30.05,1.16,I,K,1732.0,2137.0,2430.0,other/LOG_TAPES_9_3.csv,miniarchive,TAPES_9_3,Disk,YALE-03A-0001,,J16320-4751,True,IR
ir030423.0129.fits,J16320-4751,16:32:1.79,-47:52:28.3,2003-04-24,09:16:15,2452753.88629,30.05,1.16,I,K,1762.0,2137.0,2400.0,other/LOG_TAPES_9_3.csv,miniarchive,TAPES_9_3,Disk,YALE-03A-0001,,J16320-4751,True,IR
ir030423.0128.fits,J16320-4751,16:32:1.78,-47:52:28.5,2003-04-24,09:15:22,2452753.88568,30.04,1.16,I,K,1732.0,2107.0,2460.0,other/LOG_TAPES_9_3.csv,miniarchive,TAPES_9_3,Disk,YALE-03A-0001,,J16320-4751,True,IR
ir030423.0127.fits,J16320-4751,16:32:1.79,-47:52:28.4,2003-04-24,09:14:31,2452753.88508,30.04,1.16,I,K,1762.0,2107.0,2430.0,other/LOG_TAPES_9_3.csv,miniarchive,TAPES_9_3,Disk,YALE-03A-0001,,J16320-4751,True,IR
ir030423.0126.fits,J16320-4751,16:32:1.80,-47:52:28.4,2003-04-24,09:13:38,2452753.88447,30.04,1.15,I,K,1702.0,2137.0,2460.0,other/LOG_TAPES_9_3.csv,miniarchive,TAPES_9_3,Disk,YALE-03A-0001,,J16320-4751,True,IR
ir030422.0276.fits,J16320-4751,16:32:1.82,-47:52:28.2,2003-04-23,07:22:59,2452752.80764,30.04,1.05,I,K,1762.0,2137.0,2400.0,other/LOG_TAPES_9_3.csv,miniarchive,TAPES_9_3,Disk,YALE-03A-0001,,J16320-4751,True,IR
ir030422.0271.fits,J16320-4751,16:32:1.72,-47:52:28.6,2003-04-23,07:18:36,2452752.80459,30.04,1.05,I,K,1732.0,2137.0,2430.0,other/LOG_TAPES_9_3.csv,miniarchive,TAPES_9_3,Disk,YALE-03A-0001,,J16320-4751,True,IR
ir030422.0278.fits,J16320-4751,16:32:1.84,-47:52:28.4,2003-04-23,07:24:44,2452752.80885,30.04,1.05,I,K,1732.0,2137.0,2430.0,other/LOG_TAPES_9_3.csv,miniarchive,TAPES_9_3,Disk,YALE-03A-0001,,J16320-4751,True,IR
ir030421.0234.fits,J16320-4751,16:32:1.76,-47:52:26.5,2003-04-22,07:13:17,2452751.8009,30.05,1.05,V,K,1732.0,2167.0,2400.0,other/LOG_TAPES_9_3.csv,miniarchive,TAPES_9_3,Disk,YALE-03A-0001,,J16320-4751,True,IR
ir030421.0235.fits,J16320-4751,16:32:1.75,-47:52:26.6,2003-04-22,07:14:10,2452751.80151,30.04,1.05,V,K,1702.0,2137.0,2460.0,other/LOG_TAPES_9_3.csv,miniarchive,TAPES_9_3,Disk,YALE-03A-0001,,J16320-4751,True,IR
ir030422.0279.fits,J16320-4751,16:32:1.84,-47:52:28.3,2003-04-23,07:25:36,2452752.80945,30.04,1.05,I,K,1732.0,2167.0,2400.0,other/LOG_TAPES_9_3.csv,miniarchive,TAPES_9_3,Disk,YALE-03A-0001,,J16320-4751,True,IR
ir030422.0280.fits,J16320-4751,16:32:1.85,-47:52:28.6,2003-04-23,07:26:29,2452752.81007,30.05,1.05,I,K,1702.0,2137.0,2460.0,other/LOG_TAPES_9_3.csv,miniarchive,TAPES_9_3,Disk,YALE-03A-0001,,J16320-4751,True,IR
ir030422.0272.fits,J16320-4751,16:32:1.72,-47:52:28.4,2003-04-23,07:19:29,2452752.8052,30.04,1.05,I,K,1732.0,2167.0,2400.0,other/LOG_TAPES_9_3.csv,miniarchive,TAPES_9_3,Disk,YALE-03A-0001,,J16320-4751,True,IR
ir030422.0274.fits,J16320-4751,16:32:1.74,-47:52:28.2,2003-04-23,07:21:14,2452752.80642,30.04,1.05,I,K,1762.0,2107.0,2430.0,other/LOG_TAPES_9_3.csv,miniarchive,TAPES_9_3,Disk,YALE-03A-0001,,J16320-4751,True,IR
ir030412.0281.fits,J16320-4751,16:32:1.80,-47:52:27.4,2003-04-13,07:04:25,2452742.79473,30.05,1.06,V,K,1702.0,2167.0,2430.0,other/LOG_TAPES_9_3.csv,miniarchive,TAPES_9_3,Disk,YALE-03A-0001,,J16320-4751,True,IR
ir030412.0282.fits,J16320-4751,16:32:1.81,-47:52:27.2,2003-04-13,07:05:17,2452742.79534,30.04,1.06,V,K,1732.0,2137.0,2430.0,other/LOG_TAPES_9_3.csv,miniarchive,TAPES_9_3,Disk,YALE-03A-0001,,J16320-4751,True,IR
ir030412.0283.fits,J16320-4751,16:32:1.80,-47:52:27.0,2003-04-13,07:06:08,2452742.79594,30.04,1.06,V,K,1732.0,2167.0,2400.0,other/LOG_TAPES_9_3.csv,miniarchive,TAPES_9_3,Disk,YALE-03A-0001,,J16320-4751,True,IR
ir030412.0277.fits,J16320-4751,16:32:1.76,-47:52:28.0,2003-04-13,07:00:55,2452742.7923,30.05,1.07,V,K,1702.0,2137.0,2460.0,other/LOG_TAPES_9_3.csv,miniarchive,TAPES_9_3,Disk,YALE-03A-0001,,J16320-4751,True,IR
ir030412.0275.fits,J16320-4751,16:32:1.75,-47:52:28.9,2003-04-13,06:59:10,2452742.79109,30.05,1.07,V,K,1732.0,2137.0,2430.0,other/LOG_TAPES_9_3.csv,miniarchive,TAPES_9_3,Disk,YALE-03A-0001,,J16320-4751,True,IR
ir030412.0280.fits,J16320-4751,16:32:1.79,-47:52:27.3,2003-04-13,07:03:32,2452742.79412,30.04,1.06,V,K,1762.0,2137.0,2400.0,other/LOG_TAPES_9_3.csv,miniarchive,TAPES_9_3,Disk,YALE-03A-0001,,J16320-4751,True,IR
ir030412.0279.fits,J16320-4751,16:32:1.77,-47:52:27.5,2003-04-13,07:02:39,2452742.79351,30.04,1.07,V,K,1732.0,2107.0,2460.0,other/LOG_TAPES_9_3.csv,miniarchive,TAPES_9_3,Disk,YALE-03A-0001,,J16320-4751,True,IR
ir030412.0278.fits,J16320-4751,16:32:1.76,-47:52:27.8,2003-04-13,07:01:47,2452742.79291,30.04,1.07,V,K,1762.0,2107.0,2430.0,other/LOG_TAPES_9_3.csv,miniarchive,TAPES_9_3,Disk,YALE-03A-0001,,J16320-4751,True,IR
ir030413.0259.fits,J16320-4751,16:32:1.69,-47:52:29.0,2003-04-14,05:14:23,2452743.71832,30.04,1.21,I,K,1732.0,2167.0,2400.0,other/LOG_TAPES_9_3.csv,miniarchive,TAPES_9_3,Disk,YALE-03A-0001,,J16320-4751,True,IR
ir030413.0260.fits,J16320-4751,16:32:1.67,-47:52:29.1,2003-04-14,05:15:16,2452743.71894,30.05,1.21,I,K,1702.0,2137.0,2460.0,other/LOG_TAPES_9_3.csv,miniarchive,TAPES_9_3,Disk,YALE-03A-0001,,J16320-4751,True,IR
ir030412.0284.fits,J16320-4751,16:32:1.84,-47:52:27.0,2003-04-13,07:07:01,2452742.79655,30.05,1.06,V,K,1702.0,2137.0,2460.0,other/LOG_TAPES_9_3.csv,miniarchive,TAPES_9_3,Disk,YALE-03A-0001,,J16320-4751,True,IR
ir030412.0276.fits,J16320-4751,16:32:1.76,-47:52:28.3,2003-04-13,07:00:02,2452742.79169,30.05,1.07,V,K,1732.0,2167.0,2400.0,other/LOG_TAPES_9_3.csv,miniarchive,TAPES_9_3,Disk,YALE-03A-0001,,J16320-4751,True,IR
ir030411.0263.fits,J16320-4751,16:32:1.73,-47:52:27.8,2003-04-12,06:27:19,2452741.76897,30.05,1.1,I,K,1762.0,2137.0,2400.0,other/LOG_TAPES_9_3.csv,miniarchive,TAPES_9_3,Disk,YALE-03A-0001,,J16320-4751,True,IR
ir030411.0266.fits,J16320-4751,16:32:1.79,-47:52:27.2,2003-04-12,06:29:56,2452741.77079,30.04,1.1,I,K,1732.0,2167.0,2400.0,other/LOG_TAPES_9_3.csv,miniarchive,TAPES_9_3,Disk,YALE-03A-0001,,J16320-4751,True,IR
ir030411.0265.fits,J16320-4751,16:32:1.77,-47:52:27.4,2003-04-12,06:29:04,2452741.77019,30.04,1.1,I,K,1732.0,2137.0,2430.0,other/LOG_TAPES_9_3.csv,miniarchive,TAPES_9_3,Disk,YALE-03A-0001,,J16320-4751,True,IR
ir030411.0264.fits,J16320-4751,16:32:1.74,-47:52:27.5,2003-04-12,06:28:12,2452741.76958,30.05,1.1,I,K,1702.0,2167.0,2430.0,other/LOG_TAPES_9_3.csv,miniarchive,TAPES_9_3,Disk,YALE-03A-0001,,J16320-4751,True,IR
ir030411.0267.fits,J16320-4751,16:32:1.80,-47:52:26.9,2003-04-12,06:30:49,2452741.7714,30.04,1.1,I,K,1702.0,2137.0,2460.0,other/LOG_TAPES_9_3.csv,miniarchive,TAPES_9_3,Disk,YALE-03A-0001,,J16320-4751,True,IR
ir030411.0262.fits,J16320-4751,16:32:1.72,-47:52:28.1,2003-04-12,06:26:26,2452741.76836,30.04,1.1,I,K,1732.0,2107.0,2460.0,other/LOG_TAPES_9_3.csv,miniarchive,TAPES_9_3,Disk,YALE-03A-0001,,J16320-4751,True,IR
ir030411.0261.fits,J16320-4751,16:32:1.70,-47:52:28.0,2003-04-12,06:25:34,2452741.76776,30.05,1.1,I,K,1762.0,2107.0,2430.0,other/LOG_TAPES_9_3.csv,miniarchive,TAPES_9_3,Disk,YALE-03A-0001,,J16320-4751,True,IR
ir030411.0260.fits,J16320-4751,16:32:1.69,-47:52:28.6,2003-04-12,06:24:41,2452741.76714,30.05,1.1,I,K,1702.0,2137.0,2460.0,other/LOG_TAPES_9_3.csv,miniarchive,TAPES_9_3,Disk,YALE-03A-0001,,J16320-4751,True,IR
ir030413.0261.fits,J16320-4751,16:32:1.67,-47:52:29.0,2003-04-14,05:16:09,2452743.71955,30.04,1.21,I,K,1762.0,2107.0,2430.0,other/LOG_TAPES_9_3.csv,miniarchive,TAPES_9_3,Disk,YALE-03A-0001,,J16320-4751,True,IR
ir030413.0262.fits,J16320-4751,16:32:1.65,-47:52:28.9,2003-04-14,05:17:01,2452743.72015,30.04,1.2,I,K,1732.0,2107.0,2460.0,other/LOG_TAPES_9_3.csv,miniarchive,TAPES_9_3,Disk,YALE-03A-0001,,J16320-4751,True,IR
ir030413.0263.fits,J16320-4751,16:32:1.66,-47:52:28.8,2003-04-14,05:17:53,2452743.72075,30.04,1.2,I,K,1762.0,2137.0,2400.0,other/LOG_TAPES_9_3.csv,miniarchive,TAPES_9_3,Disk,YALE-03A-0001,,J16320-4751,True,IR
ir030418.0265.fits,J16320-4751,16:32:1.76,-47:52:28.4,2003-04-19,06:18:12,2452748.76264,30.04,1.08,I,K,1702.0,2137.0,2460.0,other/LOG_TAPES_9_3.csv,miniarchive,TAPES_9_3,Disk,YALE-03A-0001,,J16320-4751,True,IR
ir030418.0264.fits,J16320-4751,16:32:1.73,-47:52:28.4,2003-04-19,06:17:19,2452748.76203,30.05,1.08,I,K,1732.0,2167.0,2400.0,other/LOG_TAPES_9_3.csv,miniarchive,TAPES_9_3,Disk,YALE-03A-0001,,J16320-4751,True,IR
ir030418.0263.fits,J16320-4751,16:32:1.74,-47:52:28.0,2003-04-19,06:16:27,2452748.76142,30.04,1.08,I,K,1732.0,2137.0,2430.0,other/LOG_TAPES_9_3.csv,miniarchive,TAPES_9_3,Disk,YALE-03A-0001,,J16320-4751,True,IR
ir030418.0256.fits,J16320-4751,16:32:1.74,-47:52:28.8,2003-04-19,06:10:19,2452748.75717,30.04,1.09,I,K,1732.0,2137.0,2430.0,other/LOG_TAPES_9_3.csv,miniarchive,TAPES_9_3,Disk,YALE-03A-0001,,J16320-4751,True,IR
ir030418.0260.fits,J16320-4751,16:32:1.73,-47:52:28.2,2003-04-19,06:13:49,2452748.7596,30.05,1.08,I,K,1732.0,2107.0,2460.0,other/LOG_TAPES_9_3.csv,miniarchive,TAPES_9_3,Disk,YALE-03A-0001,,J16320-4751,True,IR
ir030418.0257.fits,J16320-4751,16:32:1.72,-47:52:28.6,2003-04-19,06:11:11,2452748.75777,30.05,1.09,I,K,1732.0,2167.0,2400.0,other/LOG_TAPES_9_3.csv,miniarchive,TAPES_9_3,Disk,YALE-03A-0001,,J16320-4751,True,IR
ir030418.0258.fits,J16320-4751,16:32:1.70,-47:52:28.2,2003-04-19,06:12:04,2452748.75838,30.05,1.09,I,K,1702.0,2137.0,2460.0,other/LOG_TAPES_9_3.csv,miniarchive,TAPES_9_3,Disk,YALE-03A-0001,,J16320-4751,True,IR
ir030418.0259.fits,J16320-4751,16:32:1.74,-47:52:27.9,2003-04-19,06:12:57,2452748.75899,30.05,1.09,I,K,1762.0,2107.0,2430.0,other/LOG_TAPES_9_3.csv,miniarchive,TAPES_9_3,Disk,YALE-03A-0001,,J16320-4751,True,IR
ir030418.0261.fits,J16320-4751,16:32:1.71,-47:52:28.1,2003-04-19,06:14:42,2452748.76021,30.05,1.08,I,K,1762.0,2137.0,2400.0,other/LOG_TAPES_9_3.csv,miniarchive,TAPES_9_3,Disk,YALE-03A-0001,,J16320-4751,True,IR
ir030418.0262.fits,J16320-4751,16:32:1.73,-47:52:28.3,2003-04-19,06:15:35,2452748.76082,30.04,1.08,I,K,1702.0,2167.0,2430.0,other/LOG_TAPES_9_3.csv,miniarchive,TAPES_9_3,Disk,YALE-03A-0001,,J16320-4751,True,IR
ir030413.0264.fits,J16320-4751,16:32:1.66,-47:52:29.0,2003-04-14,05:18:46,2452743.72137,30.05,1.2,I,K,1702.0,2167.0,2430.0,other/LOG_TAPES_9_3.csv,miniarchive,TAPES_9_3,Disk,YALE-03A-0001,,J16320-4751,True,IR
ir030413.0258.fits,J16320-4751,16:32:1.72,-47:52:29.1,2003-04-14,05:13:31,2452743.71772,30.04,1.21,I,K,1732.0,2137.0,2430.0,other/LOG_TAPES_9_3.csv,miniarchive,TAPES_9_3,Disk,YALE-03A-0001,,J16320-4751,True,IR
ir030413.0265.fits,J16320-4751,16:32:1.66,-47:52:29.0,2003-04-14,05:19:38,2452743.72197,30.05,1.2,I,K,1732.0,2137.0,2430.0,other/LOG_TAPES_9_3.csv,miniarchive,TAPES_9_3,Disk,YALE-03A-0001,,J16320-4751,True,IR
ir030413.0267.fits,J16320-4751,16:32:1.66,-47:52:29.1,2003-04-14,05:21:23,2452743.72319,30.04,1.19,I,K,1702.0,2137.0,2460.0,other/LOG_TAPES_9_3.csv,miniarchive,TAPES_9_3,Disk,YALE-03A-0001,,J16320-4751,True,IR
ir030413.0266.fits,J16320-4751,16:32:1.66,-47:52:29.2,2003-04-14,05:20:30,2452743.72258,30.05,1.2,I,K,1732.0,2167.0,2400.0,other/LOG_TAPES_9_3.csv,miniarchive,TAPES_9_3,Disk,YALE-03A-0001,,J16320-4751,True,IR
ir030414.0265.fits,J16320-4751,16:32:1.72,-47:52:28.8,2003-04-15,06:25:55,2452744.768,30.05,1.09,V,K,1732.0,2137.0,2430.0,other/LOG_TAPES_9_3.csv,miniarchive,TAPES_9_3,Disk,YALE-03A-0001,,J16320-4751,True,IR
ir030414.0266.fits,J16320-4751,16:32:1.69,-47:52:28.5,2003-04-15,06:26:47,2452744.76861,30.04,1.09,V,K,1732.0,2167.0,2400.0,other/LOG_TAPES_9_3.csv,miniarchive,TAPES_9_3,Disk,YALE-03A-0001,,J16320-4751,True,IR
ir030414.0267.fits,J16320-4751,16:32:1.69,-47:52:28.3,2003-04-15,06:27:40,2452744.76922,30.05,1.09,V,K,1702.0,2137.0,2460.0,other/LOG_TAPES_9_3.csv,miniarchive,TAPES_9_3,Disk,YALE-03A-0001,,J16320-4751,True,IR
ir030414.0268.fits,J16320-4751,16:32:1.70,-47:52:28.4,2003-04-15,06:28:33,2452744.76984,30.04,1.09,V,K,1762.0,2107.0,2430.0,other/LOG_TAPES_9_3.csv,miniarchive,TAPES_9_3,Disk,YALE-03A-0001,,J16320-4751,True,IR
ir030414.0269.fits,J16320-4751,16:32:1.68,-47:52:28.2,2003-04-15,06:29:25,2452744.77044,30.04,1.09,V,K,1732.0,2107.0,2460.0,other/LOG_TAPES_9_3.csv,miniarchive,TAPES_9_3,Disk,YALE-03A-0001,,J16320-4751,True,IR
ir030414.0270.fits,J16320-4751,16:32:1.64,-47:52:28.3,2003-04-15,06:30:18,2452744.77104,30.05,1.08,V,K,1762.0,2137.0,2400.0,other/LOG_TAPES_9_3.csv,miniarchive,TAPES_9_3,Disk,YALE-03A-0001,,J16320-4751,True,IR
ir030414.0271.fits,J16320-4751,16:32:1.64,-47:52:28.2,2003-04-15,06:31:10,2452744.77164,30.05,1.08,V,K,1702.0,2167.0,2430.0,other/LOG_TAPES_9_3.csv,miniarchive,TAPES_9_3,Disk,YALE-03A-0001,,J16320-4751,True,IR
ir030414.0272.fits,J16320-4751,16:32:1.64,-47:52:28.3,2003-04-15,06:32:02,2452744.77225,30.05,1.08,V,K,1732.0,2137.0,2430.0,other/LOG_TAPES_9_3.csv,miniarchive,TAPES_9_3,Disk,YALE-03A-0001,,J16320-4751,True,IR
ir030414.0273.fits,J16320-4751,16:32:1.62,-47:52:28.5,2003-04-15,06:32:54,2452744.77285,30.04,1.08,V,K,1732.0,2167.0,2400.0,other/LOG_TAPES_9_3.csv,miniarchive,TAPES_9_3,Disk,YALE-03A-0001,,J16320-4751,True,IR
ir030414.0274.fits,J16320-4751,16:32:1.63,-47:52:28.3,2003-04-15,06:33:47,2452744.77346,30.04,1.08,V,K,1702.0,2137.0,2460.0,other/LOG_TAPES_9_3.csv,miniarchive,TAPES_9_3,Disk,YALE-03A-0001,,J16320-4751,True,IR
ir030429.0262.fits,J16320-4751,16:32:1.78,-47:52:27.8,2003-04-30,08:04:26,2452759.83642,30.04,1.09,I,K,1702.0,2137.0,2460.0,other/LOG_TAPES_9_3.csv,miniarchive,TAPES_9_3,Disk,YALE-03A-0001,,J16320-4751,True,IR
ir030430.0122.fits,J16320-4751,16:32:1.80,-47:52:28.5,2003-05-01,06:49:00,2452760.78404,30.05,1.05,V,K,1702.0,2137.0,2460.0,other/LOG_TAPES_9_3.csv,miniarchive,TAPES_9_3,Disk,YALE-03A-0001,,J16320-4751,True,IR
ir030501.0330.fits,J16320-4751,16:32:2.87,-47:52:38.0,2003-05-02,07:12:12,2452761.80014,30.04,1.06,I,K,1732.0,2137.0,2430.0,other/LOG_TAPES_9_3.csv,miniarchive,TAPES_9_3,Disk,YALE-03A-0001,,J16320-4751,True,IR
ir030501.0329.fits,J16320-4751,16:32:2.84,-47:52:37.8,2003-05-02,07:11:20,2452761.79954,30.04,1.06,I,K,1702.0,2167.0,2430.0,other/LOG_TAPES_9_3.csv,miniarchive,TAPES_9_3,Disk,YALE-03A-0001,,J16320-4751,True,IR
ir030501.0328.fits,J16320-4751,16:32:2.81,-47:52:37.9,2003-05-02,07:10:27,2452761.79893,30.04,1.06,I,K,1762.0,2137.0,2400.0,other/LOG_TAPES_9_3.csv,miniarchive,TAPES_9_3,Disk,YALE-03A-0001,,J16320-4751,True,IR
ir030501.0324.fits,J16320-4751,16:32:2.73,-47:52:38.5,2003-05-02,07:06:56,2452761.79649,30.04,1.06,I,K,1732.0,2167.0,2400.0,other/LOG_TAPES_9_3.csv,miniarchive,TAPES_9_3,Disk,YALE-03A-0001,,J16320-4751,True,IR
ir030429.0261.fits,J16320-4751,16:32:1.78,-47:52:27.8,2003-04-30,08:03:33,2452759.83581,30.05,1.09,I,K,1732.0,2167.0,2400.0,other/LOG_TAPES_9_3.csv,miniarchive,TAPES_9_3,Disk,YALE-03A-0001,,J16320-4751,True,IR
ir030430.0129.fits,J16320-4751,16:32:1.98,-47:52:28.9,2003-05-01,06:55:08,2452760.78829,30.05,1.05,V,K,1702.0,2137.0,2460.0,other/LOG_TAPES_9_3.csv,miniarchive,TAPES_9_3,Disk,YALE-03A-0001,,J16320-4751,True,IR
ir030430.0124.fits,J16320-4751,16:32:1.87,-47:52:28.7,2003-05-01,06:50:46,2452760.78526,30.05,1.05,V,K,1732.0,2107.0,2460.0,other/LOG_TAPES_9_3.csv,miniarchive,TAPES_9_3,Disk,YALE-03A-0001,,J16320-4751,True,IR
ir030430.0126.fits,J16320-4751,16:32:1.93,-47:52:29.0,2003-05-01,06:52:30,2452760.78647,30.05,1.05,V,K,1702.0,2167.0,2430.0,other/LOG_TAPES_9_3.csv,miniarchive,TAPES_9_3,Disk,YALE-03A-0001,,J16320-4751,True,IR
ir030430.0127.fits,J16320-4751,16:32:1.96,-47:52:29.0,2003-05-01,06:53:23,2452760.78707,30.04,1.05,V,K,1732.0,2137.0,2430.0,other/LOG_TAPES_9_3.csv,miniarchive,TAPES_9_3,Disk,YALE-03A-0001,,J16320-4751,True,IR
ir030430.0128.fits,J16320-4751,16:32:1.97,-47:52:29.0,2003-05-01,06:54:15,2452760.78768,30.04,1.05,V,K,1732.0,2167.0,2400.0,other/LOG_TAPES_9_3.csv,miniarchive,TAPES_9_3,Disk,YALE-03A-0001,,J16320-4751,True,IR
ir030430.0125.fits,J16320-4751,16:32:1.91,-47:52:28.7,2003-05-01,06:51:38,2452760.78586,30.04,1.05,V,K,1762.0,2137.0,2400.0,other/LOG_TAPES_9_3.csv,miniarchive,TAPES_9_3,Disk,YALE-03A-0001,,J16320-4751,True,IR
ir030430.0121.fits,J16320-4751,16:32:1.77,-47:52:28.5,2003-05-01,06:48:07,2452760.78342,30.05,1.05,V,K,1732.0,2167.0,2400.0,other/LOG_TAPES_9_3.csv,miniarchive,TAPES_9_3,Disk,YALE-03A-0001,,J16320-4751,True,IR
ir030430.0120.fits,J16320-4751,16:32:1.74,-47:52:28.6,2003-05-01,06:47:15,2452760.78282,30.04,1.05,V,K,1732.0,2137.0,2430.0,other/LOG_TAPES_9_3.csv,miniarchive,TAPES_9_3,Disk,YALE-03A-0001,,J16320-4751,True,IR
ir030430.0123.fits,J16320-4751,16:32:1.84,-47:52:28.5,2003-05-01,06:49:54,2452760.78465,30.04,1.05,V,K,1762.0,2107.0,2430.0,other/LOG_TAPES_9_3.csv,miniarchive,TAPES_9_3,Disk,YALE-03A-0001,,J16320-4751,True,IR
ir030501.0323.fits,J16320-4751,16:32:2.73,-47:52:38.7,2003-05-02,07:06:04,2452761.79589,30.05,1.06,I,K,1732.0,2137.0,2430.0,other/LOG_TAPES_9_3.csv,miniarchive,TAPES_9_3,Disk,YALE-03A-0001,,J16320-4751,True,IR
ir030501.0332.fits,J16320-4751,16:32:2.92,-47:52:38.0,2003-05-02,07:13:57,2452761.80136,30.04,1.06,I,K,1702.0,2137.0,2460.0,other/LOG_TAPES_9_3.csv,miniarchive,TAPES_9_3,Disk,YALE-03A-0001,,J16320-4751,True,IR
ir030502.0165.fits,J16320-4751,16:32:1.74,-47:52:28.5,2003-05-03,07:01:51,2452762.79296,30.04,1.06,I,K,1702.0,2137.0,2460.0,other/LOG_TAPES_9_3.csv,miniarchive,TAPES_9_3,Disk,YALE-03A-0001,,J16320-4751,True,IR
ir030502.0163.fits,J16320-4751,16:32:1.75,-47:52:28.7,2003-05-03,07:00:07,2452762.79175,30.04,1.06,I,K,1732.0,2137.0,2430.0,other/LOG_TAPES_9_3.csv,miniarchive,TAPES_9_3,Disk,YALE-03A-0001,,J16320-4751,True,IR
ir030502.0166.fits,J16320-4751,16:32:1.72,-47:52:28.4,2003-05-03,07:02:44,2452762.79357,30.04,1.06,I,K,1762.0,2107.0,2430.0,other/LOG_TAPES_9_3.csv,miniarchive,TAPES_9_3,Disk,YALE-03A-0001,,J16320-4751,True,IR
ir030501.0325.fits,J16320-4751,16:32:2.76,-47:52:38.4,2003-05-02,07:07:49,2452761.7971,30.05,1.06,I,K,1702.0,2137.0,2460.0,other/LOG_TAPES_9_3.csv,miniarchive,TAPES_9_3,Disk,YALE-03A-0001,,J16320-4751,True,IR
ir030501.0331.fits,J16320-4751,16:32:2.89,-47:52:37.9,2003-05-02,07:13:04,2452761.80075,30.05,1.06,I,K,1732.0,2167.0,2400.0,other/LOG_TAPES_9_3.csv,miniarchive,TAPES_9_3,Disk,YALE-03A-0001,,J16320-4751,True,IR
ir030501.0326.fits,J16320-4751,16:32:2.76,-47:52:38.2,2003-05-02,07:08:42,2452761.79771,30.04,1.06,I,K,1762.0,2107.0,2430.0,other/LOG_TAPES_9_3.csv,miniarchive,TAPES_9_3,Disk,YALE-03A-0001,,J16320-4751,True,IR
ir030501.0327.fits,J16320-4751,16:32:2.77,-47:52:37.7,2003-05-02,07:09:34,2452761.79832,30.04,1.06,I,K,1732.0,2107.0,2460.0,other/LOG_TAPES_9_3.csv,miniarchive,TAPES_9_3,Disk,YALE-03A-0001,,J16320-4751,True,IR
ir030502.0167.fits,J16320-4751,16:32:1.73,-47:52:28.4,2003-05-03,07:03:36,2452762.79417,30.04,1.06,I,K,1732.0,2107.0,2460.0,other/LOG_TAPES_9_3.csv,miniarchive,TAPES_9_3,Disk,YALE-03A-0001,,J16320-4751,True,IR
ir030502.0168.fits,J16320-4751,16:32:1.72,-47:52:28.2,2003-05-03,07:04:29,2452762.79478,30.04,1.06,I,K,1762.0,2137.0,2400.0,other/LOG_TAPES_9_3.csv,miniarchive,TAPES_9_3,Disk,YALE-03A-0001,,J16320-4751,True,IR
ir030502.0164.fits,J16320-4751,16:32:1.74,-47:52:28.7,2003-05-03,07:00:58,2452762.79235,30.04,1.06,I,K,1732.0,2167.0,2400.0,other/LOG_TAPES_9_3.csv,miniarchive,TAPES_9_3,Disk,YALE-03A-0001,,J16320-4751,True,IR
ir030502.0172.fits,J16320-4751,16:32:1.77,-47:52:27.6,2003-05-03,07:07:58,2452762.7972,30.05,1.06,I,K,1702.0,2137.0,2460.0,other/LOG_TAPES_9_3.csv,miniarchive,TAPES_9_3,Disk,YALE-03A-0001,,J16320-4751,True,IR
ir030502.0171.fits,J16320-4751,16:32:1.78,-47:52:27.5,2003-05-03,07:07:05,2452762.79659,30.04,1.06,I,K,1732.0,2167.0,2400.0,other/LOG_TAPES_9_3.csv,miniarchive,TAPES_9_3,Disk,YALE-03A-0001,,J16320-4751,True,IR
ir030502.0170.fits,J16320-4751,16:32:1.74,-47:52:27.5,2003-05-03,07:06:13,2452762.79599,30.05,1.06,I,K,1732.0,2137.0,2430.0,other/LOG_TAPES_9_3.csv,miniarchive,TAPES_9_3,Disk,YALE-03A-0001,,J16320-4751,True,IR
ir030502.0169.fits,J16320-4751,16:32:1.74,-47:52:27.7,2003-05-03,07:05:21,2452762.79539,30.04,1.06,I,K,1702.0,2167.0,2430.0,other/LOG_TAPES_9_3.csv,miniarchive,TAPES_9_3,Disk,YALE-03A-0001,,J16320-4751,True,IR
ir030429.0257.fits,J16320-4751,16:32:1.76,-47:52:28.2,2003-04-30,08:00:04,2452759.83338,30.04,1.09,I,K,1732.0,2107.0,2460.0,other/LOG_TAPES_9_3.csv,miniarchive,TAPES_9_3,Disk,YALE-03A-0001,,J16320-4751,True,IR
ir030426.0218.fits,J16320-4751,16:32:1.75,-47:52:28.7,2003-04-27,07:46:14,2452756.82378,30.04,1.07,V,K,1732.0,2137.0,2430.0,other/LOG_TAPES_9_3.csv,miniarchive,TAPES_9_3,Disk,YALE-03A-0001,,J16320-4751,True,IR
ir030426.0219.fits,J16320-4751,16:32:1.76,-47:52:28.9,2003-04-27,07:47:06,2452756.82438,30.04,1.07,V,K,1732.0,2167.0,2400.0,other/LOG_TAPES_9_3.csv,miniarchive,TAPES_9_3,Disk,YALE-03A-0001,,J16320-4751,True,IR
ir030426.0226.fits,J16320-4751,16:32:1.78,-47:52:28.1,2003-04-27,07:53:14,2452756.82864,30.04,1.07,V,K,1732.0,2167.0,2400.0,other/LOG_TAPES_9_3.csv,miniarchive,TAPES_9_3,Disk,YALE-03A-0001,,J16320-4751,True,IR
ir030426.0220.fits,J16320-4751,16:32:1.78,-47:52:28.6,2003-04-27,07:47:59,2452756.82499,30.05,1.07,V,K,1702.0,2137.0,2460.0,other/LOG_TAPES_9_3.csv,miniarchive,TAPES_9_3,Disk,YALE-03A-0001,,J16320-4751,True,IR
ir030426.0222.fits,J16320-4751,16:32:1.77,-47:52:28.5,2003-04-27,07:49:44,2452756.82621,30.04,1.07,V,K,1732.0,2107.0,2460.0,other/LOG_TAPES_9_3.csv,miniarchive,TAPES_9_3,Disk,YALE-03A-0001,,J16320-4751,True,IR
ir030426.0223.fits,J16320-4751,16:32:1.77,-47:52:28.4,2003-04-27,07:50:37,2452756.82682,30.04,1.07,V,K,1762.0,2137.0,2400.0,other/LOG_TAPES_9_3.csv,miniarchive,TAPES_9_3,Disk,YALE-03A-0001,,J16320-4751,True,IR
ir030426.0224.fits,J16320-4751,16:32:1.78,-47:52:28.3,2003-04-27,07:51:30,2452756.82743,30.04,1.07,V,K,1702.0,2167.0,2430.0,other/LOG_TAPES_9_3.csv,miniarchive,TAPES_9_3,Disk,YALE-03A-0001,,J16320-4751,True,IR
ir030426.0225.fits,J16320-4751,16:32:1.78,-47:52:28.3,2003-04-27,07:52:22,2452756.82804,30.04,1.07,V,K,1732.0,2137.0,2430.0,other/LOG_TAPES_9_3.csv,miniarchive,TAPES_9_3,Disk,YALE-03A-0001,,J16320-4751,True,IR
ir030429.0258.fits,J16320-4751,16:32:1.78,-47:52:27.9,2003-04-30,08:00:56,2452759.83399,30.04,1.09,I,K,1762.0,2137.0,2400.0,other/LOG_TAPES_9_3.csv,miniarchive,TAPES_9_3,Disk,YALE-03A-0001,,J16320-4751,True,IR
ir030426.0221.fits,J16320-4751,16:32:1.77,-47:52:28.6,2003-04-27,07:48:52,2452756.8256,30.05,1.07,V,K,1762.0,2107.0,2430.0,other/LOG_TAPES_9_3.csv,miniarchive,TAPES_9_3,Disk,YALE-03A-0001,,J16320-4751,True,IR
ir030426.0227.fits,J16320-4751,16:32:1.79,-47:52:28.0,2003-04-27,07:54:07,2452756.82925,30.05,1.07,V,K,1702.0,2137.0,2460.0,other/LOG_TAPES_9_3.csv,miniarchive,TAPES_9_3,Disk,YALE-03A-0001,,J16320-4751,True,IR
ir030425.0202.fits,J16320-4751,16:32:1.81,-47:52:29.3,2003-04-26,06:23:27,2452755.76629,30.04,1.06,I,K,1732.0,2167.0,2400.0,other/LOG_TAPES_9_3.csv,miniarchive,TAPES_9_3,Disk,YALE-03A-0001,,J16320-4751,True,IR
ir030425.0201.fits,J16320-4751,16:32:1.76,-47:52:29.2,2003-04-26,06:22:35,2452755.76569,30.04,1.06,I,K,1732.0,2137.0,2430.0,other/LOG_TAPES_9_3.csv,miniarchive,TAPES_9_3,Disk,YALE-03A-0001,,J16320-4751,True,IR
ir030425.0199.fits,J16320-4751,16:32:1.74,-47:52:28.9,2003-04-26,06:20:50,2452755.76448,30.05,1.06,I,K,1762.0,2137.0,2400.0,other/LOG_TAPES_9_3.csv,miniarchive,TAPES_9_3,Disk,YALE-03A-0001,,J16320-4751,True,IR
ir030425.0198.fits,J16320-4751,16:32:1.72,-47:52:29.0,2003-04-26,06:19:57,2452755.76386,30.04,1.06,I,K,1732.0,2107.0,2460.0,other/LOG_TAPES_9_3.csv,miniarchive,TAPES_9_3,Disk,YALE-03A-0001,,J16320-4751,True,IR
ir030425.0197.fits,J16320-4751,16:32:1.70,-47:52:29.0,2003-04-26,06:19:05,2452755.76326,30.04,1.06,I,K,1762.0,2107.0,2430.0,other/LOG_TAPES_9_3.csv,miniarchive,TAPES_9_3,Disk,YALE-03A-0001,,J16320-4751,True,IR
ir030425.0196.fits,J16320-4751,16:32:1.70,-47:52:29.2,2003-04-26,06:18:12,2452755.76265,30.04,1.06,I,K,1702.0,2137.0,2460.0,other/LOG_TAPES_9_3.csv,miniarchive,TAPES_9_3,Disk,YALE-03A-0001,,J16320-4751,True,IR
ir030425.0195.fits,J16320-4751,16:32:1.68,-47:52:29.0,2003-04-26,06:17:20,2452755.76204,30.04,1.06,I,K,1732.0,2167.0,2400.0,other/LOG_TAPES_9_3.csv,miniarchive,TAPES_9_3,Disk,YALE-03A-0001,,J16320-4751,True,IR
ir030424.0122.fits,J16320-4751,16:32:1.75,-47:52:29.2,2003-04-25,05:58:10,2452754.74873,30.04,1.08,V,K,1732.0,2137.0,2430.0,other/LOG_TAPES_9_3.csv,miniarchive,TAPES_9_3,Disk,YALE-03A-0001,,J16320-4751,True,IR
ir030424.0123.fits,J16320-4751,16:32:1.77,-47:52:29.5,2003-04-25,05:59:02,2452754.74933,30.05,1.08,V,K,1732.0,2167.0,2400.0,other/LOG_TAPES_9_3.csv,miniarchive,TAPES_9_3,Disk,YALE-03A-0001,,J16320-4751,True,IR
ir030424.0124.fits,J16320-4751,16:32:1.82,-47:52:29.7,2003-04-25,05:59:55,2452754.74994,30.05,1.08,V,K,1702.0,2137.0,2460.0,other/LOG_TAPES_9_3.csv,miniarchive,TAPES_9_3,Disk,YALE-03A-0001,,J16320-4751,True,IR
ir030424.0125.fits,J16320-4751,16:32:1.82,-47:52:29.5,2003-04-25,06:00:48,2452754.75055,30.04,1.08,V,K,1762.0,2107.0,2430.0,other/LOG_TAPES_9_3.csv,miniarchive,TAPES_9_3,Disk,YALE-03A-0001,,J16320-4751,True,IR
ir030424.0126.fits,J16320-4751,16:32:1.86,-47:52:29.8,2003-04-25,06:01:39,2452754.75115,30.05,1.07,V,K,1732.0,2107.0,2460.0,other/LOG_TAPES_9_3.csv,miniarchive,TAPES_9_3,Disk,YALE-03A-0001,,J16320-4751,True,IR
ir030424.0127.fits,J16320-4751,16:32:1.89,-47:52:29.8,2003-04-25,06:02:31,2452754.75176,30.04,1.07,V,K,1762.0,2137.0,2400.0,other/LOG_TAPES_9_3.csv,miniarchive,TAPES_9_3,Disk,YALE-03A-0001,,J16320-4751,True,IR
ir030424.0128.fits,J16320-4751,16:32:1.91,-47:52:29.8,2003-04-25,06:03:24,2452754.75237,30.04,1.07,V,K,1702.0,2167.0,2430.0,other/LOG_TAPES_9_3.csv,miniarchive,TAPES_9_3,Disk,YALE-03A-0001,,J16320-4751,True,IR
ir030424.0129.fits,J16320-4751,16:32:1.93,-47:52:29.8,2003-04-25,06:04:16,2452754.75297,30.05,1.07,V,K,1732.0,2137.0,2430.0,other/LOG_TAPES_9_3.csv,miniarchive,TAPES_9_3,Disk,YALE-03A-0001,,J16320-4751,True,IR
ir030424.0130.fits,J16320-4751,16:32:1.96,-47:52:29.8,2003-04-25,06:05:08,2452754.75357,30.04,1.07,V,K,1732.0,2167.0,2400.0,other/LOG_TAPES_9_3.csv,miniarchive,TAPES_9_3,Disk,YALE-03A-0001,,J16320-4751,True,IR
ir030424.0131.fits,J16320-4751,16:32:1.97,-47:52:30.0,2003-04-25,06:06:01,2452754.75418,30.04,1.07,V,K,1702.0,2137.0,2460.0,other/LOG_TAPES_9_3.csv,miniarchive,TAPES_9_3,Disk,YALE-03A-0001,,J16320-4751,True,IR
ir030425.0203.fits,J16320-4751,16:32:1.82,-47:52:29.7,2003-04-26,06:24:20,2452755.76691,30.04,1.06,I,K,1702.0,2137.0,2460.0,other/LOG_TAPES_9_3.csv,miniarchive,TAPES_9_3,Disk,YALE-03A-0001,,J16320-4751,True,IR
ir030425.0194.fits,J16320-4751,16:32:1.72,-47:52:29.0,2003-04-26,06:16:27,2452755.76143,30.04,1.06,I,K,1732.0,2137.0,2430.0,other/LOG_TAPES_9_3.csv,miniarchive,TAPES_9_3,Disk,YALE-03A-0001,,J16320-4751,True,IR
ir030425.0200.fits,J16320-4751,16:32:1.76,-47:52:29.2,2003-04-26,06:21:43,2452755.76509,30.05,1.06,I,K,1702.0,2167.0,2430.0,other/LOG_TAPES_9_3.csv,miniarchive,TAPES_9_3,Disk,YALE-03A-0001,,J16320-4751,True,IR
ir030428.0236.fits,J16320-4751,16:32:1.85,-47:42:26.7,2003-04-29,07:54:02,2452758.8292,30.05,1.08,V,K,1732.0,2167.0,2400.0,other/LOG_TAPES_9_3.csv,miniarchive,TAPES_9_3,Disk,YALE-03A-0001,,J16320-4751,True,IR
ir030428.0237.fits,J16320-4751,16:32:1.86,-47:42:26.5,2003-04-29,07:54:55,2452758.82981,30.04,1.08,V,K,1702.0,2137.0,2460.0,other/LOG_TAPES_9_3.csv,miniarchive,TAPES_9_3,Disk,YALE-03A-0001,,J16320-4751,True,IR
ir030428.0234.fits,J16320-4751,16:32:1.82,-47:42:26.9,2003-04-29,07:52:18,2452758.82799,30.05,1.08,V,K,1702.0,2167.0,2430.0,other/LOG_TAPES_9_3.csv,miniarchive,TAPES_9_3,Disk,YALE-03A-0001,,J16320-4751,True,IR
ir030429.0260.fits,J16320-4751,16:32:1.77,-47:52:27.8,2003-04-30,08:02:41,2452759.8352,30.04,1.09,I,K,1732.0,2137.0,2430.0,other/LOG_TAPES_9_3.csv,miniarchive,TAPES_9_3,Disk,YALE-03A-0001,,J16320-4751,True,IR
ir030429.0259.fits,J16320-4751,16:32:1.77,-47:52:27.9,2003-04-30,08:01:49,2452759.8346,30.05,1.09,I,K,1702.0,2167.0,2430.0,other/LOG_TAPES_9_3.csv,miniarchive,TAPES_9_3,Disk,YALE-03A-0001,,J16320-4751,True,IR
ir030429.0256.fits,J16320-4751,16:32:1.76,-47:52:28.0,2003-04-30,07:59:11,2452759.83278,30.05,1.09,I,K,1762.0,2107.0,2430.0,other/LOG_TAPES_9_3.csv,miniarchive,TAPES_9_3,Disk,YALE-03A-0001,,J16320-4751,True,IR
ir030429.0255.fits,J16320-4751,16:32:1.78,-47:52:28.1,2003-04-30,07:58:19,2452759.83216,30.05,1.09,I,K,1702.0,2137.0,2460.0,other/LOG_TAPES_9_3.csv,miniarchive,TAPES_9_3,Disk,YALE-03A-0001,,J16320-4751,True,IR
ir030429.0254.fits,J16320-4751,16:32:1.76,-47:52:28.2,2003-04-30,07:57:26,2452759.83155,30.04,1.08,I,K,1732.0,2167.0,2400.0,other/LOG_TAPES_9_3.csv,miniarchive,TAPES_9_3,Disk,YALE-03A-0001,,J16320-4751,True,IR
ir030429.0253.fits,J16320-4751,16:32:1.74,-47:52:28.6,2003-04-30,07:56:34,2452759.83095,30.05,1.08,I,K,1732.0,2137.0,2430.0,other/LOG_TAPES_9_3.csv,miniarchive,TAPES_9_3,Disk,YALE-03A-0001,,J16320-4751,True,IR
ir030428.0229.fits,J16320-4751,16:32:1.74,-47:42:28.1,2003-04-29,07:47:55,2452758.82495,30.04,1.07,V,K,1732.0,2167.0,2400.0,other/LOG_TAPES_9_3.csv,miniarchive,TAPES_9_3,Disk,YALE-03A-0001,,J16320-4751,True,IR
ir030428.0228.fits,J16320-4751,16:32:1.74,-47:42:28.7,2003-04-29,07:47:03,2452758.82435,30.05,1.07,V,K,1732.0,2137.0,2430.0,other/LOG_TAPES_9_3.csv,miniarchive,TAPES_9_3,Disk,YALE-03A-0001,,J16320-4751,True,IR
ir030428.0235.fits,J16320-4751,16:32:1.83,-47:42:26.8,2003-04-29,07:53:10,2452758.82859,30.04,1.08,V,K,1732.0,2137.0,2430.0,other/LOG_TAPES_9_3.csv,miniarchive,TAPES_9_3,Disk,YALE-03A-0001,,J16320-4751,True,IR
ir030428.0230.fits,J16320-4751,16:32:1.75,-47:42:28.1,2003-04-29,07:48:48,2452758.82556,30.05,1.07,V,K,1702.0,2137.0,2460.0,other/LOG_TAPES_9_3.csv,miniarchive,TAPES_9_3,Disk,YALE-03A-0001,,J16320-4751,True,IR
ir030428.0231.fits,J16320-4751,16:32:1.78,-47:42:27.5,2003-04-29,07:49:41,2452758.82617,30.05,1.07,V,K,1762.0,2107.0,2430.0,other/LOG_TAPES_9_3.csv,miniarchive,TAPES_9_3,Disk,YALE-03A-0001,,J16320-4751,True,IR
ir030428.0232.fits,J16320-4751,16:32:1.79,-47:42:27.5,2003-04-29,07:50:33,2452758.82678,30.05,1.07,V,K,1732.0,2107.0,2460.0,other/LOG_TAPES_9_3.csv,miniarchive,TAPES_9_3,Disk,YALE-03A-0001,,J16320-4751,True,IR
ir030428.0233.fits,J16320-4751,16:32:1.83,-47:42:27.3,2003-04-29,07:51:25,2452758.82738,30.04,1.07,V,K,1762.0,2137.0,2400.0,other/LOG_TAPES_9_3.csv,miniarchive,TAPES_9_3,Disk,YALE-03A-0001,,J16320-4751,True,IR
ir030427.0172.fits,J16320-4751,16:32:1.73,-47:52:28.9,2003-04-28,06:30:55,2452757.77147,30.04,1.05,I,K,1732.0,2137.0,2430.0,other/LOG_TAPES_9_3.csv,miniarchive,TAPES_9_3,Disk,YALE-03A-0001,,J16320-4751,True,IR
ir030427.0173.fits,J16320-4751,16:32:1.69,-47:52:28.6,2003-04-28,06:31:47,2452757.77208,30.04,1.05,I,K,1732.0,2167.0,2400.0,other/LOG_TAPES_9_3.csv,miniarchive,TAPES_9_3,Disk,YALE-03A-0001,,J16320-4751,True,IR
ir030427.0174.fits,J16320-4751,16:32:1.69,-47:52:28.4,2003-04-28,06:32:40,2452757.77269,30.04,1.05,I,K,1702.0,2137.0,2460.0,other/LOG_TAPES_9_3.csv,miniarchive,TAPES_9_3,Disk,YALE-03A-0001,,J16320-4751,True,IR
ir030427.0175.fits,J16320-4751,16:32:1.67,-47:52:28.2,2003-04-28,06:33:32,2452757.7733,30.05,1.05,I,K,1762.0,2107.0,2430.0,other/LOG_TAPES_9_3.csv,miniarchive,TAPES_9_3,Disk,YALE-03A-0001,,J16320-4751,True,IR
ir030427.0176.fits,J16320-4751,16:32:1.68,-47:52:28.0,2003-04-28,06:34:24,2452757.7739,30.05,1.05,I,K,1732.0,2107.0,2460.0,other/LOG_TAPES_9_3.csv,miniarchive,TAPES_9_3,Disk,YALE-03A-0001,,J16320-4751,True,IR
ir030427.0177.fits,J16320-4751,16:32:1.68,-47:52:27.8,2003-04-28,06:35:17,2452757.77451,30.04,1.05,I,K,1762.0,2137.0,2400.0,other/LOG_TAPES_9_3.csv,miniarchive,TAPES_9_3,Disk,YALE-03A-0001,,J16320-4751,True,IR
ir030427.0178.fits,J16320-4751,16:32:1.67,-47:52:27.6,2003-04-28,06:36:10,2452757.77512,30.04,1.05,I,K,1702.0,2167.0,2430.0,other/LOG_TAPES_9_3.csv,miniarchive,TAPES_9_3,Disk,YALE-03A-0001,,J16320-4751,True,IR
ir030427.0179.fits,J16320-4751,16:32:1.66,-47:52:27.3,2003-04-28,06:37:02,2452757.77572,30.04,1.05,I,K,1732.0,2137.0,2430.0,other/LOG_TAPES_9_3.csv,miniarchive,TAPES_9_3,Disk,YALE-03A-0001,,J16320-4751,True,IR
ir030427.0180.fits,J16320-4751,16:32:1.66,-47:52:27.1,2003-04-28,06:37:53,2452757.77632,30.04,1.05,I,K,1732.0,2167.0,2400.0,other/LOG_TAPES_9_3.csv,miniarchive,TAPES_9_3,Disk,YALE-03A-0001,,J16320-4751,True,IR
ir030427.0181.fits,J16320-4751,16:32:1.66,-47:52:26.0,2003-04-28,06:38:46,2452757.77693,30.04,1.05,I,K,1702.0,2137.0,2460.0,other/LOG_TAPES_9_3.csv,miniarchive,TAPES_9_3,Disk,YALE-03A-0001,,J16320-4751,True,IR
ir030629.0073.fits,J16320-4751,18:04:29.44,-29:56:17.3,2003-06-30,01:21:14,2452820.55642,20.02,1.27,V,K,1732.0,2147.0,2420.0,other/LOG_TAPES_9_3.csv,miniarchive,TAPES_9_3,Disk,NOAO-03A-0153,,J16320-4751,True,IR
ir030629.0064.fits,J16320-4751,16:32:2.07,-47:52:28.5,2003-06-30,00:48:06,2452820.5334,30.05,1.14,V,K,1732.0,2137.0,2430.0,other/LOG_TAPES_9_3.csv,miniarchive,TAPES_9_3,Disk,YALE-03A-0001,,J16320-4751,True,IR
ir030629.0065.fits,J16320-4751,16:32:2.10,-47:52:28.3,2003-06-30,00:48:58,2452820.534,30.04,1.14,V,K,1732.0,2167.0,2400.0,other/LOG_TAPES_9_3.csv,miniarchive,TAPES_9_3,Disk,YALE-03A-0001,,J16320-4751,True,IR
ir030629.0066.fits,J16320-4751,16:32:2.14,-47:52:28.4,2003-06-30,00:49:51,2452820.53462,30.05,1.14,V,K,1702.0,2137.0,2460.0,other/LOG_TAPES_9_3.csv,miniarchive,TAPES_9_3,Disk,YALE-03A-0001,,J16320-4751,True,IR
ir030629.0067.fits,J16320-4751,18:04:29.52,-29:56:17.8,2003-06-30,01:12:42,2452820.55049,10.01,1.3,V,J,1732.0,2137.0,2430.0,other/LOG_TAPES_9_3.csv,miniarchive,TAPES_9_3,Disk,NOAO-03A-0153,,J16320-4751,True,IR
ir030629.0068.fits,J16320-4751,18:04:29.53,-29:56:17.8,2003-06-30,01:13:54,2452820.55132,10.0,1.29,V,J,1732.0,2147.0,2420.0,other/LOG_TAPES_9_3.csv,miniarchive,TAPES_9_3,Disk,NOAO-03A-0153,,J16320-4751,True,IR
ir030629.0069.fits,J16320-4751,18:04:29.51,-29:56:17.8,2003-06-30,01:15:08,2452820.55218,10.01,1.29,V,J,1722.0,2137.0,2440.0,other/LOG_TAPES_9_3.csv,miniarchive,TAPES_9_3,Disk,NOAO-03A-0153,,J16320-4751,True,IR
ir030629.0070.fits,J16320-4751,18:04:29.48,-29:56:17.6,2003-06-30,01:16:22,2452820.55304,10.01,1.28,V,J,1742.0,2127.0,2430.0,other/LOG_TAPES_9_3.csv,miniarchive,TAPES_9_3,Disk,NOAO-03A-0153,,J16320-4751,True,IR
ir030629.0071.fits,J16320-4751,18:04:29.49,-29:56:17.5,2003-06-30,01:17:34,2452820.55387,10.01,1.28,V,J,1732.0,2127.0,2440.0,other/LOG_TAPES_9_3.csv,miniarchive,TAPES_9_3,Disk,NOAO-03A-0153,,J16320-4751,True,IR
ir030629.0072.fits,J16320-4751,18:04:29.48,-29:56:17.4,2003-06-30,01:18:58,2452820.55485,20.02,1.27,V,K,1732.0,2137.0,2430.0,other/LOG_TAPES_9_3.csv,miniarchive,TAPES_9_3,Disk,NOAO-03A-0153,,J16320-4751,True,IR
ir030629.0074.fits,J16320-4751,18:04:29.44,-29:56:17.0,2003-06-30,01:23:33,2452820.55802,20.03,1.26,V,K,1722.0,2137.0,2440.0,other/LOG_TAPES_9_3.csv,miniarchive,TAPES_9_3,Disk,NOAO-03A-0153,,J16320-4751,True,IR
ir030630.0100.fits,J16320-4751,16:32:1.80,-47:52:28.7,2003-07-01,01:48:46,2452821.57553,30.04,1.07,V,K,1702.0,2137.0,2460.0,other/LOG_TAPES_9_3.csv,miniarchive,TAPES_9_3,Disk,YALE-03A-0001,,J16320-4751,True,IR
ir030629.0075.fits,J16320-4751,18:04:29.44,-29:56:16.7,2003-06-30,01:25:51,2452820.55962,20.03,1.25,V,K,1742.0,2127.0,2430.0,other/LOG_TAPES_9_3.csv,miniarchive,TAPES_9_3,Disk,NOAO-03A-0153,,J16320-4751,True,IR
ir030629.0076.fits,J16320-4751,18:04:29.44,-29:56:16.4,2003-06-30,01:28:07,2452820.5612,20.03,1.24,V,K,1732.0,2127.0,2440.0,other/LOG_TAPES_9_3.csv,miniarchive,TAPES_9_3,Disk,NOAO-03A-0153,,J16320-4751,True,IR
ir030629.0077.fits,J16320-4751,18:04:29.45,-29:56:16.4,2003-06-30,01:30:25,2452820.5628,20.04,1.23,V,K,1742.0,2137.0,2420.0,other/LOG_TAPES_9_3.csv,miniarchive,TAPES_9_3,Disk,NOAO-03A-0153,,J16320-4751,True,IR
ir030629.0078.fits,J16320-4751,18:04:29.48,-29:56:16.3,2003-06-30,01:32:54,2452820.56452,10.01,1.23,V,J,1732.0,2137.0,2430.0,other/LOG_TAPES_9_3.csv,miniarchive,TAPES_9_3,Disk,NOAO-03A-0153,,J16320-4751,True,IR
ir030629.0079.fits,J16320-4751,18:04:29.45,-29:56:16.0,2003-06-30,01:34:06,2452820.56535,10.02,1.22,V,J,1732.0,2147.0,2420.0,other/LOG_TAPES_9_3.csv,miniarchive,TAPES_9_3,Disk,NOAO-03A-0153,,J16320-4751,True,IR
ir030629.0080.fits,J16320-4751,18:04:29.42,-29:56:16.1,2003-06-30,01:35:20,2452820.56621,10.0,1.22,V,J,1722.0,2137.0,2440.0,other/LOG_TAPES_9_3.csv,miniarchive,TAPES_9_3,Disk,NOAO-03A-0153,,J16320-4751,True,IR
ir030629.0057.fits,J16320-4751,16:32:1.83,-47:52:28.4,2003-06-30,00:41:57,2452820.52914,30.05,1.15,V,K,1732.0,2137.0,2430.0,other/LOG_TAPES_9_3.csv,miniarchive,TAPES_9_3,Disk,YALE-03A-0001,,J16320-4751,True,IR
ir030629.0081.fits,J16320-4751,18:04:29.46,-29:56:15.7,2003-06-30,01:36:34,2452820.56707,10.0,1.21,V,J,1742.0,2127.0,2430.0,other/LOG_TAPES_9_3.csv,miniarchive,TAPES_9_3,Disk,NOAO-03A-0153,,J16320-4751,True,IR
ir030629.0063.fits,J16320-4751,16:32:2.02,-47:52:28.5,2003-06-30,00:47:13,2452820.5328,30.04,1.14,V,K,1702.0,2167.0,2430.0,other/LOG_TAPES_9_3.csv,miniarchive,TAPES_9_3,Disk,YALE-03A-0001,,J16320-4751,True,IR
ir030629.0062.fits,J16320-4751,16:32:1.99,-47:52:28.5,2003-06-30,00:46:20,2452820.53219,30.04,1.14,V,K,1762.0,2137.0,2400.0,other/LOG_TAPES_9_3.csv,miniarchive,TAPES_9_3,Disk,YALE-03A-0001,,J16320-4751,True,IR
ir030629.0061.fits,J16320-4751,16:32:1.97,-47:52:28.5,2003-06-30,00:45:27,2452820.53157,30.05,1.14,V,K,1732.0,2107.0,2460.0,other/LOG_TAPES_9_3.csv,miniarchive,TAPES_9_3,Disk,YALE-03A-0001,,J16320-4751,True,IR
ir030629.0060.fits,J16320-4751,16:32:1.93,-47:52:28.6,2003-06-30,00:44:35,2452820.53097,30.04,1.14,V,K,1762.0,2107.0,2430.0,other/LOG_TAPES_9_3.csv,miniarchive,TAPES_9_3,Disk,YALE-03A-0001,,J16320-4751,True,IR
ir030630.0102.fits,J16320-4751,16:32:1.81,-47:52:28.6,2003-07-01,01:50:30,2452821.57674,30.05,1.07,V,K,1732.0,2107.0,2460.0,other/LOG_TAPES_9_3.csv,miniarchive,TAPES_9_3,Disk,YALE-03A-0001,,J16320-4751,True,IR
ir030630.0105.fits,J16320-4751,16:32:1.84,-47:52:28.3,2003-07-01,01:53:07,2452821.57856,30.05,1.06,V,K,1732.0,2137.0,2430.0,other/LOG_TAPES_9_3.csv,miniarchive,TAPES_9_3,Disk,YALE-03A-0001,,J16320-4751,True,IR
ir030630.0104.fits,J16320-4751,16:32:1.81,-47:52:28.3,2003-07-01,01:52:15,2452821.57796,30.05,1.07,V,K,1702.0,2167.0,2430.0,other/LOG_TAPES_9_3.csv,miniarchive,TAPES_9_3,Disk,YALE-03A-0001,,J16320-4751,True,IR
ir030630.0106.fits,J16320-4751,16:32:1.90,-47:52:28.1,2003-07-01,01:53:59,2452821.57916,30.05,1.06,V,K,1732.0,2167.0,2400.0,other/LOG_TAPES_9_3.csv,miniarchive,TAPES_9_3,Disk,YALE-03A-0001,,J16320-4751,True,IR
ir030630.0107.fits,J16320-4751,16:32:1.90,-47:52:28.3,2003-07-01,01:54:52,2452821.57977,30.04,1.06,V,K,1702.0,2137.0,2460.0,other/LOG_TAPES_9_3.csv,miniarchive,TAPES_9_3,Disk,YALE-03A-0001,,J16320-4751,True,IR
ir030629.0082.fits,J16320-4751,18:04:29.48,-29:56:15.3,2003-06-30,01:37:46,2452820.5679,10.01,1.21,V,J,1732.0,2127.0,2440.0,other/LOG_TAPES_9_3.csv,miniarchive,TAPES_9_3,Disk,NOAO-03A-0153,,J16320-4751,True,IR
ir030629.0058.fits,J16320-4751,16:32:1.87,-47:52:28.6,2003-06-30,00:42:50,2452820.52975,30.04,1.15,V,K,1732.0,2167.0,2400.0,other/LOG_TAPES_9_3.csv,miniarchive,TAPES_9_3,Disk,YALE-03A-0001,,J16320-4751,True,IR
ir030629.0059.fits,J16320-4751,16:32:1.90,-47:52:28.6,2003-06-30,00:43:42,2452820.53036,30.05,1.15,V,K,1702.0,2137.0,2460.0,other/LOG_TAPES_9_3.csv,miniarchive,TAPES_9_3,Disk,YALE-03A-0001,,J16320-4751,True,IR
ir030627.0098.fits,J16320-4751,16:32:1.94,-47:52:27.9,2003-06-28,00:53:59,2452818.53749,30.05,1.14,V,K,1702.0,2137.0,2460.0,other/LOG_TAPES_9_3.csv,miniarchive,TAPES_9_3,Disk,YALE-03A-0001,,J16320-4751,True,IR
ir030627.0090.fits,J16320-4751,16:32:1.70,-47:52:28.9,2003-06-28,00:46:59,2452818.53263,30.04,1.15,V,K,1732.0,2167.0,2400.0,other/LOG_TAPES_9_3.csv,miniarchive,TAPES_9_3,Disk,YALE-03A-0001,,J16320-4751,True,IR
ir030627.0094.fits,J16320-4751,16:32:1.83,-47:52:28.5,2003-06-28,00:50:30,2452818.53507,30.05,1.15,V,K,1762.0,2137.0,2400.0,other/LOG_TAPES_9_3.csv,miniarchive,TAPES_9_3,Disk,YALE-03A-0001,,J16320-4751,True,IR
ir030627.0088.fits,J16320-4751,16:32:1.78,-47:52:24.4,2003-06-28,00:43:28,2452818.53019,4.01,1.16,V,K,1702.0,2137.0,2460.0,other/LOG_TAPES_9_3.csv,miniarchive,TAPES_9_3,Disk,YALE-03A-0001,,J16320-4751,True,IR
ir030627.0080.fits,J16320-4751,16:32:1.71,-47:52:24.5,2003-06-28,00:39:56,2452818.52774,4.01,1.17,V,K,1732.0,2167.0,2400.0,other/LOG_TAPES_9_3.csv,miniarchive,TAPES_9_3,Disk,YALE-03A-0001,,J16320-4751,True,IR
ir030627.0079.fits,J16320-4751,16:32:1.69,-47:52:24.5,2003-06-28,00:39:30,2452818.52744,4.01,1.17,V,K,1732.0,2137.0,2430.0,other/LOG_TAPES_9_3.csv,miniarchive,TAPES_9_3,Disk,YALE-03A-0001,,J16320-4751,True,IR
ir030627.0087.fits,J16320-4751,16:32:1.78,-47:52:24.3,2003-06-28,00:43:01,2452818.52988,4.01,1.16,V,K,1732.0,2167.0,2400.0,other/LOG_TAPES_9_3.csv,miniarchive,TAPES_9_3,Disk,YALE-03A-0001,,J16320-4751,True,IR
ir030627.0082.fits,J16320-4751,16:32:1.69,-47:52:24.5,2003-06-28,00:40:50,2452818.52836,4.01,1.17,V,K,1762.0,2107.0,2430.0,other/LOG_TAPES_9_3.csv,miniarchive,TAPES_9_3,Disk,YALE-03A-0001,,J16320-4751,True,IR
ir030627.0086.fits,J16320-4751,16:32:1.78,-47:52:24.3,2003-06-28,00:42:35,2452818.52958,4.01,1.16,V,K,1732.0,2137.0,2430.0,other/LOG_TAPES_9_3.csv,miniarchive,TAPES_9_3,Disk,YALE-03A-0001,,J16320-4751,True,IR
ir030627.0085.fits,J16320-4751,16:32:1.75,-47:52:24.4,2003-06-28,00:42:09,2452818.52928,4.01,1.16,V,K,1702.0,2167.0,2430.0,other/LOG_TAPES_9_3.csv,miniarchive,TAPES_9_3,Disk,YALE-03A-0001,,J16320-4751,True,IR
ir030627.0081.fits,J16320-4751,16:32:1.73,-47:52:24.5,2003-06-28,00:40:23,2452818.52805,4.01,1.17,V,K,1702.0,2137.0,2460.0,other/LOG_TAPES_9_3.csv,miniarchive,TAPES_9_3,Disk,YALE-03A-0001,,J16320-4751,True,IR
ir030627.0084.fits,J16320-4751,16:32:1.73,-47:52:24.6,2003-06-28,00:41:43,2452818.52898,4.01,1.16,V,K,1762.0,2137.0,2400.0,other/LOG_TAPES_9_3.csv,miniarchive,TAPES_9_3,Disk,YALE-03A-0001,,J16320-4751,True,IR
ir030627.0089.fits,J16320-4751,16:32:1.70,-47:52:29.0,2003-06-28,00:46:06,2452818.53202,30.04,1.16,V,K,1732.0,2137.0,2430.0,other/LOG_TAPES_9_3.csv,miniarchive,TAPES_9_3,Disk,YALE-03A-0001,,J16320-4751,True,IR
ir030627.0096.fits,J16320-4751,16:32:1.86,-47:52:28.0,2003-06-28,00:52:14,2452818.53628,30.04,1.14,V,K,1732.0,2137.0,2430.0,other/LOG_TAPES_9_3.csv,miniarchive,TAPES_9_3,Disk,YALE-03A-0001,,J16320-4751,True,IR
ir030628.0074.fits,J16320-4751,16:32:2.37,-47:52:28.3,2003-06-29,00:54:08,2452819.53759,30.04,1.14,V,K,1702.0,2137.0,2460.0,other/LOG_TAPES_9_3.csv,miniarchive,TAPES_9_3,Disk,YALE-03A-0001,,J16320-4751,True,IR
ir030628.0073.fits,J16320-4751,16:32:2.34,-47:52:28.5,2003-06-29,00:53:15,2452819.53698,30.04,1.14,V,K,1732.0,2167.0,2400.0,other/LOG_TAPES_9_3.csv,miniarchive,TAPES_9_3,Disk,YALE-03A-0001,,J16320-4751,True,IR
ir030628.0072.fits,J16320-4751,16:32:2.32,-47:52:28.6,2003-06-29,00:52:23,2452819.53638,30.04,1.14,V,K,1732.0,2137.0,2430.0,other/LOG_TAPES_9_3.csv,miniarchive,TAPES_9_3,Disk,YALE-03A-0001,,J16320-4751,True,IR
ir030628.0071.fits,J16320-4751,16:32:2.29,-47:52:28.5,2003-06-29,00:51:31,2452819.53578,30.05,1.14,V,K,1702.0,2167.0,2430.0,other/LOG_TAPES_9_3.csv,miniarchive,TAPES_9_3,Disk,YALE-03A-0001,,J16320-4751,True,IR
ir030628.0070.fits,J16320-4751,16:32:2.27,-47:52:28.6,2003-06-29,00:50:39,2452819.53518,30.04,1.14,V,K,1762.0,2137.0,2400.0,other/LOG_TAPES_9_3.csv,miniarchive,TAPES_9_3,Disk,YALE-03A-0001,,J16320-4751,True,IR
ir030628.0069.fits,J16320-4751,16:32:2.23,-47:52:28.6,2003-06-29,00:49:46,2452819.53456,30.04,1.14,V,K,1732.0,2107.0,2460.0,other/LOG_TAPES_9_3.csv,miniarchive,TAPES_9_3,Disk,YALE-03A-0001,,J16320-4751,True,IR
ir030628.0068.fits,J16320-4751,16:32:2.22,-47:52:28.7,2003-06-29,00:48:54,2452819.53396,30.05,1.14,V,K,1762.0,2107.0,2430.0,other/LOG_TAPES_9_3.csv,miniarchive,TAPES_9_3,Disk,YALE-03A-0001,,J16320-4751,True,IR
ir030628.0067.fits,J16320-4751,16:32:2.18,-47:52:28.8,2003-06-29,00:48:01,2452819.53335,30.05,1.15,V,K,1702.0,2137.0,2460.0,other/LOG_TAPES_9_3.csv,miniarchive,TAPES_9_3,Disk,YALE-03A-0001,,J16320-4751,True,IR
ir030628.0066.fits,J16320-4751,16:32:2.17,-47:52:29.1,2003-06-29,00:47:08,2452819.53274,30.04,1.15,V,K,1732.0,2167.0,2400.0,other/LOG_TAPES_9_3.csv,miniarchive,TAPES_9_3,Disk,YALE-03A-0001,,J16320-4751,True,IR
ir030628.0065.fits,J16320-4751,16:32:2.16,-47:52:29.1,2003-06-29,00:46:16,2452819.53214,30.04,1.15,V,K,1732.0,2137.0,2430.0,other/LOG_TAPES_9_3.csv,miniarchive,TAPES_9_3,Disk,YALE-03A-0001,,J16320-4751,True,IR
ir030627.0091.fits,J16320-4751,16:32:1.72,-47:52:28.6,2003-06-28,00:47:51,2452818.53324,30.04,1.15,V,K,1702.0,2137.0,2460.0,other/LOG_TAPES_9_3.csv,miniarchive,TAPES_9_3,Disk,YALE-03A-0001,,J16320-4751,True,IR
ir030627.0083.fits,J16320-4751,16:32:1.74,-47:52:24.5,2003-06-28,00:41:16,2452818.52866,4.01,1.16,V,K,1732.0,2107.0,2460.0,other/LOG_TAPES_9_3.csv,miniarchive,TAPES_9_3,Disk,YALE-03A-0001,,J16320-4751,True,IR
ir030627.0097.fits,J16320-4751,16:32:1.91,-47:52:27.6,2003-06-28,00:53:06,2452818.53688,30.04,1.14,V,K,1732.0,2167.0,2400.0,other/LOG_TAPES_9_3.csv,miniarchive,TAPES_9_3,Disk,YALE-03A-0001,,J16320-4751,True,IR
ir030627.0092.fits,J16320-4751,16:32:1.74,-47:52:28.5,2003-06-28,00:48:45,2452818.53385,30.04,1.15,V,K,1762.0,2107.0,2430.0,other/LOG_TAPES_9_3.csv,miniarchive,TAPES_9_3,Disk,YALE-03A-0001,,J16320-4751,True,IR
ir030627.0093.fits,J16320-4751,16:32:1.77,-47:52:28.3,2003-06-28,00:49:37,2452818.53446,30.05,1.15,V,K,1732.0,2107.0,2460.0,other/LOG_TAPES_9_3.csv,miniarchive,TAPES_9_3,Disk,YALE-03A-0001,,J16320-4751,True,IR
ir030627.0095.fits,J16320-4751,16:32:1.85,-47:52:28.3,2003-06-28,00:51:22,2452818.53568,30.05,1.15,V,K,1702.0,2167.0,2430.0,other/LOG_TAPES_9_3.csv,miniarchive,TAPES_9_3,Disk,YALE-03A-0001,,J16320-4751,True,IR
ir030630.0101.fits,J16320-4751,16:32:1.75,-47:52:28.6,2003-07-01,01:49:38,2452821.57614,30.04,1.07,V,K,1762.0,2107.0,2430.0,other/LOG_TAPES_9_3.csv,miniarchive,TAPES_9_3,Disk,YALE-03A-0001,,J16320-4751,True,IR
ir030630.0099.fits,J16320-4751,16:32:1.80,-47:52:29.2,2003-07-01,01:47:53,2452821.57492,30.05,1.07,V,K,1732.0,2167.0,2400.0,other/LOG_TAPES_9_3.csv,miniarchive,TAPES_9_3,Disk,YALE-03A-0001,,J16320-4751,True,IR
ir030710.0106.fits,J16320-4751,16:32:1.73,-47:52:24.2,2003-07-11,01:03:19,2452831.54397,30.04,1.07,V,K,1732.0,2167.0,2400.0,other/LOG_TAPES_9_3.csv,miniarchive,TAPES_9_3,Disk,YALE-03A-0001,,J16320-4751,True,IR
ir030710.0105.fits,J16320-4751,16:32:1.73,-47:52:25.2,2003-07-11,01:02:27,2452831.54337,30.04,1.07,V,K,1732.0,2137.0,2430.0,other/LOG_TAPES_9_3.csv,miniarchive,TAPES_9_3,Disk,YALE-03A-0001,,J16320-4751,True,IR
ir030630.0098.fits,J16320-4751,16:32:1.74,-47:52:28.9,2003-07-01,01:47:01,2452821.57432,30.04,1.07,V,K,1732.0,2137.0,2430.0,other/LOG_TAPES_9_3.csv,miniarchive,TAPES_9_3,Disk,YALE-03A-0001,,J16320-4751,True,IR
ir030711.0137.fits,J16320-4751,16:32:1.90,-47:52:8.9,2003-07-12,02:57:22,2452832.62317,30.05,1.07,V,K,1732.0,2137.0,2430.0,other/LOG_TAPES_9_3.csv,miniarchive,TAPES_9_3,Disk,YALE-03A-0001,,J16320-4751,True,IR
ir030711.0136.fits,J16320-4751,16:32:1.86,-47:52:9.2,2003-07-12,02:56:30,2452832.62257,30.05,1.07,V,K,1702.0,2167.0,2430.0,other/LOG_TAPES_9_3.csv,miniarchive,TAPES_9_3,Disk,YALE-03A-0001,,J16320-4751,True,IR
ir030711.0131.fits,J16320-4751,16:32:1.76,-47:52:10.8,2003-07-12,02:52:07,2452832.61953,30.05,1.07,V,K,1732.0,2167.0,2400.0,other/LOG_TAPES_9_3.csv,miniarchive,TAPES_9_3,Disk,YALE-03A-0001,,J16320-4751,True,IR
ir030711.0134.fits,J16320-4751,16:32:1.82,-47:52:9.8,2003-07-12,02:54:45,2452832.62135,30.04,1.07,V,K,1732.0,2107.0,2460.0,other/LOG_TAPES_9_3.csv,miniarchive,TAPES_9_3,Disk,YALE-03A-0001,,J16320-4751,True,IR
ir030711.0133.fits,J16320-4751,16:32:1.81,-47:52:10.2,2003-07-12,02:53:52,2452832.62075,30.05,1.07,V,K,1762.0,2107.0,2430.0,other/LOG_TAPES_9_3.csv,miniarchive,TAPES_9_3,Disk,YALE-03A-0001,,J16320-4751,True,IR
ir030711.0132.fits,J16320-4751,16:32:1.78,-47:52:10.4,2003-07-12,02:53:00,2452832.62014,30.04,1.07,V,K,1702.0,2137.0,2460.0,other/LOG_TAPES_9_3.csv,miniarchive,TAPES_9_3,Disk,YALE-03A-0001,,J16320-4751,True,IR
ir030711.0130.fits,J16320-4751,16:32:1.74,-47:52:10.6,2003-07-12,02:51:15,2452832.61893,30.05,1.07,V,K,1732.0,2137.0,2430.0,other/LOG_TAPES_9_3.csv,miniarchive,TAPES_9_3,Disk,YALE-03A-0001,,J16320-4751,True,IR
ir030710.0114.fits,J16320-4751,16:32:1.86,-47:52:23.9,2003-07-11,01:10:17,2452831.54882,30.05,1.07,V,K,1702.0,2137.0,2460.0,other/LOG_TAPES_9_3.csv,miniarchive,TAPES_9_3,Disk,YALE-03A-0001,,J16320-4751,True,IR
ir030710.0113.fits,J16320-4751,16:32:1.85,-47:52:24.0,2003-07-11,01:09:25,2452831.54821,30.04,1.07,V,K,1732.0,2167.0,2400.0,other/LOG_TAPES_9_3.csv,miniarchive,TAPES_9_3,Disk,YALE-03A-0001,,J16320-4751,True,IR
ir030710.0112.fits,J16320-4751,16:32:1.83,-47:52:24.0,2003-07-11,01:08:33,2452831.54761,30.05,1.07,V,K,1732.0,2137.0,2430.0,other/LOG_TAPES_9_3.csv,miniarchive,TAPES_9_3,Disk,YALE-03A-0001,,J16320-4751,True,IR
ir030710.0111.fits,J16320-4751,16:32:1.84,-47:52:23.8,2003-07-11,01:07:41,2452831.54701,30.05,1.07,V,K,1702.0,2167.0,2430.0,other/LOG_TAPES_9_3.csv,miniarchive,TAPES_9_3,Disk,YALE-03A-0001,,J16320-4751,True,IR
ir030710.0110.fits,J16320-4751,16:32:1.80,-47:52:23.9,2003-07-11,01:06:49,2452831.5464,30.04,1.07,V,K,1762.0,2137.0,2400.0,other/LOG_TAPES_9_3.csv,miniarchive,TAPES_9_3,Disk,YALE-03A-0001,,J16320-4751,True,IR
ir030710.0109.fits,J16320-4751,16:32:1.80,-47:52:24.2,2003-07-11,01:05:56,2452831.54579,30.05,1.07,V,K,1732.0,2107.0,2460.0,other/LOG_TAPES_9_3.csv,miniarchive,TAPES_9_3,Disk,YALE-03A-0001,,J16320-4751,True,IR
ir030710.0108.fits,J16320-4751,16:32:1.78,-47:52:24.2,2003-07-11,01:05:04,2452831.54519,30.05,1.07,V,K,1762.0,2107.0,2430.0,other/LOG_TAPES_9_3.csv,miniarchive,TAPES_9_3,Disk,YALE-03A-0001,,J16320-4751,True,IR
ir030710.0107.fits,J16320-4751,16:32:1.74,-47:52:24.0,2003-07-11,01:04:12,2452831.54458,30.05,1.07,V,K,1702.0,2137.0,2460.0,other/LOG_TAPES_9_3.csv,miniarchive,TAPES_9_3,Disk,YALE-03A-0001,,J16320-4751,True,IR
ir030705.0150.fits,J16320-4751,16:32:1.76,-47:52:27.5,2003-07-06,04:45:55,2452826.69856,30.05,1.19,V,K,1702.0,2137.0,2460.0,other/LOG_TAPES_9_3.csv,miniarchive,TAPES_9_3,Disk,YALE-03A-0001,,J16320-4751,True,IR
ir030705.0146.fits,J16320-4751,16:32:1.75,-47:52:28.0,2003-07-06,04:42:25,2452826.69613,30.05,1.19,V,K,1762.0,2137.0,2400.0,other/LOG_TAPES_9_3.csv,miniarchive,TAPES_9_3,Disk,YALE-03A-0001,,J16320-4751,True,IR
ir030705.0145.fits,J16320-4751,16:32:1.75,-47:52:28.2,2003-07-06,04:41:32,2452826.69552,30.04,1.18,V,K,1732.0,2107.0,2460.0,other/LOG_TAPES_9_3.csv,miniarchive,TAPES_9_3,Disk,YALE-03A-0001,,J16320-4751,True,IR
ir030705.0143.fits,J16320-4751,16:32:1.73,-47:52:28.3,2003-07-06,04:39:47,2452826.6943,30.04,1.18,V,K,1702.0,2137.0,2460.0,other/LOG_TAPES_9_3.csv,miniarchive,TAPES_9_3,Disk,YALE-03A-0001,,J16320-4751,True,IR
ir030705.0142.fits,J16320-4751,16:32:1.73,-47:52:28.5,2003-07-06,04:38:54,2452826.69369,30.05,1.18,V,K,1732.0,2167.0,2400.0,other/LOG_TAPES_9_3.csv,miniarchive,TAPES_9_3,Disk,YALE-03A-0001,,J16320-4751,True,IR
ir030705.0141.fits,J16320-4751,16:32:1.74,-47:52:28.1,2003-07-06,04:38:02,2452826.69309,30.04,1.18,V,K,1732.0,2137.0,2430.0,other/LOG_TAPES_9_3.csv,miniarchive,TAPES_9_3,Disk,YALE-03A-0001,,J16320-4751,True,IR
ir030705.0144.fits,J16320-4751,16:32:1.74,-47:52:28.4,2003-07-06,04:40:40,2452826.69491,30.05,1.18,V,K,1762.0,2107.0,2430.0,other/LOG_TAPES_9_3.csv,miniarchive,TAPES_9_3,Disk,YALE-03A-0001,,J16320-4751,True,IR
ir030705.0148.fits,J16320-4751,16:32:1.74,-47:52:27.6,2003-07-06,04:44:10,2452826.69734,30.05,1.19,V,K,1732.0,2137.0,2430.0,other/LOG_TAPES_9_3.csv,miniarchive,TAPES_9_3,Disk,YALE-03A-0001,,J16320-4751,True,IR
ir030630.0103.fits,J16320-4751,16:32:1.80,-47:52:28.3,2003-07-01,01:51:23,2452821.57735,30.04,1.07,V,K,1762.0,2137.0,2400.0,other/LOG_TAPES_9_3.csv,miniarchive,TAPES_9_3,Disk,YALE-03A-0001,,J16320-4751,True,IR
ir030705.0149.fits,J16320-4751,16:32:1.78,-47:52:27.6,2003-07-06,04:45:02,2452826.69794,30.04,1.19,V,K,1732.0,2167.0,2400.0,other/LOG_TAPES_9_3.csv,miniarchive,TAPES_9_3,Disk,YALE-03A-0001,,J16320-4751,True,IR
ir030705.0147.fits,J16320-4751,16:32:1.76,-47:52:27.7,2003-07-06,04:43:18,2452826.69674,30.04,1.19,V,K,1702.0,2167.0,2430.0,other/LOG_TAPES_9_3.csv,miniarchive,TAPES_9_3,Disk,YALE-03A-0001,,J16320-4751,True,IR
ir030708.0147.fits,J16320-4751,16:32:1.77,-47:52:28.6,2003-07-09,03:33:03,2452829.64796,30.04,1.1,V,K,1702.0,2167.0,2430.0,other/LOG_TAPES_9_3.csv,miniarchive,TAPES_9_3,Disk,YALE-03A-0001,,J16320-4751,True,IR
ir030709.0203.fits,J16320-4751,16:32:1.74,-47:52:29.5,2003-07-10,03:28:26,2452830.64475,30.05,1.09,V,K,1732.0,2167.0,2400.0,other/LOG_TAPES_9_3.csv,miniarchive,TAPES_9_3,Disk,YALE-03A-0001,,J16320-4751,True,IR
ir030709.0211.fits,J16320-4751,16:32:1.84,-47:52:29.9,2003-07-10,03:35:26,2452830.64962,30.05,1.1,V,K,1702.0,2137.0,2460.0,other/LOG_TAPES_9_3.csv,miniarchive,TAPES_9_3,Disk,YALE-03A-0001,,J16320-4751,True,IR
ir030709.0202.fits,J16320-4751,16:32:1.74,-47:52:29.2,2003-07-10,03:27:34,2452830.64415,30.05,1.09,V,K,1732.0,2137.0,2430.0,other/LOG_TAPES_9_3.csv,miniarchive,TAPES_9_3,Disk,YALE-03A-0001,,J16320-4751,True,IR
ir030709.0210.fits,J16320-4751,16:32:1.84,-47:52:29.9,2003-07-10,03:34:33,2452830.649,30.04,1.1,V,K,1732.0,2167.0,2400.0,other/LOG_TAPES_9_3.csv,miniarchive,TAPES_9_3,Disk,YALE-03A-0001,,J16320-4751,True,IR
ir030709.0209.fits,J16320-4751,16:32:1.81,-47:52:29.8,2003-07-10,03:33:41,2452830.6484,30.04,1.1,V,K,1732.0,2137.0,2430.0,other/LOG_TAPES_9_3.csv,miniarchive,TAPES_9_3,Disk,YALE-03A-0001,,J16320-4751,True,IR
ir030709.0208.fits,J16320-4751,16:32:1.81,-47:52:29.7,2003-07-10,03:32:49,2452830.6478,30.04,1.1,V,K,1702.0,2167.0,2430.0,other/LOG_TAPES_9_3.csv,miniarchive,TAPES_9_3,Disk,YALE-03A-0001,,J16320-4751,True,IR
ir030709.0207.fits,J16320-4751,16:32:1.80,-47:52:29.8,2003-07-10,03:31:57,2452830.64719,30.04,1.1,V,K,1762.0,2137.0,2400.0,other/LOG_TAPES_9_3.csv,miniarchive,TAPES_9_3,Disk,YALE-03A-0001,,J16320-4751,True,IR
ir030709.0206.fits,J16320-4751,16:32:1.78,-47:52:29.6,2003-07-10,03:31:04,2452830.64658,30.05,1.1,V,K,1732.0,2107.0,2460.0,other/LOG_TAPES_9_3.csv,miniarchive,TAPES_9_3,Disk,YALE-03A-0001,,J16320-4751,True,IR
ir030709.0205.fits,J16320-4751,16:32:1.77,-47:52:29.8,2003-07-10,03:30:12,2452830.64598,30.04,1.1,V,K,1762.0,2107.0,2430.0,other/LOG_TAPES_9_3.csv,miniarchive,TAPES_9_3,Disk,YALE-03A-0001,,J16320-4751,True,IR
ir030709.0204.fits,J16320-4751,16:32:1.75,-47:52:29.4,2003-07-10,03:29:19,2452830.64536,30.04,1.1,V,K,1702.0,2137.0,2460.0,other/LOG_TAPES_9_3.csv,miniarchive,TAPES_9_3,Disk,YALE-03A-0001,,J16320-4751,True,IR
ir030708.0143.fits,J16320-4751,16:32:1.73,-47:52:28.5,2003-07-09,03:29:33,2452829.64553,30.04,1.09,V,K,1702.0,2137.0,2460.0,other/LOG_TAPES_9_3.csv,miniarchive,TAPES_9_3,Disk,YALE-03A-0001,,J16320-4751,True,IR
ir030708.0141.fits,J16320-4751,16:32:1.74,-47:52:28.5,2003-07-09,03:27:49,2452829.64432,30.04,1.09,V,K,1732.0,2137.0,2430.0,other/LOG_TAPES_9_3.csv,miniarchive,TAPES_9_3,Disk,YALE-03A-0001,,J16320-4751,True,IR
ir030708.0142.fits,J16320-4751,16:32:1.74,-47:52:28.5,2003-07-09,03:28:41,2452829.64492,30.04,1.09,V,K,1732.0,2167.0,2400.0,other/LOG_TAPES_9_3.csv,miniarchive,TAPES_9_3,Disk,YALE-03A-0001,,J16320-4751,True,IR
ir030708.0146.fits,J16320-4751,16:32:1.76,-47:52:28.5,2003-07-09,03:32:10,2452829.64734,30.05,1.09,V,K,1762.0,2137.0,2400.0,other/LOG_TAPES_9_3.csv,miniarchive,TAPES_9_3,Disk,YALE-03A-0001,,J16320-4751,True,IR
ir030708.0150.fits,J16320-4751,16:32:1.82,-47:52:29.0,2003-07-09,03:35:40,2452829.64977,30.04,1.1,V,K,1702.0,2137.0,2460.0,other/LOG_TAPES_9_3.csv,miniarchive,TAPES_9_3,Disk,YALE-03A-0001,,J16320-4751,True,IR
ir030708.0149.fits,J16320-4751,16:32:1.80,-47:52:28.7,2003-07-09,03:34:47,2452829.64916,30.04,1.1,V,K,1732.0,2167.0,2400.0,other/LOG_TAPES_9_3.csv,miniarchive,TAPES_9_3,Disk,YALE-03A-0001,,J16320-4751,True,IR
ir030708.0148.fits,J16320-4751,16:32:1.81,-47:52:28.8,2003-07-09,03:33:55,2452829.64856,30.05,1.1,V,K,1732.0,2137.0,2430.0,other/LOG_TAPES_9_3.csv,miniarchive,TAPES_9_3,Disk,YALE-03A-0001,,J16320-4751,True,IR
ir030708.0144.fits,J16320-4751,16:32:1.75,-47:52:28.3,2003-07-09,03:30:26,2452829.64614,30.04,1.09,V,K,1762.0,2107.0,2430.0,other/LOG_TAPES_9_3.csv,miniarchive,TAPES_9_3,Disk,YALE-03A-0001,,J16320-4751,True,IR
ir030708.0145.fits,J16320-4751,16:32:1.77,-47:52:28.5,2003-07-09,03:31:18,2452829.64674,30.04,1.09,V,K,1732.0,2107.0,2460.0,other/LOG_TAPES_9_3.csv,miniarchive,TAPES_9_3,Disk,YALE-03A-0001,,J16320-4751,True,IR
ir030626.0062.fits,J16320-4751,16:32:1.85,-47:52:28.1,2003-06-27,01:12:06,2452817.55008,30.05,1.12,I,K,1762.0,2137.0,2400.0,other/LOG_TAPES_9_3.csv,miniarchive,TAPES_9_3,Disk,YALE-03A-0001,,J16320-4751,True,IR
ir030626.0066.fits,J16320-4751,16:32:1.95,-47:52:27.2,2003-06-27,01:15:36,2452817.55251,30.05,1.12,I,K,1702.0,2137.0,2460.0,other/LOG_TAPES_9_3.csv,miniarchive,TAPES_9_3,Disk,YALE-03A-0001,,J16320-4751,True,IR
ir030618.0325.fits,J16320-4751,16:32:1.83,-47:52:25.4,2003-06-19,06:06:37,2452809.7546,30.05,1.22,V,K,1702.0,2167.0,2430.0,other/LOG_TAPES_9_3.csv,miniarchive,TAPES_9_3,Disk,YALE-03A-0001,,J16320-4751,True,IR
ir030618.0327.fits,J16320-4751,16:32:1.86,-47:52:25.4,2003-06-19,06::21,2452809.75581,30.04,1.23,V,K,1732.0,2167.0,2400.0,other/LOG_TAPES_9_3.csv,miniarchive,TAPES_9_3,Disk,YALE-03A-0001,,J16320-4751,True,IR
ir030618.0319.fits,J16320-4751,16:32:1.77,-47:52:24.3,2003-06-19,06:01:21,2452809.75094,30.04,1.21,V,K,1732.0,2137.0,2430.0,other/LOG_TAPES_9_3.csv,miniarchive,TAPES_9_3,Disk,YALE-03A-0001,,J16320-4751,True,IR
ir030618.0320.fits,J16320-4751,16:32:1.78,-47:52:24.1,2003-06-19,06:02:13,2452809.75154,30.04,1.21,V,K,1732.0,2167.0,2400.0,other/LOG_TAPES_9_3.csv,miniarchive,TAPES_9_3,Disk,YALE-03A-0001,,J16320-4751,True,IR
ir030618.0321.fits,J16320-4751,16:32:1.76,-47:52:24.4,2003-06-19,06:03:06,2452809.75216,30.04,1.22,V,K,1702.0,2137.0,2460.0,other/LOG_TAPES_9_3.csv,miniarchive,TAPES_9_3,Disk,YALE-03A-0001,,J16320-4751,True,IR
ir030618.0322.fits,J16320-4751,16:32:1.81,-47:52:24.7,2003-06-19,06:03:59,2452809.75277,30.04,1.22,V,K,1762.0,2107.0,2430.0,other/LOG_TAPES_9_3.csv,miniarchive,TAPES_9_3,Disk,YALE-03A-0001,,J16320-4751,True,IR
ir030618.0323.fits,J16320-4751,16:32:1.84,-47:52:25.2,2003-06-19,06:04:51,2452809.75337,30.04,1.22,V,K,1732.0,2107.0,2460.0,other/LOG_TAPES_9_3.csv,miniarchive,TAPES_9_3,Disk,YALE-03A-0001,,J16320-4751,True,IR
ir030618.0324.fits,J16320-4751,16:32:1.86,-47:52:25.3,2003-06-19,06:05:44,2452809.75398,30.05,1.22,V,K,1762.0,2137.0,2400.0,other/LOG_TAPES_9_3.csv,miniarchive,TAPES_9_3,Disk,YALE-03A-0001,,J16320-4751,True,IR
ir030618.0326.fits,J16320-4751,16:32:1.83,-47:52:25.4,2003-06-19,06:07:29,2452809.7552,30.05,1.23,V,K,1732.0,2137.0,2430.0,other/LOG_TAPES_9_3.csv,miniarchive,TAPES_9_3,Disk,YALE-03A-0001,,J16320-4751,True,IR
ir030626.0065.fits,J16320-4751,16:32:1.93,-47:52:27.6,2003-06-27,01:14:43,2452817.5519,30.04,1.12,I,K,1732.0,2167.0,2400.0,other/LOG_TAPES_9_3.csv,miniarchive,TAPES_9_3,Disk,YALE-03A-0001,,J16320-4751,True,IR
ir030620.0080.fits,J16320-4751,16:32:1.84,-47:52:29.1,2003-06-21,01:38:05,2452811.56812,30.05,1.12,V,K,1732.0,2107.0,2460.0,other/LOG_TAPES_9_3.csv,miniarchive,TAPES_9_3,Disk,YALE-03A-0001,,J16320-4751,True,IR
ir030620.0084.fits,J16320-4751,16:32:1.91,-47:52:28.4,2003-06-21,01:41:34,2452811.57054,30.04,1.11,V,K,1732.0,2167.0,2400.0,other/LOG_TAPES_9_3.csv,miniarchive,TAPES_9_3,Disk,YALE-03A-0001,,J16320-4751,True,IR
ir030620.0078.fits,J16320-4751,16:32:1.82,-47:52:28.9,2003-06-21,01:36:20,2452811.5669,30.05,1.12,V,K,1702.0,2137.0,2460.0,other/LOG_TAPES_9_3.csv,miniarchive,TAPES_9_3,Disk,YALE-03A-0001,,J16320-4751,True,IR
ir030620.0077.fits,J16320-4751,16:32:1.76,-47:52:29.1,2003-06-21,01:35:27,2452811.56629,30.04,1.12,V,K,1732.0,2167.0,2400.0,other/LOG_TAPES_9_3.csv,miniarchive,TAPES_9_3,Disk,YALE-03A-0001,,J16320-4751,True,IR
ir030620.0085.fits,J16320-4751,16:32:1.91,-47:52:28.6,2003-06-21,01:42:27,2452811.57115,30.05,1.11,V,K,1702.0,2137.0,2460.0,other/LOG_TAPES_9_3.csv,miniarchive,TAPES_9_3,Disk,YALE-03A-0001,,J16320-4751,True,IR
ir030619.0141.fits,J16320-4751,16:32:1.79,-47:52:27.8,2003-06-20,02:27:08,2452810.60218,30.04,1.07,I,K,1732.0,2167.0,2400.0,other/LOG_TAPES_9_3.csv,miniarchive,TAPES_9_3,Disk,YALE-03A-0001,,J16320-4751,True,IR
ir030619.0142.fits,J16320-4751,16:32:1.81,-47:52:27.8,2003-06-20,02:28:01,2452810.60279,30.04,1.07,I,K,1702.0,2137.0,2460.0,other/LOG_TAPES_9_3.csv,miniarchive,TAPES_9_3,Disk,YALE-03A-0001,,J16320-4751,True,IR
ir030619.0133.fits,J16320-4751,16:32:1.73,-47:52:28.4,2003-06-20,02:20:07,2452810.59731,30.05,1.08,I,K,1732.0,2137.0,2430.0,other/LOG_TAPES_9_3.csv,miniarchive,TAPES_9_3,Disk,YALE-03A-0001,,J16320-4751,True,IR
ir030619.0134.fits,J16320-4751,16:32:1.74,-47:52:28.1,2003-06-20,02:21:00,2452810.59792,30.04,1.08,I,K,1732.0,2167.0,2400.0,other/LOG_TAPES_9_3.csv,miniarchive,TAPES_9_3,Disk,YALE-03A-0001,,J16320-4751,True,IR
ir030619.0135.fits,J16320-4751,16:32:1.76,-47:52:27.9,2003-06-20,02:21:52,2452810.59853,30.04,1.07,I,K,1702.0,2137.0,2460.0,other/LOG_TAPES_9_3.csv,miniarchive,TAPES_9_3,Disk,YALE-03A-0001,,J16320-4751,True,IR
ir030619.0136.fits,J16320-4751,16:32:1.76,-47:52:28.1,2003-06-20,02:22:45,2452810.59914,30.05,1.07,I,K,1762.0,2107.0,2430.0,other/LOG_TAPES_9_3.csv,miniarchive,TAPES_9_3,Disk,YALE-03A-0001,,J16320-4751,True,IR
ir030619.0137.fits,J16320-4751,16:32:1.77,-47:52:27.8,2003-06-20,02:23:37,2452810.59974,30.04,1.07,I,K,1732.0,2107.0,2460.0,other/LOG_TAPES_9_3.csv,miniarchive,TAPES_9_3,Disk,YALE-03A-0001,,J16320-4751,True,IR
ir030619.0139.fits,J16320-4751,16:32:1.77,-47:52:27.9,2003-06-20,02:25:23,2452810.60097,30.04,1.07,I,K,1702.0,2167.0,2430.0,other/LOG_TAPES_9_3.csv,miniarchive,TAPES_9_3,Disk,YALE-03A-0001,,J16320-4751,True,IR
ir030619.0140.fits,J16320-4751,16:32:1.70,-47:52:27.8,2003-06-20,02:26:16,2452810.60157,30.05,1.07,I,K,1732.0,2137.0,2430.0,other/LOG_TAPES_9_3.csv,miniarchive,TAPES_9_3,Disk,YALE-03A-0001,,J16320-4751,True,IR
ir030619.0138.fits,J16320-4751,16:32:1.76,-47:52:27.8,2003-06-20,02:24:31,2452810.60036,30.05,1.07,I,K,1762.0,2137.0,2400.0,other/LOG_TAPES_9_3.csv,miniarchive,TAPES_9_3,Disk,YALE-03A-0001,,J16320-4751,True,IR
ir030618.0328.fits,J16320-4751,16:32:1.83,-47:52:25.3,2003-06-19,06:09:14,2452809.75642,30.04,1.23,V,K,1702.0,2137.0,2460.0,other/LOG_TAPES_9_3.csv,miniarchive,TAPES_9_3,Disk,YALE-03A-0001,,J16320-4751,True,IR
ir030613.0108.fits,J16320-4751,16:32:1.78,-47:52:28.3,2003-06-14,05:57:45,2452804.74844,30.05,1.16,V,K,1732.0,2107.0,2460.0,other/LOG_TAPES_9_3.csv,miniarchive,TAPES_9_3,Disk,YALE-03A-0001,,J16320-4751,True,IR
ir030613.0106.fits,J16320-4751,16:32:1.76,-47:52:28.3,2003-06-14,05:56:00,2452804.74723,30.04,1.16,V,K,1702.0,2137.0,2460.0,other/LOG_TAPES_9_3.csv,miniarchive,TAPES_9_3,Disk,YALE-03A-0001,,J16320-4751,True,IR
ir030613.0113.fits,J16320-4751,16:32:1.79,-47:52:28.4,2003-06-14,06:02:07,2452804.75147,30.04,1.17,V,K,1702.0,2137.0,2460.0,other/LOG_TAPES_9_3.csv,miniarchive,TAPES_9_3,Disk,YALE-03A-0001,,J16320-4751,True,IR
ir030613.0112.fits,J16320-4751,16:32:1.78,-47:52:28.5,2003-06-14,06:01:14,2452804.75086,30.05,1.17,V,K,1732.0,2167.0,2400.0,other/LOG_TAPES_9_3.csv,miniarchive,TAPES_9_3,Disk,YALE-03A-0001,,J16320-4751,True,IR
ir030613.0111.fits,J16320-4751,16:32:1.77,-47:52:28.5,2003-06-14,06:00:22,2452804.75026,30.05,1.17,V,K,1732.0,2137.0,2430.0,other/LOG_TAPES_9_3.csv,miniarchive,TAPES_9_3,Disk,YALE-03A-0001,,J16320-4751,True,IR
ir030613.0104.fits,J16320-4751,16:32:0.96,-47:52:23.4,2003-06-14,05:54:15,2452804.74602,30.04,1.16,V,K,1732.0,2137.0,2430.0,other/LOG_TAPES_9_3.csv,miniarchive,TAPES_9_3,Disk,YALE-03A-0001,,J16320-4751,True,IR
ir030613.0110.fits,J16320-4751,16:32:1.78,-47:52:28.4,2003-06-14,05:59:30,2452804.74966,30.04,1.17,V,K,1702.0,2167.0,2430.0,other/LOG_TAPES_9_3.csv,miniarchive,TAPES_9_3,Disk,YALE-03A-0001,,J16320-4751,True,IR
ir030613.0109.fits,J16320-4751,16:32:1.76,-47:52:28.5,2003-06-14,05:58:37,2452804.74905,30.04,1.16,V,K,1762.0,2137.0,2400.0,other/LOG_TAPES_9_3.csv,miniarchive,TAPES_9_3,Disk,YALE-03A-0001,,J16320-4751,True,IR
ir030613.0107.fits,J16320-4751,16:32:1.77,-47:52:28.3,2003-06-14,05:56:53,2452804.74784,30.04,1.16,V,K,1762.0,2107.0,2430.0,other/LOG_TAPES_9_3.csv,miniarchive,TAPES_9_3,Disk,YALE-03A-0001,,J16320-4751,True,IR
ir030613.0105.fits,J16320-4751,16:32:1.76,-47:52:28.4,2003-06-14,05:55:07,2452804.74662,30.04,1.16,V,K,1732.0,2167.0,2400.0,other/LOG_TAPES_9_3.csv,miniarchive,TAPES_9_3,Disk,YALE-03A-0001,,J16320-4751,True,IR
ir030617.0125.fits,J16320-4751,16:32:2.91,-47:52:33.1,2003-06-18,05:20:25,2452808.72252,30.04,1.13,I,K,1732.0,2137.0,2430.0,other/LOG_TAPES_9_3.csv,miniarchive,TAPES_9_3,Disk,YALE-03A-0001,,J16320-4751,True,IR
ir030617.0126.fits,J16320-4751,16:32:2.92,-47:52:32.4,2003-06-18,05:21:17,2452808.72312,30.04,1.13,I,K,1732.0,2167.0,2400.0,other/LOG_TAPES_9_3.csv,miniarchive,TAPES_9_3,Disk,YALE-03A-0001,,J16320-4751,True,IR
ir030617.0127.fits,J16320-4751,16:32:2.96,-47:52:32.7,2003-06-18,05:22:11,2452808.72374,30.05,1.13,I,K,1702.0,2137.0,2460.0,other/LOG_TAPES_9_3.csv,miniarchive,TAPES_9_3,Disk,YALE-03A-0001,,J16320-4751,True,IR
ir030617.0128.fits,J16320-4751,16:32:2.95,-47:52:32.9,2003-06-18,05:23:03,2452808.72435,30.04,1.13,I,K,1762.0,2107.0,2430.0,other/LOG_TAPES_9_3.csv,miniarchive,TAPES_9_3,Disk,YALE-03A-0001,,J16320-4751,True,IR
ir030617.0129.fits,J16320-4751,16:32:2.95,-47:52:32.9,2003-06-18,05:23:56,2452808.72495,30.05,1.13,I,K,1732.0,2107.0,2460.0,other/LOG_TAPES_9_3.csv,miniarchive,TAPES_9_3,Disk,YALE-03A-0001,,J16320-4751,True,IR
ir030617.0130.fits,J16320-4751,16:32:2.96,-47:52:32.9,2003-06-18,05:24:48,2452808.72556,30.04,1.13,I,K,1762.0,2137.0,2400.0,other/LOG_TAPES_9_3.csv,miniarchive,TAPES_9_3,Disk,YALE-03A-0001,,J16320-4751,True,IR
ir030617.0131.fits,J16320-4751,16:32:2.97,-47:52:33.2,2003-06-18,05:25:40,2452808.72616,30.04,1.14,I,K,1702.0,2167.0,2430.0,other/LOG_TAPES_9_3.csv,miniarchive,TAPES_9_3,Disk,YALE-03A-0001,,J16320-4751,True,IR
ir030617.0132.fits,J16320-4751,16:32:2.99,-47:52:33.2,2003-06-18,05:26:32,2452808.72676,30.05,1.14,I,K,1732.0,2137.0,2430.0,other/LOG_TAPES_9_3.csv,miniarchive,TAPES_9_3,Disk,YALE-03A-0001,,J16320-4751,True,IR
ir030617.0133.fits,J16320-4751,16:32:2.98,-47:52:33.1,2003-06-18,05:27:25,2452808.72737,30.04,1.14,I,K,1732.0,2167.0,2400.0,other/LOG_TAPES_9_3.csv,miniarchive,TAPES_9_3,Disk,YALE-03A-0001,,J16320-4751,True,IR
ir030617.0134.fits,J16320-4751,16:32:2.99,-47:52:33.1,2003-06-18,05:28:17,2452808.72798,30.05,1.14,I,K,1702.0,2137.0,2460.0,other/LOG_TAPES_9_3.csv,miniarchive,TAPES_9_3,Disk,YALE-03A-0001,,J16320-4751,True,IR
ir030620.0081.fits,J16320-4751,16:32:1.86,-47:52:28.9,2003-06-21,01:38:58,2452811.56873,30.05,1.12,V,K,1762.0,2137.0,2400.0,other/LOG_TAPES_9_3.csv,miniarchive,TAPES_9_3,Disk,YALE-03A-0001,,J16320-4751,True,IR
ir030620.0082.fits,J16320-4751,16:32:1.87,-47:52:28.9,2003-06-21,01:39:50,2452811.56933,30.04,1.11,V,K,1702.0,2167.0,2430.0,other/LOG_TAPES_9_3.csv,miniarchive,TAPES_9_3,Disk,YALE-03A-0001,,J16320-4751,True,IR
ir030620.0083.fits,J16320-4751,16:32:1.88,-47:52:28.9,2003-06-21,01:40:42,2452811.56994,30.04,1.11,V,K,1732.0,2137.0,2430.0,other/LOG_TAPES_9_3.csv,miniarchive,TAPES_9_3,Disk,YALE-03A-0001,,J16320-4751,True,IR
ir030625.0085.fits,J16320-4751,16:32:1.71,-47:52:29.0,2003-06-26,00:21:20,2452816.51482,30.05,1.22,V,K,1732.0,2137.0,2430.0,other/LOG_TAPES_9_3.csv,miniarchive,TAPES_9_3,Disk,YALE-03A-0001,,J16320-4751,True,IR
ir030625.0087.fits,J16320-4751,16:32:1.80,-47:52:28.0,2003-06-26,00:23:04,2452816.51602,30.05,1.22,V,K,1702.0,2137.0,2460.0,other/LOG_TAPES_9_3.csv,miniarchive,TAPES_9_3,Disk,YALE-03A-0001,,J16320-4751,True,IR
ir030625.0088.fits,J16320-4751,16:32:1.78,-47:52:27.8,2003-06-26,00:23:56,2452816.51662,30.04,1.22,V,K,1762.0,2107.0,2430.0,other/LOG_TAPES_9_3.csv,miniarchive,TAPES_9_3,Disk,YALE-03A-0001,,J16320-4751,True,IR
ir030625.0089.fits,J16320-4751,16:32:1.77,-47:52:27.6,2003-06-26,00:24:47,2452816.51722,30.05,1.22,V,K,1732.0,2107.0,2460.0,other/LOG_TAPES_9_3.csv,miniarchive,TAPES_9_3,Disk,YALE-03A-0001,,J16320-4751,True,IR
ir030625.0090.fits,J16320-4751,16:32:1.78,-47:52:27.5,2003-06-26,00:25:39,2452816.51782,30.04,1.21,V,K,1762.0,2137.0,2400.0,other/LOG_TAPES_9_3.csv,miniarchive,TAPES_9_3,Disk,YALE-03A-0001,,J16320-4751,True,IR
ir030625.0091.fits,J16320-4751,16:32:1.76,-47:52:27.5,2003-06-26,00:26:31,2452816.51842,30.04,1.21,V,K,1702.0,2167.0,2430.0,other/LOG_TAPES_9_3.csv,miniarchive,TAPES_9_3,Disk,YALE-03A-0001,,J16320-4751,True,IR
ir030625.0092.fits,J16320-4751,16:32:1.74,-47:52:27.5,2003-06-26,00:27:23,2452816.51902,30.04,1.21,V,K,1732.0,2137.0,2430.0,other/LOG_TAPES_9_3.csv,miniarchive,TAPES_9_3,Disk,YALE-03A-0001,,J16320-4751,True,IR
ir030625.0093.fits,J16320-4751,16:32:1.75,-47:52:27.4,2003-06-26,00:28:15,2452816.51962,30.04,1.21,V,K,1732.0,2167.0,2400.0,other/LOG_TAPES_9_3.csv,miniarchive,TAPES_9_3,Disk,YALE-03A-0001,,J16320-4751,True,IR
ir030626.0057.fits,J16320-4751,16:32:1.71,-47:52:28.6,2003-06-27,01:07:44,2452817.54704,30.04,1.13,I,K,1732.0,2137.0,2430.0,other/LOG_TAPES_9_3.csv,miniarchive,TAPES_9_3,Disk,YALE-03A-0001,,J16320-4751,True,IR
ir030626.0058.fits,J16320-4751,16:32:1.74,-47:52:28.5,2003-06-27,01:08:36,2452817.54764,30.04,1.13,I,K,1732.0,2167.0,2400.0,other/LOG_TAPES_9_3.csv,miniarchive,TAPES_9_3,Disk,YALE-03A-0001,,J16320-4751,True,IR
ir030626.0059.fits,J16320-4751,16:32:1.77,-47:52:28.3,2003-06-27,01:09:28,2452817.54825,30.04,1.12,I,K,1702.0,2137.0,2460.0,other/LOG_TAPES_9_3.csv,miniarchive,TAPES_9_3,Disk,YALE-03A-0001,,J16320-4751,True,IR
ir030626.0060.fits,J16320-4751,16:32:1.81,-47:52:28.1,2003-06-27,01:10:21,2452817.54886,30.05,1.12,I,K,1762.0,2107.0,2430.0,other/LOG_TAPES_9_3.csv,miniarchive,TAPES_9_3,Disk,YALE-03A-0001,,J16320-4751,True,IR
ir030626.0061.fits,J16320-4751,16:32:1.84,-47:52:27.9,2003-06-27,01:11:13,2452817.54947,30.04,1.12,I,K,1732.0,2107.0,2460.0,other/LOG_TAPES_9_3.csv,miniarchive,TAPES_9_3,Disk,YALE-03A-0001,,J16320-4751,True,IR
ir030626.0063.fits,J16320-4751,16:32:1.90,-47:52:27.7,2003-06-27,01:12:59,2452817.55069,30.05,1.12,I,K,1702.0,2167.0,2430.0,other/LOG_TAPES_9_3.csv,miniarchive,TAPES_9_3,Disk,YALE-03A-0001,,J16320-4751,True,IR
ir030626.0064.fits,J16320-4751,16:32:1.91,-47:52:27.7,2003-06-27,01:13:51,2452817.55129,30.05,1.12,I,K,1732.0,2137.0,2430.0,other/LOG_TAPES_9_3.csv,miniarchive,TAPES_9_3,Disk,YALE-03A-0001,,J16320-4751,True,IR
ir030625.0086.fits,J16320-4751,16:32:1.76,-47:52:28.4,2003-06-26,00:22:11,2452816.51541,30.05,1.22,V,K,1732.0,2167.0,2400.0,other/LOG_TAPES_9_3.csv,miniarchive,TAPES_9_3,Disk,YALE-03A-0001,,J16320-4751,True,IR
ir030625.0094.fits,J16320-4751,16:32:1.74,-47:52:27.2,2003-06-26,00:29:08,2452816.52023,30.05,1.21,V,K,1702.0,2137.0,2460.0,other/LOG_TAPES_9_3.csv,miniarchive,TAPES_9_3,Disk,YALE-03A-0001,,J16320-4751,True,IR
ir030620.0076.fits,J16320-4751,16:32:1.72,-47:52:29.1,2003-06-21,01:34:35,2452811.56569,30.04,1.12,V,K,1732.0,2137.0,2430.0,other/LOG_TAPES_9_3.csv,miniarchive,TAPES_9_3,Disk,YALE-03A-0001,,J16320-4751,True,IR
ir030622.0031.fits,J16320-4751,16:32:1.69,-47:52:28.6,2003-06-22,23:43:56,2452813.48885,30.04,1.37,V,K,1762.0,2107.0,2430.0,other/LOG_TAPES_9_3.csv,miniarchive,TAPES_9_3,Disk,YALE-03A-0001,,J16320-4751,True,IR
ir030622.0029.fits,J16320-4751,16:32:1.73,-47:52:28.8,2003-06-22,23:42:10,2452813.48763,30.04,1.38,V,K,1732.0,2167.0,2400.0,other/LOG_TAPES_9_3.csv,miniarchive,TAPES_9_3,Disk,YALE-03A-0001,,J16320-4751,True,IR
ir030622.0030.fits,J16320-4751,16:32:1.71,-47:52:28.6,2003-06-22,23:43:03,2452813.48823,30.05,1.38,V,K,1702.0,2137.0,2460.0,other/LOG_TAPES_9_3.csv,miniarchive,TAPES_9_3,Disk,YALE-03A-0001,,J16320-4751,True,IR
ir030622.0032.fits,J16320-4751,16:32:1.72,-47:52:29.1,2003-06-22,23:44:48,2452813.48945,30.04,1.37,V,K,1732.0,2107.0,2460.0,other/LOG_TAPES_9_3.csv,miniarchive,TAPES_9_3,Disk,YALE-03A-0001,,J16320-4751,True,IR
ir030622.0033.fits,J16320-4751,16:32:1.68,-47:52:28.6,2003-06-22,23:45:41,2452813.49006,30.05,1.37,V,K,1762.0,2137.0,2400.0,other/LOG_TAPES_9_3.csv,miniarchive,TAPES_9_3,Disk,YALE-03A-0001,,J16320-4751,True,IR
ir030622.0034.fits,J16320-4751,16:32:1.69,-47:52:28.6,2003-06-22,23:46:33,2452813.49067,30.05,1.36,V,K,1702.0,2167.0,2430.0,other/LOG_TAPES_9_3.csv,miniarchive,TAPES_9_3,Disk,YALE-03A-0001,,J16320-4751,True,IR
ir030622.0035.fits,J16320-4751,16:32:1.68,-47:52:28.6,2003-06-22,23:47:26,2452813.49127,30.05,1.36,V,K,1732.0,2137.0,2430.0,other/LOG_TAPES_9_3.csv,miniarchive,TAPES_9_3,Disk,YALE-03A-0001,,J16320-4751,True,IR
ir030622.0036.fits,J16320-4751,16:32:1.62,-47:52:28.7,2003-06-22,23:48:17,2452813.49187,30.04,1.36,V,K,1732.0,2167.0,2400.0,other/LOG_TAPES_9_3.csv,miniarchive,TAPES_9_3,Disk,YALE-03A-0001,,J16320-4751,True,IR
ir030622.0037.fits,J16320-4751,16:32:1.61,-47:52:28.8,2003-06-22,23:49:10,2452813.49249,30.05,1.36,V,K,1702.0,2137.0,2460.0,other/LOG_TAPES_9_3.csv,miniarchive,TAPES_9_3,Disk,YALE-03A-0001,,J16320-4751,True,IR
ir030620.0079.fits,J16320-4751,16:32:1.82,-47:52:29.1,2003-06-21,01:37:13,2452811.56751,30.05,1.12,V,K,1762.0,2107.0,2430.0,other/LOG_TAPES_9_3.csv,miniarchive,TAPES_9_3,Disk,YALE-03A-0001,,J16320-4751,True,IR
ir030622.0028.fits,J16320-4751,16:32:1.71,-47:52:29.1,2003-06-22,23:41:18,2452813.48702,30.04,1.38,V,K,1732.0,2137.0,2430.0,other/LOG_TAPES_9_3.csv,miniarchive,TAPES_9_3,Disk,YALE-03A-0001,,J16320-4751,True,IR
ir030623.0048.fits,J16320-4751,16:32:1.71,-47:52:29.0,2003-06-23,23:45:46,2452814.49013,30.05,1.35,V,K,1732.0,2137.0,2430.0,other/LOG_TAPES_9_3.csv,miniarchive,TAPES_9_3,Disk,YALE-03A-0001,,J16320-4751,True,IR
ir030623.0050.fits,J16320-4751,16:32:1.64,-47:52:29.1,2003-06-23,23:47:31,2452814.49134,30.04,1.35,V,K,1702.0,2137.0,2460.0,other/LOG_TAPES_9_3.csv,miniarchive,TAPES_9_3,Disk,YALE-03A-0001,,J16320-4751,True,IR
ir030623.0049.fits,J16320-4751,16:32:1.64,-47:52:29.0,2003-06-23,23:46:38,2452814.49073,30.05,1.35,V,K,1732.0,2167.0,2400.0,other/LOG_TAPES_9_3.csv,miniarchive,TAPES_9_3,Disk,YALE-03A-0001,,J16320-4751,True,IR
ir030623.0057.fits,J16320-4751,16:32:1.53,-47:52:29.1,2003-06-23,23:53:38,2452814.49559,30.04,1.33,V,K,1702.0,2137.0,2460.0,other/LOG_TAPES_9_3.csv,miniarchive,TAPES_9_3,Disk,YALE-03A-0001,,J16320-4751,True,IR
ir030623.0056.fits,J16320-4751,16:32:1.54,-47:52:29.0,2003-06-23,23:52:45,2452814.49497,30.04,1.33,V,K,1732.0,2167.0,2400.0,other/LOG_TAPES_9_3.csv,miniarchive,TAPES_9_3,Disk,YALE-03A-0001,,J16320-4751,True,IR
ir030623.0055.fits,J16320-4751,16:32:1.57,-47:52:29.2,2003-06-23,23:51:54,2452814.49438,30.05,1.33,V,K,1732.0,2137.0,2430.0,other/LOG_TAPES_9_3.csv,miniarchive,TAPES_9_3,Disk,YALE-03A-0001,,J16320-4751,True,IR
ir030623.0054.fits,J16320-4751,16:32:1.58,-47:52:28.9,2003-06-23,23:51:01,2452814.49377,30.04,1.33,V,K,1702.0,2167.0,2430.0,other/LOG_TAPES_9_3.csv,miniarchive,TAPES_9_3,Disk,YALE-03A-0001,,J16320-4751,True,IR
ir030623.0053.fits,J16320-4751,16:32:1.61,-47:52:28.9,2003-06-23,23:50:09,2452814.49316,30.04,1.34,V,K,1762.0,2137.0,2400.0,other/LOG_TAPES_9_3.csv,miniarchive,TAPES_9_3,Disk,YALE-03A-0001,,J16320-4751,True,IR
ir030623.0052.fits,J16320-4751,16:32:1.61,-47:52:29.3,2003-06-23,23:49:16,2452814.49255,30.05,1.34,V,K,1732.0,2107.0,2460.0,other/LOG_TAPES_9_3.csv,miniarchive,TAPES_9_3,Disk,YALE-03A-0001,,J16320-4751,True,IR
ir030623.0051.fits,J16320-4751,16:32:1.64,-47:52:29.0,2003-06-23,23:48:24,2452814.49195,30.04,1.34,V,K,1762.0,2107.0,2430.0,other/LOG_TAPES_9_3.csv,miniarchive,TAPES_9_3,Disk,YALE-03A-0001,,J16320-4751,True,IR
ir030711.0138.fits,J16320-4751,16:32:1.92,-47:52:8.6,2003-07-12,02:58:14,2452832.62378,30.04,1.07,V,K,1732.0,2167.0,2400.0,other/LOG_TAPES_9_3.csv,miniarchive,TAPES_9_3,Disk,YALE-03A-0001,,J16320-4751,True,IR
ir030711.0139.fits,J16320-4751,16:32:1.95,-47:52:8.4,2003-07-12,02:59:07,2452832.62439,30.05,1.07,V,K,1702.0,2137.0,2460.0,other/LOG_TAPES_9_3.csv,miniarchive,TAPES_9_3,Disk,YALE-03A-0001,,J16320-4751,True,IR
ir030711.0135.fits,J16320-4751,16:32:1.85,-47:52:9.4,2003-07-12,02:55:37,2452832.62196,30.05,1.07,V,K,1762.0,2137.0,2400.0,other/LOG_TAPES_9_3.csv,miniarchive,TAPES_9_3,Disk,YALE-03A-0001,,J16320-4751,True,IR
ir030712.0146.fits,J16320-4751,16:32:1.24,-47:52:21.6,2003-07-13,02:28:37,2452833.60321,30.05,1.06,V,K,1732.0,2137.0,2430.0,other/LOG_TAPES_9_3.csv,miniarchive,TAPES_9_3,Disk,YALE-03A-0001,,J16320-4751,True,IR
ir030716.0075.fits,J16320-4751,16:32:2.45,-47:52:20.8,2003-07-17,01:09:18,2452837.54813,30.04,1.06,I,K,1732.0,2167.0,2400.0,other/LOG_TAPES_9_3.csv,miniarchive,TAPES_9_3,Disk,YALE-03A-0001,,J16320-4751,True,IR
ir030716.0073.fits,J16320-4751,16:32:2.44,-47:52:21.2,2003-07-17,01:07:34,2452837.54693,30.05,1.06,I,K,1702.0,2167.0,2430.0,other/LOG_TAPES_9_3.csv,miniarchive,TAPES_9_3,Disk,YALE-03A-0001,,J16320-4751,True,IR
ir030716.0072.fits,J16320-4751,16:32:2.45,-47:52:21.3,2003-07-17,01:06:41,2452837.54632,30.05,1.06,I,K,1762.0,2137.0,2400.0,other/LOG_TAPES_9_3.csv,miniarchive,TAPES_9_3,Disk,YALE-03A-0001,,J16320-4751,True,IR
ir030716.0071.fits,J16320-4751,16:32:2.44,-47:52:21.4,2003-07-17,01:05:49,2452837.54571,30.05,1.06,I,K,1732.0,2107.0,2460.0,other/LOG_TAPES_9_3.csv,miniarchive,TAPES_9_3,Disk,YALE-03A-0001,,J16320-4751,True,IR
ir030716.0070.fits,J16320-4751,16:32:2.44,-47:52:21.4,2003-07-17,01:04:57,2452837.54511,30.04,1.06,I,K,1762.0,2107.0,2430.0,other/LOG_TAPES_9_3.csv,miniarchive,TAPES_9_3,Disk,YALE-03A-0001,,J16320-4751,True,IR
ir030716.0069.fits,J16320-4751,16:32:2.41,-47:52:21.5,2003-07-17,01:04:04,2452837.5445,30.04,1.06,I,K,1702.0,2137.0,2460.0,other/LOG_TAPES_9_3.csv,miniarchive,TAPES_9_3,Disk,YALE-03A-0001,,J16320-4751,True,IR
ir030716.0076.fits,J16320-4751,16:32:2.44,-47:52:20.6,2003-07-17,01:10:11,2452837.54874,30.05,1.06,I,K,1702.0,2137.0,2460.0,other/LOG_TAPES_9_3.csv,miniarchive,TAPES_9_3,Disk,YALE-03A-0001,,J16320-4751,True,IR
ir030714.0044.fits,J16320-4751,16:32:1.74,-47:52:28.7,2003-07-15,00:23:00,2452835.51598,30.04,1.09,I,K,1732.0,2167.0,2400.0,other/LOG_TAPES_9_3.csv,miniarchive,TAPES_9_3,Disk,YALE-03A-0001,,J16320-4751,True,IR
ir030714.0043.fits,J16320-4751,16:32:1.74,-47:52:28.8,2003-07-15,00:22:09,2452835.51538,30.04,1.09,I,K,1732.0,2137.0,2430.0,other/LOG_TAPES_9_3.csv,miniarchive,TAPES_9_3,Disk,YALE-03A-0001,,J16320-4751,True,IR
ir030714.0050.fits,J16320-4751,16:32:1.72,-47:52:27.4,2003-07-15,00:28:13,2452835.5196,30.05,1.09,I,K,1732.0,2137.0,2430.0,other/LOG_TAPES_9_3.csv,miniarchive,TAPES_9_3,Disk,YALE-03A-0001,,J16320-4751,True,IR
ir030716.0068.fits,J16320-4751,16:32:2.41,-47:52:21.4,2003-07-17,01:03:11,2452837.54389,30.05,1.06,I,K,1732.0,2167.0,2400.0,other/LOG_TAPES_9_3.csv,miniarchive,TAPES_9_3,Disk,YALE-03A-0001,,J16320-4751,True,IR
ir030716.0074.fits,J16320-4751,16:32:2.45,-47:52:20.9,2003-07-17,01:08:26,2452837.54753,30.05,1.06,I,K,1732.0,2137.0,2430.0,other/LOG_TAPES_9_3.csv,miniarchive,TAPES_9_3,Disk,YALE-03A-0001,,J16320-4751,True,IR
ir030717.0032.fits,J16320-4751,16:32:1.99,-47:52:28.4,2003-07-17,23:56:26,2452838.49752,30.04,1.11,V,K,1732.0,2167.0,2400.0,other/LOG_TAPES_9_3.csv,miniarchive,TAPES_9_3,Disk,YALE-03A-0001,,J16320-4751,True,IR
ir030717.0033.fits,J16320-4751,16:32:2.02,-47:52:28.5,2003-07-17,23:57:19,2452838.49814,30.05,1.11,V,K,1702.0,2137.0,2460.0,other/LOG_TAPES_9_3.csv,miniarchive,TAPES_9_3,Disk,YALE-03A-0001,,J16320-4751,True,IR
ir030717.0024.fits,J16320-4751,16:32:1.74,-47:52:28.9,2003-07-17,23:49:26,2452838.49266,30.05,1.12,V,K,1732.0,2137.0,2430.0,other/LOG_TAPES_9_3.csv,miniarchive,TAPES_9_3,Disk,YALE-03A-0001,,J16320-4751,True,IR
ir030716.0067.fits,J16320-4751,16:32:2.40,-47:52:21.8,2003-07-17,01:02:20,2452837.54329,30.04,1.06,I,K,1732.0,2137.0,2430.0,other/LOG_TAPES_9_3.csv,miniarchive,TAPES_9_3,Disk,YALE-03A-0001,,J16320-4751,True,IR
ir030717.0025.fits,J16320-4751,16:32:1.81,-47:52:28.7,2003-07-17,23:50:18,2452838.49327,30.04,1.12,V,K,1732.0,2167.0,2400.0,other/LOG_TAPES_9_3.csv,miniarchive,TAPES_9_3,Disk,YALE-03A-0001,,J16320-4751,True,IR
ir030717.0026.fits,J16320-4751,16:32:1.85,-47:52:28.4,2003-07-17,23:51:11,2452838.49388,30.04,1.12,V,K,1702.0,2137.0,2460.0,other/LOG_TAPES_9_3.csv,miniarchive,TAPES_9_3,Disk,YALE-03A-0001,,J16320-4751,True,IR
ir030717.0027.fits,J16320-4751,16:32:1.87,-47:52:28.4,2003-07-17,23:52:04,2452838.49449,30.04,1.12,V,K,1762.0,2107.0,2430.0,other/LOG_TAPES_9_3.csv,miniarchive,TAPES_9_3,Disk,YALE-03A-0001,,J16320-4751,True,IR
ir030717.0028.fits,J16320-4751,16:32:1.91,-47:52:28.6,2003-07-17,23:52:56,2452838.4951,30.04,1.12,V,K,1732.0,2107.0,2460.0,other/LOG_TAPES_9_3.csv,miniarchive,TAPES_9_3,Disk,YALE-03A-0001,,J16320-4751,True,IR
ir030717.0029.fits,J16320-4751,16:32:1.94,-47:52:28.6,2003-07-17,23:53:49,2452838.49571,30.04,1.11,V,K,1762.0,2137.0,2400.0,other/LOG_TAPES_9_3.csv,miniarchive,TAPES_9_3,Disk,YALE-03A-0001,,J16320-4751,True,IR
ir030717.0030.fits,J16320-4751,16:32:1.96,-47:52:28.6,2003-07-17,23:54:41,2452838.49632,30.05,1.11,V,K,1702.0,2167.0,2430.0,other/LOG_TAPES_9_3.csv,miniarchive,TAPES_9_3,Disk,YALE-03A-0001,,J16320-4751,True,IR
ir030717.0031.fits,J16320-4751,16:32:1.99,-47:52:28.5,2003-07-17,23:55:34,2452838.49692,30.05,1.11,V,K,1732.0,2137.0,2430.0,other/LOG_TAPES_9_3.csv,miniarchive,TAPES_9_3,Disk,YALE-03A-0001,,J16320-4751,True,IR
ir030714.0051.fits,J16320-4751,16:32:1.72,-47:52:27.5,2003-07-15,00:29:04,2452835.52019,30.04,1.09,I,K,1732.0,2167.0,2400.0,other/LOG_TAPES_9_3.csv,miniarchive,TAPES_9_3,Disk,YALE-03A-0001,,J16320-4751,True,IR
ir030714.0049.fits,J16320-4751,16:32:1.72,-47:52:27.5,2003-07-15,00:27:21,2452835.519,30.05,1.09,I,K,1702.0,2167.0,2430.0,other/LOG_TAPES_9_3.csv,miniarchive,TAPES_9_3,Disk,YALE-03A-0001,,J16320-4751,True,IR
ir030714.0048.fits,J16320-4751,16:32:1.73,-47:52:27.7,2003-07-15,00:26:29,2452835.51839,30.04,1.09,I,K,1762.0,2137.0,2400.0,other/LOG_TAPES_9_3.csv,miniarchive,TAPES_9_3,Disk,YALE-03A-0001,,J16320-4751,True,IR
ir030713.0071.fits,J16320-4751,16:32:2.21,-47:52:17.7,2003-07-14,00:58:08,2452834.54038,30.05,1.07,I,K,1732.0,2167.0,2400.0,other/LOG_TAPES_9_3.csv,miniarchive,TAPES_9_3,Disk,YALE-03A-0001,,J16320-4751,True,IR
ir030712.0139.fits,J16320-4751,16:32:1.19,-47:52:22.2,2003-07-13,02:22:30,2452833.59896,30.04,1.06,V,K,1732.0,2137.0,2430.0,other/LOG_TAPES_9_3.csv,miniarchive,TAPES_9_3,Disk,YALE-03A-0001,,J16320-4751,True,IR
ir030712.0145.fits,J16320-4751,16:32:1.23,-47:52:21.8,2003-07-13,02:27:45,2452833.6026,30.04,1.06,V,K,1702.0,2167.0,2430.0,other/LOG_TAPES_9_3.csv,miniarchive,TAPES_9_3,Disk,YALE-03A-0001,,J16320-4751,True,IR
ir030712.0144.fits,J16320-4751,16:32:1.23,-47:52:21.8,2003-07-13,02:26:52,2452833.602,30.05,1.06,V,K,1762.0,2137.0,2400.0,other/LOG_TAPES_9_3.csv,miniarchive,TAPES_9_3,Disk,YALE-03A-0001,,J16320-4751,True,IR
ir030712.0143.fits,J16320-4751,16:32:1.21,-47:52:21.9,2003-07-13,02:25:59,2452833.60139,30.05,1.06,V,K,1732.0,2107.0,2460.0,other/LOG_TAPES_9_3.csv,miniarchive,TAPES_9_3,Disk,YALE-03A-0001,,J16320-4751,True,IR
ir030712.0142.fits,J16320-4751,16:32:1.23,-47:52:22.1,2003-07-13,02:25:07,2452833.60078,30.04,1.06,V,K,1762.0,2107.0,2430.0,other/LOG_TAPES_9_3.csv,miniarchive,TAPES_9_3,Disk,YALE-03A-0001,,J16320-4751,True,IR
ir030712.0141.fits,J16320-4751,16:32:1.19,-47:52:21.9,2003-07-13,02:24:14,2452833.60017,30.05,1.06,V,K,1702.0,2137.0,2460.0,other/LOG_TAPES_9_3.csv,miniarchive,TAPES_9_3,Disk,YALE-03A-0001,,J16320-4751,True,IR
ir030712.0140.fits,J16320-4751,16:32:1.21,-47:52:22.0,2003-07-13,02:23:21,2452833.59956,30.04,1.06,V,K,1732.0,2167.0,2400.0,other/LOG_TAPES_9_3.csv,miniarchive,TAPES_9_3,Disk,YALE-03A-0001,,J16320-4751,True,IR
ir030712.0147.fits,J16320-4751,16:32:1.26,-47:52:21.6,2003-07-13,02:29:29,2452833.60381,30.04,1.06,V,K,1732.0,2167.0,2400.0,other/LOG_TAPES_9_3.csv,miniarchive,TAPES_9_3,Disk,YALE-03A-0001,,J16320-4751,True,IR
ir030712.0148.fits,J16320-4751,16:32:1.28,-47:52:21.5,2003-07-13,02:30:22,2452833.60442,30.05,1.06,V,K,1702.0,2137.0,2460.0,other/LOG_TAPES_9_3.csv,miniarchive,TAPES_9_3,Disk,YALE-03A-0001,,J16320-4751,True,IR
ir030713.0072.fits,J16320-4751,16:32:2.20,-47:52:17.6,2003-07-14,00:59:01,2452834.54099,30.05,1.07,I,K,1702.0,2137.0,2460.0,other/LOG_TAPES_9_3.csv,miniarchive,TAPES_9_3,Disk,YALE-03A-0001,,J16320-4751,True,IR
ir030714.0047.fits,J16320-4751,16:32:1.75,-47:52:27.9,2003-07-15,00:25:37,2452835.51779,30.04,1.09,I,K,1732.0,2107.0,2460.0,other/LOG_TAPES_9_3.csv,miniarchive,TAPES_9_3,Disk,YALE-03A-0001,,J16320-4751,True,IR
ir030714.0046.fits,J16320-4751,16:32:1.77,-47:52:28.0,2003-07-15,00:24:45,2452835.51719,30.04,1.09,I,K,1762.0,2107.0,2430.0,other/LOG_TAPES_9_3.csv,miniarchive,TAPES_9_3,Disk,YALE-03A-0001,,J16320-4751,True,IR
ir030714.0045.fits,J16320-4751,16:32:1.74,-47:52:28.2,2003-07-15,00:23:53,2452835.51659,30.04,1.09,I,K,1702.0,2137.0,2460.0,other/LOG_TAPES_9_3.csv,miniarchive,TAPES_9_3,Disk,YALE-03A-0001,,J16320-4751,True,IR
ir030714.0052.fits,J16320-4751,16:32:1.72,-47:52:27.5,2003-07-15,00:29:57,2452835.5208,30.04,1.09,I,K,1702.0,2137.0,2460.0,other/LOG_TAPES_9_3.csv,miniarchive,TAPES_9_3,Disk,YALE-03A-0001,,J16320-4751,True,IR
ir030713.0067.fits,J16320-4751,16:32:2.19,-47:52:18.1,2003-07-14,00:54:39,2452834.53796,30.05,1.07,I,K,1732.0,2107.0,2460.0,other/LOG_TAPES_9_3.csv,miniarchive,TAPES_9_3,Disk,YALE-03A-0001,,J16320-4751,True,IR
ir030713.0063.fits,J16320-4751,16:32:2.20,-47:52:18.6,2003-07-14,00:51:10,2452834.53553,30.04,1.07,I,K,1732.0,2137.0,2430.0,other/LOG_TAPES_9_3.csv,miniarchive,TAPES_9_3,Disk,YALE-03A-0001,,J16320-4751,True,IR
ir030713.0064.fits,J16320-4751,16:32:2.17,-47:52:18.2,2003-07-14,00:52:02,2452834.53614,30.04,1.07,I,K,1732.0,2167.0,2400.0,other/LOG_TAPES_9_3.csv,miniarchive,TAPES_9_3,Disk,YALE-03A-0001,,J16320-4751,True,IR
ir030713.0065.fits,J16320-4751,16:32:2.17,-47:52:18.2,2003-07-14,00:52:55,2452834.53675,30.04,1.07,I,K,1702.0,2137.0,2460.0,other/LOG_TAPES_9_3.csv,miniarchive,TAPES_9_3,Disk,YALE-03A-0001,,J16320-4751,True,IR
ir030713.0066.fits,J16320-4751,16:32:2.18,-47:52:18.2,2003-07-14,00:53:47,2452834.53736,30.05,1.07,I,K,1762.0,2107.0,2430.0,other/LOG_TAPES_9_3.csv,miniarchive,TAPES_9_3,Disk,YALE-03A-0001,,J16320-4751,True,IR
ir030713.0069.fits,J16320-4751,16:32:2.20,-47:52:17.8,2003-07-14,00:56:24,2452834.53918,30.04,1.07,I,K,1702.0,2167.0,2430.0,other/LOG_TAPES_9_3.csv,miniarchive,TAPES_9_3,Disk,YALE-03A-0001,,J16320-4751,True,IR
ir030713.0068.fits,J16320-4751,16:32:2.21,-47:52:17.8,2003-07-14,00:55:32,2452834.53857,30.04,1.07,I,K,1762.0,2137.0,2400.0,other/LOG_TAPES_9_3.csv,miniarchive,TAPES_9_3,Disk,YALE-03A-0001,,J16320-4751,True,IR
ir030713.0070.fits,J16320-4751,16:32:2.20,-47:52:17.7,2003-07-14,00:57:16,2452834.53978,30.04,1.07,I,K,1732.0,2137.0,2430.0,other/LOG_TAPES_9_3.csv,miniarchive,TAPES_9_3,Disk,YALE-03A-0001,,J16320-4751,True,IR
ir030726.0133.fits,J16320-4751,16:32:1.65,-47:52:29.6,2003-07-27,02:49:30,2452847.61771,30.05,1.13,V,K,1732.0,2137.0,2430.0,other/LOG_TAPES_9_3.csv,miniarchive,TAPES_9_3,Disk,YALE-03A-0001,,J16320-4751,True,IR
ir030726.0134.fits,J16320-4751,16:32:1.73,-47:52:29.8,2003-07-27,02:50:21,2452847.61831,30.04,1.13,V,K,1732.0,2167.0,2400.0,other/LOG_TAPES_9_3.csv,miniarchive,TAPES_9_3,Disk,YALE-03A-0001,,J16320-4751,True,IR
ir030726.0135.fits,J16320-4751,16:32:1.71,-47:52:29.8,2003-07-27,02:51:14,2452847.61892,30.05,1.13,V,K,1702.0,2137.0,2460.0,other/LOG_TAPES_9_3.csv,miniarchive,TAPES_9_3,Disk,YALE-03A-0001,,J16320-4751,True,IR
ir030726.0131.fits,J16320-4751,16:32:1.62,-47:52:29.4,2003-07-27,02:47:46,2452847.61651,30.04,1.13,V,K,1762.0,2137.0,2400.0,other/LOG_TAPES_9_3.csv,miniarchive,TAPES_9_3,Disk,YALE-03A-0001,,J16320-4751,True,IR
ir030726.0132.fits,J16320-4751,16:32:1.64,-47:52:29.8,2003-07-27,02:48:38,2452847.61711,30.04,1.13,V,K,1702.0,2167.0,2430.0,other/LOG_TAPES_9_3.csv,miniarchive,TAPES_9_3,Disk,YALE-03A-0001,,J16320-4751,True,IR
ir030726.0130.fits,J16320-4751,16:32:1.63,-47:52:29.3,2003-07-27,02:46:53,2452847.6159,30.04,1.13,V,K,1732.0,2107.0,2460.0,other/LOG_TAPES_9_3.csv,miniarchive,TAPES_9_3,Disk,YALE-03A-0001,,J16320-4751,True,IR
ir030726.0129.fits,J16320-4751,16:32:1.62,-47:52:29.4,2003-07-27,02:46:01,2452847.6153,30.04,1.13,V,K,1762.0,2107.0,2430.0,other/LOG_TAPES_9_3.csv,miniarchive,TAPES_9_3,Disk,YALE-03A-0001,,J16320-4751,True,IR
ir030726.0126.fits,J16320-4751,16:32:1.61,-47:52:29.3,2003-07-27,02:43:24,2452847.61347,30.05,1.12,V,K,1732.0,2137.0,2430.0,other/LOG_TAPES_9_3.csv,miniarchive,TAPES_9_3,Disk,YALE-03A-0001,,J16320-4751,True,IR
ir030726.0127.fits,J16320-4751,16:32:1.61,-47:52:29.3,2003-07-27,02:44:16,2452847.61407,30.04,1.12,V,K,1732.0,2167.0,2400.0,other/LOG_TAPES_9_3.csv,miniarchive,TAPES_9_3,Disk,YALE-03A-0001,,J16320-4751,True,IR
ir030726.0128.fits,J16320-4751,16:32:1.62,-47:52:29.2,2003-07-27,02:45:08,2452847.61469,30.04,1.12,V,K,1702.0,2137.0,2460.0,other/LOG_TAPES_9_3.csv,miniarchive,TAPES_9_3,Disk,YALE-03A-0001,,J16320-4751,True,IR
ir030722.0064.fits,J16320-4751,16:32:1.74,-47:52:28.8,2003-07-23,00:50:51,2452843.53532,30.05,1.05,V,K,1732.0,2137.0,2430.0,other/LOG_TAPES_9_3.csv,miniarchive,TAPES_9_3,Disk,YALE-03A-0001,,J16320-4751,True,IR
ir030722.0065.fits,J16320-4751,16:32:1.72,-47:52:28.6,2003-07-23,00:51:43,2452843.53592,30.05,1.05,V,K,1732.0,2167.0,2400.0,other/LOG_TAPES_9_3.csv,miniarchive,TAPES_9_3,Disk,YALE-03A-0001,,J16320-4751,True,IR
ir030722.0072.fits,J16320-4751,16:32:1.73,-47:52:26.5,2003-07-23,00:57:51,2452843.54018,30.05,1.05,V,K,1732.0,2167.0,2400.0,other/LOG_TAPES_9_3.csv,miniarchive,TAPES_9_3,Disk,YALE-03A-0001,,J16320-4751,True,IR
ir030722.0071.fits,J16320-4751,16:32:1.72,-47:52:26.6,2003-07-23,00:56:59,2452843.53958,30.05,1.05,V,K,1732.0,2137.0,2430.0,other/LOG_TAPES_9_3.csv,miniarchive,TAPES_9_3,Disk,YALE-03A-0001,,J16320-4751,True,IR
ir030722.0070.fits,J16320-4751,16:32:1.70,-47:52:27.0,2003-07-23,00:56:07,2452843.53897,30.04,1.05,V,K,1702.0,2167.0,2430.0,other/LOG_TAPES_9_3.csv,miniarchive,TAPES_9_3,Disk,YALE-03A-0001,,J16320-4751,True,IR
ir030722.0069.fits,J16320-4751,16:32:1.69,-47:52:27.4,2003-07-23,00:55:14,2452843.53836,30.04,1.05,V,K,1762.0,2137.0,2400.0,other/LOG_TAPES_9_3.csv,miniarchive,TAPES_9_3,Disk,YALE-03A-0001,,J16320-4751,True,IR
ir030722.0068.fits,J16320-4751,16:32:1.74,-47:52:27.3,2003-07-23,00:54:21,2452843.53775,30.04,1.05,V,K,1732.0,2107.0,2460.0,other/LOG_TAPES_9_3.csv,miniarchive,TAPES_9_3,Disk,YALE-03A-0001,,J16320-4751,True,IR
ir030722.0067.fits,J16320-4751,16:32:1.72,-47:52:27.3,2003-07-23,00:53:29,2452843.53715,30.05,1.05,V,K,1762.0,2107.0,2430.0,other/LOG_TAPES_9_3.csv,miniarchive,TAPES_9_3,Disk,YALE-03A-0001,,J16320-4751,True,IR
ir030722.0073.fits,J16320-4751,16:32:1.74,-47:52:26.7,2003-07-23,00:58:44,2452843.54079,30.04,1.05,V,K,1702.0,2137.0,2460.0,other/LOG_TAPES_9_3.csv,miniarchive,TAPES_9_3,Disk,YALE-03A-0001,,J16320-4751,True,IR
ir030722.0066.fits,J16320-4751,16:32:1.69,-47:52:28.5,2003-07-23,00:52:36,2452843.53653,30.05,1.05,V,K,1702.0,2137.0,2460.0,other/LOG_TAPES_9_3.csv,miniarchive,TAPES_9_3,Disk,YALE-03A-0001,,J16320-4751,True,IR
ir030724.0104.fits,J16320-4751,16:32:1.20,-47:52:41.5,2003-07-25,01:07:17,2452845.54673,30.04,1.05,V,K,1762.0,2137.0,2400.0,other/LOG_TAPES_9_3.csv,miniarchive,TAPES_9_3,Disk,YALE-03A-0001,,J16320-4751,True,IR
ir030724.0099.fits,J16320-4751,16:32:1.18,-47:52:42.2,2003-07-25,01:02:54,2452845.54369,30.05,1.05,V,K,1732.0,2137.0,2430.0,other/LOG_TAPES_9_3.csv,miniarchive,TAPES_9_3,Disk,YALE-03A-0001,,J16320-4751,True,IR
ir030724.0100.fits,J16320-4751,16:32:1.15,-47:52:42.1,2003-07-25,01:03:47,2452845.5443,30.05,1.05,V,K,1732.0,2167.0,2400.0,other/LOG_TAPES_9_3.csv,miniarchive,TAPES_9_3,Disk,YALE-03A-0001,,J16320-4751,True,IR
ir030724.0101.fits,J16320-4751,16:32:1.14,-47:52:42.1,2003-07-25,01:04:39,2452845.5449,30.04,1.05,V,K,1702.0,2137.0,2460.0,other/LOG_TAPES_9_3.csv,miniarchive,TAPES_9_3,Disk,YALE-03A-0001,,J16320-4751,True,IR
ir030724.0102.fits,J16320-4751,16:32:1.15,-47:52:41.6,2003-07-25,01:05:32,2452845.54552,30.04,1.05,V,K,1762.0,2107.0,2430.0,other/LOG_TAPES_9_3.csv,miniarchive,TAPES_9_3,Disk,YALE-03A-0001,,J16320-4751,True,IR
ir030724.0103.fits,J16320-4751,16:32:1.17,-47:52:41.3,2003-07-25,01:06:24,2452845.54612,30.04,1.05,V,K,1732.0,2107.0,2460.0,other/LOG_TAPES_9_3.csv,miniarchive,TAPES_9_3,Disk,YALE-03A-0001,,J16320-4751,True,IR
ir030724.0107.fits,J16320-4751,16:32:1.23,-47:52:41.4,2003-07-25,01:09:53,2452845.54854,30.04,1.05,V,K,1732.0,2167.0,2400.0,other/LOG_TAPES_9_3.csv,miniarchive,TAPES_9_3,Disk,YALE-03A-0001,,J16320-4751,True,IR
ir030724.0105.fits,J16320-4751,16:32:1.20,-47:52:41.4,2003-07-25,01:08:09,2452845.54734,30.05,1.05,V,K,1702.0,2167.0,2430.0,other/LOG_TAPES_9_3.csv,miniarchive,TAPES_9_3,Disk,YALE-03A-0001,,J16320-4751,True,IR
ir030724.0106.fits,J16320-4751,16:32:1.22,-47:52:41.4,2003-07-25,01:09:01,2452845.54794,30.05,1.05,V,K,1732.0,2137.0,2430.0,other/LOG_TAPES_9_3.csv,miniarchive,TAPES_9_3,Disk,YALE-03A-0001,,J16320-4751,True,IR
ir030724.0108.fits,J16320-4751,16:32:1.27,-47:52:41.1,2003-07-25,01:10:46,2452845.54915,30.04,1.05,V,K,1702.0,2137.0,2460.0,other/LOG_TAPES_9_3.csv,miniarchive,TAPES_9_3,Disk,YALE-03A-0001,,J16320-4751,True,IR
ir030630.0100        [0,J16320-4751,16:32:1.80,-47:52:28,2003-07-01,01:48:46,2452821.5755,30.0,1.07,K,K,,,,missingreplog_J16320-4751.csv,,,Data replog,,,J16320-4751,True,IR
ir030705.0144        [0,J16320-4751,16:32:1.74,-47:52:28,2003-07-06,04:40:40,2452826.6949,30.1,1.18,K,K,,,,missingreplog_J16320-4751.csv,,,Data replog,,,J16320-4751,True,IR
ir030705.0143        [0,J16320-4751,16:32:1.73,-47:52:28,2003-07-06,04:39:47,2452826.6943,30.0,1.18,K,K,,,,missingreplog_J16320-4751.csv,,,Data replog,,,J16320-4751,True,IR
ir030705.0142        [0,J16320-4751,16:32:1.73,-47:52:28,2003-07-06,04:38:54,2452826.6937,30.1,1.18,K,K,,,,missingreplog_J16320-4751.csv,,,Data replog,,,J16320-4751,True,IR
ir030705.0141        [0,J16320-4751,16:32:1.74,-47:52:28,2003-07-06,04:38:02,2452826.6931,30.0,1.18,K,K,,,,missingreplog_J16320-4751.csv,,,Data replog,,,J16320-4751,True,IR
ir030630.0107        [0,J16320-4751,16:32:1.90,-47:52:28,2003-07-01,01:54:52,2452821.5798,30.0,1.06,K,K,,,,missingreplog_J16320-4751.csv,,,Data replog,,,J16320-4751,True,IR
ir030630.0106        [0,J16320-4751,16:32:1.90,-47:52:28,2003-07-01,01:53:59,2452821.5792,30.1,1.06,K,K,,,,missingreplog_J16320-4751.csv,,,Data replog,,,J16320-4751,True,IR
ir030630.0105        [0,J16320-4751,16:32:1.84,-47:52:28,2003-07-01,01:53:07,2452821.5786,30.1,1.06,K,K,,,,missingreplog_J16320-4751.csv,,,Data replog,,,J16320-4751,True,IR
ir030630.0104        [0,J16320-4751,16:32:1.81,-47:52:28,2003-07-01,01:52:15,2452821.578,30.1,1.07,K,K,,,,missingreplog_J16320-4751.csv,,,Data replog,,,J16320-4751,True,IR
ir030630.0103        [0,J16320-4751,16:32:1.80,-47:52:28,2003-07-01,01:51:23,2452821.5773,30.0,1.07,K,K,,,,missingreplog_J16320-4751.csv,,,Data replog,,,J16320-4751,True,IR
ir030630.0102        [0,J16320-4751,16:32:1.81,-47:52:28,2003-07-01,01:50:30,2452821.5767,30.1,1.07,K,K,,,,missingreplog_J16320-4751.csv,,,Data replog,,,J16320-4751,True,IR
ir030630.0101        [0,J16320-4751,16:32:1.75,-47:52:28,2003-07-01,01:49:38,2452821.5761,30.0,1.07,K,K,,,,missingreplog_J16320-4751.csv,,,Data replog,,,J16320-4751,True,IR
ir030630.0099        [0,J16320-4751,16:32:1.80,-47:52:29,2003-07-01,01:47:53,2452821.5749,30.1,1.07,K,K,,,,missingreplog_J16320-4751.csv,,,Data replog,,,J16320-4751,True,IR
ir030629.0071        [0,J16320-4751,18:04:29.4,-29:56:17,2003-06-30,01:17:34,2452820.5539,10.0,1.28,J,J,,,,missingreplog_J16320-4751.csv,,,Data replog,,,J16320-4751,True,IR
ir030630.0098        [0,J16320-4751,16:32:1.74,-47:52:28,2003-07-01,01:47:01,2452821.5743,30.0,1.07,K,K,,,,missingreplog_J16320-4751.csv,,,Data replog,,,J16320-4751,True,IR
ir030629.0082        [0,J16320-4751,18:04:29.4,-29:56:15,2003-06-30,01:37:46,2452820.5679,10.0,1.21,J,J,,,,missingreplog_J16320-4751.csv,,,Data replog,,,J16320-4751,True,IR
ir030629.0081        [0,J16320-4751,18:04:29.4,-29:56:15,2003-06-30,01:36:34,2452820.5671,10.0,1.21,J,J,,,,missingreplog_J16320-4751.csv,,,Data replog,,,J16320-4751,True,IR
ir030629.0080        [0,J16320-4751,18:04:29.4,-29:56:16,2003-06-30,01:35:20,2452820.5662,10.0,1.22,J,J,,,,missingreplog_J16320-4751.csv,,,Data replog,,,J16320-4751,True,IR
ir030629.0079        [0,J16320-4751,18:04:29.4,-29:56:16,2003-06-30,01:34:06,2452820.5653,10.0,1.22,J,J,,,,missingreplog_J16320-4751.csv,,,Data replog,,,J16320-4751,True,IR
ir030629.0078        [0,J16320-4751,18:04:29.4,-29:56:16,2003-06-30,01:32:54,2452820.5645,10.0,1.23,J,J,,,,missingreplog_J16320-4751.csv,,,Data replog,,,J16320-4751,True,IR
ir030629.0077        [0,J16320-4751,18:04:29.4,-29:56:16,2003-06-30,01:30:25,2452820.5628,20.0,1.23,K,K,,,,missingreplog_J16320-4751.csv,,,Data replog,,,J16320-4751,True,IR
ir030629.0076        [0,J16320-4751,18:04:29.4,-29:56:16,2003-06-30,01:28:07,2452820.5612,20.0,1.24,K,K,,,,missingreplog_J16320-4751.csv,,,Data replog,,,J16320-4751,True,IR
ir030629.0075        [0,J16320-4751,18:04:29.4,-29:56:16,2003-06-30,01:25:51,2452820.5596,20.0,1.25,K,K,,,,missingreplog_J16320-4751.csv,,,Data replog,,,J16320-4751,True,IR
ir030629.0074        [0,J16320-4751,18:04:29.4,-29:56:17,2003-06-30,01:23:33,2452820.558,20.0,1.26,K,K,,,,missingreplog_J16320-4751.csv,,,Data replog,,,J16320-4751,True,IR
ir030629.0073        [0,J16320-4751,18:04:29.4,-29:56:17,2003-06-30,01:21:14,2452820.5564,20.0,1.27,K,K,,,,missingreplog_J16320-4751.csv,,,Data replog,,,J16320-4751,True,IR
ir030705.0145        [0,J16320-4751,16:32:1.75,-47:52:28,2003-07-06,04:41:32,2452826.6955,30.0,1.18,K,K,,,,missingreplog_J16320-4751.csv,,,Data replog,,,J16320-4751,True,IR
ir030705.0146        [0,J16320-4751,16:32:1.75,-47:52:28,2003-07-06,04:42:25,2452826.6961,30.1,1.19,K,K,,,,missingreplog_J16320-4751.csv,,,Data replog,,,J16320-4751,True,IR
ir030705.0147        [0,J16320-4751,16:32:1.76,-47:52:27,2003-07-06,04:43:18,2452826.6967,30.0,1.19,K,K,,,,missingreplog_J16320-4751.csv,,,Data replog,,,J16320-4751,True,IR
ir030705.0148        [0,J16320-4751,16:32:1.74,-47:52:27,2003-07-06,04:44:10,2452826.6973,30.1,1.19,K,K,,,,missingreplog_J16320-4751.csv,,,Data replog,,,J16320-4751,True,IR
ir030710.0105        [0,J16320-4751,16:32:1.73,-47:52:25,2003-07-11,01:02:27,2452831.5434,30.0,1.07,K,K,,,,missingreplog_J16320-4751.csv,,,Data replog,,,J16320-4751,True,IR
ir030709.0211        [0,J16320-4751,16:32:1.84,-47:52:29,2003-07-10,03:35:26,2452830.6496,30.1,1.1,K,K,,,,missingreplog_J16320-4751.csv,,,Data replog,,,J16320-4751,True,IR
ir030709.0210        [0,J16320-4751,16:32:1.84,-47:52:29,2003-07-10,03:34:33,2452830.649,30.0,1.1,K,K,,,,missingreplog_J16320-4751.csv,,,Data replog,,,J16320-4751,True,IR
ir030709.0209        [0,J16320-4751,16:32:1.81,-47:52:29,2003-07-10,03:33:41,2452830.6484,30.0,1.1,K,K,,,,missingreplog_J16320-4751.csv,,,Data replog,,,J16320-4751,True,IR
ir030709.0208        [0,J16320-4751,16:32:1.81,-47:52:29,2003-07-10,03:32:49,2452830.6478,30.0,1.1,K,K,,,,missingreplog_J16320-4751.csv,,,Data replog,,,J16320-4751,True,IR
ir030709.0207        [0,J16320-4751,16:32:1.80,-47:52:29,2003-07-10,03:31:57,2452830.6472,30.0,1.1,K,K,,,,missingreplog_J16320-4751.csv,,,Data replog,,,J16320-4751,True,IR
ir030709.0206        [0,J16320-4751,16:32:1.78,-47:52:29,2003-07-10,03:31:04,2452830.6466,30.1,1.1,K,K,,,,missingreplog_J16320-4751.csv,,,Data replog,,,J16320-4751,True,IR
ir030709.0205        [0,J16320-4751,16:32:1.77,-47:52:29,2003-07-10,03:30:12,2452830.646,30.0,1.1,K,K,,,,missingreplog_J16320-4751.csv,,,Data replog,,,J16320-4751,True,IR
ir030709.0204        [0,J16320-4751,16:32:1.75,-47:52:29,2003-07-10,03:29:19,2452830.6454,30.0,1.1,K,K,,,,missingreplog_J16320-4751.csv,,,Data replog,,,J16320-4751,True,IR
ir030709.0203        [0,J16320-4751,16:32:1.74,-47:52:29,2003-07-10,03:28:26,2452830.6447,30.1,1.09,K,K,,,,missingreplog_J16320-4751.csv,,,Data replog,,,J16320-4751,True,IR
ir030709.0202        [0,J16320-4751,16:32:1.74,-47:52:29,2003-07-10,03:27:34,2452830.6442,30.1,1.09,K,K,,,,missingreplog_J16320-4751.csv,,,Data replog,,,J16320-4751,True,IR
ir030708.0150        [0,J16320-4751,16:32:1.82,-47:52:29,2003-07-09,03:35:40,2452829.6498,30.0,1.1,K,K,,,,missingreplog_J16320-4751.csv,,,Data replog,,,J16320-4751,True,IR
ir030708.0149        [0,J16320-4751,16:32:1.80,-47:52:28,2003-07-09,03:34:47,2452829.6492,30.0,1.1,K,K,,,,missingreplog_J16320-4751.csv,,,Data replog,,,J16320-4751,True,IR
ir030708.0148        [0,J16320-4751,16:32:1.81,-47:52:28,2003-07-09,03:33:55,2452829.6486,30.1,1.1,K,K,,,,missingreplog_J16320-4751.csv,,,Data replog,,,J16320-4751,True,IR
ir030708.0147        [0,J16320-4751,16:32:1.77,-47:52:28,2003-07-09,03:33:03,2452829.648,30.0,1.1,K,K,,,,missingreplog_J16320-4751.csv,,,Data replog,,,J16320-4751,True,IR
ir030708.0146        [0,J16320-4751,16:32:1.76,-47:52:28,2003-07-09,03:32:10,2452829.6473,30.1,1.09,K,K,,,,missingreplog_J16320-4751.csv,,,Data replog,,,J16320-4751,True,IR
ir030708.0145        [0,J16320-4751,16:32:1.77,-47:52:28,2003-07-09,03:31:18,2452829.6467,30.0,1.09,K,K,,,,missingreplog_J16320-4751.csv,,,Data replog,,,J16320-4751,True,IR
ir030708.0144        [0,J16320-4751,16:32:1.75,-47:52:28,2003-07-09,03:30:26,2452829.6461,30.0,1.09,K,K,,,,missingreplog_J16320-4751.csv,,,Data replog,,,J16320-4751,True,IR
ir030708.0143        [0,J16320-4751,16:32:1.73,-47:52:28,2003-07-09,03:29:33,2452829.6455,30.0,1.09,K,K,,,,missingreplog_J16320-4751.csv,,,Data replog,,,J16320-4751,True,IR
ir030708.0142        [0,J16320-4751,16:32:1.74,-47:52:28,2003-07-09,03:28:41,2452829.6449,30.0,1.09,K,K,,,,missingreplog_J16320-4751.csv,,,Data replog,,,J16320-4751,True,IR
ir030708.0141        [0,J16320-4751,16:32:1.74,-47:52:28,2003-07-09,03:27:49,2452829.6443,30.0,1.09,K,K,,,,missingreplog_J16320-4751.csv,,,Data replog,,,J16320-4751,True,IR
ir030705.0150        [0,J16320-4751,16:32:1.76,-47:52:27,2003-07-06,04:45:55,2452826.6986,30.1,1.19,K,K,,,,missingreplog_J16320-4751.csv,,,Data replog,,,J16320-4751,True,IR
ir030705.0149        [0,J16320-4751,16:32:1.78,-47:52:27,2003-07-06,04:45:02,2452826.6979,30.0,1.19,K,K,,,,missingreplog_J16320-4751.csv,,,Data replog,,,J16320-4751,True,IR
ir030629.0072        [0,J16320-4751,18:04:29.4,-29:56:17,2003-06-30,01:18:58,2452820.5548,20.0,1.27,K,K,,,,missingreplog_J16320-4751.csv,,,Data replog,,,J16320-4751,True,IR
ir030629.0070        [0,J16320-4751,18:04:29.4,-29:56:17,2003-06-30,01:16:22,2452820.553,10.0,1.28,J,J,,,,missingreplog_J16320-4751.csv,,,Data replog,,,J16320-4751,True,IR
ir030710.0107        [0,J16320-4751,16:32:1.74,-47:52:24,2003-07-11,01:04:12,2452831.5446,30.1,1.07,K,K,,,,missingreplog_J16320-4751.csv,,,Data replog,,,J16320-4751,True,IR
ir030626.0060        [0,J16320-4751,16:32:1.81,-47:52:28,2003-06-27,01:10:21,2452817.5489,30.1,1.12,K,K,,,,missingreplog_J16320-4751.csv,,,Data replog,,,J16320-4751,True,IR
ir030627.0093        [0,J16320-4751,16:32:1.77,-47:52:28,2003-06-28,00:49:37,2452818.5345,30.1,1.15,K,K,,,,missingreplog_J16320-4751.csv,,,Data replog,,,J16320-4751,True,IR
ir030627.0092        [0,J16320-4751,16:32:1.74,-47:52:28,2003-06-28,00:48:45,2452818.5338,30.0,1.15,K,K,,,,missingreplog_J16320-4751.csv,,,Data replog,,,J16320-4751,True,IR
ir030627.0091        [0,J16320-4751,16:32:1.72,-47:52:28,2003-06-28,00:47:51,2452818.5332,30.0,1.15,K,K,,,,missingreplog_J16320-4751.csv,,,Data replog,,,J16320-4751,True,IR
ir030627.0090        [0,J16320-4751,16:32:1.70,-47:52:28,2003-06-28,00:46:59,2452818.5326,30.0,1.15,K,K,,,,missingreplog_J16320-4751.csv,,,Data replog,,,J16320-4751,True,IR
ir030627.0089        [0,J16320-4751,16:32:1.70,-47:52:29,2003-06-28,00:46:06,2452818.532,30.0,1.16,K,K,,,,missingreplog_J16320-4751.csv,,,Data replog,,,J16320-4751,True,IR
ir030626.0066        [0,J16320-4751,16:32:1.95,-47:52:27,2003-06-27,01:15:36,2452817.5525,30.1,1.12,K,K,,,,missingreplog_J16320-4751.csv,,,Data replog,,,J16320-4751,True,IR
ir030626.0065        [0,J16320-4751,16:32:1.93,-47:52:27,2003-06-27,01:14:43,2452817.5519,30.0,1.12,K,K,,,,missingreplog_J16320-4751.csv,,,Data replog,,,J16320-4751,True,IR
ir030626.0064        [0,J16320-4751,16:32:1.91,-47:52:27,2003-06-27,01:13:51,2452817.5513,30.1,1.12,K,K,,,,missingreplog_J16320-4751.csv,,,Data replog,,,J16320-4751,True,IR
ir030626.0063        [0,J16320-4751,16:32:1.90,-47:52:27,2003-06-27,01:12:59,2452817.5507,30.1,1.12,K,K,,,,missingreplog_J16320-4751.csv,,,Data replog,,,J16320-4751,True,IR
ir030626.0062        [0,J16320-4751,16:32:1.85,-47:52:28,2003-06-27,01:12:06,2452817.5501,30.1,1.12,K,K,,,,missingreplog_J16320-4751.csv,,,Data replog,,,J16320-4751,True,IR
ir030626.0061        [0,J16320-4751,16:32:1.84,-47:52:27,2003-06-27,01:11:13,2452817.5495,30.0,1.12,K,K,,,,missingreplog_J16320-4751.csv,,,Data replog,,,J16320-4751,True,IR
ir030626.0059        [0,J16320-4751,16:32:1.77,-47:52:28,2003-06-27,01:09:28,2452817.5482,30.0,1.12,K,K,,,,missingreplog_J16320-4751.csv,,,Data replog,,,J16320-4751,True,IR
ir030629.0069        [0,J16320-4751,18:04:29.5,-29:56:17,2003-06-30,01:15:08,2452820.5522,10.0,1.29,J,J,,,,missingreplog_J16320-4751.csv,,,Data replog,,,J16320-4751,True,IR
ir030626.0058        [0,J16320-4751,16:32:1.74,-47:52:28,2003-06-27,01:08:36,2452817.5476,30.0,1.13,K,K,,,,missingreplog_J16320-4751.csv,,,Data replog,,,J16320-4751,True,IR
ir030626.0057        [0,J16320-4751,16:32:1.71,-47:52:28,2003-06-27,01:07:44,2452817.547,30.0,1.13,K,K,,,,missingreplog_J16320-4751.csv,,,Data replog,,,J16320-4751,True,IR
ir030625.0096        [0,J16320-4751,16:31:15.7,-24:34:2.,2003-06-26,00:31:46,2452816.5221,30.0,1.19,K,K,,,,missingreplog_J16320-4751.csv,,,Data replog,,,J16320-4751,True,IR
ir030625.0095        [0,J16320-4751,16:31:15.7,-24:34:2.,2003-06-26,00:30:54,2452816.5215,30.1,1.2,K,K,,,,missingreplog_J16320-4751.csv,,,Data replog,,,J16320-4751,True,IR
ir030625.0094        [0,J16320-4751,16:32:1.74,-47:52:27,2003-06-26,00:29:08,2452816.5202,30.1,1.21,K,K,,,,missingreplog_J16320-4751.csv,,,Data replog,,,J16320-4751,True,IR
ir030625.0093        [0,J16320-4751,16:32:1.75,-47:52:27,2003-06-26,00:28:15,2452816.5196,30.0,1.21,K,K,,,,missingreplog_J16320-4751.csv,,,Data replog,,,J16320-4751,True,IR
ir030625.0092        [0,J16320-4751,16:32:1.74,-47:52:27,2003-06-26,00:27:23,2452816.519,30.0,1.21,K,K,,,,missingreplog_J16320-4751.csv,,,Data replog,,,J16320-4751,True,IR
ir030625.0091        [0,J16320-4751,16:32:1.76,-47:52:27,2003-06-26,00:26:31,2452816.5184,30.0,1.21,K,K,,,,missingreplog_J16320-4751.csv,,,Data replog,,,J16320-4751,True,IR
ir030625.0090        [0,J16320-4751,16:32:1.78,-47:52:27,2003-06-26,00:25:39,2452816.5178,30.0,1.21,K,K,,,,missingreplog_J16320-4751.csv,,,Data replog,,,J16320-4751,True,IR
ir030625.0089        [0,J16320-4751,16:32:1.77,-47:52:27,2003-06-26,00:24:47,2452816.5172,30.1,1.22,K,K,,,,missingreplog_J16320-4751.csv,,,Data replog,,,J16320-4751,True,IR
ir030625.0088        [0,J16320-4751,16:32:1.78,-47:52:27,2003-06-26,00:23:56,2452816.5166,30.0,1.22,K,K,,,,missingreplog_J16320-4751.csv,,,Data replog,,,J16320-4751,True,IR
ir030627.0094        [0,J16320-4751,16:32:1.83,-47:52:28,2003-06-28,00:50:30,2452818.5351,30.1,1.15,K,K,,,,missingreplog_J16320-4751.csv,,,Data replog,,,J16320-4751,True,IR
ir030627.0095        [0,J16320-4751,16:32:1.85,-47:52:28,2003-06-28,00:51:22,2452818.5357,30.1,1.15,K,K,,,,missingreplog_J16320-4751.csv,,,Data replog,,,J16320-4751,True,IR
ir030627.0096        [0,J16320-4751,16:32:1.86,-47:52:28,2003-06-28,00:52:14,2452818.5363,30.0,1.14,K,K,,,,missingreplog_J16320-4751.csv,,,Data replog,,,J16320-4751,True,IR
ir030627.0097        [0,J16320-4751,16:32:1.91,-47:52:27,2003-06-28,00:53:06,2452818.5369,30.0,1.14,K,K,,,,missingreplog_J16320-4751.csv,,,Data replog,,,J16320-4751,True,IR
ir030629.0068        [0,J16320-4751,18:04:29.5,-29:56:17,2003-06-30,01:13:54,2452820.5513,10.0,1.29,J,J,,,,missingreplog_J16320-4751.csv,,,Data replog,,,J16320-4751,True,IR
ir030629.0067        [0,J16320-4751,18:04:29.5,-29:56:17,2003-06-30,01:12:42,2452820.5505,10.0,1.3,J,J,,,,missingreplog_J16320-4751.csv,,,Data replog,,,J16320-4751,True,IR
ir030629.0066        [0,J16320-4751,16:32:2.14,-47:52:28,2003-06-30,00:49:51,2452820.5346,30.1,1.14,K,K,,,,missingreplog_J16320-4751.csv,,,Data replog,,,J16320-4751,True,IR
ir030629.0065        [0,J16320-4751,16:32:2.10,-47:52:28,2003-06-30,00:48:58,2452820.534,30.0,1.14,K,K,,,,missingreplog_J16320-4751.csv,,,Data replog,,,J16320-4751,True,IR
ir030629.0064        [0,J16320-4751,16:32:2.07,-47:52:28,2003-06-30,00:48:06,2452820.5334,30.1,1.14,K,K,,,,missingreplog_J16320-4751.csv,,,Data replog,,,J16320-4751,True,IR
ir030629.0063        [0,J16320-4751,16:32:2.02,-47:52:28,2003-06-30,00:47:13,2452820.5328,30.0,1.14,K,K,,,,missingreplog_J16320-4751.csv,,,Data replog,,,J16320-4751,True,IR
ir030629.0062        [0,J16320-4751,16:32:1.99,-47:52:28,2003-06-30,00:46:20,2452820.5322,30.0,1.14,K,K,,,,missingreplog_J16320-4751.csv,,,Data replog,,,J16320-4751,True,IR
ir030629.0061        [0,J16320-4751,16:32:1.97,-47:52:28,2003-06-30,00:45:27,2452820.5316,30.1,1.14,K,K,,,,missingreplog_J16320-4751.csv,,,Data replog,,,J16320-4751,True,IR
ir030629.0060        [0,J16320-4751,16:32:1.93,-47:52:28,2003-06-30,00:44:35,2452820.531,30.0,1.14,K,K,,,,missingreplog_J16320-4751.csv,,,Data replog,,,J16320-4751,True,IR
ir030629.0059        [0,J16320-4751,16:32:1.90,-47:52:28,2003-06-30,00:43:42,2452820.5304,30.1,1.15,K,K,,,,missingreplog_J16320-4751.csv,,,Data replog,,,J16320-4751,True,IR
ir030629.0058        [0,J16320-4751,16:32:1.87,-47:52:28,2003-06-30,00:42:50,2452820.5298,30.0,1.15,K,K,,,,missingreplog_J16320-4751.csv,,,Data replog,,,J16320-4751,True,IR
ir030629.0057        [0,J16320-4751,16:32:1.83,-47:52:28,2003-06-30,00:41:57,2452820.5291,30.1,1.15,K,K,,,,missingreplog_J16320-4751.csv,,,Data replog,,,J16320-4751,True,IR
ir030628.0074        [0,J16320-4751,16:32:2.37,-47:52:28,2003-06-29,00:54:08,2452819.5376,30.0,1.14,K,K,,,,missingreplog_J16320-4751.csv,,,Data replog,,,J16320-4751,True,IR
ir030628.0073        [0,J16320-4751,16:32:2.34,-47:52:28,2003-06-29,00:53:15,2452819.537,30.0,1.14,K,K,,,,missingreplog_J16320-4751.csv,,,Data replog,,,J16320-4751,True,IR
ir030628.0072        [0,J16320-4751,16:32:2.32,-47:52:28,2003-06-29,00:52:23,2452819.5364,30.0,1.14,K,K,,,,missingreplog_J16320-4751.csv,,,Data replog,,,J16320-4751,True,IR
ir030628.0071        [0,J16320-4751,16:32:2.29,-47:52:28,2003-06-29,00:51:31,2452819.5358,30.1,1.14,K,K,,,,missingreplog_J16320-4751.csv,,,Data replog,,,J16320-4751,True,IR
ir030628.0070        [0,J16320-4751,16:32:2.27,-47:52:28,2003-06-29,00:50:39,2452819.5352,30.0,1.14,K,K,,,,missingreplog_J16320-4751.csv,,,Data replog,,,J16320-4751,True,IR
ir030628.0069        [0,J16320-4751,16:32:2.23,-47:52:28,2003-06-29,00:49:46,2452819.5346,30.0,1.14,K,K,,,,missingreplog_J16320-4751.csv,,,Data replog,,,J16320-4751,True,IR
ir030628.0068        [0,J16320-4751,16:32:2.22,-47:52:28,2003-06-29,00:48:54,2452819.534,30.1,1.14,K,K,,,,missingreplog_J16320-4751.csv,,,Data replog,,,J16320-4751,True,IR
ir030628.0067        [0,J16320-4751,16:32:2.18,-47:52:28,2003-06-29,00:48:01,2452819.5334,30.1,1.15,K,K,,,,missingreplog_J16320-4751.csv,,,Data replog,,,J16320-4751,True,IR
ir030628.0066        [0,J16320-4751,16:32:2.17,-47:52:29,2003-06-29,00:47:08,2452819.5327,30.0,1.15,K,K,,,,missingreplog_J16320-4751.csv,,,Data replog,,,J16320-4751,True,IR
ir030628.0065        [0,J16320-4751,16:32:2.16,-47:52:29,2003-06-29,00:46:16,2452819.5321,30.0,1.15,K,K,,,,missingreplog_J16320-4751.csv,,,Data replog,,,J16320-4751,True,IR
ir030627.0098        [0,J16320-4751,16:32:1.94,-47:52:27,2003-06-28,00:53:59,2452818.5375,30.1,1.14,K,K,,,,missingreplog_J16320-4751.csv,,,Data replog,,,J16320-4751,True,IR
ir030710.0106        [0,J16320-4751,16:32:1.73,-47:52:24,2003-07-11,01:03:19,2452831.544,30.0,1.07,K,K,,,,missingreplog_J16320-4751.csv,,,Data replog,,,J16320-4751,True,IR
ir030710.0108        [0,J16320-4751,16:32:1.78,-47:52:24,2003-07-11,01:05:04,2452831.5452,30.1,1.07,K,K,,,,missingreplog_J16320-4751.csv,,,Data replog,,,J16320-4751,True,IR
ir030516.0088        [0,J16320-4751,16:32:2.34,-47:52:29,2003-05-17,01:21:51,2452776.5568,30.1,1.6,K,K,,,,missingreplog_J16320-4751.csv,,,Data replog,,,J16320-4751,True,IR
ir030722.0066        [0,J16320-4751,16:32:1.69,-47:52:28,2003-07-23,00:52:36,2452843.5365,30.1,1.05,K,K,,,,missingreplog_J16320-4751.csv,,,Data replog,,,J16320-4751,True,IR
ir030724.0102        [0,J16320-4751,16:32:1.15,-47:52:41,2003-07-25,01:05:32,2452845.5455,30.0,1.05,K,K,,,,missingreplog_J16320-4751.csv,,,Data replog,,,J16320-4751,True,IR
ir030724.0101        [0,J16320-4751,16:32:1.14,-47:52:42,2003-07-25,01:04:39,2452845.5449,30.0,1.05,K,K,,,,missingreplog_J16320-4751.csv,,,Data replog,,,J16320-4751,True,IR
ir030724.0100        [0,J16320-4751,16:32:1.15,-47:52:42,2003-07-25,01:03:47,2452845.5443,30.1,1.05,K,K,,,,missingreplog_J16320-4751.csv,,,Data replog,,,J16320-4751,True,IR
ir030724.0099        [0,J16320-4751,16:32:1.18,-47:52:42,2003-07-25,01:02:54,2452845.5437,30.1,1.05,K,K,,,,missingreplog_J16320-4751.csv,,,Data replog,,,J16320-4751,True,IR
ir030722.0073        [0,J16320-4751,16:32:1.74,-47:52:26,2003-07-23,00:58:44,2452843.5408,30.0,1.05,K,K,,,,missingreplog_J16320-4751.csv,,,Data replog,,,J16320-4751,True,IR
ir030722.0072        [0,J16320-4751,16:32:1.73,-47:52:26,2003-07-23,00:57:51,2452843.5402,30.1,1.05,K,K,,,,missingreplog_J16320-4751.csv,,,Data replog,,,J16320-4751,True,IR
ir030722.0071        [0,J16320-4751,16:32:1.72,-47:52:26,2003-07-23,00:56:59,2452843.5396,30.1,1.05,K,K,,,,missingreplog_J16320-4751.csv,,,Data replog,,,J16320-4751,True,IR
ir030722.0070        [0,J16320-4751,16:32:1.70,-47:52:27,2003-07-23,00:56:07,2452843.539,30.0,1.05,K,K,,,,missingreplog_J16320-4751.csv,,,Data replog,,,J16320-4751,True,IR
ir030722.0069        [0,J16320-4751,16:32:1.69,-47:52:27,2003-07-23,00:55:14,2452843.5384,30.0,1.05,K,K,,,,missingreplog_J16320-4751.csv,,,Data replog,,,J16320-4751,True,IR
ir030722.0068        [0,J16320-4751,16:32:1.74,-47:52:27,2003-07-23,00:54:21,2452843.5378,30.0,1.05,K,K,,,,missingreplog_J16320-4751.csv,,,Data replog,,,J16320-4751,True,IR
ir030722.0067        [0,J16320-4751,16:32:1.72,-47:52:27,2003-07-23,00:53:29,2452843.5372,30.1,1.05,K,K,,,,missingreplog_J16320-4751.csv,,,Data replog,,,J16320-4751,True,IR
ir030722.0065        [0,J16320-4751,16:32:1.72,-47:52:28,2003-07-23,00:51:43,2452843.5359,30.1,1.05,K,K,,,,missingreplog_J16320-4751.csv,,,Data replog,,,J16320-4751,True,IR
ir030716.0075        [0,J16320-4751,16:32:2.45,-47:52:20,2003-07-17,01:09:18,2452837.5481,30.0,1.06,K,K,,,,missingreplog_J16320-4751.csv,,,Data replog,,,J16320-4751,True,IR
ir030722.0064        [0,J16320-4751,16:32:1.74,-47:52:28,2003-07-23,00:50:51,2452843.5353,30.1,1.05,K,K,,,,missingreplog_J16320-4751.csv,,,Data replog,,,J16320-4751,True,IR
ir030717.0033        [2,J16320-4751,16:32:2.02,-47:52:28,2003-07-17,23:57:19,2452838.4981,30.1,1.11,K,K,,,,missingreplog_J16320-4751.csv,,,Data replog,,,J16320-4751,True,IR
ir030717.0032        [2,J16320-4751,16:32:1.99,-47:52:28,2003-07-17,23:56:26,2452838.4975,30.0,1.11,K,K,,,,missingreplog_J16320-4751.csv,,,Data replog,,,J16320-4751,True,IR
ir030717.0031        [2,J16320-4751,16:32:1.99,-47:52:28,2003-07-17,23:55:34,2452838.4969,30.1,1.11,K,K,,,,missingreplog_J16320-4751.csv,,,Data replog,,,J16320-4751,True,IR
ir030717.0030        [2,J16320-4751,16:32:1.96,-47:52:28,2003-07-17,23:54:41,2452838.4963,30.1,1.11,K,K,,,,missingreplog_J16320-4751.csv,,,Data replog,,,J16320-4751,True,IR
ir030717.0029        [2,J16320-4751,16:32:1.94,-47:52:28,2003-07-17,23:53:49,2452838.4957,30.0,1.11,K,K,,,,missingreplog_J16320-4751.csv,,,Data replog,,,J16320-4751,True,IR
ir030717.0028        [2,J16320-4751,16:32:1.91,-47:52:28,2003-07-17,23:52:56,2452838.4951,30.0,1.12,K,K,,,,missingreplog_J16320-4751.csv,,,Data replog,,,J16320-4751,True,IR
ir030717.0027        [2,J16320-4751,16:32:1.87,-47:52:28,2003-07-17,23:52:04,2452838.4945,30.0,1.12,K,K,,,,missingreplog_J16320-4751.csv,,,Data replog,,,J16320-4751,True,IR
ir030717.0026        [2,J16320-4751,16:32:1.85,-47:52:28,2003-07-17,23:51:11,2452838.4939,30.0,1.12,K,K,,,,missingreplog_J16320-4751.csv,,,Data replog,,,J16320-4751,True,IR
ir030717.0025        [2,J16320-4751,16:32:1.81,-47:52:28,2003-07-17,23:50:18,2452838.4933,30.0,1.12,K,K,,,,missingreplog_J16320-4751.csv,,,Data replog,,,J16320-4751,True,IR
ir030717.0024        [2,J16320-4751,16:32:1.74,-47:52:28,2003-07-17,23:49:26,2452838.4927,30.1,1.12,K,K,,,,missingreplog_J16320-4751.csv,,,Data replog,,,J16320-4751,True,IR
ir030724.0103        [0,J16320-4751,16:32:1.17,-47:52:41,2003-07-25,01:06:24,2452845.5461,30.0,1.05,K,K,,,,missingreplog_J16320-4751.csv,,,Data replog,,,J16320-4751,True,IR
ir030724.0104        [0,J16320-4751,16:32:1.20,-47:52:41,2003-07-25,01:07:17,2452845.5467,30.0,1.05,K,K,,,,missingreplog_J16320-4751.csv,,,Data replog,,,J16320-4751,True,IR
ir030724.0105        [0,J16320-4751,16:32:1.20,-47:52:41,2003-07-25,01:08:09,2452845.5473,30.1,1.05,K,K,,,,missingreplog_J16320-4751.csv,,,Data replog,,,J16320-4751,True,IR
ir030724.0106        [0,J16320-4751,16:32:1.22,-47:52:41,2003-07-25,01:09:01,2452845.5479,30.1,1.05,K,K,,,,missingreplog_J16320-4751.csv,,,Data replog,,,J16320-4751,True,IR
ir030803.0070        [0,J16320-4751,16:32:1.74,-47:52:28,2003-08-04,01:14:32,2452855.5518,30.1,1.06,K,K,,,,missingreplog_J16320-4751.csv,,,Data replog,,,J16320-4751,True,IR
ir030801.0162        [0,J16320-4751,16:32:1.57,-47:52:29,2003-08-02,03:55:57,2452853.6639,30.0,1.35,K,K,,,,missingreplog_J16320-4751.csv,,,Data replog,,,J16320-4751,True,IR
ir030801.0161        [0,J16320-4751,16:32:1.60,-47:52:29,2003-08-02,03:55:04,2452853.6633,30.1,1.35,K,K,,,,missingreplog_J16320-4751.csv,,,Data replog,,,J16320-4751,True,IR
ir030801.0160        [0,J16320-4751,16:32:1.62,-47:52:29,2003-08-02,03:54:12,2452853.6626,30.0,1.34,K,K,,,,missingreplog_J16320-4751.csv,,,Data replog,,,J16320-4751,True,IR
ir030801.0159        [0,J16320-4751,16:32:1.63,-47:52:29,2003-08-02,03:53:20,2452853.662,30.0,1.34,K,K,,,,missingreplog_J16320-4751.csv,,,Data replog,,,J16320-4751,True,IR
ir030801.0158        [0,J16320-4751,16:32:1.63,-47:52:29,2003-08-02,03:52:27,2452853.6614,30.0,1.34,K,K,,,,missingreplog_J16320-4751.csv,,,Data replog,,,J16320-4751,True,IR
ir030801.0157        [0,J16320-4751,16:32:1.63,-47:52:28,2003-08-02,03:51:34,2452853.6608,30.0,1.33,K,K,,,,missingreplog_J16320-4751.csv,,,Data replog,,,J16320-4751,True,IR
ir030801.0156        [0,J16320-4751,16:32:1.66,-47:52:29,2003-08-02,03:50:42,2452853.6602,30.0,1.33,K,K,,,,missingreplog_J16320-4751.csv,,,Data replog,,,J16320-4751,True,IR
ir030801.0155        [0,J16320-4751,16:32:1.68,-47:52:28,2003-08-02,03:49:49,2452853.6596,30.0,1.33,K,K,,,,missingreplog_J16320-4751.csv,,,Data replog,,,J16320-4751,True,IR
ir030801.0154        [0,J16320-4751,16:32:1.68,-47:52:28,2003-08-02,03:48:57,2452853.659,30.0,1.33,K,K,,,,missingreplog_J16320-4751.csv,,,Data replog,,,J16320-4751,True,IR
ir030801.0153        [0,J16320-4751,16:32:1.73,-47:52:28,2003-08-02,03:48:05,2452853.6584,30.1,1.32,K,K,,,,missingreplog_J16320-4751.csv,,,Data replog,,,J16320-4751,True,IR
ir030726.0135        [0,J16320-4751,16:32:1.71,-47:52:29,2003-07-27,02:51:14,2452847.6189,30.1,1.13,K,K,,,,missingreplog_J16320-4751.csv,,,Data replog,,,J16320-4751,True,IR
ir030726.0134        [0,J16320-4751,16:32:1.73,-47:52:29,2003-07-27,02:50:21,2452847.6183,30.0,1.13,K,K,,,,missingreplog_J16320-4751.csv,,,Data replog,,,J16320-4751,True,IR
ir030726.0133        [0,J16320-4751,16:32:1.65,-47:52:29,2003-07-27,02:49:30,2452847.6177,30.1,1.13,K,K,,,,missingreplog_J16320-4751.csv,,,Data replog,,,J16320-4751,True,IR
ir030726.0132        [0,J16320-4751,16:32:1.64,-47:52:29,2003-07-27,02:48:38,2452847.6171,30.0,1.13,K,K,,,,missingreplog_J16320-4751.csv,,,Data replog,,,J16320-4751,True,IR
ir030726.0131        [0,J16320-4751,16:32:1.62,-47:52:29,2003-07-27,02:47:46,2452847.6165,30.0,1.13,K,K,,,,missingreplog_J16320-4751.csv,,,Data replog,,,J16320-4751,True,IR
ir030726.0130        [0,J16320-4751,16:32:1.63,-47:52:29,2003-07-27,02:46:53,2452847.6159,30.0,1.13,K,K,,,,missingreplog_J16320-4751.csv,,,Data replog,,,J16320-4751,True,IR
ir030726.0129        [0,J16320-4751,16:32:1.62,-47:52:29,2003-07-27,02:46:01,2452847.6153,30.0,1.13,K,K,,,,missingreplog_J16320-4751.csv,,,Data replog,,,J16320-4751,True,IR
ir030726.0128        [0,J16320-4751,16:32:1.62,-47:52:29,2003-07-27,02:45:08,2452847.6147,30.0,1.12,K,K,,,,missingreplog_J16320-4751.csv,,,Data replog,,,J16320-4751,True,IR
ir030726.0127        [0,J16320-4751,16:32:1.61,-47:52:29,2003-07-27,02:44:16,2452847.6141,30.0,1.12,K,K,,,,missingreplog_J16320-4751.csv,,,Data replog,,,J16320-4751,True,IR
ir030726.0126        [0,J16320-4751,16:32:1.61,-47:52:29,2003-07-27,02:43:24,2452847.6135,30.1,1.12,K,K,,,,missingreplog_J16320-4751.csv,,,Data replog,,,J16320-4751,True,IR
ir030724.0108        [0,J16320-4751,16:32:1.27,-47:52:41,2003-07-25,01:10:46,2452845.5491,30.0,1.05,K,K,,,,missingreplog_J16320-4751.csv,,,Data replog,,,J16320-4751,True,IR
ir030724.0107        [0,J16320-4751,16:32:1.23,-47:52:41,2003-07-25,01:09:53,2452845.5485,30.0,1.05,K,K,,,,missingreplog_J16320-4751.csv,,,Data replog,,,J16320-4751,True,IR
ir030716.0076        [0,J16320-4751,16:32:2.44,-47:52:20,2003-07-17,01:10:11,2452837.5487,30.1,1.06,K,K,,,,missingreplog_J16320-4751.csv,,,Data replog,,,J16320-4751,True,IR
ir030716.0074        [0,J16320-4751,16:32:2.45,-47:52:20,2003-07-17,01:08:26,2452837.5475,30.1,1.06,K,K,,,,missingreplog_J16320-4751.csv,,,Data replog,,,J16320-4751,True,IR
ir030710.0109        [0,J16320-4751,16:32:1.80,-47:52:24,2003-07-11,01:05:56,2452831.5458,30.1,1.07,K,K,,,,missingreplog_J16320-4751.csv,,,Data replog,,,J16320-4751,True,IR
ir030711.0137        [0,J16320-4751,16:32:1.90,-47:52:8.,2003-07-12,02:57:22,2452832.6232,30.1,1.07,K,K,,,,missingreplog_J16320-4751.csv,,,Data replog,,,J16320-4751,True,IR
ir030712.0147        [0,J16320-4751,16:32:1.26,-47:52:21,2003-07-13,02:29:29,2452833.6038,30.0,1.06,K,K,,,,missingreplog_J16320-4751.csv,,,Data replog,,,J16320-4751,True,IR
ir030712.0146        [0,J16320-4751,16:32:1.24,-47:52:21,2003-07-13,02:28:37,2452833.6032,30.1,1.06,K,K,,,,missingreplog_J16320-4751.csv,,,Data replog,,,J16320-4751,True,IR
ir030712.0145        [0,J16320-4751,16:32:1.23,-47:52:21,2003-07-13,02:27:45,2452833.6026,30.0,1.06,K,K,,,,missingreplog_J16320-4751.csv,,,Data replog,,,J16320-4751,True,IR
ir030712.0144        [0,J16320-4751,16:32:1.23,-47:52:21,2003-07-13,02:26:52,2452833.602,30.1,1.06,K,K,,,,missingreplog_J16320-4751.csv,,,Data replog,,,J16320-4751,True,IR
ir030712.0143        [0,J16320-4751,16:32:1.21,-47:52:21,2003-07-13,02:25:59,2452833.6014,30.1,1.06,K,K,,,,missingreplog_J16320-4751.csv,,,Data replog,,,J16320-4751,True,IR
ir030712.0142        [0,J16320-4751,16:32:1.23,-47:52:22,2003-07-13,02:25:07,2452833.6008,30.0,1.06,K,K,,,,missingreplog_J16320-4751.csv,,,Data replog,,,J16320-4751,True,IR
ir030712.0141        [0,J16320-4751,16:32:1.19,-47:52:21,2003-07-13,02:24:14,2452833.6002,30.1,1.06,K,K,,,,missingreplog_J16320-4751.csv,,,Data replog,,,J16320-4751,True,IR
ir030712.0140        [0,J16320-4751,16:32:1.21,-47:52:22,2003-07-13,02:23:21,2452833.5996,30.0,1.06,K,K,,,,missingreplog_J16320-4751.csv,,,Data replog,,,J16320-4751,True,IR
ir030712.0139        [0,J16320-4751,16:32:1.19,-47:52:22,2003-07-13,02:22:30,2452833.599,30.0,1.06,K,K,,,,missingreplog_J16320-4751.csv,,,Data replog,,,J16320-4751,True,IR
ir030711.0139        [0,J16320-4751,16:32:1.95,-47:52:8.,2003-07-12,02:59:07,2452832.6244,30.1,1.07,K,K,,,,missingreplog_J16320-4751.csv,,,Data replog,,,J16320-4751,True,IR
ir030711.0138        [0,J16320-4751,16:32:1.92,-47:52:8.,2003-07-12,02:58:14,2452832.6238,30.0,1.07,K,K,,,,missingreplog_J16320-4751.csv,,,Data replog,,,J16320-4751,True,IR
ir030711.0136        [0,J16320-4751,16:32:1.86,-47:52:9.,2003-07-12,02:56:30,2452832.6226,30.1,1.07,K,K,,,,missingreplog_J16320-4751.csv,,,Data replog,,,J16320-4751,True,IR
ir030716.0073        [0,J16320-4751,16:32:2.44,-47:52:21,2003-07-17,01:07:34,2452837.5469,30.1,1.06,K,K,,,,missingreplog_J16320-4751.csv,,,Data replog,,,J16320-4751,True,IR
ir030711.0135        [0,J16320-4751,16:32:1.85,-47:52:9.,2003-07-12,02:55:37,2452832.622,30.1,1.07,K,K,,,,missingreplog_J16320-4751.csv,,,Data replog,,,J16320-4751,True,IR
ir030711.0134        [0,J16320-4751,16:32:1.82,-47:52:9.,2003-07-12,02:54:45,2452832.6214,30.0,1.07,K,K,,,,missingreplog_J16320-4751.csv,,,Data replog,,,J16320-4751,True,IR
ir030711.0133        [0,J16320-4751,16:32:1.81,-47:52:10,2003-07-12,02:53:52,2452832.6207,30.1,1.07,K,K,,,,missingreplog_J16320-4751.csv,,,Data replog,,,J16320-4751,True,IR
ir030711.0132        [0,J16320-4751,16:32:1.78,-47:52:10,2003-07-12,02:53:00,2452832.6201,30.0,1.07,K,K,,,,missingreplog_J16320-4751.csv,,,Data replog,,,J16320-4751,True,IR
ir030711.0131        [0,J16320-4751,16:32:1.76,-47:52:10,2003-07-12,02:52:07,2452832.6195,30.1,1.07,K,K,,,,missingreplog_J16320-4751.csv,,,Data replog,,,J16320-4751,True,IR
ir030711.0130        [0,J16320-4751,16:32:1.74,-47:52:10,2003-07-12,02:51:15,2452832.6189,30.1,1.07,K,K,,,,missingreplog_J16320-4751.csv,,,Data replog,,,J16320-4751,True,IR
ir030710.0114        [0,J16320-4751,16:32:1.86,-47:52:23,2003-07-11,01:10:17,2452831.5488,30.1,1.07,K,K,,,,missingreplog_J16320-4751.csv,,,Data replog,,,J16320-4751,True,IR
ir030710.0113        [0,J16320-4751,16:32:1.85,-47:52:24,2003-07-11,01:09:25,2452831.5482,30.0,1.07,K,K,,,,missingreplog_J16320-4751.csv,,,Data replog,,,J16320-4751,True,IR
ir030710.0112        [0,J16320-4751,16:32:1.83,-47:52:24,2003-07-11,01:08:33,2452831.5476,30.1,1.07,K,K,,,,missingreplog_J16320-4751.csv,,,Data replog,,,J16320-4751,True,IR
ir030710.0111        [0,J16320-4751,16:32:1.84,-47:52:23,2003-07-11,01:07:41,2452831.547,30.1,1.07,K,K,,,,missingreplog_J16320-4751.csv,,,Data replog,,,J16320-4751,True,IR
ir030710.0110        [0,J16320-4751,16:32:1.80,-47:52:23,2003-07-11,01:06:49,2452831.5464,30.0,1.07,K,K,,,,missingreplog_J16320-4751.csv,,,Data replog,,,J16320-4751,True,IR
ir030712.0148        [0,J16320-4751,16:32:1.28,-47:52:21,2003-07-13,02:30:22,2452833.6044,30.1,1.06,K,K,,,,missingreplog_J16320-4751.csv,,,Data replog,,,J16320-4751,True,IR
ir030713.0063        [0,J16320-4751,16:32:2.20,-47:52:18,2003-07-14,00:51:10,2452834.5355,30.0,1.07,K,K,,,,missingreplog_J16320-4751.csv,,,Data replog,,,J16320-4751,True,IR
ir030713.0064        [0,J16320-4751,16:32:2.17,-47:52:18,2003-07-14,00:52:02,2452834.5361,30.0,1.07,K,K,,,,missingreplog_J16320-4751.csv,,,Data replog,,,J16320-4751,True,IR
ir030713.0065        [0,J16320-4751,16:32:2.17,-47:52:18,2003-07-14,00:52:55,2452834.5367,30.0,1.07,K,K,,,,missingreplog_J16320-4751.csv,,,Data replog,,,J16320-4751,True,IR
ir030716.0072        [0,J16320-4751,16:32:2.45,-47:52:21,2003-07-17,01:06:41,2452837.5463,30.1,1.06,K,K,,,,missingreplog_J16320-4751.csv,,,Data replog,,,J16320-4751,True,IR
ir030716.0071        [0,J16320-4751,16:32:2.44,-47:52:21,2003-07-17,01:05:49,2452837.5457,30.1,1.06,K,K,,,,missingreplog_J16320-4751.csv,,,Data replog,,,J16320-4751,True,IR
ir030716.0070        [0,J16320-4751,16:32:2.44,-47:52:21,2003-07-17,01:04:57,2452837.5451,30.0,1.06,K,K,,,,missingreplog_J16320-4751.csv,,,Data replog,,,J16320-4751,True,IR
ir030716.0069        [0,J16320-4751,16:32:2.41,-47:52:21,2003-07-17,01:04:04,2452837.5445,30.0,1.06,K,K,,,,missingreplog_J16320-4751.csv,,,Data replog,,,J16320-4751,True,IR
ir030716.0068        [0,J16320-4751,16:32:2.41,-47:52:21,2003-07-17,01:03:11,2452837.5439,30.1,1.06,K,K,,,,missingreplog_J16320-4751.csv,,,Data replog,,,J16320-4751,True,IR
ir030716.0067        [0,J16320-4751,16:32:2.40,-47:52:21,2003-07-17,01:02:20,2452837.5433,30.0,1.06,K,K,,,,missingreplog_J16320-4751.csv,,,Data replog,,,J16320-4751,True,IR
ir030714.0052        [0,J16320-4751,16:32:1.72,-47:52:27,2003-07-15,00:29:57,2452835.5208,30.0,1.09,K,K,,,,missingreplog_J16320-4751.csv,,,Data replog,,,J16320-4751,True,IR
ir030714.0051        [0,J16320-4751,16:32:1.72,-47:52:27,2003-07-15,00:29:04,2452835.5202,30.0,1.09,K,K,,,,missingreplog_J16320-4751.csv,,,Data replog,,,J16320-4751,True,IR
ir030714.0050        [0,J16320-4751,16:32:1.72,-47:52:27,2003-07-15,00:28:13,2452835.5196,30.1,1.09,K,K,,,,missingreplog_J16320-4751.csv,,,Data replog,,,J16320-4751,True,IR
ir030714.0049        [0,J16320-4751,16:32:1.72,-47:52:27,2003-07-15,00:27:21,2452835.519,30.1,1.09,K,K,,,,missingreplog_J16320-4751.csv,,,Data replog,,,J16320-4751,True,IR
ir030714.0048        [0,J16320-4751,16:32:1.73,-47:52:27,2003-07-15,00:26:29,2452835.5184,30.0,1.09,K,K,,,,missingreplog_J16320-4751.csv,,,Data replog,,,J16320-4751,True,IR
ir030714.0047        [0,J16320-4751,16:32:1.75,-47:52:27,2003-07-15,00:25:37,2452835.5178,30.0,1.09,K,K,,,,missingreplog_J16320-4751.csv,,,Data replog,,,J16320-4751,True,IR
ir030714.0046        [0,J16320-4751,16:32:1.77,-47:52:28,2003-07-15,00:24:45,2452835.5172,30.0,1.09,K,K,,,,missingreplog_J16320-4751.csv,,,Data replog,,,J16320-4751,True,IR
ir030714.0045        [0,J16320-4751,16:32:1.74,-47:52:28,2003-07-15,00:23:53,2452835.5166,30.0,1.09,K,K,,,,missingreplog_J16320-4751.csv,,,Data replog,,,J16320-4751,True,IR
ir030714.0044        [0,J16320-4751,16:32:1.74,-47:52:28,2003-07-15,00:23:00,2452835.516,30.0,1.09,K,K,,,,missingreplog_J16320-4751.csv,,,Data replog,,,J16320-4751,True,IR
ir030714.0043        [0,J16320-4751,16:32:1.74,-47:52:28,2003-07-15,00:22:09,2452835.5154,30.0,1.09,K,K,,,,missingreplog_J16320-4751.csv,,,Data replog,,,J16320-4751,True,IR
ir030713.0072        [0,J16320-4751,16:32:2.20,-47:52:17,2003-07-14,00:59:01,2452834.541,30.1,1.07,K,K,,,,missingreplog_J16320-4751.csv,,,Data replog,,,J16320-4751,True,IR
ir030713.0071        [0,J16320-4751,16:32:2.21,-47:52:17,2003-07-14,00:58:08,2452834.5404,30.1,1.07,K,K,,,,missingreplog_J16320-4751.csv,,,Data replog,,,J16320-4751,True,IR
ir030713.0070        [0,J16320-4751,16:32:2.20,-47:52:17,2003-07-14,00:57:16,2452834.5398,30.0,1.07,K,K,,,,missingreplog_J16320-4751.csv,,,Data replog,,,J16320-4751,True,IR
ir030713.0069        [0,J16320-4751,16:32:2.20,-47:52:17,2003-07-14,00:56:24,2452834.5392,30.0,1.07,K,K,,,,missingreplog_J16320-4751.csv,,,Data replog,,,J16320-4751,True,IR
ir030713.0068        [0,J16320-4751,16:32:2.21,-47:52:17,2003-07-14,00:55:32,2452834.5386,30.0,1.07,K,K,,,,missingreplog_J16320-4751.csv,,,Data replog,,,J16320-4751,True,IR
ir030713.0067        [0,J16320-4751,16:32:2.19,-47:52:18,2003-07-14,00:54:39,2452834.538,30.1,1.07,K,K,,,,missingreplog_J16320-4751.csv,,,Data replog,,,J16320-4751,True,IR
ir030713.0066        [0,J16320-4751,16:32:2.18,-47:52:18,2003-07-14,00:53:47,2452834.5374,30.1,1.07,K,K,,,,missingreplog_J16320-4751.csv,,,Data replog,,,J16320-4751,True,IR
ir030625.0087        [0,J16320-4751,16:32:1.80,-47:52:28,2003-06-26,00:23:04,2452816.516,30.1,1.22,K,K,,,,missingreplog_J16320-4751.csv,,,Data replog,,,J16320-4751,True,IR
ir030625.0086        [0,J16320-4751,16:32:1.76,-47:52:28,2003-06-26,00:22:11,2452816.5154,30.1,1.22,K,K,,,,missingreplog_J16320-4751.csv,,,Data replog,,,J16320-4751,True,IR
ir030625.0085        [0,J16320-4751,16:32:1.71,-47:52:29,2003-06-26,00:21:20,2452816.5148,30.1,1.22,K,K,,,,missingreplog_J16320-4751.csv,,,Data replog,,,J16320-4751,True,IR
ir030526.0071        [0,J16320-4751,16:32:1.77,-47:52:28,2003-05-27,06:15:48,2452786.761,30.1,1.09,K,K,,,,missingreplog_J16320-4751.csv,,,Data replog,,,J16320-4751,True,IR
ir030527.0169        [0,J16320-4751,16:32:1.66,-47:52:28,2003-05-28,02:21:29,2452787.5983,30.0,1.21,K,K,,,,missingreplog_J16320-4751.csv,,,Data replog,,,J16320-4751,True,IR
ir030527.0168        [0,J16320-4751,16:32:1.65,-47:52:28,2003-05-28,02:20:36,2452787.5976,30.1,1.21,K,K,,,,missingreplog_J16320-4751.csv,,,Data replog,,,J16320-4751,True,IR
ir030527.0167        [0,J16320-4751,16:32:1.69,-47:52:28,2003-05-28,02:19:44,2452787.597,30.1,1.21,K,K,,,,missingreplog_J16320-4751.csv,,,Data replog,,,J16320-4751,True,IR
ir030526.0079        [0,J16320-4751,16:32:1.86,-47:52:27,2003-05-27,06:22:48,2452786.7658,30.1,1.1,K,K,,,,missingreplog_J16320-4751.csv,,,Data replog,,,J16320-4751,True,IR
ir030526.0078        [0,J16320-4751,16:32:1.84,-47:52:27,2003-05-27,06:21:55,2452786.7652,30.0,1.1,K,K,,,,missingreplog_J16320-4751.csv,,,Data replog,,,J16320-4751,True,IR
ir030526.0077        [0,J16320-4751,16:32:1.84,-47:52:27,2003-05-27,06:21:03,2452786.7646,30.1,1.09,K,K,,,,missingreplog_J16320-4751.csv,,,Data replog,,,J16320-4751,True,IR
ir030526.0076        [0,J16320-4751,16:32:1.83,-47:52:27,2003-05-27,06:20:11,2452786.764,30.0,1.09,K,K,,,,missingreplog_J16320-4751.csv,,,Data replog,,,J16320-4751,True,IR
ir030526.0075        [0,J16320-4751,16:32:1.80,-47:52:27,2003-05-27,06:19:18,2452786.7634,30.0,1.09,K,K,,,,missingreplog_J16320-4751.csv,,,Data replog,,,J16320-4751,True,IR
ir030526.0074        [0,J16320-4751,16:32:1.78,-47:52:27,2003-05-27,06:18:26,2452786.7628,30.0,1.09,K,K,,,,missingreplog_J16320-4751.csv,,,Data replog,,,J16320-4751,True,IR
ir030526.0073        [0,J16320-4751,16:32:1.82,-47:52:27,2003-05-27,06:17:34,2452786.7622,30.0,1.09,K,K,,,,missingreplog_J16320-4751.csv,,,Data replog,,,J16320-4751,True,IR
ir030526.0072        [0,J16320-4751,16:32:1.79,-47:52:27,2003-05-27,06:16:41,2452786.7616,30.0,1.09,K,K,,,,missingreplog_J16320-4751.csv,,,Data replog,,,J16320-4751,True,IR
ir030526.0070        [0,J16320-4751,16:32:1.74,-47:52:28,2003-05-27,06:14:56,2452786.7604,30.0,1.09,K,K,,,,missingreplog_J16320-4751.csv,,,Data replog,,,J16320-4751,True,IR
ir030524.0114        [0,J16320-4751,16:32:1.82,-47:52:28,2003-05-25,07:13:59,2452784.8014,30.1,1.16,K,K,,,,missingreplog_J16320-4751.csv,,,Data replog,,,J16320-4751,True,IR
ir030525.0095        [0,J16320-4751,16:32:2.04,-47:52:28,2003-05-26,01:25:44,2452785.5595,30.1,1.41,K,K,,,,missingreplog_J16320-4751.csv,,,Data replog,,,J16320-4751,True,IR
ir030525.0094        [0,J16320-4751,16:32:1.99,-47:52:28,2003-05-26,01:24:51,2452785.5589,30.0,1.41,K,K,,,,missingreplog_J16320-4751.csv,,,Data replog,,,J16320-4751,True,IR
ir030525.0093        [0,J16320-4751,16:32:1.95,-47:52:28,2003-05-26,01:23:59,2452785.5583,30.1,1.41,K,K,,,,missingreplog_J16320-4751.csv,,,Data replog,,,J16320-4751,True,IR
ir030525.0092        [0,J16320-4751,16:32:1.89,-47:52:28,2003-05-26,01:23:06,2452785.5577,30.1,1.42,K,K,,,,missingreplog_J16320-4751.csv,,,Data replog,,,J16320-4751,True,IR
ir030525.0091        [0,J16320-4751,16:32:1.85,-47:52:28,2003-05-26,01:22:14,2452785.5571,30.1,1.42,K,K,,,,missingreplog_J16320-4751.csv,,,Data replog,,,J16320-4751,True,IR
ir030525.0090        [0,J16320-4751,16:32:1.80,-47:52:28,2003-05-26,01:21:22,2452785.5565,30.1,1.43,K,K,,,,missingreplog_J16320-4751.csv,,,Data replog,,,J16320-4751,True,IR
ir030525.0089        [0,J16320-4751,16:32:1.79,-47:52:28,2003-05-26,01:20:30,2452785.5559,30.0,1.43,K,K,,,,missingreplog_J16320-4751.csv,,,Data replog,,,J16320-4751,True,IR
ir030525.0088        [0,J16320-4751,16:32:1.76,-47:52:28,2003-05-26,01:19:37,2452785.5553,30.0,1.43,K,K,,,,missingreplog_J16320-4751.csv,,,Data replog,,,J16320-4751,True,IR
ir030525.0087        [0,J16320-4751,16:32:1.75,-47:52:28,2003-05-26,01:18:44,2452785.5547,30.0,1.44,K,K,,,,missingreplog_J16320-4751.csv,,,Data replog,,,J16320-4751,True,IR
ir030525.0086        [0,J16320-4751,16:32:1.69,-47:52:29,2003-05-26,01:17:52,2452785.5541,30.1,1.44,K,K,,,,missingreplog_J16320-4751.csv,,,Data replog,,,J16320-4751,True,IR
ir030524.0116        [0,J16320-4751,16:32:1.81,-47:52:28,2003-05-25,07:15:43,2452784.8026,30.0,1.16,K,K,,,,missingreplog_J16320-4751.csv,,,Data replog,,,J16320-4751,True,IR
ir030527.0170        [0,J16320-4751,16:32:1.66,-47:52:28,2003-05-28,02:22:22,2452787.5989,30.1,1.21,K,K,,,,missingreplog_J16320-4751.csv,,,Data replog,,,J16320-4751,True,IR
ir030527.0171        [0,J16320-4751,16:32:1.65,-47:52:28,2003-05-28,02:23:14,2452787.5995,30.1,1.21,K,K,,,,missingreplog_J16320-4751.csv,,,Data replog,,,J16320-4751,True,IR
ir030527.0172        [0,J16320-4751,16:32:1.65,-47:52:28,2003-05-28,02:24:07,2452787.6001,30.0,1.2,K,K,,,,missingreplog_J16320-4751.csv,,,Data replog,,,J16320-4751,True,IR
ir030527.0173        [0,J16320-4751,16:32:1.68,-47:52:28,2003-05-28,02:25:00,2452787.6007,30.0,1.2,K,K,,,,missingreplog_J16320-4751.csv,,,Data replog,,,J16320-4751,True,IR
ir030529.0161        [0,J16320-4751,16:32:1.63,-47:52:27,2003-05-30,03:17:31,2452789.6372,30.0,1.1,K,K,,,,missingreplog_J16320-4751.csv,,,Data replog,,,J16320-4751,True,IR
ir030529.0160        [0,J16320-4751,16:32:1.63,-47:52:28,2003-05-30,03:16:38,2452789.6366,30.1,1.1,K,K,,,,missingreplog_J16320-4751.csv,,,Data replog,,,J16320-4751,True,IR
ir030529.0159        [0,J16320-4751,16:32:1.62,-47:52:27,2003-05-30,03:15:46,2452789.636,30.1,1.1,K,K,,,,missingreplog_J16320-4751.csv,,,Data replog,,,J16320-4751,True,IR
ir030529.0158        [0,J16320-4751,16:32:1.63,-47:52:28,2003-05-30,03:14:54,2452789.6354,30.0,1.1,K,K,,,,missingreplog_J16320-4751.csv,,,Data replog,,,J16320-4751,True,IR
ir030529.0157        [0,J16320-4751,16:32:1.65,-47:52:28,2003-05-30,03:14:01,2452789.6347,30.1,1.1,K,K,,,,missingreplog_J16320-4751.csv,,,Data replog,,,J16320-4751,True,IR
ir030529.0156        [0,J16320-4751,16:32:1.67,-47:52:28,2003-05-30,03:13:09,2452789.6341,30.0,1.11,K,K,,,,missingreplog_J16320-4751.csv,,,Data replog,,,J16320-4751,True,IR
ir030529.0155        [0,J16320-4751,16:32:1.68,-47:52:28,2003-05-30,03:12:17,2452789.6335,30.1,1.11,K,K,,,,missingreplog_J16320-4751.csv,,,Data replog,,,J16320-4751,True,IR
ir030529.0154        [0,J16320-4751,16:32:1.70,-47:52:28,2003-05-30,03:11:24,2452789.6329,30.0,1.11,K,K,,,,missingreplog_J16320-4751.csv,,,Data replog,,,J16320-4751,True,IR
ir030529.0153        [0,J16320-4751,16:32:1.72,-47:52:28,2003-05-30,03:10:31,2452789.6323,30.0,1.11,K,K,,,,missingreplog_J16320-4751.csv,,,Data replog,,,J16320-4751,True,IR
ir030529.0152        [0,J16320-4751,16:32:1.74,-47:52:28,2003-05-30,03:09:39,2452789.6317,30.0,1.11,K,K,,,,missingreplog_J16320-4751.csv,,,Data replog,,,J16320-4751,True,IR
ir030529.0167        [0,J16320-4751,16:32:1.71,-47:52:25,2003-05-29,04:48:15,2452788.7002,30.0,1.05,K,K,,,,missingreplog_J16320-4751.csv,,,Data replog,,,J16320-4751,True,IR
ir030529.0166        [0,J16320-4751,16:32:1.71,-47:52:26,2003-05-29,04:47:22,2452788.6996,30.1,1.05,K,K,,,,missingreplog_J16320-4751.csv,,,Data replog,,,J16320-4751,True,IR
ir030529.0165        [0,J16320-4751,16:32:1.73,-47:52:26,2003-05-29,04:46:30,2452788.699,30.0,1.05,K,K,,,,missingreplog_J16320-4751.csv,,,Data replog,,,J16320-4751,True,IR
ir030529.0164        [0,J16320-4751,16:32:1.73,-47:52:26,2003-05-29,04:45:38,2452788.6984,30.1,1.05,K,K,,,,missingreplog_J16320-4751.csv,,,Data replog,,,J16320-4751,True,IR
ir030529.0163        [0,J16320-4751,16:32:1.77,-47:52:26,2003-05-29,04:44:45,2452788.6977,30.1,1.05,K,K,,,,missingreplog_J16320-4751.csv,,,Data replog,,,J16320-4751,True,IR
ir030529.0162        [0,J16320-4751,16:32:1.76,-47:52:26,2003-05-29,04:43:52,2452788.6971,30.0,1.05,K,K,,,,missingreplog_J16320-4751.csv,,,Data replog,,,J16320-4751,True,IR
ir030529.0161        [0,J16320-4751,16:32:1.77,-47:52:27,2003-05-29,04:42:59,2452788.6965,30.1,1.05,K,K,,,,missingreplog_J16320-4751.csv,,,Data replog,,,J16320-4751,True,IR
ir030529.0160        [0,J16320-4751,16:32:1.75,-47:52:27,2003-05-29,04:42:07,2452788.6959,30.0,1.05,K,K,,,,missingreplog_J16320-4751.csv,,,Data replog,,,J16320-4751,True,IR
ir030529.0159        [0,J16320-4751,16:32:1.74,-47:52:27,2003-05-29,04:41:14,2452788.6953,30.1,1.05,K,K,,,,missingreplog_J16320-4751.csv,,,Data replog,,,J16320-4751,True,IR
ir030529.0158        [0,J16320-4751,16:32:1.73,-47:52:28,2003-05-29,04:40:22,2452788.6947,30.1,1.05,K,K,,,,missingreplog_J16320-4751.csv,,,Data replog,,,J16320-4751,True,IR
ir030527.0176        [0,J16320-4751,16:32:1.71,-47:52:28,2003-05-28,02:27:36,2452787.6025,30.1,1.2,K,K,,,,missingreplog_J16320-4751.csv,,,Data replog,,,J16320-4751,True,IR
ir030527.0175        [0,J16320-4751,16:32:1.69,-47:52:28,2003-05-28,02:26:44,2452787.6019,30.1,1.2,K,K,,,,missingreplog_J16320-4751.csv,,,Data replog,,,J16320-4751,True,IR
ir030527.0174        [0,J16320-4751,16:32:1.68,-47:52:28,2003-05-28,02:25:52,2452787.6013,30.1,1.2,K,K,,,,missingreplog_J16320-4751.csv,,,Data replog,,,J16320-4751,True,IR
ir030524.0115        [0,J16320-4751,16:32:1.82,-47:52:28,2003-05-25,07:14:51,2452784.802,30.0,1.16,K,K,,,,missingreplog_J16320-4751.csv,,,Data replog,,,J16320-4751,True,IR
ir030524.0113        [0,J16320-4751,16:32:1.79,-47:52:28,2003-05-25,07:13:07,2452784.8008,30.0,1.16,K,K,,,,missingreplog_J16320-4751.csv,,,Data replog,,,J16320-4751,True,IR
ir030623.0057        [2,J16320-4751,16:32:1.53,-47:52:29,2003-06-23,23:53:38,2452814.4956,30.0,1.33,K,K,,,,missingreplog_J16320-4751.csv,,,Data replog,,,J16320-4751,True,IR
ir030517.0100        [0,J16320-4751,16:32:1.71,-47:52:25,2003-05-18,02:37:24,2452777.6093,30.0,1.27,K,K,,,,missingreplog_J16320-4751.csv,,,Data replog,,,J16320-4751,True,IR
ir030518.0105        [0,J16320-4751,16:32:1.83,-47:52:28,2003-05-19,01:27:59,2452778.5611,30.1,1.52,K,K,,,,missingreplog_J16320-4751.csv,,,Data replog,,,J16320-4751,True,IR
ir030518.0104        [0,J16320-4751,16:32:1.83,-47:52:28,2003-05-19,01:27:07,2452778.5605,30.1,1.53,K,K,,,,missingreplog_J16320-4751.csv,,,Data replog,,,J16320-4751,True,IR
ir030518.0103        [0,J16320-4751,16:32:1.80,-47:52:28,2003-05-19,01:26:14,2452778.5599,30.0,1.53,K,K,,,,missingreplog_J16320-4751.csv,,,Data replog,,,J16320-4751,True,IR
ir030518.0102        [0,J16320-4751,16:32:1.78,-47:52:29,2003-05-19,01:25:22,2452778.5593,30.0,1.54,K,K,,,,missingreplog_J16320-4751.csv,,,Data replog,,,J16320-4751,True,IR
ir030518.0101        [0,J16320-4751,16:32:1.72,-47:52:29,2003-05-19,01:24:30,2452778.5587,30.0,1.54,K,K,,,,missingreplog_J16320-4751.csv,,,Data replog,,,J16320-4751,True,IR
ir030518.0100        [0,J16320-4751,16:32:1.72,-47:52:29,2003-05-19,01:23:37,2452778.5581,30.0,1.55,K,K,,,,missingreplog_J16320-4751.csv,,,Data replog,,,J16320-4751,True,IR
ir030518.0099        [0,J16320-4751,16:32:1.73,-47:52:28,2003-05-19,01:22:44,2452778.5575,30.0,1.55,K,K,,,,missingreplog_J16320-4751.csv,,,Data replog,,,J16320-4751,True,IR
ir030518.0098        [0,J16320-4751,16:32:1.70,-47:52:29,2003-05-19,01:21:53,2452778.5569,30.0,1.56,K,K,,,,missingreplog_J16320-4751.csv,,,Data replog,,,J16320-4751,True,IR
ir030517.0103        [0,J16320-4751,16:32:1.73,-47:52:25,2003-05-18,02:40:01,2452777.6111,30.0,1.26,K,K,,,,missingreplog_J16320-4751.csv,,,Data replog,,,J16320-4751,True,IR
ir030517.0102        [0,J16320-4751,16:32:1.73,-47:52:25,2003-05-18,02:39:08,2452777.6105,30.1,1.26,K,K,,,,missingreplog_J16320-4751.csv,,,Data replog,,,J16320-4751,True,IR
ir030517.0101        [0,J16320-4751,16:32:1.74,-47:52:25,2003-05-18,02:38:16,2452777.6099,30.0,1.27,K,K,,,,missingreplog_J16320-4751.csv,,,Data replog,,,J16320-4751,True,IR
ir030517.0099        [0,J16320-4751,16:32:1.70,-47:52:25,2003-05-18,02:36:32,2452777.6087,30.1,1.27,K,K,,,,missingreplog_J16320-4751.csv,,,Data replog,,,J16320-4751,True,IR
ir030524.0112        [0,J16320-4751,16:32:1.80,-47:52:28,2003-05-25,07:12:14,2452784.8002,30.1,1.16,K,K,,,,missingreplog_J16320-4751.csv,,,Data replog,,,J16320-4751,True,IR
ir030517.0098        [0,J16320-4751,16:32:1.72,-47:52:25,2003-05-18,02:35:39,2452777.6081,30.1,1.27,K,K,,,,missingreplog_J16320-4751.csv,,,Data replog,,,J16320-4751,True,IR
ir030517.0097        [0,J16320-4751,16:32:1.68,-47:52:25,2003-05-18,02:34:47,2452777.6075,30.1,1.28,K,K,,,,missingreplog_J16320-4751.csv,,,Data replog,,,J16320-4751,True,IR
ir030517.0096        [0,J16320-4751,16:32:1.69,-47:52:25,2003-05-18,02:33:54,2452777.6069,30.0,1.28,K,K,,,,missingreplog_J16320-4751.csv,,,Data replog,,,J16320-4751,True,IR
ir030517.0095        [0,J16320-4751,16:32:1.68,-47:52:25,2003-05-18,02:33:01,2452777.6063,30.1,1.28,K,K,,,,missingreplog_J16320-4751.csv,,,Data replog,,,J16320-4751,True,IR
ir030517.0094        [0,J16320-4751,16:32:1.69,-47:52:25,2003-05-18,02:32:09,2452777.6057,30.1,1.28,K,K,,,,missingreplog_J16320-4751.csv,,,Data replog,,,J16320-4751,True,IR
ir030516.0095        [0,J16320-4751,16:32:2.55,-47:52:28,2003-05-17,01:27:59,2452776.5611,30.0,1.56,K,K,,,,missingreplog_J16320-4751.csv,,,Data replog,,,J16320-4751,True,IR
ir030516.0094        [0,J16320-4751,16:32:2.55,-47:52:29,2003-05-17,01:27:06,2452776.5605,30.0,1.57,K,K,,,,missingreplog_J16320-4751.csv,,,Data replog,,,J16320-4751,True,IR
ir030516.0093        [0,J16320-4751,16:32:2.50,-47:52:29,2003-05-17,01:26:14,2452776.5599,30.0,1.57,K,K,,,,missingreplog_J16320-4751.csv,,,Data replog,,,J16320-4751,True,IR
ir030516.0092        [0,J16320-4751,16:32:2.48,-47:52:29,2003-05-17,01:25:22,2452776.5593,30.0,1.58,K,K,,,,missingreplog_J16320-4751.csv,,,Data replog,,,J16320-4751,True,IR
ir030516.0091        [0,J16320-4751,16:32:2.45,-47:52:29,2003-05-17,01:24:29,2452776.5587,30.0,1.58,K,K,,,,missingreplog_J16320-4751.csv,,,Data replog,,,J16320-4751,True,IR
ir030516.0090        [0,J16320-4751,16:32:2.43,-47:52:29,2003-05-17,01:23:37,2452776.5581,30.0,1.59,K,K,,,,missingreplog_J16320-4751.csv,,,Data replog,,,J16320-4751,True,IR
ir030518.0106        [0,J16320-4751,16:32:1.86,-47:52:28,2003-05-19,01:28:51,2452778.5617,30.1,1.52,K,K,,,,missingreplog_J16320-4751.csv,,,Data replog,,,J16320-4751,True,IR
ir030518.0107        [0,J16320-4751,16:32:1.87,-47:52:28,2003-05-19,01:29:44,2452778.5623,30.0,1.51,K,K,,,,missingreplog_J16320-4751.csv,,,Data replog,,,J16320-4751,True,IR
ir030522.0236        [0,J16320-4751,16:32:1.74,-47:52:29,2003-05-23,03:52:21,2452782.6614,30.1,1.09,K,K,,,,missingreplog_J16320-4751.csv,,,Data replog,,,J16320-4751,True,IR
ir030522.0237        [0,J16320-4751,16:32:1.75,-47:52:28,2003-05-23,03:53:13,2452782.662,30.0,1.09,K,K,,,,missingreplog_J16320-4751.csv,,,Data replog,,,J16320-4751,True,IR
ir030524.0111        [0,J16320-4751,16:32:1.79,-47:52:28,2003-05-25,07:11:21,2452784.7996,30.0,1.15,K,K,,,,missingreplog_J16320-4751.csv,,,Data replog,,,J16320-4751,True,IR
ir030524.0110        [0,J16320-4751,16:32:1.80,-47:52:28,2003-05-25,07:10:29,2452784.799,30.0,1.15,K,K,,,,missingreplog_J16320-4751.csv,,,Data replog,,,J16320-4751,True,IR
ir030524.0109        [0,J16320-4751,16:32:1.79,-47:52:28,2003-05-25,07:09:37,2452784.7983,30.0,1.15,K,K,,,,missingreplog_J16320-4751.csv,,,Data replog,,,J16320-4751,True,IR
ir030524.0108        [0,J16320-4751,16:32:1.76,-47:52:28,2003-05-25,07:08:44,2452784.7977,30.1,1.15,K,K,,,,missingreplog_J16320-4751.csv,,,Data replog,,,J16320-4751,True,IR
ir030524.0107        [0,J16320-4751,16:32:1.74,-47:52:28,2003-05-25,07:07:52,2452784.7971,30.0,1.15,K,K,,,,missingreplog_J16320-4751.csv,,,Data replog,,,J16320-4751,True,IR
ir030523.0165        [0,J16320-4751,16:32:1.83,-47:52:28,2003-05-24,06:08:14,2452783.7557,30.0,1.07,K,K,,,,missingreplog_J16320-4751.csv,,,Data replog,,,J16320-4751,True,IR
ir030523.0164        [0,J16320-4751,16:32:1.84,-47:52:29,2003-05-24,06:07:22,2452783.7551,30.0,1.07,K,K,,,,missingreplog_J16320-4751.csv,,,Data replog,,,J16320-4751,True,IR
ir030523.0163        [0,J16320-4751,16:32:1.82,-47:52:28,2003-05-24,06:06:30,2452783.7545,30.1,1.07,K,K,,,,missingreplog_J16320-4751.csv,,,Data replog,,,J16320-4751,True,IR
ir030523.0162        [0,J16320-4751,16:32:1.80,-47:52:29,2003-05-24,06:05:38,2452783.7539,30.1,1.07,K,K,,,,missingreplog_J16320-4751.csv,,,Data replog,,,J16320-4751,True,IR
ir030523.0161        [0,J16320-4751,16:32:1.79,-47:52:29,2003-05-24,06:04:45,2452783.7533,30.1,1.07,K,K,,,,missingreplog_J16320-4751.csv,,,Data replog,,,J16320-4751,True,IR
ir030523.0160        [0,J16320-4751,16:32:1.80,-47:52:29,2003-05-24,06:03:52,2452783.7527,30.0,1.07,K,K,,,,missingreplog_J16320-4751.csv,,,Data replog,,,J16320-4751,True,IR
ir030523.0159        [0,J16320-4751,16:32:1.77,-47:52:29,2003-05-24,06:03:00,2452783.7521,30.0,1.07,K,K,,,,missingreplog_J16320-4751.csv,,,Data replog,,,J16320-4751,True,IR
ir030523.0158        [0,J16320-4751,16:32:1.74,-47:52:29,2003-05-24,06:02:08,2452783.7515,30.1,1.07,K,K,,,,missingreplog_J16320-4751.csv,,,Data replog,,,J16320-4751,True,IR
ir030523.0157        [0,J16320-4751,16:32:1.76,-47:52:29,2003-05-24,06:01:14,2452783.7509,30.1,1.07,K,K,,,,missingreplog_J16320-4751.csv,,,Data replog,,,J16320-4751,True,IR
ir030523.0156        [0,J16320-4751,16:32:1.74,-47:52:28,2003-05-24,06:00:22,2452783.7503,30.0,1.07,K,K,,,,missingreplog_J16320-4751.csv,,,Data replog,,,J16320-4751,True,IR
ir030522.0245        [0,J16320-4751,16:32:1.73,-47:52:28,2003-05-23,04:00:12,2452782.6668,30.0,1.08,K,K,,,,missingreplog_J16320-4751.csv,,,Data replog,,,J16320-4751,True,IR
ir030522.0244        [0,J16320-4751,16:32:1.75,-47:52:28,2003-05-23,03:59:20,2452782.6662,30.1,1.09,K,K,,,,missingreplog_J16320-4751.csv,,,Data replog,,,J16320-4751,True,IR
ir030522.0243        [0,J16320-4751,16:32:1.75,-47:52:28,2003-05-23,03:58:28,2452782.6656,30.0,1.09,K,K,,,,missingreplog_J16320-4751.csv,,,Data replog,,,J16320-4751,True,IR
ir030522.0242        [0,J16320-4751,16:32:1.74,-47:52:28,2003-05-23,03:57:36,2452782.665,30.0,1.09,K,K,,,,missingreplog_J16320-4751.csv,,,Data replog,,,J16320-4751,True,IR
ir030522.0241        [0,J16320-4751,16:32:1.72,-47:52:28,2003-05-23,03:56:43,2452782.6644,30.1,1.09,K,K,,,,missingreplog_J16320-4751.csv,,,Data replog,,,J16320-4751,True,IR
ir030522.0240        [0,J16320-4751,16:32:1.72,-47:52:28,2003-05-23,03:55:51,2452782.6638,30.1,1.09,K,K,,,,missingreplog_J16320-4751.csv,,,Data replog,,,J16320-4751,True,IR
ir030522.0239        [0,J16320-4751,16:32:1.73,-47:52:28,2003-05-23,03:54:59,2452782.6632,30.1,1.09,K,K,,,,missingreplog_J16320-4751.csv,,,Data replog,,,J16320-4751,True,IR
ir030522.0238        [0,J16320-4751,16:32:1.76,-47:52:28,2003-05-23,03:54:06,2452782.6626,30.0,1.09,K,K,,,,missingreplog_J16320-4751.csv,,,Data replog,,,J16320-4751,True,IR
ir030531.0075        [0,J16320-4751,16:32:1.74,-47:52:28,2003-06-01,01:29:53,2452791.5624,30.1,1.31,K,K,,,,missingreplog_J16320-4751.csv,,,Data replog,,,J16320-4751,True,IR
ir030531.0076        [0,J16320-4751,16:32:1.70,-47:52:28,2003-06-01,01:30:44,2452791.563,30.1,1.3,K,K,,,,missingreplog_J16320-4751.csv,,,Data replog,,,J16320-4751,True,IR
ir030531.0077        [0,J16320-4751,16:32:1.67,-47:52:28,2003-06-01,01:31:38,2452791.5636,30.1,1.3,K,K,,,,missingreplog_J16320-4751.csv,,,Data replog,,,J16320-4751,True,IR
ir030919.0133        [0,J16320-4751,16:32:1.73,-47:52:28,2003-06-20,02:20:07,2452810.5973,30.1,1.08,K,K,,,,missingreplog_J16320-4751.csv,,,Data replog,,,J16320-4751,True,IR
ir030620.0077        [0,J16320-4751,16:32:1.76,-47:52:29,2003-06-21,01:35:27,2452811.5663,30.0,1.12,K,K,,,,missingreplog_J16320-4751.csv,,,Data replog,,,J16320-4751,True,IR
ir030620.0076        [0,J16320-4751,16:32:1.72,-47:52:29,2003-06-21,01:34:35,2452811.5657,30.0,1.12,K,K,,,,missingreplog_J16320-4751.csv,,,Data replog,,,J16320-4751,True,IR
ir030919.0142        [0,J16320-4751,16:32:1.81,-47:52:27,2003-06-20,02:28:01,2452810.6028,30.0,1.07,K,K,,,,missingreplog_J16320-4751.csv,,,Data replog,,,J16320-4751,True,IR
ir030919.0141        [0,J16320-4751,16:32:1.79,-47:52:27,2003-06-20,02:27:08,2452810.6022,30.0,1.07,K,K,,,,missingreplog_J16320-4751.csv,,,Data replog,,,J16320-4751,True,IR
ir030919.0140        [0,J16320-4751,16:32:1.70,-47:52:27,2003-06-20,02:26:16,2452810.6016,30.1,1.07,K,K,,,,missingreplog_J16320-4751.csv,,,Data replog,,,J16320-4751,True,IR
ir030919.0139        [0,J16320-4751,16:32:1.77,-47:52:27,2003-06-20,02:25:23,2452810.601,30.0,1.07,K,K,,,,missingreplog_J16320-4751.csv,,,Data replog,,,J16320-4751,True,IR
ir030919.0138        [0,J16320-4751,16:32:1.76,-47:52:27,2003-06-20,02:24:31,2452810.6004,30.1,1.07,K,K,,,,missingreplog_J16320-4751.csv,,,Data replog,,,J16320-4751,True,IR
ir030919.0137        [0,J16320-4751,16:32:1.77,-47:52:27,2003-06-20,02:23:37,2452810.5997,30.0,1.07,K,K,,,,missingreplog_J16320-4751.csv,,,Data replog,,,J16320-4751,True,IR
ir030919.0136        [0,J16320-4751,16:32:1.76,-47:52:28,2003-06-20,02:22:45,2452810.5991,30.1,1.07,K,K,,,,missingreplog_J16320-4751.csv,,,Data replog,,,J16320-4751,True,IR
ir030919.0135        [0,J16320-4751,16:32:1.76,-47:52:27,2003-06-20,02:21:52,2452810.5985,30.0,1.07,K,K,,,,missingreplog_J16320-4751.csv,,,Data replog,,,J16320-4751,True,IR
ir030919.0134        [0,J16320-4751,16:32:1.74,-47:52:28,2003-06-20,02:21:00,2452810.5979,30.0,1.08,K,K,,,,missingreplog_J16320-4751.csv,,,Data replog,,,J16320-4751,True,IR
ir030618.0328        [0,J16320-4751,16:32:1.83,-47:52:25,2003-06-19,06:09:14,2452809.7564,30.0,1.23,K,K,,,,missingreplog_J16320-4751.csv,,,Data replog,,,J16320-4751,True,IR
ir030531.0078        [0,J16320-4751,16:32:1.66,-47:52:28,2003-06-01,01:32:30,2452791.5642,30.0,1.3,K,K,,,,missingreplog_J16320-4751.csv,,,Data replog,,,J16320-4751,True,IR
ir030618.0327        [0,J16320-4751,16:32:1.86,-47:52:25,2003-06-19,06::21,2452809.7558,30.0,1.23,K,K,,,,missingreplog_J16320-4751.csv,,,Data replog,,,J16320-4751,True,IR
ir030618.0326        [0,J16320-4751,16:32:1.83,-47:52:25,2003-06-19,06:07:29,2452809.7552,30.1,1.23,K,K,,,,missingreplog_J16320-4751.csv,,,Data replog,,,J16320-4751,True,IR
ir030618.0325        [0,J16320-4751,16:32:1.83,-47:52:25,2003-06-19,06:06:37,2452809.7546,30.1,1.22,K,K,,,,missingreplog_J16320-4751.csv,,,Data replog,,,J16320-4751,True,IR
ir030618.0324        [0,J16320-4751,16:32:1.86,-47:52:25,2003-06-19,06:05:44,2452809.754,30.1,1.22,K,K,,,,missingreplog_J16320-4751.csv,,,Data replog,,,J16320-4751,True,IR
ir030618.0323        [0,J16320-4751,16:32:1.84,-47:52:25,2003-06-19,06:04:51,2452809.7534,30.0,1.22,K,K,,,,missingreplog_J16320-4751.csv,,,Data replog,,,J16320-4751,True,IR
ir030618.0322        [0,J16320-4751,16:32:1.81,-47:52:24,2003-06-19,06:03:59,2452809.7528,30.0,1.22,K,K,,,,missingreplog_J16320-4751.csv,,,Data replog,,,J16320-4751,True,IR
ir030618.0321        [0,J16320-4751,16:32:1.76,-47:52:24,2003-06-19,06:03:06,2452809.7522,30.0,1.22,K,K,,,,missingreplog_J16320-4751.csv,,,Data replog,,,J16320-4751,True,IR
ir030618.0320        [0,J16320-4751,16:32:1.78,-47:52:24,2003-06-19,06:02:13,2452809.7515,30.0,1.21,K,K,,,,missingreplog_J16320-4751.csv,,,Data replog,,,J16320-4751,True,IR
ir030618.0319        [0,J16320-4751,16:32:1.77,-47:52:24,2003-06-19,06:01:21,2452809.7509,30.0,1.21,K,K,,,,missingreplog_J16320-4751.csv,,,Data replog,,,J16320-4751,True,IR
ir030617.0134        [0,J16320-4751,16:32:2.99,-47:52:33,2003-06-18,05:28:17,2452808.728,30.1,1.14,K,K,,,,missingreplog_J16320-4751.csv,,,Data replog,,,J16320-4751,True,IR
ir030617.0133        [0,J16320-4751,16:32:2.98,-47:52:33,2003-06-18,05:27:25,2452808.7274,30.0,1.14,K,K,,,,missingreplog_J16320-4751.csv,,,Data replog,,,J16320-4751,True,IR
ir030620.0078        [0,J16320-4751,16:32:1.82,-47:52:28,2003-06-21,01:36:20,2452811.5669,30.1,1.12,K,K,,,,missingreplog_J16320-4751.csv,,,Data replog,,,J16320-4751,True,IR
ir030620.0079        [0,J16320-4751,16:32:1.82,-47:52:29,2003-06-21,01:37:13,2452811.5675,30.1,1.12,K,K,,,,missingreplog_J16320-4751.csv,,,Data replog,,,J16320-4751,True,IR
ir030620.0080        [0,J16320-4751,16:32:1.84,-47:52:29,2003-06-21,01:38:05,2452811.5681,30.1,1.12,K,K,,,,missingreplog_J16320-4751.csv,,,Data replog,,,J16320-4751,True,IR
ir030620.0081        [0,J16320-4751,16:32:1.86,-47:52:28,2003-06-21,01:38:58,2452811.5687,30.1,1.12,K,K,,,,missingreplog_J16320-4751.csv,,,Data replog,,,J16320-4751,True,IR
ir030623.0056        [2,J16320-4751,16:32:1.54,-47:52:29,2003-06-23,23:52:45,2452814.495,30.0,1.33,K,K,,,,missingreplog_J16320-4751.csv,,,Data replog,,,J16320-4751,True,IR
ir030623.0055        [2,J16320-4751,16:32:1.57,-47:52:29,2003-06-23,23:51:54,2452814.4944,30.1,1.33,K,K,,,,missingreplog_J16320-4751.csv,,,Data replog,,,J16320-4751,True,IR
ir030623.0054        [2,J16320-4751,16:32:1.58,-47:52:28,2003-06-23,23:51:01,2452814.4938,30.0,1.33,K,K,,,,missingreplog_J16320-4751.csv,,,Data replog,,,J16320-4751,True,IR
ir030623.0053        [2,J16320-4751,16:32:1.61,-47:52:28,2003-06-23,23:50:09,2452814.4932,30.0,1.34,K,K,,,,missingreplog_J16320-4751.csv,,,Data replog,,,J16320-4751,True,IR
ir030623.0052        [2,J16320-4751,16:32:1.61,-47:52:29,2003-06-23,23:49:16,2452814.4926,30.1,1.34,K,K,,,,missingreplog_J16320-4751.csv,,,Data replog,,,J16320-4751,True,IR
ir030623.0051        [2,J16320-4751,16:32:1.64,-47:52:29,2003-06-23,23:48:24,2452814.492,30.0,1.34,K,K,,,,missingreplog_J16320-4751.csv,,,Data replog,,,J16320-4751,True,IR
ir030623.0050        [2,J16320-4751,16:32:1.64,-47:52:29,2003-06-23,23:47:31,2452814.4913,30.0,1.35,K,K,,,,missingreplog_J16320-4751.csv,,,Data replog,,,J16320-4751,True,IR
ir030623.0049        [2,J16320-4751,16:32:1.64,-47:52:29,2003-06-23,23:46:38,2452814.4907,30.1,1.35,K,K,,,,missingreplog_J16320-4751.csv,,,Data replog,,,J16320-4751,True,IR
ir030623.0048        [2,J16320-4751,16:32:1.71,-47:52:29,2003-06-23,23:45:46,2452814.4901,30.1,1.35,K,K,,,,missingreplog_J16320-4751.csv,,,Data replog,,,J16320-4751,True,IR
ir030622.0037        [2,J16320-4751,16:32:1.61,-47:52:28,2003-06-22,23:49:10,2452813.4925,30.1,1.36,K,K,,,,missingreplog_J16320-4751.csv,,,Data replog,,,J16320-4751,True,IR
ir030622.0036        [2,J16320-4751,16:32:1.62,-47:52:28,2003-06-22,23:48:17,2452813.4919,30.0,1.36,K,K,,,,missingreplog_J16320-4751.csv,,,Data replog,,,J16320-4751,True,IR
ir030622.0035        [2,J16320-4751,16:32:1.68,-47:52:28,2003-06-22,23:47:26,2452813.4913,30.1,1.36,K,K,,,,missingreplog_J16320-4751.csv,,,Data replog,,,J16320-4751,True,IR
ir030622.0034        [2,J16320-4751,16:32:1.69,-47:52:28,2003-06-22,23:46:33,2452813.4907,30.1,1.36,K,K,,,,missingreplog_J16320-4751.csv,,,Data replog,,,J16320-4751,True,IR
ir030622.0033        [2,J16320-4751,16:32:1.68,-47:52:28,2003-06-22,23:45:41,2452813.4901,30.1,1.37,K,K,,,,missingreplog_J16320-4751.csv,,,Data replog,,,J16320-4751,True,IR
ir030622.0032        [2,J16320-4751,16:32:1.72,-47:52:29,2003-06-22,23:44:48,2452813.4895,30.0,1.37,K,K,,,,missingreplog_J16320-4751.csv,,,Data replog,,,J16320-4751,True,IR
ir030622.0031        [2,J16320-4751,16:32:1.69,-47:52:28,2003-06-22,23:43:56,2452813.4888,30.0,1.37,K,K,,,,missingreplog_J16320-4751.csv,,,Data replog,,,J16320-4751,True,IR
ir030622.0030        [2,J16320-4751,16:32:1.71,-47:52:28,2003-06-22,23:43:03,2452813.4882,30.1,1.38,K,K,,,,missingreplog_J16320-4751.csv,,,Data replog,,,J16320-4751,True,IR
ir030622.0029        [2,J16320-4751,16:32:1.73,-47:52:28,2003-06-22,23:42:10,2452813.4876,30.0,1.38,K,K,,,,missingreplog_J16320-4751.csv,,,Data replog,,,J16320-4751,True,IR
ir030622.0028        [2,J16320-4751,16:32:1.71,-47:52:29,2003-06-22,23:41:18,2452813.487,30.0,1.38,K,K,,,,missingreplog_J16320-4751.csv,,,Data replog,,,J16320-4751,True,IR
ir030620.0085        [0,J16320-4751,16:32:1.91,-47:52:28,2003-06-21,01:42:27,2452811.5712,30.1,1.11,K,K,,,,missingreplog_J16320-4751.csv,,,Data replog,,,J16320-4751,True,IR
ir030620.0084        [0,J16320-4751,16:32:1.91,-47:52:28,2003-06-21,01:41:34,2452811.5705,30.0,1.11,K,K,,,,missingreplog_J16320-4751.csv,,,Data replog,,,J16320-4751,True,IR
ir030620.0083        [0,J16320-4751,16:32:1.88,-47:52:28,2003-06-21,01:40:42,2452811.5699,30.0,1.11,K,K,,,,missingreplog_J16320-4751.csv,,,Data replog,,,J16320-4751,True,IR
ir030620.0082        [0,J16320-4751,16:32:1.87,-47:52:28,2003-06-21,01:39:50,2452811.5693,30.0,1.11,K,K,,,,missingreplog_J16320-4751.csv,,,Data replog,,,J16320-4751,True,IR
ir030617.0132        [0,J16320-4751,16:32:2.99,-47:52:33,2003-06-18,05:26:32,2452808.7268,30.1,1.14,K,K,,,,missingreplog_J16320-4751.csv,,,Data replog,,,J16320-4751,True,IR
ir030617.0131        [0,J16320-4751,16:32:2.97,-47:52:33,2003-06-18,05:25:40,2452808.7262,30.0,1.14,K,K,,,,missingreplog_J16320-4751.csv,,,Data replog,,,J16320-4751,True,IR
ir030617.0130        [0,J16320-4751,16:32:2.96,-47:52:32,2003-06-18,05:24:48,2452808.7256,30.0,1.13,K,K,,,,missingreplog_J16320-4751.csv,,,Data replog,,,J16320-4751,True,IR
ir030602.0145        [0,J16320-4751,16:32:3.40,-47:52:33,2003-06-03,06:14:00,2452793.7597,30.1,1.12,K,K,,,,missingreplog_J16320-4751.csv,,,Data replog,,,J16320-4751,True,IR
ir030602.0143        [0,J16320-4751,16:32:3.38,-47:52:33,2003-06-03,06:12:16,2452793.7585,30.0,1.12,K,K,,,,missingreplog_J16320-4751.csv,,,Data replog,,,J16320-4751,True,IR
ir030602.0142        [0,J16320-4751,16:32:3.37,-47:52:33,2003-06-03,06:11:23,2452793.7579,30.0,1.12,K,K,,,,missingreplog_J16320-4751.csv,,,Data replog,,,J16320-4751,True,IR
ir030602.0141        [0,J16320-4751,16:32:3.37,-47:52:33,2003-06-03,06:10:31,2452793.7573,30.0,1.11,K,K,,,,missingreplog_J16320-4751.csv,,,Data replog,,,J16320-4751,True,IR
ir030602.0140        [0,J16320-4751,16:32:3.36,-47:52:32,2003-06-03,06:09:39,2452793.7567,30.1,1.11,K,K,,,,missingreplog_J16320-4751.csv,,,Data replog,,,J16320-4751,True,IR
ir030602.0139        [0,J16320-4751,16:32:3.36,-47:52:32,2003-06-03,06:08:46,2452793.7561,30.1,1.11,K,K,,,,missingreplog_J16320-4751.csv,,,Data replog,,,J16320-4751,True,IR
ir030602.0138        [0,J16320-4751,16:32:3.35,-47:52:33,2003-06-03,06:07:53,2452793.7555,30.1,1.11,K,K,,,,missingreplog_J16320-4751.csv,,,Data replog,,,J16320-4751,True,IR
ir030602.0137        [0,J16320-4751,16:32:3.33,-47:52:32,2003-06-03,06:07:01,2452793.7549,30.0,1.11,K,K,,,,missingreplog_J16320-4751.csv,,,Data replog,,,J16320-4751,True,IR
ir030601.0173        [0,J16320-4751,16:32:3.06,-47:52:33,2003-06-02,03:33:35,2452792.6483,30.0,1.07,K,K,,,,missingreplog_J16320-4751.csv,,,Data replog,,,J16320-4751,True,IR
ir030601.0172        [0,J16320-4751,16:32:3.06,-47:52:33,2003-06-02,03:32:42,2452792.6477,30.0,1.07,K,K,,,,missingreplog_J16320-4751.csv,,,Data replog,,,J16320-4751,True,IR
ir030601.0171        [0,J16320-4751,16:32:3.04,-47:52:33,2003-06-02,03:31:50,2452792.6471,30.0,1.08,K,K,,,,missingreplog_J16320-4751.csv,,,Data replog,,,J16320-4751,True,IR
ir030601.0170        [0,J16320-4751,16:32:3.04,-47:52:33,2003-06-02,03:30:58,2452792.6465,30.1,1.08,K,K,,,,missingreplog_J16320-4751.csv,,,Data replog,,,J16320-4751,True,IR
ir030601.0169        [0,J16320-4751,16:32:3.03,-47:52:33,2003-06-02,03:30:06,2452792.6459,30.0,1.08,K,K,,,,missingreplog_J16320-4751.csv,,,Data replog,,,J16320-4751,True,IR
ir030601.0168        [0,J16320-4751,16:32:2.98,-47:52:33,2003-06-02,03:29:13,2452792.6453,30.0,1.08,K,K,,,,missingreplog_J16320-4751.csv,,,Data replog,,,J16320-4751,True,IR
ir030601.0167        [0,J16320-4751,16:32:2.99,-47:52:33,2003-06-02,03:28:21,2452792.6447,30.0,1.08,K,K,,,,missingreplog_J16320-4751.csv,,,Data replog,,,J16320-4751,True,IR
ir030601.0166        [0,J16320-4751,16:32:2.97,-47:52:33,2003-06-02,03:27:28,2452792.6441,30.1,1.08,K,K,,,,missingreplog_J16320-4751.csv,,,Data replog,,,J16320-4751,True,IR
ir030601.0165        [0,J16320-4751,16:32:2.98,-47:52:33,2003-06-02,03:26:35,2452792.6435,30.0,1.08,K,K,,,,missingreplog_J16320-4751.csv,,,Data replog,,,J16320-4751,True,IR
ir030601.0164        [0,J16320-4751,16:32:3.03,-47:52:33,2003-06-02,03:25:43,2452792.6429,30.0,1.08,K,K,,,,missingreplog_J16320-4751.csv,,,Data replog,,,J16320-4751,True,IR
ir030531.0084        [0,J16320-4751,16:32:1.62,-47:52:27,2003-06-01,01:37:44,2452791.5679,30.1,1.28,K,K,,,,missingreplog_J16320-4751.csv,,,Data replog,,,J16320-4751,True,IR
ir030531.0083        [0,J16320-4751,16:32:1.60,-47:52:27,2003-06-01,01:36:52,2452791.5673,30.0,1.29,K,K,,,,missingreplog_J16320-4751.csv,,,Data replog,,,J16320-4751,True,IR
ir030531.0082        [0,J16320-4751,16:32:1.63,-47:52:27,2003-06-01,01:35:59,2452791.5667,30.0,1.29,K,K,,,,missingreplog_J16320-4751.csv,,,Data replog,,,J16320-4751,True,IR
ir030531.0081        [0,J16320-4751,16:32:1.65,-47:52:27,2003-06-01,01:35:07,2452791.5661,30.1,1.29,K,K,,,,missingreplog_J16320-4751.csv,,,Data replog,,,J16320-4751,True,IR
ir030531.0080        [0,J16320-4751,16:32:1.64,-47:52:28,2003-06-01,01:34:15,2452791.5655,30.1,1.29,K,K,,,,missingreplog_J16320-4751.csv,,,Data replog,,,J16320-4751,True,IR
ir030531.0079        [0,J16320-4751,16:32:1.62,-47:52:28,2003-06-01,01:33:23,2452791.5649,30.0,1.3,K,K,,,,missingreplog_J16320-4751.csv,,,Data replog,,,J16320-4751,True,IR
ir030602.0144        [0,J16320-4751,16:32:3.37,-47:52:33,2003-06-03,06:13:08,2452793.7591,30.0,1.12,K,K,,,,missingreplog_J16320-4751.csv,,,Data replog,,,J16320-4751,True,IR
ir030602.0146        [0,J16320-4751,16:32:3.38,-47:52:33,2003-06-03,06:14:52,2452793.7603,30.1,1.12,K,K,,,,missingreplog_J16320-4751.csv,,,Data replog,,,J16320-4751,True,IR
ir030617.0129        [0,J16320-4751,16:32:2.95,-47:52:32,2003-06-18,05:23:56,2452808.725,30.1,1.13,K,K,,,,missingreplog_J16320-4751.csv,,,Data replog,,,J16320-4751,True,IR
ir030603.0152        [0,J16320-4751,16:32:2.96,-47:52:35,2003-06-04,04:45:51,2452794.6985,30.1,1.05,K,K,,,,missingreplog_J16320-4751.csv,,,Data replog,,,J16320-4751,True,IR
ir030617.0128        [0,J16320-4751,16:32:2.95,-47:52:32,2003-06-18,05:23:03,2452808.7243,30.0,1.13,K,K,,,,missingreplog_J16320-4751.csv,,,Data replog,,,J16320-4751,True,IR
ir030617.0127        [0,J16320-4751,16:32:2.96,-47:52:32,2003-06-18,05:22:11,2452808.7237,30.1,1.13,K,K,,,,missingreplog_J16320-4751.csv,,,Data replog,,,J16320-4751,True,IR
ir030617.0126        [0,J16320-4751,16:32:2.92,-47:52:32,2003-06-18,05:21:17,2452808.7231,30.0,1.13,K,K,,,,missingreplog_J16320-4751.csv,,,Data replog,,,J16320-4751,True,IR
ir030617.0125        [0,J16320-4751,16:32:2.91,-47:52:33,2003-06-18,05:20:25,2452808.7225,30.0,1.13,K,K,,,,missingreplog_J16320-4751.csv,,,Data replog,,,J16320-4751,True,IR
ir030613.0113        [0,J16320-4751,16:32:1.79,-47:52:28,2003-06-14,06:02:07,2452804.7515,30.0,1.17,K,K,,,,missingreplog_J16320-4751.csv,,,Data replog,,,J16320-4751,True,IR
ir030613.0112        [0,J16320-4751,16:32:1.78,-47:52:28,2003-06-14,06:01:14,2452804.7509,30.1,1.17,K,K,,,,missingreplog_J16320-4751.csv,,,Data replog,,,J16320-4751,True,IR
ir030613.0111        [0,J16320-4751,16:32:1.77,-47:52:28,2003-06-14,06:00:22,2452804.7503,30.1,1.17,K,K,,,,missingreplog_J16320-4751.csv,,,Data replog,,,J16320-4751,True,IR
ir030613.0110        [0,J16320-4751,16:32:1.78,-47:52:28,2003-06-14,05:59:30,2452804.7497,30.0,1.17,K,K,,,,missingreplog_J16320-4751.csv,,,Data replog,,,J16320-4751,True,IR
ir030613.0109        [0,J16320-4751,16:32:1.76,-47:52:28,2003-06-14,05:58:37,2452804.7491,30.0,1.16,K,K,,,,missingreplog_J16320-4751.csv,,,Data replog,,,J16320-4751,True,IR
ir030613.0108        [0,J16320-4751,16:32:1.78,-47:52:28,2003-06-14,05:57:45,2452804.7484,30.1,1.16,K,K,,,,missingreplog_J16320-4751.csv,,,Data replog,,,J16320-4751,True,IR
ir030613.0107        [0,J16320-4751,16:32:1.77,-47:52:28,2003-06-14,05:56:53,2452804.7478,30.0,1.16,K,K,,,,missingreplog_J16320-4751.csv,,,Data replog,,,J16320-4751,True,IR
ir030613.0106        [0,J16320-4751,16:32:1.76,-47:52:28,2003-06-14,05:56:00,2452804.7472,30.0,1.16,K,K,,,,missingreplog_J16320-4751.csv,,,Data replog,,,J16320-4751,True,IR
ir030613.0105        [0,J16320-4751,16:32:1.76,-47:52:28,2003-06-14,05:55:07,2452804.7466,30.0,1.16,K,K,,,,missingreplog_J16320-4751.csv,,,Data replog,,,J16320-4751,True,IR
ir030613.0104        [0,J16320-4751,16:32:0.96,-47:52:23,2003-06-14,05:54:15,2452804.746,30.0,1.16,K,K,,,,missingreplog_J16320-4751.csv,,,Data replog,,,J16320-4751,True,IR
ir030603.0161        [0,J16320-4751,16:32:2.88,-47:52:34,2003-06-04,04:53:41,2452794.7039,30.0,1.06,K,K,,,,missingreplog_J16320-4751.csv,,,Data replog,,,J16320-4751,True,IR
ir030603.0160        [0,J16320-4751,16:32:2.87,-47:52:34,2003-06-04,04:52:48,2452794.7033,30.1,1.05,K,K,,,,missingreplog_J16320-4751.csv,,,Data replog,,,J16320-4751,True,IR
ir030603.0159        [0,J16320-4751,16:32:2.86,-47:52:34,2003-06-04,04:51:56,2452794.7027,30.1,1.05,K,K,,,,missingreplog_J16320-4751.csv,,,Data replog,,,J16320-4751,True,IR
ir030603.0158        [0,J16320-4751,16:32:2.88,-47:52:34,2003-06-04,04:51:04,2452794.7021,30.1,1.05,K,K,,,,missingreplog_J16320-4751.csv,,,Data replog,,,J16320-4751,True,IR
ir030603.0157        [0,J16320-4751,16:32:2.88,-47:52:35,2003-06-04,04:50:12,2452794.7015,30.0,1.05,K,K,,,,missingreplog_J16320-4751.csv,,,Data replog,,,J16320-4751,True,IR
ir030603.0156        [0,J16320-4751,16:32:2.89,-47:52:35,2003-06-04,04:49:20,2452794.7009,30.0,1.05,K,K,,,,missingreplog_J16320-4751.csv,,,Data replog,,,J16320-4751,True,IR
ir030603.0155        [0,J16320-4751,16:32:2.91,-47:52:35,2003-06-04,04:48:28,2452794.7003,30.0,1.05,K,K,,,,missingreplog_J16320-4751.csv,,,Data replog,,,J16320-4751,True,IR
ir030603.0154        [0,J16320-4751,16:32:2.91,-47:52:35,2003-06-04,04:47:36,2452794.6997,30.1,1.05,K,K,,,,missingreplog_J16320-4751.csv,,,Data replog,,,J16320-4751,True,IR
ir030603.0153        [0,J16320-4751,16:32:2.92,-47:52:35,2003-06-04,04:46:43,2452794.6991,30.0,1.05,K,K,,,,missingreplog_J16320-4751.csv,,,Data replog,,,J16320-4751,True,IR
ir030803.0071        [0,J16320-4751,16:32:1.81,-47:52:28,2003-08-04,01:15:24,2452855.5524,30.0,1.07,K,K,,,,missingreplog_J16320-4751.csv,,,Data replog,,,J16320-4751,True,IR
ir030803.0072        [0,J16320-4751,16:32:1.82,-47:52:28,2003-08-04,01:16:17,2452855.553,30.0,1.07,K,K,,,,missingreplog_J16320-4751.csv,,,Data replog,,,J16320-4751,True,IR
ir030803.0073        [0,J16320-4751,16:32:1.79,-47:52:28,2003-08-04,01:17:10,2452855.5536,30.1,1.07,K,K,,,,missingreplog_J16320-4751.csv,,,Data replog,,,J16320-4751,True,IR
ir030921.0025        [2,J16320-4751,16:32:2.12,-47:52:26,2003-09-21,23:45:05,2452904.4896,30.1,1.21,K,K,,,,missingreplog_J16320-4751.csv,,,Data replog,,,J16320-4751,True,IR
ir030924.0066        [0,J16320-4751,16:32:2.93,-47:52:22,2003-09-25,00:40:18,2452907.528,30.1,1.41,K,K,,,,missingreplog_J16320-4751.csv,,,Data replog,,,J16320-4751,True,IR
ir030924.0065        [0,J16320-4751,16:32:2.96,-47:52:22,2003-09-25,00:39:26,2452907.5274,30.0,1.41,K,K,,,,missingreplog_J16320-4751.csv,,,Data replog,,,J16320-4751,True,IR
ir030924.0064        [0,J16320-4751,16:32:2.95,-47:52:22,2003-09-25,00:38:34,2452907.5268,30.0,1.41,K,K,,,,missingreplog_J16320-4751.csv,,,Data replog,,,J16320-4751,True,IR
ir030921.0033        [2,J16320-4751,16:32:2.36,-47:52:27,2003-09-21,23:52:03,2452904.4945,30.1,1.22,K,K,,,,missingreplog_J16320-4751.csv,,,Data replog,,,J16320-4751,True,IR
ir030921.0032        [2,J16320-4751,16:32:2.35,-47:52:27,2003-09-21,23:51:11,2452904.4939,30.0,1.22,K,K,,,,missingreplog_J16320-4751.csv,,,Data replog,,,J16320-4751,True,IR
ir030921.0031        [2,J16320-4751,16:32:2.29,-47:52:26,2003-09-21,23:50:19,2452904.4933,30.0,1.22,K,K,,,,missingreplog_J16320-4751.csv,,,Data replog,,,J16320-4751,True,IR
ir030921.0030        [2,J16320-4751,16:32:2.27,-47:52:26,2003-09-21,23:49:27,2452904.4927,30.1,1.22,K,K,,,,missingreplog_J16320-4751.csv,,,Data replog,,,J16320-4751,True,IR
ir030921.0029        [2,J16320-4751,16:32:2.21,-47:52:26,2003-09-21,23:48:35,2452904.4921,30.0,1.21,K,K,,,,missingreplog_J16320-4751.csv,,,Data replog,,,J16320-4751,True,IR
ir030921.0028        [2,J16320-4751,16:32:2.22,-47:52:26,2003-09-21,23:47:42,2452904.4915,30.1,1.21,K,K,,,,missingreplog_J16320-4751.csv,,,Data replog,,,J16320-4751,True,IR
ir030921.0027        [2,J16320-4751,16:32:2.21,-47:52:26,2003-09-21,23:46:50,2452904.4909,30.0,1.21,K,K,,,,missingreplog_J16320-4751.csv,,,Data replog,,,J16320-4751,True,IR
ir030921.0026        [2,J16320-4751,16:32:2.20,-47:52:26,2003-09-21,23:45:58,2452904.4903,30.0,1.21,K,K,,,,missingreplog_J16320-4751.csv,,,Data replog,,,J16320-4751,True,IR
ir030921.0024        [2,J16320-4751,16:32:2.15,-47:52:26,2003-09-21,23:44:13,2452904.489,30.1,1.2,K,K,,,,missingreplog_J16320-4751.csv,,,Data replog,,,J16320-4751,True,IR
ir030915.0054        [0,J16320-4751,16:32:1.78,-47:52:28,2003-09-16,00:24:55,2452898.5173,30.0,1.25,K,K,,,,missingreplog_J16320-4751.csv,,,Data replog,,,J16320-4751,True,IR
ir030919.0109        [0,J16320-4751,16:32:1.92,-47:52:54,2003-09-20,02:18:10,2452902.5959,30.1,1.89,K,K,,,,missingreplog_J16320-4751.csv,,,Data replog,,,J16320-4751,True,IR
ir030919.0108        [0,J16320-4751,16:32:1.92,-47:52:54,2003-09-20,02:17:17,2452902.5953,30.1,1.88,K,K,,,,missingreplog_J16320-4751.csv,,,Data replog,,,J16320-4751,True,IR
ir030919.0107        [0,J16320-4751,16:32:1.92,-47:52:53,2003-09-20,02:16:25,2452902.5947,30.1,1.87,K,K,,,,missingreplog_J16320-4751.csv,,,Data replog,,,J16320-4751,True,IR
ir030919.0106        [0,J16320-4751,16:32:1.90,-47:52:53,2003-09-20,02:15:34,2452902.5941,30.0,1.87,K,K,,,,missingreplog_J16320-4751.csv,,,Data replog,,,J16320-4751,True,IR
ir030919.0105        [0,J16320-4751,16:32:1.88,-47:52:53,2003-09-20,02:14:41,2452902.5935,30.0,1.86,K,K,,,,missingreplog_J16320-4751.csv,,,Data replog,,,J16320-4751,True,IR
ir030919.0104        [0,J16320-4751,16:32:1.85,-47:52:53,2003-09-20,02:13:48,2452902.5929,30.0,1.85,K,K,,,,missingreplog_J16320-4751.csv,,,Data replog,,,J16320-4751,True,IR
ir030919.0103        [0,J16320-4751,16:32:1.82,-47:52:52,2003-09-20,02:12:56,2452902.5923,30.0,1.85,K,K,,,,missingreplog_J16320-4751.csv,,,Data replog,,,J16320-4751,True,IR
ir030919.0102        [0,J16320-4751,16:32:1.79,-47:52:52,2003-09-20,02:12:04,2452902.5917,30.1,1.84,K,K,,,,missingreplog_J16320-4751.csv,,,Data replog,,,J16320-4751,True,IR
ir030919.0101        [0,J16320-4751,16:32:1.75,-47:52:52,2003-09-20,02:11:11,2452902.5911,30.1,1.83,K,K,,,,missingreplog_J16320-4751.csv,,,Data replog,,,J16320-4751,True,IR
ir030919.0100        [0,J16320-4751,16:32:1.74,-47:52:51,2003-09-20,02:10:19,2452902.5905,30.1,1.82,K,K,,,,missingreplog_J16320-4751.csv,,,Data replog,,,J16320-4751,True,IR
ir030915.0056        [0,J16320-4751,16:32:1.76,-47:52:29,2003-09-16,00:26:39,2452898.5185,30.0,1.25,K,K,,,,missingreplog_J16320-4751.csv,,,Data replog,,,J16320-4751,True,IR
ir030924.0067        [0,J16320-4751,16:32:2.92,-47:52:22,2003-09-25,00:41:10,2452907.5286,30.0,1.42,K,K,,,,missingreplog_J16320-4751.csv,,,Data replog,,,J16320-4751,True,IR
ir030924.0068        [0,J16320-4751,16:32:2.92,-47:52:22,2003-09-25,00:42:02,2452907.5292,30.0,1.42,K,K,,,,missingreplog_J16320-4751.csv,,,Data replog,,,J16320-4751,True,IR
ir030924.0069        [0,J16320-4751,16:32:2.91,-47:52:22,2003-09-25,00:42:54,2452907.5298,30.0,1.42,K,K,,,,missingreplog_J16320-4751.csv,,,Data replog,,,J16320-4751,True,IR
ir030924.0070        [0,J16320-4751,16:32:2.91,-47:52:22,2003-09-25,00:43:46,2452907.5304,30.0,1.43,K,K,,,,missingreplog_J16320-4751.csv,,,Data replog,,,J16320-4751,True,IR
ir031001.0011        [0,J16320-4751,16:32:1.65,-47:52:26,2003-10-02,00:21:06,2452914.5147,30.0,1.45,K,K,,,,missingreplog_J16320-4751.csv,,,Data replog,,,J16320-4751,True,IR
ir031001.0010        [0,J16320-4751,16:32:1.67,-47:52:27,2003-10-02,00:20:14,2452914.514,30.0,1.45,K,K,,,,missingreplog_J16320-4751.csv,,,Data replog,,,J16320-4751,True,IR
ir031001.0009        [0,J16320-4751,16:32:1.70,-47:52:27,2003-10-02,00:19:22,2452914.5134,30.0,1.44,K,K,,,,missingreplog_J16320-4751.csv,,,Data replog,,,J16320-4751,True,IR
ir031001.0008        [0,J16320-4751,16:32:1.72,-47:52:27,2003-10-02,00:18:30,2452914.5129,30.1,1.44,K,K,,,,missingreplog_J16320-4751.csv,,,Data replog,,,J16320-4751,True,IR
ir031001.0007        [0,J16320-4751,16:32:1.68,-47:52:27,2003-10-02,00:17:37,2452914.5122,30.1,1.43,K,K,,,,missingreplog_J16320-4751.csv,,,Data replog,,,J16320-4751,True,IR
ir031001.0006        [0,J16320-4751,16:32:1.75,-47:52:27,2003-10-02,00:16:45,2452914.5116,30.0,1.43,K,K,,,,missingreplog_J16320-4751.csv,,,Data replog,,,J16320-4751,True,IR
ir031001.0005        [0,J16320-4751,16:32:1.52,-47:52:26,2003-10-02,00:15:53,2452914.511,30.1,1.43,K,K,,,,missingreplog_J16320-4751.csv,,,Data replog,,,J16320-4751,True,IR
ir031001.0004        [0,J16320-4751,16:32:1.57,-47:52:27,2003-10-02,00:15:00,2452914.5104,30.0,1.42,K,K,,,,missingreplog_J16320-4751.csv,,,Data replog,,,J16320-4751,True,IR
ir031001.0003        [0,J16320-4751,16:32:1.67,-47:52:27,2003-10-02,00:14:08,2452914.5098,30.0,1.42,K,K,,,,missingreplog_J16320-4751.csv,,,Data replog,,,J16320-4751,True,IR
ir031001.0002        [0,J16320-4751,16:32:1.72,-47:52:28,2003-10-02,00:13:15,2452914.5092,30.0,1.42,K,K,,,,missingreplog_J16320-4751.csv,,,Data replog,,,J16320-4751,True,IR
ir030929.0091        [0,J16320-4751,16:32:1.68,-47:52:28,2003-09-30,00:24:28,2452912.517,30.0,1.43,K,K,,,,missingreplog_J16320-4751.csv,,,Data replog,,,J16320-4751,True,IR
ir030929.0090        [0,J16320-4751,16:32:1.66,-47:52:28,2003-09-30,00:23:36,2452912.5164,30.1,1.43,K,K,,,,missingreplog_J16320-4751.csv,,,Data replog,,,J16320-4751,True,IR
ir030929.0089        [0,J16320-4751,16:32:1.72,-47:52:28,2003-09-30,00:22:44,2452912.5158,30.1,1.42,K,K,,,,missingreplog_J16320-4751.csv,,,Data replog,,,J16320-4751,True,IR
ir030929.0088        [0,J16320-4751,16:32:1.70,-47:52:28,2003-09-30,00:21:52,2452912.5152,30.0,1.42,K,K,,,,missingreplog_J16320-4751.csv,,,Data replog,,,J16320-4751,True,IR
ir030929.0087        [0,J16320-4751,16:32:1.71,-47:52:28,2003-09-30,00:20:59,2452912.5146,30.0,1.42,K,K,,,,missingreplog_J16320-4751.csv,,,Data replog,,,J16320-4751,True,IR
ir030929.0086        [0,J16320-4751,16:32:1.69,-47:52:28,2003-09-30,00:20:06,2452912.514,30.1,1.41,K,K,,,,missingreplog_J16320-4751.csv,,,Data replog,,,J16320-4751,True,IR
ir030929.0085        [0,J16320-4751,16:32:1.68,-47:52:28,2003-09-30,00:19:14,2452912.5134,30.0,1.41,K,K,,,,missingreplog_J16320-4751.csv,,,Data replog,,,J16320-4751,True,IR
ir030929.0084        [0,J16320-4751,16:32:1.70,-47:52:28,2003-09-30,00:18:22,2452912.5128,30.0,1.4,K,K,,,,missingreplog_J16320-4751.csv,,,Data replog,,,J16320-4751,True,IR
ir030929.0083        [0,J16320-4751,16:32:1.73,-47:52:28,2003-09-30,00:17:29,2452912.5121,30.1,1.4,K,K,,,,missingreplog_J16320-4751.csv,,,Data replog,,,J16320-4751,True,IR
ir030929.0082        [0,J16320-4751,16:32:1.70,-47:52:28,2003-09-30,00:16:37,2452912.5115,30.0,1.4,K,K,,,,missingreplog_J16320-4751.csv,,,Data replog,,,J16320-4751,True,IR
ir030924.0073        [0,J16320-4751,16:32:2.88,-47:52:22,2003-09-25,00:46:21,2452907.5322,30.0,1.44,K,K,,,,missingreplog_J16320-4751.csv,,,Data replog,,,J16320-4751,True,IR
ir030924.0072        [0,J16320-4751,16:32:2.87,-47:52:22,2003-09-25,00:45:29,2452907.5316,30.0,1.44,K,K,,,,missingreplog_J16320-4751.csv,,,Data replog,,,J16320-4751,True,IR
ir030924.0071        [0,J16320-4751,16:32:2.88,-47:52:22,2003-09-25,00:44:38,2452907.531,30.0,1.43,K,K,,,,missingreplog_J16320-4751.csv,,,Data replog,,,J16320-4751,True,IR
ir030915.0055        [0,J16320-4751,16:32:1.77,-47:52:28,2003-09-16,00:25:46,2452898.5179,30.0,1.25,K,K,,,,missingreplog_J16320-4751.csv,,,Data replog,,,J16320-4751,True,IR
ir030915.0053        [0,J16320-4751,16:32:1.78,-47:52:28,2003-09-16,00:24:03,2452898.5167,30.1,1.24,K,K,,,,missingreplog_J16320-4751.csv,,,Data replog,,,J16320-4751,True,IR
ir030910.0138        [0,J16320-4751,16:32:2.02,-47:52:22,2003-09-11,01:40:43,2452893.5699,30.1,1.44,K,K,,,,missingreplog_J16320-4751.csv,,,Data replog,,,J16320-4751,True,IR
ir030911.0148        [0,J16320-4751,16:32:1.82,-47:52:30,2003-09-12,02:11:46,2452894.5915,30.0,1.62,K,K,,,,missingreplog_J16320-4751.csv,,,Data replog,,,J16320-4751,True,IR
ir030912.0135        [0,J16320-4751,16:32:1.64,-47:52:28,2003-09-13,01:36:28,2452895.567,30.0,1.45,K,K,,,,missingreplog_J16320-4751.csv,,,Data replog,,,J16320-4751,True,IR
ir030912.0134        [0,J16320-4751,16:32:1.65,-47:52:28,2003-09-13,01:35:36,2452895.5664,30.0,1.45,K,K,,,,missingreplog_J16320-4751.csv,,,Data replog,,,J16320-4751,True,IR
ir030912.0133        [0,J16320-4751,16:32:1.67,-47:52:28,2003-09-13,01:34:44,2452895.5658,30.0,1.45,K,K,,,,missingreplog_J16320-4751.csv,,,Data replog,,,J16320-4751,True,IR
ir030912.0132        [0,J16320-4751,16:32:1.72,-47:52:28,2003-09-13,01:33:53,2452895.5652,30.0,1.44,K,K,,,,missingreplog_J16320-4751.csv,,,Data replog,,,J16320-4751,True,IR
ir030912.0131        [0,J16320-4751,16:32:1.73,-47:52:28,2003-09-13,01:33:01,2452895.5646,30.1,1.44,K,K,,,,missingreplog_J16320-4751.csv,,,Data replog,,,J16320-4751,True,IR
ir030912.0130        [0,J16320-4751,16:32:1.74,-47:52:28,2003-09-13,01:32:08,2452895.564,30.0,1.43,K,K,,,,missingreplog_J16320-4751.csv,,,Data replog,,,J16320-4751,True,IR
ir030912.0129        [0,J16320-4751,16:32:1.74,-47:52:28,2003-09-13,01:31:15,2452895.5634,30.0,1.43,K,K,,,,missingreplog_J16320-4751.csv,,,Data replog,,,J16320-4751,True,IR
ir030912.0128        [0,J16320-4751,16:32:1.73,-47:52:28,2003-09-13,01:30:24,2452895.5628,30.1,1.43,K,K,,,,missingreplog_J16320-4751.csv,,,Data replog,,,J16320-4751,True,IR
ir030911.0151        [0,J16320-4751,16:32:1.84,-47:52:31,2003-09-12,02:14:23,2452894.5933,30.1,1.63,K,K,,,,missingreplog_J16320-4751.csv,,,Data replog,,,J16320-4751,True,IR
ir030911.0150        [0,J16320-4751,16:32:1.84,-47:52:30,2003-09-12,02:13:30,2452894.5927,30.0,1.63,K,K,,,,missingreplog_J16320-4751.csv,,,Data replog,,,J16320-4751,True,IR
ir030911.0149        [0,J16320-4751,16:32:1.85,-47:52:30,2003-09-12,02:12:39,2452894.5921,30.0,1.62,K,K,,,,missingreplog_J16320-4751.csv,,,Data replog,,,J16320-4751,True,IR
ir030911.0147        [0,J16320-4751,16:32:1.82,-47:52:30,2003-09-12,02:10:54,2452894.5909,30.0,1.61,K,K,,,,missingreplog_J16320-4751.csv,,,Data replog,,,J16320-4751,True,IR
ir030915.0052        [0,J16320-4751,16:32:1.75,-47:52:28,2003-09-16,00:23:11,2452898.5161,30.0,1.24,K,K,,,,missingreplog_J16320-4751.csv,,,Data replog,,,J16320-4751,True,IR
ir030911.0146        [0,J16320-4751,16:32:1.82,-47:52:29,2003-09-12,02:10:01,2452894.5903,30.1,1.61,K,K,,,,missingreplog_J16320-4751.csv,,,Data replog,,,J16320-4751,True,IR
ir030911.0145        [0,J16320-4751,16:32:1.79,-47:52:29,2003-09-12,02:09:09,2452894.5897,30.1,1.6,K,K,,,,missingreplog_J16320-4751.csv,,,Data replog,,,J16320-4751,True,IR
ir030911.0144        [0,J16320-4751,16:32:1.79,-47:52:29,2003-09-12,02:08:16,2452894.5891,30.0,1.6,K,K,,,,missingreplog_J16320-4751.csv,,,Data replog,,,J16320-4751,True,IR
ir030911.0143        [0,J16320-4751,16:32:1.78,-47:52:29,2003-09-12,02:07:23,2452894.5885,30.0,1.59,K,K,,,,missingreplog_J16320-4751.csv,,,Data replog,,,J16320-4751,True,IR
ir030911.0142        [0,J16320-4751,16:32:1.75,-47:52:28,2003-09-12,02:06:31,2452894.5879,30.1,1.59,K,K,,,,missingreplog_J16320-4751.csv,,,Data replog,,,J16320-4751,True,IR
ir030910.0145        [0,J16320-4751,16:32:1.91,-47:52:22,2003-09-11,01:46:51,2452893.5742,30.0,1.46,K,K,,,,missingreplog_J16320-4751.csv,,,Data replog,,,J16320-4751,True,IR
ir030910.0144        [0,J16320-4751,16:32:1.92,-47:52:22,2003-09-11,01:45:58,2452893.5736,30.1,1.46,K,K,,,,missingreplog_J16320-4751.csv,,,Data replog,,,J16320-4751,True,IR
ir030910.0143        [0,J16320-4751,16:32:1.96,-47:52:22,2003-09-11,01:45:06,2452893.573,30.1,1.46,K,K,,,,missingreplog_J16320-4751.csv,,,Data replog,,,J16320-4751,True,IR
ir030910.0142        [0,J16320-4751,16:32:1.97,-47:52:22,2003-09-11,01:44:14,2452893.5724,30.0,1.45,K,K,,,,missingreplog_J16320-4751.csv,,,Data replog,,,J16320-4751,True,IR
ir030910.0141        [0,J16320-4751,16:32:1.98,-47:52:22,2003-09-11,01:43:21,2452893.5718,30.0,1.45,K,K,,,,missingreplog_J16320-4751.csv,,,Data replog,,,J16320-4751,True,IR
ir030910.0140        [0,J16320-4751,16:32:2.02,-47:52:23,2003-09-11,01:42:28,2452893.5712,30.1,1.44,K,K,,,,missingreplog_J16320-4751.csv,,,Data replog,,,J16320-4751,True,IR
ir030912.0136        [0,J16320-4751,16:32:1.66,-47:52:28,2003-09-13,01:37:20,2452895.5676,30.1,1.46,K,K,,,,missingreplog_J16320-4751.csv,,,Data replog,,,J16320-4751,True,IR
ir030912.0137        [0,J16320-4751,16:32:1.62,-47:52:28,2003-09-13,01:38:13,2452895.5682,30.0,1.46,K,K,,,,missingreplog_J16320-4751.csv,,,Data replog,,,J16320-4751,True,IR
ir030913.0147        [0,J16320-4751,16:32:1.72,-47:52:28,2003-09-14,02:36:19,2452896.6086,30.1,1.84,K,K,,,,missingreplog_J16320-4751.csv,,,Data replog,,,J16320-4751,True,IR
ir030913.0148        [0,J16320-4751,16:32:1.80,-47:52:28,2003-09-14,02:37:11,2452896.6092,30.0,1.85,K,K,,,,missingreplog_J16320-4751.csv,,,Data replog,,,J16320-4751,True,IR
ir030915.0051        [0,J16320-4751,16:32:1.74,-47:52:28,2003-09-16,00:22:19,2452898.5155,30.1,1.24,K,K,,,,missingreplog_J16320-4751.csv,,,Data replog,,,J16320-4751,True,IR
ir030915.0050        [0,J16320-4751,16:32:1.75,-47:52:28,2003-09-16,00:21:27,2452898.5149,30.1,1.24,K,K,,,,missingreplog_J16320-4751.csv,,,Data replog,,,J16320-4751,True,IR
ir030915.0049        [0,J16320-4751,16:32:1.73,-47:52:28,2003-09-16,00:20:34,2452898.5143,30.0,1.23,K,K,,,,missingreplog_J16320-4751.csv,,,Data replog,,,J16320-4751,True,IR
ir030915.0048        [0,J16320-4751,16:32:1.73,-47:52:28,2003-09-16,00:19:42,2452898.5137,30.0,1.23,K,K,,,,missingreplog_J16320-4751.csv,,,Data replog,,,J16320-4751,True,IR
ir030915.0047        [0,J16320-4751,16:32:1.74,-47:52:28,2003-09-16,00:18:49,2452898.5131,30.0,1.23,K,K,,,,missingreplog_J16320-4751.csv,,,Data replog,,,J16320-4751,True,IR
ir030914.0073        [0,J16320-4751,16:32:1.71,-47:52:29,2003-09-15,00:57:05,2452897.5397,30.1,1.33,K,K,,,,missingreplog_J16320-4751.csv,,,Data replog,,,J16320-4751,True,IR
ir030914.0072        [0,J16320-4751,16:32:1.72,-47:52:29,2003-09-15,00:56:12,2452897.539,30.0,1.33,K,K,,,,missingreplog_J16320-4751.csv,,,Data replog,,,J16320-4751,True,IR
ir030914.0071        [0,J16320-4751,16:32:1.73,-47:52:29,2003-09-15,00:55:20,2452897.5384,30.0,1.32,K,K,,,,missingreplog_J16320-4751.csv,,,Data replog,,,J16320-4751,True,IR
ir030914.0070        [0,J16320-4751,16:32:1.73,-47:52:29,2003-09-15,00:54:28,2452897.5378,30.1,1.32,K,K,,,,missingreplog_J16320-4751.csv,,,Data replog,,,J16320-4751,True,IR
ir030914.0069        [0,J16320-4751,16:32:1.73,-47:52:29,2003-09-15,00:53:36,2452897.5372,30.1,1.32,K,K,,,,missingreplog_J16320-4751.csv,,,Data replog,,,J16320-4751,True,IR
ir030914.0068        [0,J16320-4751,16:32:1.76,-47:52:28,2003-09-15,00:52:43,2452897.5366,30.1,1.32,K,K,,,,missingreplog_J16320-4751.csv,,,Data replog,,,J16320-4751,True,IR
ir030914.0067        [0,J16320-4751,16:32:1.76,-47:52:28,2003-09-15,00:51:51,2452897.536,30.0,1.31,K,K,,,,missingreplog_J16320-4751.csv,,,Data replog,,,J16320-4751,True,IR
ir030914.0066        [0,J16320-4751,16:32:1.76,-47:52:28,2003-09-15,00:50:58,2452897.5354,30.0,1.31,K,K,,,,missingreplog_J16320-4751.csv,,,Data replog,,,J16320-4751,True,IR
ir030914.0065        [0,J16320-4751,16:32:1.79,-47:52:28,2003-09-15,00:50:06,2452897.5348,30.1,1.31,K,K,,,,missingreplog_J16320-4751.csv,,,Data replog,,,J16320-4751,True,IR
ir030914.0064        [0,J16320-4751,16:32:1.75,-47:52:28,2003-09-15,00:49:14,2452897.5342,30.1,1.3,K,K,,,,missingreplog_J16320-4751.csv,,,Data replog,,,J16320-4751,True,IR
ir030913.0156        [0,J16320-4751,16:32:1.90,-47:52:30,2003-09-14,02:44:09,2452896.614,30.1,1.91,K,K,,,,missingreplog_J16320-4751.csv,,,Data replog,,,J16320-4751,True,IR
ir030913.0155        [0,J16320-4751,16:32:1.86,-47:52:30,2003-09-14,02:43:17,2452896.6134,30.1,1.9,K,K,,,,missingreplog_J16320-4751.csv,,,Data replog,,,J16320-4751,True,IR
ir030913.0154        [0,J16320-4751,16:32:1.89,-47:52:30,2003-09-14,02:42:25,2452896.6128,30.1,1.9,K,K,,,,missingreplog_J16320-4751.csv,,,Data replog,,,J16320-4751,True,IR
ir030913.0153        [0,J16320-4751,16:32:1.86,-47:52:30,2003-09-14,02:41:33,2452896.6122,30.1,1.89,K,K,,,,missingreplog_J16320-4751.csv,,,Data replog,,,J16320-4751,True,IR
ir030913.0152        [0,J16320-4751,16:32:1.84,-47:52:29,2003-09-14,02:40:41,2452896.6116,30.0,1.88,K,K,,,,missingreplog_J16320-4751.csv,,,Data replog,,,J16320-4751,True,IR
ir030913.0151        [0,J16320-4751,16:32:1.85,-47:52:29,2003-09-14,02:39:48,2452896.611,30.0,1.87,K,K,,,,missingreplog_J16320-4751.csv,,,Data replog,,,J16320-4751,True,IR
ir030913.0150        [0,J16320-4751,16:32:1.84,-47:52:29,2003-09-14,02:38:56,2452896.6104,30.0,1.87,K,K,,,,missingreplog_J16320-4751.csv,,,Data replog,,,J16320-4751,True,IR
ir030913.0149        [0,J16320-4751,16:32:1.81,-47:52:29,2003-09-14,02:38:04,2452896.6098,30.0,1.86,K,K,,,,missingreplog_J16320-4751.csv,,,Data replog,,,J16320-4751,True,IR
ir031002.0081        [0,J16320-4751,16:32:2.28,-47:52:21,2003-10-03,00:21:14,2452915.5148,30.0,1.47,K,K,,,,missingreplog_J16320-4751.csv,,,Data replog,,,J16320-4751,True,IR
ir031002.0082        [0,J16320-4751,16:32:2.28,-47:52:21,2003-10-03,00:22:05,2452915.5153,30.0,1.47,K,K,,,,missingreplog_J16320-4751.csv,,,Data replog,,,J16320-4751,True,IR
ir031002.0083        [0,J16320-4751,16:32:2.32,-47:52:21,2003-10-03,00:22:58,2452915.516,30.1,1.48,K,K,,,,missingreplog_J16320-4751.csv,,,Data replog,,,J16320-4751,True,IR
ir031011.0022        [0,J16320-4751,16:32:1.70,-47:52:27,2003-10-12,00:10:18,2452924.5072,30.0,1.6,K,K,,,,missingreplog_J16320-4751.csv,,,Data replog,,,J16320-4751,True,IR
ir031015.0023        [0,J16320-4751,16:32:1.75,-47:52:27,2003-10-16,00:17:58,2452928.5125,30.0,1.75,K,K,,,,missingreplog_J16320-4751.csv,,,Data replog,,,J16320-4751,True,IR
ir031015.0022        [0,J16320-4751,16:32:1.70,-47:52:28,2003-10-16,00:17:06,2452928.5119,30.0,1.74,K,K,,,,missingreplog_J16320-4751.csv,,,Data replog,,,J16320-4751,True,IR
ir031011.0031        [0,J16320-4751,16:32:1.91,-47:52:28,2003-10-12,00:18:10,2452924.5126,30.0,1.64,K,K,,,,missingreplog_J16320-4751.csv,,,Data replog,,,J16320-4751,True,IR
ir031011.0030        [0,J16320-4751,16:32:1.91,-47:52:28,2003-10-12,00:17:17,2452924.512,30.0,1.64,K,K,,,,missingreplog_J16320-4751.csv,,,Data replog,,,J16320-4751,True,IR
ir031011.0029        [0,J16320-4751,16:32:1.87,-47:52:28,2003-10-12,00:16:25,2452924.5114,30.1,1.63,K,K,,,,missingreplog_J16320-4751.csv,,,Data replog,,,J16320-4751,True,IR
ir031011.0028        [0,J16320-4751,16:32:1.84,-47:52:27,2003-10-12,00:15:33,2452924.5108,30.0,1.63,K,K,,,,missingreplog_J16320-4751.csv,,,Data replog,,,J16320-4751,True,IR
ir031011.0027        [0,J16320-4751,16:32:1.85,-47:52:27,2003-10-12,00:14:41,2452924.5102,30.1,1.62,K,K,,,,missingreplog_J16320-4751.csv,,,Data replog,,,J16320-4751,True,IR
ir031011.0026        [0,J16320-4751,16:32:1.84,-47:52:27,2003-10-12,00:13:48,2452924.5096,30.0,1.62,K,K,,,,missingreplog_J16320-4751.csv,,,Data replog,,,J16320-4751,True,IR
ir031011.0025        [0,J16320-4751,16:32:1.80,-47:52:27,2003-10-12,00:12:56,2452924.509,30.0,1.61,K,K,,,,missingreplog_J16320-4751.csv,,,Data replog,,,J16320-4751,True,IR
ir031011.0024        [0,J16320-4751,16:32:1.83,-47:52:27,2003-10-12,00:12:03,2452924.5084,30.0,1.61,K,K,,,,missingreplog_J16320-4751.csv,,,Data replog,,,J16320-4751,True,IR
ir031011.0023        [0,J16320-4751,16:32:1.74,-47:52:27,2003-10-12,00:11:10,2452924.5078,30.1,1.6,K,K,,,,missingreplog_J16320-4751.csv,,,Data replog,,,J16320-4751,True,IR
ir031009.0011        [2,J16320-4751,16:32:2.08,-47:52:26,2003-10-09,23:38:19,2452922.4849,30.0,1.4,K,K,,,,missingreplog_J16320-4751.csv,,,Data replog,,,J16320-4751,True,IR
ir031002.0084        [0,J16320-4751,16:32:2.25,-47:52:21,2003-10-03,00:23:51,2452915.5166,30.0,1.48,K,K,,,,missingreplog_J16320-4751.csv,,,Data replog,,,J16320-4751,True,IR
ir031009.0010        [2,J16320-4751,16:32:2.00,-47:52:26,2003-10-09,23:37:26,2452922.4843,30.0,1.4,K,K,,,,missingreplog_J16320-4751.csv,,,Data replog,,,J16320-4751,True,IR
ir031009.0009        [2,J16320-4751,16:32:2.01,-47:52:26,2003-10-09,23:36:35,2452922.4837,30.0,1.39,K,K,,,,missingreplog_J16320-4751.csv,,,Data replog,,,J16320-4751,True,IR
ir031009.0008        [2,J16320-4751,16:32:2.00,-47:52:26,2003-10-09,23:35:42,2452922.4831,30.0,1.39,K,K,,,,missingreplog_J16320-4751.csv,,,Data replog,,,J16320-4751,True,IR
ir031009.0007        [2,J16320-4751,16:32:1.95,-47:52:26,2003-10-09,23:34:50,2452922.4825,30.1,1.39,K,K,,,,missingreplog_J16320-4751.csv,,,Data replog,,,J16320-4751,True,IR
ir031009.0006        [2,J16320-4751,16:32:1.90,-47:52:26,2003-10-09,23:33:57,2452922.4819,30.1,1.38,K,K,,,,missingreplog_J16320-4751.csv,,,Data replog,,,J16320-4751,True,IR
ir031009.0005        [2,J16320-4751,16:32:1.87,-47:52:26,2003-10-09,23:33:05,2452922.4813,30.0,1.38,K,K,,,,missingreplog_J16320-4751.csv,,,Data replog,,,J16320-4751,True,IR
ir031009.0004        [2,J16320-4751,16:32:1.88,-47:52:26,2003-10-09,23:32:12,2452922.4807,30.1,1.38,K,K,,,,missingreplog_J16320-4751.csv,,,Data replog,,,J16320-4751,True,IR
ir031009.0003        [2,J16320-4751,16:32:1.81,-47:52:27,2003-10-09,23:31:19,2452922.4801,30.1,1.37,K,K,,,,missingreplog_J16320-4751.csv,,,Data replog,,,J16320-4751,True,IR
ir031009.0002        [2,J16320-4751,16:32:1.81,-47:52:27,2003-10-09,23:30:27,2452922.4795,30.1,1.37,K,K,,,,missingreplog_J16320-4751.csv,,,Data replog,,,J16320-4751,True,IR
ir031008.0010        [2,J16320-4751,16:32:2.85,-47:52:30,2003-10-08,23:38:59,2452921.4854,30.0,1.39,K,K,,,,missingreplog_J16320-4751.csv,,,Data replog,,,J16320-4751,True,IR
ir031008.0009        [2,J16320-4751,16:32:2.82,-47:52:30,2003-10-08,23:38:06,2452921.4848,30.0,1.39,K,K,,,,missingreplog_J16320-4751.csv,,,Data replog,,,J16320-4751,True,IR
ir031015.0024        [0,J16320-4751,16:32:1.81,-47:52:28,2003-10-16,00:18:51,2452928.5131,30.1,1.75,K,K,,,,missingreplog_J16320-4751.csv,,,Data replog,,,J16320-4751,True,IR
ir031015.0025        [0,J16320-4751,16:32:1.86,-47:52:28,2003-10-16,00:19:44,2452928.5137,30.0,1.76,K,K,,,,missingreplog_J16320-4751.csv,,,Data replog,,,J16320-4751,True,IR
ir031015.0026        [0,J16320-4751,16:32:1.88,-47:52:28,2003-10-16,00:20:36,2452928.5143,30.0,1.77,K,K,,,,missingreplog_J16320-4751.csv,,,Data replog,,,J16320-4751,True,IR
ir031015.0027        [0,J16320-4751,16:32:1.86,-47:52:28,2003-10-16,00:21:28,2452928.5149,30.0,1.77,K,K,,,,missingreplog_J16320-4751.csv,,,Data replog,,,J16320-4751,True,IR
ir031019.0009        [2,J16320-4751,16:32:1.06,-47:52:29,2003-10-19,23:51:41,2452932.4942,30.0,1.67,K,K,,,,missingreplog_J16320-4751.csv,,,Data replog,,,J16320-4751,True,IR
ir031019.0008        [2,J16320-4751,16:32:1.08,-47:52:29,2003-10-19,23:50:49,2452932.4936,30.0,1.67,K,K,,,,missingreplog_J16320-4751.csv,,,Data replog,,,J16320-4751,True,IR
ir031019.0007        [2,J16320-4751,16:32:1.08,-47:52:28,2003-10-19,23:49:57,2452932.493,30.1,1.66,K,K,,,,missingreplog_J16320-4751.csv,,,Data replog,,,J16320-4751,True,IR
ir031019.0006        [2,J16320-4751,16:32:1.07,-47:52:29,2003-10-19,23:49:04,2452932.4924,30.1,1.66,K,K,,,,missingreplog_J16320-4751.csv,,,Data replog,,,J16320-4751,True,IR
ir031019.0005        [2,J16320-4751,16:32:1.05,-47:52:28,2003-10-19,23:48:12,2452932.4918,30.1,1.65,K,K,,,,missingreplog_J16320-4751.csv,,,Data replog,,,J16320-4751,True,IR
ir031019.0004        [2,J16320-4751,16:32:1.03,-47:52:28,2003-10-19,23:47:20,2452932.4912,30.1,1.65,K,K,,,,missingreplog_J16320-4751.csv,,,Data replog,,,J16320-4751,True,IR
ir031019.0003        [2,J16320-4751,16:32:1.03,-47:52:28,2003-10-19,23:46:27,2452932.4906,30.1,1.64,K,K,,,,missingreplog_J16320-4751.csv,,,Data replog,,,J16320-4751,True,IR
ir031019.0002        [2,J16320-4751,16:32:0.99,-47:52:28,2003-10-19,23:45:34,2452932.49,30.1,1.64,K,K,,,,missingreplog_J16320-4751.csv,,,Data replog,,,J16320-4751,True,IR
ir031019.0001        [2,J16320-4751,16:32:1.01,-47:52:28,2003-10-19,23:44:41,2452932.4894,30.0,1.63,K,K,,,,missingreplog_J16320-4751.csv,,,Data replog,,,J16320-4751,True,IR
ir031017.0010        [0,J16320-4751,16:32:1.90,-47:52:22,2003-10-18,00:09:55,2452930.5069,30.0,1.75,K,K,,,,missingreplog_J16320-4751.csv,,,Data replog,,,J16320-4751,True,IR
ir031017.0009        [0,J16320-4751,16:32:1.89,-47:52:21,2003-10-18,00:09:02,2452930.5063,30.0,1.74,K,K,,,,missingreplog_J16320-4751.csv,,,Data replog,,,J16320-4751,True,IR
ir031017.0008        [0,J16320-4751,16:32:1.91,-47:52:21,2003-10-18,00:08:10,2452930.5057,30.0,1.73,K,K,,,,missingreplog_J16320-4751.csv,,,Data replog,,,J16320-4751,True,IR
ir031017.0007        [0,J16320-4751,16:32:1.83,-47:52:21,2003-10-18,00:07:18,2452930.5051,30.0,1.73,K,K,,,,missingreplog_J16320-4751.csv,,,Data replog,,,J16320-4751,True,IR
ir031017.0006        [0,J16320-4751,16:32:1.83,-47:52:21,2003-10-18,00:06:25,2452930.5045,30.0,1.72,K,K,,,,missingreplog_J16320-4751.csv,,,Data replog,,,J16320-4751,True,IR
ir031017.0005        [0,J16320-4751,16:32:1.81,-47:52:21,2003-10-18,00:05:32,2452930.5038,30.1,1.71,K,K,,,,missingreplog_J16320-4751.csv,,,Data replog,,,J16320-4751,True,IR
ir031017.0004        [0,J16320-4751,16:32:1.78,-47:52:21,2003-10-18,00:04:40,2452930.5033,30.1,1.71,K,K,,,,missingreplog_J16320-4751.csv,,,Data replog,,,J16320-4751,True,IR
ir031017.0003        [0,J16320-4751,16:32:1.77,-47:52:21,2003-10-18,00:03:48,2452930.5026,30.0,1.7,K,K,,,,missingreplog_J16320-4751.csv,,,Data replog,,,J16320-4751,True,IR
ir031017.0002        [0,J16320-4751,16:32:1.70,-47:52:21,2003-10-18,00:02:55,2452930.502,30.1,1.7,K,K,,,,missingreplog_J16320-4751.csv,,,Data replog,,,J16320-4751,True,IR
ir031017.0001        [0,J16320-4751,16:32:1.70,-47:52:22,2003-10-18,00:02:02,2452930.5014,30.0,1.69,K,K,,,,missingreplog_J16320-4751.csv,,,Data replog,,,J16320-4751,True,IR
ir031015.0031        [0,J16320-4751,16:32:2.01,-47:52:29,2003-10-16,00:24:58,2452928.5173,30.1,1.8,K,K,,,,missingreplog_J16320-4751.csv,,,Data replog,,,J16320-4751,True,IR
ir031015.0030        [0,J16320-4751,16:32:2.00,-47:52:29,2003-10-16,00:24:05,2452928.5167,30.0,1.79,K,K,,,,missingreplog_J16320-4751.csv,,,Data replog,,,J16320-4751,True,IR
ir031015.0029        [0,J16320-4751,16:32:1.95,-47:52:28,2003-10-16,00:23:13,2452928.5161,30.1,1.79,K,K,,,,missingreplog_J16320-4751.csv,,,Data replog,,,J16320-4751,True,IR
ir031015.0028        [0,J16320-4751,16:32:1.90,-47:52:28,2003-10-16,00:22:21,2452928.5155,30.1,1.78,K,K,,,,missingreplog_J16320-4751.csv,,,Data replog,,,J16320-4751,True,IR
ir031008.0008        [2,J16320-4751,16:32:2.79,-47:52:31,2003-10-08,23:37:14,2452921.4842,30.1,1.38,K,K,,,,missingreplog_J16320-4751.csv,,,Data replog,,,J16320-4751,True,IR
ir031008.0007        [2,J16320-4751,16:32:2.77,-47:52:30,2003-10-08,23:36:22,2452921.4836,30.0,1.38,K,K,,,,missingreplog_J16320-4751.csv,,,Data replog,,,J16320-4751,True,IR
ir031008.0006        [2,J16320-4751,16:32:2.78,-47:52:30,2003-10-08,23:35:29,2452921.483,30.0,1.38,K,K,,,,missingreplog_J16320-4751.csv,,,Data replog,,,J16320-4751,True,IR
ir031004.0077        [0,J16320-4751,16:32:2.80,-47:52:31,2003-10-05,00:52:27,2452917.5364,30.0,1.69,K,K,,,,missingreplog_J16320-4751.csv,,,Data replog,,,J16320-4751,True,IR
ir031004.0075        [0,J16320-4751,16:32:2.78,-47:52:31,2003-10-05,00:50:44,2452917.5352,30.1,1.67,K,K,,,,missingreplog_J16320-4751.csv,,,Data replog,,,J16320-4751,True,IR
ir031004.0074        [0,J16320-4751,16:32:2.79,-47:52:31,2003-10-05,00:49:52,2452917.5346,30.0,1.67,K,K,,,,missingreplog_J16320-4751.csv,,,Data replog,,,J16320-4751,True,IR
ir031004.0073        [0,J16320-4751,16:32:2.76,-47:52:31,2003-10-05,00:49:00,2452917.534,30.1,1.66,K,K,,,,missingreplog_J16320-4751.csv,,,Data replog,,,J16320-4751,True,IR
ir031004.0072        [0,J16320-4751,16:32:2.75,-47:52:31,2003-10-05,00:48:08,2452917.5334,30.1,1.66,K,K,,,,missingreplog_J16320-4751.csv,,,Data replog,,,J16320-4751,True,IR
ir031004.0071        [0,J16320-4751,16:32:2.76,-47:52:30,2003-10-05,00:47:16,2452917.5328,30.1,1.65,K,K,,,,missingreplog_J16320-4751.csv,,,Data replog,,,J16320-4751,True,IR
ir031004.0070        [0,J16320-4751,16:32:2.73,-47:52:30,2003-10-05,00:46:23,2452917.5322,30.0,1.65,K,K,,,,missingreplog_J16320-4751.csv,,,Data replog,,,J16320-4751,True,IR
ir031004.0069        [0,J16320-4751,16:32:2.82,-47:52:30,2003-10-05,00:45:32,2452917.5316,30.0,1.64,K,K,,,,missingreplog_J16320-4751.csv,,,Data replog,,,J16320-4751,True,IR
ir031003.0090        [0,J16320-4751,16:32:1.90,-47:52:19,2003-10-04,00:27:24,2452916.519,30.1,1.52,K,K,,,,missingreplog_J16320-4751.csv,,,Data replog,,,J16320-4751,True,IR
ir031003.0089        [0,J16320-4751,16:32:1.92,-47:52:19,2003-10-04,00:26:31,2452916.5184,30.0,1.51,K,K,,,,missingreplog_J16320-4751.csv,,,Data replog,,,J16320-4751,True,IR
ir031003.0088        [0,J16320-4751,16:32:1.95,-47:52:19,2003-10-04,00:25:39,2452916.5178,30.0,1.51,K,K,,,,missingreplog_J16320-4751.csv,,,Data replog,,,J16320-4751,True,IR
ir031003.0087        [0,J16320-4751,16:32:1.99,-47:52:19,2003-10-04,00:24:47,2452916.5172,30.1,1.5,K,K,,,,missingreplog_J16320-4751.csv,,,Data replog,,,J16320-4751,True,IR
ir031003.0086        [0,J16320-4751,16:32:1.97,-47:52:19,2003-10-04,00:23:55,2452916.5166,30.1,1.5,K,K,,,,missingreplog_J16320-4751.csv,,,Data replog,,,J16320-4751,True,IR
ir031003.0085        [0,J16320-4751,16:32:2.02,-47:52:18,2003-10-04,00:23:02,2452916.516,30.1,1.5,K,K,,,,missingreplog_J16320-4751.csv,,,Data replog,,,J16320-4751,True,IR
ir031003.0084        [0,J16320-4751,16:32:2.04,-47:52:18,2003-10-04,00:22:09,2452916.5154,30.0,1.49,K,K,,,,missingreplog_J16320-4751.csv,,,Data replog,,,J16320-4751,True,IR
ir031003.0083        [0,J16320-4751,16:32:2.06,-47:52:18,2003-10-04,00:21:17,2452916.5148,30.1,1.49,K,K,,,,missingreplog_J16320-4751.csv,,,Data replog,,,J16320-4751,True,IR
ir031003.0082        [0,J16320-4751,16:32:2.07,-47:52:18,2003-10-04,00:20:24,2452916.5142,30.1,1.48,K,K,,,,missingreplog_J16320-4751.csv,,,Data replog,,,J16320-4751,True,IR
ir031003.0081        [0,J16320-4751,16:32:2.10,-47:52:18,2003-10-04,00:19:32,2452916.5136,30.1,1.48,K,K,,,,missingreplog_J16320-4751.csv,,,Data replog,,,J16320-4751,True,IR
ir031002.0090        [0,J16320-4751,16:32:2.17,-47:52:23,2003-10-03,00:29:03,2452915.5202,30.1,1.51,K,K,,,,missingreplog_J16320-4751.csv,,,Data replog,,,J16320-4751,True,IR
ir031002.0089        [0,J16320-4751,16:32:2.21,-47:52:22,2003-10-03,00:28:11,2452915.5196,30.1,1.5,K,K,,,,missingreplog_J16320-4751.csv,,,Data replog,,,J16320-4751,True,IR
ir031002.0088        [0,J16320-4751,16:32:2.23,-47:52:22,2003-10-03,00:27:19,2452915.519,30.0,1.5,K,K,,,,missingreplog_J16320-4751.csv,,,Data replog,,,J16320-4751,True,IR
ir031002.0087        [0,J16320-4751,16:32:2.26,-47:52:22,2003-10-03,00:26:27,2452915.5184,30.0,1.49,K,K,,,,missingreplog_J16320-4751.csv,,,Data replog,,,J16320-4751,True,IR
ir031002.0086        [0,J16320-4751,16:32:2.22,-47:52:22,2003-10-03,00:25:35,2452915.5178,30.0,1.49,K,K,,,,missingreplog_J16320-4751.csv,,,Data replog,,,J16320-4751,True,IR
ir031002.0085        [0,J16320-4751,16:32:2.29,-47:52:22,2003-10-03,00:24:43,2452915.5172,30.0,1.48,K,K,,,,missingreplog_J16320-4751.csv,,,Data replog,,,J16320-4751,True,IR
ir031004.0076        [0,J16320-4751,16:32:2.80,-47:52:31,2003-10-05,00:51:35,2452917.5358,30.0,1.68,K,K,,,,missingreplog_J16320-4751.csv,,,Data replog,,,J16320-4751,True,IR
ir031004.0078        [0,J16320-4751,16:32:2.78,-47:52:32,2003-10-05,00:53:20,2452917.537,30.1,1.69,K,K,,,,missingreplog_J16320-4751.csv,,,Data replog,,,J16320-4751,True,IR
ir031008.0005        [2,J16320-4751,16:32:2.74,-47:52:31,2003-10-08,23:34:37,2452921.4824,30.1,1.37,K,K,,,,missingreplog_J16320-4751.csv,,,Data replog,,,J16320-4751,True,IR
ir031005.0057        [0,J16320-4751,16:32:2.61,-47:52:34,2003-10-06,00:02:45,2452918.5019,30.0,1.44,K,K,,,,missingreplog_J16320-4751.csv,,,Data replog,,,J16320-4751,True,IR
ir031008.0004        [2,J16320-4751,16:32:2.75,-47:52:31,2003-10-08,23:33:44,2452921.4818,30.0,1.37,K,K,,,,missingreplog_J16320-4751.csv,,,Data replog,,,J16320-4751,True,IR
ir031008.0003        [2,J16320-4751,16:32:2.75,-47:52:31,2003-10-08,23:32:52,2452921.4812,30.0,1.37,K,K,,,,missingreplog_J16320-4751.csv,,,Data replog,,,J16320-4751,True,IR
ir031008.0002        [2,J16320-4751,16:32:2.71,-47:52:31,2003-10-08,23:31:59,2452921.4805,30.0,1.36,K,K,,,,missingreplog_J16320-4751.csv,,,Data replog,,,J16320-4751,True,IR
ir031008.0001        [2,J16320-4751,16:32:2.72,-47:52:31,2003-10-08,23:31:07,2452921.48,30.0,1.36,K,K,,,,missingreplog_J16320-4751.csv,,,Data replog,,,J16320-4751,True,IR
ir031006.0046        [0,J16320-4751,16:32:1.52,-47:52:26,2003-10-07,00:05:34,2452919.5039,30.0,1.47,K,K,,,,missingreplog_J16320-4751.csv,,,Data replog,,,J16320-4751,True,IR
ir031006.0045        [0,J16320-4751,16:32:1.53,-47:52:26,2003-10-07,00:04:42,2452919.5033,30.0,1.46,K,K,,,,missingreplog_J16320-4751.csv,,,Data replog,,,J16320-4751,True,IR
ir031006.0044        [0,J16320-4751,16:32:1.57,-47:52:26,2003-10-07,00:03:50,2452919.5027,30.1,1.46,K,K,,,,missingreplog_J16320-4751.csv,,,Data replog,,,J16320-4751,True,IR
ir031006.0043        [0,J16320-4751,16:32:1.58,-47:52:26,2003-10-07,00:02:58,2452919.5021,30.0,1.46,K,K,,,,missingreplog_J16320-4751.csv,,,Data replog,,,J16320-4751,True,IR
ir031006.0042        [0,J16320-4751,16:32:1.62,-47:52:27,2003-10-07,00:02:05,2452919.5014,30.1,1.45,K,K,,,,missingreplog_J16320-4751.csv,,,Data replog,,,J16320-4751,True,IR
ir031006.0041        [0,J16320-4751,16:32:1.60,-47:52:27,2003-10-07,00:01:12,2452919.5008,30.1,1.45,K,K,,,,missingreplog_J16320-4751.csv,,,Data replog,,,J16320-4751,True,IR
ir031006.0040        [0,J16320-4751,16:32:1.64,-47:52:26,2003-10-07,00:00:20,2452919.5002,30.0,1.44,K,K,,,,missingreplog_J16320-4751.csv,,,Data replog,,,J16320-4751,True,IR
ir031006.0039        [0,J16320-4751,16:32:1.66,-47:52:27,2003-10-06,23:59:28,2452919.4996,30.0,1.44,K,K,,,,missingreplog_J16320-4751.csv,,,Data replog,,,J16320-4751,True,IR
ir031006.0038        [2,J16320-4751,16:32:1.67,-47:52:27,2003-10-06,23:58:35,2452919.499,30.0,1.44,K,K,,,,missingreplog_J16320-4751.csv,,,Data replog,,,J16320-4751,True,IR
ir031006.0037        [2,J16320-4751,16:32:1.72,-47:52:27,2003-10-06,23:57:43,2452919.4984,30.0,1.43,K,K,,,,missingreplog_J16320-4751.csv,,,Data replog,,,J16320-4751,True,IR
ir031005.0066        [0,J16320-4751,16:32:2.45,-47:52:34,2003-10-06,00:10:36,2452918.5074,30.1,1.47,K,K,,,,missingreplog_J16320-4751.csv,,,Data replog,,,J16320-4751,True,IR
ir031005.0065        [0,J16320-4751,16:32:2.52,-47:52:34,2003-10-06,00:09:43,2452918.5068,30.0,1.47,K,K,,,,missingreplog_J16320-4751.csv,,,Data replog,,,J16320-4751,True,IR
ir031005.0064        [0,J16320-4751,16:32:2.53,-47:52:34,2003-10-06,00:08:51,2452918.5061,30.0,1.47,K,K,,,,missingreplog_J16320-4751.csv,,,Data replog,,,J16320-4751,True,IR
ir031005.0063        [0,J16320-4751,16:32:2.54,-47:52:34,2003-10-06,00:07:59,2452918.5055,30.1,1.46,K,K,,,,missingreplog_J16320-4751.csv,,,Data replog,,,J16320-4751,True,IR
ir031005.0062        [0,J16320-4751,16:32:2.59,-47:52:34,2003-10-06,00:07:07,2452918.5049,30.0,1.46,K,K,,,,missingreplog_J16320-4751.csv,,,Data replog,,,J16320-4751,True,IR
ir031005.0061        [0,J16320-4751,16:32:2.57,-47:52:34,2003-10-06,00:06:14,2452918.5043,30.0,1.45,K,K,,,,missingreplog_J16320-4751.csv,,,Data replog,,,J16320-4751,True,IR
ir031005.0060        [0,J16320-4751,16:32:2.56,-47:52:34,2003-10-06,00:05:22,2452918.5037,30.0,1.45,K,K,,,,missingreplog_J16320-4751.csv,,,Data replog,,,J16320-4751,True,IR
ir031005.0059        [0,J16320-4751,16:32:2.62,-47:52:34,2003-10-06,00:04:29,2452918.5031,30.0,1.45,K,K,,,,missingreplog_J16320-4751.csv,,,Data replog,,,J16320-4751,True,IR
ir031005.0058        [0,J16320-4751,16:32:2.64,-47:52:34,2003-10-06,00:03:37,2452918.5025,30.0,1.44,K,K,,,,missingreplog_J16320-4751.csv,,,Data replog,,,J16320-4751,True,IR
ir030910.0139        [0,J16320-4751,16:32:2.00,-47:52:23,2003-09-11,01:41:36,2452893.5706,30.0,1.44,K,K,,,,missingreplog_J16320-4751.csv,,,Data replog,,,J16320-4751,True,IR
ir030910.0137        [0,J16320-4751,16:32:2.02,-47:52:22,2003-09-11,01:39:50,2452893.5693,30.0,1.43,K,K,,,,missingreplog_J16320-4751.csv,,,Data replog,,,J16320-4751,True,IR
ir030803.0074        [0,J16320-4751,16:32:1.81,-47:52:27,2003-08-04,01:18:02,2452855.5542,30.0,1.07,K,K,,,,missingreplog_J16320-4751.csv,,,Data replog,,,J16320-4751,True,IR
ir030817.0156        [0,J16320-4751,16:32:1.77,-47:52:28,2003-08-18,01:36:44,2452869.5672,30.0,1.15,K,K,,,,missingreplog_J16320-4751.csv,,,Data replog,,,J16320-4751,True,IR
ir030818.0239        [0,J16320-4751,16:32:1.71,-47:52:28,2003-08-19,02:27:54,2452870.6027,30.0,1.28,K,K,,,,missingreplog_J16320-4751.csv,,,Data replog,,,J16320-4751,True,IR
ir030818.0238        [0,J16320-4751,16:32:1.72,-47:52:28,2003-08-19,02:27:01,2452870.6021,30.1,1.28,K,K,,,,missingreplog_J16320-4751.csv,,,Data replog,,,J16320-4751,True,IR
ir030818.0237        [0,J16320-4751,16:32:1.72,-47:52:28,2003-08-19,02:26:09,2452870.6015,30.0,1.28,K,K,,,,missingreplog_J16320-4751.csv,,,Data replog,,,J16320-4751,True,IR
ir030818.0236        [0,J16320-4751,16:32:1.73,-47:52:28,2003-08-19,02:25:17,2452870.6009,30.1,1.27,K,K,,,,missingreplog_J16320-4751.csv,,,Data replog,,,J16320-4751,True,IR
ir030817.0163        [0,J16320-4751,16:32:1.77,-47:52:27,2003-08-18,01:42:52,2452869.5714,30.1,1.16,K,K,,,,missingreplog_J16320-4751.csv,,,Data replog,,,J16320-4751,True,IR
ir030817.0162        [0,J16320-4751,16:32:1.79,-47:52:27,2003-08-18,01:41:59,2452869.5708,30.0,1.16,K,K,,,,missingreplog_J16320-4751.csv,,,Data replog,,,J16320-4751,True,IR
ir030817.0161        [0,J16320-4751,16:32:1.76,-47:52:27,2003-08-18,01:41:07,2452869.5702,30.1,1.16,K,K,,,,missingreplog_J16320-4751.csv,,,Data replog,,,J16320-4751,True,IR
ir030817.0160        [0,J16320-4751,16:32:1.77,-47:52:27,2003-08-18,01:40:15,2452869.5696,30.1,1.16,K,K,,,,missingreplog_J16320-4751.csv,,,Data replog,,,J16320-4751,True,IR
ir030817.0159        [0,J16320-4751,16:32:1.79,-47:52:27,2003-08-18,01:39:22,2452869.569,30.1,1.16,K,K,,,,missingreplog_J16320-4751.csv,,,Data replog,,,J16320-4751,True,IR
ir030817.0158        [0,J16320-4751,16:32:1.77,-47:52:27,2003-08-18,01:38:29,2452869.5684,30.1,1.16,K,K,,,,missingreplog_J16320-4751.csv,,,Data replog,,,J16320-4751,True,IR
ir030817.0157        [0,J16320-4751,16:32:1.76,-47:52:27,2003-08-18,01:37:36,2452869.5678,30.0,1.15,K,K,,,,missingreplog_J16320-4751.csv,,,Data replog,,,J16320-4751,True,IR
ir030817.0155        [0,J16320-4751,16:32:1.75,-47:52:28,2003-08-18,01:35:50,2452869.5666,30.1,1.15,K,K,,,,missingreplog_J16320-4751.csv,,,Data replog,,,J16320-4751,True,IR
ir030815.0255        [0,J16320-4751,16:32:1.82,-47:52:28,2003-08-16,03:11:35,2452867.633,30.0,1.39,K,K,,,,missingreplog_J16320-4751.csv,,,Data replog,,,J16320-4751,True,IR
ir030817.0154        [0,J16320-4751,16:32:1.73,-47:52:28,2003-08-18,01:34:58,2452869.566,30.0,1.15,K,K,,,,missingreplog_J16320-4751.csv,,,Data replog,,,J16320-4751,True,IR
ir030816.0244        [0,J16320-4751,16:32:1.76,-47:52:29,2003-08-17,02:38:04,2452868.6098,30.1,1.29,K,K,,,,missingreplog_J16320-4751.csv,,,Data replog,,,J16320-4751,True,IR
ir030816.0243        [0,J16320-4751,16:32:1.75,-47:52:29,2003-08-17,02:37:11,2452868.6092,30.0,1.29,K,K,,,,missingreplog_J16320-4751.csv,,,Data replog,,,J16320-4751,True,IR
ir030816.0242        [0,J16320-4751,16:32:1.79,-47:52:29,2003-08-17,02:36:19,2452868.6086,30.0,1.28,K,K,,,,missingreplog_J16320-4751.csv,,,Data replog,,,J16320-4751,True,IR
ir030816.0241        [0,J16320-4751,16:32:1.78,-47:52:29,2003-08-17,02:35:27,2452868.608,30.0,1.28,K,K,,,,missingreplog_J16320-4751.csv,,,Data replog,,,J16320-4751,True,IR
ir030816.0240        [0,J16320-4751,16:32:1.77,-47:52:29,2003-08-17,02:34:34,2452868.6074,30.1,1.28,K,K,,,,missingreplog_J16320-4751.csv,,,Data replog,,,J16320-4751,True,IR
ir030816.0239        [0,J16320-4751,16:32:1.79,-47:52:29,2003-08-17,02:33:42,2452868.6067,30.0,1.27,K,K,,,,missingreplog_J16320-4751.csv,,,Data replog,,,J16320-4751,True,IR
ir030816.0238        [0,J16320-4751,16:32:1.74,-47:52:29,2003-08-17,02:32:50,2452868.6061,30.0,1.27,K,K,,,,missingreplog_J16320-4751.csv,,,Data replog,,,J16320-4751,True,IR
ir030816.0237        [0,J16320-4751,16:32:1.73,-47:52:28,2003-08-17,02:31:57,2452868.6055,30.1,1.27,K,K,,,,missingreplog_J16320-4751.csv,,,Data replog,,,J16320-4751,True,IR
ir030816.0236        [0,J16320-4751,16:32:1.74,-47:52:28,2003-08-17,02:31:04,2452868.6049,30.0,1.27,K,K,,,,missingreplog_J16320-4751.csv,,,Data replog,,,J16320-4751,True,IR
ir030816.0235        [0,J16320-4751,16:32:1.73,-47:52:28,2003-08-17,02:30:12,2452868.6043,30.1,1.26,K,K,,,,missingreplog_J16320-4751.csv,,,Data replog,,,J16320-4751,True,IR
ir030818.0240        [0,J16320-4751,16:32:1.70,-47:52:28,2003-08-19,02:28:46,2452870.6033,30.1,1.28,K,K,,,,missingreplog_J16320-4751.csv,,,Data replog,,,J16320-4751,True,IR
ir030818.0241        [0,J16320-4751,16:32:1.65,-47:52:28,2003-08-19,02:29:39,2452870.6039,30.0,1.29,K,K,,,,missingreplog_J16320-4751.csv,,,Data replog,,,J16320-4751,True,IR
ir030818.0242        [0,J16320-4751,16:32:1.64,-47:52:28,2003-08-19,02:30:32,2452870.6045,30.0,1.29,K,K,,,,missingreplog_J16320-4751.csv,,,Data replog,,,J16320-4751,True,IR
ir030818.0243        [0,J16320-4751,16:32:1.60,-47:52:28,2003-08-19,02:31:24,2452870.6052,30.0,1.29,K,K,,,,missingreplog_J16320-4751.csv,,,Data replog,,,J16320-4751,True,IR
ir030821.0223        [0,J16320-4751,16:32:1.95,-47:52:22,2003-08-22,02:37:40,2452873.6095,30.1,1.35,K,K,,,,missingreplog_J16320-4751.csv,,,Data replog,,,J16320-4751,True,IR
ir030820.0208        [0,J16320-4751,16:32:1.75,-47:52:29,2003-08-21,02:32:25,2452872.6058,30.1,1.32,K,K,,,,missingreplog_J16320-4751.csv,,,Data replog,,,J16320-4751,True,IR
ir030820.0207        [0,J16320-4751,16:32:1.76,-47:52:29,2003-08-21,02:31:32,2452872.6052,30.1,1.32,K,K,,,,missingreplog_J16320-4751.csv,,,Data replog,,,J16320-4751,True,IR
ir030820.0206        [0,J16320-4751,16:32:1.78,-47:52:29,2003-08-21,02:30:40,2452872.6046,30.0,1.31,K,K,,,,missingreplog_J16320-4751.csv,,,Data replog,,,J16320-4751,True,IR
ir030820.0205        [0,J16320-4751,16:32:1.75,-47:52:28,2003-08-21,02:29:48,2452872.604,30.0,1.31,K,K,,,,missingreplog_J16320-4751.csv,,,Data replog,,,J16320-4751,True,IR
ir030820.0204        [0,J16320-4751,16:32:1.76,-47:52:28,2003-08-21,02:28:55,2452872.6034,30.0,1.31,K,K,,,,missingreplog_J16320-4751.csv,,,Data replog,,,J16320-4751,True,IR
ir030820.0203        [0,J16320-4751,16:32:1.76,-47:52:28,2003-08-21,02:28:03,2452872.6028,30.0,1.31,K,K,,,,missingreplog_J16320-4751.csv,,,Data replog,,,J16320-4751,True,IR
ir030820.0202        [0,J16320-4751,16:32:1.75,-47:52:28,2003-08-21,02:27:11,2452872.6022,30.1,1.3,K,K,,,,missingreplog_J16320-4751.csv,,,Data replog,,,J16320-4751,True,IR
ir030820.0201        [0,J16320-4751,16:32:1.75,-47:52:28,2003-08-21,02:26:18,2452872.6016,30.0,1.3,K,K,,,,missingreplog_J16320-4751.csv,,,Data replog,,,J16320-4751,True,IR
ir030820.0200        [0,J16320-4751,16:32:1.77,-47:52:28,2003-08-21,02:25:25,2452872.601,30.0,1.3,K,K,,,,missingreplog_J16320-4751.csv,,,Data replog,,,J16320-4751,True,IR
ir030820.0199        [0,J16320-4751,16:32:1.74,-47:52:28,2003-08-21,02:24:33,2452872.6004,30.0,1.29,K,K,,,,missingreplog_J16320-4751.csv,,,Data replog,,,J16320-4751,True,IR
ir030819.0268        [0,J16320-4751,16:32:1.74,-47:52:29,2003-08-20,02:39:14,2452871.6106,30.1,1.33,K,K,,,,missingreplog_J16320-4751.csv,,,Data replog,,,J16320-4751,True,IR
ir030819.0267        [0,J16320-4751,16:32:1.73,-47:52:29,2003-08-20,02:38:21,2452871.61,30.0,1.33,K,K,,,,missingreplog_J16320-4751.csv,,,Data replog,,,J16320-4751,True,IR
ir030819.0266        [0,J16320-4751,16:32:1.72,-47:52:29,2003-08-20,02:37:29,2452871.6094,30.1,1.32,K,K,,,,missingreplog_J16320-4751.csv,,,Data replog,,,J16320-4751,True,IR
ir030819.0265        [0,J16320-4751,16:32:1.72,-47:52:29,2003-08-20,02:36:37,2452871.6088,30.0,1.32,K,K,,,,missingreplog_J16320-4751.csv,,,Data replog,,,J16320-4751,True,IR
ir030819.0264        [0,J16320-4751,16:32:1.75,-47:52:29,2003-08-20,02:35:44,2452871.6082,30.1,1.32,K,K,,,,missingreplog_J16320-4751.csv,,,Data replog,,,J16320-4751,True,IR
ir030819.0263        [0,J16320-4751,16:32:1.73,-47:52:29,2003-08-20,02:34:51,2452871.6075,30.0,1.31,K,K,,,,missingreplog_J16320-4751.csv,,,Data replog,,,J16320-4751,True,IR
ir030819.0262        [0,J16320-4751,16:32:1.76,-47:52:29,2003-08-20,02:33:59,2452871.6069,30.0,1.31,K,K,,,,missingreplog_J16320-4751.csv,,,Data replog,,,J16320-4751,True,IR
ir030819.0261        [0,J16320-4751,16:32:1.74,-47:52:29,2003-08-20,02:33:06,2452871.6063,30.0,1.31,K,K,,,,missingreplog_J16320-4751.csv,,,Data replog,,,J16320-4751,True,IR
ir030819.0260        [0,J16320-4751,16:32:1.75,-47:52:29,2003-08-20,02:32:13,2452871.6057,30.1,1.31,K,K,,,,missingreplog_J16320-4751.csv,,,Data replog,,,J16320-4751,True,IR
ir030819.0259        [0,J16320-4751,16:32:1.74,-47:52:28,2003-08-20,02:31:21,2452871.6051,30.0,1.3,K,K,,,,missingreplog_J16320-4751.csv,,,Data replog,,,J16320-4751,True,IR
ir030818.0245        [0,J16320-4751,16:32:1.54,-47:52:28,2003-08-19,02:33:09,2452870.6064,30.0,1.3,K,K,,,,missingreplog_J16320-4751.csv,,,Data replog,,,J16320-4751,True,IR
ir030818.0244        [0,J16320-4751,16:32:1.58,-47:52:28,2003-08-19,02:32:16,2452870.6058,30.1,1.29,K,K,,,,missingreplog_J16320-4751.csv,,,Data replog,,,J16320-4751,True,IR
ir030815.0256        [0,J16320-4751,16:32:1.86,-47:52:28,2003-08-16,03:12:29,2452867.6337,30.1,1.39,K,K,,,,missingreplog_J16320-4751.csv,,,Data replog,,,J16320-4751,True,IR
ir030815.0254        [0,J16320-4751,16:32:1.86,-47:52:28,2003-08-16,03:10:44,2452867.6324,30.0,1.39,K,K,,,,missingreplog_J16320-4751.csv,,,Data replog,,,J16320-4751,True,IR
ir030910.0136        [0,J16320-4751,16:32:2.02,-47:52:23,2003-09-11,01:38:58,2452893.5687,30.0,1.43,K,K,,,,missingreplog_J16320-4751.csv,,,Data replog,,,J16320-4751,True,IR
ir030804.0076        [0,J16320-4751,16:32:1.75,-47:52:27,2003-08-05,01:44:16,2452856.5724,30.0,1.09,K,K,,,,missingreplog_J16320-4751.csv,,,Data replog,,,J16320-4751,True,IR
ir030809.0068        [0,J16320-4751,16:32:2.04,-47:52:27,2003-08-10,00:43:20,2452861.5301,30.0,1.06,K,K,,,,missingreplog_J16320-4751.csv,,,Data replog,,,J16320-4751,True,IR
ir030809.0067        [0,J16320-4751,16:32:1.98,-47:52:27,2003-08-10,00:42:29,2452861.5295,30.1,1.06,K,K,,,,missingreplog_J16320-4751.csv,,,Data replog,,,J16320-4751,True,IR
ir030809.0066        [0,J16320-4751,16:32:1.96,-47:52:27,2003-08-10,00:41:37,2452861.5289,30.1,1.06,K,K,,,,missingreplog_J16320-4751.csv,,,Data replog,,,J16320-4751,True,IR
ir030809.0065        [0,J16320-4751,16:32:1.94,-47:52:27,2003-08-10,00:40:44,2452861.5283,30.0,1.06,K,K,,,,missingreplog_J16320-4751.csv,,,Data replog,,,J16320-4751,True,IR
ir030809.0064        [0,J16320-4751,16:32:1.90,-47:52:27,2003-08-10,00:39:51,2452861.5277,30.1,1.06,K,K,,,,missingreplog_J16320-4751.csv,,,Data replog,,,J16320-4751,True,IR
ir030809.0063        [0,J16320-4751,16:32:1.87,-47:52:28,2003-08-10,00:38:59,2452861.5271,30.1,1.06,K,K,,,,missingreplog_J16320-4751.csv,,,Data replog,,,J16320-4751,True,IR
ir030809.0062        [0,J16320-4751,16:32:1.86,-47:52:28,2003-08-10,00:38:06,2452861.5265,30.1,1.06,K,K,,,,missingreplog_J16320-4751.csv,,,Data replog,,,J16320-4751,True,IR
ir030809.0061        [0,J16320-4751,16:32:1.81,-47:52:28,2003-08-10,00:37:14,2452861.5259,30.0,1.06,K,K,,,,missingreplog_J16320-4751.csv,,,Data replog,,,J16320-4751,True,IR
ir030809.0060        [0,J16320-4751,16:32:1.78,-47:52:28,2003-08-10,00:36:21,2452861.5252,30.0,1.06,K,K,,,,missingreplog_J16320-4751.csv,,,Data replog,,,J16320-4751,True,IR
ir030804.0078        [0,J16320-4751,16:32:1.81,-47:52:27,2003-08-05,01:46:01,2452856.5736,30.1,1.09,K,K,,,,missingreplog_J16320-4751.csv,,,Data replog,,,J16320-4751,True,IR
ir030804.0077        [0,J16320-4751,16:32:1.77,-47:52:27,2003-08-05,01:45:08,2452856.573,30.1,1.09,K,K,,,,missingreplog_J16320-4751.csv,,,Data replog,,,J16320-4751,True,IR
ir030804.0075        [0,J16320-4751,16:32:1.73,-47:52:27,2003-08-05,01:43:24,2452856.5718,30.0,1.09,K,K,,,,missingreplog_J16320-4751.csv,,,Data replog,,,J16320-4751,True,IR
ir030815.0253        [0,J16320-4751,16:32:1.82,-47:52:28,2003-08-16,03:09:51,2452867.6319,30.0,1.38,K,K,,,,missingreplog_J16320-4751.csv,,,Data replog,,,J16320-4751,True,IR
ir030804.0074        [0,J16320-4751,16:32:1.74,-47:52:27,2003-08-05,01:42:31,2452856.5712,30.0,1.09,K,K,,,,missingreplog_J16320-4751.csv,,,Data replog,,,J16320-4751,True,IR
ir030804.0073        [0,J16320-4751,16:32:1.73,-47:52:27,2003-08-05,01:41:39,2452856.5706,30.1,1.09,K,K,,,,missingreplog_J16320-4751.csv,,,Data replog,,,J16320-4751,True,IR
ir030804.0072        [0,J16320-4751,16:32:1.72,-47:52:28,2003-08-05,01:40:46,2452856.57,30.0,1.09,K,K,,,,missingreplog_J16320-4751.csv,,,Data replog,,,J16320-4751,True,IR
ir030804.0071        [0,J16320-4751,16:32:1.74,-47:52:27,2003-08-05,01:39:54,2452856.5694,30.1,1.09,K,K,,,,missingreplog_J16320-4751.csv,,,Data replog,,,J16320-4751,True,IR
ir030804.0070        [0,J16320-4751,16:32:1.72,-47:52:27,2003-08-05,01:39:01,2452856.5688,30.0,1.09,K,K,,,,missingreplog_J16320-4751.csv,,,Data replog,,,J16320-4751,True,IR
ir030804.0069        [0,J16320-4751,16:32:1.74,-47:52:28,2003-08-05,01:38:09,2452856.5682,30.0,1.09,K,K,,,,missingreplog_J16320-4751.csv,,,Data replog,,,J16320-4751,True,IR
ir030803.0079        [0,J16320-4751,16:32:1.86,-47:52:27,2003-08-04,01:22:24,2452855.5572,30.1,1.07,K,K,,,,missingreplog_J16320-4751.csv,,,Data replog,,,J16320-4751,True,IR
ir030803.0078        [0,J16320-4751,16:32:1.85,-47:52:27,2003-08-04,01:21:31,2452855.5566,30.0,1.07,K,K,,,,missingreplog_J16320-4751.csv,,,Data replog,,,J16320-4751,True,IR
ir030803.0077        [0,J16320-4751,16:32:1.85,-47:52:27,2003-08-04,01:20:39,2452855.556,30.1,1.07,K,K,,,,missingreplog_J16320-4751.csv,,,Data replog,,,J16320-4751,True,IR
ir030803.0076        [0,J16320-4751,16:32:1.81,-47:52:27,2003-08-04,01:19:47,2452855.5554,30.0,1.07,K,K,,,,missingreplog_J16320-4751.csv,,,Data replog,,,J16320-4751,True,IR
ir030803.0075        [0,J16320-4751,16:32:1.83,-47:52:28,2003-08-04,01:18:55,2452855.5548,30.1,1.07,K,K,,,,missingreplog_J16320-4751.csv,,,Data replog,,,J16320-4751,True,IR
ir030809.0069        [0,J16320-4751,16:32:2.07,-47:52:27,2003-08-10,00:44:13,2452861.5307,30.0,1.06,K,K,,,,missingreplog_J16320-4751.csv,,,Data replog,,,J16320-4751,True,IR
ir030813.0237        [0,J16320-4751,16:32:1.61,-47:52:20,2003-08-14,03:39:01,2452865.6521,30.1,1.47,K,K,,,,missingreplog_J16320-4751.csv,,,Data replog,,,J16320-4751,True,IR
ir030813.0238        [0,J16320-4751,16:32:1.61,-47:52:20,2003-08-14,03:39:53,2452865.6527,30.1,1.48,K,K,,,,missingreplog_J16320-4751.csv,,,Data replog,,,J16320-4751,True,IR
ir030813.0239        [0,J16320-4751,16:32:1.63,-47:52:21,2003-08-14,03:40:46,2452865.6533,30.1,1.48,K,K,,,,missingreplog_J16320-4751.csv,,,Data replog,,,J16320-4751,True,IR
ir030815.0252        [0,J16320-4751,16:32:1.81,-47:52:28,2003-08-16,03:08:59,2452867.6313,30.0,1.38,K,K,,,,missingreplog_J16320-4751.csv,,,Data replog,,,J16320-4751,True,IR
ir030815.0251        [0,J16320-4751,16:32:1.78,-47:52:28,2003-08-16,03:08:06,2452867.6306,30.0,1.38,K,K,,,,missingreplog_J16320-4751.csv,,,Data replog,,,J16320-4751,True,IR
ir030815.0250        [0,J16320-4751,16:32:1.76,-47:52:28,2003-08-16,03:07:14,2452867.63,30.1,1.37,K,K,,,,missingreplog_J16320-4751.csv,,,Data replog,,,J16320-4751,True,IR
ir030815.0249        [0,J16320-4751,16:32:1.75,-47:52:28,2003-08-16,03:06:21,2452867.6294,30.1,1.37,K,K,,,,missingreplog_J16320-4751.csv,,,Data replog,,,J16320-4751,True,IR
ir030815.0248        [0,J16320-4751,16:32:1.75,-47:52:28,2003-08-16,03:05:29,2452867.6288,30.0,1.37,K,K,,,,missingreplog_J16320-4751.csv,,,Data replog,,,J16320-4751,True,IR
ir030815.0247        [0,J16320-4751,16:32:1.73,-47:52:28,2003-08-16,03:04:36,2452867.6282,30.1,1.36,K,K,,,,missingreplog_J16320-4751.csv,,,Data replog,,,J16320-4751,True,IR
ir030814.0231        [0,J16320-4751,16:32:1.69,-47:52:28,2003-08-15,02:48:22,2452866.6169,30.0,1.3,K,K,,,,missingreplog_J16320-4751.csv,,,Data replog,,,J16320-4751,True,IR
ir030814.0230        [0,J16320-4751,16:32:1.71,-47:52:28,2003-08-15,02:47:29,2452866.6163,30.0,1.29,K,K,,,,missingreplog_J16320-4751.csv,,,Data replog,,,J16320-4751,True,IR
ir030814.0229        [0,J16320-4751,16:32:1.71,-47:52:28,2003-08-15,02:46:37,2452866.6157,30.0,1.29,K,K,,,,missingreplog_J16320-4751.csv,,,Data replog,,,J16320-4751,True,IR
ir030814.0228        [0,J16320-4751,16:32:1.72,-47:52:28,2003-08-15,02:45:45,2452866.6151,30.0,1.29,K,K,,,,missingreplog_J16320-4751.csv,,,Data replog,,,J16320-4751,True,IR
ir030814.0227        [0,J16320-4751,16:32:1.72,-47:52:28,2003-08-15,02:44:52,2452866.6145,30.0,1.28,K,K,,,,missingreplog_J16320-4751.csv,,,Data replog,,,J16320-4751,True,IR
ir030814.0226        [0,J16320-4751,16:32:1.76,-47:52:28,2003-08-15,02:43:59,2452866.6139,30.0,1.28,K,K,,,,missingreplog_J16320-4751.csv,,,Data replog,,,J16320-4751,True,IR
ir030814.0225        [0,J16320-4751,16:32:1.74,-47:52:28,2003-08-15,02:43:07,2452866.6133,30.1,1.28,K,K,,,,missingreplog_J16320-4751.csv,,,Data replog,,,J16320-4751,True,IR
ir030814.0224        [0,J16320-4751,16:32:1.73,-47:52:28,2003-08-15,02:42:14,2452866.6127,30.0,1.28,K,K,,,,missingreplog_J16320-4751.csv,,,Data replog,,,J16320-4751,True,IR
ir030814.0223        [0,J16320-4751,16:32:1.74,-47:52:28,2003-08-15,02:41:21,2452866.6121,30.1,1.27,K,K,,,,missingreplog_J16320-4751.csv,,,Data replog,,,J16320-4751,True,IR
ir030814.0222        [0,J16320-4751,16:32:1.74,-47:52:28,2003-08-15,02:40:29,2452866.6115,30.0,1.27,K,K,,,,missingreplog_J16320-4751.csv,,,Data replog,,,J16320-4751,True,IR
ir030813.0246        [0,J16320-4751,16:32:1.55,-47:52:22,2003-08-14,03:46:54,2452865.6576,30.0,1.51,K,K,,,,missingreplog_J16320-4751.csv,,,Data replog,,,J16320-4751,True,IR
ir030813.0245        [0,J16320-4751,16:32:1.57,-47:52:22,2003-08-14,03:46:01,2452865.657,30.1,1.51,K,K,,,,missingreplog_J16320-4751.csv,,,Data replog,,,J16320-4751,True,IR
ir030813.0244        [0,J16320-4751,16:32:1.59,-47:52:22,2003-08-14,03:45:09,2452865.6564,30.0,1.5,K,K,,,,missingreplog_J16320-4751.csv,,,Data replog,,,J16320-4751,True,IR
ir030813.0243        [0,J16320-4751,16:32:1.62,-47:52:22,2003-08-14,03:44:17,2452865.6557,30.0,1.5,K,K,,,,missingreplog_J16320-4751.csv,,,Data replog,,,J16320-4751,True,IR
ir030813.0242        [0,J16320-4751,16:32:1.61,-47:52:21,2003-08-14,03:43:24,2452865.6551,30.0,1.49,K,K,,,,missingreplog_J16320-4751.csv,,,Data replog,,,J16320-4751,True,IR
ir030813.0241        [0,J16320-4751,16:32:1.64,-47:52:21,2003-08-14,03:42:31,2452865.6545,30.0,1.49,K,K,,,,missingreplog_J16320-4751.csv,,,Data replog,,,J16320-4751,True,IR
ir030813.0240        [0,J16320-4751,16:32:1.60,-47:52:21,2003-08-14,03:41:39,2452865.6539,30.0,1.49,K,K,,,,missingreplog_J16320-4751.csv,,,Data replog,,,J16320-4751,True,IR
ir030821.0224        [0,J16320-4751,16:32:1.95,-47:52:22,2003-08-22,02:38:32,2452873.6101,30.0,1.35,K,K,,,,missingreplog_J16320-4751.csv,,,Data replog,,,J16320-4751,True,IR
ir030821.0225        [0,J16320-4751,16:32:1.94,-47:52:22,2003-08-22,02:39:25,2452873.6107,30.0,1.36,K,K,,,,missingreplog_J16320-4751.csv,,,Data replog,,,J16320-4751,True,IR
ir030821.0226        [0,J16320-4751,16:32:1.93,-47:52:22,2003-08-22,02:40:18,2452873.6113,30.1,1.36,K,K,,,,missingreplog_J16320-4751.csv,,,Data replog,,,J16320-4751,True,IR
ir030901.0127        [0,J16320-4751,16:32:1.74,-47:52:28,2003-09-02,01:18:05,2452884.5542,30.1,1.24,K,K,,,,missingreplog_J16320-4751.csv,,,Data replog,,,J16320-4751,True,IR
ir030903.0191        [0,J16320-4751,16:32:1.65,-47:52:28,2003-09-04,02:29:21,2452886.6037,30.1,1.54,K,K,,,,missingreplog_J16320-4751.csv,,,Data replog,,,J16320-4751,True,IR
ir030903.0190        [0,J16320-4751,16:32:1.69,-47:52:28,2003-09-04,02:28:28,2452886.6031,30.0,1.53,K,K,,,,missingreplog_J16320-4751.csv,,,Data replog,,,J16320-4751,True,IR
ir030903.0189        [0,J16320-4751,16:32:1.72,-47:52:28,2003-09-04,02:27:36,2452886.6025,30.0,1.53,K,K,,,,missingreplog_J16320-4751.csv,,,Data replog,,,J16320-4751,True,IR
ir030901.0135        [0,J16320-4751,16:32:1.82,-47:52:28,2003-09-02,01:25:03,2452884.5591,30.1,1.26,K,K,,,,missingreplog_J16320-4751.csv,,,Data replog,,,J16320-4751,True,IR
ir030901.0134        [0,J16320-4751,16:32:1.79,-47:52:28,2003-09-02,01:24:10,2452884.5585,30.1,1.26,K,K,,,,missingreplog_J16320-4751.csv,,,Data replog,,,J16320-4751,True,IR
ir030901.0133        [0,J16320-4751,16:32:1.79,-47:52:28,2003-09-02,01:23:19,2452884.5579,30.1,1.25,K,K,,,,missingreplog_J16320-4751.csv,,,Data replog,,,J16320-4751,True,IR
ir030901.0132        [0,J16320-4751,16:32:1.78,-47:52:28,2003-09-02,01:22:26,2452884.5573,30.1,1.25,K,K,,,,missingreplog_J16320-4751.csv,,,Data replog,,,J16320-4751,True,IR
ir030901.0131        [0,J16320-4751,16:32:1.78,-47:52:28,2003-09-02,01:21:34,2452884.5567,30.1,1.25,K,K,,,,missingreplog_J16320-4751.csv,,,Data replog,,,J16320-4751,True,IR
ir030901.0130        [0,J16320-4751,16:32:1.76,-47:52:28,2003-09-02,01:20:42,2452884.556,30.1,1.25,K,K,,,,missingreplog_J16320-4751.csv,,,Data replog,,,J16320-4751,True,IR
ir030901.0129        [0,J16320-4751,16:32:1.77,-47:52:28,2003-09-02,01:19:51,2452884.5554,30.0,1.24,K,K,,,,missingreplog_J16320-4751.csv,,,Data replog,,,J16320-4751,True,IR
ir030901.0128        [0,J16320-4751,16:32:1.76,-47:52:28,2003-09-02,01:18:58,2452884.5548,30.1,1.24,K,K,,,,missingreplog_J16320-4751.csv,,,Data replog,,,J16320-4751,True,IR
ir030901.0126        [0,J16320-4751,16:32:1.74,-47:52:28,2003-09-02,01:17:13,2452884.5536,30.1,1.24,K,K,,,,missingreplog_J16320-4751.csv,,,Data replog,,,J16320-4751,True,IR
ir030821.0227        [0,J16320-4751,16:32:1.94,-47:52:22,2003-08-22,02:41:10,2452873.6119,30.0,1.36,K,K,,,,missingreplog_J16320-4751.csv,,,Data replog,,,J16320-4751,True,IR
ir030830.0070        [0,J16320-4751,16:32:1.86,-47:52:27,2003-08-31,01:13:31,2452882.5511,30.1,1.21,K,K,,,,missingreplog_J16320-4751.csv,,,Data replog,,,J16320-4751,True,IR
ir030830.0069        [0,J16320-4751,16:32:1.87,-47:52:27,2003-08-31,01:12:38,2452882.5504,30.0,1.21,K,K,,,,missingreplog_J16320-4751.csv,,,Data replog,,,J16320-4751,True,IR
ir030830.0068        [0,J16320-4751,16:32:1.84,-47:52:27,2003-08-31,01:11:46,2452882.5498,30.1,1.21,K,K,,,,missingreplog_J16320-4751.csv,,,Data replog,,,J16320-4751,True,IR
ir030830.0067        [0,J16320-4751,16:32:1.83,-47:52:27,2003-08-31,01:10:54,2452882.5492,30.0,1.2,K,K,,,,missingreplog_J16320-4751.csv,,,Data replog,,,J16320-4751,True,IR
ir030830.0066        [0,J16320-4751,16:32:1.83,-47:52:27,2003-08-31,01:10:01,2452882.5486,30.1,1.2,K,K,,,,missingreplog_J16320-4751.csv,,,Data replog,,,J16320-4751,True,IR
ir030830.0065        [0,J16320-4751,16:32:1.82,-47:52:27,2003-08-31,01:09:08,2452882.548,30.1,1.2,K,K,,,,missingreplog_J16320-4751.csv,,,Data replog,,,J16320-4751,True,IR
ir030830.0064        [0,J16320-4751,16:32:1.79,-47:52:28,2003-08-31,01:08:16,2452882.5474,30.1,1.2,K,K,,,,missingreplog_J16320-4751.csv,,,Data replog,,,J16320-4751,True,IR
ir030830.0063        [0,J16320-4751,16:32:1.81,-47:52:27,2003-08-31,01:07:23,2452882.5468,30.0,1.2,K,K,,,,missingreplog_J16320-4751.csv,,,Data replog,,,J16320-4751,True,IR
ir030830.0062        [0,J16320-4751,16:32:1.79,-47:52:28,2003-08-31,01:06:30,2452882.5462,30.0,1.19,K,K,,,,missingreplog_J16320-4751.csv,,,Data replog,,,J16320-4751,True,IR
ir030830.0061        [0,J16320-4751,16:32:1.75,-47:52:28,2003-08-31,01:05:38,2452882.5456,30.1,1.19,K,K,,,,missingreplog_J16320-4751.csv,,,Data replog,,,J16320-4751,True,IR
ir030827.0202        [0,J16320-4751,16:32:1.44,-47:52:30,2003-08-28,02:29:18,2452879.6037,30.1,1.41,K,K,,,,missingreplog_J16320-4751.csv,,,Data replog,,,J16320-4751,True,IR
ir030903.0192        [0,J16320-4751,16:32:1.65,-47:52:28,2003-09-04,02:30:14,2452886.6043,30.0,1.54,K,K,,,,missingreplog_J16320-4751.csv,,,Data replog,,,J16320-4751,True,IR
ir030903.0193        [0,J16320-4751,16:32:1.63,-47:52:28,2003-09-04,02:31:06,2452886.6049,30.1,1.55,K,K,,,,missingreplog_J16320-4751.csv,,,Data replog,,,J16320-4751,True,IR
ir030903.0194        [0,J16320-4751,16:32:1.60,-47:52:28,2003-09-04,02:31:59,2452886.6055,30.1,1.55,K,K,,,,missingreplog_J16320-4751.csv,,,Data replog,,,J16320-4751,True,IR
ir030903.0195        [0,J16320-4751,16:32:1.58,-47:52:28,2003-09-04,02:32:51,2452886.6062,30.1,1.56,K,K,,,,missingreplog_J16320-4751.csv,,,Data replog,,,J16320-4751,True,IR
ir030908.0131        [0,J16320-4751,16:32:2.01,-47:52:32,2003-09-09,02:11:54,2452891.5916,30.1,1.55,K,K,,,,missingreplog_J16320-4751.csv,,,Data replog,,,J16320-4751,True,IR
ir030908.0130        [0,J16320-4751,16:32:2.01,-47:52:32,2003-09-09,02:11:00,2452891.591,30.1,1.54,K,K,,,,missingreplog_J16320-4751.csv,,,Data replog,,,J16320-4751,True,IR
ir030908.0129        [0,J16320-4751,16:32:2.02,-47:52:32,2003-09-09,02:10:08,2452891.5904,30.1,1.54,K,K,,,,missingreplog_J16320-4751.csv,,,Data replog,,,J16320-4751,True,IR
ir030908.0128        [0,J16320-4751,16:32:2.03,-47:52:31,2003-09-09,02:09:16,2452891.5898,30.1,1.54,K,K,,,,missingreplog_J16320-4751.csv,,,Data replog,,,J16320-4751,True,IR
ir030908.0127        [0,J16320-4751,16:32:2.04,-47:52:31,2003-09-09,02:08:24,2452891.5892,30.0,1.53,K,K,,,,missingreplog_J16320-4751.csv,,,Data replog,,,J16320-4751,True,IR
ir030908.0126        [0,J16320-4751,16:32:2.04,-47:52:30,2003-09-09,02:07:31,2452891.5886,30.0,1.53,K,K,,,,missingreplog_J16320-4751.csv,,,Data replog,,,J16320-4751,True,IR
ir030908.0125        [0,J16320-4751,16:32:2.06,-47:52:30,2003-09-09,02:06:39,2452891.588,30.0,1.52,K,K,,,,missingreplog_J16320-4751.csv,,,Data replog,,,J16320-4751,True,IR
ir030908.0124        [0,J16320-4751,16:32:2.09,-47:52:30,2003-09-09,02:05:46,2452891.5874,30.0,1.52,K,K,,,,missingreplog_J16320-4751.csv,,,Data replog,,,J16320-4751,True,IR
ir030908.0123        [0,J16320-4751,16:32:2.10,-47:52:30,2003-09-09,02:04:53,2452891.5867,30.0,1.51,K,K,,,,missingreplog_J16320-4751.csv,,,Data replog,,,J16320-4751,True,IR
ir030908.0122        [0,J16320-4751,16:32:2.09,-47:52:30,2003-09-09,02:04:01,2452891.5861,30.0,1.51,K,K,,,,missingreplog_J16320-4751.csv,,,Data replog,,,J16320-4751,True,IR
ir030905.0178        [0,J16320-4751,16:32:2.38,-47:52:32,2003-09-06,02:33:30,2452888.6066,4.0,1.6,K,K,,,,missingreplog_J16320-4751.csv,,,Data replog,,,J16320-4751,True,IR
ir030905.0177        [0,J16320-4751,16:32:2.38,-47:52:32,2003-09-06,02:33:03,2452888.6063,4.0,1.6,K,K,,,,missingreplog_J16320-4751.csv,,,Data replog,,,J16320-4751,True,IR
ir030905.0176        [0,J16320-4751,16:32:2.37,-47:52:32,2003-09-06,02:32:37,2452888.606,4.0,1.6,K,K,,,,missingreplog_J16320-4751.csv,,,Data replog,,,J16320-4751,True,IR
ir030905.0175        [0,J16320-4751,16:32:2.36,-47:52:31,2003-09-06,02:32:11,2452888.6057,4.0,1.6,K,K,,,,missingreplog_J16320-4751.csv,,,Data replog,,,J16320-4751,True,IR
ir030905.0174        [0,J16320-4751,16:32:2.39,-47:52:31,2003-09-06,02:31:44,2452888.6054,4.0,1.59,K,K,,,,missingreplog_J16320-4751.csv,,,Data replog,,,J16320-4751,True,IR
ir030905.0173        [0,J16320-4751,16:32:2.37,-47:52:31,2003-09-06,02:31:17,2452888.6051,4.0,1.59,K,K,,,,missingreplog_J16320-4751.csv,,,Data replog,,,J16320-4751,True,IR
ir030905.0172        [0,J16320-4751,16:32:2.38,-47:52:31,2003-09-06,02:30:51,2452888.6048,4.0,1.59,K,K,,,,missingreplog_J16320-4751.csv,,,Data replog,,,J16320-4751,True,IR
ir030905.0171        [0,J16320-4751,16:32:2.37,-47:52:31,2003-09-06,02:30:25,2452888.6045,4.0,1.59,K,K,,,,missingreplog_J16320-4751.csv,,,Data replog,,,J16320-4751,True,IR
ir030905.0170        [0,J16320-4751,16:32:2.37,-47:52:31,2003-09-06,02:29:58,2452888.6041,4.0,1.58,K,K,,,,missingreplog_J16320-4751.csv,,,Data replog,,,J16320-4751,True,IR
ir030905.0169        [0,J16320-4751,16:32:2.37,-47:52:30,2003-09-06,02:29:32,2452888.6038,4.0,1.58,K,K,,,,missingreplog_J16320-4751.csv,,,Data replog,,,J16320-4751,True,IR
ir030903.0198        [0,J16320-4751,16:32:1.56,-47:52:28,2003-09-04,02:35:29,2452886.608,30.0,1.57,K,K,,,,missingreplog_J16320-4751.csv,,,Data replog,,,J16320-4751,True,IR
ir030903.0197        [0,J16320-4751,16:32:1.58,-47:52:28,2003-09-04,02:34:36,2452886.6074,30.1,1.57,K,K,,,,missingreplog_J16320-4751.csv,,,Data replog,,,J16320-4751,True,IR
ir030903.0196        [0,J16320-4751,16:32:1.57,-47:52:28,2003-09-04,02:33:44,2452886.6068,30.0,1.56,K,K,,,,missingreplog_J16320-4751.csv,,,Data replog,,,J16320-4751,True,IR
ir030827.0201        [0,J16320-4751,16:32:1.43,-47:52:29,2003-08-28,02:28:25,2452879.6031,30.0,1.41,K,K,,,,missingreplog_J16320-4751.csv,,,Data replog,,,J16320-4751,True,IR
ir030827.0200        [0,J16320-4751,16:32:1.41,-47:52:29,2003-08-28,02:27:33,2452879.6025,30.1,1.4,K,K,,,,missingreplog_J16320-4751.csv,,,Data replog,,,J16320-4751,True,IR
ir030827.0199        [0,J16320-4751,16:32:1.40,-47:52:30,2003-08-28,02:26:41,2452879.6019,30.1,1.4,K,K,,,,missingreplog_J16320-4751.csv,,,Data replog,,,J16320-4751,True,IR
ir030824.0123        [0,J16320-4751,16:32:2.17,-47:52:36,2003-08-25,01:32:49,2452876.5645,30.0,1.2,K,K,,,,missingreplog_J16320-4751.csv,,,Data replog,,,J16320-4751,True,IR
ir030824.0121        [0,J16320-4751,16:32:2.15,-47:52:37,2003-08-25,01:31:04,2452876.5633,30.1,1.2,K,K,,,,missingreplog_J16320-4751.csv,,,Data replog,,,J16320-4751,True,IR
ir030824.0120        [0,J16320-4751,16:32:2.16,-47:52:36,2003-08-25,01:30:12,2452876.5627,30.0,1.19,K,K,,,,missingreplog_J16320-4751.csv,,,Data replog,,,J16320-4751,True,IR
ir030824.0119        [0,J16320-4751,16:32:2.12,-47:52:37,2003-08-25,01:29:19,2452876.562,30.0,1.19,K,K,,,,missingreplog_J16320-4751.csv,,,Data replog,,,J16320-4751,True,IR
ir030824.0118        [0,J16320-4751,16:32:2.14,-47:52:37,2003-08-25,01:28:26,2452876.5614,30.0,1.19,K,K,,,,missingreplog_J16320-4751.csv,,,Data replog,,,J16320-4751,True,IR
ir030824.0117        [0,J16320-4751,16:32:2.15,-47:52:37,2003-08-25,01:27:34,2452876.5608,30.0,1.19,K,K,,,,missingreplog_J16320-4751.csv,,,Data replog,,,J16320-4751,True,IR
ir030824.0116        [0,J16320-4751,16:32:2.13,-47:52:37,2003-08-25,01:26:41,2452876.5602,30.1,1.19,K,K,,,,missingreplog_J16320-4751.csv,,,Data replog,,,J16320-4751,True,IR
ir030824.0115        [0,J16320-4751,16:32:2.13,-47:52:37,2003-08-25,01:25:49,2452876.5596,30.1,1.19,K,K,,,,missingreplog_J16320-4751.csv,,,Data replog,,,J16320-4751,True,IR
ir030824.0114        [0,J16320-4751,16:32:2.09,-47:52:37,2003-08-25,01:24:57,2452876.559,30.1,1.18,K,K,,,,missingreplog_J16320-4751.csv,,,Data replog,,,J16320-4751,True,IR
ir030822.0148        [0,J16320-4751,16:32:2.00,-47:52:21,2003-08-23,02:19:37,2452874.597,30.1,1.3,K,K,,,,missingreplog_J16320-4751.csv,,,Data replog,,,J16320-4751,True,IR
ir030822.0147        [0,J16320-4751,16:32:1.98,-47:52:20,2003-08-23,02:18:44,2452874.5963,30.1,1.3,K,K,,,,missingreplog_J16320-4751.csv,,,Data replog,,,J16320-4751,True,IR
ir030822.0146        [0,J16320-4751,16:32:1.99,-47:52:20,2003-08-23,02:17:52,2452874.5957,30.0,1.3,K,K,,,,missingreplog_J16320-4751.csv,,,Data replog,,,J16320-4751,True,IR
ir030822.0145        [0,J16320-4751,16:32:2.01,-47:52:21,2003-08-23,02:17:00,2452874.5951,30.0,1.3,K,K,,,,missingreplog_J16320-4751.csv,,,Data replog,,,J16320-4751,True,IR
ir030822.0144        [0,J16320-4751,16:32:2.03,-47:52:20,2003-08-23,02:16:07,2452874.5945,30.1,1.29,K,K,,,,missingreplog_J16320-4751.csv,,,Data replog,,,J16320-4751,True,IR
ir030822.0143        [0,J16320-4751,16:32:2.04,-47:52:21,2003-08-23,02:15:14,2452874.5939,30.1,1.29,K,K,,,,missingreplog_J16320-4751.csv,,,Data replog,,,J16320-4751,True,IR
ir030822.0142        [0,J16320-4751,16:32:2.05,-47:52:21,2003-08-23,02:14:22,2452874.5933,30.1,1.29,K,K,,,,missingreplog_J16320-4751.csv,,,Data replog,,,J16320-4751,True,IR
ir030822.0141        [0,J16320-4751,16:32:2.06,-47:52:20,2003-08-23,02:13:29,2452874.5927,30.1,1.28,K,K,,,,missingreplog_J16320-4751.csv,,,Data replog,,,J16320-4751,True,IR
ir030822.0140        [0,J16320-4751,16:32:2.09,-47:52:20,2003-08-23,02:12:36,2452874.5921,30.0,1.28,K,K,,,,missingreplog_J16320-4751.csv,,,Data replog,,,J16320-4751,True,IR
ir030822.0139        [0,J16320-4751,16:32:2.05,-47:52:19,2003-08-23,02:11:44,2452874.5915,30.1,1.28,K,K,,,,missingreplog_J16320-4751.csv,,,Data replog,,,J16320-4751,True,IR
ir030821.0232        [0,J16320-4751,16:32:1.95,-47:52:22,2003-08-22,02:45:32,2452873.615,30.0,1.38,K,K,,,,missingreplog_J16320-4751.csv,,,Data replog,,,J16320-4751,True,IR
ir030821.0231        [0,J16320-4751,16:32:1.97,-47:52:22,2003-08-22,02:44:40,2452873.6143,30.1,1.38,K,K,,,,missingreplog_J16320-4751.csv,,,Data replog,,,J16320-4751,True,IR
ir030821.0230        [0,J16320-4751,16:32:1.93,-47:52:22,2003-08-22,02:43:47,2452873.6138,30.1,1.37,K,K,,,,missingreplog_J16320-4751.csv,,,Data replog,,,J16320-4751,True,IR
ir030821.0229        [0,J16320-4751,16:32:1.93,-47:52:22,2003-08-22,02:42:55,2452873.6132,30.1,1.37,K,K,,,,missingreplog_J16320-4751.csv,,,Data replog,,,J16320-4751,True,IR
ir030821.0228        [0,J16320-4751,16:32:1.94,-47:52:22,2003-08-22,02:42:03,2452873.6125,30.0,1.37,K,K,,,,missingreplog_J16320-4751.csv,,,Data replog,,,J16320-4751,True,IR
ir030824.0122        [0,J16320-4751,16:32:2.15,-47:52:37,2003-08-25,01:31:56,2452876.5639,30.0,1.2,K,K,,,,missingreplog_J16320-4751.csv,,,Data replog,,,J16320-4751,True,IR
ir030825.0080        [0,J16320-4751,16:32:2.12,-47:52:33,2003-08-26,01:04:29,2452877.5448,30.1,1.15,K,K,,,,missingreplog_J16320-4751.csv,,,Data replog,,,J16320-4751,True,IR
ir030827.0198        [0,J16320-4751,16:32:1.39,-47:52:29,2003-08-28,02:25:48,2452879.6013,30.0,1.4,K,K,,,,missingreplog_J16320-4751.csv,,,Data replog,,,J16320-4751,True,IR
ir030825.0081        [0,J16320-4751,16:32:2.15,-47:52:32,2003-08-26,01:05:21,2452877.5454,30.0,1.15,K,K,,,,missingreplog_J16320-4751.csv,,,Data replog,,,J16320-4751,True,IR
ir030827.0197        [0,J16320-4751,16:32:1.37,-47:52:30,2003-08-28,02:24:56,2452879.6007,30.0,1.39,K,K,,,,missingreplog_J16320-4751.csv,,,Data replog,,,J16320-4751,True,IR
ir030827.0196        [0,J16320-4751,16:32:1.36,-47:52:30,2003-08-28,02:24:04,2452879.6001,30.0,1.39,K,K,,,,missingreplog_J16320-4751.csv,,,Data replog,,,J16320-4751,True,IR
ir030827.0195        [0,J16320-4751,16:32:1.33,-47:52:30,2003-08-28,02:23:11,2452879.5994,30.0,1.39,K,K,,,,missingreplog_J16320-4751.csv,,,Data replog,,,J16320-4751,True,IR
ir030827.0194        [0,J16320-4751,16:32:1.31,-47:52:30,2003-08-28,02:22:18,2452879.5988,30.1,1.38,K,K,,,,missingreplog_J16320-4751.csv,,,Data replog,,,J16320-4751,True,IR
ir030827.0193        [0,J16320-4751,16:32:1.32,-47:52:30,2003-08-28,02:21:26,2452879.5982,30.1,1.38,K,K,,,,missingreplog_J16320-4751.csv,,,Data replog,,,J16320-4751,True,IR
ir030826.0053        [0,J16320-4751,16:32:2.60,-47:52:32,2003-08-27,00:32:29,2452878.5226,30.1,1.11,K,K,,,,missingreplog_J16320-4751.csv,,,Data replog,,,J16320-4751,True,IR
ir030826.0052        [0,J16320-4751,16:32:2.60,-47:52:32,2003-08-27,00:31:37,2452878.522,30.0,1.11,K,K,,,,missingreplog_J16320-4751.csv,,,Data replog,,,J16320-4751,True,IR
ir030826.0051        [0,J16320-4751,16:32:2.59,-47:52:32,2003-08-27,00:30:46,2452878.5214,30.0,1.11,K,K,,,,missingreplog_J16320-4751.csv,,,Data replog,,,J16320-4751,True,IR
ir030826.0050        [0,J16320-4751,16:32:2.59,-47:52:32,2003-08-27,00:29:54,2452878.5208,30.0,1.11,K,K,,,,missingreplog_J16320-4751.csv,,,Data replog,,,J16320-4751,True,IR
ir030826.0049        [0,J16320-4751,16:32:2.59,-47:52:32,2003-08-27,00:29:02,2452878.5202,30.1,1.11,K,K,,,,missingreplog_J16320-4751.csv,,,Data replog,,,J16320-4751,True,IR
ir030826.0048        [0,J16320-4751,16:32:2.59,-47:52:32,2003-08-27,00:28:10,2452878.5196,30.1,1.1,K,K,,,,missingreplog_J16320-4751.csv,,,Data replog,,,J16320-4751,True,IR
ir030826.0047        [0,J16320-4751,16:32:2.58,-47:52:32,2003-08-27,00:27:18,2452878.519,30.0,1.1,K,K,,,,missingreplog_J16320-4751.csv,,,Data replog,,,J16320-4751,True,IR
ir030826.0046        [0,J16320-4751,16:32:2.56,-47:52:32,2003-08-27,00:26:26,2452878.5184,30.1,1.1,K,K,,,,missingreplog_J16320-4751.csv,,,Data replog,,,J16320-4751,True,IR
ir030826.0045        [0,J16320-4751,16:32:2.57,-47:52:33,2003-08-27,00:25:33,2452878.5178,30.0,1.1,K,K,,,,missingreplog_J16320-4751.csv,,,Data replog,,,J16320-4751,True,IR
ir030826.0044        [0,J16320-4751,16:32:2.56,-47:52:33,2003-08-27,00:24:42,2452878.5172,30.0,1.1,K,K,,,,missingreplog_J16320-4751.csv,,,Data replog,,,J16320-4751,True,IR
ir030825.0089        [0,J16320-4751,16:32:2.20,-47:52:31,2003-08-26,01:12:21,2452877.5502,30.1,1.17,K,K,,,,missingreplog_J16320-4751.csv,,,Data replog,,,J16320-4751,True,IR
ir030825.0088        [0,J16320-4751,16:32:2.21,-47:52:32,2003-08-26,01:11:28,2452877.5496,30.1,1.16,K,K,,,,missingreplog_J16320-4751.csv,,,Data replog,,,J16320-4751,True,IR
ir030825.0087        [0,J16320-4751,16:32:2.18,-47:52:32,2003-08-26,01:10:36,2452877.549,30.0,1.16,K,K,,,,missingreplog_J16320-4751.csv,,,Data replog,,,J16320-4751,True,IR
ir030825.0086        [0,J16320-4751,16:32:2.18,-47:52:32,2003-08-26,01:09:44,2452877.5484,30.1,1.16,K,K,,,,missingreplog_J16320-4751.csv,,,Data replog,,,J16320-4751,True,IR
ir030825.0085        [0,J16320-4751,16:32:2.17,-47:52:32,2003-08-26,01:08:51,2452877.5478,30.0,1.16,K,K,,,,missingreplog_J16320-4751.csv,,,Data replog,,,J16320-4751,True,IR
ir030825.0084        [0,J16320-4751,16:32:2.16,-47:52:32,2003-08-26,01:07:59,2452877.5472,30.0,1.16,K,K,,,,missingreplog_J16320-4751.csv,,,Data replog,,,J16320-4751,True,IR
ir030825.0083        [0,J16320-4751,16:32:2.15,-47:52:32,2003-08-26,01:07:07,2452877.5466,30.0,1.16,K,K,,,,missingreplog_J16320-4751.csv,,,Data replog,,,J16320-4751,True,IR
ir030825.0082        [0,J16320-4751,16:32:2.17,-47:52:32,2003-08-26,01:06:14,2452877.546,30.1,1.16,K,K,,,,missingreplog_J16320-4751.csv,,,Data replog,,,J16320-4751,True,IR
ir030516.0089        [0,J16320-4751,16:32:2.39,-47:52:29,2003-05-17,01:22:44,2452776.5575,30.1,1.59,K,K,,,,missingreplog_J16320-4751.csv,,,Data replog,,,J16320-4751,True,IR
ir030516.0087        [0,J16320-4751,16:32:2.31,-47:52:29,2003-05-17,01:20:58,2452776.5562,30.1,1.6,K,K,,,,missingreplog_J16320-4751.csv,,,Data replog,,,J16320-4751,True,IR
ir030329.0276        [0,J16320-4751,16:32:1.84,-47:52:28,2003-03-30,08:04:46,2452728.8366,30.0,1.06,K,K,,,,missingreplog_J16320-4751.csv,,,Data replog,,,J16320-4751,True,IR
ir030329.0359        [0,J16320-4751,16:32:1.80,-47:52:28,2003-03-30,09:14:50,2452728.8853,30.0,1.06,K,K,,,,missingreplog_J16320-4751.csv,,,Data replog,,,J16320-4751,True,IR
ir030329.0358        [0,J16320-4751,16:32:1.76,-47:52:27,2003-03-30,09:13:56,2452728.8847,30.1,1.06,K,K,,,,missingreplog_J16320-4751.csv,,,Data replog,,,J16320-4751,True,IR
ir030329.0357        [0,J16320-4751,16:32:1.75,-47:52:28,2003-03-30,09:13:03,2452728.8841,30.0,1.06,K,K,,,,missingreplog_J16320-4751.csv,,,Data replog,,,J16320-4751,True,IR
ir030329.0356        [0,J16320-4751,16:32:1.74,-47:52:27,2003-03-30,09:12:11,2452728.8835,30.0,1.05,K,K,,,,missingreplog_J16320-4751.csv,,,Data replog,,,J16320-4751,True,IR
ir030329.0355        [0,J16320-4751,16:32:1.74,-47:52:27,2003-03-30,09:11:18,2452728.8829,30.0,1.05,K,K,,,,missingreplog_J16320-4751.csv,,,Data replog,,,J16320-4751,True,IR
ir030329.0354        [0,J16320-4751,16:32:1.74,-47:52:28,2003-03-30,09:10:25,2452728.8822,30.0,1.05,K,K,,,,missingreplog_J16320-4751.csv,,,Data replog,,,J16320-4751,True,IR
ir030329.0353        [0,J16320-4751,16:32:1.76,-47:52:28,2003-03-30,09:09:32,2452728.8816,30.0,1.05,K,K,,,,missingreplog_J16320-4751.csv,,,Data replog,,,J16320-4751,True,IR
ir030329.0280        [0,J16320-4751,16:32:1.92,-47:52:28,2003-03-30,08:08:16,2452728.8391,30.1,1.06,K,K,,,,missingreplog_J16320-4751.csv,,,Data replog,,,J16320-4751,True,IR
ir030329.0279        [0,J16320-4751,16:32:1.91,-47:52:28,2003-03-30,08:07:23,2452728.8385,30.0,1.06,K,K,,,,missingreplog_J16320-4751.csv,,,Data replog,,,J16320-4751,True,IR
ir030329.0278        [0,J16320-4751,16:32:1.88,-47:52:28,2003-03-30,08:06:31,2452728.8379,30.1,1.06,K,K,,,,missingreplog_J16320-4751.csv,,,Data replog,,,J16320-4751,True,IR
ir030329.0277        [0,J16320-4751,16:32:1.88,-47:52:28,2003-03-30,08:05:39,2452728.8373,30.0,1.06,K,K,,,,missingreplog_J16320-4751.csv,,,Data replog,,,J16320-4751,True,IR
ir030329.0275        [0,J16320-4751,16:32:1.83,-47:52:28,2003-03-30,08:03:53,2452728.836,30.0,1.06,K,K,,,,missingreplog_J16320-4751.csv,,,Data replog,,,J16320-4751,True,IR
ir030328.0388        [0,J16320-4751,16:32:1.71,-47:52:28,2003-03-29,09:13:18,2452727.8842,30.1,1.05,K,K,,,,missingreplog_J16320-4751.csv,,,Data replog,,,J16320-4751,True,IR
ir030329.0274        [0,J16320-4751,16:32:1.80,-47:52:28,2003-03-30,08:03:01,2452728.8354,30.1,1.06,K,K,,,,missingreplog_J16320-4751.csv,,,Data replog,,,J16320-4751,True,IR
ir030329.0273        [0,J16320-4751,16:32:1.79,-47:52:28,2003-03-30,08:02:08,2452728.8348,30.1,1.06,K,K,,,,missingreplog_J16320-4751.csv,,,Data replog,,,J16320-4751,True,IR
ir030329.0272        [0,J16320-4751,16:32:1.76,-47:52:28,2003-03-30,08:01:15,2452728.8342,30.0,1.06,K,K,,,,missingreplog_J16320-4751.csv,,,Data replog,,,J16320-4751,True,IR
ir030329.0271        [0,J16320-4751,16:32:1.74,-47:52:28,2003-03-30,08:00:23,2452728.8336,30.0,1.06,K,K,,,,missingreplog_J16320-4751.csv,,,Data replog,,,J16320-4751,True,IR
ir030328.0396        [0,J16320-4751,16:32:1.75,-47:52:28,2003-03-29,09:20:19,2452727.8891,30.0,1.06,K,K,,,,missingreplog_J16320-4751.csv,,,Data replog,,,J16320-4751,True,IR
ir030328.0395        [0,J16320-4751,16:32:1.73,-47:52:28,2003-03-29,09:19:27,2452727.8885,30.0,1.06,K,K,,,,missingreplog_J16320-4751.csv,,,Data replog,,,J16320-4751,True,IR
ir030328.0394        [0,J16320-4751,16:32:1.71,-47:52:28,2003-03-29,09:18:35,2452727.8879,30.0,1.06,K,K,,,,missingreplog_J16320-4751.csv,,,Data replog,,,J16320-4751,True,IR
ir030328.0393        [0,J16320-4751,16:32:1.70,-47:52:28,2003-03-29,09:17:43,2452727.8873,30.0,1.06,K,K,,,,missingreplog_J16320-4751.csv,,,Data replog,,,J16320-4751,True,IR
ir030328.0392        [0,J16320-4751,16:32:1.69,-47:52:28,2003-03-29,09:16:50,2452727.8867,30.0,1.06,K,K,,,,missingreplog_J16320-4751.csv,,,Data replog,,,J16320-4751,True,IR
ir030328.0391        [0,J16320-4751,16:32:1.68,-47:52:28,2003-03-29,09:15:56,2452727.8861,30.1,1.05,K,K,,,,missingreplog_J16320-4751.csv,,,Data replog,,,J16320-4751,True,IR
ir030328.0390        [0,J16320-4751,16:32:1.68,-47:52:28,2003-03-29,09:15:04,2452727.8855,30.0,1.05,K,K,,,,missingreplog_J16320-4751.csv,,,Data replog,,,J16320-4751,True,IR
ir030329.0360        [0,J16320-4751,16:32:1.79,-47:52:28,2003-03-30,09:15:42,2452728.8859,30.1,1.06,K,K,,,,missingreplog_J16320-4751.csv,,,Data replog,,,J16320-4751,True,IR
ir030329.0361        [0,J16320-4751,16:32:1.81,-47:52:28,2003-03-30,09:16:34,2452728.8865,30.0,1.06,K,K,,,,missingreplog_J16320-4751.csv,,,Data replog,,,J16320-4751,True,IR
ir030329.0362        [0,J16320-4751,16:32:1.82,-47:52:28,2003-03-30,09:17:27,2452728.8871,30.1,1.06,K,K,,,,missingreplog_J16320-4751.csv,,,Data replog,,,J16320-4751,True,IR
ir030329.0384        [1,J16320-4751,16:32:1.73,-47:52:28,2003-03-30,10:04:00,2452728.9194,30.1,1.09,K,K,,,,missingreplog_J16320-4751.csv,,,Data replog,,,J16320-4751,True,IR
ir030330.0292        [0,J16320-4751,16:32:1.73,-47:52:28,2003-03-31,07:40:25,2452729.8197,30.0,1.07,K,K,,,,missingreplog_J16320-4751.csv,,,Data replog,,,J16320-4751,True,IR
ir030330.0291        [0,J16320-4751,16:32:1.71,-47:52:28,2003-03-31,07:39:32,2452729.8191,30.0,1.08,K,K,,,,missingreplog_J16320-4751.csv,,,Data replog,,,J16320-4751,True,IR
ir030330.0290        [0,J16320-4751,16:32:1.74,-47:52:28,2003-03-31,07:38:39,2452729.8185,30.1,1.08,K,K,,,,missingreplog_J16320-4751.csv,,,Data replog,,,J16320-4751,True,IR
ir030330.0289        [0,J16320-4751,16:32:1.71,-47:52:28,2003-03-31,07:37:47,2452729.8179,30.0,1.08,K,K,,,,missingreplog_J16320-4751.csv,,,Data replog,,,J16320-4751,True,IR
ir030330.0273        [0,J16320-4751,16:32:2.03,-47:52:29,2003-03-31,06:47:57,2452729.7833,30.0,1.14,K,K,,,,missingreplog_J16320-4751.csv,,,Data replog,,,J16320-4751,True,IR
ir030330.0272        [0,J16320-4751,16:32:1.98,-47:52:29,2003-03-31,06:47:04,2452729.7827,30.0,1.14,K,K,,,,missingreplog_J16320-4751.csv,,,Data replog,,,J16320-4751,True,IR
ir030330.0271        [0,J16320-4751,16:32:1.94,-47:52:29,2003-03-31,06:46:12,2452729.7821,30.1,1.14,K,K,,,,missingreplog_J16320-4751.csv,,,Data replog,,,J16320-4751,True,IR
ir030330.0270        [0,J16320-4751,16:32:1.92,-47:52:29,2003-03-31,06:45:20,2452729.7815,30.1,1.14,K,K,,,,missingreplog_J16320-4751.csv,,,Data replog,,,J16320-4751,True,IR
ir030330.0269        [0,J16320-4751,16:32:1.85,-47:52:29,2003-03-31,06:44:26,2452729.7809,30.1,1.14,K,K,,,,missingreplog_J16320-4751.csv,,,Data replog,,,J16320-4751,True,IR
ir030330.0268        [0,J16320-4751,16:32:1.83,-47:52:29,2003-03-31,06:43:33,2452729.7802,30.0,1.14,K,K,,,,missingreplog_J16320-4751.csv,,,Data replog,,,J16320-4751,True,IR
ir030330.0267        [0,J16320-4751,16:32:1.80,-47:52:29,2003-03-31,06:42:41,2452729.7796,30.1,1.14,K,K,,,,missingreplog_J16320-4751.csv,,,Data replog,,,J16320-4751,True,IR
ir030330.0266        [0,J16320-4751,16:32:1.75,-47:52:29,2003-03-31,06:41:48,2452729.779,30.1,1.15,K,K,,,,missingreplog_J16320-4751.csv,,,Data replog,,,J16320-4751,True,IR
ir030330.0265        [0,J16320-4751,16:32:1.75,-47:52:29,2003-03-31,06:40:54,2452729.7784,30.1,1.15,K,K,,,,missingreplog_J16320-4751.csv,,,Data replog,,,J16320-4751,True,IR
ir030330.0264        [0,J16320-4751,16:32:1.72,-47:52:29,2003-03-31,06:40:02,2452729.7778,30.1,1.15,K,K,,,,missingreplog_J16320-4751.csv,,,Data replog,,,J16320-4751,True,IR
ir030329.0393        [1,J16320-4751,16:32:1.84,-47:52:29,2003-03-30,10:11:55,2452728.9249,30.1,1.1,K,K,,,,missingreplog_J16320-4751.csv,,,Data replog,,,J16320-4751,True,IR
ir030329.0392        [1,J16320-4751,16:32:1.81,-47:52:28,2003-03-30,10:11:02,2452728.9243,30.0,1.1,K,K,,,,missingreplog_J16320-4751.csv,,,Data replog,,,J16320-4751,True,IR
ir030329.0391        [1,J16320-4751,16:32:1.81,-47:52:28,2003-03-30,10:10:10,2452728.9237,30.0,1.1,K,K,,,,missingreplog_J16320-4751.csv,,,Data replog,,,J16320-4751,True,IR
ir030329.0390        [1,J16320-4751,16:32:1.80,-47:52:28,2003-03-30,10:09:18,2452728.9231,30.1,1.09,K,K,,,,missingreplog_J16320-4751.csv,,,Data replog,,,J16320-4751,True,IR
ir030329.0389        [1,J16320-4751,16:32:1.79,-47:52:28,2003-03-30,10:08:25,2452728.9225,30.1,1.09,K,K,,,,missingreplog_J16320-4751.csv,,,Data replog,,,J16320-4751,True,IR
ir030329.0388        [1,J16320-4751,16:32:1.77,-47:52:28,2003-03-30,10:07:31,2452728.9219,30.1,1.09,K,K,,,,missingreplog_J16320-4751.csv,,,Data replog,,,J16320-4751,True,IR
ir030329.0387        [1,J16320-4751,16:32:1.76,-47:52:28,2003-03-30,10:06:39,2452728.9213,30.1,1.09,K,K,,,,missingreplog_J16320-4751.csv,,,Data replog,,,J16320-4751,True,IR
ir030329.0386        [1,J16320-4751,16:32:1.77,-47:52:28,2003-03-30,10:05:46,2452728.9207,30.1,1.09,K,K,,,,missingreplog_J16320-4751.csv,,,Data replog,,,J16320-4751,True,IR
ir030329.0385        [1,J16320-4751,16:32:1.77,-47:52:28,2003-03-30,10:04:52,2452728.9201,30.0,1.09,K,K,,,,missingreplog_J16320-4751.csv,,,Data replog,,,J16320-4751,True,IR
ir030328.0389        [0,J16320-4751,16:32:1.68,-47:52:28,2003-03-29,09:14:11,2452727.8849,30.1,1.05,K,K,,,,missingreplog_J16320-4751.csv,,,Data replog,,,J16320-4751,True,IR
ir030328.0387        [0,J16320-4751,16:32:1.73,-47:52:28,2003-03-29,09:12:26,2452727.8836,30.1,1.05,K,K,,,,missingreplog_J16320-4751.csv,,,Data replog,,,J16320-4751,True,IR
ir030330.0294        [0,J16320-4751,16:32:1.77,-47:52:28,2003-03-31,07:42:11,2452729.821,30.0,1.07,K,K,,,,missingreplog_J16320-4751.csv,,,Data replog,,,J16320-4751,True,IR
ir030326.0314        [0,J16320-4751,16:32:1.71,-47:52:29,2003-03-27,06:09:26,2452725.7566,30.1,1.25,K,K,,,,missingreplog_J16320-4751.csv,,,Data replog,,,J16320-4751,True,IR
ir030326.0385        [0,J16320-4751,16:32:1.77,-47:52:28,2003-03-27,07:20:15,2452725.8057,30.1,1.11,K,K,,,,missingreplog_J16320-4751.csv,,,Data replog,,,J16320-4751,True,IR
ir030326.0384        [0,J16320-4751,16:32:1.75,-47:52:28,2003-03-27,07:19:23,2452725.8051,30.1,1.11,K,K,,,,missingreplog_J16320-4751.csv,,,Data replog,,,J16320-4751,True,IR
ir030326.0323        [0,J16320-4751,16:32:1.63,-47:52:28,2003-03-27,06:17:17,2452725.762,30.0,1.23,K,K,,,,missingreplog_J16320-4751.csv,,,Data replog,,,J16320-4751,True,IR
ir030326.0322        [0,J16320-4751,16:32:1.63,-47:52:29,2003-03-27,06:16:25,2452725.7614,30.0,1.23,K,K,,,,missingreplog_J16320-4751.csv,,,Data replog,,,J16320-4751,True,IR
ir030326.0321        [0,J16320-4751,16:32:1.64,-47:52:28,2003-03-27,06:15:33,2452725.7608,30.1,1.23,K,K,,,,missingreplog_J16320-4751.csv,,,Data replog,,,J16320-4751,True,IR
ir030326.0320        [0,J16320-4751,16:32:1.69,-47:52:28,2003-03-27,06:14:41,2452725.7602,30.0,1.24,K,K,,,,missingreplog_J16320-4751.csv,,,Data replog,,,J16320-4751,True,IR
ir030326.0319        [0,J16320-4751,16:32:1.68,-47:52:28,2003-03-27,06:13:48,2452725.7596,30.0,1.24,K,K,,,,missingreplog_J16320-4751.csv,,,Data replog,,,J16320-4751,True,IR
ir030326.0318        [0,J16320-4751,16:32:1.68,-47:52:29,2003-03-27,06:12:55,2452725.759,30.1,1.24,K,K,,,,missingreplog_J16320-4751.csv,,,Data replog,,,J16320-4751,True,IR
ir030326.0317        [0,J16320-4751,16:32:1.68,-47:52:29,2003-03-27,06:12:03,2452725.7584,30.0,1.24,K,K,,,,missingreplog_J16320-4751.csv,,,Data replog,,,J16320-4751,True,IR
ir030326.0316        [0,J16320-4751,16:32:1.68,-47:52:29,2003-03-27,06:11:11,2452725.7578,30.1,1.24,K,K,,,,missingreplog_J16320-4751.csv,,,Data replog,,,J16320-4751,True,IR
ir030326.0315        [0,J16320-4751,16:32:1.70,-47:52:29,2003-03-27,06:10:18,2452725.7572,30.0,1.25,K,K,,,,missingreplog_J16320-4751.csv,,,Data replog,,,J16320-4751,True,IR
ir030325.0425        [1,J16320-4751,16:32:1.73,-47:52:27,2003-03-26,10:22:50,2452724.9325,30.1,1.09,K,K,,,,missingreplog_J16320-4751.csv,,,Data replog,,,J16320-4751,True,IR
ir030328.0371        [0,J16320-4751,16:32:1.76,-47:52:29,2003-03-29,07:48:49,2452727.8256,30.1,1.07,K,K,,,,missingreplog_J16320-4751.csv,,,Data replog,,,J16320-4751,True,IR
ir030325.0424        [1,J16320-4751,16:32:1.72,-47:52:27,2003-03-26,10:21:57,2452724.9319,30.1,1.09,K,K,,,,missingreplog_J16320-4751.csv,,,Data replog,,,J16320-4751,True,IR
ir030325.0423        [1,J16320-4751,16:32:1.70,-47:52:27,2003-03-26,10:21:04,2452724.9313,30.0,1.09,K,K,,,,missingreplog_J16320-4751.csv,,,Data replog,,,J16320-4751,True,IR
ir030325.0422        [1,J16320-4751,16:32:1.70,-47:52:27,2003-03-26,10:20:12,2452724.9307,30.1,1.09,K,K,,,,missingreplog_J16320-4751.csv,,,Data replog,,,J16320-4751,True,IR
ir030325.0421        [1,J16320-4751,16:32:1.77,-47:52:27,2003-03-26,10:19:20,2452724.9301,30.0,1.09,K,K,,,,missingreplog_J16320-4751.csv,,,Data replog,,,J16320-4751,True,IR
ir030325.0420        [1,J16320-4751,16:32:1.78,-47:52:27,2003-03-26,10:18:27,2452724.9295,30.0,1.09,K,K,,,,missingreplog_J16320-4751.csv,,,Data replog,,,J16320-4751,True,IR
ir030325.0419        [1,J16320-4751,16:32:1.75,-47:52:28,2003-03-26,10:17:34,2452724.9289,30.0,1.09,K,K,,,,missingreplog_J16320-4751.csv,,,Data replog,,,J16320-4751,True,IR
ir030325.0418        [1,J16320-4751,16:32:1.73,-47:52:28,2003-03-26,10:16:41,2452724.9283,30.1,1.09,K,K,,,,missingreplog_J16320-4751.csv,,,Data replog,,,J16320-4751,True,IR
ir030325.0417        [1,J16320-4751,16:32:1.76,-47:52:28,2003-03-26,10:15:48,2452724.9276,30.1,1.09,K,K,,,,missingreplog_J16320-4751.csv,,,Data replog,,,J16320-4751,True,IR
ir030325.0416        [1,J16320-4751,16:32:1.74,-47:52:28,2003-03-26,10:14:56,2452724.927,30.0,1.08,K,K,,,,missingreplog_J16320-4751.csv,,,Data replog,,,J16320-4751,True,IR
ir030325.0363        [0,J16320-4751,16:32:1.87,-47:52:29,2003-03-26,09:18:01,2452724.8875,30.0,1.05,K,K,,,,missingreplog_J16320-4751.csv,,,Data replog,,,J16320-4751,True,IR
ir030325.0362        [0,J16320-4751,16:32:1.85,-47:52:29,2003-03-26,09:17:08,2452724.8869,30.0,1.05,K,K,,,,missingreplog_J16320-4751.csv,,,Data replog,,,J16320-4751,True,IR
ir030326.0386        [0,J16320-4751,16:32:1.78,-47:52:28,2003-03-27,07:21:08,2452725.8064,30.1,1.11,K,K,,,,missingreplog_J16320-4751.csv,,,Data replog,,,J16320-4751,True,IR
ir030326.0387        [0,J16320-4751,16:32:1.78,-47:52:28,2003-03-27,07:22:01,2452725.807,30.1,1.11,K,K,,,,missingreplog_J16320-4751.csv,,,Data replog,,,J16320-4751,True,IR
ir030326.0388        [0,J16320-4751,16:32:1.82,-47:52:28,2003-03-27,07:22:54,2452725.8076,30.0,1.11,K,K,,,,missingreplog_J16320-4751.csv,,,Data replog,,,J16320-4751,True,IR
ir030326.0389        [0,J16320-4751,16:32:1.82,-47:52:28,2003-03-27,07:23:46,2452725.8082,30.0,1.11,K,K,,,,missingreplog_J16320-4751.csv,,,Data replog,,,J16320-4751,True,IR
ir030328.0370        [0,J16320-4751,16:32:1.76,-47:52:29,2003-03-29,07:47:56,2452727.825,30.1,1.07,K,K,,,,missingreplog_J16320-4751.csv,,,Data replog,,,J16320-4751,True,IR
ir030328.0369        [0,J16320-4751,16:32:1.76,-47:52:29,2003-03-29,07:47:04,2452727.8244,30.1,1.08,K,K,,,,missingreplog_J16320-4751.csv,,,Data replog,,,J16320-4751,True,IR
ir030328.0368        [0,J16320-4751,16:32:1.77,-47:52:29,2003-03-29,07:46:12,2452727.8238,30.0,1.08,K,K,,,,missingreplog_J16320-4751.csv,,,Data replog,,,J16320-4751,True,IR
ir030328.0367        [0,J16320-4751,16:32:1.74,-47:52:29,2003-03-29,07:45:19,2452727.8231,30.0,1.08,K,K,,,,missingreplog_J16320-4751.csv,,,Data replog,,,J16320-4751,True,IR
ir030328.0366        [0,J16320-4751,16:32:1.73,-47:52:29,2003-03-29,07:44:26,2452727.8225,30.0,1.08,K,K,,,,missingreplog_J16320-4751.csv,,,Data replog,,,J16320-4751,True,IR
ir030328.0365        [0,J16320-4751,16:32:1.72,-47:52:29,2003-03-29,07:43:34,2452727.8219,30.1,1.08,K,K,,,,missingreplog_J16320-4751.csv,,,Data replog,,,J16320-4751,True,IR
ir030328.0364        [0,J16320-4751,16:32:1.70,-47:52:29,2003-03-29,07:42:41,2452727.8213,30.1,1.08,K,K,,,,missingreplog_J16320-4751.csv,,,Data replog,,,J16320-4751,True,IR
ir030328.0363        [0,J16320-4751,16:32:1.71,-47:52:29,2003-03-29,07:41:48,2452727.8207,30.1,1.08,K,K,,,,missingreplog_J16320-4751.csv,,,Data replog,,,J16320-4751,True,IR
ir030328.0362        [0,J16320-4751,16:32:1.74,-47:52:29,2003-03-29,07:40:56,2452727.8201,30.0,1.08,K,K,,,,missingreplog_J16320-4751.csv,,,Data replog,,,J16320-4751,True,IR
ir030326.0434        [0,J16320-4751,16:32:1.82,-47:52:28,2003-03-27,08:27:41,2452725.8526,30.1,1.06,K,K,,,,missingreplog_J16320-4751.csv,,,Data replog,,,J16320-4751,True,IR
ir030326.0433        [0,J16320-4751,16:32:1.81,-47:52:28,2003-03-27,08:26:48,2452725.852,30.1,1.06,K,K,,,,missingreplog_J16320-4751.csv,,,Data replog,,,J16320-4751,True,IR
ir030326.0432        [0,J16320-4751,16:32:1.80,-47:52:28,2003-03-27,08:25:56,2452725.8514,30.0,1.06,K,K,,,,missingreplog_J16320-4751.csv,,,Data replog,,,J16320-4751,True,IR
ir030326.0431        [0,J16320-4751,16:32:1.79,-47:52:28,2003-03-27,08:25:04,2452725.8507,30.0,1.06,K,K,,,,missingreplog_J16320-4751.csv,,,Data replog,,,J16320-4751,True,IR
ir030326.0430        [0,J16320-4751,16:32:1.78,-47:52:28,2003-03-27,08:24:11,2452725.8501,30.1,1.06,K,K,,,,missingreplog_J16320-4751.csv,,,Data replog,,,J16320-4751,True,IR
ir030326.0429        [0,J16320-4751,16:32:1.77,-47:52:28,2003-03-27,08:23:18,2452725.8495,30.0,1.06,K,K,,,,missingreplog_J16320-4751.csv,,,Data replog,,,J16320-4751,True,IR
ir030326.0428        [0,J16320-4751,16:32:1.75,-47:52:28,2003-03-27,08:22:26,2452725.8489,30.0,1.06,K,K,,,,missingreplog_J16320-4751.csv,,,Data replog,,,J16320-4751,True,IR
ir030326.0427        [0,J16320-4751,16:32:1.75,-47:52:28,2003-03-27,08:21:33,2452725.8483,30.0,1.06,K,K,,,,missingreplog_J16320-4751.csv,,,Data replog,,,J16320-4751,True,IR
ir030326.0426        [0,J16320-4751,16:32:1.74,-47:52:28,2003-03-27,08:20:40,2452725.8477,30.0,1.06,K,K,,,,missingreplog_J16320-4751.csv,,,Data replog,,,J16320-4751,True,IR
ir030326.0425        [0,J16320-4751,16:32:1.74,-47:52:29,2003-03-27,08:19:48,2452725.8471,30.0,1.06,K,K,,,,missingreplog_J16320-4751.csv,,,Data replog,,,J16320-4751,True,IR
ir030326.0393        [0,J16320-4751,16:32:1.81,-47:52:28,2003-03-27,07:27:16,2452725.8106,30.0,1.1,K,K,,,,missingreplog_J16320-4751.csv,,,Data replog,,,J16320-4751,True,IR
ir030326.0392        [0,J16320-4751,16:32:1.82,-47:52:28,2003-03-27,07:26:23,2452725.81,30.0,1.1,K,K,,,,missingreplog_J16320-4751.csv,,,Data replog,,,J16320-4751,True,IR
ir030326.0391        [0,J16320-4751,16:32:1.81,-47:52:28,2003-03-27,07:25:31,2452725.8094,30.1,1.11,K,K,,,,missingreplog_J16320-4751.csv,,,Data replog,,,J16320-4751,True,IR
ir030326.0390        [0,J16320-4751,16:32:1.82,-47:52:28,2003-03-27,07:24:39,2452725.8088,30.0,1.11,K,K,,,,missingreplog_J16320-4751.csv,,,Data replog,,,J16320-4751,True,IR
ir030330.0293        [0,J16320-4751,16:32:1.75,-47:52:28,2003-03-31,07:41:17,2452729.8204,30.1,1.07,K,K,,,,missingreplog_J16320-4751.csv,,,Data replog,,,J16320-4751,True,IR
ir030330.0295        [0,J16320-4751,16:32:1.77,-47:52:28,2003-03-31,07:43:04,2452729.8216,30.0,1.07,K,K,,,,missingreplog_J16320-4751.csv,,,Data replog,,,J16320-4751,True,IR
ir030516.0086        [0,J16320-4751,16:32:2.29,-47:52:29,2003-05-17,01:20:06,2452776.5556,30.1,1.61,K,K,,,,missingreplog_J16320-4751.csv,,,Data replog,,,J16320-4751,True,IR
ir030401.0375        [0,J16320-4751,16:32:1.76,-47:52:28,2003-04-02,08:55:59,2452731.8722,30.1,1.05,K,K,,,,missingreplog_J16320-4751.csv,,,Data replog,,,J16320-4751,True,IR
ir030402.0232        [0,J16320-4751,16:32:1.69,-47:52:27,2003-04-03,05:58:47,2452732.7492,30.1,1.21,K,K,,,,missingreplog_J16320-4751.csv,,,Data replog,,,J16320-4751,True,IR
ir030402.0231        [0,J16320-4751,16:32:1.68,-47:52:28,2003-04-03,05:57:54,2452732.7486,30.1,1.21,K,K,,,,missingreplog_J16320-4751.csv,,,Data replog,,,J16320-4751,True,IR
ir030402.0230        [0,J16320-4751,16:32:1.67,-47:52:28,2003-04-03,05:57:01,2452732.7479,30.1,1.21,K,K,,,,missingreplog_J16320-4751.csv,,,Data replog,,,J16320-4751,True,IR
ir030402.0229        [0,J16320-4751,16:32:1.71,-47:52:28,2003-04-03,05:56:09,2452732.7473,30.1,1.21,K,K,,,,missingreplog_J16320-4751.csv,,,Data replog,,,J16320-4751,True,IR
ir030402.0228        [0,J16320-4751,16:32:1.70,-47:52:28,2003-04-03,05:55:16,2452732.7467,30.0,1.22,K,K,,,,missingreplog_J16320-4751.csv,,,Data replog,,,J16320-4751,True,IR
ir030402.0227        [0,J16320-4751,16:32:1.71,-47:52:28,2003-04-03,05:54:23,2452732.7461,30.1,1.22,K,K,,,,missingreplog_J16320-4751.csv,,,Data replog,,,J16320-4751,True,IR
ir030402.0226        [0,J16320-4751,16:32:1.71,-47:52:29,2003-04-03,05:53:31,2452732.7455,30.1,1.22,K,K,,,,missingreplog_J16320-4751.csv,,,Data replog,,,J16320-4751,True,IR
ir030401.0379        [0,J16320-4751,16:32:1.76,-47:52:28,2003-04-02,08:59:30,2452731.8747,30.0,1.05,K,K,,,,missingreplog_J16320-4751.csv,,,Data replog,,,J16320-4751,True,IR
ir030401.0378        [0,J16320-4751,16:32:1.74,-47:52:28,2003-04-02,08:58:37,2452731.874,30.1,1.05,K,K,,,,missingreplog_J16320-4751.csv,,,Data replog,,,J16320-4751,True,IR
ir030401.0377        [0,J16320-4751,16:32:1.75,-47:52:28,2003-04-02,08:57:45,2452731.8734,30.1,1.05,K,K,,,,missingreplog_J16320-4751.csv,,,Data replog,,,J16320-4751,True,IR
ir030401.0376        [0,J16320-4751,16:32:1.75,-47:52:28,2003-04-02,08:56:52,2452731.8728,30.1,1.05,K,K,,,,missingreplog_J16320-4751.csv,,,Data replog,,,J16320-4751,True,IR
ir030401.0374        [0,J16320-4751,16:32:1.76,-47:52:28,2003-04-02,08:55:06,2452731.8716,30.0,1.05,K,K,,,,missingreplog_J16320-4751.csv,,,Data replog,,,J16320-4751,True,IR
ir030401.0330        [0,J16320-4751,16:32:1.72,-47:52:28,2003-04-02,08:02:32,2452731.8351,30.0,1.06,K,K,,,,missingreplog_J16320-4751.csv,,,Data replog,,,J16320-4751,True,IR
ir030401.0373        [0,J16320-4751,16:32:1.75,-47:52:28,2003-04-02,08:54:14,2452731.871,30.1,1.05,K,K,,,,missingreplog_J16320-4751.csv,,,Data replog,,,J16320-4751,True,IR
ir030401.0372        [0,J16320-4751,16:32:1.74,-47:52:28,2003-04-02,08:53:20,2452731.8704,30.1,1.05,K,K,,,,missingreplog_J16320-4751.csv,,,Data replog,,,J16320-4751,True,IR
ir030401.0371        [0,J16320-4751,16:32:1.75,-47:52:28,2003-04-02,08:52:27,2452731.8698,30.1,1.05,K,K,,,,missingreplog_J16320-4751.csv,,,Data replog,,,J16320-4751,True,IR
ir030401.0370        [0,J16320-4751,16:32:1.75,-47:52:28,2003-04-02,08:51:35,2452731.8692,30.1,1.05,K,K,,,,missingreplog_J16320-4751.csv,,,Data replog,,,J16320-4751,True,IR
ir030401.0338        [0,J16320-4751,16:32:1.81,-47:52:28,2003-04-02,08:09:35,2452731.84,30.1,1.05,K,K,,,,missingreplog_J16320-4751.csv,,,Data replog,,,J16320-4751,True,IR
ir030401.0337        [0,J16320-4751,16:32:1.80,-47:52:28,2003-04-02,08:08:40,2452731.8394,30.0,1.05,K,K,,,,missingreplog_J16320-4751.csv,,,Data replog,,,J16320-4751,True,IR
ir030401.0336        [0,J16320-4751,16:32:1.80,-47:52:28,2003-04-02,08:07:49,2452731.8388,30.1,1.06,K,K,,,,missingreplog_J16320-4751.csv,,,Data replog,,,J16320-4751,True,IR
ir030401.0335        [0,J16320-4751,16:32:1.79,-47:52:28,2003-04-02,08:06:57,2452731.8382,30.1,1.06,K,K,,,,missingreplog_J16320-4751.csv,,,Data replog,,,J16320-4751,True,IR
ir030401.0334        [0,J16320-4751,16:32:1.78,-47:52:28,2003-04-02,08:06:04,2452731.8375,30.0,1.06,K,K,,,,missingreplog_J16320-4751.csv,,,Data replog,,,J16320-4751,True,IR
ir030401.0333        [0,J16320-4751,16:32:1.76,-47:52:28,2003-04-02,08:05:10,2452731.8369,30.0,1.06,K,K,,,,missingreplog_J16320-4751.csv,,,Data replog,,,J16320-4751,True,IR
ir030401.0332        [0,J16320-4751,16:32:1.74,-47:52:28,2003-04-02,08:04:18,2452731.8363,30.0,1.06,K,K,,,,missingreplog_J16320-4751.csv,,,Data replog,,,J16320-4751,True,IR
ir030402.0233        [0,J16320-4751,16:32:1.71,-47:52:27,2003-04-03,05:59:39,2452732.7498,30.0,1.21,K,K,,,,missingreplog_J16320-4751.csv,,,Data replog,,,J16320-4751,True,IR
ir030402.0234        [0,J16320-4751,16:32:1.70,-47:52:27,2003-04-03,06:00:31,2452732.7504,30.1,1.2,K,K,,,,missingreplog_J16320-4751.csv,,,Data replog,,,J16320-4751,True,IR
ir030402.0235        [0,J16320-4751,16:32:1.71,-47:52:27,2003-04-03,06:01:24,2452732.751,30.0,1.2,K,K,,,,missingreplog_J16320-4751.csv,,,Data replog,,,J16320-4751,True,IR
ir030402.0303        [0,J16320-4751,16:32:1.73,-47:52:28,2003-04-03,07:25:57,2452732.8097,30.1,1.08,K,K,,,,missingreplog_J16320-4751.csv,,,Data replog,,,J16320-4751,True,IR
ir030403.0301        [0,J16320-4751,16:32:1.81,-47:52:28,2003-04-04,07:23:32,2452733.808,30.0,1.08,K,K,,,,missingreplog_J16320-4751.csv,,,Data replog,,,J16320-4751,True,IR
ir030403.0300        [0,J16320-4751,16:32:1.80,-47:52:28,2003-04-04,07:22:39,2452733.8074,30.0,1.08,K,K,,,,missingreplog_J16320-4751.csv,,,Data replog,,,J16320-4751,True,IR
ir030403.0299        [0,J16320-4751,16:32:1.76,-47:52:28,2003-04-04,07:21:45,2452733.8068,30.1,1.08,K,K,,,,missingreplog_J16320-4751.csv,,,Data replog,,,J16320-4751,True,IR
ir030403.0298        [0,J16320-4751,16:32:1.74,-47:52:29,2003-04-04,07:20:53,2452733.8062,30.1,1.08,K,K,,,,missingreplog_J16320-4751.csv,,,Data replog,,,J16320-4751,True,IR
ir030402.0379        [0,J16320-4751,16:32:1.98,-47:52:26,2003-04-03,09:19:48,2452732.8888,30.0,1.07,K,K,,,,missingreplog_J16320-4751.csv,,,Data replog,,,J16320-4751,True,IR
ir030402.0378        [0,J16320-4751,16:32:1.94,-47:52:26,2003-04-03,09:18:55,2452732.8881,30.0,1.07,K,K,,,,missingreplog_J16320-4751.csv,,,Data replog,,,J16320-4751,True,IR
ir030402.0377        [0,J16320-4751,16:32:1.94,-47:52:26,2003-04-03,09:18:03,2452732.8875,30.1,1.06,K,K,,,,missingreplog_J16320-4751.csv,,,Data replog,,,J16320-4751,True,IR
ir030402.0376        [0,J16320-4751,16:32:1.93,-47:52:26,2003-04-03,09:17:11,2452732.8869,30.0,1.06,K,K,,,,missingreplog_J16320-4751.csv,,,Data replog,,,J16320-4751,True,IR
ir030402.0375        [0,J16320-4751,16:32:1.91,-47:52:27,2003-04-03,09:16:18,2452732.8863,30.1,1.06,K,K,,,,missingreplog_J16320-4751.csv,,,Data replog,,,J16320-4751,True,IR
ir030402.0374        [0,J16320-4751,16:32:1.90,-47:52:27,2003-04-03,09:15:24,2452732.8857,30.0,1.06,K,K,,,,missingreplog_J16320-4751.csv,,,Data replog,,,J16320-4751,True,IR
ir030402.0373        [0,J16320-4751,16:32:1.87,-47:52:27,2003-04-03,09:14:32,2452732.8851,30.0,1.06,K,K,,,,missingreplog_J16320-4751.csv,,,Data replog,,,J16320-4751,True,IR
ir030402.0372        [0,J16320-4751,16:32:1.83,-47:52:27,2003-04-03,09:13:39,2452732.8845,30.0,1.06,K,K,,,,missingreplog_J16320-4751.csv,,,Data replog,,,J16320-4751,True,IR
ir030402.0371        [0,J16320-4751,16:32:1.78,-47:52:28,2003-04-03,09:12:45,2452732.8839,30.1,1.06,K,K,,,,missingreplog_J16320-4751.csv,,,Data replog,,,J16320-4751,True,IR
ir030402.0370        [0,J16320-4751,16:32:1.76,-47:52:28,2003-04-03,09:11:53,2452732.8833,30.1,1.06,K,K,,,,missingreplog_J16320-4751.csv,,,Data replog,,,J16320-4751,True,IR
ir030402.0312        [0,J16320-4751,16:32:1.84,-47:52:29,2003-04-03,07:33:52,2452732.8152,30.1,1.07,K,K,,,,missingreplog_J16320-4751.csv,,,Data replog,,,J16320-4751,True,IR
ir030402.0311        [0,J16320-4751,16:32:1.84,-47:52:29,2003-04-03,07:32:59,2452732.8146,30.0,1.07,K,K,,,,missingreplog_J16320-4751.csv,,,Data replog,,,J16320-4751,True,IR
ir030402.0310        [0,J16320-4751,16:32:1.84,-47:52:29,2003-04-03,07:32:06,2452732.814,30.1,1.07,K,K,,,,missingreplog_J16320-4751.csv,,,Data replog,,,J16320-4751,True,IR
ir030402.0309        [0,J16320-4751,16:32:1.82,-47:52:29,2003-04-03,07:31:14,2452732.8134,30.1,1.07,K,K,,,,missingreplog_J16320-4751.csv,,,Data replog,,,J16320-4751,True,IR
ir030402.0308        [0,J16320-4751,16:32:1.81,-47:52:29,2003-04-03,07:30:21,2452732.8127,30.0,1.07,K,K,,,,missingreplog_J16320-4751.csv,,,Data replog,,,J16320-4751,True,IR
ir030402.0307        [0,J16320-4751,16:32:1.79,-47:52:29,2003-04-03,07:29:28,2452732.8121,30.0,1.07,K,K,,,,missingreplog_J16320-4751.csv,,,Data replog,,,J16320-4751,True,IR
ir030402.0306        [0,J16320-4751,16:32:1.77,-47:52:29,2003-04-03,07:28:35,2452732.8115,30.1,1.07,K,K,,,,missingreplog_J16320-4751.csv,,,Data replog,,,J16320-4751,True,IR
ir030402.0305        [0,J16320-4751,16:32:1.76,-47:52:28,2003-04-03,07:27:42,2452732.8109,30.0,1.08,K,K,,,,missingreplog_J16320-4751.csv,,,Data replog,,,J16320-4751,True,IR
ir030402.0304        [0,J16320-4751,16:32:1.74,-47:52:28,2003-04-03,07:26:49,2452732.8103,30.0,1.08,K,K,,,,missingreplog_J16320-4751.csv,,,Data replog,,,J16320-4751,True,IR
ir030401.0331        [0,J16320-4751,16:32:1.75,-47:52:28,2003-04-02,08:03:25,2452731.8357,30.0,1.06,K,K,,,,missingreplog_J16320-4751.csv,,,Data replog,,,J16320-4751,True,IR
ir030401.0329        [0,J16320-4751,16:32:1.72,-47:52:28,2003-04-02,08:01:40,2452731.8345,30.1,1.06,K,K,,,,missingreplog_J16320-4751.csv,,,Data replog,,,J16320-4751,True,IR
ir030330.0296        [0,J16320-4751,16:32:1.79,-47:52:28,2003-03-31,07:43:56,2452729.8222,30.0,1.07,K,K,,,,missingreplog_J16320-4751.csv,,,Data replog,,,J16320-4751,True,IR
ir030331.0251        [0,J16320-4751,16:32:1.74,-47:52:29,2003-04-01,06:45:50,2452730.7818,30.0,1.13,K,K,,,,missingreplog_J16320-4751.csv,,,Data replog,,,J16320-4751,True,IR
ir030331.0334        [0,J16320-4751,16:32:1.63,-47:52:28,2003-04-01,07:57:31,2452730.8316,30.0,1.06,K,K,,,,missingreplog_J16320-4751.csv,,,Data replog,,,J16320-4751,True,IR
ir030331.0333        [0,J16320-4751,16:32:1.70,-47:52:28,2003-04-01,07:56:39,2452730.831,30.1,1.06,K,K,,,,missingreplog_J16320-4751.csv,,,Data replog,,,J16320-4751,True,IR
ir030331.0260        [0,J16320-4751,16:32:2.07,-47:52:29,2003-04-01,06:53:45,2452730.7873,30.0,1.12,K,K,,,,missingreplog_J16320-4751.csv,,,Data replog,,,J16320-4751,True,IR
ir030331.0259        [0,J16320-4751,16:32:2.05,-47:52:29,2003-04-01,06:52:51,2452730.7867,30.0,1.12,K,K,,,,missingreplog_J16320-4751.csv,,,Data replog,,,J16320-4751,True,IR
ir030331.0258        [0,J16320-4751,16:32:2.01,-47:52:29,2003-04-01,06:51:59,2452730.7861,30.0,1.12,K,K,,,,missingreplog_J16320-4751.csv,,,Data replog,,,J16320-4751,True,IR
ir030331.0257        [0,J16320-4751,16:32:1.96,-47:52:29,2003-04-01,06:51:07,2452730.7855,30.0,1.12,K,K,,,,missingreplog_J16320-4751.csv,,,Data replog,,,J16320-4751,True,IR
ir030331.0256        [0,J16320-4751,16:32:1.93,-47:52:29,2003-04-01,06:50:14,2452730.7849,30.0,1.13,K,K,,,,missingreplog_J16320-4751.csv,,,Data replog,,,J16320-4751,True,IR
ir030331.0255        [0,J16320-4751,16:32:1.89,-47:52:29,2003-04-01,06:49:20,2452730.7843,30.0,1.13,K,K,,,,missingreplog_J16320-4751.csv,,,Data replog,,,J16320-4751,True,IR
ir030331.0254        [0,J16320-4751,16:32:1.84,-47:52:29,2003-04-01,06:48:28,2452730.7837,30.0,1.13,K,K,,,,missingreplog_J16320-4751.csv,,,Data replog,,,J16320-4751,True,IR
ir030331.0253        [0,J16320-4751,16:32:1.78,-47:52:29,2003-04-01,06:47:35,2452730.7831,30.0,1.13,K,K,,,,missingreplog_J16320-4751.csv,,,Data replog,,,J16320-4751,True,IR
ir030331.0252        [0,J16320-4751,16:32:1.74,-47:52:29,2003-04-01,06:46:42,2452730.7824,30.1,1.13,K,K,,,,missingreplog_J16320-4751.csv,,,Data replog,,,J16320-4751,True,IR
ir030330.0342        [0,J16320-4751,16:32:1.81,-47:52:26,2003-03-31,08:48:50,2452729.8673,30.1,1.05,K,K,,,,missingreplog_J16320-4751.csv,,,Data replog,,,J16320-4751,True,IR
ir030401.0304        [0,J16320-4751,16:32:1.73,-47:52:25,2003-04-02,07:12:32,2452731.8004,30.1,1.09,K,K,,,,missingreplog_J16320-4751.csv,,,Data replog,,,J16320-4751,True,IR
ir030330.0341        [0,J16320-4751,16:32:1.78,-47:52:26,2003-03-31,08:47:57,2452729.8666,30.0,1.05,K,K,,,,missingreplog_J16320-4751.csv,,,Data replog,,,J16320-4751,True,IR
ir030330.0340        [0,J16320-4751,16:32:1.78,-47:52:26,2003-03-31,08:47:05,2452729.866,30.1,1.05,K,K,,,,missingreplog_J16320-4751.csv,,,Data replog,,,J16320-4751,True,IR
ir030330.0339        [0,J16320-4751,16:32:1.75,-47:52:26,2003-03-31,08:46:13,2452729.8654,30.0,1.05,K,K,,,,missingreplog_J16320-4751.csv,,,Data replog,,,J16320-4751,True,IR
ir030330.0338        [0,J16320-4751,16:32:1.72,-47:52:26,2003-03-31,08:45:19,2452729.8648,30.1,1.05,K,K,,,,missingreplog_J16320-4751.csv,,,Data replog,,,J16320-4751,True,IR
ir030330.0337        [0,J16320-4751,16:32:1.71,-47:52:26,2003-03-31,08:44:26,2452729.8642,30.1,1.05,K,K,,,,missingreplog_J16320-4751.csv,,,Data replog,,,J16320-4751,True,IR
ir030330.0336        [0,J16320-4751,16:32:1.72,-47:52:26,2003-03-31,08:43:34,2452729.8636,30.1,1.05,K,K,,,,missingreplog_J16320-4751.csv,,,Data replog,,,J16320-4751,True,IR
ir030330.0335        [0,J16320-4751,16:32:1.72,-47:52:26,2003-03-31,08:42:41,2452729.863,30.1,1.05,K,K,,,,missingreplog_J16320-4751.csv,,,Data replog,,,J16320-4751,True,IR
ir030330.0334        [0,J16320-4751,16:32:1.70,-47:52:27,2003-03-31,08:41:48,2452729.8624,30.0,1.05,K,K,,,,missingreplog_J16320-4751.csv,,,Data replog,,,J16320-4751,True,IR
ir030330.0333        [0,J16320-4751,16:32:1.71,-47:52:27,2003-03-31,08:40:56,2452729.8618,30.0,1.05,K,K,,,,missingreplog_J16320-4751.csv,,,Data replog,,,J16320-4751,True,IR
ir030330.0298        [0,J16320-4751,16:32:1.81,-47:52:28,2003-03-31,07:45:41,2452729.8234,30.1,1.07,K,K,,,,missingreplog_J16320-4751.csv,,,Data replog,,,J16320-4751,True,IR
ir030330.0297        [0,J16320-4751,16:32:1.80,-47:52:28,2003-03-31,07:44:48,2452729.8228,30.0,1.07,K,K,,,,missingreplog_J16320-4751.csv,,,Data replog,,,J16320-4751,True,IR
ir030331.0335        [0,J16320-4751,16:32:1.63,-47:52:28,2003-04-01,07:58:24,2452730.8322,30.0,1.06,K,K,,,,missingreplog_J16320-4751.csv,,,Data replog,,,J16320-4751,True,IR
ir030331.0336        [0,J16320-4751,16:32:1.60,-47:52:28,2003-04-01,07:59:17,2452730.8328,30.1,1.06,K,K,,,,missingreplog_J16320-4751.csv,,,Data replog,,,J16320-4751,True,IR
ir030331.0337        [0,J16320-4751,16:32:1.59,-47:52:28,2003-04-01,08:00:09,2452730.8334,30.0,1.06,K,K,,,,missingreplog_J16320-4751.csv,,,Data replog,,,J16320-4751,True,IR
ir030331.0338        [0,J16320-4751,16:32:1.58,-47:52:28,2003-04-01,08:01:02,2452730.8341,30.0,1.06,K,K,,,,missingreplog_J16320-4751.csv,,,Data replog,,,J16320-4751,True,IR
ir030401.0303        [0,J16320-4751,16:32:1.72,-47:52:26,2003-04-02,07:11:39,2452731.7998,30.0,1.09,K,K,,,,missingreplog_J16320-4751.csv,,,Data replog,,,J16320-4751,True,IR
ir030401.0302        [0,J16320-4751,16:32:1.72,-47:52:26,2003-04-02,07:10:47,2452731.7992,30.0,1.1,K,K,,,,missingreplog_J16320-4751.csv,,,Data replog,,,J16320-4751,True,IR
ir030401.0301        [0,J16320-4751,16:32:1.69,-47:52:26,2003-04-02,07:09:55,2452731.7986,30.0,1.1,K,K,,,,missingreplog_J16320-4751.csv,,,Data replog,,,J16320-4751,True,IR
ir030401.0300        [0,J16320-4751,16:32:1.71,-47:52:26,2003-04-02,07:09:01,2452731.7979,30.1,1.1,K,K,,,,missingreplog_J16320-4751.csv,,,Data replog,,,J16320-4751,True,IR
ir030401.0299        [0,J16320-4751,16:32:1.70,-47:52:27,2003-04-02,07:08:08,2452731.7973,30.0,1.1,K,K,,,,missingreplog_J16320-4751.csv,,,Data replog,,,J16320-4751,True,IR
ir030401.0298        [0,J16320-4751,16:32:1.70,-47:52:27,2003-04-02,07:07:16,2452731.7967,30.1,1.1,K,K,,,,missingreplog_J16320-4751.csv,,,Data replog,,,J16320-4751,True,IR
ir030401.0297        [0,J16320-4751,16:32:1.70,-47:52:27,2003-04-02,07:06:23,2452731.7961,30.0,1.1,K,K,,,,missingreplog_J16320-4751.csv,,,Data replog,,,J16320-4751,True,IR
ir030401.0296        [0,J16320-4751,16:32:1.72,-47:52:27,2003-04-02,07:05:29,2452731.7955,30.0,1.1,K,K,,,,missingreplog_J16320-4751.csv,,,Data replog,,,J16320-4751,True,IR
ir030401.0295        [0,J16320-4751,16:32:1.72,-47:52:28,2003-04-02,07:04:38,2452731.7949,30.1,1.1,K,K,,,,missingreplog_J16320-4751.csv,,,Data replog,,,J16320-4751,True,IR
ir030331.0383        [0,J16320-4751,16:32:1.97,-47:52:27,2003-04-01,09:12:26,2452730.8836,30.0,1.06,K,K,,,,missingreplog_J16320-4751.csv,,,Data replog,,,J16320-4751,True,IR
ir030331.0382        [0,J16320-4751,16:32:1.95,-47:52:27,2003-04-01,09:11:33,2452730.883,30.1,1.06,K,K,,,,missingreplog_J16320-4751.csv,,,Data replog,,,J16320-4751,True,IR
ir030331.0381        [0,J16320-4751,16:32:1.91,-47:52:27,2003-04-01,09:10:41,2452730.8824,30.0,1.06,K,K,,,,missingreplog_J16320-4751.csv,,,Data replog,,,J16320-4751,True,IR
ir030331.0380        [0,J16320-4751,16:32:1.91,-47:52:27,2003-04-01,09:09:49,2452730.8818,30.1,1.06,K,K,,,,missingreplog_J16320-4751.csv,,,Data replog,,,J16320-4751,True,IR
ir030331.0379        [0,J16320-4751,16:32:1.90,-47:52:28,2003-04-01,09:08:56,2452730.8812,30.0,1.06,K,K,,,,missingreplog_J16320-4751.csv,,,Data replog,,,J16320-4751,True,IR
ir030331.0378        [0,J16320-4751,16:32:1.86,-47:52:28,2003-04-01,09:08:03,2452730.8806,30.1,1.06,K,K,,,,missingreplog_J16320-4751.csv,,,Data replog,,,J16320-4751,True,IR
ir030331.0377        [0,J16320-4751,16:32:1.85,-47:52:28,2003-04-01,09:07:11,2452730.88,30.0,1.06,K,K,,,,missingreplog_J16320-4751.csv,,,Data replog,,,J16320-4751,True,IR
ir030331.0376        [0,J16320-4751,16:32:1.82,-47:52:27,2003-04-01,09:06:17,2452730.8794,30.0,1.06,K,K,,,,missingreplog_J16320-4751.csv,,,Data replog,,,J16320-4751,True,IR
ir030331.0375        [0,J16320-4751,16:32:1.80,-47:52:28,2003-04-01,09:05:24,2452730.8788,30.0,1.06,K,K,,,,missingreplog_J16320-4751.csv,,,Data replog,,,J16320-4751,True,IR
ir030331.0374        [0,J16320-4751,16:32:1.75,-47:52:28,2003-04-01,09:04:32,2452730.8782,30.1,1.05,K,K,,,,missingreplog_J16320-4751.csv,,,Data replog,,,J16320-4751,True,IR
ir030331.0342        [0,J16320-4751,16:32:1.60,-47:52:27,2003-04-01,08:04:32,2452730.8365,30.0,1.06,K,K,,,,missingreplog_J16320-4751.csv,,,Data replog,,,J16320-4751,True,IR
ir030331.0341        [0,J16320-4751,16:32:1.59,-47:52:27,2003-04-01,08:03:39,2452730.8359,30.0,1.06,K,K,,,,missingreplog_J16320-4751.csv,,,Data replog,,,J16320-4751,True,IR
ir030331.0340        [0,J16320-4751,16:32:1.58,-47:52:27,2003-04-01,08:02:47,2452730.8353,30.1,1.06,K,K,,,,missingreplog_J16320-4751.csv,,,Data replog,,,J16320-4751,True,IR
ir030331.0339        [0,J16320-4751,16:32:1.59,-47:52:28,2003-04-01,08:01:55,2452730.8347,30.0,1.06,K,K,,,,missingreplog_J16320-4751.csv,,,Data replog,,,J16320-4751,True,IR
ir030325.0361        [0,J16320-4751,16:32:1.88,-47:52:29,2003-03-26,09:16:16,2452724.8863,30.0,1.05,K,K,,,,missingreplog_J16320-4751.csv,,,Data replog,,,J16320-4751,True,IR
ir030325.0360        [0,J16320-4751,16:32:1.86,-47:52:29,2003-03-26,09:15:23,2452724.8857,30.1,1.05,K,K,,,,missingreplog_J16320-4751.csv,,,Data replog,,,J16320-4751,True,IR
ir030325.0359        [0,J16320-4751,16:32:1.87,-47:52:29,2003-03-26,09:14:31,2452724.8851,30.1,1.05,K,K,,,,missingreplog_J16320-4751.csv,,,Data replog,,,J16320-4751,True,IR
ir030325.0358        [0,J16320-4751,16:32:1.86,-47:52:29,2003-03-26,09:13:39,2452724.8845,30.0,1.05,K,K,,,,missingreplog_J16320-4751.csv,,,Data replog,,,J16320-4751,True,IR
ir030324.0322      [06:,J16320-4751,16:32:1.63,-47:52:29,2003-03-25,05:59:42,2452723.7498,30.1,1.3,K,K,,,,missingreplog_J16320-4751.csv,,,Data replog,,,J16320-4751,True,IR
ir030324.0391      [07:,J16320-4751,16:32:1.95,-47:52:26,2003-03-25,07:18:58,2452723.8048,30.1,1.12,K,K,,,,missingreplog_J16320-4751.csv,,,Data replog,,,J16320-4751,True,IR
ir030324.0390      [07:,J16320-4751,16:32:1.91,-47:52:26,2003-03-25,07:18:06,2452723.8042,30.0,1.13,K,K,,,,missingreplog_J16320-4751.csv,,,Data replog,,,J16320-4751,True,IR
ir030324.0389      [07:,J16320-4751,16:32:1.89,-47:52:27,2003-03-25,07:17:14,2452723.8036,30.0,1.13,K,K,,,,missingreplog_J16320-4751.csv,,,Data replog,,,J16320-4751,True,IR
ir030324.0388      [07:,J16320-4751,16:32:1.85,-47:52:27,2003-03-25,07:16:21,2452723.803,30.0,1.13,K,K,,,,missingreplog_J16320-4751.csv,,,Data replog,,,J16320-4751,True,IR
ir030324.0387      [07:,J16320-4751,16:32:1.80,-47:52:27,2003-03-25,07:15:28,2452723.8024,30.1,1.13,K,K,,,,missingreplog_J16320-4751.csv,,,Data replog,,,J16320-4751,True,IR
ir030324.0386      [07:,J16320-4751,16:32:1.74,-47:52:28,2003-03-25,07:14:36,2452723.8018,30.1,1.13,K,K,,,,missingreplog_J16320-4751.csv,,,Data replog,,,J16320-4751,True,IR
ir030324.0327      [06:,J16320-4751,16:32:1.54,-47:52:30,2003-03-25,06:04:04,2452723.7528,30.0,1.29,K,K,,,,missingreplog_J16320-4751.csv,,,Data replog,,,J16320-4751,True,IR
ir030324.0326      [06:,J16320-4751,16:32:1.57,-47:52:29,2003-03-25,06:03:11,2452723.7522,30.0,1.29,K,K,,,,missingreplog_J16320-4751.csv,,,Data replog,,,J16320-4751,True,IR
ir030324.0325      [06:,J16320-4751,16:32:1.59,-47:52:29,2003-03-25,06:02:19,2452723.7516,30.1,1.29,K,K,,,,missingreplog_J16320-4751.csv,,,Data replog,,,J16320-4751,True,IR
ir030324.0324      [06:,J16320-4751,16:32:1.61,-47:52:29,2003-03-25,06:01:27,2452723.751,30.0,1.29,K,K,,,,missingreplog_J16320-4751.csv,,,Data replog,,,J16320-4751,True,IR
ir030324.0323      [06:,J16320-4751,16:32:1.62,-47:52:29,2003-03-25,06:00:34,2452723.7504,30.0,1.3,K,K,,,,missingreplog_J16320-4751.csv,,,Data replog,,,J16320-4751,True,IR
ir030324.0321      [06:,J16320-4751,16:32:1.61,-47:52:29,2003-03-25,05:58:49,2452723.7492,30.1,1.3,K,K,,,,missingreplog_J16320-4751.csv,,,Data replog,,,J16320-4751,True,IR
ir030324.0320      [06:,J16320-4751,16:32:1.65,-47:52:29,2003-03-25,05:57:57,2452723.7486,30.0,1.3,K,K,,,,missingreplog_J16320-4751.csv,,,Data replog,,,J16320-4751,True,IR
ir030324.0319      [06:,J16320-4751,16:32:1.70,-47:52:29,2003-03-25,05:57:04,2452723.748,30.1,1.31,K,K,,,,missingreplog_J16320-4751.csv,,,Data replog,,,J16320-4751,True,IR
ir030324.0318      [05:,J16320-4751,16:32:1.71,-47:52:29,2003-03-25,05:56:12,2452723.7474,30.0,1.31,K,K,,,,missingreplog_J16320-4751.csv,,,Data replog,,,J16320-4751,True,IR
ir030322.0539      [08:,J16320-4751,16:32:1.96,-47:52:29,2003-03-23,08:23:38,2452721.8498,30.0,1.07,K,K,,,,missingreplog_J16320-4751.csv,,,Data replog,,,J16320-4751,True,IR
ir030322.0538      [08:,J16320-4751,16:32:1.95,-47:52:29,2003-03-23,08:22:46,2452721.8492,30.0,1.07,K,K,,,,missingreplog_J16320-4751.csv,,,Data replog,,,J16320-4751,True,IR
ir030322.0537      [08:,J16320-4751,16:32:1.91,-47:52:28,2003-03-23,08:21:54,2452721.8485,30.1,1.07,K,K,,,,missingreplog_J16320-4751.csv,,,Data replog,,,J16320-4751,True,IR
ir030322.0536      [08:,J16320-4751,16:32:1.89,-47:52:28,2003-03-23,08:21:02,2452721.8479,30.1,1.07,K,K,,,,missingreplog_J16320-4751.csv,,,Data replog,,,J16320-4751,True,IR
ir030322.0535      [08:,J16320-4751,16:32:1.86,-47:52:28,2003-03-23,08:20:09,2452721.8473,30.1,1.07,K,K,,,,missingreplog_J16320-4751.csv,,,Data replog,,,J16320-4751,True,IR
ir030322.0534      [08:,J16320-4751,16:32:1.83,-47:52:29,2003-03-23,08:19:17,2452721.8467,30.0,1.07,K,K,,,,missingreplog_J16320-4751.csv,,,Data replog,,,J16320-4751,True,IR
ir030322.0533      [08:,J16320-4751,16:32:1.80,-47:52:28,2003-03-23,08:18:24,2452721.8461,30.1,1.07,K,K,,,,missingreplog_J16320-4751.csv,,,Data replog,,,J16320-4751,True,IR
ir030322.0532      [08:,J16320-4751,16:32:1.79,-47:52:28,2003-03-23,08:17:32,2452721.8455,30.0,1.07,K,K,,,,missingreplog_J16320-4751.csv,,,Data replog,,,J16320-4751,True,IR
ir030324.0392      [07:,J16320-4751,16:32:2.00,-47:52:26,2003-03-25,07:19:51,2452723.8054,30.0,1.12,K,K,,,,missingreplog_J16320-4751.csv,,,Data replog,,,J16320-4751,True,IR
ir030324.0393      [07:,J16320-4751,16:32:2.03,-47:52:26,2003-03-25,07:20:42,2452723.806,30.1,1.12,K,K,,,,missingreplog_J16320-4751.csv,,,Data replog,,,J16320-4751,True,IR
ir030324.0394      [07:,J16320-4751,16:32:2.07,-47:52:25,2003-03-25,07:21:35,2452723.8067,30.1,1.12,K,K,,,,missingreplog_J16320-4751.csv,,,Data replog,,,J16320-4751,True,IR
ir030324.0395      [07:,J16320-4751,16:32:2.11,-47:52:25,2003-03-25,07:22:27,2452723.8073,30.0,1.12,K,K,,,,missingreplog_J16320-4751.csv,,,Data replog,,,J16320-4751,True,IR
ir030325.0357        [0,J16320-4751,16:32:1.85,-47:52:29,2003-03-26,09:12:46,2452724.8839,30.1,1.05,K,K,,,,missingreplog_J16320-4751.csv,,,Data replog,,,J16320-4751,True,IR
ir030325.0356        [0,J16320-4751,16:32:1.79,-47:52:29,2003-03-26,09:11:53,2452724.8833,30.1,1.05,K,K,,,,missingreplog_J16320-4751.csv,,,Data replog,,,J16320-4751,True,IR
ir030325.0355        [0,J16320-4751,16:32:1.77,-47:52:29,2003-03-26,09:11:00,2452724.8827,30.0,1.05,K,K,,,,missingreplog_J16320-4751.csv,,,Data replog,,,J16320-4751,True,IR
ir030325.0354        [0,J16320-4751,16:32:1.74,-47:52:28,2003-03-26,09:10:08,2452724.882,30.0,1.05,K,K,,,,missingreplog_J16320-4751.csv,,,Data replog,,,J16320-4751,True,IR
ir030325.0278        [0,J16320-4751,16:32:1.81,-47:52:29,2003-03-26,08:09:23,2452724.8399,30.0,1.07,K,K,,,,missingreplog_J16320-4751.csv,,,Data replog,,,J16320-4751,True,IR
ir030325.0277        [0,J16320-4751,16:32:1.81,-47:52:29,2003-03-26,08:08:31,2452724.8393,30.0,1.07,K,K,,,,missingreplog_J16320-4751.csv,,,Data replog,,,J16320-4751,True,IR
ir030325.0276        [0,J16320-4751,16:32:1.80,-47:52:29,2003-03-26,08:07:38,2452724.8386,30.0,1.07,K,K,,,,missingreplog_J16320-4751.csv,,,Data replog,,,J16320-4751,True,IR
ir030325.0275        [0,J16320-4751,16:32:1.78,-47:52:29,2003-03-26,08:06:46,2452724.838,30.1,1.07,K,K,,,,missingreplog_J16320-4751.csv,,,Data replog,,,J16320-4751,True,IR
ir030325.0273        [0,J16320-4751,16:32:1.75,-47:52:29,2003-03-26,08:05:01,2452724.8368,30.1,1.07,K,K,,,,missingreplog_J16320-4751.csv,,,Data replog,,,J16320-4751,True,IR
ir030325.0272        [0,J16320-4751,16:32:1.76,-47:52:29,2003-03-26,08:04:09,2452724.8362,30.0,1.07,K,K,,,,missingreplog_J16320-4751.csv,,,Data replog,,,J16320-4751,True,IR
ir030325.0271        [0,J16320-4751,16:32:1.74,-47:52:29,2003-03-26,08:03:16,2452724.8356,30.0,1.07,K,K,,,,missingreplog_J16320-4751.csv,,,Data replog,,,J16320-4751,True,IR
ir030325.0270        [0,J16320-4751,16:32:1.74,-47:52:30,2003-03-26,08:02:23,2452724.835,30.0,1.07,K,K,,,,missingreplog_J16320-4751.csv,,,Data replog,,,J16320-4751,True,IR
ir030325.0269        [0,J16320-4751,16:32:1.73,-47:52:29,2003-03-26,08:01:30,2452724.8344,30.1,1.07,K,K,,,,missingreplog_J16320-4751.csv,,,Data replog,,,J16320-4751,True,IR
ir030324.0444      [08:,J16320-4751,16:32:1.76,-47:52:27,2003-03-25,08:28:52,2452723.8534,30.0,1.06,K,K,,,,missingreplog_J16320-4751.csv,,,Data replog,,,J16320-4751,True,IR
ir030324.0443      [08:,J16320-4751,16:32:1.74,-47:52:27,2003-03-25,08:27:59,2452723.8528,30.1,1.06,K,K,,,,missingreplog_J16320-4751.csv,,,Data replog,,,J16320-4751,True,IR
ir030324.0442      [08:,J16320-4751,16:32:1.75,-47:52:28,2003-03-25,08:27:07,2452723.8522,30.1,1.06,K,K,,,,missingreplog_J16320-4751.csv,,,Data replog,,,J16320-4751,True,IR
ir030324.0441      [08:,J16320-4751,16:32:1.73,-47:52:28,2003-03-25,08:26:15,2452723.8516,30.0,1.06,K,K,,,,missingreplog_J16320-4751.csv,,,Data replog,,,J16320-4751,True,IR
ir030324.0440      [08:,J16320-4751,16:32:1.73,-47:52:27,2003-03-25,08:25:23,2452723.851,30.0,1.06,K,K,,,,missingreplog_J16320-4751.csv,,,Data replog,,,J16320-4751,True,IR
ir030324.0439      [08:,J16320-4751,16:32:1.72,-47:52:27,2003-03-25,08:24:31,2452723.8504,30.0,1.06,K,K,,,,missingreplog_J16320-4751.csv,,,Data replog,,,J16320-4751,True,IR
ir030324.0438      [08:,J16320-4751,16:32:1.72,-47:52:27,2003-03-25,08:23:39,2452723.8498,30.1,1.06,K,K,,,,missingreplog_J16320-4751.csv,,,Data replog,,,J16320-4751,True,IR
ir030324.0437      [08:,J16320-4751,16:32:1.71,-47:52:28,2003-03-25,08:22:46,2452723.8491,30.0,1.06,K,K,,,,missingreplog_J16320-4751.csv,,,Data replog,,,J16320-4751,True,IR
ir030324.0436      [08:,J16320-4751,16:32:1.70,-47:52:28,2003-03-25,08:21:53,2452723.8485,30.0,1.06,K,K,,,,missingreplog_J16320-4751.csv,,,Data replog,,,J16320-4751,True,IR
ir030324.0435      [08:,J16320-4751,16:32:1.73,-47:52:28,2003-03-25,08:21:00,2452723.8479,30.1,1.06,K,K,,,,missingreplog_J16320-4751.csv,,,Data replog,,,J16320-4751,True,IR
ir030322.0531      [08:,J16320-4751,16:32:1.76,-47:52:28,2003-03-23,08:16:39,2452721.8449,30.0,1.07,K,K,,,,missingreplog_J16320-4751.csv,,,Data replog,,,J16320-4751,True,IR
ir030322.0530      [08:,J16320-4751,16:32:1.74,-47:52:28,2003-03-23,08:15:47,2452721.8443,30.0,1.07,K,K,,,,missingreplog_J16320-4751.csv,,,Data replog,,,J16320-4751,True,IR
ir030322.0478      [07:,J16320-4751,16:32:1.99,-47:52:28,2003-03-23,07:14:07,2452721.8015,30.1,1.14,K,K,,,,missingreplog_J16320-4751.csv,,,Data replog,,,J16320-4751,True,IR
ir030322.0271      [05:,J16320-4751,16:32:1.58,-47:52:30,2003-03-23,05:06:04,2452721.7125,30.0,1.55,K,K,,,,missingreplog_J16320-4751.csv,,,Data replog,,,J16320-4751,True,IR
ir030322.0269      [05:,J16320-4751,16:32:1.64,-47:52:29,2003-03-23,05:04:19,2452721.7113,30.1,1.56,K,K,,,,missingreplog_J16320-4751.csv,,,Data replog,,,J16320-4751,True,IR
ir030321.0359      [08:,J16320-4751,16:32:1.79,-47:52:28,2003-03-22,08:49:42,2452720.8679,30.0,1.06,K,K,,,,missingreplog_J16320-4751.csv,,,Data replog,,,J16320-4751,True,IR
ir030321.0358      [08:,J16320-4751,16:32:1.78,-47:52:28,2003-03-22,08:48:50,2452720.8672,30.1,1.06,K,K,,,,missingreplog_J16320-4751.csv,,,Data replog,,,J16320-4751,True,IR
ir030321.0357      [08:,J16320-4751,16:32:1.76,-47:52:28,2003-03-22,08:47:58,2452720.8667,30.0,1.06,K,K,,,,missingreplog_J16320-4751.csv,,,Data replog,,,J16320-4751,True,IR
ir030321.0356      [08:,J16320-4751,16:32:1.77,-47:52:28,2003-03-22,08:47:06,2452720.866,30.0,1.06,K,K,,,,missingreplog_J16320-4751.csv,,,Data replog,,,J16320-4751,True,IR
ir030321.0355      [08:,J16320-4751,16:32:1.77,-47:52:28,2003-03-22,08:46:13,2452720.8654,30.1,1.06,K,K,,,,missingreplog_J16320-4751.csv,,,Data replog,,,J16320-4751,True,IR
ir030321.0354      [08:,J16320-4751,16:32:1.76,-47:52:28,2003-03-22,08:45:20,2452720.8648,30.1,1.06,K,K,,,,missingreplog_J16320-4751.csv,,,Data replog,,,J16320-4751,True,IR
ir030321.0353      [08:,J16320-4751,16:32:1.74,-47:52:28,2003-03-22,08:44:28,2452720.8642,30.1,1.06,K,K,,,,missingreplog_J16320-4751.csv,,,Data replog,,,J16320-4751,True,IR
ir030321.0352      [08:,J16320-4751,16:32:1.73,-47:52:28,2003-03-22,08:43:35,2452720.8636,30.0,1.06,K,K,,,,missingreplog_J16320-4751.csv,,,Data replog,,,J16320-4751,True,IR
ir030321.0351      [08:,J16320-4751,16:32:1.72,-47:52:28,2003-03-22,08:42:42,2452720.863,30.0,1.06,K,K,,,,missingreplog_J16320-4751.csv,,,Data replog,,,J16320-4751,True,IR
ir030321.0350      [08:,J16320-4751,16:32:1.70,-47:52:28,2003-03-22,08:41:50,2452720.8624,30.0,1.06,K,K,,,,missingreplog_J16320-4751.csv,,,Data replog,,,J16320-4751,True,IR
ir030322.0270      [05:,J16320-4751,16:32:1.60,-47:52:30,2003-03-23,05:05:11,2452721.7119,30.0,1.56,K,K,,,,missingreplog_J16320-4751.csv,,,Data replog,,,J16320-4751,True,IR
ir030322.0272      [05:,J16320-4751,16:32:1.59,-47:52:30,2003-03-23,05:06:57,2452721.7132,30.0,1.55,K,K,,,,missingreplog_J16320-4751.csv,,,Data replog,,,J16320-4751,True,IR
ir030322.0477      [07:,J16320-4751,16:32:1.94,-47:52:29,2003-03-23,07:13:14,2452721.8009,30.1,1.15,K,K,,,,missingreplog_J16320-4751.csv,,,Data replog,,,J16320-4751,True,IR
ir030322.0273      [05:,J16320-4751,16:32:1.60,-47:52:30,2003-03-23,05:07:49,2452721.7138,30.1,1.55,K,K,,,,missingreplog_J16320-4751.csv,,,Data replog,,,J16320-4751,True,IR
ir030322.0476      [07:,J16320-4751,16:32:1.93,-47:52:28,2003-03-23,07:12:22,2452721.8003,30.1,1.15,K,K,,,,missingreplog_J16320-4751.csv,,,Data replog,,,J16320-4751,True,IR
ir030322.0475      [07:,J16320-4751,16:32:1.89,-47:52:29,2003-03-23,07:11:30,2452721.7997,30.1,1.15,K,K,,,,missingreplog_J16320-4751.csv,,,Data replog,,,J16320-4751,True,IR
ir030322.0474      [07:,J16320-4751,16:32:1.86,-47:52:29,2003-03-23,07:10:38,2452721.7991,30.1,1.15,K,K,,,,missingreplog_J16320-4751.csv,,,Data replog,,,J16320-4751,True,IR
ir030322.0473      [07:,J16320-4751,16:32:1.82,-47:52:29,2003-03-23,07:09:46,2452721.7985,30.0,1.15,K,K,,,,missingreplog_J16320-4751.csv,,,Data replog,,,J16320-4751,True,IR
ir030322.0472      [07:,J16320-4751,16:32:1.80,-47:52:29,2003-03-23,07:08:54,2452721.7979,30.0,1.15,K,K,,,,missingreplog_J16320-4751.csv,,,Data replog,,,J16320-4751,True,IR
ir030322.0471      [07:,J16320-4751,16:32:1.77,-47:52:28,2003-03-23,07:08:01,2452721.7972,30.1,1.15,K,K,,,,missingreplog_J16320-4751.csv,,,Data replog,,,J16320-4751,True,IR
ir030322.0470      [07:,J16320-4751,16:32:1.76,-47:52:28,2003-03-23,07:07:08,2452721.7966,30.0,1.16,K,K,,,,missingreplog_J16320-4751.csv,,,Data replog,,,J16320-4751,True,IR
ir030322.0469      [07:,J16320-4751,16:32:1.73,-47:52:29,2003-03-23,07:06:16,2452721.796,30.1,1.16,K,K,,,,missingreplog_J16320-4751.csv,,,Data replog,,,J16320-4751,True,IR
ir030322.0384      [06:,J16320-4751,16:32:1.62,-47:52:30,2003-03-23,06:16:49,2452721.7617,30.1,1.27,K,K,,,,missingreplog_J16320-4751.csv,,,Data replog,,,J16320-4751,True,IR
ir030322.0383      [06:,J16320-4751,16:32:1.64,-47:52:30,2003-03-23,06:15:56,2452721.7611,30.0,1.27,K,K,,,,missingreplog_J16320-4751.csv,,,Data replog,,,J16320-4751,True,IR
ir030322.0382      [06:,J16320-4751,16:32:1.64,-47:52:30,2003-03-23,06:15:04,2452721.7605,30.0,1.28,K,K,,,,missingreplog_J16320-4751.csv,,,Data replog,,,J16320-4751,True,IR
ir030322.0381      [06:,J16320-4751,16:32:1.63,-47:52:30,2003-03-23,06:14:12,2452721.7599,30.1,1.28,K,K,,,,missingreplog_J16320-4751.csv,,,Data replog,,,J16320-4751,True,IR
ir030322.0380      [06:,J16320-4751,16:32:1.64,-47:52:30,2003-03-23,06:13:19,2452721.7593,30.0,1.28,K,K,,,,missingreplog_J16320-4751.csv,,,Data replog,,,J16320-4751,True,IR
ir030322.0379      [06:,J16320-4751,16:32:1.65,-47:52:30,2003-03-23,06:12:27,2452721.7587,30.1,1.28,K,K,,,,missingreplog_J16320-4751.csv,,,Data replog,,,J16320-4751,True,IR
ir030322.0378      [06:,J16320-4751,16:32:1.62,-47:52:30,2003-03-23,06:11:35,2452721.758,30.1,1.29,K,K,,,,missingreplog_J16320-4751.csv,,,Data replog,,,J16320-4751,True,IR
ir030322.0377      [06:,J16320-4751,16:32:1.66,-47:52:30,2003-03-23,06:10:42,2452721.7574,30.0,1.29,K,K,,,,missingreplog_J16320-4751.csv,,,Data replog,,,J16320-4751,True,IR
ir030322.0376      [06:,J16320-4751,16:32:1.67,-47:52:30,2003-03-23,06:09:50,2452721.7568,30.0,1.29,K,K,,,,missingreplog_J16320-4751.csv,,,Data replog,,,J16320-4751,True,IR
ir030322.0375      [06:,J16320-4751,16:32:1.69,-47:52:29,2003-03-23,06:08:58,2452721.7562,30.1,1.29,K,K,,,,missingreplog_J16320-4751.csv,,,Data replog,,,J16320-4751,True,IR
ir030322.0278      [05:,J16320-4751,16:32:1.72,-47:52:30,2003-03-23,05:12:12,2452721.7168,30.0,1.52,K,K,,,,missingreplog_J16320-4751.csv,,,Data replog,,,J16320-4751,True,IR
ir030322.0277      [05:,J16320-4751,16:32:1.67,-47:52:30,2003-03-23,05:11:19,2452721.7162,30.0,1.53,K,K,,,,missingreplog_J16320-4751.csv,,,Data replog,,,J16320-4751,True,IR
ir030322.0276      [05:,J16320-4751,16:32:1.66,-47:52:30,2003-03-23,05:10:27,2452721.7156,30.0,1.53,K,K,,,,missingreplog_J16320-4751.csv,,,Data replog,,,J16320-4751,True,IR
ir030322.0275      [05:,J16320-4751,16:32:1.64,-47:52:30,2003-03-23,05:09:35,2452721.715,30.0,1.54,K,K,,,,missingreplog_J16320-4751.csv,,,Data replog,,,J16320-4751,True,IR
ir030322.0274      [05:,J16320-4751,16:32:1.62,-47:52:30,2003-03-23,05:08:42,2452721.7144,30.0,1.54,K,K,,,,missingreplog_J16320-4751.csv,,,Data replog,,,J16320-4751,True,IR
ir030403.0302        [0,J16320-4751,16:32:1.81,-47:52:28,2003-04-04,07:24:24,2452733.8086,30.1,1.07,K,K,,,,missingreplog_J16320-4751.csv,,,Data replog,,,J16320-4751,True,IR
ir030403.0303        [0,J16320-4751,16:32:1.83,-47:52:28,2003-04-04,07:25:17,2452733.8092,30.1,1.07,K,K,,,,missingreplog_J16320-4751.csv,,,Data replog,,,J16320-4751,True,IR
ir030403.0304        [0,J16320-4751,16:32:1.84,-47:52:28,2003-04-04,07:26:11,2452733.8098,30.1,1.07,K,K,,,,missingreplog_J16320-4751.csv,,,Data replog,,,J16320-4751,True,IR
ir030424.0124        [0,J16320-4751,16:32:1.82,-47:52:29,2003-04-25,05:59:55,2452754.7499,30.1,1.08,K,K,,,,missingreplog_J16320-4751.csv,,,Data replog,,,J16320-4751,True,IR
ir030425.0197        [0,J16320-4751,16:32:1.70,-47:52:29,2003-04-26,06:19:05,2452755.7633,30.0,1.06,K,K,,,,missingreplog_J16320-4751.csv,,,Data replog,,,J16320-4751,True,IR
ir030425.0196        [0,J16320-4751,16:32:1.70,-47:52:29,2003-04-26,06:18:12,2452755.7626,30.0,1.06,K,K,,,,missingreplog_J16320-4751.csv,,,Data replog,,,J16320-4751,True,IR
ir030425.0195        [0,J16320-4751,16:32:1.68,-47:52:29,2003-04-26,06:17:20,2452755.762,30.0,1.06,K,K,,,,missingreplog_J16320-4751.csv,,,Data replog,,,J16320-4751,True,IR
ir030425.0194        [0,J16320-4751,16:32:1.72,-47:52:29,2003-04-26,06:16:27,2452755.7614,30.0,1.06,K,K,,,,missingreplog_J16320-4751.csv,,,Data replog,,,J16320-4751,True,IR
ir030424.0131        [0,J16320-4751,16:32:1.97,-47:52:30,2003-04-25,06:06:01,2452754.7542,30.0,1.07,K,K,,,,missingreplog_J16320-4751.csv,,,Data replog,,,J16320-4751,True,IR
ir030424.0130        [0,J16320-4751,16:32:1.96,-47:52:29,2003-04-25,06:05:08,2452754.7536,30.0,1.07,K,K,,,,missingreplog_J16320-4751.csv,,,Data replog,,,J16320-4751,True,IR
ir030424.0129        [0,J16320-4751,16:32:1.93,-47:52:29,2003-04-25,06:04:16,2452754.753,30.1,1.07,K,K,,,,missingreplog_J16320-4751.csv,,,Data replog,,,J16320-4751,True,IR
ir030424.0128        [0,J16320-4751,16:32:1.91,-47:52:29,2003-04-25,06:03:24,2452754.7524,30.0,1.07,K,K,,,,missingreplog_J16320-4751.csv,,,Data replog,,,J16320-4751,True,IR
ir030424.0127        [0,J16320-4751,16:32:1.89,-47:52:29,2003-04-25,06:02:31,2452754.7518,30.0,1.07,K,K,,,,missingreplog_J16320-4751.csv,,,Data replog,,,J16320-4751,True,IR
ir030424.0126        [0,J16320-4751,16:32:1.86,-47:52:29,2003-04-25,06:01:39,2452754.7511,30.1,1.07,K,K,,,,missingreplog_J16320-4751.csv,,,Data replog,,,J16320-4751,True,IR
ir030424.0125        [0,J16320-4751,16:32:1.82,-47:52:29,2003-04-25,06:00:48,2452754.7505,30.0,1.08,K,K,,,,missingreplog_J16320-4751.csv,,,Data replog,,,J16320-4751,True,IR
ir030424.0123        [0,J16320-4751,16:32:1.77,-47:52:29,2003-04-25,05:59:02,2452754.7493,30.1,1.08,K,K,,,,missingreplog_J16320-4751.csv,,,Data replog,,,J16320-4751,True,IR
ir030422.0279        [0,J16320-4751,16:32:1.84,-47:52:28,2003-04-23,07:25:36,2452752.8095,30.0,1.05,K,K,,,,missingreplog_J16320-4751.csv,,,Data replog,,,J16320-4751,True,IR
ir030424.0122        [0,J16320-4751,16:32:1.75,-47:52:29,2003-04-25,05:58:10,2452754.7487,30.0,1.08,K,K,,,,missingreplog_J16320-4751.csv,,,Data replog,,,J16320-4751,True,IR
ir030423.0133        [0,J16320-4751,16:32:1.76,-47:52:28,2003-04-24,09:19:44,2452753.8887,30.1,1.17,K,K,,,,missingreplog_J16320-4751.csv,,,Data replog,,,J16320-4751,True,IR
ir030423.0132        [0,J16320-4751,16:32:1.75,-47:52:28,2003-04-24,09:18:52,2452753.8881,30.0,1.16,K,K,,,,missingreplog_J16320-4751.csv,,,Data replog,,,J16320-4751,True,IR
ir030423.0131        [0,J16320-4751,16:32:1.79,-47:52:28,2003-04-24,09:18:00,2452753.8875,30.1,1.16,K,K,,,,missingreplog_J16320-4751.csv,,,Data replog,,,J16320-4751,True,IR
ir030423.0130        [0,J16320-4751,16:32:1.78,-47:52:28,2003-04-24,09:17:08,2452753.8869,30.0,1.16,K,K,,,,missingreplog_J16320-4751.csv,,,Data replog,,,J16320-4751,True,IR
ir030423.0129        [0,J16320-4751,16:32:1.79,-47:52:28,2003-04-24,09:16:15,2452753.8863,30.1,1.16,K,K,,,,missingreplog_J16320-4751.csv,,,Data replog,,,J16320-4751,True,IR
ir030423.0128        [0,J16320-4751,16:32:1.78,-47:52:28,2003-04-24,09:15:22,2452753.8857,30.0,1.16,K,K,,,,missingreplog_J16320-4751.csv,,,Data replog,,,J16320-4751,True,IR
ir030423.0127        [0,J16320-4751,16:32:1.79,-47:52:28,2003-04-24,09:14:31,2452753.8851,30.0,1.16,K,K,,,,missingreplog_J16320-4751.csv,,,Data replog,,,J16320-4751,True,IR
ir030423.0126        [0,J16320-4751,16:32:1.80,-47:52:28,2003-04-24,09:13:38,2452753.8845,30.0,1.15,K,K,,,,missingreplog_J16320-4751.csv,,,Data replog,,,J16320-4751,True,IR
ir030423.0125        [0,J16320-4751,16:32:1.79,-47:52:28,2003-04-24,09:12:45,2452753.8839,30.1,1.15,K,K,,,,missingreplog_J16320-4751.csv,,,Data replog,,,J16320-4751,True,IR
ir030423.0124        [0,J16320-4751,16:32:1.75,-47:52:28,2003-04-24,09:11:53,2452753.8833,30.0,1.15,K,K,,,,missingreplog_J16320-4751.csv,,,Data replog,,,J16320-4751,True,IR
ir030425.0198        [0,J16320-4751,16:32:1.72,-47:52:29,2003-04-26,06:19:57,2452755.7639,30.0,1.06,K,K,,,,missingreplog_J16320-4751.csv,,,Data replog,,,J16320-4751,True,IR
ir030425.0199        [0,J16320-4751,16:32:1.74,-47:52:28,2003-04-26,06:20:50,2452755.7645,30.1,1.06,K,K,,,,missingreplog_J16320-4751.csv,,,Data replog,,,J16320-4751,True,IR
ir030425.0200        [0,J16320-4751,16:32:1.76,-47:52:29,2003-04-26,06:21:43,2452755.7651,30.1,1.06,K,K,,,,missingreplog_J16320-4751.csv,,,Data replog,,,J16320-4751,True,IR
ir030425.0201        [0,J16320-4751,16:32:1.76,-47:52:29,2003-04-26,06:22:35,2452755.7657,30.0,1.06,K,K,,,,missingreplog_J16320-4751.csv,,,Data replog,,,J16320-4751,True,IR
ir030429.0253        [0,J16320-4751,16:32:1.74,-47:52:28,2003-04-30,07:56:34,2452759.8309,30.1,1.08,K,K,,,,missingreplog_J16320-4751.csv,,,Data replog,,,J16320-4751,True,IR
ir030428.0237        [0,J16320-4751,16:32:1.86,-47:42:26,2003-04-29,07:54:55,2452758.8298,30.0,1.08,K,K,,,,missingreplog_J16320-4751.csv,,,Data replog,,,J16320-4751,True,IR
ir030428.0236        [0,J16320-4751,16:32:1.85,-47:42:26,2003-04-29,07:54:02,2452758.8292,30.1,1.08,K,K,,,,missingreplog_J16320-4751.csv,,,Data replog,,,J16320-4751,True,IR
ir030428.0235        [0,J16320-4751,16:32:1.83,-47:42:26,2003-04-29,07:53:10,2452758.8286,30.0,1.08,K,K,,,,missingreplog_J16320-4751.csv,,,Data replog,,,J16320-4751,True,IR
ir030428.0234        [0,J16320-4751,16:32:1.82,-47:42:26,2003-04-29,07:52:18,2452758.828,30.1,1.08,K,K,,,,missingreplog_J16320-4751.csv,,,Data replog,,,J16320-4751,True,IR
ir030428.0233        [0,J16320-4751,16:32:1.83,-47:42:27,2003-04-29,07:51:25,2452758.8274,30.0,1.07,K,K,,,,missingreplog_J16320-4751.csv,,,Data replog,,,J16320-4751,True,IR
ir030428.0232        [0,J16320-4751,16:32:1.79,-47:42:27,2003-04-29,07:50:33,2452758.8268,30.1,1.07,K,K,,,,missingreplog_J16320-4751.csv,,,Data replog,,,J16320-4751,True,IR
ir030428.0231        [0,J16320-4751,16:32:1.78,-47:42:27,2003-04-29,07:49:41,2452758.8262,30.1,1.07,K,K,,,,missingreplog_J16320-4751.csv,,,Data replog,,,J16320-4751,True,IR
ir030428.0230        [0,J16320-4751,16:32:1.75,-47:42:28,2003-04-29,07:48:48,2452758.8256,30.1,1.07,K,K,,,,missingreplog_J16320-4751.csv,,,Data replog,,,J16320-4751,True,IR
ir030428.0229        [0,J16320-4751,16:32:1.74,-47:42:28,2003-04-29,07:47:55,2452758.8249,30.0,1.07,K,K,,,,missingreplog_J16320-4751.csv,,,Data replog,,,J16320-4751,True,IR
ir030428.0228        [0,J16320-4751,16:32:1.74,-47:42:28,2003-04-29,07:47:03,2452758.8243,30.1,1.07,K,K,,,,missingreplog_J16320-4751.csv,,,Data replog,,,J16320-4751,True,IR
ir030427.0181        [0,J16320-4751,16:32:1.66,-47:52:26,2003-04-28,06:38:46,2452757.7769,30.0,1.05,K,K,,,,missingreplog_J16320-4751.csv,,,Data replog,,,J16320-4751,True,IR
ir030427.0180        [0,J16320-4751,16:32:1.66,-47:52:27,2003-04-28,06:37:53,2452757.7763,30.0,1.05,K,K,,,,missingreplog_J16320-4751.csv,,,Data replog,,,J16320-4751,True,IR
ir030427.0179        [0,J16320-4751,16:32:1.66,-47:52:27,2003-04-28,06:37:02,2452757.7757,30.0,1.05,K,K,,,,missingreplog_J16320-4751.csv,,,Data replog,,,J16320-4751,True,IR
ir030427.0178        [0,J16320-4751,16:32:1.67,-47:52:27,2003-04-28,06:36:10,2452757.7751,30.0,1.05,K,K,,,,missingreplog_J16320-4751.csv,,,Data replog,,,J16320-4751,True,IR
ir030427.0177        [0,J16320-4751,16:32:1.68,-47:52:27,2003-04-28,06:35:17,2452757.7745,30.0,1.05,K,K,,,,missingreplog_J16320-4751.csv,,,Data replog,,,J16320-4751,True,IR
ir030427.0176        [0,J16320-4751,16:32:1.68,-47:52:28,2003-04-28,06:34:24,2452757.7739,30.1,1.05,K,K,,,,missingreplog_J16320-4751.csv,,,Data replog,,,J16320-4751,True,IR
ir030427.0175        [0,J16320-4751,16:32:1.67,-47:52:28,2003-04-28,06:33:32,2452757.7733,30.1,1.05,K,K,,,,missingreplog_J16320-4751.csv,,,Data replog,,,J16320-4751,True,IR
ir030427.0174        [0,J16320-4751,16:32:1.69,-47:52:28,2003-04-28,06:32:40,2452757.7727,30.0,1.05,K,K,,,,missingreplog_J16320-4751.csv,,,Data replog,,,J16320-4751,True,IR
ir030427.0173        [0,J16320-4751,16:32:1.69,-47:52:28,2003-04-28,06:31:47,2452757.7721,30.0,1.05,K,K,,,,missingreplog_J16320-4751.csv,,,Data replog,,,J16320-4751,True,IR
ir030427.0172        [0,J16320-4751,16:32:1.73,-47:52:28,2003-04-28,06:30:55,2452757.7715,30.0,1.05,K,K,,,,missingreplog_J16320-4751.csv,,,Data replog,,,J16320-4751,True,IR
ir030425.0203        [0,J16320-4751,16:32:1.82,-47:52:29,2003-04-26,06:24:20,2452755.7669,30.0,1.06,K,K,,,,missingreplog_J16320-4751.csv,,,Data replog,,,J16320-4751,True,IR
ir030425.0202        [0,J16320-4751,16:32:1.81,-47:52:29,2003-04-26,06:23:27,2452755.7663,30.0,1.06,K,K,,,,missingreplog_J16320-4751.csv,,,Data replog,,,J16320-4751,True,IR
ir030422.0280        [0,J16320-4751,16:32:1.85,-47:52:28,2003-04-23,07:26:29,2452752.8101,30.1,1.05,K,K,,,,missingreplog_J16320-4751.csv,,,Data replog,,,J16320-4751,True,IR
ir030422.0278        [0,J16320-4751,16:32:1.84,-47:52:28,2003-04-23,07:24:44,2452752.8089,30.0,1.05,K,K,,,,missingreplog_J16320-4751.csv,,,Data replog,,,J16320-4751,True,IR
ir030414.0268        [0,J16320-4751,16:32:1.70,-47:52:28,2003-04-15,06:28:33,2452744.7698,30.0,1.09,K,K,,,,missingreplog_J16320-4751.csv,,,Data replog,,,J16320-4751,True,IR
ir030418.0263        [0,J16320-4751,16:32:1.74,-47:52:28,2003-04-19,06:16:27,2452748.7614,30.0,1.08,K,K,,,,missingreplog_J16320-4751.csv,,,Data replog,,,J16320-4751,True,IR
ir030419.0219        [0,J16320-4751,16:32:1.69,-47:52:28,2003-04-20,07:27:14,2452749.8106,30.0,1.05,K,K,,,,missingreplog_J16320-4751.csv,,,Data replog,,,J16320-4751,True,IR
ir030419.0218        [0,J16320-4751,16:32:1.70,-47:52:28,2003-04-20,07:26:22,2452749.81,30.1,1.05,K,K,,,,missingreplog_J16320-4751.csv,,,Data replog,,,J16320-4751,True,IR
ir030419.0217        [0,J16320-4751,16:32:1.71,-47:52:29,2003-04-20,07:25:29,2452749.8094,30.1,1.05,K,K,,,,missingreplog_J16320-4751.csv,,,Data replog,,,J16320-4751,True,IR
ir030419.0216        [0,J16320-4751,16:32:1.72,-47:52:29,2003-04-20,07:24:37,2452749.8088,30.1,1.05,K,K,,,,missingreplog_J16320-4751.csv,,,Data replog,,,J16320-4751,True,IR
ir030419.0215        [0,J16320-4751,16:32:1.72,-47:52:28,2003-04-20,07:23:44,2452749.8081,30.0,1.05,K,K,,,,missingreplog_J16320-4751.csv,,,Data replog,,,J16320-4751,True,IR
ir030419.0214        [0,J16320-4751,16:32:1.73,-47:52:29,2003-04-20,07:22:52,2452749.8076,30.0,1.05,K,K,,,,missingreplog_J16320-4751.csv,,,Data replog,,,J16320-4751,True,IR
ir030419.0213        [0,J16320-4751,16:32:1.74,-47:52:29,2003-04-20,07:21:59,2452749.8069,30.1,1.05,K,K,,,,missingreplog_J16320-4751.csv,,,Data replog,,,J16320-4751,True,IR
ir030419.0212        [0,J16320-4751,16:32:1.75,-47:52:28,2003-04-20,07:21:06,2452749.8063,30.0,1.05,K,K,,,,missingreplog_J16320-4751.csv,,,Data replog,,,J16320-4751,True,IR
ir030419.0211        [0,J16320-4751,16:32:1.75,-47:52:28,2003-04-20,07:20:14,2452749.8057,30.0,1.05,K,K,,,,missingreplog_J16320-4751.csv,,,Data replog,,,J16320-4751,True,IR
ir030418.0265        [0,J16320-4751,16:32:1.76,-47:52:28,2003-04-19,06:18:12,2452748.7626,30.0,1.08,K,K,,,,missingreplog_J16320-4751.csv,,,Data replog,,,J16320-4751,True,IR
ir030418.0264        [0,J16320-4751,16:32:1.73,-47:52:28,2003-04-19,06:17:19,2452748.762,30.1,1.08,K,K,,,,missingreplog_J16320-4751.csv,,,Data replog,,,J16320-4751,True,IR
ir030418.0262        [0,J16320-4751,16:32:1.73,-47:52:28,2003-04-19,06:15:35,2452748.7608,30.0,1.08,K,K,,,,missingreplog_J16320-4751.csv,,,Data replog,,,J16320-4751,True,IR
ir030422.0277        [0,J16320-4751,16:32:1.82,-47:52:28,2003-04-23,07:23:52,2452752.8082,30.0,1.05,K,K,,,,missingreplog_J16320-4751.csv,,,Data replog,,,J16320-4751,True,IR
ir030418.0261        [0,J16320-4751,16:32:1.71,-47:52:28,2003-04-19,06:14:42,2452748.7602,30.1,1.08,K,K,,,,missingreplog_J16320-4751.csv,,,Data replog,,,J16320-4751,True,IR
ir030418.0260        [0,J16320-4751,16:32:1.73,-47:52:28,2003-04-19,06:13:49,2452748.7596,30.1,1.08,K,K,,,,missingreplog_J16320-4751.csv,,,Data replog,,,J16320-4751,True,IR
ir030418.0259        [0,J16320-4751,16:32:1.74,-47:52:27,2003-04-19,06:12:57,2452748.759,30.1,1.09,K,K,,,,missingreplog_J16320-4751.csv,,,Data replog,,,J16320-4751,True,IR
ir030418.0258        [0,J16320-4751,16:32:1.70,-47:52:28,2003-04-19,06:12:04,2452748.7584,30.1,1.09,K,K,,,,missingreplog_J16320-4751.csv,,,Data replog,,,J16320-4751,True,IR
ir030418.0257        [0,J16320-4751,16:32:1.72,-47:52:28,2003-04-19,06:11:11,2452748.7578,30.1,1.09,K,K,,,,missingreplog_J16320-4751.csv,,,Data replog,,,J16320-4751,True,IR
ir030418.0256        [0,J16320-4751,16:32:1.74,-47:52:28,2003-04-19,06:10:19,2452748.7572,30.0,1.09,K,K,,,,missingreplog_J16320-4751.csv,,,Data replog,,,J16320-4751,True,IR
ir030414.0274        [0,J16320-4751,16:32:1.63,-47:52:28,2003-04-15,06:33:47,2452744.7735,30.0,1.08,K,K,,,,missingreplog_J16320-4751.csv,,,Data replog,,,J16320-4751,True,IR
ir030414.0273        [0,J16320-4751,16:32:1.62,-47:52:28,2003-04-15,06:32:54,2452744.7728,30.0,1.08,K,K,,,,missingreplog_J16320-4751.csv,,,Data replog,,,J16320-4751,True,IR
ir030414.0272        [0,J16320-4751,16:32:1.64,-47:52:28,2003-04-15,06:32:02,2452744.7722,30.1,1.08,K,K,,,,missingreplog_J16320-4751.csv,,,Data replog,,,J16320-4751,True,IR
ir030414.0271        [0,J16320-4751,16:32:1.64,-47:52:28,2003-04-15,06:31:10,2452744.7716,30.1,1.08,K,K,,,,missingreplog_J16320-4751.csv,,,Data replog,,,J16320-4751,True,IR
ir030414.0270        [0,J16320-4751,16:32:1.64,-47:52:28,2003-04-15,06:30:18,2452744.771,30.1,1.08,K,K,,,,missingreplog_J16320-4751.csv,,,Data replog,,,J16320-4751,True,IR
ir030419.0220        [0,J16320-4751,16:32:1.76,-47:52:28,2003-04-20,07:28:07,2452749.8112,30.1,1.05,K,K,,,,missingreplog_J16320-4751.csv,,,Data replog,,,J16320-4751,True,IR
ir030420.0242        [0,J16320-4751,16:32:1.76,-47:52:28,2003-04-21,07:48:16,2452750.8252,30.1,1.06,K,K,,,,missingreplog_J16320-4751.csv,,,Data replog,,,J16320-4751,True,IR
ir030420.0243        [0,J16320-4751,16:32:1.80,-47:52:28,2003-04-21,07:49:08,2452750.8258,30.0,1.06,K,K,,,,missingreplog_J16320-4751.csv,,,Data replog,,,J16320-4751,True,IR
ir030420.0244        [0,J16320-4751,16:32:1.82,-47:52:28,2003-04-21,07:50:01,2452750.8264,30.0,1.06,K,K,,,,missingreplog_J16320-4751.csv,,,Data replog,,,J16320-4751,True,IR
ir030422.0276        [0,J16320-4751,16:32:1.82,-47:52:28,2003-04-23,07:22:59,2452752.8076,30.0,1.05,K,K,,,,missingreplog_J16320-4751.csv,,,Data replog,,,J16320-4751,True,IR
ir030422.0275        [0,J16320-4751,16:32:1.78,-47:52:28,2003-04-23,07:22:06,2452752.807,30.1,1.05,K,K,,,,missingreplog_J16320-4751.csv,,,Data replog,,,J16320-4751,True,IR
ir030422.0274        [0,J16320-4751,16:32:1.74,-47:52:28,2003-04-23,07:21:14,2452752.8064,30.0,1.05,K,K,,,,missingreplog_J16320-4751.csv,,,Data replog,,,J16320-4751,True,IR
ir030422.0273        [0,J16320-4751,16:32:1.72,-47:52:28,2003-04-23,07:20:22,2452752.8058,30.1,1.05,K,K,,,,missingreplog_J16320-4751.csv,,,Data replog,,,J16320-4751,True,IR
ir030422.0272        [0,J16320-4751,16:32:1.72,-47:52:28,2003-04-23,07:19:29,2452752.8052,30.0,1.05,K,K,,,,missingreplog_J16320-4751.csv,,,Data replog,,,J16320-4751,True,IR
ir030422.0271        [0,J16320-4751,16:32:1.72,-47:52:28,2003-04-23,07:18:36,2452752.8046,30.0,1.05,K,K,,,,missingreplog_J16320-4751.csv,,,Data replog,,,J16320-4751,True,IR
ir030421.0235        [0,J16320-4751,16:32:1.75,-47:52:26,2003-04-22,07:14:10,2452751.8015,30.0,1.05,K,K,,,,missingreplog_J16320-4751.csv,,,Data replog,,,J16320-4751,True,IR
ir030421.0234        [0,J16320-4751,16:32:1.76,-47:52:26,2003-04-22,07:13:17,2452751.8009,30.1,1.05,K,K,,,,missingreplog_J16320-4751.csv,,,Data replog,,,J16320-4751,True,IR
ir030421.0233        [0,J16320-4751,16:32:1.77,-47:52:26,2003-04-22,07:12:25,2452751.8003,30.0,1.05,K,K,,,,missingreplog_J16320-4751.csv,,,Data replog,,,J16320-4751,True,IR
ir030421.0232        [0,J16320-4751,16:32:1.77,-47:52:26,2003-04-22,07:11:33,2452751.7997,30.0,1.05,K,K,,,,missingreplog_J16320-4751.csv,,,Data replog,,,J16320-4751,True,IR
ir030421.0231        [0,J16320-4751,16:32:1.79,-47:52:26,2003-04-22,07:10:40,2452751.7991,30.1,1.05,K,K,,,,missingreplog_J16320-4751.csv,,,Data replog,,,J16320-4751,True,IR
ir030421.0230        [0,J16320-4751,16:32:1.77,-47:52:27,2003-04-22,07:09:48,2452751.7985,30.0,1.05,K,K,,,,missingreplog_J16320-4751.csv,,,Data replog,,,J16320-4751,True,IR
ir030421.0229        [0,J16320-4751,16:32:1.78,-47:52:27,2003-04-22,07:08:56,2452751.7979,30.0,1.05,K,K,,,,missingreplog_J16320-4751.csv,,,Data replog,,,J16320-4751,True,IR
ir030421.0228        [0,J16320-4751,16:32:1.78,-47:52:27,2003-04-22,07:08:03,2452751.7973,30.0,1.05,K,K,,,,missingreplog_J16320-4751.csv,,,Data replog,,,J16320-4751,True,IR
ir030421.0227        [0,J16320-4751,16:32:1.77,-47:52:27,2003-04-22,07:07:10,2452751.7966,30.0,1.05,K,K,,,,missingreplog_J16320-4751.csv,,,Data replog,,,J16320-4751,True,IR
ir030421.0226        [0,J16320-4751,16:32:1.75,-47:52:28,2003-04-22,07:06:18,2452751.7961,30.0,1.05,K,K,,,,missingreplog_J16320-4751.csv,,,Data replog,,,J16320-4751,True,IR
ir030420.0251        [0,J16320-4751,16:32:1.97,-47:52:29,2003-04-21,07:56:09,2452750.8307,30.1,1.06,K,K,,,,missingreplog_J16320-4751.csv,,,Data replog,,,J16320-4751,True,IR
ir030420.0250        [0,J16320-4751,16:32:1.95,-47:52:29,2003-04-21,07:55:17,2452750.8301,30.1,1.06,K,K,,,,missingreplog_J16320-4751.csv,,,Data replog,,,J16320-4751,True,IR
ir030420.0249        [0,J16320-4751,16:32:1.94,-47:52:28,2003-04-21,07:54:24,2452750.8295,30.0,1.06,K,K,,,,missingreplog_J16320-4751.csv,,,Data replog,,,J16320-4751,True,IR
ir030420.0248        [0,J16320-4751,16:32:1.92,-47:52:28,2003-04-21,07:53:32,2452750.8289,30.0,1.06,K,K,,,,missingreplog_J16320-4751.csv,,,Data replog,,,J16320-4751,True,IR
ir030420.0247        [0,J16320-4751,16:32:1.89,-47:52:28,2003-04-21,07:52:39,2452750.8282,30.1,1.06,K,K,,,,missingreplog_J16320-4751.csv,,,Data replog,,,J16320-4751,True,IR
ir030420.0246        [0,J16320-4751,16:32:1.85,-47:52:28,2003-04-21,07:51:46,2452750.8276,30.0,1.06,K,K,,,,missingreplog_J16320-4751.csv,,,Data replog,,,J16320-4751,True,IR
ir030420.0245        [0,J16320-4751,16:32:1.84,-47:52:28,2003-04-21,07:50:54,2452750.827,30.0,1.06,K,K,,,,missingreplog_J16320-4751.csv,,,Data replog,,,J16320-4751,True,IR
ir030429.0254        [0,J16320-4751,16:32:1.76,-47:52:28,2003-04-30,07:57:26,2452759.8315,30.0,1.08,K,K,,,,missingreplog_J16320-4751.csv,,,Data replog,,,J16320-4751,True,IR
ir030429.0255        [0,J16320-4751,16:32:1.78,-47:52:28,2003-04-30,07:58:19,2452759.8322,30.1,1.09,K,K,,,,missingreplog_J16320-4751.csv,,,Data replog,,,J16320-4751,True,IR
ir030429.0256        [0,J16320-4751,16:32:1.76,-47:52:28,2003-04-30,07:59:11,2452759.8328,30.1,1.09,K,K,,,,missingreplog_J16320-4751.csv,,,Data replog,,,J16320-4751,True,IR
ir030510.0217        [0,J16320-4751,16:32:1.72,-47:52:28,2003-05-11,07:17:36,2452770.8039,30.0,1.09,K,K,,,,missingreplog_J16320-4751.csv,,,Data replog,,,J16320-4751,True,IR
ir030511.0110        [0,J16320-4751,16:32:1.72,-47:52:28,2003-05-12,03:42:21,2452771.6544,30.0,1.17,K,K,,,,missingreplog_J16320-4751.csv,,,Data replog,,,J16320-4751,True,IR
ir030511.0109        [0,J16320-4751,16:32:1.72,-47:52:28,2003-05-12,03:41:28,2452771.6538,30.0,1.17,K,K,,,,missingreplog_J16320-4751.csv,,,Data replog,,,J16320-4751,True,IR
ir030511.0108        [0,J16320-4751,16:32:1.69,-47:52:28,2003-05-12,03:40:36,2452771.6532,30.1,1.18,K,K,,,,missingreplog_J16320-4751.csv,,,Data replog,,,J16320-4751,True,IR
ir030510.0225        [0,J16320-4751,16:32:1.79,-47:52:28,2003-05-11,07:24:36,2452770.8087,30.0,1.09,K,K,,,,missingreplog_J16320-4751.csv,,,Data replog,,,J16320-4751,True,IR
ir030510.0224        [0,J16320-4751,16:32:1.77,-47:52:28,2003-05-11,07:23:43,2452770.8081,30.0,1.09,K,K,,,,missingreplog_J16320-4751.csv,,,Data replog,,,J16320-4751,True,IR
ir030510.0223        [0,J16320-4751,16:32:1.78,-47:52:28,2003-05-11,07:22:51,2452770.8075,30.1,1.09,K,K,,,,missingreplog_J16320-4751.csv,,,Data replog,,,J16320-4751,True,IR
ir030510.0222        [0,J16320-4751,16:32:1.73,-47:52:28,2003-05-11,07:21:59,2452770.8069,30.1,1.09,K,K,,,,missingreplog_J16320-4751.csv,,,Data replog,,,J16320-4751,True,IR
ir030510.0221        [0,J16320-4751,16:32:1.73,-47:52:28,2003-05-11,07:21:06,2452770.8063,30.1,1.09,K,K,,,,missingreplog_J16320-4751.csv,,,Data replog,,,J16320-4751,True,IR
ir030510.0220        [0,J16320-4751,16:32:1.74,-47:52:28,2003-05-11,07:20:14,2452770.8057,30.0,1.09,K,K,,,,missingreplog_J16320-4751.csv,,,Data replog,,,J16320-4751,True,IR
ir030510.0219        [0,J16320-4751,16:32:1.69,-47:52:28,2003-05-11,07:19:22,2452770.8051,30.1,1.09,K,K,,,,missingreplog_J16320-4751.csv,,,Data replog,,,J16320-4751,True,IR
ir030510.0218        [0,J16320-4751,16:32:1.73,-47:52:28,2003-05-11,07:18:29,2452770.8045,30.1,1.09,K,K,,,,missingreplog_J16320-4751.csv,,,Data replog,,,J16320-4751,True,IR
ir030510.0216        [0,J16320-4751,16:32:1.75,-47:52:28,2003-05-11,07:16:44,2452770.8033,30.0,1.09,K,K,,,,missingreplog_J16320-4751.csv,,,Data replog,,,J16320-4751,True,IR
ir030429.0257        [0,J16320-4751,16:32:1.76,-47:52:28,2003-04-30,08:00:04,2452759.8334,30.0,1.09,K,K,,,,missingreplog_J16320-4751.csv,,,Data replog,,,J16320-4751,True,IR
ir030508.0092        [0,J16320-4751,16:32:2.03,-47:52:30,2003-05-09,03:07:35,2452768.6303,30.1,1.28,K,K,,,,missingreplog_J16320-4751.csv,,,Data replog,,,J16320-4751,True,IR
ir030508.0091        [0,J16320-4751,16:32:2.06,-47:52:30,2003-05-09,03:06:42,2452768.6297,30.0,1.29,K,K,,,,missingreplog_J16320-4751.csv,,,Data replog,,,J16320-4751,True,IR
ir030508.0090        [0,J16320-4751,16:32:2.09,-47:52:30,2003-05-09,03:05:50,2452768.6291,30.0,1.29,K,K,,,,missingreplog_J16320-4751.csv,,,Data replog,,,J16320-4751,True,IR
ir030508.0089        [0,J16320-4751,16:32:2.08,-47:52:30,2003-05-09,03:04:59,2452768.6285,30.1,1.29,K,K,,,,missingreplog_J16320-4751.csv,,,Data replog,,,J16320-4751,True,IR
ir030508.0088        [0,J16320-4751,16:32:2.09,-47:52:30,2003-05-09,03:04:06,2452768.6278,30.1,1.3,K,K,,,,missingreplog_J16320-4751.csv,,,Data replog,,,J16320-4751,True,IR
ir030508.0087        [0,J16320-4751,16:32:2.10,-47:52:30,2003-05-09,03:03:13,2452768.6272,30.1,1.3,K,K,,,,missingreplog_J16320-4751.csv,,,Data replog,,,J16320-4751,True,IR
ir030508.0086        [0,J16320-4751,16:32:2.10,-47:52:30,2003-05-09,03:02:21,2452768.6266,30.1,1.3,K,K,,,,missingreplog_J16320-4751.csv,,,Data replog,,,J16320-4751,True,IR
ir030508.0085        [0,J16320-4751,16:32:2.16,-47:52:30,2003-05-09,03:01:29,2452768.626,30.0,1.3,K,K,,,,missingreplog_J16320-4751.csv,,,Data replog,,,J16320-4751,True,IR
ir030508.0084        [0,J16320-4751,16:32:2.21,-47:52:30,2003-05-09,03:00:36,2452768.6254,30.1,1.31,K,K,,,,missingreplog_J16320-4751.csv,,,Data replog,,,J16320-4751,True,IR
ir030508.0083        [0,J16320-4751,16:32:2.26,-47:52:30,2003-05-09,02:59:44,2452768.6248,30.1,1.31,K,K,,,,missingreplog_J16320-4751.csv,,,Data replog,,,J16320-4751,True,IR
ir030504.0162        [0,J16320-4751,16:32:1.53,-47:52:29,2003-05-05,03:26:08,2452764.6431,30.0,1.28,K,K,,,,missingreplog_J16320-4751.csv,,,Data replog,,,J16320-4751,True,IR
ir030511.0111        [0,J16320-4751,16:32:1.77,-47:52:28,2003-05-12,03:43:14,2452771.655,30.1,1.17,K,K,,,,missingreplog_J16320-4751.csv,,,Data replog,,,J16320-4751,True,IR
ir030511.0112        [0,J16320-4751,16:32:1.77,-47:52:28,2003-05-12,03:44:06,2452771.6556,30.0,1.17,K,K,,,,missingreplog_J16320-4751.csv,,,Data replog,,,J16320-4751,True,IR
ir030511.0113        [0,J16320-4751,16:32:1.81,-47:52:28,2003-05-12,03:44:59,2452771.6562,30.1,1.17,K,K,,,,missingreplog_J16320-4751.csv,,,Data replog,,,J16320-4751,True,IR
ir030511.0114        [0,J16320-4751,16:32:1.82,-47:52:28,2003-05-12,03:45:52,2452771.6568,30.0,1.16,K,K,,,,missingreplog_J16320-4751.csv,,,Data replog,,,J16320-4751,True,IR
ir030515.0077        [0,J16320-4751,16:32:1.96,-47:52:29,2003-05-16,01:58:59,2452775.5826,30.1,1.43,K,K,,,,missingreplog_J16320-4751.csv,,,Data replog,,,J16320-4751,True,IR
ir030515.0076        [0,J16320-4751,16:32:1.94,-47:52:30,2003-05-16,01:58:06,2452775.582,30.1,1.44,K,K,,,,missingreplog_J16320-4751.csv,,,Data replog,,,J16320-4751,True,IR
ir030515.0075        [0,J16320-4751,16:32:1.90,-47:52:29,2003-05-16,01:57:14,2452775.5814,30.1,1.44,K,K,,,,missingreplog_J16320-4751.csv,,,Data replog,,,J16320-4751,True,IR
ir030515.0074        [0,J16320-4751,16:32:1.85,-47:52:30,2003-05-16,01:56:22,2452775.5808,30.1,1.44,K,K,,,,missingreplog_J16320-4751.csv,,,Data replog,,,J16320-4751,True,IR
ir030515.0073        [0,J16320-4751,16:32:1.82,-47:52:30,2003-05-16,01:55:30,2452775.5802,30.1,1.45,K,K,,,,missingreplog_J16320-4751.csv,,,Data replog,,,J16320-4751,True,IR
ir030515.0072        [0,J16320-4751,16:32:1.79,-47:52:29,2003-05-16,01:54:38,2452775.5796,30.0,1.45,K,K,,,,missingreplog_J16320-4751.csv,,,Data replog,,,J16320-4751,True,IR
ir030515.0071        [0,J16320-4751,16:32:1.76,-47:52:30,2003-05-16,01:53:46,2452775.579,30.0,1.46,K,K,,,,missingreplog_J16320-4751.csv,,,Data replog,,,J16320-4751,True,IR
ir030515.0070        [0,J16320-4751,16:32:1.72,-47:52:30,2003-05-16,01:52:53,2452775.5784,30.0,1.46,K,K,,,,missingreplog_J16320-4751.csv,,,Data replog,,,J16320-4751,True,IR
ir030515.0069        [0,J16320-4751,16:32:1.72,-47:52:30,2003-05-16,01:52:00,2452775.5778,30.0,1.46,K,K,,,,missingreplog_J16320-4751.csv,,,Data replog,,,J16320-4751,True,IR
ir030515.0068        [0,J16320-4751,16:32:1.72,-47:52:29,2003-05-16,01:51:08,2452775.5772,30.0,1.47,K,K,,,,missingreplog_J16320-4751.csv,,,Data replog,,,J16320-4751,True,IR
ir030514.0084        [0,J16320-4751,16:32:1.43,-47:52:30,2003-05-15,02:38:49,2452774.6103,30.0,1.3,K,K,,,,missingreplog_J16320-4751.csv,,,Data replog,,,J16320-4751,True,IR
ir030514.0083        [0,J16320-4751,16:32:1.43,-47:52:30,2003-05-15,02:37:57,2452774.6097,30.1,1.3,K,K,,,,missingreplog_J16320-4751.csv,,,Data replog,,,J16320-4751,True,IR
ir030514.0082        [0,J16320-4751,16:32:1.48,-47:52:29,2003-05-15,02:37:04,2452774.6091,30.0,1.31,K,K,,,,missingreplog_J16320-4751.csv,,,Data replog,,,J16320-4751,True,IR
ir030514.0081        [0,J16320-4751,16:32:1.49,-47:52:30,2003-05-15,02:36:12,2452774.6085,30.1,1.31,K,K,,,,missingreplog_J16320-4751.csv,,,Data replog,,,J16320-4751,True,IR
ir030514.0080        [0,J16320-4751,16:32:1.50,-47:52:30,2003-05-15,02:35:20,2452774.6079,30.1,1.31,K,K,,,,missingreplog_J16320-4751.csv,,,Data replog,,,J16320-4751,True,IR
ir030514.0079        [0,J16320-4751,16:32:1.55,-47:52:30,2003-05-15,02:34:27,2452774.6073,30.0,1.31,K,K,,,,missingreplog_J16320-4751.csv,,,Data replog,,,J16320-4751,True,IR
ir030514.0078        [0,J16320-4751,16:32:1.58,-47:52:29,2003-05-15,02:33:35,2452774.6066,30.1,1.32,K,K,,,,missingreplog_J16320-4751.csv,,,Data replog,,,J16320-4751,True,IR
ir030514.0077        [0,J16320-4751,16:32:1.60,-47:52:29,2003-05-15,02:32:42,2452774.606,30.0,1.32,K,K,,,,missingreplog_J16320-4751.csv,,,Data replog,,,J16320-4751,True,IR
ir030514.0076        [0,J16320-4751,16:32:1.65,-47:52:29,2003-05-15,02:31:49,2452774.6054,30.1,1.32,K,K,,,,missingreplog_J16320-4751.csv,,,Data replog,,,J16320-4751,True,IR
ir030514.0075        [0,J16320-4751,16:32:1.70,-47:52:29,2003-05-15,02:30:57,2452774.6048,30.0,1.33,K,K,,,,missingreplog_J16320-4751.csv,,,Data replog,,,J16320-4751,True,IR
ir030511.0117        [0,J16320-4751,16:32:1.87,-47:52:28,2003-05-12,03:48:28,2452771.6587,30.0,1.16,K,K,,,,missingreplog_J16320-4751.csv,,,Data replog,,,J16320-4751,True,IR
ir030511.0116        [0,J16320-4751,16:32:1.86,-47:52:27,2003-05-12,03:47:36,2452771.6581,30.1,1.16,K,K,,,,missingreplog_J16320-4751.csv,,,Data replog,,,J16320-4751,True,IR
ir030511.0115        [0,J16320-4751,16:32:1.83,-47:52:28,2003-05-12,03:46:44,2452771.6575,30.0,1.16,K,K,,,,missingreplog_J16320-4751.csv,,,Data replog,,,J16320-4751,True,IR
ir030504.0161        [0,J16320-4751,16:32:1.51,-47:52:29,2003-05-05,03:25:15,2452764.6425,30.0,1.28,K,K,,,,missingreplog_J16320-4751.csv,,,Data replog,,,J16320-4751,True,IR
ir030504.0160        [0,J16320-4751,16:32:1.51,-47:52:29,2003-05-05,03:24:23,2452764.6419,30.1,1.28,K,K,,,,missingreplog_J16320-4751.csv,,,Data replog,,,J16320-4751,True,IR
ir030504.0159        [0,J16320-4751,16:32:1.54,-47:52:29,2003-05-05,03:23:31,2452764.6413,30.1,1.28,K,K,,,,missingreplog_J16320-4751.csv,,,Data replog,,,J16320-4751,True,IR
ir030501.0332        [0,J16320-4751,16:32:2.92,-47:52:38,2003-05-02,07:13:57,2452761.8014,30.0,1.06,K,K,,,,missingreplog_J16320-4751.csv,,,Data replog,,,J16320-4751,True,IR
ir030501.0330        [0,J16320-4751,16:32:2.87,-47:52:38,2003-05-02,07:12:12,2452761.8001,30.0,1.06,K,K,,,,missingreplog_J16320-4751.csv,,,Data replog,,,J16320-4751,True,IR
ir030501.0329        [0,J16320-4751,16:32:2.84,-47:52:37,2003-05-02,07:11:20,2452761.7995,30.0,1.06,K,K,,,,missingreplog_J16320-4751.csv,,,Data replog,,,J16320-4751,True,IR
ir030501.0328        [0,J16320-4751,16:32:2.81,-47:52:37,2003-05-02,07:10:27,2452761.7989,30.0,1.06,K,K,,,,missingreplog_J16320-4751.csv,,,Data replog,,,J16320-4751,True,IR
ir030501.0327        [0,J16320-4751,16:32:2.77,-47:52:37,2003-05-02,07:09:34,2452761.7983,30.0,1.06,K,K,,,,missingreplog_J16320-4751.csv,,,Data replog,,,J16320-4751,True,IR
ir030501.0326        [0,J16320-4751,16:32:2.76,-47:52:38,2003-05-02,07:08:42,2452761.7977,30.0,1.06,K,K,,,,missingreplog_J16320-4751.csv,,,Data replog,,,J16320-4751,True,IR
ir030501.0325        [0,J16320-4751,16:32:2.76,-47:52:38,2003-05-02,07:07:49,2452761.7971,30.1,1.06,K,K,,,,missingreplog_J16320-4751.csv,,,Data replog,,,J16320-4751,True,IR
ir030501.0324        [0,J16320-4751,16:32:2.73,-47:52:38,2003-05-02,07:06:56,2452761.7965,30.0,1.06,K,K,,,,missingreplog_J16320-4751.csv,,,Data replog,,,J16320-4751,True,IR
ir030501.0323        [0,J16320-4751,16:32:2.73,-47:52:38,2003-05-02,07:06:04,2452761.7959,30.1,1.06,K,K,,,,missingreplog_J16320-4751.csv,,,Data replog,,,J16320-4751,True,IR
ir030430.0129        [0,J16320-4751,16:32:1.98,-47:52:28,2003-05-01,06:55:08,2452760.7883,30.1,1.05,K,K,,,,missingreplog_J16320-4751.csv,,,Data replog,,,J16320-4751,True,IR
ir030430.0128        [0,J16320-4751,16:32:1.97,-47:52:29,2003-05-01,06:54:15,2452760.7877,30.0,1.05,K,K,,,,missingreplog_J16320-4751.csv,,,Data replog,,,J16320-4751,True,IR
ir030430.0127        [0,J16320-4751,16:32:1.96,-47:52:29,2003-05-01,06:53:23,2452760.7871,30.0,1.05,K,K,,,,missingreplog_J16320-4751.csv,,,Data replog,,,J16320-4751,True,IR
ir030430.0126        [0,J16320-4751,16:32:1.93,-47:52:29,2003-05-01,06:52:30,2452760.7865,30.1,1.05,K,K,,,,missingreplog_J16320-4751.csv,,,Data replog,,,J16320-4751,True,IR
ir030430.0125        [0,J16320-4751,16:32:1.91,-47:52:28,2003-05-01,06:51:38,2452760.7859,30.0,1.05,K,K,,,,missingreplog_J16320-4751.csv,,,Data replog,,,J16320-4751,True,IR
ir030430.0124        [0,J16320-4751,16:32:1.87,-47:52:28,2003-05-01,06:50:46,2452760.7853,30.1,1.05,K,K,,,,missingreplog_J16320-4751.csv,,,Data replog,,,J16320-4751,True,IR
ir030430.0123        [0,J16320-4751,16:32:1.84,-47:52:28,2003-05-01,06:49:54,2452760.7846,30.0,1.05,K,K,,,,missingreplog_J16320-4751.csv,,,Data replog,,,J16320-4751,True,IR
ir030430.0122        [0,J16320-4751,16:32:1.80,-47:52:28,2003-05-01,06:49:00,2452760.784,30.1,1.05,K,K,,,,missingreplog_J16320-4751.csv,,,Data replog,,,J16320-4751,True,IR
ir030430.0121        [0,J16320-4751,16:32:1.77,-47:52:28,2003-05-01,06:48:07,2452760.7834,30.1,1.05,K,K,,,,missingreplog_J16320-4751.csv,,,Data replog,,,J16320-4751,True,IR
ir030430.0120        [0,J16320-4751,16:32:1.74,-47:52:28,2003-05-01,06:47:15,2452760.7828,30.0,1.05,K,K,,,,missingreplog_J16320-4751.csv,,,Data replog,,,J16320-4751,True,IR
ir030429.0262        [0,J16320-4751,16:32:1.78,-47:52:27,2003-04-30,08:04:26,2452759.8364,30.0,1.09,K,K,,,,missingreplog_J16320-4751.csv,,,Data replog,,,J16320-4751,True,IR
ir030429.0261        [0,J16320-4751,16:32:1.78,-47:52:27,2003-04-30,08:03:33,2452759.8358,30.1,1.09,K,K,,,,missingreplog_J16320-4751.csv,,,Data replog,,,J16320-4751,True,IR
ir030429.0260        [0,J16320-4751,16:32:1.77,-47:52:27,2003-04-30,08:02:41,2452759.8352,30.0,1.09,K,K,,,,missingreplog_J16320-4751.csv,,,Data replog,,,J16320-4751,True,IR
ir030429.0259        [0,J16320-4751,16:32:1.77,-47:52:27,2003-04-30,08:01:49,2452759.8346,30.1,1.09,K,K,,,,missingreplog_J16320-4751.csv,,,Data replog,,,J16320-4751,True,IR
ir030429.0258        [0,J16320-4751,16:32:1.78,-47:52:27,2003-04-30,08:00:56,2452759.834,30.0,1.09,K,K,,,,missingreplog_J16320-4751.csv,,,Data replog,,,J16320-4751,True,IR
ir030501.0331        [0,J16320-4751,16:32:2.89,-47:52:37,2003-05-02,07:13:04,2452761.8007,30.1,1.06,K,K,,,,missingreplog_J16320-4751.csv,,,Data replog,,,J16320-4751,True,IR
ir030502.0163        [0,J16320-4751,16:32:1.75,-47:52:28,2003-05-03,07:00:07,2452762.7917,30.0,1.06,K,K,,,,missingreplog_J16320-4751.csv,,,Data replog,,,J16320-4751,True,IR
ir030504.0158        [0,J16320-4751,16:32:1.55,-47:52:29,2003-05-05,03:22:39,2452764.6407,30.0,1.29,K,K,,,,missingreplog_J16320-4751.csv,,,Data replog,,,J16320-4751,True,IR
ir030502.0164        [0,J16320-4751,16:32:1.74,-47:52:28,2003-05-03,07:00:58,2452762.7923,30.0,1.06,K,K,,,,missingreplog_J16320-4751.csv,,,Data replog,,,J16320-4751,True,IR
ir030504.0157        [0,J16320-4751,16:32:1.58,-47:52:29,2003-05-05,03:21:46,2452764.6401,30.0,1.29,K,K,,,,missingreplog_J16320-4751.csv,,,Data replog,,,J16320-4751,True,IR
ir030504.0156        [0,J16320-4751,16:32:1.59,-47:52:29,2003-05-05,03:20:54,2452764.6395,30.0,1.29,K,K,,,,missingreplog_J16320-4751.csv,,,Data replog,,,J16320-4751,True,IR
ir030504.0155        [0,J16320-4751,16:32:1.62,-47:52:29,2003-05-05,03:20:01,2452764.6389,30.1,1.29,K,K,,,,missingreplog_J16320-4751.csv,,,Data replog,,,J16320-4751,True,IR
ir030504.0154        [0,J16320-4751,16:32:1.66,-47:52:29,2003-05-05,03:19:09,2452764.6383,30.1,1.3,K,K,,,,missingreplog_J16320-4751.csv,,,Data replog,,,J16320-4751,True,IR
ir030504.0153        [0,J16320-4751,16:32:1.67,-47:52:29,2003-05-05,03:18:17,2452764.6377,30.0,1.3,K,K,,,,missingreplog_J16320-4751.csv,,,Data replog,,,J16320-4751,True,IR
ir030503.0152        [0,J16320-4751,16:32:1.89,-47:52:56,2003-05-04,05:03:07,2452763.7105,30.0,1.1,K,K,,,,missingreplog_J16320-4751.csv,,,Data replog,,,J16320-4751,True,IR
ir030503.0151        [0,J16320-4751,16:32:1.89,-47:52:57,2003-05-04,05:02:14,2452763.7099,30.0,1.1,K,K,,,,missingreplog_J16320-4751.csv,,,Data replog,,,J16320-4751,True,IR
ir030503.0150        [0,J16320-4751,16:32:1.86,-47:52:57,2003-05-04,05:01:22,2452763.7093,30.0,1.1,K,K,,,,missingreplog_J16320-4751.csv,,,Data replog,,,J16320-4751,True,IR
ir030503.0149        [0,J16320-4751,16:32:1.84,-47:52:57,2003-05-04,05:00:30,2452763.7087,30.1,1.1,K,K,,,,missingreplog_J16320-4751.csv,,,Data replog,,,J16320-4751,True,IR
ir030503.0148        [0,J16320-4751,16:32:1.82,-47:52:57,2003-05-04,04:59:38,2452763.7081,30.0,1.1,K,K,,,,missingreplog_J16320-4751.csv,,,Data replog,,,J16320-4751,True,IR
ir030503.0147        [0,J16320-4751,16:32:1.81,-47:52:58,2003-05-04,04:58:46,2452763.7075,30.0,1.1,K,K,,,,missingreplog_J16320-4751.csv,,,Data replog,,,J16320-4751,True,IR
ir030503.0146        [0,J16320-4751,16:32:1.78,-47:52:58,2003-05-04,04:57:54,2452763.7069,30.1,1.1,K,K,,,,missingreplog_J16320-4751.csv,,,Data replog,,,J16320-4751,True,IR
ir030503.0145        [0,J16320-4751,16:32:1.78,-47:52:58,2003-05-04,04:57:01,2452763.7063,30.0,1.1,K,K,,,,missingreplog_J16320-4751.csv,,,Data replog,,,J16320-4751,True,IR
ir030503.0144        [0,J16320-4751,16:32:1.78,-47:52:58,2003-05-04,04:56:08,2452763.7056,30.1,1.11,K,K,,,,missingreplog_J16320-4751.csv,,,Data replog,,,J16320-4751,True,IR
ir030503.0143        [0,J16320-4751,16:32:1.73,-47:52:59,2003-05-04,04:55:16,2452763.705,30.0,1.11,K,K,,,,missingreplog_J16320-4751.csv,,,Data replog,,,J16320-4751,True,IR
ir030502.0172        [0,J16320-4751,16:32:1.77,-47:52:27,2003-05-03,07:07:58,2452762.7972,30.1,1.06,K,K,,,,missingreplog_J16320-4751.csv,,,Data replog,,,J16320-4751,True,IR
ir030502.0171        [0,J16320-4751,16:32:1.78,-47:52:27,2003-05-03,07:07:05,2452762.7966,30.0,1.06,K,K,,,,missingreplog_J16320-4751.csv,,,Data replog,,,J16320-4751,True,IR
ir030502.0170        [0,J16320-4751,16:32:1.74,-47:52:27,2003-05-03,07:06:13,2452762.796,30.1,1.06,K,K,,,,missingreplog_J16320-4751.csv,,,Data replog,,,J16320-4751,True,IR
ir030502.0169        [0,J16320-4751,16:32:1.74,-47:52:27,2003-05-03,07:05:21,2452762.7954,30.0,1.06,K,K,,,,missingreplog_J16320-4751.csv,,,Data replog,,,J16320-4751,True,IR
ir030502.0168        [0,J16320-4751,16:32:1.72,-47:52:28,2003-05-03,07:04:29,2452762.7948,30.0,1.06,K,K,,,,missingreplog_J16320-4751.csv,,,Data replog,,,J16320-4751,True,IR
ir030502.0167        [0,J16320-4751,16:32:1.73,-47:52:28,2003-05-03,07:03:36,2452762.7942,30.0,1.06,K,K,,,,missingreplog_J16320-4751.csv,,,Data replog,,,J16320-4751,True,IR
ir030502.0166        [0,J16320-4751,16:32:1.72,-47:52:28,2003-05-03,07:02:44,2452762.7936,30.0,1.06,K,K,,,,missingreplog_J16320-4751.csv,,,Data replog,,,J16320-4751,True,IR
ir030502.0165        [0,J16320-4751,16:32:1.74,-47:52:28,2003-05-03,07:01:51,2452762.793,30.0,1.06,K,K,,,,missingreplog_J16320-4751.csv,,,Data replog,,,J16320-4751,True,IR
ir030414.0269        [0,J16320-4751,16:32:1.68,-47:52:28,2003-04-15,06:29:25,2452744.7704,30.0,1.09,K,K,,,,missingreplog_J16320-4751.csv,,,Data replog,,,J16320-4751,True,IR
ir030414.0267        [0,J16320-4751,16:32:1.69,-47:52:28,2003-04-15,06:27:40,2452744.7692,30.1,1.09,K,K,,,,missingreplog_J16320-4751.csv,,,Data replog,,,J16320-4751,True,IR
ir030403.0305        [0,J16320-4751,16:32:1.86,-47:52:28,2003-04-04,07:27:03,2452733.8105,30.0,1.07,K,K,,,,missingreplog_J16320-4751.csv,,,Data replog,,,J16320-4751,True,IR
ir030323.0152      [06:,J16320-4751,16:32:1.47,-47:52:29,2003-03-24,06:01:45,2452722.7512,30.0,1.31,K,K,,,,missingreplog_J16320-4751.csv,,,Data replog,,,J16320-4751,True,IR
ir030323.0189      [06:,J16320-4751,16:32:1.88,-47:52:28,2003-03-24,06:54:03,2452722.7875,30.0,1.17,K,K,,,,missingreplog_J16320-4751.csv,,,Data replog,,,J16320-4751,True,IR
ir030323.0188      [06:,J16320-4751,16:32:1.87,-47:52:28,2003-03-24,06:53:10,2452722.7869,30.1,1.17,K,K,,,,missingreplog_J16320-4751.csv,,,Data replog,,,J16320-4751,True,IR
ir030323.0187      [06:,J16320-4751,16:32:1.85,-47:52:28,2003-03-24,06:52:17,2452722.7863,30.0,1.18,K,K,,,,missingreplog_J16320-4751.csv,,,Data replog,,,J16320-4751,True,IR
ir030323.0186      [06:,J16320-4751,16:32:1.80,-47:52:28,2003-03-24,06:51:25,2452722.7857,30.1,1.18,K,K,,,,missingreplog_J16320-4751.csv,,,Data replog,,,J16320-4751,True,IR
ir030323.0185      [06:,J16320-4751,16:32:1.80,-47:52:28,2003-03-24,06:50:32,2452722.7851,30.0,1.18,K,K,,,,missingreplog_J16320-4751.csv,,,Data replog,,,J16320-4751,True,IR
ir030323.0184      [06:,J16320-4751,16:32:1.76,-47:52:28,2003-03-24,06:49:40,2452722.7845,30.1,1.18,K,K,,,,missingreplog_J16320-4751.csv,,,Data replog,,,J16320-4751,True,IR
ir030323.0183      [06:,J16320-4751,16:32:1.72,-47:52:29,2003-03-24,06:48:48,2452722.7839,30.1,1.18,K,K,,,,missingreplog_J16320-4751.csv,,,Data replog,,,J16320-4751,True,IR
ir030323.0156      [06:,J16320-4751,16:32:1.44,-47:52:29,2003-03-24,06:05:14,2452722.7536,30.0,1.29,K,K,,,,missingreplog_J16320-4751.csv,,,Data replog,,,J16320-4751,True,IR
ir030323.0155      [06:,J16320-4751,16:32:1.46,-47:52:29,2003-03-24,06:04:22,2452722.753,30.1,1.3,K,K,,,,missingreplog_J16320-4751.csv,,,Data replog,,,J16320-4751,True,IR
ir030323.0154      [06:,J16320-4751,16:32:1.44,-47:52:29,2003-03-24,06:03:30,2452722.7524,30.0,1.3,K,K,,,,missingreplog_J16320-4751.csv,,,Data replog,,,J16320-4751,True,IR
ir030323.0153      [06:,J16320-4751,16:32:1.44,-47:52:29,2003-03-24,06:02:38,2452722.7518,30.0,1.3,K,K,,,,missingreplog_J16320-4751.csv,,,Data replog,,,J16320-4751,True,IR
ir030323.0151      [06:,J16320-4751,16:32:1.48,-47:52:29,2003-03-24,06:00:52,2452722.7506,30.0,1.31,K,K,,,,missingreplog_J16320-4751.csv,,,Data replog,,,J16320-4751,True,IR
ir030408.0247        [0,J16320-4751,16:32:1.80,-47:52:28,2003-04-09,07:06:35,2452738.7963,30.1,1.07,K,K,,,,missingreplog_J16320-4751.csv,,,Data replog,,,J16320-4751,True,IR
ir030323.0150      [06:,J16320-4751,16:32:1.49,-47:52:29,2003-03-24,06:00:00,2452722.75,30.1,1.31,K,K,,,,missingreplog_J16320-4751.csv,,,Data replog,,,J16320-4751,True,IR
ir030323.0149      [06:,J16320-4751,16:32:1.55,-47:52:29,2003-03-24,05:59:07,2452722.7494,30.1,1.31,K,K,,,,missingreplog_J16320-4751.csv,,,Data replog,,,J16320-4751,True,IR
ir030323.0148      [06:,J16320-4751,16:32:1.58,-47:52:29,2003-03-24,05:58:15,2452722.7488,30.0,1.32,K,K,,,,missingreplog_J16320-4751.csv,,,Data replog,,,J16320-4751,True,IR
ir030323.0147      [06:,J16320-4751,16:32:1.66,-47:52:29,2003-03-24,05:57:23,2452722.7482,30.0,1.32,K,K,,,,missingreplog_J16320-4751.csv,,,Data replog,,,J16320-4751,True,IR
ir030408.0255        [0,J16320-4751,16:32:1.95,-47:52:28,2003-04-09,07:13:36,2452738.8011,30.1,1.07,K,K,,,,missingreplog_J16320-4751.csv,,,Data replog,,,J16320-4751,True,IR
ir030408.0254        [0,J16320-4751,16:32:1.92,-47:52:28,2003-04-09,07:12:43,2452738.8005,30.0,1.07,K,K,,,,missingreplog_J16320-4751.csv,,,Data replog,,,J16320-4751,True,IR
ir030408.0253        [0,J16320-4751,16:32:1.89,-47:52:28,2003-04-09,07:11:51,2452738.7999,30.0,1.07,K,K,,,,missingreplog_J16320-4751.csv,,,Data replog,,,J16320-4751,True,IR
ir030408.0252        [0,J16320-4751,16:32:1.87,-47:52:28,2003-04-09,07:10:59,2452738.7993,30.0,1.07,K,K,,,,missingreplog_J16320-4751.csv,,,Data replog,,,J16320-4751,True,IR
ir030408.0251        [0,J16320-4751,16:32:1.86,-47:52:28,2003-04-09,07:10:06,2452738.7987,30.0,1.07,K,K,,,,missingreplog_J16320-4751.csv,,,Data replog,,,J16320-4751,True,IR
ir030408.0250        [0,J16320-4751,16:32:1.86,-47:52:28,2003-04-09,07:09:13,2452738.7981,30.0,1.07,K,K,,,,missingreplog_J16320-4751.csv,,,Data replog,,,J16320-4751,True,IR
ir030408.0249        [0,J16320-4751,16:32:1.84,-47:52:28,2003-04-09,07:08:21,2452738.7975,30.0,1.07,K,K,,,,missingreplog_J16320-4751.csv,,,Data replog,,,J16320-4751,True,IR
ir030323.0190      [06:,J16320-4751,16:32:1.91,-47:52:28,2003-03-24,06:54:55,2452722.7881,30.1,1.17,K,K,,,,missingreplog_J16320-4751.csv,,,Data replog,,,J16320-4751,True,IR
ir030323.0191      [06:,J16320-4751,16:32:1.92,-47:52:28,2003-03-24,06:55:47,2452722.7887,30.1,1.17,K,K,,,,missingreplog_J16320-4751.csv,,,Data replog,,,J16320-4751,True,IR
ir030323.0192      [07:,J16320-4751,16:32:1.96,-47:52:28,2003-03-24,06:56:40,2452722.7894,30.0,1.17,K,K,,,,missingreplog_J16320-4751.csv,,,Data replog,,,J16320-4751,True,IR
ir030323.0268      [08:,J16320-4751,16:32:1.72,-47:52:29,2003-03-24,07:58:08,2452722.832,30.0,1.08,K,K,,,,missingreplog_J16320-4751.csv,,,Data replog,,,J16320-4751,True,IR
ir030426.0221        [0,J16320-4751,16:32:1.77,-47:52:28,2003-04-27,07:48:52,2452756.8256,30.1,1.07,K,K,,,,missingreplog_J16320-4751.csv,,,Data replog,,,J16320-4751,True,IR
ir030426.0220        [0,J16320-4751,16:32:1.78,-47:52:28,2003-04-27,07:47:59,2452756.825,30.1,1.07,K,K,,,,missingreplog_J16320-4751.csv,,,Data replog,,,J16320-4751,True,IR
ir030426.0219        [0,J16320-4751,16:32:1.76,-47:52:28,2003-04-27,07:47:06,2452756.8244,30.0,1.07,K,K,,,,missingreplog_J16320-4751.csv,,,Data replog,,,J16320-4751,True,IR
ir030426.0218        [0,J16320-4751,16:32:1.75,-47:52:28,2003-04-27,07:46:14,2452756.8238,30.0,1.07,K,K,,,,missingreplog_J16320-4751.csv,,,Data replog,,,J16320-4751,True,IR
ir030409.0238        [0,J16320-4751,16:32:1.67,-47:52:28,2003-04-10,06:30:45,2452739.7714,30.0,1.1,K,K,,,,missingreplog_J16320-4751.csv,,,Data replog,,,J16320-4751,True,IR
ir030409.0237        [0,J16320-4751,16:32:1.68,-47:52:28,2003-04-10,06:29:53,2452739.7708,30.0,1.11,K,K,,,,missingreplog_J16320-4751.csv,,,Data replog,,,J16320-4751,True,IR
ir030409.0236        [0,J16320-4751,16:32:1.67,-47:52:28,2003-04-10,06:29:01,2452739.7702,30.0,1.11,K,K,,,,missingreplog_J16320-4751.csv,,,Data replog,,,J16320-4751,True,IR
ir030409.0235        [0,J16320-4751,16:32:1.68,-47:52:28,2003-04-10,06:28:09,2452739.7695,30.0,1.11,K,K,,,,missingreplog_J16320-4751.csv,,,Data replog,,,J16320-4751,True,IR
ir030409.0234        [0,J16320-4751,16:32:1.67,-47:52:28,2003-04-10,06:27:16,2452739.7689,30.0,1.11,K,K,,,,missingreplog_J16320-4751.csv,,,Data replog,,,J16320-4751,True,IR
ir030409.0233        [0,J16320-4751,16:32:1.67,-47:52:28,2003-04-10,06:26:23,2452739.7683,30.0,1.11,K,K,,,,missingreplog_J16320-4751.csv,,,Data replog,,,J16320-4751,True,IR
ir030409.0232        [0,J16320-4751,16:32:1.68,-47:52:28,2003-04-10,06:25:32,2452739.7677,30.1,1.11,K,K,,,,missingreplog_J16320-4751.csv,,,Data replog,,,J16320-4751,True,IR
ir030409.0231        [0,J16320-4751,16:32:1.70,-47:52:28,2003-04-10,06:24:39,2452739.7671,30.1,1.11,K,K,,,,missingreplog_J16320-4751.csv,,,Data replog,,,J16320-4751,True,IR
ir030409.0230        [0,J16320-4751,16:32:1.67,-47:52:28,2003-04-10,06:23:46,2452739.7665,30.1,1.11,K,K,,,,missingreplog_J16320-4751.csv,,,Data replog,,,J16320-4751,True,IR
ir030409.0229        [0,J16320-4751,16:32:1.71,-47:52:28,2003-04-10,06:22:54,2452739.7659,30.0,1.11,K,K,,,,missingreplog_J16320-4751.csv,,,Data replog,,,J16320-4751,True,IR
ir030323.0277      [08:,J16320-4751,16:32:1.86,-47:52:28,2003-03-24,08:06:00,2452722.8375,30.1,1.08,K,K,,,,missingreplog_J16320-4751.csv,,,Data replog,,,J16320-4751,True,IR
ir030323.0276      [08:,J16320-4751,16:32:1.83,-47:52:28,2003-03-24,08:05:07,2452722.8369,30.0,1.08,K,K,,,,missingreplog_J16320-4751.csv,,,Data replog,,,J16320-4751,True,IR
ir030323.0275      [08:,J16320-4751,16:32:1.81,-47:52:28,2003-03-24,08:04:15,2452722.8363,30.0,1.08,K,K,,,,missingreplog_J16320-4751.csv,,,Data replog,,,J16320-4751,True,IR
ir030323.0274      [08:,J16320-4751,16:32:1.78,-47:52:28,2003-03-24,08:03:24,2452722.8357,30.0,1.08,K,K,,,,missingreplog_J16320-4751.csv,,,Data replog,,,J16320-4751,True,IR
ir030323.0273      [08:,J16320-4751,16:32:1.73,-47:52:28,2003-03-24,08:02:31,2452722.8351,30.1,1.08,K,K,,,,missingreplog_J16320-4751.csv,,,Data replog,,,J16320-4751,True,IR
ir030323.0272      [08:,J16320-4751,16:32:1.73,-47:52:28,2003-03-24,08:01:38,2452722.8345,30.0,1.08,K,K,,,,missingreplog_J16320-4751.csv,,,Data replog,,,J16320-4751,True,IR
ir030323.0271      [08:,J16320-4751,16:32:1.74,-47:52:28,2003-03-24,08:00:46,2452722.8339,30.1,1.08,K,K,,,,missingreplog_J16320-4751.csv,,,Data replog,,,J16320-4751,True,IR
ir030323.0270      [08:,J16320-4751,16:32:1.72,-47:52:28,2003-03-24,07:59:53,2452722.8333,30.0,1.08,K,K,,,,missingreplog_J16320-4751.csv,,,Data replog,,,J16320-4751,True,IR
ir030323.0269      [08:,J16320-4751,16:32:1.71,-47:52:28,2003-03-24,07:59:00,2452722.8326,30.0,1.08,K,K,,,,missingreplog_J16320-4751.csv,,,Data replog,,,J16320-4751,True,IR
ir030408.0248        [0,J16320-4751,16:32:1.81,-47:52:28,2003-04-09,07:07:28,2452738.7969,30.0,1.07,K,K,,,,missingreplog_J16320-4751.csv,,,Data replog,,,J16320-4751,True,IR
ir030408.0246        [0,J16320-4751,16:32:1.77,-47:52:28,2003-04-09,07:05:43,2452738.7956,30.1,1.07,K,K,,,,missingreplog_J16320-4751.csv,,,Data replog,,,J16320-4751,True,IR
ir030414.0266        [0,J16320-4751,16:32:1.69,-47:52:28,2003-04-15,06:26:47,2452744.7686,30.0,1.09,K,K,,,,missingreplog_J16320-4751.csv,,,Data replog,,,J16320-4751,True,IR
ir030403.0397        [0,J16320-4751,16:32:2.13,-47:52:36,2003-04-04,08:54:21,2452733.8711,30.0,1.06,K,K,,,,missingreplog_J16320-4751.csv,,,Data replog,,,J16320-4751,True,IR
ir030405.0251        [0,J16320-4751,16:32:1.76,-47:52:27,2003-04-06,07:19:35,2452735.8053,30.0,1.07,K,K,,,,missingreplog_J16320-4751.csv,,,Data replog,,,J16320-4751,True,IR
ir030405.0250        [0,J16320-4751,16:32:1.74,-47:52:28,2003-04-06,07:18:43,2452735.8047,30.0,1.07,K,K,,,,missingreplog_J16320-4751.csv,,,Data replog,,,J16320-4751,True,IR
ir030403.0406        [0,J16320-4751,16:32:2.17,-47:52:34,2003-04-04,09:02:15,2452733.8766,30.1,1.06,K,K,,,,missingreplog_J16320-4751.csv,,,Data replog,,,J16320-4751,True,IR
ir030403.0405        [0,J16320-4751,16:32:2.15,-47:52:34,2003-04-04,09:01:22,2452733.8759,30.1,1.06,K,K,,,,missingreplog_J16320-4751.csv,,,Data replog,,,J16320-4751,True,IR
ir030403.0404        [0,J16320-4751,16:32:2.13,-47:52:34,2003-04-04,09:00:30,2452733.8753,30.1,1.06,K,K,,,,missingreplog_J16320-4751.csv,,,Data replog,,,J16320-4751,True,IR
ir030403.0403        [0,J16320-4751,16:32:2.12,-47:52:35,2003-04-04,08:59:38,2452733.8747,30.0,1.06,K,K,,,,missingreplog_J16320-4751.csv,,,Data replog,,,J16320-4751,True,IR
ir030403.0402        [0,J16320-4751,16:32:2.11,-47:52:35,2003-04-04,08:58:44,2452733.8741,30.1,1.06,K,K,,,,missingreplog_J16320-4751.csv,,,Data replog,,,J16320-4751,True,IR
ir030403.0401        [0,J16320-4751,16:32:2.10,-47:52:35,2003-04-04,08:57:51,2452733.8735,30.0,1.06,K,K,,,,missingreplog_J16320-4751.csv,,,Data replog,,,J16320-4751,True,IR
ir030403.0400        [0,J16320-4751,16:32:2.11,-47:52:35,2003-04-04,08:56:59,2452733.8729,30.1,1.06,K,K,,,,missingreplog_J16320-4751.csv,,,Data replog,,,J16320-4751,True,IR
ir030403.0399        [0,J16320-4751,16:32:2.08,-47:52:35,2003-04-04,08:56:06,2452733.8723,30.0,1.06,K,K,,,,missingreplog_J16320-4751.csv,,,Data replog,,,J16320-4751,True,IR
ir030403.0398        [0,J16320-4751,16:32:2.08,-47:52:35,2003-04-04,08:55:13,2452733.8717,30.0,1.06,K,K,,,,missingreplog_J16320-4751.csv,,,Data replog,,,J16320-4751,True,IR
ir030403.0357        [0,J16320-4751,16:32:1.65,-47:52:28,2003-04-04,08:12:54,2452733.8423,30.1,1.05,K,K,,,,missingreplog_J16320-4751.csv,,,Data replog,,,J16320-4751,True,IR
ir030407.0453        [0,J16320-4751,16:32:1.68,-47:52:26,2003-04-08,06:52:31,2452737.7865,30.0,1.09,K,K,,,,missingreplog_J16320-4751.csv,,,Data replog,,,J16320-4751,True,IR
ir030403.0356        [0,J16320-4751,16:32:1.65,-47:52:28,2003-04-04,08:12:01,2452733.8417,30.1,1.05,K,K,,,,missingreplog_J16320-4751.csv,,,Data replog,,,J16320-4751,True,IR
ir030403.0355        [0,J16320-4751,16:32:1.66,-47:52:28,2003-04-04,08:11:09,2452733.8411,30.0,1.05,K,K,,,,missingreplog_J16320-4751.csv,,,Data replog,,,J16320-4751,True,IR
ir030403.0354        [0,J16320-4751,16:32:1.65,-47:52:28,2003-04-04,08:10:17,2452733.8405,30.1,1.05,K,K,,,,missingreplog_J16320-4751.csv,,,Data replog,,,J16320-4751,True,IR
ir030403.0353        [0,J16320-4751,16:32:1.68,-47:52:28,2003-04-04,08:09:24,2452733.8399,30.1,1.05,K,K,,,,missingreplog_J16320-4751.csv,,,Data replog,,,J16320-4751,True,IR
ir030403.0352        [0,J16320-4751,16:32:1.67,-47:52:28,2003-04-04,08:08:31,2452733.8393,30.0,1.05,K,K,,,,missingreplog_J16320-4751.csv,,,Data replog,,,J16320-4751,True,IR
ir030403.0351        [0,J16320-4751,16:32:1.66,-47:52:28,2003-04-04,08:07:39,2452733.8386,30.0,1.05,K,K,,,,missingreplog_J16320-4751.csv,,,Data replog,,,J16320-4751,True,IR
ir030403.0350        [0,J16320-4751,16:32:1.68,-47:52:28,2003-04-04,08:06:46,2452733.838,30.1,1.05,K,K,,,,missingreplog_J16320-4751.csv,,,Data replog,,,J16320-4751,True,IR
ir030403.0349        [0,J16320-4751,16:32:1.68,-47:52:28,2003-04-04,08:05:53,2452733.8374,30.0,1.05,K,K,,,,missingreplog_J16320-4751.csv,,,Data replog,,,J16320-4751,True,IR
ir030403.0348        [0,J16320-4751,16:32:1.73,-47:52:28,2003-04-04,08:05:01,2452733.8368,30.0,1.05,K,K,,,,missingreplog_J16320-4751.csv,,,Data replog,,,J16320-4751,True,IR
ir030403.0307        [0,J16320-4751,16:32:1.87,-47:52:28,2003-04-04,07:28:48,2452733.8117,30.1,1.07,K,K,,,,missingreplog_J16320-4751.csv,,,Data replog,,,J16320-4751,True,IR
ir030403.0306        [0,J16320-4751,16:32:1.88,-47:52:28,2003-04-04,07:27:55,2452733.8111,30.0,1.07,K,K,,,,missingreplog_J16320-4751.csv,,,Data replog,,,J16320-4751,True,IR
ir030405.0252        [0,J16320-4751,16:32:1.77,-47:52:27,2003-04-06,07:20:28,2452735.8059,30.0,1.07,K,K,,,,missingreplog_J16320-4751.csv,,,Data replog,,,J16320-4751,True,IR
ir030405.0253        [0,J16320-4751,16:32:1.79,-47:52:27,2003-04-06,07:21:21,2452735.8065,30.1,1.07,K,K,,,,missingreplog_J16320-4751.csv,,,Data replog,,,J16320-4751,True,IR
ir030405.0254        [0,J16320-4751,16:32:1.81,-47:52:27,2003-04-06,07:22:13,2452735.8071,30.1,1.07,K,K,,,,missingreplog_J16320-4751.csv,,,Data replog,,,J16320-4751,True,IR
ir030405.0255        [0,J16320-4751,16:32:1.83,-47:52:27,2003-04-06,07:23:06,2452735.8077,30.1,1.07,K,K,,,,missingreplog_J16320-4751.csv,,,Data replog,,,J16320-4751,True,IR
ir030407.0452        [0,J16320-4751,16:32:1.70,-47:52:26,2003-04-08,06:51:39,2452737.7859,30.0,1.09,K,K,,,,missingreplog_J16320-4751.csv,,,Data replog,,,J16320-4751,True,IR
ir030407.0451        [0,J16320-4751,16:32:1.71,-47:52:26,2003-04-08,06:50:47,2452737.7853,30.1,1.09,K,K,,,,missingreplog_J16320-4751.csv,,,Data replog,,,J16320-4751,True,IR
ir030407.0450        [0,J16320-4751,16:32:1.71,-47:52:26,2003-04-08,06:49:55,2452737.7847,30.0,1.09,K,K,,,,missingreplog_J16320-4751.csv,,,Data replog,,,J16320-4751,True,IR
ir030407.0449        [0,J16320-4751,16:32:1.71,-47:52:26,2003-04-08,06:49:02,2452737.7841,30.1,1.09,K,K,,,,missingreplog_J16320-4751.csv,,,Data replog,,,J16320-4751,True,IR
ir030407.0448        [0,J16320-4751,16:32:1.72,-47:52:27,2003-04-08,06:48:09,2452737.7834,30.0,1.09,K,K,,,,missingreplog_J16320-4751.csv,,,Data replog,,,J16320-4751,True,IR
ir030407.0447        [0,J16320-4751,16:32:1.72,-47:52:27,2003-04-08,06:47:18,2452737.7829,30.0,1.09,K,K,,,,missingreplog_J16320-4751.csv,,,Data replog,,,J16320-4751,True,IR
ir030407.0446        [0,J16320-4751,16:32:1.72,-47:52:27,2003-04-08,06:46:25,2452737.7822,30.0,1.1,K,K,,,,missingreplog_J16320-4751.csv,,,Data replog,,,J16320-4751,True,IR
ir030407.0445        [0,J16320-4751,16:32:1.70,-47:52:28,2003-04-08,06:45:32,2452737.7816,30.0,1.1,K,K,,,,missingreplog_J16320-4751.csv,,,Data replog,,,J16320-4751,True,IR
ir030407.0444        [0,J16320-4751,16:32:1.74,-47:52:28,2003-04-08,06:44:40,2452737.781,30.1,1.1,K,K,,,,missingreplog_J16320-4751.csv,,,Data replog,,,J16320-4751,True,IR
ir030406.0203        [0,J16320-4751,16:32:1.90,-47:52:29,2003-04-07,07:39:27,2452736.8191,30.0,1.06,K,K,,,,missingreplog_J16320-4751.csv,,,Data replog,,,J16320-4751,True,IR
ir030406.0202        [0,J16320-4751,16:32:1.88,-47:52:29,2003-04-07,07:38:34,2452736.8185,30.0,1.06,K,K,,,,missingreplog_J16320-4751.csv,,,Data replog,,,J16320-4751,True,IR
ir030406.0201        [0,J16320-4751,16:32:1.87,-47:52:29,2003-04-07,07:37:42,2452736.8179,30.0,1.06,K,K,,,,missingreplog_J16320-4751.csv,,,Data replog,,,J16320-4751,True,IR
ir030406.0200        [0,J16320-4751,16:32:1.84,-47:52:29,2003-04-07,07:36:50,2452736.8172,30.1,1.06,K,K,,,,missingreplog_J16320-4751.csv,,,Data replog,,,J16320-4751,True,IR
ir030406.0199        [0,J16320-4751,16:32:1.82,-47:52:29,2003-04-07,07:35:57,2452736.8166,30.1,1.06,K,K,,,,missingreplog_J16320-4751.csv,,,Data replog,,,J16320-4751,True,IR
ir030406.0198        [0,J16320-4751,16:32:1.82,-47:52:29,2003-04-07,07:35:04,2452736.816,30.0,1.06,K,K,,,,missingreplog_J16320-4751.csv,,,Data replog,,,J16320-4751,True,IR
ir030406.0197        [0,J16320-4751,16:32:1.80,-47:52:29,2003-04-07,07:34:12,2452736.8154,30.0,1.06,K,K,,,,missingreplog_J16320-4751.csv,,,Data replog,,,J16320-4751,True,IR
ir030406.0196        [0,J16320-4751,16:32:1.79,-47:52:29,2003-04-07,07:33:19,2452736.8148,30.0,1.06,K,K,,,,missingreplog_J16320-4751.csv,,,Data replog,,,J16320-4751,True,IR
ir030406.0195        [0,J16320-4751,16:32:1.77,-47:52:28,2003-04-07,07:32:26,2452736.8142,30.0,1.06,K,K,,,,missingreplog_J16320-4751.csv,,,Data replog,,,J16320-4751,True,IR
ir030406.0194        [0,J16320-4751,16:32:1.74,-47:52:28,2003-04-07,07:31:34,2452736.8136,30.0,1.06,K,K,,,,missingreplog_J16320-4751.csv,,,Data replog,,,J16320-4751,True,IR
ir030405.0259        [0,J16320-4751,16:32:1.90,-47:52:27,2003-04-06,07:26:36,2452735.8101,30.1,1.07,K,K,,,,missingreplog_J16320-4751.csv,,,Data replog,,,J16320-4751,True,IR
ir030405.0258        [0,J16320-4751,16:32:1.88,-47:52:27,2003-04-06,07:25:43,2452735.8095,30.0,1.07,K,K,,,,missingreplog_J16320-4751.csv,,,Data replog,,,J16320-4751,True,IR
ir030405.0257        [0,J16320-4751,16:32:1.87,-47:52:27,2003-04-06,07:24:51,2452735.8089,30.1,1.07,K,K,,,,missingreplog_J16320-4751.csv,,,Data replog,,,J16320-4751,True,IR
ir030405.0256        [0,J16320-4751,16:32:1.84,-47:52:27,2003-04-06,07:23:59,2452735.8083,30.1,1.07,K,K,,,,missingreplog_J16320-4751.csv,,,Data replog,,,J16320-4751,True,IR
ir030426.0222        [0,J16320-4751,16:32:1.77,-47:52:28,2003-04-27,07:49:44,2452756.8262,30.0,1.07,K,K,,,,missingreplog_J16320-4751.csv,,,Data replog,,,J16320-4751,True,IR
ir030426.0223        [0,J16320-4751,16:32:1.77,-47:52:28,2003-04-27,07:50:37,2452756.8268,30.0,1.07,K,K,,,,missingreplog_J16320-4751.csv,,,Data replog,,,J16320-4751,True,IR
ir030426.0224        [0,J16320-4751,16:32:1.78,-47:52:28,2003-04-27,07:51:30,2452756.8274,30.0,1.07,K,K,,,,missingreplog_J16320-4751.csv,,,Data replog,,,J16320-4751,True,IR
ir030410.0277        [0,J16320-4751,16:32:1.79,-47:52:28,2003-04-11,06:53:05,2452740.7869,30.1,1.08,K,K,,,,missingreplog_J16320-4751.csv,,,Data replog,,,J16320-4751,True,IR
ir030411.0261        [0,J16320-4751,16:32:1.70,-47:52:28,2003-04-12,06:25:34,2452741.7678,30.1,1.1,K,K,,,,missingreplog_J16320-4751.csv,,,Data replog,,,J16320-4751,True,IR
ir030411.0260        [0,J16320-4751,16:32:1.69,-47:52:28,2003-04-12,06:24:41,2452741.7671,30.1,1.1,K,K,,,,missingreplog_J16320-4751.csv,,,Data replog,,,J16320-4751,True,IR
ir030411.0259        [0,J16320-4751,16:32:1.70,-47:52:28,2003-04-12,06:23:48,2452741.7665,30.1,1.1,K,K,,,,missingreplog_J16320-4751.csv,,,Data replog,,,J16320-4751,True,IR
ir030411.0258        [0,J16320-4751,16:32:1.71,-47:52:29,2003-04-12,06:22:56,2452741.7659,30.0,1.1,K,K,,,,missingreplog_J16320-4751.csv,,,Data replog,,,J16320-4751,True,IR
ir030410.0284        [0,J16320-4751,16:32:1.83,-47:52:29,2003-04-11,06:59:12,2452740.7911,30.0,1.07,K,K,,,,missingreplog_J16320-4751.csv,,,Data replog,,,J16320-4751,True,IR
ir030410.0283        [0,J16320-4751,16:32:1.84,-47:52:29,2003-04-11,06:58:19,2452740.7905,30.0,1.07,K,K,,,,missingreplog_J16320-4751.csv,,,Data replog,,,J16320-4751,True,IR
ir030410.0282        [0,J16320-4751,16:32:1.83,-47:52:29,2003-04-11,06:57:27,2452740.7899,30.0,1.07,K,K,,,,missingreplog_J16320-4751.csv,,,Data replog,,,J16320-4751,True,IR
ir030410.0281        [0,J16320-4751,16:32:1.82,-47:52:29,2003-04-11,06:56:35,2452740.7893,30.1,1.08,K,K,,,,missingreplog_J16320-4751.csv,,,Data replog,,,J16320-4751,True,IR
ir030410.0280        [0,J16320-4751,16:32:1.82,-47:52:29,2003-04-11,06:55:42,2452740.7887,30.0,1.08,K,K,,,,missingreplog_J16320-4751.csv,,,Data replog,,,J16320-4751,True,IR
ir030410.0279        [0,J16320-4751,16:32:1.82,-47:52:29,2003-04-11,06:54:50,2452740.7881,30.1,1.08,K,K,,,,missingreplog_J16320-4751.csv,,,Data replog,,,J16320-4751,True,IR
ir030410.0278        [0,J16320-4751,16:32:1.79,-47:52:29,2003-04-11,06:53:58,2452740.7875,30.1,1.08,K,K,,,,missingreplog_J16320-4751.csv,,,Data replog,,,J16320-4751,True,IR
ir030410.0276        [0,J16320-4751,16:32:1.77,-47:52:28,2003-04-11,06:52:12,2452740.7863,30.1,1.08,K,K,,,,missingreplog_J16320-4751.csv,,,Data replog,,,J16320-4751,True,IR
ir030426.0225        [0,J16320-4751,16:32:1.78,-47:52:28,2003-04-27,07:52:22,2452756.828,30.0,1.07,K,K,,,,missingreplog_J16320-4751.csv,,,Data replog,,,J16320-4751,True,IR
ir030410.0275        [0,J16320-4751,16:32:1.73,-47:52:28,2003-04-11,06:51:20,2452740.7857,30.0,1.08,K,K,,,,missingreplog_J16320-4751.csv,,,Data replog,,,J16320-4751,True,IR
ir031013.0031        [0,J16320-4751,16:32:1.98,-47:52:29,2003-10-14,00:20:43,2452926.5144,30.0,1.71,K,K,,,,missingreplog_J16320-4751.csv,,,Data replog,,,J16320-4751,True,IR
ir031013.0030        [0,J16320-4751,16:32:1.97,-47:52:29,2003-10-14,00:19:50,2452926.5138,30.1,1.7,K,K,,,,missingreplog_J16320-4751.csv,,,Data replog,,,J16320-4751,True,IR
ir031013.0029        [0,J16320-4751,16:32:1.93,-47:52:29,2003-10-14,00:18:58,2452926.5132,30.1,1.7,K,K,,,,missingreplog_J16320-4751.csv,,,Data replog,,,J16320-4751,True,IR
ir031013.0028        [0,J16320-4751,16:32:1.89,-47:52:28,2003-10-14,00:18:06,2452926.5126,30.1,1.69,K,K,,,,missingreplog_J16320-4751.csv,,,Data replog,,,J16320-4751,True,IR
ir031013.0027        [0,J16320-4751,16:32:1.92,-47:52:29,2003-10-14,00:17:13,2452926.512,30.1,1.69,K,K,,,,missingreplog_J16320-4751.csv,,,Data replog,,,J16320-4751,True,IR
ir031013.0026        [0,J16320-4751,16:32:1.85,-47:52:28,2003-10-14,00:16:21,2452926.5114,30.1,1.68,K,K,,,,missingreplog_J16320-4751.csv,,,Data replog,,,J16320-4751,True,IR
ir031013.0025        [0,J16320-4751,16:32:1.84,-47:52:28,2003-10-14,00:15:29,2452926.5107,30.0,1.68,K,K,,,,missingreplog_J16320-4751.csv,,,Data replog,,,J16320-4751,True,IR
ir031013.0024        [0,J16320-4751,16:32:1.80,-47:52:28,2003-10-14,00:14:36,2452926.5101,30.0,1.67,K,K,,,,missingreplog_J16320-4751.csv,,,Data replog,,,J16320-4751,True,IR
ir031013.0023        [0,J16320-4751,16:32:1.74,-47:52:28,2003-10-14,00:13:43,2452926.5095,30.1,1.66,K,K,,,,missingreplog_J16320-4751.csv,,,Data replog,,,J16320-4751,True,IR
ir031013.0022        [0,J16320-4751,16:32:1.71,-47:52:28,2003-10-14,00:12:51,2452926.5089,30.0,1.66,K,K,,,,missingreplog_J16320-4751.csv,,,Data replog,,,J16320-4751,True,IR
ir030411.0262        [0,J16320-4751,16:32:1.72,-47:52:28,2003-04-12,06:26:26,2452741.7684,30.0,1.1,K,K,,,,missingreplog_J16320-4751.csv,,,Data replog,,,J16320-4751,True,IR
ir030411.0263        [0,J16320-4751,16:32:1.73,-47:52:27,2003-04-12,06:27:19,2452741.769,30.1,1.1,K,K,,,,missingreplog_J16320-4751.csv,,,Data replog,,,J16320-4751,True,IR
ir030411.0264        [0,J16320-4751,16:32:1.74,-47:52:27,2003-04-12,06:28:12,2452741.7696,30.1,1.1,K,K,,,,missingreplog_J16320-4751.csv,,,Data replog,,,J16320-4751,True,IR
ir030411.0265        [0,J16320-4751,16:32:1.77,-47:52:27,2003-04-12,06:29:04,2452741.7702,30.0,1.1,K,K,,,,missingreplog_J16320-4751.csv,,,Data replog,,,J16320-4751,True,IR
ir030414.0265        [0,J16320-4751,16:32:1.72,-47:52:28,2003-04-15,06:25:55,2452744.768,30.1,1.09,K,K,,,,missingreplog_J16320-4751.csv,,,Data replog,,,J16320-4751,True,IR
ir030413.0267        [0,J16320-4751,16:32:1.66,-47:52:29,2003-04-14,05:21:23,2452743.7232,30.0,1.19,K,K,,,,missingreplog_J16320-4751.csv,,,Data replog,,,J16320-4751,True,IR
ir030413.0266        [0,J16320-4751,16:32:1.66,-47:52:29,2003-04-14,05:20:30,2452743.7226,30.1,1.2,K,K,,,,missingreplog_J16320-4751.csv,,,Data replog,,,J16320-4751,True,IR
ir030413.0265        [0,J16320-4751,16:32:1.66,-47:52:29,2003-04-14,05:19:38,2452743.722,30.1,1.2,K,K,,,,missingreplog_J16320-4751.csv,,,Data replog,,,J16320-4751,True,IR
ir030413.0264        [0,J16320-4751,16:32:1.66,-47:52:29,2003-04-14,05:18:46,2452743.7214,30.1,1.2,K,K,,,,missingreplog_J16320-4751.csv,,,Data replog,,,J16320-4751,True,IR
ir030413.0263        [0,J16320-4751,16:32:1.66,-47:52:28,2003-04-14,05:17:53,2452743.7207,30.0,1.2,K,K,,,,missingreplog_J16320-4751.csv,,,Data replog,,,J16320-4751,True,IR
ir030413.0262        [0,J16320-4751,16:32:1.65,-47:52:28,2003-04-14,05:17:01,2452743.7201,30.0,1.2,K,K,,,,missingreplog_J16320-4751.csv,,,Data replog,,,J16320-4751,True,IR
ir030413.0261        [0,J16320-4751,16:32:1.67,-47:52:29,2003-04-14,05:16:09,2452743.7196,30.0,1.21,K,K,,,,missingreplog_J16320-4751.csv,,,Data replog,,,J16320-4751,True,IR
ir030413.0260        [0,J16320-4751,16:32:1.67,-47:52:29,2003-04-14,05:15:16,2452743.7189,30.1,1.21,K,K,,,,missingreplog_J16320-4751.csv,,,Data replog,,,J16320-4751,True,IR
ir030413.0259        [0,J16320-4751,16:32:1.69,-47:52:29,2003-04-14,05:14:23,2452743.7183,30.0,1.21,K,K,,,,missingreplog_J16320-4751.csv,,,Data replog,,,J16320-4751,True,IR
ir030413.0258        [0,J16320-4751,16:32:1.72,-47:52:29,2003-04-14,05:13:31,2452743.7177,30.0,1.21,K,K,,,,missingreplog_J16320-4751.csv,,,Data replog,,,J16320-4751,True,IR
ir030412.0284        [0,J16320-4751,16:32:1.84,-47:52:27,2003-04-13,07:07:01,2452742.7966,30.1,1.06,K,K,,,,missingreplog_J16320-4751.csv,,,Data replog,,,J16320-4751,True,IR
ir030412.0283        [0,J16320-4751,16:32:1.80,-47:52:27,2003-04-13,07:06:08,2452742.7959,30.0,1.06,K,K,,,,missingreplog_J16320-4751.csv,,,Data replog,,,J16320-4751,True,IR
ir030412.0282        [0,J16320-4751,16:32:1.81,-47:52:27,2003-04-13,07:05:17,2452742.7953,30.0,1.06,K,K,,,,missingreplog_J16320-4751.csv,,,Data replog,,,J16320-4751,True,IR
ir030412.0281        [0,J16320-4751,16:32:1.80,-47:52:27,2003-04-13,07:04:25,2452742.7947,30.1,1.06,K,K,,,,missingreplog_J16320-4751.csv,,,Data replog,,,J16320-4751,True,IR
ir030412.0280        [0,J16320-4751,16:32:1.79,-47:52:27,2003-04-13,07:03:32,2452742.7941,30.0,1.06,K,K,,,,missingreplog_J16320-4751.csv,,,Data replog,,,J16320-4751,True,IR
ir030412.0279        [0,J16320-4751,16:32:1.77,-47:52:27,2003-04-13,07:02:39,2452742.7935,30.0,1.07,K,K,,,,missingreplog_J16320-4751.csv,,,Data replog,,,J16320-4751,True,IR
ir030412.0278        [0,J16320-4751,16:32:1.76,-47:52:27,2003-04-13,07:01:47,2452742.7929,30.0,1.07,K,K,,,,missingreplog_J16320-4751.csv,,,Data replog,,,J16320-4751,True,IR
ir030412.0277        [0,J16320-4751,16:32:1.76,-47:52:28,2003-04-13,07:00:55,2452742.7923,30.1,1.07,K,K,,,,missingreplog_J16320-4751.csv,,,Data replog,,,J16320-4751,True,IR
ir030412.0276        [0,J16320-4751,16:32:1.76,-47:52:28,2003-04-13,07:00:02,2452742.7917,30.1,1.07,K,K,,,,missingreplog_J16320-4751.csv,,,Data replog,,,J16320-4751,True,IR
ir030412.0275        [0,J16320-4751,16:32:1.75,-47:52:28,2003-04-13,06:59:10,2452742.7911,30.1,1.07,K,K,,,,missingreplog_J16320-4751.csv,,,Data replog,,,J16320-4751,True,IR
ir030411.0267        [0,J16320-4751,16:32:1.80,-47:52:26,2003-04-12,06:30:49,2452741.7714,30.0,1.1,K,K,,,,missingreplog_J16320-4751.csv,,,Data replog,,,J16320-4751,True,IR
ir030411.0266        [0,J16320-4751,16:32:1.79,-47:52:27,2003-04-12,06:29:56,2452741.7708,30.0,1.1,K,K,,,,missingreplog_J16320-4751.csv,,,Data replog,,,J16320-4751,True,IR
ir030926.0010        [0,J16320-4751,16:32:1.70,-47:52:28,2003-09-27,00:06:43,2452909.5047,30.0,1.32,K,K,,,,missingreplog_J16320-4751.csv,,,Data replog,,,J16320-4751,True,IR
ir030926.0009        [0,J16320-4751,16:32:1.72,-47:52:28,2003-09-27,00:05:50,2452909.5041,30.1,1.32,K,K,,,,missingreplog_J16320-4751.csv,,,Data replog,,,J16320-4751,True,IR
ir030926.0008        [0,J16320-4751,16:32:1.74,-47:52:28,2003-09-27,00:04:58,2452909.5035,30.1,1.31,K,K,,,,missingreplog_J16320-4751.csv,,,Data replog,,,J16320-4751,True,IR
ir030823.0103        [0,J16320-4751,16:32:2.27,-47:52:29,2003-08-24,02:21:53,2452875.5985,30.0,1.32,K,K,,,,missingreplog_J16320-4751.csv,,,Data replog,,,J16320-4751,True,IR
ir030703.0001        [0,J16320-4751,16:32:1.72,-47:52:28,2003-07-04,01:24:43,2452824.5588,30.1,1.08,K,K,,,,missingreplog_J16320-4751.csv,,,Data replog,,,J16320-4751,True,IR
ir030530.0063        [0,J16320-4751,16:32:1.69,-47:52:27,2003-05-31,01:56:08,2452790.5806,30.0,1.24,K,K,,,,missingreplog_J16320-4751.csv,,,Data replog,,,J16320-4751,True,IR
ir030530.0062        [0,J16320-4751,16:32:1.68,-47:52:27,2003-05-31,01:55:15,2452790.58,30.0,1.24,K,K,,,,missingreplog_J16320-4751.csv,,,Data replog,,,J16320-4751,True,IR
ir030530.0061        [0,J16320-4751,16:32:1.69,-47:52:27,2003-05-31,01:54:23,2452790.5794,30.0,1.25,K,K,,,,missingreplog_J16320-4751.csv,,,Data replog,,,J16320-4751,True,IR
ir030530.0060        [0,J16320-4751,16:32:1.67,-47:52:27,2003-05-31,01:53:30,2452790.5788,30.0,1.25,K,K,,,,missingreplog_J16320-4751.csv,,,Data replog,,,J16320-4751,True,IR
ir030530.0059        [0,J16320-4751,16:32:1.67,-47:52:27,2003-05-31,01:52:38,2452790.5782,30.0,1.25,K,K,,,,missingreplog_J16320-4751.csv,,,Data replog,,,J16320-4751,True,IR
ir030530.0058        [0,J16320-4751,16:32:1.67,-47:52:27,2003-05-31,01:51:44,2452790.5776,30.0,1.25,K,K,,,,missingreplog_J16320-4751.csv,,,Data replog,,,J16320-4751,True,IR
ir030530.0057        [0,J16320-4751,16:32:1.67,-47:52:28,2003-05-31,01:50:53,2452790.577,30.0,1.26,K,K,,,,missingreplog_J16320-4751.csv,,,Data replog,,,J16320-4751,True,IR
ir030530.0056        [0,J16320-4751,16:32:1.67,-47:52:28,2003-05-31,01:49:59,2452790.5764,30.0,1.26,K,K,,,,missingreplog_J16320-4751.csv,,,Data replog,,,J16320-4751,True,IR
ir030530.0055        [0,J16320-4751,16:32:1.69,-47:52:28,2003-05-31,01:49:07,2452790.5758,30.1,1.26,K,K,,,,missingreplog_J16320-4751.csv,,,Data replog,,,J16320-4751,True,IR
ir030530.0054        [0,J16320-4751,16:32:1.71,-47:52:28,2003-05-31,01:48:14,2452790.5752,30.0,1.26,K,K,,,,missingreplog_J16320-4751.csv,,,Data replog,,,J16320-4751,True,IR
ir030513.0235        [0,J16320-4751,16:32:1.80,-47:52:30,2003-05-14,04:43:30,2452773.6969,30.0,1.08,K,K,,,,missingreplog_J16320-4751.csv,,,Data replog,,,J16320-4751,True,IR
ir030513.0234        [0,J16320-4751,16:32:1.78,-47:52:29,2003-05-14,04:42:37,2452773.6963,30.0,1.08,K,K,,,,missingreplog_J16320-4751.csv,,,Data replog,,,J16320-4751,True,IR
ir030513.0233        [0,J16320-4751,16:32:1.75,-47:52:29,2003-05-14,04:41:45,2452773.6957,30.0,1.08,K,K,,,,missingreplog_J16320-4751.csv,,,Data replog,,,J16320-4751,True,IR
ir030513.0232        [0,J16320-4751,16:32:1.74,-47:52:29,2003-05-14,04:40:53,2452773.6951,30.1,1.08,K,K,,,,missingreplog_J16320-4751.csv,,,Data replog,,,J16320-4751,True,IR
ir030513.0231        [0,J16320-4751,16:32:1.74,-47:52:29,2003-05-14,04:40:01,2452773.6945,30.0,1.08,K,K,,,,missingreplog_J16320-4751.csv,,,Data replog,,,J16320-4751,True,IR
ir030513.0230        [0,J16320-4751,16:32:1.73,-47:52:29,2003-05-14,04:39:08,2452773.6938,30.1,1.08,K,K,,,,missingreplog_J16320-4751.csv,,,Data replog,,,J16320-4751,True,IR
ir030513.0229        [0,J16320-4751,16:32:1.73,-47:52:29,2003-05-14,04:38:16,2452773.6932,30.1,1.08,K,K,,,,missingreplog_J16320-4751.csv,,,Data replog,,,J16320-4751,True,IR
ir030513.0228        [0,J16320-4751,16:32:1.71,-47:52:29,2003-05-14,04:37:23,2452773.6926,30.0,1.08,K,K,,,,missingreplog_J16320-4751.csv,,,Data replog,,,J16320-4751,True,IR
ir030513.0227        [0,J16320-4751,16:32:1.71,-47:52:29,2003-05-14,04:36:30,2452773.692,30.0,1.08,K,K,,,,missingreplog_J16320-4751.csv,,,Data replog,,,J16320-4751,True,IR
ir030513.0226        [0,J16320-4751,16:32:1.72,-47:52:29,2003-05-14,04:35:38,2452773.6914,30.0,1.08,K,K,,,,missingreplog_J16320-4751.csv,,,Data replog,,,J16320-4751,True,IR
ir030426.0227        [0,J16320-4751,16:32:1.79,-47:52:28,2003-04-27,07:54:07,2452756.8292,30.1,1.07,K,K,,,,missingreplog_J16320-4751.csv,,,Data replog,,,J16320-4751,True,IR
ir030426.0226        [0,J16320-4751,16:32:1.78,-47:52:28,2003-04-27,07:53:14,2452756.8286,30.0,1.07,K,K,,,,missingreplog_J16320-4751.csv,,,Data replog,,,J16320-4751,True,IR
ir030703.0002        [0,J16320-4751,16:32:1.69,-47:52:28,2003-07-04,01:25:35,2452824.5594,30.0,1.08,K,K,,,,missingreplog_J16320-4751.csv,,,Data replog,,,J16320-4751,True,IR
ir030823.0104        [0,J16320-4751,16:32:2.27,-47:52:30,2003-08-24,02:22:45,2452875.5991,30.0,1.33,K,K,,,,missingreplog_J16320-4751.csv,,,Data replog,,,J16320-4751,True,IR
ir030926.0007        [0,J16320-4751,16:32:1.71,-47:52:27,2003-09-27,00:04:06,2452909.5028,30.1,1.31,K,K,,,,missingreplog_J16320-4751.csv,,,Data replog,,,J16320-4751,True,IR
ir030823.0105        [0,J16320-4751,16:32:2.25,-47:52:30,2003-08-24,02:23:38,2452875.5998,30.1,1.33,K,K,,,,missingreplog_J16320-4751.csv,,,Data replog,,,J16320-4751,True,IR
ir030926.0006        [0,J16320-4751,16:32:1.76,-47:52:27,2003-09-27,00:03:13,2452909.5022,30.0,1.31,K,K,,,,missingreplog_J16320-4751.csv,,,Data replog,,,J16320-4751,True,IR
ir030926.0005        [0,J16320-4751,16:32:1.76,-47:52:27,2003-09-27,00:02:21,2452909.5016,30.1,1.3,K,K,,,,missingreplog_J16320-4751.csv,,,Data replog,,,J16320-4751,True,IR
ir030926.0004        [0,J16320-4751,16:32:1.77,-47:52:27,2003-09-27,00:01:29,2452909.501,30.0,1.3,K,K,,,,missingreplog_J16320-4751.csv,,,Data replog,,,J16320-4751,True,IR
ir030926.0003        [0,J16320-4751,16:32:1.78,-47:52:27,2003-09-27,00:00:36,2452909.5004,30.0,1.3,K,K,,,,missingreplog_J16320-4751.csv,,,Data replog,,,J16320-4751,True,IR
ir030926.0002        [0,J16320-4751,16:32:1.76,-47:52:27,2003-09-26,23:59:43,2452909.4998,30.0,1.3,K,K,,,,missingreplog_J16320-4751.csv,,,Data replog,,,J16320-4751,True,IR
ir030926.0001        [2,J16320-4751,16:32:1.72,-47:52:27,2003-09-26,23:58:52,2452909.4992,30.1,1.29,K,K,,,,missingreplog_J16320-4751.csv,,,Data replog,,,J16320-4751,True,IR
ir030909.0150        [0,J16320-4751,16:32:1.66,-47:52:23,2003-09-10,02:09:44,2452892.5901,30.1,1.56,K,K,,,,missingreplog_J16320-4751.csv,,,Data replog,,,J16320-4751,True,IR
ir030909.0149        [0,J16320-4751,16:32:1.65,-47:52:22,2003-09-10,02:08:51,2452892.5895,30.0,1.55,K,K,,,,missingreplog_J16320-4751.csv,,,Data replog,,,J16320-4751,True,IR
ir030909.0148        [0,J16320-4751,16:32:1.70,-47:52:22,2003-09-10,02:07:59,2452892.5889,30.0,1.55,K,K,,,,missingreplog_J16320-4751.csv,,,Data replog,,,J16320-4751,True,IR
ir030909.0147        [0,J16320-4751,16:32:1.71,-47:52:22,2003-09-10,02:07:07,2452892.5883,30.0,1.55,K,K,,,,missingreplog_J16320-4751.csv,,,Data replog,,,J16320-4751,True,IR
ir030909.0146        [0,J16320-4751,16:32:1.70,-47:52:22,2003-09-10,02:06:14,2452892.5877,30.0,1.54,K,K,,,,missingreplog_J16320-4751.csv,,,Data replog,,,J16320-4751,True,IR
ir030909.0145        [0,J16320-4751,16:32:1.73,-47:52:21,2003-09-10,02:05:21,2452892.5871,30.0,1.54,K,K,,,,missingreplog_J16320-4751.csv,,,Data replog,,,J16320-4751,True,IR
ir030909.0144        [0,J16320-4751,16:32:1.76,-47:52:21,2003-09-10,02:04:29,2452892.5865,30.0,1.53,K,K,,,,missingreplog_J16320-4751.csv,,,Data replog,,,J16320-4751,True,IR
ir030909.0143        [0,J16320-4751,16:32:1.75,-47:52:21,2003-09-10,02:03:37,2452892.5858,30.1,1.53,K,K,,,,missingreplog_J16320-4751.csv,,,Data replog,,,J16320-4751,True,IR
ir030909.0142        [0,J16320-4751,16:32:1.79,-47:52:21,2003-09-10,02:02:44,2452892.5852,30.0,1.52,K,K,,,,missingreplog_J16320-4751.csv,,,Data replog,,,J16320-4751,True,IR
ir030909.0141        [0,J16320-4751,16:32:1.88,-47:52:20,2003-09-10,02:01:51,2452892.5846,30.1,1.52,K,K,,,,missingreplog_J16320-4751.csv,,,Data replog,,,J16320-4751,True,IR
ir030823.0112        [0,J16320-4751,16:32:2.20,-47:52:30,2003-08-24,02:29:45,2452875.604,30.1,1.35,K,K,,,,missingreplog_J16320-4751.csv,,,Data replog,,,J16320-4751,True,IR
ir030823.0111        [0,J16320-4751,16:32:2.22,-47:52:30,2003-08-24,02:28:52,2452875.6034,30.0,1.35,K,K,,,,missingreplog_J16320-4751.csv,,,Data replog,,,J16320-4751,True,IR
ir030823.0110        [0,J16320-4751,16:32:2.21,-47:52:30,2003-08-24,02:28:00,2452875.6028,30.0,1.34,K,K,,,,missingreplog_J16320-4751.csv,,,Data replog,,,J16320-4751,True,IR
ir030823.0109        [0,J16320-4751,16:32:2.23,-47:52:30,2003-08-24,02:27:08,2452875.6022,30.1,1.34,K,K,,,,missingreplog_J16320-4751.csv,,,Data replog,,,J16320-4751,True,IR
ir030823.0108        [0,J16320-4751,16:32:2.23,-47:52:30,2003-08-24,02:26:15,2452875.6016,30.1,1.34,K,K,,,,missingreplog_J16320-4751.csv,,,Data replog,,,J16320-4751,True,IR
ir030823.0107        [0,J16320-4751,16:32:2.22,-47:52:30,2003-08-24,02:25:22,2452875.601,30.0,1.34,K,K,,,,missingreplog_J16320-4751.csv,,,Data replog,,,J16320-4751,True,IR
ir030823.0106        [0,J16320-4751,16:32:2.23,-47:52:30,2003-08-24,02:24:30,2452875.6004,30.0,1.33,K,K,,,,missingreplog_J16320-4751.csv,,,Data replog,,,J16320-4751,True,IR
ir031019.0010        [2,J16320-4751,16:32:1.09,-47:52:29,2003-10-19,23:52:34,2452932.4948,30.1,1.68,K,K,,,,missingreplog_J16320-4751.csv,,,Data replog,,,J16320-4751,True,IR
binir031005.0063.fits,J16320-4751,16:32:2.54,-47:52:34.3,2003-10-06,00:07:59,2452918.50555,30.05,1.46,V,K,1358,2065,2100,IR_CD_header_logs/LOG_J16320-4751.20030802thru20031019.csv,IR_CD_header_logs/,J16320-4751,CD,YALE-03A-0001,,J16320-4751,True,IR
binir031008.0006.fits,J16320-4751,16:32:2.78,-47:52:30.8,2003-10-08,23:35:29,2452921.48298,30.04,1.38,V,K,1418,2035,2070,IR_CD_header_logs/LOG_J16320-4751.20030802thru20031019.csv,IR_CD_header_logs/,J16320-4751,CD,YALE-03A-0001,,J16320-4751,True,IR
binir031008.0010.fits,J16320-4751,16:32:2.85,-47:52:30.8,2003-10-08,23:38:59,2452921.4854,30.04,1.39,V,K,1358,2035,2130,IR_CD_header_logs/LOG_J16320-4751.20030802thru20031019.csv,IR_CD_header_logs/,J16320-4751,CD,YALE-03A-0001,,J16320-4751,True,IR
binir031008.0009.fits,J16320-4751,16:32:2.82,-47:52:30.7,2003-10-08,23:38:06,2452921.4848,30.04,1.39,V,K,1388,2065,2070,IR_CD_header_logs/LOG_J16320-4751.20030802thru20031019.csv,IR_CD_header_logs/,J16320-4751,CD,YALE-03A-0001,,J16320-4751,True,IR
binir031008.0007.fits,J16320-4751,16:32:2.77,-47:52:30.8,2003-10-08,23:36:22,2452921.48359,30.04,1.38,V,K,1358,2065,2100,IR_CD_header_logs/LOG_J16320-4751.20030802thru20031019.csv,IR_CD_header_logs/,J16320-4751,CD,YALE-03A-0001,,J16320-4751,True,IR
binir031006.0043.fits,J16320-4751,16:32:1.58,-47:52:26.7,2003-10-07,00:02:58,2452919.50206,30.04,1.46,V,K,1358,2065,2100,IR_CD_header_logs/LOG_J16320-4751.20030802thru20031019.csv,IR_CD_header_logs/,J16320-4751,CD,YALE-03A-0001,,J16320-4751,True,IR
binir031006.0040.fits,J16320-4751,16:32:1.64,-47:52:26.8,2003-10-07,00:00:20,2452919.50024,30.04,1.44,V,K,1418,2005,2100,IR_CD_header_logs/LOG_J16320-4751.20030802thru20031019.csv,IR_CD_header_logs/,J16320-4751,CD,YALE-03A-0001,,J16320-4751,True,IR
binir031006.0041.fits,J16320-4751,16:32:1.60,-47:52:27.0,2003-10-07,00:01:12,2452919.50084,30.05,1.45,V,K,1388,2005,2130,IR_CD_header_logs/LOG_J16320-4751.20030802thru20031019.csv,IR_CD_header_logs/,J16320-4751,CD,YALE-03A-0001,,J16320-4751,True,IR
binir031006.0042.fits,J16320-4751,16:32:1.62,-47:52:27.0,2003-10-07,00:02:05,2452919.50145,30.05,1.45,V,K,1418,2035,2070,IR_CD_header_logs/LOG_J16320-4751.20030802thru20031019.csv,IR_CD_header_logs/,J16320-4751,CD,YALE-03A-0001,,J16320-4751,True,IR
binir031006.0044.fits,J16320-4751,16:32:1.57,-47:52:26.6,2003-10-07,00:03:50,2452919.50266,30.05,1.46,V,K,1388,2035,2100,IR_CD_header_logs/LOG_J16320-4751.20030802thru20031019.csv,IR_CD_header_logs/,J16320-4751,CD,YALE-03A-0001,,J16320-4751,True,IR
binir031006.0045.fits,J16320-4751,16:32:1.53,-47:52:26.5,2003-10-07,00:04:42,2452919.50326,30.04,1.46,V,K,1388,2065,2070,IR_CD_header_logs/LOG_J16320-4751.20030802thru20031019.csv,IR_CD_header_logs/,J16320-4751,CD,YALE-03A-0001,,J16320-4751,True,IR
binir031006.0046.fits,J16320-4751,16:32:1.52,-47:52:26.7,2003-10-07,00:05:34,2452919.50387,30.04,1.47,V,K,1358,2035,2130,IR_CD_header_logs/LOG_J16320-4751.20030802thru20031019.csv,IR_CD_header_logs/,J16320-4751,CD,YALE-03A-0001,,J16320-4751,True,IR
binir031005.0062.fits,J16320-4751,16:32:2.59,-47:52:34.4,2003-10-06,00:07:07,2452918.50494,30.04,1.46,V,K,1418,2035,2070,IR_CD_header_logs/LOG_J16320-4751.20030802thru20031019.csv,IR_CD_header_logs/,J16320-4751,CD,YALE-03A-0001,,J16320-4751,True,IR
binir031005.0057.fits,J16320-4751,16:32:2.61,-47:52:34.4,2003-10-06,00:02:45,2452918.50191,30.04,1.44,V,K,1388,2035,2100,IR_CD_header_logs/LOG_J16320-4751.20030802thru20031019.csv,IR_CD_header_logs/,J16320-4751,CD,YALE-03A-0001,,J16320-4751,True,IR
binir031005.0058.fits,J16320-4751,16:32:2.64,-47:52:34.6,2003-10-06,00:03:37,2452918.50251,30.04,1.44,V,K,1388,2065,2070,IR_CD_header_logs/LOG_J16320-4751.20030802thru20031019.csv,IR_CD_header_logs/,J16320-4751,CD,YALE-03A-0001,,J16320-4751,True,IR
binir031005.0059.fits,J16320-4751,16:32:2.62,-47:52:34.4,2003-10-06,00:04:29,2452918.50312,30.04,1.45,V,K,1358,2035,2130,IR_CD_header_logs/LOG_J16320-4751.20030802thru20031019.csv,IR_CD_header_logs/,J16320-4751,CD,YALE-03A-0001,,J16320-4751,True,IR
binir031005.0060.fits,J16320-4751,16:32:2.56,-47:52:34.4,2003-10-06,00:05:22,2452918.50373,30.04,1.45,V,K,1418,2005,2100,IR_CD_header_logs/LOG_J16320-4751.20030802thru20031019.csv,IR_CD_header_logs/,J16320-4751,CD,YALE-03A-0001,,J16320-4751,True,IR
binir031005.0061.fits,J16320-4751,16:32:2.57,-47:52:34.4,2003-10-06,00:06:14,2452918.50433,30.04,1.45,V,K,1388,2005,2130,IR_CD_header_logs/LOG_J16320-4751.20030802thru20031019.csv,IR_CD_header_logs/,J16320-4751,CD,YALE-03A-0001,,J16320-4751,True,IR
binir031008.0008.fits,J16320-4751,16:32:2.79,-47:52:31.0,2003-10-08,23:37:14,2452921.48419,30.05,1.38,V,K,1388,2035,2100,IR_CD_header_logs/LOG_J16320-4751.20030802thru20031019.csv,IR_CD_header_logs/,J16320-4751,CD,YALE-03A-0001,,J16320-4751,True,IR
binir031008.0004.fits,J16320-4751,16:32:2.75,-47:52:31.2,2003-10-08,23:33:44,2452921.48177,30.04,1.37,V,K,1418,2005,2100,IR_CD_header_logs/LOG_J16320-4751.20030802thru20031019.csv,IR_CD_header_logs/,J16320-4751,CD,YALE-03A-0001,,J16320-4751,True,IR
binir031008.0003.fits,J16320-4751,16:32:2.75,-47:52:31.3,2003-10-08,23:32:52,2452921.48116,30.04,1.37,V,K,1358,2035,2130,IR_CD_header_logs/LOG_J16320-4751.20030802thru20031019.csv,IR_CD_header_logs/,J16320-4751,CD,YALE-03A-0001,,J16320-4751,True,IR
binir031009.0004.fits,J16320-4751,16:32:1.88,-47:52:26.9,2003-10-09,23:32:12,2452922.4807,30.05,1.38,V,K,1358,2035,2130,IR_CD_header_logs/LOG_J16320-4751.20030802thru20031019.csv,IR_CD_header_logs/,J16320-4751,CD,YALE-03A-0001,,J16320-4751,True,IR
binir031011.0028.fits,J16320-4751,16:32:1.84,-47:52:27.8,2003-10-12,00:15:33,2452924.51081,30.04,1.63,R,K,1358,2065,2100,IR_CD_header_logs/LOG_J16320-4751.20030802thru20031019.csv,IR_CD_header_logs/,J16320-4751,CD,YALE-03A-0001,,J16320-4751,True,IR
binir031011.0029.fits,J16320-4751,16:32:1.87,-47:52:28.0,2003-10-12,00:16:25,2452924.51141,30.05,1.63,R,K,1388,2035,2100,IR_CD_header_logs/LOG_J16320-4751.20030802thru20031019.csv,IR_CD_header_logs/,J16320-4751,CD,YALE-03A-0001,,J16320-4751,True,IR
binir031011.0030.fits,J16320-4751,16:32:1.91,-47:52:28.4,2003-10-12,00:17:17,2452924.51201,30.04,1.64,R,K,1388,2065,2070,IR_CD_header_logs/LOG_J16320-4751.20030802thru20031019.csv,IR_CD_header_logs/,J16320-4751,CD,YALE-03A-0001,,J16320-4751,True,IR
binir031011.0031.fits,J16320-4751,16:32:1.91,-47:52:28.2,2003-10-12,00:18:10,2452924.51262,30.04,1.64,R,K,1358,2035,2130,IR_CD_header_logs/LOG_J16320-4751.20030802thru20031019.csv,IR_CD_header_logs/,J16320-4751,CD,YALE-03A-0001,,J16320-4751,True,IR
binir031009.0006.fits,J16320-4751,16:32:1.90,-47:52:26.8,2003-10-09,23:33:57,2452922.48191,30.05,1.38,V,K,1388,2005,2130,IR_CD_header_logs/LOG_J16320-4751.20030802thru20031019.csv,IR_CD_header_logs/,J16320-4751,CD,YALE-03A-0001,,J16320-4751,True,IR
binir031009.0002.fits,J16320-4751,16:32:1.81,-47:52:27.5,2003-10-09,23:30:27,2452922.47949,30.05,1.37,V,K,1388,2035,2100,IR_CD_header_logs/LOG_J16320-4751.20030802thru20031019.csv,IR_CD_header_logs/,J16320-4751,CD,YALE-03A-0001,,J16320-4751,True,IR
binir031009.0003.fits,J16320-4751,16:32:1.81,-47:52:27.2,2003-10-09,23:31:19,2452922.48009,30.05,1.37,V,K,1388,2065,2070,IR_CD_header_logs/LOG_J16320-4751.20030802thru20031019.csv,IR_CD_header_logs/,J16320-4751,CD,YALE-03A-0001,,J16320-4751,True,IR
binir031009.0005.fits,J16320-4751,16:32:1.87,-47:52:26.5,2003-10-09,23:33:05,2452922.48131,30.04,1.38,V,K,1418,2005,2100,IR_CD_header_logs/LOG_J16320-4751.20030802thru20031019.csv,IR_CD_header_logs/,J16320-4751,CD,YALE-03A-0001,,J16320-4751,True,IR
binir031008.0002.fits,J16320-4751,16:32:2.71,-47:52:31.4,2003-10-08,23:31:59,2452921.48055,30.04,1.36,V,K,1388,2065,2070,IR_CD_header_logs/LOG_J16320-4751.20030802thru20031019.csv,IR_CD_header_logs/,J16320-4751,CD,YALE-03A-0001,,J16320-4751,True,IR
binir031009.0011.fits,J16320-4751,16:32:2.08,-47:52:26.5,2003-10-09,23:38:19,2452922.48495,30.04,1.4,V,K,1358,2035,2130,IR_CD_header_logs/LOG_J16320-4751.20030802thru20031019.csv,IR_CD_header_logs/,J16320-4751,CD,YALE-03A-0001,,J16320-4751,True,IR
binir031009.0007.fits,J16320-4751,16:32:1.95,-47:52:26.9,2003-10-09,23:34:50,2452922.48252,30.05,1.39,V,K,1418,2035,2070,IR_CD_header_logs/LOG_J16320-4751.20030802thru20031019.csv,IR_CD_header_logs/,J16320-4751,CD,YALE-03A-0001,,J16320-4751,True,IR
binir031009.0008.fits,J16320-4751,16:32:2.00,-47:52:26.8,2003-10-09,23:35:42,2452922.48314,30.04,1.39,V,K,1358,2065,2100,IR_CD_header_logs/LOG_J16320-4751.20030802thru20031019.csv,IR_CD_header_logs/,J16320-4751,CD,YALE-03A-0001,,J16320-4751,True,IR
binir031009.0009.fits,J16320-4751,16:32:2.01,-47:52:26.8,2003-10-09,23:36:35,2452922.48374,30.04,1.39,V,K,1388,2035,2100,IR_CD_header_logs/LOG_J16320-4751.20030802thru20031019.csv,IR_CD_header_logs/,J16320-4751,CD,YALE-03A-0001,,J16320-4751,True,IR
binir031009.0010.fits,J16320-4751,16:32:2.00,-47:52:26.6,2003-10-09,23:37:26,2452922.48434,30.04,1.4,V,K,1388,2065,2070,IR_CD_header_logs/LOG_J16320-4751.20030802thru20031019.csv,IR_CD_header_logs/,J16320-4751,CD,YALE-03A-0001,,J16320-4751,True,IR
binir031008.0005.fits,J16320-4751,16:32:2.74,-47:52:31.9,2003-10-08,23:34:37,2452921.48237,30.05,1.37,V,K,1388,2005,2130,IR_CD_header_logs/LOG_J16320-4751.20030802thru20031019.csv,IR_CD_header_logs/,J16320-4751,CD,YALE-03A-0001,,J16320-4751,True,IR
binir031008.0001.fits,J16320-4751,16:32:2.72,-47:52:31.5,2003-10-08,23:31:07,2452921.47995,30.04,1.36,V,K,1388,2035,2100,IR_CD_header_logs/LOG_J16320-4751.20030802thru20031019.csv,IR_CD_header_logs/,J16320-4751,CD,YALE-03A-0001,,J16320-4751,True,IR
binir031005.0066.fits,J16320-4751,16:32:2.45,-47:52:34.6,2003-10-06,00:10:36,2452918.50736,30.05,1.47,V,K,1358,2035,2130,IR_CD_header_logs/LOG_J16320-4751.20030802thru20031019.csv,IR_CD_header_logs/,J16320-4751,CD,YALE-03A-0001,,J16320-4751,True,IR
binir031005.0064.fits,J16320-4751,16:32:2.53,-47:52:34.3,2003-10-06,00:08:51,2452918.50615,30.04,1.47,V,K,1388,2035,2100,IR_CD_header_logs/LOG_J16320-4751.20030802thru20031019.csv,IR_CD_header_logs/,J16320-4751,CD,YALE-03A-0001,,J16320-4751,True,IR
binir031011.0026.fits,J16320-4751,16:32:1.84,-47:52:27.5,2003-10-12,00:13:48,2452924.50958,30.04,1.62,R,K,1388,2005,2130,IR_CD_header_logs/LOG_J16320-4751.20030802thru20031019.csv,IR_CD_header_logs/,J16320-4751,CD,YALE-03A-0001,,J16320-4751,True,IR
binir031005.0065.fits,J16320-4751,16:32:2.52,-47:52:34.4,2003-10-06,00:09:43,2452918.50675,30.04,1.47,V,K,1388,2065,2070,IR_CD_header_logs/LOG_J16320-4751.20030802thru20031019.csv,IR_CD_header_logs/,J16320-4751,CD,YALE-03A-0001,,J16320-4751,True,IR
binir031003.0088.fits,J16320-4751,16:32:1.95,-47:52:19.3,2003-10-04,00:25:39,2452916.51781,30.04,1.51,V,K,1388,2045,2090,IR_CD_header_logs/LOG_J16320-4751.20030802thru20031019.csv,IR_CD_header_logs/,J16320-4751,CD,YALE-03A-0001,,J16320-4751,True,IR
binir031003.0089.fits,J16320-4751,16:32:1.92,-47:52:19.6,2003-10-04,00:26:31,2452916.51842,30.04,1.51,V,K,1388,2075,2060,IR_CD_header_logs/LOG_J16320-4751.20030802thru20031019.csv,IR_CD_header_logs/,J16320-4751,CD,YALE-03A-0001,,J16320-4751,True,IR
binir031003.0090.fits,J16320-4751,16:32:1.90,-47:52:19.7,2003-10-04,00:27:24,2452916.51903,30.05,1.52,V,K,1358,2045,2120,IR_CD_header_logs/LOG_J16320-4751.20030802thru20031019.csv,IR_CD_header_logs/,J16320-4751,CD,YALE-03A-0001,,J16320-4751,True,IR
binir031002.0085.fits,J16320-4751,16:32:2.29,-47:52:22.0,2003-10-03,00:24:43,2452915.51716,30.04,1.48,V,K,1388,2015,2120,IR_CD_header_logs/LOG_J16320-4751.20030802thru20031019.csv,IR_CD_header_logs/,J16320-4751,CD,YALE-03A-0001,,J16320-4751,True,IR
binir031002.0081.fits,J16320-4751,16:32:2.28,-47:52:21.4,2003-10-03,00:21:14,2452915.51475,30.04,1.47,V,K,1388,2045,2090,IR_CD_header_logs/LOG_J16320-4751.20030802thru20031019.csv,IR_CD_header_logs/,J16320-4751,CD,YALE-03A-0001,,J16320-4751,True,IR
binir031002.0082.fits,J16320-4751,16:32:2.28,-47:52:21.4,2003-10-03,00:22:05,2452915.51534,30.04,1.47,V,K,1388,2075,2060,IR_CD_header_logs/LOG_J16320-4751.20030802thru20031019.csv,IR_CD_header_logs/,J16320-4751,CD,YALE-03A-0001,,J16320-4751,True,IR
binir031002.0083.fits,J16320-4751,16:32:2.32,-47:52:21.5,2003-10-03,00:22:58,2452915.51596,30.05,1.48,V,K,1358,2045,2120,IR_CD_header_logs/LOG_J16320-4751.20030802thru20031019.csv,IR_CD_header_logs/,J16320-4751,CD,YALE-03A-0001,,J16320-4751,True,IR
binir031002.0084.fits,J16320-4751,16:32:2.25,-47:52:21.7,2003-10-03,00:23:51,2452915.51657,30.04,1.48,V,K,1418,2015,2090,IR_CD_header_logs/LOG_J16320-4751.20030802thru20031019.csv,IR_CD_header_logs/,J16320-4751,CD,YALE-03A-0001,,J16320-4751,True,IR
binir031002.0090.fits,J16320-4751,16:32:2.17,-47:52:23.0,2003-10-03,00:29:03,2452915.52018,30.05,1.51,V,K,1358,2045,2120,IR_CD_header_logs/LOG_J16320-4751.20030802thru20031019.csv,IR_CD_header_logs/,J16320-4751,CD,YALE-03A-0001,,J16320-4751,True,IR
binir031002.0086.fits,J16320-4751,16:32:2.22,-47:52:22.1,2003-10-03,00:25:35,2452915.51777,30.04,1.49,V,K,1418,2045,2060,IR_CD_header_logs/LOG_J16320-4751.20030802thru20031019.csv,IR_CD_header_logs/,J16320-4751,CD,YALE-03A-0001,,J16320-4751,True,IR
binir031002.0087.fits,J16320-4751,16:32:2.26,-47:52:22.5,2003-10-03,00:26:27,2452915.51838,30.04,1.49,V,K,1358,2075,2090,IR_CD_header_logs/LOG_J16320-4751.20030802thru20031019.csv,IR_CD_header_logs/,J16320-4751,CD,YALE-03A-0001,,J16320-4751,True,IR
binir031002.0088.fits,J16320-4751,16:32:2.23,-47:52:22.7,2003-10-03,00:27:19,2452915.51897,30.04,1.5,V,K,1388,2045,2090,IR_CD_header_logs/LOG_J16320-4751.20030802thru20031019.csv,IR_CD_header_logs/,J16320-4751,CD,YALE-03A-0001,,J16320-4751,True,IR
binir031002.0089.fits,J16320-4751,16:32:2.21,-47:52:22.8,2003-10-03,00:28:11,2452915.51958,30.05,1.5,V,K,1388,2075,2060,IR_CD_header_logs/LOG_J16320-4751.20030802thru20031019.csv,IR_CD_header_logs/,J16320-4751,CD,YALE-03A-0001,,J16320-4751,True,IR
binir031001.0002.fits,J16320-4751,16:32:1.72,-47:52:28.6,2003-10-02,00:13:15,2452914.50921,30.04,1.42,I,K,1388,2045,2090,IR_CD_header_logs/LOG_J16320-4751.20030802thru20031019.csv,IR_CD_header_logs/,J16320-4751,CD,YALE-03A-0001,,J16320-4751,True,IR
binir031001.0003.fits,J16320-4751,16:32:1.67,-47:52:27.7,2003-10-02,00:14:08,2452914.50981,30.04,1.42,I,K,1388,2075,2060,IR_CD_header_logs/LOG_J16320-4751.20030802thru20031019.csv,IR_CD_header_logs/,J16320-4751,CD,YALE-03A-0001,,J16320-4751,True,IR
binir031001.0006.fits,J16320-4751,16:32:1.75,-47:52:27.4,2003-10-02,00:16:45,2452914.51163,30.04,1.43,I,K,1388,2015,2120,IR_CD_header_logs/LOG_J16320-4751.20030802thru20031019.csv,IR_CD_header_logs/,J16320-4751,CD,YALE-03A-0001,,J16320-4751,True,IR
binir031001.0004.fits,J16320-4751,16:32:1.57,-47:52:27.3,2003-10-02,00:15:00,2452914.51042,30.04,1.42,I,K,1358,2045,2120,IR_CD_header_logs/LOG_J16320-4751.20030802thru20031019.csv,IR_CD_header_logs/,J16320-4751,CD,YALE-03A-0001,,J16320-4751,True,IR
binir031003.0087.fits,J16320-4751,16:32:1.99,-47:52:19.2,2003-10-04,00:24:47,2452916.51721,30.05,1.5,V,K,1358,2075,2090,IR_CD_header_logs/LOG_J16320-4751.20030802thru20031019.csv,IR_CD_header_logs/,J16320-4751,CD,YALE-03A-0001,,J16320-4751,True,IR
binir031003.0086.fits,J16320-4751,16:32:1.97,-47:52:19.3,2003-10-04,00:23:55,2452916.51661,30.05,1.5,V,K,1418,2045,2060,IR_CD_header_logs/LOG_J16320-4751.20030802thru20031019.csv,IR_CD_header_logs/,J16320-4751,CD,YALE-03A-0001,,J16320-4751,True,IR
binir031003.0085.fits,J16320-4751,16:32:2.02,-47:52:18.9,2003-10-04,00:23:02,2452916.516,30.05,1.5,V,K,1388,2015,2120,IR_CD_header_logs/LOG_J16320-4751.20030802thru20031019.csv,IR_CD_header_logs/,J16320-4751,CD,YALE-03A-0001,,J16320-4751,True,IR
binir031004.0073.fits,J16320-4751,16:32:2.76,-47:52:31.1,2003-10-05,00:49:00,2452917.53403,30.05,1.66,V,K,1388,2005,2130,IR_CD_header_logs/LOG_J16320-4751.20030802thru20031019.csv,IR_CD_header_logs/,J16320-4751,CD,YALE-03A-0001,,J16320-4751,True,IR
binir031006.0037.fits,J16320-4751,16:32:1.72,-47:52:27.7,2003-10-06,23:57:43,2452919.49842,30.04,1.43,V,K,1388,2035,2100,IR_CD_header_logs/LOG_J16320-4751.20030802thru20031019.csv,IR_CD_header_logs/,J16320-4751,CD,YALE-03A-0001,,J16320-4751,True,IR
binir031006.0038.fits,J16320-4751,16:32:1.67,-47:52:27.7,2003-10-06,23:58:35,2452919.49902,30.04,1.44,V,K,1388,2065,2070,IR_CD_header_logs/LOG_J16320-4751.20030802thru20031019.csv,IR_CD_header_logs/,J16320-4751,CD,YALE-03A-0001,,J16320-4751,True,IR
binir031006.0039.fits,J16320-4751,16:32:1.66,-47:52:27.2,2003-10-06,23:59:28,2452919.49963,30.04,1.44,V,K,1358,2035,2130,IR_CD_header_logs/LOG_J16320-4751.20030802thru20031019.csv,IR_CD_header_logs/,J16320-4751,CD,YALE-03A-0001,,J16320-4751,True,IR
binir031004.0069.fits,J16320-4751,16:32:2.82,-47:52:30.3,2003-10-05,00:45:32,2452917.53162,30.04,1.64,V,K,1388,2035,2100,IR_CD_header_logs/LOG_J16320-4751.20030802thru20031019.csv,IR_CD_header_logs/,J16320-4751,CD,YALE-03A-0001,,J16320-4751,True,IR
binir031004.0070.fits,J16320-4751,16:32:2.73,-47:52:30.8,2003-10-05,00:46:23,2452917.53222,30.04,1.65,V,K,1388,2065,2070,IR_CD_header_logs/LOG_J16320-4751.20030802thru20031019.csv,IR_CD_header_logs/,J16320-4751,CD,YALE-03A-0001,,J16320-4751,True,IR
binir031004.0071.fits,J16320-4751,16:32:2.76,-47:52:30.8,2003-10-05,00:47:16,2452917.53283,30.05,1.65,V,K,1358,2035,2130,IR_CD_header_logs/LOG_J16320-4751.20030802thru20031019.csv,IR_CD_header_logs/,J16320-4751,CD,YALE-03A-0001,,J16320-4751,True,IR
binir031004.0072.fits,J16320-4751,16:32:2.75,-47:52:31.0,2003-10-05,00:48:08,2452917.53343,30.05,1.66,V,K,1418,2005,2100,IR_CD_header_logs/LOG_J16320-4751.20030802thru20031019.csv,IR_CD_header_logs/,J16320-4751,CD,YALE-03A-0001,,J16320-4751,True,IR
binir031004.0074.fits,J16320-4751,16:32:2.79,-47:52:31.4,2003-10-05,00:49:52,2452917.53463,30.04,1.67,V,K,1418,2035,2070,IR_CD_header_logs/LOG_J16320-4751.20030802thru20031019.csv,IR_CD_header_logs/,J16320-4751,CD,YALE-03A-0001,,J16320-4751,True,IR
binir031003.0083.fits,J16320-4751,16:32:2.06,-47:52:18.6,2003-10-04,00:21:17,2452916.51478,30.05,1.49,V,K,1358,2045,2120,IR_CD_header_logs/LOG_J16320-4751.20030802thru20031019.csv,IR_CD_header_logs/,J16320-4751,CD,YALE-03A-0001,,J16320-4751,True,IR
binir031004.0076.fits,J16320-4751,16:32:2.80,-47:52:31.7,2003-10-05,00:51:35,2452917.53583,30.04,1.68,V,K,1388,2035,2100,IR_CD_header_logs/LOG_J16320-4751.20030802thru20031019.csv,IR_CD_header_logs/,J16320-4751,CD,YALE-03A-0001,,J16320-4751,True,IR
binir031004.0077.fits,J16320-4751,16:32:2.80,-47:52:31.9,2003-10-05,00:52:27,2452917.53643,30.04,1.69,V,K,1388,2065,2070,IR_CD_header_logs/LOG_J16320-4751.20030802thru20031019.csv,IR_CD_header_logs/,J16320-4751,CD,YALE-03A-0001,,J16320-4751,True,IR
binir031004.0078.fits,J16320-4751,16:32:2.78,-47:52:32.0,2003-10-05,00:53:20,2452917.53704,30.05,1.69,V,K,1358,2035,2130,IR_CD_header_logs/LOG_J16320-4751.20030802thru20031019.csv,IR_CD_header_logs/,J16320-4751,CD,YALE-03A-0001,,J16320-4751,True,IR
binir031004.0075.fits,J16320-4751,16:32:2.78,-47:52:31.5,2003-10-05,00:50:44,2452917.53523,30.05,1.67,V,K,1358,2065,2100,IR_CD_header_logs/LOG_J16320-4751.20030802thru20031019.csv,IR_CD_header_logs/,J16320-4751,CD,YALE-03A-0001,,J16320-4751,True,IR
binir031003.0084.fits,J16320-4751,16:32:2.04,-47:52:18.8,2003-10-04,00:22:09,2452916.51539,30.04,1.49,V,K,1418,2015,2090,IR_CD_header_logs/LOG_J16320-4751.20030802thru20031019.csv,IR_CD_header_logs/,J16320-4751,CD,YALE-03A-0001,,J16320-4751,True,IR
binir031003.0081.fits,J16320-4751,16:32:2.10,-47:52:18.8,2003-10-04,00:19:32,2452916.51357,30.05,1.48,V,K,1388,2045,2090,IR_CD_header_logs/LOG_J16320-4751.20030802thru20031019.csv,IR_CD_header_logs/,J16320-4751,CD,YALE-03A-0001,,J16320-4751,True,IR
binir031003.0082.fits,J16320-4751,16:32:2.07,-47:52:18.4,2003-10-04,00:20:24,2452916.51417,30.05,1.48,V,K,1388,2075,2060,IR_CD_header_logs/LOG_J16320-4751.20030802thru20031019.csv,IR_CD_header_logs/,J16320-4751,CD,YALE-03A-0001,,J16320-4751,True,IR
binir031011.0027.fits,J16320-4751,16:32:1.85,-47:52:27.7,2003-10-12,00:14:41,2452924.5102,30.05,1.62,R,K,1418,2035,2070,IR_CD_header_logs/LOG_J16320-4751.20030802thru20031019.csv,IR_CD_header_logs/,J16320-4751,CD,YALE-03A-0001,,J16320-4751,True,IR
binir031011.0024.fits,J16320-4751,16:32:1.83,-47:52:27.6,2003-10-12,00:12:03,2452924.50837,30.04,1.61,R,K,1358,2035,2130,IR_CD_header_logs/LOG_J16320-4751.20030802thru20031019.csv,IR_CD_header_logs/,J16320-4751,CD,YALE-03A-0001,,J16320-4751,True,IR
binir031019.0007.fits,J16320-4751,16:32:1.08,-47:52:28.9,2003-10-19,23:49:57,2452932.49303,30.05,1.66,V,K,1358,2065,2100,IR_CD_header_logs/LOG_J16320-4751.20030802thru20031019.csv,IR_CD_header_logs/,J16320-4751,CD,YALE-03A-0001,,J16320-4751,True,IR
binir031019.0010.fits,J16320-4751,16:32:1.09,-47:52:29.8,2003-10-19,23:52:34,2452932.49484,30.05,1.68,V,K,1358,2035,2130,IR_CD_header_logs/LOG_J16320-4751.20030802thru20031019.csv,IR_CD_header_logs/,J16320-4751,CD,YALE-03A-0001,,J16320-4751,True,IR
binir031019.0008.fits,J16320-4751,16:32:1.08,-47:52:29.0,2003-10-19,23:50:49,2452932.49363,30.04,1.67,V,K,1388,2035,2100,IR_CD_header_logs/LOG_J16320-4751.20030802thru20031019.csv,IR_CD_header_logs/,J16320-4751,CD,YALE-03A-0001,,J16320-4751,True,IR
binir031019.0006.fits,J16320-4751,16:32:1.07,-47:52:29.1,2003-10-19,23:49:04,2452932.49242,30.05,1.66,V,K,1418,2035,2070,IR_CD_header_logs/LOG_J16320-4751.20030802thru20031019.csv,IR_CD_header_logs/,J16320-4751,CD,YALE-03A-0001,,J16320-4751,True,IR
binir031011.0023.fits,J16320-4751,16:32:1.74,-47:52:27.6,2003-10-12,00:11:10,2452924.50776,30.05,1.6,R,K,1388,2065,2070,IR_CD_header_logs/LOG_J16320-4751.20030802thru20031019.csv,IR_CD_header_logs/,J16320-4751,CD,YALE-03A-0001,,J16320-4751,True,IR
binir031019.0005.fits,J16320-4751,16:32:1.05,-47:52:28.8,2003-10-19,23:48:12,2452932.49181,30.05,1.65,V,K,1388,2005,2130,IR_CD_header_logs/LOG_J16320-4751.20030802thru20031019.csv,IR_CD_header_logs/,J16320-4751,CD,YALE-03A-0001,,J16320-4751,True,IR
binir031015.0027.fits,J16320-4751,16:32:1.86,-47:52:28.4,2003-10-16,00:21:28,2452928.51492,30.04,1.77,R,K,1418,2035,2070,IR_CD_header_logs/LOG_J16320-4751.20030802thru20031019.csv,IR_CD_header_logs/,J16320-4751,CD,YALE-03A-0001,,J16320-4751,True,IR
binir031015.0028.fits,J16320-4751,16:32:1.90,-47:52:28.0,2003-10-16,00:22:21,2452928.51553,30.05,1.78,R,K,1358,2065,2100,IR_CD_header_logs/LOG_J16320-4751.20030802thru20031019.csv,IR_CD_header_logs/,J16320-4751,CD,YALE-03A-0001,,J16320-4751,True,IR
binir031015.0029.fits,J16320-4751,16:32:1.95,-47:52:28.9,2003-10-16,00:23:13,2452928.51613,30.05,1.79,R,K,1388,2035,2100,IR_CD_header_logs/LOG_J16320-4751.20030802thru20031019.csv,IR_CD_header_logs/,J16320-4751,CD,YALE-03A-0001,,J16320-4751,True,IR
binir031015.0030.fits,J16320-4751,16:32:2.00,-47:52:29.1,2003-10-16,00:24:05,2452928.51673,30.04,1.79,R,K,1388,2065,2070,IR_CD_header_logs/LOG_J16320-4751.20030802thru20031019.csv,IR_CD_header_logs/,J16320-4751,CD,YALE-03A-0001,,J16320-4751,True,IR
binir031015.0031.fits,J16320-4751,16:32:2.01,-47:52:29.3,2003-10-16,00:24:58,2452928.51734,30.05,1.8,R,K,1358,2035,2130,IR_CD_header_logs/LOG_J16320-4751.20030802thru20031019.csv,IR_CD_header_logs/,J16320-4751,CD,YALE-03A-0001,,J16320-4751,True,IR
binir031013.0026.fits,J16320-4751,16:32:1.85,-47:52:28.8,2003-10-14,00:16:21,2452926.51136,30.05,1.68,R,K,1388,2005,2130,IR_CD_header_logs/LOG_J16320-4751.20030802thru20031019.csv,IR_CD_header_logs/,J16320-4751,CD,YALE-03A-0001,,J16320-4751,True,IR
binir031013.0022.fits,J16320-4751,16:32:1.71,-47:52:28.1,2003-10-14,00:12:51,2452926.50893,30.04,1.66,R,K,1388,2035,2100,IR_CD_header_logs/LOG_J16320-4751.20030802thru20031019.csv,IR_CD_header_logs/,J16320-4751,CD,YALE-03A-0001,,J16320-4751,True,IR
binir031013.0023.fits,J16320-4751,16:32:1.74,-47:52:28.4,2003-10-14,00:13:43,2452926.50953,30.05,1.66,R,K,1388,2065,2070,IR_CD_header_logs/LOG_J16320-4751.20030802thru20031019.csv,IR_CD_header_logs/,J16320-4751,CD,YALE-03A-0001,,J16320-4751,True,IR
binir031013.0024.fits,J16320-4751,16:32:1.80,-47:52:28.5,2003-10-14,00:14:36,2452926.51014,30.04,1.67,R,K,1358,2035,2130,IR_CD_header_logs/LOG_J16320-4751.20030802thru20031019.csv,IR_CD_header_logs/,J16320-4751,CD,YALE-03A-0001,,J16320-4751,True,IR
binir031013.0025.fits,J16320-4751,16:32:1.84,-47:52:28.4,2003-10-14,00:15:29,2452926.51075,30.04,1.68,R,K,1418,2005,2100,IR_CD_header_logs/LOG_J16320-4751.20030802thru20031019.csv,IR_CD_header_logs/,J16320-4751,CD,YALE-03A-0001,,J16320-4751,True,IR
binir031013.0029.fits,J16320-4751,16:32:1.93,-47:52:29.1,2003-10-14,00:18:58,2452926.51318,30.05,1.7,R,K,1388,2035,2100,IR_CD_header_logs/LOG_J16320-4751.20030802thru20031019.csv,IR_CD_header_logs/,J16320-4751,CD,YALE-03A-0001,,J16320-4751,True,IR
binir031013.0027.fits,J16320-4751,16:32:1.92,-47:52:29.0,2003-10-14,00:17:13,2452926.51196,30.05,1.69,R,K,1418,2035,2070,IR_CD_header_logs/LOG_J16320-4751.20030802thru20031019.csv,IR_CD_header_logs/,J16320-4751,CD,YALE-03A-0001,,J16320-4751,True,IR
binir031013.0031.fits,J16320-4751,16:32:1.98,-47:52:29.5,2003-10-14,00:20:43,2452926.51439,30.04,1.71,R,K,1358,2035,2130,IR_CD_header_logs/LOG_J16320-4751.20030802thru20031019.csv,IR_CD_header_logs/,J16320-4751,CD,YALE-03A-0001,,J16320-4751,True,IR
binir031013.0030.fits,J16320-4751,16:32:1.97,-47:52:29.1,2003-10-14,00:19:50,2452926.51378,30.05,1.7,R,K,1388,2065,2070,IR_CD_header_logs/LOG_J16320-4751.20030802thru20031019.csv,IR_CD_header_logs/,J16320-4751,CD,YALE-03A-0001,,J16320-4751,True,IR
binir031013.0028.fits,J16320-4751,16:32:1.89,-47:52:28.9,2003-10-14,00:18:06,2452926.51258,30.05,1.69,R,K,1358,2065,2100,IR_CD_header_logs/LOG_J16320-4751.20030802thru20031019.csv,IR_CD_header_logs/,J16320-4751,CD,YALE-03A-0001,,J16320-4751,True,IR
binir031011.0025.fits,J16320-4751,16:32:1.80,-47:52:27.5,2003-10-12,00:12:56,2452924.50898,30.04,1.61,R,K,1418,2005,2100,IR_CD_header_logs/LOG_J16320-4751.20030802thru20031019.csv,IR_CD_header_logs/,J16320-4751,CD,YALE-03A-0001,,J16320-4751,True,IR
binir031011.0022.fits,J16320-4751,16:32:1.70,-47:52:27.9,2003-10-12,00:10:18,2452924.50716,30.04,1.6,R,K,1388,2035,2100,IR_CD_header_logs/LOG_J16320-4751.20030802thru20031019.csv,IR_CD_header_logs/,J16320-4751,CD,YALE-03A-0001,,J16320-4751,True,IR
binir031015.0026.fits,J16320-4751,16:32:1.88,-47:52:28.6,2003-10-16,00:20:36,2452928.51431,30.04,1.77,R,K,1388,2005,2130,IR_CD_header_logs/LOG_J16320-4751.20030802thru20031019.csv,IR_CD_header_logs/,J16320-4751,CD,YALE-03A-0001,,J16320-4751,True,IR
binir031015.0025.fits,J16320-4751,16:32:1.86,-47:52:28.3,2003-10-16,00:19:44,2452928.5137,30.04,1.76,R,K,1418,2005,2100,IR_CD_header_logs/LOG_J16320-4751.20030802thru20031019.csv,IR_CD_header_logs/,J16320-4751,CD,YALE-03A-0001,,J16320-4751,True,IR
binir031015.0024.fits,J16320-4751,16:32:1.81,-47:52:28.1,2003-10-16,00:18:51,2452928.51309,30.05,1.75,R,K,1358,2035,2130,IR_CD_header_logs/LOG_J16320-4751.20030802thru20031019.csv,IR_CD_header_logs/,J16320-4751,CD,YALE-03A-0001,,J16320-4751,True,IR
binir031017.0002.fits,J16320-4751,16:32:1.70,-47:52:21.8,2003-10-18,00:02:55,2452930.50203,30.05,1.7,I,K,1388,2065,2070,IR_CD_header_logs/LOG_J16320-4751.20030802thru20031019.csv,IR_CD_header_logs/,J16320-4751,CD,YALE-03A-0001,,J16320-4751,True,IR
binir031019.0004.fits,J16320-4751,16:32:1.03,-47:52:28.6,2003-10-19,23:47:20,2452932.49121,30.05,1.65,V,K,1418,2005,2100,IR_CD_header_logs/LOG_J16320-4751.20030802thru20031019.csv,IR_CD_header_logs/,J16320-4751,CD,YALE-03A-0001,,J16320-4751,True,IR
binir031019.0003.fits,J16320-4751,16:32:1.03,-47:52:28.5,2003-10-19,23:46:27,2452932.49059,30.05,1.64,V,K,1358,2035,2130,IR_CD_header_logs/LOG_J16320-4751.20030802thru20031019.csv,IR_CD_header_logs/,J16320-4751,CD,YALE-03A-0001,,J16320-4751,True,IR
binir031019.0002.fits,J16320-4751,16:32:0.99,-47:52:28.6,2003-10-19,23:45:34,2452932.48998,30.05,1.64,V,K,1388,2065,2070,IR_CD_header_logs/LOG_J16320-4751.20030802thru20031019.csv,IR_CD_header_logs/,J16320-4751,CD,YALE-03A-0001,,J16320-4751,True,IR
binir031019.0001.fits,J16320-4751,16:32:1.01,-47:52:28.5,2003-10-19,23:44:41,2452932.48937,30.04,1.63,V,K,1388,2035,2100,IR_CD_header_logs/LOG_J16320-4751.20030802thru20031019.csv,IR_CD_header_logs/,J16320-4751,CD,YALE-03A-0001,,J16320-4751,True,IR
binir031019.0009.fits,J16320-4751,16:32:1.06,-47:52:29.3,2003-10-19,23:51:41,2452932.49423,30.04,1.67,V,K,1388,2065,2070,IR_CD_header_logs/LOG_J16320-4751.20030802thru20031019.csv,IR_CD_header_logs/,J16320-4751,CD,YALE-03A-0001,,J16320-4751,True,IR
binir031017.0005.fits,J16320-4751,16:32:1.81,-47:52:21.4,2003-10-18,00:05:32,2452930.50385,30.05,1.71,I,K,1388,2005,2130,IR_CD_header_logs/LOG_J16320-4751.20030802thru20031019.csv,IR_CD_header_logs/,J16320-4751,CD,YALE-03A-0001,,J16320-4751,True,IR
binir031017.0001.fits,J16320-4751,16:32:1.70,-47:52:22.3,2003-10-18,00:02:02,2452930.50142,30.04,1.69,I,K,1388,2035,2100,IR_CD_header_logs/LOG_J16320-4751.20030802thru20031019.csv,IR_CD_header_logs/,J16320-4751,CD,YALE-03A-0001,,J16320-4751,True,IR
binir031017.0004.fits,J16320-4751,16:32:1.78,-47:52:21.6,2003-10-18,00:04:40,2452930.50325,30.05,1.71,I,K,1418,2005,2100,IR_CD_header_logs/LOG_J16320-4751.20030802thru20031019.csv,IR_CD_header_logs/,J16320-4751,CD,YALE-03A-0001,,J16320-4751,True,IR
binir031015.0023.fits,J16320-4751,16:32:1.75,-47:52:27.9,2003-10-16,00:17:58,2452928.51248,30.04,1.75,R,K,1388,2065,2070,IR_CD_header_logs/LOG_J16320-4751.20030802thru20031019.csv,IR_CD_header_logs/,J16320-4751,CD,YALE-03A-0001,,J16320-4751,True,IR
binir031017.0003.fits,J16320-4751,16:32:1.77,-47:52:21.5,2003-10-18,00:03:48,2452930.50264,30.04,1.7,I,K,1358,2035,2130,IR_CD_header_logs/LOG_J16320-4751.20030802thru20031019.csv,IR_CD_header_logs/,J16320-4751,CD,YALE-03A-0001,,J16320-4751,True,IR
binir031017.0006.fits,J16320-4751,16:32:1.83,-47:52:21.6,2003-10-18,00:06:25,2452930.50446,30.04,1.72,I,K,1418,2035,2070,IR_CD_header_logs/LOG_J16320-4751.20030802thru20031019.csv,IR_CD_header_logs/,J16320-4751,CD,YALE-03A-0001,,J16320-4751,True,IR
binir031017.0007.fits,J16320-4751,16:32:1.83,-47:52:21.7,2003-10-18,00:07:18,2452930.50507,30.04,1.73,I,K,1358,2065,2100,IR_CD_header_logs/LOG_J16320-4751.20030802thru20031019.csv,IR_CD_header_logs/,J16320-4751,CD,YALE-03A-0001,,J16320-4751,True,IR
binir031017.0010.fits,J16320-4751,16:32:1.90,-47:52:22.0,2003-10-18,00:09:55,2452930.50689,30.04,1.75,I,K,1358,2035,2130,IR_CD_header_logs/LOG_J16320-4751.20030802thru20031019.csv,IR_CD_header_logs/,J16320-4751,CD,YALE-03A-0001,,J16320-4751,True,IR
binir031017.0008.fits,J16320-4751,16:32:1.91,-47:52:21.9,2003-10-18,00:08:10,2452930.50567,30.04,1.73,I,K,1388,2035,2100,IR_CD_header_logs/LOG_J16320-4751.20030802thru20031019.csv,IR_CD_header_logs/,J16320-4751,CD,YALE-03A-0001,,J16320-4751,True,IR
binir031017.0009.fits,J16320-4751,16:32:1.89,-47:52:21.8,2003-10-18,00:09:02,2452930.50628,30.04,1.74,I,K,1388,2065,2070,IR_CD_header_logs/LOG_J16320-4751.20030802thru20031019.csv,IR_CD_header_logs/,J16320-4751,CD,YALE-03A-0001,,J16320-4751,True,IR
binir031015.0022.fits,J16320-4751,16:32:1.70,-47:52:28.3,2003-10-16,00:17:06,2452928.51188,30.04,1.74,R,K,1388,2035,2100,IR_CD_header_logs/LOG_J16320-4751.20030802thru20031019.csv,IR_CD_header_logs/,J16320-4751,CD,YALE-03A-0001,,J16320-4751,True,IR
binir031001.0005.fits,J16320-4751,16:32:1.52,-47:52:26.9,2003-10-02,00:15:53,2452914.51103,30.05,1.43,I,K,1418,2015,2090,IR_CD_header_logs/LOG_J16320-4751.20030802thru20031019.csv,IR_CD_header_logs/,J16320-4751,CD,YALE-03A-0001,,J16320-4751,True,IR
binir031001.0009.fits,J16320-4751,16:32:1.70,-47:52:27.0,2003-10-02,00:19:22,2452914.51345,30.04,1.44,I,K,1388,2045,2090,IR_CD_header_logs/LOG_J16320-4751.20030802thru20031019.csv,IR_CD_header_logs/,J16320-4751,CD,YALE-03A-0001,,J16320-4751,True,IR
binir031001.0007.fits,J16320-4751,16:32:1.68,-47:52:27.4,2003-10-02,00:17:37,2452914.51224,30.05,1.43,I,K,1418,2045,2060,IR_CD_header_logs/LOG_J16320-4751.20030802thru20031019.csv,IR_CD_header_logs/,J16320-4751,CD,YALE-03A-0001,,J16320-4751,True,IR
binir031001.0010.fits,J16320-4751,16:32:1.67,-47:52:27.0,2003-10-02,00:20:14,2452914.51405,30.04,1.45,I,K,1388,2075,2060,IR_CD_header_logs/LOG_J16320-4751.20030802thru20031019.csv,IR_CD_header_logs/,J16320-4751,CD,YALE-03A-0001,,J16320-4751,True,IR
binir030803.0075.fits,J16320-4751,16:32:1.83,-47:52:28.1,2003-08-04,01:18:55,2452855.55481,30.05,1.07,V,K,1418,2035,2070,IR_CD_header_logs/LOG_J16320-4751.20030802thru20031019.csv,IR_CD_header_logs/,J16320-4751,CD,YALE-03A-0001,,J16320-4751,True,IR
binir030803.0076.fits,J16320-4751,16:32:1.81,-47:52:27.8,2003-08-04,01:19:47,2452855.55541,30.04,1.07,V,K,1358,2065,2100,IR_CD_header_logs/LOG_J16320-4751.20030802thru20031019.csv,IR_CD_header_logs/,J16320-4751,CD,YALE-03A-0001,,J16320-4751,True,IR
binir030803.0078.fits,J16320-4751,16:32:1.85,-47:52:27.7,2003-08-04,01:21:31,2452855.55662,30.04,1.07,V,K,1388,2065,2070,IR_CD_header_logs/LOG_J16320-4751.20030802thru20031019.csv,IR_CD_header_logs/,J16320-4751,CD,YALE-03A-0001,,J16320-4751,True,IR
binir030803.0079.fits,J16320-4751,16:32:1.86,-47:52:27.6,2003-08-04,01:22:24,2452855.55723,30.05,1.07,V,K,1358,2035,2130,IR_CD_header_logs/LOG_J16320-4751.20030802thru20031019.csv,IR_CD_header_logs/,J16320-4751,CD,YALE-03A-0001,,J16320-4751,True,IR
binir030801.0162.fits,J16320-4751,16:32:1.57,-47:52:29.3,2003-08-02,03:55:57,2452853.66386,30.04,1.35,V,K,1358,2035,2130,IR_CD_header_logs/LOG_J16320-4751.20030802thru20031019.csv,IR_CD_header_logs/,J16320-4751,CD,YALE-03A-0001,,J16320-4751,True,IR
binir030801.0161.fits,J16320-4751,16:32:1.60,-47:52:29.4,2003-08-02,03:55:04,2452853.66325,30.05,1.35,V,K,1388,2065,2070,IR_CD_header_logs/LOG_J16320-4751.20030802thru20031019.csv,IR_CD_header_logs/,J16320-4751,CD,YALE-03A-0001,,J16320-4751,True,IR
binir030801.0160.fits,J16320-4751,16:32:1.62,-47:52:29.4,2003-08-02,03:54:12,2452853.66265,30.04,1.34,V,K,1388,2035,2100,IR_CD_header_logs/LOG_J16320-4751.20030802thru20031019.csv,IR_CD_header_logs/,J16320-4751,CD,YALE-03A-0001,,J16320-4751,True,IR
binir030801.0159.fits,J16320-4751,16:32:1.63,-47:52:29.3,2003-08-02,03:53:20,2452853.66204,30.04,1.34,V,K,1358,2065,2100,IR_CD_header_logs/LOG_J16320-4751.20030802thru20031019.csv,IR_CD_header_logs/,J16320-4751,CD,YALE-03A-0001,,J16320-4751,True,IR
binir030801.0158.fits,J16320-4751,16:32:1.63,-47:52:29.2,2003-08-02,03:52:27,2452853.66143,30.04,1.34,V,K,1418,2035,2070,IR_CD_header_logs/LOG_J16320-4751.20030802thru20031019.csv,IR_CD_header_logs/,J16320-4751,CD,YALE-03A-0001,,J16320-4751,True,IR
binir030801.0157.fits,J16320-4751,16:32:1.63,-47:52:28.9,2003-08-02,03:51:34,2452853.66082,30.04,1.33,V,K,1388,2005,2130,IR_CD_header_logs/LOG_J16320-4751.20030802thru20031019.csv,IR_CD_header_logs/,J16320-4751,CD,YALE-03A-0001,,J16320-4751,True,IR
binir030801.0156.fits,J16320-4751,16:32:1.66,-47:52:29.0,2003-08-02,03:50:42,2452853.66022,30.04,1.33,V,K,1418,2005,2100,IR_CD_header_logs/LOG_J16320-4751.20030802thru20031019.csv,IR_CD_header_logs/,J16320-4751,CD,YALE-03A-0001,,J16320-4751,True,IR
binir030801.0155.fits,J16320-4751,16:32:1.68,-47:52:28.5,2003-08-02,03:49:49,2452853.6596,30.04,1.33,V,K,1358,2035,2130,IR_CD_header_logs/LOG_J16320-4751.20030802thru20031019.csv,IR_CD_header_logs/,J16320-4751,CD,YALE-03A-0001,,J16320-4751,True,IR
binir030801.0154.fits,J16320-4751,16:32:1.68,-47:52:28.7,2003-08-02,03:48:57,2452853.659,30.04,1.33,V,K,1388,2065,2070,IR_CD_header_logs/LOG_J16320-4751.20030802thru20031019.csv,IR_CD_header_logs/,J16320-4751,CD,YALE-03A-0001,,J16320-4751,True,IR
binir030801.0153.fits,J16320-4751,16:32:1.73,-47:52:28.7,2003-08-02,03:48:05,2452853.65839,30.05,1.32,V,K,1388,2035,2100,IR_CD_header_logs/LOG_J16320-4751.20030802thru20031019.csv,IR_CD_header_logs/,J16320-4751,CD,YALE-03A-0001,,J16320-4751,True,IR
binir030803.0077.fits,J16320-4751,16:32:1.85,-47:52:27.3,2003-08-04,01:20:39,2452855.55602,30.05,1.07,V,K,1388,2035,2100,IR_CD_header_logs/LOG_J16320-4751.20030802thru20031019.csv,IR_CD_header_logs/,J16320-4751,CD,YALE-03A-0001,,J16320-4751,True,IR
binir030803.0073.fits,J16320-4751,16:32:1.79,-47:52:28.3,2003-08-04,01:17:10,2452855.55359,30.05,1.07,V,K,1418,2005,2100,IR_CD_header_logs/LOG_J16320-4751.20030802thru20031019.csv,IR_CD_header_logs/,J16320-4751,CD,YALE-03A-0001,,J16320-4751,True,IR
binir030803.0072.fits,J16320-4751,16:32:1.82,-47:52:28.7,2003-08-04,01:16:17,2452855.55298,30.04,1.07,V,K,1358,2035,2130,IR_CD_header_logs/LOG_J16320-4751.20030802thru20031019.csv,IR_CD_header_logs/,J16320-4751,CD,YALE-03A-0001,,J16320-4751,True,IR
binir030804.0071.fits,J16320-4751,16:32:1.74,-47:52:27.8,2003-08-05,01:39:54,2452856.56937,30.05,1.09,V,K,1358,2035,2130,IR_CD_header_logs/LOG_J16320-4751.20030802thru20031019.csv,IR_CD_header_logs/,J16320-4751,CD,YALE-03A-0001,,J16320-4751,True,IR
binir030809.0067.fits,J16320-4751,16:32:1.98,-47:52:27.5,2003-08-10,00:42:29,2452861.5295,30.05,1.06,I,K,1388,2035,2100,IR_CD_header_logs/LOG_J16320-4751.20030802thru20031019.csv,IR_CD_header_logs/,J16320-4751,CD,YAL2-03A-0001,,J16320-4751,True,IR
binir030809.0068.fits,J16320-4751,16:32:2.04,-47:52:27.6,2003-08-10,00:43:20,2452861.5301,30.04,1.06,I,K,1388,2065,2070,IR_CD_header_logs/LOG_J16320-4751.20030802thru20031019.csv,IR_CD_header_logs/,J16320-4751,CD,YAL2-03A-0001,,J16320-4751,True,IR
binir030809.0069.fits,J16320-4751,16:32:2.07,-47:52:27.5,2003-08-10,00:44:13,2452861.53071,30.04,1.06,I,K,1358,2035,2130,IR_CD_header_logs/LOG_J16320-4751.20030802thru20031019.csv,IR_CD_header_logs/,J16320-4751,CD,YAL2-03A-0001,,J16320-4751,True,IR
binir030809.0066.fits,J16320-4751,16:32:1.96,-47:52:27.6,2003-08-10,00:41:37,2452861.5289,30.05,1.06,I,K,1358,2065,2100,IR_CD_header_logs/LOG_J16320-4751.20030802thru20031019.csv,IR_CD_header_logs/,J16320-4751,CD,YAL2-03A-0001,,J16320-4751,True,IR
binir030804.0072.fits,J16320-4751,16:32:1.72,-47:52:28.1,2003-08-05,01:40:46,2452856.56999,30.04,1.09,V,K,1418,2005,2100,IR_CD_header_logs/LOG_J16320-4751.20030802thru20031019.csv,IR_CD_header_logs/,J16320-4751,CD,YALE-03A-0001,,J16320-4751,True,IR
binir030804.0069.fits,J16320-4751,16:32:1.74,-47:52:28.9,2003-08-05,01:38:09,2452856.56816,30.04,1.09,V,K,1388,2035,2100,IR_CD_header_logs/LOG_J16320-4751.20030802thru20031019.csv,IR_CD_header_logs/,J16320-4751,CD,YALE-03A-0001,,J16320-4751,True,IR
binir030804.0070.fits,J16320-4751,16:32:1.72,-47:52:27.8,2003-08-05,01:39:01,2452856.56876,30.04,1.09,V,K,1388,2065,2070,IR_CD_header_logs/LOG_J16320-4751.20030802thru20031019.csv,IR_CD_header_logs/,J16320-4751,CD,YALE-03A-0001,,J16320-4751,True,IR
binir030804.0073.fits,J16320-4751,16:32:1.73,-47:52:27.6,2003-08-05,01:41:39,2452856.57059,30.05,1.09,V,K,1388,2005,2130,IR_CD_header_logs/LOG_J16320-4751.20030802thru20031019.csv,IR_CD_header_logs/,J16320-4751,CD,YALE-03A-0001,,J16320-4751,True,IR
binir030803.0071.fits,J16320-4751,16:32:1.81,-47:52:28.4,2003-08-04,01:15:24,2452855.55237,30.04,1.07,V,K,1388,2065,2070,IR_CD_header_logs/LOG_J16320-4751.20030802thru20031019.csv,IR_CD_header_logs/,J16320-4751,CD,YALE-03A-0001,,J16320-4751,True,IR
binir030804.0074.fits,J16320-4751,16:32:1.74,-47:52:27.4,2003-08-05,01:42:31,2452856.5712,30.04,1.09,V,K,1418,2035,2070,IR_CD_header_logs/LOG_J16320-4751.20030802thru20031019.csv,IR_CD_header_logs/,J16320-4751,CD,YALE-03A-0001,,J16320-4751,True,IR
binir030804.0075.fits,J16320-4751,16:32:1.73,-47:52:27.5,2003-08-05,01:43:24,2452856.57181,30.04,1.09,V,K,1358,2065,2100,IR_CD_header_logs/LOG_J16320-4751.20030802thru20031019.csv,IR_CD_header_logs/,J16320-4751,CD,YALE-03A-0001,,J16320-4751,True,IR
binir030804.0076.fits,J16320-4751,16:32:1.75,-47:52:27.1,2003-08-05,01:44:16,2452856.57242,30.04,1.09,V,K,1388,2035,2100,IR_CD_header_logs/LOG_J16320-4751.20030802thru20031019.csv,IR_CD_header_logs/,J16320-4751,CD,YALE-03A-0001,,J16320-4751,True,IR
binir030804.0077.fits,J16320-4751,16:32:1.77,-47:52:27.4,2003-08-05,01:45:08,2452856.57302,30.05,1.09,V,K,1388,2065,2070,IR_CD_header_logs/LOG_J16320-4751.20030802thru20031019.csv,IR_CD_header_logs/,J16320-4751,CD,YALE-03A-0001,,J16320-4751,True,IR
binir030804.0078.fits,J16320-4751,16:32:1.81,-47:52:27.2,2003-08-05,01:46:01,2452856.57363,30.05,1.09,V,K,1358,2035,2130,IR_CD_header_logs/LOG_J16320-4751.20030802thru20031019.csv,IR_CD_header_logs/,J16320-4751,CD,YALE-03A-0001,,J16320-4751,True,IR
binir030803.0074.fits,J16320-4751,16:32:1.81,-47:52:27.9,2003-08-04,01:18:02,2452855.5542,30.04,1.07,V,K,1388,2005,2130,IR_CD_header_logs/LOG_J16320-4751.20030802thru20031019.csv,IR_CD_header_logs/,J16320-4751,CD,YALE-03A-0001,,J16320-4751,True,IR
binir030803.0070.fits,J16320-4751,16:32:1.74,-47:52:28.8,2003-08-04,01:14:32,2452855.55177,30.05,1.06,V,K,1388,2035,2100,IR_CD_header_logs/LOG_J16320-4751.20030802thru20031019.csv,IR_CD_header_logs/,J16320-4751,CD,YALE-03A-0001,,J16320-4751,True,IR
binir030809.0062.fits,J16320-4751,16:32:1.86,-47:52:28.2,2003-08-10,00:38:06,2452861.52647,30.05,1.06,I,K,1358,2035,2130,IR_CD_header_logs/LOG_J16320-4751.20030802thru20031019.csv,IR_CD_header_logs/,J16320-4751,CD,YAL2-03A-0001,,J16320-4751,True,IR
binir030809.0065.fits,J16320-4751,16:32:1.94,-47:52:27.8,2003-08-10,00:40:44,2452861.52829,30.04,1.06,I,K,1418,2035,2070,IR_CD_header_logs/LOG_J16320-4751.20030802thru20031019.csv,IR_CD_header_logs/,J16320-4751,CD,YAL2-03A-0001,,J16320-4751,True,IR
binir030809.0063.fits,J16320-4751,16:32:1.87,-47:52:28.1,2003-08-10,00:38:59,2452861.52708,30.05,1.06,I,K,1418,2005,2100,IR_CD_header_logs/LOG_J16320-4751.20030802thru20031019.csv,IR_CD_header_logs/,J16320-4751,CD,YAL2-03A-0001,,J16320-4751,True,IR
binir030909.0150.fits,J16320-4751,16:32:1.66,-47:52:23.0,2003-09-10,02:09:44,2452892.5901,30.05,1.56,V,K,1358,2035,2130,IR_CD_header_logs/LOG_J16320-4751.20030802thru20031019.csv,IR_CD_header_logs/,J16320-4751,CD,YALE-03A-0001,,J16320-4751,True,IR
binir030910.0140.fits,J16320-4751,16:32:2.02,-47:52:23.1,2003-09-11,01:42:28,2452893.57116,30.05,1.44,V,K,1388,2005,2130,IR_CD_header_logs/LOG_J16320-4751.20030802thru20031019.csv,IR_CD_header_logs/,J16320-4751,CD,YALE-03A-0001,,J16320-4751,True,IR
binir030910.0136.fits,J16320-4751,16:32:2.02,-47:52:23.0,2003-09-11,01:38:58,2452893.56873,30.04,1.43,V,K,1388,2035,2100,IR_CD_header_logs/LOG_J16320-4751.20030802thru20031019.csv,IR_CD_header_logs/,J16320-4751,CD,YALE-03A-0001,,J16320-4751,True,IR
binir030910.0137.fits,J16320-4751,16:32:2.02,-47:52:22.7,2003-09-11,01:39:50,2452893.56933,30.04,1.43,V,K,1388,2065,2070,IR_CD_header_logs/LOG_J16320-4751.20030802thru20031019.csv,IR_CD_header_logs/,J16320-4751,CD,YALE-03A-0001,,J16320-4751,True,IR
binir030910.0138.fits,J16320-4751,16:32:2.02,-47:52:22.9,2003-09-11,01:40:43,2452893.56995,30.05,1.44,V,K,1358,2035,2130,IR_CD_header_logs/LOG_J16320-4751.20030802thru20031019.csv,IR_CD_header_logs/,J16320-4751,CD,YALE-03A-0001,,J16320-4751,True,IR
binir030910.0139.fits,J16320-4751,16:32:2.00,-47:52:23.0,2003-09-11,01:41:36,2452893.57056,30.04,1.44,V,K,1418,2005,2100,IR_CD_header_logs/LOG_J16320-4751.20030802thru20031019.csv,IR_CD_header_logs/,J16320-4751,CD,YALE-03A-0001,,J16320-4751,True,IR
binir030910.0145.fits,J16320-4751,16:32:1.91,-47:52:22.8,2003-09-11,01:46:51,2452893.5742,30.04,1.46,V,K,1358,2035,2130,IR_CD_header_logs/LOG_J16320-4751.20030802thru20031019.csv,IR_CD_header_logs/,J16320-4751,CD,YALE-03A-0001,,J16320-4751,True,IR
binir030910.0141.fits,J16320-4751,16:32:1.98,-47:52:22.9,2003-09-11,01:43:21,2452893.57177,30.04,1.45,V,K,1418,2035,2070,IR_CD_header_logs/LOG_J16320-4751.20030802thru20031019.csv,IR_CD_header_logs/,J16320-4751,CD,YALE-03A-0001,,J16320-4751,True,IR
binir030910.0142.fits,J16320-4751,16:32:1.97,-47:52:22.8,2003-09-11,01:44:14,2452893.57239,30.04,1.45,V,K,1358,2065,2100,IR_CD_header_logs/LOG_J16320-4751.20030802thru20031019.csv,IR_CD_header_logs/,J16320-4751,CD,YALE-03A-0001,,J16320-4751,True,IR
binir030910.0143.fits,J16320-4751,16:32:1.96,-47:52:22.8,2003-09-11,01:45:06,2452893.57299,30.05,1.46,V,K,1388,2035,2100,IR_CD_header_logs/LOG_J16320-4751.20030802thru20031019.csv,IR_CD_header_logs/,J16320-4751,CD,YALE-03A-0001,,J16320-4751,True,IR
binir030910.0144.fits,J16320-4751,16:32:1.92,-47:52:22.7,2003-09-11,01:45:58,2452893.57359,30.05,1.46,V,K,1388,2065,2070,IR_CD_header_logs/LOG_J16320-4751.20030802thru20031019.csv,IR_CD_header_logs/,J16320-4751,CD,YALE-03A-0001,,J16320-4751,True,IR
binir030909.0141.fits,J16320-4751,16:32:1.88,-47:52:20.9,2003-09-10,02:01:51,2452892.58462,30.05,1.52,V,K,1388,2035,2100,IR_CD_header_logs/LOG_J16320-4751.20030802thru20031019.csv,IR_CD_header_logs/,J16320-4751,CD,YALE-03A-0001,,J16320-4751,True,IR
binir030909.0142.fits,J16320-4751,16:32:1.79,-47:52:21.0,2003-09-10,02:02:44,2452892.58523,30.04,1.52,V,K,1388,2065,2070,IR_CD_header_logs/LOG_J16320-4751.20030802thru20031019.csv,IR_CD_header_logs/,J16320-4751,CD,YALE-03A-0001,,J16320-4751,True,IR
binir030909.0143.fits,J16320-4751,16:32:1.75,-47:52:21.1,2003-09-10,02:03:37,2452892.58585,30.05,1.53,V,K,1358,2035,2130,IR_CD_header_logs/LOG_J16320-4751.20030802thru20031019.csv,IR_CD_header_logs/,J16320-4751,CD,YALE-03A-0001,,J16320-4751,True,IR
binir030909.0144.fits,J16320-4751,16:32:1.76,-47:52:21.4,2003-09-10,02:04:29,2452892.58646,30.04,1.53,V,K,1418,2005,2100,IR_CD_header_logs/LOG_J16320-4751.20030802thru20031019.csv,IR_CD_header_logs/,J16320-4751,CD,YALE-03A-0001,,J16320-4751,True,IR
binir030909.0145.fits,J16320-4751,16:32:1.73,-47:52:21.7,2003-09-10,02:05:21,2452892.58706,30.04,1.54,V,K,1388,2005,2130,IR_CD_header_logs/LOG_J16320-4751.20030802thru20031019.csv,IR_CD_header_logs/,J16320-4751,CD,YALE-03A-0001,,J16320-4751,True,IR
binir030909.0146.fits,J16320-4751,16:32:1.70,-47:52:22.1,2003-09-10,02:06:14,2452892.58767,30.04,1.54,V,K,1418,2035,2070,IR_CD_header_logs/LOG_J16320-4751.20030802thru20031019.csv,IR_CD_header_logs/,J16320-4751,CD,YALE-03A-0001,,J16320-4751,True,IR
binir030909.0148.fits,J16320-4751,16:32:1.70,-47:52:22.3,2003-09-10,02:07:59,2452892.58889,30.04,1.55,V,K,1388,2035,2100,IR_CD_header_logs/LOG_J16320-4751.20030802thru20031019.csv,IR_CD_header_logs/,J16320-4751,CD,YALE-03A-0001,,J16320-4751,True,IR
binir030911.0151.fits,J16320-4751,16:32:1.84,-47:52:31.0,2003-09-12,02:14:23,2452894.59333,30.05,1.63,V,K,1358,2035,2130,IR_CD_header_logs/LOG_J16320-4751.20030802thru20031019.csv,IR_CD_header_logs/,J16320-4751,CD,YALE-03A-0001,,J16320-4751,True,IR
binir030911.0150.fits,J16320-4751,16:32:1.84,-47:52:30.7,2003-09-12,02:13:30,2452894.59272,30.04,1.63,V,K,1388,2065,2070,IR_CD_header_logs/LOG_J16320-4751.20030802thru20031019.csv,IR_CD_header_logs/,J16320-4751,CD,YALE-03A-0001,,J16320-4751,True,IR
binir030911.0149.fits,J16320-4751,16:32:1.85,-47:52:30.5,2003-09-12,02:12:39,2452894.59212,30.04,1.62,V,K,1388,2035,2100,IR_CD_header_logs/LOG_J16320-4751.20030802thru20031019.csv,IR_CD_header_logs/,J16320-4751,CD,YALE-03A-0001,,J16320-4751,True,IR
binir030912.0136.fits,J16320-4751,16:32:1.66,-47:52:28.8,2003-09-13,01:37:20,2452895.5676,30.05,1.46,V,K,1388,2065,2070,IR_CD_header_logs/LOG_J16320-4751.20030802thru20031019.csv,IR_CD_header_logs/,J16320-4751,CD,YALE-03A-0001,,J16320-4751,True,IR
binir030912.0132.fits,J16320-4751,16:32:1.72,-47:52:28.6,2003-09-13,01:33:53,2452895.5652,30.04,1.44,V,K,1388,2005,2130,IR_CD_header_logs/LOG_J16320-4751.20030802thru20031019.csv,IR_CD_header_logs/,J16320-4751,CD,YALE-03A-0001,,J16320-4751,True,IR
binir030912.0128.fits,J16320-4751,16:32:1.73,-47:52:28.6,2003-09-13,01:30:24,2452895.56278,30.05,1.43,V,K,1388,2035,2100,IR_CD_header_logs/LOG_J16320-4751.20030802thru20031019.csv,IR_CD_header_logs/,J16320-4751,CD,YALE-03A-0001,,J16320-4751,True,IR
binir030912.0129.fits,J16320-4751,16:32:1.74,-47:52:28.5,2003-09-13,01:31:15,2452895.56338,30.04,1.43,V,K,1388,2065,2070,IR_CD_header_logs/LOG_J16320-4751.20030802thru20031019.csv,IR_CD_header_logs/,J16320-4751,CD,YALE-03A-0001,,J16320-4751,True,IR
binir030912.0130.fits,J16320-4751,16:32:1.74,-47:52:28.4,2003-09-13,01:32:08,2452895.56399,30.04,1.43,V,K,1358,2035,2130,IR_CD_header_logs/LOG_J16320-4751.20030802thru20031019.csv,IR_CD_header_logs/,J16320-4751,CD,YALE-03A-0001,,J16320-4751,True,IR
binir030912.0131.fits,J16320-4751,16:32:1.73,-47:52:28.6,2003-09-13,01:33:01,2452895.5646,30.05,1.44,V,K,1418,2005,2100,IR_CD_header_logs/LOG_J16320-4751.20030802thru20031019.csv,IR_CD_header_logs/,J16320-4751,CD,YALE-03A-0001,,J16320-4751,True,IR
binir030912.0133.fits,J16320-4751,16:32:1.67,-47:52:28.5,2003-09-13,01:34:44,2452895.5658,30.04,1.45,V,K,1418,2035,2070,IR_CD_header_logs/LOG_J16320-4751.20030802thru20031019.csv,IR_CD_header_logs/,J16320-4751,CD,YALE-03A-0001,,J16320-4751,True,IR
binir030912.0134.fits,J16320-4751,16:32:1.65,-47:52:28.5,2003-09-13,01:35:36,2452895.5664,30.04,1.45,V,K,1358,2065,2100,IR_CD_header_logs/LOG_J16320-4751.20030802thru20031019.csv,IR_CD_header_logs/,J16320-4751,CD,YALE-03A-0001,,J16320-4751,True,IR
binir030912.0137.fits,J16320-4751,16:32:1.62,-47:52:28.5,2003-09-13,01:38:13,2452895.56821,30.04,1.46,V,K,1358,2035,2130,IR_CD_header_logs/LOG_J16320-4751.20030802thru20031019.csv,IR_CD_header_logs/,J16320-4751,CD,YALE-03A-0001,,J16320-4751,True,IR
binir030911.0148.fits,J16320-4751,16:32:1.82,-47:52:30.4,2003-09-12,02:11:46,2452894.59151,30.04,1.62,V,K,1358,2065,2100,IR_CD_header_logs/LOG_J16320-4751.20030802thru20031019.csv,IR_CD_header_logs/,J16320-4751,CD,YALE-03A-0001,,J16320-4751,True,IR
binir030912.0135.fits,J16320-4751,16:32:1.64,-47:52:28.5,2003-09-13,01:36:28,2452895.567,30.04,1.45,V,K,1388,2035,2100,IR_CD_header_logs/LOG_J16320-4751.20030802thru20031019.csv,IR_CD_header_logs/,J16320-4751,CD,YALE-03A-0001,,J16320-4751,True,IR
binir030911.0145.fits,J16320-4751,16:32:1.79,-47:52:29.6,2003-09-12,02:09:09,2452894.58969,30.05,1.6,V,K,1418,2005,2100,IR_CD_header_logs/LOG_J16320-4751.20030802thru20031019.csv,IR_CD_header_logs/,J16320-4751,CD,YALE-03A-0001,,J16320-4751,True,IR
binir030911.0142.fits,J16320-4751,16:32:1.75,-47:52:28.8,2003-09-12,02:06:31,2452894.58787,30.05,1.59,V,K,1388,2035,2100,IR_CD_header_logs/LOG_J16320-4751.20030802thru20031019.csv,IR_CD_header_logs/,J16320-4751,CD,YALE-03A-0001,,J16320-4751,True,IR
binir030911.0143.fits,J16320-4751,16:32:1.78,-47:52:29.0,2003-09-12,02:07:23,2452894.58847,30.04,1.59,V,K,1388,2065,2070,IR_CD_header_logs/LOG_J16320-4751.20030802thru20031019.csv,IR_CD_header_logs/,J16320-4751,CD,YALE-03A-0001,,J16320-4751,True,IR
binir030911.0144.fits,J16320-4751,16:32:1.79,-47:52:29.5,2003-09-12,02:08:16,2452894.58908,30.04,1.6,V,K,1358,2035,2130,IR_CD_header_logs/LOG_J16320-4751.20030802thru20031019.csv,IR_CD_header_logs/,J16320-4751,CD,YALE-03A-0001,,J16320-4751,True,IR
binir030911.0146.fits,J16320-4751,16:32:1.82,-47:52:29.8,2003-09-12,02:10:01,2452894.59029,30.05,1.61,V,K,1388,2005,2130,IR_CD_header_logs/LOG_J16320-4751.20030802thru20031019.csv,IR_CD_header_logs/,J16320-4751,CD,YALE-03A-0001,,J16320-4751,True,IR
binir030911.0147.fits,J16320-4751,16:32:1.82,-47:52:30.2,2003-09-12,02:10:54,2452894.5909,30.04,1.61,V,K,1418,2035,2070,IR_CD_header_logs/LOG_J16320-4751.20030802thru20031019.csv,IR_CD_header_logs/,J16320-4751,CD,YALE-03A-0001,,J16320-4751,True,IR
binir030909.0149.fits,J16320-4751,16:32:1.65,-47:52:22.9,2003-09-10,02:08:51,2452892.58949,30.04,1.55,V,K,1388,2065,2070,IR_CD_header_logs/LOG_J16320-4751.20030802thru20031019.csv,IR_CD_header_logs/,J16320-4751,CD,YALE-03A-0001,,J16320-4751,True,IR
binir030909.0147.fits,J16320-4751,16:32:1.71,-47:52:22.3,2003-09-10,02:07:07,2452892.58828,30.04,1.55,V,K,1358,2065,2100,IR_CD_header_logs/LOG_J16320-4751.20030802thru20031019.csv,IR_CD_header_logs/,J16320-4751,CD,YALE-03A-0001,,J16320-4751,True,IR
binir030913.0155.fits,J16320-4751,16:32:1.86,-47:52:30.5,2003-09-14,02:43:17,2452896.61339,30.05,1.9,V,K,1388,2065,2070,IR_CD_header_logs/LOG_J16320-4751.20030802thru20031019.csv,IR_CD_header_logs/,J16320-4751,CD,YALE-03A-0001,,J16320-4751,True,IR
binir030908.0126.fits,J16320-4751,16:32:2.04,-47:52:30.9,2003-09-09,02:07:31,2452891.58856,30.04,1.53,V,K,1388,2005,2130,IR_CD_header_logs/LOG_J16320-4751.20030802thru20031019.csv,IR_CD_header_logs/,J16320-4751,CD,YALE-03A-0001,,J16320-4751,True,IR
binir030903.0189.fits,J16320-4751,16:32:1.72,-47:52:28.5,2003-09-04,02:27:36,2452886.6025,30.04,1.53,I,K,1388,2035,2100,IR_CD_header_logs/LOG_J16320-4751.20030802thru20031019.csv,IR_CD_header_logs/,J16320-4751,CD,YALE-03A-0001,,J16320-4751,True,IR
binir030903.0190.fits,J16320-4751,16:32:1.69,-47:52:28.1,2003-09-04,02:28:28,2452886.6031,30.04,1.53,I,K,1388,2065,2070,IR_CD_header_logs/LOG_J16320-4751.20030802thru20031019.csv,IR_CD_header_logs/,J16320-4751,CD,YALE-03A-0001,,J16320-4751,True,IR
binir030903.0191.fits,J16320-4751,16:32:1.65,-47:52:28.1,2003-09-04,02:29:21,2452886.60371,30.05,1.54,I,K,1358,2035,2130,IR_CD_header_logs/LOG_J16320-4751.20030802thru20031019.csv,IR_CD_header_logs/,J16320-4751,CD,YALE-03A-0001,,J16320-4751,True,IR
binir030903.0193.fits,J16320-4751,16:32:1.63,-47:52:28.3,2003-09-04,02:31:06,2452886.60493,30.05,1.55,I,K,1388,2005,2130,IR_CD_header_logs/LOG_J16320-4751.20030802thru20031019.csv,IR_CD_header_logs/,J16320-4751,CD,YALE-03A-0001,,J16320-4751,True,IR
binir030903.0195.fits,J16320-4751,16:32:1.58,-47:52:28.2,2003-09-04,02:32:51,2452886.60616,30.05,1.56,I,K,1358,2065,2100,IR_CD_header_logs/LOG_J16320-4751.20030802thru20031019.csv,IR_CD_header_logs/,J16320-4751,CD,YALE-03A-0001,,J16320-4751,True,IR
binir030903.0196.fits,J16320-4751,16:32:1.57,-47:52:28.3,2003-09-04,02:33:44,2452886.60676,30.04,1.56,I,K,1388,2035,2100,IR_CD_header_logs/LOG_J16320-4751.20030802thru20031019.csv,IR_CD_header_logs/,J16320-4751,CD,YALE-03A-0001,,J16320-4751,True,IR
binir030903.0197.fits,J16320-4751,16:32:1.58,-47:52:28.5,2003-09-04,02:34:36,2452886.60736,30.05,1.57,I,K,1388,2065,2070,IR_CD_header_logs/LOG_J16320-4751.20030802thru20031019.csv,IR_CD_header_logs/,J16320-4751,CD,YALE-03A-0001,,J16320-4751,True,IR
binir030903.0194.fits,J16320-4751,16:32:1.60,-47:52:28.3,2003-09-04,02:31:59,2452886.60554,30.05,1.55,I,K,1418,2035,2070,IR_CD_header_logs/LOG_J16320-4751.20030802thru20031019.csv,IR_CD_header_logs/,J16320-4751,CD,YALE-03A-0001,,J16320-4751,True,IR
binir030903.0198.fits,J16320-4751,16:32:1.56,-47:52:28.4,2003-09-04,02:35:29,2452886.60798,30.04,1.57,I,K,1358,2035,2130,IR_CD_header_logs/LOG_J16320-4751.20030802thru20031019.csv,IR_CD_header_logs/,J16320-4751,CD,YALE-03A-0001,,J16320-4751,True,IR
binir030901.0127.fits,J16320-4751,16:32:1.74,-47:52:28.6,2003-09-02,01:18:05,2452884.55423,30.05,1.24,I,K,1388,2065,2070,IR_CD_header_logs/LOG_J16320-4751.20030802thru20031019.csv,IR_CD_header_logs/,J16320-4751,CD,YALE-03A-0001,,J16320-4751,True,IR
binir030901.0129.fits,J16320-4751,16:32:1.77,-47:52:28.4,2003-09-02,01:19:51,2452884.55545,30.04,1.24,I,K,1418,2005,2100,IR_CD_header_logs/LOG_J16320-4751.20030802thru20031019.csv,IR_CD_header_logs/,J16320-4751,CD,YALE-03A-0001,,J16320-4751,True,IR
binir030901.0126.fits,J16320-4751,16:32:1.74,-47:52:28.5,2003-09-02,01:17:13,2452884.55363,30.05,1.24,I,K,1388,2035,2100,IR_CD_header_logs/LOG_J16320-4751.20030802thru20031019.csv,IR_CD_header_logs/,J16320-4751,CD,YALE-03A-0001,,J16320-4751,True,IR
binir030901.0128.fits,J16320-4751,16:32:1.76,-47:52:28.6,2003-09-02,01:18:58,2452884.55484,30.05,1.24,I,K,1358,2035,2130,IR_CD_header_logs/LOG_J16320-4751.20030802thru20031019.csv,IR_CD_header_logs/,J16320-4751,CD,YALE-03A-0001,,J16320-4751,True,IR
binir030901.0130.fits,J16320-4751,16:32:1.76,-47:52:28.5,2003-09-02,01:20:42,2452884.55605,30.05,1.25,I,K,1388,2005,2130,IR_CD_header_logs/LOG_J16320-4751.20030802thru20031019.csv,IR_CD_header_logs/,J16320-4751,CD,YALE-03A-0001,,J16320-4751,True,IR
binir030901.0131.fits,J16320-4751,16:32:1.78,-47:52:28.5,2003-09-02,01:21:34,2452884.55665,30.05,1.25,I,K,1418,2035,2070,IR_CD_header_logs/LOG_J16320-4751.20030802thru20031019.csv,IR_CD_header_logs/,J16320-4751,CD,YALE-03A-0001,,J16320-4751,True,IR
binir030901.0132.fits,J16320-4751,16:32:1.78,-47:52:28.4,2003-09-02,01:22:26,2452884.55726,30.05,1.25,I,K,1358,2065,2100,IR_CD_header_logs/LOG_J16320-4751.20030802thru20031019.csv,IR_CD_header_logs/,J16320-4751,CD,YALE-03A-0001,,J16320-4751,True,IR
binir030901.0133.fits,J16320-4751,16:32:1.79,-47:52:28.5,2003-09-02,01:23:19,2452884.55786,30.05,1.25,I,K,1388,2035,2100,IR_CD_header_logs/LOG_J16320-4751.20030802thru20031019.csv,IR_CD_header_logs/,J16320-4751,CD,YALE-03A-0001,,J16320-4751,True,IR
binir030903.0192.fits,J16320-4751,16:32:1.65,-47:52:28.2,2003-09-04,02:30:14,2452886.60433,30.04,1.54,I,K,1418,2005,2100,IR_CD_header_logs/LOG_J16320-4751.20030802thru20031019.csv,IR_CD_header_logs/,J16320-4751,CD,YALE-03A-0001,,J16320-4751,True,IR
binir030905.0178.fits,J16320-4751,16:32:2.38,-47:52:32.0,2003-09-06,02:33:30,2452888.6066,4.01,1.6,V,K,1358,2035,2130,IR_CD_header_logs/LOG_J16320-4751.20030802thru20031019.csv,IR_CD_header_logs/,J16320-4751,CD,YALE-03A-0001,,J16320-4751,True,IR
binir030905.0177.fits,J16320-4751,16:32:2.38,-47:52:32.0,2003-09-06,02:33:03,2452888.60629,4.01,1.6,V,K,1388,2065,2070,IR_CD_header_logs/LOG_J16320-4751.20030802thru20031019.csv,IR_CD_header_logs/,J16320-4751,CD,YALE-03A-0001,,J16320-4751,True,IR
binir030908.0131.fits,J16320-4751,16:32:2.01,-47:52:32.2,2003-09-09,02:11:54,2452891.5916,30.05,1.55,V,K,1358,2035,2130,IR_CD_header_logs/LOG_J16320-4751.20030802thru20031019.csv,IR_CD_header_logs/,J16320-4751,CD,YALE-03A-0001,,J16320-4751,True,IR
binir030908.0123.fits,J16320-4751,16:32:2.10,-47:52:30.3,2003-09-09,02:04:53,2452891.58673,30.04,1.51,V,K,1388,2065,2070,IR_CD_header_logs/LOG_J16320-4751.20030802thru20031019.csv,IR_CD_header_logs/,J16320-4751,CD,YALE-03A-0001,,J16320-4751,True,IR
binir030908.0124.fits,J16320-4751,16:32:2.09,-47:52:30.4,2003-09-09,02:05:46,2452891.58735,30.04,1.52,V,K,1358,2035,2130,IR_CD_header_logs/LOG_J16320-4751.20030802thru20031019.csv,IR_CD_header_logs/,J16320-4751,CD,YALE-03A-0001,,J16320-4751,True,IR
binir030908.0125.fits,J16320-4751,16:32:2.06,-47:52:30.6,2003-09-09,02:06:39,2452891.58796,30.04,1.52,V,K,1418,2005,2100,IR_CD_header_logs/LOG_J16320-4751.20030802thru20031019.csv,IR_CD_header_logs/,J16320-4751,CD,YALE-03A-0001,,J16320-4751,True,IR
binir030908.0122.fits,J16320-4751,16:32:2.09,-47:52:30.1,2003-09-09,02:04:01,2452891.58613,30.04,1.51,V,K,1388,2035,2100,IR_CD_header_logs/LOG_J16320-4751.20030802thru20031019.csv,IR_CD_header_logs/,J16320-4751,CD,YALE-03A-0001,,J16320-4751,True,IR
binir030908.0127.fits,J16320-4751,16:32:2.04,-47:52:31.4,2003-09-09,02:08:24,2452891.58917,30.04,1.53,V,K,1418,2035,2070,IR_CD_header_logs/LOG_J16320-4751.20030802thru20031019.csv,IR_CD_header_logs/,J16320-4751,CD,YALE-03A-0001,,J16320-4751,True,IR
binir030908.0129.fits,J16320-4751,16:32:2.02,-47:52:32.0,2003-09-09,02:10:08,2452891.59038,30.05,1.54,V,K,1388,2035,2100,IR_CD_header_logs/LOG_J16320-4751.20030802thru20031019.csv,IR_CD_header_logs/,J16320-4751,CD,YALE-03A-0001,,J16320-4751,True,IR
binir030908.0130.fits,J16320-4751,16:32:2.01,-47:52:32.1,2003-09-09,02:11:00,2452891.59098,30.05,1.54,V,K,1388,2065,2070,IR_CD_header_logs/LOG_J16320-4751.20030802thru20031019.csv,IR_CD_header_logs/,J16320-4751,CD,YALE-03A-0001,,J16320-4751,True,IR
binir030908.0128.fits,J16320-4751,16:32:2.03,-47:52:31.6,2003-09-09,02:09:16,2452891.58977,30.05,1.54,V,K,1358,2065,2100,IR_CD_header_logs/LOG_J16320-4751.20030802thru20031019.csv,IR_CD_header_logs/,J16320-4751,CD,YALE-03A-0001,,J16320-4751,True,IR
binir030905.0176.fits,J16320-4751,16:32:2.37,-47:52:32.1,2003-09-06,02:32:37,2452888.60599,4.01,1.6,V,K,1388,2035,2100,IR_CD_header_logs/LOG_J16320-4751.20030802thru20031019.csv,IR_CD_header_logs/,J16320-4751,CD,YALE-03A-0001,,J16320-4751,True,IR
binir030905.0173.fits,J16320-4751,16:32:2.37,-47:52:31.7,2003-09-06,02:31:17,2452888.60507,4.01,1.59,V,K,1388,2005,2130,IR_CD_header_logs/LOG_J16320-4751.20030802thru20031019.csv,IR_CD_header_logs/,J16320-4751,CD,YALE-03A-0001,,J16320-4751,True,IR
binir030905.0169.fits,J16320-4751,16:32:2.37,-47:52:30.8,2003-09-06,02:29:32,2452888.60384,4.01,1.58,V,K,1388,2035,2100,IR_CD_header_logs/LOG_J16320-4751.20030802thru20031019.csv,IR_CD_header_logs/,J16320-4751,CD,YALE-03A-0001,,J16320-4751,True,IR
binir030905.0170.fits,J16320-4751,16:32:2.37,-47:52:31.1,2003-09-06,02:29:58,2452888.60414,4.01,1.58,V,K,1388,2065,2070,IR_CD_header_logs/LOG_J16320-4751.20030802thru20031019.csv,IR_CD_header_logs/,J16320-4751,CD,YALE-03A-0001,,J16320-4751,True,IR
binir030905.0171.fits,J16320-4751,16:32:2.37,-47:52:31.3,2003-09-06,02:30:25,2452888.60446,4.01,1.59,V,K,1358,2035,2130,IR_CD_header_logs/LOG_J16320-4751.20030802thru20031019.csv,IR_CD_header_logs/,J16320-4751,CD,YALE-03A-0001,,J16320-4751,True,IR
binir030905.0172.fits,J16320-4751,16:32:2.38,-47:52:31.5,2003-09-06,02:30:51,2452888.60477,4.01,1.59,V,K,1418,2005,2100,IR_CD_header_logs/LOG_J16320-4751.20030802thru20031019.csv,IR_CD_header_logs/,J16320-4751,CD,YALE-03A-0001,,J16320-4751,True,IR
binir030905.0174.fits,J16320-4751,16:32:2.39,-47:52:31.4,2003-09-06,02:31:44,2452888.60538,4.01,1.59,V,K,1418,2035,2070,IR_CD_header_logs/LOG_J16320-4751.20030802thru20031019.csv,IR_CD_header_logs/,J16320-4751,CD,YALE-03A-0001,,J16320-4751,True,IR
binir030905.0175.fits,J16320-4751,16:32:2.36,-47:52:31.9,2003-09-06,02:32:11,2452888.60569,4.01,1.6,V,K,1358,2065,2100,IR_CD_header_logs/LOG_J16320-4751.20030802thru20031019.csv,IR_CD_header_logs/,J16320-4751,CD,YALE-03A-0001,,J16320-4751,True,IR
binir030913.0156.fits,J16320-4751,16:32:1.90,-47:52:30.8,2003-09-14,02:44:09,2452896.614,30.05,1.91,V,K,1358,2035,2130,IR_CD_header_logs/LOG_J16320-4751.20030802thru20031019.csv,IR_CD_header_logs/,J16320-4751,CD,YALE-03A-0001,,J16320-4751,True,IR
binir030913.0153.fits,J16320-4751,16:32:1.86,-47:52:30.0,2003-09-14,02:41:33,2452896.61219,30.05,1.89,V,K,1358,2065,2100,IR_CD_header_logs/LOG_J16320-4751.20030802thru20031019.csv,IR_CD_header_logs/,J16320-4751,CD,YALE-03A-0001,,J16320-4751,True,IR
binir030901.0135.fits,J16320-4751,16:32:1.82,-47:52:28.7,2003-09-02,01:25:03,2452884.55907,30.05,1.26,I,K,1358,2035,2130,IR_CD_header_logs/LOG_J16320-4751.20030802thru20031019.csv,IR_CD_header_logs/,J16320-4751,CD,YALE-03A-0001,,J16320-4751,True,IR
binir030921.0031.fits,J16320-4751,16:32:2.29,-47:52:26.8,2003-09-21,23:50:19,2452904.49328,30.04,1.22,V,K,1388,2035,2100,IR_CD_header_logs/LOG_J16320-4751.20030802thru20031019.csv,IR_CD_header_logs/,J16320-4751,CD,YALE-03A-0001,,J16320-4751,True,IR
binir030926.0002.fits,J16320-4751,16:32:1.76,-47:52:27.6,2003-09-26,23:59:43,2452909.49981,30.04,1.3,I,K,1388,2075,2060,IR_CD_header_logs/LOG_J16320-4751.20030802thru20031019.csv,IR_CD_header_logs/,J16320-4751,CD,YALE-03A-0001,,J16320-4751,True,IR
binir030926.0001.fits,J16320-4751,16:32:1.72,-47:52:27.4,2003-09-26,23:58:52,2452909.49921,30.05,1.29,I,K,1388,2045,2090,IR_CD_header_logs/LOG_J16320-4751.20030802thru20031019.csv,IR_CD_header_logs/,J16320-4751,CD,YALE-03A-0001,,J16320-4751,True,IR
binir030924.0064.fits,J16320-4751,16:32:2.95,-47:52:22.7,2003-09-25,00:38:34,2452907.52678,30.04,1.41,I,K,1388,2035,2100,IR_CD_header_logs/LOG_J16320-4751.20030802thru20031019.csv,IR_CD_header_logs/,J16320-4751,CD,YALE-03A-0001,,J16320-4751,True,IR
binir030924.0065.fits,J16320-4751,16:32:2.96,-47:52:22.4,2003-09-25,00:39:26,2452907.52738,30.04,1.41,I,K,1388,2065,2070,IR_CD_header_logs/LOG_J16320-4751.20030802thru20031019.csv,IR_CD_header_logs/,J16320-4751,CD,YALE-03A-0001,,J16320-4751,True,IR
binir030924.0066.fits,J16320-4751,16:32:2.93,-47:52:22.4,2003-09-25,00:40:18,2452907.52799,30.05,1.41,I,K,1358,2035,2130,IR_CD_header_logs/LOG_J16320-4751.20030802thru20031019.csv,IR_CD_header_logs/,J16320-4751,CD,YALE-03A-0001,,J16320-4751,True,IR
binir030924.0067.fits,J16320-4751,16:32:2.92,-47:52:22.3,2003-09-25,00:41:10,2452907.52859,30.04,1.42,I,K,1418,2005,2100,IR_CD_header_logs/LOG_J16320-4751.20030802thru20031019.csv,IR_CD_header_logs/,J16320-4751,CD,YALE-03A-0001,,J16320-4751,True,IR
binir030924.0068.fits,J16320-4751,16:32:2.92,-47:52:22.1,2003-09-25,00:42:02,2452907.52919,30.04,1.42,I,K,1388,2005,2130,IR_CD_header_logs/LOG_J16320-4751.20030802thru20031019.csv,IR_CD_header_logs/,J16320-4751,CD,YALE-03A-0001,,J16320-4751,True,IR
binir030924.0069.fits,J16320-4751,16:32:2.91,-47:52:22.1,2003-09-25,00:42:54,2452907.5298,30.04,1.42,I,K,1418,2035,2070,IR_CD_header_logs/LOG_J16320-4751.20030802thru20031019.csv,IR_CD_header_logs/,J16320-4751,CD,YALE-03A-0001,,J16320-4751,True,IR
binir030924.0071.fits,J16320-4751,16:32:2.88,-47:52:22.2,2003-09-25,00:44:38,2452907.531,30.04,1.43,I,K,1388,2035,2100,IR_CD_header_logs/LOG_J16320-4751.20030802thru20031019.csv,IR_CD_header_logs/,J16320-4751,CD,YALE-03A-0001,,J16320-4751,True,IR
binir030924.0072.fits,J16320-4751,16:32:2.87,-47:52:22.1,2003-09-25,00:45:29,2452907.53159,30.04,1.44,I,K,1388,2065,2070,IR_CD_header_logs/LOG_J16320-4751.20030802thru20031019.csv,IR_CD_header_logs/,J16320-4751,CD,YALE-03A-0001,,J16320-4751,True,IR
binir030924.0073.fits,J16320-4751,16:32:2.88,-47:52:22.2,2003-09-25,00:46:21,2452907.5322,30.04,1.44,I,K,1358,2035,2130,IR_CD_header_logs/LOG_J16320-4751.20030802thru20031019.csv,IR_CD_header_logs/,J16320-4751,CD,YALE-03A-0001,,J16320-4751,True,IR
binir030924.0070.fits,J16320-4751,16:32:2.91,-47:52:22.2,2003-09-25,00:43:46,2452907.5304,30.04,1.43,I,K,1358,2065,2100,IR_CD_header_logs/LOG_J16320-4751.20030802thru20031019.csv,IR_CD_header_logs/,J16320-4751,CD,YALE-03A-0001,,J16320-4751,True,IR
binir030921.0028.fits,J16320-4751,16:32:2.22,-47:52:26.6,2003-09-21,23:47:42,2452904.49147,30.05,1.21,V,K,1388,2005,2130,IR_CD_header_logs/LOG_J16320-4751.20030802thru20031019.csv,IR_CD_header_logs/,J16320-4751,CD,YALE-03A-0001,,J16320-4751,True,IR
binir030921.0025.fits,J16320-4751,16:32:2.12,-47:52:26.8,2003-09-21,23:45:05,2452904.48964,30.05,1.21,V,K,1388,2065,2070,IR_CD_header_logs/LOG_J16320-4751.20030802thru20031019.csv,IR_CD_header_logs/,J16320-4751,CD,YALE-03A-0001,,J16320-4751,True,IR
binir030921.0026.fits,J16320-4751,16:32:2.20,-47:52:26.5,2003-09-21,23:45:58,2452904.49026,30.04,1.21,V,K,1358,2035,2130,IR_CD_header_logs/LOG_J16320-4751.20030802thru20031019.csv,IR_CD_header_logs/,J16320-4751,CD,YALE-03A-0001,,J16320-4751,True,IR
binir030921.0027.fits,J16320-4751,16:32:2.21,-47:52:26.3,2003-09-21,23:46:50,2452904.49086,30.04,1.21,V,K,1418,2005,2100,IR_CD_header_logs/LOG_J16320-4751.20030802thru20031019.csv,IR_CD_header_logs/,J16320-4751,CD,YALE-03A-0001,,J16320-4751,True,IR
binir030921.0024.fits,J16320-4751,16:32:2.15,-47:52:26.5,2003-09-21,23:44:13,2452904.48904,30.05,1.2,V,K,1388,2035,2100,IR_CD_header_logs/LOG_J16320-4751.20030802thru20031019.csv,IR_CD_header_logs/,J16320-4751,CD,YALE-03A-0001,,J16320-4751,True,IR
binir030926.0009.fits,J16320-4751,16:32:1.72,-47:52:28.1,2003-09-27,00:05:50,2452909.50406,30.05,1.32,I,K,1388,2075,2060,IR_CD_header_logs/LOG_J16320-4751.20030802thru20031019.csv,IR_CD_header_logs/,J16320-4751,CD,YALE-03A-0001,,J16320-4751,True,IR
binir030926.0008.fits,J16320-4751,16:32:1.74,-47:52:28.1,2003-09-27,00:04:58,2452909.50345,30.05,1.31,I,K,1388,2045,2090,IR_CD_header_logs/LOG_J16320-4751.20030802thru20031019.csv,IR_CD_header_logs/,J16320-4751,CD,YALE-03A-0001,,J16320-4751,True,IR
binir030926.0007.fits,J16320-4751,16:32:1.71,-47:52:27.5,2003-09-27,00:04:06,2452909.50285,30.05,1.31,I,K,1358,2075,2090,IR_CD_header_logs/LOG_J16320-4751.20030802thru20031019.csv,IR_CD_header_logs/,J16320-4751,CD,YALE-03A-0001,,J16320-4751,True,IR
binir030929.0087.fits,J16320-4751,16:32:1.71,-47:52:28.3,2003-09-30,00:20:59,2452912.51458,30.04,1.42,V,K,1418,2045,2060,IR_CD_header_logs/LOG_J16320-4751.20030802thru20031019.csv,IR_CD_header_logs/,J16320-4751,CD,YALE-03A-0001,,J16320-4751,True,IR
binir031001.0011.fits,J16320-4751,16:32:1.65,-47:52:26.9,2003-10-02,00:21:06,2452914.51466,30.04,1.45,I,K,1358,2045,2120,IR_CD_header_logs/LOG_J16320-4751.20030802thru20031019.csv,IR_CD_header_logs/,J16320-4751,CD,YALE-03A-0001,,J16320-4751,True,IR
binir031001.0008.fits,J16320-4751,16:32:1.72,-47:52:27.0,2003-10-02,00:18:30,2452914.51285,30.05,1.44,I,K,1358,2075,2090,IR_CD_header_logs/LOG_J16320-4751.20030802thru20031019.csv,IR_CD_header_logs/,J16320-4751,CD,YALE-03A-0001,,J16320-4751,True,IR
binir030929.0085.fits,J16320-4751,16:32:1.68,-47:52:28.1,2003-09-30,00:19:14,2452912.51337,30.04,1.41,V,K,1418,2015,2090,IR_CD_header_logs/LOG_J16320-4751.20030802thru20031019.csv,IR_CD_header_logs/,J16320-4751,CD,YALE-03A-0001,,J16320-4751,True,IR
binir030929.0082.fits,J16320-4751,16:32:1.70,-47:52:28.7,2003-09-30,00:16:37,2452912.51154,30.04,1.4,V,K,1388,2045,2090,IR_CD_header_logs/LOG_J16320-4751.20030802thru20031019.csv,IR_CD_header_logs/,J16320-4751,CD,YALE-03A-0001,,J16320-4751,True,IR
binir030929.0083.fits,J16320-4751,16:32:1.73,-47:52:28.2,2003-09-30,00:17:29,2452912.51214,30.05,1.4,V,K,1388,2075,2060,IR_CD_header_logs/LOG_J16320-4751.20030802thru20031019.csv,IR_CD_header_logs/,J16320-4751,CD,YALE-03A-0001,,J16320-4751,True,IR
binir030929.0084.fits,J16320-4751,16:32:1.70,-47:52:28.1,2003-09-30,00:18:22,2452912.51276,30.04,1.4,V,K,1358,2045,2120,IR_CD_header_logs/LOG_J16320-4751.20030802thru20031019.csv,IR_CD_header_logs/,J16320-4751,CD,YALE-03A-0001,,J16320-4751,True,IR
binir030929.0086.fits,J16320-4751,16:32:1.69,-47:52:28.2,2003-09-30,00:20:06,2452912.51397,30.05,1.41,V,K,1388,2015,2120,IR_CD_header_logs/LOG_J16320-4751.20030802thru20031019.csv,IR_CD_header_logs/,J16320-4751,CD,YALE-03A-0001,,J16320-4751,True,IR
binir030929.0088.fits,J16320-4751,16:32:1.70,-47:52:28.5,2003-09-30,00:21:52,2452912.51518,30.04,1.42,V,K,1358,2075,2090,IR_CD_header_logs/LOG_J16320-4751.20030802thru20031019.csv,IR_CD_header_logs/,J16320-4751,CD,YALE-03A-0001,,J16320-4751,True,IR
binir030926.0010.fits,J16320-4751,16:32:1.70,-47:52:28.3,2003-09-27,00:06:43,2452909.50467,30.04,1.32,I,K,1358,2045,2120,IR_CD_header_logs/LOG_J16320-4751.20030802thru20031019.csv,IR_CD_header_logs/,J16320-4751,CD,YALE-03A-0001,,J16320-4751,True,IR
binir030929.0089.fits,J16320-4751,16:32:1.72,-47:52:28.4,2003-09-30,00:22:44,2452912.51579,30.05,1.42,V,K,1388,2045,2090,IR_CD_header_logs/LOG_J16320-4751.20030802thru20031019.csv,IR_CD_header_logs/,J16320-4751,CD,YALE-03A-0001,,J16320-4751,True,IR
binir030929.0090.fits,J16320-4751,16:32:1.66,-47:52:28.4,2003-09-30,00:23:36,2452912.51639,30.05,1.43,V,K,1388,2075,2060,IR_CD_header_logs/LOG_J16320-4751.20030802thru20031019.csv,IR_CD_header_logs/,J16320-4751,CD,YALE-03A-0001,,J16320-4751,True,IR
binir030929.0091.fits,J16320-4751,16:32:1.68,-47:52:28.5,2003-09-30,00:24:28,2452912.517,30.04,1.43,V,K,1358,2045,2120,IR_CD_header_logs/LOG_J16320-4751.20030802thru20031019.csv,IR_CD_header_logs/,J16320-4751,CD,YALE-03A-0001,,J16320-4751,True,IR
binir030926.0006.fits,J16320-4751,16:32:1.76,-47:52:27.8,2003-09-27,00:03:13,2452909.50224,30.04,1.31,I,K,1418,2045,2060,IR_CD_header_logs/LOG_J16320-4751.20030802thru20031019.csv,IR_CD_header_logs/,J16320-4751,CD,YALE-03A-0001,,J16320-4751,True,IR
binir030926.0003.fits,J16320-4751,16:32:1.78,-47:52:27.7,2003-09-27,00:00:36,2452909.50042,30.04,1.3,I,K,1358,2045,2120,IR_CD_header_logs/LOG_J16320-4751.20030802thru20031019.csv,IR_CD_header_logs/,J16320-4751,CD,YALE-03A-0001,,J16320-4751,True,IR
binir030926.0004.fits,J16320-4751,16:32:1.77,-47:52:27.8,2003-09-27,00:01:29,2452909.50103,30.04,1.3,I,K,1418,2015,2090,IR_CD_header_logs/LOG_J16320-4751.20030802thru20031019.csv,IR_CD_header_logs/,J16320-4751,CD,YALE-03A-0001,,J16320-4751,True,IR
binir030926.0005.fits,J16320-4751,16:32:1.76,-47:52:27.7,2003-09-27,00:02:21,2452909.50163,30.05,1.3,I,K,1388,2015,2120,IR_CD_header_logs/LOG_J16320-4751.20030802thru20031019.csv,IR_CD_header_logs/,J16320-4751,CD,YALE-03A-0001,,J16320-4751,True,IR
binir030921.0029.fits,J16320-4751,16:32:2.21,-47:52:26.3,2003-09-21,23:48:35,2452904.49207,30.04,1.21,V,K,1418,2035,2070,IR_CD_header_logs/LOG_J16320-4751.20030802thru20031019.csv,IR_CD_header_logs/,J16320-4751,CD,YALE-03A-0001,,J16320-4751,True,IR
binir030921.0032.fits,J16320-4751,16:32:2.35,-47:52:27.1,2003-09-21,23:51:11,2452904.49388,30.04,1.22,V,K,1388,2065,2070,IR_CD_header_logs/LOG_J16320-4751.20030802thru20031019.csv,IR_CD_header_logs/,J16320-4751,CD,YALE-03A-0001,,J16320-4751,True,IR
binir030913.0152.fits,J16320-4751,16:32:1.84,-47:52:29.8,2003-09-14,02:40:41,2452896.61159,30.04,1.88,V,K,1418,2035,2070,IR_CD_header_logs/LOG_J16320-4751.20030802thru20031019.csv,IR_CD_header_logs/,J16320-4751,CD,YALE-03A-0001,,J16320-4751,True,IR
binir030921.0033.fits,J16320-4751,16:32:2.36,-47:52:27.2,2003-09-21,23:52:03,2452904.49449,30.05,1.22,V,K,1358,2035,2130,IR_CD_header_logs/LOG_J16320-4751.20030802thru20031019.csv,IR_CD_header_logs/,J16320-4751,CD,YALE-03A-0001,,J16320-4751,True,IR
binir030915.0054.fits,J16320-4751,16:32:1.78,-47:52:28.8,2003-09-16,00:24:55,2452898.51731,30.04,1.25,V,K,1388,2035,2100,IR_CD_header_logs/LOG_J16320-4751.20030802thru20031019.csv,IR_CD_header_logs/,J16320-4751,CD,YALE-03A-0001,,J16320-4751,True,IR
binir030914.0072.fits,J16320-4751,16:32:1.72,-47:52:29.4,2003-09-15,00:56:12,2452897.53904,30.04,1.33,V,K,1388,2065,2070,IR_CD_header_logs/LOG_J16320-4751.20030802thru20031019.csv,IR_CD_header_logs/,J16320-4751,CD,YALE-03A-0001,,J16320-4751,True,IR
binir030914.0071.fits,J16320-4751,16:32:1.73,-47:52:29.4,2003-09-15,00:55:20,2452897.53844,30.04,1.32,V,K,1388,2035,2100,IR_CD_header_logs/LOG_J16320-4751.20030802thru20031019.csv,IR_CD_header_logs/,J16320-4751,CD,YALE-03A-0001,,J16320-4751,True,IR
binir030914.0070.fits,J16320-4751,16:32:1.73,-47:52:29.1,2003-09-15,00:54:28,2452897.53783,30.05,1.32,V,K,1358,2065,2100,IR_CD_header_logs/LOG_J16320-4751.20030802thru20031019.csv,IR_CD_header_logs/,J16320-4751,CD,YALE-03A-0001,,J16320-4751,True,IR
binir030914.0069.fits,J16320-4751,16:32:1.73,-47:52:29.1,2003-09-15,00:53:36,2452897.53723,30.05,1.32,V,K,1418,2035,2070,IR_CD_header_logs/LOG_J16320-4751.20030802thru20031019.csv,IR_CD_header_logs/,J16320-4751,CD,YALE-03A-0001,,J16320-4751,True,IR
binir030914.0068.fits,J16320-4751,16:32:1.76,-47:52:28.9,2003-09-15,00:52:43,2452897.53662,30.05,1.32,V,K,1388,2005,2130,IR_CD_header_logs/LOG_J16320-4751.20030802thru20031019.csv,IR_CD_header_logs/,J16320-4751,CD,YALE-03A-0001,,J16320-4751,True,IR
binir030914.0067.fits,J16320-4751,16:32:1.76,-47:52:28.8,2003-09-15,00:51:51,2452897.53602,30.04,1.31,V,K,1418,2005,2100,IR_CD_header_logs/LOG_J16320-4751.20030802thru20031019.csv,IR_CD_header_logs/,J16320-4751,CD,YALE-03A-0001,,J16320-4751,True,IR
binir030914.0066.fits,J16320-4751,16:32:1.76,-47:52:28.9,2003-09-15,00:50:58,2452897.5354,30.04,1.31,V,K,1358,2035,2130,IR_CD_header_logs/LOG_J16320-4751.20030802thru20031019.csv,IR_CD_header_logs/,J16320-4751,CD,YALE-03A-0001,,J16320-4751,True,IR
binir030914.0065.fits,J16320-4751,16:32:1.79,-47:52:28.3,2003-09-15,00:50:06,2452897.5348,30.05,1.31,V,K,1388,2065,2070,IR_CD_header_logs/LOG_J16320-4751.20030802thru20031019.csv,IR_CD_header_logs/,J16320-4751,CD,YALE-03A-0001,,J16320-4751,True,IR
binir030914.0064.fits,J16320-4751,16:32:1.75,-47:52:28.7,2003-09-15,00:49:14,2452897.53419,30.05,1.3,V,K,1388,2035,2100,IR_CD_header_logs/LOG_J16320-4751.20030802thru20031019.csv,IR_CD_header_logs/,J16320-4751,CD,YALE-03A-0001,,J16320-4751,True,IR
binir030914.0073.fits,J16320-4751,16:32:1.71,-47:52:29.7,2003-09-15,00:57:05,2452897.53965,30.05,1.33,V,K,1358,2035,2130,IR_CD_header_logs/LOG_J16320-4751.20030802thru20031019.csv,IR_CD_header_logs/,J16320-4751,CD,YALE-03A-0001,,J16320-4751,True,IR
binir030913.0151.fits,J16320-4751,16:32:1.85,-47:52:29.6,2003-09-14,02:39:48,2452896.61098,30.04,1.87,V,K,1388,2005,2130,IR_CD_header_logs/LOG_J16320-4751.20030802thru20031019.csv,IR_CD_header_logs/,J16320-4751,CD,YALE-03A-0001,,J16320-4751,True,IR
binir030913.0147.fits,J16320-4751,16:32:1.72,-47:52:28.6,2003-09-14,02:36:19,2452896.60856,30.05,1.84,V,K,1388,2035,2100,IR_CD_header_logs/LOG_J16320-4751.20030802thru20031019.csv,IR_CD_header_logs/,J16320-4751,CD,YALE-03A-0001,,J16320-4751,True,IR
binir030913.0148.fits,J16320-4751,16:32:1.80,-47:52:28.8,2003-09-14,02:37:11,2452896.60916,30.04,1.85,V,K,1388,2065,2070,IR_CD_header_logs/LOG_J16320-4751.20030802thru20031019.csv,IR_CD_header_logs/,J16320-4751,CD,YALE-03A-0001,,J16320-4751,True,IR
binir030913.0149.fits,J16320-4751,16:32:1.81,-47:52:29.2,2003-09-14,02:38:04,2452896.60977,30.04,1.86,V,K,1358,2035,2130,IR_CD_header_logs/LOG_J16320-4751.20030802thru20031019.csv,IR_CD_header_logs/,J16320-4751,CD,YALE-03A-0001,,J16320-4751,True,IR
binir030913.0150.fits,J16320-4751,16:32:1.84,-47:52:29.4,2003-09-14,02:38:56,2452896.61038,30.04,1.87,V,K,1418,2005,2100,IR_CD_header_logs/LOG_J16320-4751.20030802thru20031019.csv,IR_CD_header_logs/,J16320-4751,CD,YALE-03A-0001,,J16320-4751,True,IR
binir030913.0154.fits,J16320-4751,16:32:1.89,-47:52:30.2,2003-09-14,02:42:25,2452896.61279,30.05,1.9,V,K,1388,2035,2100,IR_CD_header_logs/LOG_J16320-4751.20030802thru20031019.csv,IR_CD_header_logs/,J16320-4751,CD,YALE-03A-0001,,J16320-4751,True,IR
binir030915.0053.fits,J16320-4751,16:32:1.78,-47:52:28.8,2003-09-16,00:24:03,2452898.51671,30.05,1.24,V,K,1358,2065,2100,IR_CD_header_logs/LOG_J16320-4751.20030802thru20031019.csv,IR_CD_header_logs/,J16320-4751,CD,YALE-03A-0001,,J16320-4751,True,IR
binir030915.0056.fits,J16320-4751,16:32:1.76,-47:52:29.0,2003-09-16,00:26:39,2452898.51851,30.04,1.25,V,K,1358,2035,2130,IR_CD_header_logs/LOG_J16320-4751.20030802thru20031019.csv,IR_CD_header_logs/,J16320-4751,CD,YALE-03A-0001,,J16320-4751,True,IR
binir030915.0055.fits,J16320-4751,16:32:1.77,-47:52:28.9,2003-09-16,00:25:46,2452898.5179,30.04,1.25,V,K,1388,2065,2070,IR_CD_header_logs/LOG_J16320-4751.20030802thru20031019.csv,IR_CD_header_logs/,J16320-4751,CD,YALE-03A-0001,,J16320-4751,True,IR
binir030919.0106.fits,J16320-4751,16:32:1.90,-47:52:53.9,2003-09-20,02:15:34,2452902.59414,30.04,1.87,I,K,1358,2065,2100,IR_CD_header_logs/LOG_J16320-4751.20030802thru20031019.csv,IR_CD_header_logs/,J16320-4751,CD,YALE-03A-0001,,J16320-4751,True,IR
binir030921.0030.fits,J16320-4751,16:32:2.27,-47:52:26.5,2003-09-21,23:49:27,2452904.49267,30.05,1.22,V,K,1358,2065,2100,IR_CD_header_logs/LOG_J16320-4751.20030802thru20031019.csv,IR_CD_header_logs/,J16320-4751,CD,YALE-03A-0001,,J16320-4751,True,IR
binir030919.0104.fits,J16320-4751,16:32:1.85,-47:52:53.1,2003-09-20,02:13:48,2452902.59292,30.04,1.85,I,K,1388,2005,2130,IR_CD_header_logs/LOG_J16320-4751.20030802thru20031019.csv,IR_CD_header_logs/,J16320-4751,CD,YALE-03A-0001,,J16320-4751,True,IR
binir030919.0100.fits,J16320-4751,16:32:1.74,-47:52:51.9,2003-09-20,02:10:19,2452902.59051,30.05,1.82,I,K,1388,2035,2100,IR_CD_header_logs/LOG_J16320-4751.20030802thru20031019.csv,IR_CD_header_logs/,J16320-4751,CD,YALE-03A-0001,,J16320-4751,True,IR
binir030919.0101.fits,J16320-4751,16:32:1.75,-47:52:52.2,2003-09-20,02:11:11,2452902.5911,30.05,1.83,I,K,1388,2065,2070,IR_CD_header_logs/LOG_J16320-4751.20030802thru20031019.csv,IR_CD_header_logs/,J16320-4751,CD,YALE-03A-0001,,J16320-4751,True,IR
binir030919.0102.fits,J16320-4751,16:32:1.79,-47:52:52.5,2003-09-20,02:12:04,2452902.59171,30.05,1.84,I,K,1358,2035,2130,IR_CD_header_logs/LOG_J16320-4751.20030802thru20031019.csv,IR_CD_header_logs/,J16320-4751,CD,YALE-03A-0001,,J16320-4751,True,IR
binir030919.0103.fits,J16320-4751,16:32:1.82,-47:52:52.7,2003-09-20,02:12:56,2452902.59232,30.04,1.85,I,K,1418,2005,2100,IR_CD_header_logs/LOG_J16320-4751.20030802thru20031019.csv,IR_CD_header_logs/,J16320-4751,CD,YALE-03A-0001,,J16320-4751,True,IR
binir030919.0105.fits,J16320-4751,16:32:1.88,-47:52:53.6,2003-09-20,02:14:41,2452902.59353,30.04,1.86,I,K,1418,2035,2070,IR_CD_header_logs/LOG_J16320-4751.20030802thru20031019.csv,IR_CD_header_logs/,J16320-4751,CD,YALE-03A-0001,,J16320-4751,True,IR
binir030919.0107.fits,J16320-4751,16:32:1.92,-47:52:53.8,2003-09-20,02:16:25,2452902.59474,30.05,1.87,I,K,1388,2035,2100,IR_CD_header_logs/LOG_J16320-4751.20030802thru20031019.csv,IR_CD_header_logs/,J16320-4751,CD,YALE-03A-0001,,J16320-4751,True,IR
binir030915.0052.fits,J16320-4751,16:32:1.75,-47:52:28.9,2003-09-16,00:23:11,2452898.5161,30.04,1.24,V,K,1418,2035,2070,IR_CD_header_logs/LOG_J16320-4751.20030802thru20031019.csv,IR_CD_header_logs/,J16320-4751,CD,YALE-03A-0001,,J16320-4751,True,IR
binir030919.0108.fits,J16320-4751,16:32:1.92,-47:52:54.2,2003-09-20,02:17:17,2452902.59534,30.05,1.88,I,K,1388,2065,2070,IR_CD_header_logs/LOG_J16320-4751.20030802thru20031019.csv,IR_CD_header_logs/,J16320-4751,CD,YALE-03A-0001,,J16320-4751,True,IR
binir030919.0109.fits,J16320-4751,16:32:1.92,-47:52:54.2,2003-09-20,02:18:10,2452902.59595,30.05,1.89,I,K,1358,2035,2130,IR_CD_header_logs/LOG_J16320-4751.20030802thru20031019.csv,IR_CD_header_logs/,J16320-4751,CD,YALE-03A-0001,,J16320-4751,True,IR
binir030915.0047.fits,J16320-4751,16:32:1.74,-47:52:28.6,2003-09-16,00:18:49,2452898.51308,30.04,1.23,V,K,1388,2035,2100,IR_CD_header_logs/LOG_J16320-4751.20030802thru20031019.csv,IR_CD_header_logs/,J16320-4751,CD,YALE-03A-0001,,J16320-4751,True,IR
binir030915.0048.fits,J16320-4751,16:32:1.73,-47:52:28.2,2003-09-16,00:19:42,2452898.51368,30.04,1.23,V,K,1388,2065,2070,IR_CD_header_logs/LOG_J16320-4751.20030802thru20031019.csv,IR_CD_header_logs/,J16320-4751,CD,YALE-03A-0001,,J16320-4751,True,IR
binir030915.0049.fits,J16320-4751,16:32:1.73,-47:52:28.4,2003-09-16,00:20:34,2452898.51429,30.04,1.23,V,K,1358,2035,2130,IR_CD_header_logs/LOG_J16320-4751.20030802thru20031019.csv,IR_CD_header_logs/,J16320-4751,CD,YALE-03A-0001,,J16320-4751,True,IR
binir030915.0050.fits,J16320-4751,16:32:1.75,-47:52:28.6,2003-09-16,00:21:27,2452898.5149,30.05,1.24,V,K,1418,2005,2100,IR_CD_header_logs/LOG_J16320-4751.20030802thru20031019.csv,IR_CD_header_logs/,J16320-4751,CD,YALE-03A-0001,,J16320-4751,True,IR
binir030915.0051.fits,J16320-4751,16:32:1.74,-47:52:28.7,2003-09-16,00:22:19,2452898.5155,30.05,1.24,V,K,1388,2005,2130,IR_CD_header_logs/LOG_J16320-4751.20030802thru20031019.csv,IR_CD_header_logs/,J16320-4751,CD,YALE-03A-0001,,J16320-4751,True,IR
binir030901.0134.fits,J16320-4751,16:32:1.79,-47:52:28.6,2003-09-02,01:24:10,2452884.55846,30.05,1.26,I,K,1388,2065,2070,IR_CD_header_logs/LOG_J16320-4751.20030802thru20031019.csv,IR_CD_header_logs/,J16320-4751,CD,YALE-03A-0001,,J16320-4751,True,IR
binir030830.0065.fits,J16320-4751,16:32:1.82,-47:52:27.7,2003-08-31,01:09:08,2452882.54802,30.05,1.2,I,K,1388,2005,2130,IR_CD_header_logs/LOG_J16320-4751.20030802thru20031019.csv,IR_CD_header_logs/,J16320-4751,CD,YALE-03A-0001,,J16320-4751,True,IR
binir030809.0064.fits,J16320-4751,16:32:1.90,-47:52:27.8,2003-08-10,00:39:51,2452861.52768,30.05,1.06,I,K,1388,2005,2130,IR_CD_header_logs/LOG_J16320-4751.20030802thru20031019.csv,IR_CD_header_logs/,J16320-4751,CD,YAL2-03A-0001,,J16320-4751,True,IR
binir030816.0241.fits,J16320-4751,16:32:1.78,-47:52:29.1,2003-08-17,02:35:27,2452868.60796,30.04,1.28,V,K,1358,2065,2100,IR_CD_header_logs/LOG_J16320-4751.20030802thru20031019.csv,IR_CD_header_logs/,J16320-4751,CD,YALE-03A-0001,,J16320-4751,True,IR
binir030818.0239.fits,J16320-4751,16:32:1.71,-47:52:28.2,2003-08-19,02:27:54,2452870.60272,30.04,1.28,V,K,1418,2005,2100,IR_CD_header_logs/LOG_J16320-4751.20030802thru20031019.csv,IR_CD_header_logs/,J16320-4751,CD,YALE-03A-0001,,J16320-4751,True,IR
binir030818.0241.fits,J16320-4751,16:32:1.65,-47:52:28.3,2003-08-19,02:29:39,2452870.60393,30.04,1.29,V,K,1418,2035,2070,IR_CD_header_logs/LOG_J16320-4751.20030802thru20031019.csv,IR_CD_header_logs/,J16320-4751,CD,YALE-03A-0001,,J16320-4751,True,IR
binir030818.0245.fits,J16320-4751,16:32:1.54,-47:52:28.3,2003-08-19,02:33:09,2452870.60636,30.04,1.3,V,K,1358,2035,2130,IR_CD_header_logs/LOG_J16320-4751.20030802thru20031019.csv,IR_CD_header_logs/,J16320-4751,CD,YALE-03A-0001,,J16320-4751,True,IR
binir030818.0243.fits,J16320-4751,16:32:1.60,-47:52:28.3,2003-08-19,02:31:24,2452870.60515,30.04,1.29,V,K,1388,2035,2100,IR_CD_header_logs/LOG_J16320-4751.20030802thru20031019.csv,IR_CD_header_logs/,J16320-4751,CD,YALE-03A-0001,,J16320-4751,True,IR
binir030818.0244.fits,J16320-4751,16:32:1.58,-47:52:28.2,2003-08-19,02:32:16,2452870.60575,30.05,1.29,V,K,1388,2065,2070,IR_CD_header_logs/LOG_J16320-4751.20030802thru20031019.csv,IR_CD_header_logs/,J16320-4751,CD,YALE-03A-0001,,J16320-4751,True,IR
binir030818.0242.fits,J16320-4751,16:32:1.64,-47:52:28.6,2003-08-19,02:30:32,2452870.60454,30.04,1.29,V,K,1358,2065,2100,IR_CD_header_logs/LOG_J16320-4751.20030802thru20031019.csv,IR_CD_header_logs/,J16320-4751,CD,YALE-03A-0001,,J16320-4751,True,IR
binir030817.0158.fits,J16320-4751,16:32:1.77,-47:52:27.6,2003-08-18,01:38:29,2452869.56839,30.05,1.16,V,K,1388,2005,2130,IR_CD_header_logs/LOG_J16320-4751.20030802thru20031019.csv,IR_CD_header_logs/,J16320-4751,CD,YALE-03A-0001,,J16320-4751,True,IR
binir030817.0154.fits,J16320-4751,16:32:1.73,-47:52:28.6,2003-08-18,01:34:58,2452869.56596,30.04,1.15,V,K,1388,2035,2100,IR_CD_header_logs/LOG_J16320-4751.20030802thru20031019.csv,IR_CD_header_logs/,J16320-4751,CD,YALE-03A-0001,,J16320-4751,True,IR
binir030817.0156.fits,J16320-4751,16:32:1.77,-47:52:28.0,2003-08-18,01:36:44,2452869.56718,30.04,1.15,V,K,1358,2035,2130,IR_CD_header_logs/LOG_J16320-4751.20030802thru20031019.csv,IR_CD_header_logs/,J16320-4751,CD,YALE-03A-0001,,J16320-4751,True,IR
binir030817.0157.fits,J16320-4751,16:32:1.76,-47:52:27.7,2003-08-18,01:37:36,2452869.56779,30.04,1.15,V,K,1418,2005,2100,IR_CD_header_logs/LOG_J16320-4751.20030802thru20031019.csv,IR_CD_header_logs/,J16320-4751,CD,YALE-03A-0001,,J16320-4751,True,IR
binir030817.0155.fits,J16320-4751,16:32:1.75,-47:52:28.0,2003-08-18,01:35:50,2452869.56656,30.05,1.15,V,K,1388,2065,2070,IR_CD_header_logs/LOG_J16320-4751.20030802thru20031019.csv,IR_CD_header_logs/,J16320-4751,CD,YALE-03A-0001,,J16320-4751,True,IR
binir030817.0159.fits,J16320-4751,16:32:1.79,-47:52:27.6,2003-08-18,01:39:22,2452869.569,30.05,1.16,V,K,1418,2035,2070,IR_CD_header_logs/LOG_J16320-4751.20030802thru20031019.csv,IR_CD_header_logs/,J16320-4751,CD,YALE-03A-0001,,J16320-4751,True,IR
binir030817.0160.fits,J16320-4751,16:32:1.77,-47:52:27.5,2003-08-18,01:40:15,2452869.56962,30.05,1.16,V,K,1358,2065,2100,IR_CD_header_logs/LOG_J16320-4751.20030802thru20031019.csv,IR_CD_header_logs/,J16320-4751,CD,YALE-03A-0001,,J16320-4751,True,IR
binir030817.0161.fits,J16320-4751,16:32:1.76,-47:52:27.4,2003-08-18,01:41:07,2452869.57022,30.05,1.16,V,K,1388,2035,2100,IR_CD_header_logs/LOG_J16320-4751.20030802thru20031019.csv,IR_CD_header_logs/,J16320-4751,CD,YALE-03A-0001,,J16320-4751,True,IR
binir030817.0162.fits,J16320-4751,16:32:1.79,-47:52:27.2,2003-08-18,01:41:59,2452869.57083,30.04,1.16,V,K,1388,2065,2070,IR_CD_header_logs/LOG_J16320-4751.20030802thru20031019.csv,IR_CD_header_logs/,J16320-4751,CD,YALE-03A-0001,,J16320-4751,True,IR
binir030817.0163.fits,J16320-4751,16:32:1.77,-47:52:27.2,2003-08-18,01:42:52,2452869.57144,30.05,1.16,V,K,1358,2035,2130,IR_CD_header_logs/LOG_J16320-4751.20030802thru20031019.csv,IR_CD_header_logs/,J16320-4751,CD,YALE-03A-0001,,J16320-4751,True,IR
binir030816.0243.fits,J16320-4751,16:32:1.75,-47:52:29.4,2003-08-17,02:37:11,2452868.60916,30.04,1.29,V,K,1388,2065,2070,IR_CD_header_logs/LOG_J16320-4751.20030802thru20031019.csv,IR_CD_header_logs/,J16320-4751,CD,YALE-03A-0001,,J16320-4751,True,IR
binir030818.0238.fits,J16320-4751,16:32:1.72,-47:52:28.2,2003-08-19,02:27:01,2452870.60211,30.05,1.28,V,K,1358,2035,2130,IR_CD_header_logs/LOG_J16320-4751.20030802thru20031019.csv,IR_CD_header_logs/,J16320-4751,CD,YALE-03A-0001,,J16320-4751,True,IR
binir030818.0237.fits,J16320-4751,16:32:1.72,-47:52:28.2,2003-08-19,02:26:09,2452870.6015,30.04,1.28,V,K,1388,2065,2070,IR_CD_header_logs/LOG_J16320-4751.20030802thru20031019.csv,IR_CD_header_logs/,J16320-4751,CD,YALE-03A-0001,,J16320-4751,True,IR
binir030818.0236.fits,J16320-4751,16:32:1.73,-47:52:28.7,2003-08-19,02:25:17,2452870.60089,30.05,1.27,V,K,1388,2035,2100,IR_CD_header_logs/LOG_J16320-4751.20030802thru20031019.csv,IR_CD_header_logs/,J16320-4751,CD,YALE-03A-0001,,J16320-4751,True,IR
binir030819.0259.fits,J16320-4751,16:32:1.74,-47:52:28.7,2003-08-20,02:31:21,2452871.60511,30.04,1.3,V,K,1388,2035,2100,IR_CD_header_logs/LOG_J16320-4751.20030802thru20031019.csv,IR_CD_header_logs/,J16320-4751,CD,YALE-03A-0001,,J16320-4751,True,IR
binir030820.0203.fits,J16320-4751,16:32:1.76,-47:52:28.0,2003-08-21,02:28:03,2452872.60281,30.04,1.31,V,K,1388,2005,2130,IR_CD_header_logs/LOG_J16320-4751.20030802thru20031019.csv,IR_CD_header_logs/,J16320-4751,CD,YALE-03A-0001,,J16320-4751,True,IR
binir030820.0204.fits,J16320-4751,16:32:1.76,-47:52:28.8,2003-08-21,02:28:55,2452872.60342,30.04,1.31,V,K,1418,2035,2070,IR_CD_header_logs/LOG_J16320-4751.20030802thru20031019.csv,IR_CD_header_logs/,J16320-4751,CD,YALE-03A-0001,,J16320-4751,True,IR
binir030820.0205.fits,J16320-4751,16:32:1.75,-47:52:28.9,2003-08-21,02:29:48,2452872.60403,30.04,1.31,V,K,1358,2065,2100,IR_CD_header_logs/LOG_J16320-4751.20030802thru20031019.csv,IR_CD_header_logs/,J16320-4751,CD,YALE-03A-0001,,J16320-4751,True,IR
binir030820.0206.fits,J16320-4751,16:32:1.78,-47:52:29.1,2003-08-21,02:30:40,2452872.60463,30.04,1.31,V,K,1388,2035,2100,IR_CD_header_logs/LOG_J16320-4751.20030802thru20031019.csv,IR_CD_header_logs/,J16320-4751,CD,YALE-03A-0001,,J16320-4751,True,IR
binir030820.0207.fits,J16320-4751,16:32:1.76,-47:52:29.2,2003-08-21,02:31:32,2452872.60523,30.05,1.32,V,K,1388,2065,2070,IR_CD_header_logs/LOG_J16320-4751.20030802thru20031019.csv,IR_CD_header_logs/,J16320-4751,CD,YALE-03A-0001,,J16320-4751,True,IR
binir030820.0208.fits,J16320-4751,16:32:1.75,-47:52:29.0,2003-08-21,02:32:25,2452872.60585,30.05,1.32,V,K,1358,2035,2130,IR_CD_header_logs/LOG_J16320-4751.20030802thru20031019.csv,IR_CD_header_logs/,J16320-4751,CD,YALE-03A-0001,,J16320-4751,True,IR
binir030819.0263.fits,J16320-4751,16:32:1.73,-47:52:29.2,2003-08-20,02:34:51,2452871.60754,30.04,1.31,V,K,1388,2005,2130,IR_CD_header_logs/LOG_J16320-4751.20030802thru20031019.csv,IR_CD_header_logs/,J16320-4751,CD,YALE-03A-0001,,J16320-4751,True,IR
binir030819.0260.fits,J16320-4751,16:32:1.75,-47:52:29.1,2003-08-20,02:32:13,2452871.60571,30.05,1.31,V,K,1388,2065,2070,IR_CD_header_logs/LOG_J16320-4751.20030802thru20031019.csv,IR_CD_header_logs/,J16320-4751,CD,YALE-03A-0001,,J16320-4751,True,IR
binir030818.0240.fits,J16320-4751,16:32:1.70,-47:52:28.2,2003-08-19,02:28:46,2452870.60332,30.05,1.28,V,K,1388,2005,2130,IR_CD_header_logs/LOG_J16320-4751.20030802thru20031019.csv,IR_CD_header_logs/,J16320-4751,CD,YALE-03A-0001,,J16320-4751,True,IR
binir030819.0261.fits,J16320-4751,16:32:1.74,-47:52:29.0,2003-08-20,02:33:06,2452871.60633,30.04,1.31,V,K,1358,2035,2130,IR_CD_header_logs/LOG_J16320-4751.20030802thru20031019.csv,IR_CD_header_logs/,J16320-4751,CD,YALE-03A-0001,,J16320-4751,True,IR
binir030819.0262.fits,J16320-4751,16:32:1.76,-47:52:29.1,2003-08-20,02:33:59,2452871.60694,30.04,1.31,V,K,1418,2005,2100,IR_CD_header_logs/LOG_J16320-4751.20030802thru20031019.csv,IR_CD_header_logs/,J16320-4751,CD,YALE-03A-0001,,J16320-4751,True,IR
binir030819.0268.fits,J16320-4751,16:32:1.74,-47:52:29.6,2003-08-20,02:39:14,2452871.61059,30.05,1.33,V,K,1358,2035,2130,IR_CD_header_logs/LOG_J16320-4751.20030802thru20031019.csv,IR_CD_header_logs/,J16320-4751,CD,YALE-03A-0001,,J16320-4751,True,IR
binir030819.0264.fits,J16320-4751,16:32:1.75,-47:52:29.2,2003-08-20,02:35:44,2452871.60816,30.05,1.32,V,K,1418,2035,2070,IR_CD_header_logs/LOG_J16320-4751.20030802thru20031019.csv,IR_CD_header_logs/,J16320-4751,CD,YALE-03A-0001,,J16320-4751,True,IR
binir030819.0265.fits,J16320-4751,16:32:1.72,-47:52:29.4,2003-08-20,02:36:37,2452871.60877,30.04,1.32,V,K,1358,2065,2100,IR_CD_header_logs/LOG_J16320-4751.20030802thru20031019.csv,IR_CD_header_logs/,J16320-4751,CD,YALE-03A-0001,,J16320-4751,True,IR
binir030819.0266.fits,J16320-4751,16:32:1.72,-47:52:29.6,2003-08-20,02:37:29,2452871.60937,30.05,1.32,V,K,1388,2035,2100,IR_CD_header_logs/LOG_J16320-4751.20030802thru20031019.csv,IR_CD_header_logs/,J16320-4751,CD,YALE-03A-0001,,J16320-4751,True,IR
binir030819.0267.fits,J16320-4751,16:32:1.73,-47:52:29.7,2003-08-20,02:38:21,2452871.60998,30.04,1.33,V,K,1388,2065,2070,IR_CD_header_logs/LOG_J16320-4751.20030802thru20031019.csv,IR_CD_header_logs/,J16320-4751,CD,YALE-03A-0001,,J16320-4751,True,IR
binir030816.0242.fits,J16320-4751,16:32:1.79,-47:52:29.1,2003-08-17,02:36:19,2452868.60856,30.04,1.28,V,K,1388,2035,2100,IR_CD_header_logs/LOG_J16320-4751.20030802thru20031019.csv,IR_CD_header_logs/,J16320-4751,CD,YALE-03A-0001,,J16320-4751,True,IR
binir030816.0240.fits,J16320-4751,16:32:1.77,-47:52:29.2,2003-08-17,02:34:34,2452868.60735,30.05,1.28,V,K,1418,2035,2070,IR_CD_header_logs/LOG_J16320-4751.20030802thru20031019.csv,IR_CD_header_logs/,J16320-4751,CD,YALE-03A-0001,,J16320-4751,True,IR
binir030820.0200.fits,J16320-4751,16:32:1.77,-47:52:28.4,2003-08-21,02:25:25,2452872.60099,30.04,1.3,V,K,1388,2065,2070,IR_CD_header_logs/LOG_J16320-4751.20030802thru20031019.csv,IR_CD_header_logs/,J16320-4751,CD,YALE-03A-0001,,J16320-4751,True,IR
binir030816.0239.fits,J16320-4751,16:32:1.79,-47:52:29.1,2003-08-17,02:33:42,2452868.60674,30.04,1.27,V,K,1388,2005,2130,IR_CD_header_logs/LOG_J16320-4751.20030802thru20031019.csv,IR_CD_header_logs/,J16320-4751,CD,YALE-03A-0001,,J16320-4751,True,IR
binir030814.0227.fits,J16320-4751,16:32:1.72,-47:52:28.4,2003-08-15,02:44:52,2452866.61449,30.04,1.28,V,K,1418,2035,2070,IR_CD_header_logs/LOG_J16320-4751.20030802thru20031019.csv,IR_CD_header_logs/,J16320-4751,CD,YALE-03A-0001,,J16320-4751,True,IR
binir030814.0229.fits,J16320-4751,16:32:1.71,-47:52:28.2,2003-08-15,02:46:37,2452866.61571,30.04,1.29,V,K,1388,2035,2100,IR_CD_header_logs/LOG_J16320-4751.20030802thru20031019.csv,IR_CD_header_logs/,J16320-4751,CD,YALE-03A-0001,,J16320-4751,True,IR
binir030814.0230.fits,J16320-4751,16:32:1.71,-47:52:28.6,2003-08-15,02:47:29,2452866.61632,30.04,1.29,V,K,1388,2065,2070,IR_CD_header_logs/LOG_J16320-4751.20030802thru20031019.csv,IR_CD_header_logs/,J16320-4751,CD,YALE-03A-0001,,J16320-4751,True,IR
binir030814.0231.fits,J16320-4751,16:32:1.69,-47:52:28.5,2003-08-15,02:48:22,2452866.61693,30.04,1.3,V,K,1358,2035,2130,IR_CD_header_logs/LOG_J16320-4751.20030802thru20031019.csv,IR_CD_header_logs/,J16320-4751,CD,YALE-03A-0001,,J16320-4751,True,IR
binir030814.0228.fits,J16320-4751,16:32:1.72,-47:52:28.3,2003-08-15,02:45:45,2452866.61511,30.04,1.29,V,K,1358,2065,2100,IR_CD_header_logs/LOG_J16320-4751.20030802thru20031019.csv,IR_CD_header_logs/,J16320-4751,CD,YALE-03A-0001,,J16320-4751,True,IR
binir030813.0241.fits,J16320-4751,16:32:1.64,-47:52:21.5,2003-08-14,03:42:31,2452865.65453,30.04,1.49,V,K,1388,2005,2130,IR_CD_header_logs/LOG_J16320-4751.20030802thru20031019.csv,IR_CD_header_logs/,J16320-4751,CD,YALE-03A-0001,,J16320-4751,True,IR
binir030813.0237.fits,J16320-4751,16:32:1.61,-47:52:20.9,2003-08-14,03:39:01,2452865.6521,30.05,1.47,V,K,1388,2035,2100,IR_CD_header_logs/LOG_J16320-4751.20030802thru20031019.csv,IR_CD_header_logs/,J16320-4751,CD,YALE-03A-0001,,J16320-4751,True,IR
binir030813.0238.fits,J16320-4751,16:32:1.61,-47:52:20.9,2003-08-14,03:39:53,2452865.6527,30.05,1.48,V,K,1388,2065,2070,IR_CD_header_logs/LOG_J16320-4751.20030802thru20031019.csv,IR_CD_header_logs/,J16320-4751,CD,YALE-03A-0001,,J16320-4751,True,IR
binir030813.0239.fits,J16320-4751,16:32:1.63,-47:52:21.3,2003-08-14,03:40:46,2452865.65331,30.05,1.48,V,K,1358,2035,2130,IR_CD_header_logs/LOG_J16320-4751.20030802thru20031019.csv,IR_CD_header_logs/,J16320-4751,CD,YALE-03A-0001,,J16320-4751,True,IR
binir030813.0240.fits,J16320-4751,16:32:1.60,-47:52:21.2,2003-08-14,03:41:39,2452865.65393,30.04,1.49,V,K,1418,2005,2100,IR_CD_header_logs/LOG_J16320-4751.20030802thru20031019.csv,IR_CD_header_logs/,J16320-4751,CD,YALE-03A-0001,,J16320-4751,True,IR
binir030813.0242.fits,J16320-4751,16:32:1.61,-47:52:21.9,2003-08-14,03:43:24,2452865.65514,30.04,1.49,V,K,1418,2035,2070,IR_CD_header_logs/LOG_J16320-4751.20030802thru20031019.csv,IR_CD_header_logs/,J16320-4751,CD,YALE-03A-0001,,J16320-4751,True,IR
binir030813.0243.fits,J16320-4751,16:32:1.62,-47:52:22.3,2003-08-14,03:44:17,2452865.65575,30.04,1.5,V,K,1358,2065,2100,IR_CD_header_logs/LOG_J16320-4751.20030802thru20031019.csv,IR_CD_header_logs/,J16320-4751,CD,YALE-03A-0001,,J16320-4751,True,IR
binir030813.0244.fits,J16320-4751,16:32:1.59,-47:52:22.0,2003-08-14,03:45:09,2452865.65636,30.04,1.5,V,K,1388,2035,2100,IR_CD_header_logs/LOG_J16320-4751.20030802thru20031019.csv,IR_CD_header_logs/,J16320-4751,CD,YALE-03A-0001,,J16320-4751,True,IR
binir030813.0245.fits,J16320-4751,16:32:1.57,-47:52:22.1,2003-08-14,03:46:01,2452865.65696,30.05,1.51,V,K,1388,2065,2070,IR_CD_header_logs/LOG_J16320-4751.20030802thru20031019.csv,IR_CD_header_logs/,J16320-4751,CD,YALE-03A-0001,,J16320-4751,True,IR
binir030813.0246.fits,J16320-4751,16:32:1.55,-47:52:22.1,2003-08-14,03:46:54,2452865.65757,30.04,1.51,V,K,1358,2035,2130,IR_CD_header_logs/LOG_J16320-4751.20030802thru20031019.csv,IR_CD_header_logs/,J16320-4751,CD,YALE-03A-0001,,J16320-4751,True,IR
binir030809.0060.fits,J16320-4751,16:32:1.78,-47:52:28.5,2003-08-10,00:36:21,2452861.52525,30.04,1.06,I,K,1388,2035,2100,IR_CD_header_logs/LOG_J16320-4751.20030802thru20031019.csv,IR_CD_header_logs/,J16320-4751,CD,YAL2-03A-0001,,J16320-4751,True,IR
binir030809.0061.fits,J16320-4751,16:32:1.81,-47:52:28.3,2003-08-10,00:37:14,2452861.52586,30.04,1.06,I,K,1388,2065,2070,IR_CD_header_logs/LOG_J16320-4751.20030802thru20031019.csv,IR_CD_header_logs/,J16320-4751,CD,YAL2-03A-0001,,J16320-4751,True,IR
binir030814.0222.fits,J16320-4751,16:32:1.74,-47:52:28.7,2003-08-15,02:40:29,2452866.61145,30.04,1.27,V,K,1388,2035,2100,IR_CD_header_logs/LOG_J16320-4751.20030802thru20031019.csv,IR_CD_header_logs/,J16320-4751,CD,YALE-03A-0001,,J16320-4751,True,IR
binir030814.0225.fits,J16320-4751,16:32:1.74,-47:52:28.4,2003-08-15,02:43:07,2452866.61328,30.05,1.28,V,K,1418,2005,2100,IR_CD_header_logs/LOG_J16320-4751.20030802thru20031019.csv,IR_CD_header_logs/,J16320-4751,CD,YALE-03A-0001,,J16320-4751,True,IR
binir030814.0224.fits,J16320-4751,16:32:1.73,-47:52:28.7,2003-08-15,02:42:14,2452866.61267,30.04,1.28,V,K,1358,2035,2130,IR_CD_header_logs/LOG_J16320-4751.20030802thru20031019.csv,IR_CD_header_logs/,J16320-4751,CD,YALE-03A-0001,,J16320-4751,True,IR
binir030815.0247.fits,J16320-4751,16:32:1.73,-47:52:28.5,2003-08-16,03:04:36,2452867.6282,30.05,1.36,I,K,1388,2035,2100,IR_CD_header_logs/LOG_J16320-4751.20030802thru20031019.csv,IR_CD_header_logs/,J16320-4751,CD,YALE-03A-0001,,J16320-4751,True,IR
binir030816.0238.fits,J16320-4751,16:32:1.74,-47:52:29.0,2003-08-17,02:32:50,2452868.60614,30.04,1.27,V,K,1418,2005,2100,IR_CD_header_logs/LOG_J16320-4751.20030802thru20031019.csv,IR_CD_header_logs/,J16320-4751,CD,YALE-03A-0001,,J16320-4751,True,IR
binir030816.0237.fits,J16320-4751,16:32:1.73,-47:52:28.9,2003-08-17,02:31:57,2452868.60553,30.05,1.27,V,K,1358,2035,2130,IR_CD_header_logs/LOG_J16320-4751.20030802thru20031019.csv,IR_CD_header_logs/,J16320-4751,CD,YALE-03A-0001,,J16320-4751,True,IR
binir030816.0236.fits,J16320-4751,16:32:1.74,-47:52:28.7,2003-08-17,02:31:04,2452868.60492,30.04,1.27,V,K,1388,2065,2070,IR_CD_header_logs/LOG_J16320-4751.20030802thru20031019.csv,IR_CD_header_logs/,J16320-4751,CD,YALE-03A-0001,,J16320-4751,True,IR
binir030816.0235.fits,J16320-4751,16:32:1.73,-47:52:28.7,2003-08-17,02:30:12,2452868.60431,30.05,1.26,V,K,1388,2035,2100,IR_CD_header_logs/LOG_J16320-4751.20030802thru20031019.csv,IR_CD_header_logs/,J16320-4751,CD,YALE-03A-0001,,J16320-4751,True,IR
binir030816.0244.fits,J16320-4751,16:32:1.76,-47:52:29.9,2003-08-17,02:38:04,2452868.60978,30.05,1.29,V,K,1358,2035,2130,IR_CD_header_logs/LOG_J16320-4751.20030802thru20031019.csv,IR_CD_header_logs/,J16320-4751,CD,YALE-03A-0001,,J16320-4751,True,IR
binir030815.0248.fits,J16320-4751,16:32:1.75,-47:52:28.6,2003-08-16,03:05:29,2452867.62881,30.04,1.37,I,K,1388,2065,2070,IR_CD_header_logs/LOG_J16320-4751.20030802thru20031019.csv,IR_CD_header_logs/,J16320-4751,CD,YALE-03A-0001,,J16320-4751,True,IR
binir030815.0251.fits,J16320-4751,16:32:1.78,-47:52:28.4,2003-08-16,03:08:06,2452867.63063,30.04,1.38,I,K,1388,2005,2130,IR_CD_header_logs/LOG_J16320-4751.20030802thru20031019.csv,IR_CD_header_logs/,J16320-4751,CD,YALE-03A-0001,,J16320-4751,True,IR
binir030815.0250.fits,J16320-4751,16:32:1.76,-47:52:28.6,2003-08-16,03:07:14,2452867.63003,30.05,1.37,I,K,1418,2005,2100,IR_CD_header_logs/LOG_J16320-4751.20030802thru20031019.csv,IR_CD_header_logs/,J16320-4751,CD,YALE-03A-0001,,J16320-4751,True,IR
binir030814.0223.fits,J16320-4751,16:32:1.74,-47:52:28.2,2003-08-15,02:41:21,2452866.61205,30.05,1.27,V,K,1388,2065,2070,IR_CD_header_logs/LOG_J16320-4751.20030802thru20031019.csv,IR_CD_header_logs/,J16320-4751,CD,YALE-03A-0001,,J16320-4751,True,IR
binir030815.0249.fits,J16320-4751,16:32:1.75,-47:52:28.6,2003-08-16,03:06:21,2452867.62942,30.05,1.37,I,K,1358,2035,2130,IR_CD_header_logs/LOG_J16320-4751.20030802thru20031019.csv,IR_CD_header_logs/,J16320-4751,CD,YALE-03A-0001,,J16320-4751,True,IR
binir030815.0252.fits,J16320-4751,16:32:1.81,-47:52:28.2,2003-08-16,03:08:59,2452867.63125,30.04,1.38,I,K,1418,2035,2070,IR_CD_header_logs/LOG_J16320-4751.20030802thru20031019.csv,IR_CD_header_logs/,J16320-4751,CD,YALE-03A-0001,,J16320-4751,True,IR
binir030815.0254.fits,J16320-4751,16:32:1.86,-47:52:28.6,2003-08-16,03:10:44,2452867.63245,30.04,1.39,I,K,1388,2035,2100,IR_CD_header_logs/LOG_J16320-4751.20030802thru20031019.csv,IR_CD_header_logs/,J16320-4751,CD,YALE-03A-0001,,J16320-4751,True,IR
binir030815.0255.fits,J16320-4751,16:32:1.82,-47:52:28.2,2003-08-16,03:11:35,2452867.63305,30.04,1.39,I,K,1388,2065,2070,IR_CD_header_logs/LOG_J16320-4751.20030802thru20031019.csv,IR_CD_header_logs/,J16320-4751,CD,YALE-03A-0001,,J16320-4751,True,IR
binir030815.0256.fits,J16320-4751,16:32:1.86,-47:52:28.4,2003-08-16,03:12:29,2452867.63367,30.05,1.39,I,K,1358,2035,2130,IR_CD_header_logs/LOG_J16320-4751.20030802thru20031019.csv,IR_CD_header_logs/,J16320-4751,CD,YALE-03A-0001,,J16320-4751,True,IR
binir030815.0253.fits,J16320-4751,16:32:1.82,-47:52:28.3,2003-08-16,03:09:51,2452867.63185,30.04,1.38,I,K,1358,2065,2100,IR_CD_header_logs/LOG_J16320-4751.20030802thru20031019.csv,IR_CD_header_logs/,J16320-4751,CD,YALE-03A-0001,,J16320-4751,True,IR
binir030814.0226.fits,J16320-4751,16:32:1.76,-47:52:28.5,2003-08-15,02:43:59,2452866.61388,30.04,1.28,V,K,1388,2005,2130,IR_CD_header_logs/LOG_J16320-4751.20030802thru20031019.csv,IR_CD_header_logs/,J16320-4751,CD,YALE-03A-0001,,J16320-4751,True,IR
binir030820.0201.fits,J16320-4751,16:32:1.75,-47:52:28.6,2003-08-21,02:26:18,2452872.6016,30.04,1.3,V,K,1358,2035,2130,IR_CD_header_logs/LOG_J16320-4751.20030802thru20031019.csv,IR_CD_header_logs/,J16320-4751,CD,YALE-03A-0001,,J16320-4751,True,IR
binir030820.0199.fits,J16320-4751,16:32:1.74,-47:52:28.8,2003-08-21,02:24:33,2452872.60038,30.04,1.29,V,K,1388,2035,2100,IR_CD_header_logs/LOG_J16320-4751.20030802thru20031019.csv,IR_CD_header_logs/,J16320-4751,CD,YALE-03A-0001,,J16320-4751,True,IR
binir030830.0061.fits,J16320-4751,16:32:1.75,-47:52:28.7,2003-08-31,01:05:38,2452882.54559,30.05,1.19,I,K,1388,2035,2100,IR_CD_header_logs/LOG_J16320-4751.20030802thru20031019.csv,IR_CD_header_logs/,J16320-4751,CD,YALE-03A-0001,,J16320-4751,True,IR
binir030824.0114.fits,J16320-4751,16:32:2.09,-47:52:37.6,2003-08-25,01:24:57,2452876.55899,30.05,1.18,V,K,1388,2035,2100,IR_CD_header_logs/LOG_J16320-4751.20030802thru20031019.csv,IR_CD_header_logs/,J16320-4751,CD,YALE-03A-0001,,J16320-4751,True,IR
binir030826.0045.fits,J16320-4751,16:32:2.57,-47:52:33.4,2003-08-27,00:25:33,2452878.51775,30.04,1.1,I,K,1388,2065,2070,IR_CD_header_logs/LOG_J16320-4751.20030802thru20031019.csv,IR_CD_header_logs/,J16320-4751,CD,YALE-03A-0001,,J16320-4751,True,IR
binir030826.0046.fits,J16320-4751,16:32:2.56,-47:52:32.8,2003-08-27,00:26:26,2452878.51836,30.05,1.1,I,K,1358,2035,2130,IR_CD_header_logs/LOG_J16320-4751.20030802thru20031019.csv,IR_CD_header_logs/,J16320-4751,CD,YALE-03A-0001,,J16320-4751,True,IR
binir030826.0048.fits,J16320-4751,16:32:2.59,-47:52:32.6,2003-08-27,00:28:10,2452878.51956,30.05,1.1,I,K,1388,2005,2130,IR_CD_header_logs/LOG_J16320-4751.20030802thru20031019.csv,IR_CD_header_logs/,J16320-4751,CD,YALE-03A-0001,,J16320-4751,True,IR
binir030826.0049.fits,J16320-4751,16:32:2.59,-47:52:32.4,2003-08-27,00:29:02,2452878.52016,30.05,1.11,I,K,1418,2035,2070,IR_CD_header_logs/LOG_J16320-4751.20030802thru20031019.csv,IR_CD_header_logs/,J16320-4751,CD,YALE-03A-0001,,J16320-4751,True,IR
binir030826.0050.fits,J16320-4751,16:32:2.59,-47:52:32.2,2003-08-27,00:29:54,2452878.52077,30.04,1.11,I,K,1358,2065,2100,IR_CD_header_logs/LOG_J16320-4751.20030802thru20031019.csv,IR_CD_header_logs/,J16320-4751,CD,YALE-03A-0001,,J16320-4751,True,IR
binir030826.0051.fits,J16320-4751,16:32:2.59,-47:52:32.2,2003-08-27,00:30:46,2452878.52137,30.04,1.11,I,K,1388,2035,2100,IR_CD_header_logs/LOG_J16320-4751.20030802thru20031019.csv,IR_CD_header_logs/,J16320-4751,CD,YALE-03A-0001,,J16320-4751,True,IR
binir030826.0052.fits,J16320-4751,16:32:2.60,-47:52:32.0,2003-08-27,00:31:37,2452878.52196,30.04,1.11,I,K,1388,2065,2070,IR_CD_header_logs/LOG_J16320-4751.20030802thru20031019.csv,IR_CD_header_logs/,J16320-4751,CD,YALE-03A-0001,,J16320-4751,True,IR
binir030826.0053.fits,J16320-4751,16:32:2.60,-47:52:32.1,2003-08-27,00:32:29,2452878.52257,30.05,1.11,I,K,1358,2035,2130,IR_CD_header_logs/LOG_J16320-4751.20030802thru20031019.csv,IR_CD_header_logs/,J16320-4751,CD,YALE-03A-0001,,J16320-4751,True,IR
binir030825.0084.fits,J16320-4751,16:32:2.16,-47:52:32.6,2003-08-26,01:07:59,2452877.54722,30.04,1.16,I,K,1388,2005,2130,IR_CD_header_logs/LOG_J16320-4751.20030802thru20031019.csv,IR_CD_header_logs/,J16320-4751,CD,YALE-03A-0001,,J16320-4751,True,IR
binir030825.0080.fits,J16320-4751,16:32:2.12,-47:52:33.7,2003-08-26,01:04:29,2452877.54479,30.05,1.15,I,K,1388,2035,2100,IR_CD_header_logs/LOG_J16320-4751.20030802thru20031019.csv,IR_CD_header_logs/,J16320-4751,CD,YALE-03A-0001,,J16320-4751,True,IR
binir030825.0081.fits,J16320-4751,16:32:2.15,-47:52:32.9,2003-08-26,01:05:21,2452877.54539,30.04,1.15,I,K,1388,2065,2070,IR_CD_header_logs/LOG_J16320-4751.20030802thru20031019.csv,IR_CD_header_logs/,J16320-4751,CD,YALE-03A-0001,,J16320-4751,True,IR
binir030825.0082.fits,J16320-4751,16:32:2.17,-47:52:32.9,2003-08-26,01:06:14,2452877.546,30.05,1.16,I,K,1358,2035,2130,IR_CD_header_logs/LOG_J16320-4751.20030802thru20031019.csv,IR_CD_header_logs/,J16320-4751,CD,YALE-03A-0001,,J16320-4751,True,IR
binir030825.0083.fits,J16320-4751,16:32:2.15,-47:52:32.7,2003-08-26,01:07:07,2452877.54661,30.04,1.16,I,K,1418,2005,2100,IR_CD_header_logs/LOG_J16320-4751.20030802thru20031019.csv,IR_CD_header_logs/,J16320-4751,CD,YALE-03A-0001,,J16320-4751,True,IR
binir030825.0089.fits,J16320-4751,16:32:2.20,-47:52:31.7,2003-08-26,01:12:21,2452877.55025,30.05,1.17,I,K,1358,2035,2130,IR_CD_header_logs/LOG_J16320-4751.20030802thru20031019.csv,IR_CD_header_logs/,J16320-4751,CD,YALE-03A-0001,,J16320-4751,True,IR
binir030825.0085.fits,J16320-4751,16:32:2.17,-47:52:32.4,2003-08-26,01:08:51,2452877.54782,30.04,1.16,I,K,1418,2035,2070,IR_CD_header_logs/LOG_J16320-4751.20030802thru20031019.csv,IR_CD_header_logs/,J16320-4751,CD,YALE-03A-0001,,J16320-4751,True,IR
binir030825.0086.fits,J16320-4751,16:32:2.18,-47:52:32.2,2003-08-26,01:09:44,2452877.54843,30.05,1.16,I,K,1358,2065,2100,IR_CD_header_logs/LOG_J16320-4751.20030802thru20031019.csv,IR_CD_header_logs/,J16320-4751,CD,YALE-03A-0001,,J16320-4751,True,IR
binir030825.0087.fits,J16320-4751,16:32:2.18,-47:52:32.1,2003-08-26,01:10:36,2452877.54904,30.04,1.16,I,K,1388,2035,2100,IR_CD_header_logs/LOG_J16320-4751.20030802thru20031019.csv,IR_CD_header_logs/,J16320-4751,CD,YALE-03A-0001,,J16320-4751,True,IR
binir030826.0044.fits,J16320-4751,16:32:2.56,-47:52:33.8,2003-08-27,00:24:42,2452878.51715,30.04,1.1,I,K,1388,2035,2100,IR_CD_header_logs/LOG_J16320-4751.20030802thru20031019.csv,IR_CD_header_logs/,J16320-4751,CD,YALE-03A-0001,,J16320-4751,True,IR
binir030826.0047.fits,J16320-4751,16:32:2.58,-47:52:32.7,2003-08-27,00:27:18,2452878.51896,30.04,1.1,I,K,1418,2005,2100,IR_CD_header_logs/LOG_J16320-4751.20030802thru20031019.csv,IR_CD_header_logs/,J16320-4751,CD,YALE-03A-0001,,J16320-4751,True,IR
binir030827.0199.fits,J16320-4751,16:32:1.40,-47:52:30.0,2003-08-28,02:26:41,2452879.60187,30.05,1.4,I,K,1358,2065,2100,IR_CD_header_logs/LOG_J16320-4751.20030802thru20031019.csv,IR_CD_header_logs/,J16320-4751,CD,YALE-03A-0001,,J16320-4751,True,IR
binir030830.0069.fits,J16320-4751,16:32:1.87,-47:52:27.6,2003-08-31,01:12:38,2452882.55045,30.04,1.21,I,K,1388,2065,2070,IR_CD_header_logs/LOG_J16320-4751.20030802thru20031019.csv,IR_CD_header_logs/,J16320-4751,CD,YALE-03A-0001,,J16320-4751,True,IR
binir030830.0062.fits,J16320-4751,16:32:1.79,-47:52:28.1,2003-08-31,01:06:30,2452882.54619,30.04,1.19,I,K,1388,2065,2070,IR_CD_header_logs/LOG_J16320-4751.20030802thru20031019.csv,IR_CD_header_logs/,J16320-4751,CD,YALE-03A-0001,,J16320-4751,True,IR
binir030830.0063.fits,J16320-4751,16:32:1.81,-47:52:27.9,2003-08-31,01:07:23,2452882.5468,30.04,1.2,I,K,1358,2035,2130,IR_CD_header_logs/LOG_J16320-4751.20030802thru20031019.csv,IR_CD_header_logs/,J16320-4751,CD,YALE-03A-0001,,J16320-4751,True,IR
binir030830.0064.fits,J16320-4751,16:32:1.79,-47:52:28.0,2003-08-31,01:08:16,2452882.54742,30.05,1.2,I,K,1418,2005,2100,IR_CD_header_logs/LOG_J16320-4751.20030802thru20031019.csv,IR_CD_header_logs/,J16320-4751,CD,YALE-03A-0001,,J16320-4751,True,IR
binir030830.0070.fits,J16320-4751,16:32:1.86,-47:52:27.7,2003-08-31,01:13:31,2452882.55106,30.05,1.21,I,K,1358,2035,2130,IR_CD_header_logs/LOG_J16320-4751.20030802thru20031019.csv,IR_CD_header_logs/,J16320-4751,CD,YALE-03A-0001,,J16320-4751,True,IR
binir030830.0066.fits,J16320-4751,16:32:1.83,-47:52:27.7,2003-08-31,01:10:01,2452882.54863,30.05,1.2,I,K,1418,2035,2070,IR_CD_header_logs/LOG_J16320-4751.20030802thru20031019.csv,IR_CD_header_logs/,J16320-4751,CD,YALE-03A-0001,,J16320-4751,True,IR
binir030830.0067.fits,J16320-4751,16:32:1.83,-47:52:27.6,2003-08-31,01:10:54,2452882.54924,30.04,1.2,I,K,1358,2065,2100,IR_CD_header_logs/LOG_J16320-4751.20030802thru20031019.csv,IR_CD_header_logs/,J16320-4751,CD,YALE-03A-0001,,J16320-4751,True,IR
binir030830.0068.fits,J16320-4751,16:32:1.84,-47:52:27.5,2003-08-31,01:11:46,2452882.54984,30.05,1.21,I,K,1388,2035,2100,IR_CD_header_logs/LOG_J16320-4751.20030802thru20031019.csv,IR_CD_header_logs/,J16320-4751,CD,YALE-03A-0001,,J16320-4751,True,IR
binir030827.0194.fits,J16320-4751,16:32:1.31,-47:52:30.1,2003-08-28,02:22:18,2452879.59883,30.05,1.38,I,K,1388,2065,2070,IR_CD_header_logs/LOG_J16320-4751.20030802thru20031019.csv,IR_CD_header_logs/,J16320-4751,CD,YALE-03A-0001,,J16320-4751,True,IR
binir030827.0201.fits,J16320-4751,16:32:1.43,-47:52:29.9,2003-08-28,02:28:25,2452879.60307,30.04,1.41,I,K,1388,2065,2070,IR_CD_header_logs/LOG_J16320-4751.20030802thru20031019.csv,IR_CD_header_logs/,J16320-4751,CD,YALE-03A-0001,,J16320-4751,True,IR
binir030827.0195.fits,J16320-4751,16:32:1.33,-47:52:30.3,2003-08-28,02:23:11,2452879.59944,30.04,1.39,I,K,1358,2035,2130,IR_CD_header_logs/LOG_J16320-4751.20030802thru20031019.csv,IR_CD_header_logs/,J16320-4751,CD,YALE-03A-0001,,J16320-4751,True,IR
binir030827.0197.fits,J16320-4751,16:32:1.37,-47:52:30.1,2003-08-28,02:24:56,2452879.60066,30.04,1.39,I,K,1388,2005,2130,IR_CD_header_logs/LOG_J16320-4751.20030802thru20031019.csv,IR_CD_header_logs/,J16320-4751,CD,YALE-03A-0001,,J16320-4751,True,IR
binir030827.0193.fits,J16320-4751,16:32:1.32,-47:52:30.7,2003-08-28,02:21:26,2452879.59822,30.05,1.38,I,K,1388,2035,2100,IR_CD_header_logs/LOG_J16320-4751.20030802thru20031019.csv,IR_CD_header_logs/,J16320-4751,CD,YALE-03A-0001,,J16320-4751,True,IR
binir030827.0196.fits,J16320-4751,16:32:1.36,-47:52:30.2,2003-08-28,02:24:04,2452879.60005,30.04,1.39,I,K,1418,2005,2100,IR_CD_header_logs/LOG_J16320-4751.20030802thru20031019.csv,IR_CD_header_logs/,J16320-4751,CD,YALE-03A-0001,,J16320-4751,True,IR
binir030827.0198.fits,J16320-4751,16:32:1.39,-47:52:29.8,2003-08-28,02:25:48,2452879.60126,30.04,1.4,I,K,1418,2035,2070,IR_CD_header_logs/LOG_J16320-4751.20030802thru20031019.csv,IR_CD_header_logs/,J16320-4751,CD,YALE-03A-0001,,J16320-4751,True,IR
binir030827.0202.fits,J16320-4751,16:32:1.44,-47:52:30.0,2003-08-28,02:29:18,2452879.60368,30.05,1.41,I,K,1358,2035,2130,IR_CD_header_logs/LOG_J16320-4751.20030802thru20031019.csv,IR_CD_header_logs/,J16320-4751,CD,YALE-03A-0001,,J16320-4751,True,IR
binir030827.0200.fits,J16320-4751,16:32:1.41,-47:52:29.9,2003-08-28,02:27:33,2452879.60247,30.05,1.4,I,K,1388,2035,2100,IR_CD_header_logs/LOG_J16320-4751.20030802thru20031019.csv,IR_CD_header_logs/,J16320-4751,CD,YALE-03A-0001,,J16320-4751,True,IR
binir030825.0088.fits,J16320-4751,16:32:2.21,-47:52:32.0,2003-08-26,01:11:28,2452877.54964,30.05,1.16,I,K,1388,2065,2070,IR_CD_header_logs/LOG_J16320-4751.20030802thru20031019.csv,IR_CD_header_logs/,J16320-4751,CD,YALE-03A-0001,,J16320-4751,True,IR
binir030824.0115.fits,J16320-4751,16:32:2.13,-47:52:37.5,2003-08-25,01:25:49,2452876.5596,30.05,1.19,V,K,1388,2065,2070,IR_CD_header_logs/LOG_J16320-4751.20030802thru20031019.csv,IR_CD_header_logs/,J16320-4751,CD,YALE-03A-0001,,J16320-4751,True,IR
binir030820.0202.fits,J16320-4751,16:32:1.75,-47:52:28.6,2003-08-21,02:27:11,2452872.60221,30.05,1.3,V,K,1418,2005,2100,IR_CD_header_logs/LOG_J16320-4751.20030802thru20031019.csv,IR_CD_header_logs/,J16320-4751,CD,YALE-03A-0001,,J16320-4751,True,IR
binir030824.0116.fits,J16320-4751,16:32:2.13,-47:52:37.5,2003-08-25,01:26:41,2452876.56021,30.05,1.19,V,K,1358,2035,2130,IR_CD_header_logs/LOG_J16320-4751.20030802thru20031019.csv,IR_CD_header_logs/,J16320-4751,CD,YALE-03A-0001,,J16320-4751,True,IR
binir030822.0144.fits,J16320-4751,16:32:2.03,-47:52:20.8,2003-08-23,02:16:07,2452874.59453,30.05,1.29,V,K,1418,2035,2070,IR_CD_header_logs/LOG_J16320-4751.20030802thru20031019.csv,IR_CD_header_logs/,J16320-4751,CD,YALE-03A-0001,,J16320-4751,True,IR
binir030822.0143.fits,J16320-4751,16:32:2.04,-47:52:21.1,2003-08-23,02:15:14,2452874.59392,30.05,1.29,V,K,1388,2005,2130,IR_CD_header_logs/LOG_J16320-4751.20030802thru20031019.csv,IR_CD_header_logs/,J16320-4751,CD,YALE-03A-0001,,J16320-4751,True,IR
binir030822.0142.fits,J16320-4751,16:32:2.05,-47:52:21.1,2003-08-23,02:14:22,2452874.59332,30.05,1.29,V,K,1418,2005,2100,IR_CD_header_logs/LOG_J16320-4751.20030802thru20031019.csv,IR_CD_header_logs/,J16320-4751,CD,YALE-03A-0001,,J16320-4751,True,IR
binir030822.0141.fits,J16320-4751,16:32:2.06,-47:52:20.5,2003-08-23,02:13:29,2452874.5927,30.05,1.28,V,K,1358,2035,2130,IR_CD_header_logs/LOG_J16320-4751.20030802thru20031019.csv,IR_CD_header_logs/,J16320-4751,CD,YALE-03A-0001,,J16320-4751,True,IR
binir030822.0140.fits,J16320-4751,16:32:2.09,-47:52:20.8,2003-08-23,02:12:36,2452874.59209,30.04,1.28,V,K,1388,2065,2070,IR_CD_header_logs/LOG_J16320-4751.20030802thru20031019.csv,IR_CD_header_logs/,J16320-4751,CD,YALE-03A-0001,,J16320-4751,True,IR
binir030822.0139.fits,J16320-4751,16:32:2.05,-47:52:19.9,2003-08-23,02:11:44,2452874.59149,30.05,1.28,V,K,1388,2035,2100,IR_CD_header_logs/LOG_J16320-4751.20030802thru20031019.csv,IR_CD_header_logs/,J16320-4751,CD,YALE-03A-0001,,J16320-4751,True,IR
binir030822.0148.fits,J16320-4751,16:32:2.00,-47:52:21.5,2003-08-23,02:19:37,2452874.59696,30.05,1.3,V,K,1358,2035,2130,IR_CD_header_logs/LOG_J16320-4751.20030802thru20031019.csv,IR_CD_header_logs/,J16320-4751,CD,YALE-03A-0001,,J16320-4751,True,IR
binir030821.0224.fits,J16320-4751,16:32:1.95,-47:52:22.8,2003-08-22,02:38:32,2452873.6101,30.04,1.35,V,K,1388,2065,2070,IR_CD_header_logs/LOG_J16320-4751.20030802thru20031019.csv,IR_CD_header_logs/,J16320-4751,CD,YALE-03A-0001,,J16320-4751,True,IR
binir030821.0227.fits,J16320-4751,16:32:1.94,-47:52:22.6,2003-08-22,02:41:10,2452873.61193,30.04,1.36,V,K,1388,2005,2130,IR_CD_header_logs/LOG_J16320-4751.20030802thru20031019.csv,IR_CD_header_logs/,J16320-4751,CD,YALE-03A-0001,,J16320-4751,True,IR
binir030821.0223.fits,J16320-4751,16:32:1.95,-47:52:22.8,2003-08-22,02:37:40,2452873.6095,30.05,1.35,V,K,1388,2035,2100,IR_CD_header_logs/LOG_J16320-4751.20030802thru20031019.csv,IR_CD_header_logs/,J16320-4751,CD,YALE-03A-0001,,J16320-4751,True,IR
binir030821.0226.fits,J16320-4751,16:32:1.93,-47:52:22.6,2003-08-22,02:40:18,2452873.61132,30.05,1.36,V,K,1418,2005,2100,IR_CD_header_logs/LOG_J16320-4751.20030802thru20031019.csv,IR_CD_header_logs/,J16320-4751,CD,YALE-03A-0001,,J16320-4751,True,IR
binir030821.0225.fits,J16320-4751,16:32:1.94,-47:52:22.8,2003-08-22,02:39:25,2452873.61072,30.04,1.36,V,K,1358,2035,2130,IR_CD_header_logs/LOG_J16320-4751.20030802thru20031019.csv,IR_CD_header_logs/,J16320-4751,CD,YALE-03A-0001,,J16320-4751,True,IR
binir030821.0228.fits,J16320-4751,16:32:1.94,-47:52:22.5,2003-08-22,02:42:03,2452873.61254,30.04,1.37,V,K,1418,2035,2070,IR_CD_header_logs/LOG_J16320-4751.20030802thru20031019.csv,IR_CD_header_logs/,J16320-4751,CD,YALE-03A-0001,,J16320-4751,True,IR
binir030821.0230.fits,J16320-4751,16:32:1.93,-47:52:22.6,2003-08-22,02:43:47,2452873.61375,30.05,1.37,V,K,1388,2035,2100,IR_CD_header_logs/LOG_J16320-4751.20030802thru20031019.csv,IR_CD_header_logs/,J16320-4751,CD,YALE-03A-0001,,J16320-4751,True,IR
binir030821.0231.fits,J16320-4751,16:32:1.97,-47:52:22.4,2003-08-22,02:44:40,2452873.61435,30.05,1.38,V,K,1388,2065,2070,IR_CD_header_logs/LOG_J16320-4751.20030802thru20031019.csv,IR_CD_header_logs/,J16320-4751,CD,YALE-03A-0001,,J16320-4751,True,IR
binir030821.0232.fits,J16320-4751,16:32:1.95,-47:52:22.4,2003-08-22,02:45:32,2452873.61496,30.04,1.38,V,K,1358,2035,2130,IR_CD_header_logs/LOG_J16320-4751.20030802thru20031019.csv,IR_CD_header_logs/,J16320-4751,CD,YALE-03A-0001,,J16320-4751,True,IR
binir030821.0229.fits,J16320-4751,16:32:1.93,-47:52:22.5,2003-08-22,02:42:55,2452873.61315,30.05,1.37,V,K,1358,2065,2100,IR_CD_header_logs/LOG_J16320-4751.20030802thru20031019.csv,IR_CD_header_logs/,J16320-4751,CD,YALE-03A-0001,,J16320-4751,True,IR
binir030822.0145.fits,J16320-4751,16:32:2.01,-47:52:21.1,2003-08-23,02:17:00,2452874.59514,30.04,1.3,V,K,1358,2065,2100,IR_CD_header_logs/LOG_J16320-4751.20030802thru20031019.csv,IR_CD_header_logs/,J16320-4751,CD,YALE-03A-0001,,J16320-4751,True,IR
binir030822.0146.fits,J16320-4751,16:32:1.99,-47:52:20.9,2003-08-23,02:17:52,2452874.59574,30.04,1.3,V,K,1388,2035,2100,IR_CD_header_logs/LOG_J16320-4751.20030802thru20031019.csv,IR_CD_header_logs/,J16320-4751,CD,YALE-03A-0001,,J16320-4751,True,IR
binir030822.0147.fits,J16320-4751,16:32:1.98,-47:52:20.9,2003-08-23,02:18:44,2452874.59634,30.05,1.3,V,K,1388,2065,2070,IR_CD_header_logs/LOG_J16320-4751.20030802thru20031019.csv,IR_CD_header_logs/,J16320-4751,CD,YALE-03A-0001,,J16320-4751,True,IR
binir030823.0107.fits,J16320-4751,16:32:2.22,-47:52:30.3,2003-08-24,02:25:22,2452875.60096,30.04,1.34,V,K,1388,2005,2130,IR_CD_header_logs/LOG_J16320-4751.20030802thru20031019.csv,IR_CD_header_logs/,J16320-4751,CD,YALE-03A-0001,,J16320-4751,True,IR
binir030824.0117.fits,J16320-4751,16:32:2.15,-47:52:37.3,2003-08-25,01:27:34,2452876.56082,30.04,1.19,V,K,1418,2005,2100,IR_CD_header_logs/LOG_J16320-4751.20030802thru20031019.csv,IR_CD_header_logs/,J16320-4751,CD,YALE-03A-0001,,J16320-4751,True,IR
binir030824.0118.fits,J16320-4751,16:32:2.14,-47:52:37.2,2003-08-25,01:28:26,2452876.56142,30.04,1.19,V,K,1388,2005,2130,IR_CD_header_logs/LOG_J16320-4751.20030802thru20031019.csv,IR_CD_header_logs/,J16320-4751,CD,YALE-03A-0001,,J16320-4751,True,IR
binir030824.0119.fits,J16320-4751,16:32:2.12,-47:52:37.2,2003-08-25,01:29:19,2452876.56203,30.04,1.19,V,K,1418,2035,2070,IR_CD_header_logs/LOG_J16320-4751.20030802thru20031019.csv,IR_CD_header_logs/,J16320-4751,CD,YALE-03A-0001,,J16320-4751,True,IR
binir030824.0122.fits,J16320-4751,16:32:2.15,-47:52:37.1,2003-08-25,01:31:56,2452876.56385,30.04,1.2,V,K,1388,2065,2070,IR_CD_header_logs/LOG_J16320-4751.20030802thru20031019.csv,IR_CD_header_logs/,J16320-4751,CD,YALE-03A-0001,,J16320-4751,True,IR
binir030824.0123.fits,J16320-4751,16:32:2.17,-47:52:36.9,2003-08-25,01:32:49,2452876.56446,30.04,1.2,V,K,1358,2035,2130,IR_CD_header_logs/LOG_J16320-4751.20030802thru20031019.csv,IR_CD_header_logs/,J16320-4751,CD,YALE-03A-0001,,J16320-4751,True,IR
binir030824.0120.fits,J16320-4751,16:32:2.16,-47:52:36.9,2003-08-25,01:30:12,2452876.56265,30.04,1.19,V,K,1358,2065,2100,IR_CD_header_logs/LOG_J16320-4751.20030802thru20031019.csv,IR_CD_header_logs/,J16320-4751,CD,YALE-03A-0001,,J16320-4751,True,IR
binir030824.0121.fits,J16320-4751,16:32:2.15,-47:52:37.0,2003-08-25,01:31:04,2452876.56325,30.05,1.2,V,K,1388,2035,2100,IR_CD_header_logs/LOG_J16320-4751.20030802thru20031019.csv,IR_CD_header_logs/,J16320-4751,CD,YALE-03A-0001,,J16320-4751,True,IR
binir030823.0112.fits,J16320-4751,16:32:2.20,-47:52:30.4,2003-08-24,02:29:45,2452875.604,30.05,1.35,V,K,1358,2035,2130,IR_CD_header_logs/LOG_J16320-4751.20030802thru20031019.csv,IR_CD_header_logs/,J16320-4751,CD,YALE-03A-0001,,J16320-4751,True,IR
binir030823.0111.fits,J16320-4751,16:32:2.22,-47:52:30.4,2003-08-24,02:28:52,2452875.60339,30.04,1.35,V,K,1388,2065,2070,IR_CD_header_logs/LOG_J16320-4751.20030802thru20031019.csv,IR_CD_header_logs/,J16320-4751,CD,YALE-03A-0001,,J16320-4751,True,IR
binir030823.0103.fits,J16320-4751,16:32:2.27,-47:52:29.6,2003-08-24,02:21:53,2452875.59853,30.04,1.32,V,K,1388,2035,2100,IR_CD_header_logs/LOG_J16320-4751.20030802thru20031019.csv,IR_CD_header_logs/,J16320-4751,CD,YALE-03A-0001,,J16320-4751,True,IR
binir030823.0105.fits,J16320-4751,16:32:2.25,-47:52:30.0,2003-08-24,02:23:38,2452875.59975,30.05,1.33,V,K,1358,2035,2130,IR_CD_header_logs/LOG_J16320-4751.20030802thru20031019.csv,IR_CD_header_logs/,J16320-4751,CD,YALE-03A-0001,,J16320-4751,True,IR
binir030823.0106.fits,J16320-4751,16:32:2.23,-47:52:30.2,2003-08-24,02:24:30,2452875.60036,30.04,1.33,V,K,1418,2005,2100,IR_CD_header_logs/LOG_J16320-4751.20030802thru20031019.csv,IR_CD_header_logs/,J16320-4751,CD,YALE-03A-0001,,J16320-4751,True,IR
binir030823.0104.fits,J16320-4751,16:32:2.27,-47:52:30.2,2003-08-24,02:22:45,2452875.59913,30.04,1.33,V,K,1388,2065,2070,IR_CD_header_logs/LOG_J16320-4751.20030802thru20031019.csv,IR_CD_header_logs/,J16320-4751,CD,YALE-03A-0001,,J16320-4751,True,IR
binir030823.0108.fits,J16320-4751,16:32:2.23,-47:52:30.4,2003-08-24,02:26:15,2452875.60157,30.05,1.34,V,K,1418,2035,2070,IR_CD_header_logs/LOG_J16320-4751.20030802thru20031019.csv,IR_CD_header_logs/,J16320-4751,CD,YALE-03A-0001,,J16320-4751,True,IR
binir030823.0109.fits,J16320-4751,16:32:2.23,-47:52:30.3,2003-08-24,02:27:08,2452875.60218,30.05,1.34,V,K,1358,2065,2100,IR_CD_header_logs/LOG_J16320-4751.20030802thru20031019.csv,IR_CD_header_logs/,J16320-4751,CD,YALE-03A-0001,,J16320-4751,True,IR
binir030823.0110.fits,J16320-4751,16:32:2.21,-47:52:30.4,2003-08-24,02:28:00,2452875.60279,30.04,1.34,V,K,1388,2035,2100,IR_CD_header_logs/LOG_J16320-4751.20030802thru20031019.csv,IR_CD_header_logs/,J16320-4751,CD,YALE-03A-0001,,J16320-4751,True,IR
