filename,OBJECT,RA,DEC,DATE-OBS,TIME-OBS,JD,EXPTIME,SECZ,CCDFLTID,IRFLTID,TILT1,TILT2,TILT3,log name,Location,prop name help,Physical loc,OWNER,full path,proper name,xrb,source
rccd030817.0056.fits,J1628-41,16:28:47.29,-41:52:37.8,2003-08-18,01:27:30,2452869.56077,300.0,1.12,V,J,1388.0,2035.0,2100.0,other/LOG_temp_archive_2_2.csv,miniarchive,temp_archive_2_2,Disk,YALE-03A-0001,,J1628-41,True,optical
rccd030818.0087.fits,J1628-41,16:28:47.28,-41:52:38.3,2003-08-19,02:17:53,2452870.59576,300.0,1.25,V,J,1388.0,2035.0,2100.0,other/LOG_temp_archive_2_2.csv,miniarchive,temp_archive_2_2,Disk,YALE-03A-0001,,J1628-41,True,optical
rccd030815.0070.fits,J1628-41,16:28:47.30,-41:52:38.4,2003-08-16,02:49:39,2452867.61782,300.0,1.31,V,J,1388.0,2035.0,2100.0,other/LOG_temp_archive_2_2.csv,miniarchive,temp_archive_2_2,Disk,YALE-03A-0001,,J1628-41,True,optical
rccd030816.0103.fits,J1628-41,16:28:46.98,-41:52:38.3,2003-08-17,02:22:14,2452868.59877,300.0,1.24,V,J,1388.0,2035.0,2100.0,other/LOG_temp_archive_2_2.csv,miniarchive,temp_archive_2_2,Disk,YALE-03A-0001,,J1628-41,True,optical
rccd030820.0075.fits,J1628-41,16:28:47.27,-41:52:38.3,2003-08-21,02:17:24,2452872.59542,300.0,1.27,V,J,1388.0,2035.0,2100.0,other/LOG_temp_archive_2_2.csv,miniarchive,temp_archive_2_2,Disk,YALE-03A-0001,,J1628-41,True,optical
rccd030821.0080.fits,J1628-41,16:28:46.81,-41:52:50.7,2003-08-22,02:29:50,2452873.60406,300.0,1.33,V,J,1388.0,2035.0,2100.0,other/LOG_temp_archive_2_2.csv,miniarchive,temp_archive_2_2,Disk,YALE-03A-0001,,J1628-41,True,optical
rccd030819.0095.fits,J1628-41,16:28:47.27,-41:52:37.6,2003-08-20,02:23:53,2452871.59992,300.0,1.28,V,J,1388.0,2035.0,2100.0,other/LOG_temp_archive_2_2.csv,miniarchive,temp_archive_2_2,Disk,YALE-03A-0001,,J1628-41,True,optical
rccd030813.0085.fits,J1628-41,16:28:47.27,-41:52:37.3,2003-08-14,03:18:46,2452865.63803,300.0,1.4,V,J,1388.0,2035.0,2100.0,other/LOG_temp_archive_2_2.csv,miniarchive,temp_archive_2_2,Disk,YALE-03A-0001,,J1628-41,True,optical
rccd030814.0084.fits,J1628-41,16:28:47.27,-41:52:38.1,2003-08-15,02:33:19,2452866.60648,300.0,1.25,V,J,1388.0,2035.0,2100.0,other/LOG_temp_archive_2_2.csv,miniarchive,temp_archive_2_2,Disk,YALE-03A-0001,,J1628-41,True,optical
rccd030809.0006.fits,J1628-41,16:28:47.29,-41:52:38.3,2003-08-10,00:19:25,2452861.51349,300.0,1.02,V,J,1388.0,2035.0,2100.0,other/LOG_temp_archive_2_2.csv,miniarchive,temp_archive_2_2,Disk,YAL2-03A-0001,,J1628-41,True,optical
rccd030902.0069.fits,J1628-41,16:28:47.25,-41:52:38.3,2003-09-03,02:38:18,2452885.60994,300.0,1.6,V,J,1388.0,2035.0,2100.0,other/LOG_temp_archive_2_2.csv,miniarchive,temp_archive_2_2,Disk,YALE-03A-0001,,J1628-41,True,optical
rccd030905.0052.fits,J1628-41,16:28:47.22,-41:52:37.1,2003-09-06,02:20:51,2452888.59782,300.0,1.57,V,J,1388.0,2035.0,2100.0,other/LOG_temp_archive_2_2.csv,miniarchive,temp_archive_2_2,Disk,YALE-03A-0001,,J1628-41,True,optical
rccd030831.0034.fits,J1628-41,16:28:47.25,-41:52:38.1,2003-09-01,03:03:29,2452883.62742,300.0,1.73,V,J,1388.0,2035.0,2100.0,other/LOG_temp_archive_2_2.csv,miniarchive,temp_archive_2_2,Disk,YALE-03A-0001,,J1628-41,True,optical
rccd030830.0011.fits,J1628-41,16:28:47.34,-41:52:38.2,2003-08-31,00:31:53,2452882.52214,300.0,1.11,V,J,1388.0,2035.0,2100.0,other/LOG_temp_archive_2_2.csv,miniarchive,temp_archive_2_2,Disk,YALE-03A-0001,,J1628-41,True,optical
rccd030909.0034.fits,J1628-41,16:28:47.25,-41:52:38.0,2003-09-10,01:54:09,2452892.57928,300.0,1.51,V,J,1388.0,2035.0,2100.0,other/LOG_temp_archive_2_2.csv,miniarchive,temp_archive_2_2,Disk,YALE-03A-0001,,J1628-41,True,optical
rccd030910.0041.fits,J1628-41,16:28:47.27,-41:52:38.2,2003-09-11,01:31:05,2452893.56326,300.0,1.41,V,J,1388.0,2035.0,2100.0,other/LOG_temp_archive_2_2.csv,miniarchive,temp_archive_2_2,Disk,YALE-03A-0001,,J1628-41,True,optical
rccd030908.0033.fits,J1628-41,16:28:47.25,-41:52:47.0,2003-09-09,01:56:14,2452891.58072,300.0,1.5,V,J,1388.0,2035.0,2100.0,other/LOG_temp_archive_2_2.csv,miniarchive,temp_archive_2_2,Disk,YALE-03A-0001,,J1628-41,True,optical
rccd030907.0033.fits,J1628-41,16:28:47.34,-41:52:52.9,2003-09-08,01:49:06,2452890.57577,300.0,1.44,V,J,1388.0,2035.0,2100.0,other/LOG_temp_archive_2_2.csv,miniarchive,temp_archive_2_2,Disk,YALE-03A-0001,,J1628-41,True,optical
rccd030827.0047.fits,J1628-41,16:28:47.29,-41:52:38.2,2003-08-28,01:59:12,2452879.58278,300.0,1.3,V,J,1388.0,2035.0,2100.0,other/LOG_temp_archive_2_2.csv,miniarchive,temp_archive_2_2,Disk,YALE-03A-0001,,J1628-41,True,optical
rccd030823.0019.fits,J1628-41,16:28:47.57,-41:52:45.7,2003-08-24,02:13:53,2452875.59298,300.0,1.3,V,J,1388.0,2035.0,2100.0,other/LOG_temp_archive_2_2.csv,miniarchive,temp_archive_2_2,Disk,YALE-03A-0001,,J1628-41,True,optical
rccd030822.0048.fits,J1628-41,16:28:46.82,-41:52:47.0,2003-08-23,02:03:48,2452874.58598,300.0,1.25,V,J,1388.0,2035.0,2100.0,other/LOG_temp_archive_2_2.csv,miniarchive,temp_archive_2_2,Disk,YALE-03A-0001,,J1628-41,True,optical
rccd030825.0013.fits,J1628-41,16:28:47.52,-41:52:48.2,2003-08-26,00:49:01,2452877.53405,300.0,1.11,V,J,1388.0,2035.0,2100.0,other/LOG_temp_archive_2_2.csv,miniarchive,temp_archive_2_2,Disk,YALE-03A-0001,,J1628-41,True,optical
rccd030826.0009.fits,J1628-41,16:28:47.56,-41:52:49.4,2003-08-27,00:01:56,2452878.50134,300.0,1.05,V,J,1388.0,2035.0,2100.0,other/LOG_temp_archive_2_2.csv,miniarchive,temp_archive_2_2,Disk,YALE-03A-0001,,J1628-41,True,optical
rccd030824.0023.fits,J1628-41,16:28:47.18,-41:52:56.1,2003-08-25,01:15:51,2452876.55268,300.0,1.15,V,J,1388.0,2035.0,2100.0,other/LOG_temp_archive_2_2.csv,miniarchive,temp_archive_2_2,Disk,YALE-03A-0001,,J1628-41,True,optical
rccd030925.0007.fits,J1628-41,16:28:47.27,-41:52:38.2,2003-09-26,00:24:36,2452908.51709,300.0,1.38,V,J,1388.0,2045.0,2090.0,other/LOG_temp_archive_2_2.csv,miniarchive,temp_archive_2_2,Disk,YALE-03A-0001,,J1628-41,True,optical
rccd030927.0015.fits,J1628-41,16:28:47.29,-41:52:38.4,2003-09-28,00:12:10,2452910.50846,300.0,1.36,V,J,1388.0,2045.0,2090.0,other/LOG_temp_archive_2_2.csv,miniarchive,temp_archive_2_2,Disk,YALE-03A-0001,,J1628-41,True,optical
rccd031002.0037.fits,J1628-41,16:28:47.52,-41:52:38.3,2003-10-03,00:13:21,2452915.50927,300.0,1.45,V,J,1388.0,2045.0,2090.0,other/LOG_temp_archive_2_2.csv,miniarchive,temp_archive_2_2,Disk,YALE-03A-0001,,J1628-41,True,optical
rccd031003.0037.fits,J1628-41,16:28:47.30,-41:52:37.8,2003-10-04,00:11:41,2452916.50812,300.0,1.46,V,J,1388.0,2045.0,2090.0,other/LOG_temp_archive_2_2.csv,miniarchive,temp_archive_2_2,Disk,YALE-03A-0001,,J1628-41,True,optical
rccd031004.0032.fits,J1628-41,16:28:47.91,-41:52:46.7,2003-10-05,00:37:30,2452917.52604,300.0,1.64,V,J,1388.0,2035.0,2100.0,other/LOG_temp_archive_2_2.csv,miniarchive,temp_archive_2_2,Disk,YALE-03A-0001,,J1628-41,True,optical
rccd031005.0025.fits,J1628-41,16:28:47.82,-41:52:54.6,2003-10-05,23:55:00,2452918.49653,300.0,1.42,V,J,1388.0,2035.0,2100.0,other/LOG_temp_archive_2_2.csv,miniarchive,temp_archive_2_2,Disk,YALE-03A-0001,,J1628-41,True,optical
rccd030929.0038.fits,J1628-41,16:28:47.26,-41:52:38.4,2003-09-30,00:09:10,2452912.50637,300.0,1.38,V,J,1388.0,2045.0,2090.0,other/LOG_temp_archive_2_2.csv,miniarchive,temp_archive_2_2,Disk,YALE-03A-0001,,J1628-41,True,optical
rccd030912.0034.fits,J1628-41,16:28:47.28,-41:52:38.2,2003-09-13,01:23:02,2452895.55767,300.0,1.41,V,J,1388.0,2035.0,2100.0,other/LOG_temp_archive_2_2.csv,miniarchive,temp_archive_2_2,Disk,YALE-03A-0001,,J1628-41,True,optical
rccd030913.0036.fits,J1628-41,16:28:47.26,-41:52:38.6,2003-09-14,02:28:39,2452896.60324,300.0,1.87,V,J,1388.0,2035.0,2100.0,other/LOG_temp_archive_2_2.csv,miniarchive,temp_archive_2_2,Disk,YALE-03A-0001,,J1628-41,True,optical
rccd030914.0021.fits,J1628-41,16:28:47.27,-41:52:38.6,2003-09-15,00:41:58,2452897.52914,300.0,1.28,V,J,1388.0,2035.0,2100.0,other/LOG_temp_archive_2_2.csv,miniarchive,temp_archive_2_2,Disk,YALE-03A-0001,,J1628-41,True,optical
rccd030911.0042.fits,J1628-41,16:28:47.24,-41:52:38.7,2003-09-12,01:58:34,2452894.58234,300.0,1.58,V,J,1388.0,2035.0,2100.0,other/LOG_temp_archive_2_2.csv,miniarchive,temp_archive_2_2,Disk,YALE-03A-0001,,J1628-41,True,optical
rccd030919.0007.fits,J1628-41,16:28:47.18,-41:52:56.9,2003-09-20,01:00:21,2452902.54192,300.0,1.43,V,J,1388.0,2035.0,2100.0,other/LOG_temp_archive_2_2.csv,miniarchive,temp_archive_2_2,Disk,YALE-03A-0001,,J1628-41,True,optical
rccd030921.0004.fits,J1628-41,16:28:47.41,-41:52:41.8,2003-09-21,23:36:35,2452904.48375,300.0,1.17,V,J,1388.0,2035.0,2100.0,other/LOG_temp_archive_2_2.csv,miniarchive,temp_archive_2_2,Disk,YALE-03A-0001,,J1628-41,True,optical
rccd030915.0007.fits,J1628-41,16:28:47.27,-41:52:38.3,2003-09-16,00:11:05,2452898.5077,300.0,1.2,V,J,1388.0,2035.0,2100.0,other/LOG_temp_archive_2_2.csv,miniarchive,temp_archive_2_2,Disk,YALE-03A-0001,,J1628-41,True,optical
rccd030804.0028.fits,J1628-41,16:28:47.29,-41:52:38.4,2003-08-05,01:31:02,2452856.56322,300.0,1.06,V,J,1388.0,2035.0,2100.0,other/LOG_temp_archive_2_2.csv,miniarchive,temp_archive_2_2,Disk,YALE-03A-0001,,J1628-41,True,optical
rccd030725.0013.fits,J1628-41,16:28:47.65,-41:52:35.7,2003-07-26,00:55:42,2452846.53868,300.0,1.02,V,J,1732.0,2137.0,2430.0,other/LOG_temp_archive_2_2.csv,miniarchive,temp_archive_2_2,Disk,YALE-03A-0001,,J1628-41,True,optical
rccd030801.0081.fits,J1628-41,16:28:47.28,-41:52:38.4,2003-08-02,03:39:29,2452853.65243,300.0,1.29,V,J,1388.0,2035.0,2100.0,other/LOG_temp_archive_2_2.csv,miniarchive,temp_archive_2_2,Disk,YALE-03A-0001,,J1628-41,True,optical
rccd030719.0087.fits,J1628-41,16:28:47.29,-41:52:38.4,2003-07-20,03:05:19,2452840.62869,300.0,1.09,V,J,1732.0,2137.0,2430.0,other/LOG_temp_archive_2_2.csv,miniarchive,temp_archive_2_2,Disk,YALE-03A-0001,,J1628-41,True,optical
rccd030722.0009.fits,J1628-41,16:28:47.45,-42:52:38.8,2003-07-23,00:11:54,2452843.50827,300.0,1.05,V,J,1732.0,2137.0,2430.0,other/LOG_temp_archive_2_2.csv,miniarchive,temp_archive_2_2,Disk,YALE-03A-0001,,J1628-41,True,optical
rccd030723.0013.fits,J1628-41,16:28:47.29,-41:52:38.5,2003-07-24,00:27:26,2452844.51905,300.0,1.03,V,J,1732.0,2137.0,2430.0,other/LOG_temp_archive_2_2.csv,miniarchive,temp_archive_2_2,Disk,YALE-03A-0001,,J1628-41,True,optical
rccd030802.0092.fits,J1628-41,16:28:47.27,-41:52:38.1,2003-08-03,03:46:35,2452854.65736,300.0,1.33,V,J,1388.0,2035.0,2100.0,other/LOG_temp_archive_2_2.csv,miniarchive,temp_archive_2_2,Disk,YALE-03A-0001,,J1628-41,True,optical
rccd030803.0016.fits,J1628-41,16:28:47.29,-41:52:38.5,2003-08-04,01:07:10,2452855.54665,300.0,1.03,V,J,1388.0,2035.0,2100.0,other/LOG_temp_archive_2_2.csv,miniarchive,temp_archive_2_2,Disk,YALE-03A-0001,,J1628-41,True,optical
rccd030717.0007.fits,J1628-41,16:28:47.28,-41:52:38.8,2003-07-17,23:41:58,2452838.48748,300.0,1.1,V,J,1732.0,2137.0,2430.0,other/LOG_temp_archive_2_2.csv,miniarchive,temp_archive_2_2,Disk,YALE-03A-0001,,J1628-41,True,optical
rccd030628.0016.fits,J1628-41,16:28:47.28,-41:52:38.3,2003-06-29,00:38:23,2452819.52666,300.0,1.13,V,J,1732.0,2137.0,2430.0,other/LOG_temp_archive_2_2.csv,miniarchive,temp_archive_2_2,Disk,YALE-03A-0001,,J1628-41,True,optical
rccd030629.0018.fits,J1628-41,16:28:47.29,-41:52:38.7,2003-06-30,00:28:54,2452820.52008,300.0,1.14,V,J,1732.0,2137.0,2430.0,other/LOG_temp_archive_2_2.csv,miniarchive,temp_archive_2_2,Disk,YALE-03A-0001,,J1628-41,True,optical
rccd030630.0025.fits,J1628-41,16:28:47.30,-41:52:39.0,2003-07-01,01:36:45,2452821.56719,300.0,1.05,V,J,1732.0,2137.0,2430.0,other/LOG_temp_archive_2_2.csv,miniarchive,temp_archive_2_2,Disk,YALE-03A-0001,,J1628-41,True,optical
rccd030705.0021.fits,J1628-41,16:28:47.42,-41:52:38.9,2003-07-06,02:18:10,2452826.59595,300.0,1.02,V,J,1732.0,2137.0,2430.0,other/LOG_temp_archive_2_2.csv,miniarchive,temp_archive_2_2,Disk,YALE-03A-0001,,J1628-41,True,optical
rccd030624.0047.fits,J1628-41,16:28:47.28,-41:52:38.2,2003-06-25,01:02:52,2452815.54366,300.0,1.12,V,J,1732.0,2137.0,2430.0,other/LOG_temp_archive_2_2.csv,miniarchive,temp_archive_2_2,Disk,YALE-03A-0001,,J1628-41,True,optical
rccd030624.0137.fits,J1628-41,16:28:47.24,-41:52:38.3,2003-06-25,06:46:08,2452815.78204,300.0,1.45,V,J,1732.0,2137.0,2430.0,other/LOG_temp_archive_2_2.csv,miniarchive,temp_archive_2_2,Disk,YALE-03A-0001,,J1628-41,True,optical
rccd030625.0034.fits,J1628-41,16:28:47.25,-41:52:39.2,2003-06-26,00:13:56,2452816.50968,300.0,1.22,V,J,1732.0,2137.0,2430.0,other/LOG_temp_archive_2_2.csv,miniarchive,temp_archive_2_2,Disk,YALE-03A-0001,,J1628-41,True,optical
rccd030627.0021.fits,J1628-41,16:28:47.27,-41:52:38.6,2003-06-28,00:30:19,2452818.52106,300.0,1.16,V,J,1732.0,2137.0,2430.0,other/LOG_temp_archive_2_2.csv,miniarchive,temp_archive_2_2,Disk,YALE-03A-0001,,J1628-41,True,optical
rccd030626.0014.fits,J1628-41,16:28:45.90,-41:52:38.8,2003-06-27,00:21:05,2452817.51465,300.0,1.19,V,J,1732.0,2137.0,2430.0,other/LOG_temp_archive_2_2.csv,miniarchive,temp_archive_2_2,Disk,YALE-03A-0001,,J1628-41,True,optical
rccd030627.0063.fits,J1628-41,16:28:47.26,-41:52:38.8,2003-06-28,06:57:06,2452818.78966,300.0,1.57,V,J,1732.0,2137.0,2430.0,other/LOG_temp_archive_2_2.csv,miniarchive,temp_archive_2_2,Disk,YALE-03A-0001,,J1628-41,True,optical
rccd030708.0032.fits,J1628-41,16:28:47.31,-41:52:37.9,2003-07-09,03:19:34,2452829.6386,300.0,1.06,V,J,1732.0,2137.0,2430.0,other/LOG_temp_archive_2_2.csv,miniarchive,temp_archive_2_2,Disk,YALE-03A-0001,,J1628-41,True,optical
rccd030714.0003.fits,J1628-41,16:28:47.11,-41:52:34.8,2003-07-14,23:07:30,2452835.46355,300.0,1.2,V,J,1732.0,2137.0,2430.0,other/LOG_temp_archive_2_2.csv,miniarchive,temp_archive_2_2,Disk,YALE-03A-0001,,J1628-41,True,optical
rccd030713.0003.fits,J1628-41,16:28:46.56,-41:52:37.0,2003-07-13,23:04:20,2452834.46135,300.0,1.21,V,J,1732.0,2137.0,2430.0,other/LOG_temp_archive_2_2.csv,miniarchive,temp_archive_2_2,Disk,YALE-03A-0001,,J1628-41,True,optical
rccd030712.0033.fits,J1628-41,16:28:47.02,-41:52:35.7,2003-07-13,02:14:01,2452833.59307,300.0,1.03,V,J,1732.0,2137.0,2430.0,other/LOG_temp_archive_2_2.csv,miniarchive,temp_archive_2_2,Disk,YALE-03A-0001,,J1628-41,True,optical
rccd030715.0025.fits,J1628-41,16:28:47.60,-41:52:36.5,2003-07-16,01:11:20,2452836.54955,300.0,1.03,V,J,1732.0,2137.0,2430.0,other/LOG_temp_archive_2_2.csv,miniarchive,temp_archive_2_2,Disk,YALE-03A-0001,,J1628-41,True,optical
rccd030716.0004.fits,J1628-41,16:28:48.11,-41:52:51.0,2003-07-16,23:59:32,2452837.49969,300.0,1.08,V,J,1732.0,2137.0,2430.0,other/LOG_temp_archive_2_2.csv,miniarchive,temp_archive_2_2,Disk,YALE-03A-0001,,J1628-41,True,optical
rccd030712.0048.fits,J1628-41,16:28:46.88,-41:52:37.0,2003-07-13,04:57:01,2452833.70626,300.0,1.29,V,J,1732.0,2137.0,2430.0,other/LOG_temp_archive_2_2.csv,miniarchive,temp_archive_2_2,Disk,YALE-03A-0001,,J1628-41,True,optical
rccd030709.0057.fits,J1628-41,16:28:47.30,-41:52:38.5,2003-07-10,03:19:41,2452830.63868,300.0,1.06,V,J,1732.0,2137.0,2430.0,other/LOG_temp_archive_2_2.csv,miniarchive,temp_archive_2_2,Disk,YALE-03A-0001,,J1628-41,True,optical
rccd030711.0030.fits,J1628-41,16:28:47.39,-41:52:25.5,2003-07-12,02:42:13,2452832.61266,300.0,1.04,V,J,1732.0,2137.0,2430.0,other/LOG_temp_archive_2_2.csv,miniarchive,temp_archive_2_2,Disk,YALE-03A-0001,,J1628-41,True,optical
rccd030710.0021.fits,J1628-41,16:28:47.28,-41:52:38.5,2003-07-11,00:53:49,2452831.53738,300.0,1.05,V,J,1732.0,2137.0,2430.0,other/LOG_temp_archive_2_2.csv,miniarchive,temp_archive_2_2,Disk,YALE-03A-0001,,J1628-41,True,optical
rccd030710.0033.fits,J1628-41,16:28:47.50,-41:52:25.1,2003-07-11,03:09:24,2452831.63154,300.0,1.06,V,J,1732.0,2137.0,2430.0,other/LOG_temp_archive_2_2.csv,miniarchive,temp_archive_2_2,Disk,YALE-03A-0001,,J1628-41,True,optical
rccd030711.0038.fits,J1628-41,16:28:47.59,-41:52:43.0,2003-07-12,03:54:57,2452832.66316,300.0,1.12,V,J,1732.0,2137.0,2430.0,other/LOG_temp_archive_2_2.csv,miniarchive,temp_archive_2_2,Disk,YALE-03A-0001,,J1628-41,True,optical
rccd030620.0026.fits,J1628-41,16:28:47.30,-41:52:38.4,2003-06-21,01:26:45,2452811.56025,300.0,1.1,V,J,1732.0,2137.0,2430.0,other/LOG_temp_archive_2_2.csv,miniarchive,temp_archive_2_2,Disk,YALE-03A-0001,,J1628-41,True,optical
rccd030621.0071.fits,J1628-41,16:28:47.30,-41:52:38.4,2003-06-22,03:11:16,2452812.63282,300.0,1.02,V,J,1732.0,2137.0,2430.0,other/LOG_temp_archive_2_2.csv,miniarchive,temp_archive_2_2,Disk,YALE-03A-0001,,J1628-41,True,optical
rccd030622.0007.fits,J1628-41,16:28:47.27,-41:52:38.7,2003-06-22,23:32:28,2452813.48088,300.0,1.41,V,J,1732.0,2137.0,2430.0,other/LOG_temp_archive_2_2.csv,miniarchive,temp_archive_2_2,Disk,YALE-03A-0001,,J1628-41,True,optical
rccd030623.0007.fits,J1628-41,16:28:47.24,-41:52:38.8,2003-06-23,23:37:42,2452814.48452,300.0,1.37,V,J,1732.0,2137.0,2430.0,other/LOG_temp_archive_2_2.csv,miniarchive,temp_archive_2_2,Disk,YALE-03A-0001,,J1628-41,True,optical
rccd030617.0027.fits,J1628-41,16:28:47.29,-41:52:38.4,2003-06-18,04:24:16,2452808.68352,300.0,1.04,V,J,1732.0,2137.0,2430.0,other/LOG_temp_archive_2_2.csv,miniarchive,temp_archive_2_2,Disk,YALE-03A-0001,,J1628-41,True,optical
rccd030618.0092.fits,J1628-41,16:28:47.30,-41:52:38.5,2003-06-19,04:36:58,2452809.69234,300.0,1.06,V,J,1732.0,2137.0,2430.0,other/LOG_temp_archive_2_2.csv,miniarchive,temp_archive_2_2,Disk,YALE-03A-0001,,J1628-41,True,optical
rccd030619.0039.fits,J1628-41,16:28:47.25,-41:52:38.5,2003-06-20,01:23:18,2452810.55786,300.0,1.12,V,J,1732.0,2137.0,2430.0,other/LOG_temp_archive_2_2.csv,miniarchive,temp_archive_2_2,Disk,YALE-03A-0001,,J1628-41,True,optical
rccd040227.0192.fits,J1628-41,16:28:47.21,-41:52:37.6,2004-02-28,07:50:16,2453063.82657,300.0,1.24,I,K,1388.0,2035.0,2100.0,other/LOG_temp_archive_2_2.csv,miniarchive,temp_archive_2_2,Disk,YALE-03A-0001,,J1628-41,True,optical
rccd040227.0191.fits,J1628-41,16:28:47.26,-41:52:38.9,2004-02-28,07:44:06,2453063.82229,300.0,1.26,V,J,1388.0,2035.0,2100.0,other/LOG_temp_archive_2_2.csv,miniarchive,temp_archive_2_2,Disk,YALE-03A-0001,,J1628-41,True,optical
rccd040228.0179.fits,J1628-41,16:28:47.22,-41:52:38.7,2004-02-29,07:35:46,2453064.81651,300.0,1.27,V,J,1388.0,2035.0,2100.0,other/LOG_temp_archive_2_2.csv,miniarchive,temp_archive_2_2,Disk,YALE-03A-0001,,J1628-41,True,optical
rccd040228.0180.fits,J1628-41,16:28:47.25,-41:52:38.2,2004-02-29,07:41:57,2453064.8208,300.0,1.26,I,K,1388.0,2035.0,2100.0,other/LOG_temp_archive_2_2.csv,miniarchive,temp_archive_2_2,Disk,YALE-03A-0001,,J1628-41,True,optical
rccd040229.0155.fits,J1628-41,16:28:47.26,-41:52:37.1,2004-03-01,07:49:53,2453065.82631,300.0,1.22,I,K,1388.0,2035.0,2100.0,other/LOG_temp_archive_2_2.csv,miniarchive,temp_archive_2_2,Disk,YALE-03A-0001,,J1628-41,True,optical
rccd040229.0154.fits,J1628-41,16:28:47.27,-41:52:38.7,2004-03-01,07:43:43,2453065.82204,300.0,1.24,V,J,1388.0,2035.0,2100.0,other/LOG_temp_archive_2_2.csv,miniarchive,temp_archive_2_2,Disk,YALE-03A-0001,,J1628-41,True,optical
rccd040301.0171.fits,J1628-41,16:28:47.22,-41:52:38.6,2004-03-02,07:13:42,2453066.80119,300.0,1.32,V,J,1388.0,2035.0,2100.0,other/LOG_temp_archive_2_2.csv,miniarchive,temp_archive_2_2,Disk,YALE-03A-0001,,J1628-41,True,optical
rccd040301.0172.fits,J1628-41,16:28:47.03,-41:52:37.8,2004-03-02,07:19:52,2453066.80547,300.0,1.3,I,K,1388.0,2035.0,2100.0,other/LOG_temp_archive_2_2.csv,miniarchive,temp_archive_2_2,Disk,YALE-03A-0001,,J1628-41,True,optical
rccd040224.0156.fits,J1628-41,16:28:46.36,-41:52:48.1,2004-02-25,07:48:50,2453060.82558,300.0,1.28,I,K,1388.0,2035.0,2100.0,other/LOG_temp_archive_2_2.csv,miniarchive,temp_archive_2_2,Disk,YALE-03A-0001,,J1628-41,True,optical
rccd040222.0108.fits,J1628-41,16:28:47.36,-41:52:38.1,2004-02-23,06:22:05,2453058.76534,300.0,1.8,I,K,1388.0,2035.0,2100.0,other/LOG_temp_archive_2_2.csv,miniarchive,temp_archive_2_2,Disk,YALE-03A-0001,,J1628-41,True,optical
rccd040224.0155.fits,J1628-41,16:28:46.60,-41:52:48.0,2004-02-25,07:42:40,2453060.8213,300.0,1.3,V,J,1388.0,2035.0,2100.0,other/LOG_temp_archive_2_2.csv,miniarchive,temp_archive_2_2,Disk,YALE-03A-0001,,J1628-41,True,optical
rccd040226.0162.fits,J1628-41,16:28:47.24,-41:52:39.1,2004-02-27,08:04:21,2453062.83636,300.0,1.21,I,K,1388.0,2035.0,2100.0,other/LOG_temp_archive_2_2.csv,miniarchive,temp_archive_2_2,Disk,YALE-03A-0001,,J1628-41,True,optical
rccd040225.0120.fits,J1628-41,16:28:45.70,-41:52:48.7,2004-02-26,06:42:47,2453061.77971,300.0,1.57,V,J,1388.0,2035.0,2100.0,other/LOG_temp_archive_2_2.csv,miniarchive,temp_archive_2_2,Disk,YALE-03A-0001,,J1628-41,True,optical
rccd040225.0121.fits,J1628-41,16:28:45.85,-41:52:46.8,2004-02-26,06:48:56,2453061.78399,300.0,1.53,I,K,1388.0,2035.0,2100.0,other/LOG_temp_archive_2_2.csv,miniarchive,temp_archive_2_2,Disk,YALE-03A-0001,,J1628-41,True,optical
rccd040226.0161.fits,J1628-41,16:28:47.30,-41:52:39.3,2004-02-27,07:58:11,2453062.83208,300.0,1.23,V,J,1388.0,2035.0,2100.0,other/LOG_temp_archive_2_2.csv,miniarchive,temp_archive_2_2,Disk,YALE-03A-0001,,J1628-41,True,optical
rccd040302.0183.fits,J1628-41,16:28:47.29,-41:52:38.4,2004-03-03,08:04:05,2453067.83617,300.0,1.17,V,J,1388.0,2035.0,2100.0,other/LOG_temp_archive_2_2.csv,miniarchive,temp_archive_2_2,Disk,YALE-03A-0001,,J1628-41,True,optical
rccd040302.0184.fits,J1628-41,16:28:47.42,-41:52:37.9,2004-03-03,08:10:15,2453067.84045,300.0,1.15,I,K,1388.0,2035.0,2100.0,other/LOG_temp_archive_2_2.csv,miniarchive,temp_archive_2_2,Disk,YALE-03A-0001,,J1628-41,True,optical
rccd040303.0203.fits,J1628-41,16:28:47.16,-41:52:37.1,2004-03-04,07:20:34,2453068.80596,300.0,1.27,I,K,1388.0,2035.0,2100.0,other/LOG_temp_archive_2_2.csv,miniarchive,temp_archive_2_2,Disk,YALE-03A-0001,,J1628-41,True,optical
rccd040303.0202.fits,J1628-41,16:28:47.27,-41:52:38.1,2004-03-04,07:14:24,2453068.80167,300.0,1.29,V,J,1388.0,2035.0,2100.0,other/LOG_temp_archive_2_2.csv,miniarchive,temp_archive_2_2,Disk,YALE-03A-0001,,J1628-41,True,optical
rccd040306.0182.fits,J1628-41,16:28:47.40,-41:52:40.2,2004-03-07,08:07:24,2453071.83847,300.0,1.13,V,J,1388.0,2035.0,2100.0,other/LOG_temp_archive_2_2.csv,miniarchive,temp_archive_2_2,Disk,YAL2-03A-0001,,J1628-41,True,optical
rccd040306.0183.fits,J1628-41,16:28:47.59,-41:52:39.1,2004-03-07,08:13:34,2453071.84275,300.0,1.12,I,K,1388.0,2035.0,2100.0,other/LOG_temp_archive_2_2.csv,miniarchive,temp_archive_2_2,Disk,YAL2-03A-0001,,J1628-41,True,optical
rccd040307.0197.fits,J1628-41,16:28:46.95,-41:52:49.0,2004-03-08,07:55:16,2453072.83005,300.0,1.14,V,J,1388.0,2035.0,2100.0,other/LOG_temp_archive_2_2.csv,miniarchive,temp_archive_2_2,Disk,YALE-03A-0001,,J1628-41,True,optical
rccd040307.0198.fits,J1628-41,16:28:47.04,-41:52:48.2,2004-03-08,08:01:26,2453072.83433,300.0,1.13,I,K,1388.0,2035.0,2100.0,other/LOG_temp_archive_2_2.csv,miniarchive,temp_archive_2_2,Disk,YALE-03A-0001,,J1628-41,True,optical
rccd040222.0107.fits,J1628-41,16:28:47.26,-41:52:38.6,2004-02-23,06:15:56,2453058.76107,300.0,1.86,V,J,1388.0,2035.0,2100.0,other/LOG_temp_archive_2_2.csv,miniarchive,temp_archive_2_2,Disk,YALE-03A-0001,,J1628-41,True,optical
rccd040207.0195.fits,J1628-41,16:28:47.39,-41:52:41.0,2004-02-08,08:28:47,2453043.85333,300.0,1.39,V,J,1388.0,2035.0,2100.0,other/LOG_temp_archive_2_2.csv,miniarchive,temp_archive_2_2,Disk,YALE-03A-0001,,J1628-41,True,optical
rccd040207.0196.fits,J1628-41,16:28:47.23,-41:52:41.5,2004-02-08,08:34:55,2453043.85758,300.0,1.36,I,K,1388.0,2035.0,2100.0,other/LOG_temp_archive_2_2.csv,miniarchive,temp_archive_2_2,Disk,YALE-03A-0001,,J1628-41,True,optical
rccd040208.0155.fits,J1628-41,16:28:46.70,-41:52:54.7,2004-02-09,08:24:52,2453044.85061,300.0,1.39,I,K,1388.0,2035.0,2100.0,other/LOG_temp_archive_2_2.csv,miniarchive,temp_archive_2_2,Disk,YALE-03A-0001,,J1628-41,True,optical
rccd040208.0154.fits,J1628-41,16:28:46.50,-41:52:55.9,2004-02-09,08:18:44,2453044.84635,300.0,1.41,V,J,1388.0,2035.0,2100.0,other/LOG_temp_archive_2_2.csv,miniarchive,temp_archive_2_2,Disk,YALE-03A-0001,,J1628-41,True,optical
rccd040209.0188.fits,J1628-41,16:28:47.16,-41:53:5.0,2004-02-10,08:09:51,2453045.84018,300.0,1.44,I,K,1388.0,2035.0,2100.0,other/LOG_temp_archive_2_2.csv,miniarchive,temp_archive_2_2,Disk,YALE-03A-0001,,J1628-41,True,optical
rccd040209.0187.fits,J1628-41,16:28:47.03,-41:53:5.9,2004-02-10,08:03:44,2453045.83593,300.0,1.47,V,J,1388.0,2035.0,2100.0,other/LOG_temp_archive_2_2.csv,miniarchive,temp_archive_2_2,Disk,YALE-03A-0001,,J1628-41,True,optical
rccd040210.0223.fits,J1628-41,16:28:45.96,-41:52:46.2,2004-02-11,08:48:08,2453046.86676,300.0,1.27,I,K,1388.0,2035.0,2100.0,other/LOG_temp_archive_2_2.csv,miniarchive,temp_archive_2_2,Disk,YALE-03A-0001,,J1628-41,True,optical
rccd040210.0222.fits,J1628-41,16:28:46.04,-41:52:46.8,2004-02-11,08:41:59,2453046.8625,300.0,1.29,V,J,1388.0,2035.0,2100.0,other/LOG_temp_archive_2_2.csv,miniarchive,temp_archive_2_2,Disk,YALE-03A-0001,,J1628-41,True,optical
rccd040206.0189.fits,J1628-41,16:28:45.98,-41:52:32.7,2004-02-07,09:01:25,2453042.87598,300.0,1.28,I,K,1388.0,2035.0,2100.0,other/LOG_temp_archive_2_2.csv,miniarchive,temp_archive_2_2,Disk,YALE-03A-0001,,J1628-41,True,optical
rccd040206.0188.fits,J1628-41,16:28:46.08,-41:52:33.4,2004-02-07,08:55:16,2453042.87172,300.0,1.3,V,J,1388.0,2035.0,2100.0,other/LOG_temp_archive_2_2.csv,miniarchive,temp_archive_2_2,Disk,YALE-03A-0001,,J1628-41,True,optical
rccd040203.0170.fits,J1628-41,16:28:47.24,-41:52:38.3,2004-02-04,08:01:36,2453039.83445,300.0,1.62,V,J,1388.0,2035.0,2100.0,other/LOG_temp_archive_2_2.csv,miniarchive,temp_archive_2_2,Disk,YALE-03A-0001,,J1628-41,True,optical
rccd040202.0150.fits,J1628-41,16:28:47.42,-41:52:38.0,2004-02-03,07:43:46,2453038.82207,300.0,1.78,I,K,1388.0,2035.0,2100.0,other/LOG_temp_archive_2_2.csv,miniarchive,temp_archive_2_2,Disk,YALE-03A-0001,,J1628-41,True,optical
rccd040202.0149.fits,J1628-41,16:28:47.24,-41:52:39.3,2004-02-03,07:37:38,2453038.8178,300.0,1.83,V,J,1388.0,2035.0,2100.0,other/LOG_temp_archive_2_2.csv,miniarchive,temp_archive_2_2,Disk,YALE-03A-0001,,J1628-41,True,optical
rccd040203.0171.fits,J1628-41,16:28:47.39,-41:52:37.6,2004-02-04,08:07:44,2453039.83871,300.0,1.58,I,K,1388.0,2035.0,2100.0,other/LOG_temp_archive_2_2.csv,miniarchive,temp_archive_2_2,Disk,YALE-03A-0001,,J1628-41,True,optical
rccd040204.0195.fits,J1628-41,16:28:47.41,-41:52:38.1,2004-02-05,07:53:32,2453040.82885,300.0,1.64,I,K,1388.0,2035.0,2100.0,other/LOG_temp_archive_2_2.csv,miniarchive,temp_archive_2_2,Disk,YALE-03A-0001,,J1628-41,True,optical
rccd040204.0194.fits,J1628-41,16:28:47.24,-41:52:38.9,2004-02-05,07:47:23,2453040.82458,300.0,1.69,V,J,1388.0,2035.0,2100.0,other/LOG_temp_archive_2_2.csv,miniarchive,temp_archive_2_2,Disk,YALE-03A-0001,,J1628-41,True,optical
rccd040205.0193.fits,J1628-41,16:28:46.74,-41:52:58.9,2004-02-06,08:21:02,2453041.84794,300.0,1.46,I,K,1388.0,2035.0,2100.0,other/LOG_temp_archive_2_2.csv,miniarchive,temp_archive_2_2,Disk,YALE-03A-0001,,J1628-41,True,optical
rccd040205.0192.fits,J1628-41,16:28:46.72,-41:52:58.8,2004-02-06,08:14:53,2453041.84368,300.0,1.49,V,J,1388.0,2035.0,2100.0,other/LOG_temp_archive_2_2.csv,miniarchive,temp_archive_2_2,Disk,YALE-03A-0001,,J1628-41,True,optical
rccd040219.0199.fits,J1628-41,16:28:47.14,-41:52:29.0,2004-02-20,09:13:24,2453055.88431,300.0,1.12,I,K,1388.0,2035.0,2100.0,other/LOG_temp_archive_2_2.csv,miniarchive,temp_archive_2_2,Disk,YALE-03A-0001,,J1628-41,True,optical
rccd040218.0279.fits,J1628-41,16:28:46.93,-41:52:38.5,2004-02-19,07:33:06,2453054.81466,300.0,1.44,V,J,1378.0,2035.0,2110.0,other/LOG_temp_archive_2_2.csv,miniarchive,temp_archive_2_2,Disk,YALE-03A-0001,,J1628-41,True,optical
rccd040218.0280.fits,J1628-41,16:28:47.05,-41:52:37.6,2004-02-19,07:39:15,2453054.81893,300.0,1.41,I,K,1378.0,2035.0,2110.0,other/LOG_temp_archive_2_2.csv,miniarchive,temp_archive_2_2,Disk,YALE-03A-0001,,J1628-41,True,optical
rccd040219.0198.fits,J1628-41,16:28:47.05,-41:52:30.6,2004-02-20,09:07:15,2453055.88003,300.0,1.13,V,J,1388.0,2035.0,2100.0,other/LOG_temp_archive_2_2.csv,miniarchive,temp_archive_2_2,Disk,YALE-03A-0001,,J1628-41,True,optical
rccd040220.0169.fits,J1628-41,16:28:47.67,-41:52:44.8,2004-02-21,07:40:14,2453056.81961,300.0,1.38,V,J,1388.0,2035.0,2100.0,other/LOG_temp_archive_2_2.csv,miniarchive,temp_archive_2_2,Disk,YALE-03A-0001,,J1628-41,True,optical
rccd040220.0170.fits,J1628-41,16:28:47.56,-41:52:44.7,2004-02-21,07:46:24,2453056.8239,300.0,1.35,I,K,1388.0,2035.0,2100.0,other/LOG_temp_archive_2_2.csv,miniarchive,temp_archive_2_2,Disk,YALE-03A-0001,,J1628-41,True,optical
rccd040221.0224.fits,J1628-41,16:28:47.20,-41:52:47.7,2004-02-22,08:13:33,2453057.84274,300.0,1.24,I,K,1388.0,2035.0,2100.0,other/LOG_temp_archive_2_2.csv,miniarchive,temp_archive_2_2,Disk,YALE-03A-0001,,J1628-41,True,optical
rccd040221.0223.fits,J1628-41,16:28:47.18,-41:52:47.5,2004-02-22,08:07:24,2453057.83847,300.0,1.26,V,J,1388.0,2035.0,2100.0,other/LOG_temp_archive_2_2.csv,miniarchive,temp_archive_2_2,Disk,YALE-03A-0001,,J1628-41,True,optical
rccd040216.0222.fits,J1628-41,16:28:47.18,-41:52:38.2,2004-02-17,08:57:31,2453052.87328,300.0,1.18,I,K,1388.0,2035.0,2100.0,other/LOG_temp_archive_2_2.csv,miniarchive,temp_archive_2_2,Disk,YALE-03A-0001,,J1628-41,True,optical
rccd040212.0219.fits,J1628-41,16:28:47.28,-41:52:38.6,2004-02-13,08:59:09,2453048.87441,300.0,1.21,V,J,1388.0,2035.0,2100.0,other/LOG_temp_archive_2_2.csv,miniarchive,temp_archive_2_2,Disk,YALE-03A-0001,,J1628-41,True,optical
rccd040212.0220.fits,J1628-41,16:28:47.24,-41:52:37.5,2004-02-13,09:05:17,2453048.87867,300.0,1.2,I,K,1388.0,2035.0,2100.0,other/LOG_temp_archive_2_2.csv,miniarchive,temp_archive_2_2,Disk,YALE-03A-0001,,J1628-41,True,optical
rccd040213.0232.fits,J1628-41,16:28:47.26,-41:52:38.5,2004-02-14,08:53:23,2453049.87042,300.0,1.22,V,J,1388.0,2035.0,2100.0,other/LOG_temp_archive_2_2.csv,miniarchive,temp_archive_2_2,Disk,YALE-03A-0001,,J1628-41,True,optical
rccd040213.0233.fits,J1628-41,16:28:47.17,-41:52:36.0,2004-02-14,08:59:31,2453049.87467,300.0,1.2,I,K,1388.0,2035.0,2100.0,other/LOG_temp_archive_2_2.csv,miniarchive,temp_archive_2_2,Disk,YALE-03A-0001,,J1628-41,True,optical
rccd040214.0198.fits,J1628-41,16:28:47.10,-41:52:35.5,2004-02-15,09:20:30,2453050.88924,300.0,1.15,I,K,1388.0,2035.0,2100.0,other/LOG_temp_archive_2_2.csv,miniarchive,temp_archive_2_2,Disk,YALE-03A-0001,,J1628-41,True,optical
rccd040216.0221.fits,J1628-41,16:28:47.27,-41:52:38.7,2004-02-17,08:51:22,2453052.86901,300.0,1.19,V,J,1388.0,2035.0,2100.0,other/LOG_temp_archive_2_2.csv,miniarchive,temp_archive_2_2,Disk,YALE-03A-0001,,J1628-41,True,optical
rccd040214.0197.fits,J1628-41,16:28:46.95,-41:52:36.4,2004-02-15,09:14:21,2453050.88497,300.0,1.16,V,J,1388.0,2035.0,2100.0,other/LOG_temp_archive_2_2.csv,miniarchive,temp_archive_2_2,Disk,YALE-03A-0001,,J1628-41,True,optical
rccd040215.0240.fits,J1628-41,16:28:47.27,-41:52:38.8,2004-02-16,07:53:23,2453051.82874,300.0,1.4,V,J,1388.0,2035.0,2100.0,other/LOG_temp_archive_2_2.csv,miniarchive,temp_archive_2_2,Disk,YALE-03A-0001,,J1628-41,True,optical
rccd040215.0241.fits,J1628-41,16:28:47.34,-41:52:38.0,2004-02-16,07:59:31,2453051.83301,300.0,1.38,I,K,1388.0,2035.0,2100.0,other/LOG_temp_archive_2_2.csv,miniarchive,temp_archive_2_2,Disk,YALE-03A-0001,,J1628-41,True,optical
rccd040124.0162.fits,J1628-41,16:28:47.51,-41:52:36.9,2004-01-25,08:49:26,2453029.86766,300.0,1.56,I,K,1388.0,2035.0,2100.0,other/LOG_temp_archive_2_2.csv,miniarchive,temp_archive_2_2,Disk,YALE-03A-0001,,J1628-41,True,optical
rccd040124.0161.fits,J1628-41,16:28:47.37,-41:52:37.5,2004-01-25,08:43:18,2453029.8634,300.0,1.6,V,J,1388.0,2035.0,2100.0,other/LOG_temp_archive_2_2.csv,miniarchive,temp_archive_2_2,Disk,YALE-03A-0001,,J1628-41,True,optical
rccd040125.0172.fits,J1628-41,16:28:46.22,-41:53:11.6,2004-01-26,08:41:44,2453030.86232,300.0,1.59,V,J,1388.0,2035.0,2100.0,other/LOG_temp_archive_2_2.csv,miniarchive,temp_archive_2_2,Disk,YALE-03A-0001,,J1628-41,True,optical
rccd040129.0109.fits,J1628-41,16:28:47.45,-41:52:37.9,2004-01-30,08:18:17,2453034.84604,300.0,1.64,I,K,1388.0,2035.0,2100.0,other/LOG_temp_archive_2_2.csv,miniarchive,temp_archive_2_2,Disk,YALE-03A-0001,,J1628-41,True,optical
rccd040130.0125.fits,J1628-41,16:28:47.35,-41:52:38.9,2004-01-31,07:58:14,2453035.83211,300.0,1.76,I,K,1388.0,2035.0,2100.0,other/LOG_temp_archive_2_2.csv,miniarchive,temp_archive_2_2,Disk,YALE-03A-0001,,J1628-41,True,optical
rccd040130.0124.fits,J1628-41,16:28:47.24,-41:52:39.6,2004-01-31,07:52:06,2453035.82785,300.0,1.81,V,J,1388.0,2035.0,2100.0,other/LOG_temp_archive_2_2.csv,miniarchive,temp_archive_2_2,Disk,YALE-03A-0001,,J1628-41,True,optical
rccd040131.0168.fits,J1628-41,16:28:47.33,-41:52:39.0,2004-02-01,07:47:18,2453036.82452,300.0,1.82,I,K,1388.0,2035.0,2100.0,other/LOG_temp_archive_2_2.csv,miniarchive,temp_archive_2_2,Disk,YALE-03A-0001,,J1628-41,True,optical
rccd040131.0167.fits,J1628-41,16:28:47.22,-41:52:38.9,2004-02-01,07:41:10,2453036.82026,300.0,1.87,V,J,1388.0,2035.0,2100.0,other/LOG_temp_archive_2_2.csv,miniarchive,temp_archive_2_2,Disk,YALE-03A-0001,,J1628-41,True,optical
rccd040201.0144.fits,J1628-41,16:28:47.16,-41:52:38.9,2004-02-02,08:37:46,2453037.85956,300.0,1.45,I,K,1388.0,2035.0,2100.0,other/LOG_temp_archive_2_2.csv,miniarchive,temp_archive_2_2,Disk,YALE-03A-0001,,J1628-41,True,optical
rccd040201.0143.fits,J1628-41,16:28:47.22,-41:52:38.8,2004-02-02,08:31:38,2453037.85531,300.0,1.49,V,J,1388.0,2035.0,2100.0,other/LOG_temp_archive_2_2.csv,miniarchive,temp_archive_2_2,Disk,YALE-03A-0001,,J1628-41,True,optical
rccd040129.0108.fits,J1628-41,16:28:47.27,-41:52:39.1,2004-01-30,08:12:09,2453034.84178,300.0,1.68,V,J,1388.0,2035.0,2100.0,other/LOG_temp_archive_2_2.csv,miniarchive,temp_archive_2_2,Disk,YALE-03A-0001,,J1628-41,True,optical
rccd040128.0094.fits,J1628-41,16:28:45.96,-41:52:52.2,2004-01-29,08:03:03,2453033.83545,300.0,1.78,V,J,1388.0,2035.0,2100.0,other/LOG_temp_archive_2_2.csv,miniarchive,temp_archive_2_2,Disk,YALE-03A-0001,,J1628-41,True,optical
rccd040125.0173.fits,J1628-41,16:28:46.40,-41:53:10.1,2004-01-26,08:47:52,2453030.86658,300.0,1.55,I,K,1388.0,2035.0,2100.0,other/LOG_temp_archive_2_2.csv,miniarchive,temp_archive_2_2,Disk,YALE-03A-0001,,J1628-41,True,optical
rccd040127.0121.fits,J1628-41,16:28:46.14,-41:52:40.8,2004-01-28,08:48:01,2453032.86668,300.0,1.5,I,K,1388.0,2035.0,2100.0,other/LOG_temp_archive_2_2.csv,miniarchive,temp_archive_2_2,Disk,YALE-03A-0001,,J1628-41,True,optical
rccd040126.0139.fits,J1628-41,16:28:46.71,-41:52:44.1,2004-01-27,08:21:42,2453031.84841,300.0,1.7,I,K,1388.0,2035.0,2100.0,other/LOG_temp_archive_2_2.csv,miniarchive,temp_archive_2_2,Disk,YALE-03A-0001,,J1628-41,True,optical
rccd040126.0138.fits,J1628-41,16:28:46.48,-41:52:45.5,2004-01-27,08:15:34,2453031.84415,300.0,1.74,V,J,1388.0,2035.0,2100.0,other/LOG_temp_archive_2_2.csv,miniarchive,temp_archive_2_2,Disk,YALE-03A-0001,,J1628-41,True,optical
rccd040127.0120.fits,J1628-41,16:28:46.04,-41:52:41.6,2004-01-28,08:41:53,2453032.86242,300.0,1.54,V,J,1388.0,2035.0,2100.0,other/LOG_temp_archive_2_2.csv,miniarchive,temp_archive_2_2,Disk,YALE-03A-0001,,J1628-41,True,optical
rccd040128.0095.fits,J1628-41,16:28:46.18,-41:52:51.0,2004-01-29,08:09:11,2453033.83971,300.0,1.73,I,K,1388.0,2035.0,2100.0,other/LOG_temp_archive_2_2.csv,miniarchive,temp_archive_2_2,Disk,YALE-03A-0001,,J1628-41,True,optical
rccd040207.0195.fits,,,,2004-02-07,,,,,,,,,,optical_CD_header_logs/LOG_J1628-41.20030618thru20040308.csv,optical_CD_header_logs/,J1628-41,CD,,,J1628-41,True,optical
rccd040205.0192.fits,,,,2004-02-05,,,,,,,,,,optical_CD_header_logs/LOG_J1628-41.20030618thru20040308.csv,optical_CD_header_logs/,J1628-41,CD,,,J1628-41,True,optical
rccd040202.0149.fits,,,,2004-02-02,,,,,,,,,,optical_CD_header_logs/LOG_J1628-41.20030618thru20040308.csv,optical_CD_header_logs/,J1628-41,CD,,,J1628-41,True,optical
rccd040201.0143.fits,,,,2004-02-01,,,,,,,,,,optical_CD_header_logs/LOG_J1628-41.20030618thru20040308.csv,optical_CD_header_logs/,J1628-41,CD,,,J1628-41,True,optical
rccd040129.0108.fits,,,,2004-01-29,,,,,,,,,,optical_CD_header_logs/LOG_J1628-41.20030618thru20040308.csv,optical_CD_header_logs/,J1628-41,CD,,,J1628-41,True,optical
rccd040128.0094.fits,,,,2004-01-28,,,,,,,,,,optical_CD_header_logs/LOG_J1628-41.20030618thru20040308.csv,optical_CD_header_logs/,J1628-41,CD,,,J1628-41,True,optical
rccd040125.0172.fits,,,,2004-01-25,,,,,,,,,,optical_CD_header_logs/LOG_J1628-41.20030618thru20040308.csv,optical_CD_header_logs/,J1628-41,CD,,,J1628-41,True,optical
rccd031005.0025.fits,,,,2003-10-05,,,,,,,,,,optical_CD_header_logs/LOG_J1628-41.20030618thru20040308.csv,optical_CD_header_logs/,J1628-41,CD,,,J1628-41,True,optical
rccd031002.0037.fits,,,,2003-10-02,,,,,,,,,,optical_CD_header_logs/LOG_J1628-41.20030618thru20040308.csv,optical_CD_header_logs/,J1628-41,CD,,,J1628-41,True,optical
rccd030927.0015.fits,,,,2003-09-27,,,,,,,,,,optical_CD_header_logs/LOG_J1628-41.20030618thru20040308.csv,optical_CD_header_logs/,J1628-41,CD,,,J1628-41,True,optical
rccd030921.0004.fits,,,,2003-09-21,,,,,,,,,,optical_CD_header_logs/LOG_J1628-41.20030618thru20040308.csv,optical_CD_header_logs/,J1628-41,CD,,,J1628-41,True,optical
rccd030915.0007.fits,,,,2003-09-15,,,,,,,,,,optical_CD_header_logs/LOG_J1628-41.20030618thru20040308.csv,optical_CD_header_logs/,J1628-41,CD,,,J1628-41,True,optical
rccd030913.0036.fits,,,,2003-09-13,,,,,,,,,,optical_CD_header_logs/LOG_J1628-41.20030618thru20040308.csv,optical_CD_header_logs/,J1628-41,CD,,,J1628-41,True,optical
rccd030908.0033.fits,,,,2003-09-08,,,,,,,,,,optical_CD_header_logs/LOG_J1628-41.20030618thru20040308.csv,optical_CD_header_logs/,J1628-41,CD,,,J1628-41,True,optical
rccd030907.0033.fits,,,,2003-09-07,,,,,,,,,,optical_CD_header_logs/LOG_J1628-41.20030618thru20040308.csv,optical_CD_header_logs/,J1628-41,CD,,,J1628-41,True,optical
rccd030831.0034.fits,,,,2003-08-31,,,,,,,,,,optical_CD_header_logs/LOG_J1628-41.20030618thru20040308.csv,optical_CD_header_logs/,J1628-41,CD,,,J1628-41,True,optical
rccd030825.0013.fits,,,,2003-08-25,,,,,,,,,,optical_CD_header_logs/LOG_J1628-41.20030618thru20040308.csv,optical_CD_header_logs/,J1628-41,CD,,,J1628-41,True,optical
rccd030818.0087.fits,,,,2003-08-18,,,,,,,,,,optical_CD_header_logs/LOG_J1628-41.20030618thru20040308.csv,optical_CD_header_logs/,J1628-41,CD,,,J1628-41,True,optical
rccd040206.0188.fits,,,,2004-02-06,,,,,,,,,,optical_CD_header_logs/LOG_J1628-41.20030618thru20040308.csv,optical_CD_header_logs/,J1628-41,CD,,,J1628-41,True,optical
rccd040208.0154.fits,,,,2004-02-08,,,,,,,,,,optical_CD_header_logs/LOG_J1628-41.20030618thru20040308.csv,optical_CD_header_logs/,J1628-41,CD,,,J1628-41,True,optical
rccd040225.0120.fits,,,,2004-02-25,,,,,,,,,,optical_CD_header_logs/LOG_J1628-41.20030618thru20040308.csv,optical_CD_header_logs/,J1628-41,CD,,,J1628-41,True,optical
rccd040303.0202.fits,,,,2004-03-03,,,,,,,,,,optical_CD_header_logs/LOG_J1628-41.20030618thru20040308.csv,optical_CD_header_logs/,J1628-41,CD,,,J1628-41,True,optical
rccd040302.0183.fits,,,,2004-03-02,,,,,,,,,,optical_CD_header_logs/LOG_J1628-41.20030618thru20040308.csv,optical_CD_header_logs/,J1628-41,CD,,,J1628-41,True,optical
rccd040227.0191.fits,,,,2004-02-27,,,,,,,,,,optical_CD_header_logs/LOG_J1628-41.20030618thru20040308.csv,optical_CD_header_logs/,J1628-41,CD,,,J1628-41,True,optical
rccd040226.0161.fits,,,,2004-02-26,,,,,,,,,,optical_CD_header_logs/LOG_J1628-41.20030618thru20040308.csv,optical_CD_header_logs/,J1628-41,CD,,,J1628-41,True,optical
rccd030817.0056.fits,,,,2003-08-17,,,,,,,,,,optical_CD_header_logs/LOG_J1628-41.20030618thru20040308.csv,optical_CD_header_logs/,J1628-41,CD,,,J1628-41,True,optical
rccd030816.0103.fits,,,,2003-08-16,,,,,,,,,,optical_CD_header_logs/LOG_J1628-41.20030618thru20040308.csv,optical_CD_header_logs/,J1628-41,CD,,,J1628-41,True,optical
rccd030815.0070.fits,,,,2003-08-15,,,,,,,,,,optical_CD_header_logs/LOG_J1628-41.20030618thru20040308.csv,optical_CD_header_logs/,J1628-41,CD,,,J1628-41,True,optical
rccd030814.0084.fits,,,,2003-08-14,,,,,,,,,,optical_CD_header_logs/LOG_J1628-41.20030618thru20040308.csv,optical_CD_header_logs/,J1628-41,CD,,,J1628-41,True,optical
rccd040218.0280.fits,,,,2004-02-18,,,,,,,,,,optical_CD_header_logs/LOG_J1628-41.20030618thru20040308.csv,optical_CD_header_logs/,J1628-41,CD,,,J1628-41,True,optical
rccd040216.0222.fits,,,,2004-02-16,,,,,,,,,,optical_CD_header_logs/LOG_J1628-41.20030618thru20040308.csv,optical_CD_header_logs/,J1628-41,CD,,,J1628-41,True,optical
rccd040214.0198.fits,,,,2004-02-14,,,,,,,,,,optical_CD_header_logs/LOG_J1628-41.20030618thru20040308.csv,optical_CD_header_logs/,J1628-41,CD,,,J1628-41,True,optical
rccd040212.0220.fits,,,,2004-02-12,,,,,,,,,,optical_CD_header_logs/LOG_J1628-41.20030618thru20040308.csv,optical_CD_header_logs/,J1628-41,CD,,,J1628-41,True,optical
rccd040208.0155.fits,,,,2004-02-08,,,,,,,,,,optical_CD_header_logs/LOG_J1628-41.20030618thru20040308.csv,optical_CD_header_logs/,J1628-41,CD,,,J1628-41,True,optical
rccd040206.0189.fits,,,,2004-02-06,,,,,,,,,,optical_CD_header_logs/LOG_J1628-41.20030618thru20040308.csv,optical_CD_header_logs/,J1628-41,CD,,,J1628-41,True,optical
rccd040204.0195.fits,,,,2004-02-04,,,,,,,,,,optical_CD_header_logs/LOG_J1628-41.20030618thru20040308.csv,optical_CD_header_logs/,J1628-41,CD,,,J1628-41,True,optical
rccd040202.0150.fits,,,,2004-02-02,,,,,,,,,,optical_CD_header_logs/LOG_J1628-41.20030618thru20040308.csv,optical_CD_header_logs/,J1628-41,CD,,,J1628-41,True,optical
rccd040201.0144.fits,,,,2004-02-01,,,,,,,,,,optical_CD_header_logs/LOG_J1628-41.20030618thru20040308.csv,optical_CD_header_logs/,J1628-41,CD,,,J1628-41,True,optical
rccd040130.0125.fits,,,,2004-01-30,,,,,,,,,,optical_CD_header_logs/LOG_J1628-41.20030618thru20040308.csv,optical_CD_header_logs/,J1628-41,CD,,,J1628-41,True,optical
rccd040128.0095.fits,,,,2004-01-28,,,,,,,,,,optical_CD_header_logs/LOG_J1628-41.20030618thru20040308.csv,optical_CD_header_logs/,J1628-41,CD,,,J1628-41,True,optical
rccd040127.0121.fits,,,,2004-01-27,,,,,,,,,,optical_CD_header_logs/LOG_J1628-41.20030618thru20040308.csv,optical_CD_header_logs/,J1628-41,CD,,,J1628-41,True,optical
rccd040124.0162.fits,,,,2004-01-24,,,,,,,,,,optical_CD_header_logs/LOG_J1628-41.20030618thru20040308.csv,optical_CD_header_logs/,J1628-41,CD,,,J1628-41,True,optical
rccd040220.0170.fits,,,,2004-02-20,,,,,,,,,,optical_CD_header_logs/LOG_J1628-41.20030618thru20040308.csv,optical_CD_header_logs/,J1628-41,CD,,,J1628-41,True,optical
rccd040221.0224.fits,,,,2004-02-21,,,,,,,,,,optical_CD_header_logs/LOG_J1628-41.20030618thru20040308.csv,optical_CD_header_logs/,J1628-41,CD,,,J1628-41,True,optical
rccd040225.0121.fits,,,,2004-02-25,,,,,,,,,,optical_CD_header_logs/LOG_J1628-41.20030618thru20040308.csv,optical_CD_header_logs/,J1628-41,CD,,,J1628-41,True,optical
rccd030710.0021.fits,,,,2003-07-10,,,,,,,,,,optical_CD_header_logs/LOG_J1628-41.20030618thru20040308.csv,optical_CD_header_logs/,J1628-41,CD,,,J1628-41,True,optical
rccd030813.0085.fits,,,,2003-08-13,,,,,,,,,,optical_CD_header_logs/LOG_J1628-41.20030618thru20040308.csv,optical_CD_header_logs/,J1628-41,CD,,,J1628-41,True,optical
rccd030809.0006.fits,,,,2003-08-09,,,,,,,,,,optical_CD_header_logs/LOG_J1628-41.20030618thru20040308.csv,optical_CD_header_logs/,J1628-41,CD,,,J1628-41,True,optical
rccd030803.0016.fits,,,,2003-08-03,,,,,,,,,,optical_CD_header_logs/LOG_J1628-41.20030618thru20040308.csv,optical_CD_header_logs/,J1628-41,CD,,,J1628-41,True,optical
rccd030719.0087.fits,,,,2003-07-19,,,,,,,,,,optical_CD_header_logs/LOG_J1628-41.20030618thru20040308.csv,optical_CD_header_logs/,J1628-41,CD,,,J1628-41,True,optical
rccd030717.0007.fits,,,,2003-07-17,,,,,,,,,,optical_CD_header_logs/LOG_J1628-41.20030618thru20040308.csv,optical_CD_header_logs/,J1628-41,CD,,,J1628-41,True,optical
rccd030713.0003.fits,,,,2003-07-13,,,,,,,,,,optical_CD_header_logs/LOG_J1628-41.20030618thru20040308.csv,optical_CD_header_logs/,J1628-41,CD,,,J1628-41,True,optical
rccd030711.0030.fits,,,,2003-07-11,,,,,,,,,,optical_CD_header_logs/LOG_J1628-41.20030618thru20040308.csv,optical_CD_header_logs/,J1628-41,CD,,,J1628-41,True,optical
rccd030705.0021.fits,,,,2003-07-05,,,,,,,,,,optical_CD_header_logs/LOG_J1628-41.20030618thru20040308.csv,optical_CD_header_logs/,J1628-41,CD,,,J1628-41,True,optical
rccd040226.0162.fits,,,,2004-02-26,,,,,,,,,,optical_CD_header_logs/LOG_J1628-41.20030618thru20040308.csv,optical_CD_header_logs/,J1628-41,CD,,,J1628-41,True,optical
rccd030629.0018.fits,,,,2003-06-29,,,,,,,,,,optical_CD_header_logs/LOG_J1628-41.20030618thru20040308.csv,optical_CD_header_logs/,J1628-41,CD,,,J1628-41,True,optical
rccd030627.0063.fits,,,,2003-06-27,,,,,,,,,,optical_CD_header_logs/LOG_J1628-41.20030618thru20040308.csv,optical_CD_header_logs/,J1628-41,CD,,,J1628-41,True,optical
rccd030626.0014.fits,,,,2003-06-26,,,,,,,,,,optical_CD_header_logs/LOG_J1628-41.20030618thru20040308.csv,optical_CD_header_logs/,J1628-41,CD,,,J1628-41,True,optical
rccd030622.0007.fits,,,,2003-06-22,,,,,,,,,,optical_CD_header_logs/LOG_J1628-41.20030618thru20040308.csv,optical_CD_header_logs/,J1628-41,CD,,,J1628-41,True,optical
rccd030619.0039.fits,,,,2003-06-19,,,,,,,,,,optical_CD_header_logs/LOG_J1628-41.20030618thru20040308.csv,optical_CD_header_logs/,J1628-41,CD,,,J1628-41,True,optical
rccd040302.0184.fits,,,,2004-03-02,,,,,,,,,,optical_CD_header_logs/LOG_J1628-41.20030618thru20040308.csv,optical_CD_header_logs/,J1628-41,CD,,,J1628-41,True,optical
rccd040301.0172.fits,,,,2004-03-01,,,,,,,,,,optical_CD_header_logs/LOG_J1628-41.20030618thru20040308.csv,optical_CD_header_logs/,J1628-41,CD,,,J1628-41,True,optical
ir040215.0520        [0,J1628-41,16:28:47.3,-41:52:37,2004-02-16,08:02:06,2453051.8348,30.0,1.37,K,K,,,,missingreplog_J1628-41.csv,,,Data replog,,,J1628-41,True,IR
ir040216.0498        [0,J1628-41,16:28:47.1,-41:52:38,2004-02-17,08:59:11,2453052.8744,30.0,1.17,K,K,,,,missingreplog_J1628-41.csv,,,Data replog,,,J1628-41,True,IR
ir040216.0497        [0,J1628-41,16:28:47.1,-41:52:38,2004-02-17,08:58:18,2453052.8738,30.0,1.18,K,K,,,,missingreplog_J1628-41.csv,,,Data replog,,,J1628-41,True,IR
ir040216.0496        [0,J1628-41,16:28:47.1,-41:52:38,2004-02-17,08:57:26,2453052.8732,30.1,1.18,K,K,,,,missingreplog_J1628-41.csv,,,Data replog,,,J1628-41,True,IR
ir040216.0495        [0,J1628-41,16:28:47.1,-41:52:38,2004-02-17,08:55:42,2453052.872,30.0,1.18,J,J,,,,missingreplog_J1628-41.csv,,,Data replog,,,J1628-41,True,IR
ir040216.0494        [0,J1628-41,16:28:47.1,-41:52:38,2004-02-17,08:54:48,2453052.8714,30.1,1.18,J,J,,,,missingreplog_J1628-41.csv,,,Data replog,,,J1628-41,True,IR
ir040216.0493        [0,J1628-41,16:28:47.2,-41:52:38,2004-02-17,08:53:56,2453052.8708,30.1,1.19,J,J,,,,missingreplog_J1628-41.csv,,,Data replog,,,J1628-41,True,IR
ir040216.0492        [0,J1628-41,16:28:47.2,-41:52:38,2004-02-17,08:53:03,2453052.8702,30.0,1.19,J,J,,,,missingreplog_J1628-41.csv,,,Data replog,,,J1628-41,True,IR
ir040216.0491        [0,J1628-41,16:28:47.2,-41:52:38,2004-02-17,08:52:11,2453052.8696,30.1,1.19,J,J,,,,missingreplog_J1628-41.csv,,,Data replog,,,J1628-41,True,IR
ir040216.0490        [0,J1628-41,16:28:47.2,-41:52:38,2004-02-17,08:51:18,2453052.869,30.0,1.19,J,J,,,,missingreplog_J1628-41.csv,,,Data replog,,,J1628-41,True,IR
ir040215.0522        [0,J1628-41,16:28:47.2,-41:52:37,2004-02-16,08:03:51,2453051.836,30.0,1.36,K,K,,,,missingreplog_J1628-41.csv,,,Data replog,,,J1628-41,True,IR
ir040215.0521        [0,J1628-41,16:28:47.2,-41:52:38,2004-02-16,08:02:58,2453051.8354,30.1,1.36,K,K,,,,missingreplog_J1628-41.csv,,,Data replog,,,J1628-41,True,IR
ir040215.0519        [0,J1628-41,16:28:47.2,-41:52:38,2004-02-16,08:01:13,2453051.8342,30.1,1.37,K,K,,,,missingreplog_J1628-41.csv,,,Data replog,,,J1628-41,True,IR
ir040214.0362        [0,J1628-41,16:28:47.1,-41:52:35,2004-02-15,09:21:18,2453050.8898,30.0,1.14,K,K,,,,missingreplog_J1628-41.csv,,,Data replog,,,J1628-41,True,IR
ir040215.0518        [0,J1628-41,16:28:47.3,-41:52:37,2004-02-16,08:00:19,2453051.8336,30.1,1.37,K,K,,,,missingreplog_J1628-41.csv,,,Data replog,,,J1628-41,True,IR
ir040215.0517        [0,J1628-41,16:28:47.3,-41:52:38,2004-02-16,07:59:27,2453051.833,30.0,1.38,K,K,,,,missingreplog_J1628-41.csv,,,Data replog,,,J1628-41,True,IR
ir040215.0516        [0,J1628-41,16:28:47.3,-41:52:38,2004-02-16,07:57:39,2453051.8317,30.1,1.38,J,J,,,,missingreplog_J1628-41.csv,,,Data replog,,,J1628-41,True,IR
ir040215.0515        [0,J1628-41,16:28:47.3,-41:52:38,2004-02-16,07:56:47,2453051.8311,30.0,1.39,J,J,,,,missingreplog_J1628-41.csv,,,Data replog,,,J1628-41,True,IR
ir040215.0514        [0,J1628-41,16:28:47.3,-41:52:38,2004-02-16,07:55:55,2453051.8305,30.1,1.39,J,J,,,,missingreplog_J1628-41.csv,,,Data replog,,,J1628-41,True,IR
ir040215.0513        [0,J1628-41,16:28:47.2,-41:52:38,2004-02-16,07:55:02,2453051.8299,30.0,1.4,J,J,,,,missingreplog_J1628-41.csv,,,Data replog,,,J1628-41,True,IR
ir040215.0512        [0,J1628-41,16:28:47.2,-41:52:38,2004-02-16,07:54:09,2453051.8293,30.1,1.4,J,J,,,,missingreplog_J1628-41.csv,,,Data replog,,,J1628-41,True,IR
ir040215.0511        [0,J1628-41,16:28:47.2,-41:52:38,2004-02-16,07:53:19,2453051.8287,30.0,1.4,J,J,,,,missingreplog_J1628-41.csv,,,Data replog,,,J1628-41,True,IR
ir040214.0366        [0,J1628-41,16:28:47.1,-41:52:35,2004-02-15,09:24:49,2453050.8922,30.0,1.14,K,K,,,,missingreplog_J1628-41.csv,,,Data replog,,,J1628-41,True,IR
ir040214.0365        [0,J1628-41,16:28:47.1,-41:52:35,2004-02-15,09:23:57,2453050.8916,30.1,1.14,K,K,,,,missingreplog_J1628-41.csv,,,Data replog,,,J1628-41,True,IR
ir040214.0364        [0,J1628-41,16:28:47.1,-41:52:35,2004-02-15,09:23:04,2453050.891,30.0,1.14,K,K,,,,missingreplog_J1628-41.csv,,,Data replog,,,J1628-41,True,IR
ir040216.0499        [0,J1628-41,16:28:47.1,-41:52:37,2004-02-17,09:00:04,2453052.875,30.1,1.17,K,K,,,,missingreplog_J1628-41.csv,,,Data replog,,,J1628-41,True,IR
ir040216.0500        [0,J1628-41,16:28:47.1,-41:52:38,2004-02-17,09:00:56,2453052.8757,30.0,1.17,K,K,,,,missingreplog_J1628-41.csv,,,Data replog,,,J1628-41,True,IR
ir040216.0501        [0,J1628-41,16:28:47.1,-41:52:37,2004-02-17,09:01:48,2453052.8763,30.0,1.17,K,K,,,,missingreplog_J1628-41.csv,,,Data replog,,,J1628-41,True,IR
ir040220.0452        [0,J1628-41,16:28:47.6,-41:52:45,2004-02-21,07:40:10,2453056.8196,30.0,1.38,J,J,,,,missingreplog_J1628-41.csv,,,Data replog,,,J1628-41,True,IR
ir040221.0555        [0,J1628-41,16:28:47.3,-41:52:47,2004-02-22,08:17:48,2453057.8457,30.0,1.23,K,K,,,,missingreplog_J1628-41.csv,,,Data replog,,,J1628-41,True,IR
ir040221.0554        [0,J1628-41,16:28:47.2,-41:52:47,2004-02-22,08:16:56,2453057.8451,30.0,1.23,K,K,,,,missingreplog_J1628-41.csv,,,Data replog,,,J1628-41,True,IR
ir040221.0553        [0,J1628-41,16:28:47.2,-41:52:47,2004-02-22,08:16:07,2453057.8445,30.0,1.24,K,K,,,,missingreplog_J1628-41.csv,,,Data replog,,,J1628-41,True,IR
ir040221.0552        [0,J1628-41,16:28:47.2,-41:52:47,2004-02-22,08:15:14,2453057.8439,30.0,1.24,K,K,,,,missingreplog_J1628-41.csv,,,Data replog,,,J1628-41,True,IR
ir040221.0551        [0,J1628-41,16:28:47.2,-41:52:47,2004-02-22,08:14:21,2453057.8433,30.0,1.24,K,K,,,,missingreplog_J1628-41.csv,,,Data replog,,,J1628-41,True,IR
ir040221.0550        [0,J1628-41,16:28:47.2,-41:52:47,2004-02-22,08:13:29,2453057.8427,30.1,1.24,K,K,,,,missingreplog_J1628-41.csv,,,Data replog,,,J1628-41,True,IR
ir040221.0549        [0,J1628-41,16:28:47.2,-41:52:47,2004-02-22,08:11:42,2453057.8415,30.1,1.25,J,J,,,,missingreplog_J1628-41.csv,,,Data replog,,,J1628-41,True,IR
ir040221.0548        [0,J1628-41,16:28:47.2,-41:52:47,2004-02-22,08:10:49,2453057.8408,30.0,1.25,J,J,,,,missingreplog_J1628-41.csv,,,Data replog,,,J1628-41,True,IR
ir040221.0547        [0,J1628-41,16:28:47.2,-41:52:47,2004-02-22,08:09:57,2453057.8402,30.0,1.25,J,J,,,,missingreplog_J1628-41.csv,,,Data replog,,,J1628-41,True,IR
ir040221.0546        [0,J1628-41,16:28:47.1,-41:52:47,2004-02-22,08:09:04,2453057.8396,30.1,1.26,J,J,,,,missingreplog_J1628-41.csv,,,Data replog,,,J1628-41,True,IR
ir040221.0545        [0,J1628-41,16:28:47.1,-41:52:47,2004-02-22,08:08:12,2453057.839,30.1,1.26,J,J,,,,missingreplog_J1628-41.csv,,,Data replog,,,J1628-41,True,IR
ir040221.0544        [0,J1628-41,16:28:47.1,-41:52:47,2004-02-22,08:07:20,2453057.8384,30.1,1.26,J,J,,,,missingreplog_J1628-41.csv,,,Data replog,,,J1628-41,True,IR
ir040220.0463        [0,J1628-41,16:28:47.4,-41:52:44,2004-02-21,07:50:44,2453056.8269,30.1,1.33,K,K,,,,missingreplog_J1628-41.csv,,,Data replog,,,J1628-41,True,IR
ir040220.0462        [0,J1628-41,16:28:47.5,-41:52:44,2004-02-21,07:49:51,2453056.8263,30.0,1.34,K,K,,,,missingreplog_J1628-41.csv,,,Data replog,,,J1628-41,True,IR
ir040220.0461        [0,J1628-41,16:28:47.4,-41:52:44,2004-02-21,07:48:58,2453056.8257,30.1,1.34,K,K,,,,missingreplog_J1628-41.csv,,,Data replog,,,J1628-41,True,IR
ir040220.0460        [0,J1628-41,16:28:47.5,-41:52:44,2004-02-21,07:48:05,2453056.8251,30.1,1.34,K,K,,,,missingreplog_J1628-41.csv,,,Data replog,,,J1628-41,True,IR
ir040220.0459        [0,J1628-41,16:28:47.5,-41:52:44,2004-02-21,07:47:12,2453056.8245,30.1,1.35,K,K,,,,missingreplog_J1628-41.csv,,,Data replog,,,J1628-41,True,IR
ir040220.0458        [0,J1628-41,16:28:47.5,-41:52:44,2004-02-21,07:46:20,2453056.8238,30.0,1.35,K,K,,,,missingreplog_J1628-41.csv,,,Data replog,,,J1628-41,True,IR
ir040220.0457        [0,J1628-41,16:28:47.5,-41:52:44,2004-02-21,07:44:32,2453056.8226,30.1,1.36,J,J,,,,missingreplog_J1628-41.csv,,,Data replog,,,J1628-41,True,IR
ir040220.0456        [0,J1628-41,16:28:47.6,-41:52:44,2004-02-21,07:43:40,2453056.822,30.1,1.36,J,J,,,,missingreplog_J1628-41.csv,,,Data replog,,,J1628-41,True,IR
ir040220.0455        [0,J1628-41,16:28:47.6,-41:52:44,2004-02-21,07:42:48,2453056.8214,30.1,1.36,J,J,,,,missingreplog_J1628-41.csv,,,Data replog,,,J1628-41,True,IR
ir040220.0454        [0,J1628-41,16:28:47.6,-41:52:44,2004-02-21,07:41:55,2453056.8208,30.0,1.37,J,J,,,,missingreplog_J1628-41.csv,,,Data replog,,,J1628-41,True,IR
ir040220.0453        [0,J1628-41,16:28:47.6,-41:52:44,2004-02-21,07:41:02,2453056.8202,30.1,1.37,J,J,,,,missingreplog_J1628-41.csv,,,Data replog,,,J1628-41,True,IR
ir040214.0363        [0,J1628-41,16:28:47.1,-41:52:35,2004-02-15,09:22:11,2453050.8904,30.1,1.14,K,K,,,,missingreplog_J1628-41.csv,,,Data replog,,,J1628-41,True,IR
ir040214.0361        [0,J1628-41,16:28:47.0,-41:52:35,2004-02-15,09:20:26,2453050.8892,30.0,1.15,K,K,,,,missingreplog_J1628-41.csv,,,Data replog,,,J1628-41,True,IR
ir040222.0367        [0,J1628-41,16:28:47.2,-41:52:38,2004-02-23,06:16:44,2453058.7616,30.1,1.85,J,J,,,,missingreplog_J1628-41.csv,,,Data replog,,,J1628-41,True,IR
ir040210.0500        [0,J1628-41,16:28:46.0,-41:52:46,2004-02-11,08:43:40,2453046.8637,30.0,1.28,J,J,,,,missingreplog_J1628-41.csv,,,Data replog,,,J1628-41,True,IR
ir040212.0436        [0,J1628-41,16:28:47.2,-41:52:38,2004-02-13,08:59:56,2453048.875,30.1,1.21,J,J,,,,missingreplog_J1628-41.csv,,,Data replog,,,J1628-41,True,IR
ir040212.0435        [0,J1628-41,16:28:47.2,-41:52:38,2004-02-13,08:59:04,2453048.8744,30.0,1.21,J,J,,,,missingreplog_J1628-41.csv,,,Data replog,,,J1628-41,True,IR
ir040210.0509        [0,J1628-41,16:28:45.9,-41:52:46,2004-02-11,08:52:25,2453046.8697,30.0,1.26,K,K,,,,missingreplog_J1628-41.csv,,,Data replog,,,J1628-41,True,IR
ir040210.0508        [0,J1628-41,16:28:45.9,-41:52:46,2004-02-11,08:51:32,2453046.8691,30.0,1.26,K,K,,,,missingreplog_J1628-41.csv,,,Data replog,,,J1628-41,True,IR
ir040210.0507        [0,J1628-41,16:28:45.9,-41:52:46,2004-02-11,08:50:40,2453046.8685,30.0,1.26,K,K,,,,missingreplog_J1628-41.csv,,,Data replog,,,J1628-41,True,IR
ir040210.0506        [0,J1628-41,16:28:45.9,-41:52:46,2004-02-11,08:49:46,2453046.8679,30.1,1.26,K,K,,,,missingreplog_J1628-41.csv,,,Data replog,,,J1628-41,True,IR
ir040210.0505        [0,J1628-41,16:28:45.9,-41:52:46,2004-02-11,08:48:53,2453046.8673,30.0,1.27,K,K,,,,missingreplog_J1628-41.csv,,,Data replog,,,J1628-41,True,IR
ir040210.0504        [0,J1628-41,16:28:45.9,-41:52:46,2004-02-11,08:48:04,2453046.8667,30.0,1.27,K,K,,,,missingreplog_J1628-41.csv,,,Data replog,,,J1628-41,True,IR
ir040210.0503        [0,J1628-41,16:28:45.9,-41:52:45,2004-02-11,08:46:16,2453046.8655,30.1,1.28,J,J,,,,missingreplog_J1628-41.csv,,,Data replog,,,J1628-41,True,IR
ir040210.0502        [0,J1628-41,16:28:46.0,-41:52:46,2004-02-11,08:45:23,2453046.8649,30.0,1.28,J,J,,,,missingreplog_J1628-41.csv,,,Data replog,,,J1628-41,True,IR
ir040210.0501        [0,J1628-41,16:28:46.0,-41:52:46,2004-02-11,08:44:33,2453046.8643,30.0,1.28,J,J,,,,missingreplog_J1628-41.csv,,,Data replog,,,J1628-41,True,IR
ir040210.0499        [0,J1628-41,16:28:46.0,-41:52:46,2004-02-11,08:42:47,2453046.863,30.0,1.29,J,J,,,,missingreplog_J1628-41.csv,,,Data replog,,,J1628-41,True,IR
ir040214.0360        [0,J1628-41,16:28:47.0,-41:52:35,2004-02-15,09:18:40,2453050.888,30.0,1.15,J,J,,,,missingreplog_J1628-41.csv,,,Data replog,,,J1628-41,True,IR
ir040210.0498        [0,J1628-41,16:28:46.0,-41:52:46,2004-02-11,08:41:55,2453046.8624,30.1,1.29,J,J,,,,missingreplog_J1628-41.csv,,,Data replog,,,J1628-41,True,IR
ir040209.0432        [0,J1628-41,16:28:47.2,-41:53:4.,2004-02-10,08:14:10,2453045.8432,30.0,1.42,K,K,,,,missingreplog_J1628-41.csv,,,Data replog,,,J1628-41,True,IR
ir040209.0431        [0,J1628-41,16:28:47.2,-41:53:5.,2004-02-10,08:13:18,2453045.8426,30.0,1.42,K,K,,,,missingreplog_J1628-41.csv,,,Data replog,,,J1628-41,True,IR
ir040209.0430        [0,J1628-41,16:28:47.2,-41:53:4.,2004-02-10,08:12:25,2453045.842,30.1,1.42,K,K,,,,missingreplog_J1628-41.csv,,,Data replog,,,J1628-41,True,IR
ir040209.0429        [0,J1628-41,16:28:47.1,-41:53:4.,2004-02-10,08:11:33,2453045.8413,30.1,1.43,K,K,,,,missingreplog_J1628-41.csv,,,Data replog,,,J1628-41,True,IR
ir040209.0428        [0,J1628-41,16:28:47.1,-41:53:4.,2004-02-10,08:10:39,2453045.8407,30.0,1.43,K,K,,,,missingreplog_J1628-41.csv,,,Data replog,,,J1628-41,True,IR
ir040209.0427        [0,J1628-41,16:28:47.1,-41:53:5.,2004-02-10,08:09:47,2453045.8401,30.1,1.44,K,K,,,,missingreplog_J1628-41.csv,,,Data replog,,,J1628-41,True,IR
ir040209.0426        [0,J1628-41,16:28:47.0,-41:53:5.,2004-02-10,08:08:00,2453045.8389,30.1,1.45,J,J,,,,missingreplog_J1628-41.csv,,,Data replog,,,J1628-41,True,IR
ir040209.0425        [0,J1628-41,16:28:47.0,-41:53:5.,2004-02-10,08:07:07,2453045.8383,30.1,1.45,J,J,,,,missingreplog_J1628-41.csv,,,Data replog,,,J1628-41,True,IR
ir040209.0424        [0,J1628-41,16:28:47.0,-41:53:5.,2004-02-10,08:06:18,2453045.8377,30.0,1.45,J,J,,,,missingreplog_J1628-41.csv,,,Data replog,,,J1628-41,True,IR
ir040209.0423        [0,J1628-41,16:28:47.0,-41:53:5.,2004-02-10,08:05:25,2453045.8371,30.0,1.46,J,J,,,,missingreplog_J1628-41.csv,,,Data replog,,,J1628-41,True,IR
ir040212.0437        [0,J1628-41,16:28:47.2,-41:52:38,2004-02-13,09:00:50,2453048.8756,30.0,1.21,J,J,,,,missingreplog_J1628-41.csv,,,Data replog,,,J1628-41,True,IR
ir040212.0438        [0,J1628-41,16:28:47.2,-41:52:38,2004-02-13,09:01:42,2453048.8762,30.0,1.21,J,J,,,,missingreplog_J1628-41.csv,,,Data replog,,,J1628-41,True,IR
ir040212.0439        [0,J1628-41,16:28:47.2,-41:52:37,2004-02-13,09:02:35,2453048.8768,30.0,1.2,J,J,,,,missingreplog_J1628-41.csv,,,Data replog,,,J1628-41,True,IR
ir040212.0440        [0,J1628-41,16:28:47.3,-41:52:37,2004-02-13,09:03:27,2453048.8774,30.0,1.2,J,J,,,,missingreplog_J1628-41.csv,,,Data replog,,,J1628-41,True,IR
ir040214.0359        [0,J1628-41,16:28:47.0,-41:52:36,2004-02-15,09:17:48,2453050.8874,30.0,1.15,J,J,,,,missingreplog_J1628-41.csv,,,Data replog,,,J1628-41,True,IR
ir040214.0358        [0,J1628-41,16:28:47.0,-41:52:36,2004-02-15,09:16:56,2453050.8868,30.0,1.15,J,J,,,,missingreplog_J1628-41.csv,,,Data replog,,,J1628-41,True,IR
ir040214.0357        [0,J1628-41,16:28:47.0,-41:52:36,2004-02-15,09:16:02,2453050.8861,30.1,1.15,J,J,,,,missingreplog_J1628-41.csv,,,Data replog,,,J1628-41,True,IR
ir040214.0356        [0,J1628-41,16:28:46.9,-41:52:36,2004-02-15,09:15:10,2453050.8855,30.0,1.16,J,J,,,,missingreplog_J1628-41.csv,,,Data replog,,,J1628-41,True,IR
ir040214.0355        [0,J1628-41,16:28:46.9,-41:52:36,2004-02-15,09:14:17,2453050.8849,30.0,1.16,J,J,,,,missingreplog_J1628-41.csv,,,Data replog,,,J1628-41,True,IR
ir040213.0498        [0,J1628-41,16:28:47.0,-41:52:35,2004-02-14,09:03:51,2453049.8777,30.0,1.19,K,K,,,,missingreplog_J1628-41.csv,,,Data replog,,,J1628-41,True,IR
ir040213.0497        [0,J1628-41,16:28:47.0,-41:52:35,2004-02-14,09:02:58,2453049.8771,30.1,1.19,K,K,,,,missingreplog_J1628-41.csv,,,Data replog,,,J1628-41,True,IR
ir040213.0496        [0,J1628-41,16:28:47.1,-41:52:35,2004-02-14,09:02:06,2453049.8765,30.0,1.2,K,K,,,,missingreplog_J1628-41.csv,,,Data replog,,,J1628-41,True,IR
ir040213.0495        [0,J1628-41,16:28:47.1,-41:52:35,2004-02-14,09:01:13,2453049.8758,30.0,1.2,K,K,,,,missingreplog_J1628-41.csv,,,Data replog,,,J1628-41,True,IR
ir040213.0494        [0,J1628-41,16:28:47.1,-41:52:35,2004-02-14,09:00:20,2453049.8752,30.0,1.2,K,K,,,,missingreplog_J1628-41.csv,,,Data replog,,,J1628-41,True,IR
ir040213.0493        [0,J1628-41,16:28:47.1,-41:52:36,2004-02-14,08:59:27,2453049.8746,30.0,1.2,K,K,,,,missingreplog_J1628-41.csv,,,Data replog,,,J1628-41,True,IR
ir040213.0492        [0,J1628-41,16:28:47.1,-41:52:37,2004-02-14,08:57:42,2453049.8734,30.0,1.21,J,J,,,,missingreplog_J1628-41.csv,,,Data replog,,,J1628-41,True,IR
ir040213.0491        [0,J1628-41,16:28:47.1,-41:52:37,2004-02-14,08:56:50,2453049.8728,30.1,1.21,J,J,,,,missingreplog_J1628-41.csv,,,Data replog,,,J1628-41,True,IR
ir040213.0490        [0,J1628-41,16:28:47.1,-41:52:37,2004-02-14,08:55:58,2453049.8722,30.1,1.21,J,J,,,,missingreplog_J1628-41.csv,,,Data replog,,,J1628-41,True,IR
ir040213.0489        [0,J1628-41,16:28:47.1,-41:52:38,2004-02-14,08:55:05,2453049.8716,30.0,1.21,J,J,,,,missingreplog_J1628-41.csv,,,Data replog,,,J1628-41,True,IR
ir040213.0488        [0,J1628-41,16:28:47.2,-41:52:38,2004-02-14,08:54:12,2453049.871,30.1,1.22,J,J,,,,missingreplog_J1628-41.csv,,,Data replog,,,J1628-41,True,IR
ir040213.0487        [0,J1628-41,16:28:47.2,-41:52:38,2004-02-14,08:53:19,2453049.8704,30.0,1.22,J,J,,,,missingreplog_J1628-41.csv,,,Data replog,,,J1628-41,True,IR
ir040212.0446        [0,J1628-41,16:28:47.1,-41:52:37,2004-02-13,09:09:36,2453048.8817,30.1,1.19,K,K,,,,missingreplog_J1628-41.csv,,,Data replog,,,J1628-41,True,IR
ir040212.0445        [0,J1628-41,16:28:47.1,-41:52:37,2004-02-13,09:08:43,2453048.8811,30.0,1.19,K,K,,,,missingreplog_J1628-41.csv,,,Data replog,,,J1628-41,True,IR
ir040212.0444        [0,J1628-41,16:28:47.1,-41:52:37,2004-02-13,09:07:51,2453048.8805,30.1,1.19,K,K,,,,missingreplog_J1628-41.csv,,,Data replog,,,J1628-41,True,IR
ir040212.0443        [0,J1628-41,16:28:47.2,-41:52:37,2004-02-13,09:06:58,2453048.8798,30.1,1.19,K,K,,,,missingreplog_J1628-41.csv,,,Data replog,,,J1628-41,True,IR
ir040212.0442        [0,J1628-41,16:28:47.2,-41:52:37,2004-02-13,09:06:05,2453048.8792,30.0,1.2,K,K,,,,missingreplog_J1628-41.csv,,,Data replog,,,J1628-41,True,IR
ir040212.0441        [0,J1628-41,16:28:47.2,-41:52:37,2004-02-13,09:05:13,2453048.8786,30.0,1.2,K,K,,,,missingreplog_J1628-41.csv,,,Data replog,,,J1628-41,True,IR
ir040222.0366        [0,J1628-41,16:28:47.2,-41:52:38,2004-02-23,06:15:52,2453058.761,30.1,1.86,J,J,,,,missingreplog_J1628-41.csv,,,Data replog,,,J1628-41,True,IR
ir040222.0368        [0,J1628-41,16:28:47.2,-41:52:38,2004-02-23,06:17:37,2453058.7622,30.1,1.84,J,J,,,,missingreplog_J1628-41.csv,,,Data replog,,,J1628-41,True,IR
ir030929.0075        [0,J1628-41,16:28:47.2,-41:52:38,2003-09-30,00:09:58,2452912.5069,30.0,1.38,J,J,,,,missingreplog_J1628-41.csv,,,Data replog,,,J1628-41,True,IR
ir040228.0407        [0,J1628-41,16:28:47.3,-41:52:37,2004-02-29,07:46:13,2453064.8238,30.0,1.24,K,K,,,,missingreplog_J1628-41.csv,,,Data replog,,,J1628-41,True,IR
ir040229.0457        [0,J1628-41,16:28:47.2,-41:52:37,2004-03-01,07:53:20,2453065.8287,30.0,1.21,K,K,,,,missingreplog_J1628-41.csv,,,Data replog,,,J1628-41,True,IR
ir040229.0456        [0,J1628-41,16:28:47.1,-41:52:37,2004-03-01,07:52:27,2453065.8281,30.1,1.21,K,K,,,,missingreplog_J1628-41.csv,,,Data replog,,,J1628-41,True,IR
ir040229.0455        [0,J1628-41,16:28:47.2,-41:52:37,2004-03-01,07:51:34,2453065.8275,30.0,1.22,K,K,,,,missingreplog_J1628-41.csv,,,Data replog,,,J1628-41,True,IR
ir040229.0454        [0,J1628-41,16:28:47.2,-41:52:37,2004-03-01,07:50:41,2453065.8269,30.1,1.22,K,K,,,,missingreplog_J1628-41.csv,,,Data replog,,,J1628-41,True,IR
ir040229.0453        [0,J1628-41,16:28:47.2,-41:52:37,2004-03-01,07:49:49,2453065.8263,30.1,1.22,K,K,,,,missingreplog_J1628-41.csv,,,Data replog,,,J1628-41,True,IR
ir040229.0452        [0,J1628-41,16:28:47.2,-41:52:37,2004-03-01,07:48:03,2453065.825,30.0,1.23,J,J,,,,missingreplog_J1628-41.csv,,,Data replog,,,J1628-41,True,IR
ir040229.0451        [0,J1628-41,16:28:47.2,-41:52:37,2004-03-01,07:47:10,2453065.8244,30.1,1.23,J,J,,,,missingreplog_J1628-41.csv,,,Data replog,,,J1628-41,True,IR
ir040229.0450        [0,J1628-41,16:28:47.2,-41:52:38,2004-03-01,07:46:18,2453065.8238,30.1,1.23,J,J,,,,missingreplog_J1628-41.csv,,,Data replog,,,J1628-41,True,IR
ir040229.0449        [0,J1628-41,16:28:47.2,-41:52:38,2004-03-01,07:45:25,2453065.8232,30.1,1.23,J,J,,,,missingreplog_J1628-41.csv,,,Data replog,,,J1628-41,True,IR
ir040229.0448        [0,J1628-41,16:28:47.2,-41:52:38,2004-03-01,07:44:32,2453065.8226,30.1,1.24,J,J,,,,missingreplog_J1628-41.csv,,,Data replog,,,J1628-41,True,IR
ir040229.0447        [0,J1628-41,16:28:47.2,-41:52:38,2004-03-01,07:43:39,2453065.822,30.0,1.24,J,J,,,,missingreplog_J1628-41.csv,,,Data replog,,,J1628-41,True,IR
ir040228.0406        [0,J1628-41,16:28:47.3,-41:52:38,2004-02-29,07:45:20,2453064.8232,30.0,1.24,K,K,,,,missingreplog_J1628-41.csv,,,Data replog,,,J1628-41,True,IR
ir040227.0461        [0,J1628-41,16:28:47.2,-41:52:36,2004-02-28,07:52:49,2453063.8284,30.1,1.23,K,K,,,,missingreplog_J1628-41.csv,,,Data replog,,,J1628-41,True,IR
ir040228.0405        [0,J1628-41,16:28:47.2,-41:52:38,2004-02-29,07:44:28,2453064.8226,30.0,1.25,K,K,,,,missingreplog_J1628-41.csv,,,Data replog,,,J1628-41,True,IR
ir040228.0404        [0,J1628-41,16:28:47.3,-41:52:38,2004-02-29,07:43:35,2453064.8219,30.1,1.25,K,K,,,,missingreplog_J1628-41.csv,,,Data replog,,,J1628-41,True,IR
ir040228.0403        [0,J1628-41,16:28:47.2,-41:52:38,2004-02-29,07:42:42,2453064.8213,30.0,1.25,K,K,,,,missingreplog_J1628-41.csv,,,Data replog,,,J1628-41,True,IR
ir040228.0402        [0,J1628-41,16:28:47.2,-41:52:38,2004-02-29,07:41:52,2453064.8207,30.0,1.26,K,K,,,,missingreplog_J1628-41.csv,,,Data replog,,,J1628-41,True,IR
ir040228.0401        [0,J1628-41,16:28:47.2,-41:52:38,2004-02-29,07:40:02,2453064.8195,30.0,1.26,J,J,,,,missingreplog_J1628-41.csv,,,Data replog,,,J1628-41,True,IR
ir040228.0400        [0,J1628-41,16:28:47.2,-41:52:38,2004-02-29,07:39:10,2453064.8189,30.0,1.26,J,J,,,,missingreplog_J1628-41.csv,,,Data replog,,,J1628-41,True,IR
ir040228.0399        [0,J1628-41,16:28:47.2,-41:52:38,2004-02-29,07:38:20,2453064.8183,30.0,1.27,J,J,,,,missingreplog_J1628-41.csv,,,Data replog,,,J1628-41,True,IR
ir040228.0398        [0,J1628-41,16:28:47.2,-41:52:38,2004-02-29,07:37:27,2453064.8177,30.0,1.27,J,J,,,,missingreplog_J1628-41.csv,,,Data replog,,,J1628-41,True,IR
ir040228.0397        [0,J1628-41,16:28:47.2,-41:52:38,2004-02-29,07:36:34,2453064.8171,30.1,1.27,J,J,,,,missingreplog_J1628-41.csv,,,Data replog,,,J1628-41,True,IR
ir040228.0396        [0,J1628-41,16:28:47.2,-41:52:38,2004-02-29,07:35:42,2453064.8165,30.1,1.27,J,J,,,,missingreplog_J1628-41.csv,,,Data replog,,,J1628-41,True,IR
ir040227.0463        [0,J1628-41,16:28:47.2,-41:52:36,2004-02-28,07:54:34,2453063.8296,30.0,1.23,K,K,,,,missingreplog_J1628-41.csv,,,Data replog,,,J1628-41,True,IR
ir040229.0458        [0,J1628-41,16:28:47.2,-41:52:36,2004-03-01,07:54:12,2453065.8293,30.0,1.21,K,K,,,,missingreplog_J1628-41.csv,,,Data replog,,,J1628-41,True,IR
ir040301.0384        [0,J1628-41,16:28:47.2,-41:52:38,2004-03-02,07:13:38,2453066.8011,30.0,1.32,J,J,,,,missingreplog_J1628-41.csv,,,Data replog,,,J1628-41,True,IR
ir040301.0385        [0,J1628-41,16:28:47.1,-41:52:38,2004-03-02,07:14:28,2453066.8017,30.1,1.32,J,J,,,,missingreplog_J1628-41.csv,,,Data replog,,,J1628-41,True,IR
ir040301.0386        [0,J1628-41,16:28:47.1,-41:52:38,2004-03-02,07:15:21,2453066.8023,30.0,1.32,J,J,,,,missingreplog_J1628-41.csv,,,Data replog,,,J1628-41,True,IR
ir040303.0380        [0,J1628-41,16:28:47.2,-41:52:37,2004-03-04,07:15:12,2453068.8022,30.0,1.29,J,J,,,,missingreplog_J1628-41.csv,,,Data replog,,,J1628-41,True,IR
ir040303.0379        [0,J1628-41,16:28:47.2,-41:52:38,2004-03-04,07:14:20,2453068.8016,30.0,1.29,J,J,,,,missingreplog_J1628-41.csv,,,Data replog,,,J1628-41,True,IR
ir040302.0366        [0,J1628-41,16:28:47.5,-41:52:37,2004-03-03,08:14:33,2453067.8434,30.1,1.14,K,K,,,,missingreplog_J1628-41.csv,,,Data replog,,,J1628-41,True,IR
ir040302.0365        [0,J1628-41,16:28:47.4,-41:52:37,2004-03-03,08:13:41,2453067.8428,30.1,1.15,K,K,,,,missingreplog_J1628-41.csv,,,Data replog,,,J1628-41,True,IR
ir040302.0364        [0,J1628-41,16:28:47.4,-41:52:37,2004-03-03,08:12:49,2453067.8422,30.1,1.15,K,K,,,,missingreplog_J1628-41.csv,,,Data replog,,,J1628-41,True,IR
ir040302.0363        [0,J1628-41,16:28:47.4,-41:52:37,2004-03-03,08:11:56,2453067.8416,30.0,1.15,K,K,,,,missingreplog_J1628-41.csv,,,Data replog,,,J1628-41,True,IR
ir040302.0362        [0,J1628-41,16:28:47.4,-41:52:37,2004-03-03,08:11:03,2453067.841,30.0,1.15,K,K,,,,missingreplog_J1628-41.csv,,,Data replog,,,J1628-41,True,IR
ir040302.0361        [0,J1628-41,16:28:47.4,-41:52:37,2004-03-03,08:10:11,2453067.8404,30.1,1.15,K,K,,,,missingreplog_J1628-41.csv,,,Data replog,,,J1628-41,True,IR
ir040302.0360        [0,J1628-41,16:28:47.3,-41:52:38,2004-03-03,08:08:24,2453067.8392,30.0,1.16,J,J,,,,missingreplog_J1628-41.csv,,,Data replog,,,J1628-41,True,IR
ir040302.0359        [0,J1628-41,16:28:47.3,-41:52:37,2004-03-03,08:07:31,2453067.8386,30.0,1.16,J,J,,,,missingreplog_J1628-41.csv,,,Data replog,,,J1628-41,True,IR
ir040302.0358        [0,J1628-41,16:28:47.3,-41:52:38,2004-03-03,08:06:39,2453067.838,30.0,1.16,J,J,,,,missingreplog_J1628-41.csv,,,Data replog,,,J1628-41,True,IR
ir040302.0357        [0,J1628-41,16:28:47.2,-41:52:38,2004-03-03,08:05:46,2453067.8373,30.0,1.16,J,J,,,,missingreplog_J1628-41.csv,,,Data replog,,,J1628-41,True,IR
ir040302.0356        [0,J1628-41,16:28:47.2,-41:52:38,2004-03-03,08:04:53,2453067.8367,30.1,1.16,J,J,,,,missingreplog_J1628-41.csv,,,Data replog,,,J1628-41,True,IR
ir040302.0355        [0,J1628-41,16:28:47.2,-41:52:38,2004-03-03,08:04:01,2453067.8361,30.0,1.17,J,J,,,,missingreplog_J1628-41.csv,,,Data replog,,,J1628-41,True,IR
ir040301.0395        [0,J1628-41,16:28:46.9,-41:52:37,2004-03-02,07:24:10,2453066.8085,30.1,1.29,K,K,,,,missingreplog_J1628-41.csv,,,Data replog,,,J1628-41,True,IR
ir040301.0394        [0,J1628-41,16:28:46.9,-41:52:37,2004-03-02,07:23:18,2453066.8078,30.0,1.29,K,K,,,,missingreplog_J1628-41.csv,,,Data replog,,,J1628-41,True,IR
ir040301.0393        [0,J1628-41,16:28:46.9,-41:52:37,2004-03-02,07:22:26,2453066.8073,30.1,1.29,K,K,,,,missingreplog_J1628-41.csv,,,Data replog,,,J1628-41,True,IR
ir040301.0392        [0,J1628-41,16:28:47.0,-41:52:37,2004-03-02,07:21:33,2453066.8066,30.1,1.3,K,K,,,,missingreplog_J1628-41.csv,,,Data replog,,,J1628-41,True,IR
ir040301.0391        [0,J1628-41,16:28:47.0,-41:52:37,2004-03-02,07:20:40,2453066.806,30.0,1.3,K,K,,,,missingreplog_J1628-41.csv,,,Data replog,,,J1628-41,True,IR
ir040301.0390        [0,J1628-41,16:28:47.0,-41:52:37,2004-03-02,07:19:48,2453066.8054,30.0,1.3,K,K,,,,missingreplog_J1628-41.csv,,,Data replog,,,J1628-41,True,IR
ir040301.0389        [0,J1628-41,16:28:47.0,-41:52:38,2004-03-02,07:18:00,2453066.8042,30.0,1.31,J,J,,,,missingreplog_J1628-41.csv,,,Data replog,,,J1628-41,True,IR
ir040301.0388        [0,J1628-41,16:28:47.0,-41:52:38,2004-03-02,07:17:07,2453066.8035,30.1,1.31,J,J,,,,missingreplog_J1628-41.csv,,,Data replog,,,J1628-41,True,IR
ir040301.0387        [0,J1628-41,16:28:47.1,-41:52:38,2004-03-02,07:16:14,2453066.8029,30.0,1.32,J,J,,,,missingreplog_J1628-41.csv,,,Data replog,,,J1628-41,True,IR
ir040227.0462        [0,J1628-41,16:28:47.2,-41:52:36,2004-02-28,07:53:41,2453063.829,30.1,1.23,K,K,,,,missingreplog_J1628-41.csv,,,Data replog,,,J1628-41,True,IR
ir040227.0460        [0,J1628-41,16:28:47.2,-41:52:37,2004-02-28,07:51:56,2453063.8277,30.0,1.24,K,K,,,,missingreplog_J1628-41.csv,,,Data replog,,,J1628-41,True,IR
ir040222.0369        [0,J1628-41,16:28:47.3,-41:52:38,2004-02-23,06:18:30,2453058.7629,30.0,1.84,J,J,,,,missingreplog_J1628-41.csv,,,Data replog,,,J1628-41,True,IR
ir040224.0415        [0,J1628-41,16:28:46.4,-41:52:48,2004-02-25,07:46:07,2453060.8237,30.1,1.29,J,J,,,,missingreplog_J1628-41.csv,,,Data replog,,,J1628-41,True,IR
ir040225.0304        [0,J1628-41,16:28:45.7,-41:52:48,2004-02-26,06:45:21,2453061.7815,30.0,1.55,J,J,,,,missingreplog_J1628-41.csv,,,Data replog,,,J1628-41,True,IR
ir040225.0303        [0,J1628-41,16:28:45.7,-41:52:48,2004-02-26,06:44:28,2453061.7809,30.0,1.56,J,J,,,,missingreplog_J1628-41.csv,,,Data replog,,,J1628-41,True,IR
ir040225.0302        [0,J1628-41,16:28:45.7,-41:52:48,2004-02-26,06:43:35,2453061.7803,30.1,1.56,J,J,,,,missingreplog_J1628-41.csv,,,Data replog,,,J1628-41,True,IR
ir040225.0301        [0,J1628-41,16:28:45.6,-41:52:48,2004-02-26,06:42:43,2453061.7797,30.0,1.57,J,J,,,,missingreplog_J1628-41.csv,,,Data replog,,,J1628-41,True,IR
ir040224.0422        [0,J1628-41,16:28:46.2,-41:52:48,2004-02-25,07:53:10,2453060.8286,30.0,1.27,K,K,,,,missingreplog_J1628-41.csv,,,Data replog,,,J1628-41,True,IR
ir040224.0421        [0,J1628-41,16:28:46.2,-41:52:48,2004-02-25,07:52:17,2453060.828,30.1,1.27,K,K,,,,missingreplog_J1628-41.csv,,,Data replog,,,J1628-41,True,IR
ir040224.0420        [0,J1628-41,16:28:46.2,-41:52:48,2004-02-25,07:51:24,2453060.8274,30.1,1.27,K,K,,,,missingreplog_J1628-41.csv,,,Data replog,,,J1628-41,True,IR
ir040224.0419        [0,J1628-41,16:28:46.3,-41:52:48,2004-02-25,07:50:31,2453060.8268,30.0,1.28,K,K,,,,missingreplog_J1628-41.csv,,,Data replog,,,J1628-41,True,IR
ir040224.0418        [0,J1628-41,16:28:46.3,-41:52:48,2004-02-25,07:49:38,2453060.8261,30.1,1.28,K,K,,,,missingreplog_J1628-41.csv,,,Data replog,,,J1628-41,True,IR
ir040224.0417        [0,J1628-41,16:28:46.3,-41:52:48,2004-02-25,07:48:46,2453060.8255,30.1,1.28,K,K,,,,missingreplog_J1628-41.csv,,,Data replog,,,J1628-41,True,IR
ir040224.0416        [0,J1628-41,16:28:46.3,-41:52:48,2004-02-25,07:47:00,2453060.8243,30.1,1.29,J,J,,,,missingreplog_J1628-41.csv,,,Data replog,,,J1628-41,True,IR
ir040224.0414        [0,J1628-41,16:28:46.4,-41:52:48,2004-02-25,07:45:14,2453060.8231,30.0,1.3,J,J,,,,missingreplog_J1628-41.csv,,,Data replog,,,J1628-41,True,IR
ir040227.0459        [0,J1628-41,16:28:47.2,-41:52:37,2004-02-28,07:51:04,2453063.8271,30.0,1.24,K,K,,,,missingreplog_J1628-41.csv,,,Data replog,,,J1628-41,True,IR
ir040224.0413        [0,J1628-41,16:28:46.4,-41:52:47,2004-02-25,07:44:21,2453060.8225,30.0,1.3,J,J,,,,missingreplog_J1628-41.csv,,,Data replog,,,J1628-41,True,IR
ir040224.0412        [0,J1628-41,16:28:46.5,-41:52:48,2004-02-25,07:43:28,2453060.8219,30.0,1.3,J,J,,,,missingreplog_J1628-41.csv,,,Data replog,,,J1628-41,True,IR
ir040224.0411        [0,J1628-41,16:28:46.6,-41:52:48,2004-02-25,07:42:36,2453060.8213,30.0,1.31,J,J,,,,missingreplog_J1628-41.csv,,,Data replog,,,J1628-41,True,IR
ir040222.0377        [0,J1628-41,16:28:47.4,-41:52:37,2004-02-23,06:26:23,2453058.7683,30.0,1.77,K,K,,,,missingreplog_J1628-41.csv,,,Data replog,,,J1628-41,True,IR
ir040222.0376        [0,J1628-41,16:28:47.5,-41:52:37,2004-02-23,06:25:30,2453058.7677,30.1,1.78,K,K,,,,missingreplog_J1628-41.csv,,,Data replog,,,J1628-41,True,IR
ir040222.0375        [0,J1628-41,16:28:47.4,-41:52:37,2004-02-23,06:24:40,2453058.7671,30.0,1.78,K,K,,,,missingreplog_J1628-41.csv,,,Data replog,,,J1628-41,True,IR
ir040222.0374        [0,J1628-41,16:28:47.4,-41:52:37,2004-02-23,06:23:47,2453058.7665,30.0,1.79,K,K,,,,missingreplog_J1628-41.csv,,,Data replog,,,J1628-41,True,IR
ir040222.0373        [0,J1628-41,16:28:47.3,-41:52:38,2004-02-23,06:22:54,2453058.7659,30.1,1.8,K,K,,,,missingreplog_J1628-41.csv,,,Data replog,,,J1628-41,True,IR
ir040222.0372        [0,J1628-41,16:28:47.3,-41:52:38,2004-02-23,06:22:01,2453058.7653,30.0,1.8,K,K,,,,missingreplog_J1628-41.csv,,,Data replog,,,J1628-41,True,IR
ir040222.0371        [0,J1628-41,16:28:47.3,-41:52:38,2004-02-23,06:20:12,2453058.764,30.1,1.82,J,J,,,,missingreplog_J1628-41.csv,,,Data replog,,,J1628-41,True,IR
ir040222.0370        [0,J1628-41,16:28:47.3,-41:52:38,2004-02-23,06:19:20,2453058.7634,30.0,1.83,J,J,,,,missingreplog_J1628-41.csv,,,Data replog,,,J1628-41,True,IR
ir040225.0305        [0,J1628-41,16:28:45.7,-41:52:47,2004-02-26,06:46:13,2453061.7821,30.0,1.55,J,J,,,,missingreplog_J1628-41.csv,,,Data replog,,,J1628-41,True,IR
ir040225.0306        [0,J1628-41,16:28:45.8,-41:52:47,2004-02-26,06:47:05,2453061.7827,30.0,1.54,J,J,,,,missingreplog_J1628-41.csv,,,Data replog,,,J1628-41,True,IR
ir040225.0307        [0,J1628-41,16:28:45.8,-41:52:47,2004-02-26,06:48:52,2453061.7839,30.1,1.53,K,K,,,,missingreplog_J1628-41.csv,,,Data replog,,,J1628-41,True,IR
ir040225.0308        [0,J1628-41,16:28:45.8,-41:52:47,2004-02-26,06:49:44,2453061.7845,30.0,1.53,K,K,,,,missingreplog_J1628-41.csv,,,Data replog,,,J1628-41,True,IR
ir040227.0458        [0,J1628-41,16:28:47.2,-41:52:37,2004-02-28,07:50:11,2453063.8265,30.1,1.24,K,K,,,,missingreplog_J1628-41.csv,,,Data replog,,,J1628-41,True,IR
ir040227.0457        [0,J1628-41,16:28:47.2,-41:52:37,2004-02-28,07:48:23,2453063.8253,30.1,1.25,J,J,,,,missingreplog_J1628-41.csv,,,Data replog,,,J1628-41,True,IR
ir040227.0456        [0,J1628-41,16:28:47.2,-41:52:37,2004-02-28,07:47:31,2453063.8247,30.0,1.25,J,J,,,,missingreplog_J1628-41.csv,,,Data replog,,,J1628-41,True,IR
ir040227.0455        [0,J1628-41,16:28:47.2,-41:52:38,2004-02-28,07:46:39,2453063.8241,30.0,1.25,J,J,,,,missingreplog_J1628-41.csv,,,Data replog,,,J1628-41,True,IR
ir040227.0454        [0,J1628-41,16:28:47.2,-41:52:38,2004-02-28,07:45:46,2453063.8235,30.0,1.26,J,J,,,,missingreplog_J1628-41.csv,,,Data replog,,,J1628-41,True,IR
ir040227.0453        [0,J1628-41,16:28:47.2,-41:52:38,2004-02-28,07:44:53,2453063.8228,30.1,1.26,J,J,,,,missingreplog_J1628-41.csv,,,Data replog,,,J1628-41,True,IR
ir040227.0452        [0,J1628-41,16:28:47.2,-41:52:38,2004-02-28,07:44:01,2453063.8222,30.1,1.26,J,J,,,,missingreplog_J1628-41.csv,,,Data replog,,,J1628-41,True,IR
ir040226.0449        [0,J1628-41,16:28:47.2,-41:52:37,2004-02-27,08:08:39,2453062.8393,30.0,1.2,K,K,,,,missingreplog_J1628-41.csv,,,Data replog,,,J1628-41,True,IR
ir040226.0448        [0,J1628-41,16:28:47.2,-41:52:38,2004-02-27,08:07:47,2453062.8387,30.1,1.2,K,K,,,,missingreplog_J1628-41.csv,,,Data replog,,,J1628-41,True,IR
ir040226.0447        [0,J1628-41,16:28:47.1,-41:52:38,2004-02-27,08:06:54,2453062.8381,30.1,1.21,K,K,,,,missingreplog_J1628-41.csv,,,Data replog,,,J1628-41,True,IR
ir040226.0446        [0,J1628-41,16:28:47.2,-41:52:38,2004-02-27,08:06:02,2453062.8375,30.1,1.21,K,K,,,,missingreplog_J1628-41.csv,,,Data replog,,,J1628-41,True,IR
ir040226.0445        [0,J1628-41,16:28:47.2,-41:52:38,2004-02-27,08:05:09,2453062.8369,30.1,1.21,K,K,,,,missingreplog_J1628-41.csv,,,Data replog,,,J1628-41,True,IR
ir040226.0444        [0,J1628-41,16:28:47.2,-41:52:39,2004-02-27,08:04:17,2453062.8363,30.0,1.21,K,K,,,,missingreplog_J1628-41.csv,,,Data replog,,,J1628-41,True,IR
ir040226.0443        [0,J1628-41,16:28:47.3,-41:52:38,2004-02-27,08:02:29,2453062.8351,30.0,1.22,J,J,,,,missingreplog_J1628-41.csv,,,Data replog,,,J1628-41,True,IR
ir040226.0442        [0,J1628-41,16:28:47.3,-41:52:38,2004-02-27,08:01:37,2453062.8345,30.0,1.22,J,J,,,,missingreplog_J1628-41.csv,,,Data replog,,,J1628-41,True,IR
ir040226.0441        [0,J1628-41,16:28:47.3,-41:52:38,2004-02-27,08:00:45,2453062.8339,30.0,1.22,J,J,,,,missingreplog_J1628-41.csv,,,Data replog,,,J1628-41,True,IR
ir040226.0440        [0,J1628-41,16:28:47.3,-41:52:38,2004-02-27,07:59:52,2453062.8333,30.1,1.23,J,J,,,,missingreplog_J1628-41.csv,,,Data replog,,,J1628-41,True,IR
ir040226.0439        [0,J1628-41,16:28:47.3,-41:52:38,2004-02-27,07:58:59,2453062.8326,30.1,1.23,J,J,,,,missingreplog_J1628-41.csv,,,Data replog,,,J1628-41,True,IR
ir040226.0438        [0,J1628-41,16:28:47.2,-41:52:38,2004-02-27,07:58:07,2453062.832,30.1,1.23,J,J,,,,missingreplog_J1628-41.csv,,,Data replog,,,J1628-41,True,IR
ir040225.0312        [0,J1628-41,16:28:45.9,-41:52:45,2004-02-26,06:53:14,2453061.787,30.0,1.51,K,K,,,,missingreplog_J1628-41.csv,,,Data replog,,,J1628-41,True,IR
ir040225.0311        [0,J1628-41,16:28:45.9,-41:52:46,2004-02-26,06:52:22,2453061.7864,30.0,1.51,K,K,,,,missingreplog_J1628-41.csv,,,Data replog,,,J1628-41,True,IR
ir040225.0310        [0,J1628-41,16:28:45.8,-41:52:46,2004-02-26,06:51:30,2453061.7858,30.1,1.52,K,K,,,,missingreplog_J1628-41.csv,,,Data replog,,,J1628-41,True,IR
ir040225.0309        [0,J1628-41,16:28:45.8,-41:52:46,2004-02-26,06:50:37,2453061.7852,30.0,1.52,K,K,,,,missingreplog_J1628-41.csv,,,Data replog,,,J1628-41,True,IR
ir040209.0422        [0,J1628-41,16:28:47.0,-41:53:5.,2004-02-10,08:04:32,2453045.8365,30.1,1.46,J,J,,,,missingreplog_J1628-41.csv,,,Data replog,,,J1628-41,True,IR
ir040209.0421        [0,J1628-41,16:28:47.0,-41:53:5.,2004-02-10,08:03:40,2453045.8359,30.0,1.47,J,J,,,,missingreplog_J1628-41.csv,,,Data replog,,,J1628-41,True,IR
ir040208.0480        [0,J1628-41,16:28:46.6,-41:52:54,2004-02-09,08:29:10,2453044.8536,30.1,1.37,K,K,,,,missingreplog_J1628-41.csv,,,Data replog,,,J1628-41,True,IR
ir040126.0428        [0,J1628-41,16:28:46.7,-41:52:44,2004-01-27,08:21:38,2453031.8484,30.0,1.7,K,K,,,,missingreplog_J1628-41.csv,,,Data replog,,,J1628-41,True,IR
ir040127.0366        [0,J1628-41,16:28:46.1,-41:52:40,2004-01-28,08:46:11,2453032.8654,30.1,1.51,J,J,,,,missingreplog_J1628-41.csv,,,Data replog,,,J1628-41,True,IR
ir040127.0365        [0,J1628-41,16:28:46.1,-41:52:40,2004-01-28,08:45:18,2453032.8648,30.0,1.52,J,J,,,,missingreplog_J1628-41.csv,,,Data replog,,,J1628-41,True,IR
ir040127.0364        [0,J1628-41,16:28:46.0,-41:52:41,2004-01-28,08:44:26,2453032.8642,30.0,1.52,J,J,,,,missingreplog_J1628-41.csv,,,Data replog,,,J1628-41,True,IR
ir040127.0363        [0,J1628-41,16:28:46.0,-41:52:41,2004-01-28,08:43:33,2453032.8636,30.0,1.53,J,J,,,,missingreplog_J1628-41.csv,,,Data replog,,,J1628-41,True,IR
ir040127.0362        [0,J1628-41,16:28:46.0,-41:52:41,2004-01-28,08:42:40,2453032.863,30.1,1.53,J,J,,,,missingreplog_J1628-41.csv,,,Data replog,,,J1628-41,True,IR
ir040127.0361        [0,J1628-41,16:28:46.0,-41:52:41,2004-01-28,08:41:48,2453032.8624,30.0,1.54,J,J,,,,missingreplog_J1628-41.csv,,,Data replog,,,J1628-41,True,IR
ir040126.0433        [0,J1628-41,16:28:46.8,-41:52:43,2004-01-27,08:26:01,2453031.8514,30.0,1.66,K,K,,,,missingreplog_J1628-41.csv,,,Data replog,,,J1628-41,True,IR
ir040126.0432        [0,J1628-41,16:28:46.8,-41:52:43,2004-01-27,08:25:09,2453031.8508,30.0,1.67,K,K,,,,missingreplog_J1628-41.csv,,,Data replog,,,J1628-41,True,IR
ir040126.0431        [0,J1628-41,16:28:46.8,-41:52:43,2004-01-27,08:24:16,2453031.8502,30.1,1.68,K,K,,,,missingreplog_J1628-41.csv,,,Data replog,,,J1628-41,True,IR
ir040126.0430        [0,J1628-41,16:28:46.7,-41:52:44,2004-01-27,08:23:23,2453031.8496,30.0,1.68,K,K,,,,missingreplog_J1628-41.csv,,,Data replog,,,J1628-41,True,IR
ir040126.0429        [0,J1628-41,16:28:46.7,-41:52:44,2004-01-27,08:22:30,2453031.849,30.0,1.69,K,K,,,,missingreplog_J1628-41.csv,,,Data replog,,,J1628-41,True,IR
ir040126.0427        [0,J1628-41,16:28:46.6,-41:52:44,2004-01-27,08:19:53,2453031.8471,30.1,1.71,J,J,,,,missingreplog_J1628-41.csv,,,Data replog,,,J1628-41,True,IR
ir040125.0405        [0,J1628-41,16:28:46.3,-41:53:10,2004-01-26,08:45:10,2453030.8647,30.0,1.56,J,J,,,,missingreplog_J1628-41.csv,,,Data replog,,,J1628-41,True,IR
ir040126.0426        [0,J1628-41,16:28:46.6,-41:52:44,2004-01-27,08:19:00,2453031.8465,30.0,1.72,J,J,,,,missingreplog_J1628-41.csv,,,Data replog,,,J1628-41,True,IR
ir040126.0425        [0,J1628-41,16:28:46.5,-41:52:45,2004-01-27,08:18:08,2453031.8459,30.1,1.72,J,J,,,,missingreplog_J1628-41.csv,,,Data replog,,,J1628-41,True,IR
ir040126.0424        [0,J1628-41,16:28:46.5,-41:52:45,2004-01-27,08:17:15,2453031.8453,30.1,1.73,J,J,,,,missingreplog_J1628-41.csv,,,Data replog,,,J1628-41,True,IR
ir040126.0423        [0,J1628-41,16:28:46.5,-41:52:45,2004-01-27,08:16:22,2453031.8447,30.1,1.74,J,J,,,,missingreplog_J1628-41.csv,,,Data replog,,,J1628-41,True,IR
ir040126.0422        [0,J1628-41,16:28:46.4,-41:52:45,2004-01-27,08:15:30,2453031.8441,30.0,1.74,J,J,,,,missingreplog_J1628-41.csv,,,Data replog,,,J1628-41,True,IR
ir040125.0412        [0,J1628-41,16:28:46.5,-41:53:8.,2004-01-26,08:52:11,2453030.8696,30.0,1.52,K,K,,,,missingreplog_J1628-41.csv,,,Data replog,,,J1628-41,True,IR
ir040125.0411        [0,J1628-41,16:28:46.4,-41:53:8.,2004-01-26,08:51:18,2453030.869,30.0,1.53,K,K,,,,missingreplog_J1628-41.csv,,,Data replog,,,J1628-41,True,IR
ir040125.0410        [0,J1628-41,16:28:46.4,-41:53:9.,2004-01-26,08:50:26,2453030.8684,30.1,1.53,K,K,,,,missingreplog_J1628-41.csv,,,Data replog,,,J1628-41,True,IR
ir040125.0409        [0,J1628-41,16:28:46.4,-41:53:9.,2004-01-26,08:49:33,2453030.8678,30.0,1.54,K,K,,,,missingreplog_J1628-41.csv,,,Data replog,,,J1628-41,True,IR
ir040125.0408        [0,J1628-41,16:28:46.4,-41:53:9.,2004-01-26,08:48:40,2453030.8671,30.1,1.54,K,K,,,,missingreplog_J1628-41.csv,,,Data replog,,,J1628-41,True,IR
ir040125.0407        [0,J1628-41,16:28:46.4,-41:53:10,2004-01-26,08:47:48,2453030.8665,30.0,1.55,K,K,,,,missingreplog_J1628-41.csv,,,Data replog,,,J1628-41,True,IR
ir040127.0367        [0,J1628-41,16:28:46.1,-41:52:40,2004-01-28,08:47:56,2453032.8666,30.1,1.5,K,K,,,,missingreplog_J1628-41.csv,,,Data replog,,,J1628-41,True,IR
ir040127.0368        [0,J1628-41,16:28:46.1,-41:52:40,2004-01-28,08:48:49,2453032.8672,30.0,1.5,K,K,,,,missingreplog_J1628-41.csv,,,Data replog,,,J1628-41,True,IR
ir040127.0369        [0,J1628-41,16:28:46.1,-41:52:40,2004-01-28,08:49:41,2453032.8678,30.0,1.49,K,K,,,,missingreplog_J1628-41.csv,,,Data replog,,,J1628-41,True,IR
ir040127.0370        [0,J1628-41,16:28:46.1,-41:52:40,2004-01-28,08:50:35,2453032.8685,30.0,1.49,K,K,,,,missingreplog_J1628-41.csv,,,Data replog,,,J1628-41,True,IR
ir040129.0394        [0,J1628-41,16:28:47.5,-41:52:37,2004-01-30,08:19:58,2453034.8472,30.0,1.63,K,K,,,,missingreplog_J1628-41.csv,,,Data replog,,,J1628-41,True,IR
ir040129.0393        [0,J1628-41,16:28:47.5,-41:52:38,2004-01-30,08:19:05,2453034.8466,30.1,1.63,K,K,,,,missingreplog_J1628-41.csv,,,Data replog,,,J1628-41,True,IR
ir040129.0392        [0,J1628-41,16:28:47.4,-41:52:37,2004-01-30,08:18:13,2453034.846,30.1,1.64,K,K,,,,missingreplog_J1628-41.csv,,,Data replog,,,J1628-41,True,IR
ir040129.0391        [0,J1628-41,16:28:47.4,-41:52:38,2004-01-30,08:16:27,2453034.8448,30.1,1.65,J,J,,,,missingreplog_J1628-41.csv,,,Data replog,,,J1628-41,True,IR
ir040129.0390        [0,J1628-41,16:28:47.3,-41:52:38,2004-01-30,08:15:35,2453034.8442,30.1,1.66,J,J,,,,missingreplog_J1628-41.csv,,,Data replog,,,J1628-41,True,IR
ir040129.0389        [0,J1628-41,16:28:47.3,-41:52:38,2004-01-30,08:14:43,2453034.8435,30.1,1.66,J,J,,,,missingreplog_J1628-41.csv,,,Data replog,,,J1628-41,True,IR
ir040129.0388        [0,J1628-41,16:28:47.3,-41:52:38,2004-01-30,08:13:50,2453034.8429,30.1,1.67,J,J,,,,missingreplog_J1628-41.csv,,,Data replog,,,J1628-41,True,IR
ir040129.0387        [0,J1628-41,16:28:47.2,-41:52:38,2004-01-30,08:12:57,2453034.8423,30.1,1.67,J,J,,,,missingreplog_J1628-41.csv,,,Data replog,,,J1628-41,True,IR
ir040129.0386        [0,J1628-41,16:28:47.2,-41:52:39,2004-01-30,08:12:05,2453034.8417,30.1,1.68,J,J,,,,missingreplog_J1628-41.csv,,,Data replog,,,J1628-41,True,IR
ir040128.0269        [0,J1628-41,16:28:46.3,-41:52:49,2004-01-29,08:13:29,2453033.8427,30.1,1.7,K,K,,,,missingreplog_J1628-41.csv,,,Data replog,,,J1628-41,True,IR
ir040128.0268        [0,J1628-41,16:28:46.3,-41:52:50,2004-01-29,08:12:36,2453033.8421,30.1,1.71,K,K,,,,missingreplog_J1628-41.csv,,,Data replog,,,J1628-41,True,IR
ir040128.0267        [0,J1628-41,16:28:46.3,-41:52:50,2004-01-29,08:11:44,2453033.8415,30.0,1.71,K,K,,,,missingreplog_J1628-41.csv,,,Data replog,,,J1628-41,True,IR
ir040128.0266        [0,J1628-41,16:28:46.2,-41:52:50,2004-01-29,08:10:51,2453033.8409,30.1,1.72,K,K,,,,missingreplog_J1628-41.csv,,,Data replog,,,J1628-41,True,IR
ir040128.0265        [0,J1628-41,16:28:46.2,-41:52:50,2004-01-29,08:09:58,2453033.8403,30.1,1.73,K,K,,,,missingreplog_J1628-41.csv,,,Data replog,,,J1628-41,True,IR
ir040128.0264        [0,J1628-41,16:28:46.1,-41:52:51,2004-01-29,08:09:06,2453033.8397,30.0,1.73,K,K,,,,missingreplog_J1628-41.csv,,,Data replog,,,J1628-41,True,IR
ir040128.0263        [0,J1628-41,16:28:46.1,-41:52:51,2004-01-29,08:07:21,2453033.8385,30.0,1.75,J,J,,,,missingreplog_J1628-41.csv,,,Data replog,,,J1628-41,True,IR
ir040128.0262        [0,J1628-41,16:28:46.1,-41:52:51,2004-01-29,08:06:28,2453033.8378,30.1,1.75,J,J,,,,missingreplog_J1628-41.csv,,,Data replog,,,J1628-41,True,IR
ir040128.0261        [0,J1628-41,16:28:46.0,-41:52:51,2004-01-29,08:05:36,2453033.8372,30.1,1.76,J,J,,,,missingreplog_J1628-41.csv,,,Data replog,,,J1628-41,True,IR
ir040128.0260        [0,J1628-41,16:28:46.0,-41:52:52,2004-01-29,08:04:43,2453033.8366,30.0,1.77,J,J,,,,missingreplog_J1628-41.csv,,,Data replog,,,J1628-41,True,IR
ir040128.0259        [0,J1628-41,16:28:46.0,-41:52:52,2004-01-29,08:03:51,2453033.836,30.0,1.77,J,J,,,,missingreplog_J1628-41.csv,,,Data replog,,,J1628-41,True,IR
ir040128.0258        [0,J1628-41,16:28:45.9,-41:52:52,2004-01-29,08:02:58,2453033.8354,30.0,1.78,J,J,,,,missingreplog_J1628-41.csv,,,Data replog,,,J1628-41,True,IR
ir040127.0372        [0,J1628-41,16:28:46.2,-41:52:39,2004-01-28,08:52:19,2453032.8697,30.0,1.48,K,K,,,,missingreplog_J1628-41.csv,,,Data replog,,,J1628-41,True,IR
ir040127.0371        [0,J1628-41,16:28:46.1,-41:52:40,2004-01-28,08:51:26,2453032.8691,30.1,1.48,K,K,,,,missingreplog_J1628-41.csv,,,Data replog,,,J1628-41,True,IR
ir040125.0406        [0,J1628-41,16:28:46.3,-41:53:10,2004-01-26,08:46:03,2453030.8653,30.0,1.56,J,J,,,,missingreplog_J1628-41.csv,,,Data replog,,,J1628-41,True,IR
ir040125.0404        [0,J1628-41,16:28:46.2,-41:53:11,2004-01-26,08:44:18,2453030.8641,30.0,1.57,J,J,,,,missingreplog_J1628-41.csv,,,Data replog,,,J1628-41,True,IR
ir040208.0479        [0,J1628-41,16:28:46.7,-41:52:54,2004-02-09,08:28:18,2453044.853,30.1,1.37,K,K,,,,missingreplog_J1628-41.csv,,,Data replog,,,J1628-41,True,IR
ir031002.0080        [0,J1628-41,16:28:47.3,-41:52:38,2003-10-03,00:19:22,2452915.5135,30.1,1.48,J,J,,,,missingreplog_J1628-41.csv,,,Data replog,,,J1628-41,True,IR
ir031004.0063        [0,J1628-41,16:28:47.9,-41:52:47,2003-10-05,00:39:10,2452917.5272,30.0,1.65,J,J,,,,missingreplog_J1628-41.csv,,,Data replog,,,J1628-41,True,IR
ir031004.0062        [0,J1628-41,16:28:47.9,-41:52:46,2003-10-05,00:38:18,2452917.5266,30.0,1.64,J,J,,,,missingreplog_J1628-41.csv,,,Data replog,,,J1628-41,True,IR
ir031004.0061        [0,J1628-41,16:28:47.8,-41:52:46,2003-10-05,00:37:26,2452917.526,30.1,1.64,J,J,,,,missingreplog_J1628-41.csv,,,Data replog,,,J1628-41,True,IR
ir031003.0080        [0,J1628-41,16:28:47.2,-41:52:37,2003-10-04,00:17:44,2452916.5123,30.1,1.49,J,J,,,,missingreplog_J1628-41.csv,,,Data replog,,,J1628-41,True,IR
ir031003.0079        [0,J1628-41,16:28:47.1,-41:52:37,2003-10-04,00:16:52,2452916.5117,30.0,1.49,J,J,,,,missingreplog_J1628-41.csv,,,Data replog,,,J1628-41,True,IR
ir031003.0078        [0,J1628-41,16:28:47.1,-41:52:37,2003-10-04,00:15:59,2452916.5111,30.0,1.48,J,J,,,,missingreplog_J1628-41.csv,,,Data replog,,,J1628-41,True,IR
ir031003.0077        [0,J1628-41,16:28:47.2,-41:52:37,2003-10-04,00:15:06,2452916.5105,30.1,1.48,J,J,,,,missingreplog_J1628-41.csv,,,Data replog,,,J1628-41,True,IR
ir031003.0076        [0,J1628-41,16:28:47.2,-41:52:37,2003-10-04,00:14:14,2452916.5099,30.0,1.48,J,J,,,,missingreplog_J1628-41.csv,,,Data replog,,,J1628-41,True,IR
ir031003.0075        [0,J1628-41,16:28:47.2,-41:52:37,2003-10-04,00:13:22,2452916.5093,30.0,1.47,J,J,,,,missingreplog_J1628-41.csv,,,Data replog,,,J1628-41,True,IR
ir031003.0074        [0,J1628-41,16:28:47.2,-41:52:37,2003-10-04,00:12:29,2452916.5087,30.1,1.47,J,J,,,,missingreplog_J1628-41.csv,,,Data replog,,,J1628-41,True,IR
ir031003.0073        [0,J1628-41,16:28:47.2,-41:52:37,2003-10-04,00:11:37,2452916.5081,30.0,1.46,J,J,,,,missingreplog_J1628-41.csv,,,Data replog,,,J1628-41,True,IR
ir031002.0079        [0,J1628-41,16:28:47.4,-41:52:38,2003-10-03,00:18:30,2452915.5129,30.0,1.48,J,J,,,,missingreplog_J1628-41.csv,,,Data replog,,,J1628-41,True,IR
ir040125.0403        [0,J1628-41,16:28:46.2,-41:53:11,2004-01-26,08:43:25,2453030.8635,30.1,1.58,J,J,,,,missingreplog_J1628-41.csv,,,Data replog,,,J1628-41,True,IR
ir031002.0078        [0,J1628-41,16:28:47.4,-41:52:38,2003-10-03,00:17:38,2452915.5123,30.1,1.47,J,J,,,,missingreplog_J1628-41.csv,,,Data replog,,,J1628-41,True,IR
ir031002.0077        [0,J1628-41,16:28:47.4,-41:52:38,2003-10-03,00:16:46,2452915.5116,30.0,1.47,J,J,,,,missingreplog_J1628-41.csv,,,Data replog,,,J1628-41,True,IR
ir031002.0076        [0,J1628-41,16:28:47.4,-41:52:38,2003-10-03,00:15:54,2452915.511,30.0,1.46,J,J,,,,missingreplog_J1628-41.csv,,,Data replog,,,J1628-41,True,IR
ir031002.0075        [0,J1628-41,16:28:47.4,-41:52:38,2003-10-03,00:15:01,2452915.5104,30.0,1.46,J,J,,,,missingreplog_J1628-41.csv,,,Data replog,,,J1628-41,True,IR
ir031002.0074        [0,J1628-41,16:28:47.4,-41:52:38,2003-10-03,00:14:09,2452915.5098,30.1,1.46,J,J,,,,missingreplog_J1628-41.csv,,,Data replog,,,J1628-41,True,IR
ir031002.0073        [0,J1628-41,16:28:47.5,-41:52:38,2003-10-03,00:13:17,2452915.5092,30.0,1.45,J,J,,,,missingreplog_J1628-41.csv,,,Data replog,,,J1628-41,True,IR
ir030929.0081        [0,J1628-41,16:28:47.3,-41:52:38,2003-09-30,00:15:13,2452912.5106,30.0,1.4,J,J,,,,missingreplog_J1628-41.csv,,,Data replog,,,J1628-41,True,IR
ir030929.0080        [0,J1628-41,16:28:47.3,-41:52:38,2003-09-30,00:14:21,2452912.51,30.0,1.4,J,J,,,,missingreplog_J1628-41.csv,,,Data replog,,,J1628-41,True,IR
ir030929.0079        [0,J1628-41,16:28:47.3,-41:52:38,2003-09-30,00:13:28,2452912.5093,30.0,1.4,J,J,,,,missingreplog_J1628-41.csv,,,Data replog,,,J1628-41,True,IR
ir030929.0078        [0,J1628-41,16:28:47.2,-41:52:38,2003-09-30,00:12:35,2452912.5087,30.0,1.39,J,J,,,,missingreplog_J1628-41.csv,,,Data replog,,,J1628-41,True,IR
ir030929.0077        [0,J1628-41,16:28:47.3,-41:52:38,2003-09-30,00:11:43,2452912.5081,30.0,1.39,J,J,,,,missingreplog_J1628-41.csv,,,Data replog,,,J1628-41,True,IR
ir031004.0064        [0,J1628-41,16:28:47.9,-41:52:47,2003-10-05,00:40:02,2452917.5278,30.0,1.66,J,J,,,,missingreplog_J1628-41.csv,,,Data replog,,,J1628-41,True,IR
ir031004.0065        [0,J1628-41,16:28:47.9,-41:52:47,2003-10-05,00:40:54,2452917.5284,30.1,1.66,J,J,,,,missingreplog_J1628-41.csv,,,Data replog,,,J1628-41,True,IR
ir031004.0066        [0,J1628-41,16:28:47.9,-41:52:47,2003-10-05,00:41:46,2452917.529,30.0,1.67,J,J,,,,missingreplog_J1628-41.csv,,,Data replog,,,J1628-41,True,IR
ir031004.0067        [0,J1628-41,16:28:47.9,-41:52:47,2003-10-05,00:42:39,2452917.5296,30.0,1.67,J,J,,,,missingreplog_J1628-41.csv,,,Data replog,,,J1628-41,True,IR
ir040125.0402        [0,J1628-41,16:28:46.2,-41:53:11,2004-01-26,08:42:32,2453030.8629,30.1,1.58,J,J,,,,missingreplog_J1628-41.csv,,,Data replog,,,J1628-41,True,IR
ir040125.0401        [0,J1628-41,16:28:46.2,-41:53:11,2004-01-26,08:41:40,2453030.8623,30.0,1.59,J,J,,,,missingreplog_J1628-41.csv,,,Data replog,,,J1628-41,True,IR
ir040124.0457        [0,J1628-41,16:28:47.6,-41:52:36,2004-01-25,08:53:45,2453029.8707,30.0,1.54,K,K,,,,missingreplog_J1628-41.csv,,,Data replog,,,J1628-41,True,IR
ir040124.0456        [0,J1628-41,16:28:47.6,-41:52:36,2004-01-25,08:52:52,2453029.8701,30.0,1.54,K,K,,,,missingreplog_J1628-41.csv,,,Data replog,,,J1628-41,True,IR
ir040124.0455        [0,J1628-41,16:28:47.6,-41:52:36,2004-01-25,08:52:00,2453029.8695,30.1,1.55,K,K,,,,missingreplog_J1628-41.csv,,,Data replog,,,J1628-41,True,IR
ir040124.0454        [0,J1628-41,16:28:47.5,-41:52:36,2004-01-25,08:51:07,2453029.8688,30.1,1.55,K,K,,,,missingreplog_J1628-41.csv,,,Data replog,,,J1628-41,True,IR
ir040124.0453        [0,J1628-41,16:28:47.5,-41:52:36,2004-01-25,08:50:14,2453029.8682,30.1,1.56,K,K,,,,missingreplog_J1628-41.csv,,,Data replog,,,J1628-41,True,IR
ir040124.0452        [0,J1628-41,16:28:47.5,-41:52:36,2004-01-25,08:49:22,2453029.8676,30.1,1.56,K,K,,,,missingreplog_J1628-41.csv,,,Data replog,,,J1628-41,True,IR
ir040124.0451        [0,J1628-41,16:28:47.4,-41:52:37,2004-01-25,08:47:37,2453029.8664,30.0,1.57,J,J,,,,missingreplog_J1628-41.csv,,,Data replog,,,J1628-41,True,IR
ir040124.0450        [0,J1628-41,16:28:47.4,-41:52:37,2004-01-25,08:46:44,2453029.8658,30.1,1.58,J,J,,,,missingreplog_J1628-41.csv,,,Data replog,,,J1628-41,True,IR
ir040124.0449        [0,J1628-41,16:28:47.4,-41:52:37,2004-01-25,08:45:51,2453029.8652,30.0,1.58,J,J,,,,missingreplog_J1628-41.csv,,,Data replog,,,J1628-41,True,IR
ir040124.0448        [0,J1628-41,16:28:47.4,-41:52:37,2004-01-25,08:44:58,2453029.8646,30.0,1.59,J,J,,,,missingreplog_J1628-41.csv,,,Data replog,,,J1628-41,True,IR
ir040124.0447        [0,J1628-41,16:28:47.3,-41:52:37,2004-01-25,08:44:06,2453029.864,30.1,1.6,J,J,,,,missingreplog_J1628-41.csv,,,Data replog,,,J1628-41,True,IR
ir040124.0446        [0,J1628-41,16:28:47.3,-41:52:37,2004-01-25,08:43:13,2453029.8634,30.1,1.6,J,J,,,,missingreplog_J1628-41.csv,,,Data replog,,,J1628-41,True,IR
ir031005.0056        [0,J1628-41,16:28:47.7,-41:52:53,2003-10-06,00:01:02,2452918.5007,30.0,1.45,J,J,,,,missingreplog_J1628-41.csv,,,Data replog,,,J1628-41,True,IR
ir031005.0055        [0,J1628-41,16:28:47.7,-41:52:53,2003-10-06,00:00:10,2452918.5001,30.0,1.44,J,J,,,,missingreplog_J1628-41.csv,,,Data replog,,,J1628-41,True,IR
ir031005.0054        [0,J1628-41,16:28:47.7,-41:52:53,2003-10-05,23:59:18,2452918.4995,30.1,1.44,J,J,,,,missingreplog_J1628-41.csv,,,Data replog,,,J1628-41,True,IR
ir031005.0053        [2,J1628-41,16:28:47.8,-41:52:53,2003-10-05,23:58:25,2452918.4989,30.1,1.44,J,J,,,,missingreplog_J1628-41.csv,,,Data replog,,,J1628-41,True,IR
ir031005.0052        [2,J1628-41,16:28:47.7,-41:52:53,2003-10-05,23:57:33,2452918.4983,30.0,1.43,J,J,,,,missingreplog_J1628-41.csv,,,Data replog,,,J1628-41,True,IR
ir031005.0051        [2,J1628-41,16:28:47.7,-41:52:53,2003-10-05,23:56:40,2452918.4977,30.1,1.43,J,J,,,,missingreplog_J1628-41.csv,,,Data replog,,,J1628-41,True,IR
ir031005.0050        [2,J1628-41,16:28:47.8,-41:52:54,2003-10-05,23:55:48,2452918.4971,30.0,1.42,J,J,,,,missingreplog_J1628-41.csv,,,Data replog,,,J1628-41,True,IR
ir031005.0049        [2,J1628-41,16:28:47.7,-41:52:54,2003-10-05,23:54:56,2452918.4965,30.1,1.42,J,J,,,,missingreplog_J1628-41.csv,,,Data replog,,,J1628-41,True,IR
ir031004.0068        [0,J1628-41,16:28:47.9,-41:52:47,2003-10-05,00:43:30,2452917.5302,30.1,1.68,J,J,,,,missingreplog_J1628-41.csv,,,Data replog,,,J1628-41,True,IR
ir040129.0395        [0,J1628-41,16:28:47.5,-41:52:37,2004-01-30,08:20:51,2453034.8478,30.1,1.62,K,K,,,,missingreplog_J1628-41.csv,,,Data replog,,,J1628-41,True,IR
ir040129.0396        [0,J1628-41,16:28:47.6,-41:52:37,2004-01-30,08:21:43,2453034.8484,30.0,1.61,K,K,,,,missingreplog_J1628-41.csv,,,Data replog,,,J1628-41,True,IR
ir040129.0397        [0,J1628-41,16:28:47.6,-41:52:37,2004-01-30,08:22:35,2453034.849,30.1,1.61,K,K,,,,missingreplog_J1628-41.csv,,,Data replog,,,J1628-41,True,IR
ir040205.0404        [0,J1628-41,16:28:46.7,-41:52:59,2004-02-06,08:21:50,2453041.8485,30.0,1.45,K,K,,,,missingreplog_J1628-41.csv,,,Data replog,,,J1628-41,True,IR
ir040206.0427        [0,J1628-41,16:28:45.9,-41:52:32,2004-02-07,09:01:21,2453042.8759,30.1,1.28,K,K,,,,missingreplog_J1628-41.csv,,,Data replog,,,J1628-41,True,IR
ir040206.0426        [0,J1628-41,16:28:45.9,-41:52:33,2004-02-07,08:59:32,2453042.8747,30.0,1.28,J,J,,,,missingreplog_J1628-41.csv,,,Data replog,,,J1628-41,True,IR
ir040206.0425        [0,J1628-41,16:28:46.0,-41:52:33,2004-02-07,08:58:40,2453042.8741,30.0,1.29,J,J,,,,missingreplog_J1628-41.csv,,,Data replog,,,J1628-41,True,IR
ir040206.0424        [0,J1628-41,16:28:45.9,-41:52:33,2004-02-07,08:57:50,2453042.8735,30.1,1.29,J,J,,,,missingreplog_J1628-41.csv,,,Data replog,,,J1628-41,True,IR
ir040206.0423        [0,J1628-41,16:28:46.0,-41:52:33,2004-02-07,08:56:57,2453042.8729,30.0,1.29,J,J,,,,missingreplog_J1628-41.csv,,,Data replog,,,J1628-41,True,IR
ir040206.0422        [0,J1628-41,16:28:46.0,-41:52:33,2004-02-07,08:56:04,2453042.8723,30.0,1.3,J,J,,,,missingreplog_J1628-41.csv,,,Data replog,,,J1628-41,True,IR
ir040206.0421        [0,J1628-41,16:28:46.1,-41:52:33,2004-02-07,08:55:12,2453042.8717,30.0,1.3,J,J,,,,missingreplog_J1628-41.csv,,,Data replog,,,J1628-41,True,IR
ir040205.0408        [0,J1628-41,16:28:46.8,-41:52:59,2004-02-06,08:25:21,2453041.8509,30.0,1.44,K,K,,,,missingreplog_J1628-41.csv,,,Data replog,,,J1628-41,True,IR
ir040205.0407        [0,J1628-41,16:28:46.8,-41:52:59,2004-02-06,08:24:29,2453041.8503,30.0,1.44,K,K,,,,missingreplog_J1628-41.csv,,,Data replog,,,J1628-41,True,IR
ir040205.0406        [0,J1628-41,16:28:46.7,-41:52:58,2004-02-06,08:23:37,2453041.8497,30.1,1.45,K,K,,,,missingreplog_J1628-41.csv,,,Data replog,,,J1628-41,True,IR
ir040205.0405        [0,J1628-41,16:28:46.7,-41:52:58,2004-02-06,08:22:43,2453041.8491,30.1,1.45,K,K,,,,missingreplog_J1628-41.csv,,,Data replog,,,J1628-41,True,IR
ir040205.0403        [0,J1628-41,16:28:46.7,-41:52:58,2004-02-06,08:20:58,2453041.8479,30.0,1.46,K,K,,,,missingreplog_J1628-41.csv,,,Data replog,,,J1628-41,True,IR
ir040130.0304        [0,J1628-41,16:28:47.2,-41:52:39,2004-01-31,07:52:02,2453035.8278,30.1,1.81,J,J,,,,missingreplog_J1628-41.csv,,,Data replog,,,J1628-41,True,IR
ir040205.0402        [0,J1628-41,16:28:46.7,-41:52:58,2004-02-06,08:19:11,2453041.8467,30.0,1.47,J,J,,,,missingreplog_J1628-41.csv,,,Data replog,,,J1628-41,True,IR
ir040205.0401        [0,J1628-41,16:28:46.7,-41:52:59,2004-02-06,08:18:18,2453041.846,30.0,1.47,J,J,,,,missingreplog_J1628-41.csv,,,Data replog,,,J1628-41,True,IR
ir040205.0400        [0,J1628-41,16:28:46.7,-41:52:58,2004-02-06,08:17:28,2453041.8455,30.1,1.48,J,J,,,,missingreplog_J1628-41.csv,,,Data replog,,,J1628-41,True,IR
ir040205.0399        [0,J1628-41,16:28:46.7,-41:52:58,2004-02-06,08:16:35,2453041.8449,30.1,1.48,J,J,,,,missingreplog_J1628-41.csv,,,Data replog,,,J1628-41,True,IR
ir040205.0398        [0,J1628-41,16:28:46.7,-41:52:58,2004-02-06,08:15:42,2453041.8442,30.0,1.49,J,J,,,,missingreplog_J1628-41.csv,,,Data replog,,,J1628-41,True,IR
ir040205.0397        [0,J1628-41,16:28:46.7,-41:52:58,2004-02-06,08:14:49,2453041.8436,30.1,1.49,J,J,,,,missingreplog_J1628-41.csv,,,Data replog,,,J1628-41,True,IR
ir040204.0431        [0,J1628-41,16:28:47.5,-41:52:37,2004-02-05,07:57:51,2453040.8319,30.0,1.62,K,K,,,,missingreplog_J1628-41.csv,,,Data replog,,,J1628-41,True,IR
ir040204.0430        [0,J1628-41,16:28:47.5,-41:52:37,2004-02-05,07:56:58,2453040.8312,30.0,1.62,K,K,,,,missingreplog_J1628-41.csv,,,Data replog,,,J1628-41,True,IR
ir040204.0429        [0,J1628-41,16:28:47.5,-41:52:37,2004-02-05,07:56:06,2453040.8306,30.0,1.63,K,K,,,,missingreplog_J1628-41.csv,,,Data replog,,,J1628-41,True,IR
ir040204.0428        [0,J1628-41,16:28:47.5,-41:52:37,2004-02-05,07:55:13,2453040.83,30.0,1.63,K,K,,,,missingreplog_J1628-41.csv,,,Data replog,,,J1628-41,True,IR
ir040204.0427        [0,J1628-41,16:28:47.4,-41:52:37,2004-02-05,07:54:20,2453040.8294,30.0,1.64,K,K,,,,missingreplog_J1628-41.csv,,,Data replog,,,J1628-41,True,IR
ir040206.0428        [0,J1628-41,16:28:45.9,-41:52:32,2004-02-07,09:02:13,2453042.8765,30.0,1.27,K,K,,,,missingreplog_J1628-41.csv,,,Data replog,,,J1628-41,True,IR
ir040206.0429        [0,J1628-41,16:28:45.9,-41:52:32,2004-02-07,09:03:06,2453042.8772,30.1,1.27,K,K,,,,missingreplog_J1628-41.csv,,,Data replog,,,J1628-41,True,IR
ir040206.0430        [0,J1628-41,16:28:45.9,-41:52:32,2004-02-07,09:03:59,2453042.8778,30.0,1.27,K,K,,,,missingreplog_J1628-41.csv,,,Data replog,,,J1628-41,True,IR
ir040206.0431        [0,J1628-41,16:28:45.9,-41:52:32,2004-02-07,09:04:51,2453042.8784,30.1,1.27,K,K,,,,missingreplog_J1628-41.csv,,,Data replog,,,J1628-41,True,IR
ir040208.0478        [0,J1628-41,16:28:46.7,-41:52:54,2004-02-09,08:27:26,2453044.8524,30.1,1.38,K,K,,,,missingreplog_J1628-41.csv,,,Data replog,,,J1628-41,True,IR
ir040208.0477        [0,J1628-41,16:28:46.6,-41:52:54,2004-02-09,08:26:33,2453044.8518,30.1,1.38,K,K,,,,missingreplog_J1628-41.csv,,,Data replog,,,J1628-41,True,IR
ir040208.0476        [0,J1628-41,16:28:46.7,-41:52:54,2004-02-09,08:25:40,2453044.8512,30.1,1.38,K,K,,,,missingreplog_J1628-41.csv,,,Data replog,,,J1628-41,True,IR
ir040208.0475        [0,J1628-41,16:28:46.7,-41:52:54,2004-02-09,08:24:48,2453044.8506,30.1,1.39,K,K,,,,missingreplog_J1628-41.csv,,,Data replog,,,J1628-41,True,IR
ir040208.0474        [0,J1628-41,16:28:46.6,-41:52:55,2004-02-09,08:23:02,2453044.8493,30.1,1.39,J,J,,,,missingreplog_J1628-41.csv,,,Data replog,,,J1628-41,True,IR
ir040208.0473        [0,J1628-41,16:28:46.6,-41:52:55,2004-02-09,08:22:10,2453044.8487,30.0,1.4,J,J,,,,missingreplog_J1628-41.csv,,,Data replog,,,J1628-41,True,IR
ir040208.0472        [0,J1628-41,16:28:46.5,-41:52:55,2004-02-09,08:21:18,2453044.8481,30.1,1.4,J,J,,,,missingreplog_J1628-41.csv,,,Data replog,,,J1628-41,True,IR
ir040208.0471        [0,J1628-41,16:28:46.5,-41:52:55,2004-02-09,08:20:25,2453044.8475,30.0,1.41,J,J,,,,missingreplog_J1628-41.csv,,,Data replog,,,J1628-41,True,IR
ir040208.0470        [0,J1628-41,16:28:46.5,-41:52:55,2004-02-09,08:19:32,2453044.8469,30.1,1.41,J,J,,,,missingreplog_J1628-41.csv,,,Data replog,,,J1628-41,True,IR
ir040208.0469        [0,J1628-41,16:28:46.5,-41:52:55,2004-02-09,08:18:40,2453044.8463,30.0,1.41,J,J,,,,missingreplog_J1628-41.csv,,,Data replog,,,J1628-41,True,IR
ir040207.0404        [0,J1628-41,16:28:47.1,-41:52:41,2004-02-08,08:39:14,2453043.8606,30.0,1.34,K,K,,,,missingreplog_J1628-41.csv,,,Data replog,,,J1628-41,True,IR
ir040207.0403        [0,J1628-41,16:28:47.1,-41:52:41,2004-02-08,08:38:21,2453043.86,30.0,1.35,K,K,,,,missingreplog_J1628-41.csv,,,Data replog,,,J1628-41,True,IR
ir040207.0402        [0,J1628-41,16:28:47.1,-41:52:41,2004-02-08,08:37:29,2453043.8594,30.0,1.35,K,K,,,,missingreplog_J1628-41.csv,,,Data replog,,,J1628-41,True,IR
ir040207.0401        [0,J1628-41,16:28:47.1,-41:52:41,2004-02-08,08:36:36,2453043.8588,30.1,1.35,K,K,,,,missingreplog_J1628-41.csv,,,Data replog,,,J1628-41,True,IR
ir040207.0400        [0,J1628-41,16:28:47.1,-41:52:41,2004-02-08,08:35:43,2453043.8581,30.1,1.36,K,K,,,,missingreplog_J1628-41.csv,,,Data replog,,,J1628-41,True,IR
ir040207.0399        [0,J1628-41,16:28:47.2,-41:52:41,2004-02-08,08:34:51,2453043.8575,30.0,1.36,K,K,,,,missingreplog_J1628-41.csv,,,Data replog,,,J1628-41,True,IR
ir040207.0398        [0,J1628-41,16:28:47.2,-41:52:41,2004-02-08,08:33:05,2453043.8563,30.0,1.37,J,J,,,,missingreplog_J1628-41.csv,,,Data replog,,,J1628-41,True,IR
ir040207.0397        [0,J1628-41,16:28:47.2,-41:52:41,2004-02-08,08:32:13,2453043.8557,30.0,1.37,J,J,,,,missingreplog_J1628-41.csv,,,Data replog,,,J1628-41,True,IR
ir040207.0396        [0,J1628-41,16:28:47.3,-41:52:41,2004-02-08,08:31:21,2453043.8551,30.1,1.38,J,J,,,,missingreplog_J1628-41.csv,,,Data replog,,,J1628-41,True,IR
ir040207.0395        [0,J1628-41,16:28:47.3,-41:52:41,2004-02-08,08:30:28,2453043.8545,30.0,1.38,J,J,,,,missingreplog_J1628-41.csv,,,Data replog,,,J1628-41,True,IR
ir040207.0394        [0,J1628-41,16:28:47.3,-41:52:41,2004-02-08,08:29:35,2453043.8539,30.0,1.38,J,J,,,,missingreplog_J1628-41.csv,,,Data replog,,,J1628-41,True,IR
ir040207.0393        [0,J1628-41,16:28:47.4,-41:52:41,2004-02-08,08:28:43,2453043.8533,30.1,1.39,J,J,,,,missingreplog_J1628-41.csv,,,Data replog,,,J1628-41,True,IR
ir040206.0432        [0,J1628-41,16:28:45.9,-41:52:32,2004-02-07,09:05:44,2453042.879,30.0,1.26,K,K,,,,missingreplog_J1628-41.csv,,,Data replog,,,J1628-41,True,IR
ir040204.0426        [0,J1628-41,16:28:47.4,-41:52:38,2004-02-05,07:53:28,2453040.8288,30.0,1.65,K,K,,,,missingreplog_J1628-41.csv,,,Data replog,,,J1628-41,True,IR
ir040204.0425        [0,J1628-41,16:28:47.3,-41:52:38,2004-02-05,07:51:40,2453040.8276,30.1,1.66,J,J,,,,missingreplog_J1628-41.csv,,,Data replog,,,J1628-41,True,IR
ir040204.0424        [0,J1628-41,16:28:47.3,-41:52:37,2004-02-05,07:50:48,2453040.827,30.1,1.66,J,J,,,,missingreplog_J1628-41.csv,,,Data replog,,,J1628-41,True,IR
ir040201.0398        [0,J1628-41,16:28:47.1,-41:52:38,2004-02-02,08:32:26,2453037.8559,30.1,1.48,J,J,,,,missingreplog_J1628-41.csv,,,Data replog,,,J1628-41,True,IR
ir040131.0431        [0,J1628-41,16:28:47.4,-41:52:38,2004-02-01,07:51:37,2453036.8275,30.0,1.78,K,K,,,,missingreplog_J1628-41.csv,,,Data replog,,,J1628-41,True,IR
ir040131.0430        [0,J1628-41,16:28:47.4,-41:52:38,2004-02-01,07:50:45,2453036.8269,30.0,1.79,K,K,,,,missingreplog_J1628-41.csv,,,Data replog,,,J1628-41,True,IR
ir040131.0429        [0,J1628-41,16:28:47.4,-41:52:38,2004-02-01,07:49:53,2453036.8263,30.1,1.79,K,K,,,,missingreplog_J1628-41.csv,,,Data replog,,,J1628-41,True,IR
ir040131.0428        [0,J1628-41,16:28:47.3,-41:52:39,2004-02-01,07:49:00,2453036.8257,30.0,1.8,K,K,,,,missingreplog_J1628-41.csv,,,Data replog,,,J1628-41,True,IR
ir040131.0427        [0,J1628-41,16:28:47.3,-41:52:38,2004-02-01,07:48:06,2453036.8251,30.1,1.81,K,K,,,,missingreplog_J1628-41.csv,,,Data replog,,,J1628-41,True,IR
ir040131.0426        [0,J1628-41,16:28:47.3,-41:52:39,2004-02-01,07:47:14,2453036.8245,30.0,1.82,K,K,,,,missingreplog_J1628-41.csv,,,Data replog,,,J1628-41,True,IR
ir040131.0425        [0,J1628-41,16:28:47.2,-41:52:39,2004-02-01,07:45:30,2453036.8233,30.0,1.83,J,J,,,,missingreplog_J1628-41.csv,,,Data replog,,,J1628-41,True,IR
ir040131.0424        [0,J1628-41,16:28:47.2,-41:52:39,2004-02-01,07:44:37,2453036.8226,30.0,1.84,J,J,,,,missingreplog_J1628-41.csv,,,Data replog,,,J1628-41,True,IR
ir040131.0423        [0,J1628-41,16:28:47.2,-41:52:39,2004-02-01,07:43:44,2453036.8221,30.1,1.85,J,J,,,,missingreplog_J1628-41.csv,,,Data replog,,,J1628-41,True,IR
ir040131.0422        [0,J1628-41,16:28:47.2,-41:52:39,2004-02-01,07:42:51,2453036.8214,30.0,1.85,J,J,,,,missingreplog_J1628-41.csv,,,Data replog,,,J1628-41,True,IR
ir040131.0421        [0,J1628-41,16:28:47.2,-41:52:38,2004-02-01,07:41:58,2453036.8208,30.1,1.86,J,J,,,,missingreplog_J1628-41.csv,,,Data replog,,,J1628-41,True,IR
ir040131.0420        [0,J1628-41,16:28:47.2,-41:52:38,2004-02-01,07:41:06,2453036.8202,30.1,1.87,J,J,,,,missingreplog_J1628-41.csv,,,Data replog,,,J1628-41,True,IR
ir040130.0315        [0,J1628-41,16:28:47.5,-41:52:37,2004-01-31,08:02:32,2453035.8351,30.1,1.72,K,K,,,,missingreplog_J1628-41.csv,,,Data replog,,,J1628-41,True,IR
ir040130.0314        [0,J1628-41,16:28:47.4,-41:52:38,2004-01-31,08:01:40,2453035.8345,30.0,1.73,K,K,,,,missingreplog_J1628-41.csv,,,Data replog,,,J1628-41,True,IR
ir040130.0313        [0,J1628-41,16:28:47.4,-41:52:38,2004-01-31,08:00:48,2453035.8339,30.0,1.74,K,K,,,,missingreplog_J1628-41.csv,,,Data replog,,,J1628-41,True,IR
ir040130.0312        [0,J1628-41,16:28:47.4,-41:52:38,2004-01-31,07:59:55,2453035.8333,30.0,1.74,K,K,,,,missingreplog_J1628-41.csv,,,Data replog,,,J1628-41,True,IR
ir040130.0311        [0,J1628-41,16:28:47.3,-41:52:38,2004-01-31,07:59:02,2453035.8327,30.1,1.75,K,K,,,,missingreplog_J1628-41.csv,,,Data replog,,,J1628-41,True,IR
ir040130.0310        [0,J1628-41,16:28:47.3,-41:52:38,2004-01-31,07:58:10,2453035.8321,30.1,1.76,K,K,,,,missingreplog_J1628-41.csv,,,Data replog,,,J1628-41,True,IR
ir040130.0309        [0,J1628-41,16:28:47.2,-41:52:39,2004-01-31,07:56:25,2453035.8309,30.1,1.77,J,J,,,,missingreplog_J1628-41.csv,,,Data replog,,,J1628-41,True,IR
ir040130.0308        [0,J1628-41,16:28:47.2,-41:52:39,2004-01-31,07:55:32,2453035.8302,30.0,1.78,J,J,,,,missingreplog_J1628-41.csv,,,Data replog,,,J1628-41,True,IR
ir040130.0307        [0,J1628-41,16:28:47.2,-41:52:39,2004-01-31,07:54:40,2453035.8296,30.0,1.79,J,J,,,,missingreplog_J1628-41.csv,,,Data replog,,,J1628-41,True,IR
ir040130.0306        [0,J1628-41,16:28:47.2,-41:52:39,2004-01-31,07:53:47,2453035.829,30.1,1.79,J,J,,,,missingreplog_J1628-41.csv,,,Data replog,,,J1628-41,True,IR
ir040130.0305        [0,J1628-41,16:28:47.2,-41:52:39,2004-01-31,07:52:54,2453035.8284,30.1,1.8,J,J,,,,missingreplog_J1628-41.csv,,,Data replog,,,J1628-41,True,IR
ir040201.0397        [0,J1628-41,16:28:47.2,-41:52:38,2004-02-02,08:31:34,2453037.8553,30.1,1.49,J,J,,,,missingreplog_J1628-41.csv,,,Data replog,,,J1628-41,True,IR
ir040201.0399        [0,J1628-41,16:28:47.1,-41:52:38,2004-02-02,08:33:19,2453037.8565,30.0,1.48,J,J,,,,missingreplog_J1628-41.csv,,,Data replog,,,J1628-41,True,IR
ir040204.0423        [0,J1628-41,16:28:47.3,-41:52:38,2004-02-05,07:49:58,2453040.8264,30.1,1.67,J,J,,,,missingreplog_J1628-41.csv,,,Data replog,,,J1628-41,True,IR
ir040201.0400        [0,J1628-41,16:28:47.1,-41:52:38,2004-02-02,08:34:12,2453037.8571,30.1,1.47,J,J,,,,missingreplog_J1628-41.csv,,,Data replog,,,J1628-41,True,IR
ir040204.0422        [0,J1628-41,16:28:47.2,-41:52:38,2004-02-05,07:49:05,2453040.8257,30.0,1.68,J,J,,,,missingreplog_J1628-41.csv,,,Data replog,,,J1628-41,True,IR
ir040204.0421        [0,J1628-41,16:28:47.2,-41:52:38,2004-02-05,07:48:11,2453040.8251,30.0,1.68,J,J,,,,missingreplog_J1628-41.csv,,,Data replog,,,J1628-41,True,IR
ir040204.0420        [0,J1628-41,16:28:47.2,-41:52:38,2004-02-05,07:47:19,2453040.8245,30.0,1.69,J,J,,,,missingreplog_J1628-41.csv,,,Data replog,,,J1628-41,True,IR
ir040203.0413        [0,J1628-41,16:28:47.4,-41:52:36,2004-02-04,08:12:02,2453039.8417,30.1,1.55,K,K,,,,missingreplog_J1628-41.csv,,,Data replog,,,J1628-41,True,IR
ir040203.0412        [0,J1628-41,16:28:47.4,-41:52:37,2004-02-04,08:11:10,2453039.8411,30.0,1.56,K,K,,,,missingreplog_J1628-41.csv,,,Data replog,,,J1628-41,True,IR
ir040203.0411        [0,J1628-41,16:28:47.4,-41:52:37,2004-02-04,08:10:18,2453039.8405,30.1,1.56,K,K,,,,missingreplog_J1628-41.csv,,,Data replog,,,J1628-41,True,IR
ir040203.0410        [0,J1628-41,16:28:47.4,-41:52:37,2004-02-04,08:09:25,2453039.8399,30.0,1.57,K,K,,,,missingreplog_J1628-41.csv,,,Data replog,,,J1628-41,True,IR
ir040203.0409        [0,J1628-41,16:28:47.3,-41:52:37,2004-02-04,08:08:32,2453039.8393,30.0,1.57,K,K,,,,missingreplog_J1628-41.csv,,,Data replog,,,J1628-41,True,IR
ir040203.0408        [0,J1628-41,16:28:47.3,-41:52:37,2004-02-04,08:07:40,2453039.8387,30.1,1.58,K,K,,,,missingreplog_J1628-41.csv,,,Data replog,,,J1628-41,True,IR
ir040203.0407        [0,J1628-41,16:28:47.3,-41:52:37,2004-02-04,08:05:54,2453039.8374,30.0,1.59,J,J,,,,missingreplog_J1628-41.csv,,,Data replog,,,J1628-41,True,IR
ir040203.0406        [0,J1628-41,16:28:47.3,-41:52:38,2004-02-04,08:05:02,2453039.8368,30.1,1.59,J,J,,,,missingreplog_J1628-41.csv,,,Data replog,,,J1628-41,True,IR
ir040203.0405        [0,J1628-41,16:28:47.3,-41:52:38,2004-02-04,08:04:10,2453039.8362,30.0,1.6,J,J,,,,missingreplog_J1628-41.csv,,,Data replog,,,J1628-41,True,IR
ir040203.0404        [0,J1628-41,16:28:47.2,-41:52:38,2004-02-04,08:03:17,2453039.8356,30.1,1.61,J,J,,,,missingreplog_J1628-41.csv,,,Data replog,,,J1628-41,True,IR
ir040203.0403        [0,J1628-41,16:28:47.2,-41:52:38,2004-02-04,08:02:24,2453039.835,30.1,1.61,J,J,,,,missingreplog_J1628-41.csv,,,Data replog,,,J1628-41,True,IR
ir040203.0402        [0,J1628-41,16:28:47.2,-41:52:38,2004-02-04,08:01:32,2453039.8344,30.1,1.62,J,J,,,,missingreplog_J1628-41.csv,,,Data replog,,,J1628-41,True,IR
ir040201.0408        [0,J1628-41,16:28:47.2,-41:52:38,2004-02-02,08:42:04,2453037.8626,30.0,1.43,K,K,,,,missingreplog_J1628-41.csv,,,Data replog,,,J1628-41,True,IR
ir040201.0407        [0,J1628-41,16:28:47.1,-41:52:38,2004-02-02,08:41:12,2453037.8619,30.0,1.44,K,K,,,,missingreplog_J1628-41.csv,,,Data replog,,,J1628-41,True,IR
ir040201.0406        [0,J1628-41,16:28:47.1,-41:52:38,2004-02-02,08:40:20,2453037.8613,30.1,1.44,K,K,,,,missingreplog_J1628-41.csv,,,Data replog,,,J1628-41,True,IR
ir040201.0405        [0,J1628-41,16:28:47.1,-41:52:38,2004-02-02,08:39:27,2453037.8607,30.1,1.45,K,K,,,,missingreplog_J1628-41.csv,,,Data replog,,,J1628-41,True,IR
ir040201.0404        [0,J1628-41,16:28:47.1,-41:52:38,2004-02-02,08:38:34,2453037.8601,30.0,1.45,K,K,,,,missingreplog_J1628-41.csv,,,Data replog,,,J1628-41,True,IR
ir040201.0403        [0,J1628-41,16:28:47.1,-41:52:38,2004-02-02,08:37:42,2453037.8595,30.1,1.45,K,K,,,,missingreplog_J1628-41.csv,,,Data replog,,,J1628-41,True,IR
ir040201.0402        [0,J1628-41,16:28:47.1,-41:52:39,2004-02-02,08:35:56,2453037.8583,30.0,1.46,J,J,,,,missingreplog_J1628-41.csv,,,Data replog,,,J1628-41,True,IR
ir040201.0401        [0,J1628-41,16:28:47.1,-41:52:39,2004-02-02,08:35:04,2453037.8577,30.0,1.47,J,J,,,,missingreplog_J1628-41.csv,,,Data replog,,,J1628-41,True,IR
ir040303.0381        [0,J1628-41,16:28:47.2,-41:52:37,2004-03-04,07:16:05,2453068.8028,30.1,1.29,J,J,,,,missingreplog_J1628-41.csv,,,Data replog,,,J1628-41,True,IR
ir040303.0382        [0,J1628-41,16:28:47.2,-41:52:37,2004-03-04,07:16:58,2453068.8035,30.1,1.28,J,J,,,,missingreplog_J1628-41.csv,,,Data replog,,,J1628-41,True,IR
ir040303.0383        [0,J1628-41,16:28:47.2,-41:52:37,2004-03-04,07:17:48,2453068.804,30.0,1.28,J,J,,,,missingreplog_J1628-41.csv,,,Data replog,,,J1628-41,True,IR
ir040303.0384        [0,J1628-41,16:28:47.2,-41:52:37,2004-03-04,07:18:40,2453068.8046,30.0,1.28,J,J,,,,missingreplog_J1628-41.csv,,,Data replog,,,J1628-41,True,IR
ir040307skyV.0515    [0,J1628-41,16:28:47.1,-41:52:48,2004-03-08,08:05:44,2453072.8373,30.0,1.12,K,K,,,,missingreplog_J1628-41.csv,,,Data replog,,,J1628-41,True,IR
ir040307skyV.0514    [0,J1628-41,16:28:47.1,-41:52:48,2004-03-08,08:04:52,2453072.8367,30.1,1.12,K,K,,,,missingreplog_J1628-41.csv,,,Data replog,,,J1628-41,True,IR
ir040306.0459        [0,J1628-41,16:28:47.5,-41:52:39,2004-03-07,08:13:29,2453071.8427,30.1,1.12,K,K,,,,missingreplog_J1628-41.csv,,,Data replog,,,J1628-41,True,IR
ir040202.0371        [0,J1628-41,16:28:47.3,-41:52:38,2004-02-03,07:41:57,2453038.8208,30.0,1.79,J,J,,,,missingreplog_J1628-41.csv,,,Data replog,,,J1628-41,True,IR
ir040202.0370        [0,J1628-41,16:28:47.3,-41:52:38,2004-02-03,07:41:04,2453038.8202,30.0,1.8,J,J,,,,missingreplog_J1628-41.csv,,,Data replog,,,J1628-41,True,IR
ir040202.0369        [0,J1628-41,16:28:47.3,-41:52:38,2004-02-03,07:40:12,2453038.8196,30.1,1.81,J,J,,,,missingreplog_J1628-41.csv,,,Data replog,,,J1628-41,True,IR
ir040202.0368        [0,J1628-41,16:28:47.2,-41:52:39,2004-02-03,07:39:19,2453038.819,30.0,1.82,J,J,,,,missingreplog_J1628-41.csv,,,Data replog,,,J1628-41,True,IR
ir040202.0367        [0,J1628-41,16:28:47.2,-41:52:39,2004-02-03,07:38:26,2453038.8184,30.1,1.82,J,J,,,,missingreplog_J1628-41.csv,,,Data replog,,,J1628-41,True,IR
ir040202.0366        [0,J1628-41,16:28:47.2,-41:52:39,2004-02-03,07:37:34,2453038.8178,30.0,1.83,J,J,,,,missingreplog_J1628-41.csv,,,Data replog,,,J1628-41,True,IR
ir040306.0464        [0,J1628-41,16:28:47.7,-41:52:38,2004-03-07,08:17:52,2453071.8457,30.1,1.11,K,K,,,,missingreplog_J1628-41.csv,,,Data replog,,,J1628-41,True,IR
ir040306.0463        [0,J1628-41,16:28:47.7,-41:52:38,2004-03-07,08:16:59,2453071.8451,30.0,1.11,K,K,,,,missingreplog_J1628-41.csv,,,Data replog,,,J1628-41,True,IR
ir040306.0462        [0,J1628-41,16:28:47.6,-41:52:39,2004-03-07,08:16:07,2453071.8445,30.1,1.11,K,K,,,,missingreplog_J1628-41.csv,,,Data replog,,,J1628-41,True,IR
ir040306.0461        [0,J1628-41,16:28:47.6,-41:52:38,2004-03-07,08:15:14,2453071.8439,30.1,1.11,K,K,,,,missingreplog_J1628-41.csv,,,Data replog,,,J1628-41,True,IR
ir040306.0460        [0,J1628-41,16:28:47.5,-41:52:39,2004-03-07,08:14:22,2453071.8433,30.1,1.11,K,K,,,,missingreplog_J1628-41.csv,,,Data replog,,,J1628-41,True,IR
ir040306.0458        [0,J1628-41,16:28:47.4,-41:52:39,2004-03-07,08:11:42,2453071.8415,30.1,1.12,J,J,,,,missingreplog_J1628-41.csv,,,Data replog,,,J1628-41,True,IR
ir040307skyV.0513    [0,J1628-41,16:28:47.1,-41:52:48,2004-03-08,08:04:00,2453072.8361,30.1,1.13,K,K,,,,missingreplog_J1628-41.csv,,,Data replog,,,J1628-41,True,IR
ir040306.0457        [0,J1628-41,16:28:47.4,-41:52:39,2004-03-07,08:10:50,2453071.8409,30.0,1.12,J,J,,,,missingreplog_J1628-41.csv,,,Data replog,,,J1628-41,True,IR
ir040306.0456        [0,J1628-41,16:28:47.4,-41:52:39,2004-03-07,08:09:58,2453071.8402,30.0,1.12,J,J,,,,missingreplog_J1628-41.csv,,,Data replog,,,J1628-41,True,IR
ir040306.0455        [0,J1628-41,16:28:47.4,-41:52:39,2004-03-07,08:09:05,2453071.8396,30.0,1.12,J,J,,,,missingreplog_J1628-41.csv,,,Data replog,,,J1628-41,True,IR
ir040306.0454        [0,J1628-41,16:28:47.4,-41:52:39,2004-03-07,08:08:12,2453071.839,30.1,1.13,J,J,,,,missingreplog_J1628-41.csv,,,Data replog,,,J1628-41,True,IR
ir040306.0453        [0,J1628-41,16:28:47.4,-41:52:40,2004-03-07,08:07:20,2453071.8384,30.0,1.13,J,J,,,,missingreplog_J1628-41.csv,,,Data replog,,,J1628-41,True,IR
ir040303.0390        [0,J1628-41,16:28:47.2,-41:52:36,2004-03-04,07:24:53,2453068.8089,30.0,1.26,K,K,,,,missingreplog_J1628-41.csv,,,Data replog,,,J1628-41,True,IR
ir040303.0389        [0,J1628-41,16:28:47.2,-41:52:36,2004-03-04,07:24:00,2453068.8083,30.0,1.26,K,K,,,,missingreplog_J1628-41.csv,,,Data replog,,,J1628-41,True,IR
ir040303.0388        [0,J1628-41,16:28:47.1,-41:52:36,2004-03-04,07:23:08,2453068.8077,30.1,1.26,K,K,,,,missingreplog_J1628-41.csv,,,Data replog,,,J1628-41,True,IR
ir040303.0387        [0,J1628-41,16:28:47.1,-41:52:37,2004-03-04,07:22:15,2453068.8071,30.0,1.27,K,K,,,,missingreplog_J1628-41.csv,,,Data replog,,,J1628-41,True,IR
ir040303.0386        [0,J1628-41,16:28:47.1,-41:52:37,2004-03-04,07:21:22,2453068.8065,30.0,1.27,K,K,,,,missingreplog_J1628-41.csv,,,Data replog,,,J1628-41,True,IR
ir040303.0385        [0,J1628-41,16:28:47.1,-41:52:37,2004-03-04,07:20:30,2453068.8059,30.0,1.27,K,K,,,,missingreplog_J1628-41.csv,,,Data replog,,,J1628-41,True,IR
ir040202.0372        [0,J1628-41,16:28:47.4,-41:52:38,2004-02-03,07:43:42,2453038.822,30.1,1.78,K,K,,,,missingreplog_J1628-41.csv,,,Data replog,,,J1628-41,True,IR
ir040202.0373        [0,J1628-41,16:28:47.4,-41:52:37,2004-02-03,07:44:34,2453038.8226,30.1,1.77,K,K,,,,missingreplog_J1628-41.csv,,,Data replog,,,J1628-41,True,IR
ir040202.0374        [0,J1628-41,16:28:47.4,-41:52:37,2004-02-03,07:45:27,2453038.8232,30.1,1.76,K,K,,,,missingreplog_J1628-41.csv,,,Data replog,,,J1628-41,True,IR
ir040202.0375        [0,J1628-41,16:28:47.5,-41:52:37,2004-02-03,07:46:20,2453038.8238,30.0,1.76,K,K,,,,missingreplog_J1628-41.csv,,,Data replog,,,J1628-41,True,IR
ir040307skyV.0512    [0,J1628-41,16:28:47.0,-41:52:48,2004-03-08,08:03:07,2453072.8355,30.1,1.13,K,K,,,,missingreplog_J1628-41.csv,,,Data replog,,,J1628-41,True,IR
ir040307skyV.0511    [0,J1628-41,16:28:47.0,-41:52:48,2004-03-08,08:02:14,2453072.8349,30.0,1.13,K,K,,,,missingreplog_J1628-41.csv,,,Data replog,,,J1628-41,True,IR
ir040307skyV.0510    [0,J1628-41,16:28:47.0,-41:52:48,2004-03-08,08:01:22,2453072.8343,30.1,1.13,K,K,,,,missingreplog_J1628-41.csv,,,Data replog,,,J1628-41,True,IR
ir040307skyV.0509    [0,J1628-41,16:28:47.0,-41:52:48,2004-03-08,07:59:32,2453072.833,30.0,1.13,J,J,,,,missingreplog_J1628-41.csv,,,Data replog,,,J1628-41,True,IR
ir040307skyV.0508    [0,J1628-41,16:28:47.0,-41:52:48,2004-03-08,07:58:39,2453072.8324,30.1,1.14,J,J,,,,missingreplog_J1628-41.csv,,,Data replog,,,J1628-41,True,IR
ir040307skyV.0507    [0,J1628-41,16:28:47.0,-41:52:48,2004-03-08,07:57:47,2453072.8318,30.1,1.14,J,J,,,,missingreplog_J1628-41.csv,,,Data replog,,,J1628-41,True,IR
ir040307skyV.0506    [0,J1628-41,16:28:46.9,-41:52:48,2004-03-08,07:56:54,2453072.8312,30.1,1.14,J,J,,,,missingreplog_J1628-41.csv,,,Data replog,,,J1628-41,True,IR
ir040307skyV.0505    [0,J1628-41,16:28:46.9,-41:52:48,2004-03-08,07:56:02,2453072.8306,30.0,1.14,J,J,,,,missingreplog_J1628-41.csv,,,Data replog,,,J1628-41,True,IR
ir040307skyV.0504    [0,J1628-41,16:28:46.9,-41:52:49,2004-03-08,07:55:12,2453072.83,30.1,1.14,J,J,,,,missingreplog_J1628-41.csv,,,Data replog,,,J1628-41,True,IR
ir040219.0393        [0,J1628-41,16:28:47.3,-41:52:28,2004-02-20,09:17:43,2453055.8873,30.1,1.11,K,K,,,,missingreplog_J1628-41.csv,,,Data replog,,,J1628-41,True,IR
ir040219.0392        [0,J1628-41,16:28:47.2,-41:52:28,2004-02-20,09:16:50,2453055.8867,30.0,1.12,K,K,,,,missingreplog_J1628-41.csv,,,Data replog,,,J1628-41,True,IR
ir040219.0391        [0,J1628-41,16:28:47.2,-41:52:28,2004-02-20,09:15:58,2453055.8861,30.0,1.12,K,K,,,,missingreplog_J1628-41.csv,,,Data replog,,,J1628-41,True,IR
ir040219.0390        [0,J1628-41,16:28:47.2,-41:52:28,2004-02-20,09:15:05,2453055.8855,30.1,1.12,K,K,,,,missingreplog_J1628-41.csv,,,Data replog,,,J1628-41,True,IR
ir040219.0389        [0,J1628-41,16:28:47.1,-41:52:29,2004-02-20,09:14:12,2453055.8849,30.1,1.12,K,K,,,,missingreplog_J1628-41.csv,,,Data replog,,,J1628-41,True,IR
ir040219.0388        [0,J1628-41,16:28:47.1,-41:52:29,2004-02-20,09:13:20,2453055.8843,30.0,1.12,K,K,,,,missingreplog_J1628-41.csv,,,Data replog,,,J1628-41,True,IR
ir040219.0387        [0,J1628-41,16:28:47.1,-41:52:29,2004-02-20,09:11:32,2453055.883,30.0,1.12,J,J,,,,missingreplog_J1628-41.csv,,,Data replog,,,J1628-41,True,IR
ir040219.0386        [0,J1628-41,16:28:47.1,-41:52:29,2004-02-20,09:10:40,2453055.8824,30.1,1.13,J,J,,,,missingreplog_J1628-41.csv,,,Data replog,,,J1628-41,True,IR
ir040219.0385        [0,J1628-41,16:28:47.1,-41:52:29,2004-02-20,09:09:48,2453055.8818,30.0,1.13,J,J,,,,missingreplog_J1628-41.csv,,,Data replog,,,J1628-41,True,IR
ir040219.0384        [0,J1628-41,16:28:47.0,-41:52:30,2004-02-20,09:08:55,2453055.8812,30.1,1.13,J,J,,,,missingreplog_J1628-41.csv,,,Data replog,,,J1628-41,True,IR
ir040219.0383        [0,J1628-41,16:28:47.0,-41:52:30,2004-02-20,09:08:02,2453055.8806,30.1,1.13,J,J,,,,missingreplog_J1628-41.csv,,,Data replog,,,J1628-41,True,IR
ir040219.0382        [0,J1628-41,16:28:47.0,-41:52:30,2004-02-20,09:07:10,2453055.88,30.0,1.13,J,J,,,,missingreplog_J1628-41.csv,,,Data replog,,,J1628-41,True,IR
ir040202.0377        [0,J1628-41,16:28:47.5,-41:52:37,2004-02-03,07:48:05,2453038.8251,30.0,1.74,K,K,,,,missingreplog_J1628-41.csv,,,Data replog,,,J1628-41,True,IR
ir040202.0376        [0,J1628-41,16:28:47.5,-41:52:37,2004-02-03,07:47:12,2453038.8245,30.0,1.75,K,K,,,,missingreplog_J1628-41.csv,,,Data replog,,,J1628-41,True,IR
ir030929.0076        [0,J1628-41,16:28:47.3,-41:52:38,2003-09-30,00:10:50,2452912.5075,30.1,1.38,J,J,,,,missingreplog_J1628-41.csv,,,Data replog,,,J1628-41,True,IR
ir030929.0074        [0,J1628-41,16:28:47.2,-41:52:38,2003-09-30,00:09:06,2452912.5063,30.1,1.38,J,J,,,,missingreplog_J1628-41.csv,,,Data replog,,,J1628-41,True,IR
ir030823.0095        [0,J1628-41,16:28:47.5,-41:52:45,2003-08-24,02:13:49,2452875.5929,30.0,1.3,J,J,,,,missingreplog_J1628-41.csv,,,Data replog,,,J1628-41,True,IR
ir030823.0096        [0,J1628-41,16:28:47.5,-41:52:45,2003-08-24,02:14:41,2452875.5935,30.0,1.3,J,J,,,,missingreplog_J1628-41.csv,,,Data replog,,,J1628-41,True,IR
ir030823.0097        [0,J1628-41,16:28:47.5,-41:52:46,2003-08-24,02:15:34,2452875.5941,30.0,1.3,J,J,,,,missingreplog_J1628-41.csv,,,Data replog,,,J1628-41,True,IR
ir030823.0098        [0,J1628-41,16:28:47.5,-41:52:46,2003-08-24,02:16:27,2452875.5948,30.1,1.31,J,J,,,,missingreplog_J1628-41.csv,,,Data replog,,,J1628-41,True,IR
ir030617.0083        [0,J1628-41,16:28:47.3,-41:52:38,2003-06-18,04:25:59,2452808.6847,30.0,1.04,J,J,,,,missingreplog_J1628-41.csv,,,Data replog,,,J1628-41,True,IR
ir030617.0082        [0,J1628-41,16:28:47.3,-41:52:38,2003-06-18,04:25:06,2452808.6841,30.0,1.04,J,J,,,,missingreplog_J1628-41.csv,,,Data replog,,,J1628-41,True,IR
ir030617.0081        [0,J1628-41,16:28:47.3,-41:52:38,2003-06-18,04:24:14,2452808.6835,30.0,1.04,J,J,,,,missingreplog_J1628-41.csv,,,Data replog,,,J1628-41,True,IR
ir030613.0103        [0,J1628-41,16:28:47.3,-41:52:39,2003-06-14,05:50:24,2452804.7433,30.1,1.13,J,J,,,,missingreplog_J1628-41.csv,,,Data replog,,,J1628-41,True,IR
ir030613.0102        [0,J1628-41,16:28:47.4,-41:52:39,2003-06-14,05:49:32,2452804.7427,30.0,1.13,J,J,,,,missingreplog_J1628-41.csv,,,Data replog,,,J1628-41,True,IR
ir030613.0101        [0,J1628-41,16:28:47.3,-41:52:39,2003-06-14,05:48:40,2452804.7421,30.0,1.13,J,J,,,,missingreplog_J1628-41.csv,,,Data replog,,,J1628-41,True,IR
ir030613.0100        [0,J1628-41,16:28:47.3,-41:52:39,2003-06-14,05:47:47,2452804.7415,30.1,1.13,J,J,,,,missingreplog_J1628-41.csv,,,Data replog,,,J1628-41,True,IR
ir030613.0099        [0,J1628-41,16:28:47.3,-41:52:39,2003-06-14,05:46:55,2452804.7409,30.0,1.13,J,J,,,,missingreplog_J1628-41.csv,,,Data replog,,,J1628-41,True,IR
ir030613.0098        [0,J1628-41,16:28:47.3,-41:52:38,2003-06-14,05:46:02,2452804.7403,30.0,1.12,J,J,,,,missingreplog_J1628-41.csv,,,Data replog,,,J1628-41,True,IR
ir030613.0097        [0,J1628-41,16:28:47.3,-41:52:38,2003-06-14,05:45:10,2452804.7397,30.0,1.12,J,J,,,,missingreplog_J1628-41.csv,,,Data replog,,,J1628-41,True,IR
ir030613.0096        [0,J1628-41,16:28:47.3,-41:52:38,2003-06-14,05:44:18,2452804.7391,30.0,1.12,J,J,,,,missingreplog_J1628-41.csv,,,Data replog,,,J1628-41,True,IR
ir030909.0140        [0,J1628-41,16:28:47.1,-41:52:39,2003-09-10,02:00:12,2452892.5835,30.0,1.54,J,J,,,,missingreplog_J1628-41.csv,,,Data replog,,,J1628-41,True,IR
ir030909.0139        [0,J1628-41,16:28:47.1,-41:52:39,2003-09-10,01:59:20,2452892.5829,30.1,1.53,J,J,,,,missingreplog_J1628-41.csv,,,Data replog,,,J1628-41,True,IR
ir030909.0138        [0,J1628-41,16:28:47.1,-41:52:39,2003-09-10,01:58:28,2452892.5823,30.1,1.53,J,J,,,,missingreplog_J1628-41.csv,,,Data replog,,,J1628-41,True,IR
ir030909.0137        [0,J1628-41,16:28:47.1,-41:52:39,2003-09-10,01:57:35,2452892.5817,30.0,1.52,J,J,,,,missingreplog_J1628-41.csv,,,Data replog,,,J1628-41,True,IR
ir030909.0136        [0,J1628-41,16:28:47.1,-41:52:38,2003-09-10,01:56:43,2452892.5811,30.0,1.52,J,J,,,,missingreplog_J1628-41.csv,,,Data replog,,,J1628-41,True,IR
ir030909.0135        [0,J1628-41,16:28:47.2,-41:52:38,2003-09-10,01:55:50,2452892.5804,30.0,1.51,J,J,,,,missingreplog_J1628-41.csv,,,Data replog,,,J1628-41,True,IR
ir030909.0134        [0,J1628-41,16:28:47.2,-41:52:38,2003-09-10,01:54:58,2452892.5798,30.0,1.51,J,J,,,,missingreplog_J1628-41.csv,,,Data replog,,,J1628-41,True,IR
ir030909.0133        [0,J1628-41,16:28:47.2,-41:52:37,2003-09-10,01:54:05,2452892.5792,30.1,1.5,J,J,,,,missingreplog_J1628-41.csv,,,Data replog,,,J1628-41,True,IR
ir030823.0102        [0,J1628-41,16:28:47.5,-41:52:46,2003-08-24,02:19:57,2452875.5972,30.0,1.32,J,J,,,,missingreplog_J1628-41.csv,,,Data replog,,,J1628-41,True,IR
ir030823.0101        [0,J1628-41,16:28:47.5,-41:52:46,2003-08-24,02:19:05,2452875.5966,30.0,1.32,J,J,,,,missingreplog_J1628-41.csv,,,Data replog,,,J1628-41,True,IR
ir030823.0100        [0,J1628-41,16:28:47.5,-41:52:46,2003-08-24,02:18:12,2452875.596,30.1,1.31,J,J,,,,missingreplog_J1628-41.csv,,,Data replog,,,J1628-41,True,IR
ir030823.0099        [0,J1628-41,16:28:47.5,-41:52:46,2003-08-24,02:17:19,2452875.5954,30.0,1.31,J,J,,,,missingreplog_J1628-41.csv,,,Data replog,,,J1628-41,True,IR
ir030617.0085        [0,J1628-41,16:28:47.4,-41:52:37,2003-06-18,04:27:44,2452808.6859,30.1,1.04,J,J,,,,missingreplog_J1628-41.csv,,,Data replog,,,J1628-41,True,IR
ir030617.0084        [0,J1628-41,16:28:47.3,-41:52:37,2003-06-18,04:26:52,2452808.6853,30.1,1.04,J,J,,,,missingreplog_J1628-41.csv,,,Data replog,,,J1628-41,True,IR
ir030617.0086        [0,J1628-41,16:28:47.4,-41:52:37,2003-06-18,04:28:37,2452808.6866,30.0,1.05,J,J,,,,missingreplog_J1628-41.csv,,,Data replog,,,J1628-41,True,IR
ir030927.0033        [0,J1628-41,16:28:47.2,-41:52:38,2003-09-28,00:18:13,2452910.5127,30.0,1.38,J,J,,,,missingreplog_J1628-41.csv,,,Data replog,,,J1628-41,True,IR
ir030625.0079        [0,J1628-41,16:28:47.2,-41:52:38,2003-06-26,00:15:38,2452816.5109,30.0,1.21,J,J,,,,missingreplog_J1628-41.csv,,,Data replog,,,J1628-41,True,IR
ir030626.0039        [0,J1628-41,16:28:45.9,-41:52:38,2003-06-27,00:25:24,2452817.5176,30.0,1.18,J,J,,,,missingreplog_J1628-41.csv,,,Data replog,,,J1628-41,True,IR
ir030626.0038        [0,J1628-41,16:28:45.8,-41:52:38,2003-06-27,00:24:31,2452817.517,30.1,1.18,J,J,,,,missingreplog_J1628-41.csv,,,Data replog,,,J1628-41,True,IR
ir030626.0037        [0,J1628-41,16:28:45.9,-41:52:38,2003-06-27,00:23:39,2452817.5164,30.0,1.18,J,J,,,,missingreplog_J1628-41.csv,,,Data replog,,,J1628-41,True,IR
ir030626.0036        [0,J1628-41,16:28:45.9,-41:52:38,2003-06-27,00:22:47,2452817.5158,30.1,1.18,J,J,,,,missingreplog_J1628-41.csv,,,Data replog,,,J1628-41,True,IR
ir030626.0035        [0,J1628-41,16:28:45.8,-41:52:38,2003-06-27,00:21:55,2452817.5152,30.1,1.19,J,J,,,,missingreplog_J1628-41.csv,,,Data replog,,,J1628-41,True,IR
ir030626.0034        [0,J1628-41,16:28:45.9,-41:52:38,2003-06-27,00:21:03,2452817.5146,30.1,1.19,J,J,,,,missingreplog_J1628-41.csv,,,Data replog,,,J1628-41,True,IR
ir030625.0084        [0,J1628-41,16:28:47.3,-41:52:36,2003-06-26,00:19:58,2452816.5139,30.0,1.2,J,J,,,,missingreplog_J1628-41.csv,,,Data replog,,,J1628-41,True,IR
ir030625.0083        [0,J1628-41,16:28:47.2,-41:52:37,2003-06-26,00:19:07,2452816.5133,30.0,1.2,J,J,,,,missingreplog_J1628-41.csv,,,Data replog,,,J1628-41,True,IR
ir030625.0082        [0,J1628-41,16:28:47.2,-41:52:37,2003-06-26,00:18:14,2452816.5127,30.1,1.21,J,J,,,,missingreplog_J1628-41.csv,,,Data replog,,,J1628-41,True,IR
ir030625.0081        [0,J1628-41,16:28:47.2,-41:52:38,2003-06-26,00:17:22,2452816.5121,30.0,1.21,J,J,,,,missingreplog_J1628-41.csv,,,Data replog,,,J1628-41,True,IR
ir030625.0080        [0,J1628-41,16:28:47.2,-41:52:38,2003-06-26,00:16:30,2452816.5115,30.0,1.21,J,J,,,,missingreplog_J1628-41.csv,,,Data replog,,,J1628-41,True,IR
ir030625.0078        [0,J1628-41,16:28:47.2,-41:52:39,2003-06-26,00:14:45,2452816.5102,30.0,1.22,J,J,,,,missingreplog_J1628-41.csv,,,Data replog,,,J1628-41,True,IR
ir030624.0150        [0,J1628-41,16:28:47.4,-41:52:37,2003-06-25,01:06:20,2452815.5461,30.0,1.11,J,J,,,,missingreplog_J1628-41.csv,,,Data replog,,,J1628-41,True,IR
ir030625.0077        [0,J1628-41,16:28:47.2,-41:52:39,2003-06-26,00:13:54,2452816.5097,30.1,1.22,J,J,,,,missingreplog_J1628-41.csv,,,Data replog,,,J1628-41,True,IR
ir030624.0384        [0,J1628-41,16:28:47.1,-41:52:39,2003-06-25,06:52:13,2452815.7863,30.1,1.48,J,J,,,,missingreplog_J1628-41.csv,,,Data replog,,,J1628-41,True,IR
ir030624.0383        [0,J1628-41,16:28:47.1,-41:52:38,2003-06-25,06:51:21,2452815.7857,30.0,1.48,J,J,,,,missingreplog_J1628-41.csv,,,Data replog,,,J1628-41,True,IR
ir030624.0382        [0,J1628-41,16:28:47.2,-41:52:38,2003-06-25,06:50:28,2452815.7851,30.1,1.47,J,J,,,,missingreplog_J1628-41.csv,,,Data replog,,,J1628-41,True,IR
ir030624.0381        [0,J1628-41,16:28:47.2,-41:52:38,2003-06-25,06:49:36,2452815.7845,30.1,1.47,J,J,,,,missingreplog_J1628-41.csv,,,Data replog,,,J1628-41,True,IR
ir030624.0380        [0,J1628-41,16:28:47.2,-41:52:38,2003-06-25,06:48:44,2452815.7838,30.1,1.46,J,J,,,,missingreplog_J1628-41.csv,,,Data replog,,,J1628-41,True,IR
ir030624.0379        [0,J1628-41,16:28:47.2,-41:52:38,2003-06-25,06:47:51,2452815.7832,30.1,1.46,J,J,,,,missingreplog_J1628-41.csv,,,Data replog,,,J1628-41,True,IR
ir030624.0378        [0,J1628-41,16:28:47.2,-41:52:38,2003-06-25,06:46:58,2452815.7826,30.1,1.45,J,J,,,,missingreplog_J1628-41.csv,,,Data replog,,,J1628-41,True,IR
ir030624.0377        [0,J1628-41,16:28:47.2,-41:52:38,2003-06-25,06:46:06,2452815.782,30.1,1.45,J,J,,,,missingreplog_J1628-41.csv,,,Data replog,,,J1628-41,True,IR
ir030624.0153        [0,J1628-41,16:28:47.5,-41:52:37,2003-06-25,01:08:57,2452815.5479,30.1,1.11,J,J,,,,missingreplog_J1628-41.csv,,,Data replog,,,J1628-41,True,IR
ir030624.0152        [0,J1628-41,16:28:47.4,-41:52:37,2003-06-25,01:08:05,2452815.5473,30.0,1.11,J,J,,,,missingreplog_J1628-41.csv,,,Data replog,,,J1628-41,True,IR
ir030626.0040        [0,J1628-41,16:28:45.9,-41:52:38,2003-06-27,00:26:16,2452817.5183,30.0,1.18,J,J,,,,missingreplog_J1628-41.csv,,,Data replog,,,J1628-41,True,IR
ir030626.0041        [0,J1628-41,16:28:45.9,-41:52:38,2003-06-27,00:27:08,2452817.5188,30.1,1.17,J,J,,,,missingreplog_J1628-41.csv,,,Data replog,,,J1628-41,True,IR
ir030627.0071        [0,J1628-41,16:28:47.2,-41:52:38,2003-06-28,00:30:16,2452818.521,30.0,1.16,J,J,,,,missingreplog_J1628-41.csv,,,Data replog,,,J1628-41,True,IR
ir030627.0072        [0,J1628-41,16:28:47.3,-41:52:38,2003-06-28,00:31:08,2452818.5216,30.1,1.16,J,J,,,,missingreplog_J1628-41.csv,,,Data replog,,,J1628-41,True,IR
ir030629.0039        [0,J1628-41,16:28:47.2,-41:52:38,2003-06-30,00:28:52,2452820.52,30.0,1.14,J,J,,,,missingreplog_J1628-41.csv,,,Data replog,,,J1628-41,True,IR
ir030628.0064        [0,J1628-41,16:28:47.4,-41:52:38,2003-06-29,00:44:25,2452819.5309,30.1,1.12,J,J,,,,missingreplog_J1628-41.csv,,,Data replog,,,J1628-41,True,IR
ir030628.0063        [0,J1628-41,16:28:47.4,-41:52:38,2003-06-29,00:43:33,2452819.5302,30.1,1.12,J,J,,,,missingreplog_J1628-41.csv,,,Data replog,,,J1628-41,True,IR
ir030628.0062        [0,J1628-41,16:28:47.3,-41:52:38,2003-06-29,00:42:40,2452819.5296,30.1,1.13,J,J,,,,missingreplog_J1628-41.csv,,,Data replog,,,J1628-41,True,IR
ir030628.0061        [0,J1628-41,16:28:47.3,-41:52:38,2003-06-29,00:41:48,2452819.529,30.1,1.13,J,J,,,,missingreplog_J1628-41.csv,,,Data replog,,,J1628-41,True,IR
ir030628.0060        [0,J1628-41,16:28:47.3,-41:52:38,2003-06-29,00:40:57,2452819.5284,30.1,1.13,J,J,,,,missingreplog_J1628-41.csv,,,Data replog,,,J1628-41,True,IR
ir030628.0059        [0,J1628-41,16:28:47.2,-41:52:38,2003-06-29,00:40:05,2452819.5278,30.1,1.13,J,J,,,,missingreplog_J1628-41.csv,,,Data replog,,,J1628-41,True,IR
ir030628.0058        [0,J1628-41,16:28:47.2,-41:52:38,2003-06-29,00:39:12,2452819.5272,30.1,1.13,J,J,,,,missingreplog_J1628-41.csv,,,Data replog,,,J1628-41,True,IR
ir030628.0057        [0,J1628-41,16:28:47.2,-41:52:38,2003-06-29,00:38:20,2452819.5266,30.1,1.13,J,J,,,,missingreplog_J1628-41.csv,,,Data replog,,,J1628-41,True,IR
ir030627.0307        [0,J1628-41,16:28:47.3,-41:52:40,2003-06-28,07:03:12,2452818.7939,30.1,1.61,J,J,,,,missingreplog_J1628-41.csv,,,Data replog,,,J1628-41,True,IR
ir030627.0306        [0,J1628-41,16:28:47.3,-41:52:40,2003-06-28,07:02:20,2452818.7933,30.0,1.61,J,J,,,,missingreplog_J1628-41.csv,,,Data replog,,,J1628-41,True,IR
ir030627.0305        [0,J1628-41,16:28:47.3,-41:52:40,2003-06-28,07:01:27,2452818.7927,30.0,1.6,J,J,,,,missingreplog_J1628-41.csv,,,Data replog,,,J1628-41,True,IR
ir030627.0304        [0,J1628-41,16:28:47.2,-41:52:39,2003-06-28,07:00:34,2452818.7921,30.0,1.6,J,J,,,,missingreplog_J1628-41.csv,,,Data replog,,,J1628-41,True,IR
ir030627.0303        [0,J1628-41,16:28:47.3,-41:52:39,2003-06-28,06:59:42,2452818.7915,30.1,1.59,J,J,,,,missingreplog_J1628-41.csv,,,Data replog,,,J1628-41,True,IR
ir030627.0302        [0,J1628-41,16:28:47.3,-41:52:39,2003-06-28,06:58:49,2452818.7908,30.1,1.59,J,J,,,,missingreplog_J1628-41.csv,,,Data replog,,,J1628-41,True,IR
ir030627.0301        [0,J1628-41,16:28:47.3,-41:52:38,2003-06-28,06:57:56,2452818.7902,30.0,1.58,J,J,,,,missingreplog_J1628-41.csv,,,Data replog,,,J1628-41,True,IR
ir030627.0300        [0,J1628-41,16:28:47.2,-41:52:38,2003-06-28,06:57:04,2452818.7896,30.1,1.57,J,J,,,,missingreplog_J1628-41.csv,,,Data replog,,,J1628-41,True,IR
ir030627.0078        [0,J1628-41,16:28:47.3,-41:52:39,2003-06-28,00:36:21,2452818.5252,30.0,1.15,J,J,,,,missingreplog_J1628-41.csv,,,Data replog,,,J1628-41,True,IR
ir030627.0077        [0,J1628-41,16:28:47.3,-41:52:38,2003-06-28,00:35:29,2452818.5246,30.1,1.15,J,J,,,,missingreplog_J1628-41.csv,,,Data replog,,,J1628-41,True,IR
ir030627.0076        [0,J1628-41,16:28:47.3,-41:52:38,2003-06-28,00:34:37,2452818.524,30.1,1.15,J,J,,,,missingreplog_J1628-41.csv,,,Data replog,,,J1628-41,True,IR
ir030627.0075        [0,J1628-41,16:28:47.3,-41:52:38,2003-06-28,00:33:44,2452818.5234,30.1,1.15,J,J,,,,missingreplog_J1628-41.csv,,,Data replog,,,J1628-41,True,IR
ir030627.0074        [0,J1628-41,16:28:47.3,-41:52:38,2003-06-28,00:32:53,2452818.5228,30.1,1.15,J,J,,,,missingreplog_J1628-41.csv,,,Data replog,,,J1628-41,True,IR
ir030627.0073        [0,J1628-41,16:28:47.3,-41:52:38,2003-06-28,00:32:00,2452818.5222,30.0,1.15,J,J,,,,missingreplog_J1628-41.csv,,,Data replog,,,J1628-41,True,IR
ir030624.0151        [0,J1628-41,16:28:47.4,-41:52:37,2003-06-25,01:07:13,2452815.5467,30.0,1.11,J,J,,,,missingreplog_J1628-41.csv,,,Data replog,,,J1628-41,True,IR
ir030624.0149        [0,J1628-41,16:28:47.3,-41:52:37,2003-06-25,01:05:28,2452815.5455,30.0,1.11,J,J,,,,missingreplog_J1628-41.csv,,,Data replog,,,J1628-41,True,IR
ir030617.0087        [0,J1628-41,16:28:47.4,-41:52:37,2003-06-18,04:29:30,2452808.6872,30.1,1.05,J,J,,,,missingreplog_J1628-41.csv,,,Data replog,,,J1628-41,True,IR
ir030919.0101        [0,J1628-41,16:28:47.3,-41:52:39,2003-06-20,01:25:54,2452810.5597,30.0,1.11,J,J,,,,missingreplog_J1628-41.csv,,,Data replog,,,J1628-41,True,IR
ir030620.0074        [0,J1628-41,16:28:47.4,-41:52:39,2003-06-21,01:31:59,2452811.5639,30.0,1.1,J,J,,,,missingreplog_J1628-41.csv,,,Data replog,,,J1628-41,True,IR
ir030620.0073        [0,J1628-41,16:28:47.4,-41:52:39,2003-06-21,01:31:06,2452811.5633,30.1,1.1,J,J,,,,missingreplog_J1628-41.csv,,,Data replog,,,J1628-41,True,IR
ir030620.0072        [0,J1628-41,16:28:47.4,-41:52:38,2003-06-21,01:30:13,2452811.5627,30.0,1.1,J,J,,,,missingreplog_J1628-41.csv,,,Data replog,,,J1628-41,True,IR
ir030620.0071        [0,J1628-41,16:28:47.4,-41:52:39,2003-06-21,01:29:21,2452811.562,30.1,1.1,J,J,,,,missingreplog_J1628-41.csv,,,Data replog,,,J1628-41,True,IR
ir030620.0070        [0,J1628-41,16:28:47.3,-41:52:39,2003-06-21,01:28:28,2452811.5614,30.1,1.1,J,J,,,,missingreplog_J1628-41.csv,,,Data replog,,,J1628-41,True,IR
ir030620.0069        [0,J1628-41,16:28:47.3,-41:52:38,2003-06-21,01:27:35,2452811.5608,30.1,1.1,J,J,,,,missingreplog_J1628-41.csv,,,Data replog,,,J1628-41,True,IR
ir030620.0068        [0,J1628-41,16:28:47.2,-41:52:38,2003-06-21,01:26:43,2452811.5602,30.0,1.1,J,J,,,,missingreplog_J1628-41.csv,,,Data replog,,,J1628-41,True,IR
ir030919.0105        [0,J1628-41,16:28:47.4,-41:52:39,2003-06-20,01:29:24,2452810.5621,30.0,1.11,J,J,,,,missingreplog_J1628-41.csv,,,Data replog,,,J1628-41,True,IR
ir030919.0104        [0,J1628-41,16:28:47.3,-41:52:38,2003-06-20,01:28:32,2452810.5615,30.0,1.11,J,J,,,,missingreplog_J1628-41.csv,,,Data replog,,,J1628-41,True,IR
ir030919.0103        [0,J1628-41,16:28:47.3,-41:52:38,2003-06-20,01:27:39,2452810.5609,30.1,1.11,J,J,,,,missingreplog_J1628-41.csv,,,Data replog,,,J1628-41,True,IR
ir030919.0102        [0,J1628-41,16:28:47.3,-41:52:38,2003-06-20,01:26:46,2452810.5603,30.1,1.11,J,J,,,,missingreplog_J1628-41.csv,,,Data replog,,,J1628-41,True,IR
ir030919.0100        [0,J1628-41,16:28:47.2,-41:52:38,2003-06-20,01:25:01,2452810.559,30.1,1.11,J,J,,,,missingreplog_J1628-41.csv,,,Data replog,,,J1628-41,True,IR
ir030624.0148        [0,J1628-41,16:28:47.3,-41:52:37,2003-06-25,01:04:35,2452815.5449,30.1,1.11,J,J,,,,missingreplog_J1628-41.csv,,,Data replog,,,J1628-41,True,IR
ir030919.0099        [0,J1628-41,16:28:47.2,-41:52:38,2003-06-20,01:24:08,2452810.5584,30.0,1.12,J,J,,,,missingreplog_J1628-41.csv,,,Data replog,,,J1628-41,True,IR
ir030919.0098        [0,J1628-41,16:28:47.2,-41:52:38,2003-06-20,01:23:16,2452810.5578,30.1,1.12,J,J,,,,missingreplog_J1628-41.csv,,,Data replog,,,J1628-41,True,IR
ir030618.0260        [0,J1628-41,16:28:47.3,-41:52:38,2003-06-19,04:43:03,2452809.6966,30.0,1.06,J,J,,,,missingreplog_J1628-41.csv,,,Data replog,,,J1628-41,True,IR
ir030618.0259        [0,J1628-41,16:28:47.2,-41:52:38,2003-06-19,04:42:11,2452809.696,30.0,1.06,J,J,,,,missingreplog_J1628-41.csv,,,Data replog,,,J1628-41,True,IR
ir030618.0258        [0,J1628-41,16:28:47.2,-41:52:38,2003-06-19,04:41:18,2452809.6954,30.1,1.06,J,J,,,,missingreplog_J1628-41.csv,,,Data replog,,,J1628-41,True,IR
ir030618.0257        [0,J1628-41,16:28:47.2,-41:52:38,2003-06-19,04:40:25,2452809.6947,30.1,1.06,J,J,,,,missingreplog_J1628-41.csv,,,Data replog,,,J1628-41,True,IR
ir030618.0256        [0,J1628-41,16:28:47.2,-41:52:38,2003-06-19,04:39:33,2452809.6941,30.0,1.06,J,J,,,,missingreplog_J1628-41.csv,,,Data replog,,,J1628-41,True,IR
ir030618.0255        [0,J1628-41,16:28:47.2,-41:52:38,2003-06-19,04:38:40,2452809.6935,30.0,1.06,J,J,,,,missingreplog_J1628-41.csv,,,Data replog,,,J1628-41,True,IR
ir030618.0254        [0,J1628-41,16:28:47.2,-41:52:38,2003-06-19,04:37:47,2452809.6929,30.1,1.06,J,J,,,,missingreplog_J1628-41.csv,,,Data replog,,,J1628-41,True,IR
ir030618.0253        [0,J1628-41,16:28:47.2,-41:52:38,2003-06-19,04:36:55,2452809.6923,30.0,1.06,J,J,,,,missingreplog_J1628-41.csv,,,Data replog,,,J1628-41,True,IR
ir030617.0088        [0,J1628-41,16:28:47.4,-41:52:37,2003-06-18,04:30:23,2452808.6878,30.0,1.05,J,J,,,,missingreplog_J1628-41.csv,,,Data replog,,,J1628-41,True,IR
ir030620.0075        [0,J1628-41,16:28:47.5,-41:52:38,2003-06-21,01:32:51,2452811.5645,30.0,1.09,J,J,,,,missingreplog_J1628-41.csv,,,Data replog,,,J1628-41,True,IR
ir030621.0106        [0,J1628-41,16:28:47.2,-41:52:38,2003-06-22,03:11:13,2452812.6328,30.0,1.02,J,J,,,,missingreplog_J1628-41.csv,,,Data replog,,,J1628-41,True,IR
ir030621.0107        [0,J1628-41,16:28:47.3,-41:52:37,2003-06-22,03:12:05,2452812.6334,30.1,1.02,J,J,,,,missingreplog_J1628-41.csv,,,Data replog,,,J1628-41,True,IR
ir030621.0108        [0,J1628-41,16:28:47.3,-41:52:37,2003-06-22,03:12:58,2452812.634,30.1,1.02,J,J,,,,missingreplog_J1628-41.csv,,,Data replog,,,J1628-41,True,IR
ir030624.0147        [0,J1628-41,16:28:47.3,-41:52:37,2003-06-25,01:03:42,2452815.5442,30.0,1.12,J,J,,,,missingreplog_J1628-41.csv,,,Data replog,,,J1628-41,True,IR
ir030624.0146        [0,J1628-41,16:28:47.2,-41:52:38,2003-06-25,01:02:50,2452815.5436,30.1,1.12,J,J,,,,missingreplog_J1628-41.csv,,,Data replog,,,J1628-41,True,IR
ir030623.0047        [2,J1628-41,16:28:47.0,-41:52:39,2003-06-23,23:43:47,2452814.4887,30.1,1.34,J,J,,,,missingreplog_J1628-41.csv,,,Data replog,,,J1628-41,True,IR
ir030623.0046        [2,J1628-41,16:28:47.1,-41:52:39,2003-06-23,23:42:55,2452814.4881,30.0,1.35,J,J,,,,missingreplog_J1628-41.csv,,,Data replog,,,J1628-41,True,IR
ir030623.0045        [2,J1628-41,16:28:47.1,-41:52:39,2003-06-23,23:42:02,2452814.4875,30.1,1.35,J,J,,,,missingreplog_J1628-41.csv,,,Data replog,,,J1628-41,True,IR
ir030623.0044        [2,J1628-41,16:28:47.1,-41:52:39,2003-06-23,23:41:10,2452814.4869,30.1,1.35,J,J,,,,missingreplog_J1628-41.csv,,,Data replog,,,J1628-41,True,IR
ir030623.0043        [2,J1628-41,16:28:47.1,-41:52:39,2003-06-23,23:40:18,2452814.4863,30.0,1.36,J,J,,,,missingreplog_J1628-41.csv,,,Data replog,,,J1628-41,True,IR
ir030623.0042        [2,J1628-41,16:28:47.1,-41:52:39,2003-06-23,23:39:25,2452814.4857,30.1,1.36,J,J,,,,missingreplog_J1628-41.csv,,,Data replog,,,J1628-41,True,IR
ir030623.0041        [2,J1628-41,16:28:47.2,-41:52:39,2003-06-23,23:38:32,2452814.4851,30.0,1.36,J,J,,,,missingreplog_J1628-41.csv,,,Data replog,,,J1628-41,True,IR
ir030623.0040        [2,J1628-41,16:28:47.2,-41:52:38,2003-06-23,23:37:40,2452814.4845,30.1,1.37,J,J,,,,missingreplog_J1628-41.csv,,,Data replog,,,J1628-41,True,IR
ir030622.0027        [2,J1628-41,16:28:47.3,-41:52:38,2003-06-22,23:38:32,2452813.4851,30.1,1.38,J,J,,,,missingreplog_J1628-41.csv,,,Data replog,,,J1628-41,True,IR
ir030622.0026        [2,J1628-41,16:28:47.3,-41:52:38,2003-06-22,23:37:40,2452813.4845,30.0,1.38,J,J,,,,missingreplog_J1628-41.csv,,,Data replog,,,J1628-41,True,IR
ir030622.0025        [2,J1628-41,16:28:47.3,-41:52:38,2003-06-22,23:36:47,2452813.4839,30.1,1.39,J,J,,,,missingreplog_J1628-41.csv,,,Data replog,,,J1628-41,True,IR
ir030622.0024        [2,J1628-41,16:28:47.3,-41:52:38,2003-06-22,23:35:55,2452813.4833,30.1,1.39,J,J,,,,missingreplog_J1628-41.csv,,,Data replog,,,J1628-41,True,IR
ir030622.0023        [2,J1628-41,16:28:47.2,-41:52:38,2003-06-22,23:35:03,2452813.4827,30.0,1.39,J,J,,,,missingreplog_J1628-41.csv,,,Data replog,,,J1628-41,True,IR
ir030622.0022        [2,J1628-41,16:28:47.2,-41:52:38,2003-06-22,23:34:10,2452813.4821,30.0,1.4,J,J,,,,missingreplog_J1628-41.csv,,,Data replog,,,J1628-41,True,IR
ir030622.0021        [2,J1628-41,16:28:47.2,-41:52:39,2003-06-22,23:33:17,2452813.4814,30.1,1.4,J,J,,,,missingreplog_J1628-41.csv,,,Data replog,,,J1628-41,True,IR
ir030622.0020        [2,J1628-41,16:28:47.2,-42:01:23,2003-06-22,23:32:25,2452813.4808,30.1,1.41,J,J,,,,missingreplog_J1628-41.csv,,,Data replog,,,J1628-41,True,IR
ir030621.0113        [0,J1628-41,16:28:47.3,-41:52:37,2003-06-22,03:17:19,2452812.637,30.1,1.02,J,J,,,,missingreplog_J1628-41.csv,,,Data replog,,,J1628-41,True,IR
ir030621.0112        [0,J1628-41,16:28:47.3,-41:52:37,2003-06-22,03:16:27,2452812.6364,30.0,1.02,J,J,,,,missingreplog_J1628-41.csv,,,Data replog,,,J1628-41,True,IR
ir030621.0111        [0,J1628-41,16:28:47.2,-41:52:37,2003-06-22,03:15:35,2452812.6358,30.0,1.02,J,J,,,,missingreplog_J1628-41.csv,,,Data replog,,,J1628-41,True,IR
ir030621.0110        [0,J1628-41,16:28:47.2,-41:52:37,2003-06-22,03:14:43,2452812.6352,30.0,1.02,J,J,,,,missingreplog_J1628-41.csv,,,Data replog,,,J1628-41,True,IR
ir030621.0109        [0,J1628-41,16:28:47.2,-41:52:37,2003-06-22,03:13:51,2452812.6346,30.0,1.02,J,J,,,,missingreplog_J1628-41.csv,,,Data replog,,,J1628-41,True,IR
ir030629.0040        [0,J1628-41,16:28:47.3,-41:52:39,2003-06-30,00:29:44,2452820.5206,30.1,1.14,J,J,,,,missingreplog_J1628-41.csv,,,Data replog,,,J1628-41,True,IR
ir030629.0041        [0,J1628-41,16:28:47.3,-41:52:39,2003-06-30,00:30:36,2452820.5213,30.1,1.14,J,J,,,,missingreplog_J1628-41.csv,,,Data replog,,,J1628-41,True,IR
ir030629.0042        [0,J1628-41,16:28:47.3,-41:52:39,2003-06-30,00:31:28,2452820.5219,30.0,1.14,J,J,,,,missingreplog_J1628-41.csv,,,Data replog,,,J1628-41,True,IR
ir030825.0070        [0,J1628-41,16:28:47.6,-41:52:47,2003-08-26,00:51:36,2452877.5358,30.1,1.11,J,J,,,,missingreplog_J1628-41.csv,,,Data replog,,,J1628-41,True,IR
ir030826.0032        [0,J1628-41,16:28:47.6,-41:52:47,2003-08-27,00:07:07,2452878.5049,30.1,1.06,J,J,,,,missingreplog_J1628-41.csv,,,Data replog,,,J1628-41,True,IR
ir030826.0031        [0,J1628-41,16:28:47.6,-41:52:47,2003-08-27,00:06:15,2452878.5044,30.0,1.06,J,J,,,,missingreplog_J1628-41.csv,,,Data replog,,,J1628-41,True,IR
ir030826.0030        [0,J1628-41,16:28:47.6,-41:52:48,2003-08-27,00:05:22,2452878.5037,30.0,1.06,J,J,,,,missingreplog_J1628-41.csv,,,Data replog,,,J1628-41,True,IR
ir030826.0029        [0,J1628-41,16:28:47.6,-41:52:48,2003-08-27,00:04:30,2452878.5031,30.0,1.06,J,J,,,,missingreplog_J1628-41.csv,,,Data replog,,,J1628-41,True,IR
ir030826.0028        [0,J1628-41,16:28:47.5,-41:52:48,2003-08-27,00:03:37,2452878.5025,30.0,1.05,J,J,,,,missingreplog_J1628-41.csv,,,Data replog,,,J1628-41,True,IR
ir030826.0027        [0,J1628-41,16:28:47.5,-41:52:49,2003-08-27,00:02:44,2452878.5019,30.0,1.05,J,J,,,,missingreplog_J1628-41.csv,,,Data replog,,,J1628-41,True,IR
ir030826.0026        [0,J1628-41,16:28:47.5,-41:52:49,2003-08-27,00:01:52,2452878.5013,30.1,1.05,J,J,,,,missingreplog_J1628-41.csv,,,Data replog,,,J1628-41,True,IR
ir030825.0074        [0,J1628-41,16:28:47.6,-41:52:46,2003-08-26,00:55:04,2452877.5382,30.0,1.12,J,J,,,,missingreplog_J1628-41.csv,,,Data replog,,,J1628-41,True,IR
ir030825.0073        [0,J1628-41,16:28:47.6,-41:52:47,2003-08-26,00:54:12,2452877.5376,30.1,1.12,J,J,,,,missingreplog_J1628-41.csv,,,Data replog,,,J1628-41,True,IR
ir030825.0072        [0,J1628-41,16:28:47.6,-41:52:47,2003-08-26,00:53:20,2452877.537,30.0,1.11,J,J,,,,missingreplog_J1628-41.csv,,,Data replog,,,J1628-41,True,IR
ir030825.0071        [0,J1628-41,16:28:47.6,-41:52:47,2003-08-26,00:52:28,2452877.5364,30.1,1.11,J,J,,,,missingreplog_J1628-41.csv,,,Data replog,,,J1628-41,True,IR
ir030825.0069        [0,J1628-41,16:28:47.5,-41:52:47,2003-08-26,00:50:43,2452877.5352,30.0,1.11,J,J,,,,missingreplog_J1628-41.csv,,,Data replog,,,J1628-41,True,IR
ir030822.0136        [0,J1628-41,16:28:47.2,-41:52:37,2003-08-23,02:08:07,2452874.589,30.0,1.27,J,J,,,,missingreplog_J1628-41.csv,,,Data replog,,,J1628-41,True,IR
ir030825.0068        [0,J1628-41,16:28:47.5,-41:52:47,2003-08-26,00:49:50,2452877.5346,30.1,1.11,J,J,,,,missingreplog_J1628-41.csv,,,Data replog,,,J1628-41,True,IR
ir030825.0067        [0,J1628-41,16:28:47.5,-41:52:48,2003-08-26,00:48:58,2452877.534,30.0,1.11,J,J,,,,missingreplog_J1628-41.csv,,,Data replog,,,J1628-41,True,IR
ir030824.0113        [0,J1628-41,16:28:47.2,-41:52:55,2003-08-25,01:21:55,2452876.5569,30.0,1.16,J,J,,,,missingreplog_J1628-41.csv,,,Data replog,,,J1628-41,True,IR
ir030824.0112        [0,J1628-41,16:28:47.2,-41:52:55,2003-08-25,01:21:02,2452876.5563,30.0,1.16,J,J,,,,missingreplog_J1628-41.csv,,,Data replog,,,J1628-41,True,IR
ir030824.0111        [0,J1628-41,16:28:47.2,-41:52:55,2003-08-25,01:20:10,2452876.5557,30.1,1.16,J,J,,,,missingreplog_J1628-41.csv,,,Data replog,,,J1628-41,True,IR
ir030824.0110        [0,J1628-41,16:28:47.2,-41:52:55,2003-08-25,01:19:17,2452876.5551,30.0,1.16,J,J,,,,missingreplog_J1628-41.csv,,,Data replog,,,J1628-41,True,IR
ir030824.0109        [0,J1628-41,16:28:47.2,-41:52:55,2003-08-25,01:18:26,2452876.5545,30.0,1.16,J,J,,,,missingreplog_J1628-41.csv,,,Data replog,,,J1628-41,True,IR
ir030824.0108        [0,J1628-41,16:28:47.2,-41:52:55,2003-08-25,01:17:32,2452876.5538,30.1,1.15,J,J,,,,missingreplog_J1628-41.csv,,,Data replog,,,J1628-41,True,IR
ir030824.0107        [0,J1628-41,16:28:47.1,-41:52:55,2003-08-25,01:16:40,2452876.5532,30.0,1.15,J,J,,,,missingreplog_J1628-41.csv,,,Data replog,,,J1628-41,True,IR
ir030824.0106        [0,J1628-41,16:28:47.1,-41:52:56,2003-08-25,01:15:47,2452876.5526,30.0,1.15,J,J,,,,missingreplog_J1628-41.csv,,,Data replog,,,J1628-41,True,IR
ir030822.0138        [0,J1628-41,16:28:47.2,-41:52:38,2003-08-23,02:09:52,2452874.5902,30.0,1.27,J,J,,,,missingreplog_J1628-41.csv,,,Data replog,,,J1628-41,True,IR
ir030826.0033        [0,J1628-41,16:28:47.5,-41:52:47,2003-08-27,00:08:00,2452878.5056,30.1,1.06,J,J,,,,missingreplog_J1628-41.csv,,,Data replog,,,J1628-41,True,IR
ir030827.0168        [0,J1628-41,16:28:47.2,-41:52:38,2003-08-28,01:59:08,2452879.5827,30.0,1.3,J,J,,,,missingreplog_J1628-41.csv,,,Data replog,,,J1628-41,True,IR
ir030827.0169        [0,J1628-41,16:28:47.3,-41:52:38,2003-08-28,02:00:00,2452879.5833,30.1,1.3,J,J,,,,missingreplog_J1628-41.csv,,,Data replog,,,J1628-41,True,IR
ir030827.0170        [0,J1628-41,16:28:47.2,-41:52:38,2003-08-28,02:00:53,2452879.5839,30.0,1.31,J,J,,,,missingreplog_J1628-41.csv,,,Data replog,,,J1628-41,True,IR
ir030902.0193        [0,J1628-41,16:28:47.2,-41:52:38,2003-09-03,02:39:06,2452885.6105,30.1,1.61,J,J,,,,missingreplog_J1628-41.csv,,,Data replog,,,J1628-41,True,IR
ir030902.0192        [0,J1628-41,16:28:47.2,-41:52:38,2003-09-03,02:38:15,2452885.6099,30.1,1.6,J,J,,,,missingreplog_J1628-41.csv,,,Data replog,,,J1628-41,True,IR
ir030831.0150        [0,J1628-41,16:28:47.3,-41:52:39,2003-09-01,03:09:31,2452883.6316,30.0,1.78,J,J,,,,missingreplog_J1628-41.csv,,,Data replog,,,J1628-41,True,IR
ir030831.0149        [0,J1628-41,16:28:47.3,-41:52:39,2003-09-01,03:08:39,2452883.631,30.0,1.77,J,J,,,,missingreplog_J1628-41.csv,,,Data replog,,,J1628-41,True,IR
ir030831.0148        [0,J1628-41,16:28:47.3,-41:52:39,2003-09-01,03:07:47,2452883.6304,30.1,1.76,J,J,,,,missingreplog_J1628-41.csv,,,Data replog,,,J1628-41,True,IR
ir030831.0147        [0,J1628-41,16:28:47.2,-41:52:39,2003-09-01,03:06:55,2452883.6298,30.0,1.75,J,J,,,,missingreplog_J1628-41.csv,,,Data replog,,,J1628-41,True,IR
ir030831.0146        [0,J1628-41,16:28:47.2,-41:52:39,2003-09-01,03:06:03,2452883.6292,30.0,1.75,J,J,,,,missingreplog_J1628-41.csv,,,Data replog,,,J1628-41,True,IR
ir030831.0145        [0,J1628-41,16:28:47.2,-41:52:39,2003-09-01,03:05:10,2452883.6286,30.1,1.74,J,J,,,,missingreplog_J1628-41.csv,,,Data replog,,,J1628-41,True,IR
ir030831.0144        [0,J1628-41,16:28:47.2,-41:52:38,2003-09-01,03:04:17,2452883.628,30.0,1.73,J,J,,,,missingreplog_J1628-41.csv,,,Data replog,,,J1628-41,True,IR
ir030831.0143        [0,J1628-41,16:28:47.2,-41:52:38,2003-09-01,03:03:25,2452883.6274,30.0,1.73,J,J,,,,missingreplog_J1628-41.csv,,,Data replog,,,J1628-41,True,IR
ir030830.0038        [0,J1628-41,16:28:47.5,-41:52:38,2003-08-31,00:37:53,2452882.5263,30.0,1.12,J,J,,,,missingreplog_J1628-41.csv,,,Data replog,,,J1628-41,True,IR
ir030830.0037        [0,J1628-41,16:28:47.5,-41:52:38,2003-08-31,00:37:02,2452882.5257,30.0,1.12,J,J,,,,missingreplog_J1628-41.csv,,,Data replog,,,J1628-41,True,IR
ir030830.0036        [0,J1628-41,16:28:47.5,-41:52:38,2003-08-31,00:36:09,2452882.5251,30.0,1.12,J,J,,,,missingreplog_J1628-41.csv,,,Data replog,,,J1628-41,True,IR
ir030830.0035        [0,J1628-41,16:28:47.4,-41:52:38,2003-08-31,00:35:17,2452882.5245,30.0,1.12,J,J,,,,missingreplog_J1628-41.csv,,,Data replog,,,J1628-41,True,IR
ir030830.0034        [0,J1628-41,16:28:47.4,-41:52:38,2003-08-31,00:34:25,2452882.5239,30.0,1.12,J,J,,,,missingreplog_J1628-41.csv,,,Data replog,,,J1628-41,True,IR
ir030830.0033        [0,J1628-41,16:28:47.4,-41:52:38,2003-08-31,00:33:33,2452882.5233,30.0,1.11,J,J,,,,missingreplog_J1628-41.csv,,,Data replog,,,J1628-41,True,IR
ir030830.0032        [0,J1628-41,16:28:47.4,-41:52:38,2003-08-31,00:32:41,2452882.5227,30.0,1.11,J,J,,,,missingreplog_J1628-41.csv,,,Data replog,,,J1628-41,True,IR
ir030830.0031        [0,J1628-41,16:28:47.3,-41:52:38,2003-08-31,00:31:49,2452882.5221,30.0,1.11,J,J,,,,missingreplog_J1628-41.csv,,,Data replog,,,J1628-41,True,IR
ir030827.0175        [0,J1628-41,16:28:47.2,-41:52:39,2003-08-28,02:05:14,2452879.587,30.0,1.32,J,J,,,,missingreplog_J1628-41.csv,,,Data replog,,,J1628-41,True,IR
ir030827.0174        [0,J1628-41,16:28:47.2,-41:52:38,2003-08-28,02:04:22,2452879.5864,30.1,1.32,J,J,,,,missingreplog_J1628-41.csv,,,Data replog,,,J1628-41,True,IR
ir030827.0173        [0,J1628-41,16:28:47.2,-41:52:38,2003-08-28,02:03:30,2452879.5858,30.0,1.32,J,J,,,,missingreplog_J1628-41.csv,,,Data replog,,,J1628-41,True,IR
ir030827.0172        [0,J1628-41,16:28:47.2,-41:52:38,2003-08-28,02:02:38,2452879.5852,30.0,1.31,J,J,,,,missingreplog_J1628-41.csv,,,Data replog,,,J1628-41,True,IR
ir030827.0171        [0,J1628-41,16:28:47.2,-41:52:38,2003-08-28,02:01:46,2452879.5846,30.1,1.31,J,J,,,,missingreplog_J1628-41.csv,,,Data replog,,,J1628-41,True,IR
ir030822.0137        [0,J1628-41,16:28:47.2,-41:52:38,2003-08-23,02:09:00,2452874.5896,30.0,1.27,J,J,,,,missingreplog_J1628-41.csv,,,Data replog,,,J1628-41,True,IR
ir030822.0135        [0,J1628-41,16:28:47.2,-41:52:37,2003-08-23,02:07:14,2452874.5884,30.0,1.26,J,J,,,,missingreplog_J1628-41.csv,,,Data replog,,,J1628-41,True,IR
ir030815.0240        [0,J1628-41,16:28:47.2,-41:52:39,2003-08-16,02:54:52,2452867.6214,30.0,1.33,J,J,,,,missingreplog_J1628-41.csv,,,Data replog,,,J1628-41,True,IR
ir030817.0150        [0,J1628-41,16:28:47.3,-41:52:37,2003-08-18,01:30:56,2452869.5632,30.1,1.13,J,J,,,,missingreplog_J1628-41.csv,,,Data replog,,,J1628-41,True,IR
ir030818.0235        [0,J1628-41,16:28:47.2,-41:52:38,2003-08-19,02:23:58,2452870.6,30.0,1.27,J,J,,,,missingreplog_J1628-41.csv,,,Data replog,,,J1628-41,True,IR
ir030818.0234        [0,J1628-41,16:28:47.2,-41:52:38,2003-08-19,02:23:05,2452870.5994,30.0,1.26,J,J,,,,missingreplog_J1628-41.csv,,,Data replog,,,J1628-41,True,IR
ir030818.0233        [0,J1628-41,16:28:47.2,-41:52:38,2003-08-19,02:22:12,2452870.5988,30.0,1.26,J,J,,,,missingreplog_J1628-41.csv,,,Data replog,,,J1628-41,True,IR
ir030818.0232        [0,J1628-41,16:28:47.3,-41:52:38,2003-08-19,02:21:19,2452870.5981,30.1,1.26,J,J,,,,missingreplog_J1628-41.csv,,,Data replog,,,J1628-41,True,IR
ir030818.0231        [0,J1628-41,16:28:47.2,-41:52:38,2003-08-19,02:20:27,2452870.5975,30.0,1.25,J,J,,,,missingreplog_J1628-41.csv,,,Data replog,,,J1628-41,True,IR
ir030818.0230        [0,J1628-41,16:28:47.3,-41:52:38,2003-08-19,02:19:34,2452870.5969,30.1,1.25,J,J,,,,missingreplog_J1628-41.csv,,,Data replog,,,J1628-41,True,IR
ir030818.0229        [0,J1628-41,16:28:47.3,-41:52:38,2003-08-19,02:18:41,2452870.5963,30.1,1.25,J,J,,,,missingreplog_J1628-41.csv,,,Data replog,,,J1628-41,True,IR
ir030818.0228        [0,J1628-41,16:28:47.2,-41:52:38,2003-08-19,02:17:49,2452870.5957,30.0,1.25,J,J,,,,missingreplog_J1628-41.csv,,,Data replog,,,J1628-41,True,IR
ir030817.0153        [0,J1628-41,16:28:47.3,-41:52:37,2003-08-18,01:33:34,2452869.565,30.1,1.13,J,J,,,,missingreplog_J1628-41.csv,,,Data replog,,,J1628-41,True,IR
ir030817.0152        [0,J1628-41,16:28:47.3,-41:52:37,2003-08-18,01:32:42,2452869.5644,30.0,1.13,J,J,,,,missingreplog_J1628-41.csv,,,Data replog,,,J1628-41,True,IR
ir030817.0151        [0,J1628-41,16:28:47.3,-41:52:37,2003-08-18,01:31:49,2452869.5638,30.0,1.13,J,J,,,,missingreplog_J1628-41.csv,,,Data replog,,,J1628-41,True,IR
ir030817.0149        [0,J1628-41,16:28:47.3,-41:52:37,2003-08-18,01:30:04,2452869.5626,30.1,1.12,J,J,,,,missingreplog_J1628-41.csv,,,Data replog,,,J1628-41,True,IR
ir030822.0134        [0,J1628-41,16:28:47.2,-41:52:37,2003-08-23,02:06:22,2452874.5878,30.0,1.26,J,J,,,,missingreplog_J1628-41.csv,,,Data replog,,,J1628-41,True,IR
ir030817.0148        [0,J1628-41,16:28:47.3,-41:52:37,2003-08-18,01:29:11,2452869.5619,30.0,1.12,J,J,,,,missingreplog_J1628-41.csv,,,Data replog,,,J1628-41,True,IR
ir030817.0147        [0,J1628-41,16:28:47.3,-41:52:37,2003-08-18,01:28:18,2452869.5613,30.1,1.12,J,J,,,,missingreplog_J1628-41.csv,,,Data replog,,,J1628-41,True,IR
ir030817.0146        [0,J1628-41,16:28:47.3,-41:52:38,2003-08-18,01:27:26,2452869.5607,30.0,1.12,J,J,,,,missingreplog_J1628-41.csv,,,Data replog,,,J1628-41,True,IR
ir030816.0234        [0,J1628-41,16:28:47.0,-41:52:38,2003-08-17,02:28:17,2452868.603,30.0,1.25,J,J,,,,missingreplog_J1628-41.csv,,,Data replog,,,J1628-41,True,IR
ir030816.0233        [0,J1628-41,16:28:47.0,-41:52:38,2003-08-17,02:27:24,2452868.6024,30.1,1.25,J,J,,,,missingreplog_J1628-41.csv,,,Data replog,,,J1628-41,True,IR
ir030816.0232        [0,J1628-41,16:28:47.0,-41:52:38,2003-08-17,02:26:32,2452868.6018,30.0,1.25,J,J,,,,missingreplog_J1628-41.csv,,,Data replog,,,J1628-41,True,IR
ir030816.0231        [0,J1628-41,16:28:47.0,-41:52:38,2003-08-17,02:25:40,2452868.6012,30.1,1.25,J,J,,,,missingreplog_J1628-41.csv,,,Data replog,,,J1628-41,True,IR
ir030816.0230        [0,J1628-41,16:28:47.0,-41:52:38,2003-08-17,02:24:48,2452868.6006,30.1,1.24,J,J,,,,missingreplog_J1628-41.csv,,,Data replog,,,J1628-41,True,IR
ir030816.0229        [0,J1628-41,16:28:47.0,-41:52:38,2003-08-17,02:23:55,2452868.6,30.0,1.24,J,J,,,,missingreplog_J1628-41.csv,,,Data replog,,,J1628-41,True,IR
ir030816.0228        [0,J1628-41,16:28:46.9,-41:52:38,2003-08-17,02:23:02,2452868.5993,30.0,1.24,J,J,,,,missingreplog_J1628-41.csv,,,Data replog,,,J1628-41,True,IR
ir030816.0227        [0,J1628-41,16:28:46.9,-41:52:38,2003-08-17,02:22:10,2452868.5987,30.1,1.24,J,J,,,,missingreplog_J1628-41.csv,,,Data replog,,,J1628-41,True,IR
ir030819.0251        [0,J1628-41,16:28:47.2,-41:52:37,2003-08-20,02:23:49,2452871.5999,30.0,1.28,J,J,,,,missingreplog_J1628-41.csv,,,Data replog,,,J1628-41,True,IR
ir030819.0252        [0,J1628-41,16:28:47.2,-41:52:37,2003-08-20,02:24:41,2452871.6005,30.0,1.28,J,J,,,,missingreplog_J1628-41.csv,,,Data replog,,,J1628-41,True,IR
ir030819.0253        [0,J1628-41,16:28:47.2,-41:52:37,2003-08-20,02:25:34,2452871.6011,30.1,1.28,J,J,,,,missingreplog_J1628-41.csv,,,Data replog,,,J1628-41,True,IR
ir030819.0254        [0,J1628-41,16:28:47.2,-41:52:37,2003-08-20,02:26:27,2452871.6017,30.1,1.29,J,J,,,,missingreplog_J1628-41.csv,,,Data replog,,,J1628-41,True,IR
ir030822.0133        [0,J1628-41,16:28:47.2,-41:52:37,2003-08-23,02:05:29,2452874.5872,30.0,1.26,J,J,,,,missingreplog_J1628-41.csv,,,Data replog,,,J1628-41,True,IR
ir030822.0132        [0,J1628-41,16:28:46.8,-41:52:47,2003-08-23,02:04:36,2452874.5865,30.1,1.25,J,J,,,,missingreplog_J1628-41.csv,,,Data replog,,,J1628-41,True,IR
ir030822.0131        [0,J1628-41,16:28:46.8,-41:52:47,2003-08-23,02:03:44,2452874.5859,30.0,1.25,J,J,,,,missingreplog_J1628-41.csv,,,Data replog,,,J1628-41,True,IR
ir030821.0222        [0,J1628-41,16:28:47.2,-41:52:38,2003-08-22,02:35:53,2452873.6083,30.1,1.35,J,J,,,,missingreplog_J1628-41.csv,,,Data replog,,,J1628-41,True,IR
ir030821.0221        [0,J1628-41,16:28:47.2,-41:52:38,2003-08-22,02:35:01,2452873.6077,30.0,1.35,J,J,,,,missingreplog_J1628-41.csv,,,Data replog,,,J1628-41,True,IR
ir030821.0220        [0,J1628-41,16:28:47.2,-41:52:37,2003-08-22,02:34:09,2452873.6071,30.0,1.34,J,J,,,,missingreplog_J1628-41.csv,,,Data replog,,,J1628-41,True,IR
ir030821.0219        [0,J1628-41,16:28:47.2,-41:52:38,2003-08-22,02:33:16,2452873.6064,30.0,1.34,J,J,,,,missingreplog_J1628-41.csv,,,Data replog,,,J1628-41,True,IR
ir030821.0218        [0,J1628-41,16:28:47.2,-41:52:37,2003-08-22,02:32:25,2452873.6058,30.0,1.34,J,J,,,,missingreplog_J1628-41.csv,,,Data replog,,,J1628-41,True,IR
ir030821.0217        [0,J1628-41,16:28:47.2,-41:52:38,2003-08-22,02:31:32,2452873.6052,30.0,1.33,J,J,,,,missingreplog_J1628-41.csv,,,Data replog,,,J1628-41,True,IR
ir030821.0216        [0,J1628-41,16:28:47.2,-41:52:38,2003-08-22,02:30:39,2452873.6046,30.1,1.33,J,J,,,,missingreplog_J1628-41.csv,,,Data replog,,,J1628-41,True,IR
ir030821.0215        [0,J1628-41,16:28:46.8,-41:52:50,2003-08-22,02:29:47,2452873.604,30.0,1.33,J,J,,,,missingreplog_J1628-41.csv,,,Data replog,,,J1628-41,True,IR
ir030820.0198        [0,J1628-41,16:28:47.2,-41:52:38,2003-08-21,02:23:28,2452872.5996,30.1,1.29,J,J,,,,missingreplog_J1628-41.csv,,,Data replog,,,J1628-41,True,IR
ir030820.0197        [0,J1628-41,16:28:47.2,-41:52:38,2003-08-21,02:22:36,2452872.599,30.1,1.29,J,J,,,,missingreplog_J1628-41.csv,,,Data replog,,,J1628-41,True,IR
ir030820.0196        [0,J1628-41,16:28:47.2,-41:52:38,2003-08-21,02:21:43,2452872.5984,30.0,1.28,J,J,,,,missingreplog_J1628-41.csv,,,Data replog,,,J1628-41,True,IR
ir030820.0195        [0,J1628-41,16:28:47.2,-41:52:38,2003-08-21,02:20:51,2452872.5978,30.1,1.28,J,J,,,,missingreplog_J1628-41.csv,,,Data replog,,,J1628-41,True,IR
ir030820.0194        [0,J1628-41,16:28:47.2,-41:52:38,2003-08-21,02:19:58,2452872.5972,30.0,1.28,J,J,,,,missingreplog_J1628-41.csv,,,Data replog,,,J1628-41,True,IR
ir030820.0193        [0,J1628-41,16:28:47.2,-41:52:38,2003-08-21,02:19:06,2452872.5966,30.0,1.28,J,J,,,,missingreplog_J1628-41.csv,,,Data replog,,,J1628-41,True,IR
ir030820.0192        [0,J1628-41,16:28:47.2,-41:52:38,2003-08-21,02:18:13,2452872.596,30.1,1.27,J,J,,,,missingreplog_J1628-41.csv,,,Data replog,,,J1628-41,True,IR
ir030820.0191        [0,J1628-41,16:28:47.2,-41:52:38,2003-08-21,02:17:21,2452872.5954,30.0,1.27,J,J,,,,missingreplog_J1628-41.csv,,,Data replog,,,J1628-41,True,IR
ir030819.0258        [0,J1628-41,16:28:47.2,-41:52:37,2003-08-20,02:29:57,2452871.6041,30.0,1.3,J,J,,,,missingreplog_J1628-41.csv,,,Data replog,,,J1628-41,True,IR
ir030819.0257        [0,J1628-41,16:28:47.2,-41:52:37,2003-08-20,02:29:05,2452871.6035,30.0,1.3,J,J,,,,missingreplog_J1628-41.csv,,,Data replog,,,J1628-41,True,IR
ir030819.0256        [0,J1628-41,16:28:47.2,-41:52:37,2003-08-20,02:28:12,2452871.6029,30.1,1.29,J,J,,,,missingreplog_J1628-41.csv,,,Data replog,,,J1628-41,True,IR
ir030819.0255        [0,J1628-41,16:28:47.2,-41:52:37,2003-08-20,02:27:19,2452871.6023,30.0,1.29,J,J,,,,missingreplog_J1628-41.csv,,,Data replog,,,J1628-41,True,IR
ir030902.0194        [0,J1628-41,16:28:47.2,-41:52:38,2003-09-03,02:39:59,2452885.6111,30.0,1.62,J,J,,,,missingreplog_J1628-41.csv,,,Data replog,,,J1628-41,True,IR
ir030902.0195        [0,J1628-41,16:28:47.2,-41:52:38,2003-09-03,02:40:52,2452885.6117,30.0,1.62,J,J,,,,missingreplog_J1628-41.csv,,,Data replog,,,J1628-41,True,IR
ir030902.0196        [0,J1628-41,16:28:47.2,-41:52:38,2003-09-03,02:41:44,2452885.6123,30.1,1.63,J,J,,,,missingreplog_J1628-41.csv,,,Data replog,,,J1628-41,True,IR
ir030915.0039        [0,J1628-41,16:28:47.2,-41:52:37,2003-09-16,00:11:01,2452898.5077,30.0,1.2,J,J,,,,missingreplog_J1628-41.csv,,,Data replog,,,J1628-41,True,IR
ir030919.0050        [0,J1628-41,16:28:47.1,-41:52:57,2003-09-20,01:02:54,2452902.5437,30.0,1.44,J,J,,,,missingreplog_J1628-41.csv,,,Data replog,,,J1628-41,True,IR
ir030919.0049        [0,J1628-41,16:28:47.1,-41:52:57,2003-09-20,01:02:01,2452902.5431,30.1,1.44,J,J,,,,missingreplog_J1628-41.csv,,,Data replog,,,J1628-41,True,IR
ir030919.0048        [0,J1628-41,16:28:47.2,-41:52:57,2003-09-20,01:01:09,2452902.5425,30.0,1.43,J,J,,,,missingreplog_J1628-41.csv,,,Data replog,,,J1628-41,True,IR
ir030919.0047        [0,J1628-41,16:28:47.1,-41:52:56,2003-09-20,01:00:17,2452902.5419,30.1,1.43,J,J,,,,missingreplog_J1628-41.csv,,,Data replog,,,J1628-41,True,IR
ir030915.0046        [0,J1628-41,16:28:47.3,-41:52:39,2003-09-16,00:17:08,2452898.5119,30.1,1.22,J,J,,,,missingreplog_J1628-41.csv,,,Data replog,,,J1628-41,True,IR
ir030915.0045        [0,J1628-41,16:28:47.3,-41:52:39,2003-09-16,00:16:16,2452898.5113,30.0,1.21,J,J,,,,missingreplog_J1628-41.csv,,,Data replog,,,J1628-41,True,IR
ir030915.0044        [0,J1628-41,16:28:47.3,-41:52:38,2003-09-16,00:15:24,2452898.5107,30.1,1.21,J,J,,,,missingreplog_J1628-41.csv,,,Data replog,,,J1628-41,True,IR
ir030915.0043        [0,J1628-41,16:28:47.3,-41:52:39,2003-09-16,00:14:31,2452898.5101,30.1,1.21,J,J,,,,missingreplog_J1628-41.csv,,,Data replog,,,J1628-41,True,IR
ir030915.0042        [0,J1628-41,16:28:47.3,-41:52:38,2003-09-16,00:13:39,2452898.5095,30.1,1.21,J,J,,,,missingreplog_J1628-41.csv,,,Data replog,,,J1628-41,True,IR
ir030915.0041        [0,J1628-41,16:28:47.3,-41:52:38,2003-09-16,00:12:46,2452898.5089,30.0,1.2,J,J,,,,missingreplog_J1628-41.csv,,,Data replog,,,J1628-41,True,IR
ir030915.0040        [0,J1628-41,16:28:47.3,-41:52:38,2003-09-16,00:11:53,2452898.5083,30.0,1.2,J,J,,,,missingreplog_J1628-41.csv,,,Data replog,,,J1628-41,True,IR
ir030914.0063        [0,J1628-41,16:28:47.2,-41:52:38,2003-09-15,00:47:58,2452897.5333,30.1,1.3,J,J,,,,missingreplog_J1628-41.csv,,,Data replog,,,J1628-41,True,IR
ir030902.0197        [0,J1628-41,16:28:47.3,-41:52:39,2003-09-03,02:42:37,2452885.6129,30.1,1.63,J,J,,,,missingreplog_J1628-41.csv,,,Data replog,,,J1628-41,True,IR
ir030914.0062        [0,J1628-41,16:28:47.2,-41:52:38,2003-09-15,00:47:06,2452897.5327,30.1,1.3,J,J,,,,missingreplog_J1628-41.csv,,,Data replog,,,J1628-41,True,IR
ir030914.0061        [0,J1628-41,16:28:47.2,-41:52:38,2003-09-15,00:46:14,2452897.5321,30.1,1.29,J,J,,,,missingreplog_J1628-41.csv,,,Data replog,,,J1628-41,True,IR
ir030914.0060        [0,J1628-41,16:28:47.3,-41:52:38,2003-09-15,00:45:22,2452897.5315,30.1,1.29,J,J,,,,missingreplog_J1628-41.csv,,,Data replog,,,J1628-41,True,IR
ir030914.0059        [0,J1628-41,16:28:47.3,-41:52:38,2003-09-15,00:44:30,2452897.5309,30.0,1.29,J,J,,,,missingreplog_J1628-41.csv,,,Data replog,,,J1628-41,True,IR
ir030914.0058        [0,J1628-41,16:28:47.2,-41:52:38,2003-09-15,00:43:38,2452897.5303,30.1,1.28,J,J,,,,missingreplog_J1628-41.csv,,,Data replog,,,J1628-41,True,IR
ir030914.0057        [0,J1628-41,16:28:47.2,-41:52:38,2003-09-15,00:42:45,2452897.5297,30.0,1.28,J,J,,,,missingreplog_J1628-41.csv,,,Data replog,,,J1628-41,True,IR
ir030914.0056        [0,J1628-41,16:28:47.2,-41:52:38,2003-09-15,00:41:54,2452897.5291,30.0,1.28,J,J,,,,missingreplog_J1628-41.csv,,,Data replog,,,J1628-41,True,IR
ir030913.0146        [0,J1628-41,16:28:47.4,-41:52:40,2003-09-14,02:34:43,2452896.6074,30.1,1.92,J,J,,,,missingreplog_J1628-41.csv,,,Data replog,,,J1628-41,True,IR
ir030913.0145        [0,J1628-41,16:28:47.4,-41:52:40,2003-09-14,02:33:51,2452896.6068,30.0,1.92,J,J,,,,missingreplog_J1628-41.csv,,,Data replog,,,J1628-41,True,IR
ir030913.0144        [0,J1628-41,16:28:47.4,-41:52:39,2003-09-14,02:32:58,2452896.6062,30.0,1.91,J,J,,,,missingreplog_J1628-41.csv,,,Data replog,,,J1628-41,True,IR
ir030913.0143        [0,J1628-41,16:28:47.4,-41:52:39,2003-09-14,02:32:05,2452896.6056,30.0,1.9,J,J,,,,missingreplog_J1628-41.csv,,,Data replog,,,J1628-41,True,IR
ir030919.0051        [0,J1628-41,16:28:47.1,-41:52:57,2003-09-20,01:03:45,2452902.5443,30.0,1.45,J,J,,,,missingreplog_J1628-41.csv,,,Data replog,,,J1628-41,True,IR
ir030919.0052        [0,J1628-41,16:28:47.1,-41:52:57,2003-09-20,01:04:38,2452902.5449,30.0,1.45,J,J,,,,missingreplog_J1628-41.csv,,,Data replog,,,J1628-41,True,IR
ir030919.0053        [0,J1628-41,16:28:47.1,-41:52:57,2003-09-20,01:05:30,2452902.5455,30.0,1.46,J,J,,,,missingreplog_J1628-41.csv,,,Data replog,,,J1628-41,True,IR
ir030919.0054        [0,J1628-41,16:28:47.1,-41:52:57,2003-09-20,01:06:22,2452902.5461,30.1,1.46,J,J,,,,missingreplog_J1628-41.csv,,,Data replog,,,J1628-41,True,IR
ir030927.0032        [0,J1628-41,16:28:47.2,-41:52:37,2003-09-28,00:17:21,2452910.5121,30.0,1.38,J,J,,,,missingreplog_J1628-41.csv,,,Data replog,,,J1628-41,True,IR
ir030927.0031        [0,J1628-41,16:28:47.2,-41:52:38,2003-09-28,00:16:29,2452910.5115,30.1,1.38,J,J,,,,missingreplog_J1628-41.csv,,,Data replog,,,J1628-41,True,IR
ir030927.0030        [0,J1628-41,16:28:47.2,-41:52:38,2003-09-28,00:15:36,2452910.5108,30.1,1.37,J,J,,,,missingreplog_J1628-41.csv,,,Data replog,,,J1628-41,True,IR
ir030927.0029        [0,J1628-41,16:28:47.2,-41:52:38,2003-09-28,00:14:44,2452910.5102,30.0,1.37,J,J,,,,missingreplog_J1628-41.csv,,,Data replog,,,J1628-41,True,IR
ir030927.0028        [0,J1628-41,16:28:47.2,-41:52:38,2003-09-28,00:13:51,2452910.5096,30.1,1.36,J,J,,,,missingreplog_J1628-41.csv,,,Data replog,,,J1628-41,True,IR
ir030927.0027        [0,J1628-41,16:28:47.2,-41:52:38,2003-09-28,00:12:59,2452910.509,30.0,1.36,J,J,,,,missingreplog_J1628-41.csv,,,Data replog,,,J1628-41,True,IR
ir030927.0026        [0,J1628-41,16:28:47.2,-41:52:38,2003-09-28,00:12:07,2452910.5084,30.1,1.36,J,J,,,,missingreplog_J1628-41.csv,,,Data replog,,,J1628-41,True,IR
ir030925.0043        [0,J1628-41,16:28:47.4,-41:52:38,2003-09-26,00:30:36,2452908.5213,30.1,1.4,J,J,,,,missingreplog_J1628-41.csv,,,Data replog,,,J1628-41,True,IR
ir030925.0042        [0,J1628-41,16:28:47.4,-41:52:38,2003-09-26,00:29:45,2452908.5207,30.1,1.4,J,J,,,,missingreplog_J1628-41.csv,,,Data replog,,,J1628-41,True,IR
ir030925.0041        [0,J1628-41,16:28:47.3,-41:52:38,2003-09-26,00:28:53,2452908.5201,30.0,1.4,J,J,,,,missingreplog_J1628-41.csv,,,Data replog,,,J1628-41,True,IR
ir030925.0040        [0,J1628-41,16:28:47.3,-41:52:37,2003-09-26,00:28:00,2452908.5195,30.0,1.39,J,J,,,,missingreplog_J1628-41.csv,,,Data replog,,,J1628-41,True,IR
ir030925.0039        [0,J1628-41,16:28:47.3,-41:52:38,2003-09-26,00:27:09,2452908.5189,30.1,1.39,J,J,,,,missingreplog_J1628-41.csv,,,Data replog,,,J1628-41,True,IR
ir030925.0038        [0,J1628-41,16:28:47.3,-41:52:38,2003-09-26,00:26:16,2452908.5183,30.0,1.38,J,J,,,,missingreplog_J1628-41.csv,,,Data replog,,,J1628-41,True,IR
ir030925.0037        [0,J1628-41,16:28:47.3,-41:52:38,2003-09-26,00:25:24,2452908.5176,30.0,1.38,J,J,,,,missingreplog_J1628-41.csv,,,Data replog,,,J1628-41,True,IR
ir030925.0036        [0,J1628-41,16:28:47.2,-41:52:38,2003-09-26,00:24:32,2452908.517,30.1,1.38,J,J,,,,missingreplog_J1628-41.csv,,,Data replog,,,J1628-41,True,IR
ir030921.0023        [2,J1628-41,16:28:47.5,-41:52:41,2003-09-21,23:42:37,2452904.4879,30.0,1.19,J,J,,,,missingreplog_J1628-41.csv,,,Data replog,,,J1628-41,True,IR
ir030921.0022        [2,J1628-41,16:28:47.4,-41:52:41,2003-09-21,23:41:46,2452904.4873,30.1,1.19,J,J,,,,missingreplog_J1628-41.csv,,,Data replog,,,J1628-41,True,IR
ir030921.0021        [2,J1628-41,16:28:47.4,-41:52:41,2003-09-21,23:40:53,2452904.4867,30.0,1.18,J,J,,,,missingreplog_J1628-41.csv,,,Data replog,,,J1628-41,True,IR
ir030921.0020        [2,J1628-41,16:28:47.4,-41:52:41,2003-09-21,23:40:00,2452904.4861,30.0,1.18,J,J,,,,missingreplog_J1628-41.csv,,,Data replog,,,J1628-41,True,IR
ir030921.0019        [2,J1628-41,16:28:47.4,-41:52:41,2003-09-21,23:39:08,2452904.4855,30.0,1.18,J,J,,,,missingreplog_J1628-41.csv,,,Data replog,,,J1628-41,True,IR
ir030921.0018        [2,J1628-41,16:28:47.4,-41:52:41,2003-09-21,23:38:16,2452904.4849,30.0,1.18,J,J,,,,missingreplog_J1628-41.csv,,,Data replog,,,J1628-41,True,IR
ir030921.0017        [2,J1628-41,16:28:47.4,-41:52:41,2003-09-21,23:37:23,2452904.4843,30.1,1.18,J,J,,,,missingreplog_J1628-41.csv,,,Data replog,,,J1628-41,True,IR
ir030921.0016        [2,J1628-41,16:28:47.4,-41:52:42,2003-09-21,23:36:31,2452904.4837,30.0,1.17,J,J,,,,missingreplog_J1628-41.csv,,,Data replog,,,J1628-41,True,IR
ir030913.0142        [0,J1628-41,16:28:47.3,-41:52:39,2003-09-14,02:31:13,2452896.605,30.0,1.89,J,J,,,,missingreplog_J1628-41.csv,,,Data replog,,,J1628-41,True,IR
ir030913.0141        [0,J1628-41,16:28:47.3,-41:52:39,2003-09-14,02:30:20,2452896.6044,30.1,1.88,J,J,,,,missingreplog_J1628-41.csv,,,Data replog,,,J1628-41,True,IR
ir030913.0140        [0,J1628-41,16:28:47.3,-41:52:38,2003-09-14,02:29:27,2452896.6038,30.1,1.87,J,J,,,,missingreplog_J1628-41.csv,,,Data replog,,,J1628-41,True,IR
ir030908.0120        [0,J1628-41,16:28:47.2,-41:52:48,2003-09-09,02:01:25,2452891.5843,30.0,1.52,J,J,,,,missingreplog_J1628-41.csv,,,Data replog,,,J1628-41,True,IR
ir030908.0118        [0,J1628-41,16:28:47.2,-41:52:47,2003-09-09,01:59:40,2452891.5831,30.0,1.51,J,J,,,,missingreplog_J1628-41.csv,,,Data replog,,,J1628-41,True,IR
ir030908.0117        [0,J1628-41,16:28:47.2,-41:52:48,2003-09-09,01:58:48,2452891.5825,30.0,1.51,J,J,,,,missingreplog_J1628-41.csv,,,Data replog,,,J1628-41,True,IR
ir030908.0116        [0,J1628-41,16:28:47.2,-41:52:47,2003-09-09,01:57:55,2452891.5819,30.0,1.5,J,J,,,,missingreplog_J1628-41.csv,,,Data replog,,,J1628-41,True,IR
ir030908.0115        [0,J1628-41,16:28:47.2,-41:52:47,2003-09-09,01:57:02,2452891.5813,30.1,1.5,J,J,,,,missingreplog_J1628-41.csv,,,Data replog,,,J1628-41,True,IR
ir030908.0114        [0,J1628-41,16:28:47.2,-41:52:47,2003-09-09,01:56:10,2452891.5807,30.0,1.49,J,J,,,,missingreplog_J1628-41.csv,,,Data replog,,,J1628-41,True,IR
ir030907.0135        [0,J1628-41,16:28:47.2,-41:52:53,2003-09-08,01:55:09,2452890.58,30.1,1.47,J,J,,,,missingreplog_J1628-41.csv,,,Data replog,,,J1628-41,True,IR
ir030907.0134        [0,J1628-41,16:28:47.2,-41:52:53,2003-09-08,01:54:17,2452890.5794,30.0,1.46,J,J,,,,missingreplog_J1628-41.csv,,,Data replog,,,J1628-41,True,IR
ir030907.0133        [0,J1628-41,16:28:47.3,-41:52:53,2003-09-08,01:53:24,2452890.5787,30.1,1.46,J,J,,,,missingreplog_J1628-41.csv,,,Data replog,,,J1628-41,True,IR
ir030907.0132        [0,J1628-41,16:28:47.3,-41:52:53,2003-09-08,01:52:32,2452890.5781,30.0,1.46,J,J,,,,missingreplog_J1628-41.csv,,,Data replog,,,J1628-41,True,IR
ir030907.0131        [0,J1628-41,16:28:47.3,-41:52:53,2003-09-08,01:51:40,2452890.5776,30.1,1.45,J,J,,,,missingreplog_J1628-41.csv,,,Data replog,,,J1628-41,True,IR
ir030907.0130        [0,J1628-41,16:28:47.3,-41:52:53,2003-09-08,01:50:47,2452890.5769,30.1,1.45,J,J,,,,missingreplog_J1628-41.csv,,,Data replog,,,J1628-41,True,IR
ir030907.0129        [0,J1628-41,16:28:47.3,-41:52:53,2003-09-08,01:49:54,2452890.5763,30.1,1.44,J,J,,,,missingreplog_J1628-41.csv,,,Data replog,,,J1628-41,True,IR
ir030907.0128        [0,J1628-41,16:28:47.3,-41:52:53,2003-09-08,01:49:02,2452890.5757,30.0,1.44,J,J,,,,missingreplog_J1628-41.csv,,,Data replog,,,J1628-41,True,IR
ir030905.0168        [0,J1628-41,16:28:47.2,-41:52:39,2003-09-06,02:26:54,2452888.602,30.0,1.61,J,J,,,,missingreplog_J1628-41.csv,,,Data replog,,,J1628-41,True,IR
ir030905.0167        [0,J1628-41,16:28:47.2,-41:52:38,2003-09-06,02:26:02,2452888.6014,30.1,1.6,J,J,,,,missingreplog_J1628-41.csv,,,Data replog,,,J1628-41,True,IR
ir030905.0166        [0,J1628-41,16:28:47.2,-41:52:38,2003-09-06,02:25:10,2452888.6008,30.0,1.6,J,J,,,,missingreplog_J1628-41.csv,,,Data replog,,,J1628-41,True,IR
ir030905.0165        [0,J1628-41,16:28:47.2,-41:52:38,2003-09-06,02:24:17,2452888.6002,30.0,1.59,J,J,,,,missingreplog_J1628-41.csv,,,Data replog,,,J1628-41,True,IR
ir030905.0164        [0,J1628-41,16:28:47.2,-41:52:38,2003-09-06,02:23:25,2452888.5996,30.0,1.58,J,J,,,,missingreplog_J1628-41.csv,,,Data replog,,,J1628-41,True,IR
ir030905.0163        [0,J1628-41,16:28:47.2,-41:52:37,2003-09-06,02:22:32,2452888.599,30.1,1.58,J,J,,,,missingreplog_J1628-41.csv,,,Data replog,,,J1628-41,True,IR
ir030905.0162        [0,J1628-41,16:28:47.2,-41:52:38,2003-09-06,02:21:40,2452888.5984,30.0,1.57,J,J,,,,missingreplog_J1628-41.csv,,,Data replog,,,J1628-41,True,IR
ir030905.0161        [0,J1628-41,16:28:47.2,-41:52:37,2003-09-06,02:20:47,2452888.5978,30.1,1.57,J,J,,,,missingreplog_J1628-41.csv,,,Data replog,,,J1628-41,True,IR
ir030902.0199        [0,J1628-41,16:28:47.2,-41:52:38,2003-09-03,02:44:21,2452885.6141,30.0,1.64,J,J,,,,missingreplog_J1628-41.csv,,,Data replog,,,J1628-41,True,IR
ir030902.0198        [0,J1628-41,16:28:47.2,-41:52:38,2003-09-03,02:43:29,2452885.6135,30.0,1.64,J,J,,,,missingreplog_J1628-41.csv,,,Data replog,,,J1628-41,True,IR
ir030908.0119        [0,J1628-41,16:28:47.1,-41:52:48,2003-09-09,02:00:33,2452891.5837,30.1,1.52,J,J,,,,missingreplog_J1628-41.csv,,,Data replog,,,J1628-41,True,IR
ir030908.0121        [0,J1628-41,16:28:47.1,-41:52:48,2003-09-09,02:02:17,2452891.5849,30.0,1.53,J,J,,,,missingreplog_J1628-41.csv,,,Data replog,,,J1628-41,True,IR
ir030913.0139        [0,J1628-41,16:28:47.2,-41:52:38,2003-09-14,02:28:35,2452896.6032,30.0,1.87,J,J,,,,missingreplog_J1628-41.csv,,,Data replog,,,J1628-41,True,IR
ir030910.0128        [0,J1628-41,16:28:47.2,-41:52:38,2003-09-11,01:31:01,2452893.5632,30.1,1.41,J,J,,,,missingreplog_J1628-41.csv,,,Data replog,,,J1628-41,True,IR
ir030912.0127        [0,J1628-41,16:28:47.3,-41:52:38,2003-09-13,01:29:04,2452895.5619,30.0,1.44,J,J,,,,missingreplog_J1628-41.csv,,,Data replog,,,J1628-41,True,IR
ir030912.0126        [0,J1628-41,16:28:47.2,-41:52:38,2003-09-13,01:28:12,2452895.5613,30.0,1.43,J,J,,,,missingreplog_J1628-41.csv,,,Data replog,,,J1628-41,True,IR
ir030912.0125        [0,J1628-41,16:28:47.2,-41:52:38,2003-09-13,01:27:20,2452895.5606,30.0,1.43,J,J,,,,missingreplog_J1628-41.csv,,,Data replog,,,J1628-41,True,IR
ir030912.0124        [0,J1628-41,16:28:47.2,-41:52:38,2003-09-13,01:26:27,2452895.56,30.1,1.42,J,J,,,,missingreplog_J1628-41.csv,,,Data replog,,,J1628-41,True,IR
ir030912.0123        [0,J1628-41,16:28:47.3,-41:52:38,2003-09-13,01:25:35,2452895.5594,30.0,1.42,J,J,,,,missingreplog_J1628-41.csv,,,Data replog,,,J1628-41,True,IR
ir030912.0122        [0,J1628-41,16:28:47.2,-41:52:38,2003-09-13,01:24:43,2452895.5588,30.0,1.42,J,J,,,,missingreplog_J1628-41.csv,,,Data replog,,,J1628-41,True,IR
ir030912.0121        [0,J1628-41,16:28:47.3,-41:52:38,2003-09-13,01:23:50,2452895.5582,30.0,1.41,J,J,,,,missingreplog_J1628-41.csv,,,Data replog,,,J1628-41,True,IR
ir030912.0120        [0,J1628-41,16:28:47.2,-41:52:38,2003-09-13,01:22:58,2452895.5576,30.0,1.41,J,J,,,,missingreplog_J1628-41.csv,,,Data replog,,,J1628-41,True,IR
ir030911.0141        [0,J1628-41,16:28:47.3,-41:52:40,2003-09-12,02:04:37,2452894.5865,30.0,1.62,J,J,,,,missingreplog_J1628-41.csv,,,Data replog,,,J1628-41,True,IR
ir030911.0140        [0,J1628-41,16:28:47.2,-41:52:39,2003-09-12,02:03:45,2452894.5859,30.0,1.61,J,J,,,,missingreplog_J1628-41.csv,,,Data replog,,,J1628-41,True,IR
ir030911.0139        [0,J1628-41,16:28:47.2,-41:52:39,2003-09-12,02:02:52,2452894.5853,30.1,1.6,J,J,,,,missingreplog_J1628-41.csv,,,Data replog,,,J1628-41,True,IR
ir030911.0138        [0,J1628-41,16:28:47.2,-41:52:39,2003-09-12,02:02:00,2452894.5847,30.1,1.6,J,J,,,,missingreplog_J1628-41.csv,,,Data replog,,,J1628-41,True,IR
ir030911.0137        [0,J1628-41,16:28:47.2,-41:52:39,2003-09-12,02:01:08,2452894.5841,30.1,1.59,J,J,,,,missingreplog_J1628-41.csv,,,Data replog,,,J1628-41,True,IR
ir030911.0136        [0,J1628-41,16:28:47.2,-41:52:38,2003-09-12,02:00:15,2452894.5835,30.0,1.59,J,J,,,,missingreplog_J1628-41.csv,,,Data replog,,,J1628-41,True,IR
ir030911.0135        [0,J1628-41,16:28:47.2,-41:52:38,2003-09-12,01:59:22,2452894.5829,30.0,1.58,J,J,,,,missingreplog_J1628-41.csv,,,Data replog,,,J1628-41,True,IR
ir030911.0134        [0,J1628-41,16:28:47.2,-41:52:38,2003-09-12,01:58:30,2452894.5823,30.1,1.58,J,J,,,,missingreplog_J1628-41.csv,,,Data replog,,,J1628-41,True,IR
ir030910.0135        [0,J1628-41,16:28:47.2,-41:52:39,2003-09-11,01:37:09,2452893.5675,30.1,1.44,J,J,,,,missingreplog_J1628-41.csv,,,Data replog,,,J1628-41,True,IR
ir030910.0134        [0,J1628-41,16:28:47.2,-41:52:38,2003-09-11,01:36:17,2452893.5669,30.0,1.43,J,J,,,,missingreplog_J1628-41.csv,,,Data replog,,,J1628-41,True,IR
ir030910.0133        [0,J1628-41,16:28:47.2,-41:52:38,2003-09-11,01:35:24,2452893.5663,30.1,1.43,J,J,,,,missingreplog_J1628-41.csv,,,Data replog,,,J1628-41,True,IR
ir030910.0132        [0,J1628-41,16:28:47.2,-41:52:38,2003-09-11,01:34:31,2452893.5656,30.1,1.43,J,J,,,,missingreplog_J1628-41.csv,,,Data replog,,,J1628-41,True,IR
ir030910.0131        [0,J1628-41,16:28:47.2,-41:52:38,2003-09-11,01:33:39,2452893.565,30.0,1.42,J,J,,,,missingreplog_J1628-41.csv,,,Data replog,,,J1628-41,True,IR
ir030910.0130        [0,J1628-41,16:28:47.2,-41:52:38,2003-09-11,01:32:46,2452893.5644,30.1,1.42,J,J,,,,missingreplog_J1628-41.csv,,,Data replog,,,J1628-41,True,IR
ir030910.0129        [0,J1628-41,16:28:47.3,-41:52:38,2003-09-11,01:31:53,2452893.5638,30.1,1.41,J,J,,,,missingreplog_J1628-41.csv,,,Data replog,,,J1628-41,True,IR
ir030815.0241        [0,J1628-41,16:28:47.2,-41:52:38,2003-08-16,02:55:44,2452867.622,30.0,1.34,J,J,,,,missingreplog_J1628-41.csv,,,Data replog,,,J1628-41,True,IR
ir030815.0239        [0,J1628-41,16:28:47.3,-41:52:38,2003-08-16,02:53:59,2452867.6208,30.0,1.33,J,J,,,,missingreplog_J1628-41.csv,,,Data replog,,,J1628-41,True,IR
ir030629.0043        [0,J1628-41,16:28:47.3,-41:52:39,2003-06-30,00:32:20,2452820.5225,30.0,1.14,J,J,,,,missingreplog_J1628-41.csv,,,Data replog,,,J1628-41,True,IR
ir030712.0131        [0,J1628-41,16:28:47.0,-41:52:35,2003-07-13,02:13:59,2452833.593,30.0,1.03,J,J,,,,missingreplog_J1628-41.csv,,,Data replog,,,J1628-41,True,IR
ir030712.0242        [0,J1628-41,16:28:46.8,-41:52:36,2003-07-13,04:59:37,2452833.7081,30.0,1.3,J,J,,,,missingreplog_J1628-41.csv,,,Data replog,,,J1628-41,True,IR
ir030712.0241        [0,J1628-41,16:28:46.8,-41:52:36,2003-07-13,04:58:44,2452833.7075,30.1,1.3,J,J,,,,missingreplog_J1628-41.csv,,,Data replog,,,J1628-41,True,IR
ir030712.0240        [0,J1628-41,16:28:46.8,-41:52:36,2003-07-13,04:57:51,2452833.7068,30.1,1.29,J,J,,,,missingreplog_J1628-41.csv,,,Data replog,,,J1628-41,True,IR
ir030712.0239        [0,J1628-41,16:28:46.8,-41:52:37,2003-07-13,04:56:59,2452833.7062,30.0,1.29,J,J,,,,missingreplog_J1628-41.csv,,,Data replog,,,J1628-41,True,IR
ir030712.0138        [0,J1628-41,16:28:47.1,-41:52:34,2003-07-13,02:20:06,2452833.5973,30.0,1.03,J,J,,,,missingreplog_J1628-41.csv,,,Data replog,,,J1628-41,True,IR
ir030712.0137        [0,J1628-41,16:28:47.1,-41:52:34,2003-07-13,02:19:14,2452833.5967,30.0,1.03,J,J,,,,missingreplog_J1628-41.csv,,,Data replog,,,J1628-41,True,IR
ir030712.0136        [0,J1628-41,16:28:47.1,-41:52:34,2003-07-13,02:18:21,2452833.5961,30.1,1.03,J,J,,,,missingreplog_J1628-41.csv,,,Data replog,,,J1628-41,True,IR
ir030712.0135        [0,J1628-41,16:28:47.1,-41:52:34,2003-07-13,02:17:28,2452833.5955,30.0,1.03,J,J,,,,missingreplog_J1628-41.csv,,,Data replog,,,J1628-41,True,IR
ir030712.0134        [0,J1628-41,16:28:47.0,-41:52:35,2003-07-13,02:16:36,2452833.5949,30.0,1.03,J,J,,,,missingreplog_J1628-41.csv,,,Data replog,,,J1628-41,True,IR
ir030712.0133        [0,J1628-41,16:28:47.0,-41:52:35,2003-07-13,02:15:43,2452833.5943,30.0,1.03,J,J,,,,missingreplog_J1628-41.csv,,,Data replog,,,J1628-41,True,IR
ir030712.0132        [0,J1628-41,16:28:47.0,-41:52:35,2003-07-13,02:14:51,2452833.5937,30.0,1.03,J,J,,,,missingreplog_J1628-41.csv,,,Data replog,,,J1628-41,True,IR
ir030711.0173        [0,J1628-41,16:28:47.6,-41:52:42,2003-07-12,04:01:02,2452832.6674,30.0,1.13,J,J,,,,missingreplog_J1628-41.csv,,,Data replog,,,J1628-41,True,IR
ir030711.0124        [0,J1628-41,16:28:47.4,-41:52:25,2003-07-12,02:43:56,2452832.6138,30.0,1.04,J,J,,,,missingreplog_J1628-41.csv,,,Data replog,,,J1628-41,True,IR
ir030711.0172        [0,J1628-41,16:28:47.6,-41:52:42,2003-07-12,04:00:10,2452832.6668,30.0,1.13,J,J,,,,missingreplog_J1628-41.csv,,,Data replog,,,J1628-41,True,IR
ir030711.0171        [0,J1628-41,16:28:47.6,-41:52:42,2003-07-12,03:59:17,2452832.6662,30.0,1.13,J,J,,,,missingreplog_J1628-41.csv,,,Data replog,,,J1628-41,True,IR
ir030711.0170        [0,J1628-41,16:28:47.6,-41:52:42,2003-07-12,03:58:24,2452832.6656,30.0,1.13,J,J,,,,missingreplog_J1628-41.csv,,,Data replog,,,J1628-41,True,IR
ir030711.0169        [0,J1628-41,16:28:47.6,-41:52:42,2003-07-12,03:57:32,2452832.665,30.1,1.13,J,J,,,,missingreplog_J1628-41.csv,,,Data replog,,,J1628-41,True,IR
ir030711.0168        [0,J1628-41,16:28:47.6,-41:52:42,2003-07-12,03:56:39,2452832.6644,30.0,1.13,J,J,,,,missingreplog_J1628-41.csv,,,Data replog,,,J1628-41,True,IR
ir030711.0167        [0,J1628-41,16:28:47.5,-41:52:42,2003-07-12,03:55:46,2452832.6637,30.1,1.12,J,J,,,,missingreplog_J1628-41.csv,,,Data replog,,,J1628-41,True,IR
ir030711.0166        [0,J1628-41,16:28:47.6,-41:52:42,2003-07-12,03:54:54,2452832.6631,30.1,1.12,J,J,,,,missingreplog_J1628-41.csv,,,Data replog,,,J1628-41,True,IR
ir030711.0129        [0,J1628-41,16:28:47.5,-41:52:23,2003-07-12,02:48:18,2452832.6169,30.1,1.04,J,J,,,,missingreplog_J1628-41.csv,,,Data replog,,,J1628-41,True,IR
ir030711.0128        [0,J1628-41,16:28:47.5,-41:52:23,2003-07-12,02:47:26,2452832.6163,30.0,1.04,J,J,,,,missingreplog_J1628-41.csv,,,Data replog,,,J1628-41,True,IR
ir030711.0127        [0,J1628-41,16:28:47.4,-41:52:24,2003-07-12,02:46:33,2452832.6157,30.1,1.04,J,J,,,,missingreplog_J1628-41.csv,,,Data replog,,,J1628-41,True,IR
ir030711.0126        [0,J1628-41,16:28:47.4,-41:52:24,2003-07-12,02:45:40,2452832.6151,30.0,1.04,J,J,,,,missingreplog_J1628-41.csv,,,Data replog,,,J1628-41,True,IR
ir030712.0243        [0,J1628-41,16:28:46.9,-41:52:36,2003-07-13,05:00:29,2452833.7087,30.1,1.3,J,J,,,,missingreplog_J1628-41.csv,,,Data replog,,,J1628-41,True,IR
ir030712.0244        [0,J1628-41,16:28:46.8,-41:52:36,2003-07-13,05:01:22,2452833.7093,30.0,1.31,J,J,,,,missingreplog_J1628-41.csv,,,Data replog,,,J1628-41,True,IR
ir030712.0245        [0,J1628-41,16:28:46.8,-41:52:36,2003-07-13,05:02:15,2452833.7099,30.0,1.31,J,J,,,,missingreplog_J1628-41.csv,,,Data replog,,,J1628-41,True,IR
ir030712.0246        [0,J1628-41,16:28:46.8,-41:52:36,2003-07-13,05:03:07,2452833.7105,30.0,1.31,J,J,,,,missingreplog_J1628-41.csv,,,Data replog,,,J1628-41,True,IR
ir030715.0120        [0,J1628-41,16:28:47.5,-41:52:35,2003-07-16,01:16:33,2452836.5532,30.0,1.02,J,J,,,,missingreplog_J1628-41.csv,,,Data replog,,,J1628-41,True,IR
ir030715.0119        [0,J1628-41,16:28:47.5,-41:52:35,2003-07-16,01:15:41,2452836.5526,30.1,1.03,J,J,,,,missingreplog_J1628-41.csv,,,Data replog,,,J1628-41,True,IR
ir030715.0118        [0,J1628-41,16:28:47.5,-41:52:35,2003-07-16,01:14:48,2452836.552,30.1,1.03,J,J,,,,missingreplog_J1628-41.csv,,,Data replog,,,J1628-41,True,IR
ir030715.0117        [0,J1628-41,16:28:47.5,-41:52:36,2003-07-16,01:13:56,2452836.5513,30.1,1.03,J,J,,,,missingreplog_J1628-41.csv,,,Data replog,,,J1628-41,True,IR
ir030715.0116        [0,J1628-41,16:28:47.5,-41:52:36,2003-07-16,01:13:03,2452836.5507,30.0,1.03,J,J,,,,missingreplog_J1628-41.csv,,,Data replog,,,J1628-41,True,IR
ir030715.0115        [0,J1628-41,16:28:47.5,-41:52:36,2003-07-16,01:12:10,2452836.5501,30.0,1.03,J,J,,,,missingreplog_J1628-41.csv,,,Data replog,,,J1628-41,True,IR
ir030715.0114        [0,J1628-41,16:28:47.5,-41:52:37,2003-07-16,01:11:18,2452836.5495,30.0,1.03,J,J,,,,missingreplog_J1628-41.csv,,,Data replog,,,J1628-41,True,IR
ir030714.0018        [2,J1628-41,16:28:47.0,-41:52:34,2003-07-14,23:13:35,2452835.4678,30.0,1.18,J,J,,,,missingreplog_J1628-41.csv,,,Data replog,,,J1628-41,True,IR
ir030714.0017        [2,J1628-41,16:28:47.0,-41:52:34,2003-07-14,23:12:43,2452835.4672,30.0,1.18,J,J,,,,missingreplog_J1628-41.csv,,,Data replog,,,J1628-41,True,IR
ir030714.0016        [2,J1628-41,16:28:47.0,-41:52:34,2003-07-14,23:11:51,2452835.4666,30.0,1.18,J,J,,,,missingreplog_J1628-41.csv,,,Data replog,,,J1628-41,True,IR
ir030714.0015        [2,J1628-41,16:28:47.0,-41:52:34,2003-07-14,23:10:58,2452835.466,30.0,1.19,J,J,,,,missingreplog_J1628-41.csv,,,Data replog,,,J1628-41,True,IR
ir030714.0014        [2,J1628-41,16:28:47.0,-41:52:34,2003-07-14,23:10:06,2452835.4654,30.0,1.19,J,J,,,,missingreplog_J1628-41.csv,,,Data replog,,,J1628-41,True,IR
ir030714.0013        [2,J1628-41,16:28:47.0,-41:52:34,2003-07-14,23:09:13,2452835.4647,30.1,1.19,J,J,,,,missingreplog_J1628-41.csv,,,Data replog,,,J1628-41,True,IR
ir030714.0012        [2,J1628-41,16:28:47.0,-41:52:34,2003-07-14,23:08:20,2452835.4641,30.0,1.19,J,J,,,,missingreplog_J1628-41.csv,,,Data replog,,,J1628-41,True,IR
ir030714.0011        [2,J1628-41,16:28:47.1,-41:52:35,2003-07-14,23:07:28,2452835.4635,30.1,1.2,J,J,,,,missingreplog_J1628-41.csv,,,Data replog,,,J1628-41,True,IR
ir030713.0018        [2,J1628-41,16:28:46.6,-41:52:34,2003-07-13,23:10:26,2452834.4656,30.0,1.2,J,J,,,,missingreplog_J1628-41.csv,,,Data replog,,,J1628-41,True,IR
ir030713.0017        [2,J1628-41,16:28:46.6,-41:52:34,2003-07-13,23:09:34,2452834.465,30.0,1.2,J,J,,,,missingreplog_J1628-41.csv,,,Data replog,,,J1628-41,True,IR
ir030713.0016        [2,J1628-41,16:28:46.6,-41:52:35,2003-07-13,23:08:41,2452834.4644,30.1,1.2,J,J,,,,missingreplog_J1628-41.csv,,,Data replog,,,J1628-41,True,IR
ir030713.0015        [2,J1628-41,16:28:46.6,-41:52:35,2003-07-13,23:07:48,2452834.4638,30.0,1.2,J,J,,,,missingreplog_J1628-41.csv,,,Data replog,,,J1628-41,True,IR
ir030713.0014        [2,J1628-41,16:28:46.6,-41:52:35,2003-07-13,23:06:56,2452834.4632,30.0,1.21,J,J,,,,missingreplog_J1628-41.csv,,,Data replog,,,J1628-41,True,IR
ir030713.0013        [2,J1628-41,16:28:46.5,-41:52:36,2003-07-13,23:06:03,2452834.4625,30.0,1.21,J,J,,,,missingreplog_J1628-41.csv,,,Data replog,,,J1628-41,True,IR
ir030713.0012        [2,J1628-41,16:28:46.5,-41:52:36,2003-07-13,23:05:10,2452834.4619,30.0,1.21,J,J,,,,missingreplog_J1628-41.csv,,,Data replog,,,J1628-41,True,IR
ir030713.0011        [2,J1628-41,16:28:46.5,-41:52:37,2003-07-13,23:04:18,2452834.4613,30.0,1.21,J,J,,,,missingreplog_J1628-41.csv,,,Data replog,,,J1628-41,True,IR
ir030711.0125        [0,J1628-41,16:28:47.4,-41:52:24,2003-07-12,02:44:48,2452832.6145,30.1,1.04,J,J,,,,missingreplog_J1628-41.csv,,,Data replog,,,J1628-41,True,IR
ir030711.0123        [0,J1628-41,16:28:47.4,-41:52:25,2003-07-12,02:43:03,2452832.6132,30.1,1.04,J,J,,,,missingreplog_J1628-41.csv,,,Data replog,,,J1628-41,True,IR
ir030815.0238        [0,J1628-41,16:28:47.3,-41:52:38,2003-08-16,02:53:06,2452867.6202,30.0,1.33,J,J,,,,missingreplog_J1628-41.csv,,,Data replog,,,J1628-41,True,IR
ir030705.0070        [0,J1628-41,16:28:47.4,-41:52:38,2003-07-06,02:18:59,2452826.5965,30.0,1.02,J,J,,,,missingreplog_J1628-41.csv,,,Data replog,,,J1628-41,True,IR
ir030708.0137        [0,J1628-41,16:28:47.3,-41:52:37,2003-07-09,03:23:01,2452829.641,30.0,1.06,J,J,,,,missingreplog_J1628-41.csv,,,Data replog,,,J1628-41,True,IR
ir030708.0136        [0,J1628-41,16:28:47.3,-41:52:37,2003-07-09,03:22:09,2452829.6404,30.0,1.06,J,J,,,,missingreplog_J1628-41.csv,,,Data replog,,,J1628-41,True,IR
ir030708.0135        [0,J1628-41,16:28:47.2,-41:52:37,2003-07-09,03:21:17,2452829.6398,30.0,1.06,J,J,,,,missingreplog_J1628-41.csv,,,Data replog,,,J1628-41,True,IR
ir030708.0134        [0,J1628-41,16:28:47.3,-41:52:37,2003-07-09,03:20:24,2452829.6392,30.1,1.06,J,J,,,,missingreplog_J1628-41.csv,,,Data replog,,,J1628-41,True,IR
ir030708.0133        [0,J1628-41,16:28:47.3,-41:52:37,2003-07-09,03:19:32,2452829.6386,30.0,1.06,J,J,,,,missingreplog_J1628-41.csv,,,Data replog,,,J1628-41,True,IR
ir030705.0076        [0,J1628-41,16:28:47.4,-41:52:37,2003-07-06,02:24:15,2452826.6002,30.0,1.02,J,J,,,,missingreplog_J1628-41.csv,,,Data replog,,,J1628-41,True,IR
ir030705.0075        [0,J1628-41,16:28:47.4,-41:52:37,2003-07-06,02:23:23,2452826.5996,30.1,1.02,J,J,,,,missingreplog_J1628-41.csv,,,Data replog,,,J1628-41,True,IR
ir030705.0074        [0,J1628-41,16:28:47.4,-41:52:37,2003-07-06,02:22:30,2452826.599,30.1,1.02,J,J,,,,missingreplog_J1628-41.csv,,,Data replog,,,J1628-41,True,IR
ir030705.0073        [0,J1628-41,16:28:47.4,-41:52:38,2003-07-06,02:21:37,2452826.5984,30.0,1.02,J,J,,,,missingreplog_J1628-41.csv,,,Data replog,,,J1628-41,True,IR
ir030705.0072        [0,J1628-41,16:28:47.4,-41:52:38,2003-07-06,02:20:45,2452826.5978,30.0,1.02,J,J,,,,missingreplog_J1628-41.csv,,,Data replog,,,J1628-41,True,IR
ir030705.0071        [0,J1628-41,16:28:47.4,-41:52:38,2003-07-06,02:19:52,2452826.5971,30.1,1.02,J,J,,,,missingreplog_J1628-41.csv,,,Data replog,,,J1628-41,True,IR
ir030705.0069        [0,J1628-41,16:28:47.4,-41:52:38,2003-07-06,02:18:07,2452826.5959,30.0,1.02,J,J,,,,missingreplog_J1628-41.csv,,,Data replog,,,J1628-41,True,IR
ir030711.0122        [0,J1628-41,16:28:47.3,-41:52:25,2003-07-12,02:42:11,2452832.6126,30.0,1.04,J,J,,,,missingreplog_J1628-41.csv,,,Data replog,,,J1628-41,True,IR
ir030630.0097        [0,J1628-41,16:28:47.3,-41:52:38,2003-07-01,01:42:50,2452821.5714,30.1,1.04,J,J,,,,missingreplog_J1628-41.csv,,,Data replog,,,J1628-41,True,IR
ir030630.0096        [0,J1628-41,16:28:47.3,-41:52:38,2003-07-01,01:41:58,2452821.5708,30.0,1.04,J,J,,,,missingreplog_J1628-41.csv,,,Data replog,,,J1628-41,True,IR
ir030630.0095        [0,J1628-41,16:28:47.3,-41:52:38,2003-07-01,01:41:05,2452821.5702,30.0,1.04,J,J,,,,missingreplog_J1628-41.csv,,,Data replog,,,J1628-41,True,IR
ir030630.0094        [0,J1628-41,16:28:47.2,-41:52:38,2003-07-01,01:40:13,2452821.5696,30.0,1.04,J,J,,,,missingreplog_J1628-41.csv,,,Data replog,,,J1628-41,True,IR
ir030630.0093        [0,J1628-41,16:28:47.2,-41:52:38,2003-07-01,01:39:21,2452821.569,30.1,1.04,J,J,,,,missingreplog_J1628-41.csv,,,Data replog,,,J1628-41,True,IR
ir030630.0092        [0,J1628-41,16:28:47.2,-41:52:38,2003-07-01,01:38:28,2452821.5684,30.1,1.04,J,J,,,,missingreplog_J1628-41.csv,,,Data replog,,,J1628-41,True,IR
ir030630.0091        [0,J1628-41,16:28:47.3,-41:52:38,2003-07-01,01:37:35,2452821.5678,30.1,1.05,J,J,,,,missingreplog_J1628-41.csv,,,Data replog,,,J1628-41,True,IR
ir030630.0090        [0,J1628-41,16:28:47.3,-41:52:39,2003-07-01,01:36:43,2452821.5672,30.1,1.05,J,J,,,,missingreplog_J1628-41.csv,,,Data replog,,,J1628-41,True,IR
ir030629.0046        [0,J1628-41,16:28:47.3,-41:52:39,2003-06-30,00:34:57,2452820.5243,30.0,1.13,J,J,,,,missingreplog_J1628-41.csv,,,Data replog,,,J1628-41,True,IR
ir030629.0045        [0,J1628-41,16:28:47.3,-41:52:39,2003-06-30,00:34:05,2452820.5237,30.0,1.13,J,J,,,,missingreplog_J1628-41.csv,,,Data replog,,,J1628-41,True,IR
ir030629.0044        [0,J1628-41,16:28:47.3,-41:52:39,2003-06-30,00:33:12,2452820.5231,30.0,1.14,J,J,,,,missingreplog_J1628-41.csv,,,Data replog,,,J1628-41,True,IR
ir030708.0138        [0,J1628-41,16:28:47.3,-41:52:36,2003-07-09,03:23:54,2452829.6416,30.1,1.06,J,J,,,,missingreplog_J1628-41.csv,,,Data replog,,,J1628-41,True,IR
ir030708.0139        [0,J1628-41,16:28:47.3,-41:52:36,2003-07-09,03:24:46,2452829.6422,30.0,1.06,J,J,,,,missingreplog_J1628-41.csv,,,Data replog,,,J1628-41,True,IR
ir030708.0140        [0,J1628-41,16:28:47.3,-41:52:36,2003-07-09,03:25:38,2452829.6428,30.0,1.06,J,J,,,,missingreplog_J1628-41.csv,,,Data replog,,,J1628-41,True,IR
ir030709.0194        [0,J1628-41,16:28:47.2,-41:52:38,2003-07-10,03:19:39,2452830.6387,30.0,1.06,J,J,,,,missingreplog_J1628-41.csv,,,Data replog,,,J1628-41,True,IR
ir030710.0204        [0,J1628-41,16:28:47.4,-41:52:22,2003-07-11,03:15:29,2452831.6358,30.0,1.06,J,J,,,,missingreplog_J1628-41.csv,,,Data replog,,,J1628-41,True,IR
ir030710.0203        [0,J1628-41,16:28:47.5,-41:52:23,2003-07-11,03:14:37,2452831.6352,30.0,1.06,J,J,,,,missingreplog_J1628-41.csv,,,Data replog,,,J1628-41,True,IR
ir030710.0202        [0,J1628-41,16:28:47.4,-41:52:23,2003-07-11,03:13:44,2452831.6345,30.1,1.06,J,J,,,,missingreplog_J1628-41.csv,,,Data replog,,,J1628-41,True,IR
ir030710.0201        [0,J1628-41,16:28:47.4,-41:52:23,2003-07-11,03:12:52,2452831.6339,30.1,1.06,J,J,,,,missingreplog_J1628-41.csv,,,Data replog,,,J1628-41,True,IR
ir030710.0200        [0,J1628-41,16:28:47.5,-41:52:24,2003-07-11,03:12:00,2452831.6333,30.0,1.06,J,J,,,,missingreplog_J1628-41.csv,,,Data replog,,,J1628-41,True,IR
ir030710.0199        [0,J1628-41,16:28:47.5,-41:52:24,2003-07-11,03:11:07,2452831.6327,30.1,1.06,J,J,,,,missingreplog_J1628-41.csv,,,Data replog,,,J1628-41,True,IR
ir030710.0198        [0,J1628-41,16:28:47.5,-41:52:24,2003-07-11,03:10:14,2452831.6321,30.0,1.06,J,J,,,,missingreplog_J1628-41.csv,,,Data replog,,,J1628-41,True,IR
ir030710.0197        [0,J1628-41,16:28:47.5,-41:52:24,2003-07-11,03:09:22,2452831.6315,30.1,1.06,J,J,,,,missingreplog_J1628-41.csv,,,Data replog,,,J1628-41,True,IR
ir030710.0104        [0,J1628-41,16:28:47.3,-41:52:37,2003-07-11,00:59:54,2452831.5416,30.0,1.04,J,J,,,,missingreplog_J1628-41.csv,,,Data replog,,,J1628-41,True,IR
ir030710.0103        [0,J1628-41,16:28:47.3,-41:52:37,2003-07-11,00:59:03,2452831.541,30.0,1.04,J,J,,,,missingreplog_J1628-41.csv,,,Data replog,,,J1628-41,True,IR
ir030710.0102        [0,J1628-41,16:28:47.3,-41:52:37,2003-07-11,00:58:10,2452831.5404,30.1,1.05,J,J,,,,missingreplog_J1628-41.csv,,,Data replog,,,J1628-41,True,IR
ir030710.0101        [0,J1628-41,16:28:47.3,-41:52:38,2003-07-11,00:57:17,2452831.5398,30.0,1.05,J,J,,,,missingreplog_J1628-41.csv,,,Data replog,,,J1628-41,True,IR
ir030710.0100        [0,J1628-41,16:28:47.3,-41:52:38,2003-07-11,00:56:25,2452831.5392,30.0,1.05,J,J,,,,missingreplog_J1628-41.csv,,,Data replog,,,J1628-41,True,IR
ir030710.0099        [0,J1628-41,16:28:47.3,-41:52:38,2003-07-11,00:55:32,2452831.5386,30.1,1.05,J,J,,,,missingreplog_J1628-41.csv,,,Data replog,,,J1628-41,True,IR
ir030710.0098        [0,J1628-41,16:28:47.3,-41:52:38,2003-07-11,00:54:40,2452831.538,30.1,1.05,J,J,,,,missingreplog_J1628-41.csv,,,Data replog,,,J1628-41,True,IR
ir030710.0097        [0,J1628-41,16:28:47.2,-41:52:38,2003-07-11,00:53:47,2452831.5374,30.0,1.05,J,J,,,,missingreplog_J1628-41.csv,,,Data replog,,,J1628-41,True,IR
ir030709.0201        [0,J1628-41,16:28:47.4,-41:52:37,2003-07-10,03:25:46,2452830.6429,30.1,1.07,J,J,,,,missingreplog_J1628-41.csv,,,Data replog,,,J1628-41,True,IR
ir030709.0200        [0,J1628-41,16:28:47.3,-41:52:37,2003-07-10,03:24:54,2452830.6423,30.1,1.07,J,J,,,,missingreplog_J1628-41.csv,,,Data replog,,,J1628-41,True,IR
ir030709.0199        [0,J1628-41,16:28:47.3,-41:52:37,2003-07-10,03:24:01,2452830.6417,30.0,1.07,J,J,,,,missingreplog_J1628-41.csv,,,Data replog,,,J1628-41,True,IR
ir030709.0198        [0,J1628-41,16:28:47.3,-41:52:37,2003-07-10,03:23:08,2452830.6411,30.1,1.07,J,J,,,,missingreplog_J1628-41.csv,,,Data replog,,,J1628-41,True,IR
ir030709.0197        [0,J1628-41,16:28:47.3,-41:52:37,2003-07-10,03:22:16,2452830.6405,30.0,1.06,J,J,,,,missingreplog_J1628-41.csv,,,Data replog,,,J1628-41,True,IR
ir030709.0196        [0,J1628-41,16:28:47.3,-41:52:37,2003-07-10,03:21:23,2452830.6399,30.0,1.06,J,J,,,,missingreplog_J1628-41.csv,,,Data replog,,,J1628-41,True,IR
ir030709.0195        [0,J1628-41,16:28:47.3,-41:52:37,2003-07-10,03:20:31,2452830.6393,30.1,1.06,J,J,,,,missingreplog_J1628-41.csv,,,Data replog,,,J1628-41,True,IR
ir030715.0121        [0,J1628-41,16:28:47.5,-41:52:35,2003-07-16,01:17:26,2452836.5538,30.0,1.02,J,J,,,,missingreplog_J1628-41.csv,,,Data replog,,,J1628-41,True,IR
ir030716.0034        [0,J1628-41,16:28:48.1,-41:52:51,2003-07-16,23:59:30,2452837.4997,30.1,1.08,J,J,,,,missingreplog_J1628-41.csv,,,Data replog,,,J1628-41,True,IR
ir030716.0035        [0,J1628-41,16:28:48.1,-41:52:50,2003-07-17,00:00:23,2452837.5003,30.1,1.08,J,J,,,,missingreplog_J1628-41.csv,,,Data replog,,,J1628-41,True,IR
ir030803.0067        [0,J1628-41,16:28:47.3,-41:52:36,2003-08-04,01:11:30,2452855.5496,30.0,1.04,J,J,,,,missingreplog_J1628-41.csv,,,Data replog,,,J1628-41,True,IR
ir030809.0047        [0,J1628-41,16:28:47.2,-41:52:38,2003-08-10,00:19:22,2452861.5135,30.0,1.02,J,J,,,,missingreplog_J1628-41.csv,,,Data replog,,,J1628-41,True,IR
ir030804.0068        [0,J1628-41,16:28:47.4,-41:52:37,2003-08-05,01:37:07,2452856.5674,30.0,1.06,J,J,,,,missingreplog_J1628-41.csv,,,Data replog,,,J1628-41,True,IR
ir030804.0067        [0,J1628-41,16:28:47.4,-41:52:37,2003-08-05,01:36:15,2452856.5668,30.1,1.06,J,J,,,,missingreplog_J1628-41.csv,,,Data replog,,,J1628-41,True,IR
ir030804.0066        [0,J1628-41,16:28:47.4,-41:52:37,2003-08-05,01:35:22,2452856.5662,30.0,1.06,J,J,,,,missingreplog_J1628-41.csv,,,Data replog,,,J1628-41,True,IR
ir030804.0065        [0,J1628-41,16:28:47.4,-41:52:37,2003-08-05,01:34:29,2452856.5656,30.0,1.06,J,J,,,,missingreplog_J1628-41.csv,,,Data replog,,,J1628-41,True,IR
ir030804.0064        [0,J1628-41,16:28:47.4,-41:52:37,2003-08-05,01:33:37,2452856.565,30.0,1.06,J,J,,,,missingreplog_J1628-41.csv,,,Data replog,,,J1628-41,True,IR
ir030804.0063        [0,J1628-41,16:28:47.4,-41:52:37,2003-08-05,01:32:44,2452856.5644,30.0,1.06,J,J,,,,missingreplog_J1628-41.csv,,,Data replog,,,J1628-41,True,IR
ir030804.0062        [0,J1628-41,16:28:47.4,-41:52:38,2003-08-05,01:31:52,2452856.5638,30.0,1.06,J,J,,,,missingreplog_J1628-41.csv,,,Data replog,,,J1628-41,True,IR
ir030804.0061        [0,J1628-41,16:28:47.2,-41:52:38,2003-08-05,01:30:59,2452856.5632,30.0,1.06,J,J,,,,missingreplog_J1628-41.csv,,,Data replog,,,J1628-41,True,IR
ir030803.0069        [0,J1628-41,16:28:47.3,-41:52:36,2003-08-04,01:13:15,2452855.5509,30.0,1.04,J,J,,,,missingreplog_J1628-41.csv,,,Data replog,,,J1628-41,True,IR
ir030803.0068        [0,J1628-41,16:28:47.3,-41:52:36,2003-08-04,01:12:22,2452855.5503,30.0,1.04,J,J,,,,missingreplog_J1628-41.csv,,,Data replog,,,J1628-41,True,IR
ir030803.0066        [0,J1628-41,16:28:47.3,-41:52:37,2003-08-04,01:10:38,2452855.5491,30.0,1.04,J,J,,,,missingreplog_J1628-41.csv,,,Data replog,,,J1628-41,True,IR
ir030716.0036        [0,J1628-41,16:28:48.1,-41:52:50,2003-07-17,00:01:15,2452837.5009,30.1,1.08,J,J,,,,missingreplog_J1628-41.csv,,,Data replog,,,J1628-41,True,IR
ir030803.0065        [0,J1628-41,16:28:47.3,-41:52:37,2003-08-04,01:09:45,2452855.5485,30.0,1.04,J,J,,,,missingreplog_J1628-41.csv,,,Data replog,,,J1628-41,True,IR
ir030803.0064        [0,J1628-41,16:28:47.3,-41:52:38,2003-08-04,01:08:53,2452855.5478,30.0,1.04,J,J,,,,missingreplog_J1628-41.csv,,,Data replog,,,J1628-41,True,IR
ir030803.0063        [0,J1628-41,16:28:47.3,-41:52:38,2003-08-04,01:08:00,2452855.5472,30.1,1.03,J,J,,,,missingreplog_J1628-41.csv,,,Data replog,,,J1628-41,True,IR
ir030803.0062        [0,J1628-41,16:28:47.2,-41:52:38,2003-08-04,01:07:08,2452855.5466,30.1,1.03,J,J,,,,missingreplog_J1628-41.csv,,,Data replog,,,J1628-41,True,IR
ir030802.0159        [0,J1628-41,16:28:47.3,-41:52:37,2003-08-03,03:52:40,2452854.6616,30.0,1.36,J,J,,,,missingreplog_J1628-41.csv,,,Data replog,,,J1628-41,True,IR
ir030802.0158        [0,J1628-41,16:28:47.3,-41:52:37,2003-08-03,03:51:48,2452854.661,30.0,1.36,J,J,,,,missingreplog_J1628-41.csv,,,Data replog,,,J1628-41,True,IR
ir030802.0157        [0,J1628-41,16:28:47.3,-41:52:37,2003-08-03,03:50:55,2452854.6604,30.0,1.35,J,J,,,,missingreplog_J1628-41.csv,,,Data replog,,,J1628-41,True,IR
ir030802.0156        [0,J1628-41,16:28:47.3,-41:52:38,2003-08-03,03:50:03,2452854.6598,30.0,1.35,J,J,,,,missingreplog_J1628-41.csv,,,Data replog,,,J1628-41,True,IR
ir030802.0155        [0,J1628-41,16:28:47.3,-41:52:38,2003-08-03,03:49:11,2452854.6592,30.1,1.34,J,J,,,,missingreplog_J1628-41.csv,,,Data replog,,,J1628-41,True,IR
ir030802.0154        [0,J1628-41,16:28:47.3,-41:52:38,2003-08-03,03:48:18,2452854.6585,30.0,1.34,J,J,,,,missingreplog_J1628-41.csv,,,Data replog,,,J1628-41,True,IR
ir030802.0153        [0,J1628-41,16:28:47.3,-41:52:38,2003-08-03,03:47:25,2452854.6579,30.0,1.34,J,J,,,,missingreplog_J1628-41.csv,,,Data replog,,,J1628-41,True,IR
ir030809.0048        [0,J1628-41,16:28:47.2,-41:52:38,2003-08-10,00:20:14,2452861.514,30.0,1.02,J,J,,,,missingreplog_J1628-41.csv,,,Data replog,,,J1628-41,True,IR
ir030809.0049        [0,J1628-41,16:28:47.2,-41:52:38,2003-08-10,00:21:06,2452861.5147,30.1,1.02,J,J,,,,missingreplog_J1628-41.csv,,,Data replog,,,J1628-41,True,IR
ir030809.0050        [0,J1628-41,16:28:47.3,-41:52:38,2003-08-10,00:21:58,2452861.5153,30.0,1.03,J,J,,,,missingreplog_J1628-41.csv,,,Data replog,,,J1628-41,True,IR
ir030809.0051        [0,J1628-41,16:28:47.2,-41:52:38,2003-08-10,00:22:50,2452861.5159,30.1,1.03,J,J,,,,missingreplog_J1628-41.csv,,,Data replog,,,J1628-41,True,IR
ir030815.0237        [0,J1628-41,16:28:47.3,-41:52:38,2003-08-16,02:52:14,2452867.6196,30.0,1.32,J,J,,,,missingreplog_J1628-41.csv,,,Data replog,,,J1628-41,True,IR
ir030815.0236        [0,J1628-41,16:28:47.2,-41:52:38,2003-08-16,02:51:21,2452867.619,30.0,1.32,J,J,,,,missingreplog_J1628-41.csv,,,Data replog,,,J1628-41,True,IR
ir030815.0235        [0,J1628-41,16:28:47.3,-41:52:38,2003-08-16,02:50:28,2452867.6184,30.0,1.32,J,J,,,,missingreplog_J1628-41.csv,,,Data replog,,,J1628-41,True,IR
ir030815.0234        [0,J1628-41,16:28:47.2,-41:52:38,2003-08-16,02:49:36,2452867.6178,30.0,1.31,J,J,,,,missingreplog_J1628-41.csv,,,Data replog,,,J1628-41,True,IR
ir030814.0221        [0,J1628-41,16:28:47.2,-41:52:38,2003-08-15,02:39:24,2452866.6107,30.0,1.26,J,J,,,,missingreplog_J1628-41.csv,,,Data replog,,,J1628-41,True,IR
ir030814.0220        [0,J1628-41,16:28:47.3,-41:52:38,2003-08-15,02:38:32,2452866.6101,30.1,1.26,J,J,,,,missingreplog_J1628-41.csv,,,Data replog,,,J1628-41,True,IR
ir030814.0219        [0,J1628-41,16:28:47.2,-41:52:38,2003-08-15,02:37:39,2452866.6095,30.0,1.26,J,J,,,,missingreplog_J1628-41.csv,,,Data replog,,,J1628-41,True,IR
ir030814.0218        [0,J1628-41,16:28:47.2,-41:52:38,2003-08-15,02:36:46,2452866.6089,30.0,1.26,J,J,,,,missingreplog_J1628-41.csv,,,Data replog,,,J1628-41,True,IR
ir030814.0217        [0,J1628-41,16:28:47.3,-41:52:38,2003-08-15,02:35:54,2452866.6083,30.1,1.25,J,J,,,,missingreplog_J1628-41.csv,,,Data replog,,,J1628-41,True,IR
ir030814.0216        [0,J1628-41,16:28:47.3,-41:52:38,2003-08-15,02:35:01,2452866.6077,30.0,1.25,J,J,,,,missingreplog_J1628-41.csv,,,Data replog,,,J1628-41,True,IR
ir030814.0215        [0,J1628-41,16:28:47.2,-41:52:37,2003-08-15,02:34:08,2452866.607,30.0,1.25,J,J,,,,missingreplog_J1628-41.csv,,,Data replog,,,J1628-41,True,IR
ir030814.0214        [0,J1628-41,16:28:47.2,-41:52:38,2003-08-15,02:33:16,2452866.6064,30.0,1.25,J,J,,,,missingreplog_J1628-41.csv,,,Data replog,,,J1628-41,True,IR
ir030813.0221        [0,J1628-41,16:28:47.2,-41:52:37,2003-08-14,03:24:50,2452865.6423,30.1,1.43,J,J,,,,missingreplog_J1628-41.csv,,,Data replog,,,J1628-41,True,IR
ir030813.0220        [0,J1628-41,16:28:47.3,-41:52:37,2003-08-14,03:23:58,2452865.6417,30.1,1.42,J,J,,,,missingreplog_J1628-41.csv,,,Data replog,,,J1628-41,True,IR
ir030813.0219        [0,J1628-41,16:28:47.2,-41:52:37,2003-08-14,03:23:05,2452865.641,30.1,1.42,J,J,,,,missingreplog_J1628-41.csv,,,Data replog,,,J1628-41,True,IR
ir030813.0218        [0,J1628-41,16:28:47.2,-41:52:37,2003-08-14,03:22:12,2452865.6404,30.1,1.41,J,J,,,,missingreplog_J1628-41.csv,,,Data replog,,,J1628-41,True,IR
ir030813.0217        [0,J1628-41,16:28:47.2,-41:52:37,2003-08-14,03:21:20,2452865.6398,30.0,1.41,J,J,,,,missingreplog_J1628-41.csv,,,Data replog,,,J1628-41,True,IR
ir030813.0216        [0,J1628-41,16:28:47.3,-41:52:37,2003-08-14,03:20:27,2452865.6392,30.0,1.41,J,J,,,,missingreplog_J1628-41.csv,,,Data replog,,,J1628-41,True,IR
ir030813.0215        [0,J1628-41,16:28:47.2,-41:52:37,2003-08-14,03:19:34,2452865.6386,30.0,1.4,J,J,,,,missingreplog_J1628-41.csv,,,Data replog,,,J1628-41,True,IR
ir030813.0214        [0,J1628-41,16:28:47.2,-41:52:37,2003-08-14,03:18:42,2452865.638,30.1,1.4,J,J,,,,missingreplog_J1628-41.csv,,,Data replog,,,J1628-41,True,IR
ir030809.0054        [0,J1628-41,16:28:47.2,-41:52:38,2003-08-10,00:25:25,2452861.5177,30.0,1.03,J,J,,,,missingreplog_J1628-41.csv,,,Data replog,,,J1628-41,True,IR
ir030809.0053        [0,J1628-41,16:28:47.2,-41:52:38,2003-08-10,00:24:34,2452861.5171,30.0,1.03,J,J,,,,missingreplog_J1628-41.csv,,,Data replog,,,J1628-41,True,IR
ir030809.0052        [0,J1628-41,16:28:47.2,-41:52:38,2003-08-10,00:23:42,2452861.5165,30.0,1.03,J,J,,,,missingreplog_J1628-41.csv,,,Data replog,,,J1628-41,True,IR
ir030802.0152        [0,J1628-41,16:28:47.2,-41:52:38,2003-08-03,03:46:33,2452854.6573,30.1,1.33,J,J,,,,missingreplog_J1628-41.csv,,,Data replog,,,J1628-41,True,IR
ir030801.0152        [0,J1628-41,16:28:47.2,-41:52:39,2003-08-02,03:45:35,2452853.6567,30.0,1.32,J,J,,,,missingreplog_J1628-41.csv,,,Data replog,,,J1628-41,True,IR
ir030801.0151        [0,J1628-41,16:28:47.2,-41:52:39,2003-08-02,03:44:43,2452853.6561,30.0,1.31,J,J,,,,missingreplog_J1628-41.csv,,,Data replog,,,J1628-41,True,IR
ir030722.0044        [0,J1628-41,16:28:47.4,-42:52:38,2003-07-23,00:14:30,2452843.5101,30.0,1.05,J,J,,,,missingreplog_J1628-41.csv,,,Data replog,,,J1628-41,True,IR
ir030722.0042        [0,J1628-41,16:28:47.4,-42:52:38,2003-07-23,00:12:44,2452843.5088,30.0,1.05,J,J,,,,missingreplog_J1628-41.csv,,,Data replog,,,J1628-41,True,IR
ir030722.0041        [0,J1628-41,16:28:47.4,-42:52:38,2003-07-23,00:11:52,2452843.5082,30.0,1.05,J,J,,,,missingreplog_J1628-41.csv,,,Data replog,,,J1628-41,True,IR
ir030719.0281        [0,J1628-41,16:28:47.2,-41:52:38,2003-07-20,03:11:24,2452840.6329,30.0,1.1,J,J,,,,missingreplog_J1628-41.csv,,,Data replog,,,J1628-41,True,IR
ir030719.0280        [0,J1628-41,16:28:47.2,-41:52:38,2003-07-20,03:10:32,2452840.6323,30.0,1.1,J,J,,,,missingreplog_J1628-41.csv,,,Data replog,,,J1628-41,True,IR
ir030719.0279        [0,J1628-41,16:28:47.2,-41:52:38,2003-07-20,03:09:39,2452840.6317,30.1,1.1,J,J,,,,missingreplog_J1628-41.csv,,,Data replog,,,J1628-41,True,IR
ir030719.0278        [0,J1628-41,16:28:47.2,-41:52:38,2003-07-20,03:08:47,2452840.6311,30.1,1.1,J,J,,,,missingreplog_J1628-41.csv,,,Data replog,,,J1628-41,True,IR
ir030719.0277        [0,J1628-41,16:28:47.2,-41:52:38,2003-07-20,03:07:55,2452840.6305,30.0,1.1,J,J,,,,missingreplog_J1628-41.csv,,,Data replog,,,J1628-41,True,IR
ir030719.0276        [0,J1628-41,16:28:47.2,-41:52:38,2003-07-20,03:07:01,2452840.6299,30.1,1.1,J,J,,,,missingreplog_J1628-41.csv,,,Data replog,,,J1628-41,True,IR
ir030719.0275        [0,J1628-41,16:28:47.2,-41:52:38,2003-07-20,03:06:09,2452840.6293,30.1,1.09,J,J,,,,missingreplog_J1628-41.csv,,,Data replog,,,J1628-41,True,IR
ir030719.0274        [0,J1628-41,16:28:47.2,-41:52:38,2003-07-20,03:05:16,2452840.6287,30.1,1.09,J,J,,,,missingreplog_J1628-41.csv,,,Data replog,,,J1628-41,True,IR
ir030717.0023        [2,J1628-41,16:28:47.5,-41:52:39,2003-07-17,23:48:03,2452838.4917,30.1,1.09,J,J,,,,missingreplog_J1628-41.csv,,,Data replog,,,J1628-41,True,IR
ir030717.0022        [2,J1628-41,16:28:47.4,-41:52:39,2003-07-17,23:47:11,2452838.4911,30.0,1.09,J,J,,,,missingreplog_J1628-41.csv,,,Data replog,,,J1628-41,True,IR
ir030717.0021        [2,J1628-41,16:28:47.4,-41:52:39,2003-07-17,23:46:18,2452838.4905,30.1,1.1,J,J,,,,missingreplog_J1628-41.csv,,,Data replog,,,J1628-41,True,IR
ir030717.0020        [2,J1628-41,16:28:47.4,-41:52:39,2003-07-17,23:45:25,2452838.4899,30.1,1.1,J,J,,,,missingreplog_J1628-41.csv,,,Data replog,,,J1628-41,True,IR
ir030717.0019        [2,J1628-41,16:28:47.4,-41:52:39,2003-07-17,23:44:33,2452838.4893,30.0,1.1,J,J,,,,missingreplog_J1628-41.csv,,,Data replog,,,J1628-41,True,IR
ir030717.0018        [2,J1628-41,16:28:47.3,-41:52:39,2003-07-17,23:43:40,2452838.4887,30.1,1.1,J,J,,,,missingreplog_J1628-41.csv,,,Data replog,,,J1628-41,True,IR
ir030717.0017        [2,J1628-41,16:28:47.3,-41:52:39,2003-07-17,23:42:47,2452838.488,30.0,1.1,J,J,,,,missingreplog_J1628-41.csv,,,Data replog,,,J1628-41,True,IR
ir030717.0016        [2,J1628-41,16:28:47.2,-41:52:38,2003-07-17,23:41:55,2452838.4874,30.0,1.1,J,J,,,,missingreplog_J1628-41.csv,,,Data replog,,,J1628-41,True,IR
ir030716.0041        [0,J1628-41,16:28:48.1,-41:52:50,2003-07-17,00:05:38,2452837.5039,30.1,1.07,J,J,,,,missingreplog_J1628-41.csv,,,Data replog,,,J1628-41,True,IR
ir030716.0040        [0,J1628-41,16:28:48.1,-41:52:50,2003-07-17,00:04:47,2452837.5033,30.1,1.08,J,J,,,,missingreplog_J1628-41.csv,,,Data replog,,,J1628-41,True,IR
ir030716.0039        [0,J1628-41,16:28:48.1,-41:52:50,2003-07-17,00:03:53,2452837.5027,30.1,1.08,J,J,,,,missingreplog_J1628-41.csv,,,Data replog,,,J1628-41,True,IR
ir030716.0038        [0,J1628-41,16:28:48.1,-41:52:50,2003-07-17,00:03:00,2452837.5021,30.1,1.08,J,J,,,,missingreplog_J1628-41.csv,,,Data replog,,,J1628-41,True,IR
ir030716.0037        [0,J1628-41,16:28:48.1,-41:52:50,2003-07-17,00:02:08,2452837.5015,30.0,1.08,J,J,,,,missingreplog_J1628-41.csv,,,Data replog,,,J1628-41,True,IR
ir030722.0043        [0,J1628-41,16:28:47.4,-42:52:39,2003-07-23,00:13:37,2452843.5095,30.0,1.05,J,J,,,,missingreplog_J1628-41.csv,,,Data replog,,,J1628-41,True,IR
ir030722.0045        [0,J1628-41,16:28:47.4,-42:52:38,2003-07-23,00:15:22,2452843.5107,30.0,1.05,J,J,,,,missingreplog_J1628-41.csv,,,Data replog,,,J1628-41,True,IR
ir030801.0150        [0,J1628-41,16:28:47.2,-41:52:39,2003-08-02,03:43:50,2452853.6554,30.0,1.31,J,J,,,,missingreplog_J1628-41.csv,,,Data replog,,,J1628-41,True,IR
ir030722.0046        [0,J1628-41,16:28:47.4,-42:52:39,2003-07-23,00:16:15,2452843.5113,30.0,1.05,J,J,,,,missingreplog_J1628-41.csv,,,Data replog,,,J1628-41,True,IR
ir030801.0149        [0,J1628-41,16:28:47.2,-41:52:38,2003-08-02,03:42:57,2452853.6548,30.0,1.31,J,J,,,,missingreplog_J1628-41.csv,,,Data replog,,,J1628-41,True,IR
ir030801.0148        [0,J1628-41,16:28:47.2,-41:52:39,2003-08-02,03:42:05,2452853.6542,30.0,1.3,J,J,,,,missingreplog_J1628-41.csv,,,Data replog,,,J1628-41,True,IR
ir030801.0147        [0,J1628-41,16:28:47.2,-41:52:38,2003-08-02,03:41:12,2452853.6536,30.0,1.3,J,J,,,,missingreplog_J1628-41.csv,,,Data replog,,,J1628-41,True,IR
ir030801.0146        [0,J1628-41,16:28:47.2,-41:52:38,2003-08-02,03:40:19,2452853.653,30.1,1.3,J,J,,,,missingreplog_J1628-41.csv,,,Data replog,,,J1628-41,True,IR
ir030801.0145        [0,J1628-41,16:28:47.2,-41:52:38,2003-08-02,03:39:27,2452853.6524,30.1,1.29,J,J,,,,missingreplog_J1628-41.csv,,,Data replog,,,J1628-41,True,IR
ir030725.0069        [0,J1628-41,16:28:47.5,-41:52:34,2003-07-26,01:01:48,2452846.5429,30.0,1.02,J,J,,,,missingreplog_J1628-41.csv,,,Data replog,,,J1628-41,True,IR
ir030725.0068        [0,J1628-41,16:28:47.5,-41:52:34,2003-07-26,01:00:56,2452846.5423,30.0,1.02,J,J,,,,missingreplog_J1628-41.csv,,,Data replog,,,J1628-41,True,IR
ir030725.0067        [0,J1628-41,16:28:47.5,-41:52:35,2003-07-26,01:00:03,2452846.5417,30.0,1.02,J,J,,,,missingreplog_J1628-41.csv,,,Data replog,,,J1628-41,True,IR
ir030725.0066        [0,J1628-41,16:28:47.4,-41:52:34,2003-07-26,00:59:10,2452846.5411,30.0,1.02,J,J,,,,missingreplog_J1628-41.csv,,,Data replog,,,J1628-41,True,IR
ir030725.0065        [0,J1628-41,16:28:47.4,-41:52:35,2003-07-26,00:58:18,2452846.5405,30.1,1.02,J,J,,,,missingreplog_J1628-41.csv,,,Data replog,,,J1628-41,True,IR
ir030725.0064        [0,J1628-41,16:28:47.4,-41:52:35,2003-07-26,00:57:25,2452846.5399,30.1,1.02,J,J,,,,missingreplog_J1628-41.csv,,,Data replog,,,J1628-41,True,IR
ir030725.0063        [0,J1628-41,16:28:47.5,-41:52:35,2003-07-26,00:56:32,2452846.5393,30.1,1.02,J,J,,,,missingreplog_J1628-41.csv,,,Data replog,,,J1628-41,True,IR
ir030725.0062        [0,J1628-41,16:28:47.6,-41:52:35,2003-07-26,00:55:40,2452846.5387,30.1,1.02,J,J,,,,missingreplog_J1628-41.csv,,,Data replog,,,J1628-41,True,IR
ir030723.0065        [0,J1628-41,16:28:47.2,-41:52:38,2003-07-24,00:33:27,2452844.5232,30.1,1.03,J,J,,,,missingreplog_J1628-41.csv,,,Data replog,,,J1628-41,True,IR
ir030723.0064        [0,J1628-41,16:28:47.2,-41:52:38,2003-07-24,00:32:36,2452844.5226,30.0,1.03,J,J,,,,missingreplog_J1628-41.csv,,,Data replog,,,J1628-41,True,IR
ir030723.0063        [0,J1628-41,16:28:47.2,-41:52:38,2003-07-24,00:31:44,2452844.522,30.0,1.03,J,J,,,,missingreplog_J1628-41.csv,,,Data replog,,,J1628-41,True,IR
ir030723.0062        [0,J1628-41,16:28:47.2,-41:52:38,2003-07-24,00:30:52,2452844.5214,30.0,1.03,J,J,,,,missingreplog_J1628-41.csv,,,Data replog,,,J1628-41,True,IR
ir030723.0061        [0,J1628-41,16:28:47.2,-41:52:38,2003-07-24,00:30:00,2452844.5208,30.1,1.03,J,J,,,,missingreplog_J1628-41.csv,,,Data replog,,,J1628-41,True,IR
ir030723.0060        [0,J1628-41,16:28:47.2,-41:52:38,2003-07-24,00:29:07,2452844.5202,30.1,1.03,J,J,,,,missingreplog_J1628-41.csv,,,Data replog,,,J1628-41,True,IR
ir030723.0059        [0,J1628-41,16:28:47.2,-41:52:38,2003-07-24,00:28:15,2452844.5196,30.0,1.03,J,J,,,,missingreplog_J1628-41.csv,,,Data replog,,,J1628-41,True,IR
ir030723.0058        [0,J1628-41,16:28:47.3,-41:52:38,2003-07-24,00:27:23,2452844.519,30.0,1.03,J,J,,,,missingreplog_J1628-41.csv,,,Data replog,,,J1628-41,True,IR
ir030722.0048        [0,J1628-41,16:28:47.4,-42:52:39,2003-07-23,00:18:00,2452843.5125,30.0,1.04,J,J,,,,missingreplog_J1628-41.csv,,,Data replog,,,J1628-41,True,IR
ir030722.0047        [0,J1628-41,16:28:47.4,-42:52:38,2003-07-23,00:17:08,2452843.5119,30.0,1.04,J,J,,,,missingreplog_J1628-41.csv,,,Data replog,,,J1628-41,True,IR
ir030725.0064.fits.gz,,,,2003-07-25,,,,,,,,,,IR_CD_header_logs/LOG_J1628-41.20030614thru20030726.csv,IR_CD_header_logs/,J1628-41,CD,,,J1628-41,True,IR
ir030725.0069.fits.gz,,,,2003-07-25,,,,,,,,,,IR_CD_header_logs/LOG_J1628-41.20030614thru20030726.csv,IR_CD_header_logs/,J1628-41,CD,,,J1628-41,True,IR
ir030725.0068.fits.gz,,,,2003-07-25,,,,,,,,,,IR_CD_header_logs/LOG_J1628-41.20030614thru20030726.csv,IR_CD_header_logs/,J1628-41,CD,,,J1628-41,True,IR
ir030725.0067.fits.gz,,,,2003-07-25,,,,,,,,,,IR_CD_header_logs/LOG_J1628-41.20030614thru20030726.csv,IR_CD_header_logs/,J1628-41,CD,,,J1628-41,True,IR
ir030725.0066.fits.gz,,,,2003-07-25,,,,,,,,,,IR_CD_header_logs/LOG_J1628-41.20030614thru20030726.csv,IR_CD_header_logs/,J1628-41,CD,,,J1628-41,True,IR
ir030725.0065.fits.gz,,,,2003-07-25,,,,,,,,,,IR_CD_header_logs/LOG_J1628-41.20030614thru20030726.csv,IR_CD_header_logs/,J1628-41,CD,,,J1628-41,True,IR
ir030725.0063.fits.gz,,,,2003-07-25,,,,,,,,,,IR_CD_header_logs/LOG_J1628-41.20030614thru20030726.csv,IR_CD_header_logs/,J1628-41,CD,,,J1628-41,True,IR
ir030723.0060.fits.gz,,,,2003-07-23,,,,,,,,,,IR_CD_header_logs/LOG_J1628-41.20030614thru20030726.csv,IR_CD_header_logs/,J1628-41,CD,,,J1628-41,True,IR
ir030719.0278.fits.gz,J1628-41,16:28:47.26,-41:52:38.6,2003-07-20,03:08:47,2452840.6311,30.05,1.1,V,J,1732.0,2107.0,2460.0,IR_CD_header_logs/LOG_J1628-41.20030614thru20030726.csv,IR_CD_header_logs/,J1628-41,CD,YALE-03A-0001,,J1628-41,True,IR
ir030719.0279.fits.gz,J1628-41,16:28:47.27,-41:52:38.5,2003-07-20,03:09:39,2452840.6317,30.05,1.1,V,J,1762.0,2137.0,2400.0,IR_CD_header_logs/LOG_J1628-41.20030614thru20030726.csv,IR_CD_header_logs/,J1628-41,CD,YALE-03A-0001,,J1628-41,True,IR
ir030719.0280.fits.gz,J1628-41,16:28:47.28,-41:52:38.6,2003-07-20,03:10:32,2452840.63231,30.04,1.1,V,J,1702.0,2167.0,2430.0,IR_CD_header_logs/LOG_J1628-41.20030614thru20030726.csv,IR_CD_header_logs/,J1628-41,CD,YALE-03A-0001,,J1628-41,True,IR
ir030719.0281.fits.gz,J1628-41,16:28:47.27,-41:52:38.6,2003-07-20,03:11:24,2452840.63292,30.04,1.1,V,J,1732.0,2137.0,2430.0,IR_CD_header_logs/LOG_J1628-41.20030614thru20030726.csv,IR_CD_header_logs/,J1628-41,CD,YALE-03A-0001,,J1628-41,True,IR
ir030717.0016.fits.gz,J1628-41,16:28:47.29,-41:52:38.9,2003-07-17,23:41:55,2452838.48745,30.04,1.1,V,J,1732.0,2137.0,2430.0,IR_CD_header_logs/LOG_J1628-41.20030614thru20030726.csv,IR_CD_header_logs/,J1628-41,CD,YALE-03A-0001,,J1628-41,True,IR
ir030716.0035.fits.gz,J1628-41,16:28:48.13,-41:52:50.8,2003-07-17,00:00:23,2452837.50027,30.05,1.08,V,J,1732.0,2167.0,2400.0,IR_CD_header_logs/LOG_J1628-41.20030614thru20030726.csv,IR_CD_header_logs/,J1628-41,CD,YALE-03A-0001,,J1628-41,True,IR
ir030716.0036.fits.gz,J1628-41,16:28:48.13,-41:52:50.7,2003-07-17,00:01:15,2452837.50088,30.05,1.08,V,J,1702.0,2137.0,2460.0,IR_CD_header_logs/LOG_J1628-41.20030614thru20030726.csv,IR_CD_header_logs/,J1628-41,CD,YALE-03A-0001,,J1628-41,True,IR
ir030716.0037.fits.gz,J1628-41,16:28:48.13,-41:52:50.7,2003-07-17,00:02:08,2452837.50149,30.04,1.08,V,J,1762.0,2107.0,2430.0,IR_CD_header_logs/LOG_J1628-41.20030614thru20030726.csv,IR_CD_header_logs/,J1628-41,CD,YALE-03A-0001,,J1628-41,True,IR
ir030716.0038.fits.gz,J1628-41,16:28:48.12,-41:52:50.6,2003-07-17,00:03:00,2452837.50209,30.05,1.08,V,J,1732.0,2107.0,2460.0,IR_CD_header_logs/LOG_J1628-41.20030614thru20030726.csv,IR_CD_header_logs/,J1628-41,CD,YALE-03A-0001,,J1628-41,True,IR
ir030716.0039.fits.gz,J1628-41,16:28:48.14,-41:52:50.3,2003-07-17,00:03:53,2452837.50271,30.05,1.08,V,J,1762.0,2137.0,2400.0,IR_CD_header_logs/LOG_J1628-41.20030614thru20030726.csv,IR_CD_header_logs/,J1628-41,CD,YALE-03A-0001,,J1628-41,True,IR
ir030716.0041.fits.gz,J1628-41,16:28:48.16,-41:52:50.1,2003-07-17,00:05:38,2452837.50392,30.05,1.07,V,J,1732.0,2137.0,2430.0,IR_CD_header_logs/LOG_J1628-41.20030614thru20030726.csv,IR_CD_header_logs/,J1628-41,CD,YALE-03A-0001,,J1628-41,True,IR
ir030716.0040.fits.gz,J1628-41,16:28:48.15,-41:52:50.3,2003-07-17,00:04:47,2452837.50332,30.05,1.08,V,J,1702.0,2167.0,2430.0,IR_CD_header_logs/LOG_J1628-41.20030614thru20030726.csv,IR_CD_header_logs/,J1628-41,CD,YALE-03A-0001,,J1628-41,True,IR
ir030717.0017.fits.gz,J1628-41,16:28:47.31,-41:52:39.0,2003-07-17,23:42:47,2452838.48805,30.04,1.1,V,J,1732.0,2167.0,2400.0,IR_CD_header_logs/LOG_J1628-41.20030614thru20030726.csv,IR_CD_header_logs/,J1628-41,CD,YALE-03A-0001,,J1628-41,True,IR
ir030717.0018.fits.gz,J1628-41,16:28:47.36,-41:52:39.3,2003-07-17,23:43:40,2452838.48867,30.05,1.1,V,J,1702.0,2137.0,2460.0,IR_CD_header_logs/LOG_J1628-41.20030614thru20030726.csv,IR_CD_header_logs/,J1628-41,CD,YALE-03A-0001,,J1628-41,True,IR
ir030717.0019.fits.gz,J1628-41,16:28:47.40,-41:52:39.1,2003-07-17,23:44:33,2452838.48928,30.04,1.1,V,J,1762.0,2107.0,2430.0,IR_CD_header_logs/LOG_J1628-41.20030614thru20030726.csv,IR_CD_header_logs/,J1628-41,CD,YALE-03A-0001,,J1628-41,True,IR
ir030717.0020.fits.gz,J1628-41,16:28:47.44,-41:52:39.1,2003-07-17,23:45:25,2452838.48988,30.05,1.1,V,J,1732.0,2107.0,2460.0,IR_CD_header_logs/LOG_J1628-41.20030614thru20030726.csv,IR_CD_header_logs/,J1628-41,CD,YALE-03A-0001,,J1628-41,True,IR
ir030717.0021.fits.gz,J1628-41,16:28:47.46,-41:52:39.1,2003-07-17,23:46:18,2452838.49049,30.05,1.1,V,J,1762.0,2137.0,2400.0,IR_CD_header_logs/LOG_J1628-41.20030614thru20030726.csv,IR_CD_header_logs/,J1628-41,CD,YALE-03A-0001,,J1628-41,True,IR
ir030719.0276.fits.gz,J1628-41,16:28:47.28,-41:52:38.8,2003-07-20,03:07:01,2452840.62988,30.05,1.1,V,J,1702.0,2137.0,2460.0,IR_CD_header_logs/LOG_J1628-41.20030614thru20030726.csv,IR_CD_header_logs/,J1628-41,CD,YALE-03A-0001,,J1628-41,True,IR
ir030719.0275.fits.gz,J1628-41,16:28:47.25,-41:52:38.8,2003-07-20,03:06:09,2452840.62927,30.05,1.09,V,J,1732.0,2167.0,2400.0,IR_CD_header_logs/LOG_J1628-41.20030614thru20030726.csv,IR_CD_header_logs/,J1628-41,CD,YALE-03A-0001,,J1628-41,True,IR
ir030719.0274.fits.gz,J1628-41,16:28:47.29,-41:52:38.5,2003-07-20,03:05:16,2452840.62866,30.05,1.09,V,J,1732.0,2137.0,2430.0,IR_CD_header_logs/LOG_J1628-41.20030614thru20030726.csv,IR_CD_header_logs/,J1628-41,CD,YALE-03A-0001,,J1628-41,True,IR
ir030723.0065.fits.gz,J1628-41,16:28:47.27,-41:52:38.2,2003-07-24,00:33:27,2452844.52324,30.05,1.03,V,J,1732.0,2137.0,2430.0,IR_CD_header_logs/LOG_J1628-41.20030614thru20030726.csv,IR_CD_header_logs/,J1628-41,CD,YALE-03A-0001,,J1628-41,True,IR
ir030725.0062.fits.gz,J1628-41,16:28:47.65,-41:52:35.7,2003-07-26,00:55:40,2452846.53866,30.05,1.02,V,J,1732.0,2137.0,2430.0,IR_CD_header_logs/LOG_J1628-41.20030614thru20030726.csv,IR_CD_header_logs/,J1628-41,CD,YALE-03A-0001,,J1628-41,True,IR
ir030723.0064.fits.gz,J1628-41,16:28:47.28,-41:52:38.0,2003-07-24,00:32:36,2452844.52264,30.04,1.03,V,J,1702.0,2167.0,2430.0,IR_CD_header_logs/LOG_J1628-41.20030614thru20030726.csv,IR_CD_header_logs/,J1628-41,CD,YALE-03A-0001,,J1628-41,True,IR
ir030723.0063.fits.gz,J1628-41,16:28:47.28,-41:52:38.2,2003-07-24,00:31:44,2452844.52204,30.04,1.03,V,J,1762.0,2137.0,2400.0,IR_CD_header_logs/LOG_J1628-41.20030614thru20030726.csv,IR_CD_header_logs/,J1628-41,CD,YALE-03A-0001,,J1628-41,True,IR
ir030723.0062.fits.gz,J1628-41,16:28:47.27,-41:52:38.2,2003-07-24,00:30:52,2452844.52144,30.04,1.03,V,J,1732.0,2107.0,2460.0,IR_CD_header_logs/LOG_J1628-41.20030614thru20030726.csv,IR_CD_header_logs/,J1628-41,CD,YALE-03A-0001,,J1628-41,True,IR
ir030723.0061.fits.gz,J1628-41,16:28:47.28,-41:52:38.5,2003-07-24,00:30:00,2452844.52084,30.05,1.03,V,J,1762.0,2107.0,2430.0,IR_CD_header_logs/LOG_J1628-41.20030614thru20030726.csv,IR_CD_header_logs/,J1628-41,CD,YALE-03A-0001,,J1628-41,True,IR
ir030723.0059.fits.gz,J1628-41,16:28:47.28,-41:52:38.2,2003-07-24,00:28:15,2452844.51962,30.04,1.03,V,J,1732.0,2167.0,2400.0,IR_CD_header_logs/LOG_J1628-41.20030614thru20030726.csv,IR_CD_header_logs/,J1628-41,CD,YALE-03A-0001,,J1628-41,True,IR
ir030723.0058.fits.gz,J1628-41,16:28:47.30,-41:52:38.6,2003-07-24,00:27:23,2452844.51903,30.04,1.03,V,J,1732.0,2137.0,2430.0,IR_CD_header_logs/LOG_J1628-41.20030614thru20030726.csv,IR_CD_header_logs/,J1628-41,CD,YALE-03A-0001,,J1628-41,True,IR
ir030722.0044.fits.gz,J1628-41,16:28:47.46,-42:52:38.9,2003-07-23,00:14:30,2452843.51008,30.04,1.05,V,J,1762.0,2107.0,2430.0,IR_CD_header_logs/LOG_J1628-41.20030614thru20030726.csv,IR_CD_header_logs/,J1628-41,CD,YALE-03A-0001,,J1628-41,True,IR
ir030719.0277.fits.gz,J1628-41,16:28:47.27,-41:52:38.6,2003-07-20,03:07:55,2452840.6305,30.04,1.1,V,J,1762.0,2107.0,2430.0,IR_CD_header_logs/LOG_J1628-41.20030614thru20030726.csv,IR_CD_header_logs/,J1628-41,CD,YALE-03A-0001,,J1628-41,True,IR
ir030722.0042.fits.gz,J1628-41,16:28:47.45,-42:52:38.9,2003-07-23,00:12:44,2452843.50885,30.04,1.05,V,J,1732.0,2167.0,2400.0,IR_CD_header_logs/LOG_J1628-41.20030614thru20030726.csv,IR_CD_header_logs/,J1628-41,CD,YALE-03A-0001,,J1628-41,True,IR
ir030722.0043.fits.gz,J1628-41,16:28:47.47,-42:52:39.3,2003-07-23,00:13:37,2452843.50946,30.04,1.05,V,J,1702.0,2137.0,2460.0,IR_CD_header_logs/LOG_J1628-41.20030614thru20030726.csv,IR_CD_header_logs/,J1628-41,CD,YALE-03A-0001,,J1628-41,True,IR
ir030722.0041.fits.gz,J1628-41,16:28:47.44,-42:52:38.8,2003-07-23,00:11:52,2452843.50825,30.04,1.05,V,J,1732.0,2137.0,2430.0,IR_CD_header_logs/LOG_J1628-41.20030614thru20030726.csv,IR_CD_header_logs/,J1628-41,CD,YALE-03A-0001,,J1628-41,True,IR
ir030722.0045.fits.gz,J1628-41,16:28:47.46,-42:52:38.9,2003-07-23,00:15:22,2452843.51068,30.04,1.05,V,J,1732.0,2107.0,2460.0,IR_CD_header_logs/LOG_J1628-41.20030614thru20030726.csv,IR_CD_header_logs/,J1628-41,CD,YALE-03A-0001,,J1628-41,True,IR
ir030722.0047.fits.gz,J1628-41,16:28:47.45,-42:52:38.8,2003-07-23,00:17:08,2452843.5119,30.04,1.04,V,J,1702.0,2167.0,2430.0,IR_CD_header_logs/LOG_J1628-41.20030614thru20030726.csv,IR_CD_header_logs/,J1628-41,CD,YALE-03A-0001,,J1628-41,True,IR
ir030722.0048.fits.gz,J1628-41,16:28:47.42,-42:52:39.1,2003-07-23,00:18:00,2452843.5125,30.04,1.04,V,J,1732.0,2137.0,2430.0,IR_CD_header_logs/LOG_J1628-41.20030614thru20030726.csv,IR_CD_header_logs/,J1628-41,CD,YALE-03A-0001,,J1628-41,True,IR
ir030722.0046.fits.gz,J1628-41,16:28:47.47,-42:52:39.1,2003-07-23,00:16:15,2452843.51129,30.04,1.05,V,J,1762.0,2137.0,2400.0,IR_CD_header_logs/LOG_J1628-41.20030614thru20030726.csv,IR_CD_header_logs/,J1628-41,CD,YALE-03A-0001,,J1628-41,True,IR
ir030717.0023.fits.gz,J1628-41,16:28:47.54,-41:52:39.3,2003-07-17,23:48:03,2452838.49171,30.05,1.09,V,J,1732.0,2137.0,2430.0,IR_CD_header_logs/LOG_J1628-41.20030614thru20030726.csv,IR_CD_header_logs/,J1628-41,CD,YALE-03A-0001,,J1628-41,True,IR
ir030717.0022.fits.gz,J1628-41,16:28:47.47,-41:52:39.4,2003-07-17,23:47:11,2452838.4911,30.04,1.09,V,J,1702.0,2167.0,2430.0,IR_CD_header_logs/LOG_J1628-41.20030614thru20030726.csv,IR_CD_header_logs/,J1628-41,CD,YALE-03A-0001,,J1628-41,True,IR
ir030715.0117.fits.gz,J1628-41,16:28:47.56,-41:52:36.2,2003-07-16,01:13:56,2452836.55134,30.05,1.03,V,J,1762.0,2107.0,2430.0,IR_CD_header_logs/LOG_J1628-41.20030614thru20030726.csv,IR_CD_header_logs/,J1628-41,CD,YALE-03A-0001,,J1628-41,True,IR
ir030627.0071.fits,J1628-41,16:28:47.29,-41:52:38.7,2003-06-28,00:30:16,2452818.52103,30.04,1.16,V,J,1732.0,2137.0,2430.0,IR_CD_header_logs/LOG_J1628-41.20030614thru20030726.csv,IR_CD_header_logs/,J1628-41,CD,YALE-03A-0001,,J1628-41,True,IR
ir030630.0095.fits,J1628-41,16:28:47.31,-41:52:38.0,2003-07-01,01:41:05,2452821.57021,30.04,1.04,V,J,1762.0,2137.0,2400.0,IR_CD_header_logs/LOG_J1628-41.20030614thru20030726.csv,IR_CD_header_logs/,J1628-41,CD,YALE-03A-0001,,J1628-41,True,IR
ir030629.0046.fits,J1628-41,16:28:47.39,-41:52:39.6,2003-06-30,00:34:57,2452820.52428,30.04,1.13,V,J,1732.0,2137.0,2430.0,IR_CD_header_logs/LOG_J1628-41.20030614thru20030726.csv,IR_CD_header_logs/,J1628-41,CD,YALE-03A-0001,,J1628-41,True,IR
ir030629.0045.fits,J1628-41,16:28:47.39,-41:52:39.4,2003-06-30,00:34:05,2452820.52367,30.04,1.13,V,J,1702.0,2167.0,2430.0,IR_CD_header_logs/LOG_J1628-41.20030614thru20030726.csv,IR_CD_header_logs/,J1628-41,CD,YALE-03A-0001,,J1628-41,True,IR
ir030629.0044.fits,J1628-41,16:28:47.36,-41:52:39.7,2003-06-30,00:33:12,2452820.52306,30.04,1.14,V,J,1762.0,2137.0,2400.0,IR_CD_header_logs/LOG_J1628-41.20030614thru20030726.csv,IR_CD_header_logs/,J1628-41,CD,YALE-03A-0001,,J1628-41,True,IR
ir030629.0043.fits,J1628-41,16:28:47.35,-41:52:39.4,2003-06-30,00:32:20,2452820.52246,30.04,1.14,V,J,1732.0,2107.0,2460.0,IR_CD_header_logs/LOG_J1628-41.20030614thru20030726.csv,IR_CD_header_logs/,J1628-41,CD,YALE-03A-0001,,J1628-41,True,IR
ir030629.0042.fits,J1628-41,16:28:47.36,-41:52:39.4,2003-06-30,00:31:28,2452820.52186,30.04,1.14,V,J,1762.0,2107.0,2430.0,IR_CD_header_logs/LOG_J1628-41.20030614thru20030726.csv,IR_CD_header_logs/,J1628-41,CD,YALE-03A-0001,,J1628-41,True,IR
ir030629.0041.fits,J1628-41,16:28:47.31,-41:52:39.5,2003-06-30,00:30:36,2452820.52125,30.05,1.14,V,J,1702.0,2137.0,2460.0,IR_CD_header_logs/LOG_J1628-41.20030614thru20030726.csv,IR_CD_header_logs/,J1628-41,CD,YALE-03A-0001,,J1628-41,True,IR
ir030629.0040.fits,J1628-41,16:28:47.30,-41:52:39.5,2003-06-30,00:29:44,2452820.52065,30.05,1.14,V,J,1732.0,2167.0,2400.0,IR_CD_header_logs/LOG_J1628-41.20030614thru20030726.csv,IR_CD_header_logs/,J1628-41,CD,YALE-03A-0001,,J1628-41,True,IR
ir030629.0039.fits,J1628-41,16:28:47.27,-41:52:38.7,2003-06-30,00:28:52,2452820.52005,30.04,1.14,V,J,1732.0,2137.0,2430.0,IR_CD_header_logs/LOG_J1628-41.20030614thru20030726.csv,IR_CD_header_logs/,J1628-41,CD,YALE-03A-0001,,J1628-41,True,IR
ir030628.0060.fits,J1628-41,16:28:47.32,-41:52:38.1,2003-06-29,00:40:57,2452819.52844,30.05,1.13,V,J,1762.0,2107.0,2430.0,IR_CD_header_logs/LOG_J1628-41.20030614thru20030726.csv,IR_CD_header_logs/,J1628-41,CD,YALE-03A-0001,,J1628-41,True,IR
ir030628.0057.fits,J1628-41,16:28:47.28,-41:52:38.5,2003-06-29,00:38:20,2452819.52663,30.05,1.13,V,J,1732.0,2137.0,2430.0,IR_CD_header_logs/LOG_J1628-41.20030614thru20030726.csv,IR_CD_header_logs/,J1628-41,CD,YALE-03A-0001,,J1628-41,True,IR
ir030628.0058.fits,J1628-41,16:28:47.29,-41:52:38.5,2003-06-29,00:39:12,2452819.52723,30.05,1.13,V,J,1732.0,2167.0,2400.0,IR_CD_header_logs/LOG_J1628-41.20030614thru20030726.csv,IR_CD_header_logs/,J1628-41,CD,YALE-03A-0001,,J1628-41,True,IR
ir030628.0059.fits,J1628-41,16:28:47.28,-41:52:38.4,2003-06-29,00:40:05,2452819.52783,30.05,1.13,V,J,1702.0,2137.0,2460.0,IR_CD_header_logs/LOG_J1628-41.20030614thru20030726.csv,IR_CD_header_logs/,J1628-41,CD,YALE-03A-0001,,J1628-41,True,IR
ir030628.0062.fits,J1628-41,16:28:47.36,-41:52:38.1,2003-06-29,00:42:40,2452819.52964,30.05,1.13,V,J,1762.0,2137.0,2400.0,IR_CD_header_logs/LOG_J1628-41.20030614thru20030726.csv,IR_CD_header_logs/,J1628-41,CD,YALE-03A-0001,,J1628-41,True,IR
ir030628.0061.fits,J1628-41,16:28:47.32,-41:52:38.1,2003-06-29,00:41:48,2452819.52904,30.05,1.13,V,J,1732.0,2107.0,2460.0,IR_CD_header_logs/LOG_J1628-41.20030614thru20030726.csv,IR_CD_header_logs/,J1628-41,CD,YALE-03A-0001,,J1628-41,True,IR
ir030628.0063.fits,J1628-41,16:28:47.41,-41:52:38.1,2003-06-29,00:43:33,2452819.53025,30.05,1.12,V,J,1702.0,2167.0,2430.0,IR_CD_header_logs/LOG_J1628-41.20030614thru20030726.csv,IR_CD_header_logs/,J1628-41,CD,YALE-03A-0001,,J1628-41,True,IR
ir030628.0064.fits,J1628-41,16:28:47.41,-41:52:38.2,2003-06-29,00:44:25,2452819.53085,30.05,1.12,V,J,1732.0,2137.0,2430.0,IR_CD_header_logs/LOG_J1628-41.20030614thru20030726.csv,IR_CD_header_logs/,J1628-41,CD,YALE-03A-0001,,J1628-41,True,IR
ir030630.0096.fits,J1628-41,16:28:47.32,-41:52:38.3,2003-07-01,01:41:58,2452821.57082,30.04,1.04,V,J,1702.0,2167.0,2430.0,IR_CD_header_logs/LOG_J1628-41.20030614thru20030726.csv,IR_CD_header_logs/,J1628-41,CD,YALE-03A-0001,,J1628-41,True,IR
ir030630.0094.fits,J1628-41,16:28:47.29,-41:52:38.1,2003-07-01,01:40:13,2452821.5696,30.04,1.04,V,J,1732.0,2107.0,2460.0,IR_CD_header_logs/LOG_J1628-41.20030614thru20030726.csv,IR_CD_header_logs/,J1628-41,CD,YALE-03A-0001,,J1628-41,True,IR
ir030630.0097.fits,J1628-41,16:28:47.33,-41:52:38.4,2003-07-01,01:42:50,2452821.57142,30.05,1.04,V,J,1732.0,2137.0,2430.0,IR_CD_header_logs/LOG_J1628-41.20030614thru20030726.csv,IR_CD_header_logs/,J1628-41,CD,YALE-03A-0001,,J1628-41,True,IR
ir030705.0074.fits.gz,J1628-41,16:28:47.43,-41:52:37.6,2003-07-06,02:22:30,2452826.59896,30.05,1.02,V,J,1762.0,2137.0,2400.0,IR_CD_header_logs/LOG_J1628-41.20030614thru20030726.csv,IR_CD_header_logs/,J1628-41,CD,YALE-03A-0001,,J1628-41,True,IR
ir030708.0135.fits.gz,J1628-41,16:28:47.28,-41:52:37.2,2003-07-09,03:21:17,2452829.63978,30.04,1.06,V,J,1702.0,2137.0,2460.0,IR_CD_header_logs/LOG_J1628-41.20030614thru20030726.csv,IR_CD_header_logs/,J1628-41,CD,YALE-03A-0001,,J1628-41,True,IR
ir030708.0138.fits.gz,J1628-41,16:28:47.32,-41:52:36.7,2003-07-09,03:23:54,2452829.6416,30.05,1.06,V,J,1762.0,2137.0,2400.0,IR_CD_header_logs/LOG_J1628-41.20030614thru20030726.csv,IR_CD_header_logs/,J1628-41,CD,YALE-03A-0001,,J1628-41,True,IR
ir030708.0137.fits.gz,J1628-41,16:28:47.32,-41:52:37.1,2003-07-09,03:23:01,2452829.64099,30.04,1.06,V,J,1732.0,2107.0,2460.0,IR_CD_header_logs/LOG_J1628-41.20030614thru20030726.csv,IR_CD_header_logs/,J1628-41,CD,YALE-03A-0001,,J1628-41,True,IR
ir030708.0139.fits.gz,J1628-41,16:28:47.33,-41:52:36.6,2003-07-09,03:24:46,2452829.6422,30.04,1.06,V,J,1702.0,2167.0,2430.0,IR_CD_header_logs/LOG_J1628-41.20030614thru20030726.csv,IR_CD_header_logs/,J1628-41,CD,YALE-03A-0001,,J1628-41,True,IR
ir030708.0140.fits.gz,J1628-41,16:28:47.33,-41:52:36.4,2003-07-09,03:25:38,2452829.6428,30.04,1.06,V,J,1732.0,2137.0,2430.0,IR_CD_header_logs/LOG_J1628-41.20030614thru20030726.csv,IR_CD_header_logs/,J1628-41,CD,YALE-03A-0001,,J1628-41,True,IR
ir030705.0076.fits.gz,J1628-41,16:28:47.48,-41:52:37.8,2003-07-06,02:24:15,2452826.60018,30.04,1.02,V,J,1732.0,2137.0,2430.0,IR_CD_header_logs/LOG_J1628-41.20030614thru20030726.csv,IR_CD_header_logs/,J1628-41,CD,YALE-03A-0001,,J1628-41,True,IR
ir030705.0075.fits.gz,J1628-41,16:28:47.45,-41:52:37.2,2003-07-06,02:23:23,2452826.59957,30.05,1.02,V,J,1702.0,2167.0,2430.0,IR_CD_header_logs/LOG_J1628-41.20030614thru20030726.csv,IR_CD_header_logs/,J1628-41,CD,YALE-03A-0001,,J1628-41,True,IR
ir030705.0073.fits.gz,J1628-41,16:28:47.44,-41:52:38.0,2003-07-06,02:21:37,2452826.59835,30.04,1.02,V,J,1732.0,2107.0,2460.0,IR_CD_header_logs/LOG_J1628-41.20030614thru20030726.csv,IR_CD_header_logs/,J1628-41,CD,YALE-03A-0001,,J1628-41,True,IR
ir030630.0092.fits,J1628-41,16:28:47.29,-41:52:38.4,2003-07-01,01:38:28,2452821.56838,30.05,1.04,V,J,1702.0,2137.0,2460.0,IR_CD_header_logs/LOG_J1628-41.20030614thru20030726.csv,IR_CD_header_logs/,J1628-41,CD,YALE-03A-0001,,J1628-41,True,IR
ir030705.0072.fits.gz,J1628-41,16:28:47.44,-41:52:38.0,2003-07-06,02:20:45,2452826.59775,30.04,1.02,V,J,1762.0,2107.0,2430.0,IR_CD_header_logs/LOG_J1628-41.20030614thru20030726.csv,IR_CD_header_logs/,J1628-41,CD,YALE-03A-0001,,J1628-41,True,IR
ir030705.0071.fits.gz,J1628-41,16:28:47.43,-41:52:38.0,2003-07-06,02:19:52,2452826.59714,30.05,1.02,V,J,1702.0,2137.0,2460.0,IR_CD_header_logs/LOG_J1628-41.20030614thru20030726.csv,IR_CD_header_logs/,J1628-41,CD,YALE-03A-0001,,J1628-41,True,IR
ir030705.0070.fits.gz,J1628-41,16:28:47.42,-41:52:38.5,2003-07-06,02:18:59,2452826.59653,30.04,1.02,V,J,1732.0,2167.0,2400.0,IR_CD_header_logs/LOG_J1628-41.20030614thru20030726.csv,IR_CD_header_logs/,J1628-41,CD,YALE-03A-0001,,J1628-41,True,IR
ir030705.0069.fits.gz,J1628-41,16:28:47.41,-41:52:38.9,2003-07-06,02:18:07,2452826.59592,30.04,1.02,V,J,1732.0,2137.0,2430.0,IR_CD_header_logs/LOG_J1628-41.20030614thru20030726.csv,IR_CD_header_logs/,J1628-41,CD,YALE-03A-0001,,J1628-41,True,IR
ir030630.0093.fits,J1628-41,16:28:47.28,-41:52:38.5,2003-07-01,01:39:21,2452821.56899,30.05,1.04,V,J,1762.0,2107.0,2430.0,IR_CD_header_logs/LOG_J1628-41.20030614thru20030726.csv,IR_CD_header_logs/,J1628-41,CD,YALE-03A-0001,,J1628-41,True,IR
ir030630.0090.fits,J1628-41,16:28:47.31,-41:52:39.0,2003-07-01,01:36:43,2452821.56717,30.05,1.05,V,J,1732.0,2137.0,2430.0,IR_CD_header_logs/LOG_J1628-41.20030614thru20030726.csv,IR_CD_header_logs/,J1628-41,CD,YALE-03A-0001,,J1628-41,True,IR
ir030630.0091.fits,J1628-41,16:28:47.30,-41:52:38.7,2003-07-01,01:37:35,2452821.56777,30.05,1.05,V,J,1732.0,2167.0,2400.0,IR_CD_header_logs/LOG_J1628-41.20030614thru20030726.csv,IR_CD_header_logs/,J1628-41,CD,YALE-03A-0001,,J1628-41,True,IR
ir030627.0078.fits,J1628-41,16:28:47.39,-41:52:39.0,2003-06-28,00:36:21,2452818.52525,30.04,1.15,V,J,1732.0,2137.0,2430.0,IR_CD_header_logs/LOG_J1628-41.20030614thru20030726.csv,IR_CD_header_logs/,J1628-41,CD,YALE-03A-0001,,J1628-41,True,IR
ir030627.0072.fits,J1628-41,16:28:47.31,-41:52:38.6,2003-06-28,00:31:08,2452818.52163,30.05,1.16,V,J,1732.0,2167.0,2400.0,IR_CD_header_logs/LOG_J1628-41.20030614thru20030726.csv,IR_CD_header_logs/,J1628-41,CD,YALE-03A-0001,,J1628-41,True,IR
ir030708.0133.fits.gz,J1628-41,16:28:47.31,-41:52:37.8,2003-07-09,03:19:32,2452829.63857,30.04,1.06,V,J,1732.0,2137.0,2430.0,IR_CD_header_logs/LOG_J1628-41.20030614thru20030726.csv,IR_CD_header_logs/,J1628-41,CD,YALE-03A-0001,,J1628-41,True,IR
ir030627.0073.fits,J1628-41,16:28:47.31,-41:52:38.9,2003-06-28,00:32:00,2452818.52223,30.04,1.15,V,J,1702.0,2137.0,2460.0,IR_CD_header_logs/LOG_J1628-41.20030614thru20030726.csv,IR_CD_header_logs/,J1628-41,CD,YALE-03A-0001,,J1628-41,True,IR
ir030625.0080.fits,J1628-41,16:28:47.20,-41:52:38.5,2003-06-26,00:16:30,2452816.51146,30.04,1.21,V,J,1762.0,2107.0,2430.0,IR_CD_header_logs/LOG_J1628-41.20030614thru20030726.csv,IR_CD_header_logs/,J1628-41,CD,YALE-03A-0001,,J1628-41,True,IR
ir030625.0077.fits,J1628-41,16:28:47.26,-41:52:39.2,2003-06-26,00:13:54,2452816.50966,30.05,1.22,V,J,1732.0,2137.0,2430.0,IR_CD_header_logs/LOG_J1628-41.20030614thru20030726.csv,IR_CD_header_logs/,J1628-41,CD,YALE-03A-0001,,J1628-41,True,IR
ir030625.0078.fits,J1628-41,16:28:47.22,-41:52:39.0,2003-06-26,00:14:45,2452816.51025,30.04,1.22,V,J,1732.0,2167.0,2400.0,IR_CD_header_logs/LOG_J1628-41.20030614thru20030726.csv,IR_CD_header_logs/,J1628-41,CD,YALE-03A-0001,,J1628-41,True,IR
ir030625.0079.fits,J1628-41,16:28:47.21,-41:52:38.9,2003-06-26,00:15:38,2452816.51086,30.04,1.21,V,J,1702.0,2137.0,2460.0,IR_CD_header_logs/LOG_J1628-41.20030614thru20030726.csv,IR_CD_header_logs/,J1628-41,CD,YALE-03A-0001,,J1628-41,True,IR
ir030625.0081.fits,J1628-41,16:28:47.26,-41:52:38.0,2003-06-26,00:17:22,2452816.51206,30.04,1.21,V,J,1732.0,2107.0,2460.0,IR_CD_header_logs/LOG_J1628-41.20030614thru20030726.csv,IR_CD_header_logs/,J1628-41,CD,YALE-03A-0001,,J1628-41,True,IR
ir030625.0082.fits,J1628-41,16:28:47.24,-41:52:37.8,2003-06-26,00:18:14,2452816.51267,30.05,1.21,V,J,1762.0,2137.0,2400.0,IR_CD_header_logs/LOG_J1628-41.20030614thru20030726.csv,IR_CD_header_logs/,J1628-41,CD,YALE-03A-0001,,J1628-41,True,IR
ir030625.0083.fits,J1628-41,16:28:47.28,-41:52:37.2,2003-06-26,00:19:07,2452816.51328,30.04,1.2,V,J,1702.0,2167.0,2430.0,IR_CD_header_logs/LOG_J1628-41.20030614thru20030726.csv,IR_CD_header_logs/,J1628-41,CD,YALE-03A-0001,,J1628-41,True,IR
ir030625.0084.fits,J1628-41,16:28:47.30,-41:52:36.8,2003-06-26,00:19:58,2452816.51387,30.04,1.2,V,J,1732.0,2137.0,2430.0,IR_CD_header_logs/LOG_J1628-41.20030614thru20030726.csv,IR_CD_header_logs/,J1628-41,CD,YALE-03A-0001,,J1628-41,True,IR
ir030624.0146.fits,J1628-41,16:28:47.27,-41:52:38.4,2003-06-25,01:02:50,2452815.54364,30.05,1.12,V,J,1732.0,2137.0,2430.0,IR_CD_header_logs/LOG_J1628-41.20030614thru20030726.csv,IR_CD_header_logs/,J1628-41,CD,YALE-03A-0001,,J1628-41,True,IR
ir030624.0153.fits,J1628-41,16:28:47.52,-41:52:37.1,2003-06-25,01:08:57,2452815.54789,30.05,1.11,V,J,1732.0,2137.0,2430.0,IR_CD_header_logs/LOG_J1628-41.20030614thru20030726.csv,IR_CD_header_logs/,J1628-41,CD,YALE-03A-0001,,J1628-41,True,IR
ir030624.0148.fits,J1628-41,16:28:47.33,-41:52:37.6,2003-06-25,01:04:35,2452815.54485,30.05,1.11,V,J,1702.0,2137.0,2460.0,IR_CD_header_logs/LOG_J1628-41.20030614thru20030726.csv,IR_CD_header_logs/,J1628-41,CD,YALE-03A-0001,,J1628-41,True,IR
ir030624.0149.fits,J1628-41,16:28:47.37,-41:52:37.4,2003-06-25,01:05:28,2452815.54546,30.04,1.11,V,J,1762.0,2107.0,2430.0,IR_CD_header_logs/LOG_J1628-41.20030614thru20030726.csv,IR_CD_header_logs/,J1628-41,CD,YALE-03A-0001,,J1628-41,True,IR
ir030624.0150.fits,J1628-41,16:28:47.40,-41:52:37.3,2003-06-25,01:06:20,2452815.54607,30.04,1.11,V,J,1732.0,2107.0,2460.0,IR_CD_header_logs/LOG_J1628-41.20030614thru20030726.csv,IR_CD_header_logs/,J1628-41,CD,YALE-03A-0001,,J1628-41,True,IR
ir030624.0151.fits,J1628-41,16:28:47.44,-41:52:37.1,2003-06-25,01:07:13,2452815.54668,30.04,1.11,V,J,1762.0,2137.0,2400.0,IR_CD_header_logs/LOG_J1628-41.20030614thru20030726.csv,IR_CD_header_logs/,J1628-41,CD,YALE-03A-0001,,J1628-41,True,IR
ir030624.0152.fits,J1628-41,16:28:47.48,-41:52:37.1,2003-06-25,01:08:05,2452815.54729,30.04,1.11,V,J,1702.0,2167.0,2430.0,IR_CD_header_logs/LOG_J1628-41.20030614thru20030726.csv,IR_CD_header_logs/,J1628-41,CD,YALE-03A-0001,,J1628-41,True,IR
ir030624.0147.fits,J1628-41,16:28:47.30,-41:52:37.8,2003-06-25,01:03:42,2452815.54424,30.04,1.12,V,J,1732.0,2167.0,2400.0,IR_CD_header_logs/LOG_J1628-41.20030614thru20030726.csv,IR_CD_header_logs/,J1628-41,CD,YALE-03A-0001,,J1628-41,True,IR
ir030624.0377.fits,J1628-41,16:28:47.25,-41:52:38.3,2003-06-25,06:46:06,2452815.78202,30.05,1.45,V,J,1732.0,2137.0,2430.0,IR_CD_header_logs/LOG_J1628-41.20030614thru20030726.csv,IR_CD_header_logs/,J1628-41,CD,YALE-03A-0001,,J1628-41,True,IR
ir030626.0039.fits,J1628-41,16:28:45.92,-41:52:38.6,2003-06-27,00:25:24,2452817.51764,30.04,1.18,V,J,1762.0,2137.0,2400.0,IR_CD_header_logs/LOG_J1628-41.20030614thru20030726.csv,IR_CD_header_logs/,J1628-41,CD,YALE-03A-0001,,J1628-41,True,IR
ir030626.0041.fits,J1628-41,16:28:45.93,-41:52:38.4,2003-06-27,00:27:08,2452817.51884,30.05,1.17,V,J,1732.0,2137.0,2430.0,IR_CD_header_logs/LOG_J1628-41.20030614thru20030726.csv,IR_CD_header_logs/,J1628-41,CD,YALE-03A-0001,,J1628-41,True,IR
ir030626.0040.fits,J1628-41,16:28:45.92,-41:52:38.4,2003-06-27,00:26:16,2452817.51825,30.04,1.18,V,J,1702.0,2167.0,2430.0,IR_CD_header_logs/LOG_J1628-41.20030614thru20030726.csv,IR_CD_header_logs/,J1628-41,CD,YALE-03A-0001,,J1628-41,True,IR
ir030627.0303.fits,J1628-41,16:28:47.32,-41:52:39.3,2003-06-28,06:59:42,2452818.79146,30.05,1.59,V,J,1762.0,2107.0,2430.0,IR_CD_header_logs/LOG_J1628-41.20030614thru20030726.csv,IR_CD_header_logs/,J1628-41,CD,YALE-03A-0001,,J1628-41,True,IR
ir030627.0074.fits,J1628-41,16:28:47.35,-41:52:38.7,2003-06-28,00:32:53,2452818.52284,30.05,1.15,V,J,1762.0,2107.0,2430.0,IR_CD_header_logs/LOG_J1628-41.20030614thru20030726.csv,IR_CD_header_logs/,J1628-41,CD,YALE-03A-0001,,J1628-41,True,IR
ir030627.0075.fits,J1628-41,16:28:47.34,-41:52:38.8,2003-06-28,00:33:44,2452818.52344,30.05,1.15,V,J,1732.0,2107.0,2460.0,IR_CD_header_logs/LOG_J1628-41.20030614thru20030726.csv,IR_CD_header_logs/,J1628-41,CD,YALE-03A-0001,,J1628-41,True,IR
ir030627.0077.fits,J1628-41,16:28:47.37,-41:52:38.9,2003-06-28,00:35:29,2452818.52464,30.05,1.15,V,J,1702.0,2167.0,2430.0,IR_CD_header_logs/LOG_J1628-41.20030614thru20030726.csv,IR_CD_header_logs/,J1628-41,CD,YALE-03A-0001,,J1628-41,True,IR
ir030627.0076.fits,J1628-41,16:28:47.36,-41:52:38.9,2003-06-28,00:34:37,2452818.52404,30.05,1.15,V,J,1762.0,2137.0,2400.0,IR_CD_header_logs/LOG_J1628-41.20030614thru20030726.csv,IR_CD_header_logs/,J1628-41,CD,YALE-03A-0001,,J1628-41,True,IR
ir030627.0300.fits,J1628-41,16:28:47.25,-41:52:38.5,2003-06-28,06:57:04,2452818.78964,30.05,1.57,V,J,1732.0,2137.0,2430.0,IR_CD_header_logs/LOG_J1628-41.20030614thru20030726.csv,IR_CD_header_logs/,J1628-41,CD,YALE-03A-0001,,J1628-41,True,IR
ir030627.0307.fits,J1628-41,16:28:47.33,-41:52:40.6,2003-06-28,07:03:12,2452818.7939,30.05,1.61,V,J,1732.0,2137.0,2430.0,IR_CD_header_logs/LOG_J1628-41.20030614thru20030726.csv,IR_CD_header_logs/,J1628-41,CD,YALE-03A-0001,,J1628-41,True,IR
ir030627.0302.fits,J1628-41,16:28:47.31,-41:52:39.2,2003-06-28,06:58:49,2452818.79085,30.05,1.59,V,J,1702.0,2137.0,2460.0,IR_CD_header_logs/LOG_J1628-41.20030614thru20030726.csv,IR_CD_header_logs/,J1628-41,CD,YALE-03A-0001,,J1628-41,True,IR
ir030627.0304.fits,J1628-41,16:28:47.29,-41:52:39.6,2003-06-28,07:00:34,2452818.79207,30.04,1.6,V,J,1732.0,2107.0,2460.0,IR_CD_header_logs/LOG_J1628-41.20030614thru20030726.csv,IR_CD_header_logs/,J1628-41,CD,YALE-03A-0001,,J1628-41,True,IR
ir030626.0038.fits,J1628-41,16:28:45.88,-41:52:38.5,2003-06-27,00:24:31,2452817.51703,30.05,1.18,V,J,1732.0,2107.0,2460.0,IR_CD_header_logs/LOG_J1628-41.20030614thru20030726.csv,IR_CD_header_logs/,J1628-41,CD,YALE-03A-0001,,J1628-41,True,IR
ir030627.0305.fits,J1628-41,16:28:47.34,-41:52:40.0,2003-06-28,07:01:27,2452818.79268,30.04,1.6,V,J,1762.0,2137.0,2400.0,IR_CD_header_logs/LOG_J1628-41.20030614thru20030726.csv,IR_CD_header_logs/,J1628-41,CD,YALE-03A-0001,,J1628-41,True,IR
ir030627.0306.fits,J1628-41,16:28:47.31,-41:52:40.5,2003-06-28,07:02:20,2452818.79329,30.04,1.61,V,J,1702.0,2167.0,2430.0,IR_CD_header_logs/LOG_J1628-41.20030614thru20030726.csv,IR_CD_header_logs/,J1628-41,CD,YALE-03A-0001,,J1628-41,True,IR
ir030627.0301.fits,J1628-41,16:28:47.30,-41:52:38.8,2003-06-28,06:57:56,2452818.79024,30.04,1.58,V,J,1732.0,2167.0,2400.0,IR_CD_header_logs/LOG_J1628-41.20030614thru20030726.csv,IR_CD_header_logs/,J1628-41,CD,YALE-03A-0001,,J1628-41,True,IR
ir030626.0037.fits,J1628-41,16:28:45.90,-41:52:38.4,2003-06-27,00:23:39,2452817.51643,30.04,1.18,V,J,1762.0,2107.0,2430.0,IR_CD_header_logs/LOG_J1628-41.20030614thru20030726.csv,IR_CD_header_logs/,J1628-41,CD,YALE-03A-0001,,J1628-41,True,IR
ir030626.0035.fits,J1628-41,16:28:45.89,-41:52:38.5,2003-06-27,00:21:55,2452817.51522,30.05,1.19,V,J,1732.0,2167.0,2400.0,IR_CD_header_logs/LOG_J1628-41.20030614thru20030726.csv,IR_CD_header_logs/,J1628-41,CD,YALE-03A-0001,,J1628-41,True,IR
ir030626.0036.fits,J1628-41,16:28:45.91,-41:52:38.4,2003-06-27,00:22:47,2452817.51583,30.05,1.18,V,J,1702.0,2137.0,2460.0,IR_CD_header_logs/LOG_J1628-41.20030614thru20030726.csv,IR_CD_header_logs/,J1628-41,CD,YALE-03A-0001,,J1628-41,True,IR
ir030626.0034.fits,J1628-41,16:28:45.90,-41:52:38.8,2003-06-27,00:21:03,2452817.51462,30.05,1.19,V,J,1732.0,2137.0,2430.0,IR_CD_header_logs/LOG_J1628-41.20030614thru20030726.csv,IR_CD_header_logs/,J1628-41,CD,YALE-03A-0001,,J1628-41,True,IR
ir030708.0134.fits.gz,J1628-41,16:28:47.30,-41:52:37.3,2003-07-09,03:20:24,2452829.63917,30.05,1.06,V,J,1732.0,2167.0,2400.0,IR_CD_header_logs/LOG_J1628-41.20030614thru20030726.csv,IR_CD_header_logs/,J1628-41,CD,YALE-03A-0001,,J1628-41,True,IR
ir030708.0136.fits.gz,J1628-41,16:28:47.31,-41:52:37.2,2003-07-09,03:22:09,2452829.64039,30.04,1.06,V,J,1762.0,2107.0,2430.0,IR_CD_header_logs/LOG_J1628-41.20030614thru20030726.csv,IR_CD_header_logs/,J1628-41,CD,YALE-03A-0001,,J1628-41,True,IR
ir030715.0114.fits.gz,J1628-41,16:28:47.59,-41:52:37.2,2003-07-16,01:11:18,2452836.54952,30.04,1.03,V,J,1732.0,2137.0,2430.0,IR_CD_header_logs/LOG_J1628-41.20030614thru20030726.csv,IR_CD_header_logs/,J1628-41,CD,YALE-03A-0001,,J1628-41,True,IR
ir030713.0018.fits.gz,J1628-41,16:28:46.64,-41:52:34.9,2003-07-13,23:10:26,2452834.46558,30.04,1.2,V,J,1732.0,2137.0,2430.0,IR_CD_header_logs/LOG_J1628-41.20030614thru20030726.csv,IR_CD_header_logs/,J1628-41,CD,YALE-03A-0001,,J1628-41,True,IR
ir030712.0135.fits.gz,J1628-41,16:28:47.10,-41:52:34.7,2003-07-13,02:17:28,2452833.59547,30.04,1.03,V,J,1732.0,2107.0,2460.0,IR_CD_header_logs/LOG_J1628-41.20030614thru20030726.csv,IR_CD_header_logs/,J1628-41,CD,YALE-03A-0001,,J1628-41,True,IR
ir030712.0136.fits.gz,J1628-41,16:28:47.10,-41:52:34.9,2003-07-13,02:18:21,2452833.59608,30.05,1.03,V,J,1762.0,2137.0,2400.0,IR_CD_header_logs/LOG_J1628-41.20030614thru20030726.csv,IR_CD_header_logs/,J1628-41,CD,YALE-03A-0001,,J1628-41,True,IR
ir030712.0137.fits.gz,J1628-41,16:28:47.12,-41:52:34.4,2003-07-13,02:19:14,2452833.59669,30.04,1.03,V,J,1702.0,2167.0,2430.0,IR_CD_header_logs/LOG_J1628-41.20030614thru20030726.csv,IR_CD_header_logs/,J1628-41,CD,YALE-03A-0001,,J1628-41,True,IR
ir030712.0138.fits.gz,J1628-41,16:28:47.11,-41:52:34.5,2003-07-13,02:20:06,2452833.59729,30.04,1.03,V,J,1732.0,2137.0,2430.0,IR_CD_header_logs/LOG_J1628-41.20030614thru20030726.csv,IR_CD_header_logs/,J1628-41,CD,YALE-03A-0001,,J1628-41,True,IR
ir030712.0239.fits.gz,J1628-41,16:28:46.86,-41:52:37.0,2003-07-13,04:56:59,2452833.70624,30.04,1.29,V,J,1732.0,2137.0,2430.0,IR_CD_header_logs/LOG_J1628-41.20030614thru20030726.csv,IR_CD_header_logs/,J1628-41,CD,YALE-03A-0001,,J1628-41,True,IR
ir030712.0241.fits.gz,J1628-41,16:28:46.89,-41:52:36.6,2003-07-13,04:58:44,2452833.70746,30.05,1.3,V,J,1702.0,2137.0,2460.0,IR_CD_header_logs/LOG_J1628-41.20030614thru20030726.csv,IR_CD_header_logs/,J1628-41,CD,YALE-03A-0001,,J1628-41,True,IR
ir030712.0240.fits.gz,J1628-41,16:28:46.89,-41:52:36.9,2003-07-13,04:57:51,2452833.70684,30.05,1.29,V,J,1732.0,2167.0,2400.0,IR_CD_header_logs/LOG_J1628-41.20030614thru20030726.csv,IR_CD_header_logs/,J1628-41,CD,YALE-03A-0001,,J1628-41,True,IR
ir030712.0243.fits.gz,J1628-41,16:28:46.90,-41:52:36.6,2003-07-13,05:00:29,2452833.70867,30.05,1.3,V,J,1732.0,2107.0,2460.0,IR_CD_header_logs/LOG_J1628-41.20030614thru20030726.csv,IR_CD_header_logs/,J1628-41,CD,YALE-03A-0001,,J1628-41,True,IR
ir030713.0013.fits.gz,J1628-41,16:28:46.57,-41:52:36.0,2003-07-13,23:06:03,2452834.46254,30.04,1.21,V,J,1702.0,2137.0,2460.0,IR_CD_header_logs/LOG_J1628-41.20030614thru20030726.csv,IR_CD_header_logs/,J1628-41,CD,YALE-03A-0001,,J1628-41,True,IR
ir030712.0244.fits.gz,J1628-41,16:28:46.88,-41:52:36.8,2003-07-13,05:01:22,2452833.70928,30.04,1.31,V,J,1762.0,2137.0,2400.0,IR_CD_header_logs/LOG_J1628-41.20030614thru20030726.csv,IR_CD_header_logs/,J1628-41,CD,YALE-03A-0001,,J1628-41,True,IR
ir030713.0017.fits.gz,J1628-41,16:28:46.66,-41:52:34.9,2003-07-13,23:09:34,2452834.46498,30.04,1.2,V,J,1702.0,2167.0,2430.0,IR_CD_header_logs/LOG_J1628-41.20030614thru20030726.csv,IR_CD_header_logs/,J1628-41,CD,YALE-03A-0001,,J1628-41,True,IR
ir030713.0015.fits.gz,J1628-41,16:28:46.63,-41:52:35.5,2003-07-13,23:07:48,2452834.46375,30.04,1.2,V,J,1732.0,2107.0,2460.0,IR_CD_header_logs/LOG_J1628-41.20030614thru20030726.csv,IR_CD_header_logs/,J1628-41,CD,YALE-03A-0001,,J1628-41,True,IR
ir030713.0014.fits.gz,J1628-41,16:28:46.61,-41:52:35.8,2003-07-13,23:06:56,2452834.46315,30.04,1.21,V,J,1762.0,2107.0,2430.0,IR_CD_header_logs/LOG_J1628-41.20030614thru20030726.csv,IR_CD_header_logs/,J1628-41,CD,YALE-03A-0001,,J1628-41,True,IR
ir030713.0016.fits.gz,J1628-41,16:28:46.66,-41:52:35.1,2003-07-13,23:08:41,2452834.46437,30.05,1.2,V,J,1762.0,2137.0,2400.0,IR_CD_header_logs/LOG_J1628-41.20030614thru20030726.csv,IR_CD_header_logs/,J1628-41,CD,YALE-03A-0001,,J1628-41,True,IR
ir030713.0012.fits.gz,J1628-41,16:28:46.56,-41:52:36.4,2003-07-13,23:05:10,2452834.46192,30.04,1.21,V,J,1732.0,2167.0,2400.0,IR_CD_header_logs/LOG_J1628-41.20030614thru20030726.csv,IR_CD_header_logs/,J1628-41,CD,YALE-03A-0001,,J1628-41,True,IR
ir030713.0011.fits.gz,J1628-41,16:28:46.56,-41:52:37.2,2003-07-13,23:04:18,2452834.46132,30.04,1.21,V,J,1732.0,2137.0,2430.0,IR_CD_header_logs/LOG_J1628-41.20030614thru20030726.csv,IR_CD_header_logs/,J1628-41,CD,YALE-03A-0001,,J1628-41,True,IR
ir030712.0246.fits.gz,J1628-41,16:28:46.86,-41:52:36.8,2003-07-13,05:03:07,2452833.7105,30.04,1.31,V,J,1732.0,2137.0,2430.0,IR_CD_header_logs/LOG_J1628-41.20030614thru20030726.csv,IR_CD_header_logs/,J1628-41,CD,YALE-03A-0001,,J1628-41,True,IR
ir030712.0134.fits.gz,J1628-41,16:28:47.07,-41:52:35.3,2003-07-13,02:16:36,2452833.59487,30.04,1.03,V,J,1762.0,2107.0,2430.0,IR_CD_header_logs/LOG_J1628-41.20030614thru20030726.csv,IR_CD_header_logs/,J1628-41,CD,YALE-03A-0001,,J1628-41,True,IR
ir030712.0133.fits.gz,J1628-41,16:28:47.06,-41:52:35.2,2003-07-13,02:15:43,2452833.59426,30.04,1.03,V,J,1702.0,2137.0,2460.0,IR_CD_header_logs/LOG_J1628-41.20030614thru20030726.csv,IR_CD_header_logs/,J1628-41,CD,YALE-03A-0001,,J1628-41,True,IR
ir030712.0132.fits.gz,J1628-41,16:28:47.06,-41:52:35.4,2003-07-13,02:14:51,2452833.59365,30.04,1.03,V,J,1732.0,2167.0,2400.0,IR_CD_header_logs/LOG_J1628-41.20030614thru20030726.csv,IR_CD_header_logs/,J1628-41,CD,YALE-03A-0001,,J1628-41,True,IR
ir030714.0014.fits.gz,J1628-41,16:28:47.05,-41:52:34.4,2003-07-14,23:10:06,2452835.46535,30.04,1.19,V,J,1762.0,2107.0,2430.0,IR_CD_header_logs/LOG_J1628-41.20030614thru20030726.csv,IR_CD_header_logs/,J1628-41,CD,YALE-03A-0001,,J1628-41,True,IR
ir030715.0115.fits.gz,J1628-41,16:28:47.59,-41:52:36.5,2003-07-16,01:12:10,2452836.55012,30.04,1.03,V,J,1732.0,2167.0,2400.0,IR_CD_header_logs/LOG_J1628-41.20030614thru20030726.csv,IR_CD_header_logs/,J1628-41,CD,YALE-03A-0001,,J1628-41,True,IR
ir030715.0116.fits.gz,J1628-41,16:28:47.57,-41:52:36.2,2003-07-16,01:13:03,2452836.55073,30.04,1.03,V,J,1702.0,2137.0,2460.0,IR_CD_header_logs/LOG_J1628-41.20030614thru20030726.csv,IR_CD_header_logs/,J1628-41,CD,YALE-03A-0001,,J1628-41,True,IR
ir030715.0119.fits.gz,J1628-41,16:28:47.53,-41:52:35.8,2003-07-16,01:15:41,2452836.55256,30.05,1.03,V,J,1762.0,2137.0,2400.0,IR_CD_header_logs/LOG_J1628-41.20030614thru20030726.csv,IR_CD_header_logs/,J1628-41,CD,YALE-03A-0001,,J1628-41,True,IR
ir030715.0118.fits.gz,J1628-41,16:28:47.57,-41:52:35.8,2003-07-16,01:14:48,2452836.55195,30.05,1.03,V,J,1732.0,2107.0,2460.0,IR_CD_header_logs/LOG_J1628-41.20030614thru20030726.csv,IR_CD_header_logs/,J1628-41,CD,YALE-03A-0001,,J1628-41,True,IR
ir030715.0120.fits.gz,J1628-41,16:28:47.55,-41:52:35.6,2003-07-16,01:16:33,2452836.55317,30.04,1.02,V,J,1702.0,2167.0,2430.0,IR_CD_header_logs/LOG_J1628-41.20030614thru20030726.csv,IR_CD_header_logs/,J1628-41,CD,YALE-03A-0001,,J1628-41,True,IR
ir030715.0121.fits.gz,J1628-41,16:28:47.51,-41:52:35.4,2003-07-16,01:17:26,2452836.55378,30.04,1.02,V,J,1732.0,2137.0,2430.0,IR_CD_header_logs/LOG_J1628-41.20030614thru20030726.csv,IR_CD_header_logs/,J1628-41,CD,YALE-03A-0001,,J1628-41,True,IR
ir030716.0034.fits.gz,J1628-41,16:28:48.10,-41:52:51.1,2003-07-16,23:59:30,2452837.49966,30.05,1.08,V,J,1732.0,2137.0,2430.0,IR_CD_header_logs/LOG_J1628-41.20030614thru20030726.csv,IR_CD_header_logs/,J1628-41,CD,YALE-03A-0001,,J1628-41,True,IR
ir030714.0011.fits.gz,J1628-41,16:28:47.11,-41:52:35.0,2003-07-14,23:07:28,2452835.46352,30.05,1.2,V,J,1732.0,2137.0,2430.0,IR_CD_header_logs/LOG_J1628-41.20030614thru20030726.csv,IR_CD_header_logs/,J1628-41,CD,YALE-03A-0001,,J1628-41,True,IR
ir030712.0131.fits.gz,J1628-41,16:28:47.03,-41:52:35.7,2003-07-13,02:13:59,2452833.59304,30.04,1.03,V,J,1732.0,2137.0,2430.0,IR_CD_header_logs/LOG_J1628-41.20030614thru20030726.csv,IR_CD_header_logs/,J1628-41,CD,YALE-03A-0001,,J1628-41,True,IR
ir030714.0012.fits.gz,J1628-41,16:28:47.09,-41:52:34.5,2003-07-14,23:08:20,2452835.46413,30.04,1.19,V,J,1732.0,2167.0,2400.0,IR_CD_header_logs/LOG_J1628-41.20030614thru20030726.csv,IR_CD_header_logs/,J1628-41,CD,YALE-03A-0001,,J1628-41,True,IR
ir030714.0013.fits.gz,J1628-41,16:28:47.05,-41:52:34.6,2003-07-14,23:09:13,2452835.46474,30.05,1.19,V,J,1702.0,2137.0,2460.0,IR_CD_header_logs/LOG_J1628-41.20030614thru20030726.csv,IR_CD_header_logs/,J1628-41,CD,YALE-03A-0001,,J1628-41,True,IR
ir030714.0017.fits.gz,J1628-41,16:28:47.02,-41:52:34.7,2003-07-14,23:12:43,2452835.46716,30.04,1.18,V,J,1702.0,2167.0,2430.0,IR_CD_header_logs/LOG_J1628-41.20030614thru20030726.csv,IR_CD_header_logs/,J1628-41,CD,YALE-03A-0001,,J1628-41,True,IR
ir030714.0015.fits.gz,J1628-41,16:28:47.02,-41:52:34.2,2003-07-14,23:10:58,2452835.46595,30.04,1.19,V,J,1732.0,2107.0,2460.0,IR_CD_header_logs/LOG_J1628-41.20030614thru20030726.csv,IR_CD_header_logs/,J1628-41,CD,YALE-03A-0001,,J1628-41,True,IR
ir030714.0016.fits.gz,J1628-41,16:28:47.02,-41:52:34.4,2003-07-14,23:11:51,2452835.46656,30.04,1.18,V,J,1762.0,2137.0,2400.0,IR_CD_header_logs/LOG_J1628-41.20030614thru20030726.csv,IR_CD_header_logs/,J1628-41,CD,YALE-03A-0001,,J1628-41,True,IR
ir030714.0018.fits.gz,J1628-41,16:28:47.02,-41:52:34.6,2003-07-14,23:13:35,2452835.46777,30.04,1.18,V,J,1732.0,2137.0,2430.0,IR_CD_header_logs/LOG_J1628-41.20030614thru20030726.csv,IR_CD_header_logs/,J1628-41,CD,YALE-03A-0001,,J1628-41,True,IR
ir030712.0242.fits.gz,J1628-41,16:28:46.88,-41:52:36.7,2003-07-13,04:59:37,2452833.70807,30.04,1.3,V,J,1762.0,2107.0,2430.0,IR_CD_header_logs/LOG_J1628-41.20030614thru20030726.csv,IR_CD_header_logs/,J1628-41,CD,YALE-03A-0001,,J1628-41,True,IR
ir030712.0245.fits.gz,J1628-41,16:28:46.88,-41:52:36.4,2003-07-13,05:02:15,2452833.7099,30.04,1.31,V,J,1702.0,2167.0,2430.0,IR_CD_header_logs/LOG_J1628-41.20030614thru20030726.csv,IR_CD_header_logs/,J1628-41,CD,YALE-03A-0001,,J1628-41,True,IR
ir030711.0129.fits.gz,J1628-41,16:28:47.51,-41:52:23.6,2003-07-12,02:48:18,2452832.61688,30.05,1.04,V,J,1732.0,2137.0,2430.0,IR_CD_header_logs/LOG_J1628-41.20030614thru20030726.csv,IR_CD_header_logs/,J1628-41,CD,YALE-03A-0001,,J1628-41,True,IR
ir030709.0201.fits.gz,J1628-41,16:28:47.41,-41:52:37.6,2003-07-10,03:25:46,2452830.6429,30.05,1.07,V,J,1732.0,2137.0,2430.0,IR_CD_header_logs/LOG_J1628-41.20030614thru20030726.csv,IR_CD_header_logs/,J1628-41,CD,YALE-03A-0001,,J1628-41,True,IR
ir030711.0122.fits.gz,J1628-41,16:28:47.39,-41:52:25.7,2003-07-12,02:42:11,2452832.61263,30.04,1.04,V,J,1732.0,2137.0,2430.0,IR_CD_header_logs/LOG_J1628-41.20030614thru20030726.csv,IR_CD_header_logs/,J1628-41,CD,YALE-03A-0001,,J1628-41,True,IR
ir030710.0103.fits.gz,J1628-41,16:28:47.38,-41:52:37.6,2003-07-11,00:59:03,2452831.54101,30.04,1.04,V,J,1702.0,2167.0,2430.0,IR_CD_header_logs/LOG_J1628-41.20030614thru20030726.csv,IR_CD_header_logs/,J1628-41,CD,YALE-03A-0001,,J1628-41,True,IR
ir030710.0104.fits.gz,J1628-41,16:28:47.39,-41:52:37.7,2003-07-11,00:59:54,2452831.54161,30.04,1.04,V,J,1732.0,2137.0,2430.0,IR_CD_header_logs/LOG_J1628-41.20030614thru20030726.csv,IR_CD_header_logs/,J1628-41,CD,YALE-03A-0001,,J1628-41,True,IR
ir030710.0197.fits.gz,J1628-41,16:28:47.51,-41:52:24.9,2003-07-11,03:09:22,2452831.63151,30.05,1.06,V,J,1732.0,2137.0,2430.0,IR_CD_header_logs/LOG_J1628-41.20030614thru20030726.csv,IR_CD_header_logs/,J1628-41,CD,YALE-03A-0001,,J1628-41,True,IR
ir030710.0199.fits.gz,J1628-41,16:28:47.51,-41:52:24.1,2003-07-11,03:11:07,2452831.63273,30.05,1.06,V,J,1702.0,2137.0,2460.0,IR_CD_header_logs/LOG_J1628-41.20030614thru20030726.csv,IR_CD_header_logs/,J1628-41,CD,YALE-03A-0001,,J1628-41,True,IR
ir030710.0200.fits.gz,J1628-41,16:28:47.51,-41:52:24.0,2003-07-11,03:12:00,2452831.63334,30.04,1.06,V,J,1762.0,2107.0,2430.0,IR_CD_header_logs/LOG_J1628-41.20030614thru20030726.csv,IR_CD_header_logs/,J1628-41,CD,YALE-03A-0001,,J1628-41,True,IR
ir030710.0201.fits.gz,J1628-41,16:28:47.49,-41:52:23.6,2003-07-11,03:12:52,2452831.63394,30.05,1.06,V,J,1732.0,2107.0,2460.0,IR_CD_header_logs/LOG_J1628-41.20030614thru20030726.csv,IR_CD_header_logs/,J1628-41,CD,YALE-03A-0001,,J1628-41,True,IR
ir030710.0202.fits.gz,J1628-41,16:28:47.47,-41:52:23.4,2003-07-11,03:13:44,2452831.63454,30.05,1.06,V,J,1762.0,2137.0,2400.0,IR_CD_header_logs/LOG_J1628-41.20030614thru20030726.csv,IR_CD_header_logs/,J1628-41,CD,YALE-03A-0001,,J1628-41,True,IR
ir030710.0203.fits.gz,J1628-41,16:28:47.50,-41:52:23.2,2003-07-11,03:14:37,2452831.63516,30.04,1.06,V,J,1702.0,2167.0,2430.0,IR_CD_header_logs/LOG_J1628-41.20030614thru20030726.csv,IR_CD_header_logs/,J1628-41,CD,YALE-03A-0001,,J1628-41,True,IR
ir030710.0204.fits.gz,J1628-41,16:28:47.47,-41:52:22.8,2003-07-11,03:15:29,2452831.63576,30.04,1.06,V,J,1732.0,2137.0,2430.0,IR_CD_header_logs/LOG_J1628-41.20030614thru20030726.csv,IR_CD_header_logs/,J1628-41,CD,YALE-03A-0001,,J1628-41,True,IR
ir030710.0198.fits.gz,J1628-41,16:28:47.51,-41:52:24.7,2003-07-11,03:10:14,2452831.63211,30.04,1.06,V,J,1732.0,2167.0,2400.0,IR_CD_header_logs/LOG_J1628-41.20030614thru20030726.csv,IR_CD_header_logs/,J1628-41,CD,YALE-03A-0001,,J1628-41,True,IR
ir030709.0197.fits.gz,J1628-41,16:28:47.35,-41:52:37.5,2003-07-10,03:22:16,2452830.64047,30.04,1.06,V,J,1762.0,2107.0,2430.0,IR_CD_header_logs/LOG_J1628-41.20030614thru20030726.csv,IR_CD_header_logs/,J1628-41,CD,YALE-03A-0001,,J1628-41,True,IR
ir030709.0194.fits.gz,J1628-41,16:28:47.29,-41:52:38.2,2003-07-10,03:19:39,2452830.63865,30.04,1.06,V,J,1732.0,2137.0,2430.0,IR_CD_header_logs/LOG_J1628-41.20030614thru20030726.csv,IR_CD_header_logs/,J1628-41,CD,YALE-03A-0001,,J1628-41,True,IR
ir030709.0195.fits.gz,J1628-41,16:28:47.34,-41:52:37.9,2003-07-10,03:20:31,2452830.63925,30.05,1.06,V,J,1732.0,2167.0,2400.0,IR_CD_header_logs/LOG_J1628-41.20030614thru20030726.csv,IR_CD_header_logs/,J1628-41,CD,YALE-03A-0001,,J1628-41,True,IR
ir030709.0196.fits.gz,J1628-41,16:28:47.35,-41:52:37.8,2003-07-10,03:21:23,2452830.63986,30.04,1.06,V,J,1702.0,2137.0,2460.0,IR_CD_header_logs/LOG_J1628-41.20030614thru20030726.csv,IR_CD_header_logs/,J1628-41,CD,YALE-03A-0001,,J1628-41,True,IR
ir030709.0199.fits.gz,J1628-41,16:28:47.37,-41:52:37.4,2003-07-10,03:24:01,2452830.64168,30.04,1.07,V,J,1762.0,2137.0,2400.0,IR_CD_header_logs/LOG_J1628-41.20030614thru20030726.csv,IR_CD_header_logs/,J1628-41,CD,YALE-03A-0001,,J1628-41,True,IR
ir030709.0198.fits.gz,J1628-41,16:28:47.36,-41:52:37.6,2003-07-10,03:23:08,2452830.64107,30.05,1.07,V,J,1732.0,2107.0,2460.0,IR_CD_header_logs/LOG_J1628-41.20030614thru20030726.csv,IR_CD_header_logs/,J1628-41,CD,YALE-03A-0001,,J1628-41,True,IR
ir030709.0200.fits.gz,J1628-41,16:28:47.39,-41:52:37.4,2003-07-10,03:24:54,2452830.6423,30.05,1.07,V,J,1702.0,2167.0,2430.0,IR_CD_header_logs/LOG_J1628-41.20030614thru20030726.csv,IR_CD_header_logs/,J1628-41,CD,YALE-03A-0001,,J1628-41,True,IR
ir030710.0102.fits.gz,J1628-41,16:28:47.36,-41:52:37.9,2003-07-11,00:58:10,2452831.5404,30.05,1.05,V,J,1762.0,2137.0,2400.0,IR_CD_header_logs/LOG_J1628-41.20030614thru20030726.csv,IR_CD_header_logs/,J1628-41,CD,YALE-03A-0001,,J1628-41,True,IR
ir030710.0101.fits.gz,J1628-41,16:28:47.36,-41:52:38.1,2003-07-11,00:57:17,2452831.53979,30.04,1.05,V,J,1732.0,2107.0,2460.0,IR_CD_header_logs/LOG_J1628-41.20030614thru20030726.csv,IR_CD_header_logs/,J1628-41,CD,YALE-03A-0001,,J1628-41,True,IR
ir030710.0100.fits.gz,J1628-41,16:28:47.35,-41:52:38.0,2003-07-11,00:56:25,2452831.53919,30.04,1.05,V,J,1762.0,2107.0,2430.0,IR_CD_header_logs/LOG_J1628-41.20030614thru20030726.csv,IR_CD_header_logs/,J1628-41,CD,YALE-03A-0001,,J1628-41,True,IR
ir030711.0166.fits.gz,J1628-41,16:28:47.62,-41:52:42.9,2003-07-12,03:54:54,2452832.66313,30.05,1.12,V,J,1732.0,2137.0,2430.0,IR_CD_header_logs/LOG_J1628-41.20030614thru20030726.csv,IR_CD_header_logs/,J1628-41,CD,YALE-03A-0001,,J1628-41,True,IR
ir030711.0123.fits.gz,J1628-41,16:28:47.41,-41:52:25.1,2003-07-12,02:43:03,2452832.61323,30.05,1.04,V,J,1732.0,2167.0,2400.0,IR_CD_header_logs/LOG_J1628-41.20030614thru20030726.csv,IR_CD_header_logs/,J1628-41,CD,YALE-03A-0001,,J1628-41,True,IR
ir030711.0124.fits.gz,J1628-41,16:28:47.44,-41:52:25.0,2003-07-12,02:43:56,2452832.61384,30.04,1.04,V,J,1702.0,2137.0,2460.0,IR_CD_header_logs/LOG_J1628-41.20030614thru20030726.csv,IR_CD_header_logs/,J1628-41,CD,YALE-03A-0001,,J1628-41,True,IR
ir030711.0125.fits.gz,J1628-41,16:28:47.43,-41:52:24.6,2003-07-12,02:44:48,2452832.61445,30.05,1.04,V,J,1762.0,2107.0,2430.0,IR_CD_header_logs/LOG_J1628-41.20030614thru20030726.csv,IR_CD_header_logs/,J1628-41,CD,YALE-03A-0001,,J1628-41,True,IR
ir030711.0126.fits.gz,J1628-41,16:28:47.44,-41:52:24.3,2003-07-12,02:45:40,2452832.61506,30.04,1.04,V,J,1732.0,2107.0,2460.0,IR_CD_header_logs/LOG_J1628-41.20030614thru20030726.csv,IR_CD_header_logs/,J1628-41,CD,YALE-03A-0001,,J1628-41,True,IR
ir030711.0127.fits.gz,J1628-41,16:28:47.47,-41:52:24.2,2003-07-12,02:46:33,2452832.61567,30.05,1.04,V,J,1762.0,2137.0,2400.0,IR_CD_header_logs/LOG_J1628-41.20030614thru20030726.csv,IR_CD_header_logs/,J1628-41,CD,YALE-03A-0001,,J1628-41,True,IR
ir030711.0128.fits.gz,J1628-41,16:28:47.50,-41:52:23.8,2003-07-12,02:47:26,2452832.61628,30.04,1.04,V,J,1702.0,2167.0,2430.0,IR_CD_header_logs/LOG_J1628-41.20030614thru20030726.csv,IR_CD_header_logs/,J1628-41,CD,YALE-03A-0001,,J1628-41,True,IR
ir030711.0168.fits.gz,J1628-41,16:28:47.61,-41:52:42.8,2003-07-12,03:56:39,2452832.66435,30.04,1.13,V,J,1702.0,2137.0,2460.0,IR_CD_header_logs/LOG_J1628-41.20030614thru20030726.csv,IR_CD_header_logs/,J1628-41,CD,YALE-03A-0001,,J1628-41,True,IR
ir030711.0167.fits.gz,J1628-41,16:28:47.59,-41:52:42.6,2003-07-12,03:55:46,2452832.66374,30.05,1.12,V,J,1732.0,2167.0,2400.0,IR_CD_header_logs/LOG_J1628-41.20030614thru20030726.csv,IR_CD_header_logs/,J1628-41,CD,YALE-03A-0001,,J1628-41,True,IR
ir030710.0099.fits.gz,J1628-41,16:28:47.30,-41:52:38.2,2003-07-11,00:55:32,2452831.53857,30.05,1.05,V,J,1702.0,2137.0,2460.0,IR_CD_header_logs/LOG_J1628-41.20030614thru20030726.csv,IR_CD_header_logs/,J1628-41,CD,YALE-03A-0001,,J1628-41,True,IR
ir030711.0169.fits.gz,J1628-41,16:28:47.62,-41:52:42.8,2003-07-12,03:57:32,2452832.66496,30.05,1.13,V,J,1762.0,2107.0,2430.0,IR_CD_header_logs/LOG_J1628-41.20030614thru20030726.csv,IR_CD_header_logs/,J1628-41,CD,YALE-03A-0001,,J1628-41,True,IR
ir030711.0170.fits.gz,J1628-41,16:28:47.65,-41:52:42.6,2003-07-12,03:58:24,2452832.66556,30.04,1.13,V,J,1732.0,2107.0,2460.0,IR_CD_header_logs/LOG_J1628-41.20030614thru20030726.csv,IR_CD_header_logs/,J1628-41,CD,YALE-03A-0001,,J1628-41,True,IR
ir030711.0171.fits.gz,J1628-41,16:28:47.68,-41:52:42.8,2003-07-12,03:59:17,2452832.66617,30.04,1.13,V,J,1762.0,2137.0,2400.0,IR_CD_header_logs/LOG_J1628-41.20030614thru20030726.csv,IR_CD_header_logs/,J1628-41,CD,YALE-03A-0001,,J1628-41,True,IR
ir030711.0172.fits.gz,J1628-41,16:28:47.67,-41:52:42.5,2003-07-12,04:00:10,2452832.66678,30.04,1.13,V,J,1702.0,2167.0,2430.0,IR_CD_header_logs/LOG_J1628-41.20030614thru20030726.csv,IR_CD_header_logs/,J1628-41,CD,YALE-03A-0001,,J1628-41,True,IR
ir030711.0173.fits.gz,J1628-41,16:28:47.69,-41:52:42.5,2003-07-12,04:01:02,2452832.66739,30.04,1.13,V,J,1732.0,2137.0,2430.0,IR_CD_header_logs/LOG_J1628-41.20030614thru20030726.csv,IR_CD_header_logs/,J1628-41,CD,YALE-03A-0001,,J1628-41,True,IR
ir030710.0097.fits.gz,J1628-41,16:28:47.27,-41:52:38.6,2003-07-11,00:53:47,2452831.53736,30.04,1.05,V,J,1732.0,2137.0,2430.0,IR_CD_header_logs/LOG_J1628-41.20030614thru20030726.csv,IR_CD_header_logs/,J1628-41,CD,YALE-03A-0001,,J1628-41,True,IR
ir030710.0098.fits.gz,J1628-41,16:28:47.30,-41:52:38.3,2003-07-11,00:54:40,2452831.53796,30.05,1.05,V,J,1732.0,2167.0,2400.0,IR_CD_header_logs/LOG_J1628-41.20030614thru20030726.csv,IR_CD_header_logs/,J1628-41,CD,YALE-03A-0001,,J1628-41,True,IR
ir030624.0380.fits,J1628-41,16:28:47.22,-41:52:38.5,2003-06-25,06:48:44,2452815.78384,30.05,1.46,V,J,1762.0,2107.0,2430.0,IR_CD_header_logs/LOG_J1628-41.20030614thru20030726.csv,IR_CD_header_logs/,J1628-41,CD,YALE-03A-0001,,J1628-41,True,IR
ir030624.0379.fits,J1628-41,16:28:47.25,-41:52:38.7,2003-06-25,06:47:51,2452815.78323,30.05,1.46,V,J,1702.0,2137.0,2460.0,IR_CD_header_logs/LOG_J1628-41.20030614thru20030726.csv,IR_CD_header_logs/,J1628-41,CD,YALE-03A-0001,,J1628-41,True,IR
ir030624.0381.fits,J1628-41,16:28:47.23,-41:52:38.6,2003-06-25,06:49:36,2452815.78445,30.05,1.47,V,J,1732.0,2107.0,2460.0,IR_CD_header_logs/LOG_J1628-41.20030614thru20030726.csv,IR_CD_header_logs/,J1628-41,CD,YALE-03A-0001,,J1628-41,True,IR
ir030624.0382.fits,J1628-41,16:28:47.22,-41:52:38.6,2003-06-25,06:50:28,2452815.78505,30.05,1.47,V,J,1762.0,2137.0,2400.0,IR_CD_header_logs/LOG_J1628-41.20030614thru20030726.csv,IR_CD_header_logs/,J1628-41,CD,YALE-03A-0001,,J1628-41,True,IR
ir030619.0102.fits,J1628-41,16:28:47.34,-41:52:38.9,2003-06-20,01:26:46,2452810.56026,30.05,1.11,V,J,1732.0,2107.0,2460.0,IR_CD_header_logs/LOG_J1628-41.20030614thru20030726.csv,IR_CD_header_logs/,J1628-41,CD,YALE-03A-0001,,J1628-41,True,IR
ir030622.0020.fits,J1628-41,16:28:47.25,-42:01:23.5,2003-06-22,23:32:25,2452813.48085,30.05,1.41,V,J,1732.0,2137.0,2430.0,IR_CD_header_logs/LOG_J1628-41.20030614thru20030726.csv,IR_CD_header_logs/,J1628-41,CD,YALE-03A-0001,,J1628-41,True,IR
ir030622.0021.fits,J1628-41,16:28:47.25,-41:52:39.0,2003-06-22,23:33:17,2452813.48145,30.05,1.4,V,J,1732.0,2167.0,2400.0,IR_CD_header_logs/LOG_J1628-41.20030614thru20030726.csv,IR_CD_header_logs/,J1628-41,CD,YALE-03A-0001,,J1628-41,True,IR
ir030622.0022.fits,J1628-41,16:28:47.29,-41:52:38.6,2003-06-22,23:34:10,2452813.48207,30.04,1.4,V,J,1702.0,2137.0,2460.0,IR_CD_header_logs/LOG_J1628-41.20030614thru20030726.csv,IR_CD_header_logs/,J1628-41,CD,YALE-03A-0001,,J1628-41,True,IR
ir030622.0023.fits,J1628-41,16:28:47.27,-41:52:38.5,2003-06-22,23:35:03,2452813.48267,30.04,1.39,V,J,1762.0,2107.0,2430.0,IR_CD_header_logs/LOG_J1628-41.20030614thru20030726.csv,IR_CD_header_logs/,J1628-41,CD,YALE-03A-0001,,J1628-41,True,IR
ir030622.0024.fits,J1628-41,16:28:47.34,-41:52:38.6,2003-06-22,23:35:55,2452813.48328,30.05,1.39,V,J,1732.0,2107.0,2460.0,IR_CD_header_logs/LOG_J1628-41.20030614thru20030726.csv,IR_CD_header_logs/,J1628-41,CD,YALE-03A-0001,,J1628-41,True,IR
ir030622.0025.fits,J1628-41,16:28:47.33,-41:52:38.7,2003-06-22,23:36:47,2452813.48388,30.05,1.39,V,J,1762.0,2137.0,2400.0,IR_CD_header_logs/LOG_J1628-41.20030614thru20030726.csv,IR_CD_header_logs/,J1628-41,CD,YALE-03A-0001,,J1628-41,True,IR
ir030622.0027.fits,J1628-41,16:28:47.34,-41:52:38.3,2003-06-22,23:38:32,2452813.4851,30.05,1.38,V,J,1732.0,2137.0,2430.0,IR_CD_header_logs/LOG_J1628-41.20030614thru20030726.csv,IR_CD_header_logs/,J1628-41,CD,YALE-03A-0001,,J1628-41,True,IR
ir030620.0068.fits,J1628-41,16:28:47.29,-41:52:38.7,2003-06-21,01:26:43,2452811.56023,30.04,1.1,V,J,1732.0,2137.0,2430.0,IR_CD_header_logs/LOG_J1628-41.20030614thru20030726.csv,IR_CD_header_logs/,J1628-41,CD,YALE-03A-0001,,J1628-41,True,IR
ir030620.0069.fits,J1628-41,16:28:47.33,-41:52:38.7,2003-06-21,01:27:35,2452811.56083,30.05,1.1,V,J,1732.0,2167.0,2400.0,IR_CD_header_logs/LOG_J1628-41.20030614thru20030726.csv,IR_CD_header_logs/,J1628-41,CD,YALE-03A-0001,,J1628-41,True,IR
ir030620.0070.fits,J1628-41,16:28:47.35,-41:52:39.0,2003-06-21,01:28:28,2452811.56144,30.05,1.1,V,J,1702.0,2137.0,2460.0,IR_CD_header_logs/LOG_J1628-41.20030614thru20030726.csv,IR_CD_header_logs/,J1628-41,CD,YALE-03A-0001,,J1628-41,True,IR
ir030620.0071.fits,J1628-41,16:28:47.41,-41:52:39.0,2003-06-21,01:29:21,2452811.56205,30.05,1.1,V,J,1762.0,2107.0,2430.0,IR_CD_header_logs/LOG_J1628-41.20030614thru20030726.csv,IR_CD_header_logs/,J1628-41,CD,YALE-03A-0001,,J1628-41,True,IR
ir030620.0072.fits,J1628-41,16:28:47.45,-41:52:38.8,2003-06-21,01:30:13,2452811.56265,30.04,1.1,V,J,1732.0,2107.0,2460.0,IR_CD_header_logs/LOG_J1628-41.20030614thru20030726.csv,IR_CD_header_logs/,J1628-41,CD,YALE-03A-0001,,J1628-41,True,IR
ir030620.0074.fits,J1628-41,16:28:47.48,-41:52:39.0,2003-06-21,01:31:59,2452811.56388,30.04,1.1,V,J,1702.0,2167.0,2430.0,IR_CD_header_logs/LOG_J1628-41.20030614thru20030726.csv,IR_CD_header_logs/,J1628-41,CD,YALE-03A-0001,,J1628-41,True,IR
ir030620.0075.fits,J1628-41,16:28:47.51,-41:52:38.8,2003-06-21,01:32:51,2452811.56448,30.04,1.09,V,J,1732.0,2137.0,2430.0,IR_CD_header_logs/LOG_J1628-41.20030614thru20030726.csv,IR_CD_header_logs/,J1628-41,CD,YALE-03A-0001,,J1628-41,True,IR
ir030620.0073.fits,J1628-41,16:28:47.47,-41:52:39.0,2003-06-21,01:31:06,2452811.56327,30.05,1.1,V,J,1762.0,2137.0,2400.0,IR_CD_header_logs/LOG_J1628-41.20030614thru20030726.csv,IR_CD_header_logs/,J1628-41,CD,YALE-03A-0001,,J1628-41,True,IR
ir030619.0105.fits,J1628-41,16:28:47.44,-41:52:39.1,2003-06-20,01:29:24,2452810.56209,30.04,1.11,V,J,1732.0,2137.0,2430.0,IR_CD_header_logs/LOG_J1628-41.20030614thru20030726.csv,IR_CD_header_logs/,J1628-41,CD,YALE-03A-0001,,J1628-41,True,IR
ir030619.0104.fits,J1628-41,16:28:47.38,-41:52:38.8,2003-06-20,01:28:32,2452810.56149,30.04,1.11,V,J,1702.0,2167.0,2430.0,IR_CD_header_logs/LOG_J1628-41.20030614thru20030726.csv,IR_CD_header_logs/,J1628-41,CD,YALE-03A-0001,,J1628-41,True,IR
ir030622.0026.fits,J1628-41,16:28:47.35,-41:52:38.1,2003-06-22,23:37:40,2452813.48449,30.04,1.38,V,J,1702.0,2167.0,2430.0,IR_CD_header_logs/LOG_J1628-41.20030614thru20030726.csv,IR_CD_header_logs/,J1628-41,CD,YALE-03A-0001,,J1628-41,True,IR
ir030621.0112.fits,J1628-41,16:28:47.31,-41:52:37.3,2003-06-22,03:16:27,2452812.63643,30.04,1.02,V,J,1702.0,2167.0,2430.0,IR_CD_header_logs/LOG_J1628-41.20030614thru20030726.csv,IR_CD_header_logs/,J1628-41,CD,YALE-03A-0001,,J1628-41,True,IR
ir030621.0111.fits,J1628-41,16:28:47.29,-41:52:37.3,2003-06-22,03:15:35,2452812.63582,30.04,1.02,V,J,1762.0,2137.0,2400.0,IR_CD_header_logs/LOG_J1628-41.20030614thru20030726.csv,IR_CD_header_logs/,J1628-41,CD,YALE-03A-0001,,J1628-41,True,IR
ir030623.0044.fits,J1628-41,16:28:47.15,-41:52:39.8,2003-06-23,23:41:10,2452814.48692,30.05,1.35,V,J,1732.0,2107.0,2460.0,IR_CD_header_logs/LOG_J1628-41.20030614thru20030726.csv,IR_CD_header_logs/,J1628-41,CD,YALE-03A-0001,,J1628-41,True,IR
ir030624.0383.fits,J1628-41,16:28:47.19,-41:52:38.6,2003-06-25,06:51:21,2452815.78566,30.04,1.48,V,J,1702.0,2167.0,2430.0,IR_CD_header_logs/LOG_J1628-41.20030614thru20030726.csv,IR_CD_header_logs/,J1628-41,CD,YALE-03A-0001,,J1628-41,True,IR
ir030624.0384.fits,J1628-41,16:28:47.18,-41:52:39.1,2003-06-25,06:52:13,2452815.78626,30.05,1.48,V,J,1732.0,2137.0,2430.0,IR_CD_header_logs/LOG_J1628-41.20030614thru20030726.csv,IR_CD_header_logs/,J1628-41,CD,YALE-03A-0001,,J1628-41,True,IR
ir030624.0378.fits,J1628-41,16:28:47.24,-41:52:38.3,2003-06-25,06:46:58,2452815.78262,30.05,1.45,V,J,1732.0,2167.0,2400.0,IR_CD_header_logs/LOG_J1628-41.20030614thru20030726.csv,IR_CD_header_logs/,J1628-41,CD,YALE-03A-0001,,J1628-41,True,IR
ir030623.0042.fits,J1628-41,16:28:47.19,-41:52:39.4,2003-06-23,23:39:25,2452814.48571,30.05,1.36,V,J,1702.0,2137.0,2460.0,IR_CD_header_logs/LOG_J1628-41.20030614thru20030726.csv,IR_CD_header_logs/,J1628-41,CD,YALE-03A-0001,,J1628-41,True,IR
ir030623.0040.fits,J1628-41,16:28:47.24,-41:52:38.9,2003-06-23,23:37:40,2452814.4845,30.05,1.37,V,J,1732.0,2137.0,2430.0,IR_CD_header_logs/LOG_J1628-41.20030614thru20030726.csv,IR_CD_header_logs/,J1628-41,CD,YALE-03A-0001,,J1628-41,True,IR
ir030623.0041.fits,J1628-41,16:28:47.20,-41:52:39.2,2003-06-23,23:38:32,2452814.4851,30.04,1.36,V,J,1732.0,2167.0,2400.0,IR_CD_header_logs/LOG_J1628-41.20030614thru20030726.csv,IR_CD_header_logs/,J1628-41,CD,YALE-03A-0001,,J1628-41,True,IR
ir030623.0043.fits,J1628-41,16:28:47.19,-41:52:39.7,2003-06-23,23:40:18,2452814.48632,30.04,1.36,V,J,1762.0,2107.0,2430.0,IR_CD_header_logs/LOG_J1628-41.20030614thru20030726.csv,IR_CD_header_logs/,J1628-41,CD,YALE-03A-0001,,J1628-41,True,IR
ir030623.0045.fits,J1628-41,16:28:47.12,-41:52:39.7,2003-06-23,23:42:02,2452814.48753,30.05,1.35,V,J,1762.0,2137.0,2400.0,IR_CD_header_logs/LOG_J1628-41.20030614thru20030726.csv,IR_CD_header_logs/,J1628-41,CD,YALE-03A-0001,,J1628-41,True,IR
ir030621.0110.fits,J1628-41,16:28:47.29,-41:52:37.6,2003-06-22,03:14:43,2452812.63522,30.04,1.02,V,J,1732.0,2107.0,2460.0,IR_CD_header_logs/LOG_J1628-41.20030614thru20030726.csv,IR_CD_header_logs/,J1628-41,CD,YALE-03A-0001,,J1628-41,True,IR
ir030623.0046.fits,J1628-41,16:28:47.13,-41:52:39.8,2003-06-23,23:42:55,2452814.48814,30.04,1.35,V,J,1702.0,2167.0,2430.0,IR_CD_header_logs/LOG_J1628-41.20030614thru20030726.csv,IR_CD_header_logs/,J1628-41,CD,YALE-03A-0001,,J1628-41,True,IR
ir030623.0047.fits,J1628-41,16:28:47.09,-41:52:39.9,2003-06-23,23:43:47,2452814.48874,30.05,1.34,V,J,1732.0,2137.0,2430.0,IR_CD_header_logs/LOG_J1628-41.20030614thru20030726.csv,IR_CD_header_logs/,J1628-41,CD,YALE-03A-0001,,J1628-41,True,IR
ir030621.0113.fits,J1628-41,16:28:47.33,-41:52:37.6,2003-06-22,03:17:19,2452812.63703,30.05,1.02,V,J,1732.0,2137.0,2430.0,IR_CD_header_logs/LOG_J1628-41.20030614thru20030726.csv,IR_CD_header_logs/,J1628-41,CD,YALE-03A-0001,,J1628-41,True,IR
ir030621.0106.fits,J1628-41,16:28:47.29,-41:52:38.7,2003-06-22,03:11:13,2452812.6328,30.04,1.02,V,J,1732.0,2137.0,2430.0,IR_CD_header_logs/LOG_J1628-41.20030614thru20030726.csv,IR_CD_header_logs/,J1628-41,CD,YALE-03A-0001,,J1628-41,True,IR
ir030621.0107.fits,J1628-41,16:28:47.30,-41:52:37.9,2003-06-22,03:12:05,2452812.6334,30.05,1.02,V,J,1732.0,2167.0,2400.0,IR_CD_header_logs/LOG_J1628-41.20030614thru20030726.csv,IR_CD_header_logs/,J1628-41,CD,YALE-03A-0001,,J1628-41,True,IR
ir030621.0108.fits,J1628-41,16:28:47.31,-41:52:37.7,2003-06-22,03:12:58,2452812.63401,30.05,1.02,V,J,1702.0,2137.0,2460.0,IR_CD_header_logs/LOG_J1628-41.20030614thru20030726.csv,IR_CD_header_logs/,J1628-41,CD,YALE-03A-0001,,J1628-41,True,IR
ir030621.0109.fits,J1628-41,16:28:47.28,-41:52:37.7,2003-06-22,03:13:51,2452812.63462,30.04,1.02,V,J,1762.0,2107.0,2430.0,IR_CD_header_logs/LOG_J1628-41.20030614thru20030726.csv,IR_CD_header_logs/,J1628-41,CD,YALE-03A-0001,,J1628-41,True,IR
ir030619.0103.fits,J1628-41,16:28:47.38,-41:52:38.8,2003-06-20,01:27:39,2452810.56088,30.05,1.11,V,J,1762.0,2137.0,2400.0,IR_CD_header_logs/LOG_J1628-41.20030614thru20030726.csv,IR_CD_header_logs/,J1628-41,CD,YALE-03A-0001,,J1628-41,True,IR
ir030619.0101.fits,J1628-41,16:28:47.32,-41:52:39.0,2003-06-20,01:25:54,2452810.55966,30.04,1.11,V,J,1762.0,2107.0,2430.0,IR_CD_header_logs/LOG_J1628-41.20030614thru20030726.csv,IR_CD_header_logs/,J1628-41,CD,YALE-03A-0001,,J1628-41,True,IR
ir030619.0100.fits,J1628-41,16:28:47.28,-41:52:38.7,2003-06-20,01:25:01,2452810.55905,30.05,1.11,V,J,1702.0,2137.0,2460.0,IR_CD_header_logs/LOG_J1628-41.20030614thru20030726.csv,IR_CD_header_logs/,J1628-41,CD,YALE-03A-0001,,J1628-41,True,IR
ir030613.0101.fits,J1628-41,16:28:47.36,-41:52:39.1,2003-06-14,05:48:40,2452804.74213,30.04,1.13,V,J,1762.0,2137.0,2400.0,IR_CD_header_logs/LOG_J1628-41.20030614thru20030726.csv,IR_CD_header_logs/,J1628-41,CD,YALE-03A-0001,,J1628-41,True,IR
ir030613.0100.fits,J1628-41,16:28:47.39,-41:52:39.3,2003-06-14,05:47:47,2452804.74152,30.05,1.13,V,J,1732.0,2107.0,2460.0,IR_CD_header_logs/LOG_J1628-41.20030614thru20030726.csv,IR_CD_header_logs/,J1628-41,CD,YALE-03A-0001,,J1628-41,True,IR
ir030613.0099.fits,J1628-41,16:28:47.37,-41:52:39.2,2003-06-14,05:46:55,2452804.74092,30.04,1.13,V,J,1762.0,2107.0,2430.0,IR_CD_header_logs/LOG_J1628-41.20030614thru20030726.csv,IR_CD_header_logs/,J1628-41,CD,YALE-03A-0001,,J1628-41,True,IR
ir030613.0098.fits,J1628-41,16:28:47.35,-41:52:38.9,2003-06-14,05:46:02,2452804.74031,30.04,1.12,V,J,1702.0,2137.0,2460.0,IR_CD_header_logs/LOG_J1628-41.20030614thru20030726.csv,IR_CD_header_logs/,J1628-41,CD,YALE-03A-0001,,J1628-41,True,IR
ir030613.0097.fits,J1628-41,16:28:47.34,-41:52:38.5,2003-06-14,05:45:10,2452804.7397,30.04,1.12,V,J,1732.0,2167.0,2400.0,IR_CD_header_logs/LOG_J1628-41.20030614thru20030726.csv,IR_CD_header_logs/,J1628-41,CD,YALE-03A-0001,,J1628-41,True,IR
ir030613.0096.fits,J1628-41,16:28:47.30,-41:52:38.3,2003-06-14,05:44:18,2452804.7391,30.04,1.12,V,J,1732.0,2137.0,2430.0,IR_CD_header_logs/LOG_J1628-41.20030614thru20030726.csv,IR_CD_header_logs/,J1628-41,CD,YALE-03A-0001,,J1628-41,True,IR
ir030613.0102.fits,J1628-41,16:28:47.40,-41:52:39.4,2003-06-14,05:49:32,2452804.74274,30.04,1.13,V,J,1702.0,2167.0,2430.0,IR_CD_header_logs/LOG_J1628-41.20030614thru20030726.csv,IR_CD_header_logs/,J1628-41,CD,YALE-03A-0001,,J1628-41,True,IR
ir030613.0103.fits,J1628-41,16:28:47.39,-41:52:39.6,2003-06-14,05:50:24,2452804.74334,30.05,1.13,V,J,1732.0,2137.0,2430.0,IR_CD_header_logs/LOG_J1628-41.20030614thru20030726.csv,IR_CD_header_logs/,J1628-41,CD,YALE-03A-0001,,J1628-41,True,IR
ir030617.0088.fits,J1628-41,16:28:47.45,-41:52:37.5,2003-06-18,04:30:23,2452808.68777,30.04,1.05,V,J,1732.0,2137.0,2430.0,IR_CD_header_logs/LOG_J1628-41.20030614thru20030726.csv,IR_CD_header_logs/,J1628-41,CD,YALE-03A-0001,,J1628-41,True,IR
ir030618.0259.fits,J1628-41,16:28:47.29,-41:52:38.0,2003-06-19,04:42:11,2452809.69597,30.04,1.06,V,J,1702.0,2167.0,2430.0,IR_CD_header_logs/LOG_J1628-41.20030614thru20030726.csv,IR_CD_header_logs/,J1628-41,CD,YALE-03A-0001,,J1628-41,True,IR
ir030619.0099.fits,J1628-41,16:28:47.27,-41:52:38.6,2003-06-20,01:24:08,2452810.55843,30.04,1.12,V,J,1732.0,2167.0,2400.0,IR_CD_header_logs/LOG_J1628-41.20030614thru20030726.csv,IR_CD_header_logs/,J1628-41,CD,YALE-03A-0001,,J1628-41,True,IR
ir030619.0098.fits,J1628-41,16:28:47.27,-41:52:38.5,2003-06-20,01:23:16,2452810.55783,30.05,1.12,V,J,1732.0,2137.0,2430.0,IR_CD_header_logs/LOG_J1628-41.20030614thru20030726.csv,IR_CD_header_logs/,J1628-41,CD,YALE-03A-0001,,J1628-41,True,IR
ir030618.0256.fits,J1628-41,16:28:47.27,-41:52:38.1,2003-06-19,04:39:33,2452809.69414,30.04,1.06,V,J,1762.0,2107.0,2430.0,IR_CD_header_logs/LOG_J1628-41.20030614thru20030726.csv,IR_CD_header_logs/,J1628-41,CD,YALE-03A-0001,,J1628-41,True,IR
ir030618.0253.fits,J1628-41,16:28:47.29,-41:52:38.5,2003-06-19,04:36:55,2452809.69231,30.04,1.06,V,J,1732.0,2137.0,2430.0,IR_CD_header_logs/LOG_J1628-41.20030614thru20030726.csv,IR_CD_header_logs/,J1628-41,CD,YALE-03A-0001,,J1628-41,True,IR
ir030618.0255.fits,J1628-41,16:28:47.29,-41:52:38.3,2003-06-19,04:38:40,2452809.69353,30.04,1.06,V,J,1702.0,2137.0,2460.0,IR_CD_header_logs/LOG_J1628-41.20030614thru20030726.csv,IR_CD_header_logs/,J1628-41,CD,YALE-03A-0001,,J1628-41,True,IR
ir030618.0254.fits,J1628-41,16:28:47.29,-41:52:38.4,2003-06-19,04:37:47,2452809.69292,30.05,1.06,V,J,1732.0,2167.0,2400.0,IR_CD_header_logs/LOG_J1628-41.20030614thru20030726.csv,IR_CD_header_logs/,J1628-41,CD,YALE-03A-0001,,J1628-41,True,IR
ir030618.0257.fits,J1628-41,16:28:47.28,-41:52:38.1,2003-06-19,04:40:25,2452809.69474,30.05,1.06,V,J,1732.0,2107.0,2460.0,IR_CD_header_logs/LOG_J1628-41.20030614thru20030726.csv,IR_CD_header_logs/,J1628-41,CD,YALE-03A-0001,,J1628-41,True,IR
ir030618.0260.fits,J1628-41,16:28:47.30,-41:52:38.0,2003-06-19,04:43:03,2452809.69657,30.04,1.06,V,J,1732.0,2137.0,2430.0,IR_CD_header_logs/LOG_J1628-41.20030614thru20030726.csv,IR_CD_header_logs/,J1628-41,CD,YALE-03A-0001,,J1628-41,True,IR
ir030617.0087.fits,J1628-41,16:28:47.43,-41:52:37.4,2003-06-18,04:29:30,2452808.68716,30.05,1.05,V,J,1702.0,2167.0,2430.0,IR_CD_header_logs/LOG_J1628-41.20030614thru20030726.csv,IR_CD_header_logs/,J1628-41,CD,YALE-03A-0001,,J1628-41,True,IR
ir030618.0258.fits,J1628-41,16:28:47.29,-41:52:38.0,2003-06-19,04:41:18,2452809.69535,30.05,1.06,V,J,1762.0,2137.0,2400.0,IR_CD_header_logs/LOG_J1628-41.20030614thru20030726.csv,IR_CD_header_logs/,J1628-41,CD,YALE-03A-0001,,J1628-41,True,IR
ir030617.0084.fits,J1628-41,16:28:47.37,-41:52:37.9,2003-06-18,04:26:52,2452808.68533,30.05,1.04,V,J,1762.0,2107.0,2430.0,IR_CD_header_logs/LOG_J1628-41.20030614thru20030726.csv,IR_CD_header_logs/,J1628-41,CD,YALE-03A-0001,,J1628-41,True,IR
ir030617.0081.fits,J1628-41,16:28:47.30,-41:52:38.3,2003-06-18,04:24:14,2452808.6835,30.04,1.04,V,J,1732.0,2137.0,2430.0,IR_CD_header_logs/LOG_J1628-41.20030614thru20030726.csv,IR_CD_header_logs/,J1628-41,CD,YALE-03A-0001,,J1628-41,True,IR
ir030617.0083.fits,J1628-41,16:28:47.35,-41:52:38.0,2003-06-18,04:25:59,2452808.68472,30.04,1.04,V,J,1702.0,2137.0,2460.0,IR_CD_header_logs/LOG_J1628-41.20030614thru20030726.csv,IR_CD_header_logs/,J1628-41,CD,YALE-03A-0001,,J1628-41,True,IR
ir030617.0082.fits,J1628-41,16:28:47.32,-41:52:38.1,2003-06-18,04:25:06,2452808.6841,30.04,1.04,V,J,1732.0,2167.0,2400.0,IR_CD_header_logs/LOG_J1628-41.20030614thru20030726.csv,IR_CD_header_logs/,J1628-41,CD,YALE-03A-0001,,J1628-41,True,IR
ir030617.0085.fits,J1628-41,16:28:47.40,-41:52:37.8,2003-06-18,04:27:44,2452808.68593,30.05,1.04,V,J,1732.0,2107.0,2460.0,IR_CD_header_logs/LOG_J1628-41.20030614thru20030726.csv,IR_CD_header_logs/,J1628-41,CD,YALE-03A-0001,,J1628-41,True,IR
ir030617.0086.fits,J1628-41,16:28:47.42,-41:52:37.7,2003-06-18,04:28:37,2452808.68655,30.04,1.05,V,J,1762.0,2137.0,2400.0,IR_CD_header_logs/LOG_J1628-41.20030614thru20030726.csv,IR_CD_header_logs/,J1628-41,CD,YALE-03A-0001,,J1628-41,True,IR
binir040201.0399.fits,J1628-41,16:28:47.14,-41:52:38.9,2004-02-02,08:33:19,2453037.85648,30.04,1.48,V,J,1358,2035,2130,IR_CD_header_logs/LOG_J1628-41.20040125thru20040308.csv,IR_CD_header_logs/,J1628-41,CD,YALE-03A-0001,,J1628-41,True,IR
binir040203.0411.fits,J1628-41,16:28:47.44,-41:52:37.3,2004-02-04,08:10:18,2453039.84049,30.05,1.56,I,K,1418,2005,2100,IR_CD_header_logs/LOG_J1628-41.20040125thru20040308.csv,IR_CD_header_logs/,J1628-41,CD,YALE-03A-0001,,J1628-41,True,IR
binir040203.0412.fits,J1628-41,16:28:47.44,-41:52:37.1,2004-02-04,08:11:10,2453039.84109,30.04,1.56,I,K,1388,2005,2130,IR_CD_header_logs/LOG_J1628-41.20040125thru20040308.csv,IR_CD_header_logs/,J1628-41,CD,YALE-03A-0001,,J1628-41,True,IR
binir040203.0413.fits,J1628-41,16:28:47.48,-41:52:36.7,2004-02-04,08:12:02,2453039.84169,30.05,1.55,I,K,1418,2035,2070,IR_CD_header_logs/LOG_J1628-41.20040125thru20040308.csv,IR_CD_header_logs/,J1628-41,CD,YALE-03A-0001,,J1628-41,True,IR
binir040202.0366.fits,J1628-41,16:28:47.26,-41:52:39.4,2004-02-03,07:37:34,2453038.81776,30.04,1.83,V,J,1388,2035,2100,IR_CD_header_logs/LOG_J1628-41.20040125thru20040308.csv,IR_CD_header_logs/,J1628-41,CD,YALE-03A-0001,,J1628-41,True,IR
binir040202.0367.fits,J1628-41,16:28:47.26,-41:52:39.1,2004-02-03,07:38:26,2453038.81836,30.05,1.82,V,J,1388,2065,2070,IR_CD_header_logs/LOG_J1628-41.20040125thru20040308.csv,IR_CD_header_logs/,J1628-41,CD,YALE-03A-0001,,J1628-41,True,IR
binir040202.0371.fits,J1628-41,16:28:47.35,-41:52:38.4,2004-02-03,07:41:57,2453038.8208,30.04,1.79,V,J,1418,2035,2070,IR_CD_header_logs/LOG_J1628-41.20040125thru20040308.csv,IR_CD_header_logs/,J1628-41,CD,YALE-03A-0001,,J1628-41,True,IR
binir040202.0369.fits,J1628-41,16:28:47.30,-41:52:38.9,2004-02-03,07:40:12,2453038.81958,30.05,1.81,V,J,1418,2005,2100,IR_CD_header_logs/LOG_J1628-41.20040125thru20040308.csv,IR_CD_header_logs/,J1628-41,CD,YALE-03A-0001,,J1628-41,True,IR
binir040202.0370.fits,J1628-41,16:28:47.32,-41:52:38.9,2004-02-03,07:41:04,2453038.82019,30.04,1.8,V,J,1388,2005,2130,IR_CD_header_logs/LOG_J1628-41.20040125thru20040308.csv,IR_CD_header_logs/,J1628-41,CD,YALE-03A-0001,,J1628-41,True,IR
binir040202.0368.fits,J1628-41,16:28:47.29,-41:52:39.1,2004-02-03,07:39:19,2453038.81897,30.04,1.82,V,J,1358,2035,2130,IR_CD_header_logs/LOG_J1628-41.20040125thru20040308.csv,IR_CD_header_logs/,J1628-41,CD,YALE-03A-0001,,J1628-41,True,IR
binir040202.0372.fits,J1628-41,16:28:47.42,-41:52:38.0,2004-02-03,07:43:42,2453038.82202,30.05,1.78,I,K,1388,2035,2100,IR_CD_header_logs/LOG_J1628-41.20040125thru20040308.csv,IR_CD_header_logs/,J1628-41,CD,YALE-03A-0001,,J1628-41,True,IR
binir040202.0374.fits,J1628-41,16:28:47.45,-41:52:37.7,2004-02-03,07:45:27,2453038.82323,30.05,1.76,I,K,1358,2035,2130,IR_CD_header_logs/LOG_J1628-41.20040125thru20040308.csv,IR_CD_header_logs/,J1628-41,CD,YALE-03A-0001,,J1628-41,True,IR
binir040202.0375.fits,J1628-41,16:28:47.50,-41:52:37.4,2004-02-03,07:46:20,2453038.82385,30.04,1.76,I,K,1418,2005,2100,IR_CD_header_logs/LOG_J1628-41.20040125thru20040308.csv,IR_CD_header_logs/,J1628-41,CD,YALE-03A-0001,,J1628-41,True,IR
binir040202.0376.fits,J1628-41,16:28:47.53,-41:52:37.1,2004-02-03,07:47:12,2453038.82445,30.04,1.75,I,K,1388,2005,2130,IR_CD_header_logs/LOG_J1628-41.20040125thru20040308.csv,IR_CD_header_logs/,J1628-41,CD,YALE-03A-0001,,J1628-41,True,IR
binir040202.0377.fits,J1628-41,16:28:47.58,-41:52:37.0,2004-02-03,07:48:05,2453038.82506,30.04,1.74,I,K,1418,2035,2070,IR_CD_header_logs/LOG_J1628-41.20040125thru20040308.csv,IR_CD_header_logs/,J1628-41,CD,YALE-03A-0001,,J1628-41,True,IR
binir040202.0373.fits,J1628-41,16:28:47.45,-41:52:37.8,2004-02-03,07:44:34,2453038.82262,30.05,1.77,I,K,1388,2065,2070,IR_CD_header_logs/LOG_J1628-41.20040125thru20040308.csv,IR_CD_header_logs/,J1628-41,CD,YALE-03A-0001,,J1628-41,True,IR
binir040201.0401.fits,J1628-41,16:28:47.15,-41:52:39.9,2004-02-02,08:35:04,2453037.85769,30.04,1.47,V,J,1388,2005,2130,IR_CD_header_logs/LOG_J1628-41.20040125thru20040308.csv,IR_CD_header_logs/,J1628-41,CD,YALE-03A-0001,,J1628-41,True,IR
binir040201.0397.fits,J1628-41,16:28:47.24,-41:52:38.7,2004-02-02,08:31:34,2453037.85526,30.05,1.49,V,J,1388,2035,2100,IR_CD_header_logs/LOG_J1628-41.20040125thru20040308.csv,IR_CD_header_logs/,J1628-41,CD,YALE-03A-0001,,J1628-41,True,IR
binir040203.0410.fits,J1628-41,16:28:47.41,-41:52:37.4,2004-02-04,08:09:25,2453039.83987,30.04,1.57,I,K,1358,2035,2130,IR_CD_header_logs/LOG_J1628-41.20040125thru20040308.csv,IR_CD_header_logs/,J1628-41,CD,YALE-03A-0001,,J1628-41,True,IR
binir040203.0409.fits,J1628-41,16:28:47.39,-41:52:37.5,2004-02-04,08:08:32,2453039.83926,30.04,1.57,I,K,1388,2065,2070,IR_CD_header_logs/LOG_J1628-41.20040125thru20040308.csv,IR_CD_header_logs/,J1628-41,CD,YALE-03A-0001,,J1628-41,True,IR
binir040203.0408.fits,J1628-41,16:28:47.39,-41:52:37.7,2004-02-04,08:07:40,2453039.83866,30.05,1.58,I,K,1388,2035,2100,IR_CD_header_logs/LOG_J1628-41.20040125thru20040308.csv,IR_CD_header_logs/,J1628-41,CD,YALE-03A-0001,,J1628-41,True,IR
binir040204.0429.fits,J1628-41,16:28:47.52,-41:52:37.6,2004-02-05,07:56:06,2453040.83063,30.04,1.63,I,K,1418,2005,2100,IR_CD_header_logs/LOG_J1628-41.20040125thru20040308.csv,IR_CD_header_logs/,J1628-41,CD,YALE-03A-0001,,J1628-41,True,IR
binir040204.0421.fits,J1628-41,16:28:47.25,-41:52:38.8,2004-02-05,07:48:11,2453040.82514,30.04,1.68,V,J,1388,2065,2070,IR_CD_header_logs/LOG_J1628-41.20040125thru20040308.csv,IR_CD_header_logs/,J1628-41,CD,YALE-03A-0001,,J1628-41,True,IR
binir040204.0422.fits,J1628-41,16:28:47.29,-41:52:38.7,2004-02-05,07:49:05,2453040.82575,30.04,1.68,V,J,1358,2035,2130,IR_CD_header_logs/LOG_J1628-41.20040125thru20040308.csv,IR_CD_header_logs/,J1628-41,CD,YALE-03A-0001,,J1628-41,True,IR
binir040204.0423.fits,J1628-41,16:28:47.33,-41:52:38.4,2004-02-05,07:49:58,2453040.82637,30.05,1.67,V,J,1418,2005,2100,IR_CD_header_logs/LOG_J1628-41.20040125thru20040308.csv,IR_CD_header_logs/,J1628-41,CD,YALE-03A-0001,,J1628-41,True,IR
binir040204.0424.fits,J1628-41,16:28:47.36,-41:52:37.9,2004-02-05,07:50:48,2453040.82695,30.05,1.66,V,J,1388,2005,2130,IR_CD_header_logs/LOG_J1628-41.20040125thru20040308.csv,IR_CD_header_logs/,J1628-41,CD,YALE-03A-0001,,J1628-41,True,IR
binir040204.0425.fits,J1628-41,16:28:47.39,-41:52:38.1,2004-02-05,07:51:40,2453040.82756,30.05,1.66,V,J,1418,2035,2070,IR_CD_header_logs/LOG_J1628-41.20040125thru20040308.csv,IR_CD_header_logs/,J1628-41,CD,YALE-03A-0001,,J1628-41,True,IR
binir040204.0426.fits,J1628-41,16:28:47.43,-41:52:38.3,2004-02-05,07:53:28,2453040.8288,30.04,1.65,I,K,1388,2035,2100,IR_CD_header_logs/LOG_J1628-41.20040125thru20040308.csv,IR_CD_header_logs/,J1628-41,CD,YALE-03A-0001,,J1628-41,True,IR
binir040204.0428.fits,J1628-41,16:28:47.52,-41:52:37.7,2004-02-05,07:55:13,2453040.83002,30.04,1.63,I,K,1358,2035,2130,IR_CD_header_logs/LOG_J1628-41.20040125thru20040308.csv,IR_CD_header_logs/,J1628-41,CD,YALE-03A-0001,,J1628-41,True,IR
binir040204.0430.fits,J1628-41,16:28:47.54,-41:52:37.5,2004-02-05,07:56:58,2453040.83123,30.04,1.62,I,K,1388,2005,2130,IR_CD_header_logs/LOG_J1628-41.20040125thru20040308.csv,IR_CD_header_logs/,J1628-41,CD,YALE-03A-0001,,J1628-41,True,IR
binir040203.0406.fits,J1628-41,16:28:47.30,-41:52:38.2,2004-02-04,08:05:02,2453039.83683,30.05,1.59,V,J,1388,2005,2130,IR_CD_header_logs/LOG_J1628-41.20040125thru20040308.csv,IR_CD_header_logs/,J1628-41,CD,YALE-03A-0001,,J1628-41,True,IR
binir040204.0431.fits,J1628-41,16:28:47.59,-41:52:37.1,2004-02-05,07:57:51,2453040.83185,30.04,1.62,I,K,1418,2035,2070,IR_CD_header_logs/LOG_J1628-41.20040125thru20040308.csv,IR_CD_header_logs/,J1628-41,CD,YALE-03A-0001,,J1628-41,True,IR
binir040204.0427.fits,J1628-41,16:28:47.47,-41:52:37.8,2004-02-05,07:54:20,2453040.82941,30.04,1.64,I,K,1388,2065,2070,IR_CD_header_logs/LOG_J1628-41.20040125thru20040308.csv,IR_CD_header_logs/,J1628-41,CD,YALE-03A-0001,,J1628-41,True,IR
binir040203.0407.fits,J1628-41,16:28:47.31,-41:52:37.7,2004-02-04,08:05:54,2453039.83744,30.04,1.59,V,J,1418,2035,2070,IR_CD_header_logs/LOG_J1628-41.20040125thru20040308.csv,IR_CD_header_logs/,J1628-41,CD,YALE-03A-0001,,J1628-41,True,IR
binir040203.0402.fits,J1628-41,16:28:47.25,-41:52:38.5,2004-02-04,08:01:32,2453039.8344,30.05,1.62,V,J,1388,2035,2100,IR_CD_header_logs/LOG_J1628-41.20040125thru20040308.csv,IR_CD_header_logs/,J1628-41,CD,YALE-03A-0001,,J1628-41,True,IR
binir040203.0403.fits,J1628-41,16:28:47.23,-41:52:38.4,2004-02-04,08:02:24,2453039.83501,30.05,1.61,V,J,1388,2065,2070,IR_CD_header_logs/LOG_J1628-41.20040125thru20040308.csv,IR_CD_header_logs/,J1628-41,CD,YALE-03A-0001,,J1628-41,True,IR
binir040203.0404.fits,J1628-41,16:28:47.26,-41:52:38.2,2004-02-04,08:03:17,2453039.83562,30.05,1.61,V,J,1358,2035,2130,IR_CD_header_logs/LOG_J1628-41.20040125thru20040308.csv,IR_CD_header_logs/,J1628-41,CD,YALE-03A-0001,,J1628-41,True,IR
binir040203.0405.fits,J1628-41,16:28:47.30,-41:52:38.1,2004-02-04,08:04:10,2453039.83623,30.04,1.6,V,J,1418,2005,2100,IR_CD_header_logs/LOG_J1628-41.20040125thru20040308.csv,IR_CD_header_logs/,J1628-41,CD,YALE-03A-0001,,J1628-41,True,IR
binir040201.0398.fits,J1628-41,16:28:47.17,-41:52:38.7,2004-02-02,08:32:26,2453037.85586,30.05,1.48,V,J,1388,2065,2070,IR_CD_header_logs/LOG_J1628-41.20040125thru20040308.csv,IR_CD_header_logs/,J1628-41,CD,YALE-03A-0001,,J1628-41,True,IR
binir040201.0400.fits,J1628-41,16:28:47.14,-41:52:38.9,2004-02-02,08:34:12,2453037.85709,30.05,1.47,V,J,1418,2005,2100,IR_CD_header_logs/LOG_J1628-41.20040125thru20040308.csv,IR_CD_header_logs/,J1628-41,CD,YALE-03A-0001,,J1628-41,True,IR
binir040205.0408.fits,J1628-41,16:28:46.84,-41:52:59.0,2004-02-06,08:25:21,2453041.85094,30.04,1.44,I,K,1418,2035,2070,IR_CD_header_logs/LOG_J1628-41.20040125thru20040308.csv,IR_CD_header_logs/,J1628-41,CD,YALE-03A-0001,,J1628-41,True,IR
binir040201.0402.fits,J1628-41,16:28:47.14,-41:52:39.0,2004-02-02,08:35:56,2453037.85829,30.04,1.46,V,J,1418,2035,2070,IR_CD_header_logs/LOG_J1628-41.20040125thru20040308.csv,IR_CD_header_logs/,J1628-41,CD,YALE-03A-0001,,J1628-41,True,IR
binir040130.0305.fits,J1628-41,16:28:47.20,-41:52:39.9,2004-01-31,07:52:54,2453035.82841,30.05,1.8,V,J,1388,2065,2070,IR_CD_header_logs/LOG_J1628-41.20040125thru20040308.csv,IR_CD_header_logs/,J1628-41,CD,YALE-03A-0001,,J1628-41,True,IR
binir040130.0306.fits,J1628-41,16:28:47.22,-41:52:39.6,2004-01-31,07:53:47,2453035.82902,30.05,1.79,V,J,1358,2035,2130,IR_CD_header_logs/LOG_J1628-41.20040125thru20040308.csv,IR_CD_header_logs/,J1628-41,CD,YALE-03A-0001,,J1628-41,True,IR
binir040130.0307.fits,J1628-41,16:28:47.25,-41:52:39.5,2004-01-31,07:54:40,2453035.82963,30.04,1.79,V,J,1418,2005,2100,IR_CD_header_logs/LOG_J1628-41.20040125thru20040308.csv,IR_CD_header_logs/,J1628-41,CD,YALE-03A-0001,,J1628-41,True,IR
binir040130.0308.fits,J1628-41,16:28:47.26,-41:52:39.6,2004-01-31,07:55:32,2453035.83024,30.04,1.78,V,J,1388,2005,2130,IR_CD_header_logs/LOG_J1628-41.20040125thru20040308.csv,IR_CD_header_logs/,J1628-41,CD,YALE-03A-0001,,J1628-41,True,IR
binir040130.0315.fits,J1628-41,16:28:47.51,-41:52:37.7,2004-01-31,08:02:32,2453035.8351,30.05,1.72,I,K,1418,2035,2070,IR_CD_header_logs/LOG_J1628-41.20040125thru20040308.csv,IR_CD_header_logs/,J1628-41,CD,YALE-03A-0001,,J1628-41,True,IR
binir040130.0310.fits,J1628-41,16:28:47.34,-41:52:38.9,2004-01-31,07:58:10,2453035.83206,30.05,1.76,I,K,1388,2035,2100,IR_CD_header_logs/LOG_J1628-41.20040125thru20040308.csv,IR_CD_header_logs/,J1628-41,CD,YALE-03A-0001,,J1628-41,True,IR
binir040130.0311.fits,J1628-41,16:28:47.38,-41:52:38.7,2004-01-31,07:59:02,2453035.83266,30.05,1.75,I,K,1388,2065,2070,IR_CD_header_logs/LOG_J1628-41.20040125thru20040308.csv,IR_CD_header_logs/,J1628-41,CD,YALE-03A-0001,,J1628-41,True,IR
binir040130.0312.fits,J1628-41,16:28:47.40,-41:52:38.6,2004-01-31,07:59:55,2453035.83328,30.04,1.74,I,K,1358,2035,2130,IR_CD_header_logs/LOG_J1628-41.20040125thru20040308.csv,IR_CD_header_logs/,J1628-41,CD,YALE-03A-0001,,J1628-41,True,IR
binir040130.0313.fits,J1628-41,16:28:47.43,-41:52:38.4,2004-01-31,08:00:48,2453035.83389,30.04,1.74,I,K,1418,2005,2100,IR_CD_header_logs/LOG_J1628-41.20040125thru20040308.csv,IR_CD_header_logs/,J1628-41,CD,YALE-03A-0001,,J1628-41,True,IR
binir040130.0314.fits,J1628-41,16:28:47.48,-41:52:38.2,2004-01-31,08:01:40,2453035.83449,30.04,1.73,I,K,1388,2005,2130,IR_CD_header_logs/LOG_J1628-41.20040125thru20040308.csv,IR_CD_header_logs/,J1628-41,CD,YALE-03A-0001,,J1628-41,True,IR
binir040129.0386.fits,J1628-41,16:28:47.27,-41:52:39.0,2004-01-30,08:12:05,2453034.84173,30.05,1.68,V,J,1388,2035,2100,IR_CD_header_logs/LOG_J1628-41.20040125thru20040308.csv,IR_CD_header_logs/,J1628-41,CD,YALE-03A-0001,,J1628-41,True,IR
binir040129.0387.fits,J1628-41,16:28:47.29,-41:52:38.9,2004-01-30,08:12:57,2453034.84233,30.05,1.67,V,J,1388,2065,2070,IR_CD_header_logs/LOG_J1628-41.20040125thru20040308.csv,IR_CD_header_logs/,J1628-41,CD,YALE-03A-0001,,J1628-41,True,IR
binir040129.0388.fits,J1628-41,16:28:47.32,-41:52:38.8,2004-01-30,08:13:50,2453034.84295,30.05,1.67,V,J,1358,2035,2130,IR_CD_header_logs/LOG_J1628-41.20040125thru20040308.csv,IR_CD_header_logs/,J1628-41,CD,YALE-03A-0001,,J1628-41,True,IR
binir040129.0389.fits,J1628-41,16:28:47.33,-41:52:38.8,2004-01-30,08:14:43,2453034.84355,30.05,1.66,V,J,1418,2005,2100,IR_CD_header_logs/LOG_J1628-41.20040125thru20040308.csv,IR_CD_header_logs/,J1628-41,CD,YALE-03A-0001,,J1628-41,True,IR
binir040129.0390.fits,J1628-41,16:28:47.37,-41:52:38.7,2004-01-30,08:15:35,2453034.84416,30.05,1.66,V,J,1388,2005,2130,IR_CD_header_logs/LOG_J1628-41.20040125thru20040308.csv,IR_CD_header_logs/,J1628-41,CD,YALE-03A-0001,,J1628-41,True,IR
binir040129.0391.fits,J1628-41,16:28:47.40,-41:52:38.7,2004-01-30,08:16:27,2453034.84476,30.05,1.65,V,J,1418,2035,2070,IR_CD_header_logs/LOG_J1628-41.20040125thru20040308.csv,IR_CD_header_logs/,J1628-41,CD,YALE-03A-0001,,J1628-41,True,IR
binir040129.0392.fits,J1628-41,16:28:47.47,-41:52:37.9,2004-01-30,08:18:13,2453034.84599,30.05,1.64,I,K,1388,2035,2100,IR_CD_header_logs/LOG_J1628-41.20040125thru20040308.csv,IR_CD_header_logs/,J1628-41,CD,YALE-03A-0001,,J1628-41,True,IR
binir040130.0304.fits,J1628-41,16:28:47.24,-41:52:39.6,2004-01-31,07:52:02,2453035.8278,30.05,1.81,V,J,1388,2035,2100,IR_CD_header_logs/LOG_J1628-41.20040125thru20040308.csv,IR_CD_header_logs/,J1628-41,CD,YALE-03A-0001,,J1628-41,True,IR
binir040130.0309.fits,J1628-41,16:28:47.27,-41:52:39.5,2004-01-31,07:56:25,2453035.83085,30.05,1.77,V,J,1418,2035,2070,IR_CD_header_logs/LOG_J1628-41.20040125thru20040308.csv,IR_CD_header_logs/,J1628-41,CD,YALE-03A-0001,,J1628-41,True,IR
binir040131.0430.fits,J1628-41,16:28:47.42,-41:52:38.3,2004-02-01,07:50:45,2453036.82692,30.04,1.79,I,K,1388,2005,2130,IR_CD_header_logs/LOG_J1628-41.20040125thru20040308.csv,IR_CD_header_logs/,J1628-41,CD,YALE-03A-0001,,J1628-41,True,IR
binir040131.0420.fits,J1628-41,16:28:47.21,-41:52:38.9,2004-02-01,07:41:06,2453036.82022,30.05,1.87,V,J,1388,2035,2100,IR_CD_header_logs/LOG_J1628-41.20040125thru20040308.csv,IR_CD_header_logs/,J1628-41,CD,YALE-03A-0001,,J1628-41,True,IR
binir040201.0403.fits,J1628-41,16:28:47.15,-41:52:38.9,2004-02-02,08:37:42,2453037.85951,30.05,1.45,I,K,1388,2035,2100,IR_CD_header_logs/LOG_J1628-41.20040125thru20040308.csv,IR_CD_header_logs/,J1628-41,CD,YALE-03A-0001,,J1628-41,True,IR
binir040201.0404.fits,J1628-41,16:28:47.13,-41:52:38.9,2004-02-02,08:38:34,2453037.86012,30.04,1.45,I,K,1388,2065,2070,IR_CD_header_logs/LOG_J1628-41.20040125thru20040308.csv,IR_CD_header_logs/,J1628-41,CD,YALE-03A-0001,,J1628-41,True,IR
binir040201.0405.fits,J1628-41,16:28:47.14,-41:52:38.7,2004-02-02,08:39:27,2453037.86073,30.05,1.45,I,K,1358,2035,2130,IR_CD_header_logs/LOG_J1628-41.20040125thru20040308.csv,IR_CD_header_logs/,J1628-41,CD,YALE-03A-0001,,J1628-41,True,IR
binir040201.0406.fits,J1628-41,16:28:47.16,-41:52:38.6,2004-02-02,08:40:20,2453037.86135,30.05,1.44,I,K,1418,2005,2100,IR_CD_header_logs/LOG_J1628-41.20040125thru20040308.csv,IR_CD_header_logs/,J1628-41,CD,YALE-03A-0001,,J1628-41,True,IR
binir040201.0407.fits,J1628-41,16:28:47.18,-41:52:38.4,2004-02-02,08:41:12,2453037.86195,30.04,1.44,I,K,1388,2005,2130,IR_CD_header_logs/LOG_J1628-41.20040125thru20040308.csv,IR_CD_header_logs/,J1628-41,CD,YALE-03A-0001,,J1628-41,True,IR
binir040201.0408.fits,J1628-41,16:28:47.21,-41:52:38.4,2004-02-02,08:42:04,2453037.86256,30.04,1.43,I,K,1418,2035,2070,IR_CD_header_logs/LOG_J1628-41.20040125thru20040308.csv,IR_CD_header_logs/,J1628-41,CD,YALE-03A-0001,,J1628-41,True,IR
binir040131.0425.fits,J1628-41,16:28:47.28,-41:52:39.2,2004-02-01,07:45:30,2453036.82327,30.04,1.83,V,J,1418,2035,2070,IR_CD_header_logs/LOG_J1628-41.20040125thru20040308.csv,IR_CD_header_logs/,J1628-41,CD,YALE-03A-0001,,J1628-41,True,IR
binir040131.0421.fits,J1628-41,16:28:47.25,-41:52:38.6,2004-02-01,07:41:58,2453036.82082,30.05,1.86,V,J,1388,2065,2070,IR_CD_header_logs/LOG_J1628-41.20040125thru20040308.csv,IR_CD_header_logs/,J1628-41,CD,YALE-03A-0001,,J1628-41,True,IR
binir040131.0429.fits,J1628-41,16:28:47.40,-41:52:38.7,2004-02-01,07:49:53,2453036.82631,30.05,1.79,I,K,1418,2005,2100,IR_CD_header_logs/LOG_J1628-41.20040125thru20040308.csv,IR_CD_header_logs/,J1628-41,CD,YALE-03A-0001,,J1628-41,True,IR
binir040131.0422.fits,J1628-41,16:28:47.27,-41:52:39.0,2004-02-01,07:42:51,2453036.82143,30.04,1.85,V,J,1358,2035,2130,IR_CD_header_logs/LOG_J1628-41.20040125thru20040308.csv,IR_CD_header_logs/,J1628-41,CD,YALE-03A-0001,,J1628-41,True,IR
binir040131.0423.fits,J1628-41,16:28:47.28,-41:52:39.3,2004-02-01,07:43:44,2453036.82205,30.05,1.85,V,J,1418,2005,2100,IR_CD_header_logs/LOG_J1628-41.20040125thru20040308.csv,IR_CD_header_logs/,J1628-41,CD,YALE-03A-0001,,J1628-41,True,IR
binir040131.0424.fits,J1628-41,16:28:47.26,-41:52:39.2,2004-02-01,07:44:37,2453036.82265,30.04,1.84,V,J,1388,2005,2130,IR_CD_header_logs/LOG_J1628-41.20040125thru20040308.csv,IR_CD_header_logs/,J1628-41,CD,YALE-03A-0001,,J1628-41,True,IR
binir040131.0431.fits,J1628-41,16:28:47.45,-41:52:38.1,2004-02-01,07:51:37,2453036.82752,30.04,1.78,I,K,1418,2035,2070,IR_CD_header_logs/LOG_J1628-41.20040125thru20040308.csv,IR_CD_header_logs/,J1628-41,CD,YALE-03A-0001,,J1628-41,True,IR
binir040131.0426.fits,J1628-41,16:28:47.32,-41:52:39.1,2004-02-01,07:47:14,2453036.82447,30.04,1.82,I,K,1388,2035,2100,IR_CD_header_logs/LOG_J1628-41.20040125thru20040308.csv,IR_CD_header_logs/,J1628-41,CD,YALE-03A-0001,,J1628-41,True,IR
binir040131.0427.fits,J1628-41,16:28:47.33,-41:52:38.8,2004-02-01,07:48:06,2453036.82508,30.05,1.81,I,K,1388,2065,2070,IR_CD_header_logs/LOG_J1628-41.20040125thru20040308.csv,IR_CD_header_logs/,J1628-41,CD,YALE-03A-0001,,J1628-41,True,IR
binir040131.0428.fits,J1628-41,16:28:47.37,-41:52:39.0,2004-02-01,07:49:00,2453036.82569,30.04,1.8,I,K,1358,2035,2130,IR_CD_header_logs/LOG_J1628-41.20040125thru20040308.csv,IR_CD_header_logs/,J1628-41,CD,YALE-03A-0001,,J1628-41,True,IR
binir040204.0420.fits,J1628-41,16:28:47.25,-41:52:38.9,2004-02-05,07:47:19,2453040.82454,30.04,1.69,V,J,1388,2035,2100,IR_CD_header_logs/LOG_J1628-41.20040125thru20040308.csv,IR_CD_header_logs/,J1628-41,CD,YALE-03A-0001,,J1628-41,True,IR
binir040205.0407.fits,J1628-41,16:28:46.83,-41:52:59.0,2004-02-06,08:24:29,2453041.85034,30.04,1.44,I,K,1388,2005,2130,IR_CD_header_logs/LOG_J1628-41.20040125thru20040308.csv,IR_CD_header_logs/,J1628-41,CD,YALE-03A-0001,,J1628-41,True,IR
binir040129.0394.fits,J1628-41,16:28:47.53,-41:52:37.8,2004-01-30,08:19:58,2453034.8472,30.04,1.63,I,K,1358,2035,2130,IR_CD_header_logs/LOG_J1628-41.20040125thru20040308.csv,IR_CD_header_logs/,J1628-41,CD,YALE-03A-0001,,J1628-41,True,IR
binir040208.0473.fits,J1628-41,16:28:46.62,-41:52:55.4,2004-02-09,08:22:10,2453044.84873,30.04,1.4,V,J,1388,2005,2130,IR_CD_header_logs/LOG_J1628-41.20040125thru20040308.csv,IR_CD_header_logs/,J1628-41,CD,YALE-03A-0001,,J1628-41,True,IR
binir040210.0509.fits,J1628-41,16:28:45.94,-41:52:46.2,2004-02-11,08:52:25,2453046.86974,30.04,1.26,I,K,1418,2035,2070,IR_CD_header_logs/LOG_J1628-41.20040125thru20040308.csv,IR_CD_header_logs/,J1628-41,CD,YALE-03A-0001,,J1628-41,True,IR
binir040209.0426.fits,J1628-41,16:28:47.08,-41:53:5.7,2004-02-10,08:08:00,2453045.8389,30.05,1.45,V,J,1418,2035,2070,IR_CD_header_logs/LOG_J1628-41.20040125thru20040308.csv,IR_CD_header_logs/,J1628-41,CD,YALE-03A-0001,,J1628-41,True,IR
binir040209.0421.fits,J1628-41,16:28:47.02,-41:53:5.9,2004-02-10,08:03:40,2453045.83588,30.04,1.47,V,J,1388,2035,2100,IR_CD_header_logs/LOG_J1628-41.20040125thru20040308.csv,IR_CD_header_logs/,J1628-41,CD,YALE-03A-0001,,J1628-41,True,IR
binir040209.0422.fits,J1628-41,16:28:47.05,-41:53:5.6,2004-02-10,08:04:32,2453045.83648,30.05,1.46,V,J,1388,2065,2070,IR_CD_header_logs/LOG_J1628-41.20040125thru20040308.csv,IR_CD_header_logs/,J1628-41,CD,YALE-03A-0001,,J1628-41,True,IR
binir040209.0423.fits,J1628-41,16:28:47.05,-41:53:5.9,2004-02-10,08:05:25,2453045.83709,30.04,1.46,V,J,1358,2035,2130,IR_CD_header_logs/LOG_J1628-41.20040125thru20040308.csv,IR_CD_header_logs/,J1628-41,CD,YALE-03A-0001,,J1628-41,True,IR
binir040209.0424.fits,J1628-41,16:28:47.05,-41:53:5.6,2004-02-10,08:06:18,2453045.83771,30.04,1.45,V,J,1418,2005,2100,IR_CD_header_logs/LOG_J1628-41.20040125thru20040308.csv,IR_CD_header_logs/,J1628-41,CD,YALE-03A-0001,,J1628-41,True,IR
binir040209.0425.fits,J1628-41,16:28:47.06,-41:53:5.5,2004-02-10,08:07:07,2453045.83828,30.05,1.45,V,J,1388,2005,2130,IR_CD_header_logs/LOG_J1628-41.20040125thru20040308.csv,IR_CD_header_logs/,J1628-41,CD,YALE-03A-0001,,J1628-41,True,IR
binir040209.0432.fits,J1628-41,16:28:47.21,-41:53:4.8,2004-02-10,08:14:10,2453045.84318,30.04,1.42,I,K,1418,2035,2070,IR_CD_header_logs/LOG_J1628-41.20040125thru20040308.csv,IR_CD_header_logs/,J1628-41,CD,YALE-03A-0001,,J1628-41,True,IR
binir040209.0427.fits,J1628-41,16:28:47.14,-41:53:5.0,2004-02-10,08:09:47,2453045.84014,30.05,1.44,I,K,1388,2035,2100,IR_CD_header_logs/LOG_J1628-41.20040125thru20040308.csv,IR_CD_header_logs/,J1628-41,CD,YALE-03A-0001,,J1628-41,True,IR
binir040209.0428.fits,J1628-41,16:28:47.17,-41:53:4.7,2004-02-10,08:10:39,2453045.84074,30.04,1.43,I,K,1388,2065,2070,IR_CD_header_logs/LOG_J1628-41.20040125thru20040308.csv,IR_CD_header_logs/,J1628-41,CD,YALE-03A-0001,,J1628-41,True,IR
binir040209.0429.fits,J1628-41,16:28:47.17,-41:53:4.9,2004-02-10,08:11:33,2453045.84135,30.05,1.43,I,K,1358,2035,2130,IR_CD_header_logs/LOG_J1628-41.20040125thru20040308.csv,IR_CD_header_logs/,J1628-41,CD,YALE-03A-0001,,J1628-41,True,IR
binir040209.0430.fits,J1628-41,16:28:47.21,-41:53:4.6,2004-02-10,08:12:25,2453045.84197,30.05,1.42,I,K,1418,2005,2100,IR_CD_header_logs/LOG_J1628-41.20040125thru20040308.csv,IR_CD_header_logs/,J1628-41,CD,YALE-03A-0001,,J1628-41,True,IR
binir040209.0431.fits,J1628-41,16:28:47.21,-41:53:5.0,2004-02-10,08:13:18,2453045.84257,30.04,1.42,I,K,1388,2005,2130,IR_CD_header_logs/LOG_J1628-41.20040125thru20040308.csv,IR_CD_header_logs/,J1628-41,CD,YALE-03A-0001,,J1628-41,True,IR
binir040208.0474.fits,J1628-41,16:28:46.64,-41:52:55.1,2004-02-09,08:23:02,2453044.84934,30.05,1.39,V,J,1418,2035,2070,IR_CD_header_logs/LOG_J1628-41.20040125thru20040308.csv,IR_CD_header_logs/,J1628-41,CD,YALE-03A-0001,,J1628-41,True,IR
binir040208.0469.fits,J1628-41,16:28:46.50,-41:52:55.8,2004-02-09,08:18:40,2453044.8463,30.04,1.41,V,J,1388,2035,2100,IR_CD_header_logs/LOG_J1628-41.20040125thru20040308.csv,IR_CD_header_logs/,J1628-41,CD,YALE-03A-0001,,J1628-41,True,IR
binir040208.0470.fits,J1628-41,16:28:46.54,-41:52:55.8,2004-02-09,08:19:32,2453044.8469,30.05,1.41,V,J,1388,2065,2070,IR_CD_header_logs/LOG_J1628-41.20040125thru20040308.csv,IR_CD_header_logs/,J1628-41,CD,YALE-03A-0001,,J1628-41,True,IR
binir040208.0471.fits,J1628-41,16:28:46.55,-41:52:55.8,2004-02-09,08:20:25,2453044.84752,30.04,1.41,V,J,1358,2035,2130,IR_CD_header_logs/LOG_J1628-41.20040125thru20040308.csv,IR_CD_header_logs/,J1628-41,CD,YALE-03A-0001,,J1628-41,True,IR
binir040210.0508.fits,J1628-41,16:28:45.95,-41:52:46.1,2004-02-11,08:51:32,2453046.86912,30.04,1.26,I,K,1388,2005,2130,IR_CD_header_logs/LOG_J1628-41.20040125thru20040308.csv,IR_CD_header_logs/,J1628-41,CD,YALE-03A-0001,,J1628-41,True,IR
binir040210.0507.fits,J1628-41,16:28:45.95,-41:52:46.1,2004-02-11,08:50:40,2453046.86852,30.04,1.26,I,K,1418,2005,2100,IR_CD_header_logs/LOG_J1628-41.20040125thru20040308.csv,IR_CD_header_logs/,J1628-41,CD,YALE-03A-0001,,J1628-41,True,IR
binir040210.0506.fits,J1628-41,16:28:45.94,-41:52:46.0,2004-02-11,08:49:46,2453046.8679,30.05,1.26,I,K,1358,2035,2130,IR_CD_header_logs/LOG_J1628-41.20040125thru20040308.csv,IR_CD_header_logs/,J1628-41,CD,YALE-03A-0001,,J1628-41,True,IR
binir040212.0445.fits,J1628-41,16:28:47.19,-41:52:37.1,2004-02-13,09:08:43,2453048.88106,30.04,1.19,I,K,1388,2005,2130,IR_CD_header_logs/LOG_J1628-41.20040125thru20040308.csv,IR_CD_header_logs/,J1628-41,CD,YALE-03A-0001,,J1628-41,True,IR
binir040212.0437.fits,J1628-41,16:28:47.28,-41:52:38.4,2004-02-13,09:00:50,2453048.87558,30.04,1.21,V,J,1358,2035,2130,IR_CD_header_logs/LOG_J1628-41.20040125thru20040308.csv,IR_CD_header_logs/,J1628-41,CD,YALE-03A-0001,,J1628-41,True,IR
binir040212.0438.fits,J1628-41,16:28:47.27,-41:52:38.2,2004-02-13,09:01:42,2453048.87619,30.04,1.21,V,J,1418,2005,2100,IR_CD_header_logs/LOG_J1628-41.20040125thru20040308.csv,IR_CD_header_logs/,J1628-41,CD,YALE-03A-0001,,J1628-41,True,IR
binir040212.0439.fits,J1628-41,16:28:47.27,-41:52:37.9,2004-02-13,09:02:35,2453048.87679,30.04,1.2,V,J,1388,2005,2130,IR_CD_header_logs/LOG_J1628-41.20040125thru20040308.csv,IR_CD_header_logs/,J1628-41,CD,YALE-03A-0001,,J1628-41,True,IR
binir040212.0446.fits,J1628-41,16:28:47.17,-41:52:37.1,2004-02-13,09:09:36,2453048.88167,30.05,1.19,I,K,1418,2035,2070,IR_CD_header_logs/LOG_J1628-41.20040125thru20040308.csv,IR_CD_header_logs/,J1628-41,CD,YALE-03A-0001,,J1628-41,True,IR
binir040212.0441.fits,J1628-41,16:28:47.25,-41:52:37.5,2004-02-13,09:05:13,2453048.87863,30.04,1.2,I,K,1388,2035,2100,IR_CD_header_logs/LOG_J1628-41.20040125thru20040308.csv,IR_CD_header_logs/,J1628-41,CD,YALE-03A-0001,,J1628-41,True,IR
binir040212.0443.fits,J1628-41,16:28:47.22,-41:52:37.6,2004-02-13,09:06:58,2453048.87984,30.05,1.19,I,K,1358,2035,2130,IR_CD_header_logs/LOG_J1628-41.20040125thru20040308.csv,IR_CD_header_logs/,J1628-41,CD,YALE-03A-0001,,J1628-41,True,IR
binir040212.0444.fits,J1628-41,16:28:47.19,-41:52:37.4,2004-02-13,09:07:51,2453048.88046,30.05,1.19,I,K,1418,2005,2100,IR_CD_header_logs/LOG_J1628-41.20040125thru20040308.csv,IR_CD_header_logs/,J1628-41,CD,YALE-03A-0001,,J1628-41,True,IR
binir040212.0442.fits,J1628-41,16:28:47.24,-41:52:37.5,2004-02-13,09:06:05,2453048.87923,30.04,1.2,I,K,1388,2065,2070,IR_CD_header_logs/LOG_J1628-41.20040125thru20040308.csv,IR_CD_header_logs/,J1628-41,CD,YALE-03A-0001,,J1628-41,True,IR
binir040210.0505.fits,J1628-41,16:28:45.94,-41:52:46.0,2004-02-11,08:48:53,2453046.86729,30.04,1.27,I,K,1388,2065,2070,IR_CD_header_logs/LOG_J1628-41.20040125thru20040308.csv,IR_CD_header_logs/,J1628-41,CD,YALE-03A-0001,,J1628-41,True,IR
binir040210.0502.fits,J1628-41,16:28:46.00,-41:52:46.0,2004-02-11,08:45:23,2453046.86486,30.04,1.28,V,J,1388,2005,2130,IR_CD_header_logs/LOG_J1628-41.20040125thru20040308.csv,IR_CD_header_logs/,J1628-41,CD,YALE-03A-0001,,J1628-41,True,IR
binir040210.0498.fits,J1628-41,16:28:46.06,-41:52:46.9,2004-02-11,08:41:55,2453046.86245,30.05,1.29,V,J,1388,2035,2100,IR_CD_header_logs/LOG_J1628-41.20040125thru20040308.csv,IR_CD_header_logs/,J1628-41,CD,YALE-03A-0001,,J1628-41,True,IR
binir040210.0499.fits,J1628-41,16:28:46.03,-41:52:46.7,2004-02-11,08:42:47,2453046.86305,30.04,1.29,V,J,1388,2065,2070,IR_CD_header_logs/LOG_J1628-41.20040125thru20040308.csv,IR_CD_header_logs/,J1628-41,CD,YALE-03A-0001,,J1628-41,True,IR
binir040210.0500.fits,J1628-41,16:28:46.01,-41:52:46.4,2004-02-11,08:43:40,2453046.86367,30.04,1.28,V,J,1358,2035,2130,IR_CD_header_logs/LOG_J1628-41.20040125thru20040308.csv,IR_CD_header_logs/,J1628-41,CD,YALE-03A-0001,,J1628-41,True,IR
binir040210.0501.fits,J1628-41,16:28:46.00,-41:52:46.1,2004-02-11,08:44:33,2453046.86428,30.04,1.28,V,J,1418,2005,2100,IR_CD_header_logs/LOG_J1628-41.20040125thru20040308.csv,IR_CD_header_logs/,J1628-41,CD,YALE-03A-0001,,J1628-41,True,IR
binir040210.0503.fits,J1628-41,16:28:45.99,-41:52:45.9,2004-02-11,08:46:16,2453046.86547,30.05,1.28,V,J,1418,2035,2070,IR_CD_header_logs/LOG_J1628-41.20040125thru20040308.csv,IR_CD_header_logs/,J1628-41,CD,YALE-03A-0001,,J1628-41,True,IR
binir040210.0504.fits,J1628-41,16:28:45.96,-41:52:46.2,2004-02-11,08:48:04,2453046.86671,30.04,1.27,I,K,1388,2035,2100,IR_CD_header_logs/LOG_J1628-41.20040125thru20040308.csv,IR_CD_header_logs/,J1628-41,CD,YALE-03A-0001,,J1628-41,True,IR
binir040208.0472.fits,J1628-41,16:28:46.59,-41:52:55.5,2004-02-09,08:21:18,2453044.84813,30.05,1.4,V,J,1418,2005,2100,IR_CD_header_logs/LOG_J1628-41.20040125thru20040308.csv,IR_CD_header_logs/,J1628-41,CD,YALE-03A-0001,,J1628-41,True,IR
binir040208.0480.fits,J1628-41,16:28:46.67,-41:52:54.1,2004-02-09,08:29:10,2453044.8536,30.05,1.37,I,K,1418,2035,2070,IR_CD_header_logs/LOG_J1628-41.20040125thru20040308.csv,IR_CD_header_logs/,J1628-41,CD,YALE-03A-0001,,J1628-41,True,IR
binir040205.0406.fits,J1628-41,16:28:46.79,-41:52:58.9,2004-02-06,08:23:37,2453041.84973,30.05,1.45,I,K,1418,2005,2100,IR_CD_header_logs/LOG_J1628-41.20040125thru20040308.csv,IR_CD_header_logs/,J1628-41,CD,YALE-03A-0001,,J1628-41,True,IR
binir040208.0475.fits,J1628-41,16:28:46.71,-41:52:54.7,2004-02-09,08:24:48,2453044.85056,30.05,1.39,I,K,1388,2035,2100,IR_CD_header_logs/LOG_J1628-41.20040125thru20040308.csv,IR_CD_header_logs/,J1628-41,CD,YALE-03A-0001,,J1628-41,True,IR
binir040206.0424.fits,J1628-41,16:28:45.99,-41:52:33.1,2004-02-07,08:57:50,2453042.87351,30.05,1.29,V,J,1418,2005,2100,IR_CD_header_logs/LOG_J1628-41.20040125thru20040308.csv,IR_CD_header_logs/,J1628-41,CD,YALE-03A-0001,,J1628-41,True,IR
binir040206.0425.fits,J1628-41,16:28:46.00,-41:52:33.0,2004-02-07,08:58:40,2453042.87408,30.04,1.29,V,J,1388,2005,2130,IR_CD_header_logs/LOG_J1628-41.20040125thru20040308.csv,IR_CD_header_logs/,J1628-41,CD,YALE-03A-0001,,J1628-41,True,IR
binir040206.0432.fits,J1628-41,16:28:45.96,-41:52:32.5,2004-02-07,09:05:44,2453042.87898,30.04,1.26,I,K,1418,2035,2070,IR_CD_header_logs/LOG_J1628-41.20040125thru20040308.csv,IR_CD_header_logs/,J1628-41,CD,YALE-03A-0001,,J1628-41,True,IR
binir040206.0427.fits,J1628-41,16:28:45.97,-41:52:32.7,2004-02-07,09:01:21,2453042.87594,30.05,1.28,I,K,1388,2035,2100,IR_CD_header_logs/LOG_J1628-41.20040125thru20040308.csv,IR_CD_header_logs/,J1628-41,CD,YALE-03A-0001,,J1628-41,True,IR
binir040206.0428.fits,J1628-41,16:28:45.95,-41:52:32.7,2004-02-07,09:02:13,2453042.87654,30.04,1.27,I,K,1388,2065,2070,IR_CD_header_logs/LOG_J1628-41.20040125thru20040308.csv,IR_CD_header_logs/,J1628-41,CD,YALE-03A-0001,,J1628-41,True,IR
binir040206.0429.fits,J1628-41,16:28:45.95,-41:52:32.4,2004-02-07,09:03:06,2453042.87716,30.05,1.27,I,K,1358,2035,2130,IR_CD_header_logs/LOG_J1628-41.20040125thru20040308.csv,IR_CD_header_logs/,J1628-41,CD,YALE-03A-0001,,J1628-41,True,IR
binir040206.0430.fits,J1628-41,16:28:45.95,-41:52:32.5,2004-02-07,09:03:59,2453042.87777,30.04,1.27,I,K,1418,2005,2100,IR_CD_header_logs/LOG_J1628-41.20040125thru20040308.csv,IR_CD_header_logs/,J1628-41,CD,YALE-03A-0001,,J1628-41,True,IR
binir040206.0431.fits,J1628-41,16:28:45.94,-41:52:32.6,2004-02-07,09:04:51,2453042.87838,30.05,1.27,I,K,1388,2005,2130,IR_CD_header_logs/LOG_J1628-41.20040125thru20040308.csv,IR_CD_header_logs/,J1628-41,CD,YALE-03A-0001,,J1628-41,True,IR
binir040205.0397.fits,J1628-41,16:28:46.72,-41:52:58.7,2004-02-06,08:14:49,2453041.84363,30.05,1.49,V,J,1388,2035,2100,IR_CD_header_logs/LOG_J1628-41.20040125thru20040308.csv,IR_CD_header_logs/,J1628-41,CD,YALE-03A-0001,,J1628-41,True,IR
binir040205.0398.fits,J1628-41,16:28:46.73,-41:52:58.9,2004-02-06,08:15:42,2453041.84424,30.04,1.49,V,J,1388,2065,2070,IR_CD_header_logs/LOG_J1628-41.20040125thru20040308.csv,IR_CD_header_logs/,J1628-41,CD,YALE-03A-0001,,J1628-41,True,IR
binir040205.0399.fits,J1628-41,16:28:46.73,-41:52:58.9,2004-02-06,08:16:35,2453041.84486,30.05,1.48,V,J,1358,2035,2130,IR_CD_header_logs/LOG_J1628-41.20040125thru20040308.csv,IR_CD_header_logs/,J1628-41,CD,YALE-03A-0001,,J1628-41,True,IR
binir040205.0400.fits,J1628-41,16:28:46.74,-41:52:58.9,2004-02-06,08:17:28,2453041.84547,30.05,1.48,V,J,1418,2005,2100,IR_CD_header_logs/LOG_J1628-41.20040125thru20040308.csv,IR_CD_header_logs/,J1628-41,CD,YALE-03A-0001,,J1628-41,True,IR
binir040205.0401.fits,J1628-41,16:28:46.74,-41:52:59.0,2004-02-06,08:18:18,2453041.84604,30.04,1.47,V,J,1388,2005,2130,IR_CD_header_logs/LOG_J1628-41.20040125thru20040308.csv,IR_CD_header_logs/,J1628-41,CD,YALE-03A-0001,,J1628-41,True,IR
binir040205.0402.fits,J1628-41,16:28:46.75,-41:52:58.8,2004-02-06,08:19:11,2453041.84666,30.04,1.47,V,J,1418,2035,2070,IR_CD_header_logs/LOG_J1628-41.20040125thru20040308.csv,IR_CD_header_logs/,J1628-41,CD,YALE-03A-0001,,J1628-41,True,IR
binir040205.0403.fits,J1628-41,16:28:46.73,-41:52:58.9,2004-02-06,08:20:58,2453041.84789,30.04,1.46,I,K,1388,2035,2100,IR_CD_header_logs/LOG_J1628-41.20040125thru20040308.csv,IR_CD_header_logs/,J1628-41,CD,YALE-03A-0001,,J1628-41,True,IR
binir040205.0404.fits,J1628-41,16:28:46.78,-41:52:59.0,2004-02-06,08:21:50,2453041.8485,30.04,1.45,I,K,1388,2065,2070,IR_CD_header_logs/LOG_J1628-41.20040125thru20040308.csv,IR_CD_header_logs/,J1628-41,CD,YALE-03A-0001,,J1628-41,True,IR
binir040205.0405.fits,J1628-41,16:28:46.77,-41:52:58.8,2004-02-06,08:22:43,2453041.84912,30.05,1.45,I,K,1358,2035,2130,IR_CD_header_logs/LOG_J1628-41.20040125thru20040308.csv,IR_CD_header_logs/,J1628-41,CD,YALE-03A-0001,,J1628-41,True,IR
binir040206.0423.fits,J1628-41,16:28:46.03,-41:52:33.1,2004-02-07,08:56:57,2453042.87289,30.04,1.29,V,J,1358,2035,2130,IR_CD_header_logs/LOG_J1628-41.20040125thru20040308.csv,IR_CD_header_logs/,J1628-41,CD,YALE-03A-0001,,J1628-41,True,IR
binir040206.0422.fits,J1628-41,16:28:46.08,-41:52:33.3,2004-02-07,08:56:04,2453042.87228,30.04,1.3,V,J,1388,2065,2070,IR_CD_header_logs/LOG_J1628-41.20040125thru20040308.csv,IR_CD_header_logs/,J1628-41,CD,YALE-03A-0001,,J1628-41,True,IR
binir040206.0421.fits,J1628-41,16:28:46.10,-41:52:33.5,2004-02-07,08:55:12,2453042.87167,30.04,1.3,V,J,1388,2035,2100,IR_CD_header_logs/LOG_J1628-41.20040125thru20040308.csv,IR_CD_header_logs/,J1628-41,CD,YALE-03A-0001,,J1628-41,True,IR
binir040207.0396.fits,J1628-41,16:28:47.31,-41:52:41.3,2004-02-08,08:31:21,2453043.85511,30.05,1.38,V,J,1418,2005,2100,IR_CD_header_logs/LOG_J1628-41.20040125thru20040308.csv,IR_CD_header_logs/,J1628-41,CD,YALE-03A-0001,,J1628-41,True,IR
binir040208.0476.fits,J1628-41,16:28:46.70,-41:52:54.5,2004-02-09,08:25:40,2453044.85116,30.05,1.38,I,K,1388,2065,2070,IR_CD_header_logs/LOG_J1628-41.20040125thru20040308.csv,IR_CD_header_logs/,J1628-41,CD,YALE-03A-0001,,J1628-41,True,IR
binir040208.0477.fits,J1628-41,16:28:46.69,-41:52:54.4,2004-02-09,08:26:33,2453044.85178,30.05,1.38,I,K,1358,2035,2130,IR_CD_header_logs/LOG_J1628-41.20040125thru20040308.csv,IR_CD_header_logs/,J1628-41,CD,YALE-03A-0001,,J1628-41,True,IR
binir040208.0478.fits,J1628-41,16:28:46.70,-41:52:54.4,2004-02-09,08:27:26,2453044.85239,30.05,1.38,I,K,1418,2005,2100,IR_CD_header_logs/LOG_J1628-41.20040125thru20040308.csv,IR_CD_header_logs/,J1628-41,CD,YALE-03A-0001,,J1628-41,True,IR
binir040208.0479.fits,J1628-41,16:28:46.70,-41:52:54.5,2004-02-09,08:28:18,2453044.85299,30.05,1.37,I,K,1388,2005,2130,IR_CD_header_logs/LOG_J1628-41.20040125thru20040308.csv,IR_CD_header_logs/,J1628-41,CD,YALE-03A-0001,,J1628-41,True,IR
binir040207.0393.fits,J1628-41,16:28:47.40,-41:52:41.3,2004-02-08,08:28:43,2453043.85328,30.05,1.39,V,J,1388,2035,2100,IR_CD_header_logs/LOG_J1628-41.20040125thru20040308.csv,IR_CD_header_logs/,J1628-41,CD,YALE-03A-0001,,J1628-41,True,IR
binir040207.0394.fits,J1628-41,16:28:47.36,-41:52:41.5,2004-02-08,08:29:35,2453043.85388,30.04,1.38,V,J,1388,2065,2070,IR_CD_header_logs/LOG_J1628-41.20040125thru20040308.csv,IR_CD_header_logs/,J1628-41,CD,YALE-03A-0001,,J1628-41,True,IR
binir040207.0395.fits,J1628-41,16:28:47.32,-41:52:41.4,2004-02-08,08:30:28,2453043.8545,30.04,1.38,V,J,1358,2035,2130,IR_CD_header_logs/LOG_J1628-41.20040125thru20040308.csv,IR_CD_header_logs/,J1628-41,CD,YALE-03A-0001,,J1628-41,True,IR
binir040207.0397.fits,J1628-41,16:28:47.29,-41:52:41.3,2004-02-08,08:32:13,2453043.85571,30.04,1.37,V,J,1388,2005,2130,IR_CD_header_logs/LOG_J1628-41.20040125thru20040308.csv,IR_CD_header_logs/,J1628-41,CD,YALE-03A-0001,,J1628-41,True,IR
binir040206.0426.fits,J1628-41,16:28:45.98,-41:52:33.0,2004-02-07,08:59:32,2453042.87468,30.04,1.28,V,J,1418,2035,2070,IR_CD_header_logs/LOG_J1628-41.20040125thru20040308.csv,IR_CD_header_logs/,J1628-41,CD,YALE-03A-0001,,J1628-41,True,IR
binir040207.0398.fits,J1628-41,16:28:47.28,-41:52:41.6,2004-02-08,08:33:05,2453043.85632,30.04,1.37,V,J,1418,2035,2070,IR_CD_header_logs/LOG_J1628-41.20040125thru20040308.csv,IR_CD_header_logs/,J1628-41,CD,YALE-03A-0001,,J1628-41,True,IR
binir040207.0399.fits,J1628-41,16:28:47.22,-41:52:41.6,2004-02-08,08:34:51,2453043.85754,30.04,1.36,I,K,1388,2035,2100,IR_CD_header_logs/LOG_J1628-41.20040125thru20040308.csv,IR_CD_header_logs/,J1628-41,CD,YALE-03A-0001,,J1628-41,True,IR
binir040207.0400.fits,J1628-41,16:28:47.18,-41:52:41.4,2004-02-08,08:35:43,2453043.85814,30.05,1.36,I,K,1388,2065,2070,IR_CD_header_logs/LOG_J1628-41.20040125thru20040308.csv,IR_CD_header_logs/,J1628-41,CD,YALE-03A-0001,,J1628-41,True,IR
binir040207.0401.fits,J1628-41,16:28:47.14,-41:52:41.6,2004-02-08,08:36:36,2453043.85875,30.05,1.35,I,K,1358,2035,2130,IR_CD_header_logs/LOG_J1628-41.20040125thru20040308.csv,IR_CD_header_logs/,J1628-41,CD,YALE-03A-0001,,J1628-41,True,IR
binir040207.0402.fits,J1628-41,16:28:47.13,-41:52:41.6,2004-02-08,08:37:29,2453043.85937,30.04,1.35,I,K,1418,2005,2100,IR_CD_header_logs/LOG_J1628-41.20040125thru20040308.csv,IR_CD_header_logs/,J1628-41,CD,YALE-03A-0001,,J1628-41,True,IR
binir040207.0403.fits,J1628-41,16:28:47.11,-41:52:41.3,2004-02-08,08:38:21,2453043.85997,30.04,1.35,I,K,1388,2005,2130,IR_CD_header_logs/LOG_J1628-41.20040125thru20040308.csv,IR_CD_header_logs/,J1628-41,CD,YALE-03A-0001,,J1628-41,True,IR
binir040207.0404.fits,J1628-41,16:28:47.10,-41:52:41.5,2004-02-08,08:39:14,2453043.86058,30.04,1.34,I,K,1418,2035,2070,IR_CD_header_logs/LOG_J1628-41.20040125thru20040308.csv,IR_CD_header_logs/,J1628-41,CD,YALE-03A-0001,,J1628-41,True,IR
binir040129.0393.fits,J1628-41,16:28:47.51,-41:52:38.0,2004-01-30,08:19:05,2453034.8466,30.05,1.63,I,K,1388,2065,2070,IR_CD_header_logs/LOG_J1628-41.20040125thru20040308.csv,IR_CD_header_logs/,J1628-41,CD,YALE-03A-0001,,J1628-41,True,IR
binir040129.0395.fits,J1628-41,16:28:47.58,-41:52:37.6,2004-01-30,08:20:51,2453034.84782,30.05,1.62,I,K,1418,2005,2100,IR_CD_header_logs/LOG_J1628-41.20040125thru20040308.csv,IR_CD_header_logs/,J1628-41,CD,YALE-03A-0001,,J1628-41,True,IR
binir040129.0396.fits,J1628-41,16:28:47.62,-41:52:37.4,2004-01-30,08:21:43,2453034.84842,30.04,1.61,I,K,1388,2005,2130,IR_CD_header_logs/LOG_J1628-41.20040125thru20040308.csv,IR_CD_header_logs/,J1628-41,CD,YALE-03A-0001,,J1628-41,True,IR
binir040125.0401.fits,J1628-41,16:28:46.23,-41:53:11.6,2004-01-26,08:41:40,2453030.86228,30.04,1.59,V,J,1388,2035,2100,IR_CD_header_logs/LOG_J1628-41.20040125thru20040308.csv,IR_CD_header_logs/,J1628-41,CD,YALE-03A-0001,,J1628-41,True,IR
binir040127.0368.fits,J1628-41,16:28:46.16,-41:52:40.6,2004-01-28,08:48:49,2453032.86723,30.04,1.5,I,K,1388,2065,2070,IR_CD_header_logs/LOG_J1628-41.20040125thru20040308.csv,IR_CD_header_logs/,J1628-41,CD,YALE-03A-0001,,J1628-41,True,IR
binir040127.0369.fits,J1628-41,16:28:46.17,-41:52:40.5,2004-01-28,08:49:41,2453032.86784,30.04,1.49,I,K,1358,2035,2130,IR_CD_header_logs/LOG_J1628-41.20040125thru20040308.csv,IR_CD_header_logs/,J1628-41,CD,YALE-03A-0001,,J1628-41,True,IR
binir040127.0370.fits,J1628-41,16:28:46.19,-41:52:40.2,2004-01-28,08:50:35,2453032.86846,30.04,1.49,I,K,1418,2005,2100,IR_CD_header_logs/LOG_J1628-41.20040125thru20040308.csv,IR_CD_header_logs/,J1628-41,CD,YALE-03A-0001,,J1628-41,True,IR
binir040127.0371.fits,J1628-41,16:28:46.19,-41:52:40.2,2004-01-28,08:51:26,2453032.86906,30.05,1.48,I,K,1388,2005,2130,IR_CD_header_logs/LOG_J1628-41.20040125thru20040308.csv,IR_CD_header_logs/,J1628-41,CD,YALE-03A-0001,,J1628-41,True,IR
binir040127.0372.fits,J1628-41,16:28:46.22,-41:52:39.9,2004-01-28,08:52:19,2453032.86967,30.04,1.48,I,K,1418,2035,2070,IR_CD_header_logs/LOG_J1628-41.20040125thru20040308.csv,IR_CD_header_logs/,J1628-41,CD,YALE-03A-0001,,J1628-41,True,IR
binir040126.0427.fits,J1628-41,16:28:46.68,-41:52:44.5,2004-01-27,08:19:53,2453031.84715,30.05,1.71,V,J,1418,2035,2070,IR_CD_header_logs/LOG_J1628-41.20040125thru20040308.csv,IR_CD_header_logs/,J1628-41,CD,YALE-03A-0001,,J1628-41,True,IR
binir040126.0422.fits,J1628-41,16:28:46.48,-41:52:45.4,2004-01-27,08:15:30,2453031.8441,30.04,1.74,V,J,1388,2035,2100,IR_CD_header_logs/LOG_J1628-41.20040125thru20040308.csv,IR_CD_header_logs/,J1628-41,CD,YALE-03A-0001,,J1628-41,True,IR
binir040126.0423.fits,J1628-41,16:28:46.51,-41:52:45.4,2004-01-27,08:16:22,2453031.84471,30.05,1.74,V,J,1388,2065,2070,IR_CD_header_logs/LOG_J1628-41.20040125thru20040308.csv,IR_CD_header_logs/,J1628-41,CD,YALE-03A-0001,,J1628-41,True,IR
binir040126.0425.fits,J1628-41,16:28:46.57,-41:52:45.0,2004-01-27,08:18:08,2453031.84593,30.05,1.72,V,J,1418,2005,2100,IR_CD_header_logs/LOG_J1628-41.20040125thru20040308.csv,IR_CD_header_logs/,J1628-41,CD,YALE-03A-0001,,J1628-41,True,IR
binir040126.0426.fits,J1628-41,16:28:46.62,-41:52:44.7,2004-01-27,08:19:00,2453031.84653,30.04,1.72,V,J,1388,2005,2130,IR_CD_header_logs/LOG_J1628-41.20040125thru20040308.csv,IR_CD_header_logs/,J1628-41,CD,YALE-03A-0001,,J1628-41,True,IR
binir040126.0424.fits,J1628-41,16:28:46.54,-41:52:45.1,2004-01-27,08:17:15,2453031.84532,30.05,1.73,V,J,1358,2035,2130,IR_CD_header_logs/LOG_J1628-41.20040125thru20040308.csv,IR_CD_header_logs/,J1628-41,CD,YALE-03A-0001,,J1628-41,True,IR
binir040126.0428.fits,J1628-41,16:28:46.71,-41:52:44.0,2004-01-27,08:21:38,2453031.84836,30.04,1.7,I,K,1388,2035,2100,IR_CD_header_logs/LOG_J1628-41.20040125thru20040308.csv,IR_CD_header_logs/,J1628-41,CD,YALE-03A-0001,,J1628-41,True,IR
binir040126.0430.fits,J1628-41,16:28:46.79,-41:52:44.0,2004-01-27,08:23:23,2453031.84958,30.04,1.68,I,K,1358,2035,2130,IR_CD_header_logs/LOG_J1628-41.20040125thru20040308.csv,IR_CD_header_logs/,J1628-41,CD,YALE-03A-0001,,J1628-41,True,IR
binir040126.0431.fits,J1628-41,16:28:46.80,-41:52:43.5,2004-01-27,08:24:16,2453031.85019,30.05,1.68,I,K,1418,2005,2100,IR_CD_header_logs/LOG_J1628-41.20040125thru20040308.csv,IR_CD_header_logs/,J1628-41,CD,YALE-03A-0001,,J1628-41,True,IR
binir040126.0432.fits,J1628-41,16:28:46.87,-41:52:43.3,2004-01-27,08:25:09,2453031.8508,30.04,1.67,I,K,1388,2005,2130,IR_CD_header_logs/LOG_J1628-41.20040125thru20040308.csv,IR_CD_header_logs/,J1628-41,CD,YALE-03A-0001,,J1628-41,True,IR
binir040126.0433.fits,J1628-41,16:28:46.85,-41:52:43.2,2004-01-27,08:26:01,2453031.85141,30.04,1.66,I,K,1418,2035,2070,IR_CD_header_logs/LOG_J1628-41.20040125thru20040308.csv,IR_CD_header_logs/,J1628-41,CD,YALE-03A-0001,,J1628-41,True,IR
binir040126.0429.fits,J1628-41,16:28:46.75,-41:52:44.1,2004-01-27,08:22:30,2453031.84897,30.04,1.69,I,K,1388,2065,2070,IR_CD_header_logs/LOG_J1628-41.20040125thru20040308.csv,IR_CD_header_logs/,J1628-41,CD,YALE-03A-0001,,J1628-41,True,IR
binir040127.0367.fits,J1628-41,16:28:46.16,-41:52:40.8,2004-01-28,08:47:56,2453032.86663,30.05,1.5,I,K,1388,2035,2100,IR_CD_header_logs/LOG_J1628-41.20040125thru20040308.csv,IR_CD_header_logs/,J1628-41,CD,YALE-03A-0001,,J1628-41,True,IR
binir040127.0366.fits,J1628-41,16:28:46.14,-41:52:40.8,2004-01-28,08:46:11,2453032.86541,30.05,1.51,V,J,1418,2035,2070,IR_CD_header_logs/LOG_J1628-41.20040125thru20040308.csv,IR_CD_header_logs/,J1628-41,CD,YALE-03A-0001,,J1628-41,True,IR
binir040127.0364.fits,J1628-41,16:28:46.08,-41:52:41.2,2004-01-28,08:44:26,2453032.8642,30.04,1.52,V,J,1418,2005,2100,IR_CD_header_logs/LOG_J1628-41.20040125thru20040308.csv,IR_CD_header_logs/,J1628-41,CD,YALE-03A-0001,,J1628-41,True,IR
binir040128.0266.fits,J1628-41,16:28:46.26,-41:52:50.7,2004-01-29,08:10:51,2453033.84088,30.05,1.72,I,K,1358,2035,2130,IR_CD_header_logs/LOG_J1628-41.20040125thru20040308.csv,IR_CD_header_logs/,J1628-41,CD,YALE-03A-0001,,J1628-41,True,IR
binir040129.0397.fits,J1628-41,16:28:47.64,-41:52:37.1,2004-01-30,08:22:35,2453034.84903,30.05,1.61,I,K,1418,2035,2070,IR_CD_header_logs/LOG_J1628-41.20040125thru20040308.csv,IR_CD_header_logs/,J1628-41,CD,YALE-03A-0001,,J1628-41,True,IR
binir040128.0258.fits,J1628-41,16:28:45.98,-41:52:52.3,2004-01-29,08:02:58,2453033.8354,30.04,1.78,V,J,1388,2035,2100,IR_CD_header_logs/LOG_J1628-41.20040125thru20040308.csv,IR_CD_header_logs/,J1628-41,CD,YALE-03A-0001,,J1628-41,True,IR
binir040128.0259.fits,J1628-41,16:28:46.01,-41:52:52.1,2004-01-29,08:03:51,2453033.83601,30.04,1.77,V,J,1388,2065,2070,IR_CD_header_logs/LOG_J1628-41.20040125thru20040308.csv,IR_CD_header_logs/,J1628-41,CD,YALE-03A-0001,,J1628-41,True,IR
binir040128.0260.fits,J1628-41,16:28:46.03,-41:52:52.0,2004-01-29,08:04:43,2453033.83662,30.04,1.77,V,J,1358,2035,2130,IR_CD_header_logs/LOG_J1628-41.20040125thru20040308.csv,IR_CD_header_logs/,J1628-41,CD,YALE-03A-0001,,J1628-41,True,IR
binir040128.0263.fits,J1628-41,16:28:46.12,-41:52:51.4,2004-01-29,08:07:21,2453033.83845,30.04,1.75,V,J,1418,2035,2070,IR_CD_header_logs/LOG_J1628-41.20040125thru20040308.csv,IR_CD_header_logs/,J1628-41,CD,YALE-03A-0001,,J1628-41,True,IR
binir040128.0261.fits,J1628-41,16:28:46.05,-41:52:51.9,2004-01-29,08:05:36,2453033.83723,30.05,1.76,V,J,1418,2005,2100,IR_CD_header_logs/LOG_J1628-41.20040125thru20040308.csv,IR_CD_header_logs/,J1628-41,CD,YALE-03A-0001,,J1628-41,True,IR
binir040128.0262.fits,J1628-41,16:28:46.10,-41:52:51.5,2004-01-29,08:06:28,2453033.83783,30.05,1.75,V,J,1388,2005,2130,IR_CD_header_logs/LOG_J1628-41.20040125thru20040308.csv,IR_CD_header_logs/,J1628-41,CD,YALE-03A-0001,,J1628-41,True,IR
binir040128.0264.fits,J1628-41,16:28:46.17,-41:52:51.0,2004-01-29,08:09:06,2453033.83966,30.04,1.73,I,K,1388,2035,2100,IR_CD_header_logs/LOG_J1628-41.20040125thru20040308.csv,IR_CD_header_logs/,J1628-41,CD,YALE-03A-0001,,J1628-41,True,IR
binir040127.0363.fits,J1628-41,16:28:46.09,-41:52:41.1,2004-01-28,08:43:33,2453032.86359,30.04,1.53,V,J,1358,2035,2130,IR_CD_header_logs/LOG_J1628-41.20040125thru20040308.csv,IR_CD_header_logs/,J1628-41,CD,YALE-03A-0001,,J1628-41,True,IR
binir040128.0267.fits,J1628-41,16:28:46.32,-41:52:50.3,2004-01-29,08:11:44,2453033.84148,30.04,1.71,I,K,1418,2005,2100,IR_CD_header_logs/LOG_J1628-41.20040125thru20040308.csv,IR_CD_header_logs/,J1628-41,CD,YALE-03A-0001,,J1628-41,True,IR
binir040128.0268.fits,J1628-41,16:28:46.34,-41:52:50.3,2004-01-29,08:12:36,2453033.84209,30.05,1.71,I,K,1388,2005,2130,IR_CD_header_logs/LOG_J1628-41.20040125thru20040308.csv,IR_CD_header_logs/,J1628-41,CD,YALE-03A-0001,,J1628-41,True,IR
binir040128.0269.fits,J1628-41,16:28:46.39,-41:52:49.9,2004-01-29,08:13:29,2453033.8427,30.05,1.7,I,K,1418,2035,2070,IR_CD_header_logs/LOG_J1628-41.20040125thru20040308.csv,IR_CD_header_logs/,J1628-41,CD,YALE-03A-0001,,J1628-41,True,IR
binir040128.0265.fits,J1628-41,16:28:46.23,-41:52:50.9,2004-01-29,08:09:58,2453033.84026,30.05,1.73,I,K,1388,2065,2070,IR_CD_header_logs/LOG_J1628-41.20040125thru20040308.csv,IR_CD_header_logs/,J1628-41,CD,YALE-03A-0001,,J1628-41,True,IR
binir040127.0365.fits,J1628-41,16:28:46.13,-41:52:40.9,2004-01-28,08:45:18,2453032.8648,30.04,1.52,V,J,1388,2005,2130,IR_CD_header_logs/LOG_J1628-41.20040125thru20040308.csv,IR_CD_header_logs/,J1628-41,CD,YALE-03A-0001,,J1628-41,True,IR
binir040127.0361.fits,J1628-41,16:28:46.05,-41:52:41.7,2004-01-28,08:41:48,2453032.86237,30.04,1.54,V,J,1388,2035,2100,IR_CD_header_logs/LOG_J1628-41.20040125thru20040308.csv,IR_CD_header_logs/,J1628-41,CD,YALE-03A-0001,,J1628-41,True,IR
binir040127.0362.fits,J1628-41,16:28:46.07,-41:52:41.6,2004-01-28,08:42:40,2453032.86297,30.05,1.53,V,J,1388,2065,2070,IR_CD_header_logs/LOG_J1628-41.20040125thru20040308.csv,IR_CD_header_logs/,J1628-41,CD,YALE-03A-0001,,J1628-41,True,IR
binir040125.0406.fits,J1628-41,16:28:46.35,-41:53:10.5,2004-01-26,08:46:03,2453030.86532,30.04,1.56,V,J,1418,2035,2070,IR_CD_header_logs/LOG_J1628-41.20040125thru20040308.csv,IR_CD_header_logs/,J1628-41,CD,YALE-03A-0001,,J1628-41,True,IR
binir040125.0402.fits,J1628-41,16:28:46.26,-41:53:11.2,2004-01-26,08:42:32,2453030.86288,30.05,1.58,V,J,1388,2065,2070,IR_CD_header_logs/LOG_J1628-41.20040125thru20040308.csv,IR_CD_header_logs/,J1628-41,CD,YALE-03A-0001,,J1628-41,True,IR
binir040125.0404.fits,J1628-41,16:28:46.29,-41:53:11.1,2004-01-26,08:44:18,2453030.8641,30.04,1.57,V,J,1418,2005,2100,IR_CD_header_logs/LOG_J1628-41.20040125thru20040308.csv,IR_CD_header_logs/,J1628-41,CD,YALE-03A-0001,,J1628-41,True,IR
binir040124.0446.fits,J1628-41,16:28:47.38,-41:52:37.5,2004-01-25,08:43:13,2453029.86335,30.05,1.6,V,J,1388,2035,2100,IR_CD_header_logs/LOG_J1628-41.20040125thru20040308.csv,IR_CD_header_logs/,J1628-41,CD,YALE-03A-0001,,J1628-41,True,IR
binir040124.0457.fits,J1628-41,16:28:47.63,-41:52:36.1,2004-01-25,08:53:45,2453029.87067,30.04,1.54,I,K,1418,2035,2070,IR_CD_header_logs/LOG_J1628-41.20040125thru20040308.csv,IR_CD_header_logs/,J1628-41,CD,YALE-03A-0001,,J1628-41,True,IR
binir040124.0456.fits,J1628-41,16:28:47.62,-41:52:36.3,2004-01-25,08:52:52,2453029.87005,30.04,1.54,I,K,1388,2005,2130,IR_CD_header_logs/LOG_J1628-41.20040125thru20040308.csv,IR_CD_header_logs/,J1628-41,CD,YALE-03A-0001,,J1628-41,True,IR
binir040125.0408.fits,J1628-41,16:28:46.45,-41:53:9.8,2004-01-26,08:48:40,2453030.86713,30.05,1.54,I,K,1388,2065,2070,IR_CD_header_logs/LOG_J1628-41.20040125thru20040308.csv,IR_CD_header_logs/,J1628-41,CD,YALE-03A-0001,,J1628-41,True,IR
binir040125.0405.fits,J1628-41,16:28:46.32,-41:53:10.8,2004-01-26,08:45:10,2453030.8647,30.04,1.56,V,J,1388,2005,2130,IR_CD_header_logs/LOG_J1628-41.20040125thru20040308.csv,IR_CD_header_logs/,J1628-41,CD,YALE-03A-0001,,J1628-41,True,IR
binir040125.0403.fits,J1628-41,16:28:46.29,-41:53:11.2,2004-01-26,08:43:25,2453030.86349,30.05,1.58,V,J,1358,2035,2130,IR_CD_header_logs/LOG_J1628-41.20040125thru20040308.csv,IR_CD_header_logs/,J1628-41,CD,YALE-03A-0001,,J1628-41,True,IR
binir040125.0407.fits,J1628-41,16:28:46.41,-41:53:10.2,2004-01-26,08:47:48,2453030.86653,30.04,1.55,I,K,1388,2035,2100,IR_CD_header_logs/LOG_J1628-41.20040125thru20040308.csv,IR_CD_header_logs/,J1628-41,CD,YALE-03A-0001,,J1628-41,True,IR
binir040125.0409.fits,J1628-41,16:28:46.45,-41:53:9.8,2004-01-26,08:49:33,2453030.86775,30.04,1.54,I,K,1358,2035,2130,IR_CD_header_logs/LOG_J1628-41.20040125thru20040308.csv,IR_CD_header_logs/,J1628-41,CD,YALE-03A-0001,,J1628-41,True,IR
binir040125.0410.fits,J1628-41,16:28:46.47,-41:53:9.0,2004-01-26,08:50:26,2453030.86836,30.05,1.53,I,K,1418,2005,2100,IR_CD_header_logs/LOG_J1628-41.20040125thru20040308.csv,IR_CD_header_logs/,J1628-41,CD,YALE-03A-0001,,J1628-41,True,IR
binir040125.0411.fits,J1628-41,16:28:46.40,-41:53:8.8,2004-01-26,08:51:18,2453030.86896,30.04,1.53,I,K,1388,2005,2130,IR_CD_header_logs/LOG_J1628-41.20040125thru20040308.csv,IR_CD_header_logs/,J1628-41,CD,YALE-03A-0001,,J1628-41,True,IR
binir040125.0412.fits,J1628-41,16:28:46.52,-41:53:8.9,2004-01-26,08:52:11,2453030.86957,30.04,1.52,I,K,1418,2035,2070,IR_CD_header_logs/LOG_J1628-41.20040125thru20040308.csv,IR_CD_header_logs/,J1628-41,CD,YALE-03A-0001,,J1628-41,True,IR
binir040124.0451.fits,J1628-41,16:28:47.47,-41:52:37.1,2004-01-25,08:47:37,2453029.8664,30.04,1.57,V,J,1418,2035,2070,IR_CD_header_logs/LOG_J1628-41.20040125thru20040308.csv,IR_CD_header_logs/,J1628-41,CD,YALE-03A-0001,,J1628-41,True,IR
binir040124.0455.fits,J1628-41,16:28:47.63,-41:52:36.3,2004-01-25,08:52:00,2453029.86945,30.05,1.55,I,K,1418,2005,2100,IR_CD_header_logs/LOG_J1628-41.20040125thru20040308.csv,IR_CD_header_logs/,J1628-41,CD,YALE-03A-0001,,J1628-41,True,IR
binir040124.0447.fits,J1628-41,16:28:47.39,-41:52:37.2,2004-01-25,08:44:06,2453029.86396,30.05,1.6,V,J,1388,2065,2070,IR_CD_header_logs/LOG_J1628-41.20040125thru20040308.csv,IR_CD_header_logs/,J1628-41,CD,YALE-03A-0001,,J1628-41,True,IR
binir040124.0448.fits,J1628-41,16:28:47.41,-41:52:37.4,2004-01-25,08:44:58,2453029.86457,30.04,1.59,V,J,1358,2035,2130,IR_CD_header_logs/LOG_J1628-41.20040125thru20040308.csv,IR_CD_header_logs/,J1628-41,CD,YALE-03A-0001,,J1628-41,True,IR
binir040124.0449.fits,J1628-41,16:28:47.42,-41:52:37.4,2004-01-25,08:45:51,2453029.86518,30.04,1.58,V,J,1418,2005,2100,IR_CD_header_logs/LOG_J1628-41.20040125thru20040308.csv,IR_CD_header_logs/,J1628-41,CD,YALE-03A-0001,,J1628-41,True,IR
binir040124.0450.fits,J1628-41,16:28:47.43,-41:52:37.5,2004-01-25,08:46:44,2453029.86579,30.05,1.58,V,J,1388,2005,2130,IR_CD_header_logs/LOG_J1628-41.20040125thru20040308.csv,IR_CD_header_logs/,J1628-41,CD,YALE-03A-0001,,J1628-41,True,IR
binir040124.0454.fits,J1628-41,16:28:47.59,-41:52:36.6,2004-01-25,08:51:07,2453029.86884,30.05,1.55,I,K,1358,2035,2130,IR_CD_header_logs/LOG_J1628-41.20040125thru20040308.csv,IR_CD_header_logs/,J1628-41,CD,YALE-03A-0001,,J1628-41,True,IR
binir040124.0452.fits,J1628-41,16:28:47.52,-41:52:36.9,2004-01-25,08:49:22,2453029.86762,30.05,1.56,I,K,1388,2035,2100,IR_CD_header_logs/LOG_J1628-41.20040125thru20040308.csv,IR_CD_header_logs/,J1628-41,CD,YALE-03A-0001,,J1628-41,True,IR
binir040124.0453.fits,J1628-41,16:28:47.54,-41:52:36.9,2004-01-25,08:50:14,2453029.86822,30.05,1.56,I,K,1388,2065,2070,IR_CD_header_logs/LOG_J1628-41.20040125thru20040308.csv,IR_CD_header_logs/,J1628-41,CD,YALE-03A-0001,,J1628-41,True,IR
binir040212.0435.fits,J1628-41,16:28:47.28,-41:52:38.7,2004-02-13,08:59:04,2453048.87436,30.04,1.21,V,J,1388,2035,2100,IR_CD_header_logs/LOG_J1628-41.20040125thru20040308.csv,IR_CD_header_logs/,J1628-41,CD,YALE-03A-0001,,J1628-41,True,IR
binir040212.0436.fits,J1628-41,16:28:47.27,-41:52:38.6,2004-02-13,08:59:56,2453048.87496,30.05,1.21,V,J,1388,2065,2070,IR_CD_header_logs/LOG_J1628-41.20040125thru20040308.csv,IR_CD_header_logs/,J1628-41,CD,YALE-03A-0001,,J1628-41,True,IR
binir040212.0440.fits,J1628-41,16:28:47.30,-41:52:37.5,2004-02-13,09:03:27,2453048.87741,30.04,1.2,V,J,1418,2035,2070,IR_CD_header_logs/LOG_J1628-41.20040125thru20040308.csv,IR_CD_header_logs/,J1628-41,CD,YALE-03A-0001,,J1628-41,True,IR
binir040213.0498.fits,J1628-41,16:28:47.06,-41:52:35.5,2004-02-14,09:03:51,2453049.87768,30.04,1.19,I,K,1418,2035,2070,IR_CD_header_logs/LOG_J1628-41.20040125thru20040308.csv,IR_CD_header_logs/,J1628-41,CD,YALE-03A-0001,,J1628-41,True,IR
binir040306.0464.fits,J1628-41,16:28:47.72,-41:52:38.7,2004-03-07,08:17:52,2453071.84574,30.05,1.11,I,K,1418,2035,2070,IR_CD_header_logs/LOG_J1628-41.20040125thru20040308.csv,IR_CD_header_logs/,J1628-41,CD,YAL2-03A-0001,,J1628-41,True,IR
binir040307skyV.0507.fits,J1628-41,16:28:47.00,-41:52:48.5,2004-03-08,07:57:47,2453072.8318,30.05,1.14,V,J,1418,2005,2100,IR_CD_header_logs/LOG_J1628-41.20040125thru20040308.csv,IR_CD_header_logs/,J1628-41,CD,YALE-03A-0001,,J1628-41,True,IR
binir040307skyV.0506.fits,J1628-41,16:28:46.98,-41:52:48.5,2004-03-08,07:56:54,2453072.83119,30.05,1.14,V,J,1358,2035,2130,IR_CD_header_logs/LOG_J1628-41.20040125thru20040308.csv,IR_CD_header_logs/,J1628-41,CD,YALE-03A-0001,,J1628-41,True,IR
binir040307skyV.0509.fits,J1628-41,16:28:47.00,-41:52:48.1,2004-03-08,07:59:32,2453072.83301,30.04,1.13,V,J,1418,2035,2070,IR_CD_header_logs/LOG_J1628-41.20040125thru20040308.csv,IR_CD_header_logs/,J1628-41,CD,YALE-03A-0001,,J1628-41,True,IR
binir040307skyV.0510.fits,J1628-41,16:28:47.05,-41:52:48.3,2004-03-08,08:01:22,2453072.83428,30.05,1.13,I,K,1388,2035,2100,IR_CD_header_logs/LOG_J1628-41.20040125thru20040308.csv,IR_CD_header_logs/,J1628-41,CD,YALE-03A-0001,,J1628-41,True,IR
binir040307skyV.0511.fits,J1628-41,16:28:47.06,-41:52:48.0,2004-03-08,08:02:14,2453072.83489,30.04,1.13,I,K,1388,2065,2070,IR_CD_header_logs/LOG_J1628-41.20040125thru20040308.csv,IR_CD_header_logs/,J1628-41,CD,YALE-03A-0001,,J1628-41,True,IR
binir040307skyV.0512.fits,J1628-41,16:28:47.09,-41:52:48.0,2004-03-08,08:03:07,2453072.8355,30.05,1.13,I,K,1358,2035,2130,IR_CD_header_logs/LOG_J1628-41.20040125thru20040308.csv,IR_CD_header_logs/,J1628-41,CD,YALE-03A-0001,,J1628-41,True,IR
binir040307skyV.0513.fits,J1628-41,16:28:47.11,-41:52:48.0,2004-03-08,08:04:00,2453072.83611,30.05,1.13,I,K,1418,2005,2100,IR_CD_header_logs/LOG_J1628-41.20040125thru20040308.csv,IR_CD_header_logs/,J1628-41,CD,YALE-03A-0001,,J1628-41,True,IR
binir040306.0458.fits,J1628-41,16:28:47.49,-41:52:39.2,2004-03-07,08:11:42,2453071.84146,30.05,1.12,V,J,1418,2035,2070,IR_CD_header_logs/LOG_J1628-41.20040125thru20040308.csv,IR_CD_header_logs/,J1628-41,CD,YAL2-03A-0001,,J1628-41,True,IR
binir040306.0453.fits,J1628-41,16:28:47.40,-41:52:40.4,2004-03-07,08:07:20,2453071.83843,30.04,1.13,V,J,1388,2035,2100,IR_CD_header_logs/LOG_J1628-41.20040125thru20040308.csv,IR_CD_header_logs/,J1628-41,CD,YAL2-03A-0001,,J1628-41,True,IR
binir040306.0454.fits,J1628-41,16:28:47.43,-41:52:39.8,2004-03-07,08:08:12,2453071.83903,30.05,1.13,V,J,1388,2065,2070,IR_CD_header_logs/LOG_J1628-41.20040125thru20040308.csv,IR_CD_header_logs/,J1628-41,CD,YAL2-03A-0001,,J1628-41,True,IR
binir040306.0455.fits,J1628-41,16:28:47.43,-41:52:39.7,2004-03-07,08:09:05,2453071.83964,30.04,1.12,V,J,1358,2035,2130,IR_CD_header_logs/LOG_J1628-41.20040125thru20040308.csv,IR_CD_header_logs/,J1628-41,CD,YAL2-03A-0001,,J1628-41,True,IR
binir040306.0456.fits,J1628-41,16:28:47.43,-41:52:39.7,2004-03-07,08:09:58,2453071.84025,30.04,1.12,V,J,1418,2005,2100,IR_CD_header_logs/LOG_J1628-41.20040125thru20040308.csv,IR_CD_header_logs/,J1628-41,CD,YAL2-03A-0001,,J1628-41,True,IR
binir040306.0457.fits,J1628-41,16:28:47.47,-41:52:39.2,2004-03-07,08:10:50,2453071.84086,30.04,1.12,V,J,1388,2005,2130,IR_CD_header_logs/LOG_J1628-41.20040125thru20040308.csv,IR_CD_header_logs/,J1628-41,CD,YAL2-03A-0001,,J1628-41,True,IR
binir040306.0461.fits,J1628-41,16:28:47.63,-41:52:38.9,2004-03-07,08:15:14,2453071.84392,30.05,1.11,I,K,1358,2035,2130,IR_CD_header_logs/LOG_J1628-41.20040125thru20040308.csv,IR_CD_header_logs/,J1628-41,CD,YAL2-03A-0001,,J1628-41,True,IR
binir040306.0459.fits,J1628-41,16:28:47.59,-41:52:39.1,2004-03-07,08:13:29,2453071.84271,30.05,1.12,I,K,1388,2035,2100,IR_CD_header_logs/LOG_J1628-41.20040125thru20040308.csv,IR_CD_header_logs/,J1628-41,CD,YAL2-03A-0001,,J1628-41,True,IR
binir040306.0460.fits,J1628-41,16:28:47.58,-41:52:39.2,2004-03-07,08:14:22,2453071.84331,30.05,1.11,I,K,1388,2065,2070,IR_CD_header_logs/LOG_J1628-41.20040125thru20040308.csv,IR_CD_header_logs/,J1628-41,CD,YAL2-03A-0001,,J1628-41,True,IR
binir040306.0462.fits,J1628-41,16:28:47.66,-41:52:39.0,2004-03-07,08:16:07,2453071.84453,30.05,1.11,I,K,1418,2005,2100,IR_CD_header_logs/LOG_J1628-41.20040125thru20040308.csv,IR_CD_header_logs/,J1628-41,CD,YAL2-03A-0001,,J1628-41,True,IR
binir040307skyV.0505.fits,J1628-41,16:28:46.97,-41:52:48.8,2004-03-08,07:56:02,2453072.83058,30.04,1.14,V,J,1388,2065,2070,IR_CD_header_logs/LOG_J1628-41.20040125thru20040308.csv,IR_CD_header_logs/,J1628-41,CD,YALE-03A-0001,,J1628-41,True,IR
binir040307skyV.0504.fits,J1628-41,16:28:46.96,-41:52:49.0,2004-03-08,07:55:12,2453072.83001,30.05,1.14,V,J,1388,2035,2100,IR_CD_header_logs/LOG_J1628-41.20040125thru20040308.csv,IR_CD_header_logs/,J1628-41,CD,YALE-03A-0001,,J1628-41,True,IR
binir040307skyV.0514.fits,J1628-41,16:28:47.12,-41:52:48.0,2004-03-08,08:04:52,2453072.83672,30.05,1.12,I,K,1388,2005,2130,IR_CD_header_logs/LOG_J1628-41.20040125thru20040308.csv,IR_CD_header_logs/,J1628-41,CD,YALE-03A-0001,,J1628-41,True,IR
binir040307skyV.0508.fits,J1628-41,16:28:47.01,-41:52:48.5,2004-03-08,07:58:39,2453072.83241,30.05,1.14,V,J,1388,2005,2130,IR_CD_header_logs/LOG_J1628-41.20040125thru20040308.csv,IR_CD_header_logs/,J1628-41,CD,YALE-03A-0001,,J1628-41,True,IR
binir040307skyV.0515.fits,J1628-41,16:28:47.12,-41:52:48.0,2004-03-08,08:05:44,2453072.83732,30.04,1.12,I,K,1418,2035,2070,IR_CD_header_logs/LOG_J1628-41.20040125thru20040308.csv,IR_CD_header_logs/,J1628-41,CD,YALE-03A-0001,,J1628-41,True,IR
binir040306.0463.fits,J1628-41,16:28:47.70,-41:52:38.8,2004-03-07,08:16:59,2453071.84513,30.04,1.11,I,K,1388,2005,2130,IR_CD_header_logs/LOG_J1628-41.20040125thru20040308.csv,IR_CD_header_logs/,J1628-41,CD,YAL2-03A-0001,,J1628-41,True,IR
binir040303.0384.fits,J1628-41,16:28:47.21,-41:52:37.5,2004-03-04,07:18:40,2453068.80464,30.04,1.28,V,J,1418,2035,2070,IR_CD_header_logs/LOG_J1628-41.20040125thru20040308.csv,IR_CD_header_logs/,J1628-41,CD,YALE-03A-0001,,J1628-41,True,IR
binir040303.0379.fits,J1628-41,16:28:47.27,-41:52:38.0,2004-03-04,07:14:20,2453068.80162,30.04,1.29,V,J,1388,2035,2100,IR_CD_header_logs/LOG_J1628-41.20040125thru20040308.csv,IR_CD_header_logs/,J1628-41,CD,YALE-03A-0001,,J1628-41,True,IR
binir040302.0365.fits,J1628-41,16:28:47.49,-41:52:37.5,2004-03-03,08:13:41,2453067.84284,30.05,1.15,I,K,1388,2005,2130,IR_CD_header_logs/LOG_J1628-41.20040125thru20040308.csv,IR_CD_header_logs/,J1628-41,CD,YALE-03A-0001,,J1628-41,True,IR
binir040302.0366.fits,J1628-41,16:28:47.50,-41:52:37.4,2004-03-03,08:14:33,2453067.84344,30.05,1.14,I,K,1418,2035,2070,IR_CD_header_logs/LOG_J1628-41.20040125thru20040308.csv,IR_CD_header_logs/,J1628-41,CD,YALE-03A-0001,,J1628-41,True,IR
binir040301.0389.fits,J1628-41,16:28:47.09,-41:52:38.2,2004-03-02,07:18:00,2453066.80417,30.04,1.31,V,J,1418,2035,2070,IR_CD_header_logs/LOG_J1628-41.20040125thru20040308.csv,IR_CD_header_logs/,J1628-41,CD,YALE-03A-0001,,J1628-41,True,IR
binir040301.0384.fits,J1628-41,16:28:47.23,-41:52:38.7,2004-03-02,07:13:38,2453066.80114,30.04,1.32,V,J,1388,2035,2100,IR_CD_header_logs/LOG_J1628-41.20040125thru20040308.csv,IR_CD_header_logs/,J1628-41,CD,YALE-03A-0001,,J1628-41,True,IR
binir040301.0385.fits,J1628-41,16:28:47.16,-41:52:38.7,2004-03-02,07:14:28,2453066.80172,30.05,1.32,V,J,1388,2065,2070,IR_CD_header_logs/LOG_J1628-41.20040125thru20040308.csv,IR_CD_header_logs/,J1628-41,CD,YALE-03A-0001,,J1628-41,True,IR
binir040301.0386.fits,J1628-41,16:28:47.13,-41:52:38.4,2004-03-02,07:15:21,2453066.80233,30.04,1.32,V,J,1358,2035,2130,IR_CD_header_logs/LOG_J1628-41.20040125thru20040308.csv,IR_CD_header_logs/,J1628-41,CD,YALE-03A-0001,,J1628-41,True,IR
binir040301.0388.fits,J1628-41,16:28:47.08,-41:52:38.0,2004-03-02,07:17:07,2453066.80355,30.05,1.31,V,J,1388,2005,2130,IR_CD_header_logs/LOG_J1628-41.20040125thru20040308.csv,IR_CD_header_logs/,J1628-41,CD,YALE-03A-0001,,J1628-41,True,IR
binir040301.0387.fits,J1628-41,16:28:47.13,-41:52:38.0,2004-03-02,07:16:14,2453066.80295,30.04,1.32,V,J,1418,2005,2100,IR_CD_header_logs/LOG_J1628-41.20040125thru20040308.csv,IR_CD_header_logs/,J1628-41,CD,YALE-03A-0001,,J1628-41,True,IR
binir040301.0390.fits,J1628-41,16:28:47.02,-41:52:37.7,2004-03-02,07:19:48,2453066.80542,30.04,1.3,I,K,1388,2035,2100,IR_CD_header_logs/LOG_J1628-41.20040125thru20040308.csv,IR_CD_header_logs/,J1628-41,CD,YALE-03A-0001,,J1628-41,True,IR
binir040301.0395.fits,J1628-41,16:28:46.98,-41:52:37.3,2004-03-02,07:24:10,2453066.80846,30.05,1.29,I,K,1418,2035,2070,IR_CD_header_logs/LOG_J1628-41.20040125thru20040308.csv,IR_CD_header_logs/,J1628-41,CD,YALE-03A-0001,,J1628-41,True,IR
binir040301.0392.fits,J1628-41,16:28:47.02,-41:52:37.4,2004-03-02,07:21:33,2453066.80664,30.05,1.3,I,K,1358,2035,2130,IR_CD_header_logs/LOG_J1628-41.20040125thru20040308.csv,IR_CD_header_logs/,J1628-41,CD,YALE-03A-0001,,J1628-41,True,IR
binir040301.0393.fits,J1628-41,16:28:46.97,-41:52:37.9,2004-03-02,07:22:26,2453066.80725,30.05,1.29,I,K,1418,2005,2100,IR_CD_header_logs/LOG_J1628-41.20040125thru20040308.csv,IR_CD_header_logs/,J1628-41,CD,YALE-03A-0001,,J1628-41,True,IR
binir040301.0394.fits,J1628-41,16:28:46.99,-41:52:37.6,2004-03-02,07:23:18,2453066.80785,30.04,1.29,I,K,1388,2005,2130,IR_CD_header_logs/LOG_J1628-41.20040125thru20040308.csv,IR_CD_header_logs/,J1628-41,CD,YALE-03A-0001,,J1628-41,True,IR
binir040301.0391.fits,J1628-41,16:28:47.04,-41:52:37.7,2004-03-02,07:20:40,2453066.80602,30.04,1.3,I,K,1388,2065,2070,IR_CD_header_logs/LOG_J1628-41.20040125thru20040308.csv,IR_CD_header_logs/,J1628-41,CD,YALE-03A-0001,,J1628-41,True,IR
binir040229.0452.fits,J1628-41,16:28:47.27,-41:52:37.7,2004-03-01,07:48:03,2453065.82503,30.04,1.23,V,J,1418,2035,2070,IR_CD_header_logs/LOG_J1628-41.20040125thru20040308.csv,IR_CD_header_logs/,J1628-41,CD,YALE-03A-0001,,J1628-41,True,IR
binir040229.0447.fits,J1628-41,16:28:47.26,-41:52:38.5,2004-03-01,07:43:39,2453065.82199,30.04,1.24,V,J,1388,2035,2100,IR_CD_header_logs/LOG_J1628-41.20040125thru20040308.csv,IR_CD_header_logs/,J1628-41,CD,YALE-03A-0001,,J1628-41,True,IR
binir040229.0448.fits,J1628-41,16:28:47.24,-41:52:38.5,2004-03-01,07:44:32,2453065.8226,30.05,1.24,V,J,1388,2065,2070,IR_CD_header_logs/LOG_J1628-41.20040125thru20040308.csv,IR_CD_header_logs/,J1628-41,CD,YALE-03A-0001,,J1628-41,True,IR
binir040302.0364.fits,J1628-41,16:28:47.49,-41:52:37.5,2004-03-03,08:12:49,2453067.84224,30.05,1.15,I,K,1418,2005,2100,IR_CD_header_logs/LOG_J1628-41.20040125thru20040308.csv,IR_CD_header_logs/,J1628-41,CD,YALE-03A-0001,,J1628-41,True,IR
binir040302.0363.fits,J1628-41,16:28:47.47,-41:52:37.5,2004-03-03,08:11:56,2453067.84162,30.04,1.15,I,K,1358,2035,2130,IR_CD_header_logs/LOG_J1628-41.20040125thru20040308.csv,IR_CD_header_logs/,J1628-41,CD,YALE-03A-0001,,J1628-41,True,IR
binir040302.0362.fits,J1628-41,16:28:47.45,-41:52:37.6,2004-03-03,08:11:03,2453067.84101,30.04,1.15,I,K,1388,2065,2070,IR_CD_header_logs/LOG_J1628-41.20040125thru20040308.csv,IR_CD_header_logs/,J1628-41,CD,YALE-03A-0001,,J1628-41,True,IR
binir040303.0387.fits,J1628-41,16:28:47.18,-41:52:37.0,2004-03-04,07:22:15,2453068.80712,30.04,1.27,I,K,1358,2035,2130,IR_CD_header_logs/LOG_J1628-41.20040125thru20040308.csv,IR_CD_header_logs/,J1628-41,CD,YALE-03A-0001,,J1628-41,True,IR
binir040303.0380.fits,J1628-41,16:28:47.24,-41:52:37.9,2004-03-04,07:15:12,2453068.80223,30.04,1.29,V,J,1388,2065,2070,IR_CD_header_logs/LOG_J1628-41.20040125thru20040308.csv,IR_CD_header_logs/,J1628-41,CD,YALE-03A-0001,,J1628-41,True,IR
binir040303.0381.fits,J1628-41,16:28:47.21,-41:52:37.7,2004-03-04,07:16:05,2453068.80284,30.05,1.29,V,J,1358,2035,2130,IR_CD_header_logs/LOG_J1628-41.20040125thru20040308.csv,IR_CD_header_logs/,J1628-41,CD,YALE-03A-0001,,J1628-41,True,IR
binir040303.0382.fits,J1628-41,16:28:47.23,-41:52:37.6,2004-03-04,07:16:58,2453068.80346,30.05,1.28,V,J,1418,2005,2100,IR_CD_header_logs/LOG_J1628-41.20040125thru20040308.csv,IR_CD_header_logs/,J1628-41,CD,YALE-03A-0001,,J1628-41,True,IR
binir040303.0383.fits,J1628-41,16:28:47.23,-41:52:37.5,2004-03-04,07:17:48,2453068.80403,30.04,1.28,V,J,1388,2005,2130,IR_CD_header_logs/LOG_J1628-41.20040125thru20040308.csv,IR_CD_header_logs/,J1628-41,CD,YALE-03A-0001,,J1628-41,True,IR
binir040303.0388.fits,J1628-41,16:28:47.18,-41:52:36.9,2004-03-04,07:23:08,2453068.80774,30.05,1.26,I,K,1418,2005,2100,IR_CD_header_logs/LOG_J1628-41.20040125thru20040308.csv,IR_CD_header_logs/,J1628-41,CD,YALE-03A-0001,,J1628-41,True,IR
binir040303.0385.fits,J1628-41,16:28:47.17,-41:52:37.1,2004-03-04,07:20:30,2453068.80591,30.04,1.27,I,K,1388,2035,2100,IR_CD_header_logs/LOG_J1628-41.20040125thru20040308.csv,IR_CD_header_logs/,J1628-41,CD,YALE-03A-0001,,J1628-41,True,IR
binir040303.0386.fits,J1628-41,16:28:47.18,-41:52:37.1,2004-03-04,07:21:22,2453068.80651,30.04,1.27,I,K,1388,2065,2070,IR_CD_header_logs/LOG_J1628-41.20040125thru20040308.csv,IR_CD_header_logs/,J1628-41,CD,YALE-03A-0001,,J1628-41,True,IR
binir040303.0390.fits,J1628-41,16:28:47.21,-41:52:36.8,2004-03-04,07:24:53,2453068.80895,30.04,1.26,I,K,1418,2035,2070,IR_CD_header_logs/LOG_J1628-41.20040125thru20040308.csv,IR_CD_header_logs/,J1628-41,CD,YALE-03A-0001,,J1628-41,True,IR
binir040302.0361.fits,J1628-41,16:28:47.42,-41:52:37.9,2004-03-03,08:10:11,2453067.84041,30.05,1.15,I,K,1388,2035,2100,IR_CD_header_logs/LOG_J1628-41.20040125thru20040308.csv,IR_CD_header_logs/,J1628-41,CD,YALE-03A-0001,,J1628-41,True,IR
binir040303.0389.fits,J1628-41,16:28:47.20,-41:52:36.9,2004-03-04,07:24:00,2453068.80834,30.04,1.26,I,K,1388,2005,2130,IR_CD_header_logs/LOG_J1628-41.20040125thru20040308.csv,IR_CD_header_logs/,J1628-41,CD,YALE-03A-0001,,J1628-41,True,IR
binir040302.0355.fits,J1628-41,16:28:47.27,-41:52:38.5,2004-03-03,08:04:01,2453067.83613,30.04,1.17,V,J,1388,2035,2100,IR_CD_header_logs/LOG_J1628-41.20040125thru20040308.csv,IR_CD_header_logs/,J1628-41,CD,YALE-03A-0001,,J1628-41,True,IR
binir040302.0356.fits,J1628-41,16:28:47.24,-41:52:38.1,2004-03-03,08:04:53,2453067.83673,30.05,1.16,V,J,1388,2065,2070,IR_CD_header_logs/LOG_J1628-41.20040125thru20040308.csv,IR_CD_header_logs/,J1628-41,CD,YALE-03A-0001,,J1628-41,True,IR
binir040302.0357.fits,J1628-41,16:28:47.29,-41:52:38.0,2004-03-03,08:05:46,2453067.83734,30.04,1.16,V,J,1358,2035,2130,IR_CD_header_logs/LOG_J1628-41.20040125thru20040308.csv,IR_CD_header_logs/,J1628-41,CD,YALE-03A-0001,,J1628-41,True,IR
binir040302.0358.fits,J1628-41,16:28:47.31,-41:52:38.0,2004-03-03,08:06:39,2453067.83796,30.04,1.16,V,J,1418,2005,2100,IR_CD_header_logs/LOG_J1628-41.20040125thru20040308.csv,IR_CD_header_logs/,J1628-41,CD,YALE-03A-0001,,J1628-41,True,IR
binir040302.0359.fits,J1628-41,16:28:47.34,-41:52:37.9,2004-03-03,08:07:31,2453067.83856,30.04,1.16,V,J,1388,2005,2130,IR_CD_header_logs/LOG_J1628-41.20040125thru20040308.csv,IR_CD_header_logs/,J1628-41,CD,YALE-03A-0001,,J1628-41,True,IR
binir040302.0360.fits,J1628-41,16:28:47.34,-41:52:38.0,2004-03-03,08:08:24,2453067.83917,30.04,1.16,V,J,1418,2035,2070,IR_CD_header_logs/LOG_J1628-41.20040125thru20040308.csv,IR_CD_header_logs/,J1628-41,CD,YALE-03A-0001,,J1628-41,True,IR
binir040229.0450.fits,J1628-41,16:28:47.24,-41:52:38.3,2004-03-01,07:46:18,2453065.82383,30.05,1.23,V,J,1418,2005,2100,IR_CD_header_logs/LOG_J1628-41.20040125thru20040308.csv,IR_CD_header_logs/,J1628-41,CD,YALE-03A-0001,,J1628-41,True,IR
binir040229.0449.fits,J1628-41,16:28:47.23,-41:52:38.3,2004-03-01,07:45:25,2453065.82321,30.05,1.23,V,J,1358,2035,2130,IR_CD_header_logs/LOG_J1628-41.20040125thru20040308.csv,IR_CD_header_logs/,J1628-41,CD,YALE-03A-0001,,J1628-41,True,IR
binir040229.0451.fits,J1628-41,16:28:47.24,-41:52:37.9,2004-03-01,07:47:10,2453065.82443,30.05,1.23,V,J,1388,2005,2130,IR_CD_header_logs/LOG_J1628-41.20040125thru20040308.csv,IR_CD_header_logs/,J1628-41,CD,YALE-03A-0001,,J1628-41,True,IR
binir040216.0497.fits,J1628-41,16:28:47.19,-41:52:38.3,2004-02-17,08:58:18,2453052.87383,30.04,1.18,I,K,1388,2065,2070,IR_CD_header_logs/LOG_J1628-41.20040125thru20040308.csv,IR_CD_header_logs/,J1628-41,CD,YALE-03A-0001,,J1628-41,True,IR
binir040219.0383.fits,J1628-41,16:28:47.06,-41:52:30.5,2004-02-20,09:08:02,2453055.88059,30.05,1.13,V,J,1388,2065,2070,IR_CD_header_logs/LOG_J1628-41.20040125thru20040308.csv,IR_CD_header_logs/,J1628-41,CD,YALE-03A-0001,,J1628-41,True,IR
binir040219.0384.fits,J1628-41,16:28:47.09,-41:52:30.1,2004-02-20,09:08:55,2453055.8812,30.05,1.13,V,J,1358,2035,2130,IR_CD_header_logs/LOG_J1628-41.20040125thru20040308.csv,IR_CD_header_logs/,J1628-41,CD,YALE-03A-0001,,J1628-41,True,IR
binir040219.0385.fits,J1628-41,16:28:47.10,-41:52:29.9,2004-02-20,09:09:48,2453055.88181,30.04,1.13,V,J,1418,2005,2100,IR_CD_header_logs/LOG_J1628-41.20040125thru20040308.csv,IR_CD_header_logs/,J1628-41,CD,YALE-03A-0001,,J1628-41,True,IR
binir040219.0386.fits,J1628-41,16:28:47.12,-41:52:29.5,2004-02-20,09:10:40,2453055.88242,30.05,1.13,V,J,1388,2005,2130,IR_CD_header_logs/LOG_J1628-41.20040125thru20040308.csv,IR_CD_header_logs/,J1628-41,CD,YALE-03A-0001,,J1628-41,True,IR
binir040219.0387.fits,J1628-41,16:28:47.12,-41:52:29.7,2004-02-20,09:11:32,2453055.88302,30.04,1.12,V,J,1418,2035,2070,IR_CD_header_logs/LOG_J1628-41.20040125thru20040308.csv,IR_CD_header_logs/,J1628-41,CD,YALE-03A-0001,,J1628-41,True,IR
binir040219.0388.fits,J1628-41,16:28:47.14,-41:52:29.1,2004-02-20,09:13:20,2453055.88427,30.04,1.12,I,K,1388,2035,2100,IR_CD_header_logs/LOG_J1628-41.20040125thru20040308.csv,IR_CD_header_logs/,J1628-41,CD,YALE-03A-0001,,J1628-41,True,IR
binir040219.0390.fits,J1628-41,16:28:47.22,-41:52:28.9,2004-02-20,09:15:05,2453055.88548,30.05,1.12,I,K,1358,2035,2130,IR_CD_header_logs/LOG_J1628-41.20040125thru20040308.csv,IR_CD_header_logs/,J1628-41,CD,YALE-03A-0001,,J1628-41,True,IR
binir040219.0391.fits,J1628-41,16:28:47.27,-41:52:28.8,2004-02-20,09:15:58,2453055.8861,30.04,1.12,I,K,1418,2005,2100,IR_CD_header_logs/LOG_J1628-41.20040125thru20040308.csv,IR_CD_header_logs/,J1628-41,CD,YALE-03A-0001,,J1628-41,True,IR
binir040219.0392.fits,J1628-41,16:28:47.29,-41:52:28.5,2004-02-20,09:16:50,2453055.8867,30.04,1.12,I,K,1388,2005,2130,IR_CD_header_logs/LOG_J1628-41.20040125thru20040308.csv,IR_CD_header_logs/,J1628-41,CD,YALE-03A-0001,,J1628-41,True,IR
binir040219.0393.fits,J1628-41,16:28:47.32,-41:52:28.5,2004-02-20,09:17:43,2453055.8873,30.05,1.11,I,K,1418,2035,2070,IR_CD_header_logs/LOG_J1628-41.20040125thru20040308.csv,IR_CD_header_logs/,J1628-41,CD,YALE-03A-0001,,J1628-41,True,IR
binir040219.0389.fits,J1628-41,16:28:47.19,-41:52:29.1,2004-02-20,09:14:12,2453055.88487,30.05,1.12,I,K,1388,2065,2070,IR_CD_header_logs/LOG_J1628-41.20040125thru20040308.csv,IR_CD_header_logs/,J1628-41,CD,YALE-03A-0001,,J1628-41,True,IR
binir040216.0494.fits,J1628-41,16:28:47.17,-41:52:38.6,2004-02-17,08:54:48,2453052.8714,30.05,1.18,V,J,1388,2005,2130,IR_CD_header_logs/LOG_J1628-41.20040125thru20040308.csv,IR_CD_header_logs/,J1628-41,CD,YALE-03A-0001,,J1628-41,True,IR
binir040216.0490.fits,J1628-41,16:28:47.27,-41:52:38.8,2004-02-17,08:51:18,2453052.86897,30.04,1.19,V,J,1388,2035,2100,IR_CD_header_logs/LOG_J1628-41.20040125thru20040308.csv,IR_CD_header_logs/,J1628-41,CD,YALE-03A-0001,,J1628-41,True,IR
binir040216.0491.fits,J1628-41,16:28:47.25,-41:52:38.8,2004-02-17,08:52:11,2453052.86957,30.05,1.19,V,J,1388,2065,2070,IR_CD_header_logs/LOG_J1628-41.20040125thru20040308.csv,IR_CD_header_logs/,J1628-41,CD,YALE-03A-0001,,J1628-41,True,IR
binir040216.0492.fits,J1628-41,16:28:47.23,-41:52:38.8,2004-02-17,08:53:03,2453052.87018,30.04,1.19,V,J,1358,2035,2130,IR_CD_header_logs/LOG_J1628-41.20040125thru20040308.csv,IR_CD_header_logs/,J1628-41,CD,YALE-03A-0001,,J1628-41,True,IR
binir040216.0493.fits,J1628-41,16:28:47.20,-41:52:38.5,2004-02-17,08:53:56,2453052.8708,30.05,1.19,V,J,1418,2005,2100,IR_CD_header_logs/LOG_J1628-41.20040125thru20040308.csv,IR_CD_header_logs/,J1628-41,CD,YALE-03A-0001,,J1628-41,True,IR
binir040216.0495.fits,J1628-41,16:28:47.19,-41:52:38.5,2004-02-17,08:55:42,2453052.87201,30.04,1.18,V,J,1418,2035,2070,IR_CD_header_logs/LOG_J1628-41.20040125thru20040308.csv,IR_CD_header_logs/,J1628-41,CD,YALE-03A-0001,,J1628-41,True,IR
binir040219.0382.fits,J1628-41,16:28:47.06,-41:52:30.5,2004-02-20,09:07:10,2453055.87999,30.04,1.13,V,J,1388,2035,2100,IR_CD_header_logs/LOG_J1628-41.20040125thru20040308.csv,IR_CD_header_logs/,J1628-41,CD,YALE-03A-0001,,J1628-41,True,IR
binir040220.0463.fits,J1628-41,16:28:47.48,-41:52:44.4,2004-02-21,07:50:44,2453056.8269,30.05,1.33,I,K,1418,2035,2070,IR_CD_header_logs/LOG_J1628-41.20040125thru20040308.csv,IR_CD_header_logs/,J1628-41,CD,YALE-03A-0001,,J1628-41,True,IR
binir040220.0462.fits,J1628-41,16:28:47.51,-41:52:44.5,2004-02-21,07:49:51,2453056.82629,30.04,1.34,I,K,1388,2005,2130,IR_CD_header_logs/LOG_J1628-41.20040125thru20040308.csv,IR_CD_header_logs/,J1628-41,CD,YALE-03A-0001,,J1628-41,True,IR
binir040220.0457.fits,J1628-41,16:28:47.59,-41:52:44.8,2004-02-21,07:44:32,2453056.8226,30.05,1.36,V,J,1418,2035,2070,IR_CD_header_logs/LOG_J1628-41.20040125thru20040308.csv,IR_CD_header_logs/,J1628-41,CD,YALE-03A-0001,,J1628-41,True,IR
binir040221.0544.fits,J1628-41,16:28:47.18,-41:52:47.5,2004-02-22,08:07:20,2453057.83843,30.05,1.26,V,J,1388,2035,2100,IR_CD_header_logs/LOG_J1628-41.20040125thru20040308.csv,IR_CD_header_logs/,J1628-41,CD,YALE-03A-0001,,J1628-41,True,IR
binir040221.0550.fits,J1628-41,16:28:47.21,-41:52:47.6,2004-02-22,08:13:29,2453057.8427,30.05,1.24,I,K,1388,2035,2100,IR_CD_header_logs/LOG_J1628-41.20040125thru20040308.csv,IR_CD_header_logs/,J1628-41,CD,YALE-03A-0001,,J1628-41,True,IR
binir040221.0552.fits,J1628-41,16:28:47.25,-41:52:47.8,2004-02-22,08:15:14,2453057.84391,30.04,1.24,I,K,1358,2035,2130,IR_CD_header_logs/LOG_J1628-41.20040125thru20040308.csv,IR_CD_header_logs/,J1628-41,CD,YALE-03A-0001,,J1628-41,True,IR
binir040221.0553.fits,J1628-41,16:28:47.27,-41:52:47.3,2004-02-22,08:16:07,2453057.84453,30.04,1.24,I,K,1418,2005,2100,IR_CD_header_logs/LOG_J1628-41.20040125thru20040308.csv,IR_CD_header_logs/,J1628-41,CD,YALE-03A-0001,,J1628-41,True,IR
binir040221.0554.fits,J1628-41,16:28:47.29,-41:52:47.3,2004-02-22,08:16:56,2453057.8451,30.04,1.23,I,K,1388,2005,2130,IR_CD_header_logs/LOG_J1628-41.20040125thru20040308.csv,IR_CD_header_logs/,J1628-41,CD,YALE-03A-0001,,J1628-41,True,IR
binir040221.0555.fits,J1628-41,16:28:47.30,-41:52:47.3,2004-02-22,08:17:48,2453057.8457,30.04,1.23,I,K,1418,2035,2070,IR_CD_header_logs/LOG_J1628-41.20040125thru20040308.csv,IR_CD_header_logs/,J1628-41,CD,YALE-03A-0001,,J1628-41,True,IR
binir040221.0551.fits,J1628-41,16:28:47.23,-41:52:47.4,2004-02-22,08:14:21,2453057.8433,30.04,1.24,I,K,1388,2065,2070,IR_CD_header_logs/LOG_J1628-41.20040125thru20040308.csv,IR_CD_header_logs/,J1628-41,CD,YALE-03A-0001,,J1628-41,True,IR
binir040220.0452.fits,J1628-41,16:28:47.65,-41:52:45.8,2004-02-21,07:40:10,2453056.81956,30.04,1.38,V,J,1388,2035,2100,IR_CD_header_logs/LOG_J1628-41.20040125thru20040308.csv,IR_CD_header_logs/,J1628-41,CD,YALE-03A-0001,,J1628-41,True,IR
binir040220.0461.fits,J1628-41,16:28:47.47,-41:52:44.1,2004-02-21,07:48:58,2453056.82568,30.05,1.34,I,K,1418,2005,2100,IR_CD_header_logs/LOG_J1628-41.20040125thru20040308.csv,IR_CD_header_logs/,J1628-41,CD,YALE-03A-0001,,J1628-41,True,IR
binir040220.0453.fits,J1628-41,16:28:47.68,-41:52:44.9,2004-02-21,07:41:02,2453056.82017,30.05,1.37,V,J,1388,2065,2070,IR_CD_header_logs/LOG_J1628-41.20040125thru20040308.csv,IR_CD_header_logs/,J1628-41,CD,YALE-03A-0001,,J1628-41,True,IR
binir040220.0454.fits,J1628-41,16:28:47.65,-41:52:44.9,2004-02-21,07:41:55,2453056.82078,30.04,1.37,V,J,1358,2035,2130,IR_CD_header_logs/LOG_J1628-41.20040125thru20040308.csv,IR_CD_header_logs/,J1628-41,CD,YALE-03A-0001,,J1628-41,True,IR
binir040220.0455.fits,J1628-41,16:28:47.62,-41:52:44.8,2004-02-21,07:42:48,2453056.82139,30.05,1.36,V,J,1418,2005,2100,IR_CD_header_logs/LOG_J1628-41.20040125thru20040308.csv,IR_CD_header_logs/,J1628-41,CD,YALE-03A-0001,,J1628-41,True,IR
binir040220.0456.fits,J1628-41,16:28:47.63,-41:52:44.7,2004-02-21,07:43:40,2453056.822,30.05,1.36,V,J,1388,2005,2130,IR_CD_header_logs/LOG_J1628-41.20040125thru20040308.csv,IR_CD_header_logs/,J1628-41,CD,YALE-03A-0001,,J1628-41,True,IR
binir040220.0458.fits,J1628-41,16:28:47.53,-41:52:44.5,2004-02-21,07:46:20,2453056.82385,30.04,1.35,I,K,1388,2035,2100,IR_CD_header_logs/LOG_J1628-41.20040125thru20040308.csv,IR_CD_header_logs/,J1628-41,CD,YALE-03A-0001,,J1628-41,True,IR
binir040220.0459.fits,J1628-41,16:28:47.54,-41:52:44.7,2004-02-21,07:47:12,2453056.82445,30.05,1.35,I,K,1388,2065,2070,IR_CD_header_logs/LOG_J1628-41.20040125thru20040308.csv,IR_CD_header_logs/,J1628-41,CD,YALE-03A-0001,,J1628-41,True,IR
binir040220.0460.fits,J1628-41,16:28:47.52,-41:52:44.2,2004-02-21,07:48:05,2453056.82507,30.05,1.34,I,K,1358,2035,2130,IR_CD_header_logs/LOG_J1628-41.20040125thru20040308.csv,IR_CD_header_logs/,J1628-41,CD,YALE-03A-0001,,J1628-41,True,IR
binir040216.0496.fits,J1628-41,16:28:47.19,-41:52:38.2,2004-02-17,08:57:26,2453052.87323,30.05,1.18,I,K,1388,2035,2100,IR_CD_header_logs/LOG_J1628-41.20040125thru20040308.csv,IR_CD_header_logs/,J1628-41,CD,YALE-03A-0001,,J1628-41,True,IR
binir040216.0498.fits,J1628-41,16:28:47.18,-41:52:38.2,2004-02-17,08:59:11,2453052.87444,30.04,1.17,I,K,1358,2035,2130,IR_CD_header_logs/LOG_J1628-41.20040125thru20040308.csv,IR_CD_header_logs/,J1628-41,CD,YALE-03A-0001,,J1628-41,True,IR
binir040221.0547.fits,J1628-41,16:28:47.21,-41:52:47.9,2004-02-22,08:09:57,2453057.84025,30.04,1.25,V,J,1418,2005,2100,IR_CD_header_logs/LOG_J1628-41.20040125thru20040308.csv,IR_CD_header_logs/,J1628-41,CD,YALE-03A-0001,,J1628-41,True,IR
binir040216.0499.fits,J1628-41,16:28:47.19,-41:52:37.9,2004-02-17,09:00:04,2453052.87505,30.05,1.17,I,K,1418,2005,2100,IR_CD_header_logs/LOG_J1628-41.20040125thru20040308.csv,IR_CD_header_logs/,J1628-41,CD,YALE-03A-0001,,J1628-41,True,IR
binir040214.0366.fits,J1628-41,16:28:47.16,-41:52:35.1,2004-02-15,09:24:49,2453050.89224,30.04,1.14,I,K,1418,2035,2070,IR_CD_header_logs/LOG_J1628-41.20040125thru20040308.csv,IR_CD_header_logs/,J1628-41,CD,YALE-03A-0001,,J1628-41,True,IR
binir040214.0361.fits,J1628-41,16:28:47.09,-41:52:35.5,2004-02-15,09:20:26,2453050.88919,30.04,1.15,I,K,1388,2035,2100,IR_CD_header_logs/LOG_J1628-41.20040125thru20040308.csv,IR_CD_header_logs/,J1628-41,CD,YALE-03A-0001,,J1628-41,True,IR
binir040214.0362.fits,J1628-41,16:28:47.13,-41:52:35.4,2004-02-15,09:21:18,2453050.8898,30.04,1.14,I,K,1388,2065,2070,IR_CD_header_logs/LOG_J1628-41.20040125thru20040308.csv,IR_CD_header_logs/,J1628-41,CD,YALE-03A-0001,,J1628-41,True,IR
binir040214.0363.fits,J1628-41,16:28:47.12,-41:52:35.4,2004-02-15,09:22:11,2453050.89041,30.05,1.14,I,K,1358,2035,2130,IR_CD_header_logs/LOG_J1628-41.20040125thru20040308.csv,IR_CD_header_logs/,J1628-41,CD,YALE-03A-0001,,J1628-41,True,IR
binir040214.0364.fits,J1628-41,16:28:47.14,-41:52:35.1,2004-02-15,09:23:04,2453050.89103,30.04,1.14,I,K,1418,2005,2100,IR_CD_header_logs/LOG_J1628-41.20040125thru20040308.csv,IR_CD_header_logs/,J1628-41,CD,YALE-03A-0001,,J1628-41,True,IR
binir040214.0365.fits,J1628-41,16:28:47.14,-41:52:35.1,2004-02-15,09:23:57,2453050.89164,30.05,1.14,I,K,1388,2005,2130,IR_CD_header_logs/LOG_J1628-41.20040125thru20040308.csv,IR_CD_header_logs/,J1628-41,CD,YALE-03A-0001,,J1628-41,True,IR
binir040213.0487.fits,J1628-41,16:28:47.24,-41:52:38.6,2004-02-14,08:53:19,2453049.87037,30.04,1.22,V,J,1388,2035,2100,IR_CD_header_logs/LOG_J1628-41.20040125thru20040308.csv,IR_CD_header_logs/,J1628-41,CD,YALE-03A-0001,,J1628-41,True,IR
binir040213.0488.fits,J1628-41,16:28:47.21,-41:52:38.2,2004-02-14,08:54:12,2453049.87097,30.05,1.22,V,J,1388,2065,2070,IR_CD_header_logs/LOG_J1628-41.20040125thru20040308.csv,IR_CD_header_logs/,J1628-41,CD,YALE-03A-0001,,J1628-41,True,IR
binir040213.0489.fits,J1628-41,16:28:47.17,-41:52:38.3,2004-02-14,08:55:05,2453049.87159,30.04,1.21,V,J,1358,2035,2130,IR_CD_header_logs/LOG_J1628-41.20040125thru20040308.csv,IR_CD_header_logs/,J1628-41,CD,YALE-03A-0001,,J1628-41,True,IR
binir040213.0490.fits,J1628-41,16:28:47.14,-41:52:37.7,2004-02-14,08:55:58,2453049.8722,30.05,1.21,V,J,1418,2005,2100,IR_CD_header_logs/LOG_J1628-41.20040125thru20040308.csv,IR_CD_header_logs/,J1628-41,CD,YALE-03A-0001,,J1628-41,True,IR
binir040213.0491.fits,J1628-41,16:28:47.17,-41:52:37.1,2004-02-14,08:56:50,2453049.87281,30.05,1.21,V,J,1388,2005,2130,IR_CD_header_logs/LOG_J1628-41.20040125thru20040308.csv,IR_CD_header_logs/,J1628-41,CD,YALE-03A-0001,,J1628-41,True,IR
binir040213.0492.fits,J1628-41,16:28:47.15,-41:52:37.0,2004-02-14,08:57:42,2453049.87341,30.04,1.21,V,J,1418,2035,2070,IR_CD_header_logs/LOG_J1628-41.20040125thru20040308.csv,IR_CD_header_logs/,J1628-41,CD,YALE-03A-0001,,J1628-41,True,IR
binir040213.0493.fits,J1628-41,16:28:47.16,-41:52:36.1,2004-02-14,08:59:27,2453049.87463,30.04,1.2,I,K,1388,2035,2100,IR_CD_header_logs/LOG_J1628-41.20040125thru20040308.csv,IR_CD_header_logs/,J1628-41,CD,YALE-03A-0001,,J1628-41,True,IR
binir040213.0494.fits,J1628-41,16:28:47.15,-41:52:35.8,2004-02-14,09:00:20,2453049.87523,30.04,1.2,I,K,1388,2065,2070,IR_CD_header_logs/LOG_J1628-41.20040125thru20040308.csv,IR_CD_header_logs/,J1628-41,CD,YALE-03A-0001,,J1628-41,True,IR
binir040213.0495.fits,J1628-41,16:28:47.14,-41:52:35.8,2004-02-14,09:01:13,2453049.87585,30.04,1.2,I,K,1358,2035,2130,IR_CD_header_logs/LOG_J1628-41.20040125thru20040308.csv,IR_CD_header_logs/,J1628-41,CD,YALE-03A-0001,,J1628-41,True,IR
binir040213.0496.fits,J1628-41,16:28:47.11,-41:52:35.6,2004-02-14,09:02:06,2453049.87646,30.04,1.2,I,K,1418,2005,2100,IR_CD_header_logs/LOG_J1628-41.20040125thru20040308.csv,IR_CD_header_logs/,J1628-41,CD,YALE-03A-0001,,J1628-41,True,IR
binir040213.0497.fits,J1628-41,16:28:47.09,-41:52:35.5,2004-02-14,09:02:58,2453049.87707,30.05,1.19,I,K,1388,2005,2130,IR_CD_header_logs/LOG_J1628-41.20040125thru20040308.csv,IR_CD_header_logs/,J1628-41,CD,YALE-03A-0001,,J1628-41,True,IR
binir040214.0359.fits,J1628-41,16:28:47.08,-41:52:36.0,2004-02-15,09:17:48,2453050.88736,30.04,1.15,V,J,1388,2005,2130,IR_CD_header_logs/LOG_J1628-41.20040125thru20040308.csv,IR_CD_header_logs/,J1628-41,CD,YALE-03A-0001,,J1628-41,True,IR
binir040214.0358.fits,J1628-41,16:28:47.05,-41:52:36.1,2004-02-15,09:16:56,2453050.88676,30.04,1.15,V,J,1418,2005,2100,IR_CD_header_logs/LOG_J1628-41.20040125thru20040308.csv,IR_CD_header_logs/,J1628-41,CD,YALE-03A-0001,,J1628-41,True,IR
binir040214.0357.fits,J1628-41,16:28:47.03,-41:52:36.2,2004-02-15,09:16:02,2453050.88614,30.05,1.15,V,J,1358,2035,2130,IR_CD_header_logs/LOG_J1628-41.20040125thru20040308.csv,IR_CD_header_logs/,J1628-41,CD,YALE-03A-0001,,J1628-41,True,IR
binir040215.0515.fits,J1628-41,16:28:47.32,-41:52:38.5,2004-02-16,07:56:47,2453051.8311,30.04,1.39,V,J,1388,2005,2130,IR_CD_header_logs/LOG_J1628-41.20040125thru20040308.csv,IR_CD_header_logs/,J1628-41,CD,YALE-03A-0001,,J1628-41,True,IR
binir040216.0500.fits,J1628-41,16:28:47.18,-41:52:38.0,2004-02-17,09:00:56,2453052.87566,30.04,1.17,I,K,1388,2005,2130,IR_CD_header_logs/LOG_J1628-41.20040125thru20040308.csv,IR_CD_header_logs/,J1628-41,CD,YALE-03A-0001,,J1628-41,True,IR
binir040216.0501.fits,J1628-41,16:28:47.18,-41:52:37.8,2004-02-17,09:01:48,2453052.87626,30.04,1.17,I,K,1418,2035,2070,IR_CD_header_logs/LOG_J1628-41.20040125thru20040308.csv,IR_CD_header_logs/,J1628-41,CD,YALE-03A-0001,,J1628-41,True,IR
binir040215.0516.fits,J1628-41,16:28:47.34,-41:52:38.3,2004-02-16,07:57:39,2453051.83171,30.05,1.38,V,J,1418,2035,2070,IR_CD_header_logs/LOG_J1628-41.20040125thru20040308.csv,IR_CD_header_logs/,J1628-41,CD,YALE-03A-0001,,J1628-41,True,IR
binir040215.0511.fits,J1628-41,16:28:47.27,-41:52:38.8,2004-02-16,07:53:19,2453051.82869,30.04,1.4,V,J,1388,2035,2100,IR_CD_header_logs/LOG_J1628-41.20040125thru20040308.csv,IR_CD_header_logs/,J1628-41,CD,YALE-03A-0001,,J1628-41,True,IR
binir040215.0512.fits,J1628-41,16:28:47.25,-41:52:38.7,2004-02-16,07:54:09,2453051.82927,30.05,1.4,V,J,1388,2065,2070,IR_CD_header_logs/LOG_J1628-41.20040125thru20040308.csv,IR_CD_header_logs/,J1628-41,CD,YALE-03A-0001,,J1628-41,True,IR
binir040215.0513.fits,J1628-41,16:28:47.29,-41:52:38.5,2004-02-16,07:55:02,2453051.82988,30.04,1.4,V,J,1358,2035,2130,IR_CD_header_logs/LOG_J1628-41.20040125thru20040308.csv,IR_CD_header_logs/,J1628-41,CD,YALE-03A-0001,,J1628-41,True,IR
binir040215.0514.fits,J1628-41,16:28:47.31,-41:52:38.6,2004-02-16,07:55:55,2453051.8305,30.05,1.39,V,J,1418,2005,2100,IR_CD_header_logs/LOG_J1628-41.20040125thru20040308.csv,IR_CD_header_logs/,J1628-41,CD,YALE-03A-0001,,J1628-41,True,IR
binir040215.0522.fits,J1628-41,16:28:47.27,-41:52:37.9,2004-02-16,08:03:51,2453051.83601,30.04,1.36,I,K,1418,2035,2070,IR_CD_header_logs/LOG_J1628-41.20040125thru20040308.csv,IR_CD_header_logs/,J1628-41,CD,YALE-03A-0001,,J1628-41,True,IR
binir040214.0356.fits,J1628-41,16:28:46.99,-41:52:36.4,2004-02-15,09:15:10,2453050.88553,30.04,1.16,V,J,1388,2065,2070,IR_CD_header_logs/LOG_J1628-41.20040125thru20040308.csv,IR_CD_header_logs/,J1628-41,CD,YALE-03A-0001,,J1628-41,True,IR
binir040215.0517.fits,J1628-41,16:28:47.32,-41:52:38.0,2004-02-16,07:59:27,2453051.83296,30.04,1.38,I,K,1388,2035,2100,IR_CD_header_logs/LOG_J1628-41.20040125thru20040308.csv,IR_CD_header_logs/,J1628-41,CD,YALE-03A-0001,,J1628-41,True,IR
binir040215.0518.fits,J1628-41,16:28:47.34,-41:52:37.9,2004-02-16,08:00:19,2453051.83356,30.05,1.37,I,K,1388,2065,2070,IR_CD_header_logs/LOG_J1628-41.20040125thru20040308.csv,IR_CD_header_logs/,J1628-41,CD,YALE-03A-0001,,J1628-41,True,IR
binir040215.0519.fits,J1628-41,16:28:47.29,-41:52:38.0,2004-02-16,08:01:13,2453051.83418,30.05,1.37,I,K,1358,2035,2130,IR_CD_header_logs/LOG_J1628-41.20040125thru20040308.csv,IR_CD_header_logs/,J1628-41,CD,YALE-03A-0001,,J1628-41,True,IR
binir040215.0520.fits,J1628-41,16:28:47.31,-41:52:37.9,2004-02-16,08:02:06,2453051.83479,30.04,1.37,I,K,1418,2005,2100,IR_CD_header_logs/LOG_J1628-41.20040125thru20040308.csv,IR_CD_header_logs/,J1628-41,CD,YALE-03A-0001,,J1628-41,True,IR
binir040215.0521.fits,J1628-41,16:28:47.28,-41:52:38.1,2004-02-16,08:02:58,2453051.8354,30.05,1.36,I,K,1388,2005,2130,IR_CD_header_logs/LOG_J1628-41.20040125thru20040308.csv,IR_CD_header_logs/,J1628-41,CD,YALE-03A-0001,,J1628-41,True,IR
binir040214.0360.fits,J1628-41,16:28:47.09,-41:52:35.9,2004-02-15,09:18:40,2453050.88797,30.04,1.15,V,J,1418,2035,2070,IR_CD_header_logs/LOG_J1628-41.20040125thru20040308.csv,IR_CD_header_logs/,J1628-41,CD,YALE-03A-0001,,J1628-41,True,IR
binir040214.0355.fits,J1628-41,16:28:46.93,-41:52:36.3,2004-02-15,09:14:17,2453050.88493,30.04,1.16,V,J,1388,2035,2100,IR_CD_header_logs/LOG_J1628-41.20040125thru20040308.csv,IR_CD_header_logs/,J1628-41,CD,YALE-03A-0001,,J1628-41,True,IR
binir040221.0548.fits,J1628-41,16:28:47.20,-41:52:47.9,2004-02-22,08:10:49,2453057.84085,30.04,1.25,V,J,1388,2005,2130,IR_CD_header_logs/LOG_J1628-41.20040125thru20040308.csv,IR_CD_header_logs/,J1628-41,CD,YALE-03A-0001,,J1628-41,True,IR
binir040221.0546.fits,J1628-41,16:28:47.19,-41:52:47.7,2004-02-22,08:09:04,2453057.83964,30.05,1.26,V,J,1358,2035,2130,IR_CD_header_logs/LOG_J1628-41.20040125thru20040308.csv,IR_CD_header_logs/,J1628-41,CD,YALE-03A-0001,,J1628-41,True,IR
binir040229.0453.fits,J1628-41,16:28:47.26,-41:52:37.1,2004-03-01,07:49:49,2453065.82627,30.05,1.22,I,K,1388,2035,2100,IR_CD_header_logs/LOG_J1628-41.20040125thru20040308.csv,IR_CD_header_logs/,J1628-41,CD,YALE-03A-0001,,J1628-41,True,IR
binir040226.0447.fits,J1628-41,16:28:47.19,-41:52:38.7,2004-02-27,08:06:54,2453062.83814,30.05,1.21,I,K,1418,2005,2100,IR_CD_header_logs/LOG_J1628-41.20040125thru20040308.csv,IR_CD_header_logs/,J1628-41,CD,YALE-03A-0001,,J1628-41,True,IR
binir040227.0455.fits,J1628-41,16:28:47.21,-41:52:38.0,2004-02-28,07:46:39,2453063.82407,30.04,1.25,V,J,1418,2005,2100,IR_CD_header_logs/LOG_J1628-41.20040125thru20040308.csv,IR_CD_header_logs/,J1628-41,CD,YALE-03A-0001,,J1628-41,True,IR
binir040227.0456.fits,J1628-41,16:28:47.23,-41:52:37.9,2004-02-28,07:47:31,2453063.82467,30.04,1.25,V,J,1388,2005,2130,IR_CD_header_logs/LOG_J1628-41.20040125thru20040308.csv,IR_CD_header_logs/,J1628-41,CD,YALE-03A-0001,,J1628-41,True,IR
binir040227.0452.fits,J1628-41,16:28:47.25,-41:52:38.8,2004-02-28,07:44:01,2453063.82224,30.05,1.26,V,J,1388,2035,2100,IR_CD_header_logs/LOG_J1628-41.20040125thru20040308.csv,IR_CD_header_logs/,J1628-41,CD,YALE-03A-0001,,J1628-41,True,IR
binir040227.0458.fits,J1628-41,16:28:47.22,-41:52:37.6,2004-02-28,07:50:11,2453063.82653,30.05,1.24,I,K,1388,2035,2100,IR_CD_header_logs/LOG_J1628-41.20040125thru20040308.csv,IR_CD_header_logs/,J1628-41,CD,YALE-03A-0001,,J1628-41,True,IR
binir040227.0460.fits,J1628-41,16:28:47.23,-41:52:37.1,2004-02-28,07:51:56,2453063.82774,30.04,1.24,I,K,1358,2035,2130,IR_CD_header_logs/LOG_J1628-41.20040125thru20040308.csv,IR_CD_header_logs/,J1628-41,CD,YALE-03A-0001,,J1628-41,True,IR
binir040227.0461.fits,J1628-41,16:28:47.25,-41:52:36.9,2004-02-28,07:52:49,2453063.82836,30.05,1.23,I,K,1418,2005,2100,IR_CD_header_logs/LOG_J1628-41.20040125thru20040308.csv,IR_CD_header_logs/,J1628-41,CD,YALE-03A-0001,,J1628-41,True,IR
binir040227.0462.fits,J1628-41,16:28:47.26,-41:52:36.8,2004-02-28,07:53:41,2453063.82896,30.05,1.23,I,K,1388,2005,2130,IR_CD_header_logs/LOG_J1628-41.20040125thru20040308.csv,IR_CD_header_logs/,J1628-41,CD,YALE-03A-0001,,J1628-41,True,IR
binir040227.0463.fits,J1628-41,16:28:47.24,-41:52:36.7,2004-02-28,07:54:34,2453063.82957,30.04,1.23,I,K,1418,2035,2070,IR_CD_header_logs/LOG_J1628-41.20040125thru20040308.csv,IR_CD_header_logs/,J1628-41,CD,YALE-03A-0001,,J1628-41,True,IR
binir040227.0459.fits,J1628-41,16:28:47.22,-41:52:37.5,2004-02-28,07:51:04,2453063.82713,30.04,1.24,I,K,1388,2065,2070,IR_CD_header_logs/LOG_J1628-41.20040125thru20040308.csv,IR_CD_header_logs/,J1628-41,CD,YALE-03A-0001,,J1628-41,True,IR
binir040226.0443.fits,J1628-41,16:28:47.30,-41:52:38.8,2004-02-27,08:02:29,2453062.83507,30.04,1.22,V,J,1418,2035,2070,IR_CD_header_logs/LOG_J1628-41.20040125thru20040308.csv,IR_CD_header_logs/,J1628-41,CD,YALE-03A-0001,,J1628-41,True,IR
binir040226.0438.fits,J1628-41,16:28:47.28,-41:52:38.6,2004-02-27,07:58:07,2453062.83203,30.05,1.23,V,J,1388,2035,2100,IR_CD_header_logs/LOG_J1628-41.20040125thru20040308.csv,IR_CD_header_logs/,J1628-41,CD,YALE-03A-0001,,J1628-41,True,IR
binir040226.0439.fits,J1628-41,16:28:47.30,-41:52:38.9,2004-02-27,07:58:59,2453062.83264,30.05,1.23,V,J,1388,2065,2070,IR_CD_header_logs/LOG_J1628-41.20040125thru20040308.csv,IR_CD_header_logs/,J1628-41,CD,YALE-03A-0001,,J1628-41,True,IR
binir040226.0440.fits,J1628-41,16:28:47.32,-41:52:38.7,2004-02-27,07:59:52,2453062.83325,30.05,1.23,V,J,1358,2035,2130,IR_CD_header_logs/LOG_J1628-41.20040125thru20040308.csv,IR_CD_header_logs/,J1628-41,CD,YALE-03A-0001,,J1628-41,True,IR
binir040226.0441.fits,J1628-41,16:28:47.31,-41:52:38.8,2004-02-27,08:00:45,2453062.83386,30.04,1.22,V,J,1418,2005,2100,IR_CD_header_logs/LOG_J1628-41.20040125thru20040308.csv,IR_CD_header_logs/,J1628-41,CD,YALE-03A-0001,,J1628-41,True,IR
binir040226.0442.fits,J1628-41,16:28:47.31,-41:52:38.8,2004-02-27,08:01:37,2453062.83446,30.04,1.22,V,J,1388,2005,2130,IR_CD_header_logs/LOG_J1628-41.20040125thru20040308.csv,IR_CD_header_logs/,J1628-41,CD,YALE-03A-0001,,J1628-41,True,IR
binir040226.0444.fits,J1628-41,16:28:47.24,-41:52:39.1,2004-02-27,08:04:17,2453062.83631,30.04,1.21,I,K,1388,2035,2100,IR_CD_header_logs/LOG_J1628-41.20040125thru20040308.csv,IR_CD_header_logs/,J1628-41,CD,YALE-03A-0001,,J1628-41,True,IR
binir040226.0445.fits,J1628-41,16:28:47.25,-41:52:38.7,2004-02-27,08:05:09,2453062.83691,30.05,1.21,I,K,1388,2065,2070,IR_CD_header_logs/LOG_J1628-41.20040125thru20040308.csv,IR_CD_header_logs/,J1628-41,CD,YALE-03A-0001,,J1628-41,True,IR
binir040227.0454.fits,J1628-41,16:28:47.20,-41:52:38.3,2004-02-28,07:45:46,2453063.82346,30.04,1.26,V,J,1358,2035,2130,IR_CD_header_logs/LOG_J1628-41.20040125thru20040308.csv,IR_CD_header_logs/,J1628-41,CD,YALE-03A-0001,,J1628-41,True,IR
binir040227.0453.fits,J1628-41,16:28:47.20,-41:52:38.4,2004-02-28,07:44:53,2453063.82284,30.05,1.26,V,J,1388,2065,2070,IR_CD_header_logs/LOG_J1628-41.20040125thru20040308.csv,IR_CD_header_logs/,J1628-41,CD,YALE-03A-0001,,J1628-41,True,IR
binir040227.0457.fits,J1628-41,16:28:47.21,-41:52:37.6,2004-02-28,07:48:23,2453063.82528,30.05,1.25,V,J,1418,2035,2070,IR_CD_header_logs/LOG_J1628-41.20040125thru20040308.csv,IR_CD_header_logs/,J1628-41,CD,YALE-03A-0001,,J1628-41,True,IR
binir040228.0398.fits,J1628-41,16:28:47.22,-41:52:38.4,2004-02-29,07:37:27,2453064.81768,30.04,1.27,V,J,1358,2035,2130,IR_CD_header_logs/LOG_J1628-41.20040125thru20040308.csv,IR_CD_header_logs/,J1628-41,CD,YALE-03A-0001,,J1628-41,True,IR
binir040229.0454.fits,J1628-41,16:28:47.27,-41:52:37.2,2004-03-01,07:50:41,2453065.82687,30.05,1.22,I,K,1388,2065,2070,IR_CD_header_logs/LOG_J1628-41.20040125thru20040308.csv,IR_CD_header_logs/,J1628-41,CD,YALE-03A-0001,,J1628-41,True,IR
binir040229.0455.fits,J1628-41,16:28:47.23,-41:52:37.3,2004-03-01,07:51:34,2453065.82749,30.04,1.22,I,K,1358,2035,2130,IR_CD_header_logs/LOG_J1628-41.20040125thru20040308.csv,IR_CD_header_logs/,J1628-41,CD,YALE-03A-0001,,J1628-41,True,IR
binir040229.0456.fits,J1628-41,16:28:47.19,-41:52:37.3,2004-03-01,07:52:27,2453065.8281,30.05,1.21,I,K,1418,2005,2100,IR_CD_header_logs/LOG_J1628-41.20040125thru20040308.csv,IR_CD_header_logs/,J1628-41,CD,YALE-03A-0001,,J1628-41,True,IR
binir040229.0457.fits,J1628-41,16:28:47.20,-41:52:37.0,2004-03-01,07:53:20,2453065.8287,30.04,1.21,I,K,1388,2005,2130,IR_CD_header_logs/LOG_J1628-41.20040125thru20040308.csv,IR_CD_header_logs/,J1628-41,CD,YALE-03A-0001,,J1628-41,True,IR
binir040229.0458.fits,J1628-41,16:28:47.21,-41:52:36.9,2004-03-01,07:54:12,2453065.82931,30.04,1.21,I,K,1418,2035,2070,IR_CD_header_logs/LOG_J1628-41.20040125thru20040308.csv,IR_CD_header_logs/,J1628-41,CD,YALE-03A-0001,,J1628-41,True,IR
binir040228.0401.fits,J1628-41,16:28:47.25,-41:52:38.2,2004-02-29,07:40:02,2453064.81947,30.04,1.26,V,J,1418,2035,2070,IR_CD_header_logs/LOG_J1628-41.20040125thru20040308.csv,IR_CD_header_logs/,J1628-41,CD,YALE-03A-0001,,J1628-41,True,IR
binir040228.0397.fits,J1628-41,16:28:47.21,-41:52:38.6,2004-02-29,07:36:34,2453064.81707,30.05,1.27,V,J,1388,2065,2070,IR_CD_header_logs/LOG_J1628-41.20040125thru20040308.csv,IR_CD_header_logs/,J1628-41,CD,YALE-03A-0001,,J1628-41,True,IR
binir040228.0399.fits,J1628-41,16:28:47.22,-41:52:38.4,2004-02-29,07:38:20,2453064.81829,30.04,1.27,V,J,1418,2005,2100,IR_CD_header_logs/LOG_J1628-41.20040125thru20040308.csv,IR_CD_header_logs/,J1628-41,CD,YALE-03A-0001,,J1628-41,True,IR
binir040228.0403.fits,J1628-41,16:28:47.28,-41:52:38.0,2004-02-29,07:42:42,2453064.82133,30.04,1.25,I,K,1388,2065,2070,IR_CD_header_logs/LOG_J1628-41.20040125thru20040308.csv,IR_CD_header_logs/,J1628-41,CD,YALE-03A-0001,,J1628-41,True,IR
binir040228.0400.fits,J1628-41,16:28:47.24,-41:52:38.3,2004-02-29,07:39:10,2453064.81887,30.04,1.26,V,J,1388,2005,2130,IR_CD_header_logs/LOG_J1628-41.20040125thru20040308.csv,IR_CD_header_logs/,J1628-41,CD,YALE-03A-0001,,J1628-41,True,IR
binir040228.0396.fits,J1628-41,16:28:47.26,-41:52:38.8,2004-02-29,07:35:42,2453064.81647,30.05,1.27,V,J,1388,2035,2100,IR_CD_header_logs/LOG_J1628-41.20040125thru20040308.csv,IR_CD_header_logs/,J1628-41,CD,YALE-03A-0001,,J1628-41,True,IR
binir040228.0402.fits,J1628-41,16:28:47.24,-41:52:38.1,2004-02-29,07:41:52,2453064.82075,30.04,1.26,I,K,1388,2035,2100,IR_CD_header_logs/LOG_J1628-41.20040125thru20040308.csv,IR_CD_header_logs/,J1628-41,CD,YALE-03A-0001,,J1628-41,True,IR
binir040228.0404.fits,J1628-41,16:28:47.30,-41:52:38.0,2004-02-29,07:43:35,2453064.82194,30.05,1.25,I,K,1358,2035,2130,IR_CD_header_logs/LOG_J1628-41.20040125thru20040308.csv,IR_CD_header_logs/,J1628-41,CD,YALE-03A-0001,,J1628-41,True,IR
binir040228.0405.fits,J1628-41,16:28:47.28,-41:52:38.1,2004-02-29,07:44:28,2453064.82255,30.04,1.25,I,K,1418,2005,2100,IR_CD_header_logs/LOG_J1628-41.20040125thru20040308.csv,IR_CD_header_logs/,J1628-41,CD,YALE-03A-0001,,J1628-41,True,IR
binir040228.0406.fits,J1628-41,16:28:47.30,-41:52:38.0,2004-02-29,07:45:20,2453064.82315,30.04,1.24,I,K,1388,2005,2130,IR_CD_header_logs/LOG_J1628-41.20040125thru20040308.csv,IR_CD_header_logs/,J1628-41,CD,YALE-03A-0001,,J1628-41,True,IR
binir040228.0407.fits,J1628-41,16:28:47.33,-41:52:37.9,2004-02-29,07:46:13,2453064.82376,30.04,1.24,I,K,1418,2035,2070,IR_CD_header_logs/LOG_J1628-41.20040125thru20040308.csv,IR_CD_header_logs/,J1628-41,CD,YALE-03A-0001,,J1628-41,True,IR
binir040226.0446.fits,J1628-41,16:28:47.23,-41:52:38.8,2004-02-27,08:06:02,2453062.83752,30.05,1.21,I,K,1358,2035,2130,IR_CD_header_logs/LOG_J1628-41.20040125thru20040308.csv,IR_CD_header_logs/,J1628-41,CD,YALE-03A-0001,,J1628-41,True,IR
binir040226.0448.fits,J1628-41,16:28:47.20,-41:52:38.1,2004-02-27,08:07:47,2453062.83874,30.05,1.2,I,K,1388,2005,2130,IR_CD_header_logs/LOG_J1628-41.20040125thru20040308.csv,IR_CD_header_logs/,J1628-41,CD,YALE-03A-0001,,J1628-41,True,IR
binir040221.0545.fits,J1628-41,16:28:47.18,-41:52:47.6,2004-02-22,08:08:12,2453057.83903,30.05,1.26,V,J,1388,2065,2070,IR_CD_header_logs/LOG_J1628-41.20040125thru20040308.csv,IR_CD_header_logs/,J1628-41,CD,YALE-03A-0001,,J1628-41,True,IR
binir040226.0449.fits,J1628-41,16:28:47.21,-41:52:37.5,2004-02-27,08:08:39,2453062.83934,30.04,1.2,I,K,1418,2035,2070,IR_CD_header_logs/LOG_J1628-41.20040125thru20040308.csv,IR_CD_header_logs/,J1628-41,CD,YALE-03A-0001,,J1628-41,True,IR
binir040224.0419.fits,J1628-41,16:28:46.31,-41:52:48.1,2004-02-25,07:50:31,2453060.82676,30.04,1.28,I,K,1358,2035,2130,IR_CD_header_logs/LOG_J1628-41.20040125thru20040308.csv,IR_CD_header_logs/,J1628-41,CD,YALE-03A-0001,,J1628-41,True,IR
binir040224.0420.fits,J1628-41,16:28:46.29,-41:52:48.3,2004-02-25,07:51:24,2453060.82737,30.05,1.27,I,K,1418,2005,2100,IR_CD_header_logs/LOG_J1628-41.20040125thru20040308.csv,IR_CD_header_logs/,J1628-41,CD,YALE-03A-0001,,J1628-41,True,IR
binir040224.0421.fits,J1628-41,16:28:46.27,-41:52:48.1,2004-02-25,07:52:17,2453060.82798,30.05,1.27,I,K,1388,2005,2130,IR_CD_header_logs/LOG_J1628-41.20040125thru20040308.csv,IR_CD_header_logs/,J1628-41,CD,YALE-03A-0001,,J1628-41,True,IR
binir040224.0422.fits,J1628-41,16:28:46.27,-41:52:48.4,2004-02-25,07:53:10,2453060.82859,30.04,1.27,I,K,1418,2035,2070,IR_CD_header_logs/LOG_J1628-41.20040125thru20040308.csv,IR_CD_header_logs/,J1628-41,CD,YALE-03A-0001,,J1628-41,True,IR
binir040222.0371.fits,J1628-41,16:28:47.35,-41:52:38.4,2004-02-23,06:20:12,2453058.76403,30.05,1.82,V,J,1418,2035,2070,IR_CD_header_logs/LOG_J1628-41.20040125thru20040308.csv,IR_CD_header_logs/,J1628-41,CD,YALE-03A-0001,,J1628-41,True,IR
binir040222.0367.fits,J1628-41,16:28:47.26,-41:52:38.8,2004-02-23,06:16:44,2453058.76162,30.05,1.85,V,J,1388,2065,2070,IR_CD_header_logs/LOG_J1628-41.20040125thru20040308.csv,IR_CD_header_logs/,J1628-41,CD,YALE-03A-0001,,J1628-41,True,IR
binir040222.0368.fits,J1628-41,16:28:47.26,-41:52:38.6,2004-02-23,06:17:37,2453058.76224,30.05,1.84,V,J,1358,2035,2130,IR_CD_header_logs/LOG_J1628-41.20040125thru20040308.csv,IR_CD_header_logs/,J1628-41,CD,YALE-03A-0001,,J1628-41,True,IR
binir040222.0369.fits,J1628-41,16:28:47.32,-41:52:38.5,2004-02-23,06:18:30,2453058.76285,30.04,1.84,V,J,1418,2005,2100,IR_CD_header_logs/LOG_J1628-41.20040125thru20040308.csv,IR_CD_header_logs/,J1628-41,CD,YALE-03A-0001,,J1628-41,True,IR
binir040222.0370.fits,J1628-41,16:28:47.30,-41:52:38.5,2004-02-23,06:19:20,2453058.76343,30.04,1.83,V,J,1388,2005,2130,IR_CD_header_logs/LOG_J1628-41.20040125thru20040308.csv,IR_CD_header_logs/,J1628-41,CD,YALE-03A-0001,,J1628-41,True,IR
binir040222.0366.fits,J1628-41,16:28:47.24,-41:52:38.5,2004-02-23,06:15:52,2453058.76102,30.05,1.86,V,J,1388,2035,2100,IR_CD_header_logs/LOG_J1628-41.20040125thru20040308.csv,IR_CD_header_logs/,J1628-41,CD,YALE-03A-0001,,J1628-41,True,IR
binir040222.0372.fits,J1628-41,16:28:47.37,-41:52:38.1,2004-02-23,06:22:01,2453058.7653,30.04,1.8,I,K,1388,2035,2100,IR_CD_header_logs/LOG_J1628-41.20040125thru20040308.csv,IR_CD_header_logs/,J1628-41,CD,YALE-03A-0001,,J1628-41,True,IR
binir040222.0374.fits,J1628-41,16:28:47.43,-41:52:37.9,2004-02-23,06:23:47,2453058.76652,30.04,1.79,I,K,1358,2035,2130,IR_CD_header_logs/LOG_J1628-41.20040125thru20040308.csv,IR_CD_header_logs/,J1628-41,CD,YALE-03A-0001,,J1628-41,True,IR
binir040222.0375.fits,J1628-41,16:28:47.45,-41:52:37.5,2004-02-23,06:24:40,2453058.76714,30.04,1.78,I,K,1418,2005,2100,IR_CD_header_logs/LOG_J1628-41.20040125thru20040308.csv,IR_CD_header_logs/,J1628-41,CD,YALE-03A-0001,,J1628-41,True,IR
binir040222.0376.fits,J1628-41,16:28:47.51,-41:52:37.6,2004-02-23,06:25:30,2453058.76771,30.05,1.78,I,K,1388,2005,2130,IR_CD_header_logs/LOG_J1628-41.20040125thru20040308.csv,IR_CD_header_logs/,J1628-41,CD,YALE-03A-0001,,J1628-41,True,IR
binir040222.0377.fits,J1628-41,16:28:47.49,-41:52:37.3,2004-02-23,06:26:23,2453058.76833,30.04,1.77,I,K,1418,2035,2070,IR_CD_header_logs/LOG_J1628-41.20040125thru20040308.csv,IR_CD_header_logs/,J1628-41,CD,YALE-03A-0001,,J1628-41,True,IR
binir040222.0373.fits,J1628-41,16:28:47.39,-41:52:38.4,2004-02-23,06:22:54,2453058.7659,30.05,1.8,I,K,1388,2065,2070,IR_CD_header_logs/LOG_J1628-41.20040125thru20040308.csv,IR_CD_header_logs/,J1628-41,CD,YALE-03A-0001,,J1628-41,True,IR
binir040221.0549.fits,J1628-41,16:28:47.20,-41:52:47.8,2004-02-22,08:11:42,2453057.84146,30.05,1.25,V,J,1418,2035,2070,IR_CD_header_logs/LOG_J1628-41.20040125thru20040308.csv,IR_CD_header_logs/,J1628-41,CD,YALE-03A-0001,,J1628-41,True,IR
binir040224.0418.fits,J1628-41,16:28:46.32,-41:52:48.0,2004-02-25,07:49:38,2453060.82614,30.05,1.28,I,K,1388,2065,2070,IR_CD_header_logs/LOG_J1628-41.20040125thru20040308.csv,IR_CD_header_logs/,J1628-41,CD,YALE-03A-0001,,J1628-41,True,IR
binir040224.0417.fits,J1628-41,16:28:46.36,-41:52:48.1,2004-02-25,07:48:46,2453060.82554,30.05,1.28,I,K,1388,2035,2100,IR_CD_header_logs/LOG_J1628-41.20040125thru20040308.csv,IR_CD_header_logs/,J1628-41,CD,YALE-03A-0001,,J1628-41,True,IR
binir040224.0415.fits,J1628-41,16:28:46.43,-41:52:48.0,2004-02-25,07:46:07,2453060.82369,30.05,1.29,V,J,1388,2005,2130,IR_CD_header_logs/LOG_J1628-41.20040125thru20040308.csv,IR_CD_header_logs/,J1628-41,CD,YALE-03A-0001,,J1628-41,True,IR
binir040225.0309.fits,J1628-41,16:28:45.88,-41:52:46.5,2004-02-26,06:50:37,2453061.78516,30.04,1.52,I,K,1358,2035,2130,IR_CD_header_logs/LOG_J1628-41.20040125thru20040308.csv,IR_CD_header_logs/,J1628-41,CD,YALE-03A-0001,,J1628-41,True,IR
binir040225.0306.fits,J1628-41,16:28:45.82,-41:52:47.3,2004-02-26,06:47:05,2453061.7827,30.04,1.54,V,J,1418,2035,2070,IR_CD_header_logs/LOG_J1628-41.20040125thru20040308.csv,IR_CD_header_logs/,J1628-41,CD,YALE-03A-0001,,J1628-41,True,IR
binir040225.0301.fits,J1628-41,16:28:45.67,-41:52:48.4,2004-02-26,06:42:43,2453061.77967,30.04,1.57,V,J,1388,2035,2100,IR_CD_header_logs/LOG_J1628-41.20040125thru20040308.csv,IR_CD_header_logs/,J1628-41,CD,YALE-03A-0001,,J1628-41,True,IR
binir040225.0302.fits,J1628-41,16:28:45.72,-41:52:48.4,2004-02-26,06:43:35,2453061.78027,30.05,1.56,V,J,1388,2065,2070,IR_CD_header_logs/LOG_J1628-41.20040125thru20040308.csv,IR_CD_header_logs/,J1628-41,CD,YALE-03A-0001,,J1628-41,True,IR
binir040225.0304.fits,J1628-41,16:28:45.78,-41:52:48.2,2004-02-26,06:45:21,2453061.78149,30.04,1.55,V,J,1418,2005,2100,IR_CD_header_logs/LOG_J1628-41.20040125thru20040308.csv,IR_CD_header_logs/,J1628-41,CD,YALE-03A-0001,,J1628-41,True,IR
binir040225.0305.fits,J1628-41,16:28:45.77,-41:52:47.9,2004-02-26,06:46:13,2453061.7821,30.04,1.55,V,J,1388,2005,2130,IR_CD_header_logs/LOG_J1628-41.20040125thru20040308.csv,IR_CD_header_logs/,J1628-41,CD,YALE-03A-0001,,J1628-41,True,IR
binir040225.0303.fits,J1628-41,16:28:45.72,-41:52:48.1,2004-02-26,06:44:28,2453061.78088,30.04,1.56,V,J,1358,2035,2130,IR_CD_header_logs/LOG_J1628-41.20040125thru20040308.csv,IR_CD_header_logs/,J1628-41,CD,YALE-03A-0001,,J1628-41,True,IR
binir040225.0307.fits,J1628-41,16:28:45.85,-41:52:47.0,2004-02-26,06:48:52,2453061.78394,30.05,1.53,I,K,1388,2035,2100,IR_CD_header_logs/LOG_J1628-41.20040125thru20040308.csv,IR_CD_header_logs/,J1628-41,CD,YALE-03A-0001,,J1628-41,True,IR
binir040225.0312.fits,J1628-41,16:28:45.95,-41:52:45.8,2004-02-26,06:53:14,2453061.78698,30.04,1.51,I,K,1418,2035,2070,IR_CD_header_logs/LOG_J1628-41.20040125thru20040308.csv,IR_CD_header_logs/,J1628-41,CD,YALE-03A-0001,,J1628-41,True,IR
binir040224.0414.fits,J1628-41,16:28:46.47,-41:52:48.0,2004-02-25,07:45:14,2453060.82309,30.04,1.3,V,J,1418,2005,2100,IR_CD_header_logs/LOG_J1628-41.20040125thru20040308.csv,IR_CD_header_logs/,J1628-41,CD,YALE-03A-0001,,J1628-41,True,IR
binir040225.0310.fits,J1628-41,16:28:45.89,-41:52:46.3,2004-02-26,06:51:30,2453061.78577,30.05,1.52,I,K,1418,2005,2100,IR_CD_header_logs/LOG_J1628-41.20040125thru20040308.csv,IR_CD_header_logs/,J1628-41,CD,YALE-03A-0001,,J1628-41,True,IR
binir040225.0311.fits,J1628-41,16:28:45.95,-41:52:46.1,2004-02-26,06:52:22,2453061.78637,30.04,1.51,I,K,1388,2005,2130,IR_CD_header_logs/LOG_J1628-41.20040125thru20040308.csv,IR_CD_header_logs/,J1628-41,CD,YALE-03A-0001,,J1628-41,True,IR
binir040225.0308.fits,J1628-41,16:28:45.87,-41:52:47.9,2004-02-26,06:49:44,2453061.78454,30.04,1.53,I,K,1388,2065,2070,IR_CD_header_logs/LOG_J1628-41.20040125thru20040308.csv,IR_CD_header_logs/,J1628-41,CD,YALE-03A-0001,,J1628-41,True,IR
binir040224.0416.fits,J1628-41,16:28:46.39,-41:52:48.0,2004-02-25,07:47:00,2453060.82431,30.05,1.29,V,J,1418,2035,2070,IR_CD_header_logs/LOG_J1628-41.20040125thru20040308.csv,IR_CD_header_logs/,J1628-41,CD,YALE-03A-0001,,J1628-41,True,IR
binir040224.0411.fits,J1628-41,16:28:46.60,-41:52:48.1,2004-02-25,07:42:36,2453060.82125,30.04,1.31,V,J,1388,2035,2100,IR_CD_header_logs/LOG_J1628-41.20040125thru20040308.csv,IR_CD_header_logs/,J1628-41,CD,YALE-03A-0001,,J1628-41,True,IR
binir040224.0412.fits,J1628-41,16:28:46.55,-41:52:48.2,2004-02-25,07:43:28,2453060.82186,30.04,1.3,V,J,1388,2065,2070,IR_CD_header_logs/LOG_J1628-41.20040125thru20040308.csv,IR_CD_header_logs/,J1628-41,CD,YALE-03A-0001,,J1628-41,True,IR
binir040224.0413.fits,J1628-41,16:28:46.48,-41:52:47.9,2004-02-25,07:44:21,2453060.82247,30.04,1.3,V,J,1358,2035,2130,IR_CD_header_logs/LOG_J1628-41.20040125thru20040308.csv,IR_CD_header_logs/,J1628-41,CD,YALE-03A-0001,,J1628-41,True,IR
binir030804.0065.fits,J1628-41,16:28:47.46,-41:52:37.0,2003-08-05,01:34:29,2452856.56562,30.04,1.06,V,J,1388,2005,2130,IR_CD_header_logs/LOG_J1628-41.20030614thru20040308.csv,IR_CD_header_logs/,J1628-41,CD,YALE-03A-0001,,J1628-41,True,IR
binir030813.0217.fits,J1628-41,16:28:47.29,-41:52:37.0,2003-08-14,03:21:20,2452865.63982,30.04,1.41,V,J,1418,2005,2100,IR_CD_header_logs/LOG_J1628-41.20030614thru20040308.csv,IR_CD_header_logs/,J1628-41,CD,YALE-03A-0001,,J1628-41,True,IR
binir030813.0218.fits,J1628-41,16:28:47.29,-41:52:37.1,2003-08-14,03:22:12,2452865.64042,30.05,1.41,V,J,1388,2005,2130,IR_CD_header_logs/LOG_J1628-41.20030614thru20040308.csv,IR_CD_header_logs/,J1628-41,CD,YALE-03A-0001,,J1628-41,True,IR
binir030813.0219.fits,J1628-41,16:28:47.28,-41:52:37.0,2003-08-14,03:23:05,2452865.64104,30.05,1.42,V,J,1418,2035,2070,IR_CD_header_logs/LOG_J1628-41.20030614thru20040308.csv,IR_CD_header_logs/,J1628-41,CD,YALE-03A-0001,,J1628-41,True,IR
binir030813.0220.fits,J1628-41,16:28:47.31,-41:52:37.0,2003-08-14,03:23:58,2452865.64165,30.05,1.42,V,J,1358,2065,2100,IR_CD_header_logs/LOG_J1628-41.20030614thru20040308.csv,IR_CD_header_logs/,J1628-41,CD,YALE-03A-0001,,J1628-41,True,IR
binir030813.0221.fits,J1628-41,16:28:47.29,-41:52:37.0,2003-08-14,03:24:50,2452865.64225,30.05,1.43,V,J,1388,2035,2100,IR_CD_header_logs/LOG_J1628-41.20030614thru20040308.csv,IR_CD_header_logs/,J1628-41,CD,YALE-03A-0001,,J1628-41,True,IR
binir030809.0054.fits,J1628-41,16:28:47.29,-41:52:38.6,2003-08-10,00:25:25,2452861.51766,30.04,1.03,V,J,1388,2035,2100,IR_CD_header_logs/LOG_J1628-41.20030614thru20040308.csv,IR_CD_header_logs/,J1628-41,CD,YAL2-03A-0001,,J1628-41,True,IR
binir030809.0053.fits,J1628-41,16:28:47.29,-41:52:38.6,2003-08-10,00:24:34,2452861.51707,30.04,1.03,V,J,1358,2065,2100,IR_CD_header_logs/LOG_J1628-41.20030614thru20040308.csv,IR_CD_header_logs/,J1628-41,CD,YAL2-03A-0001,,J1628-41,True,IR
binir030809.0052.fits,J1628-41,16:28:47.28,-41:52:38.6,2003-08-10,00:23:42,2452861.51646,30.04,1.03,V,J,1418,2035,2070,IR_CD_header_logs/LOG_J1628-41.20030614thru20040308.csv,IR_CD_header_logs/,J1628-41,CD,YAL2-03A-0001,,J1628-41,True,IR
binir030809.0051.fits,J1628-41,16:28:47.29,-41:52:38.7,2003-08-10,00:22:50,2452861.51586,30.05,1.03,V,J,1388,2005,2130,IR_CD_header_logs/LOG_J1628-41.20030614thru20040308.csv,IR_CD_header_logs/,J1628-41,CD,YAL2-03A-0001,,J1628-41,True,IR
binir030809.0050.fits,J1628-41,16:28:47.30,-41:52:38.6,2003-08-10,00:21:58,2452861.51526,30.04,1.03,V,J,1418,2005,2100,IR_CD_header_logs/LOG_J1628-41.20030614thru20040308.csv,IR_CD_header_logs/,J1628-41,CD,YAL2-03A-0001,,J1628-41,True,IR
binir030809.0049.fits,J1628-41,16:28:47.29,-41:52:38.5,2003-08-10,00:21:06,2452861.51466,30.05,1.02,V,J,1358,2035,2130,IR_CD_header_logs/LOG_J1628-41.20030614thru20040308.csv,IR_CD_header_logs/,J1628-41,CD,YAL2-03A-0001,,J1628-41,True,IR
binir030809.0048.fits,J1628-41,16:28:47.29,-41:52:38.3,2003-08-10,00:20:14,2452861.51405,30.04,1.02,V,J,1388,2065,2070,IR_CD_header_logs/LOG_J1628-41.20030614thru20040308.csv,IR_CD_header_logs/,J1628-41,CD,YAL2-03A-0001,,J1628-41,True,IR
binir030809.0047.fits,J1628-41,16:28:47.20,-41:52:38.4,2003-08-10,00:19:22,2452861.51346,30.04,1.02,V,J,1388,2035,2100,IR_CD_header_logs/LOG_J1628-41.20030614thru20040308.csv,IR_CD_header_logs/,J1628-41,CD,YAL2-03A-0001,,J1628-41,True,IR
binir030804.0064.fits,J1628-41,16:28:47.48,-41:52:37.5,2003-08-05,01:33:37,2452856.56502,30.04,1.06,V,J,1418,2005,2100,IR_CD_header_logs/LOG_J1628-41.20030614thru20040308.csv,IR_CD_header_logs/,J1628-41,CD,YALE-03A-0001,,J1628-41,True,IR
binir030804.0061.fits,J1628-41,16:28:47.28,-41:52:38.4,2003-08-05,01:30:59,2452856.56319,30.04,1.06,V,J,1388,2035,2100,IR_CD_header_logs/LOG_J1628-41.20030614thru20040308.csv,IR_CD_header_logs/,J1628-41,CD,YALE-03A-0001,,J1628-41,True,IR
binir030804.0062.fits,J1628-41,16:28:47.45,-41:52:38.5,2003-08-05,01:31:52,2452856.5638,30.04,1.06,V,J,1388,2065,2070,IR_CD_header_logs/LOG_J1628-41.20030614thru20040308.csv,IR_CD_header_logs/,J1628-41,CD,YALE-03A-0001,,J1628-41,True,IR
binir030804.0063.fits,J1628-41,16:28:47.43,-41:52:37.7,2003-08-05,01:32:44,2452856.56441,30.04,1.06,V,J,1358,2035,2130,IR_CD_header_logs/LOG_J1628-41.20030614thru20040308.csv,IR_CD_header_logs/,J1628-41,CD,YALE-03A-0001,,J1628-41,True,IR
binir030813.0215.fits,J1628-41,16:28:47.26,-41:52:37.0,2003-08-14,03:19:34,2452865.6386,30.04,1.4,V,J,1388,2065,2070,IR_CD_header_logs/LOG_J1628-41.20030614thru20040308.csv,IR_CD_header_logs/,J1628-41,CD,YALE-03A-0001,,J1628-41,True,IR
binir030813.0214.fits,J1628-41,16:28:47.27,-41:52:37.2,2003-08-14,03:18:42,2452865.63799,30.05,1.4,V,J,1388,2035,2100,IR_CD_header_logs/LOG_J1628-41.20030614thru20040308.csv,IR_CD_header_logs/,J1628-41,CD,YALE-03A-0001,,J1628-41,True,IR
binir030813.0216.fits,J1628-41,16:28:47.30,-41:52:37.0,2003-08-14,03:20:27,2452865.63921,30.04,1.41,V,J,1358,2035,2130,IR_CD_header_logs/LOG_J1628-41.20030614thru20040308.csv,IR_CD_header_logs/,J1628-41,CD,YALE-03A-0001,,J1628-41,True,IR
binir030815.0240.fits,J1628-41,16:28:47.29,-41:52:39.0,2003-08-16,02:54:52,2452867.62144,30.04,1.33,V,J,1358,2065,2100,IR_CD_header_logs/LOG_J1628-41.20030614thru20040308.csv,IR_CD_header_logs/,J1628-41,CD,YALE-03A-0001,,J1628-41,True,IR
binir030816.0227.fits,J1628-41,16:28:46.98,-41:52:38.3,2003-08-17,02:22:10,2452868.59873,30.05,1.24,V,J,1388,2035,2100,IR_CD_header_logs/LOG_J1628-41.20030614thru20040308.csv,IR_CD_header_logs/,J1628-41,CD,YALE-03A-0001,,J1628-41,True,IR
binir030815.0235.fits,J1628-41,16:28:47.31,-41:52:38.6,2003-08-16,02:50:28,2452867.61838,30.04,1.32,V,J,1388,2065,2070,IR_CD_header_logs/LOG_J1628-41.20030614thru20040308.csv,IR_CD_header_logs/,J1628-41,CD,YALE-03A-0001,,J1628-41,True,IR
binir030815.0237.fits,J1628-41,16:28:47.30,-41:52:38.6,2003-08-16,02:52:14,2452867.61961,30.04,1.32,V,J,1418,2005,2100,IR_CD_header_logs/LOG_J1628-41.20030614thru20040308.csv,IR_CD_header_logs/,J1628-41,CD,YALE-03A-0001,,J1628-41,True,IR
binir030815.0234.fits,J1628-41,16:28:47.28,-41:52:38.3,2003-08-16,02:49:36,2452867.61778,30.04,1.31,V,J,1388,2035,2100,IR_CD_header_logs/LOG_J1628-41.20030614thru20040308.csv,IR_CD_header_logs/,J1628-41,CD,YALE-03A-0001,,J1628-41,True,IR
binir030815.0236.fits,J1628-41,16:28:47.28,-41:52:38.7,2003-08-16,02:51:21,2452867.619,30.04,1.32,V,J,1358,2035,2130,IR_CD_header_logs/LOG_J1628-41.20030614thru20040308.csv,IR_CD_header_logs/,J1628-41,CD,YALE-03A-0001,,J1628-41,True,IR
binir030815.0241.fits,J1628-41,16:28:47.28,-41:52:38.8,2003-08-16,02:55:44,2452867.62204,30.04,1.34,V,J,1388,2035,2100,IR_CD_header_logs/LOG_J1628-41.20030614thru20040308.csv,IR_CD_header_logs/,J1628-41,CD,YALE-03A-0001,,J1628-41,True,IR
binir030815.0238.fits,J1628-41,16:28:47.31,-41:52:38.9,2003-08-16,02:53:06,2452867.62021,30.04,1.33,V,J,1388,2005,2130,IR_CD_header_logs/LOG_J1628-41.20030614thru20040308.csv,IR_CD_header_logs/,J1628-41,CD,YALE-03A-0001,,J1628-41,True,IR
binir030815.0239.fits,J1628-41,16:28:47.30,-41:52:38.7,2003-08-16,02:53:59,2452867.62082,30.04,1.33,V,J,1418,2035,2070,IR_CD_header_logs/LOG_J1628-41.20030614thru20040308.csv,IR_CD_header_logs/,J1628-41,CD,YALE-03A-0001,,J1628-41,True,IR
binir030814.0214.fits,J1628-41,16:28:47.28,-41:52:38.3,2003-08-15,02:33:16,2452866.60644,30.04,1.25,V,J,1388,2035,2100,IR_CD_header_logs/LOG_J1628-41.20030614thru20040308.csv,IR_CD_header_logs/,J1628-41,CD,YALE-03A-0001,,J1628-41,True,IR
binir030814.0221.fits,J1628-41,16:28:47.29,-41:52:38.3,2003-08-15,02:39:24,2452866.61069,30.04,1.26,V,J,1388,2035,2100,IR_CD_header_logs/LOG_J1628-41.20030614thru20040308.csv,IR_CD_header_logs/,J1628-41,CD,YALE-03A-0001,,J1628-41,True,IR
binir030814.0220.fits,J1628-41,16:28:47.30,-41:52:38.3,2003-08-15,02:38:32,2452866.61009,30.05,1.26,V,J,1358,2065,2100,IR_CD_header_logs/LOG_J1628-41.20030614thru20040308.csv,IR_CD_header_logs/,J1628-41,CD,YALE-03A-0001,,J1628-41,True,IR
binir030814.0219.fits,J1628-41,16:28:47.29,-41:52:38.4,2003-08-15,02:37:39,2452866.60948,30.04,1.26,V,J,1418,2035,2070,IR_CD_header_logs/LOG_J1628-41.20030614thru20040308.csv,IR_CD_header_logs/,J1628-41,CD,YALE-03A-0001,,J1628-41,True,IR
binir030814.0218.fits,J1628-41,16:28:47.29,-41:52:38.0,2003-08-15,02:36:46,2452866.60887,30.04,1.26,V,J,1388,2005,2130,IR_CD_header_logs/LOG_J1628-41.20030614thru20040308.csv,IR_CD_header_logs/,J1628-41,CD,YALE-03A-0001,,J1628-41,True,IR
binir030814.0217.fits,J1628-41,16:28:47.30,-41:52:38.1,2003-08-15,02:35:54,2452866.60827,30.05,1.25,V,J,1418,2005,2100,IR_CD_header_logs/LOG_J1628-41.20030614thru20040308.csv,IR_CD_header_logs/,J1628-41,CD,YALE-03A-0001,,J1628-41,True,IR
binir030814.0216.fits,J1628-41,16:28:47.30,-41:52:38.2,2003-08-15,02:35:01,2452866.60765,30.04,1.25,V,J,1358,2035,2130,IR_CD_header_logs/LOG_J1628-41.20030614thru20040308.csv,IR_CD_header_logs/,J1628-41,CD,YALE-03A-0001,,J1628-41,True,IR
binir030814.0215.fits,J1628-41,16:28:47.28,-41:52:37.8,2003-08-15,02:34:08,2452866.60704,30.04,1.25,V,J,1388,2065,2070,IR_CD_header_logs/LOG_J1628-41.20030614thru20040308.csv,IR_CD_header_logs/,J1628-41,CD,YALE-03A-0001,,J1628-41,True,IR
binir030804.0068.fits,J1628-41,16:28:47.43,-41:52:37.4,2003-08-05,01:37:07,2452856.56744,30.04,1.06,V,J,1388,2035,2100,IR_CD_header_logs/LOG_J1628-41.20030614thru20040308.csv,IR_CD_header_logs/,J1628-41,CD,YALE-03A-0001,,J1628-41,True,IR
binir030804.0067.fits,J1628-41,16:28:47.46,-41:52:37.1,2003-08-05,01:36:15,2452856.56684,30.05,1.06,V,J,1358,2065,2100,IR_CD_header_logs/LOG_J1628-41.20030614thru20040308.csv,IR_CD_header_logs/,J1628-41,CD,YALE-03A-0001,,J1628-41,True,IR
binir030816.0229.fits,J1628-41,16:28:47.02,-41:52:38.2,2003-08-17,02:23:55,2452868.59995,30.04,1.24,V,J,1358,2035,2130,IR_CD_header_logs/LOG_J1628-41.20030614thru20040308.csv,IR_CD_header_logs/,J1628-41,CD,YALE-03A-0001,,J1628-41,True,IR
binir030804.0066.fits,J1628-41,16:28:47.47,-41:52:37.3,2003-08-05,01:35:22,2452856.56623,30.04,1.06,V,J,1418,2035,2070,IR_CD_header_logs/LOG_J1628-41.20030614thru20040308.csv,IR_CD_header_logs/,J1628-41,CD,YALE-03A-0001,,J1628-41,True,IR
binir030801.0150.fits,J1628-41,16:28:47.22,-41:52:39.2,2003-08-02,03:43:50,2452853.65544,30.04,1.31,V,J,1418,2035,2070,IR_CD_header_logs/LOG_J1628-41.20030614thru20040308.csv,IR_CD_header_logs/,J1628-41,CD,YALE-03A-0001,,J1628-41,True,IR
binir030801.0149.fits,J1628-41,16:28:47.22,-41:52:38.9,2003-08-02,03:42:57,2452853.65483,30.04,1.31,V,J,1388,2005,2130,IR_CD_header_logs/LOG_J1628-41.20030614thru20040308.csv,IR_CD_header_logs/,J1628-41,CD,YALE-03A-0001,,J1628-41,True,IR
binir030801.0152.fits,J1628-41,16:28:47.23,-41:52:39.4,2003-08-02,03:45:35,2452853.65666,30.04,1.32,V,J,1388,2035,2100,IR_CD_header_logs/LOG_J1628-41.20030614thru20040308.csv,IR_CD_header_logs/,J1628-41,CD,YALE-03A-0001,,J1628-41,True,IR
binir030801.0151.fits,J1628-41,16:28:47.22,-41:52:39.3,2003-08-02,03:44:43,2452853.65606,30.04,1.31,V,J,1358,2065,2100,IR_CD_header_logs/LOG_J1628-41.20030614thru20040308.csv,IR_CD_header_logs/,J1628-41,CD,YALE-03A-0001,,J1628-41,True,IR
ir030725.0069.fits,J1628-41,16:28:47.56,-41:52:34.9,2003-07-26,01:01:48,2452846.54292,30.04,1.02,V,J,1732,2137,2430,IR_CD_header_logs/LOG_J1628-41.20030614thru20040308.csv,IR_CD_header_logs/,J1628-41,CD,YALE-03A-0001,,J1628-41,True,IR
ir030725.0068.fits,J1628-41,16:28:47.56,-41:52:34.9,2003-07-26,01:00:56,2452846.54232,30.04,1.02,V,J,1702,2167,2430,IR_CD_header_logs/LOG_J1628-41.20030614thru20040308.csv,IR_CD_header_logs/,J1628-41,CD,YALE-03A-0001,,J1628-41,True,IR
ir030725.0067.fits,J1628-41,16:28:47.53,-41:52:35.2,2003-07-26,01:00:03,2452846.5417,30.04,1.02,V,J,1762,2137,2400,IR_CD_header_logs/LOG_J1628-41.20030614thru20040308.csv,IR_CD_header_logs/,J1628-41,CD,YALE-03A-0001,,J1628-41,True,IR
ir030725.0066.fits,J1628-41,16:28:47.47,-41:52:34.4,2003-07-26,00:59:10,2452846.54109,30.04,1.02,V,J,1732,2107,2460,IR_CD_header_logs/LOG_J1628-41.20030614thru20040308.csv,IR_CD_header_logs/,J1628-41,CD,YALE-03A-0001,,J1628-41,True,IR
ir030725.0065.fits,J1628-41,16:28:47.49,-41:52:35.0,2003-07-26,00:58:18,2452846.54049,30.05,1.02,V,J,1762,2107,2430,IR_CD_header_logs/LOG_J1628-41.20030614thru20040308.csv,IR_CD_header_logs/,J1628-41,CD,YALE-03A-0001,,J1628-41,True,IR
ir030725.0064.fits,J1628-41,16:28:47.48,-41:52:35.2,2003-07-26,00:57:25,2452846.53987,30.05,1.02,V,J,1702,2137,2460,IR_CD_header_logs/LOG_J1628-41.20030614thru20040308.csv,IR_CD_header_logs/,J1628-41,CD,YALE-03A-0001,,J1628-41,True,IR
ir030725.0063.fits,J1628-41,16:28:47.58,-41:52:35.5,2003-07-26,00:56:32,2452846.53926,30.05,1.02,V,J,1732,2167,2400,IR_CD_header_logs/LOG_J1628-41.20030614thru20040308.csv,IR_CD_header_logs/,J1628-41,CD,YALE-03A-0001,,J1628-41,True,IR
ir030723.0060.fits,J1628-41,16:28:47.26,-41:52:38.5,2003-07-24,00:29:07,2452844.52023,30.05,1.03,V,J,1702,2137,2460,IR_CD_header_logs/LOG_J1628-41.20030614thru20040308.csv,IR_CD_header_logs/,J1628-41,CD,YALE-03A-0001,,J1628-41,True,IR
binir030801.0147.fits,J1628-41,16:28:47.25,-41:52:38.5,2003-08-02,03:41:12,2452853.65361,30.04,1.3,V,J,1358,2035,2130,IR_CD_header_logs/LOG_J1628-41.20030614thru20040308.csv,IR_CD_header_logs/,J1628-41,CD,YALE-03A-0001,,J1628-41,True,IR
binir030801.0148.fits,J1628-41,16:28:47.23,-41:52:39.0,2003-08-02,03:42:05,2452853.65423,30.04,1.3,V,J,1418,2005,2100,IR_CD_header_logs/LOG_J1628-41.20030614thru20040308.csv,IR_CD_header_logs/,J1628-41,CD,YALE-03A-0001,,J1628-41,True,IR
binir030801.0146.fits,J1628-41,16:28:47.23,-41:52:38.6,2003-08-02,03:40:19,2452853.653,30.05,1.3,V,J,1388,2065,2070,IR_CD_header_logs/LOG_J1628-41.20030614thru20040308.csv,IR_CD_header_logs/,J1628-41,CD,YALE-03A-0001,,J1628-41,True,IR
binir030803.0062.fits,J1628-41,16:28:47.29,-41:52:38.4,2003-08-04,01:07:08,2452855.54662,30.05,1.03,V,J,1388,2035,2100,IR_CD_header_logs/LOG_J1628-41.20030614thru20040308.csv,IR_CD_header_logs/,J1628-41,CD,YALE-03A-0001,,J1628-41,True,IR
binir030803.0069.fits,J1628-41,16:28:47.39,-41:52:36.5,2003-08-04,01:13:15,2452855.55087,30.04,1.04,V,J,1388,2035,2100,IR_CD_header_logs/LOG_J1628-41.20030614thru20040308.csv,IR_CD_header_logs/,J1628-41,CD,YALE-03A-0001,,J1628-41,True,IR
binir030803.0068.fits,J1628-41,16:28:47.37,-41:52:36.6,2003-08-04,01:12:22,2452855.55026,30.04,1.04,V,J,1358,2065,2100,IR_CD_header_logs/LOG_J1628-41.20030614thru20040308.csv,IR_CD_header_logs/,J1628-41,CD,YALE-03A-0001,,J1628-41,True,IR
binir030803.0067.fits,J1628-41,16:28:47.39,-41:52:36.9,2003-08-04,01:11:30,2452855.54965,30.04,1.04,V,J,1418,2035,2070,IR_CD_header_logs/LOG_J1628-41.20030614thru20040308.csv,IR_CD_header_logs/,J1628-41,CD,YALE-03A-0001,,J1628-41,True,IR
binir030803.0066.fits,J1628-41,16:28:47.37,-41:52:37.2,2003-08-04,01:10:38,2452855.54905,30.04,1.04,V,J,1388,2005,2130,IR_CD_header_logs/LOG_J1628-41.20030614thru20040308.csv,IR_CD_header_logs/,J1628-41,CD,YALE-03A-0001,,J1628-41,True,IR
binir030803.0065.fits,J1628-41,16:28:47.37,-41:52:37.9,2003-08-04,01:09:45,2452855.54845,30.04,1.04,V,J,1418,2005,2100,IR_CD_header_logs/LOG_J1628-41.20030614thru20040308.csv,IR_CD_header_logs/,J1628-41,CD,YALE-03A-0001,,J1628-41,True,IR
binir030803.0064.fits,J1628-41,16:28:47.36,-41:52:38.1,2003-08-04,01:08:53,2452855.54784,30.04,1.04,V,J,1358,2035,2130,IR_CD_header_logs/LOG_J1628-41.20030614thru20040308.csv,IR_CD_header_logs/,J1628-41,CD,YALE-03A-0001,,J1628-41,True,IR
binir030803.0063.fits,J1628-41,16:28:47.31,-41:52:38.3,2003-08-04,01:08:00,2452855.54722,30.05,1.03,V,J,1388,2065,2070,IR_CD_header_logs/LOG_J1628-41.20030614thru20040308.csv,IR_CD_header_logs/,J1628-41,CD,YALE-03A-0001,,J1628-41,True,IR
binir030802.0155.fits,J1628-41,16:28:47.32,-41:52:38.0,2003-08-03,03:49:11,2452854.65916,30.05,1.34,V,J,1418,2005,2100,IR_CD_header_logs/LOG_J1628-41.20030614thru20040308.csv,IR_CD_header_logs/,J1628-41,CD,YALE-03A-0001,,J1628-41,True,IR
binir030801.0145.fits,J1628-41,16:28:47.27,-41:52:38.4,2003-08-02,03:39:27,2452853.6524,30.05,1.29,V,J,1388,2035,2100,IR_CD_header_logs/LOG_J1628-41.20030614thru20040308.csv,IR_CD_header_logs/,J1628-41,CD,YALE-03A-0001,,J1628-41,True,IR
binir030802.0152.fits,J1628-41,16:28:47.28,-41:52:38.3,2003-08-03,03:46:33,2452854.65733,30.05,1.33,V,J,1388,2035,2100,IR_CD_header_logs/LOG_J1628-41.20030614thru20040308.csv,IR_CD_header_logs/,J1628-41,CD,YALE-03A-0001,,J1628-41,True,IR
binir030802.0153.fits,J1628-41,16:28:47.35,-41:52:38.4,2003-08-03,03:47:25,2452854.65793,30.04,1.34,V,J,1388,2065,2070,IR_CD_header_logs/LOG_J1628-41.20030614thru20040308.csv,IR_CD_header_logs/,J1628-41,CD,YALE-03A-0001,,J1628-41,True,IR
binir030802.0154.fits,J1628-41,16:28:47.33,-41:52:38.1,2003-08-03,03:48:18,2452854.65855,30.04,1.34,V,J,1358,2035,2130,IR_CD_header_logs/LOG_J1628-41.20030614thru20040308.csv,IR_CD_header_logs/,J1628-41,CD,YALE-03A-0001,,J1628-41,True,IR
binir030802.0159.fits,J1628-41,16:28:47.30,-41:52:37.9,2003-08-03,03:52:40,2452854.66158,30.04,1.36,V,J,1388,2035,2100,IR_CD_header_logs/LOG_J1628-41.20030614thru20040308.csv,IR_CD_header_logs/,J1628-41,CD,YALE-03A-0001,,J1628-41,True,IR
binir030802.0156.fits,J1628-41,16:28:47.33,-41:52:38.1,2003-08-03,03:50:03,2452854.65976,30.04,1.35,V,J,1388,2005,2130,IR_CD_header_logs/LOG_J1628-41.20030614thru20040308.csv,IR_CD_header_logs/,J1628-41,CD,YALE-03A-0001,,J1628-41,True,IR
binir030802.0157.fits,J1628-41,16:28:47.32,-41:52:37.8,2003-08-03,03:50:55,2452854.66036,30.04,1.35,V,J,1418,2035,2070,IR_CD_header_logs/LOG_J1628-41.20030614thru20040308.csv,IR_CD_header_logs/,J1628-41,CD,YALE-03A-0001,,J1628-41,True,IR
binir030802.0158.fits,J1628-41,16:28:47.30,-41:52:37.6,2003-08-03,03:51:48,2452854.66097,30.04,1.36,V,J,1358,2065,2100,IR_CD_header_logs/LOG_J1628-41.20030614thru20040308.csv,IR_CD_header_logs/,J1628-41,CD,YALE-03A-0001,,J1628-41,True,IR
binir030816.0228.fits,J1628-41,16:28:46.99,-41:52:38.2,2003-08-17,02:23:02,2452868.59933,30.04,1.24,V,J,1388,2065,2070,IR_CD_header_logs/LOG_J1628-41.20030614thru20040308.csv,IR_CD_header_logs/,J1628-41,CD,YALE-03A-0001,,J1628-41,True,IR
binir030816.0230.fits,J1628-41,16:28:47.03,-41:52:38.3,2003-08-17,02:24:48,2452868.60056,30.05,1.24,V,J,1418,2005,2100,IR_CD_header_logs/LOG_J1628-41.20030614thru20040308.csv,IR_CD_header_logs/,J1628-41,CD,YALE-03A-0001,,J1628-41,True,IR
binir030821.0218.fits,J1628-41,16:28:47.24,-41:52:37.9,2003-08-22,02:32:25,2452873.60585,30.04,1.34,V,J,1418,2005,2100,IR_CD_header_logs/LOG_J1628-41.20030614thru20040308.csv,IR_CD_header_logs/,J1628-41,CD,YALE-03A-0001,,J1628-41,True,IR
binir030823.0098.fits,J1628-41,16:28:47.53,-41:52:46.1,2003-08-24,02:16:27,2452875.59476,30.05,1.31,V,J,1418,2005,2100,IR_CD_header_logs/LOG_J1628-41.20030614thru20040308.csv,IR_CD_header_logs/,J1628-41,CD,YALE-03A-0001,,J1628-41,True,IR
binir030823.0095.fits,J1628-41,16:28:47.57,-41:52:45.9,2003-08-24,02:13:49,2452875.59293,30.04,1.3,V,J,1388,2035,2100,IR_CD_header_logs/LOG_J1628-41.20030614thru20040308.csv,IR_CD_header_logs/,J1628-41,CD,YALE-03A-0001,,J1628-41,True,IR
binir030823.0097.fits,J1628-41,16:28:47.55,-41:52:46.0,2003-08-24,02:15:34,2452875.59415,30.04,1.3,V,J,1358,2035,2130,IR_CD_header_logs/LOG_J1628-41.20030614thru20040308.csv,IR_CD_header_logs/,J1628-41,CD,YALE-03A-0001,,J1628-41,True,IR
binir030823.0102.fits,J1628-41,16:28:47.53,-41:52:46.7,2003-08-24,02:19:57,2452875.59719,30.04,1.32,V,J,1388,2035,2100,IR_CD_header_logs/LOG_J1628-41.20030614thru20040308.csv,IR_CD_header_logs/,J1628-41,CD,YALE-03A-0001,,J1628-41,True,IR
binir030823.0099.fits,J1628-41,16:28:47.55,-41:52:46.3,2003-08-24,02:17:19,2452875.59536,30.04,1.31,V,J,1388,2005,2130,IR_CD_header_logs/LOG_J1628-41.20030614thru20040308.csv,IR_CD_header_logs/,J1628-41,CD,YALE-03A-0001,,J1628-41,True,IR
binir030823.0101.fits,J1628-41,16:28:47.54,-41:52:46.8,2003-08-24,02:19:05,2452875.59659,30.04,1.32,V,J,1358,2065,2100,IR_CD_header_logs/LOG_J1628-41.20030614thru20040308.csv,IR_CD_header_logs/,J1628-41,CD,YALE-03A-0001,,J1628-41,True,IR
binir030823.0100.fits,J1628-41,16:28:47.54,-41:52:46.3,2003-08-24,02:18:12,2452875.59598,30.05,1.31,V,J,1418,2035,2070,IR_CD_header_logs/LOG_J1628-41.20030614thru20040308.csv,IR_CD_header_logs/,J1628-41,CD,YALE-03A-0001,,J1628-41,True,IR
binir030822.0138.fits,J1628-41,16:28:47.26,-41:52:38.2,2003-08-23,02:09:52,2452874.59019,30.04,1.27,V,J,1388,2035,2100,IR_CD_header_logs/LOG_J1628-41.20030614thru20040308.csv,IR_CD_header_logs/,J1628-41,CD,YALE-03A-0001,,J1628-41,True,IR
binir030822.0137.fits,J1628-41,16:28:47.28,-41:52:38.4,2003-08-23,02:09:00,2452874.58959,30.04,1.27,V,J,1358,2065,2100,IR_CD_header_logs/LOG_J1628-41.20030614thru20040308.csv,IR_CD_header_logs/,J1628-41,CD,YALE-03A-0001,,J1628-41,True,IR
binir030822.0136.fits,J1628-41,16:28:47.23,-41:52:37.7,2003-08-23,02:08:07,2452874.58897,30.04,1.27,V,J,1418,2035,2070,IR_CD_header_logs/LOG_J1628-41.20030614thru20040308.csv,IR_CD_header_logs/,J1628-41,CD,YALE-03A-0001,,J1628-41,True,IR
binir030822.0135.fits,J1628-41,16:28:47.25,-41:52:37.8,2003-08-23,02:07:14,2452874.58836,30.04,1.26,V,J,1388,2005,2130,IR_CD_header_logs/LOG_J1628-41.20030614thru20040308.csv,IR_CD_header_logs/,J1628-41,CD,YALE-03A-0001,,J1628-41,True,IR
binir030822.0134.fits,J1628-41,16:28:47.25,-41:52:37.9,2003-08-23,02:06:22,2452874.58776,30.04,1.26,V,J,1418,2005,2100,IR_CD_header_logs/LOG_J1628-41.20030614thru20040308.csv,IR_CD_header_logs/,J1628-41,CD,YALE-03A-0001,,J1628-41,True,IR
binir030822.0133.fits,J1628-41,16:28:47.24,-41:52:37.8,2003-08-23,02:05:29,2452874.58715,30.04,1.26,V,J,1358,2035,2130,IR_CD_header_logs/LOG_J1628-41.20030614thru20040308.csv,IR_CD_header_logs/,J1628-41,CD,YALE-03A-0001,,J1628-41,True,IR
binir030822.0132.fits,J1628-41,16:28:46.83,-41:52:47.0,2003-08-23,02:04:36,2452874.58653,30.05,1.25,V,J,1388,2065,2070,IR_CD_header_logs/LOG_J1628-41.20030614thru20040308.csv,IR_CD_header_logs/,J1628-41,CD,YALE-03A-0001,,J1628-41,True,IR
binir030822.0131.fits,J1628-41,16:28:46.82,-41:52:47.2,2003-08-23,02:03:44,2452874.58593,30.04,1.25,V,J,1388,2035,2100,IR_CD_header_logs/LOG_J1628-41.20030614thru20040308.csv,IR_CD_header_logs/,J1628-41,CD,YALE-03A-0001,,J1628-41,True,IR
binir030821.0217.fits,J1628-41,16:28:47.24,-41:52:38.0,2003-08-22,02:31:32,2452873.60523,30.04,1.33,V,J,1358,2035,2130,IR_CD_header_logs/LOG_J1628-41.20030614thru20040308.csv,IR_CD_header_logs/,J1628-41,CD,YALE-03A-0001,,J1628-41,True,IR
binir030821.0215.fits,J1628-41,16:28:46.82,-41:52:50.8,2003-08-22,02:29:47,2452873.60402,30.04,1.33,V,J,1388,2035,2100,IR_CD_header_logs/LOG_J1628-41.20030614thru20040308.csv,IR_CD_header_logs/,J1628-41,CD,YALE-03A-0001,,J1628-41,True,IR
binir030823.0096.fits,J1628-41,16:28:47.57,-41:52:45.9,2003-08-24,02:14:41,2452875.59353,30.04,1.3,V,J,1388,2065,2070,IR_CD_header_logs/LOG_J1628-41.20030614thru20040308.csv,IR_CD_header_logs/,J1628-41,CD,YALE-03A-0001,,J1628-41,True,IR
binir030824.0106.fits,J1628-41,16:28:47.18,-41:52:56.2,2003-08-25,01:15:47,2452876.55263,30.04,1.15,V,J,1388,2035,2100,IR_CD_header_logs/LOG_J1628-41.20030614thru20040308.csv,IR_CD_header_logs/,J1628-41,CD,YALE-03A-0001,,J1628-41,True,IR
binir030824.0107.fits,J1628-41,16:28:47.19,-41:52:55.7,2003-08-25,01:16:40,2452876.55324,30.04,1.15,V,J,1388,2065,2070,IR_CD_header_logs/LOG_J1628-41.20030614thru20040308.csv,IR_CD_header_logs/,J1628-41,CD,YALE-03A-0001,,J1628-41,True,IR
binir030825.0071.fits,J1628-41,16:28:47.63,-41:52:47.6,2003-08-26,00:52:28,2452877.53644,30.05,1.11,V,J,1388,2005,2130,IR_CD_header_logs/LOG_J1628-41.20030614thru20040308.csv,IR_CD_header_logs/,J1628-41,CD,YALE-03A-0001,,J1628-41,True,IR
binir030826.0028.fits,J1628-41,16:28:47.59,-41:52:48.6,2003-08-27,00:03:37,2452878.50252,30.04,1.05,V,J,1358,2035,2130,IR_CD_header_logs/LOG_J1628-41.20030614thru20040308.csv,IR_CD_header_logs/,J1628-41,CD,YALE-03A-0001,,J1628-41,True,IR
binir030826.0027.fits,J1628-41,16:28:47.58,-41:52:49.0,2003-08-27,00:02:44,2452878.50191,30.04,1.05,V,J,1388,2065,2070,IR_CD_header_logs/LOG_J1628-41.20030614thru20040308.csv,IR_CD_header_logs/,J1628-41,CD,YALE-03A-0001,,J1628-41,True,IR
binir030826.0026.fits,J1628-41,16:28:47.55,-41:52:49.5,2003-08-27,00:01:52,2452878.5013,30.05,1.05,V,J,1388,2035,2100,IR_CD_header_logs/LOG_J1628-41.20030614thru20040308.csv,IR_CD_header_logs/,J1628-41,CD,YALE-03A-0001,,J1628-41,True,IR
binir030825.0067.fits,J1628-41,16:28:47.54,-41:52:48.4,2003-08-26,00:48:58,2452877.53401,30.04,1.11,V,J,1388,2035,2100,IR_CD_header_logs/LOG_J1628-41.20030614thru20040308.csv,IR_CD_header_logs/,J1628-41,CD,YALE-03A-0001,,J1628-41,True,IR
binir030825.0068.fits,J1628-41,16:28:47.57,-41:52:47.8,2003-08-26,00:49:50,2452877.53461,30.05,1.11,V,J,1388,2065,2070,IR_CD_header_logs/LOG_J1628-41.20030614thru20040308.csv,IR_CD_header_logs/,J1628-41,CD,YALE-03A-0001,,J1628-41,True,IR
binir030825.0069.fits,J1628-41,16:28:47.58,-41:52:47.8,2003-08-26,00:50:43,2452877.53522,30.04,1.11,V,J,1358,2035,2130,IR_CD_header_logs/LOG_J1628-41.20030614thru20040308.csv,IR_CD_header_logs/,J1628-41,CD,YALE-03A-0001,,J1628-41,True,IR
binir030825.0070.fits,J1628-41,16:28:47.62,-41:52:47.6,2003-08-26,00:51:36,2452877.53584,30.05,1.11,V,J,1418,2005,2100,IR_CD_header_logs/LOG_J1628-41.20030614thru20040308.csv,IR_CD_header_logs/,J1628-41,CD,YALE-03A-0001,,J1628-41,True,IR
binir030825.0073.fits,J1628-41,16:28:47.65,-41:52:47.0,2003-08-26,00:54:12,2452877.53764,30.05,1.12,V,J,1358,2065,2100,IR_CD_header_logs/LOG_J1628-41.20030614thru20040308.csv,IR_CD_header_logs/,J1628-41,CD,YALE-03A-0001,,J1628-41,True,IR
binir030824.0108.fits,J1628-41,16:28:47.24,-41:52:55.7,2003-08-25,01:17:32,2452876.55385,30.05,1.15,V,J,1358,2035,2130,IR_CD_header_logs/LOG_J1628-41.20030614thru20040308.csv,IR_CD_header_logs/,J1628-41,CD,YALE-03A-0001,,J1628-41,True,IR
binir030825.0074.fits,J1628-41,16:28:47.66,-41:52:46.8,2003-08-26,00:55:04,2452877.53824,30.04,1.12,V,J,1388,2035,2100,IR_CD_header_logs/LOG_J1628-41.20030614thru20040308.csv,IR_CD_header_logs/,J1628-41,CD,YALE-03A-0001,,J1628-41,True,IR
binir030825.0072.fits,J1628-41,16:28:47.65,-41:52:47.3,2003-08-26,00:53:20,2452877.53704,30.04,1.11,V,J,1418,2035,2070,IR_CD_header_logs/LOG_J1628-41.20030614thru20040308.csv,IR_CD_header_logs/,J1628-41,CD,YALE-03A-0001,,J1628-41,True,IR
binir030824.0113.fits,J1628-41,16:28:47.23,-41:52:55.3,2003-08-25,01:21:55,2452876.55689,30.04,1.16,V,J,1388,2035,2100,IR_CD_header_logs/LOG_J1628-41.20030614thru20040308.csv,IR_CD_header_logs/,J1628-41,CD,YALE-03A-0001,,J1628-41,True,IR
binir030824.0112.fits,J1628-41,16:28:47.26,-41:52:55.4,2003-08-25,01:21:02,2452876.55628,30.04,1.16,V,J,1358,2065,2100,IR_CD_header_logs/LOG_J1628-41.20030614thru20040308.csv,IR_CD_header_logs/,J1628-41,CD,YALE-03A-0001,,J1628-41,True,IR
binir030824.0111.fits,J1628-41,16:28:47.27,-41:52:55.7,2003-08-25,01:20:10,2452876.55568,30.05,1.16,V,J,1418,2035,2070,IR_CD_header_logs/LOG_J1628-41.20030614thru20040308.csv,IR_CD_header_logs/,J1628-41,CD,YALE-03A-0001,,J1628-41,True,IR
binir030824.0110.fits,J1628-41,16:28:47.23,-41:52:55.7,2003-08-25,01:19:17,2452876.55507,30.04,1.16,V,J,1388,2005,2130,IR_CD_header_logs/LOG_J1628-41.20030614thru20040308.csv,IR_CD_header_logs/,J1628-41,CD,YALE-03A-0001,,J1628-41,True,IR
binir030824.0109.fits,J1628-41,16:28:47.22,-41:52:55.6,2003-08-25,01:18:26,2452876.55447,30.04,1.16,V,J,1418,2005,2100,IR_CD_header_logs/LOG_J1628-41.20030614thru20040308.csv,IR_CD_header_logs/,J1628-41,CD,YALE-03A-0001,,J1628-41,True,IR
binir030821.0216.fits,J1628-41,16:28:47.25,-41:52:38.1,2003-08-22,02:30:39,2452873.60462,30.05,1.33,V,J,1388,2065,2070,IR_CD_header_logs/LOG_J1628-41.20030614thru20040308.csv,IR_CD_header_logs/,J1628-41,CD,YALE-03A-0001,,J1628-41,True,IR
binir030821.0219.fits,J1628-41,16:28:47.25,-41:52:38.0,2003-08-22,02:33:16,2452873.60644,30.04,1.34,V,J,1388,2005,2130,IR_CD_header_logs/LOG_J1628-41.20030614thru20040308.csv,IR_CD_header_logs/,J1628-41,CD,YALE-03A-0001,,J1628-41,True,IR
binir030816.0231.fits,J1628-41,16:28:47.01,-41:52:38.2,2003-08-17,02:25:40,2452868.60116,30.05,1.25,V,J,1388,2005,2130,IR_CD_header_logs/LOG_J1628-41.20030614thru20040308.csv,IR_CD_header_logs/,J1628-41,CD,YALE-03A-0001,,J1628-41,True,IR
binir030821.0220.fits,J1628-41,16:28:47.23,-41:52:37.9,2003-08-22,02:34:09,2452873.60706,30.04,1.34,V,J,1418,2035,2070,IR_CD_header_logs/LOG_J1628-41.20030614thru20040308.csv,IR_CD_header_logs/,J1628-41,CD,YALE-03A-0001,,J1628-41,True,IR
binir030818.0233.fits,J1628-41,16:28:47.29,-41:52:38.4,2003-08-19,02:22:12,2452870.59876,30.04,1.26,V,J,1418,2035,2070,IR_CD_header_logs/LOG_J1628-41.20030614thru20040308.csv,IR_CD_header_logs/,J1628-41,CD,YALE-03A-0001,,J1628-41,True,IR
binir030818.0232.fits,J1628-41,16:28:47.30,-41:52:38.3,2003-08-19,02:21:19,2452870.59815,30.05,1.26,V,J,1388,2005,2130,IR_CD_header_logs/LOG_J1628-41.20030614thru20040308.csv,IR_CD_header_logs/,J1628-41,CD,YALE-03A-0001,,J1628-41,True,IR
binir030818.0231.fits,J1628-41,16:28:47.29,-41:52:38.4,2003-08-19,02:20:27,2452870.59754,30.04,1.25,V,J,1418,2005,2100,IR_CD_header_logs/LOG_J1628-41.20030614thru20040308.csv,IR_CD_header_logs/,J1628-41,CD,YALE-03A-0001,,J1628-41,True,IR
binir030818.0230.fits,J1628-41,16:28:47.32,-41:52:38.4,2003-08-19,02:19:34,2452870.59693,30.05,1.25,V,J,1358,2035,2130,IR_CD_header_logs/LOG_J1628-41.20030614thru20040308.csv,IR_CD_header_logs/,J1628-41,CD,YALE-03A-0001,,J1628-41,True,IR
binir030818.0229.fits,J1628-41,16:28:47.30,-41:52:38.3,2003-08-19,02:18:41,2452870.59632,30.05,1.25,V,J,1388,2065,2070,IR_CD_header_logs/LOG_J1628-41.20030614thru20040308.csv,IR_CD_header_logs/,J1628-41,CD,YALE-03A-0001,,J1628-41,True,IR
binir030818.0228.fits,J1628-41,16:28:47.29,-41:52:38.3,2003-08-19,02:17:49,2452870.59572,30.04,1.25,V,J,1388,2035,2100,IR_CD_header_logs/LOG_J1628-41.20030614thru20040308.csv,IR_CD_header_logs/,J1628-41,CD,YALE-03A-0001,,J1628-41,True,IR
binir030817.0146.fits,J1628-41,16:28:47.30,-41:52:38.0,2003-08-18,01:27:26,2452869.56073,30.04,1.12,V,J,1388,2035,2100,IR_CD_header_logs/LOG_J1628-41.20030614thru20040308.csv,IR_CD_header_logs/,J1628-41,CD,YALE-03A-0001,,J1628-41,True,IR
binir030817.0147.fits,J1628-41,16:28:47.31,-41:52:37.6,2003-08-18,01:28:18,2452869.56133,30.05,1.12,V,J,1388,2065,2070,IR_CD_header_logs/LOG_J1628-41.20030614thru20040308.csv,IR_CD_header_logs/,J1628-41,CD,YALE-03A-0001,,J1628-41,True,IR
binir030817.0148.fits,J1628-41,16:28:47.32,-41:52:37.5,2003-08-18,01:29:11,2452869.56194,30.04,1.12,V,J,1358,2035,2130,IR_CD_header_logs/LOG_J1628-41.20030614thru20040308.csv,IR_CD_header_logs/,J1628-41,CD,YALE-03A-0001,,J1628-41,True,IR
binir030817.0149.fits,J1628-41,16:28:47.32,-41:52:37.3,2003-08-18,01:30:04,2452869.56256,30.05,1.12,V,J,1418,2005,2100,IR_CD_header_logs/LOG_J1628-41.20030614thru20040308.csv,IR_CD_header_logs/,J1628-41,CD,YALE-03A-0001,,J1628-41,True,IR
binir030817.0150.fits,J1628-41,16:28:47.35,-41:52:37.4,2003-08-18,01:30:56,2452869.56316,30.05,1.13,V,J,1388,2005,2130,IR_CD_header_logs/LOG_J1628-41.20030614thru20040308.csv,IR_CD_header_logs/,J1628-41,CD,YALE-03A-0001,,J1628-41,True,IR
binir030817.0152.fits,J1628-41,16:28:47.35,-41:52:37.2,2003-08-18,01:32:42,2452869.56438,30.04,1.13,V,J,1358,2065,2100,IR_CD_header_logs/LOG_J1628-41.20030614thru20040308.csv,IR_CD_header_logs/,J1628-41,CD,YALE-03A-0001,,J1628-41,True,IR
binir030817.0153.fits,J1628-41,16:28:47.39,-41:52:37.1,2003-08-18,01:33:34,2452869.56498,30.05,1.13,V,J,1388,2035,2100,IR_CD_header_logs/LOG_J1628-41.20030614thru20040308.csv,IR_CD_header_logs/,J1628-41,CD,YALE-03A-0001,,J1628-41,True,IR
binir030817.0151.fits,J1628-41,16:28:47.35,-41:52:37.5,2003-08-18,01:31:49,2452869.56377,30.04,1.13,V,J,1418,2035,2070,IR_CD_header_logs/LOG_J1628-41.20030614thru20040308.csv,IR_CD_header_logs/,J1628-41,CD,YALE-03A-0001,,J1628-41,True,IR
binir030816.0234.fits,J1628-41,16:28:47.04,-41:52:38.3,2003-08-17,02:28:17,2452868.60298,30.04,1.25,V,J,1388,2035,2100,IR_CD_header_logs/LOG_J1628-41.20030614thru20040308.csv,IR_CD_header_logs/,J1628-41,CD,YALE-03A-0001,,J1628-41,True,IR
binir030816.0233.fits,J1628-41,16:28:47.04,-41:52:38.4,2003-08-17,02:27:24,2452868.60237,30.05,1.25,V,J,1358,2065,2100,IR_CD_header_logs/LOG_J1628-41.20030614thru20040308.csv,IR_CD_header_logs/,J1628-41,CD,YALE-03A-0001,,J1628-41,True,IR
binir030816.0232.fits,J1628-41,16:28:47.02,-41:52:38.3,2003-08-17,02:26:32,2452868.60176,30.04,1.25,V,J,1418,2035,2070,IR_CD_header_logs/LOG_J1628-41.20030614thru20040308.csv,IR_CD_header_logs/,J1628-41,CD,YALE-03A-0001,,J1628-41,True,IR
binir030818.0234.fits,J1628-41,16:28:47.28,-41:52:38.5,2003-08-19,02:23:05,2452870.59937,30.04,1.26,V,J,1358,2065,2100,IR_CD_header_logs/LOG_J1628-41.20030614thru20040308.csv,IR_CD_header_logs/,J1628-41,CD,YALE-03A-0001,,J1628-41,True,IR
binir030818.0235.fits,J1628-41,16:28:47.27,-41:52:38.4,2003-08-19,02:23:58,2452870.59998,30.04,1.27,V,J,1388,2035,2100,IR_CD_header_logs/LOG_J1628-41.20030614thru20040308.csv,IR_CD_header_logs/,J1628-41,CD,YALE-03A-0001,,J1628-41,True,IR
binir030819.0257.fits,J1628-41,16:28:47.23,-41:52:37.8,2003-08-20,02:29:05,2452871.60354,30.04,1.3,V,J,1358,2065,2100,IR_CD_header_logs/LOG_J1628-41.20030614thru20040308.csv,IR_CD_header_logs/,J1628-41,CD,YALE-03A-0001,,J1628-41,True,IR
binir030820.0193.fits,J1628-41,16:28:47.24,-41:52:38.0,2003-08-21,02:19:06,2452872.5966,30.04,1.28,V,J,1358,2035,2130,IR_CD_header_logs/LOG_J1628-41.20030614thru20040308.csv,IR_CD_header_logs/,J1628-41,CD,YALE-03A-0001,,J1628-41,True,IR
binir030821.0221.fits,J1628-41,16:28:47.22,-41:52:38.0,2003-08-22,02:35:01,2452873.60766,30.04,1.35,V,J,1358,2065,2100,IR_CD_header_logs/LOG_J1628-41.20030614thru20040308.csv,IR_CD_header_logs/,J1628-41,CD,YALE-03A-0001,,J1628-41,True,IR
binir030821.0222.fits,J1628-41,16:28:47.24,-41:52:38.4,2003-08-22,02:35:53,2452873.60826,30.05,1.35,V,J,1388,2035,2100,IR_CD_header_logs/LOG_J1628-41.20030614thru20040308.csv,IR_CD_header_logs/,J1628-41,CD,YALE-03A-0001,,J1628-41,True,IR
binir030820.0198.fits,J1628-41,16:28:47.22,-41:52:38.2,2003-08-21,02:23:28,2452872.59964,30.05,1.29,V,J,1388,2035,2100,IR_CD_header_logs/LOG_J1628-41.20030614thru20040308.csv,IR_CD_header_logs/,J1628-41,CD,YALE-03A-0001,,J1628-41,True,IR
binir030820.0197.fits,J1628-41,16:28:47.23,-41:52:38.2,2003-08-21,02:22:36,2452872.59903,30.05,1.29,V,J,1358,2065,2100,IR_CD_header_logs/LOG_J1628-41.20030614thru20040308.csv,IR_CD_header_logs/,J1628-41,CD,YALE-03A-0001,,J1628-41,True,IR
binir030820.0196.fits,J1628-41,16:28:47.23,-41:52:38.2,2003-08-21,02:21:43,2452872.59842,30.04,1.28,V,J,1418,2035,2070,IR_CD_header_logs/LOG_J1628-41.20030614thru20040308.csv,IR_CD_header_logs/,J1628-41,CD,YALE-03A-0001,,J1628-41,True,IR
binir030820.0195.fits,J1628-41,16:28:47.23,-41:52:38.2,2003-08-21,02:20:51,2452872.59781,30.05,1.28,V,J,1388,2005,2130,IR_CD_header_logs/LOG_J1628-41.20030614thru20040308.csv,IR_CD_header_logs/,J1628-41,CD,YALE-03A-0001,,J1628-41,True,IR
binir030820.0194.fits,J1628-41,16:28:47.25,-41:52:38.1,2003-08-21,02:19:58,2452872.59721,30.04,1.28,V,J,1418,2005,2100,IR_CD_header_logs/LOG_J1628-41.20030614thru20040308.csv,IR_CD_header_logs/,J1628-41,CD,YALE-03A-0001,,J1628-41,True,IR
binir030820.0192.fits,J1628-41,16:28:47.22,-41:52:38.2,2003-08-21,02:18:13,2452872.59598,30.05,1.27,V,J,1388,2065,2070,IR_CD_header_logs/LOG_J1628-41.20030614thru20040308.csv,IR_CD_header_logs/,J1628-41,CD,YALE-03A-0001,,J1628-41,True,IR
binir030819.0256.fits,J1628-41,16:28:47.24,-41:52:37.7,2003-08-20,02:28:12,2452871.60293,30.05,1.29,V,J,1418,2035,2070,IR_CD_header_logs/LOG_J1628-41.20030614thru20040308.csv,IR_CD_header_logs/,J1628-41,CD,YALE-03A-0001,,J1628-41,True,IR
binir030820.0191.fits,J1628-41,16:28:47.28,-41:52:38.3,2003-08-21,02:17:21,2452872.59538,30.04,1.27,V,J,1388,2035,2100,IR_CD_header_logs/LOG_J1628-41.20030614thru20040308.csv,IR_CD_header_logs/,J1628-41,CD,YALE-03A-0001,,J1628-41,True,IR
binir030819.0253.fits,J1628-41,16:28:47.26,-41:52:37.5,2003-08-20,02:25:34,2452871.6011,30.05,1.28,V,J,1358,2035,2130,IR_CD_header_logs/LOG_J1628-41.20030614thru20040308.csv,IR_CD_header_logs/,J1628-41,CD,YALE-03A-0001,,J1628-41,True,IR
binir030819.0251.fits,J1628-41,16:28:47.28,-41:52:37.9,2003-08-20,02:23:49,2452871.59988,30.04,1.28,V,J,1388,2035,2100,IR_CD_header_logs/LOG_J1628-41.20030614thru20040308.csv,IR_CD_header_logs/,J1628-41,CD,YALE-03A-0001,,J1628-41,True,IR
binir030819.0252.fits,J1628-41,16:28:47.24,-41:52:37.6,2003-08-20,02:24:41,2452871.60048,30.04,1.28,V,J,1388,2065,2070,IR_CD_header_logs/LOG_J1628-41.20030614thru20040308.csv,IR_CD_header_logs/,J1628-41,CD,YALE-03A-0001,,J1628-41,True,IR
binir030819.0254.fits,J1628-41,16:28:47.24,-41:52:37.5,2003-08-20,02:26:27,2452871.60171,30.05,1.29,V,J,1418,2005,2100,IR_CD_header_logs/LOG_J1628-41.20030614thru20040308.csv,IR_CD_header_logs/,J1628-41,CD,YALE-03A-0001,,J1628-41,True,IR
binir030819.0258.fits,J1628-41,16:28:47.23,-41:52:37.8,2003-08-20,02:29:57,2452871.60414,30.04,1.3,V,J,1388,2035,2100,IR_CD_header_logs/LOG_J1628-41.20030614thru20040308.csv,IR_CD_header_logs/,J1628-41,CD,YALE-03A-0001,,J1628-41,True,IR
binir030819.0255.fits,J1628-41,16:28:47.24,-41:52:37.7,2003-08-20,02:27:19,2452871.60231,30.04,1.29,V,J,1388,2005,2130,IR_CD_header_logs/LOG_J1628-41.20030614thru20040308.csv,IR_CD_header_logs/,J1628-41,CD,YALE-03A-0001,,J1628-41,True,IR
binir030826.0030.fits,J1628-41,16:28:47.60,-41:52:48.1,2003-08-27,00:05:22,2452878.50373,30.04,1.06,V,J,1388,2005,2130,IR_CD_header_logs/LOG_J1628-41.20030614thru20040308.csv,IR_CD_header_logs/,J1628-41,CD,YALE-03A-0001,,J1628-41,True,IR
binir030826.0029.fits,J1628-41,16:28:47.61,-41:52:48.4,2003-08-27,00:04:30,2452878.50313,30.04,1.06,V,J,1418,2005,2100,IR_CD_header_logs/LOG_J1628-41.20030614thru20040308.csv,IR_CD_header_logs/,J1628-41,CD,YALE-03A-0001,,J1628-41,True,IR
binir030826.0031.fits,J1628-41,16:28:47.60,-41:52:47.9,2003-08-27,00:06:15,2452878.50435,30.04,1.06,V,J,1418,2035,2070,IR_CD_header_logs/LOG_J1628-41.20030614thru20040308.csv,IR_CD_header_logs/,J1628-41,CD,YALE-03A-0001,,J1628-41,True,IR
binir030826.0032.fits,J1628-41,16:28:47.61,-41:52:47.8,2003-08-27,00:07:07,2452878.50495,30.05,1.06,V,J,1358,2065,2100,IR_CD_header_logs/LOG_J1628-41.20030614thru20040308.csv,IR_CD_header_logs/,J1628-41,CD,YALE-03A-0001,,J1628-41,True,IR
binir030905.0163.fits,J1628-41,16:28:47.22,-41:52:37.9,2003-09-06,02:22:32,2452888.59899,30.05,1.58,V,J,1358,2035,2130,IR_CD_header_logs/LOG_J1628-41.20030614thru20040308.csv,IR_CD_header_logs/,J1628-41,CD,YALE-03A-0001,,J1628-41,True,IR
binir030910.0128.fits,J1628-41,16:28:47.27,-41:52:38.0,2003-09-11,01:31:01,2452893.56321,30.05,1.41,V,J,1388,2035,2100,IR_CD_header_logs/LOG_J1628-41.20030614thru20040308.csv,IR_CD_header_logs/,J1628-41,CD,YALE-03A-0001,,J1628-41,True,IR
binir030909.0136.fits,J1628-41,16:28:47.16,-41:52:38.6,2003-09-10,01:56:43,2452892.58106,30.04,1.52,V,J,1418,2005,2100,IR_CD_header_logs/LOG_J1628-41.20030614thru20040308.csv,IR_CD_header_logs/,J1628-41,CD,YALE-03A-0001,,J1628-41,True,IR
binir030909.0133.fits,J1628-41,16:28:47.24,-41:52:37.6,2003-09-10,01:54:05,2452892.57923,30.05,1.5,V,J,1388,2035,2100,IR_CD_header_logs/LOG_J1628-41.20030614thru20040308.csv,IR_CD_header_logs/,J1628-41,CD,YALE-03A-0001,,J1628-41,True,IR
binir030909.0134.fits,J1628-41,16:28:47.27,-41:52:38.2,2003-09-10,01:54:58,2452892.57984,30.04,1.51,V,J,1388,2065,2070,IR_CD_header_logs/LOG_J1628-41.20030614thru20040308.csv,IR_CD_header_logs/,J1628-41,CD,YALE-03A-0001,,J1628-41,True,IR
binir030909.0135.fits,J1628-41,16:28:47.21,-41:52:38.3,2003-09-10,01:55:50,2452892.58045,30.04,1.51,V,J,1358,2035,2130,IR_CD_header_logs/LOG_J1628-41.20030614thru20040308.csv,IR_CD_header_logs/,J1628-41,CD,YALE-03A-0001,,J1628-41,True,IR
binir030909.0137.fits,J1628-41,16:28:47.18,-41:52:39.2,2003-09-10,01:57:35,2452892.58166,30.04,1.52,V,J,1388,2005,2130,IR_CD_header_logs/LOG_J1628-41.20030614thru20040308.csv,IR_CD_header_logs/,J1628-41,CD,YALE-03A-0001,,J1628-41,True,IR
binir030909.0139.fits,J1628-41,16:28:47.17,-41:52:39.7,2003-09-10,01:59:20,2452892.58287,30.05,1.53,V,J,1358,2065,2100,IR_CD_header_logs/LOG_J1628-41.20030614thru20040308.csv,IR_CD_header_logs/,J1628-41,CD,YALE-03A-0001,,J1628-41,True,IR
binir030909.0140.fits,J1628-41,16:28:47.13,-41:52:39.8,2003-09-10,02:00:12,2452892.58347,30.04,1.54,V,J,1388,2035,2100,IR_CD_header_logs/LOG_J1628-41.20030614thru20040308.csv,IR_CD_header_logs/,J1628-41,CD,YALE-03A-0001,,J1628-41,True,IR
binir030909.0138.fits,J1628-41,16:28:47.19,-41:52:39.7,2003-09-10,01:58:28,2452892.58227,30.05,1.53,V,J,1418,2035,2070,IR_CD_header_logs/LOG_J1628-41.20030614thru20040308.csv,IR_CD_header_logs/,J1628-41,CD,YALE-03A-0001,,J1628-41,True,IR
binir030908.0121.fits,J1628-41,16:28:47.19,-41:52:48.4,2003-09-09,02:02:17,2452891.58493,30.04,1.53,V,J,1388,2035,2100,IR_CD_header_logs/LOG_J1628-41.20030614thru20040308.csv,IR_CD_header_logs/,J1628-41,CD,YALE-03A-0001,,J1628-41,True,IR
binir030908.0120.fits,J1628-41,16:28:47.24,-41:52:48.3,2003-09-09,02:01:25,2452891.58432,30.04,1.52,V,J,1358,2065,2100,IR_CD_header_logs/LOG_J1628-41.20030614thru20040308.csv,IR_CD_header_logs/,J1628-41,CD,YALE-03A-0001,,J1628-41,True,IR
binir030908.0119.fits,J1628-41,16:28:47.19,-41:52:48.1,2003-09-09,02:00:33,2452891.58372,30.05,1.52,V,J,1418,2035,2070,IR_CD_header_logs/LOG_J1628-41.20030614thru20040308.csv,IR_CD_header_logs/,J1628-41,CD,YALE-03A-0001,,J1628-41,True,IR
binir030908.0118.fits,J1628-41,16:28:47.24,-41:52:47.7,2003-09-09,01:59:40,2452891.58311,30.04,1.51,V,J,1388,2005,2130,IR_CD_header_logs/LOG_J1628-41.20030614thru20040308.csv,IR_CD_header_logs/,J1628-41,CD,YALE-03A-0001,,J1628-41,True,IR
binir030908.0117.fits,J1628-41,16:28:47.27,-41:52:48.1,2003-09-09,01:58:48,2452891.5825,30.04,1.51,V,J,1418,2005,2100,IR_CD_header_logs/LOG_J1628-41.20030614thru20040308.csv,IR_CD_header_logs/,J1628-41,CD,YALE-03A-0001,,J1628-41,True,IR
binir030908.0116.fits,J1628-41,16:28:47.27,-41:52:47.5,2003-09-09,01:57:55,2452891.58189,30.04,1.5,V,J,1358,2035,2130,IR_CD_header_logs/LOG_J1628-41.20030614thru20040308.csv,IR_CD_header_logs/,J1628-41,CD,YALE-03A-0001,,J1628-41,True,IR
binir030908.0115.fits,J1628-41,16:28:47.26,-41:52:47.3,2003-09-09,01:57:02,2452891.58128,30.05,1.5,V,J,1388,2065,2070,IR_CD_header_logs/LOG_J1628-41.20030614thru20040308.csv,IR_CD_header_logs/,J1628-41,CD,YALE-03A-0001,,J1628-41,True,IR
binir030908.0114.fits,J1628-41,16:28:47.27,-41:52:47.1,2003-09-09,01:56:10,2452891.58068,30.04,1.49,V,J,1388,2035,2100,IR_CD_header_logs/LOG_J1628-41.20030614thru20040308.csv,IR_CD_header_logs/,J1628-41,CD,YALE-03A-0001,,J1628-41,True,IR
binir030910.0129.fits,J1628-41,16:28:47.30,-41:52:38.7,2003-09-11,01:31:53,2452893.56381,30.05,1.41,V,J,1388,2065,2070,IR_CD_header_logs/LOG_J1628-41.20030614thru20040308.csv,IR_CD_header_logs/,J1628-41,CD,YALE-03A-0001,,J1628-41,True,IR
binir030910.0130.fits,J1628-41,16:28:47.28,-41:52:38.6,2003-09-11,01:32:46,2452893.56442,30.05,1.42,V,J,1358,2035,2130,IR_CD_header_logs/LOG_J1628-41.20030614thru20040308.csv,IR_CD_header_logs/,J1628-41,CD,YALE-03A-0001,,J1628-41,True,IR
binir030910.0131.fits,J1628-41,16:28:47.27,-41:52:38.5,2003-09-11,01:33:39,2452893.56504,30.04,1.42,V,J,1418,2005,2100,IR_CD_header_logs/LOG_J1628-41.20030614thru20040308.csv,IR_CD_header_logs/,J1628-41,CD,YALE-03A-0001,,J1628-41,True,IR
binir030911.0135.fits,J1628-41,16:28:47.25,-41:52:38.4,2003-09-12,01:59:22,2452894.5829,30.04,1.58,V,J,1388,2065,2070,IR_CD_header_logs/LOG_J1628-41.20030614thru20040308.csv,IR_CD_header_logs/,J1628-41,CD,YALE-03A-0001,,J1628-41,True,IR
binir030912.0124.fits,J1628-41,16:28:47.29,-41:52:38.5,2003-09-13,01:26:27,2452895.56004,30.05,1.42,V,J,1388,2005,2130,IR_CD_header_logs/LOG_J1628-41.20030614thru20040308.csv,IR_CD_header_logs/,J1628-41,CD,YALE-03A-0001,,J1628-41,True,IR
binir030912.0123.fits,J1628-41,16:28:47.31,-41:52:38.5,2003-09-13,01:25:35,2452895.55944,30.04,1.42,V,J,1418,2005,2100,IR_CD_header_logs/LOG_J1628-41.20030614thru20040308.csv,IR_CD_header_logs/,J1628-41,CD,YALE-03A-0001,,J1628-41,True,IR
binir030912.0122.fits,J1628-41,16:28:47.29,-41:52:38.5,2003-09-13,01:24:43,2452895.55883,30.04,1.42,V,J,1358,2035,2130,IR_CD_header_logs/LOG_J1628-41.20030614thru20040308.csv,IR_CD_header_logs/,J1628-41,CD,YALE-03A-0001,,J1628-41,True,IR
binir030912.0121.fits,J1628-41,16:28:47.31,-41:52:38.3,2003-09-13,01:23:50,2452895.55822,30.04,1.41,V,J,1388,2065,2070,IR_CD_header_logs/LOG_J1628-41.20030614thru20040308.csv,IR_CD_header_logs/,J1628-41,CD,YALE-03A-0001,,J1628-41,True,IR
binir030912.0120.fits,J1628-41,16:28:47.27,-41:52:38.2,2003-09-13,01:22:58,2452895.55762,30.04,1.41,V,J,1388,2035,2100,IR_CD_header_logs/LOG_J1628-41.20030614thru20040308.csv,IR_CD_header_logs/,J1628-41,CD,YALE-03A-0001,,J1628-41,True,IR
binir030911.0136.fits,J1628-41,16:28:47.23,-41:52:38.9,2003-09-12,02:00:15,2452894.58351,30.04,1.59,V,J,1358,2035,2130,IR_CD_header_logs/LOG_J1628-41.20030614thru20040308.csv,IR_CD_header_logs/,J1628-41,CD,YALE-03A-0001,,J1628-41,True,IR
binir030911.0134.fits,J1628-41,16:28:47.27,-41:52:38.8,2003-09-12,01:58:30,2452894.5823,30.05,1.58,V,J,1388,2035,2100,IR_CD_header_logs/LOG_J1628-41.20030614thru20040308.csv,IR_CD_header_logs/,J1628-41,CD,YALE-03A-0001,,J1628-41,True,IR
binir030911.0137.fits,J1628-41,16:28:47.24,-41:52:39.3,2003-09-12,02:01:08,2452894.58412,30.05,1.59,V,J,1418,2005,2100,IR_CD_header_logs/LOG_J1628-41.20030614thru20040308.csv,IR_CD_header_logs/,J1628-41,CD,YALE-03A-0001,,J1628-41,True,IR
binir030910.0132.fits,J1628-41,16:28:47.29,-41:52:38.7,2003-09-11,01:34:31,2452893.56564,30.05,1.43,V,J,1388,2005,2130,IR_CD_header_logs/LOG_J1628-41.20030614thru20040308.csv,IR_CD_header_logs/,J1628-41,CD,YALE-03A-0001,,J1628-41,True,IR
binir030911.0141.fits,J1628-41,16:28:47.30,-41:52:40.3,2003-09-12,02:04:37,2452894.58654,30.04,1.62,V,J,1388,2035,2100,IR_CD_header_logs/LOG_J1628-41.20030614thru20040308.csv,IR_CD_header_logs/,J1628-41,CD,YALE-03A-0001,,J1628-41,True,IR
binir030911.0139.fits,J1628-41,16:28:47.25,-41:52:39.7,2003-09-12,02:02:52,2452894.58533,30.05,1.6,V,J,1418,2035,2070,IR_CD_header_logs/LOG_J1628-41.20030614thru20040308.csv,IR_CD_header_logs/,J1628-41,CD,YALE-03A-0001,,J1628-41,True,IR
binir030911.0140.fits,J1628-41,16:28:47.26,-41:52:39.7,2003-09-12,02:03:45,2452894.58594,30.04,1.61,V,J,1358,2065,2100,IR_CD_header_logs/LOG_J1628-41.20030614thru20040308.csv,IR_CD_header_logs/,J1628-41,CD,YALE-03A-0001,,J1628-41,True,IR
binir030911.0138.fits,J1628-41,16:28:47.23,-41:52:39.3,2003-09-12,02:02:00,2452894.58472,30.05,1.6,V,J,1388,2005,2130,IR_CD_header_logs/LOG_J1628-41.20030614thru20040308.csv,IR_CD_header_logs/,J1628-41,CD,YALE-03A-0001,,J1628-41,True,IR
binir030910.0135.fits,J1628-41,16:28:47.27,-41:52:39.2,2003-09-11,01:37:09,2452893.56747,30.05,1.44,V,J,1388,2035,2100,IR_CD_header_logs/LOG_J1628-41.20030614thru20040308.csv,IR_CD_header_logs/,J1628-41,CD,YALE-03A-0001,,J1628-41,True,IR
binir030910.0134.fits,J1628-41,16:28:47.28,-41:52:38.7,2003-09-11,01:36:17,2452893.56686,30.04,1.43,V,J,1358,2065,2100,IR_CD_header_logs/LOG_J1628-41.20030614thru20040308.csv,IR_CD_header_logs/,J1628-41,CD,YALE-03A-0001,,J1628-41,True,IR
binir030910.0133.fits,J1628-41,16:28:47.28,-41:52:38.8,2003-09-11,01:35:24,2452893.56625,30.05,1.43,V,J,1418,2035,2070,IR_CD_header_logs/LOG_J1628-41.20030614thru20040308.csv,IR_CD_header_logs/,J1628-41,CD,YALE-03A-0001,,J1628-41,True,IR
binir030905.0161.fits,J1628-41,16:28:47.20,-41:52:37.4,2003-09-06,02:20:47,2452888.59778,30.05,1.57,V,J,1388,2035,2100,IR_CD_header_logs/LOG_J1628-41.20030614thru20040308.csv,IR_CD_header_logs/,J1628-41,CD,YALE-03A-0001,,J1628-41,True,IR
binir030905.0162.fits,J1628-41,16:28:47.20,-41:52:38.0,2003-09-06,02:21:40,2452888.59838,30.04,1.57,V,J,1388,2065,2070,IR_CD_header_logs/LOG_J1628-41.20030614thru20040308.csv,IR_CD_header_logs/,J1628-41,CD,YALE-03A-0001,,J1628-41,True,IR
binir030912.0126.fits,J1628-41,16:28:47.28,-41:52:38.6,2003-09-13,01:28:12,2452895.56126,30.04,1.43,V,J,1358,2065,2100,IR_CD_header_logs/LOG_J1628-41.20030614thru20040308.csv,IR_CD_header_logs/,J1628-41,CD,YALE-03A-0001,,J1628-41,True,IR
binir030905.0164.fits,J1628-41,16:28:47.21,-41:52:38.2,2003-09-06,02:23:25,2452888.5996,30.04,1.58,V,J,1418,2005,2100,IR_CD_header_logs/LOG_J1628-41.20030614thru20040308.csv,IR_CD_header_logs/,J1628-41,CD,YALE-03A-0001,,J1628-41,True,IR
binir030830.0038.fits,J1628-41,16:28:47.50,-41:52:38.3,2003-08-31,00:37:53,2452882.52632,30.04,1.12,V,J,1388,2035,2100,IR_CD_header_logs/LOG_J1628-41.20030614thru20040308.csv,IR_CD_header_logs/,J1628-41,CD,YALE-03A-0001,,J1628-41,True,IR
binir030830.0037.fits,J1628-41,16:28:47.53,-41:52:38.4,2003-08-31,00:37:02,2452882.52572,30.04,1.12,V,J,1358,2065,2100,IR_CD_header_logs/LOG_J1628-41.20030614thru20040308.csv,IR_CD_header_logs/,J1628-41,CD,YALE-03A-0001,,J1628-41,True,IR
binir030830.0036.fits,J1628-41,16:28:47.51,-41:52:38.4,2003-08-31,00:36:09,2452882.52511,30.04,1.12,V,J,1418,2035,2070,IR_CD_header_logs/LOG_J1628-41.20030614thru20040308.csv,IR_CD_header_logs/,J1628-41,CD,YALE-03A-0001,,J1628-41,True,IR
binir030830.0035.fits,J1628-41,16:28:47.48,-41:52:38.4,2003-08-31,00:35:17,2452882.5245,30.04,1.12,V,J,1388,2005,2130,IR_CD_header_logs/LOG_J1628-41.20030614thru20040308.csv,IR_CD_header_logs/,J1628-41,CD,YALE-03A-0001,,J1628-41,True,IR
binir030830.0034.fits,J1628-41,16:28:47.45,-41:52:38.0,2003-08-31,00:34:25,2452882.52391,30.04,1.12,V,J,1418,2005,2100,IR_CD_header_logs/LOG_J1628-41.20030614thru20040308.csv,IR_CD_header_logs/,J1628-41,CD,YALE-03A-0001,,J1628-41,True,IR
binir030830.0033.fits,J1628-41,16:28:47.44,-41:52:38.1,2003-08-31,00:33:33,2452882.5233,30.04,1.11,V,J,1358,2035,2130,IR_CD_header_logs/LOG_J1628-41.20030614thru20040308.csv,IR_CD_header_logs/,J1628-41,CD,YALE-03A-0001,,J1628-41,True,IR
binir030830.0032.fits,J1628-41,16:28:47.42,-41:52:38.2,2003-08-31,00:32:41,2452882.5227,30.04,1.11,V,J,1388,2065,2070,IR_CD_header_logs/LOG_J1628-41.20030614thru20040308.csv,IR_CD_header_logs/,J1628-41,CD,YALE-03A-0001,,J1628-41,True,IR
binir030830.0031.fits,J1628-41,16:28:47.31,-41:52:38.3,2003-08-31,00:31:49,2452882.5221,30.04,1.11,V,J,1388,2035,2100,IR_CD_header_logs/LOG_J1628-41.20030614thru20040308.csv,IR_CD_header_logs/,J1628-41,CD,YALE-03A-0001,,J1628-41,True,IR
binir030827.0168.fits,J1628-41,16:28:47.28,-41:52:38.2,2003-08-28,01:59:08,2452879.58273,30.04,1.3,V,J,1388,2035,2100,IR_CD_header_logs/LOG_J1628-41.20030614thru20040308.csv,IR_CD_header_logs/,J1628-41,CD,YALE-03A-0001,,J1628-41,True,IR
binir030827.0169.fits,J1628-41,16:28:47.33,-41:52:38.2,2003-08-28,02:00:00,2452879.58334,30.05,1.3,V,J,1388,2065,2070,IR_CD_header_logs/LOG_J1628-41.20030614thru20040308.csv,IR_CD_header_logs/,J1628-41,CD,YALE-03A-0001,,J1628-41,True,IR
binir030827.0170.fits,J1628-41,16:28:47.29,-41:52:38.4,2003-08-28,02:00:53,2452879.58395,30.04,1.31,V,J,1358,2035,2130,IR_CD_header_logs/LOG_J1628-41.20030614thru20040308.csv,IR_CD_header_logs/,J1628-41,CD,YALE-03A-0001,,J1628-41,True,IR
binir030827.0171.fits,J1628-41,16:28:47.28,-41:52:38.5,2003-08-28,02:01:46,2452879.58456,30.05,1.31,V,J,1418,2005,2100,IR_CD_header_logs/LOG_J1628-41.20030614thru20040308.csv,IR_CD_header_logs/,J1628-41,CD,YALE-03A-0001,,J1628-41,True,IR
binir030827.0172.fits,J1628-41,16:28:47.27,-41:52:38.8,2003-08-28,02:02:38,2452879.58516,30.04,1.31,V,J,1388,2005,2130,IR_CD_header_logs/LOG_J1628-41.20030614thru20040308.csv,IR_CD_header_logs/,J1628-41,CD,YALE-03A-0001,,J1628-41,True,IR
binir030827.0175.fits,J1628-41,16:28:47.25,-41:52:39.0,2003-08-28,02:05:14,2452879.58697,30.04,1.32,V,J,1388,2035,2100,IR_CD_header_logs/LOG_J1628-41.20030614thru20040308.csv,IR_CD_header_logs/,J1628-41,CD,YALE-03A-0001,,J1628-41,True,IR
binir030827.0173.fits,J1628-41,16:28:47.28,-41:52:38.8,2003-08-28,02:03:30,2452879.58577,30.04,1.32,V,J,1418,2035,2070,IR_CD_header_logs/LOG_J1628-41.20030614thru20040308.csv,IR_CD_header_logs/,J1628-41,CD,YALE-03A-0001,,J1628-41,True,IR
binir030827.0174.fits,J1628-41,16:28:47.26,-41:52:38.8,2003-08-28,02:04:22,2452879.58637,30.05,1.32,V,J,1358,2065,2100,IR_CD_header_logs/LOG_J1628-41.20030614thru20040308.csv,IR_CD_header_logs/,J1628-41,CD,YALE-03A-0001,,J1628-41,True,IR
binir030826.0033.fits,J1628-41,16:28:47.59,-41:52:47.3,2003-08-27,00:08:00,2452878.50556,30.05,1.06,V,J,1388,2035,2100,IR_CD_header_logs/LOG_J1628-41.20030614thru20040308.csv,IR_CD_header_logs/,J1628-41,CD,YALE-03A-0001,,J1628-41,True,IR
binir030831.0150.fits,J1628-41,16:28:47.33,-41:52:39.8,2003-09-01,03:09:31,2452883.63161,30.04,1.78,V,J,1388,2035,2100,IR_CD_header_logs/LOG_J1628-41.20030614thru20040308.csv,IR_CD_header_logs/,J1628-41,CD,YALE-03A-0001,,J1628-41,True,IR
binir030831.0149.fits,J1628-41,16:28:47.33,-41:52:39.6,2003-09-01,03:08:39,2452883.63101,30.04,1.77,V,J,1358,2065,2100,IR_CD_header_logs/LOG_J1628-41.20030614thru20040308.csv,IR_CD_header_logs/,J1628-41,CD,YALE-03A-0001,,J1628-41,True,IR
binir030831.0148.fits,J1628-41,16:28:47.30,-41:52:39.6,2003-09-01,03:07:47,2452883.63041,30.05,1.76,V,J,1418,2035,2070,IR_CD_header_logs/LOG_J1628-41.20030614thru20040308.csv,IR_CD_header_logs/,J1628-41,CD,YALE-03A-0001,,J1628-41,True,IR
binir030902.0196.fits,J1628-41,16:28:47.29,-41:52:38.7,2003-09-03,02:41:44,2452885.61232,30.05,1.63,V,J,1388,2005,2130,IR_CD_header_logs/LOG_J1628-41.20030614thru20040308.csv,IR_CD_header_logs/,J1628-41,CD,YALE-03A-0001,,J1628-41,True,IR
binir030905.0168.fits,J1628-41,16:28:47.23,-41:52:39.1,2003-09-06,02:26:54,2452888.60202,30.04,1.61,V,J,1388,2035,2100,IR_CD_header_logs/LOG_J1628-41.20030614thru20040308.csv,IR_CD_header_logs/,J1628-41,CD,YALE-03A-0001,,J1628-41,True,IR
binir030905.0166.fits,J1628-41,16:28:47.23,-41:52:38.8,2003-09-06,02:25:10,2452888.60082,30.04,1.6,V,J,1418,2035,2070,IR_CD_header_logs/LOG_J1628-41.20030614thru20040308.csv,IR_CD_header_logs/,J1628-41,CD,YALE-03A-0001,,J1628-41,True,IR
binir030905.0167.fits,J1628-41,16:28:47.25,-41:52:38.9,2003-09-06,02:26:02,2452888.60142,30.05,1.6,V,J,1358,2065,2100,IR_CD_header_logs/LOG_J1628-41.20030614thru20040308.csv,IR_CD_header_logs/,J1628-41,CD,YALE-03A-0001,,J1628-41,True,IR
binir030905.0165.fits,J1628-41,16:28:47.25,-41:52:38.5,2003-09-06,02:24:17,2452888.6002,30.04,1.59,V,J,1388,2005,2130,IR_CD_header_logs/LOG_J1628-41.20030614thru20040308.csv,IR_CD_header_logs/,J1628-41,CD,YALE-03A-0001,,J1628-41,True,IR
binir030902.0199.fits,J1628-41,16:28:47.29,-41:52:38.9,2003-09-03,02:44:21,2452885.61414,30.04,1.64,V,J,1388,2035,2100,IR_CD_header_logs/LOG_J1628-41.20030614thru20040308.csv,IR_CD_header_logs/,J1628-41,CD,YALE-03A-0001,,J1628-41,True,IR
binir030902.0198.fits,J1628-41,16:28:47.29,-41:52:38.5,2003-09-03,02:43:29,2452885.61354,30.04,1.64,V,J,1358,2065,2100,IR_CD_header_logs/LOG_J1628-41.20030614thru20040308.csv,IR_CD_header_logs/,J1628-41,CD,YALE-03A-0001,,J1628-41,True,IR
binir030902.0197.fits,J1628-41,16:28:47.31,-41:52:39.3,2003-09-03,02:42:37,2452885.61294,30.05,1.63,V,J,1418,2035,2070,IR_CD_header_logs/LOG_J1628-41.20030614thru20040308.csv,IR_CD_header_logs/,J1628-41,CD,YALE-03A-0001,,J1628-41,True,IR
binir030902.0195.fits,J1628-41,16:28:47.27,-41:52:38.8,2003-09-03,02:40:52,2452885.61172,30.04,1.62,V,J,1418,2005,2100,IR_CD_header_logs/LOG_J1628-41.20030614thru20040308.csv,IR_CD_header_logs/,J1628-41,CD,YALE-03A-0001,,J1628-41,True,IR
binir030831.0147.fits,J1628-41,16:28:47.29,-41:52:39.4,2003-09-01,03:06:55,2452883.6298,30.04,1.75,V,J,1388,2005,2130,IR_CD_header_logs/LOG_J1628-41.20030614thru20040308.csv,IR_CD_header_logs/,J1628-41,CD,YALE-03A-0001,,J1628-41,True,IR
binir030902.0194.fits,J1628-41,16:28:47.28,-41:52:38.8,2003-09-03,02:39:59,2452885.61111,30.04,1.62,V,J,1358,2035,2130,IR_CD_header_logs/LOG_J1628-41.20030614thru20040308.csv,IR_CD_header_logs/,J1628-41,CD,YALE-03A-0001,,J1628-41,True,IR
binir030902.0193.fits,J1628-41,16:28:47.28,-41:52:38.5,2003-09-03,02:39:06,2452885.6105,30.05,1.61,V,J,1388,2065,2070,IR_CD_header_logs/LOG_J1628-41.20030614thru20040308.csv,IR_CD_header_logs/,J1628-41,CD,YALE-03A-0001,,J1628-41,True,IR
binir030902.0192.fits,J1628-41,16:28:47.27,-41:52:38.0,2003-09-03,02:38:15,2452885.6099,30.05,1.6,V,J,1388,2035,2100,IR_CD_header_logs/LOG_J1628-41.20030614thru20040308.csv,IR_CD_header_logs/,J1628-41,CD,YALE-03A-0001,,J1628-41,True,IR
binir030831.0146.fits,J1628-41,16:28:47.26,-41:52:39.3,2003-09-01,03:06:03,2452883.6292,30.04,1.75,V,J,1418,2005,2100,IR_CD_header_logs/LOG_J1628-41.20030614thru20040308.csv,IR_CD_header_logs/,J1628-41,CD,YALE-03A-0001,,J1628-41,True,IR
binir030831.0143.fits,J1628-41,16:28:47.25,-41:52:38.0,2003-09-01,03:03:25,2452883.62738,30.04,1.73,V,J,1388,2035,2100,IR_CD_header_logs/LOG_J1628-41.20030614thru20040308.csv,IR_CD_header_logs/,J1628-41,CD,YALE-03A-0001,,J1628-41,True,IR
binir030831.0144.fits,J1628-41,16:28:47.21,-41:52:38.9,2003-09-01,03:04:17,2452883.62798,30.04,1.73,V,J,1388,2065,2070,IR_CD_header_logs/LOG_J1628-41.20030614thru20040308.csv,IR_CD_header_logs/,J1628-41,CD,YALE-03A-0001,,J1628-41,True,IR
binir030831.0145.fits,J1628-41,16:28:47.24,-41:52:39.4,2003-09-01,03:05:10,2452883.62859,30.05,1.74,V,J,1358,2035,2130,IR_CD_header_logs/LOG_J1628-41.20030614thru20040308.csv,IR_CD_header_logs/,J1628-41,CD,YALE-03A-0001,,J1628-41,True,IR
binir030912.0125.fits,J1628-41,16:28:47.28,-41:52:38.5,2003-09-13,01:27:20,2452895.56065,30.04,1.43,V,J,1418,2035,2070,IR_CD_header_logs/LOG_J1628-41.20030614thru20040308.csv,IR_CD_header_logs/,J1628-41,CD,YALE-03A-0001,,J1628-41,True,IR
binir030912.0127.fits,J1628-41,16:28:47.39,-41:52:38.6,2003-09-13,01:29:04,2452895.56185,30.04,1.44,V,J,1388,2035,2100,IR_CD_header_logs/LOG_J1628-41.20030614thru20040308.csv,IR_CD_header_logs/,J1628-41,CD,YALE-03A-0001,,J1628-41,True,IR
binir031005.0056.fits,J1628-41,16:28:47.73,-41:52:53.2,2003-10-06,00:01:02,2452918.50072,30.04,1.45,V,J,1388,2035,2100,IR_CD_header_logs/LOG_J1628-41.20030614thru20040308.csv,IR_CD_header_logs/,J1628-41,CD,YALE-03A-0001,,J1628-41,True,IR
binir030929.0074.fits,J1628-41,16:28:47.27,-41:52:38.4,2003-09-30,00:09:06,2452912.50632,30.05,1.38,V,J,1388,2045,2090,IR_CD_header_logs/LOG_J1628-41.20030614thru20040308.csv,IR_CD_header_logs/,J1628-41,CD,YALE-03A-0001,,J1628-41,True,IR
binir031003.0077.fits,J1628-41,16:28:47.25,-41:52:37.6,2003-10-04,00:15:06,2452916.5105,30.05,1.48,V,J,1388,2015,2120,IR_CD_header_logs/LOG_J1628-41.20030614thru20040308.csv,IR_CD_header_logs/,J1628-41,CD,YALE-03A-0001,,J1628-41,True,IR
binir031003.0079.fits,J1628-41,16:28:47.15,-41:52:37.6,2003-10-04,00:16:52,2452916.51172,30.04,1.49,V,J,1358,2075,2090,IR_CD_header_logs/LOG_J1628-41.20030614thru20040308.csv,IR_CD_header_logs/,J1628-41,CD,YALE-03A-0001,,J1628-41,True,IR
binir031003.0080.fits,J1628-41,16:28:47.20,-41:52:37.9,2003-10-04,00:17:44,2452916.51232,30.05,1.49,V,J,1388,2045,2090,IR_CD_header_logs/LOG_J1628-41.20030614thru20040308.csv,IR_CD_header_logs/,J1628-41,CD,YALE-03A-0001,,J1628-41,True,IR
binir031002.0076.fits,J1628-41,16:28:47.48,-41:52:38.5,2003-10-03,00:15:54,2452915.51105,30.04,1.46,V,J,1418,2015,2090,IR_CD_header_logs/LOG_J1628-41.20030614thru20040308.csv,IR_CD_header_logs/,J1628-41,CD,YALE-03A-0001,,J1628-41,True,IR
binir031002.0073.fits,J1628-41,16:28:47.52,-41:52:38.3,2003-10-03,00:13:17,2452915.50923,30.04,1.45,V,J,1388,2045,2090,IR_CD_header_logs/LOG_J1628-41.20030614thru20040308.csv,IR_CD_header_logs/,J1628-41,CD,YALE-03A-0001,,J1628-41,True,IR
binir031002.0074.fits,J1628-41,16:28:47.48,-41:52:38.4,2003-10-03,00:14:09,2452915.50983,30.05,1.46,V,J,1388,2075,2060,IR_CD_header_logs/LOG_J1628-41.20030614thru20040308.csv,IR_CD_header_logs/,J1628-41,CD,YALE-03A-0001,,J1628-41,True,IR
binir031002.0075.fits,J1628-41,16:28:47.46,-41:52:38.5,2003-10-03,00:15:01,2452915.51044,30.04,1.46,V,J,1358,2045,2120,IR_CD_header_logs/LOG_J1628-41.20030614thru20040308.csv,IR_CD_header_logs/,J1628-41,CD,YALE-03A-0001,,J1628-41,True,IR
binir031002.0078.fits,J1628-41,16:28:47.43,-41:52:38.5,2003-10-03,00:17:38,2452915.51225,30.05,1.47,V,J,1418,2045,2060,IR_CD_header_logs/LOG_J1628-41.20030614thru20040308.csv,IR_CD_header_logs/,J1628-41,CD,YALE-03A-0001,,J1628-41,True,IR
binir031002.0077.fits,J1628-41,16:28:47.41,-41:52:38.3,2003-10-03,00:16:46,2452915.51165,30.04,1.47,V,J,1388,2015,2120,IR_CD_header_logs/LOG_J1628-41.20030614thru20040308.csv,IR_CD_header_logs/,J1628-41,CD,YALE-03A-0001,,J1628-41,True,IR
binir031002.0079.fits,J1628-41,16:28:47.41,-41:52:38.6,2003-10-03,00:18:30,2452915.51286,30.04,1.48,V,J,1358,2075,2090,IR_CD_header_logs/LOG_J1628-41.20030614thru20040308.csv,IR_CD_header_logs/,J1628-41,CD,YALE-03A-0001,,J1628-41,True,IR
binir031002.0080.fits,J1628-41,16:28:47.38,-41:52:38.9,2003-10-03,00:19:22,2452915.51346,30.05,1.48,V,J,1388,2045,2090,IR_CD_header_logs/LOG_J1628-41.20030614thru20040308.csv,IR_CD_header_logs/,J1628-41,CD,YALE-03A-0001,,J1628-41,True,IR
binir030929.0081.fits,J1628-41,16:28:47.34,-41:52:38.8,2003-09-30,00:15:13,2452912.51057,30.04,1.4,V,J,1388,2045,2090,IR_CD_header_logs/LOG_J1628-41.20030614thru20040308.csv,IR_CD_header_logs/,J1628-41,CD,YALE-03A-0001,,J1628-41,True,IR
binir030929.0080.fits,J1628-41,16:28:47.35,-41:52:38.7,2003-09-30,00:14:21,2452912.50997,30.04,1.4,V,J,1358,2075,2090,IR_CD_header_logs/LOG_J1628-41.20030614thru20040308.csv,IR_CD_header_logs/,J1628-41,CD,YALE-03A-0001,,J1628-41,True,IR
binir030929.0079.fits,J1628-41,16:28:47.33,-41:52:38.8,2003-09-30,00:13:28,2452912.50935,30.04,1.4,V,J,1418,2045,2060,IR_CD_header_logs/LOG_J1628-41.20030614thru20040308.csv,IR_CD_header_logs/,J1628-41,CD,YALE-03A-0001,,J1628-41,True,IR
binir030929.0078.fits,J1628-41,16:28:47.29,-41:52:38.7,2003-09-30,00:12:35,2452912.50874,30.04,1.39,V,J,1388,2015,2120,IR_CD_header_logs/LOG_J1628-41.20030614thru20040308.csv,IR_CD_header_logs/,J1628-41,CD,YALE-03A-0001,,J1628-41,True,IR
binir030929.0077.fits,J1628-41,16:28:47.30,-41:52:38.4,2003-09-30,00:11:43,2452912.50814,30.04,1.39,V,J,1418,2015,2090,IR_CD_header_logs/LOG_J1628-41.20030614thru20040308.csv,IR_CD_header_logs/,J1628-41,CD,YALE-03A-0001,,J1628-41,True,IR
binir030929.0076.fits,J1628-41,16:28:47.31,-41:52:38.5,2003-09-30,00:10:50,2452912.50753,30.05,1.38,V,J,1358,2045,2120,IR_CD_header_logs/LOG_J1628-41.20030614thru20040308.csv,IR_CD_header_logs/,J1628-41,CD,YALE-03A-0001,,J1628-41,True,IR
binir031003.0078.fits,J1628-41,16:28:47.18,-41:52:37.3,2003-10-04,00:15:59,2452916.5111,30.04,1.48,V,J,1418,2045,2060,IR_CD_header_logs/LOG_J1628-41.20030614thru20040308.csv,IR_CD_header_logs/,J1628-41,CD,YALE-03A-0001,,J1628-41,True,IR
binir031003.0075.fits,J1628-41,16:28:47.27,-41:52:37.3,2003-10-04,00:13:22,2452916.50928,30.04,1.47,V,J,1358,2045,2120,IR_CD_header_logs/LOG_J1628-41.20030614thru20040308.csv,IR_CD_header_logs/,J1628-41,CD,YALE-03A-0001,,J1628-41,True,IR
binir031003.0074.fits,J1628-41,16:28:47.28,-41:52:37.6,2003-10-04,00:12:29,2452916.50868,30.05,1.47,V,J,1388,2075,2060,IR_CD_header_logs/LOG_J1628-41.20030614thru20040308.csv,IR_CD_header_logs/,J1628-41,CD,YALE-03A-0001,,J1628-41,True,IR
binir031004.0066.fits,J1628-41,16:28:47.94,-41:52:47.5,2003-10-05,00:41:46,2452917.52901,30.04,1.67,V,J,1418,2035,2070,IR_CD_header_logs/LOG_J1628-41.20030614thru20040308.csv,IR_CD_header_logs/,J1628-41,CD,YALE-03A-0001,,J1628-41,True,IR
binir031005.0055.fits,J1628-41,16:28:47.76,-41:52:53.4,2003-10-06,00:00:10,2452918.50012,30.04,1.44,V,J,1358,2065,2100,IR_CD_header_logs/LOG_J1628-41.20030614thru20040308.csv,IR_CD_header_logs/,J1628-41,CD,YALE-03A-0001,,J1628-41,True,IR
binir031004.0067.fits,J1628-41,16:28:47.94,-41:52:47.5,2003-10-05,00:42:39,2452917.52962,30.04,1.67,V,J,1358,2065,2100,IR_CD_header_logs/LOG_J1628-41.20030614thru20040308.csv,IR_CD_header_logs/,J1628-41,CD,YALE-03A-0001,,J1628-41,True,IR
binir031004.0061.fits,J1628-41,16:28:47.88,-41:52:46.6,2003-10-05,00:37:26,2452917.526,30.05,1.64,V,J,1388,2035,2100,IR_CD_header_logs/LOG_J1628-41.20030614thru20040308.csv,IR_CD_header_logs/,J1628-41,CD,YALE-03A-0001,,J1628-41,True,IR
binir031004.0062.fits,J1628-41,16:28:47.91,-41:52:46.9,2003-10-05,00:38:18,2452917.5266,30.04,1.64,V,J,1388,2065,2070,IR_CD_header_logs/LOG_J1628-41.20030614thru20040308.csv,IR_CD_header_logs/,J1628-41,CD,YALE-03A-0001,,J1628-41,True,IR
binir031004.0063.fits,J1628-41,16:28:47.92,-41:52:47.1,2003-10-05,00:39:10,2452917.5272,30.04,1.65,V,J,1358,2035,2130,IR_CD_header_logs/LOG_J1628-41.20030614thru20040308.csv,IR_CD_header_logs/,J1628-41,CD,YALE-03A-0001,,J1628-41,True,IR
binir031004.0064.fits,J1628-41,16:28:47.92,-41:52:47.3,2003-10-05,00:40:02,2452917.52781,30.04,1.66,V,J,1418,2005,2100,IR_CD_header_logs/LOG_J1628-41.20030614thru20040308.csv,IR_CD_header_logs/,J1628-41,CD,YALE-03A-0001,,J1628-41,True,IR
binir031004.0065.fits,J1628-41,16:28:47.91,-41:52:47.4,2003-10-05,00:40:54,2452917.52841,30.05,1.66,V,J,1388,2005,2130,IR_CD_header_logs/LOG_J1628-41.20030614thru20040308.csv,IR_CD_header_logs/,J1628-41,CD,YALE-03A-0001,,J1628-41,True,IR
binir031004.0068.fits,J1628-41,16:28:47.93,-41:52:47.5,2003-10-05,00:43:30,2452917.53021,30.05,1.68,V,J,1388,2035,2100,IR_CD_header_logs/LOG_J1628-41.20030614thru20040308.csv,IR_CD_header_logs/,J1628-41,CD,YALE-03A-0001,,J1628-41,True,IR
binir031003.0073.fits,J1628-41,16:28:47.28,-41:52:37.9,2003-10-04,00:11:37,2452916.50807,30.04,1.46,V,J,1388,2045,2090,IR_CD_header_logs/LOG_J1628-41.20030614thru20040308.csv,IR_CD_header_logs/,J1628-41,CD,YALE-03A-0001,,J1628-41,True,IR
binir031005.0049.fits,J1628-41,16:28:47.79,-41:52:54.8,2003-10-05,23:54:56,2452918.49648,30.05,1.42,V,J,1388,2035,2100,IR_CD_header_logs/LOG_J1628-41.20030614thru20040308.csv,IR_CD_header_logs/,J1628-41,CD,YALE-03A-0001,,J1628-41,True,IR
binir031005.0050.fits,J1628-41,16:28:47.81,-41:52:54.2,2003-10-05,23:55:48,2452918.49708,30.04,1.42,V,J,1388,2065,2070,IR_CD_header_logs/LOG_J1628-41.20030614thru20040308.csv,IR_CD_header_logs/,J1628-41,CD,YALE-03A-0001,,J1628-41,True,IR
binir031005.0051.fits,J1628-41,16:28:47.77,-41:52:53.8,2003-10-05,23:56:40,2452918.49769,30.05,1.43,V,J,1358,2035,2130,IR_CD_header_logs/LOG_J1628-41.20030614thru20040308.csv,IR_CD_header_logs/,J1628-41,CD,YALE-03A-0001,,J1628-41,True,IR
binir031005.0052.fits,J1628-41,16:28:47.79,-41:52:53.7,2003-10-05,23:57:33,2452918.49831,30.04,1.43,V,J,1418,2005,2100,IR_CD_header_logs/LOG_J1628-41.20030614thru20040308.csv,IR_CD_header_logs/,J1628-41,CD,YALE-03A-0001,,J1628-41,True,IR
binir031005.0053.fits,J1628-41,16:28:47.80,-41:52:53.6,2003-10-05,23:58:25,2452918.4989,30.05,1.44,V,J,1388,2005,2130,IR_CD_header_logs/LOG_J1628-41.20030614thru20040308.csv,IR_CD_header_logs/,J1628-41,CD,YALE-03A-0001,,J1628-41,True,IR
binir031005.0054.fits,J1628-41,16:28:47.76,-41:52:53.4,2003-10-05,23:59:18,2452918.49952,30.05,1.44,V,J,1418,2035,2070,IR_CD_header_logs/LOG_J1628-41.20030614thru20040308.csv,IR_CD_header_logs/,J1628-41,CD,YALE-03A-0001,,J1628-41,True,IR
binir031003.0076.fits,J1628-41,16:28:47.28,-41:52:37.4,2003-10-04,00:14:14,2452916.50989,30.04,1.48,V,J,1418,2015,2090,IR_CD_header_logs/LOG_J1628-41.20030614thru20040308.csv,IR_CD_header_logs/,J1628-41,CD,YALE-03A-0001,,J1628-41,True,IR
binir030929.0075.fits,J1628-41,16:28:47.27,-41:52:38.4,2003-09-30,00:09:58,2452912.50692,30.04,1.38,V,J,1388,2075,2060,IR_CD_header_logs/LOG_J1628-41.20030614thru20040308.csv,IR_CD_header_logs/,J1628-41,CD,YALE-03A-0001,,J1628-41,True,IR
binir030925.0036.fits,J1628-41,16:28:47.28,-41:52:38.2,2003-09-26,00:24:32,2452908.51704,30.05,1.38,V,J,1388,2045,2090,IR_CD_header_logs/LOG_J1628-41.20030614thru20040308.csv,IR_CD_header_logs/,J1628-41,CD,YALE-03A-0001,,J1628-41,True,IR
binir030913.0146.fits,J1628-41,16:28:47.47,-41:52:40.4,2003-09-14,02:34:43,2452896.60744,30.05,1.92,V,J,1388,2035,2100,IR_CD_header_logs/LOG_J1628-41.20030614thru20040308.csv,IR_CD_header_logs/,J1628-41,CD,YALE-03A-0001,,J1628-41,True,IR
binir030925.0037.fits,J1628-41,16:28:47.33,-41:52:38.1,2003-09-26,00:25:24,2452908.51764,30.04,1.38,V,J,1388,2075,2060,IR_CD_header_logs/LOG_J1628-41.20030614thru20040308.csv,IR_CD_header_logs/,J1628-41,CD,YALE-03A-0001,,J1628-41,True,IR
binir030915.0046.fits,J1628-41,16:28:47.39,-41:52:39.0,2003-09-16,00:17:08,2452898.5119,30.05,1.22,V,J,1388,2035,2100,IR_CD_header_logs/LOG_J1628-41.20030614thru20040308.csv,IR_CD_header_logs/,J1628-41,CD,YALE-03A-0001,,J1628-41,True,IR
binir030915.0045.fits,J1628-41,16:28:47.38,-41:52:39.1,2003-09-16,00:16:16,2452898.5113,30.04,1.21,V,J,1358,2065,2100,IR_CD_header_logs/LOG_J1628-41.20030614thru20040308.csv,IR_CD_header_logs/,J1628-41,CD,YALE-03A-0001,,J1628-41,True,IR
binir030914.0063.fits,J1628-41,16:28:47.27,-41:52:38.5,2003-09-15,00:47:58,2452897.53331,30.05,1.3,V,J,1388,2035,2100,IR_CD_header_logs/LOG_J1628-41.20030614thru20040308.csv,IR_CD_header_logs/,J1628-41,CD,YALE-03A-0001,,J1628-41,True,IR
binir030914.0062.fits,J1628-41,16:28:47.28,-41:52:38.5,2003-09-15,00:47:06,2452897.53271,30.05,1.3,V,J,1358,2065,2100,IR_CD_header_logs/LOG_J1628-41.20030614thru20040308.csv,IR_CD_header_logs/,J1628-41,CD,YALE-03A-0001,,J1628-41,True,IR
binir030914.0061.fits,J1628-41,16:28:47.26,-41:52:38.3,2003-09-15,00:46:14,2452897.53211,30.05,1.29,V,J,1418,2035,2070,IR_CD_header_logs/LOG_J1628-41.20030614thru20040308.csv,IR_CD_header_logs/,J1628-41,CD,YALE-03A-0001,,J1628-41,True,IR
binir030914.0060.fits,J1628-41,16:28:47.30,-41:52:38.1,2003-09-15,00:45:22,2452897.53151,30.05,1.29,V,J,1388,2005,2130,IR_CD_header_logs/LOG_J1628-41.20030614thru20040308.csv,IR_CD_header_logs/,J1628-41,CD,YALE-03A-0001,,J1628-41,True,IR
binir030914.0059.fits,J1628-41,16:28:47.30,-41:52:38.2,2003-09-15,00:44:30,2452897.53091,30.04,1.29,V,J,1418,2005,2100,IR_CD_header_logs/LOG_J1628-41.20030614thru20040308.csv,IR_CD_header_logs/,J1628-41,CD,YALE-03A-0001,,J1628-41,True,IR
binir030914.0058.fits,J1628-41,16:28:47.29,-41:52:38.6,2003-09-15,00:43:38,2452897.5303,30.05,1.28,V,J,1358,2035,2130,IR_CD_header_logs/LOG_J1628-41.20030614thru20040308.csv,IR_CD_header_logs/,J1628-41,CD,YALE-03A-0001,,J1628-41,True,IR
binir030914.0057.fits,J1628-41,16:28:47.28,-41:52:38.5,2003-09-15,00:42:45,2452897.5297,30.04,1.28,V,J,1388,2065,2070,IR_CD_header_logs/LOG_J1628-41.20030614thru20040308.csv,IR_CD_header_logs/,J1628-41,CD,YALE-03A-0001,,J1628-41,True,IR
binir030914.0056.fits,J1628-41,16:28:47.28,-41:52:38.3,2003-09-15,00:41:54,2452897.5291,30.04,1.28,V,J,1388,2035,2100,IR_CD_header_logs/LOG_J1628-41.20030614thru20040308.csv,IR_CD_header_logs/,J1628-41,CD,YALE-03A-0001,,J1628-41,True,IR
binir030913.0141.fits,J1628-41,16:28:47.33,-41:52:39.4,2003-09-14,02:30:20,2452896.6044,30.05,1.88,V,J,1358,2035,2130,IR_CD_header_logs/LOG_J1628-41.20030614thru20040308.csv,IR_CD_header_logs/,J1628-41,CD,YALE-03A-0001,,J1628-41,True,IR
binir030913.0139.fits,J1628-41,16:28:47.26,-41:52:38.4,2003-09-14,02:28:35,2452896.60319,30.04,1.87,V,J,1388,2035,2100,IR_CD_header_logs/LOG_J1628-41.20030614thru20040308.csv,IR_CD_header_logs/,J1628-41,CD,YALE-03A-0001,,J1628-41,True,IR
binir030913.0140.fits,J1628-41,16:28:47.32,-41:52:38.9,2003-09-14,02:29:27,2452896.60379,30.05,1.87,V,J,1388,2065,2070,IR_CD_header_logs/LOG_J1628-41.20030614thru20040308.csv,IR_CD_header_logs/,J1628-41,CD,YALE-03A-0001,,J1628-41,True,IR
binir030913.0142.fits,J1628-41,16:28:47.34,-41:52:39.6,2003-09-14,02:31:13,2452896.60502,30.04,1.89,V,J,1418,2005,2100,IR_CD_header_logs/LOG_J1628-41.20030614thru20040308.csv,IR_CD_header_logs/,J1628-41,CD,YALE-03A-0001,,J1628-41,True,IR
binir030913.0143.fits,J1628-41,16:28:47.41,-41:52:39.7,2003-09-14,02:32:05,2452896.60562,30.04,1.9,V,J,1388,2005,2130,IR_CD_header_logs/LOG_J1628-41.20030614thru20040308.csv,IR_CD_header_logs/,J1628-41,CD,YALE-03A-0001,,J1628-41,True,IR
binir030913.0144.fits,J1628-41,16:28:47.44,-41:52:39.9,2003-09-14,02:32:58,2452896.60623,30.04,1.91,V,J,1418,2035,2070,IR_CD_header_logs/LOG_J1628-41.20030614thru20040308.csv,IR_CD_header_logs/,J1628-41,CD,YALE-03A-0001,,J1628-41,True,IR
binir030913.0145.fits,J1628-41,16:28:47.48,-41:52:40.1,2003-09-14,02:33:51,2452896.60684,30.04,1.92,V,J,1358,2065,2100,IR_CD_header_logs/LOG_J1628-41.20030614thru20040308.csv,IR_CD_header_logs/,J1628-41,CD,YALE-03A-0001,,J1628-41,True,IR
binir030915.0043.fits,J1628-41,16:28:47.37,-41:52:39.0,2003-09-16,00:14:31,2452898.51008,30.05,1.21,V,J,1388,2005,2130,IR_CD_header_logs/LOG_J1628-41.20030614thru20040308.csv,IR_CD_header_logs/,J1628-41,CD,YALE-03A-0001,,J1628-41,True,IR
binir030915.0044.fits,J1628-41,16:28:47.39,-41:52:38.9,2003-09-16,00:15:24,2452898.5107,30.05,1.21,V,J,1418,2035,2070,IR_CD_header_logs/LOG_J1628-41.20030614thru20040308.csv,IR_CD_header_logs/,J1628-41,CD,YALE-03A-0001,,J1628-41,True,IR
binir030915.0041.fits,J1628-41,16:28:47.34,-41:52:38.9,2003-09-16,00:12:46,2452898.50887,30.04,1.2,V,J,1358,2035,2130,IR_CD_header_logs/LOG_J1628-41.20030614thru20040308.csv,IR_CD_header_logs/,J1628-41,CD,YALE-03A-0001,,J1628-41,True,IR
binir030919.0053.fits,J1628-41,16:28:47.14,-41:52:57.3,2003-09-20,01:05:30,2452902.54549,30.04,1.46,V,J,1358,2065,2100,IR_CD_header_logs/LOG_J1628-41.20030614thru20040308.csv,IR_CD_header_logs/,J1628-41,CD,YALE-03A-0001,,J1628-41,True,IR
binir030925.0038.fits,J1628-41,16:28:47.33,-41:52:38.4,2003-09-26,00:26:16,2452908.51825,30.04,1.38,V,J,1358,2045,2120,IR_CD_header_logs/LOG_J1628-41.20030614thru20040308.csv,IR_CD_header_logs/,J1628-41,CD,YALE-03A-0001,,J1628-41,True,IR
binir030925.0039.fits,J1628-41,16:28:47.35,-41:52:38.3,2003-09-26,00:27:09,2452908.51886,30.05,1.39,V,J,1418,2015,2090,IR_CD_header_logs/LOG_J1628-41.20030614thru20040308.csv,IR_CD_header_logs/,J1628-41,CD,YALE-03A-0001,,J1628-41,True,IR
binir030925.0040.fits,J1628-41,16:28:47.38,-41:52:37.8,2003-09-26,00:28:00,2452908.51945,30.04,1.39,V,J,1388,2015,2120,IR_CD_header_logs/LOG_J1628-41.20030614thru20040308.csv,IR_CD_header_logs/,J1628-41,CD,YALE-03A-0001,,J1628-41,True,IR
binir030925.0041.fits,J1628-41,16:28:47.36,-41:52:38.0,2003-09-26,00:28:53,2452908.52006,30.04,1.4,V,J,1418,2045,2060,IR_CD_header_logs/LOG_J1628-41.20030614thru20040308.csv,IR_CD_header_logs/,J1628-41,CD,YALE-03A-0001,,J1628-41,True,IR
binir030925.0042.fits,J1628-41,16:28:47.40,-41:52:38.1,2003-09-26,00:29:45,2452908.52066,30.05,1.4,V,J,1358,2075,2090,IR_CD_header_logs/LOG_J1628-41.20030614thru20040308.csv,IR_CD_header_logs/,J1628-41,CD,YALE-03A-0001,,J1628-41,True,IR
binir030925.0043.fits,J1628-41,16:28:47.41,-41:52:38.1,2003-09-26,00:30:36,2452908.52126,30.05,1.4,V,J,1388,2045,2090,IR_CD_header_logs/LOG_J1628-41.20030614thru20040308.csv,IR_CD_header_logs/,J1628-41,CD,YALE-03A-0001,,J1628-41,True,IR
binir030919.0054.fits,J1628-41,16:28:47.15,-41:52:57.4,2003-09-20,01:06:22,2452902.54609,30.05,1.46,V,J,1388,2035,2100,IR_CD_header_logs/LOG_J1628-41.20030614thru20040308.csv,IR_CD_header_logs/,J1628-41,CD,YALE-03A-0001,,J1628-41,True,IR
binir030919.0052.fits,J1628-41,16:28:47.14,-41:52:57.4,2003-09-20,01:04:38,2452902.54489,30.04,1.45,V,J,1418,2035,2070,IR_CD_header_logs/LOG_J1628-41.20030614thru20040308.csv,IR_CD_header_logs/,J1628-41,CD,YALE-03A-0001,,J1628-41,True,IR
binir030915.0042.fits,J1628-41,16:28:47.33,-41:52:38.7,2003-09-16,00:13:39,2452898.50948,30.05,1.21,V,J,1418,2005,2100,IR_CD_header_logs/LOG_J1628-41.20030614thru20040308.csv,IR_CD_header_logs/,J1628-41,CD,YALE-03A-0001,,J1628-41,True,IR
binir030919.0051.fits,J1628-41,16:28:47.15,-41:52:57.2,2003-09-20,01:03:45,2452902.54428,30.04,1.45,V,J,1388,2005,2130,IR_CD_header_logs/LOG_J1628-41.20030614thru20040308.csv,IR_CD_header_logs/,J1628-41,CD,YALE-03A-0001,,J1628-41,True,IR
binir030919.0050.fits,J1628-41,16:28:47.18,-41:52:57.0,2003-09-20,01:02:54,2452902.54369,30.04,1.44,V,J,1418,2005,2100,IR_CD_header_logs/LOG_J1628-41.20030614thru20040308.csv,IR_CD_header_logs/,J1628-41,CD,YALE-03A-0001,,J1628-41,True,IR
binir030919.0049.fits,J1628-41,16:28:47.17,-41:52:57.0,2003-09-20,01:02:01,2452902.54308,30.05,1.44,V,J,1358,2035,2130,IR_CD_header_logs/LOG_J1628-41.20030614thru20040308.csv,IR_CD_header_logs/,J1628-41,CD,YALE-03A-0001,,J1628-41,True,IR
binir030919.0048.fits,J1628-41,16:28:47.20,-41:52:57.0,2003-09-20,01:01:09,2452902.54247,30.04,1.43,V,J,1388,2065,2070,IR_CD_header_logs/LOG_J1628-41.20030614thru20040308.csv,IR_CD_header_logs/,J1628-41,CD,YALE-03A-0001,,J1628-41,True,IR
binir030919.0047.fits,J1628-41,16:28:47.19,-41:52:56.8,2003-09-20,01:00:17,2452902.54187,30.05,1.43,V,J,1388,2035,2100,IR_CD_header_logs/LOG_J1628-41.20030614thru20040308.csv,IR_CD_header_logs/,J1628-41,CD,YALE-03A-0001,,J1628-41,True,IR
binir030915.0039.fits,J1628-41,16:28:47.25,-41:52:37.9,2003-09-16,00:11:01,2452898.50766,30.04,1.2,V,J,1388,2035,2100,IR_CD_header_logs/LOG_J1628-41.20030614thru20040308.csv,IR_CD_header_logs/,J1628-41,CD,YALE-03A-0001,,J1628-41,True,IR
binir030915.0040.fits,J1628-41,16:28:47.33,-41:52:38.7,2003-09-16,00:11:53,2452898.50826,30.04,1.2,V,J,1388,2065,2070,IR_CD_header_logs/LOG_J1628-41.20030614thru20040308.csv,IR_CD_header_logs/,J1628-41,CD,YALE-03A-0001,,J1628-41,True,IR
binir030907.0132.fits,J1628-41,16:28:47.31,-41:52:53.3,2003-09-08,01:52:32,2452890.57815,30.04,1.46,V,J,1388,2005,2130,IR_CD_header_logs/LOG_J1628-41.20030802thru20031006.csv,IR_CD_header_logs/,J1628-41,CD,YALE-03A-0001,,J1628-41,True,IR
binir030907.0135.fits,J1628-41,16:28:47.25,-41:52:53.6,2003-09-08,01:55:09,2452890.57997,30.05,1.47,V,J,1388,2035,2100,IR_CD_header_logs/LOG_J1628-41.20030802thru20031006.csv,IR_CD_header_logs/,J1628-41,CD,YALE-03A-0001,,J1628-41,True,IR
binir030907.0134.fits,J1628-41,16:28:47.29,-41:52:53.3,2003-09-08,01:54:17,2452890.57937,30.04,1.46,V,J,1358,2065,2100,IR_CD_header_logs/LOG_J1628-41.20030802thru20031006.csv,IR_CD_header_logs/,J1628-41,CD,YALE-03A-0001,,J1628-41,True,IR
binir030907.0133.fits,J1628-41,16:28:47.32,-41:52:53.7,2003-09-08,01:53:24,2452890.57875,30.05,1.46,V,J,1418,2035,2070,IR_CD_header_logs/LOG_J1628-41.20030802thru20031006.csv,IR_CD_header_logs/,J1628-41,CD,YALE-03A-0001,,J1628-41,True,IR
binir030907.0131.fits,J1628-41,16:28:47.30,-41:52:53.4,2003-09-08,01:51:40,2452890.57755,30.05,1.45,V,J,1418,2005,2100,IR_CD_header_logs/LOG_J1628-41.20030802thru20031006.csv,IR_CD_header_logs/,J1628-41,CD,YALE-03A-0001,,J1628-41,True,IR
binir030907.0130.fits,J1628-41,16:28:47.34,-41:52:53.4,2003-09-08,01:50:47,2452890.57694,30.05,1.45,V,J,1358,2035,2130,IR_CD_header_logs/LOG_J1628-41.20030802thru20031006.csv,IR_CD_header_logs/,J1628-41,CD,YALE-03A-0001,,J1628-41,True,IR
binir030907.0129.fits,J1628-41,16:28:47.35,-41:52:53.1,2003-09-08,01:49:54,2452890.57632,30.05,1.44,V,J,1388,2065,2070,IR_CD_header_logs/LOG_J1628-41.20030802thru20031006.csv,IR_CD_header_logs/,J1628-41,CD,YALE-03A-0001,,J1628-41,True,IR
binir030907.0128.fits,J1628-41,16:28:47.31,-41:52:53.0,2003-09-08,01:49:02,2452890.57572,30.04,1.44,V,J,1388,2035,2100,IR_CD_header_logs/LOG_J1628-41.20030802thru20031006.csv,IR_CD_header_logs/,J1628-41,CD,YALE-03A-0001,,J1628-41,True,IR
binir030927.0031.fits,J1628-41,16:28:47.25,-41:52:38.1,2003-09-28,00:16:29,2452910.51145,30.05,1.38,V,J,1418,2045,2060,IR_CD_header_logs/LOG_J1628-41.20030802thru20031006.csv,IR_CD_header_logs/,J1628-41,CD,YALE-03A-0001,,J1628-41,True,IR
binir030927.0029.fits,J1628-41,16:28:47.25,-41:52:38.3,2003-09-28,00:14:44,2452910.51024,30.04,1.37,V,J,1418,2015,2090,IR_CD_header_logs/LOG_J1628-41.20030802thru20031006.csv,IR_CD_header_logs/,J1628-41,CD,YALE-03A-0001,,J1628-41,True,IR
binir030927.0026.fits,J1628-41,16:28:47.27,-41:52:38.3,2003-09-28,00:12:07,2452910.50841,30.05,1.36,V,J,1388,2045,2090,IR_CD_header_logs/LOG_J1628-41.20030802thru20031006.csv,IR_CD_header_logs/,J1628-41,CD,YALE-03A-0001,,J1628-41,True,IR
binir030927.0027.fits,J1628-41,16:28:47.27,-41:52:38.7,2003-09-28,00:12:59,2452910.50902,30.04,1.36,V,J,1388,2075,2060,IR_CD_header_logs/LOG_J1628-41.20030802thru20031006.csv,IR_CD_header_logs/,J1628-41,CD,YALE-03A-0001,,J1628-41,True,IR
binir030927.0028.fits,J1628-41,16:28:47.26,-41:52:38.3,2003-09-28,00:13:51,2452910.50963,30.05,1.36,V,J,1358,2045,2120,IR_CD_header_logs/LOG_J1628-41.20030802thru20031006.csv,IR_CD_header_logs/,J1628-41,CD,YALE-03A-0001,,J1628-41,True,IR
binir030927.0032.fits,J1628-41,16:28:47.26,-41:52:37.9,2003-09-28,00:17:21,2452910.51206,30.04,1.38,V,J,1358,2075,2090,IR_CD_header_logs/LOG_J1628-41.20030802thru20031006.csv,IR_CD_header_logs/,J1628-41,CD,YALE-03A-0001,,J1628-41,True,IR
binir030927.0030.fits,J1628-41,16:28:47.25,-41:52:38.1,2003-09-28,00:15:36,2452910.51084,30.05,1.37,V,J,1388,2015,2120,IR_CD_header_logs/LOG_J1628-41.20030802thru20031006.csv,IR_CD_header_logs/,J1628-41,CD,YALE-03A-0001,,J1628-41,True,IR
binir030927.0033.fits,J1628-41,16:28:47.29,-41:52:38.2,2003-09-28,00:18:13,2452910.51266,30.04,1.38,V,J,1388,2045,2090,IR_CD_header_logs/LOG_J1628-41.20030802thru20031006.csv,IR_CD_header_logs/,J1628-41,CD,YALE-03A-0001,,J1628-41,True,IR
binir030921.0016.fits,J1628-41,16:28:47.42,-41:52:42.0,2003-09-21,23:36:31,2452904.4837,30.04,1.17,V,J,1388,2035,2100,IR_CD_header_logs/LOG_J1628-41.20030802thru20031006.csv,IR_CD_header_logs/,J1628-41,CD,YALE-03A-0001,,J1628-41,True,IR
binir030921.0019.fits,J1628-41,16:28:47.40,-41:52:41.3,2003-09-21,23:39:08,2452904.48552,30.04,1.18,V,J,1418,2005,2100,IR_CD_header_logs/LOG_J1628-41.20030802thru20031006.csv,IR_CD_header_logs/,J1628-41,CD,YALE-03A-0001,,J1628-41,True,IR
binir030921.0017.fits,J1628-41,16:28:47.44,-41:52:41.6,2003-09-21,23:37:23,2452904.4843,30.05,1.18,V,J,1388,2065,2070,IR_CD_header_logs/LOG_J1628-41.20030802thru20031006.csv,IR_CD_header_logs/,J1628-41,CD,YALE-03A-0001,,J1628-41,True,IR
binir030921.0018.fits,J1628-41,16:28:47.40,-41:52:41.5,2003-09-21,23:38:16,2452904.48491,30.04,1.18,V,J,1358,2035,2130,IR_CD_header_logs/LOG_J1628-41.20030802thru20031006.csv,IR_CD_header_logs/,J1628-41,CD,YALE-03A-0001,,J1628-41,True,IR
binir030921.0023.fits,J1628-41,16:28:47.51,-41:52:41.2,2003-09-21,23:42:37,2452904.48794,30.04,1.19,V,J,1388,2035,2100,IR_CD_header_logs/LOG_J1628-41.20030802thru20031006.csv,IR_CD_header_logs/,J1628-41,CD,YALE-03A-0001,,J1628-41,True,IR
binir030921.0020.fits,J1628-41,16:28:47.43,-41:52:41.2,2003-09-21,23:40:00,2452904.48612,30.04,1.18,V,J,1388,2005,2130,IR_CD_header_logs/LOG_J1628-41.20030802thru20031006.csv,IR_CD_header_logs/,J1628-41,CD,YALE-03A-0001,,J1628-41,True,IR
binir030921.0021.fits,J1628-41,16:28:47.46,-41:52:41.2,2003-09-21,23:40:53,2452904.48673,30.04,1.18,V,J,1418,2035,2070,IR_CD_header_logs/LOG_J1628-41.20030802thru20031006.csv,IR_CD_header_logs/,J1628-41,CD,YALE-03A-0001,,J1628-41,True,IR
binir030921.0022.fits,J1628-41,16:28:47.45,-41:52:41.1,2003-09-21,23:41:46,2452904.48734,30.05,1.19,V,J,1358,2065,2100,IR_CD_header_logs/LOG_J1628-41.20030802thru20031006.csv,IR_CD_header_logs/,J1628-41,CD,YALE-03A-0001,,J1628-41,True,IR
