filename,OBJECT,RA,DEC,DATE-OBS,TIME-OBS,JD,EXPTIME,SECZ,CCDFLTID,IRFLTID,TILT1,TILT2,TILT3,log name,Location,prop name help,Physical loc,OWNER,full path,proper name,xrb,source
rccd070704.0060.fits,GX 354-0,17:31:57.58,-33:39:51.9,2007-07-05,03:45:59.756,2454286.65694,600.0,1.01,V,J,1210.0,1868.0,2020.0,other/LOG_temp_archive_2_2.csv,miniarchive,temp_archive_2_2,Disk,YALE-03A-0001,,GX354-0,True,optical
rccd070704.0059.fits,GX 354-0,17:31:57.39,-33:40:03.9,2007-07-05,03:35:05.780,2454286.64937,600.0,1.0,I,J,1210.0,1868.0,2020.0,other/LOG_temp_archive_2_2.csv,miniarchive,temp_archive_2_2,Disk,YALE-03A-0001,,GX354-0,True,optical
rccd070702.0063.fits,GX 354-0,17:31:57.38,-33:40:03.7,2007-07-03,04:59:34.282,2454284.70804,600.0,1.06,I,J,1210.0,1868.0,2020.0,other/LOG_temp_archive_2_2.csv,miniarchive,temp_archive_2_2,Disk,YALE-03A-0001,,GX354-0,True,optical
rccd070702.0064.fits,GX 354-0,17:31:57.50,-33:39:54.1,2007-07-03,05:10:28.636,2454284.71561,600.0,1.07,V,J,1210.0,1868.0,2020.0,other/LOG_temp_archive_2_2.csv,miniarchive,temp_archive_2_2,Disk,YALE-03A-0001,,GX354-0,True,optical
ir070702.0226,GX 354-0,17:31:57.3,-33:40:03,2007-07-03,05:05:13.7,2454284.712,70.0,1.06,J,J,,,,missingreplog_GX354-0.csv,,,Data replog,,,GX354-0,True,IR
ir070704.0216,GX 354-0,17:31:57.4,-33:40:03,2007-07-05,03:36:28.1,2454286.6503,70.0,1.0,J,J,,,,missingreplog_GX354-0.csv,,,Data replog,,,GX354-0,True,IR
ir070704.0215,GX 354-0,17:31:57.3,-33:40:04,2007-07-05,03:35:02.9,2454286.6493,70.0,1.0,J,J,,,,missingreplog_GX354-0.csv,,,Data replog,,,GX354-0,True,IR
ir070702.0235,GX 354-0,17:31:57.5,-33:39:54,2007-07-03,05:19:00.3,2454284.7215,70.0,1.09,J,J,,,,missingreplog_GX354-0.csv,,,Data replog,,,GX354-0,True,IR
ir070702.0234,GX 354-0,17:31:57.5,-33:39:54,2007-07-03,05:17:34.5,2454284.7205,70.0,1.08,J,J,,,,missingreplog_GX354-0.csv,,,Data replog,,,GX354-0,True,IR
ir070702.0233,GX 354-0,17:31:57.5,-33:39:54,2007-07-03,05:16:08.9,2454284.7196,70.0,1.08,J,J,,,,missingreplog_GX354-0.csv,,,Data replog,,,GX354-0,True,IR
ir070702.0232,GX 354-0,17:31:57.5,-33:39:54,2007-07-03,05:14:43.4,2454284.7186,70.0,1.08,J,J,,,,missingreplog_GX354-0.csv,,,Data replog,,,GX354-0,True,IR
ir070702.0231,GX 354-0,17:31:57.4,-33:39:54,2007-07-03,05:13:17.7,2454284.7176,70.0,1.08,J,J,,,,missingreplog_GX354-0.csv,,,Data replog,,,GX354-0,True,IR
ir070702.0230,GX 354-0,17:31:57.4,-33:39:54,2007-07-03,05:11:52.0,2454284.7166,70.0,1.07,J,J,,,,missingreplog_GX354-0.csv,,,Data replog,,,GX354-0,True,IR
ir070702.0229,GX 354-0,17:31:57.4,-33:39:53,2007-07-03,05:10:26.2,2454284.7156,70.0,1.07,J,J,,,,missingreplog_GX354-0.csv,,,Data replog,,,GX354-0,True,IR
ir070702.0228,GX 354-0,17:31:57.4,-33:40:03,2007-07-03,05:08:05.0,2454284.7139,70.0,1.07,J,J,,,,missingreplog_GX354-0.csv,,,Data replog,,,GX354-0,True,IR
ir070702.0227,GX 354-0,17:31:57.4,-33:40:03,2007-07-03,05:06:39.3,2454284.713,70.0,1.07,J,J,,,,missingreplog_GX354-0.csv,,,Data replog,,,GX354-0,True,IR
ir070702.0225,GX 354-0,17:31:57.3,-33:40:03,2007-07-03,05:03:48.3,2454284.711,70.0,1.06,J,J,,,,missingreplog_GX354-0.csv,,,Data replog,,,GX354-0,True,IR
ir070827.0174,GX 354-0,17:31:57.7,-33:50:00,2007-08-28,02:25:19.5,2454340.6009,40.0,1.19,K,K,,,,missingreplog_GX354-0.csv,,,Data replog,,,GX354-0,True,IR
ir070702.0224,GX 354-0,17:31:57.3,-33:40:03,2007-07-03,05:02:22.7,2454284.71,70.0,1.06,J,J,,,,missingreplog_GX354-0.csv,,,Data replog,,,GX354-0,True,IR
ir070702.0223,GX 354-0,17:31:57.3,-33:40:03,2007-07-03,05:00:56.9,2454284.709,70.0,1.06,J,J,,,,missingreplog_GX354-0.csv,,,Data replog,,,GX354-0,True,IR
ir070702.0222,GX 354-0,17:31:57.3,-33:40:03,2007-07-03,04:59:31.5,2454284.708,70.0,1.06,J,J,,,,missingreplog_GX354-0.csv,,,Data replog,,,GX354-0,True,IR
ir070827.0183,GX 354-0,17:31:57.7,-33:49:59,2007-08-28,02:33:43.8,2454340.6068,40.0,1.21,K,K,,,,missingreplog_GX354-0.csv,,,Data replog,,,GX354-0,True,IR
ir070827.0182,GX 354-0,17:31:57.7,-33:49:59,2007-08-28,02:32:47.7,2454340.6061,40.0,1.21,K,K,,,,missingreplog_GX354-0.csv,,,Data replog,,,GX354-0,True,IR
ir070827.0181,GX 354-0,17:31:57.7,-33:49:59,2007-08-28,02:31:51.9,2454340.6055,40.0,1.21,K,K,,,,missingreplog_GX354-0.csv,,,Data replog,,,GX354-0,True,IR
ir070827.0180,GX 354-0,17:31:57.7,-33:50:00,2007-08-28,02:30:55.6,2454340.6048,40.0,1.2,K,K,,,,missingreplog_GX354-0.csv,,,Data replog,,,GX354-0,True,IR
ir070827.0179,GX 354-0,17:31:57.8,-33:50:00,2007-08-28,02:29:59.4,2454340.6042,40.0,1.2,K,K,,,,missingreplog_GX354-0.csv,,,Data replog,,,GX354-0,True,IR
ir070827.0178,GX 354-0,17:31:57.7,-33:50:00,2007-08-28,02:29:03.7,2454340.6035,40.0,1.2,K,K,,,,missingreplog_GX354-0.csv,,,Data replog,,,GX354-0,True,IR
ir070827.0177,GX 354-0,17:31:57.7,-33:50:00,2007-08-28,02:28:07.8,2454340.6029,40.0,1.19,K,K,,,,missingreplog_GX354-0.csv,,,Data replog,,,GX354-0,True,IR
ir070827.0176,GX 354-0,17:31:57.7,-33:50:00,2007-08-28,02:27:11.7,2454340.6022,40.0,1.19,K,K,,,,missingreplog_GX354-0.csv,,,Data replog,,,GX354-0,True,IR
ir070704.0217,GX 354-0,17:31:57.4,-33:40:03,2007-07-05,03:37:53.5,2454286.6513,70.0,1.0,J,J,,,,missingreplog_GX354-0.csv,,,Data replog,,,GX354-0,True,IR
ir070704.0218,GX 354-0,17:31:57.4,-33:40:02,2007-07-05,03:39:19.0,2454286.6523,70.0,1.0,J,J,,,,missingreplog_GX354-0.csv,,,Data replog,,,GX354-0,True,IR
ir070704.0219,GX 354-0,17:31:57.4,-33:40:02,2007-07-05,03:40:44.1,2454286.6533,70.0,1.0,J,J,,,,missingreplog_GX354-0.csv,,,Data replog,,,GX354-0,True,IR
ir070704.0220,GX 354-0,17:31:57.4,-33:40:02,2007-07-05,03:42:09.5,2454286.6543,70.0,1.0,J,J,,,,missingreplog_GX354-0.csv,,,Data replog,,,GX354-0,True,IR
ir070824.0055,GX 354-0,17:31:57.7,-33:49:58,2007-08-25,02:50:07.6,2454337.6181,40.0,1.22,K,K,,,,missingreplog_GX354-0.csv,,,Data replog,,,GX354-0,True,IR
ir070824.0054,GX 354-0,17:31:57.7,-33:49:58,2007-08-25,02:49:11.8,2454337.6175,40.0,1.22,K,K,,,,missingreplog_GX354-0.csv,,,Data replog,,,GX354-0,True,IR
ir070824.0053,GX 354-0,17:31:57.7,-33:49:57,2007-08-25,02:48:15.9,2454337.6168,40.0,1.22,K,K,,,,missingreplog_GX354-0.csv,,,Data replog,,,GX354-0,True,IR
ir070824.0052,GX 354-0,17:31:57.7,-33:49:58,2007-08-25,02:47:19.7,2454337.6162,40.0,1.22,K,K,,,,missingreplog_GX354-0.csv,,,Data replog,,,GX354-0,True,IR
ir070824.0051,GX 354-0,17:31:57.7,-33:49:58,2007-08-25,02:46:23.8,2454337.6156,40.0,1.21,K,K,,,,missingreplog_GX354-0.csv,,,Data replog,,,GX354-0,True,IR
ir070824.0050,GX 354-0,17:31:57.7,-33:49:59,2007-08-25,02:44:21.7,2454337.6141,40.0,1.21,K,K,,,,missingreplog_GX354-0.csv,,,Data replog,,,GX354-0,True,IR
ir070824.0049,GX 354-0,17:31:57.7,-33:49:59,2007-08-25,02:44:21.7,2454337.6141,40.0,1.21,K,K,,,,missingreplog_GX354-0.csv,,,Data replog,,,GX354-0,True,IR
ir070824.0048,GX 354-0,17:31:57.7,-33:49:59,2007-08-25,02:43:25.9,2454337.6135,40.0,1.2,K,K,,,,missingreplog_GX354-0.csv,,,Data replog,,,GX354-0,True,IR
ir070824.0047,GX 354-0,17:31:57.7,-33:50:00,2007-08-25,02:42:30.2,2454337.6129,40.0,1.2,K,K,,,,missingreplog_GX354-0.csv,,,Data replog,,,GX354-0,True,IR
ir070824.0046,GX 354-0,17:31:57.7,-33:50:00,2007-08-25,02:41:34.0,2454337.6122,40.0,1.2,K,K,,,,missingreplog_GX354-0.csv,,,Data replog,,,GX354-0,True,IR
ir070824.0045,GX 354-0,17:31:57.7,-33:50:00,2007-08-25,02:40:37.8,2454337.6116,40.0,1.2,K,K,,,,missingreplog_GX354-0.csv,,,Data replog,,,GX354-0,True,IR
ir070824.0044,GX 354-0,17:31:57.7,-33:50:00,2007-08-25,02:39:41.9,2454337.6109,40.0,1.19,K,K,,,,missingreplog_GX354-0.csv,,,Data replog,,,GX354-0,True,IR
ir070824.0043,GX 354-0,17:31:57.7,-33:50:00,2007-08-25,02:38:45.8,2454337.6102,40.0,1.19,K,K,,,,missingreplog_GX354-0.csv,,,Data replog,,,GX354-0,True,IR
ir070824.0042,GX 354-0,17:31:57.6,-33:50:00,2007-08-25,02:37:49.6,2454337.6096,40.0,1.19,K,K,,,,missingreplog_GX354-0.csv,,,Data replog,,,GX354-0,True,IR
ir070824.0041,GX 354-0,17:31:57.6,-33:50:00,2007-08-25,02:36:53.8,2454337.6089,40.0,1.19,K,K,,,,missingreplog_GX354-0.csv,,,Data replog,,,GX354-0,True,IR
ir070704.0228,GX 354-0,17:31:57.7,-33:39:51,2007-07-05,03:54:29.0,2454286.6628,70.0,1.01,J,J,,,,missingreplog_GX354-0.csv,,,Data replog,,,GX354-0,True,IR
ir070704.0227,GX 354-0,17:31:57.7,-33:39:52,2007-07-05,03:53:03.6,2454286.6618,70.0,1.01,J,J,,,,missingreplog_GX354-0.csv,,,Data replog,,,GX354-0,True,IR
ir070704.0226,GX 354-0,17:31:57.6,-33:39:52,2007-07-05,03:51:38.2,2454286.6609,70.0,1.01,J,J,,,,missingreplog_GX354-0.csv,,,Data replog,,,GX354-0,True,IR
ir070704.0225,GX 354-0,17:31:57.6,-33:39:52,2007-07-05,03:50:13.1,2454286.6599,70.0,1.01,J,J,,,,missingreplog_GX354-0.csv,,,Data replog,,,GX354-0,True,IR
ir070704.0224,GX 354-0,17:31:57.6,-33:39:52,2007-07-05,03:48:47.6,2454286.6589,70.0,1.01,J,J,,,,missingreplog_GX354-0.csv,,,Data replog,,,GX354-0,True,IR
ir070704.0223,GX 354-0,17:31:57.6,-33:39:52,2007-07-05,03:47:22.1,2454286.6579,70.0,1.01,J,J,,,,missingreplog_GX354-0.csv,,,Data replog,,,GX354-0,True,IR
ir070704.0222,GX 354-0,17:31:57.5,-33:39:52,2007-07-05,03:45:56.9,2454286.6569,70.0,1.01,J,J,,,,missingreplog_GX354-0.csv,,,Data replog,,,GX354-0,True,IR
ir070704.0221,GX 354-0,17:31:57.5,-33:40:02,2007-07-05,03:43:34.9,2454286.6553,70.0,1.0,J,J,,,,missingreplog_GX354-0.csv,,,Data replog,,,GX354-0,True,IR
ir070827.0175,GX 354-0,17:31:57.7,-33:50:00,2007-08-28,02:26:15.6,2454340.6016,40.0,1.19,K,K,,,,missingreplog_GX354-0.csv,,,Data replog,,,GX354-0,True,IR
ir070827.0173,GX 354-0,17:31:57.7,-33:50:00,2007-08-28,02:24:23.4,2454340.6003,40.0,1.18,K,K,,,,missingreplog_GX354-0.csv,,,Data replog,,,GX354-0,True,IR
ir070827.0172,GX 354-0,17:31:57.7,-33:50:00,2007-08-28,02:23:27.2,2454340.5996,40.0,1.18,K,K,,,,missingreplog_GX354-0.csv,,,Data replog,,,GX354-0,True,IR
ir070827.0171,GX 354-0,17:31:57.7,-33:50:00,2007-08-28,02:22:31.3,2454340.599,40.0,1.18,K,K,,,,missingreplog_GX354-0.csv,,,Data replog,,,GX354-0,True,IR
ir070827.0170,GX 354-0,17:31:57.7,-33:50:00,2007-08-28,02:21:35.4,2454340.5983,40.0,1.18,K,K,,,,missingreplog_GX354-0.csv,,,Data replog,,,GX354-0,True,IR
ir070827.0169,GX 354-0,17:31:57.7,-33:50:00,2007-08-28,02:20:39.5,2454340.5977,40.0,1.17,K,K,,,,missingreplog_GX354-0.csv,,,Data replog,,,GX354-0,True,IR
ir070827.0168,GX 354-0,17:31:57.7,-33:50:00,2007-08-28,02:19:43.5,2454340.597,40.0,1.17,K,K,,,,missingreplog_GX354-0.csv,,,Data replog,,,GX354-0,True,IR
ir070827.0167,GX 354-0,17:31:57.6,-33:50:00,2007-08-28,02:18:47.5,2454340.5964,40.0,1.17,K,K,,,,missingreplog_GX354-0.csv,,,Data replog,,,GX354-0,True,IR
ir070827.0166,GX 354-0,17:31:57.6,-33:50:00,2007-08-28,02:17:51.4,2454340.5957,40.0,1.17,K,K,,,,missingreplog_GX354-0.csv,,,Data replog,,,GX354-0,True,IR
ir070827.0165,GX 354-0,17:31:57.6,-33:50:00,2007-08-28,02:16:55.3,2454340.5951,40.0,1.16,K,K,,,,missingreplog_GX354-0.csv,,,Data replog,,,GX354-0,True,IR
ir070827.0164,GX 354-0,17:31:57.6,-33:50:00,2007-08-28,02:15:59.5,2454340.5944,40.0,1.16,K,K,,,,missingreplog_GX354-0.csv,,,Data replog,,,GX354-0,True,IR
ir070824.0056,GX 354-0,17:31:57.7,-33:49:58,2007-08-25,02:51:03.4,2454337.6188,40.0,1.23,K,K,,,,missingreplog_GX354-0.csv,,,Data replog,,,GX354-0,True,IR
ir070824.0057,GX 354-0,17:31:57.7,-33:49:58,2007-08-25,02:51:03.4,2454337.6188,40.0,1.23,K,K,,,,missingreplog_GX354-0.csv,,,Data replog,,,GX354-0,True,IR
ir070824.0058,GX 354-0,17:31:57.7,-33:49:58,2007-08-25,02:53:05.5,2454337.6202,40.0,1.23,K,K,,,,missingreplog_GX354-0.csv,,,Data replog,,,GX354-0,True,IR
ir080406.0141,GX 354-0,17:31:56.7,-33:50:09,2008-04-07,05:04:15.2,2454563.7113,40.0,1.62,K,K,,,,missingreplog_GX354-0.csv,,,Data replog,,,GX354-0,True,IR
ir080406.0152,GX 354-0,17:31:56.9,-33:50:10,2008-04-07,05:14:33.2,2454563.7185,40.0,1.55,K,K,,,,missingreplog_GX354-0.csv,,,Data replog,,,GX354-0,True,IR
ir080406.0151,GX 354-0,17:31:56.9,-33:50:10,2008-04-07,05:13:36.8,2454563.7178,40.0,1.56,K,K,,,,missingreplog_GX354-0.csv,,,Data replog,,,GX354-0,True,IR
ir080406.0150,GX 354-0,17:31:56.9,-33:50:10,2008-04-07,05:12:40.8,2454563.7171,40.0,1.56,K,K,,,,missingreplog_GX354-0.csv,,,Data replog,,,GX354-0,True,IR
ir080406.0149,GX 354-0,17:31:56.9,-33:50:10,2008-04-07,05:11:44.8,2454563.7165,40.0,1.57,K,K,,,,missingreplog_GX354-0.csv,,,Data replog,,,GX354-0,True,IR
ir080406.0148,GX 354-0,17:31:56.8,-33:50:10,2008-04-07,05:10:48.5,2454563.7158,40.0,1.58,K,K,,,,missingreplog_GX354-0.csv,,,Data replog,,,GX354-0,True,IR
ir080406.0147,GX 354-0,17:31:56.8,-33:50:10,2008-04-07,05:09:52.2,2454563.7152,40.0,1.58,K,K,,,,missingreplog_GX354-0.csv,,,Data replog,,,GX354-0,True,IR
ir080406.0146,GX 354-0,17:31:56.8,-33:50:10,2008-04-07,05:08:56.2,2454563.7146,40.0,1.59,K,K,,,,missingreplog_GX354-0.csv,,,Data replog,,,GX354-0,True,IR
ir080406.0145,GX 354-0,17:31:56.8,-33:50:10,2008-04-07,05:07:59.8,2454563.7139,40.0,1.6,K,K,,,,missingreplog_GX354-0.csv,,,Data replog,,,GX354-0,True,IR
ir080406.0144,GX 354-0,17:31:56.8,-33:50:10,2008-04-07,05:07:03.5,2454563.7132,40.0,1.6,K,K,,,,missingreplog_GX354-0.csv,,,Data replog,,,GX354-0,True,IR
ir080406.0143,GX 354-0,17:31:56.7,-33:50:10,2008-04-07,05:06:07.4,2454563.7126,40.0,1.61,K,K,,,,missingreplog_GX354-0.csv,,,Data replog,,,GX354-0,True,IR
ir080406.0142,GX 354-0,17:31:56.7,-33:50:09,2008-04-07,05:05:11.4,2454563.7119,40.0,1.62,K,K,,,,missingreplog_GX354-0.csv,,,Data replog,,,GX354-0,True,IR
ir080406.0140,GX 354-0,17:31:56.7,-33:50:09,2008-04-07,05:03:18.9,2454563.7106,40.0,1.63,K,K,,,,missingreplog_GX354-0.csv,,,Data replog,,,GX354-0,True,IR
ir080320.0232,GX 354-0,17:31:58.0,-33:49:57,2008-03-21,06:40:47.0,2454546.7783,40.0,1.44,K,K,,,,missingreplog_GX354-0.csv,,,Data replog,,,GX354-0,True,IR
ir080406.0139,GX 354-0,17:31:56.7,-33:50:09,2008-04-07,05:02:22.9,2454563.71,40.0,1.64,K,K,,,,missingreplog_GX354-0.csv,,,Data replog,,,GX354-0,True,IR
ir080406.0138,GX 354-0,17:31:56.7,-33:50:09,2008-04-07,05:01:26.5,2454563.7093,40.0,1.64,K,K,,,,missingreplog_GX354-0.csv,,,Data replog,,,GX354-0,True,IR
ir080406.0137,GX 354-0,17:31:56.7,-33:50:09,2008-04-07,05:00:30.1,2454563.7087,40.0,1.65,K,K,,,,missingreplog_GX354-0.csv,,,Data replog,,,GX354-0,True,IR
ir080406.0136,GX 354-0,17:31:56.7,-33:50:08,2008-04-07,04:59:34.1,2454563.708,40.0,1.66,K,K,,,,missingreplog_GX354-0.csv,,,Data replog,,,GX354-0,True,IR
ir080320.0240,GX 354-0,17:31:58.0,-33:49:57,2008-03-21,06:48:16.2,2454546.7835,40.0,1.4,K,K,,,,missingreplog_GX354-0.csv,,,Data replog,,,GX354-0,True,IR
ir080320.0239,GX 354-0,17:31:58.0,-33:49:57,2008-03-21,06:47:20.1,2454546.7829,40.0,1.4,K,K,,,,missingreplog_GX354-0.csv,,,Data replog,,,GX354-0,True,IR
ir080320.0238,GX 354-0,17:31:58.0,-33:49:56,2008-03-21,06:46:24.1,2454546.7822,40.0,1.41,K,K,,,,missingreplog_GX354-0.csv,,,Data replog,,,GX354-0,True,IR
ir080320.0237,GX 354-0,17:31:58.0,-33:49:57,2008-03-21,06:45:27.7,2454546.7816,40.0,1.41,K,K,,,,missingreplog_GX354-0.csv,,,Data replog,,,GX354-0,True,IR
ir080320.0236,GX 354-0,17:31:58.0,-33:49:57,2008-03-21,06:44:31.4,2454546.7809,40.0,1.42,K,K,,,,missingreplog_GX354-0.csv,,,Data replog,,,GX354-0,True,IR
ir080320.0235,GX 354-0,17:31:58.0,-33:49:57,2008-03-21,06:43:35.5,2454546.7803,40.0,1.42,K,K,,,,missingreplog_GX354-0.csv,,,Data replog,,,GX354-0,True,IR
ir080320.0234,GX 354-0,17:31:58.0,-33:49:57,2008-03-21,06:42:39.6,2454546.7796,40.0,1.43,K,K,,,,missingreplog_GX354-0.csv,,,Data replog,,,GX354-0,True,IR
ir080406.0153,GX 354-0,17:31:56.9,-33:50:10,2008-04-07,05:15:29.5,2454563.7191,40.0,1.55,K,K,,,,missingreplog_GX354-0.csv,,,Data replog,,,GX354-0,True,IR
ir080406.0154,GX 354-0,17:31:56.9,-33:50:10,2008-04-07,05:16:25.6,2454563.7198,40.0,1.54,K,K,,,,missingreplog_GX354-0.csv,,,Data replog,,,GX354-0,True,IR
ir080406.0155,GX 354-0,17:31:57.0,-33:50:10,2008-04-07,05:17:21.9,2454563.7204,40.0,1.53,K,K,,,,missingreplog_GX354-0.csv,,,Data replog,,,GX354-0,True,IR
ir080407.0154,GX 354-0,17:31:57.6,-33:50:01,2008-04-08,05:23:05.4,2454564.7244,40.0,1.48,K,K,,,,missingreplog_GX354-0.csv,,,Data replog,,,GX354-0,True,IR
ir080407.0173,GX 354-0,17:31:57.6,-33:50:00,2008-04-08,05:40:54.2,2454564.7368,40.0,1.38,K,K,,,,missingreplog_GX354-0.csv,,,Data replog,,,GX354-0,True,IR
ir080407.0172,GX 354-0,17:31:57.7,-33:50:00,2008-04-08,05:39:57.9,2454564.7361,40.0,1.39,K,K,,,,missingreplog_GX354-0.csv,,,Data replog,,,GX354-0,True,IR
ir080407.0171,GX 354-0,17:31:57.6,-33:50:00,2008-04-08,05:39:01.7,2454564.7355,40.0,1.39,K,K,,,,missingreplog_GX354-0.csv,,,Data replog,,,GX354-0,True,IR
ir080407.0170,GX 354-0,17:31:57.7,-33:50:00,2008-04-08,05:38:05.2,2454564.7348,40.0,1.4,K,K,,,,missingreplog_GX354-0.csv,,,Data replog,,,GX354-0,True,IR
ir080407.0169,GX 354-0,17:31:57.7,-33:50:00,2008-04-08,05:37:08.9,2454564.7341,40.0,1.4,K,K,,,,missingreplog_GX354-0.csv,,,Data replog,,,GX354-0,True,IR
ir080407.0168,GX 354-0,17:31:57.6,-33:50:00,2008-04-08,05:36:12.9,2454564.7335,40.0,1.41,K,K,,,,missingreplog_GX354-0.csv,,,Data replog,,,GX354-0,True,IR
ir080407.0167,GX 354-0,17:31:57.7,-33:50:00,2008-04-08,05:35:16.7,2454564.7328,40.0,1.41,K,K,,,,missingreplog_GX354-0.csv,,,Data replog,,,GX354-0,True,IR
ir080407.0166,GX 354-0,17:31:57.7,-33:50:00,2008-04-08,05:34:20.4,2454564.7322,40.0,1.42,K,K,,,,missingreplog_GX354-0.csv,,,Data replog,,,GX354-0,True,IR
ir080407.0165,GX 354-0,17:31:57.6,-33:50:00,2008-04-08,05:33:24.2,2454564.7316,40.0,1.42,K,K,,,,missingreplog_GX354-0.csv,,,Data replog,,,GX354-0,True,IR
ir080407.0164,GX 354-0,17:31:57.7,-33:50:00,2008-04-08,05:32:28.1,2454564.7309,40.0,1.42,K,K,,,,missingreplog_GX354-0.csv,,,Data replog,,,GX354-0,True,IR
ir080407.0163,GX 354-0,17:31:57.7,-33:50:00,2008-04-08,05:31:31.7,2454564.7302,40.0,1.43,K,K,,,,missingreplog_GX354-0.csv,,,Data replog,,,GX354-0,True,IR
ir080407.0162,GX 354-0,17:31:57.7,-33:50:00,2008-04-08,05:30:35.2,2454564.7296,40.0,1.43,K,K,,,,missingreplog_GX354-0.csv,,,Data replog,,,GX354-0,True,IR
ir080407.0161,GX 354-0,17:31:57.7,-33:50:01,2008-04-08,05:29:39.0,2454564.7289,40.0,1.44,K,K,,,,missingreplog_GX354-0.csv,,,Data replog,,,GX354-0,True,IR
ir080407.0160,GX 354-0,17:31:57.6,-33:50:01,2008-04-08,05:28:42.9,2454564.7283,40.0,1.44,K,K,,,,missingreplog_GX354-0.csv,,,Data replog,,,GX354-0,True,IR
ir080407.0159,GX 354-0,17:31:57.6,-33:50:01,2008-04-08,05:27:46.6,2454564.7276,40.0,1.45,K,K,,,,missingreplog_GX354-0.csv,,,Data replog,,,GX354-0,True,IR
ir080407.0158,GX 354-0,17:31:57.6,-33:50:01,2008-04-08,05:26:50.3,2454564.727,40.0,1.45,K,K,,,,missingreplog_GX354-0.csv,,,Data replog,,,GX354-0,True,IR
ir080407.0157,GX 354-0,17:31:57.6,-33:50:01,2008-04-08,05:25:54.2,2454564.7263,40.0,1.46,K,K,,,,missingreplog_GX354-0.csv,,,Data replog,,,GX354-0,True,IR
ir080407.0156,GX 354-0,17:31:57.6,-33:50:01,2008-04-08,05:24:57.7,2454564.7257,40.0,1.47,K,K,,,,missingreplog_GX354-0.csv,,,Data replog,,,GX354-0,True,IR
ir080407.0155,GX 354-0,17:31:57.6,-33:50:01,2008-04-08,05:24:01.3,2454564.725,40.0,1.47,K,K,,,,missingreplog_GX354-0.csv,,,Data replog,,,GX354-0,True,IR
ir080320.0233,GX 354-0,17:31:58.0,-33:49:57,2008-03-21,06:41:43.3,2454546.779,40.0,1.43,K,K,,,,missingreplog_GX354-0.csv,,,Data replog,,,GX354-0,True,IR
ir080320.0231,GX 354-0,17:31:58.0,-33:49:57,2008-03-21,06:39:51.1,2454546.7777,40.0,1.44,K,K,,,,missingreplog_GX354-0.csv,,,Data replog,,,GX354-0,True,IR
ir080314.0158,GX 354-0,17:31:55.9,-33:50:17,2008-03-15,06:17:42.3,2454540.7623,40.0,1.76,K,K,,,,missingreplog_GX354-0.csv,,,Data replog,,,GX354-0,True,IR
ir080318.0200,GX 354-0,17:31:57.9,-33:50:06,2008-03-19,06:07:01.9,2454544.7549,40.0,1.72,K,K,,,,missingreplog_GX354-0.csv,,,Data replog,,,GX354-0,True,IR
ir080319.0185,GX 354-0,17:31:56.8,-33:50:12,2008-03-20,06:11:31.4,2454545.758,40.0,1.65,K,K,,,,missingreplog_GX354-0.csv,,,Data replog,,,GX354-0,True,IR
ir080319.0184,GX 354-0,17:31:56.8,-33:50:12,2008-03-20,06:10:35.3,2454545.7574,40.0,1.66,K,K,,,,missingreplog_GX354-0.csv,,,Data replog,,,GX354-0,True,IR
ir080318.0209,GX 354-0,17:31:58.1,-33:50:06,2008-03-19,06:15:27.5,2454544.7607,40.0,1.65,K,K,,,,missingreplog_GX354-0.csv,,,Data replog,,,GX354-0,True,IR
ir080318.0208,GX 354-0,17:31:58.0,-33:50:05,2008-03-19,06:14:31.1,2454544.7601,40.0,1.66,K,K,,,,missingreplog_GX354-0.csv,,,Data replog,,,GX354-0,True,IR
ir080318.0207,GX 354-0,17:31:58.0,-33:50:06,2008-03-19,06:13:35.0,2454544.7594,40.0,1.66,K,K,,,,missingreplog_GX354-0.csv,,,Data replog,,,GX354-0,True,IR
ir080318.0206,GX 354-0,17:31:58.0,-33:50:05,2008-03-19,06:12:38.7,2454544.7588,40.0,1.67,K,K,,,,missingreplog_GX354-0.csv,,,Data replog,,,GX354-0,True,IR
ir080318.0205,GX 354-0,17:31:58.0,-33:50:06,2008-03-19,06:11:42.4,2454544.7581,40.0,1.68,K,K,,,,missingreplog_GX354-0.csv,,,Data replog,,,GX354-0,True,IR
ir080318.0204,GX 354-0,17:31:58.0,-33:50:06,2008-03-19,06:10:46.6,2454544.7575,40.0,1.69,K,K,,,,missingreplog_GX354-0.csv,,,Data replog,,,GX354-0,True,IR
ir080318.0203,GX 354-0,17:31:57.9,-33:50:06,2008-03-19,06:09:50.5,2454544.7568,40.0,1.69,K,K,,,,missingreplog_GX354-0.csv,,,Data replog,,,GX354-0,True,IR
ir080318.0202,GX 354-0,17:31:57.9,-33:50:06,2008-03-19,06:08:54.3,2454544.7562,40.0,1.7,K,K,,,,missingreplog_GX354-0.csv,,,Data replog,,,GX354-0,True,IR
ir080318.0201,GX 354-0,17:31:57.9,-33:50:06,2008-03-19,06:07:57.9,2454544.7555,40.0,1.71,K,K,,,,missingreplog_GX354-0.csv,,,Data replog,,,GX354-0,True,IR
ir080318.0199,GX 354-0,17:31:57.8,-33:50:06,2008-03-19,06:06:05.6,2454544.7542,40.0,1.72,K,K,,,,missingreplog_GX354-0.csv,,,Data replog,,,GX354-0,True,IR
ir080320.0230,GX 354-0,17:31:58.0,-33:49:57,2008-03-21,06:38:54.5,2454546.777,40.0,1.45,K,K,,,,missingreplog_GX354-0.csv,,,Data replog,,,GX354-0,True,IR
ir080318.0198,GX 354-0,17:31:57.8,-33:50:06,2008-03-19,06:05:09.2,2454544.7536,40.0,1.73,K,K,,,,missingreplog_GX354-0.csv,,,Data replog,,,GX354-0,True,IR
ir080318.0197,GX 354-0,17:31:57.8,-33:50:06,2008-03-19,06:04:13.1,2454544.7529,40.0,1.74,K,K,,,,missingreplog_GX354-0.csv,,,Data replog,,,GX354-0,True,IR
ir080318.0196,GX 354-0,17:31:57.8,-33:50:06,2008-03-19,06:03:17.0,2454544.7523,40.0,1.75,K,K,,,,missingreplog_GX354-0.csv,,,Data replog,,,GX354-0,True,IR
ir080318.0195,GX 354-0,17:31:57.8,-33:50:06,2008-03-19,06:02:20.6,2454544.7516,40.0,1.76,K,K,,,,missingreplog_GX354-0.csv,,,Data replog,,,GX354-0,True,IR
ir080318.0194,GX 354-0,17:31:57.8,-33:50:06,2008-03-19,06:01:24.3,2454544.751,40.0,1.76,K,K,,,,missingreplog_GX354-0.csv,,,Data replog,,,GX354-0,True,IR
ir080318.0193,GX 354-0,17:31:57.7,-33:50:06,2008-03-19,06:00:28.3,2454544.7503,40.0,1.77,K,K,,,,missingreplog_GX354-0.csv,,,Data replog,,,GX354-0,True,IR
ir080318.0192,GX 354-0,17:31:57.7,-33:50:06,2008-03-19,05:59:31.9,2454544.7497,40.0,1.78,K,K,,,,missingreplog_GX354-0.csv,,,Data replog,,,GX354-0,True,IR
ir080318.0191,GX 354-0,17:31:57.7,-33:50:06,2008-03-19,05:58:35.5,2454544.749,40.0,1.79,K,K,,,,missingreplog_GX354-0.csv,,,Data replog,,,GX354-0,True,IR
ir080318.0190,GX 354-0,17:31:57.7,-33:50:06,2008-03-19,05:57:39.5,2454544.7484,40.0,1.8,K,K,,,,missingreplog_GX354-0.csv,,,Data replog,,,GX354-0,True,IR
ir080314.0161,GX 354-0,17:31:55.9,-33:50:16,2008-03-15,06:20:31.1,2454540.7643,40.0,1.73,K,K,,,,missingreplog_GX354-0.csv,,,Data replog,,,GX354-0,True,IR
ir080314.0160,GX 354-0,17:31:55.9,-33:50:16,2008-03-15,06:19:34.8,2454540.7636,40.0,1.74,K,K,,,,missingreplog_GX354-0.csv,,,Data replog,,,GX354-0,True,IR
ir080319.0186,GX 354-0,17:31:56.8,-33:50:12,2008-03-20,06:12:27.7,2454545.7587,40.0,1.64,K,K,,,,missingreplog_GX354-0.csv,,,Data replog,,,GX354-0,True,IR
ir080319.0187,GX 354-0,17:31:56.8,-33:50:12,2008-03-20,06:13:24.0,2454545.7593,40.0,1.63,K,K,,,,missingreplog_GX354-0.csv,,,Data replog,,,GX354-0,True,IR
ir080319.0188,GX 354-0,17:31:56.9,-33:50:12,2008-03-20,06:14:20.1,2454545.76,40.0,1.63,K,K,,,,missingreplog_GX354-0.csv,,,Data replog,,,GX354-0,True,IR
ir080319.0189,GX 354-0,17:31:56.9,-33:50:12,2008-03-20,06:15:16.3,2454545.7606,40.0,1.62,K,K,,,,missingreplog_GX354-0.csv,,,Data replog,,,GX354-0,True,IR
ir080320.0229,GX 354-0,17:31:58.0,-33:49:57,2008-03-21,06:37:58.3,2454546.7764,40.0,1.45,K,K,,,,missingreplog_GX354-0.csv,,,Data replog,,,GX354-0,True,IR
ir080320.0228,GX 354-0,17:31:58.0,-33:49:57,2008-03-21,06:37:02.4,2454546.7757,40.0,1.46,K,K,,,,missingreplog_GX354-0.csv,,,Data replog,,,GX354-0,True,IR
ir080320.0227,GX 354-0,17:31:58.0,-33:49:57,2008-03-21,06:36:06.5,2454546.7751,40.0,1.46,K,K,,,,missingreplog_GX354-0.csv,,,Data replog,,,GX354-0,True,IR
ir080320.0226,GX 354-0,17:31:58.0,-33:49:57,2008-03-21,06:35:10.4,2454546.7744,40.0,1.47,K,K,,,,missingreplog_GX354-0.csv,,,Data replog,,,GX354-0,True,IR
ir080320.0225,GX 354-0,17:31:58.0,-33:49:57,2008-03-21,06:34:14.2,2454546.7738,40.0,1.47,K,K,,,,missingreplog_GX354-0.csv,,,Data replog,,,GX354-0,True,IR
ir080320.0224,GX 354-0,17:31:58.0,-33:49:57,2008-03-21,06:33:18.1,2454546.7731,40.0,1.48,K,K,,,,missingreplog_GX354-0.csv,,,Data replog,,,GX354-0,True,IR
ir080320.0223,GX 354-0,17:31:58.0,-33:49:57,2008-03-21,06:32:21.8,2454546.7725,40.0,1.48,K,K,,,,missingreplog_GX354-0.csv,,,Data replog,,,GX354-0,True,IR
ir080320.0222,GX 354-0,17:31:58.0,-33:49:56,2008-03-21,06:31:25.5,2454546.7718,40.0,1.49,K,K,,,,missingreplog_GX354-0.csv,,,Data replog,,,GX354-0,True,IR
ir080320.0221,GX 354-0,17:31:58.0,-33:49:56,2008-03-21,06:30:29.5,2454546.7712,40.0,1.5,K,K,,,,missingreplog_GX354-0.csv,,,Data replog,,,GX354-0,True,IR
ir080319.0203,GX 354-0,17:31:57.3,-33:50:12,2008-03-20,06:28:21.9,2454545.7697,40.0,1.53,K,K,,,,missingreplog_GX354-0.csv,,,Data replog,,,GX354-0,True,IR
ir080319.0202,GX 354-0,17:31:57.3,-33:50:12,2008-03-20,06:27:25.7,2454545.769,40.0,1.54,K,K,,,,missingreplog_GX354-0.csv,,,Data replog,,,GX354-0,True,IR
ir080319.0201,GX 354-0,17:31:57.3,-33:50:12,2008-03-20,06:26:29.8,2454545.7684,40.0,1.54,K,K,,,,missingreplog_GX354-0.csv,,,Data replog,,,GX354-0,True,IR
ir080319.0200,GX 354-0,17:31:57.2,-33:50:12,2008-03-20,06:25:33.4,2454545.7678,40.0,1.55,K,K,,,,missingreplog_GX354-0.csv,,,Data replog,,,GX354-0,True,IR
ir080319.0199,GX 354-0,17:31:57.2,-33:50:12,2008-03-20,06:24:37.0,2454545.7671,40.0,1.56,K,K,,,,missingreplog_GX354-0.csv,,,Data replog,,,GX354-0,True,IR
ir080319.0198,GX 354-0,17:31:57.2,-33:50:12,2008-03-20,06:23:41.0,2454545.7664,40.0,1.56,K,K,,,,missingreplog_GX354-0.csv,,,Data replog,,,GX354-0,True,IR
ir080319.0197,GX 354-0,17:31:57.1,-33:50:12,2008-03-20,06:22:45.1,2454545.7658,40.0,1.57,K,K,,,,missingreplog_GX354-0.csv,,,Data replog,,,GX354-0,True,IR
ir080319.0196,GX 354-0,17:31:57.1,-33:50:12,2008-03-20,06:21:48.8,2454545.7651,40.0,1.57,K,K,,,,missingreplog_GX354-0.csv,,,Data replog,,,GX354-0,True,IR
ir080319.0195,GX 354-0,17:31:57.1,-33:50:12,2008-03-20,06:20:52.8,2454545.7645,40.0,1.58,K,K,,,,missingreplog_GX354-0.csv,,,Data replog,,,GX354-0,True,IR
ir080319.0194,GX 354-0,17:31:57.0,-33:50:12,2008-03-20,06:19:56.9,2454545.7639,40.0,1.59,K,K,,,,missingreplog_GX354-0.csv,,,Data replog,,,GX354-0,True,IR
ir080319.0193,GX 354-0,17:31:57.0,-33:50:12,2008-03-20,06:19:00.7,2454545.7632,40.0,1.59,K,K,,,,missingreplog_GX354-0.csv,,,Data replog,,,GX354-0,True,IR
ir080319.0192,GX 354-0,17:31:57.0,-33:50:12,2008-03-20,06:18:04.4,2454545.7626,40.0,1.6,K,K,,,,missingreplog_GX354-0.csv,,,Data replog,,,GX354-0,True,IR
ir080319.0191,GX 354-0,17:31:56.9,-33:50:12,2008-03-20,06:17:08.4,2454545.7619,40.0,1.61,K,K,,,,missingreplog_GX354-0.csv,,,Data replog,,,GX354-0,True,IR
ir080319.0190,GX 354-0,17:31:56.9,-33:50:12,2008-03-20,06:16:12.4,2454545.7613,40.0,1.61,K,K,,,,missingreplog_GX354-0.csv,,,Data replog,,,GX354-0,True,IR
ir080314.0159,GX 354-0,17:31:55.9,-33:50:16,2008-03-15,06:18:38.9,2454540.7629,40.0,1.75,K,K,,,,missingreplog_GX354-0.csv,,,Data replog,,,GX354-0,True,IR
ir080314.0157,GX 354-0,17:31:55.8,-33:50:17,2008-03-15,06:16:46.0,2454540.7616,40.0,1.77,K,K,,,,missingreplog_GX354-0.csv,,,Data replog,,,GX354-0,True,IR
ir070824.0059,GX 354-0,17:31:57.7,-33:49:59,2007-08-25,02:54:01.4,2454337.6209,40.0,1.24,K,K,,,,missingreplog_GX354-0.csv,,,Data replog,,,GX354-0,True,IR
ir070901.0027,GX 354-0,17:31:57.4,-33:49:58,2007-09-01,23:33:25.0,2454345.4816,40.0,1.0,K,K,,,,missingreplog_GX354-0.csv,,,Data replog,,,GX354-0,True,IR
ir070901.0038,GX 354-0,17:31:57.5,-33:49:55,2007-09-01,23:43:40.4,2454345.4887,40.0,1.0,K,K,,,,missingreplog_GX354-0.csv,,,Data replog,,,GX354-0,True,IR
ir070901.0037,GX 354-0,17:31:57.5,-33:49:56,2007-09-01,23:42:44.2,2454345.488,40.0,1.0,K,K,,,,missingreplog_GX354-0.csv,,,Data replog,,,GX354-0,True,IR
ir070901.0036,GX 354-0,17:31:57.5,-33:49:56,2007-09-01,23:41:48.2,2454345.4874,40.0,1.0,K,K,,,,missingreplog_GX354-0.csv,,,Data replog,,,GX354-0,True,IR
ir070901.0035,GX 354-0,17:31:57.5,-33:49:56,2007-09-01,23:40:52.4,2454345.4867,40.0,1.0,K,K,,,,missingreplog_GX354-0.csv,,,Data replog,,,GX354-0,True,IR
ir070901.0034,GX 354-0,17:31:57.5,-33:49:56,2007-09-01,23:39:56.5,2454345.4861,40.0,1.0,K,K,,,,missingreplog_GX354-0.csv,,,Data replog,,,GX354-0,True,IR
ir070901.0033,GX 354-0,17:31:57.5,-33:49:56,2007-09-01,23:39:00.5,2454345.4854,40.0,1.0,K,K,,,,missingreplog_GX354-0.csv,,,Data replog,,,GX354-0,True,IR
ir070901.0032,GX 354-0,17:31:57.5,-33:49:57,2007-09-01,23:38:04.4,2454345.4848,40.0,1.0,K,K,,,,missingreplog_GX354-0.csv,,,Data replog,,,GX354-0,True,IR
ir070901.0031,GX 354-0,17:31:57.5,-33:49:57,2007-09-01,23:37:08.6,2454345.4841,40.0,1.0,K,K,,,,missingreplog_GX354-0.csv,,,Data replog,,,GX354-0,True,IR
ir070901.0030,GX 354-0,17:31:57.4,-33:49:57,2007-09-01,23:36:12.4,2454345.4835,40.0,1.0,K,K,,,,missingreplog_GX354-0.csv,,,Data replog,,,GX354-0,True,IR
ir070901.0029,GX 354-0,17:31:57.4,-33:49:57,2007-09-01,23:35:16.5,2454345.4828,40.0,1.0,K,K,,,,missingreplog_GX354-0.csv,,,Data replog,,,GX354-0,True,IR
ir070901.0028,GX 354-0,17:31:57.4,-33:49:58,2007-09-01,23:34:20.7,2454345.4822,40.0,1.0,K,K,,,,missingreplog_GX354-0.csv,,,Data replog,,,GX354-0,True,IR
ir070901.0026,GX 354-0,17:31:57.4,-33:49:58,2007-09-01,23:32:28.9,2454345.4809,40.0,1.0,K,K,,,,missingreplog_GX354-0.csv,,,Data replog,,,GX354-0,True,IR
ir070830.0069,GX 354-0,17:31:57.8,-33:49:59,2007-08-31,00:37:18.8,2454343.5259,40.0,1.02,K,K,,,,missingreplog_GX354-0.csv,,,Data replog,,,GX354-0,True,IR
ir070901.0025,GX 354-0,17:31:57.4,-33:49:58,2007-09-01,23:31:32.9,2454345.4803,40.0,1.0,K,K,,,,missingreplog_GX354-0.csv,,,Data replog,,,GX354-0,True,IR
ir070901.0024,GX 354-0,17:31:57.4,-33:49:59,2007-09-01,23:30:37.2,2454345.4796,40.0,1.0,K,K,,,,missingreplog_GX354-0.csv,,,Data replog,,,GX354-0,True,IR
ir070901.0023,GX 354-0,17:31:57.4,-33:49:59,2007-09-01,23:29:41.1,2454345.479,40.0,1.0,K,K,,,,missingreplog_GX354-0.csv,,,Data replog,,,GX354-0,True,IR
ir070901.0022,GX 354-0,17:31:57.4,-33:50:00,2007-09-01,23:28:45.0,2454345.4783,40.0,1.0,K,K,,,,missingreplog_GX354-0.csv,,,Data replog,,,GX354-0,True,IR
ir070901.0021,GX 354-0,17:31:57.4,-33:50:00,2007-09-01,23:27:49.3,2454345.4777,40.0,1.0,K,K,,,,missingreplog_GX354-0.csv,,,Data replog,,,GX354-0,True,IR
ir070830.0076,GX 354-0,17:31:57.9,-33:49:59,2007-08-31,00:43:51.4,2454343.5304,40.0,1.03,K,K,,,,missingreplog_GX354-0.csv,,,Data replog,,,GX354-0,True,IR
ir070830.0075,GX 354-0,17:31:57.9,-33:49:59,2007-08-31,00:42:55.3,2454343.5298,40.0,1.03,K,K,,,,missingreplog_GX354-0.csv,,,Data replog,,,GX354-0,True,IR
ir070830.0074,GX 354-0,17:31:57.9,-33:49:59,2007-08-31,00:41:59.4,2454343.5292,40.0,1.03,K,K,,,,missingreplog_GX354-0.csv,,,Data replog,,,GX354-0,True,IR
ir070830.0073,GX 354-0,17:31:57.8,-33:49:59,2007-08-31,00:41:03.2,2454343.5285,40.0,1.03,K,K,,,,missingreplog_GX354-0.csv,,,Data replog,,,GX354-0,True,IR
ir070830.0072,GX 354-0,17:31:57.8,-33:49:59,2007-08-31,00:40:07.0,2454343.5279,40.0,1.03,K,K,,,,missingreplog_GX354-0.csv,,,Data replog,,,GX354-0,True,IR
ir070830.0071,GX 354-0,17:31:57.8,-33:49:59,2007-08-31,00:39:10.9,2454343.5272,40.0,1.03,K,K,,,,missingreplog_GX354-0.csv,,,Data replog,,,GX354-0,True,IR
ir070901.0039,GX 354-0,17:31:57.6,-33:49:55,2007-09-01,23:44:36.1,2454345.4893,40.0,1.0,K,K,,,,missingreplog_GX354-0.csv,,,Data replog,,,GX354-0,True,IR
ir070901.0040,GX 354-0,17:31:57.6,-33:49:55,2007-09-01,23:45:32.1,2454345.49,40.0,1.0,K,K,,,,missingreplog_GX354-0.csv,,,Data replog,,,GX354-0,True,IR
ir070915.0082,GX 354-0,17:31:57.5,-33:50:01,2007-09-16,00:53:01.3,2454359.5368,40.0,1.14,K,K,,,,missingreplog_GX354-0.csv,,,Data replog,,,GX354-0,True,IR
ir070915.0083,GX 354-0,17:31:57.4,-33:50:01,2007-09-16,00:53:57.2,2454359.5375,40.0,1.14,K,K,,,,missingreplog_GX354-0.csv,,,Data replog,,,GX354-0,True,IR
ir070916.0035,GX 354-0,17:31:57.7,-33:49:59,2007-09-16,23:54:34.6,2454360.4962,40.0,1.05,K,K,,,,missingreplog_GX354-0.csv,,,Data replog,,,GX354-0,True,IR
ir070916.0034,GX 354-0,17:31:57.7,-33:50:00,2007-09-16,23:51:27.2,2454360.4941,40.0,1.05,K,K,,,,missingreplog_GX354-0.csv,,,Data replog,,,GX354-0,True,IR
ir070916.0033,GX 354-0,17:31:57.7,-33:50:00,2007-09-16,23:51:27.2,2454360.4941,40.0,1.05,K,K,,,,missingreplog_GX354-0.csv,,,Data replog,,,GX354-0,True,IR
ir070916.0032,GX 354-0,17:31:57.7,-33:50:00,2007-09-16,23:51:27.2,2454360.4941,40.0,1.05,K,K,,,,missingreplog_GX354-0.csv,,,Data replog,,,GX354-0,True,IR
ir070916.0031,GX 354-0,17:31:57.7,-33:50:00,2007-09-16,23:50:31.2,2454360.4934,40.0,1.04,K,K,,,,missingreplog_GX354-0.csv,,,Data replog,,,GX354-0,True,IR
ir070915.0101,GX 354-0,17:31:57.6,-33:50:02,2007-09-16,01:10:57.2,2454359.5493,40.0,1.19,K,K,,,,missingreplog_GX354-0.csv,,,Data replog,,,GX354-0,True,IR
ir070915.0100,GX 354-0,17:31:57.6,-33:50:02,2007-09-16,01:10:01.0,2454359.5486,40.0,1.19,K,K,,,,missingreplog_GX354-0.csv,,,Data replog,,,GX354-0,True,IR
ir070915.0099,GX 354-0,17:31:57.6,-33:50:02,2007-09-16,01:09:05.0,2454359.548,40.0,1.18,K,K,,,,missingreplog_GX354-0.csv,,,Data replog,,,GX354-0,True,IR
ir070915.0098,GX 354-0,17:31:57.5,-33:50:02,2007-09-16,01:08:08.7,2454359.5473,40.0,1.18,K,K,,,,missingreplog_GX354-0.csv,,,Data replog,,,GX354-0,True,IR
ir070915.0097,GX 354-0,17:31:57.5,-33:50:02,2007-09-16,01:07:12.5,2454359.5467,40.0,1.18,K,K,,,,missingreplog_GX354-0.csv,,,Data replog,,,GX354-0,True,IR
ir070915.0096,GX 354-0,17:31:57.6,-33:50:01,2007-09-16,01:06:16.6,2454359.546,40.0,1.18,K,K,,,,missingreplog_GX354-0.csv,,,Data replog,,,GX354-0,True,IR
ir070915.0095,GX 354-0,17:31:57.5,-33:50:01,2007-09-16,01:05:20.4,2454359.5454,40.0,1.17,K,K,,,,missingreplog_GX354-0.csv,,,Data replog,,,GX354-0,True,IR
ir070915.0094,GX 354-0,17:31:57.5,-33:50:01,2007-09-16,01:04:24.3,2454359.5447,40.0,1.17,K,K,,,,missingreplog_GX354-0.csv,,,Data replog,,,GX354-0,True,IR
ir070915.0093,GX 354-0,17:31:57.5,-33:50:01,2007-09-16,01:03:28.1,2454359.5441,40.0,1.17,K,K,,,,missingreplog_GX354-0.csv,,,Data replog,,,GX354-0,True,IR
ir070915.0092,GX 354-0,17:31:57.5,-33:50:01,2007-09-16,01:02:32.1,2454359.5434,40.0,1.17,K,K,,,,missingreplog_GX354-0.csv,,,Data replog,,,GX354-0,True,IR
ir070915.0091,GX 354-0,17:31:57.4,-33:50:01,2007-09-16,01:00:30.3,2454359.542,40.0,1.16,K,K,,,,missingreplog_GX354-0.csv,,,Data replog,,,GX354-0,True,IR
ir070915.0090,GX 354-0,17:31:57.4,-33:50:01,2007-09-16,01:00:30.3,2454359.542,40.0,1.16,K,K,,,,missingreplog_GX354-0.csv,,,Data replog,,,GX354-0,True,IR
ir070915.0089,GX 354-0,17:31:57.5,-33:50:01,2007-09-16,00:59:34.4,2454359.5414,40.0,1.16,K,K,,,,missingreplog_GX354-0.csv,,,Data replog,,,GX354-0,True,IR
ir070915.0088,GX 354-0,17:31:57.4,-33:50:01,2007-09-16,00:58:38.6,2454359.5407,40.0,1.16,K,K,,,,missingreplog_GX354-0.csv,,,Data replog,,,GX354-0,True,IR
ir070915.0087,GX 354-0,17:31:57.5,-33:50:01,2007-09-16,00:57:42.2,2454359.5401,40.0,1.15,K,K,,,,missingreplog_GX354-0.csv,,,Data replog,,,GX354-0,True,IR
ir070915.0086,GX 354-0,17:31:57.4,-33:50:01,2007-09-16,00:56:46.0,2454359.5394,40.0,1.15,K,K,,,,missingreplog_GX354-0.csv,,,Data replog,,,GX354-0,True,IR
ir070915.0085,GX 354-0,17:31:57.5,-33:50:01,2007-09-16,00:55:50.1,2454359.5388,40.0,1.15,K,K,,,,missingreplog_GX354-0.csv,,,Data replog,,,GX354-0,True,IR
ir070915.0084,GX 354-0,17:31:57.4,-33:50:01,2007-09-16,00:54:53.7,2454359.5381,40.0,1.15,K,K,,,,missingreplog_GX354-0.csv,,,Data replog,,,GX354-0,True,IR
ir070830.0070,GX 354-0,17:31:57.8,-33:49:59,2007-08-31,00:38:15.1,2454343.5266,40.0,1.03,K,K,,,,missingreplog_GX354-0.csv,,,Data replog,,,GX354-0,True,IR
ir070830.0068,GX 354-0,17:31:57.7,-33:49:59,2007-08-31,00:36:22.8,2454343.5253,40.0,1.02,K,K,,,,missingreplog_GX354-0.csv,,,Data replog,,,GX354-0,True,IR
ir080314.0156,GX 354-0,17:31:55.8,-33:50:17,2008-03-15,06:15:50.0,2454540.761,40.0,1.78,K,K,,,,missingreplog_GX354-0.csv,,,Data replog,,,GX354-0,True,IR
ir070826.0120,GX 354-0,17:31:57.5,-33:49:56,2007-08-27,01:05:15.8,2454339.5453,40.0,1.04,K,K,,,,missingreplog_GX354-0.csv,,,Data replog,,,GX354-0,True,IR
ir070829.0098,GX 354-0,17:31:57.4,-33:50:12,2007-08-30,01:51:50.2,2454342.5777,40.0,1.12,K,K,,,,missingreplog_GX354-0.csv,,,Data replog,,,GX354-0,True,IR
ir070829.0097,GX 354-0,17:31:57.4,-33:50:12,2007-08-30,01:50:53.8,2454342.577,40.0,1.12,K,K,,,,missingreplog_GX354-0.csv,,,Data replog,,,GX354-0,True,IR
ir070829.0096,GX 354-0,17:31:57.4,-33:50:12,2007-08-30,01:49:57.5,2454342.5764,40.0,1.12,K,K,,,,missingreplog_GX354-0.csv,,,Data replog,,,GX354-0,True,IR
ir070826.0128,GX 354-0,17:31:57.5,-33:49:55,2007-08-27,01:12:56.7,2454339.5507,40.0,1.04,K,K,,,,missingreplog_GX354-0.csv,,,Data replog,,,GX354-0,True,IR
ir070826.0127,GX 354-0,17:31:57.5,-33:49:55,2007-08-27,01:12:00.1,2454339.55,40.0,1.04,K,K,,,,missingreplog_GX354-0.csv,,,Data replog,,,GX354-0,True,IR
ir070826.0126,GX 354-0,17:31:57.5,-33:49:55,2007-08-27,01:11:03.9,2454339.5493,40.0,1.04,K,K,,,,missingreplog_GX354-0.csv,,,Data replog,,,GX354-0,True,IR
ir070826.0125,GX 354-0,17:31:57.5,-33:49:56,2007-08-27,01:09:01.2,2454339.5479,40.0,1.04,K,K,,,,missingreplog_GX354-0.csv,,,Data replog,,,GX354-0,True,IR
ir070826.0124,GX 354-0,17:31:57.5,-33:49:56,2007-08-27,01:09:01.2,2454339.5479,40.0,1.04,K,K,,,,missingreplog_GX354-0.csv,,,Data replog,,,GX354-0,True,IR
ir070826.0123,GX 354-0,17:31:57.5,-33:49:56,2007-08-27,01:08:05.3,2454339.5473,40.0,1.04,K,K,,,,missingreplog_GX354-0.csv,,,Data replog,,,GX354-0,True,IR
ir070826.0122,GX 354-0,17:31:57.5,-33:49:56,2007-08-27,01:07:09.0,2454339.5466,40.0,1.04,K,K,,,,missingreplog_GX354-0.csv,,,Data replog,,,GX354-0,True,IR
ir070826.0121,GX 354-0,17:31:57.5,-33:49:56,2007-08-27,01:06:12.5,2454339.546,40.0,1.04,K,K,,,,missingreplog_GX354-0.csv,,,Data replog,,,GX354-0,True,IR
ir070826.0119,GX 354-0,17:31:57.5,-33:49:56,2007-08-27,01:04:19.5,2454339.5447,40.0,1.04,K,K,,,,missingreplog_GX354-0.csv,,,Data replog,,,GX354-0,True,IR
ir070830.0067,GX 354-0,17:31:57.7,-33:49:59,2007-08-31,00:35:26.8,2454343.5246,40.0,1.02,K,K,,,,missingreplog_GX354-0.csv,,,Data replog,,,GX354-0,True,IR
ir070826.0118,GX 354-0,17:31:57.5,-33:49:56,2007-08-27,01:03:23.0,2454339.544,40.0,1.03,K,K,,,,missingreplog_GX354-0.csv,,,Data replog,,,GX354-0,True,IR
ir070826.0117,GX 354-0,17:31:57.4,-33:49:56,2007-08-27,01:02:26.0,2454339.5434,40.0,1.03,K,K,,,,missingreplog_GX354-0.csv,,,Data replog,,,GX354-0,True,IR
ir070826.0116,GX 354-0,17:31:57.4,-33:49:57,2007-08-27,01:01:29.5,2454339.5427,40.0,1.03,K,K,,,,missingreplog_GX354-0.csv,,,Data replog,,,GX354-0,True,IR
ir070826.0115,GX 354-0,17:31:57.4,-33:49:57,2007-08-27,01:00:33.3,2454339.542,40.0,1.03,K,K,,,,missingreplog_GX354-0.csv,,,Data replog,,,GX354-0,True,IR
ir070826.0114,GX 354-0,17:31:57.4,-33:49:57,2007-08-27,00:59:36.5,2454339.5414,40.0,1.03,K,K,,,,missingreplog_GX354-0.csv,,,Data replog,,,GX354-0,True,IR
ir070826.0113,GX 354-0,17:31:57.4,-33:49:57,2007-08-27,00:58:39.9,2454339.5407,40.0,1.03,K,K,,,,missingreplog_GX354-0.csv,,,Data replog,,,GX354-0,True,IR
ir070826.0112,GX 354-0,17:31:57.4,-33:49:57,2007-08-27,00:57:43.6,2454339.5401,40.0,1.03,K,K,,,,missingreplog_GX354-0.csv,,,Data replog,,,GX354-0,True,IR
ir070826.0111,GX 354-0,17:31:57.4,-33:49:57,2007-08-27,00:55:40.4,2454339.5387,40.0,1.03,K,K,,,,missingreplog_GX354-0.csv,,,Data replog,,,GX354-0,True,IR
ir070826.0110,GX 354-0,17:31:57.4,-33:49:57,2007-08-27,00:55:40.4,2454339.5387,40.0,1.03,K,K,,,,missingreplog_GX354-0.csv,,,Data replog,,,GX354-0,True,IR
ir070826.0109,GX 354-0,17:31:57.4,-33:49:57,2007-08-27,00:54:44.1,2454339.538,40.0,1.03,K,K,,,,missingreplog_GX354-0.csv,,,Data replog,,,GX354-0,True,IR
ir070824.0060,GX 354-0,17:31:57.8,-33:49:59,2007-08-25,02:54:57.5,2454337.6215,40.0,1.24,K,K,,,,missingreplog_GX354-0.csv,,,Data replog,,,GX354-0,True,IR
ir070829.0099,GX 354-0,17:31:57.4,-33:50:12,2007-08-30,01:52:46.3,2454342.5783,40.0,1.13,K,K,,,,missingreplog_GX354-0.csv,,,Data replog,,,GX354-0,True,IR
ir070829.0100,GX 354-0,17:31:57.4,-33:50:12,2007-08-30,01:53:42.4,2454342.579,40.0,1.13,K,K,,,,missingreplog_GX354-0.csv,,,Data replog,,,GX354-0,True,IR
ir070829.0101,GX 354-0,17:31:57.4,-33:50:12,2007-08-30,01:54:38.7,2454342.5796,40.0,1.13,K,K,,,,missingreplog_GX354-0.csv,,,Data replog,,,GX354-0,True,IR
ir070829.0102,GX 354-0,17:31:57.5,-33:50:12,2007-08-30,01:55:34.9,2454342.5803,40.0,1.13,K,K,,,,missingreplog_GX354-0.csv,,,Data replog,,,GX354-0,True,IR
ir070830.0066,GX 354-0,17:31:57.7,-33:49:59,2007-08-31,00:34:30.8,2454343.524,40.0,1.02,K,K,,,,missingreplog_GX354-0.csv,,,Data replog,,,GX354-0,True,IR
ir070830.0065,GX 354-0,17:31:57.7,-33:49:59,2007-08-31,00:33:34.5,2454343.5233,40.0,1.02,K,K,,,,missingreplog_GX354-0.csv,,,Data replog,,,GX354-0,True,IR
ir070830.0064,GX 354-0,17:31:57.7,-33:49:59,2007-08-31,00:32:38.5,2454343.5227,40.0,1.02,K,K,,,,missingreplog_GX354-0.csv,,,Data replog,,,GX354-0,True,IR
ir070830.0063,GX 354-0,17:31:57.6,-33:49:59,2007-08-31,00:30:36.9,2454343.5213,40.0,1.02,K,K,,,,missingreplog_GX354-0.csv,,,Data replog,,,GX354-0,True,IR
ir070830.0062,GX 354-0,17:31:57.6,-33:49:59,2007-08-31,00:30:36.9,2454343.5213,40.0,1.02,K,K,,,,missingreplog_GX354-0.csv,,,Data replog,,,GX354-0,True,IR
ir070830.0061,GX 354-0,17:31:57.6,-33:49:59,2007-08-31,00:29:40.7,2454343.5206,40.0,1.02,K,K,,,,missingreplog_GX354-0.csv,,,Data replog,,,GX354-0,True,IR
ir070830.0060,GX 354-0,17:31:57.6,-33:49:59,2007-08-31,00:28:44.7,2454343.52,40.0,1.02,K,K,,,,missingreplog_GX354-0.csv,,,Data replog,,,GX354-0,True,IR
ir070830.0059,GX 354-0,17:31:57.6,-33:49:59,2007-08-31,00:27:48.6,2454343.5193,40.0,1.02,K,K,,,,missingreplog_GX354-0.csv,,,Data replog,,,GX354-0,True,IR
ir070830.0058,GX 354-0,17:31:57.6,-33:50:00,2007-08-31,00:26:52.5,2454343.5187,40.0,1.02,K,K,,,,missingreplog_GX354-0.csv,,,Data replog,,,GX354-0,True,IR
ir070830.0057,GX 354-0,17:31:57.6,-33:50:01,2007-08-31,00:25:56.4,2454343.518,40.0,1.02,K,K,,,,missingreplog_GX354-0.csv,,,Data replog,,,GX354-0,True,IR
ir070829.0115,GX 354-0,17:31:57.5,-33:50:13,2007-08-30,02:07:44.8,2454342.5887,40.0,1.16,K,K,,,,missingreplog_GX354-0.csv,,,Data replog,,,GX354-0,True,IR
ir070829.0114,GX 354-0,17:31:57.5,-33:50:13,2007-08-30,02:06:48.5,2454342.5881,40.0,1.16,K,K,,,,missingreplog_GX354-0.csv,,,Data replog,,,GX354-0,True,IR
ir070829.0113,GX 354-0,17:31:57.5,-33:50:13,2007-08-30,02:05:52.6,2454342.5874,40.0,1.16,K,K,,,,missingreplog_GX354-0.csv,,,Data replog,,,GX354-0,True,IR
ir070829.0112,GX 354-0,17:31:57.5,-33:50:13,2007-08-30,02:04:56.2,2454342.5868,40.0,1.15,K,K,,,,missingreplog_GX354-0.csv,,,Data replog,,,GX354-0,True,IR
ir070829.0111,GX 354-0,17:31:57.5,-33:50:13,2007-08-30,02:04:00.0,2454342.5861,40.0,1.15,K,K,,,,missingreplog_GX354-0.csv,,,Data replog,,,GX354-0,True,IR
ir070829.0110,GX 354-0,17:31:57.5,-33:50:13,2007-08-30,02:03:04.1,2454342.5855,40.0,1.15,K,K,,,,missingreplog_GX354-0.csv,,,Data replog,,,GX354-0,True,IR
ir070829.0109,GX 354-0,17:31:57.5,-33:50:13,2007-08-30,02:02:08.1,2454342.5848,40.0,1.15,K,K,,,,missingreplog_GX354-0.csv,,,Data replog,,,GX354-0,True,IR
ir070829.0108,GX 354-0,17:31:57.5,-33:50:13,2007-08-30,02:01:11.9,2454342.5842,40.0,1.15,K,K,,,,missingreplog_GX354-0.csv,,,Data replog,,,GX354-0,True,IR
ir070829.0107,GX 354-0,17:31:57.5,-33:50:13,2007-08-30,02:00:15.7,2454342.5835,40.0,1.14,K,K,,,,missingreplog_GX354-0.csv,,,Data replog,,,GX354-0,True,IR
ir070829.0106,GX 354-0,17:31:57.5,-33:50:13,2007-08-30,01:59:19.7,2454342.5829,40.0,1.14,K,K,,,,missingreplog_GX354-0.csv,,,Data replog,,,GX354-0,True,IR
ir070829.0105,GX 354-0,17:31:57.5,-33:50:12,2007-08-30,01:58:23.1,2454342.5822,40.0,1.14,K,K,,,,missingreplog_GX354-0.csv,,,Data replog,,,GX354-0,True,IR
ir070829.0104,GX 354-0,17:31:57.5,-33:50:12,2007-08-30,01:57:27.0,2454342.5816,40.0,1.14,K,K,,,,missingreplog_GX354-0.csv,,,Data replog,,,GX354-0,True,IR
ir070829.0103,GX 354-0,17:31:57.5,-33:50:12,2007-08-30,01:56:30.8,2454342.5809,40.0,1.13,K,K,,,,missingreplog_GX354-0.csv,,,Data replog,,,GX354-0,True,IR
ir070916.0036,GX 354-0,17:31:57.7,-33:49:59,2007-09-16,23:55:30.7,2454360.4969,40.0,1.05,K,K,,,,missingreplog_GX354-0.csv,,,Data replog,,,GX354-0,True,IR
ir070916.0037,GX 354-0,17:31:57.7,-33:49:59,2007-09-16,23:56:26.6,2454360.4975,40.0,1.05,K,K,,,,missingreplog_GX354-0.csv,,,Data replog,,,GX354-0,True,IR
ir070916.0038,GX 354-0,17:31:57.7,-33:49:59,2007-09-16,23:57:22.6,2454360.4982,40.0,1.05,K,K,,,,missingreplog_GX354-0.csv,,,Data replog,,,GX354-0,True,IR
ir080312.0198,GX 354-0,17:31:58.6,-33:50:22,2008-03-13,06:41:03.9,2454538.7785,40.0,1.63,K,K,,,,missingreplog_GX354-0.csv,,,Data replog,,,GX354-0,True,IR
ir080313.0222,GX 354-0,17:31:57.2,-33:50:07,2008-03-14,06:36:41.9,2454539.7755,40.0,1.64,K,K,,,,missingreplog_GX354-0.csv,,,Data replog,,,GX354-0,True,IR
ir080313.0221,GX 354-0,17:31:57.2,-33:50:07,2008-03-14,06:35:45.5,2454539.7748,40.0,1.64,K,K,,,,missingreplog_GX354-0.csv,,,Data replog,,,GX354-0,True,IR
ir080313.0220,GX 354-0,17:31:57.2,-33:50:07,2008-03-14,06:34:49.0,2454539.7742,40.0,1.65,K,K,,,,missingreplog_GX354-0.csv,,,Data replog,,,GX354-0,True,IR
ir080313.0219,GX 354-0,17:31:57.1,-33:50:07,2008-03-14,06:33:52.8,2454539.7735,40.0,1.66,K,K,,,,missingreplog_GX354-0.csv,,,Data replog,,,GX354-0,True,IR
ir080313.0218,GX 354-0,17:31:57.1,-33:50:07,2008-03-14,06:32:56.2,2454539.7729,40.0,1.67,K,K,,,,missingreplog_GX354-0.csv,,,Data replog,,,GX354-0,True,IR
ir080313.0217,GX 354-0,17:31:57.1,-33:50:07,2008-03-14,06:31:59.6,2454539.7722,40.0,1.67,K,K,,,,missingreplog_GX354-0.csv,,,Data replog,,,GX354-0,True,IR
ir080313.0216,GX 354-0,17:31:57.1,-33:50:06,2008-03-14,06:31:03.5,2454539.7716,40.0,1.68,K,K,,,,missingreplog_GX354-0.csv,,,Data replog,,,GX354-0,True,IR
ir080312.0202,GX 354-0,17:31:58.7,-33:50:22,2008-03-13,06:44:48.7,2454538.7811,40.0,1.61,K,K,,,,missingreplog_GX354-0.csv,,,Data replog,,,GX354-0,True,IR
ir080312.0201,GX 354-0,17:31:58.7,-33:50:22,2008-03-13,06:43:52.5,2454538.7805,40.0,1.61,K,K,,,,missingreplog_GX354-0.csv,,,Data replog,,,GX354-0,True,IR
ir080312.0200,GX 354-0,17:31:58.7,-33:50:22,2008-03-13,06:42:56.6,2454538.7798,40.0,1.62,K,K,,,,missingreplog_GX354-0.csv,,,Data replog,,,GX354-0,True,IR
ir080312.0199,GX 354-0,17:31:58.6,-33:50:22,2008-03-13,06:42:00.2,2454538.7792,40.0,1.63,K,K,,,,missingreplog_GX354-0.csv,,,Data replog,,,GX354-0,True,IR
ir080312.0197,GX 354-0,17:31:58.6,-33:50:22,2008-03-13,06:40:08.1,2454538.7779,40.0,1.64,K,K,,,,missingreplog_GX354-0.csv,,,Data replog,,,GX354-0,True,IR
ir070916.0039,GX 354-0,17:31:57.7,-33:49:59,2007-09-16,23:58:18.4,2454360.4988,40.0,1.05,K,K,,,,missingreplog_GX354-0.csv,,,Data replog,,,GX354-0,True,IR
ir080312.0196,GX 354-0,17:31:58.6,-33:50:22,2008-03-13,06:39:12.1,2454538.7772,40.0,1.65,K,K,,,,missingreplog_GX354-0.csv,,,Data replog,,,GX354-0,True,IR
ir080312.0195,GX 354-0,17:31:58.5,-33:50:22,2008-03-13,06:38:16.0,2454538.7766,40.0,1.65,K,K,,,,missingreplog_GX354-0.csv,,,Data replog,,,GX354-0,True,IR
ir080312.0194,GX 354-0,17:31:58.5,-33:50:22,2008-03-13,06:37:19.8,2454538.7759,40.0,1.66,K,K,,,,missingreplog_GX354-0.csv,,,Data replog,,,GX354-0,True,IR
ir080312.0193,GX 354-0,17:31:58.5,-33:50:22,2008-03-13,06:36:23.9,2454538.7753,40.0,1.67,K,K,,,,missingreplog_GX354-0.csv,,,Data replog,,,GX354-0,True,IR
ir080312.0192,GX 354-0,17:31:58.5,-33:50:22,2008-03-13,06:35:27.7,2454538.7746,40.0,1.68,K,K,,,,missingreplog_GX354-0.csv,,,Data replog,,,GX354-0,True,IR
ir080312.0191,GX 354-0,17:31:58.5,-33:50:23,2008-03-13,06:34:31.5,2454538.774,40.0,1.68,K,K,,,,missingreplog_GX354-0.csv,,,Data replog,,,GX354-0,True,IR
ir080312.0190,GX 354-0,17:31:58.4,-33:50:22,2008-03-13,06:33:35.3,2454538.7733,40.0,1.69,K,K,,,,missingreplog_GX354-0.csv,,,Data replog,,,GX354-0,True,IR
ir080312.0189,GX 354-0,17:31:58.4,-33:50:23,2008-03-13,06:32:39.5,2454538.7727,40.0,1.7,K,K,,,,missingreplog_GX354-0.csv,,,Data replog,,,GX354-0,True,IR
ir080312.0188,GX 354-0,17:31:58.4,-33:50:23,2008-03-13,06:31:43.3,2454538.772,40.0,1.71,K,K,,,,missingreplog_GX354-0.csv,,,Data replog,,,GX354-0,True,IR
ir080312.0187,GX 354-0,17:31:58.3,-33:50:23,2008-03-13,06:30:47.0,2454538.7714,40.0,1.71,K,K,,,,missingreplog_GX354-0.csv,,,Data replog,,,GX354-0,True,IR
ir080312.0186,GX 354-0,17:31:58.3,-33:50:23,2008-03-13,06:29:51.2,2454538.7707,40.0,1.72,K,K,,,,missingreplog_GX354-0.csv,,,Data replog,,,GX354-0,True,IR
ir080313.0223,GX 354-0,17:31:57.2,-33:50:07,2008-03-14,06:37:38.2,2454539.7761,40.0,1.63,K,K,,,,missingreplog_GX354-0.csv,,,Data replog,,,GX354-0,True,IR
ir080313.0224,GX 354-0,17:31:57.2,-33:50:07,2008-03-14,06:38:34.5,2454539.7768,40.0,1.62,K,K,,,,missingreplog_GX354-0.csv,,,Data replog,,,GX354-0,True,IR
ir080313.0225,GX 354-0,17:31:57.2,-33:50:07,2008-03-14,06:39:31.0,2454539.7774,40.0,1.62,K,K,,,,missingreplog_GX354-0.csv,,,Data replog,,,GX354-0,True,IR
ir080313.0226,GX 354-0,17:31:57.3,-33:50:07,2008-03-14,06:40:27.4,2454539.7781,40.0,1.61,K,K,,,,missingreplog_GX354-0.csv,,,Data replog,,,GX354-0,True,IR
ir080314.0155,GX 354-0,17:31:55.8,-33:50:17,2008-03-15,06:14:54.0,2454540.7604,40.0,1.78,K,K,,,,missingreplog_GX354-0.csv,,,Data replog,,,GX354-0,True,IR
ir080314.0154,GX 354-0,17:31:55.7,-33:50:17,2008-03-15,06:13:57.7,2454540.7597,40.0,1.79,K,K,,,,missingreplog_GX354-0.csv,,,Data replog,,,GX354-0,True,IR
ir080314.0153,GX 354-0,17:31:55.7,-33:50:17,2008-03-15,06:13:01.4,2454540.759,40.0,1.8,K,K,,,,missingreplog_GX354-0.csv,,,Data replog,,,GX354-0,True,IR
ir080314.0152,GX 354-0,17:31:55.7,-33:50:17,2008-03-15,06:12:05.4,2454540.7584,40.0,1.81,K,K,,,,missingreplog_GX354-0.csv,,,Data replog,,,GX354-0,True,IR
ir080314.0151,GX 354-0,17:31:55.7,-33:50:18,2008-03-15,06:11:09.1,2454540.7577,40.0,1.82,K,K,,,,missingreplog_GX354-0.csv,,,Data replog,,,GX354-0,True,IR
ir080314.0150,GX 354-0,17:31:55.6,-33:50:18,2008-03-15,06:10:12.8,2454540.7571,40.0,1.83,K,K,,,,missingreplog_GX354-0.csv,,,Data replog,,,GX354-0,True,IR
ir080314.0149,GX 354-0,17:31:55.6,-33:50:18,2008-03-15,06:09:16.8,2454540.7565,40.0,1.84,K,K,,,,missingreplog_GX354-0.csv,,,Data replog,,,GX354-0,True,IR
ir080314.0148,GX 354-0,17:31:55.5,-33:50:18,2008-03-15,06:08:20.9,2454540.7558,40.0,1.85,K,K,,,,missingreplog_GX354-0.csv,,,Data replog,,,GX354-0,True,IR
ir080314.0147,GX 354-0,17:31:55.5,-33:50:19,2008-03-15,06:07:24.7,2454540.7552,40.0,1.86,K,K,,,,missingreplog_GX354-0.csv,,,Data replog,,,GX354-0,True,IR
ir080314.0146,GX 354-0,17:31:55.5,-33:50:19,2008-03-15,06:06:28.5,2454540.7545,40.0,1.87,K,K,,,,missingreplog_GX354-0.csv,,,Data replog,,,GX354-0,True,IR
ir080314.0145,GX 354-0,17:31:55.4,-33:50:19,2008-03-15,06:05:32.4,2454540.7538,40.0,1.88,K,K,,,,missingreplog_GX354-0.csv,,,Data replog,,,GX354-0,True,IR
ir080314.0144,GX 354-0,17:31:55.4,-33:50:19,2008-03-15,06:04:36.2,2454540.7532,40.0,1.89,K,K,,,,missingreplog_GX354-0.csv,,,Data replog,,,GX354-0,True,IR
ir080314.0143,GX 354-0,17:31:55.4,-33:50:20,2008-03-15,06:03:39.9,2454540.7525,40.0,1.9,K,K,,,,missingreplog_GX354-0.csv,,,Data replog,,,GX354-0,True,IR
ir080314.0142,GX 354-0,17:31:55.4,-33:50:20,2008-03-15,06:02:44.0,2454540.7519,40.0,1.91,K,K,,,,missingreplog_GX354-0.csv,,,Data replog,,,GX354-0,True,IR
ir080313.0235,GX 354-0,17:31:57.5,-33:50:06,2008-03-14,06:48:54.5,2454539.784,40.0,1.55,K,K,,,,missingreplog_GX354-0.csv,,,Data replog,,,GX354-0,True,IR
ir080313.0234,GX 354-0,17:31:57.5,-33:50:06,2008-03-14,06:47:58.1,2454539.7833,40.0,1.56,K,K,,,,missingreplog_GX354-0.csv,,,Data replog,,,GX354-0,True,IR
ir080313.0233,GX 354-0,17:31:57.5,-33:50:06,2008-03-14,06:47:02.0,2454539.7827,40.0,1.56,K,K,,,,missingreplog_GX354-0.csv,,,Data replog,,,GX354-0,True,IR
ir080313.0232,GX 354-0,17:31:57.4,-33:50:06,2008-03-14,06:46:05.6,2454539.782,40.0,1.57,K,K,,,,missingreplog_GX354-0.csv,,,Data replog,,,GX354-0,True,IR
ir080313.0231,GX 354-0,17:31:57.4,-33:50:06,2008-03-14,06:45:09.1,2454539.7813,40.0,1.58,K,K,,,,missingreplog_GX354-0.csv,,,Data replog,,,GX354-0,True,IR
ir080313.0230,GX 354-0,17:31:57.4,-33:50:06,2008-03-14,06:44:12.9,2454539.7807,40.0,1.58,K,K,,,,missingreplog_GX354-0.csv,,,Data replog,,,GX354-0,True,IR
ir080313.0229,GX 354-0,17:31:57.3,-33:50:07,2008-03-14,06:43:16.5,2454539.7801,40.0,1.59,K,K,,,,missingreplog_GX354-0.csv,,,Data replog,,,GX354-0,True,IR
ir080313.0228,GX 354-0,17:31:57.3,-33:50:06,2008-03-14,06:42:20.0,2454539.7794,40.0,1.6,K,K,,,,missingreplog_GX354-0.csv,,,Data replog,,,GX354-0,True,IR
ir080313.0227,GX 354-0,17:31:57.3,-33:50:07,2008-03-14,06:41:23.7,2454539.7788,40.0,1.6,K,K,,,,missingreplog_GX354-0.csv,,,Data replog,,,GX354-0,True,IR
ir080312.0185,GX 354-0,17:31:58.3,-33:50:23,2008-03-13,06:28:54.9,2454538.7701,40.0,1.73,K,K,,,,missingreplog_GX354-0.csv,,,Data replog,,,GX354-0,True,IR
ir080312.0184,GX 354-0,17:31:58.3,-33:50:23,2008-03-13,06:27:58.7,2454538.7694,40.0,1.74,K,K,,,,missingreplog_GX354-0.csv,,,Data replog,,,GX354-0,True,IR
ir080312.0183,GX 354-0,17:31:58.3,-33:50:23,2008-03-13,06:27:02.8,2454538.7688,40.0,1.75,K,K,,,,missingreplog_GX354-0.csv,,,Data replog,,,GX354-0,True,IR
ir070917.0055,GX 354-0,17:31:58.0,-33:49:54,2007-09-18,00:26:52.8,2454361.5187,40.0,1.1,K,K,,,,missingreplog_GX354-0.csv,,,Data replog,,,GX354-0,True,IR
ir070917.0053,GX 354-0,17:31:58.1,-33:49:54,2007-09-18,00:25:00.4,2454361.5174,40.0,1.1,K,K,,,,missingreplog_GX354-0.csv,,,Data replog,,,GX354-0,True,IR
ir070917.0052,GX 354-0,17:31:58.1,-33:49:55,2007-09-18,00:22:58.4,2454361.5159,40.0,1.1,K,K,,,,missingreplog_GX354-0.csv,,,Data replog,,,GX354-0,True,IR
ir070917.0051,GX 354-0,17:31:58.1,-33:49:55,2007-09-18,00:22:58.4,2454361.5159,40.0,1.1,K,K,,,,missingreplog_GX354-0.csv,,,Data replog,,,GX354-0,True,IR
ir070917.0050,GX 354-0,17:31:58.0,-33:49:54,2007-09-18,00:22:02.1,2454361.5153,40.0,1.1,K,K,,,,missingreplog_GX354-0.csv,,,Data replog,,,GX354-0,True,IR
ir070917.0049,GX 354-0,17:31:58.0,-33:49:54,2007-09-18,00:21:06.0,2454361.5146,40.0,1.09,K,K,,,,missingreplog_GX354-0.csv,,,Data replog,,,GX354-0,True,IR
ir070917.0048,GX 354-0,17:31:58.0,-33:49:54,2007-09-18,00:20:09.9,2454361.514,40.0,1.09,K,K,,,,missingreplog_GX354-0.csv,,,Data replog,,,GX354-0,True,IR
ir070917.0047,GX 354-0,17:31:58.0,-33:49:54,2007-09-18,00:19:13.8,2454361.5134,40.0,1.09,K,K,,,,missingreplog_GX354-0.csv,,,Data replog,,,GX354-0,True,IR
ir070917.0046,GX 354-0,17:31:58.0,-33:49:55,2007-09-18,00:18:17.6,2454361.5127,40.0,1.09,K,K,,,,missingreplog_GX354-0.csv,,,Data replog,,,GX354-0,True,IR
ir070917.0045,GX 354-0,17:31:58.0,-33:49:54,2007-09-18,00:17:21.8,2454361.5121,40.0,1.09,K,K,,,,missingreplog_GX354-0.csv,,,Data replog,,,GX354-0,True,IR
ir070917.0044,GX 354-0,17:31:57.9,-33:49:54,2007-09-18,00:16:25.6,2454361.5114,40.0,1.09,K,K,,,,missingreplog_GX354-0.csv,,,Data replog,,,GX354-0,True,IR
ir070917.0043,GX 354-0,17:31:58.0,-33:49:54,2007-09-18,00:15:29.3,2454361.5107,40.0,1.08,K,K,,,,missingreplog_GX354-0.csv,,,Data replog,,,GX354-0,True,IR
ir070917.0042,GX 354-0,17:31:58.0,-33:49:55,2007-09-18,00:14:33.2,2454361.5101,40.0,1.08,K,K,,,,missingreplog_GX354-0.csv,,,Data replog,,,GX354-0,True,IR
ir070916.0050,GX 354-0,17:31:57.7,-33:49:59,2007-09-17,00:08:45.8,2454360.5061,40.0,1.07,K,K,,,,missingreplog_GX354-0.csv,,,Data replog,,,GX354-0,True,IR
ir070916.0049,GX 354-0,17:31:57.7,-33:49:59,2007-09-17,00:07:49.5,2454360.5054,40.0,1.07,K,K,,,,missingreplog_GX354-0.csv,,,Data replog,,,GX354-0,True,IR
ir070916.0048,GX 354-0,17:31:57.7,-33:49:58,2007-09-17,00:06:53.6,2454360.5048,40.0,1.07,K,K,,,,missingreplog_GX354-0.csv,,,Data replog,,,GX354-0,True,IR
ir070916.0047,GX 354-0,17:31:57.7,-33:49:59,2007-09-17,00:05:57.4,2454360.5041,40.0,1.06,K,K,,,,missingreplog_GX354-0.csv,,,Data replog,,,GX354-0,True,IR
ir070916.0046,GX 354-0,17:31:57.7,-33:49:58,2007-09-17,00:05:00.8,2454360.5035,40.0,1.06,K,K,,,,missingreplog_GX354-0.csv,,,Data replog,,,GX354-0,True,IR
ir070916.0045,GX 354-0,17:31:57.7,-33:49:58,2007-09-17,00:04:04.9,2454360.5028,40.0,1.06,K,K,,,,missingreplog_GX354-0.csv,,,Data replog,,,GX354-0,True,IR
ir070916.0044,GX 354-0,17:31:57.7,-33:49:58,2007-09-17,00:03:08.9,2454360.5022,40.0,1.06,K,K,,,,missingreplog_GX354-0.csv,,,Data replog,,,GX354-0,True,IR
ir070916.0043,GX 354-0,17:31:57.7,-33:49:58,2007-09-17,00:02:12.7,2454360.5015,40.0,1.06,K,K,,,,missingreplog_GX354-0.csv,,,Data replog,,,GX354-0,True,IR
ir070916.0042,GX 354-0,17:31:57.7,-33:49:58,2007-09-17,00:01:16.3,2454360.5009,40.0,1.06,K,K,,,,missingreplog_GX354-0.csv,,,Data replog,,,GX354-0,True,IR
ir070916.0041,GX 354-0,17:31:57.7,-33:49:58,2007-09-17,00:00:20.5,2454360.5002,40.0,1.06,K,K,,,,missingreplog_GX354-0.csv,,,Data replog,,,GX354-0,True,IR
ir070916.0040,GX 354-0,17:31:57.7,-33:49:59,2007-09-16,23:58:18.4,2454360.4988,40.0,1.05,K,K,,,,missingreplog_GX354-0.csv,,,Data replog,,,GX354-0,True,IR
ir070917.0054,GX 354-0,17:31:58.0,-33:49:54,2007-09-18,00:25:56.7,2454361.518,40.0,1.1,K,K,,,,missingreplog_GX354-0.csv,,,Data replog,,,GX354-0,True,IR
ir070917.0056,GX 354-0,17:31:58.1,-33:49:55,2007-09-18,00:27:49.0,2454361.5193,40.0,1.11,K,K,,,,missingreplog_GX354-0.csv,,,Data replog,,,GX354-0,True,IR
ir070925.0054,GX 354-0,17:31:57.5,-33:49:58,2007-09-26,00:14:29.4,2454369.5101,40.0,1.14,K,K,,,,missingreplog_GX354-0.csv,,,Data replog,,,GX354-0,True,IR
ir070917.0057,GX 354-0,17:31:58.1,-33:49:55,2007-09-18,00:28:44.8,2454361.52,40.0,1.11,K,K,,,,missingreplog_GX354-0.csv,,,Data replog,,,GX354-0,True,IR
ir070925.0053,GX 354-0,17:31:57.5,-33:49:58,2007-09-26,00:13:33.1,2454369.5094,40.0,1.14,K,K,,,,missingreplog_GX354-0.csv,,,Data replog,,,GX354-0,True,IR
ir070925.0052,GX 354-0,17:31:57.5,-33:49:57,2007-09-26,00:10:24.8,2454369.5072,40.0,1.14,K,K,,,,missingreplog_GX354-0.csv,,,Data replog,,,GX354-0,True,IR
ir070925.0051,GX 354-0,17:31:57.5,-33:49:57,2007-09-26,00:10:24.8,2454369.5072,40.0,1.14,K,K,,,,missingreplog_GX354-0.csv,,,Data replog,,,GX354-0,True,IR
ir070925.0050,GX 354-0,17:31:57.5,-33:49:57,2007-09-26,00:10:24.8,2454369.5072,40.0,1.14,K,K,,,,missingreplog_GX354-0.csv,,,Data replog,,,GX354-0,True,IR
ir070925.0049,GX 354-0,17:31:57.5,-33:49:57,2007-09-26,00:09:28.6,2454369.5066,40.0,1.13,K,K,,,,missingreplog_GX354-0.csv,,,Data replog,,,GX354-0,True,IR
ir070925.0048,GX 354-0,17:31:57.5,-33:49:56,2007-09-26,00:08:32.2,2454369.5059,40.0,1.13,K,K,,,,missingreplog_GX354-0.csv,,,Data replog,,,GX354-0,True,IR
ir070925.0047,GX 354-0,17:31:57.4,-33:49:57,2007-09-26,00:07:35.8,2454369.5053,40.0,1.13,K,K,,,,missingreplog_GX354-0.csv,,,Data replog,,,GX354-0,True,IR
ir070925.0046,GX 354-0,17:31:57.4,-33:49:56,2007-09-26,00:06:39.6,2454369.5046,40.0,1.13,K,K,,,,missingreplog_GX354-0.csv,,,Data replog,,,GX354-0,True,IR
ir070925.0045,GX 354-0,17:31:57.4,-33:49:56,2007-09-26,00:05:43.2,2454369.504,40.0,1.12,K,K,,,,missingreplog_GX354-0.csv,,,Data replog,,,GX354-0,True,IR
ir070925.0044,GX 354-0,17:31:57.4,-33:49:56,2007-09-26,00:04:46.7,2454369.5033,40.0,1.12,K,K,,,,missingreplog_GX354-0.csv,,,Data replog,,,GX354-0,True,IR
ir070925.0043,GX 354-0,17:31:57.4,-33:49:56,2007-09-26,00:03:50.0,2454369.5027,40.0,1.12,K,K,,,,missingreplog_GX354-0.csv,,,Data replog,,,GX354-0,True,IR
ir070925.0042,GX 354-0,17:31:57.4,-33:49:56,2007-09-26,00:02:54.0,2454369.502,40.0,1.12,K,K,,,,missingreplog_GX354-0.csv,,,Data replog,,,GX354-0,True,IR
ir070925.0041,GX 354-0,17:31:57.4,-33:49:56,2007-09-26,00:01:58.1,2454369.5014,40.0,1.12,K,K,,,,missingreplog_GX354-0.csv,,,Data replog,,,GX354-0,True,IR
ir070925.0040,GX 354-0,17:31:57.4,-33:49:56,2007-09-26,00:01:01.9,2454369.5007,40.0,1.12,K,K,,,,missingreplog_GX354-0.csv,,,Data replog,,,GX354-0,True,IR
ir070925.0039,GX 354-0,17:31:57.4,-33:49:55,2007-09-26,00:00:05.6,2454369.5001,40.0,1.11,K,K,,,,missingreplog_GX354-0.csv,,,Data replog,,,GX354-0,True,IR
ir070925.0038,GX 354-0,17:31:57.3,-33:49:55,2007-09-25,23:59:09.5,2454369.4994,40.0,1.11,K,K,,,,missingreplog_GX354-0.csv,,,Data replog,,,GX354-0,True,IR
ir070925.0037,GX 354-0,17:31:57.3,-33:49:55,2007-09-25,23:58:13.2,2454369.4988,40.0,1.11,K,K,,,,missingreplog_GX354-0.csv,,,Data replog,,,GX354-0,True,IR
ir070925.0036,GX 354-0,17:31:57.3,-33:49:55,2007-09-25,23:57:16.7,2454369.4981,40.0,1.11,K,K,,,,missingreplog_GX354-0.csv,,,Data replog,,,GX354-0,True,IR
ir070925.0035,GX 354-0,17:31:57.3,-33:49:55,2007-09-25,23:56:20.6,2454369.4975,40.0,1.11,K,K,,,,missingreplog_GX354-0.csv,,,Data replog,,,GX354-0,True,IR
ir070917.0061,GX 354-0,17:31:58.1,-33:49:55,2007-09-18,00:32:29.1,2454361.5226,40.0,1.12,K,K,,,,missingreplog_GX354-0.csv,,,Data replog,,,GX354-0,True,IR
ir070917.0060,GX 354-0,17:31:58.1,-33:49:55,2007-09-18,00:31:33.1,2454361.5219,40.0,1.11,K,K,,,,missingreplog_GX354-0.csv,,,Data replog,,,GX354-0,True,IR
ir070917.0059,GX 354-0,17:31:58.1,-33:49:55,2007-09-18,00:30:37.2,2454361.5213,40.0,1.11,K,K,,,,missingreplog_GX354-0.csv,,,Data replog,,,GX354-0,True,IR
ir070917.0058,GX 354-0,17:31:58.1,-33:49:55,2007-09-18,00:29:41.0,2454361.5206,40.0,1.11,K,K,,,,missingreplog_GX354-0.csv,,,Data replog,,,GX354-0,True,IR
binir080407.0162.fits,GX 354-0,17:31:57.71,-33:50:00.9,2008-04-08,05:30:35.249,2454564.72959,40.04,1.43,I,K,1210,1908,1980,IR_CD_header_logs/LOG_GX 354-0.20080313thru20080408.csv,IR_CD_header_logs/,GX 354-0,CD,YALE-03A-0001,,GX354-0,True,IR
binir080407.0173.fits,GX 354-0,17:31:57.68,-33:50:00.7,2008-04-08,05:40:54.203,2454564.73675,40.04,1.38,I,K,1250,1868,1980,IR_CD_header_logs/LOG_GX 354-0.20080313thru20080408.csv,IR_CD_header_logs/,GX 354-0,CD,YALE-03A-0001,,GX354-0,True,IR
binir080407.0172.fits,GX 354-0,17:31:57.70,-33:50:00.4,2008-04-08,05:39:57.948,2454564.7361,40.04,1.39,I,K,1210,1828,2060,IR_CD_header_logs/LOG_GX 354-0.20080313thru20080408.csv,IR_CD_header_logs/,GX 354-0,CD,YALE-03A-0001,,GX354-0,True,IR
binir080313.0216.fits,GX 354-0,17:31:57.16,-33:50:06.8,2008-03-14,06:31:03.564,2454539.77157,40.04,1.68,V,K,1210,1868,2020,IR_CD_header_logs/LOG_GX 354-0.20080313thru20080408.csv,IR_CD_header_logs/,GX 354-0,CD,YALE-03A-0001,,GX354-0,True,IR
binir080314.0147.fits,GX 354-0,17:31:55.55,-33:50:19.0,2008-03-15,06:07:24.729,2454540.75515,40.04,1.86,I,K,1250,1868,1980,IR_CD_header_logs/LOG_GX 354-0.20080313thru20080408.csv,IR_CD_header_logs/,GX 354-0,CD,YALE-03A-0001,,GX354-0,True,IR
binir080314.0148.fits,GX 354-0,17:31:55.57,-33:50:18.7,2008-03-15,06:08:20.906,2454540.7558,40.04,1.85,I,K,1170,1908,2020,IR_CD_header_logs/LOG_GX 354-0.20080313thru20080408.csv,IR_CD_header_logs/,GX 354-0,CD,YALE-03A-0001,,GX354-0,True,IR
binir080314.0149.fits,GX 354-0,17:31:55.63,-33:50:18.4,2008-03-15,06:09:16.848,2454540.75645,40.04,1.84,I,K,1210,1868,2020,IR_CD_header_logs/LOG_GX 354-0.20080313thru20080408.csv,IR_CD_header_logs/,GX 354-0,CD,YALE-03A-0001,,GX354-0,True,IR
binir080314.0151.fits,GX 354-0,17:31:55.71,-33:50:18.0,2008-03-15,06:11:09.197,2454540.75774,40.04,1.82,I,K,1170,1868,2060,IR_CD_header_logs/LOG_GX 354-0.20080313thru20080408.csv,IR_CD_header_logs/,GX 354-0,CD,YALE-03A-0001,,GX354-0,True,IR
binir080314.0161.fits,GX 354-0,17:31:55.96,-33:50:16.7,2008-03-15,06:20:31.123,2454540.76425,40.04,1.73,I,K,1250,1868,1980,IR_CD_header_logs/LOG_GX 354-0.20080313thru20080408.csv,IR_CD_header_logs/,GX 354-0,CD,YALE-03A-0001,,GX354-0,True,IR
binir080314.0153.fits,GX 354-0,17:31:55.75,-33:50:17.6,2008-03-15,06:13:01.461,2454540.75905,40.04,1.8,I,K,1210,1828,2060,IR_CD_header_logs/LOG_GX 354-0.20080313thru20080408.csv,IR_CD_header_logs/,GX 354-0,CD,YALE-03A-0001,,GX354-0,True,IR
binir080314.0154.fits,GX 354-0,17:31:55.79,-33:50:17.4,2008-03-15,06:13:57.722,2454540.7597,40.04,1.79,I,K,1250,1868,1980,IR_CD_header_logs/LOG_GX 354-0.20080313thru20080408.csv,IR_CD_header_logs/,GX 354-0,CD,YALE-03A-0001,,GX354-0,True,IR
binir080314.0155.fits,GX 354-0,17:31:55.81,-33:50:17.3,2008-03-15,06:14:54.052,2454540.76035,40.04,1.78,I,K,1170,1908,2020,IR_CD_header_logs/LOG_GX 354-0.20080313thru20080408.csv,IR_CD_header_logs/,GX 354-0,CD,YALE-03A-0001,,GX354-0,True,IR
binir080314.0156.fits,GX 354-0,17:31:55.85,-33:50:17.4,2008-03-15,06:15:50.079,2454540.761,40.04,1.78,I,K,1210,1868,2020,IR_CD_header_logs/LOG_GX 354-0.20080313thru20080408.csv,IR_CD_header_logs/,GX 354-0,CD,YALE-03A-0001,,GX354-0,True,IR
binir080314.0157.fits,GX 354-0,17:31:55.88,-33:50:17.0,2008-03-15,06:16:46.069,2454540.76165,40.04,1.77,I,K,1210,1908,1980,IR_CD_header_logs/LOG_GX 354-0.20080313thru20080408.csv,IR_CD_header_logs/,GX 354-0,CD,YALE-03A-0001,,GX354-0,True,IR
binir080314.0158.fits,GX 354-0,17:31:55.91,-33:50:17.0,2008-03-15,06:17:42.387,2454540.7623,40.05,1.76,I,K,1170,1868,2060,IR_CD_header_logs/LOG_GX 354-0.20080313thru20080408.csv,IR_CD_header_logs/,GX 354-0,CD,YALE-03A-0001,,GX354-0,True,IR
binir080314.0159.fits,GX 354-0,17:31:55.94,-33:50:16.9,2008-03-15,06:18:38.920,2454540.76295,40.04,1.75,I,K,1250,1828,2020,IR_CD_header_logs/LOG_GX 354-0.20080313thru20080408.csv,IR_CD_header_logs/,GX 354-0,CD,YALE-03A-0001,,GX354-0,True,IR
binir080314.0160.fits,GX 354-0,17:31:55.96,-33:50:16.7,2008-03-15,06:19:34.882,2454540.7636,40.04,1.74,I,K,1210,1828,2060,IR_CD_header_logs/LOG_GX 354-0.20080313thru20080408.csv,IR_CD_header_logs/,GX 354-0,CD,YALE-03A-0001,,GX354-0,True,IR
binir080314.0152.fits,GX 354-0,17:31:55.73,-33:50:17.9,2008-03-15,06:12:05.494,2454540.7584,40.04,1.81,I,K,1250,1828,2020,IR_CD_header_logs/LOG_GX 354-0.20080313thru20080408.csv,IR_CD_header_logs/,GX 354-0,CD,YALE-03A-0001,,GX354-0,True,IR
binir080313.0225.fits,GX 354-0,17:31:57.29,-33:50:07.3,2008-03-14,06:39:31.082,2454539.77744,40.04,1.62,V,K,1170,1868,2060,IR_CD_header_logs/LOG_GX 354-0.20080313thru20080408.csv,IR_CD_header_logs/,GX 354-0,CD,YALE-03A-0001,,GX354-0,True,IR
binir080313.0223.fits,GX 354-0,17:31:57.25,-33:50:07.4,2008-03-14,06:37:38.255,2454539.77614,40.04,1.63,V,K,1210,1868,2020,IR_CD_header_logs/LOG_GX 354-0.20080313thru20080408.csv,IR_CD_header_logs/,GX 354-0,CD,YALE-03A-0001,,GX354-0,True,IR
binir080313.0222.fits,GX 354-0,17:31:57.23,-33:50:07.4,2008-03-14,06:36:41.952,2454539.77548,40.04,1.64,V,K,1170,1908,2020,IR_CD_header_logs/LOG_GX 354-0.20080313thru20080408.csv,IR_CD_header_logs/,GX 354-0,CD,YALE-03A-0001,,GX354-0,True,IR
binir080314.0146.fits,GX 354-0,17:31:55.50,-33:50:19.3,2008-03-15,06:06:28.507,2454540.7545,40.04,1.87,I,K,1210,1828,2060,IR_CD_header_logs/LOG_GX 354-0.20080313thru20080408.csv,IR_CD_header_logs/,GX 354-0,CD,YALE-03A-0001,,GX354-0,True,IR
binir080314.0145.fits,GX 354-0,17:31:55.47,-33:50:19.7,2008-03-15,06:05:32.488,2454540.75385,40.04,1.88,I,K,1250,1828,2020,IR_CD_header_logs/LOG_GX 354-0.20080313thru20080408.csv,IR_CD_header_logs/,GX 354-0,CD,YALE-03A-0001,,GX354-0,True,IR
binir080314.0144.fits,GX 354-0,17:31:55.43,-33:50:19.7,2008-03-15,06:04:36.254,2454540.7532,40.04,1.89,I,K,1170,1868,2060,IR_CD_header_logs/LOG_GX 354-0.20080313thru20080408.csv,IR_CD_header_logs/,GX 354-0,CD,YALE-03A-0001,,GX354-0,True,IR
binir080318.0208.fits,GX 354-0,17:31:58.08,-33:50:05.8,2008-03-19,06:14:31.179,2454544.76008,40.04,1.66,I,K,1210,1828,2060,IR_CD_header_logs/LOG_GX 354-0.20080313thru20080408.csv,IR_CD_header_logs/,GX 354-0,CD,YALE-03A-0001,,GX354-0,True,IR
binir080318.0192.fits,GX 354-0,17:31:57.75,-33:50:06.4,2008-03-19,05:59:31.984,2454544.74967,40.04,1.78,I,K,1170,1868,2060,IR_CD_header_logs/LOG_GX 354-0.20080313thru20080408.csv,IR_CD_header_logs/,GX 354-0,CD,YALE-03A-0001,,GX354-0,True,IR
binir080318.0191.fits,GX 354-0,17:31:57.76,-33:50:06.5,2008-03-19,05:58:35.566,2454544.74902,40.04,1.79,I,K,1210,1908,1980,IR_CD_header_logs/LOG_GX 354-0.20080313thru20080408.csv,IR_CD_header_logs/,GX 354-0,CD,YALE-03A-0001,,GX354-0,True,IR
binir080318.0190.fits,GX 354-0,17:31:57.74,-33:50:06.4,2008-03-19,05:57:39.577,2454544.74837,40.04,1.8,I,K,1210,1868,2020,IR_CD_header_logs/LOG_GX 354-0.20080313thru20080408.csv,IR_CD_header_logs/,GX 354-0,CD,YALE-03A-0001,,GX354-0,True,IR
binir080318.0198.fits,GX 354-0,17:31:57.88,-33:50:06.3,2008-03-19,06:05:09.218,2454544.75358,40.04,1.73,I,K,1210,1908,1980,IR_CD_header_logs/LOG_GX 354-0.20080313thru20080408.csv,IR_CD_header_logs/,GX 354-0,CD,YALE-03A-0001,,GX354-0,True,IR
binir080318.0209.fits,GX 354-0,17:31:58.12,-33:50:06.0,2008-03-19,06:15:27.574,2454544.76074,40.05,1.65,I,K,1250,1868,1980,IR_CD_header_logs/LOG_GX 354-0.20080313thru20080408.csv,IR_CD_header_logs/,GX 354-0,CD,YALE-03A-0001,,GX354-0,True,IR
binir080318.0200.fits,GX 354-0,17:31:57.92,-33:50:06.3,2008-03-19,06:07:01.976,2454544.75488,40.04,1.72,I,K,1250,1828,2020,IR_CD_header_logs/LOG_GX 354-0.20080313thru20080408.csv,IR_CD_header_logs/,GX 354-0,CD,YALE-03A-0001,,GX354-0,True,IR
binir080318.0205.fits,GX 354-0,17:31:58.05,-33:50:06.1,2008-03-19,06:11:42.491,2454544.75813,40.04,1.68,I,K,1210,1908,1980,IR_CD_header_logs/LOG_GX 354-0.20080313thru20080408.csv,IR_CD_header_logs/,GX 354-0,CD,YALE-03A-0001,,GX354-0,True,IR
binir080318.0207.fits,GX 354-0,17:31:58.07,-33:50:06.0,2008-03-19,06:13:35.014,2454544.75943,40.04,1.66,I,K,1250,1828,2020,IR_CD_header_logs/LOG_GX 354-0.20080313thru20080408.csv,IR_CD_header_logs/,GX 354-0,CD,YALE-03A-0001,,GX354-0,True,IR
binir080314.0143.fits,GX 354-0,17:31:55.41,-33:50:20.0,2008-03-15,06:03:39.929,2454540.75255,40.04,1.9,I,K,1210,1908,1980,IR_CD_header_logs/LOG_GX 354-0.20080313thru20080408.csv,IR_CD_header_logs/,GX 354-0,CD,YALE-03A-0001,,GX354-0,True,IR
binir080318.0206.fits,GX 354-0,17:31:58.05,-33:50:05.9,2008-03-19,06:12:38.711,2454544.75878,40.04,1.67,I,K,1170,1868,2060,IR_CD_header_logs/LOG_GX 354-0.20080313thru20080408.csv,IR_CD_header_logs/,GX 354-0,CD,YALE-03A-0001,,GX354-0,True,IR
binir080318.0201.fits,GX 354-0,17:31:57.94,-33:50:06.2,2008-03-19,06:07:57.963,2454544.75553,40.04,1.71,I,K,1210,1828,2060,IR_CD_header_logs/LOG_GX 354-0.20080313thru20080408.csv,IR_CD_header_logs/,GX 354-0,CD,YALE-03A-0001,,GX354-0,True,IR
binir080318.0204.fits,GX 354-0,17:31:58.02,-33:50:06.0,2008-03-19,06:10:46.625,2454544.75748,40.04,1.69,I,K,1210,1868,2020,IR_CD_header_logs/LOG_GX 354-0.20080313thru20080408.csv,IR_CD_header_logs/,GX 354-0,CD,YALE-03A-0001,,GX354-0,True,IR
binir080318.0203.fits,GX 354-0,17:31:57.98,-33:50:06.0,2008-03-19,06:09:50.593,2454544.75684,40.04,1.69,I,K,1170,1908,2020,IR_CD_header_logs/LOG_GX 354-0.20080313thru20080408.csv,IR_CD_header_logs/,GX 354-0,CD,YALE-03A-0001,,GX354-0,True,IR
binir080318.0202.fits,GX 354-0,17:31:57.97,-33:50:06.1,2008-03-19,06:08:54.312,2454544.75618,40.04,1.7,I,K,1250,1868,1980,IR_CD_header_logs/LOG_GX 354-0.20080313thru20080408.csv,IR_CD_header_logs/,GX 354-0,CD,YALE-03A-0001,,GX354-0,True,IR
binir080314.0150.fits,GX 354-0,17:31:55.66,-33:50:18.2,2008-03-15,06:10:12.811,2454540.75709,40.04,1.83,I,K,1210,1908,1980,IR_CD_header_logs/LOG_GX 354-0.20080313thru20080408.csv,IR_CD_header_logs/,GX 354-0,CD,YALE-03A-0001,,GX354-0,True,IR
binir080314.0142.fits,GX 354-0,17:31:55.40,-33:50:20.3,2008-03-15,06:02:44.050,2454540.7519,40.04,1.91,I,K,1210,1868,2020,IR_CD_header_logs/LOG_GX 354-0.20080313thru20080408.csv,IR_CD_header_logs/,GX 354-0,CD,YALE-03A-0001,,GX354-0,True,IR
binir080313.0221.fits,GX 354-0,17:31:57.29,-33:50:07.4,2008-03-14,06:35:45.549,2454539.77483,40.04,1.64,V,K,1250,1868,1980,IR_CD_header_logs/LOG_GX 354-0.20080313thru20080408.csv,IR_CD_header_logs/,GX 354-0,CD,YALE-03A-0001,,GX354-0,True,IR
binir080313.0220.fits,GX 354-0,17:31:57.20,-33:50:07.2,2008-03-14,06:34:49.088,2454539.77418,40.04,1.65,V,K,1210,1828,2060,IR_CD_header_logs/LOG_GX 354-0.20080313thru20080408.csv,IR_CD_header_logs/,GX 354-0,CD,YALE-03A-0001,,GX354-0,True,IR
binir080318.0199.fits,GX 354-0,17:31:57.89,-33:50:06.0,2008-03-19,06:06:05.612,2454544.75423,40.04,1.72,I,K,1170,1868,2060,IR_CD_header_logs/LOG_GX 354-0.20080313thru20080408.csv,IR_CD_header_logs/,GX 354-0,CD,YALE-03A-0001,,GX354-0,True,IR
binir080313.0219.fits,GX 354-0,17:31:57.17,-33:50:07.1,2008-03-14,06:33:52.860,2454539.77353,40.04,1.66,V,K,1250,1828,2020,IR_CD_header_logs/LOG_GX 354-0.20080313thru20080408.csv,IR_CD_header_logs/,GX 354-0,CD,YALE-03A-0001,,GX354-0,True,IR
binir080312.0192.fits,GX 354-0,17:31:58.53,-33:50:22.8,2008-03-13,06:35:27.771,2454538.77463,40.04,1.68,V,K,1170,1868,2060,IR_CD_header_logs/LOG_GX 354-0.20080313thru20080408.csv,IR_CD_header_logs/,GX 354-0,CD,YALE-03A-0001,,GX354-0,True,IR
binir080312.0191.fits,GX 354-0,17:31:58.51,-33:50:23.0,2008-03-13,06:34:31.570,2454538.77398,40.04,1.68,V,K,1210,1908,1980,IR_CD_header_logs/LOG_GX 354-0.20080313thru20080408.csv,IR_CD_header_logs/,GX 354-0,CD,YALE-03A-0001,,GX354-0,True,IR
binir080312.0197.fits,GX 354-0,17:31:58.66,-33:50:22.5,2008-03-13,06:40:08.160,2454538.77788,40.04,1.64,V,K,1210,1868,2020,IR_CD_header_logs/LOG_GX 354-0.20080313thru20080408.csv,IR_CD_header_logs/,GX 354-0,CD,YALE-03A-0001,,GX354-0,True,IR
binir080312.0193.fits,GX 354-0,17:31:58.56,-33:50:22.7,2008-03-13,06:36:23.956,2454538.77528,40.04,1.67,V,K,1250,1828,2020,IR_CD_header_logs/LOG_GX 354-0.20080313thru20080408.csv,IR_CD_header_logs/,GX 354-0,CD,YALE-03A-0001,,GX354-0,True,IR
binir080312.0194.fits,GX 354-0,17:31:58.57,-33:50:22.7,2008-03-13,06:37:19.807,2454538.77593,40.04,1.66,V,K,1210,1828,2060,IR_CD_header_logs/LOG_GX 354-0.20080313thru20080408.csv,IR_CD_header_logs/,GX 354-0,CD,YALE-03A-0001,,GX354-0,True,IR
binir080312.0195.fits,GX 354-0,17:31:58.59,-33:50:22.7,2008-03-13,06:38:16.060,2454538.77658,40.04,1.65,V,K,1250,1868,1980,IR_CD_header_logs/LOG_GX 354-0.20080313thru20080408.csv,IR_CD_header_logs/,GX 354-0,CD,YALE-03A-0001,,GX354-0,True,IR
binir080312.0196.fits,GX 354-0,17:31:58.62,-33:50:22.7,2008-03-13,06:39:12.143,2454538.77723,40.04,1.65,V,K,1170,1908,2020,IR_CD_header_logs/LOG_GX 354-0.20080313thru20080408.csv,IR_CD_header_logs/,GX 354-0,CD,YALE-03A-0001,,GX354-0,True,IR
binir080312.0198.fits,GX 354-0,17:31:58.66,-33:50:22.5,2008-03-13,06:41:03.990,2454538.77852,40.04,1.63,V,K,1210,1908,1980,IR_CD_header_logs/LOG_GX 354-0.20080313thru20080408.csv,IR_CD_header_logs/,GX 354-0,CD,YALE-03A-0001,,GX354-0,True,IR
binir080312.0199.fits,GX 354-0,17:31:58.69,-33:50:22.4,2008-03-13,06:42:00.281,2454538.77918,40.04,1.63,V,K,1170,1868,2060,IR_CD_header_logs/LOG_GX 354-0.20080313thru20080408.csv,IR_CD_header_logs/,GX 354-0,CD,YALE-03A-0001,,GX354-0,True,IR
binir080312.0200.fits,GX 354-0,17:31:58.72,-33:50:22.4,2008-03-13,06:42:56.605,2454538.77983,40.04,1.62,V,K,1250,1828,2020,IR_CD_header_logs/LOG_GX 354-0.20080313thru20080408.csv,IR_CD_header_logs/,GX 354-0,CD,YALE-03A-0001,,GX354-0,True,IR
binir080312.0201.fits,GX 354-0,17:31:58.74,-33:50:22.3,2008-03-13,06:43:52.551,2454538.78047,40.04,1.61,V,K,1210,1828,2060,IR_CD_header_logs/LOG_GX 354-0.20080313thru20080408.csv,IR_CD_header_logs/,GX 354-0,CD,YALE-03A-0001,,GX354-0,True,IR
binir080312.0202.fits,GX 354-0,17:31:58.73,-33:50:22.2,2008-03-13,06:44:48.719,2454538.78113,40.04,1.61,V,K,1250,1868,1980,IR_CD_header_logs/LOG_GX 354-0.20080313thru20080408.csv,IR_CD_header_logs/,GX 354-0,CD,YALE-03A-0001,,GX354-0,True,IR
binir080312.0183.fits,GX 354-0,17:31:58.34,-33:50:23.1,2008-03-13,06:27:02.839,2454538.76879,40.04,1.75,V,K,1210,1868,2020,IR_CD_header_logs/LOG_GX 354-0.20080313thru20080408.csv,IR_CD_header_logs/,GX 354-0,CD,YALE-03A-0001,,GX354-0,True,IR
binir080312.0185.fits,GX 354-0,17:31:58.37,-33:50:23.4,2008-03-13,06:28:54.955,2454538.77009,40.04,1.73,V,K,1170,1868,2060,IR_CD_header_logs/LOG_GX 354-0.20080313thru20080408.csv,IR_CD_header_logs/,GX 354-0,CD,YALE-03A-0001,,GX354-0,True,IR
binir080312.0186.fits,GX 354-0,17:31:58.37,-33:50:23.3,2008-03-13,06:29:51.206,2454538.77074,40.04,1.72,V,K,1250,1828,2020,IR_CD_header_logs/LOG_GX 354-0.20080313thru20080408.csv,IR_CD_header_logs/,GX 354-0,CD,YALE-03A-0001,,GX354-0,True,IR
binir080312.0187.fits,GX 354-0,17:31:58.39,-33:50:23.3,2008-03-13,06:30:47.083,2454538.77138,40.04,1.71,V,K,1210,1828,2060,IR_CD_header_logs/LOG_GX 354-0.20080313thru20080408.csv,IR_CD_header_logs/,GX 354-0,CD,YALE-03A-0001,,GX354-0,True,IR
binir080313.0231.fits,GX 354-0,17:31:57.47,-33:50:06.8,2008-03-14,06:45:09.117,2454539.78135,40.04,1.58,V,K,1210,1908,1980,IR_CD_header_logs/LOG_GX 354-0.20080313thru20080408.csv,IR_CD_header_logs/,GX 354-0,CD,YALE-03A-0001,,GX354-0,True,IR
binir080313.0218.fits,GX 354-0,17:31:57.16,-33:50:07.0,2008-03-14,06:32:56.274,2454539.77287,40.04,1.67,V,K,1170,1868,2060,IR_CD_header_logs/LOG_GX 354-0.20080313thru20080408.csv,IR_CD_header_logs/,GX 354-0,CD,YALE-03A-0001,,GX354-0,True,IR
binir080313.0217.fits,GX 354-0,17:31:57.15,-33:50:07.0,2008-03-14,06:31:59.688,2454539.77222,40.04,1.67,V,K,1210,1908,1980,IR_CD_header_logs/LOG_GX 354-0.20080313thru20080408.csv,IR_CD_header_logs/,GX 354-0,CD,YALE-03A-0001,,GX354-0,True,IR
binir080313.0224.fits,GX 354-0,17:31:57.27,-33:50:07.3,2008-03-14,06:38:34.517,2454539.77679,40.04,1.62,V,K,1210,1908,1980,IR_CD_header_logs/LOG_GX 354-0.20080313thru20080408.csv,IR_CD_header_logs/,GX 354-0,CD,YALE-03A-0001,,GX354-0,True,IR
binir080313.0230.fits,GX 354-0,17:31:57.42,-33:50:06.7,2008-03-14,06:44:12.964,2454539.7807,40.04,1.58,V,K,1210,1868,2020,IR_CD_header_logs/LOG_GX 354-0.20080313thru20080408.csv,IR_CD_header_logs/,GX 354-0,CD,YALE-03A-0001,,GX354-0,True,IR
binir080313.0226.fits,GX 354-0,17:31:57.32,-33:50:07.1,2008-03-14,06:40:27.489,2454539.77809,40.04,1.61,V,K,1250,1828,2020,IR_CD_header_logs/LOG_GX 354-0.20080313thru20080408.csv,IR_CD_header_logs/,GX 354-0,CD,YALE-03A-0001,,GX354-0,True,IR
binir080313.0228.fits,GX 354-0,17:31:57.35,-33:50:06.9,2008-03-14,06:42:20.077,2454539.7794,40.04,1.6,V,K,1250,1868,1980,IR_CD_header_logs/LOG_GX 354-0.20080313thru20080408.csv,IR_CD_header_logs/,GX 354-0,CD,YALE-03A-0001,,GX354-0,True,IR
binir080313.0229.fits,GX 354-0,17:31:57.39,-33:50:07.1,2008-03-14,06:43:16.588,2454539.78005,40.04,1.59,V,K,1170,1908,2020,IR_CD_header_logs/LOG_GX 354-0.20080313thru20080408.csv,IR_CD_header_logs/,GX 354-0,CD,YALE-03A-0001,,GX354-0,True,IR
binir080313.0232.fits,GX 354-0,17:31:57.49,-33:50:06.8,2008-03-14,06:46:05.664,2454539.78201,40.04,1.57,V,K,1170,1868,2060,IR_CD_header_logs/LOG_GX 354-0.20080313thru20080408.csv,IR_CD_header_logs/,GX 354-0,CD,YALE-03A-0001,,GX354-0,True,IR
binir080312.0184.fits,GX 354-0,17:31:58.34,-33:50:23.3,2008-03-13,06:27:58.738,2454538.76944,40.05,1.74,V,K,1210,1908,1980,IR_CD_header_logs/LOG_GX 354-0.20080313thru20080408.csv,IR_CD_header_logs/,GX 354-0,CD,YALE-03A-0001,,GX354-0,True,IR
binir080313.0233.fits,GX 354-0,17:31:57.50,-33:50:06.7,2008-03-14,06:47:02.059,2454539.78266,40.04,1.56,V,K,1250,1828,2020,IR_CD_header_logs/LOG_GX 354-0.20080313thru20080408.csv,IR_CD_header_logs/,GX 354-0,CD,YALE-03A-0001,,GX354-0,True,IR
binir080313.0234.fits,GX 354-0,17:31:57.51,-33:50:06.6,2008-03-14,06:47:58.154,2454539.78331,40.04,1.56,V,K,1210,1828,2060,IR_CD_header_logs/LOG_GX 354-0.20080313thru20080408.csv,IR_CD_header_logs/,GX 354-0,CD,YALE-03A-0001,,GX354-0,True,IR
binir080313.0235.fits,GX 354-0,17:31:57.56,-33:50:06.6,2008-03-14,06:48:54.582,2454539.78396,40.04,1.55,V,K,1250,1868,1980,IR_CD_header_logs/LOG_GX 354-0.20080313thru20080408.csv,IR_CD_header_logs/,GX 354-0,CD,YALE-03A-0001,,GX354-0,True,IR
binir080313.0227.fits,GX 354-0,17:31:57.32,-33:50:07.2,2008-03-14,06:41:23.755,2454539.77875,40.05,1.6,V,K,1210,1828,2060,IR_CD_header_logs/LOG_GX 354-0.20080313thru20080408.csv,IR_CD_header_logs/,GX 354-0,CD,YALE-03A-0001,,GX354-0,True,IR
binir080312.0188.fits,GX 354-0,17:31:58.42,-33:50:23.2,2008-03-13,06:31:43.333,2454538.77204,40.05,1.71,V,K,1250,1868,1980,IR_CD_header_logs/LOG_GX 354-0.20080313thru20080408.csv,IR_CD_header_logs/,GX 354-0,CD,YALE-03A-0001,,GX354-0,True,IR
binir080312.0190.fits,GX 354-0,17:31:58.47,-33:50:22.9,2008-03-13,06:33:35.376,2454538.77333,40.04,1.69,V,K,1210,1868,2020,IR_CD_header_logs/LOG_GX 354-0.20080313thru20080408.csv,IR_CD_header_logs/,GX 354-0,CD,YALE-03A-0001,,GX354-0,True,IR
binir080312.0189.fits,GX 354-0,17:31:58.46,-33:50:23.1,2008-03-13,06:32:39.500,2454538.77269,40.04,1.7,V,K,1170,1908,2020,IR_CD_header_logs/LOG_GX 354-0.20080313thru20080408.csv,IR_CD_header_logs/,GX 354-0,CD,YALE-03A-0001,,GX354-0,True,IR
binir080318.0193.fits,GX 354-0,17:31:57.79,-33:50:06.4,2008-03-19,06:00:28.306,2454544.75033,40.04,1.77,I,K,1250,1828,2020,IR_CD_header_logs/LOG_GX 354-0.20080313thru20080408.csv,IR_CD_header_logs/,GX 354-0,CD,YALE-03A-0001,,GX354-0,True,IR
binir080318.0195.fits,GX 354-0,17:31:57.82,-33:50:06.3,2008-03-19,06:02:20.650,2454544.75163,40.04,1.76,I,K,1250,1868,1980,IR_CD_header_logs/LOG_GX 354-0.20080313thru20080408.csv,IR_CD_header_logs/,GX 354-0,CD,YALE-03A-0001,,GX354-0,True,IR
binir080407.0154.fits,GX 354-0,17:31:57.60,-33:50:01.3,2008-04-08,05:23:05.425,2454564.72439,40.04,1.48,I,K,1210,1868,2020,IR_CD_header_logs/LOG_GX 354-0.20080313thru20080408.csv,IR_CD_header_logs/,GX 354-0,CD,YALE-03A-0001,,GX354-0,True,IR
binir080320.0222.fits,GX 354-0,17:31:58.00,-33:49:56.6,2008-03-21,06:31:25.501,2454546.77183,40.04,1.49,V,K,1230,1888,1980,IR_CD_header_logs/LOG_GX 354-0.20080313thru20080408.csv,IR_CD_header_logs/,GX 354-0,CD,YALE-03A-0001,,GX354-0,True,IR
binir080406.0139.fits,GX 354-0,17:31:56.71,-33:50:09.4,2008-04-07,05:02:22.978,2454563.70999,40.04,1.64,V,K,1250,1828,2020,IR_CD_header_logs/LOG_GX 354-0.20080313thru20080408.csv,IR_CD_header_logs/,GX 354-0,CD,YALE-03A-0001,,GX354-0,True,IR
binir080406.0140.fits,GX 354-0,17:31:56.74,-33:50:09.5,2008-04-07,05:03:18.980,2454563.71064,40.04,1.63,V,K,1210,1828,2060,IR_CD_header_logs/LOG_GX 354-0.20080313thru20080408.csv,IR_CD_header_logs/,GX 354-0,CD,YALE-03A-0001,,GX354-0,True,IR
binir080406.0141.fits,GX 354-0,17:31:56.74,-33:50:09.8,2008-04-07,05:04:15.254,2454563.71129,40.04,1.62,V,K,1250,1868,1980,IR_CD_header_logs/LOG_GX 354-0.20080313thru20080408.csv,IR_CD_header_logs/,GX 354-0,CD,YALE-03A-0001,,GX354-0,True,IR
binir080406.0142.fits,GX 354-0,17:31:56.75,-33:50:09.9,2008-04-07,05:05:11.431,2454563.71194,40.04,1.62,V,K,1170,1908,2020,IR_CD_header_logs/LOG_GX 354-0.20080313thru20080408.csv,IR_CD_header_logs/,GX 354-0,CD,YALE-03A-0001,,GX354-0,True,IR
binir080406.0143.fits,GX 354-0,17:31:56.77,-33:50:10.1,2008-04-07,05:06:07.449,2454563.71259,40.04,1.61,V,K,1210,1868,2020,IR_CD_header_logs/LOG_GX 354-0.20080313thru20080408.csv,IR_CD_header_logs/,GX 354-0,CD,YALE-03A-0001,,GX354-0,True,IR
binir080406.0144.fits,GX 354-0,17:31:56.80,-33:50:10.1,2008-04-07,05:07:03.502,2454563.71324,40.05,1.6,V,K,1210,1908,1980,IR_CD_header_logs/LOG_GX 354-0.20080313thru20080408.csv,IR_CD_header_logs/,GX 354-0,CD,YALE-03A-0001,,GX354-0,True,IR
binir080406.0150.fits,GX 354-0,17:31:56.90,-33:50:10.5,2008-04-07,05:12:40.815,2454563.71714,40.04,1.56,V,K,1210,1868,2020,IR_CD_header_logs/LOG_GX 354-0.20080313thru20080408.csv,IR_CD_header_logs/,GX 354-0,CD,YALE-03A-0001,,GX354-0,True,IR
binir080406.0146.fits,GX 354-0,17:31:56.83,-33:50:10.2,2008-04-07,05:08:56.236,2454563.71455,40.04,1.59,V,K,1250,1828,2020,IR_CD_header_logs/LOG_GX 354-0.20080313thru20080408.csv,IR_CD_header_logs/,GX 354-0,CD,YALE-03A-0001,,GX354-0,True,IR
binir080406.0152.fits,GX 354-0,17:31:56.97,-33:50:10.8,2008-04-07,05:14:33.283,2454563.71845,40.04,1.55,V,K,1170,1868,2060,IR_CD_header_logs/LOG_GX 354-0.20080313thru20080408.csv,IR_CD_header_logs/,GX 354-0,CD,YALE-03A-0001,,GX354-0,True,IR
binir080406.0147.fits,GX 354-0,17:31:56.85,-33:50:10.3,2008-04-07,05:09:52.263,2454563.71519,40.04,1.58,V,K,1210,1828,2060,IR_CD_header_logs/LOG_GX 354-0.20080313thru20080408.csv,IR_CD_header_logs/,GX 354-0,CD,YALE-03A-0001,,GX354-0,True,IR
binir080406.0154.fits,GX 354-0,17:31:56.99,-33:50:10.6,2008-04-07,05:16:25.629,2454563.71975,40.04,1.54,V,K,1210,1828,2060,IR_CD_header_logs/LOG_GX 354-0.20080313thru20080408.csv,IR_CD_header_logs/,GX 354-0,CD,YALE-03A-0001,,GX354-0,True,IR
binir080406.0153.fits,GX 354-0,17:31:56.98,-33:50:10.6,2008-04-07,05:15:29.592,2454563.7191,40.04,1.55,V,K,1250,1828,2020,IR_CD_header_logs/LOG_GX 354-0.20080313thru20080408.csv,IR_CD_header_logs/,GX 354-0,CD,YALE-03A-0001,,GX354-0,True,IR
binir080406.0155.fits,GX 354-0,17:31:57.02,-33:50:10.6,2008-04-07,05:17:21.937,2454563.7204,40.04,1.53,V,K,1250,1868,1980,IR_CD_header_logs/LOG_GX 354-0.20080313thru20080408.csv,IR_CD_header_logs/,GX 354-0,CD,YALE-03A-0001,,GX354-0,True,IR
binir080406.0151.fits,GX 354-0,17:31:56.93,-33:50:10.7,2008-04-07,05:13:36.865,2454563.71779,40.04,1.56,V,K,1210,1908,1980,IR_CD_header_logs/LOG_GX 354-0.20080313thru20080408.csv,IR_CD_header_logs/,GX 354-0,CD,YALE-03A-0001,,GX354-0,True,IR
binir080406.0149.fits,GX 354-0,17:31:56.91,-33:50:10.4,2008-04-07,05:11:44.814,2454563.7165,40.04,1.57,V,K,1170,1908,2020,IR_CD_header_logs/LOG_GX 354-0.20080313thru20080408.csv,IR_CD_header_logs/,GX 354-0,CD,YALE-03A-0001,,GX354-0,True,IR
binir080406.0148.fits,GX 354-0,17:31:56.89,-33:50:10.5,2008-04-07,05:10:48.558,2454563.71585,40.04,1.58,V,K,1250,1868,1980,IR_CD_header_logs/LOG_GX 354-0.20080313thru20080408.csv,IR_CD_header_logs/,GX 354-0,CD,YALE-03A-0001,,GX354-0,True,IR
binir080320.0230.fits,GX 354-0,17:31:58.02,-33:49:57.5,2008-03-21,06:38:54.575,2454546.77703,40.04,1.45,V,K,1190,1848,2060,IR_CD_header_logs/LOG_GX 354-0.20080313thru20080408.csv,IR_CD_header_logs/,GX 354-0,CD,YALE-03A-0001,,GX354-0,True,IR
binir080406.0138.fits,GX 354-0,17:31:56.70,-33:50:09.3,2008-04-07,05:01:26.569,2454563.70934,40.04,1.64,V,K,1170,1868,2060,IR_CD_header_logs/LOG_GX 354-0.20080313thru20080408.csv,IR_CD_header_logs/,GX 354-0,CD,YALE-03A-0001,,GX354-0,True,IR
binir080406.0137.fits,GX 354-0,17:31:56.70,-33:50:09.2,2008-04-07,05:00:30.129,2454563.70869,40.04,1.65,V,K,1210,1908,1980,IR_CD_header_logs/LOG_GX 354-0.20080313thru20080408.csv,IR_CD_header_logs/,GX 354-0,CD,YALE-03A-0001,,GX354-0,True,IR
binir080406.0136.fits,GX 354-0,17:31:56.70,-33:50:08.9,2008-04-07,04:59:34.143,2454563.70804,40.04,1.66,V,K,1210,1868,2020,IR_CD_header_logs/LOG_GX 354-0.20080313thru20080408.csv,IR_CD_header_logs/,GX 354-0,CD,YALE-03A-0001,,GX354-0,True,IR
binir080407.0163.fits,GX 354-0,17:31:57.71,-33:50:00.8,2008-04-08,05:31:31.792,2454564.73024,40.04,1.43,I,K,1170,1868,2060,IR_CD_header_logs/LOG_GX 354-0.20080313thru20080408.csv,IR_CD_header_logs/,GX 354-0,CD,YALE-03A-0001,,GX354-0,True,IR
binir080407.0155.fits,GX 354-0,17:31:57.62,-33:50:01.0,2008-04-08,05:24:01.385,2454564.72503,40.04,1.47,I,K,1210,1908,1980,IR_CD_header_logs/LOG_GX 354-0.20080313thru20080408.csv,IR_CD_header_logs/,GX 354-0,CD,YALE-03A-0001,,GX354-0,True,IR
binir080407.0156.fits,GX 354-0,17:31:57.63,-33:50:01.1,2008-04-08,05:24:57.765,2454564.72568,40.04,1.47,I,K,1170,1868,2060,IR_CD_header_logs/LOG_GX 354-0.20080313thru20080408.csv,IR_CD_header_logs/,GX 354-0,CD,YALE-03A-0001,,GX354-0,True,IR
binir080407.0157.fits,GX 354-0,17:31:57.65,-33:50:01.0,2008-04-08,05:25:54.202,2454564.72634,40.04,1.46,I,K,1250,1828,2020,IR_CD_header_logs/LOG_GX 354-0.20080313thru20080408.csv,IR_CD_header_logs/,GX 354-0,CD,YALE-03A-0001,,GX354-0,True,IR
binir080407.0159.fits,GX 354-0,17:31:57.67,-33:50:01.1,2008-04-08,05:27:46.682,2454564.72764,40.04,1.45,I,K,1250,1868,1980,IR_CD_header_logs/LOG_GX 354-0.20080313thru20080408.csv,IR_CD_header_logs/,GX 354-0,CD,YALE-03A-0001,,GX354-0,True,IR
binir080407.0160.fits,GX 354-0,17:31:57.67,-33:50:01.1,2008-04-08,05:28:42.944,2454564.72829,40.04,1.44,I,K,1170,1908,2020,IR_CD_header_logs/LOG_GX 354-0.20080313thru20080408.csv,IR_CD_header_logs/,GX 354-0,CD,YALE-03A-0001,,GX354-0,True,IR
binir080407.0161.fits,GX 354-0,17:31:57.71,-33:50:01.0,2008-04-08,05:29:39.052,2454564.72894,40.04,1.44,I,K,1210,1868,2020,IR_CD_header_logs/LOG_GX 354-0.20080313thru20080408.csv,IR_CD_header_logs/,GX 354-0,CD,YALE-03A-0001,,GX354-0,True,IR
binir080407.0158.fits,GX 354-0,17:31:57.67,-33:50:01.0,2008-04-08,05:26:50.360,2454564.72699,40.04,1.45,I,K,1210,1828,2060,IR_CD_header_logs/LOG_GX 354-0.20080313thru20080408.csv,IR_CD_header_logs/,GX 354-0,CD,YALE-03A-0001,,GX354-0,True,IR
binir080407.0168.fits,GX 354-0,17:31:57.69,-33:50:00.7,2008-04-08,05:36:12.903,2454564.7335,40.04,1.41,I,K,1210,1868,2020,IR_CD_header_logs/LOG_GX 354-0.20080313thru20080408.csv,IR_CD_header_logs/,GX 354-0,CD,YALE-03A-0001,,GX354-0,True,IR
binir080406.0145.fits,GX 354-0,17:31:56.81,-33:50:10.0,2008-04-07,05:07:59.833,2454563.71389,40.04,1.6,V,K,1170,1868,2060,IR_CD_header_logs/LOG_GX 354-0.20080313thru20080408.csv,IR_CD_header_logs/,GX 354-0,CD,YALE-03A-0001,,GX354-0,True,IR
binir080407.0164.fits,GX 354-0,17:31:57.71,-33:50:00.8,2008-04-08,05:32:28.161,2454564.7309,40.04,1.42,I,K,1250,1828,2020,IR_CD_header_logs/LOG_GX 354-0.20080313thru20080408.csv,IR_CD_header_logs/,GX 354-0,CD,YALE-03A-0001,,GX354-0,True,IR
binir080407.0170.fits,GX 354-0,17:31:57.71,-33:50:00.6,2008-04-08,05:38:05.260,2454564.7348,40.04,1.4,I,K,1170,1868,2060,IR_CD_header_logs/LOG_GX 354-0.20080313thru20080408.csv,IR_CD_header_logs/,GX 354-0,CD,YALE-03A-0001,,GX354-0,True,IR
binir080407.0169.fits,GX 354-0,17:31:57.71,-33:50:00.7,2008-04-08,05:37:08.906,2454564.73415,40.04,1.4,I,K,1210,1908,1980,IR_CD_header_logs/LOG_GX 354-0.20080313thru20080408.csv,IR_CD_header_logs/,GX 354-0,CD,YALE-03A-0001,,GX354-0,True,IR
binir080407.0171.fits,GX 354-0,17:31:57.69,-33:50:00.6,2008-04-08,05:39:01.788,2454564.73545,40.04,1.39,I,K,1250,1828,2020,IR_CD_header_logs/LOG_GX 354-0.20080313thru20080408.csv,IR_CD_header_logs/,GX 354-0,CD,YALE-03A-0001,,GX354-0,True,IR
binir080407.0167.fits,GX 354-0,17:31:57.71,-33:50:00.6,2008-04-08,05:35:16.716,2454564.73285,40.04,1.41,I,K,1170,1908,2020,IR_CD_header_logs/LOG_GX 354-0.20080313thru20080408.csv,IR_CD_header_logs/,GX 354-0,CD,YALE-03A-0001,,GX354-0,True,IR
binir080407.0166.fits,GX 354-0,17:31:57.70,-33:50:00.9,2008-04-08,05:34:20.486,2454564.7322,40.04,1.42,I,K,1250,1868,1980,IR_CD_header_logs/LOG_GX 354-0.20080313thru20080408.csv,IR_CD_header_logs/,GX 354-0,CD,YALE-03A-0001,,GX354-0,True,IR
binir080407.0165.fits,GX 354-0,17:31:57.68,-33:50:00.8,2008-04-08,05:33:24.223,2454564.73155,40.04,1.42,I,K,1210,1828,2060,IR_CD_header_logs/LOG_GX 354-0.20080313thru20080408.csv,IR_CD_header_logs/,GX 354-0,CD,YALE-03A-0001,,GX354-0,True,IR
binir080320.0221.fits,GX 354-0,17:31:58.07,-33:49:56.4,2008-03-21,06:30:29.552,2454546.77118,40.04,1.5,V,K,1230,1848,2020,IR_CD_header_logs/LOG_GX 354-0.20080313thru20080408.csv,IR_CD_header_logs/,GX 354-0,CD,YALE-03A-0001,,GX354-0,True,IR
binir080320.0223.fits,GX 354-0,17:31:58.01,-33:49:57.0,2008-03-21,06:32:21.803,2454546.77248,40.04,1.48,V,K,1190,1848,2060,IR_CD_header_logs/LOG_GX 354-0.20080313thru20080408.csv,IR_CD_header_logs/,GX 354-0,CD,YALE-03A-0001,,GX354-0,True,IR
binir080318.0196.fits,GX 354-0,17:31:57.86,-33:50:06.4,2008-03-19,06:03:17.044,2454544.75228,40.04,1.75,I,K,1170,1908,2020,IR_CD_header_logs/LOG_GX 354-0.20080313thru20080408.csv,IR_CD_header_logs/,GX 354-0,CD,YALE-03A-0001,,GX354-0,True,IR
binir080320.0224.fits,GX 354-0,17:31:58.01,-33:49:57.1,2008-03-21,06:33:18.131,2454546.77313,40.04,1.48,V,K,1270,1808,2020,IR_CD_header_logs/LOG_GX 354-0.20080313thru20080408.csv,IR_CD_header_logs/,GX 354-0,CD,YALE-03A-0001,,GX354-0,True,IR
binir080319.0187.fits,GX 354-0,17:31:56.88,-33:50:12.9,2008-03-20,06:13:24.079,2454545.75931,40.05,1.63,V,K,1250,1828,2020,IR_CD_header_logs/LOG_GX 354-0.20080313thru20080408.csv,IR_CD_header_logs/,GX 354-0,CD,YALE-03A-0001,,GX354-0,True,IR
binir080319.0186.fits,GX 354-0,17:31:56.86,-33:50:12.9,2008-03-20,06:12:27.749,2454545.75865,40.04,1.64,V,K,1170,1868,2060,IR_CD_header_logs/LOG_GX 354-0.20080313thru20080408.csv,IR_CD_header_logs/,GX 354-0,CD,YALE-03A-0001,,GX354-0,True,IR
binir080319.0185.fits,GX 354-0,17:31:56.84,-33:50:12.7,2008-03-20,06:11:31.451,2454545.758,40.04,1.65,V,K,1210,1908,1980,IR_CD_header_logs/LOG_GX 354-0.20080313thru20080408.csv,IR_CD_header_logs/,GX 354-0,CD,YALE-03A-0001,,GX354-0,True,IR
binir080319.0192.fits,GX 354-0,17:31:57.00,-33:50:12.8,2008-03-20,06:18:04.485,2454545.76255,40.04,1.6,V,K,1210,1908,1980,IR_CD_header_logs/LOG_GX 354-0.20080313thru20080408.csv,IR_CD_header_logs/,GX 354-0,CD,YALE-03A-0001,,GX354-0,True,IR
binir080319.0193.fits,GX 354-0,17:31:57.04,-33:50:12.8,2008-03-20,06:19:00.755,2454545.7632,40.04,1.59,V,K,1170,1868,2060,IR_CD_header_logs/LOG_GX 354-0.20080313thru20080408.csv,IR_CD_header_logs/,GX 354-0,CD,YALE-03A-0001,,GX354-0,True,IR
binir080319.0194.fits,GX 354-0,17:31:57.06,-33:50:12.6,2008-03-20,06:19:56.999,2454545.76385,40.04,1.59,V,K,1250,1828,2020,IR_CD_header_logs/LOG_GX 354-0.20080313thru20080408.csv,IR_CD_header_logs/,GX 354-0,CD,YALE-03A-0001,,GX354-0,True,IR
binir080319.0196.fits,GX 354-0,17:31:57.17,-33:50:12.5,2008-03-20,06:21:48.884,2454545.76515,40.04,1.57,V,K,1250,1868,1980,IR_CD_header_logs/LOG_GX 354-0.20080313thru20080408.csv,IR_CD_header_logs/,GX 354-0,CD,YALE-03A-0001,,GX354-0,True,IR
binir080319.0197.fits,GX 354-0,17:31:57.19,-33:50:12.7,2008-03-20,06:22:45.110,2454545.7658,40.04,1.57,V,K,1170,1908,2020,IR_CD_header_logs/LOG_GX 354-0.20080313thru20080408.csv,IR_CD_header_logs/,GX 354-0,CD,YALE-03A-0001,,GX354-0,True,IR
binir080319.0198.fits,GX 354-0,17:31:57.20,-33:50:12.6,2008-03-20,06:23:41.066,2454545.76645,40.04,1.56,V,K,1210,1868,2020,IR_CD_header_logs/LOG_GX 354-0.20080313thru20080408.csv,IR_CD_header_logs/,GX 354-0,CD,YALE-03A-0001,,GX354-0,True,IR
binir080319.0199.fits,GX 354-0,17:31:57.23,-33:50:12.7,2008-03-20,06:24:37.028,2454545.7671,40.04,1.56,V,K,1210,1908,1980,IR_CD_header_logs/LOG_GX 354-0.20080313thru20080408.csv,IR_CD_header_logs/,GX 354-0,CD,YALE-03A-0001,,GX354-0,True,IR
binir080319.0200.fits,GX 354-0,17:31:57.28,-33:50:12.7,2008-03-20,06:25:33.494,2454545.76775,40.04,1.55,V,K,1170,1868,2060,IR_CD_header_logs/LOG_GX 354-0.20080313thru20080408.csv,IR_CD_header_logs/,GX 354-0,CD,YALE-03A-0001,,GX354-0,True,IR
binir080319.0201.fits,GX 354-0,17:31:57.31,-33:50:12.8,2008-03-20,06:26:29.862,2454545.7684,40.04,1.54,V,K,1250,1828,2020,IR_CD_header_logs/LOG_GX 354-0.20080313thru20080408.csv,IR_CD_header_logs/,GX 354-0,CD,YALE-03A-0001,,GX354-0,True,IR
binir080319.0202.fits,GX 354-0,17:31:57.31,-33:50:12.7,2008-03-20,06:27:25.744,2454545.76905,40.04,1.54,V,K,1210,1828,2060,IR_CD_header_logs/LOG_GX 354-0.20080313thru20080408.csv,IR_CD_header_logs/,GX 354-0,CD,YALE-03A-0001,,GX354-0,True,IR
binir080319.0203.fits,GX 354-0,17:31:57.33,-33:50:12.7,2008-03-20,06:28:21.910,2454545.7697,40.04,1.53,V,K,1250,1868,1980,IR_CD_header_logs/LOG_GX 354-0.20080313thru20080408.csv,IR_CD_header_logs/,GX 354-0,CD,YALE-03A-0001,,GX354-0,True,IR
binir080319.0195.fits,GX 354-0,17:31:57.11,-33:50:12.7,2008-03-20,06:20:52.893,2454545.7645,40.04,1.58,V,K,1210,1828,2060,IR_CD_header_logs/LOG_GX 354-0.20080313thru20080408.csv,IR_CD_header_logs/,GX 354-0,CD,YALE-03A-0001,,GX354-0,True,IR
binir080318.0194.fits,GX 354-0,17:31:57.81,-33:50:06.3,2008-03-19,06:01:24.339,2454544.75098,40.04,1.76,I,K,1210,1828,2060,IR_CD_header_logs/LOG_GX 354-0.20080313thru20080408.csv,IR_CD_header_logs/,GX 354-0,CD,YALE-03A-0001,,GX354-0,True,IR
binir080318.0197.fits,GX 354-0,17:31:57.86,-33:50:06.1,2008-03-19,06:04:13.197,2454544.75293,40.05,1.74,I,K,1210,1868,2020,IR_CD_header_logs/LOG_GX 354-0.20080313thru20080408.csv,IR_CD_header_logs/,GX 354-0,CD,YALE-03A-0001,,GX354-0,True,IR
binir080319.0184.fits,GX 354-0,17:31:56.86,-33:50:12.8,2008-03-20,06:10:35.382,2454545.75735,40.04,1.66,V,K,1210,1868,2020,IR_CD_header_logs/LOG_GX 354-0.20080313thru20080408.csv,IR_CD_header_logs/,GX 354-0,CD,YALE-03A-0001,,GX354-0,True,IR
binir080319.0189.fits,GX 354-0,17:31:56.91,-33:50:12.9,2008-03-20,06:15:16.308,2454545.76061,40.04,1.62,V,K,1250,1868,1980,IR_CD_header_logs/LOG_GX 354-0.20080313thru20080408.csv,IR_CD_header_logs/,GX 354-0,CD,YALE-03A-0001,,GX354-0,True,IR
binir080319.0190.fits,GX 354-0,17:31:56.94,-33:50:12.8,2008-03-20,06:16:12.462,2454545.76126,40.04,1.61,V,K,1170,1908,2020,IR_CD_header_logs/LOG_GX 354-0.20080313thru20080408.csv,IR_CD_header_logs/,GX 354-0,CD,YALE-03A-0001,,GX354-0,True,IR
binir080320.0233.fits,GX 354-0,17:31:58.05,-33:49:57.3,2008-03-21,06:41:43.384,2454546.77898,40.04,1.43,V,K,1270,1848,1980,IR_CD_header_logs/LOG_GX 354-0.20080313thru20080408.csv,IR_CD_header_logs/,GX 354-0,CD,YALE-03A-0001,,GX354-0,True,IR
binir080320.0225.fits,GX 354-0,17:31:58.00,-33:49:57.2,2008-03-21,06:34:14.205,2454546.77378,40.04,1.47,V,K,1230,1808,2060,IR_CD_header_logs/LOG_GX 354-0.20080313thru20080408.csv,IR_CD_header_logs/,GX 354-0,CD,YALE-03A-0001,,GX354-0,True,IR
binir080320.0226.fits,GX 354-0,17:31:58.03,-33:49:57.2,2008-03-21,06:35:10.403,2454546.77443,40.04,1.47,V,K,1270,1848,1980,IR_CD_header_logs/LOG_GX 354-0.20080313thru20080408.csv,IR_CD_header_logs/,GX 354-0,CD,YALE-03A-0001,,GX354-0,True,IR
binir080320.0227.fits,GX 354-0,17:31:58.01,-33:49:57.4,2008-03-21,06:36:06.524,2454546.77508,40.04,1.46,V,K,1190,1888,2020,IR_CD_header_logs/LOG_GX 354-0.20080313thru20080408.csv,IR_CD_header_logs/,GX 354-0,CD,YALE-03A-0001,,GX354-0,True,IR
binir080320.0228.fits,GX 354-0,17:31:58.03,-33:49:57.4,2008-03-21,06:37:02.434,2454546.77573,40.04,1.46,V,K,1230,1848,2020,IR_CD_header_logs/LOG_GX 354-0.20080313thru20080408.csv,IR_CD_header_logs/,GX 354-0,CD,YALE-03A-0001,,GX354-0,True,IR
binir080320.0229.fits,GX 354-0,17:31:58.02,-33:49:57.6,2008-03-21,06:37:58.378,2454546.77638,40.04,1.45,V,K,1230,1888,1980,IR_CD_header_logs/LOG_GX 354-0.20080313thru20080408.csv,IR_CD_header_logs/,GX 354-0,CD,YALE-03A-0001,,GX354-0,True,IR
binir080320.0235.fits,GX 354-0,17:31:58.04,-33:49:57.2,2008-03-21,06:43:35.592,2454546.78028,40.04,1.42,V,K,1230,1848,2020,IR_CD_header_logs/LOG_GX 354-0.20080313thru20080408.csv,IR_CD_header_logs/,GX 354-0,CD,YALE-03A-0001,,GX354-0,True,IR
binir080320.0231.fits,GX 354-0,17:31:58.04,-33:49:57.3,2008-03-21,06:39:51.111,2454546.77768,40.05,1.44,V,K,1270,1808,2020,IR_CD_header_logs/LOG_GX 354-0.20080313thru20080408.csv,IR_CD_header_logs/,GX 354-0,CD,YALE-03A-0001,,GX354-0,True,IR
binir080320.0234.fits,GX 354-0,17:31:58.06,-33:49:57.2,2008-03-21,06:42:39.636,2454546.77963,40.04,1.43,V,K,1190,1888,2020,IR_CD_header_logs/LOG_GX 354-0.20080313thru20080408.csv,IR_CD_header_logs/,GX 354-0,CD,YALE-03A-0001,,GX354-0,True,IR
binir080319.0191.fits,GX 354-0,17:31:56.99,-33:50:12.9,2008-03-20,06:17:08.474,2454545.7619,40.04,1.61,V,K,1210,1868,2020,IR_CD_header_logs/LOG_GX 354-0.20080313thru20080408.csv,IR_CD_header_logs/,GX 354-0,CD,YALE-03A-0001,,GX354-0,True,IR
binir080320.0240.fits,GX 354-0,17:31:58.04,-33:49:57.0,2008-03-21,06:48:16.265,2454546.78353,40.05,1.4,V,K,1270,1848,1980,IR_CD_header_logs/LOG_GX 354-0.20080313thru20080408.csv,IR_CD_header_logs/,GX 354-0,CD,YALE-03A-0001,,GX354-0,True,IR
binir080320.0236.fits,GX 354-0,17:31:58.05,-33:49:57.2,2008-03-21,06:44:31.470,2454546.78093,40.04,1.42,V,K,1230,1888,1980,IR_CD_header_logs/LOG_GX 354-0.20080313thru20080408.csv,IR_CD_header_logs/,GX 354-0,CD,YALE-03A-0001,,GX354-0,True,IR
binir080320.0237.fits,GX 354-0,17:31:58.05,-33:49:57.3,2008-03-21,06:45:27.714,2454546.78158,40.04,1.41,V,K,1190,1848,2060,IR_CD_header_logs/LOG_GX 354-0.20080313thru20080408.csv,IR_CD_header_logs/,GX 354-0,CD,YALE-03A-0001,,GX354-0,True,IR
binir080320.0238.fits,GX 354-0,17:31:58.06,-33:49:56.0,2008-03-21,06:46:24.105,2454546.78223,40.04,1.41,V,K,1270,1808,2020,IR_CD_header_logs/LOG_GX 354-0.20080313thru20080408.csv,IR_CD_header_logs/,GX 354-0,CD,YALE-03A-0001,,GX354-0,True,IR
binir080320.0239.fits,GX 354-0,17:31:58.05,-33:49:57.1,2008-03-21,06:47:20.172,2454546.78288,40.04,1.4,V,K,1230,1808,2060,IR_CD_header_logs/LOG_GX 354-0.20080313thru20080408.csv,IR_CD_header_logs/,GX 354-0,CD,YALE-03A-0001,,GX354-0,True,IR
binir080320.0232.fits,GX 354-0,17:31:58.06,-33:49:57.3,2008-03-21,06:40:47.081,2454546.77833,40.04,1.44,V,K,1230,1808,2060,IR_CD_header_logs/LOG_GX 354-0.20080313thru20080408.csv,IR_CD_header_logs/,GX 354-0,CD,YALE-03A-0001,,GX354-0,True,IR
binir080319.0188.fits,GX 354-0,17:31:56.93,-33:50:12.9,2008-03-20,06:14:20.143,2454545.75996,40.04,1.63,V,K,1210,1828,2060,IR_CD_header_logs/LOG_GX 354-0.20080313thru20080408.csv,IR_CD_header_logs/,GX 354-0,CD,YALE-03A-0001,,GX354-0,True,IR
binir070704.0224.fits,GX 354-0,17:31:57.67,-33:39:52.0,2007-07-05,03:48:47.650,2454286.65888,70.03,1.01,V,J,1170,1868,2060,IR_CD_header_logs/LOG_MULTI.20070630thru20070709.csv,IR_CD_header_logs/,MULTI,CD,YALE-03A-0001,,GX354-0,True,IR
binir070704.0223.fits,GX 354-0,17:31:57.63,-33:39:52.0,2007-07-05,03:47:22.108,2454286.6579,70.03,1.01,V,J,1210,1908,1980,IR_CD_header_logs/LOG_MULTI.20070630thru20070709.csv,IR_CD_header_logs/,MULTI,CD,YALE-03A-0001,,GX354-0,True,IR
binir070704.0222.fits,GX 354-0,17:31:57.57,-33:39:52.0,2007-07-05,03:45:56.943,2454286.65691,70.03,1.01,V,J,1210,1868,2020,IR_CD_header_logs/LOG_MULTI.20070630thru20070709.csv,IR_CD_header_logs/,MULTI,CD,YALE-03A-0001,,GX354-0,True,IR
binir070704.0220.fits,GX 354-0,17:31:57.47,-33:40:02.4,2007-07-05,03:42:09.526,2454286.65428,70.03,1.0,I,J,1250,1868,1980,IR_CD_header_logs/LOG_MULTI.20070630thru20070709.csv,IR_CD_header_logs/,MULTI,CD,YALE-03A-0001,,GX354-0,True,IR
binir070704.0219.fits,GX 354-0,17:31:57.46,-33:40:02.5,2007-07-05,03:40:44.142,2454286.65329,70.03,1.0,I,J,1210,1828,2060,IR_CD_header_logs/LOG_MULTI.20070630thru20070709.csv,IR_CD_header_logs/,MULTI,CD,YALE-03A-0001,,GX354-0,True,IR
binir070704.0218.fits,GX 354-0,17:31:57.45,-33:40:02.7,2007-07-05,03:39:19.044,2454286.6523,70.03,1.0,I,J,1250,1828,2020,IR_CD_header_logs/LOG_MULTI.20070630thru20070709.csv,IR_CD_header_logs/,MULTI,CD,YALE-03A-0001,,GX354-0,True,IR
binir070704.0221.fits,GX 354-0,17:31:57.50,-33:40:02.2,2007-07-05,03:43:34.900,2454286.65527,70.03,1.0,I,J,1170,1908,2020,IR_CD_header_logs/LOG_MULTI.20070630thru20070709.csv,IR_CD_header_logs/,MULTI,CD,YALE-03A-0001,,GX354-0,True,IR
binir070704.0227.fits,GX 354-0,17:31:57.71,-33:39:52.4,2007-07-05,03:53:03.630,2454286.66185,70.03,1.01,V,J,1250,1868,1980,IR_CD_header_logs/LOG_MULTI.20070630thru20070709.csv,IR_CD_header_logs/,MULTI,CD,YALE-03A-0001,,GX354-0,True,IR
binir070702.0230.fits,GX 354-0,17:31:57.49,-33:39:54.1,2007-07-03,05:11:52.015,2454284.71658,70.03,1.07,V,J,1210,1908,1980,IR_CD_header_logs/LOG_MULTI.20070630thru20070709.csv,IR_CD_header_logs/,MULTI,CD,YALE-03A-0001,,GX354-0,True,IR
binir070702.0235.fits,GX 354-0,17:31:57.53,-33:39:54.9,2007-07-03,05:19:00.389,2454284.72153,70.03,1.09,V,J,1170,1908,2020,IR_CD_header_logs/LOG_MULTI.20070630thru20070709.csv,IR_CD_header_logs/,MULTI,CD,YALE-03A-0001,,GX354-0,True,IR
binir070702.0234.fits,GX 354-0,17:31:57.53,-33:39:54.7,2007-07-03,05:17:34.592,2454284.72054,70.03,1.08,V,J,1250,1868,1980,IR_CD_header_logs/LOG_MULTI.20070630thru20070709.csv,IR_CD_header_logs/,MULTI,CD,YALE-03A-0001,,GX354-0,True,IR
binir070702.0233.fits,GX 354-0,17:31:57.50,-33:39:54.5,2007-07-03,05:16:08.910,2454284.71955,70.03,1.08,V,J,1210,1828,2060,IR_CD_header_logs/LOG_MULTI.20070630thru20070709.csv,IR_CD_header_logs/,MULTI,CD,YALE-03A-0001,,GX354-0,True,IR
binir070702.0232.fits,GX 354-0,17:31:57.50,-33:39:54.5,2007-07-03,05:14:43.469,2454284.71856,70.03,1.08,V,J,1250,1828,2020,IR_CD_header_logs/LOG_MULTI.20070630thru20070709.csv,IR_CD_header_logs/,MULTI,CD,YALE-03A-0001,,GX354-0,True,IR
binir070702.0231.fits,GX 354-0,17:31:57.49,-33:39:54.3,2007-07-03,05:13:17.743,2454284.71757,70.03,1.08,V,J,1170,1868,2060,IR_CD_header_logs/LOG_MULTI.20070630thru20070709.csv,IR_CD_header_logs/,MULTI,CD,YALE-03A-0001,,GX354-0,True,IR
binir070702.0229.fits,GX 354-0,17:31:57.49,-33:39:53.9,2007-07-03,05:10:26.229,2454284.71558,70.03,1.07,V,J,1210,1868,2020,IR_CD_header_logs/LOG_MULTI.20070630thru20070709.csv,IR_CD_header_logs/,MULTI,CD,YALE-03A-0001,,GX354-0,True,IR
binir070702.0228.fits,GX 354-0,17:31:57.42,-33:40:03.7,2007-07-03,05:08:05.016,2454284.71395,70.03,1.07,I,J,1170,1908,2020,IR_CD_header_logs/LOG_MULTI.20070630thru20070709.csv,IR_CD_header_logs/,MULTI,CD,YALE-03A-0001,,GX354-0,True,IR
binir070704.0225.fits,GX 354-0,17:31:57.66,-33:39:52.1,2007-07-05,03:50:13.103,2454286.65987,70.03,1.01,V,J,1250,1828,2020,IR_CD_header_logs/LOG_MULTI.20070630thru20070709.csv,IR_CD_header_logs/,MULTI,CD,YALE-03A-0001,,GX354-0,True,IR
binir070704.0228.fits,GX 354-0,17:31:57.74,-33:39:51.9,2007-07-05,03:54:29.023,2454286.66284,70.03,1.01,V,J,1170,1908,2020,IR_CD_header_logs/LOG_MULTI.20070630thru20070709.csv,IR_CD_header_logs/,MULTI,CD,YALE-03A-0001,,GX354-0,True,IR
binir070704.0216.fits,GX 354-0,17:31:57.41,-33:40:03.6,2007-07-05,03:36:28.109,2454286.65033,70.03,1.0,I,J,1210,1908,1980,IR_CD_header_logs/LOG_MULTI.20070630thru20070709.csv,IR_CD_header_logs/,MULTI,CD,YALE-03A-0001,,GX354-0,True,IR
binir070704.0215.fits,GX 354-0,17:31:57.39,-33:40:04.0,2007-07-05,03:35:02.995,2454286.64934,70.03,1.0,I,J,1210,1868,2020,IR_CD_header_logs/LOG_MULTI.20070630thru20070709.csv,IR_CD_header_logs/,MULTI,CD,YALE-03A-0001,,GX354-0,True,IR
binir070704.0226.fits,GX 354-0,17:31:57.69,-33:39:52.0,2007-07-05,03:51:38.278,2454286.66086,70.03,1.01,V,J,1210,1828,2060,IR_CD_header_logs/LOG_MULTI.20070630thru20070709.csv,IR_CD_header_logs/,MULTI,CD,YALE-03A-0001,,GX354-0,True,IR
binir070704.0217.fits,GX 354-0,17:31:57.42,-33:40:03.2,2007-07-05,03:37:53.578,2454286.65132,70.03,1.0,I,J,1170,1868,2060,IR_CD_header_logs/LOG_MULTI.20070630thru20070709.csv,IR_CD_header_logs/,MULTI,CD,YALE-03A-0001,,GX354-0,True,IR
binir070702.0227.fits,GX 354-0,17:31:57.41,-33:40:03.4,2007-07-03,05:06:39.322,2454284.71296,70.03,1.07,I,J,1250,1868,1980,IR_CD_header_logs/LOG_MULTI.20070630thru20070709.csv,IR_CD_header_logs/,MULTI,CD,YALE-03A-0001,,GX354-0,True,IR
binir070702.0225.fits,GX 354-0,17:31:57.38,-33:40:03.4,2007-07-03,05:03:48.362,2454284.71098,70.03,1.06,I,J,1250,1828,2020,IR_CD_header_logs/LOG_MULTI.20070630thru20070709.csv,IR_CD_header_logs/,MULTI,CD,YALE-03A-0001,,GX354-0,True,IR
binir070702.0224.fits,GX 354-0,17:31:57.39,-33:40:03.5,2007-07-03,05:02:22.702,2454284.70999,70.03,1.06,I,J,1170,1868,2060,IR_CD_header_logs/LOG_MULTI.20070630thru20070709.csv,IR_CD_header_logs/,MULTI,CD,YALE-03A-0001,,GX354-0,True,IR
binir070702.0223.fits,GX 354-0,17:31:57.39,-33:40:03.8,2007-07-03,05:00:56.978,2454284.70899,70.03,1.06,I,J,1210,1908,1980,IR_CD_header_logs/LOG_MULTI.20070630thru20070709.csv,IR_CD_header_logs/,MULTI,CD,YALE-03A-0001,,GX354-0,True,IR
binir070702.0222.fits,GX 354-0,17:31:57.38,-33:40:03.8,2007-07-03,04:59:31.538,2454284.70801,70.03,1.06,I,J,1210,1868,2020,IR_CD_header_logs/LOG_MULTI.20070630thru20070709.csv,IR_CD_header_logs/,MULTI,CD,YALE-03A-0001,,GX354-0,True,IR
binir070702.0226.fits,GX 354-0,17:31:57.39,-33:40:03.4,2007-07-03,05:05:13.727,2454284.71197,70.03,1.06,I,J,1210,1828,2060,IR_CD_header_logs/LOG_MULTI.20070630thru20070709.csv,IR_CD_header_logs/,MULTI,CD,YALE-03A-0001,,GX354-0,True,IR
