filename,OBJECT,RA,DEC,DATE-OBS,TIME-OBS,JD,EXPTIME,SECZ,CCDFLTID,IRFLTID,TILT1,TILT2,TILT3,log name,Location,prop name help,Physical loc,OWNER,full path,proper name,xrb,source
rccd070703.0071.fits,4u 1822-371,18:25:46.74,-37:06:08.3,2007-07-04,06:41:38.583,2454285.77892,300.0,1.15,V,J,1210.0,1868.0,2020.0,other/LOG_temp_archive_2_2.csv,miniarchive,temp_archive_2_2,Disk,YALE-03A-0001,,4U1822-371,True,optical
rccd070703.0070.fits,4u 1822-371,18:25:46.75,-37:06:18.1,2007-07-04,06:35:44.388,2454285.77482,300.0,1.14,I,J,1210.0,1868.0,2020.0,other/LOG_temp_archive_2_2.csv,miniarchive,temp_archive_2_2,Disk,YALE-03A-0001,,4U1822-371,True,optical
rccd080312.0098.fits,3A 1822-371,18:25:45.93,-37:06:17.1,2008-03-13,08:40:53.686,2454538.86174,100.0,1.28,B,J,1210,1868,2020,optical_CD_header_logs/LOG_3A 1822-371.20080313thru20080408.csv,optical_CD_header_logs/,3A 1822-371,CD,,,4U1822-371,True,optical
rccd080312.0099.fits,3A 1822-371,18:25:45.86,-37:06:19.4,2008-03-13,08:56:27.766,2454538.87255,100.0,1.23,I,K,1210,1868,2020,optical_CD_header_logs/LOG_3A 1822-371.20080313thru20080408.csv,optical_CD_header_logs/,3A 1822-371,CD,,,4U1822-371,True,optical
rccd080312.0100.fits,3A 1822-371,18:25:45.82,-37:06:20.8,2008-03-13,09:12:02.440,2454538.88337,100.0,1.18,V,H,1210,1868,2020,optical_CD_header_logs/LOG_3A 1822-371.20080313thru20080408.csv,optical_CD_header_logs/,3A 1822-371,CD,,,4U1822-371,True,optical
rccd080313.0102.fits,3A 1822-371,18:25:45.41,-37:06:18.8,2008-03-14,08:01:22.178,2454539.83428,100.0,1.43,B,J,1210,1868,2020,optical_CD_header_logs/LOG_3A 1822-371.20080313thru20080408.csv,optical_CD_header_logs/,3A 1822-371,CD,,,4U1822-371,True,optical
rccd080313.0103.fits,3A 1822-371,18:25:45.23,-37:06:19.4,2008-03-14,08:17:02.131,2454539.84516,100.0,1.35,I,K,1210,1868,2020,optical_CD_header_logs/LOG_3A 1822-371.20080313thru20080408.csv,optical_CD_header_logs/,3A 1822-371,CD,,,4U1822-371,True,optical
rccd080314.0073.fits,3A 1822-371,18:25:46.30,-37:06:18.5,2008-03-15,07:49:17.662,2454540.8259,100.0,1.47,B,J,1210,1868,2020,optical_CD_header_logs/LOG_3A 1822-371.20080313thru20080408.csv,optical_CD_header_logs/,3A 1822-371,CD,,,4U1822-371,True,optical
rccd080313.0104.fits,3A 1822-371,18:25:44.98,-37:06:19.6,2008-03-14,08:32:43.058,2454539.85605,100.0,1.29,V,H,1210,1868,2020,optical_CD_header_logs/LOG_3A 1822-371.20080313thru20080408.csv,optical_CD_header_logs/,3A 1822-371,CD,,,4U1822-371,True,optical
rccd080314.0074.fits,3A 1822-371,18:25:46.49,-37:06:17.1,2008-03-15,08:04:52.091,2454540.83672,100.0,1.39,I,K,1210,1868,2020,optical_CD_header_logs/LOG_3A 1822-371.20080313thru20080408.csv,optical_CD_header_logs/,3A 1822-371,CD,,,4U1822-371,True,optical
rccd080314.0075.fits,3A 1822-371,18:25:46.36,-37:06:17.3,2008-03-15,08:20:28.151,2454540.84755,100.0,1.32,V,H,1210,1868,2020,optical_CD_header_logs/LOG_3A 1822-371.20080313thru20080408.csv,optical_CD_header_logs/,3A 1822-371,CD,,,4U1822-371,True,optical
rccd080318.0099.fits,3A 1822-371,18:25:45.23,-37:06:24.9,2008-03-19,08:31:49.349,2454544.85543,100.0,1.23,I,K,1210,1868,2020,optical_CD_header_logs/LOG_3A 1822-371.20080313thru20080408.csv,optical_CD_header_logs/,3A 1822-371,CD,,,4U1822-371,True,optical
rccd080318.0100.fits,3A 1822-371,18:25:45.36,-37:06:25.9,2008-03-19,08:47:26.554,2454544.86628,100.0,1.18,V,H,1210,1868,2020,optical_CD_header_logs/LOG_3A 1822-371.20080313thru20080408.csv,optical_CD_header_logs/,3A 1822-371,CD,,,4U1822-371,True,optical
rccd080318.0098.fits,3A 1822-371,18:25:45.31,-37:06:23.4,2008-03-19,08:16:12.428,2454544.84459,100.0,1.28,B,J,1210,1868,2020,optical_CD_header_logs/LOG_3A 1822-371.20080313thru20080408.csv,optical_CD_header_logs/,3A 1822-371,CD,,,4U1822-371,True,optical
rccd080319.0108.fits,3A 1822-371,18:25:45.85,-37:06:30.1,2008-03-20,07:33:54.912,2454545.81522,100.0,1.45,B,J,1210,1868,2020,optical_CD_header_logs/LOG_3A 1822-371.20080313thru20080408.csv,optical_CD_header_logs/,3A 1822-371,CD,,,4U1822-371,True,optical
rccd080319.0109.fits,3A 1822-371,18:25:45.70,-37:06:29.7,2008-03-20,07:49:28.307,2454545.82602,100.0,1.37,I,K,1210,1868,2020,optical_CD_header_logs/LOG_3A 1822-371.20080313thru20080408.csv,optical_CD_header_logs/,3A 1822-371,CD,,,4U1822-371,True,optical
rccd080319.0110.fits,3A 1822-371,18:25:45.57,-37:06:31.1,2008-03-20,08:05:02.219,2454545.83683,100.0,1.31,V,H,1210,1868,2020,optical_CD_header_logs/LOG_3A 1822-371.20080313thru20080408.csv,optical_CD_header_logs/,3A 1822-371,CD,,,4U1822-371,True,optical
rccd080320.0105.fits,3A 1822-371,18:25:46.51,-37:06:22.9,2008-03-21,08:32:57.489,2454546.85623,100.0,1.2,B,J,1230,1848,2020,optical_CD_header_logs/LOG_3A 1822-371.20080313thru20080408.csv,optical_CD_header_logs/,3A 1822-371,CD,,,4U1822-371,True,optical
rccd080320.0106.fits,3A 1822-371,18:25:46.45,-37:06:21.9,2008-03-21,08:48:31.820,2454546.86704,100.0,1.16,I,K,1230,1848,2020,optical_CD_header_logs/LOG_3A 1822-371.20080313thru20080408.csv,optical_CD_header_logs/,3A 1822-371,CD,,,4U1822-371,True,optical
rccd080320.0107.fits,3A 1822-371,18:25:46.77,-37:06:20.1,2008-03-21,09:04:07.823,2454546.87788,100.0,1.13,V,H,1230,1848,2020,optical_CD_header_logs/LOG_3A 1822-371.20080313thru20080408.csv,optical_CD_header_logs/,3A 1822-371,CD,,,4U1822-371,True,optical
rccd080406.0069.fits,3A 1822-371,18:25:46.28,-37:06:29.4,2008-04-07,06:07:12.272,2454563.75501,100.0,1.54,B,J,1210,1868,2020,optical_CD_header_logs/LOG_3A 1822-371.20080313thru20080408.csv,optical_CD_header_logs/,3A 1822-371,CD,,,4U1822-371,True,optical
rccd080406.0070.fits,3A 1822-371,18:25:46.61,-37:06:29.3,2008-04-07,06:22:48.326,2454563.76584,100.0,1.45,I,K,1210,1868,2020,optical_CD_header_logs/LOG_3A 1822-371.20080313thru20080408.csv,optical_CD_header_logs/,3A 1822-371,CD,,,4U1822-371,True,optical
rccd080406.0071.fits,3A 1822-371,18:25:46.63,-37:06:29.0,2008-04-07,06:38:24.370,2454563.77668,100.0,1.37,V,H,1210,1868,2020,optical_CD_header_logs/LOG_3A 1822-371.20080313thru20080408.csv,optical_CD_header_logs/,3A 1822-371,CD,,,4U1822-371,True,optical
rccd080407.0104.fits,3A 1822-371,18:25:46.46,-37:06:19.1,2008-04-08,07:09:53.624,2454564.79855,100.0,1.24,I,K,1210,1868,2020,optical_CD_header_logs/LOG_3A 1822-371.20080313thru20080408.csv,optical_CD_header_logs/,3A 1822-371,CD,,,4U1822-371,True,optical
rccd080407.0103.fits,3A 1822-371,18:25:46.81,-37:06:17.6,2008-04-08,06:54:08.780,2454564.78762,100.0,1.29,B,J,1210,1868,2020,optical_CD_header_logs/LOG_3A 1822-371.20080313thru20080408.csv,optical_CD_header_logs/,3A 1822-371,CD,,,4U1822-371,True,optical
rccd080407.0105.fits,3A 1822-371,18:25:46.69,-37:06:20.5,2008-04-08,07:25:29.639,2454564.80939,100.0,1.19,V,H,1210,1868,2020,optical_CD_header_logs/LOG_3A 1822-371.20080313thru20080408.csv,optical_CD_header_logs/,3A 1822-371,CD,,,4U1822-371,True,optical
ir070827.0119,3A 1822-371,18:25:47.1,-37:06:17,2007-08-28,01:34:02.4,2454340.5653,30.0,1.02,K,K,,,,missingreplog_4U1822-371.csv,,,Data replog,,,4U1822-371,True,IR
ir070827.0130,3A 1822-371,18:25:47.2,-37:06:17,2007-08-28,01:42:27.0,2454340.5712,30.1,1.03,K,K,,,,missingreplog_4U1822-371.csv,,,Data replog,,,4U1822-371,True,IR
ir070827.0129,3A 1822-371,18:25:47.2,-37:06:18,2007-08-28,01:41:41.0,2454340.5706,30.0,1.03,K,K,,,,missingreplog_4U1822-371.csv,,,Data replog,,,4U1822-371,True,IR
ir070827.0128,3A 1822-371,18:25:47.2,-37:06:18,2007-08-28,01:40:55.2,2454340.5701,30.1,1.03,K,K,,,,missingreplog_4U1822-371.csv,,,Data replog,,,4U1822-371,True,IR
ir070827.0127,3A 1822-371,18:25:47.2,-37:06:17,2007-08-28,01:40:09.3,2454340.5696,30.1,1.03,K,K,,,,missingreplog_4U1822-371.csv,,,Data replog,,,4U1822-371,True,IR
ir070827.0126,3A 1822-371,18:25:47.2,-37:06:17,2007-08-28,01:39:23.4,2454340.569,30.0,1.03,K,K,,,,missingreplog_4U1822-371.csv,,,Data replog,,,4U1822-371,True,IR
ir070827.0125,3A 1822-371,18:25:47.2,-37:06:17,2007-08-28,01:38:37.4,2454340.5685,30.0,1.03,K,K,,,,missingreplog_4U1822-371.csv,,,Data replog,,,4U1822-371,True,IR
ir070827.0124,3A 1822-371,18:25:47.2,-37:06:17,2007-08-28,01:37:51.7,2454340.568,30.0,1.03,K,K,,,,missingreplog_4U1822-371.csv,,,Data replog,,,4U1822-371,True,IR
ir070827.0123,3A 1822-371,18:25:47.1,-37:06:17,2007-08-28,01:37:05.7,2454340.5674,30.0,1.03,K,K,,,,missingreplog_4U1822-371.csv,,,Data replog,,,4U1822-371,True,IR
ir070827.0122,3A 1822-371,18:25:47.1,-37:06:17,2007-08-28,01:36:19.7,2454340.5669,30.1,1.02,K,K,,,,missingreplog_4U1822-371.csv,,,Data replog,,,4U1822-371,True,IR
ir070827.0121,3A 1822-371,18:25:47.1,-37:06:17,2007-08-28,01:35:34.1,2454340.5664,30.1,1.02,K,K,,,,missingreplog_4U1822-371.csv,,,Data replog,,,4U1822-371,True,IR
ir070827.0120,3A 1822-371,18:25:47.1,-37:06:17,2007-08-28,01:34:48.3,2454340.5658,30.0,1.02,K,K,,,,missingreplog_4U1822-371.csv,,,Data replog,,,4U1822-371,True,IR
ir070827.0118,3A 1822-371,18:25:47.1,-37:06:17,2007-08-28,01:33:16.2,2454340.5648,30.0,1.02,K,K,,,,missingreplog_4U1822-371.csv,,,Data replog,,,4U1822-371,True,IR
ir070827.0117,3A 1822-371,18:25:47.1,-37:06:16,2007-08-28,01:32:30.4,2454340.5642,30.0,1.02,K,K,,,,missingreplog_4U1822-371.csv,,,Data replog,,,4U1822-371,True,IR
ir070827.0116,3A 1822-371,18:25:47.1,-37:06:16,2007-08-28,01:31:44.4,2454340.5637,30.0,1.02,K,K,,,,missingreplog_4U1822-371.csv,,,Data replog,,,4U1822-371,True,IR
ir070827.0115,3A 1822-371,18:25:47.1,-37:06:16,2007-08-28,01:30:58.3,2454340.5632,30.0,1.02,K,K,,,,missingreplog_4U1822-371.csv,,,Data replog,,,4U1822-371,True,IR
ir070827.0114,3A 1822-371,18:25:47.1,-37:06:16,2007-08-28,01:30:12.6,2454340.5627,30.0,1.02,K,K,,,,missingreplog_4U1822-371.csv,,,Data replog,,,4U1822-371,True,IR
ir070827.0113,3A 1822-371,18:25:47.1,-37:06:16,2007-08-28,01:29:17.3,2454340.562,30.0,1.02,J,J,,,,missingreplog_4U1822-371.csv,,,Data replog,,,4U1822-371,True,IR
ir070827.0112,3A 1822-371,18:25:47.0,-37:06:16,2007-08-28,01:28:31.4,2454340.5615,30.1,1.02,J,J,,,,missingreplog_4U1822-371.csv,,,Data replog,,,4U1822-371,True,IR
ir070827.0111,3A 1822-371,18:25:47.0,-37:06:16,2007-08-28,01:27:45.5,2454340.5609,30.0,1.02,J,J,,,,missingreplog_4U1822-371.csv,,,Data replog,,,4U1822-371,True,IR
ir070827.0110,3A 1822-371,18:25:47.0,-37:06:16,2007-08-28,01:26:59.4,2454340.5604,30.0,1.02,J,J,,,,missingreplog_4U1822-371.csv,,,Data replog,,,4U1822-371,True,IR
ir070827.0109,3A 1822-371,18:25:47.0,-37:06:16,2007-08-28,01:26:13.4,2454340.5599,30.1,1.02,J,J,,,,missingreplog_4U1822-371.csv,,,Data replog,,,4U1822-371,True,IR
ir070827.0108,3A 1822-371,18:25:47.0,-37:06:16,2007-08-28,01:25:27.8,2454340.5594,30.1,1.02,J,J,,,,missingreplog_4U1822-371.csv,,,Data replog,,,4U1822-371,True,IR
ir070827.0107,3A 1822-371,18:25:47.0,-37:06:16,2007-08-28,01:24:42.1,2454340.5588,30.1,1.02,J,J,,,,missingreplog_4U1822-371.csv,,,Data replog,,,4U1822-371,True,IR
ir070827.0131,3A 1822-371,18:25:47.2,-37:06:18,2007-08-28,01:43:13.1,2454340.5717,30.0,1.03,K,K,,,,missingreplog_4U1822-371.csv,,,Data replog,,,4U1822-371,True,IR
ir070827.0132,3A 1822-371,18:25:47.2,-37:06:18,2007-08-28,01:43:59.0,2454340.5722,30.0,1.03,K,K,,,,missingreplog_4U1822-371.csv,,,Data replog,,,4U1822-371,True,IR
ir070827.0133,3A 1822-371,18:25:47.2,-37:06:18,2007-08-28,01:44:45.1,2454340.5727,30.0,1.03,K,K,,,,missingreplog_4U1822-371.csv,,,Data replog,,,4U1822-371,True,IR
ir070827.0134,3A 1822-371,18:25:47.2,-37:06:18,2007-08-28,01:45:41.3,2454340.5734,30.1,1.03,H,H,,,,missingreplog_4U1822-371.csv,,,Data replog,,,4U1822-371,True,IR
ir070703.0275,4u 1822-371,18:25:46.8,-37:06:18,2007-07-04,06:37:57.7,2454285.7764,30.1,1.14,J,J,,,,missingreplog_4U1822-371.csv,,,Data replog,,,4U1822-371,True,IR
ir070703.0274,4u 1822-371,18:25:46.7,-37:06:18,2007-07-04,06:37:12.2,2454285.7758,30.0,1.14,J,J,,,,missingreplog_4U1822-371.csv,,,Data replog,,,4U1822-371,True,IR
ir070703.0273,4u 1822-371,18:25:46.7,-37:06:18,2007-07-04,06:36:26.7,2454285.7753,30.0,1.14,J,J,,,,missingreplog_4U1822-371.csv,,,Data replog,,,4U1822-371,True,IR
ir070703.0272,4u 1822-371,18:25:46.7,-37:06:18,2007-07-04,06:35:41.5,2454285.7748,30.0,1.14,J,J,,,,missingreplog_4U1822-371.csv,,,Data replog,,,4U1822-371,True,IR
ir070827.0153,3A 1822-371,18:25:47.3,-37:06:17,2007-08-28,02:00:15.5,2454340.5835,30.1,1.05,H,H,,,,missingreplog_4U1822-371.csv,,,Data replog,,,4U1822-371,True,IR
ir070827.0152,3A 1822-371,18:25:47.3,-37:06:17,2007-08-28,01:59:29.5,2454340.583,30.0,1.04,H,H,,,,missingreplog_4U1822-371.csv,,,Data replog,,,4U1822-371,True,IR
ir070827.0151,3A 1822-371,18:25:47.3,-37:06:17,2007-08-28,01:58:43.7,2454340.5825,30.1,1.04,H,H,,,,missingreplog_4U1822-371.csv,,,Data replog,,,4U1822-371,True,IR
ir070827.0150,3A 1822-371,18:25:47.3,-37:06:17,2007-08-28,01:57:57.4,2454340.5819,30.0,1.04,H,H,,,,missingreplog_4U1822-371.csv,,,Data replog,,,4U1822-371,True,IR
ir070827.0149,3A 1822-371,18:25:47.3,-37:06:17,2007-08-28,01:57:10.9,2454340.5814,30.0,1.04,H,H,,,,missingreplog_4U1822-371.csv,,,Data replog,,,4U1822-371,True,IR
ir070827.0148,3A 1822-371,18:25:47.3,-37:06:17,2007-08-28,01:56:24.9,2454340.5809,30.0,1.04,H,H,,,,missingreplog_4U1822-371.csv,,,Data replog,,,4U1822-371,True,IR
ir070827.0147,3A 1822-371,18:25:47.3,-37:06:18,2007-08-28,01:55:39.2,2454340.5803,30.0,1.04,H,H,,,,missingreplog_4U1822-371.csv,,,Data replog,,,4U1822-371,True,IR
ir070827.0146,3A 1822-371,18:25:47.3,-37:06:18,2007-08-28,01:54:53.0,2454340.5798,30.1,1.04,H,H,,,,missingreplog_4U1822-371.csv,,,Data replog,,,4U1822-371,True,IR
ir070827.0145,3A 1822-371,18:25:47.3,-37:06:18,2007-08-28,01:54:07.0,2454340.5792,30.1,1.04,H,H,,,,missingreplog_4U1822-371.csv,,,Data replog,,,4U1822-371,True,IR
ir070827.0144,3A 1822-371,18:25:47.3,-37:06:18,2007-08-28,01:53:21.1,2454340.5787,30.1,1.04,H,H,,,,missingreplog_4U1822-371.csv,,,Data replog,,,4U1822-371,True,IR
ir070827.0143,3A 1822-371,18:25:47.3,-37:06:18,2007-08-28,01:52:35.1,2454340.5782,30.1,1.04,H,H,,,,missingreplog_4U1822-371.csv,,,Data replog,,,4U1822-371,True,IR
ir070827.0142,3A 1822-371,18:25:47.3,-37:06:18,2007-08-28,01:51:48.9,2454340.5776,30.1,1.04,H,H,,,,missingreplog_4U1822-371.csv,,,Data replog,,,4U1822-371,True,IR
ir070827.0141,3A 1822-371,18:25:47.3,-37:06:18,2007-08-28,01:51:03.1,2454340.5771,30.0,1.04,H,H,,,,missingreplog_4U1822-371.csv,,,Data replog,,,4U1822-371,True,IR
ir070827.0140,3A 1822-371,18:25:47.3,-37:06:18,2007-08-28,01:50:17.4,2454340.5766,30.1,1.04,H,H,,,,missingreplog_4U1822-371.csv,,,Data replog,,,4U1822-371,True,IR
ir070827.0139,3A 1822-371,18:25:47.3,-37:06:18,2007-08-28,01:49:31.4,2454340.5761,30.1,1.04,H,H,,,,missingreplog_4U1822-371.csv,,,Data replog,,,4U1822-371,True,IR
ir070827.0138,3A 1822-371,18:25:47.3,-37:06:18,2007-08-28,01:48:45.2,2454340.5755,30.1,1.03,H,H,,,,missingreplog_4U1822-371.csv,,,Data replog,,,4U1822-371,True,IR
ir070827.0137,3A 1822-371,18:25:47.3,-37:06:18,2007-08-28,01:47:59.3,2454340.575,30.0,1.03,H,H,,,,missingreplog_4U1822-371.csv,,,Data replog,,,4U1822-371,True,IR
ir070827.0136,3A 1822-371,18:25:47.3,-37:06:18,2007-08-28,01:47:13.1,2454340.5745,30.1,1.03,H,H,,,,missingreplog_4U1822-371.csv,,,Data replog,,,4U1822-371,True,IR
ir070827.0135,3A 1822-371,18:25:47.2,-37:06:18,2007-08-28,01:46:27.0,2454340.5739,30.1,1.03,H,H,,,,missingreplog_4U1822-371.csv,,,Data replog,,,4U1822-371,True,IR
ir070827.0106,3A 1822-371,18:25:47.0,-37:06:16,2007-08-28,01:23:56.0,2454340.5583,30.0,1.02,J,J,,,,missingreplog_4U1822-371.csv,,,Data replog,,,4U1822-371,True,IR
ir070827.0105,3A 1822-371,18:25:47.0,-37:06:16,2007-08-28,01:23:10.1,2454340.5578,30.0,1.02,J,J,,,,missingreplog_4U1822-371.csv,,,Data replog,,,4U1822-371,True,IR
ir070827.0104,3A 1822-371,18:25:47.0,-37:06:16,2007-08-28,01:22:24.5,2454340.5572,30.1,1.02,J,J,,,,missingreplog_4U1822-371.csv,,,Data replog,,,4U1822-371,True,IR
ir070827.0103,3A 1822-371,18:25:47.0,-37:06:17,2007-08-28,01:21:38.4,2454340.5567,30.0,1.02,J,J,,,,missingreplog_4U1822-371.csv,,,Data replog,,,4U1822-371,True,IR
ir070827.0102,3A 1822-371,18:25:47.0,-37:06:17,2007-08-28,01:20:52.3,2454340.5562,30.0,1.02,J,J,,,,missingreplog_4U1822-371.csv,,,Data replog,,,4U1822-371,True,IR
ir070827.0101,3A 1822-371,18:25:46.9,-37:06:17,2007-08-28,01:20:06.6,2454340.5556,30.1,1.02,J,J,,,,missingreplog_4U1822-371.csv,,,Data replog,,,4U1822-371,True,IR
ir070827.0100,3A 1822-371,18:25:46.9,-37:06:17,2007-08-28,01:19:20.8,2454340.5551,30.0,1.02,J,J,,,,missingreplog_4U1822-371.csv,,,Data replog,,,4U1822-371,True,IR
ir070827.0099,3A 1822-371,18:25:46.9,-37:06:17,2007-08-28,01:18:34.8,2454340.5546,30.0,1.01,J,J,,,,missingreplog_4U1822-371.csv,,,Data replog,,,4U1822-371,True,IR
ir070827.0098,3A 1822-371,18:25:46.9,-37:06:17,2007-08-28,01:17:48.7,2454340.554,30.1,1.01,J,J,,,,missingreplog_4U1822-371.csv,,,Data replog,,,4U1822-371,True,IR
ir070827.0097,3A 1822-371,18:25:46.9,-37:06:17,2007-08-28,01:17:03.1,2454340.5535,30.0,1.01,J,J,,,,missingreplog_4U1822-371.csv,,,Data replog,,,4U1822-371,True,IR
ir070827.0096,3A 1822-371,18:25:46.8,-37:06:17,2007-08-28,01:16:16.9,2454340.553,30.0,1.01,J,J,,,,missingreplog_4U1822-371.csv,,,Data replog,,,4U1822-371,True,IR
ir070827.0095,3A 1822-371,18:25:46.8,-37:06:17,2007-08-28,01:15:30.9,2454340.5524,30.1,1.01,J,J,,,,missingreplog_4U1822-371.csv,,,Data replog,,,4U1822-371,True,IR
ir070827.0094,3A 1822-371,18:25:46.8,-37:06:18,2007-08-28,01:14:45.1,2454340.5519,30.0,1.01,J,J,,,,missingreplog_4U1822-371.csv,,,Data replog,,,4U1822-371,True,IR
ir070703.0276,4u 1822-371,18:25:46.7,-37:06:18,2007-07-04,06:38:42.8,2454285.7769,30.0,1.15,J,J,,,,missingreplog_4U1822-371.csv,,,Data replog,,,4U1822-371,True,IR
ir070703.0277,4u 1822-371,18:25:46.7,-37:06:18,2007-07-04,06:39:28.1,2454285.7774,30.0,1.15,J,J,,,,missingreplog_4U1822-371.csv,,,Data replog,,,4U1822-371,True,IR
ir070703.0278,4u 1822-371,18:25:46.7,-37:06:18,2007-07-04,06:40:13.5,2454285.7779,30.0,1.15,J,J,,,,missingreplog_4U1822-371.csv,,,Data replog,,,4U1822-371,True,IR
ir070703.0279,4u 1822-371,18:25:46.7,-37:06:08,2007-07-04,06:41:35.7,2454285.7789,30.0,1.15,J,J,,,,missingreplog_4U1822-371.csv,,,Data replog,,,4U1822-371,True,IR
ir080407.0249,3A 1822-371,18:25:46.5,-37:06:20,2008-04-08,07:16:46.4,2454564.8033,30.0,1.22,K,K,,,,missingreplog_4U1822-371.csv,,,Data replog,,,4U1822-371,True,IR
ir080407.0263,3A 1822-371,18:25:46.6,-37:06:20,2008-04-08,07:27:45.5,2454564.811,30.1,1.19,H,H,,,,missingreplog_4U1822-371.csv,,,Data replog,,,4U1822-371,True,IR
ir080407.0274,3A 1822-371,18:25:46.6,-37:06:20,2008-04-08,07:36:13.6,2454564.8168,30.1,1.17,H,H,,,,missingreplog_4U1822-371.csv,,,Data replog,,,4U1822-371,True,IR
ir080407.0273,3A 1822-371,18:25:46.6,-37:06:20,2008-04-08,07:35:27.6,2454564.8163,30.0,1.17,H,H,,,,missingreplog_4U1822-371.csv,,,Data replog,,,4U1822-371,True,IR
ir080407.0272,3A 1822-371,18:25:46.6,-37:06:20,2008-04-08,07:34:41.2,2454564.8158,30.1,1.17,H,H,,,,missingreplog_4U1822-371.csv,,,Data replog,,,4U1822-371,True,IR
ir080407.0271,3A 1822-371,18:25:46.6,-37:06:20,2008-04-08,07:33:55.0,2454564.8152,30.0,1.17,H,H,,,,missingreplog_4U1822-371.csv,,,Data replog,,,4U1822-371,True,IR
ir080407.0270,3A 1822-371,18:25:46.6,-37:06:20,2008-04-08,07:33:08.9,2454564.8147,30.1,1.17,H,H,,,,missingreplog_4U1822-371.csv,,,Data replog,,,4U1822-371,True,IR
ir080407.0269,3A 1822-371,18:25:46.6,-37:06:20,2008-04-08,07:32:22.7,2454564.8142,30.0,1.18,H,H,,,,missingreplog_4U1822-371.csv,,,Data replog,,,4U1822-371,True,IR
ir080407.0268,3A 1822-371,18:25:46.6,-37:06:20,2008-04-08,07:31:36.2,2454564.8136,30.1,1.18,H,H,,,,missingreplog_4U1822-371.csv,,,Data replog,,,4U1822-371,True,IR
ir080407.0267,3A 1822-371,18:25:46.7,-37:06:20,2008-04-08,07:30:50.0,2454564.8131,30.0,1.18,H,H,,,,missingreplog_4U1822-371.csv,,,Data replog,,,4U1822-371,True,IR
ir080407.0266,3A 1822-371,18:25:46.7,-37:06:20,2008-04-08,07:30:04.0,2454564.8126,30.0,1.18,H,H,,,,missingreplog_4U1822-371.csv,,,Data replog,,,4U1822-371,True,IR
ir080407.0265,3A 1822-371,18:25:46.7,-37:06:20,2008-04-08,07:29:17.7,2454564.812,30.1,1.18,H,H,,,,missingreplog_4U1822-371.csv,,,Data replog,,,4U1822-371,True,IR
ir080407.0264,3A 1822-371,18:25:46.6,-37:06:20,2008-04-08,07:28:31.6,2454564.8115,30.0,1.19,H,H,,,,missingreplog_4U1822-371.csv,,,Data replog,,,4U1822-371,True,IR
ir080407.0262,3A 1822-371,18:25:46.7,-37:06:20,2008-04-08,07:26:59.1,2454564.8104,30.0,1.19,H,H,,,,missingreplog_4U1822-371.csv,,,Data replog,,,4U1822-371,True,IR
ir080407.0261,3A 1822-371,18:25:46.7,-37:06:20,2008-04-08,07:26:12.7,2454564.8099,30.1,1.19,H,H,,,,missingreplog_4U1822-371.csv,,,Data replog,,,4U1822-371,True,IR
ir080407.0260,3A 1822-371,18:25:46.7,-37:06:20,2008-04-08,07:25:26.7,2454564.8094,30.0,1.19,H,H,,,,missingreplog_4U1822-371.csv,,,Data replog,,,4U1822-371,True,IR
ir080407.0259,3A 1822-371,18:25:46.6,-37:06:20,2008-04-08,07:24:28.5,2454564.8087,30.1,1.2,K,K,,,,missingreplog_4U1822-371.csv,,,Data replog,,,4U1822-371,True,IR
ir080407.0258,3A 1822-371,18:25:46.6,-37:06:20,2008-04-08,07:23:42.2,2454564.8081,30.1,1.2,K,K,,,,missingreplog_4U1822-371.csv,,,Data replog,,,4U1822-371,True,IR
ir080407.0257,3A 1822-371,18:25:46.6,-37:06:20,2008-04-08,07:22:56.0,2454564.8076,30.1,1.2,K,K,,,,missingreplog_4U1822-371.csv,,,Data replog,,,4U1822-371,True,IR
ir080407.0256,3A 1822-371,18:25:46.6,-37:06:21,2008-04-08,07:22:09.5,2454564.8071,30.1,1.2,K,K,,,,missingreplog_4U1822-371.csv,,,Data replog,,,4U1822-371,True,IR
ir080407.0255,3A 1822-371,18:25:46.6,-37:06:21,2008-04-08,07:21:23.1,2454564.8065,30.1,1.2,K,K,,,,missingreplog_4U1822-371.csv,,,Data replog,,,4U1822-371,True,IR
ir080407.0254,3A 1822-371,18:25:46.5,-37:06:20,2008-04-08,07:20:37.2,2454564.806,30.1,1.21,K,K,,,,missingreplog_4U1822-371.csv,,,Data replog,,,4U1822-371,True,IR
ir080407.0253,3A 1822-371,18:25:46.5,-37:06:21,2008-04-08,07:19:51.2,2454564.8055,30.1,1.21,K,K,,,,missingreplog_4U1822-371.csv,,,Data replog,,,4U1822-371,True,IR
ir080407.0252,3A 1822-371,18:25:46.6,-37:06:20,2008-04-08,07:19:05.0,2454564.8049,30.0,1.21,K,K,,,,missingreplog_4U1822-371.csv,,,Data replog,,,4U1822-371,True,IR
ir080407.0251,3A 1822-371,18:25:46.5,-37:06:20,2008-04-08,07:18:18.7,2454564.8044,30.0,1.21,K,K,,,,missingreplog_4U1822-371.csv,,,Data replog,,,4U1822-371,True,IR
ir080407.0275,3A 1822-371,18:25:46.6,-37:06:19,2008-04-08,07:36:59.8,2454564.8174,30.1,1.16,H,H,,,,missingreplog_4U1822-371.csv,,,Data replog,,,4U1822-371,True,IR
ir080407.0276,3A 1822-371,18:25:46.6,-37:06:19,2008-04-08,07:37:46.2,2454564.8179,30.0,1.16,H,H,,,,missingreplog_4U1822-371.csv,,,Data replog,,,4U1822-371,True,IR
ir080407.0277,3A 1822-371,18:25:46.6,-37:06:20,2008-04-08,07:38:32.7,2454564.8185,30.0,1.16,H,H,,,,missingreplog_4U1822-371.csv,,,Data replog,,,4U1822-371,True,IR
ir080407.0278,3A 1822-371,18:25:46.6,-37:06:19,2008-04-08,07:39:18.7,2454564.819,30.1,1.16,H,H,,,,missingreplog_4U1822-371.csv,,,Data replog,,,4U1822-371,True,IR
ir080407.0279,3A 1822-371,18:25:46.6,-37:06:20,2008-04-08,07:40:04.9,2454564.8195,30.1,1.16,H,H,,,,missingreplog_4U1822-371.csv,,,Data replog,,,4U1822-371,True,IR
ir080407.0250,3A 1822-371,18:25:46.5,-37:06:20,2008-04-08,07:17:32.7,2454564.8039,30.1,1.22,K,K,,,,missingreplog_4U1822-371.csv,,,Data replog,,,4U1822-371,True,IR
ir080407.0248,3A 1822-371,18:25:46.5,-37:06:20,2008-04-08,07:16:00.0,2454564.8028,30.0,1.22,K,K,,,,missingreplog_4U1822-371.csv,,,Data replog,,,4U1822-371,True,IR
ir070915.0195,3A 1822-371,18:25:44.9,-37:06:08,2007-09-16,03:14:11.5,2454359.6349,30.1,1.45,H,H,,,,missingreplog_4U1822-371.csv,,,Data replog,,,4U1822-371,True,IR
ir070915.0206,3A 1822-371,18:25:44.7,-37:06:08,2007-09-16,03:22:38.0,2454359.6407,30.1,1.5,H,H,,,,missingreplog_4U1822-371.csv,,,Data replog,,,4U1822-371,True,IR
ir070915.0205,3A 1822-371,18:25:44.8,-37:06:08,2007-09-16,03:21:51.9,2454359.6402,30.0,1.49,H,H,,,,missingreplog_4U1822-371.csv,,,Data replog,,,4U1822-371,True,IR
ir070915.0204,3A 1822-371,18:25:44.8,-37:06:08,2007-09-16,03:21:05.7,2454359.6396,30.0,1.49,H,H,,,,missingreplog_4U1822-371.csv,,,Data replog,,,4U1822-371,True,IR
ir070915.0203,3A 1822-371,18:25:44.8,-37:06:08,2007-09-16,03:20:19.6,2454359.6391,30.0,1.48,H,H,,,,missingreplog_4U1822-371.csv,,,Data replog,,,4U1822-371,True,IR
ir070915.0202,3A 1822-371,18:25:44.8,-37:06:08,2007-09-16,03:19:33.8,2454359.6386,30.0,1.48,H,H,,,,missingreplog_4U1822-371.csv,,,Data replog,,,4U1822-371,True,IR
ir070915.0201,3A 1822-371,18:25:44.8,-37:06:08,2007-09-16,03:18:48.0,2454359.6381,30.1,1.48,H,H,,,,missingreplog_4U1822-371.csv,,,Data replog,,,4U1822-371,True,IR
ir070915.0200,3A 1822-371,18:25:44.8,-37:06:08,2007-09-16,03:18:02.0,2454359.6375,30.1,1.47,H,H,,,,missingreplog_4U1822-371.csv,,,Data replog,,,4U1822-371,True,IR
ir070915.0199,3A 1822-371,18:25:44.8,-37:06:08,2007-09-16,03:17:15.8,2454359.637,30.0,1.47,H,H,,,,missingreplog_4U1822-371.csv,,,Data replog,,,4U1822-371,True,IR
ir070915.0198,3A 1822-371,18:25:44.8,-37:06:08,2007-09-16,03:16:29.8,2454359.6365,30.1,1.46,H,H,,,,missingreplog_4U1822-371.csv,,,Data replog,,,4U1822-371,True,IR
ir070915.0197,3A 1822-371,18:25:44.8,-37:06:07,2007-09-16,03:15:43.6,2454359.6359,30.1,1.46,H,H,,,,missingreplog_4U1822-371.csv,,,Data replog,,,4U1822-371,True,IR
ir070915.0196,3A 1822-371,18:25:44.9,-37:06:08,2007-09-16,03:14:57.4,2454359.6354,30.1,1.45,H,H,,,,missingreplog_4U1822-371.csv,,,Data replog,,,4U1822-371,True,IR
ir070915.0194,3A 1822-371,18:25:44.8,-37:06:08,2007-09-16,03:13:15.2,2454359.6342,30.0,1.45,K,K,,,,missingreplog_4U1822-371.csv,,,Data replog,,,4U1822-371,True,IR
ir070915.0181,3A 1822-371,18:25:45.0,-37:06:07,2007-09-16,03:03:17.4,2454359.6273,30.1,1.4,K,K,,,,missingreplog_4U1822-371.csv,,,Data replog,,,4U1822-371,True,IR
ir070915.0193,3A 1822-371,18:25:44.8,-37:06:08,2007-09-16,03:12:29.2,2454359.6337,30.1,1.44,K,K,,,,missingreplog_4U1822-371.csv,,,Data replog,,,4U1822-371,True,IR
ir070915.0192,3A 1822-371,18:25:44.9,-37:06:08,2007-09-16,03:11:43.1,2454359.6331,30.0,1.44,K,K,,,,missingreplog_4U1822-371.csv,,,Data replog,,,4U1822-371,True,IR
ir070915.0191,3A 1822-371,18:25:44.9,-37:06:08,2007-09-16,03:10:56.9,2454359.6326,30.0,1.43,K,K,,,,missingreplog_4U1822-371.csv,,,Data replog,,,4U1822-371,True,IR
ir070915.0190,3A 1822-371,18:25:44.9,-37:06:07,2007-09-16,03:10:10.8,2454359.6321,30.1,1.43,K,K,,,,missingreplog_4U1822-371.csv,,,Data replog,,,4U1822-371,True,IR
ir070915.0189,3A 1822-371,18:25:44.9,-37:06:07,2007-09-16,03:09:25.0,2454359.6315,30.0,1.43,K,K,,,,missingreplog_4U1822-371.csv,,,Data replog,,,4U1822-371,True,IR
ir070915.0188,3A 1822-371,18:25:44.9,-37:06:08,2007-09-16,03:08:39.3,2454359.631,30.0,1.42,K,K,,,,missingreplog_4U1822-371.csv,,,Data replog,,,4U1822-371,True,IR
ir070915.0187,3A 1822-371,18:25:45.0,-37:06:07,2007-09-16,03:07:53.2,2454359.6305,30.0,1.42,K,K,,,,missingreplog_4U1822-371.csv,,,Data replog,,,4U1822-371,True,IR
ir070915.0186,3A 1822-371,18:25:44.9,-37:06:08,2007-09-16,03:07:07.3,2454359.6299,30.0,1.41,K,K,,,,missingreplog_4U1822-371.csv,,,Data replog,,,4U1822-371,True,IR
ir070915.0185,3A 1822-371,18:25:45.0,-37:06:07,2007-09-16,03:06:21.5,2454359.6294,30.0,1.41,K,K,,,,missingreplog_4U1822-371.csv,,,Data replog,,,4U1822-371,True,IR
ir070915.0184,3A 1822-371,18:25:45.0,-37:06:07,2007-09-16,03:05:35.4,2454359.6289,30.1,1.41,K,K,,,,missingreplog_4U1822-371.csv,,,Data replog,,,4U1822-371,True,IR
ir070915.0183,3A 1822-371,18:25:45.0,-37:06:07,2007-09-16,03:04:49.0,2454359.6283,30.0,1.4,K,K,,,,missingreplog_4U1822-371.csv,,,Data replog,,,4U1822-371,True,IR
ir070915.0207,3A 1822-371,18:25:44.7,-37:06:09,2007-09-16,03:23:24.2,2454359.6412,30.0,1.5,H,H,,,,missingreplog_4U1822-371.csv,,,Data replog,,,4U1822-371,True,IR
ir070915.0208,3A 1822-371,18:25:44.7,-37:06:09,2007-09-16,03:24:10.4,2454359.6418,30.0,1.51,H,H,,,,missingreplog_4U1822-371.csv,,,Data replog,,,4U1822-371,True,IR
ir070915.0209,3A 1822-371,18:25:44.7,-37:06:09,2007-09-16,03:24:56.1,2454359.6423,30.0,1.51,H,H,,,,missingreplog_4U1822-371.csv,,,Data replog,,,4U1822-371,True,IR
ir070915.0210,3A 1822-371,18:25:44.7,-37:06:08,2007-09-16,03:25:41.9,2454359.6428,30.0,1.51,H,H,,,,missingreplog_4U1822-371.csv,,,Data replog,,,4U1822-371,True,IR
ir070917.0143,3A 1822-371,18:25:44.9,-37:05:57,2007-09-18,02:18:28.7,2454361.5962,30.1,1.25,J,J,,,,missingreplog_4U1822-371.csv,,,Data replog,,,4U1822-371,True,IR
ir070917.0142,3A 1822-371,18:25:44.9,-37:05:57,2007-09-18,02:16:46.6,2454361.595,30.0,1.25,J,J,,,,missingreplog_4U1822-371.csv,,,Data replog,,,4U1822-371,True,IR
ir070917.0141,3A 1822-371,18:25:44.9,-37:05:57,2007-09-18,02:16:46.6,2454361.595,30.1,1.25,J,J,,,,missingreplog_4U1822-371.csv,,,Data replog,,,4U1822-371,True,IR
ir070917.0140,3A 1822-371,18:25:44.9,-37:05:56,2007-09-18,02:16:00.5,2454361.5945,30.1,1.24,J,J,,,,missingreplog_4U1822-371.csv,,,Data replog,,,4U1822-371,True,IR
ir070917.0139,3A 1822-371,18:25:44.9,-37:05:56,2007-09-18,02:15:14.8,2454361.5939,30.0,1.24,J,J,,,,missingreplog_4U1822-371.csv,,,Data replog,,,4U1822-371,True,IR
ir070917.0138,3A 1822-371,18:25:44.8,-37:05:56,2007-09-18,02:14:28.9,2454361.5934,30.0,1.24,J,J,,,,missingreplog_4U1822-371.csv,,,Data replog,,,4U1822-371,True,IR
ir070917.0137,3A 1822-371,18:25:44.8,-37:05:56,2007-09-18,02:13:42.8,2454361.5929,30.0,1.24,J,J,,,,missingreplog_4U1822-371.csv,,,Data replog,,,4U1822-371,True,IR
ir070917.0136,3A 1822-371,18:25:44.8,-37:05:56,2007-09-18,02:12:56.8,2454361.5923,30.0,1.23,J,J,,,,missingreplog_4U1822-371.csv,,,Data replog,,,4U1822-371,True,IR
ir070917.0135,3A 1822-371,18:25:44.8,-37:05:56,2007-09-18,02:12:11.0,2454361.5918,30.0,1.23,J,J,,,,missingreplog_4U1822-371.csv,,,Data replog,,,4U1822-371,True,IR
ir070917.0134,3A 1822-371,18:25:44.8,-37:05:56,2007-09-18,02:11:25.0,2454361.5913,30.1,1.23,J,J,,,,missingreplog_4U1822-371.csv,,,Data replog,,,4U1822-371,True,IR
ir070917.0133,3A 1822-371,18:25:44.8,-37:05:56,2007-09-18,02:10:39.1,2454361.5907,30.1,1.23,J,J,,,,missingreplog_4U1822-371.csv,,,Data replog,,,4U1822-371,True,IR
ir070917.0132,3A 1822-371,18:25:44.8,-37:05:56,2007-09-18,02:09:53.2,2454361.5902,30.0,1.22,J,J,,,,missingreplog_4U1822-371.csv,,,Data replog,,,4U1822-371,True,IR
ir070917.0131,3A 1822-371,18:25:44.8,-37:05:56,2007-09-18,02:09:07.3,2454361.5897,30.1,1.22,J,J,,,,missingreplog_4U1822-371.csv,,,Data replog,,,4U1822-371,True,IR
ir070917.0130,3A 1822-371,18:25:44.8,-37:05:56,2007-09-18,02:08:21.1,2454361.5891,30.0,1.22,J,J,,,,missingreplog_4U1822-371.csv,,,Data replog,,,4U1822-371,True,IR
ir070917.0129,3A 1822-371,18:25:44.8,-37:05:56,2007-09-18,02:07:35.2,2454361.5886,30.1,1.22,J,J,,,,missingreplog_4U1822-371.csv,,,Data replog,,,4U1822-371,True,IR
ir070917.0128,3A 1822-371,18:25:44.8,-37:05:55,2007-09-18,02:06:49.2,2454361.5881,30.1,1.21,J,J,,,,missingreplog_4U1822-371.csv,,,Data replog,,,4U1822-371,True,IR
ir070917.0127,3A 1822-371,18:25:44.8,-37:05:56,2007-09-18,02:06:03.0,2454361.5875,30.1,1.21,J,J,,,,missingreplog_4U1822-371.csv,,,Data replog,,,4U1822-371,True,IR
ir070917.0126,3A 1822-371,18:25:44.8,-37:05:56,2007-09-18,02:05:16.9,2454361.587,30.0,1.21,J,J,,,,missingreplog_4U1822-371.csv,,,Data replog,,,4U1822-371,True,IR
ir070917.0125,3A 1822-371,18:25:44.8,-37:05:56,2007-09-18,02:04:31.1,2454361.5865,30.0,1.21,J,J,,,,missingreplog_4U1822-371.csv,,,Data replog,,,4U1822-371,True,IR
ir070915.0214,3A 1822-371,18:25:44.6,-37:06:08,2007-09-16,03:28:46.5,2454359.645,30.1,1.53,H,H,,,,missingreplog_4U1822-371.csv,,,Data replog,,,4U1822-371,True,IR
ir070915.0213,3A 1822-371,18:25:44.6,-37:06:08,2007-09-16,03:28:00.3,2454359.6445,30.0,1.53,H,H,,,,missingreplog_4U1822-371.csv,,,Data replog,,,4U1822-371,True,IR
ir070915.0212,3A 1822-371,18:25:44.6,-37:06:08,2007-09-16,03:27:14.3,2454359.6439,30.1,1.52,H,H,,,,missingreplog_4U1822-371.csv,,,Data replog,,,4U1822-371,True,IR
ir070915.0211,3A 1822-371,18:25:44.7,-37:06:08,2007-09-16,03:26:28.1,2454359.6434,30.0,1.52,H,H,,,,missingreplog_4U1822-371.csv,,,Data replog,,,4U1822-371,True,IR
ir070915.0182,3A 1822-371,18:25:45.0,-37:06:07,2007-09-16,03:04:03.3,2454359.6278,30.0,1.4,K,K,,,,missingreplog_4U1822-371.csv,,,Data replog,,,4U1822-371,True,IR
ir070915.0180,3A 1822-371,18:25:45.0,-37:06:07,2007-09-16,03:02:31.4,2454359.6267,30.1,1.39,K,K,,,,missingreplog_4U1822-371.csv,,,Data replog,,,4U1822-371,True,IR
ir070917.0145,3A 1822-371,18:25:44.9,-37:05:57,2007-09-18,02:20:10.4,2454361.5973,30.0,1.26,K,K,,,,missingreplog_4U1822-371.csv,,,Data replog,,,4U1822-371,True,IR
ir070901.0199,3A 1822-371,18:25:46.3,-37:06:08,2007-09-02,03:06:23.7,2454345.6295,30.1,1.2,H,H,,,,missingreplog_4U1822-371.csv,,,Data replog,,,4U1822-371,True,IR
ir070901.0210,3A 1822-371,18:25:46.3,-37:06:07,2007-09-02,03:14:03.8,2454345.6348,30.0,1.23,H,H,,,,missingreplog_4U1822-371.csv,,,Data replog,,,4U1822-371,True,IR
ir070901.0209,3A 1822-371,18:25:46.3,-37:06:07,2007-09-02,03:14:03.8,2454345.6348,30.0,1.23,H,H,,,,missingreplog_4U1822-371.csv,,,Data replog,,,4U1822-371,True,IR
ir070901.0208,3A 1822-371,18:25:46.3,-37:06:07,2007-09-02,03:13:18.1,2454345.6343,30.0,1.23,H,H,,,,missingreplog_4U1822-371.csv,,,Data replog,,,4U1822-371,True,IR
ir070901.0207,3A 1822-371,18:25:46.3,-37:06:07,2007-09-02,03:12:32.2,2454345.6337,30.1,1.22,H,H,,,,missingreplog_4U1822-371.csv,,,Data replog,,,4U1822-371,True,IR
ir070901.0206,3A 1822-371,18:25:46.3,-37:06:07,2007-09-02,03:11:46.4,2454345.6332,30.1,1.22,H,H,,,,missingreplog_4U1822-371.csv,,,Data replog,,,4U1822-371,True,IR
ir070901.0205,3A 1822-371,18:25:46.2,-37:06:07,2007-09-02,03:11:00.3,2454345.6327,30.0,1.22,H,H,,,,missingreplog_4U1822-371.csv,,,Data replog,,,4U1822-371,True,IR
ir070901.0204,3A 1822-371,18:25:46.3,-37:06:07,2007-09-02,03:10:14.4,2454345.6321,30.0,1.22,H,H,,,,missingreplog_4U1822-371.csv,,,Data replog,,,4U1822-371,True,IR
ir070901.0203,3A 1822-371,18:25:46.3,-37:06:07,2007-09-02,03:09:28.3,2454345.6316,30.0,1.21,H,H,,,,missingreplog_4U1822-371.csv,,,Data replog,,,4U1822-371,True,IR
ir070901.0202,3A 1822-371,18:25:46.2,-37:06:07,2007-09-02,03:08:41.7,2454345.6311,30.1,1.21,H,H,,,,missingreplog_4U1822-371.csv,,,Data replog,,,4U1822-371,True,IR
ir070901.0201,3A 1822-371,18:25:46.3,-37:06:08,2007-09-02,03:07:55.7,2454345.6305,30.0,1.21,H,H,,,,missingreplog_4U1822-371.csv,,,Data replog,,,4U1822-371,True,IR
ir070901.0200,3A 1822-371,18:25:46.3,-37:06:08,2007-09-02,03:07:09.8,2454345.63,30.0,1.21,H,H,,,,missingreplog_4U1822-371.csv,,,Data replog,,,4U1822-371,True,IR
ir070901.0198,3A 1822-371,18:25:46.3,-37:06:08,2007-09-02,03:05:37.8,2454345.6289,30.1,1.2,H,H,,,,missingreplog_4U1822-371.csv,,,Data replog,,,4U1822-371,True,IR
ir070915.0179,3A 1822-371,18:25:45.1,-37:06:07,2007-09-16,03:01:45.4,2454359.6262,30.0,1.39,K,K,,,,missingreplog_4U1822-371.csv,,,Data replog,,,4U1822-371,True,IR
ir070901.0197,3A 1822-371,18:25:46.3,-37:06:08,2007-09-02,03:04:51.8,2454345.6284,30.0,1.2,H,H,,,,missingreplog_4U1822-371.csv,,,Data replog,,,4U1822-371,True,IR
ir070901.0196,3A 1822-371,18:25:46.3,-37:06:09,2007-09-02,03:04:05.7,2454345.6279,30.0,1.2,H,H,,,,missingreplog_4U1822-371.csv,,,Data replog,,,4U1822-371,True,IR
ir070901.0195,3A 1822-371,18:25:46.3,-37:06:09,2007-09-02,03:03:19.6,2454345.6273,30.1,1.2,H,H,,,,missingreplog_4U1822-371.csv,,,Data replog,,,4U1822-371,True,IR
ir070901.0194,3A 1822-371,18:25:46.3,-37:06:09,2007-09-02,03:02:33.8,2454345.6268,30.0,1.19,H,H,,,,missingreplog_4U1822-371.csv,,,Data replog,,,4U1822-371,True,IR
ir070901.0193,3A 1822-371,18:25:46.3,-37:06:09,2007-09-02,03:01:37.0,2454345.6261,30.0,1.19,K,K,,,,missingreplog_4U1822-371.csv,,,Data replog,,,4U1822-371,True,IR
ir070901.0192,3A 1822-371,18:25:46.2,-37:06:08,2007-09-02,03:00:51.0,2454345.6256,30.1,1.19,K,K,,,,missingreplog_4U1822-371.csv,,,Data replog,,,4U1822-371,True,IR
ir070901.0191,3A 1822-371,18:25:46.2,-37:06:08,2007-09-02,03:00:05.3,2454345.6251,30.1,1.19,K,K,,,,missingreplog_4U1822-371.csv,,,Data replog,,,4U1822-371,True,IR
ir070901.0190,3A 1822-371,18:25:46.3,-37:06:08,2007-09-02,02:59:19.3,2454345.6245,30.0,1.19,K,K,,,,missingreplog_4U1822-371.csv,,,Data replog,,,4U1822-371,True,IR
ir070901.0189,3A 1822-371,18:25:46.2,-37:06:09,2007-09-02,02:58:33.2,2454345.624,30.1,1.18,K,K,,,,missingreplog_4U1822-371.csv,,,Data replog,,,4U1822-371,True,IR
ir070901.0188,3A 1822-371,18:25:46.2,-37:06:08,2007-09-02,02:57:47.5,2454345.6235,30.1,1.18,K,K,,,,missingreplog_4U1822-371.csv,,,Data replog,,,4U1822-371,True,IR
ir070901.0187,3A 1822-371,18:25:46.2,-37:06:08,2007-09-02,02:57:01.8,2454345.623,30.1,1.18,K,K,,,,missingreplog_4U1822-371.csv,,,Data replog,,,4U1822-371,True,IR
ir070901.0211,3A 1822-371,18:25:46.3,-37:06:07,2007-09-02,03:15:45.9,2454345.636,30.0,1.23,H,H,,,,missingreplog_4U1822-371.csv,,,Data replog,,,4U1822-371,True,IR
ir070901.0212,3A 1822-371,18:25:46.3,-37:06:07,2007-09-02,03:16:31.8,2454345.6365,30.0,1.24,H,H,,,,missingreplog_4U1822-371.csv,,,Data replog,,,4U1822-371,True,IR
ir070901.0213,3A 1822-371,18:25:46.4,-37:06:08,2007-09-02,03:17:17.8,2454345.637,30.1,1.24,H,H,,,,missingreplog_4U1822-371.csv,,,Data replog,,,4U1822-371,True,IR
ir070915.0155,3A 1822-371,18:25:45.4,-37:06:05,2007-09-16,02:43:09.9,2454359.6133,30.1,1.31,J,J,,,,missingreplog_4U1822-371.csv,,,Data replog,,,4U1822-371,True,IR
ir070915.0178,3A 1822-371,18:25:45.1,-37:06:07,2007-09-16,03:00:59.4,2454359.6257,30.1,1.39,K,K,,,,missingreplog_4U1822-371.csv,,,Data replog,,,4U1822-371,True,IR
ir070915.0177,3A 1822-371,18:25:45.1,-37:06:06,2007-09-16,03:00:13.2,2454359.6252,30.0,1.38,K,K,,,,missingreplog_4U1822-371.csv,,,Data replog,,,4U1822-371,True,IR
ir070915.0176,3A 1822-371,18:25:45.1,-37:06:06,2007-09-16,02:59:26.9,2454359.6246,30.0,1.38,K,K,,,,missingreplog_4U1822-371.csv,,,Data replog,,,4U1822-371,True,IR
ir070915.0175,3A 1822-371,18:25:45.1,-37:06:06,2007-09-16,02:58:41.2,2454359.6241,30.1,1.38,K,K,,,,missingreplog_4U1822-371.csv,,,Data replog,,,4U1822-371,True,IR
ir070915.0174,3A 1822-371,18:25:45.1,-37:06:06,2007-09-16,02:57:45.5,2454359.6234,30.0,1.37,J,J,,,,missingreplog_4U1822-371.csv,,,Data replog,,,4U1822-371,True,IR
ir070915.0173,3A 1822-371,18:25:45.1,-37:06:06,2007-09-16,02:56:59.2,2454359.6229,30.1,1.37,J,J,,,,missingreplog_4U1822-371.csv,,,Data replog,,,4U1822-371,True,IR
ir070915.0172,3A 1822-371,18:25:45.1,-37:06:05,2007-09-16,02:56:13.1,2454359.6224,30.0,1.36,J,J,,,,missingreplog_4U1822-371.csv,,,Data replog,,,4U1822-371,True,IR
ir070915.0171,3A 1822-371,18:25:45.1,-37:06:05,2007-09-16,02:55:26.8,2454359.6218,30.1,1.36,J,J,,,,missingreplog_4U1822-371.csv,,,Data replog,,,4U1822-371,True,IR
ir070915.0170,3A 1822-371,18:25:45.2,-37:06:06,2007-09-16,02:54:40.3,2454359.6213,30.1,1.36,J,J,,,,missingreplog_4U1822-371.csv,,,Data replog,,,4U1822-371,True,IR
ir070915.0169,3A 1822-371,18:25:45.2,-37:06:05,2007-09-16,02:53:54.4,2454359.6208,30.0,1.35,J,J,,,,missingreplog_4U1822-371.csv,,,Data replog,,,4U1822-371,True,IR
ir070915.0168,3A 1822-371,18:25:45.2,-37:06:05,2007-09-16,02:53:08.5,2454359.6202,30.0,1.35,J,J,,,,missingreplog_4U1822-371.csv,,,Data replog,,,4U1822-371,True,IR
ir070915.0167,3A 1822-371,18:25:45.2,-37:06:05,2007-09-16,02:52:22.3,2454359.6197,30.0,1.35,J,J,,,,missingreplog_4U1822-371.csv,,,Data replog,,,4U1822-371,True,IR
ir070915.0166,3A 1822-371,18:25:45.2,-37:06:05,2007-09-16,02:51:36.2,2454359.6192,30.1,1.34,J,J,,,,missingreplog_4U1822-371.csv,,,Data replog,,,4U1822-371,True,IR
ir070915.0165,3A 1822-371,18:25:45.2,-37:06:05,2007-09-16,02:50:50.4,2454359.6186,30.0,1.34,J,J,,,,missingreplog_4U1822-371.csv,,,Data replog,,,4U1822-371,True,IR
ir070915.0164,3A 1822-371,18:25:45.3,-37:06:05,2007-09-16,02:50:04.1,2454359.6181,30.0,1.34,J,J,,,,missingreplog_4U1822-371.csv,,,Data replog,,,4U1822-371,True,IR
ir070915.0163,3A 1822-371,18:25:45.3,-37:06:05,2007-09-16,02:49:17.7,2454359.6176,30.0,1.33,J,J,,,,missingreplog_4U1822-371.csv,,,Data replog,,,4U1822-371,True,IR
ir070915.0162,3A 1822-371,18:25:45.3,-37:06:05,2007-09-16,02:48:31.8,2454359.617,30.1,1.33,J,J,,,,missingreplog_4U1822-371.csv,,,Data replog,,,4U1822-371,True,IR
ir070915.0161,3A 1822-371,18:25:45.3,-37:06:05,2007-09-16,02:47:46.1,2454359.6165,30.0,1.33,J,J,,,,missingreplog_4U1822-371.csv,,,Data replog,,,4U1822-371,True,IR
ir070915.0160,3A 1822-371,18:25:45.3,-37:06:05,2007-09-16,02:47:00.1,2454359.616,30.1,1.33,J,J,,,,missingreplog_4U1822-371.csv,,,Data replog,,,4U1822-371,True,IR
ir070915.0159,3A 1822-371,18:25:45.3,-37:06:05,2007-09-16,02:46:13.9,2454359.6154,30.0,1.32,J,J,,,,missingreplog_4U1822-371.csv,,,Data replog,,,4U1822-371,True,IR
ir070915.0158,3A 1822-371,18:25:45.3,-37:06:05,2007-09-16,02:45:28.0,2454359.6149,30.0,1.32,J,J,,,,missingreplog_4U1822-371.csv,,,Data replog,,,4U1822-371,True,IR
ir070915.0157,3A 1822-371,18:25:45.4,-37:06:05,2007-09-16,02:44:41.9,2454359.6144,30.0,1.32,J,J,,,,missingreplog_4U1822-371.csv,,,Data replog,,,4U1822-371,True,IR
ir070915.0156,3A 1822-371,18:25:45.4,-37:06:05,2007-09-16,02:43:55.8,2454359.6138,30.1,1.31,J,J,,,,missingreplog_4U1822-371.csv,,,Data replog,,,4U1822-371,True,IR
ir070917.0144,3A 1822-371,18:25:44.9,-37:05:57,2007-09-18,02:19:15.0,2454361.5967,30.1,1.25,J,J,,,,missingreplog_4U1822-371.csv,,,Data replog,,,4U1822-371,True,IR
ir070917.0146,3A 1822-371,18:25:44.9,-37:05:57,2007-09-18,02:20:56.4,2454361.5979,30.1,1.26,K,K,,,,missingreplog_4U1822-371.csv,,,Data replog,,,4U1822-371,True,IR
ir080407.0247,3A 1822-371,18:25:46.5,-37:06:20,2008-04-08,07:15:13.8,2454564.8023,30.0,1.22,K,K,,,,missingreplog_4U1822-371.csv,,,Data replog,,,4U1822-371,True,IR
ir070925.0145,3A 1822-371,18:25:46.6,-37:06:17,2007-09-26,01:53:46.2,2454369.579,30.0,1.27,K,K,,,,missingreplog_4U1822-371.csv,,,Data replog,,,4U1822-371,True,IR
ir070925.0156,3A 1822-371,18:25:46.4,-37:06:16,2007-09-26,02:02:37.5,2454369.5852,30.0,1.31,H,H,,,,missingreplog_4U1822-371.csv,,,Data replog,,,4U1822-371,True,IR
ir070925.0155,3A 1822-371,18:25:46.5,-37:06:16,2007-09-26,02:01:51.1,2454369.5846,30.1,1.3,H,H,,,,missingreplog_4U1822-371.csv,,,Data replog,,,4U1822-371,True,IR
ir070925.0154,3A 1822-371,18:25:46.5,-37:06:16,2007-09-26,02:00:53.3,2454369.5839,30.1,1.3,K,K,,,,missingreplog_4U1822-371.csv,,,Data replog,,,4U1822-371,True,IR
ir070925.0153,3A 1822-371,18:25:46.5,-37:06:17,2007-09-26,02:00:06.7,2454369.5834,30.0,1.3,K,K,,,,missingreplog_4U1822-371.csv,,,Data replog,,,4U1822-371,True,IR
ir070925.0152,3A 1822-371,18:25:46.6,-37:06:17,2007-09-26,01:59:20.3,2454369.5829,30.1,1.29,K,K,,,,missingreplog_4U1822-371.csv,,,Data replog,,,4U1822-371,True,IR
ir070925.0151,3A 1822-371,18:25:46.6,-37:06:17,2007-09-26,01:57:38.0,2454369.5817,30.0,1.29,K,K,,,,missingreplog_4U1822-371.csv,,,Data replog,,,4U1822-371,True,IR
ir070925.0150,3A 1822-371,18:25:46.6,-37:06:17,2007-09-26,01:57:38.0,2454369.5817,30.0,1.29,K,K,,,,missingreplog_4U1822-371.csv,,,Data replog,,,4U1822-371,True,IR
ir070925.0149,3A 1822-371,18:25:46.6,-37:06:17,2007-09-26,01:56:51.6,2454369.5811,30.0,1.28,K,K,,,,missingreplog_4U1822-371.csv,,,Data replog,,,4U1822-371,True,IR
ir070925.0148,3A 1822-371,18:25:46.6,-37:06:17,2007-09-26,01:56:05.4,2454369.5806,30.1,1.28,K,K,,,,missingreplog_4U1822-371.csv,,,Data replog,,,4U1822-371,True,IR
ir070925.0147,3A 1822-371,18:25:46.6,-37:06:17,2007-09-26,01:55:19.1,2454369.5801,30.0,1.28,K,K,,,,missingreplog_4U1822-371.csv,,,Data replog,,,4U1822-371,True,IR
ir070925.0146,3A 1822-371,18:25:46.7,-37:06:17,2007-09-26,01:54:32.6,2454369.5795,30.0,1.28,K,K,,,,missingreplog_4U1822-371.csv,,,Data replog,,,4U1822-371,True,IR
ir070925.0144,3A 1822-371,18:25:46.6,-37:06:17,2007-09-26,01:52:59.7,2454369.5785,30.0,1.27,K,K,,,,missingreplog_4U1822-371.csv,,,Data replog,,,4U1822-371,True,IR
ir070925.0131,3A 1822-371,18:25:46.5,-37:06:15,2007-09-26,01:42:46.8,2454369.5714,30.0,1.24,J,J,,,,missingreplog_4U1822-371.csv,,,Data replog,,,4U1822-371,True,IR
ir070925.0143,3A 1822-371,18:25:46.6,-37:06:17,2007-09-26,01:52:13.2,2454369.5779,30.0,1.27,K,K,,,,missingreplog_4U1822-371.csv,,,Data replog,,,4U1822-371,True,IR
ir070925.0142,3A 1822-371,18:25:46.7,-37:06:17,2007-09-26,01:51:27.0,2454369.5774,30.0,1.27,K,K,,,,missingreplog_4U1822-371.csv,,,Data replog,,,4U1822-371,True,IR
ir070925.0141,3A 1822-371,18:25:46.6,-37:06:17,2007-09-26,01:50:40.8,2454369.5769,30.1,1.26,K,K,,,,missingreplog_4U1822-371.csv,,,Data replog,,,4U1822-371,True,IR
ir070925.0140,3A 1822-371,18:25:46.7,-37:06:16,2007-09-26,01:49:54.4,2454369.5763,30.0,1.26,K,K,,,,missingreplog_4U1822-371.csv,,,Data replog,,,4U1822-371,True,IR
ir070925.0139,3A 1822-371,18:25:46.6,-37:06:16,2007-09-26,01:49:07.9,2454369.5758,30.0,1.26,K,K,,,,missingreplog_4U1822-371.csv,,,Data replog,,,4U1822-371,True,IR
ir070925.0138,3A 1822-371,18:25:46.6,-37:06:16,2007-09-26,01:48:21.8,2454369.5753,30.1,1.25,K,K,,,,missingreplog_4U1822-371.csv,,,Data replog,,,4U1822-371,True,IR
ir070925.0137,3A 1822-371,18:25:46.6,-37:06:16,2007-09-26,01:47:35.3,2454369.5747,30.0,1.25,K,K,,,,missingreplog_4U1822-371.csv,,,Data replog,,,4U1822-371,True,IR
ir070925.0136,3A 1822-371,18:25:46.6,-37:06:16,2007-09-26,01:46:48.7,2454369.5742,30.1,1.25,K,K,,,,missingreplog_4U1822-371.csv,,,Data replog,,,4U1822-371,True,IR
ir070925.0135,3A 1822-371,18:25:46.6,-37:06:16,2007-09-26,01:46:02.7,2454369.5736,30.0,1.25,K,K,,,,missingreplog_4U1822-371.csv,,,Data replog,,,4U1822-371,True,IR
ir070925.0134,3A 1822-371,18:25:46.6,-37:06:15,2007-09-26,01:45:05.8,2454369.573,30.1,1.24,J,J,,,,missingreplog_4U1822-371.csv,,,Data replog,,,4U1822-371,True,IR
ir070925.0133,3A 1822-371,18:25:46.6,-37:06:15,2007-09-26,01:44:19.2,2454369.5724,30.0,1.24,J,J,,,,missingreplog_4U1822-371.csv,,,Data replog,,,4U1822-371,True,IR
ir070925.0157,3A 1822-371,18:25:46.5,-37:06:17,2007-09-26,02:03:23.9,2454369.5857,30.1,1.31,H,H,,,,missingreplog_4U1822-371.csv,,,Data replog,,,4U1822-371,True,IR
ir070925.0158,3A 1822-371,18:25:46.4,-37:06:17,2007-09-26,02:04:10.2,2454369.5862,30.0,1.31,H,H,,,,missingreplog_4U1822-371.csv,,,Data replog,,,4U1822-371,True,IR
ir070925.0159,3A 1822-371,18:25:46.4,-37:06:17,2007-09-26,02:04:56.5,2454369.5868,30.1,1.31,H,H,,,,missingreplog_4U1822-371.csv,,,Data replog,,,4U1822-371,True,IR
ir070925.0160,3A 1822-371,18:25:46.4,-37:06:17,2007-09-26,02:05:42.6,2454369.5873,30.0,1.32,H,H,,,,missingreplog_4U1822-371.csv,,,Data replog,,,4U1822-371,True,IR
ir080312.0328,3A 1822-371,18:25:45.8,-37:06:17,2008-03-13,08:47:00.0,2454538.866,30.1,1.26,J,J,,,,missingreplog_4U1822-371.csv,,,Data replog,,,4U1822-371,True,IR
ir080312.0327,3A 1822-371,18:25:45.8,-37:06:17,2008-03-13,08:46:14.0,2454538.8654,30.0,1.26,J,J,,,,missingreplog_4U1822-371.csv,,,Data replog,,,4U1822-371,True,IR
ir080312.0326,3A 1822-371,18:25:45.8,-37:06:17,2008-03-13,08:45:27.9,2454538.8649,30.0,1.26,J,J,,,,missingreplog_4U1822-371.csv,,,Data replog,,,4U1822-371,True,IR
ir080312.0325,3A 1822-371,18:25:45.8,-37:06:17,2008-03-13,08:44:41.6,2454538.8644,30.0,1.26,J,J,,,,missingreplog_4U1822-371.csv,,,Data replog,,,4U1822-371,True,IR
ir080312.0324,3A 1822-371,18:25:45.8,-37:06:17,2008-03-13,08:43:55.3,2454538.8638,30.0,1.27,J,J,,,,missingreplog_4U1822-371.csv,,,Data replog,,,4U1822-371,True,IR
ir080312.0323,3A 1822-371,18:25:45.8,-37:06:17,2008-03-13,08:43:09.2,2454538.8633,30.1,1.27,J,J,,,,missingreplog_4U1822-371.csv,,,Data replog,,,4U1822-371,True,IR
ir080312.0322,3A 1822-371,18:25:45.8,-37:06:16,2008-03-13,08:42:22.9,2454538.8628,30.1,1.27,J,J,,,,missingreplog_4U1822-371.csv,,,Data replog,,,4U1822-371,True,IR
ir080312.0321,3A 1822-371,18:25:45.8,-37:06:17,2008-03-13,08:41:36.6,2454538.8622,30.0,1.27,J,J,,,,missingreplog_4U1822-371.csv,,,Data replog,,,4U1822-371,True,IR
ir080312.0320,3A 1822-371,18:25:45.9,-37:06:17,2008-03-13,08:40:50.6,2454538.8617,30.1,1.28,J,J,,,,missingreplog_4U1822-371.csv,,,Data replog,,,4U1822-371,True,IR
ir070925.0174,3A 1822-371,18:25:46.2,-37:06:17,2007-09-26,02:16:50.8,2454369.595,30.0,1.36,H,H,,,,missingreplog_4U1822-371.csv,,,Data replog,,,4U1822-371,True,IR
ir070925.0173,3A 1822-371,18:25:46.2,-37:06:17,2007-09-26,02:16:04.4,2454369.5945,30.0,1.36,H,H,,,,missingreplog_4U1822-371.csv,,,Data replog,,,4U1822-371,True,IR
ir070925.0172,3A 1822-371,18:25:46.2,-37:06:17,2007-09-26,02:15:18.1,2454369.594,30.0,1.36,H,H,,,,missingreplog_4U1822-371.csv,,,Data replog,,,4U1822-371,True,IR
ir070925.0171,3A 1822-371,18:25:46.3,-37:06:17,2007-09-26,02:13:35.2,2454369.5928,30.0,1.35,H,H,,,,missingreplog_4U1822-371.csv,,,Data replog,,,4U1822-371,True,IR
ir070925.0170,3A 1822-371,18:25:46.3,-37:06:17,2007-09-26,02:13:35.2,2454369.5928,30.1,1.35,H,H,,,,missingreplog_4U1822-371.csv,,,Data replog,,,4U1822-371,True,IR
ir070925.0169,3A 1822-371,18:25:46.3,-37:06:17,2007-09-26,02:12:49.1,2454369.5922,30.0,1.35,H,H,,,,missingreplog_4U1822-371.csv,,,Data replog,,,4U1822-371,True,IR
ir070925.0168,3A 1822-371,18:25:46.3,-37:06:17,2007-09-26,02:12:03.0,2454369.5917,30.1,1.34,H,H,,,,missingreplog_4U1822-371.csv,,,Data replog,,,4U1822-371,True,IR
ir070925.0167,3A 1822-371,18:25:46.3,-37:06:17,2007-09-26,02:11:16.5,2454369.5912,30.0,1.34,H,H,,,,missingreplog_4U1822-371.csv,,,Data replog,,,4U1822-371,True,IR
ir070925.0166,3A 1822-371,18:25:46.3,-37:06:17,2007-09-26,02:10:30.0,2454369.5906,30.0,1.34,H,H,,,,missingreplog_4U1822-371.csv,,,Data replog,,,4U1822-371,True,IR
ir070925.0165,3A 1822-371,18:25:46.3,-37:06:17,2007-09-26,02:08:47.8,2454369.5894,30.1,1.33,H,H,,,,missingreplog_4U1822-371.csv,,,Data replog,,,4U1822-371,True,IR
ir070925.0164,3A 1822-371,18:25:46.3,-37:06:17,2007-09-26,02:08:47.8,2454369.5894,30.0,1.33,H,H,,,,missingreplog_4U1822-371.csv,,,Data replog,,,4U1822-371,True,IR
ir070925.0163,3A 1822-371,18:25:46.3,-37:06:17,2007-09-26,02:08:01.2,2454369.5889,30.0,1.33,H,H,,,,missingreplog_4U1822-371.csv,,,Data replog,,,4U1822-371,True,IR
ir070925.0162,3A 1822-371,18:25:46.3,-37:06:17,2007-09-26,02:07:14.9,2454369.5884,30.1,1.32,H,H,,,,missingreplog_4U1822-371.csv,,,Data replog,,,4U1822-371,True,IR
ir070925.0161,3A 1822-371,18:25:46.4,-37:06:17,2007-09-26,02:06:28.7,2454369.5878,30.0,1.32,H,H,,,,missingreplog_4U1822-371.csv,,,Data replog,,,4U1822-371,True,IR
ir070925.0132,3A 1822-371,18:25:46.6,-37:06:15,2007-09-26,01:43:33.2,2454369.5719,30.1,1.24,J,J,,,,missingreplog_4U1822-371.csv,,,Data replog,,,4U1822-371,True,IR
ir070925.0130,3A 1822-371,18:25:46.5,-37:06:15,2007-09-26,01:42:00.4,2454369.5708,30.1,1.23,J,J,,,,missingreplog_4U1822-371.csv,,,Data replog,,,4U1822-371,True,IR
ir070917.0147,3A 1822-371,18:25:44.9,-37:05:57,2007-09-18,02:21:42.5,2454361.5984,30.0,1.26,K,K,,,,missingreplog_4U1822-371.csv,,,Data replog,,,4U1822-371,True,IR
ir070917.0160,3A 1822-371,18:25:44.7,-37:05:58,2007-09-18,02:32:00.6,2454361.6056,30.0,1.3,K,K,,,,missingreplog_4U1822-371.csv,,,Data replog,,,4U1822-371,True,IR
ir070917.0171,3A 1822-371,18:25:44.5,-37:05:59,2007-09-18,02:40:37.5,2454361.6116,30.0,1.33,H,H,,,,missingreplog_4U1822-371.csv,,,Data replog,,,4U1822-371,True,IR
ir070917.0170,3A 1822-371,18:25:44.5,-37:05:59,2007-09-18,02:39:51.4,2454361.611,30.1,1.33,H,H,,,,missingreplog_4U1822-371.csv,,,Data replog,,,4U1822-371,True,IR
ir070917.0169,3A 1822-371,18:25:44.5,-37:05:59,2007-09-18,02:39:05.3,2454361.6105,30.0,1.33,H,H,,,,missingreplog_4U1822-371.csv,,,Data replog,,,4U1822-371,True,IR
ir070917.0168,3A 1822-371,18:25:44.6,-37:05:59,2007-09-18,02:38:19.5,2454361.6099,30.0,1.32,H,H,,,,missingreplog_4U1822-371.csv,,,Data replog,,,4U1822-371,True,IR
ir070917.0167,3A 1822-371,18:25:44.6,-37:05:59,2007-09-18,02:37:33.1,2454361.6094,30.0,1.32,H,H,,,,missingreplog_4U1822-371.csv,,,Data replog,,,4U1822-371,True,IR
ir070917.0166,3A 1822-371,18:25:44.6,-37:05:59,2007-09-18,02:36:47.0,2454361.6089,30.0,1.32,H,H,,,,missingreplog_4U1822-371.csv,,,Data replog,,,4U1822-371,True,IR
ir070917.0165,3A 1822-371,18:25:44.6,-37:05:59,2007-09-18,02:36:00.9,2454361.6083,30.0,1.31,H,H,,,,missingreplog_4U1822-371.csv,,,Data replog,,,4U1822-371,True,IR
ir070917.0164,3A 1822-371,18:25:44.6,-37:05:58,2007-09-18,02:35:04.7,2454361.6077,30.0,1.31,K,K,,,,missingreplog_4U1822-371.csv,,,Data replog,,,4U1822-371,True,IR
ir070917.0163,3A 1822-371,18:25:44.7,-37:05:59,2007-09-18,02:34:18.7,2454361.6072,30.0,1.31,K,K,,,,missingreplog_4U1822-371.csv,,,Data replog,,,4U1822-371,True,IR
ir070917.0162,3A 1822-371,18:25:44.7,-37:05:58,2007-09-18,02:33:32.9,2454361.6066,30.0,1.3,K,K,,,,missingreplog_4U1822-371.csv,,,Data replog,,,4U1822-371,True,IR
ir070917.0161,3A 1822-371,18:25:44.7,-37:05:59,2007-09-18,02:32:46.8,2454361.6061,30.0,1.3,K,K,,,,missingreplog_4U1822-371.csv,,,Data replog,,,4U1822-371,True,IR
ir070917.0159,3A 1822-371,18:25:44.8,-37:05:58,2007-09-18,02:31:14.5,2454361.605,30.0,1.3,K,K,,,,missingreplog_4U1822-371.csv,,,Data replog,,,4U1822-371,True,IR
ir070925.0129,3A 1822-371,18:25:46.5,-37:06:15,2007-09-26,01:41:14.2,2454369.5703,30.0,1.23,J,J,,,,missingreplog_4U1822-371.csv,,,Data replog,,,4U1822-371,True,IR
ir070917.0158,3A 1822-371,18:25:44.8,-37:05:58,2007-09-18,02:30:28.8,2454361.6045,30.0,1.29,K,K,,,,missingreplog_4U1822-371.csv,,,Data replog,,,4U1822-371,True,IR
ir070917.0157,3A 1822-371,18:25:44.8,-37:05:58,2007-09-18,02:29:42.8,2454361.604,30.1,1.29,K,K,,,,missingreplog_4U1822-371.csv,,,Data replog,,,4U1822-371,True,IR
ir070917.0156,3A 1822-371,18:25:44.8,-37:05:58,2007-09-18,02:28:56.8,2454361.6034,30.1,1.29,K,K,,,,missingreplog_4U1822-371.csv,,,Data replog,,,4U1822-371,True,IR
ir070917.0155,3A 1822-371,18:25:44.9,-37:05:58,2007-09-18,02:26:19.3,2454361.6016,30.0,1.28,K,K,,,,missingreplog_4U1822-371.csv,,,Data replog,,,4U1822-371,True,IR
ir070917.0154,3A 1822-371,18:25:44.9,-37:05:58,2007-09-18,02:26:19.3,2454361.6016,30.0,1.28,K,K,,,,missingreplog_4U1822-371.csv,,,Data replog,,,4U1822-371,True,IR
ir070917.0153,3A 1822-371,18:25:44.9,-37:05:58,2007-09-18,02:26:19.3,2454361.6016,30.0,1.28,K,K,,,,missingreplog_4U1822-371.csv,,,Data replog,,,4U1822-371,True,IR
ir070917.0152,3A 1822-371,18:25:44.9,-37:05:58,2007-09-18,02:25:33.4,2454361.6011,30.1,1.27,K,K,,,,missingreplog_4U1822-371.csv,,,Data replog,,,4U1822-371,True,IR
ir070917.0151,3A 1822-371,18:25:44.9,-37:05:58,2007-09-18,02:24:47.4,2454361.6006,30.0,1.27,K,K,,,,missingreplog_4U1822-371.csv,,,Data replog,,,4U1822-371,True,IR
ir070917.0150,3A 1822-371,18:25:44.9,-37:05:58,2007-09-18,02:24:01.2,2454361.6,30.0,1.27,K,K,,,,missingreplog_4U1822-371.csv,,,Data replog,,,4U1822-371,True,IR
ir070917.0149,3A 1822-371,18:25:44.9,-37:05:58,2007-09-18,02:23:15.1,2454361.5995,30.1,1.27,K,K,,,,missingreplog_4U1822-371.csv,,,Data replog,,,4U1822-371,True,IR
ir070917.0148,3A 1822-371,18:25:44.9,-37:05:58,2007-09-18,02:22:29.3,2454361.599,30.0,1.26,K,K,,,,missingreplog_4U1822-371.csv,,,Data replog,,,4U1822-371,True,IR
ir070917.0172,3A 1822-371,18:25:44.5,-37:05:59,2007-09-18,02:41:23.2,2454361.6121,30.1,1.33,H,H,,,,missingreplog_4U1822-371.csv,,,Data replog,,,4U1822-371,True,IR
ir070917.0173,3A 1822-371,18:25:44.4,-37:05:59,2007-09-18,02:42:09.0,2454361.6126,30.0,1.34,H,H,,,,missingreplog_4U1822-371.csv,,,Data replog,,,4U1822-371,True,IR
ir070917.0174,3A 1822-371,18:25:44.4,-37:05:59,2007-09-18,02:42:55.2,2454361.6131,30.1,1.34,H,H,,,,missingreplog_4U1822-371.csv,,,Data replog,,,4U1822-371,True,IR
ir070917.0175,3A 1822-371,18:25:44.4,-37:05:59,2007-09-18,02:43:41.4,2454361.6137,30.1,1.34,H,H,,,,missingreplog_4U1822-371.csv,,,Data replog,,,4U1822-371,True,IR
ir070925.0128,3A 1822-371,18:25:46.5,-37:06:14,2007-09-26,01:40:28.0,2454369.5698,30.1,1.23,J,J,,,,missingreplog_4U1822-371.csv,,,Data replog,,,4U1822-371,True,IR
ir070925.0127,3A 1822-371,18:25:46.5,-37:06:14,2007-09-26,01:39:41.7,2454369.5692,30.0,1.23,J,J,,,,missingreplog_4U1822-371.csv,,,Data replog,,,4U1822-371,True,IR
ir070925.0126,3A 1822-371,18:25:46.5,-37:06:14,2007-09-26,01:38:55.2,2454369.5687,30.1,1.23,J,J,,,,missingreplog_4U1822-371.csv,,,Data replog,,,4U1822-371,True,IR
ir070925.0125,3A 1822-371,18:25:46.5,-37:06:14,2007-09-26,01:38:09.2,2454369.5682,30.1,1.22,J,J,,,,missingreplog_4U1822-371.csv,,,Data replog,,,4U1822-371,True,IR
ir070925.0124,3A 1822-371,18:25:46.5,-37:06:14,2007-09-26,01:37:22.7,2454369.5676,30.1,1.22,J,J,,,,missingreplog_4U1822-371.csv,,,Data replog,,,4U1822-371,True,IR
ir070925.0123,3A 1822-371,18:25:46.5,-37:06:14,2007-09-26,01:36:36.3,2454369.5671,30.1,1.22,J,J,,,,missingreplog_4U1822-371.csv,,,Data replog,,,4U1822-371,True,IR
ir070925.0122,3A 1822-371,18:25:46.5,-37:06:15,2007-09-26,01:35:50.1,2454369.5666,30.0,1.22,J,J,,,,missingreplog_4U1822-371.csv,,,Data replog,,,4U1822-371,True,IR
ir070925.0121,3A 1822-371,18:25:46.5,-37:06:15,2007-09-26,01:35:04.1,2454369.566,30.1,1.21,J,J,,,,missingreplog_4U1822-371.csv,,,Data replog,,,4U1822-371,True,IR
ir070925.0120,3A 1822-371,18:25:46.5,-37:06:15,2007-09-26,01:34:17.8,2454369.5655,30.0,1.21,J,J,,,,missingreplog_4U1822-371.csv,,,Data replog,,,4U1822-371,True,IR
ir070925.0119,3A 1822-371,18:25:46.6,-37:06:15,2007-09-26,01:33:31.4,2454369.565,30.1,1.21,J,J,,,,missingreplog_4U1822-371.csv,,,Data replog,,,4U1822-371,True,IR
ir070925.0118,3A 1822-371,18:25:46.6,-37:06:16,2007-09-26,01:31:49.4,2454369.5638,30.0,1.2,J,J,,,,missingreplog_4U1822-371.csv,,,Data replog,,,4U1822-371,True,IR
ir070925.0117,3A 1822-371,18:25:46.6,-37:06:16,2007-09-26,01:31:49.4,2454369.5638,30.1,1.2,J,J,,,,missingreplog_4U1822-371.csv,,,Data replog,,,4U1822-371,True,IR
ir070925.0116,3A 1822-371,18:25:46.7,-37:06:17,2007-09-26,01:31:03.1,2454369.5632,30.0,1.2,J,J,,,,missingreplog_4U1822-371.csv,,,Data replog,,,4U1822-371,True,IR
ir070925.0115,3A 1822-371,18:25:46.7,-37:06:18,2007-09-26,01:30:17.0,2454369.5627,30.1,1.2,J,J,,,,missingreplog_4U1822-371.csv,,,Data replog,,,4U1822-371,True,IR
ir070917.0184,3A 1822-371,18:25:44.4,-37:06:00,2007-09-18,02:50:35.8,2454361.6185,30.0,1.37,H,H,,,,missingreplog_4U1822-371.csv,,,Data replog,,,4U1822-371,True,IR
ir070917.0183,3A 1822-371,18:25:44.4,-37:06:00,2007-09-18,02:49:49.8,2454361.6179,30.1,1.37,H,H,,,,missingreplog_4U1822-371.csv,,,Data replog,,,4U1822-371,True,IR
ir070917.0182,3A 1822-371,18:25:44.4,-37:06:00,2007-09-18,02:49:03.8,2454361.6174,30.1,1.37,H,H,,,,missingreplog_4U1822-371.csv,,,Data replog,,,4U1822-371,True,IR
ir070917.0181,3A 1822-371,18:25:44.4,-37:06:00,2007-09-18,02:48:17.7,2454361.6169,30.0,1.36,H,H,,,,missingreplog_4U1822-371.csv,,,Data replog,,,4U1822-371,True,IR
ir070917.0180,3A 1822-371,18:25:44.4,-37:06:00,2007-09-18,02:47:31.3,2454361.6163,30.0,1.36,H,H,,,,missingreplog_4U1822-371.csv,,,Data replog,,,4U1822-371,True,IR
ir070917.0179,3A 1822-371,18:25:44.4,-37:06:00,2007-09-18,02:46:45.4,2454361.6158,30.0,1.36,H,H,,,,missingreplog_4U1822-371.csv,,,Data replog,,,4U1822-371,True,IR
ir070917.0178,3A 1822-371,18:25:44.4,-37:06:00,2007-09-18,02:45:59.4,2454361.6153,30.0,1.35,H,H,,,,missingreplog_4U1822-371.csv,,,Data replog,,,4U1822-371,True,IR
ir070917.0177,3A 1822-371,18:25:44.4,-37:05:59,2007-09-18,02:45:13.3,2454361.6147,30.0,1.35,H,H,,,,missingreplog_4U1822-371.csv,,,Data replog,,,4U1822-371,True,IR
ir070917.0176,3A 1822-371,18:25:44.4,-37:05:59,2007-09-18,02:44:27.1,2454361.6142,30.1,1.35,H,H,,,,missingreplog_4U1822-371.csv,,,Data replog,,,4U1822-371,True,IR
ir070901.0186,3A 1822-371,18:25:46.2,-37:06:08,2007-09-02,02:56:16.0,2454345.6224,30.0,1.18,K,K,,,,missingreplog_4U1822-371.csv,,,Data replog,,,4U1822-371,True,IR
ir070901.0185,3A 1822-371,18:25:46.2,-37:06:08,2007-09-02,02:55:29.9,2454345.6219,30.1,1.18,K,K,,,,missingreplog_4U1822-371.csv,,,Data replog,,,4U1822-371,True,IR
ir070901.0184,3A 1822-371,18:25:46.2,-37:06:08,2007-09-02,02:54:44.3,2454345.6214,30.1,1.17,K,K,,,,missingreplog_4U1822-371.csv,,,Data replog,,,4U1822-371,True,IR
ir070829.0208,3A 1822-371,18:25:43.0,-37:06:16,2007-08-30,04:45:02.4,2454342.6979,30.1,1.59,J,J,,,,missingreplog_4U1822-371.csv,,,Data replog,,,4U1822-371,True,IR
ir070829.0219,3A 1822-371,18:25:43.1,-37:06:18,2007-08-30,04:53:29.8,2454342.7038,30.0,1.65,J,J,,,,missingreplog_4U1822-371.csv,,,Data replog,,,4U1822-371,True,IR
ir070829.0218,3A 1822-371,18:25:43.0,-37:06:17,2007-08-30,04:52:43.6,2454342.7033,30.0,1.65,J,J,,,,missingreplog_4U1822-371.csv,,,Data replog,,,4U1822-371,True,IR
ir070829.0217,3A 1822-371,18:25:43.0,-37:06:17,2007-08-30,04:51:57.7,2454342.7028,30.0,1.64,J,J,,,,missingreplog_4U1822-371.csv,,,Data replog,,,4U1822-371,True,IR
ir070829.0216,3A 1822-371,18:25:43.0,-37:06:17,2007-08-30,04:51:11.3,2454342.7022,30.1,1.64,J,J,,,,missingreplog_4U1822-371.csv,,,Data replog,,,4U1822-371,True,IR
ir070829.0215,3A 1822-371,18:25:43.0,-37:06:17,2007-08-30,04:50:24.9,2454342.7017,30.0,1.63,J,J,,,,missingreplog_4U1822-371.csv,,,Data replog,,,4U1822-371,True,IR
ir070829.0214,3A 1822-371,18:25:43.0,-37:06:17,2007-08-30,04:49:38.8,2454342.7011,30.1,1.63,J,J,,,,missingreplog_4U1822-371.csv,,,Data replog,,,4U1822-371,True,IR
ir070829.0213,3A 1822-371,18:25:43.0,-37:06:17,2007-08-30,04:48:52.8,2454342.7006,30.0,1.62,J,J,,,,missingreplog_4U1822-371.csv,,,Data replog,,,4U1822-371,True,IR
ir070829.0212,3A 1822-371,18:25:43.0,-37:06:16,2007-08-30,04:48:06.6,2454342.7001,30.1,1.62,J,J,,,,missingreplog_4U1822-371.csv,,,Data replog,,,4U1822-371,True,IR
ir070829.0211,3A 1822-371,18:25:43.0,-37:06:16,2007-08-30,04:47:20.6,2454342.6995,30.0,1.61,J,J,,,,missingreplog_4U1822-371.csv,,,Data replog,,,4U1822-371,True,IR
ir070829.0210,3A 1822-371,18:25:43.0,-37:06:16,2007-08-30,04:46:34.8,2454342.699,30.1,1.6,J,J,,,,missingreplog_4U1822-371.csv,,,Data replog,,,4U1822-371,True,IR
ir070829.0209,3A 1822-371,18:25:43.0,-37:06:16,2007-08-30,04:45:48.6,2454342.6985,30.1,1.6,J,J,,,,missingreplog_4U1822-371.csv,,,Data replog,,,4U1822-371,True,IR
ir070829.0207,3A 1822-371,18:25:43.0,-37:06:15,2007-08-30,04:44:16.6,2454342.6974,30.1,1.59,J,J,,,,missingreplog_4U1822-371.csv,,,Data replog,,,4U1822-371,True,IR
ir070826.0267,3A 1822-371,18:25:44.8,-37:05:53,2007-08-27,04:02:45.6,2454339.6686,30.0,1.31,H,H,,,,missingreplog_4U1822-371.csv,,,Data replog,,,4U1822-371,True,IR
ir070826.0279,3A 1822-371,18:25:44.6,-37:05:54,2007-08-27,04:12:02.4,2454339.675,30.0,1.35,H,H,,,,missingreplog_4U1822-371.csv,,,Data replog,,,4U1822-371,True,IR
ir070826.0278,3A 1822-371,18:25:44.6,-37:05:54,2007-08-27,04:11:16.1,2454339.6745,30.1,1.35,H,H,,,,missingreplog_4U1822-371.csv,,,Data replog,,,4U1822-371,True,IR
ir070826.0277,3A 1822-371,18:25:44.7,-37:05:54,2007-08-27,04:10:30.0,2454339.674,30.0,1.35,H,H,,,,missingreplog_4U1822-371.csv,,,Data replog,,,4U1822-371,True,IR
ir070826.0276,3A 1822-371,18:25:44.7,-37:05:53,2007-08-27,04:09:43.3,2454339.6734,30.1,1.34,H,H,,,,missingreplog_4U1822-371.csv,,,Data replog,,,4U1822-371,True,IR
ir070826.0275,3A 1822-371,18:25:44.7,-37:05:53,2007-08-27,04:08:57.0,2454339.6729,30.0,1.34,H,H,,,,missingreplog_4U1822-371.csv,,,Data replog,,,4U1822-371,True,IR
ir070826.0274,3A 1822-371,18:25:44.7,-37:05:53,2007-08-27,04:08:10.7,2454339.6724,30.1,1.34,H,H,,,,missingreplog_4U1822-371.csv,,,Data replog,,,4U1822-371,True,IR
ir070826.0273,3A 1822-371,18:25:44.7,-37:05:53,2007-08-27,04:07:24.4,2454339.6718,30.0,1.33,H,H,,,,missingreplog_4U1822-371.csv,,,Data replog,,,4U1822-371,True,IR
ir070826.0272,3A 1822-371,18:25:44.7,-37:05:53,2007-08-27,04:06:37.7,2454339.6713,30.0,1.33,H,H,,,,missingreplog_4U1822-371.csv,,,Data replog,,,4U1822-371,True,IR
ir070826.0271,3A 1822-371,18:25:44.7,-37:05:53,2007-08-27,04:05:51.2,2454339.6707,30.0,1.33,H,H,,,,missingreplog_4U1822-371.csv,,,Data replog,,,4U1822-371,True,IR
ir070826.0270,3A 1822-371,18:25:44.8,-37:05:53,2007-08-27,04:05:04.9,2454339.6702,30.1,1.32,H,H,,,,missingreplog_4U1822-371.csv,,,Data replog,,,4U1822-371,True,IR
ir070826.0269,3A 1822-371,18:25:44.8,-37:05:53,2007-08-27,04:04:18.5,2454339.6697,30.1,1.32,H,H,,,,missingreplog_4U1822-371.csv,,,Data replog,,,4U1822-371,True,IR
ir070829.0220,3A 1822-371,18:25:43.1,-37:06:18,2007-08-30,04:54:16.1,2454342.7043,30.0,1.66,J,J,,,,missingreplog_4U1822-371.csv,,,Data replog,,,4U1822-371,True,IR
ir070829.0221,3A 1822-371,18:25:43.1,-37:06:18,2007-08-30,04:55:02.1,2454342.7049,30.0,1.67,J,J,,,,missingreplog_4U1822-371.csv,,,Data replog,,,4U1822-371,True,IR
ir070829.0222,3A 1822-371,18:25:43.1,-37:06:18,2007-08-30,04:55:48.4,2454342.7054,30.1,1.67,J,J,,,,missingreplog_4U1822-371.csv,,,Data replog,,,4U1822-371,True,IR
ir070829.0223,3A 1822-371,18:25:43.1,-37:06:19,2007-08-30,04:56:34.9,2454342.706,30.1,1.68,J,J,,,,missingreplog_4U1822-371.csv,,,Data replog,,,4U1822-371,True,IR
ir070829.0246,3A 1822-371,18:25:43.2,-37:06:24,2007-08-30,05:14:36.6,2454342.7185,30.1,1.83,K,K,,,,missingreplog_4U1822-371.csv,,,Data replog,,,4U1822-371,True,IR
ir070829.0245,3A 1822-371,18:25:43.2,-37:06:23,2007-08-30,05:13:50.3,2454342.7179,30.0,1.82,K,K,,,,missingreplog_4U1822-371.csv,,,Data replog,,,4U1822-371,True,IR
ir070829.0244,3A 1822-371,18:25:43.2,-37:06:23,2007-08-30,05:12:08.2,2454342.7168,30.0,1.81,K,K,,,,missingreplog_4U1822-371.csv,,,Data replog,,,4U1822-371,True,IR
ir070829.0243,3A 1822-371,18:25:43.2,-37:06:23,2007-08-30,05:12:08.2,2454342.7168,30.1,1.81,K,K,,,,missingreplog_4U1822-371.csv,,,Data replog,,,4U1822-371,True,IR
ir070829.0242,3A 1822-371,18:25:43.2,-37:06:23,2007-08-30,05:11:21.8,2454342.7162,30.1,1.8,K,K,,,,missingreplog_4U1822-371.csv,,,Data replog,,,4U1822-371,True,IR
ir070829.0241,3A 1822-371,18:25:43.2,-37:06:23,2007-08-30,05:10:35.8,2454342.7157,30.0,1.79,K,K,,,,missingreplog_4U1822-371.csv,,,Data replog,,,4U1822-371,True,IR
ir070829.0240,3A 1822-371,18:25:43.2,-37:06:23,2007-08-30,05:09:50.1,2454342.7152,30.1,1.79,K,K,,,,missingreplog_4U1822-371.csv,,,Data replog,,,4U1822-371,True,IR
ir070829.0239,3A 1822-371,18:25:43.2,-37:06:22,2007-08-30,05:09:04.0,2454342.7146,30.0,1.78,K,K,,,,missingreplog_4U1822-371.csv,,,Data replog,,,4U1822-371,True,IR
ir070829.0238,3A 1822-371,18:25:43.2,-37:06:22,2007-08-30,05:08:17.7,2454342.7141,30.0,1.77,K,K,,,,missingreplog_4U1822-371.csv,,,Data replog,,,4U1822-371,True,IR
ir070829.0237,3A 1822-371,18:25:43.2,-37:06:21,2007-08-30,05:07:31.5,2454342.7136,30.0,1.77,K,K,,,,missingreplog_4U1822-371.csv,,,Data replog,,,4U1822-371,True,IR
ir070829.0236,3A 1822-371,18:25:43.2,-37:06:21,2007-08-30,05:06:45.4,2454342.713,30.0,1.76,K,K,,,,missingreplog_4U1822-371.csv,,,Data replog,,,4U1822-371,True,IR
ir070829.0235,3A 1822-371,18:25:43.2,-37:06:21,2007-08-30,05:05:59.3,2454342.7125,30.1,1.75,K,K,,,,missingreplog_4U1822-371.csv,,,Data replog,,,4U1822-371,True,IR
ir070829.0234,3A 1822-371,18:25:43.2,-37:06:21,2007-08-30,05:05:13.4,2454342.712,30.0,1.75,K,K,,,,missingreplog_4U1822-371.csv,,,Data replog,,,4U1822-371,True,IR
ir070829.0233,3A 1822-371,18:25:43.2,-37:06:21,2007-08-30,05:04:27.3,2454342.7114,30.1,1.74,K,K,,,,missingreplog_4U1822-371.csv,,,Data replog,,,4U1822-371,True,IR
ir070829.0232,3A 1822-371,18:25:43.2,-37:06:20,2007-08-30,05:03:41.0,2454342.7109,30.1,1.73,K,K,,,,missingreplog_4U1822-371.csv,,,Data replog,,,4U1822-371,True,IR
ir070829.0231,3A 1822-371,18:25:43.2,-37:06:20,2007-08-30,05:02:54.7,2454342.7104,30.0,1.73,K,K,,,,missingreplog_4U1822-371.csv,,,Data replog,,,4U1822-371,True,IR
ir070829.0230,3A 1822-371,18:25:43.2,-37:06:20,2007-08-30,05:02:08.7,2454342.7098,30.0,1.72,K,K,,,,missingreplog_4U1822-371.csv,,,Data replog,,,4U1822-371,True,IR
ir070829.0229,3A 1822-371,18:25:43.2,-37:06:20,2007-08-30,05:01:22.2,2454342.7093,30.0,1.72,K,K,,,,missingreplog_4U1822-371.csv,,,Data replog,,,4U1822-371,True,IR
ir070829.0228,3A 1822-371,18:25:43.2,-37:06:19,2007-08-30,05:00:35.8,2454342.7088,30.1,1.71,K,K,,,,missingreplog_4U1822-371.csv,,,Data replog,,,4U1822-371,True,IR
ir070829.0227,3A 1822-371,18:25:43.2,-37:06:19,2007-08-30,04:59:49.7,2454342.7082,30.0,1.7,K,K,,,,missingreplog_4U1822-371.csv,,,Data replog,,,4U1822-371,True,IR
ir070829.0226,3A 1822-371,18:25:43.2,-37:06:19,2007-08-30,04:58:53.5,2454342.7076,30.0,1.7,J,J,,,,missingreplog_4U1822-371.csv,,,Data replog,,,4U1822-371,True,IR
ir070829.0225,3A 1822-371,18:25:43.2,-37:06:19,2007-08-30,04:58:07.2,2454342.707,30.0,1.69,J,J,,,,missingreplog_4U1822-371.csv,,,Data replog,,,4U1822-371,True,IR
ir070829.0224,3A 1822-371,18:25:43.1,-37:06:19,2007-08-30,04:57:21.2,2454342.7065,30.0,1.68,J,J,,,,missingreplog_4U1822-371.csv,,,Data replog,,,4U1822-371,True,IR
ir070826.0268,3A 1822-371,18:25:44.8,-37:05:53,2007-08-27,04:03:32.0,2454339.6691,30.0,1.32,H,H,,,,missingreplog_4U1822-371.csv,,,Data replog,,,4U1822-371,True,IR
ir070826.0266,3A 1822-371,18:25:44.8,-37:05:53,2007-08-27,04:01:59.5,2454339.668,30.1,1.31,H,H,,,,missingreplog_4U1822-371.csv,,,Data replog,,,4U1822-371,True,IR
ir070901.0183,3A 1822-371,18:25:46.2,-37:06:08,2007-09-02,02:53:58.1,2454345.6208,30.1,1.17,K,K,,,,missingreplog_4U1822-371.csv,,,Data replog,,,4U1822-371,True,IR
ir070826.0226,3A 1822-371,18:25:44.9,-37:05:52,2007-08-27,03:30:12.7,2454339.646,30.1,1.21,J,J,,,,missingreplog_4U1822-371.csv,,,Data replog,,,4U1822-371,True,IR
ir070826.0237,3A 1822-371,18:25:44.9,-37:05:50,2007-08-27,03:38:51.9,2454339.652,30.0,1.23,J,J,,,,missingreplog_4U1822-371.csv,,,Data replog,,,4U1822-371,True,IR
ir070826.0236,3A 1822-371,18:25:44.9,-37:05:50,2007-08-27,03:38:05.5,2454339.6515,30.1,1.23,J,J,,,,missingreplog_4U1822-371.csv,,,Data replog,,,4U1822-371,True,IR
ir070826.0235,3A 1822-371,18:25:44.9,-37:05:50,2007-08-27,03:37:19.0,2454339.6509,30.0,1.23,J,J,,,,missingreplog_4U1822-371.csv,,,Data replog,,,4U1822-371,True,IR
ir070826.0234,3A 1822-371,18:25:44.9,-37:05:50,2007-08-27,03:36:32.9,2454339.6504,30.1,1.22,J,J,,,,missingreplog_4U1822-371.csv,,,Data replog,,,4U1822-371,True,IR
ir070826.0233,3A 1822-371,18:25:44.9,-37:05:50,2007-08-27,03:35:46.7,2454339.6499,30.0,1.22,J,J,,,,missingreplog_4U1822-371.csv,,,Data replog,,,4U1822-371,True,IR
ir070826.0232,3A 1822-371,18:25:44.9,-37:05:50,2007-08-27,03:35:00.3,2454339.6493,30.0,1.22,J,J,,,,missingreplog_4U1822-371.csv,,,Data replog,,,4U1822-371,True,IR
ir070826.0231,3A 1822-371,18:25:44.9,-37:05:50,2007-08-27,03:34:13.8,2454339.6488,30.1,1.22,J,J,,,,missingreplog_4U1822-371.csv,,,Data replog,,,4U1822-371,True,IR
ir070826.0230,3A 1822-371,18:25:44.9,-37:05:50,2007-08-27,03:32:31.8,2454339.6476,30.0,1.21,J,J,,,,missingreplog_4U1822-371.csv,,,Data replog,,,4U1822-371,True,IR
ir070826.0229,3A 1822-371,18:25:44.9,-37:05:50,2007-08-27,03:32:31.8,2454339.6476,30.0,1.21,J,J,,,,missingreplog_4U1822-371.csv,,,Data replog,,,4U1822-371,True,IR
ir070826.0228,3A 1822-371,18:25:44.9,-37:05:51,2007-08-27,03:31:45.0,2454339.647,30.0,1.21,J,J,,,,missingreplog_4U1822-371.csv,,,Data replog,,,4U1822-371,True,IR
ir070826.0227,3A 1822-371,18:25:45.0,-37:05:51,2007-08-27,03:30:58.8,2454339.6465,30.0,1.21,J,J,,,,missingreplog_4U1822-371.csv,,,Data replog,,,4U1822-371,True,IR
ir070826.0225,3A 1822-371,18:25:45.0,-37:05:52,2007-08-27,03:29:26.2,2454339.6455,30.1,1.2,J,J,,,,missingreplog_4U1822-371.csv,,,Data replog,,,4U1822-371,True,IR
ir070826.0265,3A 1822-371,18:25:44.9,-37:05:53,2007-08-27,04:01:13.0,2454339.6675,30.0,1.31,H,H,,,,missingreplog_4U1822-371.csv,,,Data replog,,,4U1822-371,True,IR
ir070826.0224,3A 1822-371,18:25:45.0,-37:05:53,2007-08-27,03:28:39.6,2454339.6449,30.0,1.2,J,J,,,,missingreplog_4U1822-371.csv,,,Data replog,,,4U1822-371,True,IR
ir070826.0223,3A 1822-371,18:25:45.0,-37:05:53,2007-08-27,03:27:53.3,2454339.6444,30.0,1.2,J,J,,,,missingreplog_4U1822-371.csv,,,Data replog,,,4U1822-371,True,IR
ir070826.0222,3A 1822-371,18:25:44.9,-37:05:53,2007-08-27,03:27:06.7,2454339.6438,30.0,1.2,J,J,,,,missingreplog_4U1822-371.csv,,,Data replog,,,4U1822-371,True,IR
ir070826.0221,3A 1822-371,18:25:45.0,-37:05:53,2007-08-27,03:26:20.1,2454339.6433,30.0,1.19,J,J,,,,missingreplog_4U1822-371.csv,,,Data replog,,,4U1822-371,True,IR
ir070826.0220,3A 1822-371,18:25:45.0,-37:05:53,2007-08-27,03:25:34.0,2454339.6428,30.1,1.19,J,J,,,,missingreplog_4U1822-371.csv,,,Data replog,,,4U1822-371,True,IR
ir070703.0285,4u 1822-371,18:25:46.7,-37:06:08,2007-07-04,06:46:08.0,2454285.782,30.0,1.16,J,J,,,,missingreplog_4U1822-371.csv,,,Data replog,,,4U1822-371,True,IR
ir070703.0284,4u 1822-371,18:25:46.7,-37:06:08,2007-07-04,06:45:22.6,2454285.7815,30.1,1.16,J,J,,,,missingreplog_4U1822-371.csv,,,Data replog,,,4U1822-371,True,IR
ir070703.0283,4u 1822-371,18:25:46.7,-37:06:08,2007-07-04,06:44:37.2,2454285.781,30.1,1.16,J,J,,,,missingreplog_4U1822-371.csv,,,Data replog,,,4U1822-371,True,IR
ir070703.0282,4u 1822-371,18:25:46.7,-37:06:08,2007-07-04,06:43:52.1,2454285.7805,30.1,1.16,J,J,,,,missingreplog_4U1822-371.csv,,,Data replog,,,4U1822-371,True,IR
ir070703.0281,4u 1822-371,18:25:46.7,-37:06:08,2007-07-04,06:43:06.6,2454285.7799,30.0,1.16,J,J,,,,missingreplog_4U1822-371.csv,,,Data replog,,,4U1822-371,True,IR
ir070703.0280,4u 1822-371,18:25:46.7,-37:06:08,2007-07-04,06:42:20.9,2454285.7794,30.0,1.15,J,J,,,,missingreplog_4U1822-371.csv,,,Data replog,,,4U1822-371,True,IR
ir070826.0238,3A 1822-371,18:25:44.9,-37:05:50,2007-08-27,03:39:38.1,2454339.6525,30.1,1.23,J,J,,,,missingreplog_4U1822-371.csv,,,Data replog,,,4U1822-371,True,IR
ir070826.0239,3A 1822-371,18:25:44.9,-37:05:51,2007-08-27,03:40:24.5,2454339.6531,30.0,1.24,J,J,,,,missingreplog_4U1822-371.csv,,,Data replog,,,4U1822-371,True,IR
ir070826.0240,3A 1822-371,18:25:45.0,-37:05:51,2007-08-27,03:41:22.4,2454339.6537,30.0,1.24,K,K,,,,missingreplog_4U1822-371.csv,,,Data replog,,,4U1822-371,True,IR
ir070826.0241,3A 1822-371,18:25:45.0,-37:05:51,2007-08-27,03:42:08.7,2454339.6543,30.0,1.24,K,K,,,,missingreplog_4U1822-371.csv,,,Data replog,,,4U1822-371,True,IR
ir070826.0264,3A 1822-371,18:25:44.9,-37:05:53,2007-08-27,04:00:26.6,2454339.667,30.0,1.31,H,H,,,,missingreplog_4U1822-371.csv,,,Data replog,,,4U1822-371,True,IR
ir070826.0263,3A 1822-371,18:25:44.9,-37:05:52,2007-08-27,03:59:40.3,2454339.6664,30.1,1.3,H,H,,,,missingreplog_4U1822-371.csv,,,Data replog,,,4U1822-371,True,IR
ir070826.0262,3A 1822-371,18:25:45.0,-37:05:52,2007-08-27,03:57:58.2,2454339.6653,30.1,1.3,H,H,,,,missingreplog_4U1822-371.csv,,,Data replog,,,4U1822-371,True,IR
ir070826.0261,3A 1822-371,18:25:45.0,-37:05:52,2007-08-27,03:57:58.2,2454339.6653,30.0,1.3,H,H,,,,missingreplog_4U1822-371.csv,,,Data replog,,,4U1822-371,True,IR
ir070826.0260,3A 1822-371,18:25:45.0,-37:05:53,2007-08-27,03:57:11.9,2454339.6647,30.0,1.29,H,H,,,,missingreplog_4U1822-371.csv,,,Data replog,,,4U1822-371,True,IR
ir070826.0259,3A 1822-371,18:25:45.0,-37:05:52,2007-08-27,03:56:12.7,2454339.664,30.0,1.29,K,K,,,,missingreplog_4U1822-371.csv,,,Data replog,,,4U1822-371,True,IR
ir070826.0258,3A 1822-371,18:25:45.0,-37:05:53,2007-08-27,03:55:26.3,2454339.6635,30.0,1.29,K,K,,,,missingreplog_4U1822-371.csv,,,Data replog,,,4U1822-371,True,IR
ir070826.0257,3A 1822-371,18:25:45.0,-37:05:52,2007-08-27,03:54:40.3,2454339.663,30.0,1.28,K,K,,,,missingreplog_4U1822-371.csv,,,Data replog,,,4U1822-371,True,IR
ir070826.0256,3A 1822-371,18:25:45.0,-37:05:52,2007-08-27,03:53:53.8,2454339.6624,30.0,1.28,K,K,,,,missingreplog_4U1822-371.csv,,,Data replog,,,4U1822-371,True,IR
ir070826.0255,3A 1822-371,18:25:45.0,-37:05:52,2007-08-27,03:53:07.3,2454339.6619,30.1,1.28,K,K,,,,missingreplog_4U1822-371.csv,,,Data replog,,,4U1822-371,True,IR
ir070826.0254,3A 1822-371,18:25:45.0,-37:05:52,2007-08-27,03:52:21.2,2454339.6614,30.1,1.28,K,K,,,,missingreplog_4U1822-371.csv,,,Data replog,,,4U1822-371,True,IR
ir070826.0253,3A 1822-371,18:25:45.0,-37:05:52,2007-08-27,03:51:34.9,2454339.6608,30.0,1.27,K,K,,,,missingreplog_4U1822-371.csv,,,Data replog,,,4U1822-371,True,IR
ir070826.0252,3A 1822-371,18:25:45.0,-37:05:52,2007-08-27,03:50:48.3,2454339.6603,30.1,1.27,K,K,,,,missingreplog_4U1822-371.csv,,,Data replog,,,4U1822-371,True,IR
ir070826.0251,3A 1822-371,18:25:45.0,-37:05:52,2007-08-27,03:50:01.8,2454339.6598,30.0,1.27,K,K,,,,missingreplog_4U1822-371.csv,,,Data replog,,,4U1822-371,True,IR
ir070826.0250,3A 1822-371,18:25:45.0,-37:05:52,2007-08-27,03:48:19.6,2454339.6586,30.1,1.26,K,K,,,,missingreplog_4U1822-371.csv,,,Data replog,,,4U1822-371,True,IR
ir070826.0249,3A 1822-371,18:25:45.0,-37:05:52,2007-08-27,03:48:19.6,2454339.6586,30.0,1.26,K,K,,,,missingreplog_4U1822-371.csv,,,Data replog,,,4U1822-371,True,IR
ir070826.0248,3A 1822-371,18:25:45.0,-37:05:52,2007-08-27,03:47:33.1,2454339.658,30.0,1.26,K,K,,,,missingreplog_4U1822-371.csv,,,Data replog,,,4U1822-371,True,IR
ir070826.0247,3A 1822-371,18:25:45.1,-37:05:52,2007-08-27,03:46:46.9,2454339.6575,30.0,1.26,K,K,,,,missingreplog_4U1822-371.csv,,,Data replog,,,4U1822-371,True,IR
ir070826.0246,3A 1822-371,18:25:45.0,-37:05:52,2007-08-27,03:46:00.7,2454339.657,30.1,1.25,K,K,,,,missingreplog_4U1822-371.csv,,,Data replog,,,4U1822-371,True,IR
ir070826.0245,3A 1822-371,18:25:45.0,-37:05:52,2007-08-27,03:45:14.4,2454339.6564,30.1,1.25,K,K,,,,missingreplog_4U1822-371.csv,,,Data replog,,,4U1822-371,True,IR
ir070826.0244,3A 1822-371,18:25:45.0,-37:05:52,2007-08-27,03:44:28.1,2454339.6559,30.1,1.25,K,K,,,,missingreplog_4U1822-371.csv,,,Data replog,,,4U1822-371,True,IR
ir070826.0243,3A 1822-371,18:25:45.0,-37:05:52,2007-08-27,03:43:42.0,2454339.6554,30.1,1.25,K,K,,,,missingreplog_4U1822-371.csv,,,Data replog,,,4U1822-371,True,IR
ir070826.0242,3A 1822-371,18:25:45.0,-37:05:51,2007-08-27,03:42:55.3,2454339.6548,30.0,1.24,K,K,,,,missingreplog_4U1822-371.csv,,,Data replog,,,4U1822-371,True,IR
ir070829.0247,3A 1822-371,18:25:43.2,-37:06:24,2007-08-30,05:15:34.2,2454342.7191,30.0,1.84,H,H,,,,missingreplog_4U1822-371.csv,,,Data replog,,,4U1822-371,True,IR
ir070829.0248,3A 1822-371,18:25:43.2,-37:06:24,2007-08-30,05:16:20.2,2454342.7197,30.0,1.85,H,H,,,,missingreplog_4U1822-371.csv,,,Data replog,,,4U1822-371,True,IR
ir070829.0249,3A 1822-371,18:25:43.2,-37:06:24,2007-08-30,05:17:06.5,2454342.7202,30.0,1.86,H,H,,,,missingreplog_4U1822-371.csv,,,Data replog,,,4U1822-371,True,IR
ir070830.0213,3A 1822-371,18:25:45.6,-37:06:00,2007-08-31,03:51:43.5,2454343.6609,30.0,1.33,H,H,,,,missingreplog_4U1822-371.csv,,,Data replog,,,4U1822-371,True,IR
ir070901.0155,3A 1822-371,18:25:46.2,-37:06:07,2007-09-02,02:32:10.3,2454345.6057,30.0,1.12,J,J,,,,missingreplog_4U1822-371.csv,,,Data replog,,,4U1822-371,True,IR
ir070901.0154,3A 1822-371,18:25:46.2,-37:06:06,2007-09-02,02:31:24.3,2454345.6052,30.1,1.12,J,J,,,,missingreplog_4U1822-371.csv,,,Data replog,,,4U1822-371,True,IR
ir070830.0222,3A 1822-371,18:25:45.3,-37:05:57,2007-08-31,03:58:36.9,2454343.6657,30.1,1.36,H,H,,,,missingreplog_4U1822-371.csv,,,Data replog,,,4U1822-371,True,IR
ir070830.0221,3A 1822-371,18:25:45.3,-37:05:57,2007-08-31,03:57:50.9,2454343.6652,30.1,1.36,H,H,,,,missingreplog_4U1822-371.csv,,,Data replog,,,4U1822-371,True,IR
ir070830.0220,3A 1822-371,18:25:45.4,-37:05:57,2007-08-31,03:57:05.1,2454343.6646,30.1,1.36,H,H,,,,missingreplog_4U1822-371.csv,,,Data replog,,,4U1822-371,True,IR
ir070830.0219,3A 1822-371,18:25:45.4,-37:05:58,2007-08-31,03:56:19.0,2454343.6641,30.1,1.35,H,H,,,,missingreplog_4U1822-371.csv,,,Data replog,,,4U1822-371,True,IR
ir070830.0218,3A 1822-371,18:25:45.5,-37:05:58,2007-08-31,03:55:32.9,2454343.6636,30.0,1.35,H,H,,,,missingreplog_4U1822-371.csv,,,Data replog,,,4U1822-371,True,IR
ir070830.0217,3A 1822-371,18:25:45.5,-37:05:58,2007-08-31,03:54:47.1,2454343.663,30.1,1.35,H,H,,,,missingreplog_4U1822-371.csv,,,Data replog,,,4U1822-371,True,IR
ir070830.0216,3A 1822-371,18:25:45.5,-37:05:59,2007-08-31,03:54:01.2,2454343.6625,30.0,1.34,H,H,,,,missingreplog_4U1822-371.csv,,,Data replog,,,4U1822-371,True,IR
ir070830.0215,3A 1822-371,18:25:45.5,-37:05:59,2007-08-31,03:53:15.4,2454343.662,30.0,1.34,H,H,,,,missingreplog_4U1822-371.csv,,,Data replog,,,4U1822-371,True,IR
ir070830.0214,3A 1822-371,18:25:45.5,-37:06:00,2007-08-31,03:52:29.4,2454343.6615,30.0,1.34,H,H,,,,missingreplog_4U1822-371.csv,,,Data replog,,,4U1822-371,True,IR
ir070830.0212,3A 1822-371,18:25:45.6,-37:06:00,2007-08-31,03:50:57.1,2454343.6604,30.0,1.33,H,H,,,,missingreplog_4U1822-371.csv,,,Data replog,,,4U1822-371,True,IR
ir070829.0250,3A 1822-371,18:25:43.3,-37:06:25,2007-08-30,05:17:52.8,2454342.7207,30.0,1.86,H,H,,,,missingreplog_4U1822-371.csv,,,Data replog,,,4U1822-371,True,IR
ir070830.0211,3A 1822-371,18:25:45.6,-37:06:01,2007-08-31,03:50:10.9,2454343.6598,30.1,1.33,H,H,,,,missingreplog_4U1822-371.csv,,,Data replog,,,4U1822-371,True,IR
ir070830.0210,3A 1822-371,18:25:45.7,-37:06:01,2007-08-31,03:49:24.9,2454343.6593,30.1,1.32,H,H,,,,missingreplog_4U1822-371.csv,,,Data replog,,,4U1822-371,True,IR
ir070830.0209,3A 1822-371,18:25:45.7,-37:06:01,2007-08-31,03:48:39.0,2454343.6588,30.0,1.32,H,H,,,,missingreplog_4U1822-371.csv,,,Data replog,,,4U1822-371,True,IR
ir070830.0208,3A 1822-371,18:25:45.7,-37:06:02,2007-08-31,03:47:52.9,2454343.6582,30.0,1.32,H,H,,,,missingreplog_4U1822-371.csv,,,Data replog,,,4U1822-371,True,IR
ir070830.0207,3A 1822-371,18:25:45.7,-37:06:02,2007-08-31,03:47:06.7,2454343.6577,30.0,1.31,H,H,,,,missingreplog_4U1822-371.csv,,,Data replog,,,4U1822-371,True,IR
ir070830.0206,3A 1822-371,18:25:45.8,-37:06:03,2007-08-31,03:46:20.9,2454343.6572,30.1,1.31,H,H,,,,missingreplog_4U1822-371.csv,,,Data replog,,,4U1822-371,True,IR
ir070830.0205,3A 1822-371,18:25:45.8,-37:06:03,2007-08-31,03:45:34.7,2454343.6566,30.0,1.31,H,H,,,,missingreplog_4U1822-371.csv,,,Data replog,,,4U1822-371,True,IR
ir070830.0204,3A 1822-371,18:25:45.8,-37:06:03,2007-08-31,03:44:48.5,2454343.6561,30.0,1.31,H,H,,,,missingreplog_4U1822-371.csv,,,Data replog,,,4U1822-371,True,IR
ir070830.0203,3A 1822-371,18:25:45.8,-37:06:04,2007-08-31,03:44:02.5,2454343.6556,30.0,1.3,H,H,,,,missingreplog_4U1822-371.csv,,,Data replog,,,4U1822-371,True,IR
ir070830.0202,3A 1822-371,18:25:45.9,-37:06:04,2007-08-31,03:43:05.7,2454343.6549,30.0,1.3,K,K,,,,missingreplog_4U1822-371.csv,,,Data replog,,,4U1822-371,True,IR
ir070830.0201,3A 1822-371,18:25:45.9,-37:06:04,2007-08-31,03:42:19.5,2454343.6544,30.0,1.3,K,K,,,,missingreplog_4U1822-371.csv,,,Data replog,,,4U1822-371,True,IR
ir070901.0156,3A 1822-371,18:25:46.2,-37:06:07,2007-09-02,02:32:56.6,2454345.6062,30.1,1.12,J,J,,,,missingreplog_4U1822-371.csv,,,Data replog,,,4U1822-371,True,IR
ir070901.0157,3A 1822-371,18:25:46.2,-37:06:07,2007-09-02,02:33:42.7,2454345.6068,30.0,1.13,J,J,,,,missingreplog_4U1822-371.csv,,,Data replog,,,4U1822-371,True,IR
ir070901.0158,3A 1822-371,18:25:46.2,-37:06:07,2007-09-02,02:34:28.6,2454345.6073,30.1,1.13,J,J,,,,missingreplog_4U1822-371.csv,,,Data replog,,,4U1822-371,True,IR
ir070901.0159,3A 1822-371,18:25:46.2,-37:06:07,2007-09-02,02:35:14.6,2454345.6078,30.0,1.13,J,J,,,,missingreplog_4U1822-371.csv,,,Data replog,,,4U1822-371,True,IR
ir070901.0182,3A 1822-371,18:25:46.2,-37:06:08,2007-09-02,02:53:12.0,2454345.6203,30.1,1.17,K,K,,,,missingreplog_4U1822-371.csv,,,Data replog,,,4U1822-371,True,IR
ir070901.0181,3A 1822-371,18:25:46.2,-37:06:08,2007-09-02,02:52:26.2,2454345.6198,30.0,1.17,K,K,,,,missingreplog_4U1822-371.csv,,,Data replog,,,4U1822-371,True,IR
ir070901.0180,3A 1822-371,18:25:46.2,-37:06:08,2007-09-02,02:51:40.4,2454345.6192,30.0,1.17,K,K,,,,missingreplog_4U1822-371.csv,,,Data replog,,,4U1822-371,True,IR
ir070901.0179,3A 1822-371,18:25:46.2,-37:06:08,2007-09-02,02:50:54.4,2454345.6187,30.0,1.16,K,K,,,,missingreplog_4U1822-371.csv,,,Data replog,,,4U1822-371,True,IR
ir070901.0178,3A 1822-371,18:25:46.2,-37:06:08,2007-09-02,02:50:08.4,2454345.6182,30.1,1.16,K,K,,,,missingreplog_4U1822-371.csv,,,Data replog,,,4U1822-371,True,IR
ir070901.0177,3A 1822-371,18:25:46.2,-37:06:08,2007-09-02,02:49:22.7,2454345.6176,30.1,1.16,K,K,,,,missingreplog_4U1822-371.csv,,,Data replog,,,4U1822-371,True,IR
ir070901.0176,3A 1822-371,18:25:46.2,-37:06:08,2007-09-02,02:48:36.7,2454345.6171,30.0,1.16,K,K,,,,missingreplog_4U1822-371.csv,,,Data replog,,,4U1822-371,True,IR
ir070901.0175,3A 1822-371,18:25:46.2,-37:06:08,2007-09-02,02:47:50.6,2454345.6166,30.1,1.16,K,K,,,,missingreplog_4U1822-371.csv,,,Data replog,,,4U1822-371,True,IR
ir070901.0174,3A 1822-371,18:25:46.2,-37:06:08,2007-09-02,02:47:04.7,2454345.616,30.1,1.16,K,K,,,,missingreplog_4U1822-371.csv,,,Data replog,,,4U1822-371,True,IR
ir070901.0173,3A 1822-371,18:25:46.2,-37:06:08,2007-09-02,02:46:08.8,2454345.6154,30.1,1.15,J,J,,,,missingreplog_4U1822-371.csv,,,Data replog,,,4U1822-371,True,IR
ir070901.0172,3A 1822-371,18:25:46.2,-37:06:08,2007-09-02,02:45:22.6,2454345.6149,30.0,1.15,J,J,,,,missingreplog_4U1822-371.csv,,,Data replog,,,4U1822-371,True,IR
ir070901.0171,3A 1822-371,18:25:46.2,-37:06:08,2007-09-02,02:44:36.5,2454345.6143,30.0,1.15,J,J,,,,missingreplog_4U1822-371.csv,,,Data replog,,,4U1822-371,True,IR
ir070901.0170,3A 1822-371,18:25:46.2,-37:06:08,2007-09-02,02:43:50.2,2454345.6138,30.0,1.15,J,J,,,,missingreplog_4U1822-371.csv,,,Data replog,,,4U1822-371,True,IR
ir070901.0169,3A 1822-371,18:25:46.3,-37:06:08,2007-09-02,02:43:03.9,2454345.6133,30.0,1.15,J,J,,,,missingreplog_4U1822-371.csv,,,Data replog,,,4U1822-371,True,IR
ir070901.0168,3A 1822-371,18:25:46.3,-37:06:08,2007-09-02,02:42:18.2,2454345.6127,30.0,1.14,J,J,,,,missingreplog_4U1822-371.csv,,,Data replog,,,4U1822-371,True,IR
ir070901.0167,3A 1822-371,18:25:46.3,-37:06:08,2007-09-02,02:41:32.2,2454345.6122,30.0,1.14,J,J,,,,missingreplog_4U1822-371.csv,,,Data replog,,,4U1822-371,True,IR
ir070901.0166,3A 1822-371,18:25:46.2,-37:06:08,2007-09-02,02:40:46.3,2454345.6117,30.0,1.14,J,J,,,,missingreplog_4U1822-371.csv,,,Data replog,,,4U1822-371,True,IR
ir070901.0165,3A 1822-371,18:25:46.2,-37:06:08,2007-09-02,02:40:00.2,2454345.6111,30.0,1.14,J,J,,,,missingreplog_4U1822-371.csv,,,Data replog,,,4U1822-371,True,IR
ir070901.0164,3A 1822-371,18:25:46.3,-37:06:07,2007-09-02,02:39:14.3,2454345.6106,30.0,1.14,J,J,,,,missingreplog_4U1822-371.csv,,,Data replog,,,4U1822-371,True,IR
ir070901.0163,3A 1822-371,18:25:46.2,-37:06:07,2007-09-02,02:37:32.2,2454345.6094,30.0,1.13,J,J,,,,missingreplog_4U1822-371.csv,,,Data replog,,,4U1822-371,True,IR
ir070901.0162,3A 1822-371,18:25:46.2,-37:06:07,2007-09-02,02:37:32.2,2454345.6094,30.0,1.13,J,J,,,,missingreplog_4U1822-371.csv,,,Data replog,,,4U1822-371,True,IR
ir070901.0161,3A 1822-371,18:25:46.2,-37:06:07,2007-09-02,02:36:46.5,2454345.6089,30.0,1.13,J,J,,,,missingreplog_4U1822-371.csv,,,Data replog,,,4U1822-371,True,IR
ir070901.0160,3A 1822-371,18:25:46.2,-37:06:07,2007-09-02,02:36:00.7,2454345.6084,30.0,1.13,J,J,,,,missingreplog_4U1822-371.csv,,,Data replog,,,4U1822-371,True,IR
ir070830.0200,3A 1822-371,18:25:45.9,-37:06:05,2007-08-31,03:41:33.3,2454343.6539,30.1,1.29,K,K,,,,missingreplog_4U1822-371.csv,,,Data replog,,,4U1822-371,True,IR
ir070830.0199,3A 1822-371,18:25:45.9,-37:06:05,2007-08-31,03:40:47.0,2454343.6533,30.0,1.29,K,K,,,,missingreplog_4U1822-371.csv,,,Data replog,,,4U1822-371,True,IR
ir070830.0198,3A 1822-371,18:25:46.0,-37:06:06,2007-08-31,03:40:00.7,2454343.6528,30.0,1.29,K,K,,,,missingreplog_4U1822-371.csv,,,Data replog,,,4U1822-371,True,IR
ir070830.0171,3A 1822-371,18:25:46.6,-37:06:15,2007-08-31,03:19:07.0,2454343.6383,30.0,1.22,J,J,,,,missingreplog_4U1822-371.csv,,,Data replog,,,4U1822-371,True,IR
ir070830.0169,3A 1822-371,18:25:46.6,-37:06:15,2007-08-31,03:17:35.5,2454343.6372,30.0,1.21,J,J,,,,missingreplog_4U1822-371.csv,,,Data replog,,,4U1822-371,True,IR
ir070830.0168,3A 1822-371,18:25:46.6,-37:06:16,2007-08-31,03:16:49.3,2454343.6367,30.0,1.21,J,J,,,,missingreplog_4U1822-371.csv,,,Data replog,,,4U1822-371,True,IR
ir070830.0167,3A 1822-371,18:25:46.6,-37:06:16,2007-08-31,03:16:03.1,2454343.6362,30.1,1.21,J,J,,,,missingreplog_4U1822-371.csv,,,Data replog,,,4U1822-371,True,IR
ir070830.0166,3A 1822-371,18:25:46.6,-37:06:16,2007-08-31,03:15:17.0,2454343.6356,30.1,1.21,J,J,,,,missingreplog_4U1822-371.csv,,,Data replog,,,4U1822-371,True,IR
ir070830.0165,3A 1822-371,18:25:46.7,-37:06:17,2007-08-31,03:13:34.5,2454343.6344,30.0,1.2,J,J,,,,missingreplog_4U1822-371.csv,,,Data replog,,,4U1822-371,True,IR
ir070830.0164,3A 1822-371,18:25:46.7,-37:06:17,2007-08-31,03:13:34.5,2454343.6344,30.0,1.2,J,J,,,,missingreplog_4U1822-371.csv,,,Data replog,,,4U1822-371,True,IR
ir070830.0163,3A 1822-371,18:25:46.7,-37:06:17,2007-08-31,03:12:48.6,2454343.6339,30.1,1.2,J,J,,,,missingreplog_4U1822-371.csv,,,Data replog,,,4U1822-371,True,IR
ir070829.0266,3A 1822-371,18:25:43.3,-37:06:28,2007-08-30,05:30:21.7,2454342.7294,30.0,2.0,H,H,,,,missingreplog_4U1822-371.csv,,,Data replog,,,4U1822-371,True,IR
ir070829.0265,3A 1822-371,18:25:43.3,-37:06:27,2007-08-30,05:29:35.4,2454342.7289,30.1,1.99,H,H,,,,missingreplog_4U1822-371.csv,,,Data replog,,,4U1822-371,True,IR
ir070829.0264,3A 1822-371,18:25:43.3,-37:06:27,2007-08-30,05:28:49.4,2454342.7283,30.1,1.98,H,H,,,,missingreplog_4U1822-371.csv,,,Data replog,,,4U1822-371,True,IR
ir070829.0263,3A 1822-371,18:25:43.3,-37:06:27,2007-08-30,05:28:03.3,2454342.7278,30.1,1.97,H,H,,,,missingreplog_4U1822-371.csv,,,Data replog,,,4U1822-371,True,IR
ir070829.0262,3A 1822-371,18:25:43.3,-37:06:27,2007-08-30,05:27:16.9,2454342.7273,30.0,1.96,H,H,,,,missingreplog_4U1822-371.csv,,,Data replog,,,4U1822-371,True,IR
ir070829.0261,3A 1822-371,18:25:43.3,-37:06:27,2007-08-30,05:26:30.9,2454342.7267,30.0,1.95,H,H,,,,missingreplog_4U1822-371.csv,,,Data replog,,,4U1822-371,True,IR
ir070829.0260,3A 1822-371,18:25:43.3,-37:06:27,2007-08-30,05:25:44.9,2454342.7262,30.1,1.94,H,H,,,,missingreplog_4U1822-371.csv,,,Data replog,,,4U1822-371,True,IR
ir070829.0259,3A 1822-371,18:25:43.3,-37:06:27,2007-08-30,05:24:58.5,2454342.7257,30.0,1.94,H,H,,,,missingreplog_4U1822-371.csv,,,Data replog,,,4U1822-371,True,IR
ir070829.0258,3A 1822-371,18:25:43.3,-37:06:27,2007-08-30,05:24:12.4,2454342.7251,30.0,1.93,H,H,,,,missingreplog_4U1822-371.csv,,,Data replog,,,4U1822-371,True,IR
ir070829.0257,3A 1822-371,18:25:43.3,-37:06:26,2007-08-30,05:22:30.3,2454342.724,30.0,1.91,H,H,,,,missingreplog_4U1822-371.csv,,,Data replog,,,4U1822-371,True,IR
ir070829.0256,3A 1822-371,18:25:43.3,-37:06:26,2007-08-30,05:22:30.3,2454342.724,30.0,1.91,H,H,,,,missingreplog_4U1822-371.csv,,,Data replog,,,4U1822-371,True,IR
ir070829.0255,3A 1822-371,18:25:43.3,-37:06:26,2007-08-30,05:21:43.8,2454342.7234,30.0,1.9,H,H,,,,missingreplog_4U1822-371.csv,,,Data replog,,,4U1822-371,True,IR
ir070829.0254,3A 1822-371,18:25:43.3,-37:06:26,2007-08-30,05:20:57.5,2454342.7229,30.1,1.89,H,H,,,,missingreplog_4U1822-371.csv,,,Data replog,,,4U1822-371,True,IR
ir070829.0253,3A 1822-371,18:25:43.3,-37:06:26,2007-08-30,05:20:11.3,2454342.7223,30.0,1.89,H,H,,,,missingreplog_4U1822-371.csv,,,Data replog,,,4U1822-371,True,IR
ir070829.0252,3A 1822-371,18:25:43.2,-37:06:25,2007-08-30,05:19:25.1,2454342.7218,30.1,1.88,H,H,,,,missingreplog_4U1822-371.csv,,,Data replog,,,4U1822-371,True,IR
ir070829.0251,3A 1822-371,18:25:43.2,-37:06:25,2007-08-30,05:18:38.7,2454342.7213,30.1,1.87,H,H,,,,missingreplog_4U1822-371.csv,,,Data replog,,,4U1822-371,True,IR
ir070830.0170,3A 1822-371,18:25:46.6,-37:06:15,2007-08-31,03:18:21.3,2454343.6377,30.0,1.22,J,J,,,,missingreplog_4U1822-371.csv,,,Data replog,,,4U1822-371,True,IR
ir070830.0172,3A 1822-371,18:25:46.5,-37:06:14,2007-08-31,03:19:53.4,2454343.6388,30.0,1.22,J,J,,,,missingreplog_4U1822-371.csv,,,Data replog,,,4U1822-371,True,IR
ir070830.0197,3A 1822-371,18:25:46.0,-37:06:06,2007-08-31,03:39:14.9,2454343.6523,30.0,1.28,K,K,,,,missingreplog_4U1822-371.csv,,,Data replog,,,4U1822-371,True,IR
ir070830.0173,3A 1822-371,18:25:46.5,-37:06:14,2007-08-31,03:20:39.6,2454343.6393,30.1,1.22,J,J,,,,missingreplog_4U1822-371.csv,,,Data replog,,,4U1822-371,True,IR
ir070830.0196,3A 1822-371,18:25:46.0,-37:06:06,2007-08-31,03:38:29.1,2454343.6517,30.1,1.28,K,K,,,,missingreplog_4U1822-371.csv,,,Data replog,,,4U1822-371,True,IR
ir070830.0195,3A 1822-371,18:25:46.0,-37:06:07,2007-08-31,03:37:43.0,2454343.6512,30.0,1.28,K,K,,,,missingreplog_4U1822-371.csv,,,Data replog,,,4U1822-371,True,IR
ir070830.0194,3A 1822-371,18:25:46.1,-37:06:07,2007-08-31,03:36:56.8,2454343.6507,30.0,1.28,K,K,,,,missingreplog_4U1822-371.csv,,,Data replog,,,4U1822-371,True,IR
ir070830.0193,3A 1822-371,18:25:46.1,-37:06:07,2007-08-31,03:36:10.9,2454343.6501,30.0,1.27,K,K,,,,missingreplog_4U1822-371.csv,,,Data replog,,,4U1822-371,True,IR
ir070830.0192,3A 1822-371,18:25:46.1,-37:06:08,2007-08-31,03:35:24.7,2454343.6496,30.0,1.27,K,K,,,,missingreplog_4U1822-371.csv,,,Data replog,,,4U1822-371,True,IR
ir070830.0191,3A 1822-371,18:25:46.1,-37:06:08,2007-08-31,03:34:38.5,2454343.6491,30.0,1.27,K,K,,,,missingreplog_4U1822-371.csv,,,Data replog,,,4U1822-371,True,IR
ir070830.0190,3A 1822-371,18:25:46.1,-37:06:08,2007-08-31,03:33:52.8,2454343.6485,30.0,1.27,K,K,,,,missingreplog_4U1822-371.csv,,,Data replog,,,4U1822-371,True,IR
ir070830.0189,3A 1822-371,18:25:46.2,-37:06:09,2007-08-31,03:33:06.9,2454343.648,30.0,1.26,K,K,,,,missingreplog_4U1822-371.csv,,,Data replog,,,4U1822-371,True,IR
ir070830.0188,3A 1822-371,18:25:46.2,-37:06:09,2007-08-31,03:32:20.8,2454343.6475,30.1,1.26,K,K,,,,missingreplog_4U1822-371.csv,,,Data replog,,,4U1822-371,True,IR
ir070830.0187,3A 1822-371,18:25:46.2,-37:06:09,2007-08-31,03:31:34.5,2454343.6469,30.0,1.26,K,K,,,,missingreplog_4U1822-371.csv,,,Data replog,,,4U1822-371,True,IR
ir070830.0186,3A 1822-371,18:25:46.2,-37:06:10,2007-08-31,03:30:48.7,2454343.6464,30.0,1.26,K,K,,,,missingreplog_4U1822-371.csv,,,Data replog,,,4U1822-371,True,IR
ir070830.0185,3A 1822-371,18:25:46.2,-37:06:10,2007-08-31,03:30:02.5,2454343.6459,30.0,1.25,K,K,,,,missingreplog_4U1822-371.csv,,,Data replog,,,4U1822-371,True,IR
ir070830.0184,3A 1822-371,18:25:46.3,-37:06:10,2007-08-31,03:29:16.2,2454343.6453,30.0,1.25,K,K,,,,missingreplog_4U1822-371.csv,,,Data replog,,,4U1822-371,True,IR
ir070830.0183,3A 1822-371,18:25:46.3,-37:06:11,2007-08-31,03:28:30.2,2454343.6448,30.1,1.25,K,K,,,,missingreplog_4U1822-371.csv,,,Data replog,,,4U1822-371,True,IR
ir070830.0182,3A 1822-371,18:25:46.3,-37:06:11,2007-08-31,03:27:34.2,2454343.6442,30.1,1.25,J,J,,,,missingreplog_4U1822-371.csv,,,Data replog,,,4U1822-371,True,IR
ir070830.0181,3A 1822-371,18:25:46.3,-37:06:11,2007-08-31,03:26:48.0,2454343.6436,30.1,1.24,J,J,,,,missingreplog_4U1822-371.csv,,,Data replog,,,4U1822-371,True,IR
ir070830.0180,3A 1822-371,18:25:46.4,-37:06:12,2007-08-31,03:26:02.2,2454343.6431,30.0,1.24,J,J,,,,missingreplog_4U1822-371.csv,,,Data replog,,,4U1822-371,True,IR
ir070830.0179,3A 1822-371,18:25:46.4,-37:06:12,2007-08-31,03:25:15.9,2454343.6425,30.0,1.24,J,J,,,,missingreplog_4U1822-371.csv,,,Data replog,,,4U1822-371,True,IR
ir070830.0178,3A 1822-371,18:25:46.4,-37:06:12,2007-08-31,03:24:29.6,2454343.642,30.0,1.24,J,J,,,,missingreplog_4U1822-371.csv,,,Data replog,,,4U1822-371,True,IR
ir070830.0177,3A 1822-371,18:25:46.4,-37:06:13,2007-08-31,03:23:43.6,2454343.6415,30.0,1.23,J,J,,,,missingreplog_4U1822-371.csv,,,Data replog,,,4U1822-371,True,IR
ir070830.0176,3A 1822-371,18:25:46.4,-37:06:13,2007-08-31,03:22:57.8,2454343.6409,30.0,1.23,J,J,,,,missingreplog_4U1822-371.csv,,,Data replog,,,4U1822-371,True,IR
ir070830.0175,3A 1822-371,18:25:46.5,-37:06:13,2007-08-31,03:22:11.6,2454343.6404,30.0,1.23,J,J,,,,missingreplog_4U1822-371.csv,,,Data replog,,,4U1822-371,True,IR
ir070830.0174,3A 1822-371,18:25:46.5,-37:06:14,2007-08-31,03:21:25.6,2454343.6399,30.0,1.23,J,J,,,,missingreplog_4U1822-371.csv,,,Data replog,,,4U1822-371,True,IR
ir080312.0329,3A 1822-371,18:25:45.8,-37:06:17,2008-03-13,08:47:46.3,2454538.8665,30.1,1.25,J,J,,,,missingreplog_4U1822-371.csv,,,Data replog,,,4U1822-371,True,IR
ir080312.0330,3A 1822-371,18:25:45.8,-37:06:17,2008-03-13,08:48:32.7,2454538.8671,30.0,1.25,J,J,,,,missingreplog_4U1822-371.csv,,,Data replog,,,4U1822-371,True,IR
ir080312.0331,3A 1822-371,18:25:45.8,-37:06:17,2008-03-13,08:49:18.6,2454538.8676,30.1,1.25,J,J,,,,missingreplog_4U1822-371.csv,,,Data replog,,,4U1822-371,True,IR
ir080319.0296,3A 1822-371,18:25:45.1,-37:06:32,2008-03-20,08:19:36.1,2454545.847,30.1,1.26,H,H,,,,missingreplog_4U1822-371.csv,,,Data replog,,,4U1822-371,True,IR
ir080320.0313,3A 1822-371,18:25:46.4,-37:06:22,2008-03-21,08:40:36.5,2454546.8615,30.1,1.18,J,J,,,,missingreplog_4U1822-371.csv,,,Data replog,,,4U1822-371,True,IR
ir080320.0312,3A 1822-371,18:25:46.4,-37:06:22,2008-03-21,08:39:50.0,2454546.861,30.0,1.18,J,J,,,,missingreplog_4U1822-371.csv,,,Data replog,,,4U1822-371,True,IR
ir080320.0311,3A 1822-371,18:25:46.4,-37:06:22,2008-03-21,08:39:03.6,2454546.8605,30.0,1.19,J,J,,,,missingreplog_4U1822-371.csv,,,Data replog,,,4U1822-371,True,IR
ir080320.0310,3A 1822-371,18:25:46.5,-37:06:22,2008-03-21,08:38:17.7,2454546.8599,30.0,1.19,J,J,,,,missingreplog_4U1822-371.csv,,,Data replog,,,4U1822-371,True,IR
ir080320.0309,3A 1822-371,18:25:46.5,-37:06:22,2008-03-21,08:37:31.7,2454546.8594,30.1,1.19,J,J,,,,missingreplog_4U1822-371.csv,,,Data replog,,,4U1822-371,True,IR
ir080320.0308,3A 1822-371,18:25:46.5,-37:06:22,2008-03-21,08:36:45.4,2454546.8589,30.0,1.19,J,J,,,,missingreplog_4U1822-371.csv,,,Data replog,,,4U1822-371,True,IR
ir080320.0307,3A 1822-371,18:25:46.5,-37:06:22,2008-03-21,08:35:59.1,2454546.8583,30.0,1.19,J,J,,,,missingreplog_4U1822-371.csv,,,Data replog,,,4U1822-371,True,IR
ir080320.0306,3A 1822-371,18:25:46.5,-37:06:22,2008-03-21,08:35:13.1,2454546.8578,30.0,1.2,J,J,,,,missingreplog_4U1822-371.csv,,,Data replog,,,4U1822-371,True,IR
ir080320.0305,3A 1822-371,18:25:46.5,-37:06:22,2008-03-21,08:34:26.8,2454546.8573,30.1,1.2,J,J,,,,missingreplog_4U1822-371.csv,,,Data replog,,,4U1822-371,True,IR
ir080320.0304,3A 1822-371,18:25:46.5,-37:06:22,2008-03-21,08:33:40.5,2454546.8567,30.0,1.2,J,J,,,,missingreplog_4U1822-371.csv,,,Data replog,,,4U1822-371,True,IR
ir080320.0303,3A 1822-371,18:25:46.5,-37:06:22,2008-03-21,08:32:54.4,2454546.8562,30.0,1.2,J,J,,,,missingreplog_4U1822-371.csv,,,Data replog,,,4U1822-371,True,IR
ir080319.0295,3A 1822-371,18:25:45.1,-37:06:32,2008-03-20,08:18:49.9,2454545.8464,30.0,1.26,H,H,,,,missingreplog_4U1822-371.csv,,,Data replog,,,4U1822-371,True,IR
ir080319.0282,3A 1822-371,18:25:45.4,-37:06:31,2008-03-20,08:08:50.1,2454545.8395,30.0,1.29,H,H,,,,missingreplog_4U1822-371.csv,,,Data replog,,,4U1822-371,True,IR
ir080319.0294,3A 1822-371,18:25:45.2,-37:06:32,2008-03-20,08:18:03.9,2454545.8459,30.1,1.26,H,H,,,,missingreplog_4U1822-371.csv,,,Data replog,,,4U1822-371,True,IR
ir080319.0293,3A 1822-371,18:25:45.2,-37:06:32,2008-03-20,08:17:17.7,2454545.8453,30.0,1.26,H,H,,,,missingreplog_4U1822-371.csv,,,Data replog,,,4U1822-371,True,IR
ir080319.0292,3A 1822-371,18:25:45.2,-37:06:32,2008-03-20,08:16:31.3,2454545.8448,30.0,1.27,H,H,,,,missingreplog_4U1822-371.csv,,,Data replog,,,4U1822-371,True,IR
ir080319.0291,3A 1822-371,18:25:45.2,-37:06:32,2008-03-20,08:15:45.2,2454545.8443,30.0,1.27,H,H,,,,missingreplog_4U1822-371.csv,,,Data replog,,,4U1822-371,True,IR
ir080319.0290,3A 1822-371,18:25:45.2,-37:06:32,2008-03-20,08:14:59.3,2454545.8437,30.1,1.27,H,H,,,,missingreplog_4U1822-371.csv,,,Data replog,,,4U1822-371,True,IR
ir080319.0289,3A 1822-371,18:25:45.2,-37:06:32,2008-03-20,08:14:13.1,2454545.8432,30.1,1.27,H,H,,,,missingreplog_4U1822-371.csv,,,Data replog,,,4U1822-371,True,IR
ir080319.0288,3A 1822-371,18:25:45.2,-37:06:32,2008-03-20,08:13:26.7,2454545.8427,30.0,1.28,H,H,,,,missingreplog_4U1822-371.csv,,,Data replog,,,4U1822-371,True,IR
ir080319.0287,3A 1822-371,18:25:45.3,-37:06:31,2008-03-20,08:12:40.8,2454545.8421,30.0,1.28,H,H,,,,missingreplog_4U1822-371.csv,,,Data replog,,,4U1822-371,True,IR
ir080319.0286,3A 1822-371,18:25:45.3,-37:06:31,2008-03-20,08:11:54.5,2454545.8416,30.0,1.28,H,H,,,,missingreplog_4U1822-371.csv,,,Data replog,,,4U1822-371,True,IR
ir080319.0285,3A 1822-371,18:25:45.3,-37:06:31,2008-03-20,08:11:08.2,2454545.8411,30.1,1.28,H,H,,,,missingreplog_4U1822-371.csv,,,Data replog,,,4U1822-371,True,IR
ir080319.0284,3A 1822-371,18:25:45.3,-37:06:31,2008-03-20,08:10:22.2,2454545.8405,30.0,1.29,H,H,,,,missingreplog_4U1822-371.csv,,,Data replog,,,4U1822-371,True,IR
ir080320.0314,3A 1822-371,18:25:46.4,-37:06:22,2008-03-21,08:41:22.4,2454546.8621,30.0,1.18,J,J,,,,missingreplog_4U1822-371.csv,,,Data replog,,,4U1822-371,True,IR
ir080320.0315,3A 1822-371,18:25:46.4,-37:06:22,2008-03-21,08:42:08.6,2454546.8626,30.1,1.18,J,J,,,,missingreplog_4U1822-371.csv,,,Data replog,,,4U1822-371,True,IR
ir080320.0316,3A 1822-371,18:25:46.4,-37:06:22,2008-03-21,08:42:54.8,2454546.8631,30.0,1.18,J,J,,,,missingreplog_4U1822-371.csv,,,Data replog,,,4U1822-371,True,IR
ir080320.0317,3A 1822-371,18:25:46.4,-37:06:22,2008-03-21,08:43:40.9,2454546.8637,30.0,1.17,J,J,,,,missingreplog_4U1822-371.csv,,,Data replog,,,4U1822-371,True,IR
ir080320.0340,3A 1822-371,18:25:46.6,-37:06:20,2008-03-21,09:01:34.2,2454546.8761,30.1,1.13,K,K,,,,missingreplog_4U1822-371.csv,,,Data replog,,,4U1822-371,True,IR
ir080320.0339,3A 1822-371,18:25:46.6,-37:06:20,2008-03-21,09:00:47.9,2454546.8756,30.1,1.13,K,K,,,,missingreplog_4U1822-371.csv,,,Data replog,,,4U1822-371,True,IR
ir080320.0338,3A 1822-371,18:25:46.6,-37:06:20,2008-03-21,09:00:01.5,2454546.875,30.0,1.14,K,K,,,,missingreplog_4U1822-371.csv,,,Data replog,,,4U1822-371,True,IR
ir080320.0337,3A 1822-371,18:25:46.6,-37:06:20,2008-03-21,08:59:15.6,2454546.8745,30.0,1.14,K,K,,,,missingreplog_4U1822-371.csv,,,Data replog,,,4U1822-371,True,IR
ir080320.0336,3A 1822-371,18:25:46.6,-37:06:20,2008-03-21,08:58:29.5,2454546.874,30.0,1.14,K,K,,,,missingreplog_4U1822-371.csv,,,Data replog,,,4U1822-371,True,IR
ir080320.0335,3A 1822-371,18:25:46.6,-37:06:20,2008-03-21,08:57:43.3,2454546.8734,30.1,1.14,K,K,,,,missingreplog_4U1822-371.csv,,,Data replog,,,4U1822-371,True,IR
ir080320.0334,3A 1822-371,18:25:46.5,-37:06:20,2008-03-21,08:56:57.1,2454546.8729,30.1,1.14,K,K,,,,missingreplog_4U1822-371.csv,,,Data replog,,,4U1822-371,True,IR
ir080320.0333,3A 1822-371,18:25:46.5,-37:06:20,2008-03-21,08:56:11.2,2454546.8724,30.1,1.14,K,K,,,,missingreplog_4U1822-371.csv,,,Data replog,,,4U1822-371,True,IR
ir080320.0332,3A 1822-371,18:25:46.5,-37:06:20,2008-03-21,08:55:24.7,2454546.8718,30.1,1.15,K,K,,,,missingreplog_4U1822-371.csv,,,Data replog,,,4U1822-371,True,IR
ir080320.0331,3A 1822-371,18:25:46.5,-37:06:20,2008-03-21,08:54:38.3,2454546.8713,30.0,1.15,K,K,,,,missingreplog_4U1822-371.csv,,,Data replog,,,4U1822-371,True,IR
ir080320.0330,3A 1822-371,18:25:46.5,-37:06:21,2008-03-21,08:53:52.2,2454546.8707,30.0,1.15,K,K,,,,missingreplog_4U1822-371.csv,,,Data replog,,,4U1822-371,True,IR
ir080320.0329,3A 1822-371,18:25:46.5,-37:06:21,2008-03-21,08:53:06.2,2454546.8702,30.0,1.15,K,K,,,,missingreplog_4U1822-371.csv,,,Data replog,,,4U1822-371,True,IR
ir080320.0328,3A 1822-371,18:25:46.4,-37:06:21,2008-03-21,08:52:20.1,2454546.8697,30.1,1.15,K,K,,,,missingreplog_4U1822-371.csv,,,Data replog,,,4U1822-371,True,IR
ir080320.0327,3A 1822-371,18:25:46.5,-37:06:21,2008-03-21,08:51:33.8,2454546.8692,30.0,1.16,K,K,,,,missingreplog_4U1822-371.csv,,,Data replog,,,4U1822-371,True,IR
ir080320.0326,3A 1822-371,18:25:46.4,-37:06:21,2008-03-21,08:50:47.8,2454546.8686,30.0,1.16,K,K,,,,missingreplog_4U1822-371.csv,,,Data replog,,,4U1822-371,True,IR
ir080320.0325,3A 1822-371,18:25:46.4,-37:06:21,2008-03-21,08:50:01.5,2454546.8681,30.1,1.16,K,K,,,,missingreplog_4U1822-371.csv,,,Data replog,,,4U1822-371,True,IR
ir080320.0324,3A 1822-371,18:25:46.4,-37:06:21,2008-03-21,08:49:15.2,2454546.8675,30.1,1.16,K,K,,,,missingreplog_4U1822-371.csv,,,Data replog,,,4U1822-371,True,IR
ir080320.0323,3A 1822-371,18:25:46.4,-37:06:21,2008-03-21,08:48:29.1,2454546.867,30.1,1.16,K,K,,,,missingreplog_4U1822-371.csv,,,Data replog,,,4U1822-371,True,IR
ir080320.0322,3A 1822-371,18:25:46.4,-37:06:21,2008-03-21,08:47:31.8,2454546.8663,30.1,1.16,J,J,,,,missingreplog_4U1822-371.csv,,,Data replog,,,4U1822-371,True,IR
ir080320.0321,3A 1822-371,18:25:46.4,-37:06:21,2008-03-21,08:46:45.5,2454546.8658,30.1,1.17,J,J,,,,missingreplog_4U1822-371.csv,,,Data replog,,,4U1822-371,True,IR
ir080320.0320,3A 1822-371,18:25:46.4,-37:06:22,2008-03-21,08:45:59.5,2454546.8653,30.1,1.17,J,J,,,,missingreplog_4U1822-371.csv,,,Data replog,,,4U1822-371,True,IR
ir080320.0319,3A 1822-371,18:25:46.4,-37:06:22,2008-03-21,08:45:13.2,2454546.8648,30.1,1.17,J,J,,,,missingreplog_4U1822-371.csv,,,Data replog,,,4U1822-371,True,IR
ir080320.0318,3A 1822-371,18:25:46.4,-37:06:22,2008-03-21,08:44:26.8,2454546.8642,30.1,1.17,J,J,,,,missingreplog_4U1822-371.csv,,,Data replog,,,4U1822-371,True,IR
ir080319.0283,3A 1822-371,18:25:45.3,-37:06:31,2008-03-20,08:09:36.3,2454545.84,30.1,1.29,H,H,,,,missingreplog_4U1822-371.csv,,,Data replog,,,4U1822-371,True,IR
ir080319.0281,3A 1822-371,18:25:45.4,-37:06:31,2008-03-20,08:08:03.8,2454545.8389,30.1,1.3,H,H,,,,missingreplog_4U1822-371.csv,,,Data replog,,,4U1822-371,True,IR
ir080318.0339,3A 1822-371,18:25:45.2,-37:06:26,2008-03-19,08:55:06.1,2454544.8716,30.0,1.17,H,H,,,,missingreplog_4U1822-371.csv,,,Data replog,,,4U1822-371,True,IR
ir080319.0241,3A 1822-371,18:25:45.8,-37:06:29,2008-03-20,07:36:56.4,2454545.8173,30.0,1.43,J,J,,,,missingreplog_4U1822-371.csv,,,Data replog,,,4U1822-371,True,IR
ir080319.0252,3A 1822-371,18:25:45.8,-37:06:29,2008-03-20,07:45:23.3,2454545.8232,30.1,1.39,J,J,,,,missingreplog_4U1822-371.csv,,,Data replog,,,4U1822-371,True,IR
ir080319.0251,3A 1822-371,18:25:45.8,-37:06:29,2008-03-20,07:44:37.4,2454545.8227,30.0,1.39,J,J,,,,missingreplog_4U1822-371.csv,,,Data replog,,,4U1822-371,True,IR
ir080319.0250,3A 1822-371,18:25:45.8,-37:06:29,2008-03-20,07:43:51.5,2454545.8221,30.0,1.4,J,J,,,,missingreplog_4U1822-371.csv,,,Data replog,,,4U1822-371,True,IR
ir080319.0249,3A 1822-371,18:25:45.8,-37:06:29,2008-03-20,07:43:05.4,2454545.8216,30.1,1.4,J,J,,,,missingreplog_4U1822-371.csv,,,Data replog,,,4U1822-371,True,IR
ir080319.0248,3A 1822-371,18:25:45.8,-37:06:29,2008-03-20,07:42:19.2,2454545.8211,30.1,1.4,J,J,,,,missingreplog_4U1822-371.csv,,,Data replog,,,4U1822-371,True,IR
ir080319.0247,3A 1822-371,18:25:45.8,-37:06:29,2008-03-20,07:41:33.3,2454545.8205,30.0,1.41,J,J,,,,missingreplog_4U1822-371.csv,,,Data replog,,,4U1822-371,True,IR
ir080319.0246,3A 1822-371,18:25:45.8,-37:06:29,2008-03-20,07:40:47.1,2454545.82,30.0,1.41,J,J,,,,missingreplog_4U1822-371.csv,,,Data replog,,,4U1822-371,True,IR
ir080319.0245,3A 1822-371,18:25:45.8,-37:06:29,2008-03-20,07:40:00.7,2454545.8194,30.0,1.42,J,J,,,,missingreplog_4U1822-371.csv,,,Data replog,,,4U1822-371,True,IR
ir080319.0244,3A 1822-371,18:25:45.8,-37:06:29,2008-03-20,07:39:14.7,2454545.8189,30.0,1.42,J,J,,,,missingreplog_4U1822-371.csv,,,Data replog,,,4U1822-371,True,IR
ir080319.0243,3A 1822-371,18:25:45.8,-37:06:29,2008-03-20,07:38:28.7,2454545.8184,30.0,1.42,J,J,,,,missingreplog_4U1822-371.csv,,,Data replog,,,4U1822-371,True,IR
ir080319.0242,3A 1822-371,18:25:45.8,-37:06:29,2008-03-20,07:37:42.6,2454545.8179,30.0,1.43,J,J,,,,missingreplog_4U1822-371.csv,,,Data replog,,,4U1822-371,True,IR
ir080319.0240,3A 1822-371,18:25:45.8,-37:06:29,2008-03-20,07:36:10.4,2454545.8168,30.1,1.44,J,J,,,,missingreplog_4U1822-371.csv,,,Data replog,,,4U1822-371,True,IR
ir080319.0280,3A 1822-371,18:25:45.4,-37:06:31,2008-03-20,08:07:17.8,2454545.8384,30.0,1.3,H,H,,,,missingreplog_4U1822-371.csv,,,Data replog,,,4U1822-371,True,IR
ir080319.0239,3A 1822-371,18:25:45.8,-37:06:29,2008-03-20,07:35:24.0,2454545.8163,30.0,1.44,J,J,,,,missingreplog_4U1822-371.csv,,,Data replog,,,4U1822-371,True,IR
ir080319.0238,3A 1822-371,18:25:45.8,-37:06:30,2008-03-20,07:34:37.8,2454545.8157,30.0,1.44,J,J,,,,missingreplog_4U1822-371.csv,,,Data replog,,,4U1822-371,True,IR
ir080319.0237,3A 1822-371,18:25:45.8,-37:06:30,2008-03-20,07:33:51.8,2454545.8152,30.0,1.45,J,J,,,,missingreplog_4U1822-371.csv,,,Data replog,,,4U1822-371,True,IR
ir080318.0348,3A 1822-371,18:25:45.1,-37:06:26,2008-03-19,09:02:02.4,2454544.8764,30.0,1.15,H,H,,,,missingreplog_4U1822-371.csv,,,Data replog,,,4U1822-371,True,IR
ir080318.0347,3A 1822-371,18:25:45.1,-37:06:26,2008-03-19,09:01:16.1,2454544.8759,30.0,1.15,H,H,,,,missingreplog_4U1822-371.csv,,,Data replog,,,4U1822-371,True,IR
ir080318.0346,3A 1822-371,18:25:45.1,-37:06:26,2008-03-19,09:00:30.0,2454544.8753,30.0,1.15,H,H,,,,missingreplog_4U1822-371.csv,,,Data replog,,,4U1822-371,True,IR
ir080318.0345,3A 1822-371,18:25:45.1,-37:06:26,2008-03-19,08:59:43.6,2454544.8748,30.1,1.15,H,H,,,,missingreplog_4U1822-371.csv,,,Data replog,,,4U1822-371,True,IR
ir080318.0344,3A 1822-371,18:25:45.2,-37:06:26,2008-03-19,08:58:57.2,2454544.8743,30.1,1.16,H,H,,,,missingreplog_4U1822-371.csv,,,Data replog,,,4U1822-371,True,IR
ir080318.0343,3A 1822-371,18:25:45.2,-37:06:26,2008-03-19,08:58:11.1,2454544.8737,30.0,1.16,H,H,,,,missingreplog_4U1822-371.csv,,,Data replog,,,4U1822-371,True,IR
ir080318.0342,3A 1822-371,18:25:45.2,-37:06:26,2008-03-19,08:57:24.9,2454544.8732,30.1,1.16,H,H,,,,missingreplog_4U1822-371.csv,,,Data replog,,,4U1822-371,True,IR
ir080318.0341,3A 1822-371,18:25:45.2,-37:06:26,2008-03-19,08:56:38.7,2454544.8727,30.0,1.16,H,H,,,,missingreplog_4U1822-371.csv,,,Data replog,,,4U1822-371,True,IR
ir080319.0253,3A 1822-371,18:25:45.8,-37:06:29,2008-03-20,07:46:09.5,2454545.8237,30.0,1.39,J,J,,,,missingreplog_4U1822-371.csv,,,Data replog,,,4U1822-371,True,IR
ir080319.0254,3A 1822-371,18:25:45.8,-37:06:29,2008-03-20,07:46:55.7,2454545.8243,30.1,1.38,J,J,,,,missingreplog_4U1822-371.csv,,,Data replog,,,4U1822-371,True,IR
ir080319.0255,3A 1822-371,18:25:45.8,-37:06:29,2008-03-20,07:47:41.7,2454545.8248,30.0,1.38,J,J,,,,missingreplog_4U1822-371.csv,,,Data replog,,,4U1822-371,True,IR
ir080319.0256,3A 1822-371,18:25:45.8,-37:06:29,2008-03-20,07:48:27.9,2454545.8253,30.0,1.38,J,J,,,,missingreplog_4U1822-371.csv,,,Data replog,,,4U1822-371,True,IR
ir080319.0279,3A 1822-371,18:25:45.5,-37:06:31,2008-03-20,08:06:31.5,2454545.8379,30.0,1.3,H,H,,,,missingreplog_4U1822-371.csv,,,Data replog,,,4U1822-371,True,IR
ir080319.0278,3A 1822-371,18:25:45.5,-37:06:31,2008-03-20,08:05:45.1,2454545.8373,30.0,1.3,H,H,,,,missingreplog_4U1822-371.csv,,,Data replog,,,4U1822-371,True,IR
ir080319.0277,3A 1822-371,18:25:45.5,-37:06:31,2008-03-20,08:04:59.2,2454545.8368,30.1,1.31,H,H,,,,missingreplog_4U1822-371.csv,,,Data replog,,,4U1822-371,True,IR
ir080319.0276,3A 1822-371,18:25:45.6,-37:06:30,2008-03-20,08:04:01.2,2454545.8361,30.0,1.31,K,K,,,,missingreplog_4U1822-371.csv,,,Data replog,,,4U1822-371,True,IR
ir080319.0275,3A 1822-371,18:25:45.6,-37:06:30,2008-03-20,08:03:15.0,2454545.8356,30.0,1.31,K,K,,,,missingreplog_4U1822-371.csv,,,Data replog,,,4U1822-371,True,IR
ir080319.0274,3A 1822-371,18:25:45.6,-37:06:30,2008-03-20,08:02:29.0,2454545.8351,30.0,1.32,K,K,,,,missingreplog_4U1822-371.csv,,,Data replog,,,4U1822-371,True,IR
ir080319.0273,3A 1822-371,18:25:45.6,-37:06:30,2008-03-20,08:01:42.7,2454545.8345,30.0,1.32,K,K,,,,missingreplog_4U1822-371.csv,,,Data replog,,,4U1822-371,True,IR
ir080319.0272,3A 1822-371,18:25:45.6,-37:06:30,2008-03-20,08:00:56.4,2454545.834,30.1,1.32,K,K,,,,missingreplog_4U1822-371.csv,,,Data replog,,,4U1822-371,True,IR
ir080319.0271,3A 1822-371,18:25:45.7,-37:06:30,2008-03-20,08:00:10.5,2454545.8335,30.0,1.33,K,K,,,,missingreplog_4U1822-371.csv,,,Data replog,,,4U1822-371,True,IR
ir080319.0270,3A 1822-371,18:25:45.7,-37:06:30,2008-03-20,07:59:24.5,2454545.8329,30.0,1.33,K,K,,,,missingreplog_4U1822-371.csv,,,Data replog,,,4U1822-371,True,IR
ir080319.0269,3A 1822-371,18:25:45.7,-37:06:30,2008-03-20,07:58:38.4,2454545.8324,30.0,1.33,K,K,,,,missingreplog_4U1822-371.csv,,,Data replog,,,4U1822-371,True,IR
ir080319.0268,3A 1822-371,18:25:45.7,-37:06:30,2008-03-20,07:57:52.1,2454545.8319,30.1,1.34,K,K,,,,missingreplog_4U1822-371.csv,,,Data replog,,,4U1822-371,True,IR
ir080319.0267,3A 1822-371,18:25:45.7,-37:06:30,2008-03-20,07:57:06.2,2454545.8313,30.0,1.34,K,K,,,,missingreplog_4U1822-371.csv,,,Data replog,,,4U1822-371,True,IR
ir080319.0266,3A 1822-371,18:25:45.7,-37:06:30,2008-03-20,07:56:19.9,2454545.8308,30.0,1.34,K,K,,,,missingreplog_4U1822-371.csv,,,Data replog,,,4U1822-371,True,IR
ir080319.0265,3A 1822-371,18:25:45.7,-37:06:30,2008-03-20,07:55:33.6,2454545.8303,30.0,1.35,K,K,,,,missingreplog_4U1822-371.csv,,,Data replog,,,4U1822-371,True,IR
ir080319.0264,3A 1822-371,18:25:45.7,-37:06:30,2008-03-20,07:54:47.7,2454545.8297,30.1,1.35,K,K,,,,missingreplog_4U1822-371.csv,,,Data replog,,,4U1822-371,True,IR
ir080319.0263,3A 1822-371,18:25:45.7,-37:06:30,2008-03-20,07:54:01.8,2454545.8292,30.0,1.35,K,K,,,,missingreplog_4U1822-371.csv,,,Data replog,,,4U1822-371,True,IR
ir080319.0262,3A 1822-371,18:25:45.7,-37:06:30,2008-03-20,07:53:15.7,2454545.8287,30.0,1.36,K,K,,,,missingreplog_4U1822-371.csv,,,Data replog,,,4U1822-371,True,IR
ir080319.0261,3A 1822-371,18:25:45.7,-37:06:30,2008-03-20,07:52:29.5,2454545.8281,30.0,1.36,K,K,,,,missingreplog_4U1822-371.csv,,,Data replog,,,4U1822-371,True,IR
ir080319.0260,3A 1822-371,18:25:45.7,-37:06:29,2008-03-20,07:51:43.5,2454545.8276,30.1,1.36,K,K,,,,missingreplog_4U1822-371.csv,,,Data replog,,,4U1822-371,True,IR
ir080319.0259,3A 1822-371,18:25:45.7,-37:06:30,2008-03-20,07:50:57.2,2454545.827,30.1,1.37,K,K,,,,missingreplog_4U1822-371.csv,,,Data replog,,,4U1822-371,True,IR
ir080319.0258,3A 1822-371,18:25:45.7,-37:06:29,2008-03-20,07:50:11.0,2454545.8265,30.1,1.37,K,K,,,,missingreplog_4U1822-371.csv,,,Data replog,,,4U1822-371,True,IR
ir080319.0257,3A 1822-371,18:25:45.8,-37:06:29,2008-03-20,07:49:25.1,2454545.826,30.0,1.37,K,K,,,,missingreplog_4U1822-371.csv,,,Data replog,,,4U1822-371,True,IR
ir080320.0341,3A 1822-371,18:25:46.7,-37:06:20,2008-03-21,09:02:20.3,2454546.8766,30.1,1.13,K,K,,,,missingreplog_4U1822-371.csv,,,Data replog,,,4U1822-371,True,IR
ir080320.0342,3A 1822-371,18:25:46.7,-37:06:20,2008-03-21,09:03:06.6,2454546.8772,30.0,1.13,K,K,,,,missingreplog_4U1822-371.csv,,,Data replog,,,4U1822-371,True,IR
ir080320.0343,3A 1822-371,18:25:46.7,-37:06:20,2008-03-21,09:04:04.8,2454546.8778,30.1,1.13,H,H,,,,missingreplog_4U1822-371.csv,,,Data replog,,,4U1822-371,True,IR
ir080406.0247,3A 1822-371,18:25:46.5,-37:06:28,2008-04-07,06:44:30.6,2454563.7809,30.0,1.35,H,H,,,,missingreplog_4U1822-371.csv,,,Data replog,,,4U1822-371,True,IR
ir080406.0258,3A 1822-371,18:25:46.4,-37:06:28,2008-04-07,06:52:59.2,2454563.7868,30.1,1.31,H,H,,,,missingreplog_4U1822-371.csv,,,Data replog,,,4U1822-371,True,IR
ir080406.0257,3A 1822-371,18:25:46.4,-37:06:28,2008-04-07,06:52:13.0,2454563.7863,30.1,1.32,H,H,,,,missingreplog_4U1822-371.csv,,,Data replog,,,4U1822-371,True,IR
ir080406.0256,3A 1822-371,18:25:46.4,-37:06:28,2008-04-07,06:51:27.1,2454563.7857,30.1,1.32,H,H,,,,missingreplog_4U1822-371.csv,,,Data replog,,,4U1822-371,True,IR
ir080406.0255,3A 1822-371,18:25:46.5,-37:06:28,2008-04-07,06:50:40.6,2454563.7852,30.0,1.32,H,H,,,,missingreplog_4U1822-371.csv,,,Data replog,,,4U1822-371,True,IR
ir080406.0254,3A 1822-371,18:25:46.5,-37:06:28,2008-04-07,06:49:54.3,2454563.7847,30.0,1.32,H,H,,,,missingreplog_4U1822-371.csv,,,Data replog,,,4U1822-371,True,IR
ir080406.0253,3A 1822-371,18:25:46.5,-37:06:28,2008-04-07,06:49:08.3,2454563.7841,30.1,1.33,H,H,,,,missingreplog_4U1822-371.csv,,,Data replog,,,4U1822-371,True,IR
ir080406.0252,3A 1822-371,18:25:46.5,-37:06:28,2008-04-07,06:48:22.3,2454563.7836,30.1,1.33,H,H,,,,missingreplog_4U1822-371.csv,,,Data replog,,,4U1822-371,True,IR
ir080406.0251,3A 1822-371,18:25:46.5,-37:06:28,2008-04-07,06:47:35.9,2454563.7831,30.0,1.33,H,H,,,,missingreplog_4U1822-371.csv,,,Data replog,,,4U1822-371,True,IR
ir080406.0250,3A 1822-371,18:25:46.6,-37:06:28,2008-04-07,06:46:49.7,2454563.7825,30.1,1.34,H,H,,,,missingreplog_4U1822-371.csv,,,Data replog,,,4U1822-371,True,IR
ir080406.0249,3A 1822-371,18:25:46.5,-37:06:28,2008-04-07,06:46:03.4,2454563.782,30.0,1.34,H,H,,,,missingreplog_4U1822-371.csv,,,Data replog,,,4U1822-371,True,IR
ir080406.0248,3A 1822-371,18:25:46.5,-37:06:28,2008-04-07,06:45:17.0,2454563.7815,30.0,1.34,H,H,,,,missingreplog_4U1822-371.csv,,,Data replog,,,4U1822-371,True,IR
ir080406.0246,3A 1822-371,18:25:46.5,-37:06:28,2008-04-07,06:43:44.6,2454563.7804,30.1,1.35,H,H,,,,missingreplog_4U1822-371.csv,,,Data replog,,,4U1822-371,True,IR
ir080320.0344,3A 1822-371,18:25:46.8,-37:06:20,2008-03-21,09:04:50.9,2454546.8784,30.0,1.13,H,H,,,,missingreplog_4U1822-371.csv,,,Data replog,,,4U1822-371,True,IR
ir080406.0245,3A 1822-371,18:25:46.5,-37:06:28,2008-04-07,06:42:58.6,2454563.7799,30.0,1.35,H,H,,,,missingreplog_4U1822-371.csv,,,Data replog,,,4U1822-371,True,IR
ir080406.0244,3A 1822-371,18:25:46.5,-37:06:28,2008-04-07,06:42:12.3,2454563.7793,30.1,1.36,H,H,,,,missingreplog_4U1822-371.csv,,,Data replog,,,4U1822-371,True,IR
ir080406.0243,3A 1822-371,18:25:46.5,-37:06:29,2008-04-07,06:41:26.2,2454563.7788,30.0,1.36,H,H,,,,missingreplog_4U1822-371.csv,,,Data replog,,,4U1822-371,True,IR
ir080406.0242,3A 1822-371,18:25:46.5,-37:06:28,2008-04-07,06:40:40.1,2454563.7782,30.1,1.36,H,H,,,,missingreplog_4U1822-371.csv,,,Data replog,,,4U1822-371,True,IR
ir080406.0241,3A 1822-371,18:25:46.5,-37:06:29,2008-04-07,06:39:53.7,2454563.7777,30.0,1.37,H,H,,,,missingreplog_4U1822-371.csv,,,Data replog,,,4U1822-371,True,IR
ir080406.0240,3A 1822-371,18:25:46.6,-37:06:28,2008-04-07,06:39:07.4,2454563.7772,30.1,1.37,H,H,,,,missingreplog_4U1822-371.csv,,,Data replog,,,4U1822-371,True,IR
ir080406.0239,3A 1822-371,18:25:46.6,-37:06:28,2008-04-07,06:38:21.3,2454563.7766,30.1,1.37,H,H,,,,missingreplog_4U1822-371.csv,,,Data replog,,,4U1822-371,True,IR
ir080406.0238,3A 1822-371,18:25:46.6,-37:06:28,2008-04-07,06:37:23.2,2454563.776,30.1,1.38,K,K,,,,missingreplog_4U1822-371.csv,,,Data replog,,,4U1822-371,True,IR
ir080406.0237,3A 1822-371,18:25:46.6,-37:06:29,2008-04-07,06:36:37.0,2454563.7754,30.0,1.38,K,K,,,,missingreplog_4U1822-371.csv,,,Data replog,,,4U1822-371,True,IR
ir080406.0236,3A 1822-371,18:25:46.6,-37:06:28,2008-04-07,06:35:51.0,2454563.7749,30.1,1.38,K,K,,,,missingreplog_4U1822-371.csv,,,Data replog,,,4U1822-371,True,IR
ir080406.0235,3A 1822-371,18:25:46.6,-37:06:28,2008-04-07,06:35:04.5,2454563.7744,30.1,1.39,K,K,,,,missingreplog_4U1822-371.csv,,,Data replog,,,4U1822-371,True,IR
ir080407.0220,3A 1822-371,18:25:46.8,-37:06:17,2008-04-08,06:54:05.8,2454564.7876,30.0,1.29,J,J,,,,missingreplog_4U1822-371.csv,,,Data replog,,,4U1822-371,True,IR
ir080407.0221,3A 1822-371,18:25:46.7,-37:06:17,2008-04-08,06:54:51.9,2454564.7881,30.1,1.29,J,J,,,,missingreplog_4U1822-371.csv,,,Data replog,,,4U1822-371,True,IR
ir080407.0222,3A 1822-371,18:25:46.7,-37:06:17,2008-04-08,06:55:38.3,2454564.7887,30.0,1.29,J,J,,,,missingreplog_4U1822-371.csv,,,Data replog,,,4U1822-371,True,IR
ir080407.0223,3A 1822-371,18:25:46.6,-37:06:17,2008-04-08,06:56:24.7,2454564.7892,30.1,1.28,J,J,,,,missingreplog_4U1822-371.csv,,,Data replog,,,4U1822-371,True,IR
ir080407.0246,3A 1822-371,18:25:46.5,-37:06:20,2008-04-08,07:14:27.7,2454564.8017,30.1,1.23,K,K,,,,missingreplog_4U1822-371.csv,,,Data replog,,,4U1822-371,True,IR
ir080407.0245,3A 1822-371,18:25:46.5,-37:06:19,2008-04-08,07:13:41.5,2454564.8012,30.1,1.23,K,K,,,,missingreplog_4U1822-371.csv,,,Data replog,,,4U1822-371,True,IR
ir080407.0244,3A 1822-371,18:25:46.5,-37:06:19,2008-04-08,07:12:55.4,2454564.8007,30.1,1.23,K,K,,,,missingreplog_4U1822-371.csv,,,Data replog,,,4U1822-371,True,IR
ir080407.0243,3A 1822-371,18:25:46.4,-37:06:19,2008-04-08,07:12:09.2,2454564.8001,30.1,1.23,K,K,,,,missingreplog_4U1822-371.csv,,,Data replog,,,4U1822-371,True,IR
ir080407.0242,3A 1822-371,18:25:46.5,-37:06:19,2008-04-08,07:11:22.9,2454564.7996,30.1,1.23,K,K,,,,missingreplog_4U1822-371.csv,,,Data replog,,,4U1822-371,True,IR
ir080407.0241,3A 1822-371,18:25:46.4,-37:06:19,2008-04-08,07:10:36.6,2454564.7991,30.1,1.24,K,K,,,,missingreplog_4U1822-371.csv,,,Data replog,,,4U1822-371,True,IR
ir080407.0240,3A 1822-371,18:25:46.4,-37:06:19,2008-04-08,07:09:50.7,2454564.7985,30.0,1.24,K,K,,,,missingreplog_4U1822-371.csv,,,Data replog,,,4U1822-371,True,IR
ir080407.0239,3A 1822-371,18:25:46.4,-37:06:19,2008-04-08,07:08:53.7,2454564.7979,30.1,1.24,J,J,,,,missingreplog_4U1822-371.csv,,,Data replog,,,4U1822-371,True,IR
ir080407.0238,3A 1822-371,18:25:46.4,-37:06:19,2008-04-08,07:08:07.5,2454564.7973,30.0,1.24,J,J,,,,missingreplog_4U1822-371.csv,,,Data replog,,,4U1822-371,True,IR
ir080407.0237,3A 1822-371,18:25:46.4,-37:06:18,2008-04-08,07:07:21.2,2454564.7968,30.1,1.25,J,J,,,,missingreplog_4U1822-371.csv,,,Data replog,,,4U1822-371,True,IR
ir080407.0236,3A 1822-371,18:25:46.4,-37:06:18,2008-04-08,07:06:34.6,2454564.7963,30.1,1.25,J,J,,,,missingreplog_4U1822-371.csv,,,Data replog,,,4U1822-371,True,IR
ir080407.0235,3A 1822-371,18:25:46.4,-37:06:18,2008-04-08,07:05:48.3,2454564.7957,30.0,1.25,J,J,,,,missingreplog_4U1822-371.csv,,,Data replog,,,4U1822-371,True,IR
ir080407.0234,3A 1822-371,18:25:46.4,-37:06:18,2008-04-08,07:05:02.4,2454564.7952,30.0,1.26,J,J,,,,missingreplog_4U1822-371.csv,,,Data replog,,,4U1822-371,True,IR
ir080407.0233,3A 1822-371,18:25:46.4,-37:06:18,2008-04-08,07:04:16.5,2454564.7947,30.1,1.26,J,J,,,,missingreplog_4U1822-371.csv,,,Data replog,,,4U1822-371,True,IR
ir080407.0232,3A 1822-371,18:25:46.4,-37:06:18,2008-04-08,07:03:30.2,2454564.7941,30.0,1.26,J,J,,,,missingreplog_4U1822-371.csv,,,Data replog,,,4U1822-371,True,IR
ir080407.0231,3A 1822-371,18:25:46.4,-37:06:18,2008-04-08,07:02:43.9,2454564.7936,30.0,1.26,J,J,,,,missingreplog_4U1822-371.csv,,,Data replog,,,4U1822-371,True,IR
ir080407.0230,3A 1822-371,18:25:46.4,-37:06:18,2008-04-08,07:01:57.9,2454564.793,30.0,1.27,J,J,,,,missingreplog_4U1822-371.csv,,,Data replog,,,4U1822-371,True,IR
ir080407.0229,3A 1822-371,18:25:46.5,-37:06:17,2008-04-08,07:00:15.5,2454564.7919,30.0,1.27,J,J,,,,missingreplog_4U1822-371.csv,,,Data replog,,,4U1822-371,True,IR
ir080407.0228,3A 1822-371,18:25:46.5,-37:06:17,2008-04-08,07:00:15.5,2454564.7919,30.1,1.27,J,J,,,,missingreplog_4U1822-371.csv,,,Data replog,,,4U1822-371,True,IR
ir080407.0227,3A 1822-371,18:25:46.5,-37:06:18,2008-04-08,06:59:29.4,2454564.7913,30.0,1.27,J,J,,,,missingreplog_4U1822-371.csv,,,Data replog,,,4U1822-371,True,IR
ir080407.0226,3A 1822-371,18:25:46.5,-37:06:17,2008-04-08,06:58:43.4,2454564.7908,30.0,1.28,J,J,,,,missingreplog_4U1822-371.csv,,,Data replog,,,4U1822-371,True,IR
ir080407.0225,3A 1822-371,18:25:46.6,-37:06:17,2008-04-08,06:57:57.1,2454564.7903,30.0,1.28,J,J,,,,missingreplog_4U1822-371.csv,,,Data replog,,,4U1822-371,True,IR
ir080407.0224,3A 1822-371,18:25:46.6,-37:06:17,2008-04-08,06:57:10.8,2454564.7897,30.0,1.28,J,J,,,,missingreplog_4U1822-371.csv,,,Data replog,,,4U1822-371,True,IR
ir080406.0234,3A 1822-371,18:25:46.6,-37:06:29,2008-04-07,06:34:18.2,2454563.7738,30.1,1.39,K,K,,,,missingreplog_4U1822-371.csv,,,Data replog,,,4U1822-371,True,IR
ir080406.0233,3A 1822-371,18:25:46.7,-37:06:28,2008-04-07,06:33:32.2,2454563.7733,30.1,1.4,K,K,,,,missingreplog_4U1822-371.csv,,,Data replog,,,4U1822-371,True,IR
ir080406.0232,3A 1822-371,18:25:46.7,-37:06:28,2008-04-07,06:32:46.2,2454563.7728,30.1,1.4,K,K,,,,missingreplog_4U1822-371.csv,,,Data replog,,,4U1822-371,True,IR
ir080406.0205,3A 1822-371,18:25:46.4,-37:06:29,2008-04-07,06:11:46.5,2454563.7582,30.0,1.51,J,J,,,,missingreplog_4U1822-371.csv,,,Data replog,,,4U1822-371,True,IR
ir080406.0203,3A 1822-371,18:25:46.3,-37:06:29,2008-04-07,06:10:13.8,2454563.7571,30.1,1.52,J,J,,,,missingreplog_4U1822-371.csv,,,Data replog,,,4U1822-371,True,IR
ir080406.0202,3A 1822-371,18:25:46.3,-37:06:29,2008-04-07,06:09:27.9,2454563.7566,30.0,1.52,J,J,,,,missingreplog_4U1822-371.csv,,,Data replog,,,4U1822-371,True,IR
ir080406.0201,3A 1822-371,18:25:46.3,-37:06:29,2008-04-07,06:08:41.5,2454563.756,30.1,1.53,J,J,,,,missingreplog_4U1822-371.csv,,,Data replog,,,4U1822-371,True,IR
ir080406.0200,3A 1822-371,18:25:46.3,-37:06:29,2008-04-07,06:07:55.2,2454563.7555,30.0,1.53,J,J,,,,missingreplog_4U1822-371.csv,,,Data replog,,,4U1822-371,True,IR
ir080406.0199,3A 1822-371,18:25:46.2,-37:06:29,2008-04-07,06:07:09.2,2454563.755,30.0,1.54,J,J,,,,missingreplog_4U1822-371.csv,,,Data replog,,,4U1822-371,True,IR
ir080320.0362,3A 1822-371,18:25:47.3,-37:06:18,2008-03-21,09:18:42.1,2454546.888,30.0,1.1,H,H,,,,missingreplog_4U1822-371.csv,,,Data replog,,,4U1822-371,True,IR
ir080320.0361,3A 1822-371,18:25:47.2,-37:06:18,2008-03-21,09:17:55.8,2454546.8875,30.0,1.1,H,H,,,,missingreplog_4U1822-371.csv,,,Data replog,,,4U1822-371,True,IR
ir080320.0360,3A 1822-371,18:25:47.2,-37:06:18,2008-03-21,09:17:09.8,2454546.8869,30.1,1.1,H,H,,,,missingreplog_4U1822-371.csv,,,Data replog,,,4U1822-371,True,IR
ir080320.0359,3A 1822-371,18:25:47.2,-37:06:18,2008-03-21,09:16:23.5,2454546.8864,30.0,1.1,H,H,,,,missingreplog_4U1822-371.csv,,,Data replog,,,4U1822-371,True,IR
ir080320.0358,3A 1822-371,18:25:47.2,-37:06:18,2008-03-21,09:15:37.2,2454546.8859,30.0,1.11,H,H,,,,missingreplog_4U1822-371.csv,,,Data replog,,,4U1822-371,True,IR
ir080320.0357,3A 1822-371,18:25:47.1,-37:06:18,2008-03-21,09:14:51.3,2454546.8853,30.0,1.11,H,H,,,,missingreplog_4U1822-371.csv,,,Data replog,,,4U1822-371,True,IR
ir080320.0356,3A 1822-371,18:25:47.1,-37:06:18,2008-03-21,09:14:05.3,2454546.8848,30.1,1.11,H,H,,,,missingreplog_4U1822-371.csv,,,Data replog,,,4U1822-371,True,IR
ir080320.0355,3A 1822-371,18:25:47.1,-37:06:19,2008-03-21,09:13:19.0,2454546.8843,30.0,1.11,H,H,,,,missingreplog_4U1822-371.csv,,,Data replog,,,4U1822-371,True,IR
ir080320.0354,3A 1822-371,18:25:47.1,-37:06:18,2008-03-21,09:12:32.7,2454546.8837,30.0,1.11,H,H,,,,missingreplog_4U1822-371.csv,,,Data replog,,,4U1822-371,True,IR
ir080320.0353,3A 1822-371,18:25:47.0,-37:06:19,2008-03-21,09:11:46.7,2454546.8832,30.0,1.11,H,H,,,,missingreplog_4U1822-371.csv,,,Data replog,,,4U1822-371,True,IR
ir080320.0352,3A 1822-371,18:25:47.0,-37:06:19,2008-03-21,09:11:00.3,2454546.8827,30.1,1.11,H,H,,,,missingreplog_4U1822-371.csv,,,Data replog,,,4U1822-371,True,IR
ir080320.0351,3A 1822-371,18:25:47.0,-37:06:19,2008-03-21,09:10:13.9,2454546.8821,30.1,1.12,H,H,,,,missingreplog_4U1822-371.csv,,,Data replog,,,4U1822-371,True,IR
ir080320.0350,3A 1822-371,18:25:47.0,-37:06:19,2008-03-21,09:09:27.9,2454546.8816,30.0,1.12,H,H,,,,missingreplog_4U1822-371.csv,,,Data replog,,,4U1822-371,True,IR
ir080320.0349,3A 1822-371,18:25:46.9,-37:06:19,2008-03-21,09:08:41.9,2454546.881,30.0,1.12,H,H,,,,missingreplog_4U1822-371.csv,,,Data replog,,,4U1822-371,True,IR
ir080320.0348,3A 1822-371,18:25:46.9,-37:06:19,2008-03-21,09:07:55.7,2454546.8805,30.1,1.12,H,H,,,,missingreplog_4U1822-371.csv,,,Data replog,,,4U1822-371,True,IR
ir080320.0347,3A 1822-371,18:25:46.9,-37:06:19,2008-03-21,09:07:09.4,2454546.88,30.0,1.12,H,H,,,,missingreplog_4U1822-371.csv,,,Data replog,,,4U1822-371,True,IR
ir080320.0346,3A 1822-371,18:25:46.8,-37:06:19,2008-03-21,09:06:23.5,2454546.8794,30.0,1.12,H,H,,,,missingreplog_4U1822-371.csv,,,Data replog,,,4U1822-371,True,IR
ir080320.0345,3A 1822-371,18:25:46.8,-37:06:19,2008-03-21,09:05:37.2,2454546.8789,30.0,1.12,H,H,,,,missingreplog_4U1822-371.csv,,,Data replog,,,4U1822-371,True,IR
ir080406.0204,3A 1822-371,18:25:46.3,-37:06:29,2008-04-07,06:11:00.2,2454563.7577,30.0,1.51,J,J,,,,missingreplog_4U1822-371.csv,,,Data replog,,,4U1822-371,True,IR
ir080406.0206,3A 1822-371,18:25:46.4,-37:06:29,2008-04-07,06:12:32.5,2454563.7587,30.0,1.51,J,J,,,,missingreplog_4U1822-371.csv,,,Data replog,,,4U1822-371,True,IR
ir080406.0231,3A 1822-371,18:25:46.6,-37:06:28,2008-04-07,06:31:59.9,2454563.7722,30.1,1.4,K,K,,,,missingreplog_4U1822-371.csv,,,Data replog,,,4U1822-371,True,IR
ir080406.0207,3A 1822-371,18:25:46.4,-37:06:29,2008-04-07,06:13:18.5,2454563.7593,30.1,1.5,J,J,,,,missingreplog_4U1822-371.csv,,,Data replog,,,4U1822-371,True,IR
ir080406.0230,3A 1822-371,18:25:46.7,-37:06:28,2008-04-07,06:31:13.7,2454563.7717,30.0,1.41,K,K,,,,missingreplog_4U1822-371.csv,,,Data replog,,,4U1822-371,True,IR
ir080406.0229,3A 1822-371,18:25:46.7,-37:06:28,2008-04-07,06:30:27.6,2454563.7712,30.1,1.41,K,K,,,,missingreplog_4U1822-371.csv,,,Data replog,,,4U1822-371,True,IR
ir080406.0228,3A 1822-371,18:25:46.7,-37:06:29,2008-04-07,06:29:41.3,2454563.7706,30.1,1.41,K,K,,,,missingreplog_4U1822-371.csv,,,Data replog,,,4U1822-371,True,IR
ir080406.0227,3A 1822-371,18:25:46.7,-37:06:29,2008-04-07,06:28:54.9,2454563.7701,30.1,1.42,K,K,,,,missingreplog_4U1822-371.csv,,,Data replog,,,4U1822-371,True,IR
ir080406.0226,3A 1822-371,18:25:46.7,-37:06:28,2008-04-07,06:28:08.8,2454563.7695,30.0,1.42,K,K,,,,missingreplog_4U1822-371.csv,,,Data replog,,,4U1822-371,True,IR
ir080406.0225,3A 1822-371,18:25:46.7,-37:06:29,2008-04-07,06:27:22.8,2454563.769,30.1,1.43,K,K,,,,missingreplog_4U1822-371.csv,,,Data replog,,,4U1822-371,True,IR
ir080406.0224,3A 1822-371,18:25:46.6,-37:06:29,2008-04-07,06:26:36.5,2454563.7685,30.0,1.43,K,K,,,,missingreplog_4U1822-371.csv,,,Data replog,,,4U1822-371,True,IR
ir080406.0223,3A 1822-371,18:25:46.6,-37:06:29,2008-04-07,06:25:50.1,2454563.7679,30.0,1.43,K,K,,,,missingreplog_4U1822-371.csv,,,Data replog,,,4U1822-371,True,IR
ir080406.0222,3A 1822-371,18:25:46.6,-37:06:29,2008-04-07,06:25:04.2,2454563.7674,30.0,1.44,K,K,,,,missingreplog_4U1822-371.csv,,,Data replog,,,4U1822-371,True,IR
ir080406.0221,3A 1822-371,18:25:46.6,-37:06:29,2008-04-07,06:24:17.8,2454563.7669,30.0,1.44,K,K,,,,missingreplog_4U1822-371.csv,,,Data replog,,,4U1822-371,True,IR
ir080406.0220,3A 1822-371,18:25:46.6,-37:06:29,2008-04-07,06:23:31.3,2454563.7663,30.0,1.45,K,K,,,,missingreplog_4U1822-371.csv,,,Data replog,,,4U1822-371,True,IR
ir080406.0219,3A 1822-371,18:25:46.6,-37:06:29,2008-04-07,06:22:45.3,2454563.7658,30.1,1.45,K,K,,,,missingreplog_4U1822-371.csv,,,Data replog,,,4U1822-371,True,IR
ir080406.0218,3A 1822-371,18:25:46.6,-37:06:29,2008-04-07,06:21:47.9,2454563.7651,30.0,1.45,J,J,,,,missingreplog_4U1822-371.csv,,,Data replog,,,4U1822-371,True,IR
ir080406.0217,3A 1822-371,18:25:46.6,-37:06:29,2008-04-07,06:21:01.5,2454563.7646,30.0,1.46,J,J,,,,missingreplog_4U1822-371.csv,,,Data replog,,,4U1822-371,True,IR
ir080406.0216,3A 1822-371,18:25:46.5,-37:06:29,2008-04-07,06:20:15.4,2454563.7641,30.1,1.46,J,J,,,,missingreplog_4U1822-371.csv,,,Data replog,,,4U1822-371,True,IR
ir080406.0215,3A 1822-371,18:25:46.5,-37:06:29,2008-04-07,06:19:28.9,2454563.7635,30.0,1.47,J,J,,,,missingreplog_4U1822-371.csv,,,Data replog,,,4U1822-371,True,IR
ir080406.0214,3A 1822-371,18:25:46.5,-37:06:29,2008-04-07,06:18:42.4,2454563.763,30.0,1.47,J,J,,,,missingreplog_4U1822-371.csv,,,Data replog,,,4U1822-371,True,IR
ir080406.0213,3A 1822-371,18:25:46.5,-37:06:29,2008-04-07,06:17:56.3,2454563.7625,30.1,1.47,J,J,,,,missingreplog_4U1822-371.csv,,,Data replog,,,4U1822-371,True,IR
ir080406.0212,3A 1822-371,18:25:46.5,-37:06:29,2008-04-07,06:17:10.1,2454563.7619,30.0,1.48,J,J,,,,missingreplog_4U1822-371.csv,,,Data replog,,,4U1822-371,True,IR
ir080406.0211,3A 1822-371,18:25:46.5,-37:06:29,2008-04-07,06:16:23.7,2454563.7614,30.1,1.48,J,J,,,,missingreplog_4U1822-371.csv,,,Data replog,,,4U1822-371,True,IR
ir080406.0210,3A 1822-371,18:25:46.4,-37:06:29,2008-04-07,06:15:37.4,2454563.7609,30.0,1.49,J,J,,,,missingreplog_4U1822-371.csv,,,Data replog,,,4U1822-371,True,IR
ir080406.0209,3A 1822-371,18:25:46.4,-37:06:29,2008-04-07,06:14:51.4,2454563.7603,30.0,1.49,J,J,,,,missingreplog_4U1822-371.csv,,,Data replog,,,4U1822-371,True,IR
ir080406.0208,3A 1822-371,18:25:46.4,-37:06:29,2008-04-07,06:14:05.0,2454563.7598,30.1,1.5,J,J,,,,missingreplog_4U1822-371.csv,,,Data replog,,,4U1822-371,True,IR
ir080318.0340,3A 1822-371,18:25:45.2,-37:06:26,2008-03-19,08:55:52.2,2454544.8721,30.0,1.16,H,H,,,,missingreplog_4U1822-371.csv,,,Data replog,,,4U1822-371,True,IR
ir080318.0338,3A 1822-371,18:25:45.2,-37:06:26,2008-03-19,08:54:19.7,2454544.8711,30.0,1.17,H,H,,,,missingreplog_4U1822-371.csv,,,Data replog,,,4U1822-371,True,IR
ir080312.0332,3A 1822-371,18:25:45.8,-37:06:17,2008-03-13,08:50:04.8,2454538.8681,30.0,1.25,J,J,,,,missingreplog_4U1822-371.csv,,,Data replog,,,4U1822-371,True,IR
ir080313.0325,3A 1822-371,18:25:45.2,-37:06:19,2008-03-14,08:16:59.0,2454539.8451,30.0,1.35,K,K,,,,missingreplog_4U1822-371.csv,,,Data replog,,,4U1822-371,True,IR
ir080313.0336,3A 1822-371,18:25:45.2,-37:06:19,2008-03-14,08:25:29.2,2454539.851,30.0,1.32,K,K,,,,missingreplog_4U1822-371.csv,,,Data replog,,,4U1822-371,True,IR
ir080313.0335,3A 1822-371,18:25:45.2,-37:06:18,2008-03-14,08:24:42.9,2454539.8505,30.1,1.32,K,K,,,,missingreplog_4U1822-371.csv,,,Data replog,,,4U1822-371,True,IR
ir080313.0334,3A 1822-371,18:25:45.2,-37:06:18,2008-03-14,08:23:56.4,2454539.85,30.1,1.33,K,K,,,,missingreplog_4U1822-371.csv,,,Data replog,,,4U1822-371,True,IR
ir080313.0333,3A 1822-371,18:25:45.2,-37:06:19,2008-03-14,08:23:09.7,2454539.8494,30.1,1.33,K,K,,,,missingreplog_4U1822-371.csv,,,Data replog,,,4U1822-371,True,IR
ir080313.0332,3A 1822-371,18:25:45.2,-37:06:18,2008-03-14,08:22:23.5,2454539.8489,30.0,1.33,K,K,,,,missingreplog_4U1822-371.csv,,,Data replog,,,4U1822-371,True,IR
ir080313.0331,3A 1822-371,18:25:45.2,-37:06:19,2008-03-14,08:21:37.3,2454539.8484,30.1,1.34,K,K,,,,missingreplog_4U1822-371.csv,,,Data replog,,,4U1822-371,True,IR
ir080313.0330,3A 1822-371,18:25:45.2,-37:06:19,2008-03-14,08:20:51.0,2454539.8478,30.0,1.34,K,K,,,,missingreplog_4U1822-371.csv,,,Data replog,,,4U1822-371,True,IR
ir080313.0329,3A 1822-371,18:25:45.2,-37:06:19,2008-03-14,08:20:04.5,2454539.8473,30.1,1.34,K,K,,,,missingreplog_4U1822-371.csv,,,Data replog,,,4U1822-371,True,IR
ir080313.0328,3A 1822-371,18:25:45.2,-37:06:19,2008-03-14,08:19:18.3,2454539.8467,30.0,1.34,K,K,,,,missingreplog_4U1822-371.csv,,,Data replog,,,4U1822-371,True,IR
ir080313.0327,3A 1822-371,18:25:45.2,-37:06:19,2008-03-14,08:18:31.8,2454539.8462,30.0,1.35,K,K,,,,missingreplog_4U1822-371.csv,,,Data replog,,,4U1822-371,True,IR
ir080313.0326,3A 1822-371,18:25:45.2,-37:06:19,2008-03-14,08:17:45.3,2454539.8457,30.1,1.35,K,K,,,,missingreplog_4U1822-371.csv,,,Data replog,,,4U1822-371,True,IR
ir080313.0324,3A 1822-371,18:25:45.2,-37:06:19,2008-03-14,08:16:00.9,2454539.8445,30.0,1.36,J,J,,,,missingreplog_4U1822-371.csv,,,Data replog,,,4U1822-371,True,IR
ir080313.0311,3A 1822-371,18:25:45.3,-37:06:19,2008-03-14,08:05:58.0,2454539.8375,30.1,1.4,J,J,,,,missingreplog_4U1822-371.csv,,,Data replog,,,4U1822-371,True,IR
ir080313.0323,3A 1822-371,18:25:45.2,-37:06:19,2008-03-14,08:15:14.3,2454539.8439,30.0,1.36,J,J,,,,missingreplog_4U1822-371.csv,,,Data replog,,,4U1822-371,True,IR
ir080313.0322,3A 1822-371,18:25:45.2,-37:06:19,2008-03-14,08:14:28.0,2454539.8434,30.0,1.37,J,J,,,,missingreplog_4U1822-371.csv,,,Data replog,,,4U1822-371,True,IR
ir080313.0321,3A 1822-371,18:25:45.2,-37:06:19,2008-03-14,08:13:41.5,2454539.8428,30.0,1.37,J,J,,,,missingreplog_4U1822-371.csv,,,Data replog,,,4U1822-371,True,IR
ir080313.0320,3A 1822-371,18:25:45.2,-37:06:19,2008-03-14,08:12:55.0,2454539.8423,30.0,1.37,J,J,,,,missingreplog_4U1822-371.csv,,,Data replog,,,4U1822-371,True,IR
ir080313.0319,3A 1822-371,18:25:45.2,-37:06:19,2008-03-14,08:12:08.8,2454539.8418,30.0,1.38,J,J,,,,missingreplog_4U1822-371.csv,,,Data replog,,,4U1822-371,True,IR
ir080313.0318,3A 1822-371,18:25:45.2,-37:06:19,2008-03-14,08:11:22.6,2454539.8412,30.1,1.38,J,J,,,,missingreplog_4U1822-371.csv,,,Data replog,,,4U1822-371,True,IR
ir080313.0317,3A 1822-371,18:25:45.2,-37:06:19,2008-03-14,08:10:36.0,2454539.8407,30.0,1.38,J,J,,,,missingreplog_4U1822-371.csv,,,Data replog,,,4U1822-371,True,IR
ir080313.0316,3A 1822-371,18:25:45.2,-37:06:19,2008-03-14,08:09:49.7,2454539.8402,30.1,1.39,J,J,,,,missingreplog_4U1822-371.csv,,,Data replog,,,4U1822-371,True,IR
ir080313.0315,3A 1822-371,18:25:45.3,-37:06:19,2008-03-14,08:09:03.6,2454539.8396,30.0,1.39,J,J,,,,missingreplog_4U1822-371.csv,,,Data replog,,,4U1822-371,True,IR
ir080313.0314,3A 1822-371,18:25:45.3,-37:06:19,2008-03-14,08:08:17.0,2454539.8391,30.1,1.39,J,J,,,,missingreplog_4U1822-371.csv,,,Data replog,,,4U1822-371,True,IR
ir080313.0313,3A 1822-371,18:25:45.3,-37:06:19,2008-03-14,08:07:30.4,2454539.8385,30.1,1.4,J,J,,,,missingreplog_4U1822-371.csv,,,Data replog,,,4U1822-371,True,IR
ir080313.0337,3A 1822-371,18:25:45.2,-37:06:19,2008-03-14,08:26:15.6,2454539.8516,30.0,1.32,K,K,,,,missingreplog_4U1822-371.csv,,,Data replog,,,4U1822-371,True,IR
ir080313.0338,3A 1822-371,18:25:45.1,-37:06:19,2008-03-14,08:27:02.2,2454539.8521,30.0,1.31,K,K,,,,missingreplog_4U1822-371.csv,,,Data replog,,,4U1822-371,True,IR
ir080313.0339,3A 1822-371,18:25:45.1,-37:06:19,2008-03-14,08:27:48.5,2454539.8526,30.0,1.31,K,K,,,,missingreplog_4U1822-371.csv,,,Data replog,,,4U1822-371,True,IR
ir080313.0340,3A 1822-371,18:25:45.1,-37:06:19,2008-03-14,08:28:34.7,2454539.8532,30.1,1.31,K,K,,,,missingreplog_4U1822-371.csv,,,Data replog,,,4U1822-371,True,IR
ir080313.0363,3A 1822-371,18:25:44.7,-37:06:21,2008-03-14,08:46:34.5,2454539.8657,30.0,1.24,H,H,,,,missingreplog_4U1822-371.csv,,,Data replog,,,4U1822-371,True,IR
ir080313.0362,3A 1822-371,18:25:44.7,-37:06:21,2008-03-14,08:45:48.1,2454539.8651,30.1,1.25,H,H,,,,missingreplog_4U1822-371.csv,,,Data replog,,,4U1822-371,True,IR
ir080313.0361,3A 1822-371,18:25:44.7,-37:06:21,2008-03-14,08:45:01.6,2454539.8646,30.1,1.25,H,H,,,,missingreplog_4U1822-371.csv,,,Data replog,,,4U1822-371,True,IR
ir080313.0360,3A 1822-371,18:25:44.7,-37:06:20,2008-03-14,08:44:15.1,2454539.8641,30.0,1.25,H,H,,,,missingreplog_4U1822-371.csv,,,Data replog,,,4U1822-371,True,IR
ir080313.0359,3A 1822-371,18:25:44.7,-37:06:21,2008-03-14,08:43:29.1,2454539.8635,30.1,1.25,H,H,,,,missingreplog_4U1822-371.csv,,,Data replog,,,4U1822-371,True,IR
ir080313.0358,3A 1822-371,18:25:44.7,-37:06:21,2008-03-14,08:42:42.8,2454539.863,30.0,1.26,H,H,,,,missingreplog_4U1822-371.csv,,,Data replog,,,4U1822-371,True,IR
ir080313.0357,3A 1822-371,18:25:44.7,-37:06:20,2008-03-14,08:41:56.2,2454539.8625,30.1,1.26,H,H,,,,missingreplog_4U1822-371.csv,,,Data replog,,,4U1822-371,True,IR
ir080313.0356,3A 1822-371,18:25:44.7,-37:06:20,2008-03-14,08:41:09.7,2454539.8619,30.1,1.26,H,H,,,,missingreplog_4U1822-371.csv,,,Data replog,,,4U1822-371,True,IR
ir080313.0355,3A 1822-371,18:25:44.7,-37:06:20,2008-03-14,08:40:23.5,2454539.8614,30.0,1.26,H,H,,,,missingreplog_4U1822-371.csv,,,Data replog,,,4U1822-371,True,IR
ir080313.0354,3A 1822-371,18:25:44.7,-37:06:20,2008-03-14,08:39:37.1,2454539.8608,30.0,1.27,H,H,,,,missingreplog_4U1822-371.csv,,,Data replog,,,4U1822-371,True,IR
ir080313.0353,3A 1822-371,18:25:44.8,-37:06:20,2008-03-14,08:38:50.6,2454539.8603,30.1,1.27,H,H,,,,missingreplog_4U1822-371.csv,,,Data replog,,,4U1822-371,True,IR
ir080313.0352,3A 1822-371,18:25:44.8,-37:06:20,2008-03-14,08:38:04.3,2454539.8598,30.1,1.27,H,H,,,,missingreplog_4U1822-371.csv,,,Data replog,,,4U1822-371,True,IR
ir080313.0351,3A 1822-371,18:25:44.8,-37:06:20,2008-03-14,08:37:18.1,2454539.8592,30.1,1.28,H,H,,,,missingreplog_4U1822-371.csv,,,Data replog,,,4U1822-371,True,IR
ir080313.0350,3A 1822-371,18:25:44.8,-37:06:20,2008-03-14,08:36:31.9,2454539.8587,30.1,1.28,H,H,,,,missingreplog_4U1822-371.csv,,,Data replog,,,4U1822-371,True,IR
ir080313.0349,3A 1822-371,18:25:44.8,-37:06:20,2008-03-14,08:35:45.4,2454539.8582,30.0,1.28,H,H,,,,missingreplog_4U1822-371.csv,,,Data replog,,,4U1822-371,True,IR
ir080313.0348,3A 1822-371,18:25:44.8,-37:06:20,2008-03-14,08:34:59.0,2454539.8576,30.0,1.28,H,H,,,,missingreplog_4U1822-371.csv,,,Data replog,,,4U1822-371,True,IR
ir080313.0347,3A 1822-371,18:25:44.9,-37:06:19,2008-03-14,08:34:12.6,2454539.8571,30.1,1.29,H,H,,,,missingreplog_4U1822-371.csv,,,Data replog,,,4U1822-371,True,IR
ir080313.0346,3A 1822-371,18:25:44.9,-37:06:19,2008-03-14,08:33:26.1,2454539.8566,30.1,1.29,H,H,,,,missingreplog_4U1822-371.csv,,,Data replog,,,4U1822-371,True,IR
ir080313.0345,3A 1822-371,18:25:44.9,-37:06:19,2008-03-14,08:32:39.9,2454539.856,30.0,1.29,H,H,,,,missingreplog_4U1822-371.csv,,,Data replog,,,4U1822-371,True,IR
ir080313.0344,3A 1822-371,18:25:45.0,-37:06:19,2008-03-14,08:31:40.4,2454539.8553,30.0,1.3,K,K,,,,missingreplog_4U1822-371.csv,,,Data replog,,,4U1822-371,True,IR
ir080313.0343,3A 1822-371,18:25:45.0,-37:06:19,2008-03-14,08:30:54.1,2454539.8548,30.0,1.3,K,K,,,,missingreplog_4U1822-371.csv,,,Data replog,,,4U1822-371,True,IR
ir080313.0342,3A 1822-371,18:25:45.0,-37:06:19,2008-03-14,08:30:07.8,2454539.8543,30.0,1.3,K,K,,,,missingreplog_4U1822-371.csv,,,Data replog,,,4U1822-371,True,IR
ir080313.0341,3A 1822-371,18:25:45.0,-37:06:19,2008-03-14,08:29:21.3,2454539.8537,30.0,1.3,K,K,,,,missingreplog_4U1822-371.csv,,,Data replog,,,4U1822-371,True,IR
ir080313.0312,3A 1822-371,18:25:45.3,-37:06:19,2008-03-14,08:06:44.2,2454539.838,30.1,1.4,J,J,,,,missingreplog_4U1822-371.csv,,,Data replog,,,4U1822-371,True,IR
ir080313.0310,3A 1822-371,18:25:45.3,-37:06:19,2008-03-14,08:05:11.6,2454539.8369,30.1,1.41,J,J,,,,missingreplog_4U1822-371.csv,,,Data replog,,,4U1822-371,True,IR
ir080318.0337,3A 1822-371,18:25:45.2,-37:06:26,2008-03-19,08:53:33.3,2454544.8705,30.0,1.17,H,H,,,,missingreplog_4U1822-371.csv,,,Data replog,,,4U1822-371,True,IR
ir080312.0345,3A 1822-371,18:25:45.8,-37:06:20,2008-03-13,09:00:16.0,2454538.8752,30.0,1.21,K,K,,,,missingreplog_4U1822-371.csv,,,Data replog,,,4U1822-371,True,IR
ir080312.0356,3A 1822-371,18:25:45.8,-37:06:20,2008-03-13,09:08:43.2,2454538.8811,30.1,1.19,K,K,,,,missingreplog_4U1822-371.csv,,,Data replog,,,4U1822-371,True,IR
ir080312.0355,3A 1822-371,18:25:45.8,-37:06:20,2008-03-13,09:07:57.0,2454538.8805,30.1,1.19,K,K,,,,missingreplog_4U1822-371.csv,,,Data replog,,,4U1822-371,True,IR
ir080312.0354,3A 1822-371,18:25:45.8,-37:06:20,2008-03-13,09:07:11.2,2454538.88,30.1,1.19,K,K,,,,missingreplog_4U1822-371.csv,,,Data replog,,,4U1822-371,True,IR
ir080312.0353,3A 1822-371,18:25:45.8,-37:06:20,2008-03-13,09:06:25.0,2454538.8795,30.0,1.2,K,K,,,,missingreplog_4U1822-371.csv,,,Data replog,,,4U1822-371,True,IR
ir080312.0352,3A 1822-371,18:25:45.8,-37:06:20,2008-03-13,09:05:38.9,2454538.8789,30.0,1.2,K,K,,,,missingreplog_4U1822-371.csv,,,Data replog,,,4U1822-371,True,IR
ir080312.0351,3A 1822-371,18:25:45.8,-37:06:20,2008-03-13,09:04:52.8,2454538.8784,30.0,1.2,K,K,,,,missingreplog_4U1822-371.csv,,,Data replog,,,4U1822-371,True,IR
ir080312.0350,3A 1822-371,18:25:45.8,-37:06:20,2008-03-13,09:04:06.9,2454538.8779,30.1,1.2,K,K,,,,missingreplog_4U1822-371.csv,,,Data replog,,,4U1822-371,True,IR
ir080312.0349,3A 1822-371,18:25:45.8,-37:06:21,2008-03-13,09:03:20.5,2454538.8773,30.1,1.21,K,K,,,,missingreplog_4U1822-371.csv,,,Data replog,,,4U1822-371,True,IR
ir080312.0348,3A 1822-371,18:25:45.8,-37:06:21,2008-03-13,09:02:34.1,2454538.8768,30.1,1.21,K,K,,,,missingreplog_4U1822-371.csv,,,Data replog,,,4U1822-371,True,IR
ir080312.0347,3A 1822-371,18:25:45.8,-37:06:20,2008-03-13,09:01:48.2,2454538.8763,30.1,1.21,K,K,,,,missingreplog_4U1822-371.csv,,,Data replog,,,4U1822-371,True,IR
ir080312.0346,3A 1822-371,18:25:45.8,-37:06:20,2008-03-13,09:01:02.1,2454538.8757,30.0,1.21,K,K,,,,missingreplog_4U1822-371.csv,,,Data replog,,,4U1822-371,True,IR
ir080312.0344,3A 1822-371,18:25:45.8,-37:06:20,2008-03-13,08:59:29.8,2454538.8747,30.1,1.22,K,K,,,,missingreplog_4U1822-371.csv,,,Data replog,,,4U1822-371,True,IR
ir080313.0309,3A 1822-371,18:25:45.3,-37:06:19,2008-03-14,08:04:25.0,2454539.8364,30.1,1.41,J,J,,,,missingreplog_4U1822-371.csv,,,Data replog,,,4U1822-371,True,IR
ir080312.0343,3A 1822-371,18:25:45.8,-37:06:20,2008-03-13,08:58:43.8,2454538.8741,30.1,1.22,K,K,,,,missingreplog_4U1822-371.csv,,,Data replog,,,4U1822-371,True,IR
ir080312.0342,3A 1822-371,18:25:45.8,-37:06:19,2008-03-13,08:57:57.5,2454538.8736,30.0,1.22,K,K,,,,missingreplog_4U1822-371.csv,,,Data replog,,,4U1822-371,True,IR
ir080312.0341,3A 1822-371,18:25:45.8,-37:06:19,2008-03-13,08:57:11.2,2454538.8731,30.0,1.22,K,K,,,,missingreplog_4U1822-371.csv,,,Data replog,,,4U1822-371,True,IR
ir080312.0340,3A 1822-371,18:25:45.8,-37:06:19,2008-03-13,08:56:25.0,2454538.8725,30.0,1.23,K,K,,,,missingreplog_4U1822-371.csv,,,Data replog,,,4U1822-371,True,IR
ir080312.0339,3A 1822-371,18:25:45.8,-37:06:19,2008-03-13,08:55:28.1,2454538.8719,30.0,1.23,J,J,,,,missingreplog_4U1822-371.csv,,,Data replog,,,4U1822-371,True,IR
ir080312.0338,3A 1822-371,18:25:45.8,-37:06:18,2008-03-13,08:54:41.7,2454538.8713,30.1,1.23,J,J,,,,missingreplog_4U1822-371.csv,,,Data replog,,,4U1822-371,True,IR
ir080312.0337,3A 1822-371,18:25:45.8,-37:06:18,2008-03-13,08:53:55.6,2454538.8708,30.0,1.23,J,J,,,,missingreplog_4U1822-371.csv,,,Data replog,,,4U1822-371,True,IR
ir080312.0336,3A 1822-371,18:25:45.8,-37:06:18,2008-03-13,08:53:09.4,2454538.8703,30.1,1.24,J,J,,,,missingreplog_4U1822-371.csv,,,Data replog,,,4U1822-371,True,IR
ir080312.0335,3A 1822-371,18:25:45.8,-37:06:18,2008-03-13,08:52:23.1,2454538.8697,30.1,1.24,J,J,,,,missingreplog_4U1822-371.csv,,,Data replog,,,4U1822-371,True,IR
ir080312.0334,3A 1822-371,18:25:45.8,-37:06:18,2008-03-13,08:51:37.1,2454538.8692,30.1,1.24,J,J,,,,missingreplog_4U1822-371.csv,,,Data replog,,,4U1822-371,True,IR
ir080312.0333,3A 1822-371,18:25:45.8,-37:06:18,2008-03-13,08:50:51.0,2454538.8687,30.0,1.24,J,J,,,,missingreplog_4U1822-371.csv,,,Data replog,,,4U1822-371,True,IR
ir080312.0357,3A 1822-371,18:25:45.8,-37:06:20,2008-03-13,09:09:29.5,2454538.8816,30.0,1.19,K,K,,,,missingreplog_4U1822-371.csv,,,Data replog,,,4U1822-371,True,IR
ir080312.0358,3A 1822-371,18:25:45.8,-37:06:20,2008-03-13,09:10:15.5,2454538.8821,30.1,1.19,K,K,,,,missingreplog_4U1822-371.csv,,,Data replog,,,4U1822-371,True,IR
ir080312.0359,3A 1822-371,18:25:45.8,-37:06:20,2008-03-13,09:11:01.7,2454538.8827,30.0,1.18,K,K,,,,missingreplog_4U1822-371.csv,,,Data replog,,,4U1822-371,True,IR
ir080312.0360,3A 1822-371,18:25:45.8,-37:06:20,2008-03-13,09:11:59.5,2454538.8833,30.0,1.18,H,H,,,,missingreplog_4U1822-371.csv,,,Data replog,,,4U1822-371,True,IR
ir080313.0308,3A 1822-371,18:25:45.3,-37:06:19,2008-03-14,08:03:38.8,2454539.8359,30.0,1.42,J,J,,,,missingreplog_4U1822-371.csv,,,Data replog,,,4U1822-371,True,IR
ir080313.0307,3A 1822-371,18:25:45.3,-37:06:19,2008-03-14,08:02:52.2,2454539.8353,30.1,1.42,J,J,,,,missingreplog_4U1822-371.csv,,,Data replog,,,4U1822-371,True,IR
ir080313.0306,3A 1822-371,18:25:45.3,-37:06:18,2008-03-14,08:02:05.8,2454539.8348,30.0,1.42,J,J,,,,missingreplog_4U1822-371.csv,,,Data replog,,,4U1822-371,True,IR
ir080313.0305,3A 1822-371,18:25:45.4,-37:06:19,2008-03-14,08:01:19.4,2454539.8342,30.1,1.43,J,J,,,,missingreplog_4U1822-371.csv,,,Data replog,,,4U1822-371,True,IR
ir080312.0379,3A 1822-371,18:25:45.8,-37:06:20,2008-03-13,09:26:35.6,2454538.8935,30.0,1.15,H,H,,,,missingreplog_4U1822-371.csv,,,Data replog,,,4U1822-371,True,IR
ir080312.0378,3A 1822-371,18:25:45.8,-37:06:20,2008-03-13,09:25:49.5,2454538.8929,30.0,1.15,H,H,,,,missingreplog_4U1822-371.csv,,,Data replog,,,4U1822-371,True,IR
ir080312.0377,3A 1822-371,18:25:45.8,-37:06:20,2008-03-13,09:25:03.6,2454538.8924,30.1,1.15,H,H,,,,missingreplog_4U1822-371.csv,,,Data replog,,,4U1822-371,True,IR
ir080312.0376,3A 1822-371,18:25:45.8,-37:06:20,2008-03-13,09:24:17.4,2454538.8919,30.0,1.15,H,H,,,,missingreplog_4U1822-371.csv,,,Data replog,,,4U1822-371,True,IR
ir080312.0375,3A 1822-371,18:25:45.8,-37:06:20,2008-03-13,09:23:30.9,2454538.8913,30.0,1.15,H,H,,,,missingreplog_4U1822-371.csv,,,Data replog,,,4U1822-371,True,IR
ir080312.0374,3A 1822-371,18:25:45.7,-37:06:20,2008-03-13,09:22:44.9,2454538.8908,30.1,1.16,H,H,,,,missingreplog_4U1822-371.csv,,,Data replog,,,4U1822-371,True,IR
ir080312.0373,3A 1822-371,18:25:45.7,-37:06:20,2008-03-13,09:21:58.9,2454538.8903,30.1,1.16,H,H,,,,missingreplog_4U1822-371.csv,,,Data replog,,,4U1822-371,True,IR
ir080312.0372,3A 1822-371,18:25:45.7,-37:06:20,2008-03-13,09:21:12.6,2454538.8897,30.1,1.16,H,H,,,,missingreplog_4U1822-371.csv,,,Data replog,,,4U1822-371,True,IR
ir080312.0371,3A 1822-371,18:25:45.7,-37:06:20,2008-03-13,09:20:26.5,2454538.8892,30.0,1.16,H,H,,,,missingreplog_4U1822-371.csv,,,Data replog,,,4U1822-371,True,IR
ir080312.0370,3A 1822-371,18:25:45.7,-37:06:20,2008-03-13,09:19:40.5,2454538.8887,30.0,1.16,H,H,,,,missingreplog_4U1822-371.csv,,,Data replog,,,4U1822-371,True,IR
ir080312.0369,3A 1822-371,18:25:45.7,-37:06:20,2008-03-13,09:18:54.2,2454538.8881,30.0,1.16,H,H,,,,missingreplog_4U1822-371.csv,,,Data replog,,,4U1822-371,True,IR
ir080312.0368,3A 1822-371,18:25:45.7,-37:06:20,2008-03-13,09:18:07.9,2454538.8876,30.0,1.17,H,H,,,,missingreplog_4U1822-371.csv,,,Data replog,,,4U1822-371,True,IR
ir080312.0367,3A 1822-371,18:25:45.7,-37:06:21,2008-03-13,09:17:22.0,2454538.8871,30.0,1.17,H,H,,,,missingreplog_4U1822-371.csv,,,Data replog,,,4U1822-371,True,IR
ir080312.0366,3A 1822-371,18:25:45.7,-37:06:20,2008-03-13,09:16:36.2,2454538.8865,30.0,1.17,H,H,,,,missingreplog_4U1822-371.csv,,,Data replog,,,4U1822-371,True,IR
ir080312.0365,3A 1822-371,18:25:45.7,-37:06:20,2008-03-13,09:15:50.2,2454538.886,30.0,1.17,H,H,,,,missingreplog_4U1822-371.csv,,,Data replog,,,4U1822-371,True,IR
ir080312.0364,3A 1822-371,18:25:45.7,-37:06:20,2008-03-13,09:15:03.9,2454538.8855,30.1,1.17,H,H,,,,missingreplog_4U1822-371.csv,,,Data replog,,,4U1822-371,True,IR
ir080312.0363,3A 1822-371,18:25:45.8,-37:06:20,2008-03-13,09:14:17.9,2454538.8849,30.0,1.18,H,H,,,,missingreplog_4U1822-371.csv,,,Data replog,,,4U1822-371,True,IR
ir080312.0362,3A 1822-371,18:25:45.7,-37:06:20,2008-03-13,09:13:31.7,2454538.8844,30.1,1.18,H,H,,,,missingreplog_4U1822-371.csv,,,Data replog,,,4U1822-371,True,IR
ir080312.0361,3A 1822-371,18:25:45.8,-37:06:20,2008-03-13,09:12:45.5,2454538.8839,30.0,1.18,H,H,,,,missingreplog_4U1822-371.csv,,,Data replog,,,4U1822-371,True,IR
ir080313.0364,3A 1822-371,18:25:44.7,-37:06:21,2008-03-14,08:47:21.2,2454539.8662,30.0,1.24,H,H,,,,missingreplog_4U1822-371.csv,,,Data replog,,,4U1822-371,True,IR
ir080314.0204,3A 1822-371,18:25:46.3,-37:06:18,2008-03-15,07:49:14.6,2454540.8259,30.0,1.47,J,J,,,,missingreplog_4U1822-371.csv,,,Data replog,,,4U1822-371,True,IR
ir080314.0205,3A 1822-371,18:25:46.3,-37:06:18,2008-03-15,07:50:00.5,2454540.8264,30.1,1.47,J,J,,,,missingreplog_4U1822-371.csv,,,Data replog,,,4U1822-371,True,IR
ir080318.0298,3A 1822-371,18:25:45.1,-37:06:23,2008-03-19,08:23:05.9,2454544.8494,30.0,1.26,J,J,,,,missingreplog_4U1822-371.csv,,,Data replog,,,4U1822-371,True,IR
ir080318.0309,3A 1822-371,18:25:45.2,-37:06:25,2008-03-19,08:31:46.2,2454544.8554,30.0,1.23,K,K,,,,missingreplog_4U1822-371.csv,,,Data replog,,,4U1822-371,True,IR
ir080318.0308,3A 1822-371,18:25:45.1,-37:06:24,2008-03-19,08:30:48.9,2454544.8547,30.0,1.23,J,J,,,,missingreplog_4U1822-371.csv,,,Data replog,,,4U1822-371,True,IR
ir080318.0307,3A 1822-371,18:25:45.1,-37:06:24,2008-03-19,08:30:02.5,2454544.8542,30.1,1.23,J,J,,,,missingreplog_4U1822-371.csv,,,Data replog,,,4U1822-371,True,IR
ir080318.0306,3A 1822-371,18:25:45.1,-37:06:24,2008-03-19,08:29:16.4,2454544.8537,30.1,1.24,J,J,,,,missingreplog_4U1822-371.csv,,,Data replog,,,4U1822-371,True,IR
ir080318.0305,3A 1822-371,18:25:45.1,-37:06:24,2008-03-19,08:28:29.9,2454544.8531,30.1,1.24,J,J,,,,missingreplog_4U1822-371.csv,,,Data replog,,,4U1822-371,True,IR
ir080318.0304,3A 1822-371,18:25:45.1,-37:06:24,2008-03-19,08:27:43.5,2454544.8526,30.1,1.24,J,J,,,,missingreplog_4U1822-371.csv,,,Data replog,,,4U1822-371,True,IR
ir080318.0303,3A 1822-371,18:25:45.1,-37:06:24,2008-03-19,08:26:57.4,2454544.8521,30.0,1.24,J,J,,,,missingreplog_4U1822-371.csv,,,Data replog,,,4U1822-371,True,IR
ir080318.0302,3A 1822-371,18:25:45.1,-37:06:24,2008-03-19,08:26:11.3,2454544.8515,30.0,1.25,J,J,,,,missingreplog_4U1822-371.csv,,,Data replog,,,4U1822-371,True,IR
ir080318.0301,3A 1822-371,18:25:45.1,-37:06:24,2008-03-19,08:25:25.0,2454544.851,30.0,1.25,J,J,,,,missingreplog_4U1822-371.csv,,,Data replog,,,4U1822-371,True,IR
ir080318.0300,3A 1822-371,18:25:45.1,-37:06:24,2008-03-19,08:24:38.5,2454544.8504,30.0,1.25,J,J,,,,missingreplog_4U1822-371.csv,,,Data replog,,,4U1822-371,True,IR
ir080318.0299,3A 1822-371,18:25:45.1,-37:06:24,2008-03-19,08:23:52.4,2454544.8499,30.0,1.25,J,J,,,,missingreplog_4U1822-371.csv,,,Data replog,,,4U1822-371,True,IR
ir080318.0297,3A 1822-371,18:25:45.1,-37:06:23,2008-03-19,08:22:19.5,2454544.8488,30.0,1.26,J,J,,,,missingreplog_4U1822-371.csv,,,Data replog,,,4U1822-371,True,IR
ir080314.0206,3A 1822-371,18:25:46.3,-37:06:18,2008-03-15,07:50:46.8,2454540.8269,30.0,1.46,J,J,,,,missingreplog_4U1822-371.csv,,,Data replog,,,4U1822-371,True,IR
ir080318.0296,3A 1822-371,18:25:45.1,-37:06:24,2008-03-19,08:21:33.2,2454544.8483,30.1,1.26,J,J,,,,missingreplog_4U1822-371.csv,,,Data replog,,,4U1822-371,True,IR
ir080318.0295,3A 1822-371,18:25:45.1,-37:06:24,2008-03-19,08:20:47.0,2454544.8478,30.0,1.26,J,J,,,,missingreplog_4U1822-371.csv,,,Data replog,,,4U1822-371,True,IR
ir080318.0294,3A 1822-371,18:25:45.1,-37:06:23,2008-03-19,08:20:00.6,2454544.8472,30.0,1.27,J,J,,,,missingreplog_4U1822-371.csv,,,Data replog,,,4U1822-371,True,IR
ir080318.0293,3A 1822-371,18:25:45.1,-37:06:23,2008-03-19,08:19:14.2,2454544.8467,30.0,1.27,J,J,,,,missingreplog_4U1822-371.csv,,,Data replog,,,4U1822-371,True,IR
ir080318.0292,3A 1822-371,18:25:45.2,-37:06:23,2008-03-19,08:18:27.9,2454544.8462,30.0,1.27,J,J,,,,missingreplog_4U1822-371.csv,,,Data replog,,,4U1822-371,True,IR
ir080318.0291,3A 1822-371,18:25:45.2,-37:06:23,2008-03-19,08:17:41.5,2454544.8456,30.0,1.28,J,J,,,,missingreplog_4U1822-371.csv,,,Data replog,,,4U1822-371,True,IR
ir080318.0290,3A 1822-371,18:25:45.2,-37:06:23,2008-03-19,08:16:55.1,2454544.8451,30.0,1.28,J,J,,,,missingreplog_4U1822-371.csv,,,Data replog,,,4U1822-371,True,IR
ir080318.0289,3A 1822-371,18:25:45.3,-37:06:23,2008-03-19,08:16:09.0,2454544.8446,30.0,1.28,J,J,,,,missingreplog_4U1822-371.csv,,,Data replog,,,4U1822-371,True,IR
ir080314.0263,3A 1822-371,18:25:45.7,-37:06:20,2008-03-15,08:35:02.7,2454540.8577,30.0,1.27,H,H,,,,missingreplog_4U1822-371.csv,,,Data replog,,,4U1822-371,True,IR
ir080314.0262,3A 1822-371,18:25:45.7,-37:06:20,2008-03-15,08:34:16.6,2454540.8571,30.0,1.27,H,H,,,,missingreplog_4U1822-371.csv,,,Data replog,,,4U1822-371,True,IR
ir080314.0261,3A 1822-371,18:25:45.7,-37:06:20,2008-03-15,08:33:30.6,2454540.8566,30.0,1.28,H,H,,,,missingreplog_4U1822-371.csv,,,Data replog,,,4U1822-371,True,IR
ir080318.0310,3A 1822-371,18:25:45.2,-37:06:25,2008-03-19,08:32:32.3,2454544.8559,30.1,1.23,K,K,,,,missingreplog_4U1822-371.csv,,,Data replog,,,4U1822-371,True,IR
ir080318.0311,3A 1822-371,18:25:45.2,-37:06:25,2008-03-19,08:33:18.7,2454544.8565,30.0,1.22,K,K,,,,missingreplog_4U1822-371.csv,,,Data replog,,,4U1822-371,True,IR
ir080318.0312,3A 1822-371,18:25:45.2,-37:06:25,2008-03-19,08:34:05.1,2454544.857,30.0,1.22,K,K,,,,missingreplog_4U1822-371.csv,,,Data replog,,,4U1822-371,True,IR
ir080318.0313,3A 1822-371,18:25:45.2,-37:06:25,2008-03-19,08:34:51.2,2454544.8575,30.0,1.22,K,K,,,,missingreplog_4U1822-371.csv,,,Data replog,,,4U1822-371,True,IR
ir080318.0336,3A 1822-371,18:25:45.2,-37:06:26,2008-03-19,08:52:47.3,2454544.87,30.0,1.17,H,H,,,,missingreplog_4U1822-371.csv,,,Data replog,,,4U1822-371,True,IR
ir080318.0335,3A 1822-371,18:25:45.2,-37:06:26,2008-03-19,08:52:01.2,2454544.8695,30.1,1.17,H,H,,,,missingreplog_4U1822-371.csv,,,Data replog,,,4U1822-371,True,IR
ir080318.0334,3A 1822-371,18:25:45.2,-37:06:26,2008-03-19,08:51:14.9,2454544.8689,30.1,1.17,H,H,,,,missingreplog_4U1822-371.csv,,,Data replog,,,4U1822-371,True,IR
ir080318.0333,3A 1822-371,18:25:45.2,-37:06:26,2008-03-19,08:50:28.6,2454544.8684,30.1,1.18,H,H,,,,missingreplog_4U1822-371.csv,,,Data replog,,,4U1822-371,True,IR
ir080318.0332,3A 1822-371,18:25:45.2,-37:06:26,2008-03-19,08:49:42.6,2454544.8679,30.0,1.18,H,H,,,,missingreplog_4U1822-371.csv,,,Data replog,,,4U1822-371,True,IR
ir080318.0331,3A 1822-371,18:25:45.3,-37:06:26,2008-03-19,08:48:56.1,2454544.8673,30.1,1.18,H,H,,,,missingreplog_4U1822-371.csv,,,Data replog,,,4U1822-371,True,IR
ir080318.0330,3A 1822-371,18:25:45.3,-37:06:26,2008-03-19,08:48:09.6,2454544.8668,30.1,1.18,H,H,,,,missingreplog_4U1822-371.csv,,,Data replog,,,4U1822-371,True,IR
ir080318.0329,3A 1822-371,18:25:45.3,-37:06:26,2008-03-19,08:47:23.6,2454544.8662,30.0,1.18,H,H,,,,missingreplog_4U1822-371.csv,,,Data replog,,,4U1822-371,True,IR
ir080318.0328,3A 1822-371,18:25:45.3,-37:06:25,2008-03-19,08:46:25.2,2454544.8656,30.0,1.19,K,K,,,,missingreplog_4U1822-371.csv,,,Data replog,,,4U1822-371,True,IR
ir080318.0327,3A 1822-371,18:25:45.3,-37:06:25,2008-03-19,08:45:38.8,2454544.865,30.1,1.19,K,K,,,,missingreplog_4U1822-371.csv,,,Data replog,,,4U1822-371,True,IR
ir080318.0326,3A 1822-371,18:25:45.3,-37:06:25,2008-03-19,08:44:52.8,2454544.8645,30.1,1.19,K,K,,,,missingreplog_4U1822-371.csv,,,Data replog,,,4U1822-371,True,IR
ir080318.0325,3A 1822-371,18:25:45.3,-37:06:25,2008-03-19,08:44:06.4,2454544.864,30.1,1.19,K,K,,,,missingreplog_4U1822-371.csv,,,Data replog,,,4U1822-371,True,IR
ir080318.0324,3A 1822-371,18:25:45.3,-37:06:26,2008-03-19,08:43:19.9,2454544.8634,30.0,1.2,K,K,,,,missingreplog_4U1822-371.csv,,,Data replog,,,4U1822-371,True,IR
ir080318.0323,3A 1822-371,18:25:45.3,-37:06:25,2008-03-19,08:42:33.7,2454544.8629,30.0,1.2,K,K,,,,missingreplog_4U1822-371.csv,,,Data replog,,,4U1822-371,True,IR
ir080318.0322,3A 1822-371,18:25:45.3,-37:06:26,2008-03-19,08:41:47.6,2454544.8624,30.1,1.2,K,K,,,,missingreplog_4U1822-371.csv,,,Data replog,,,4U1822-371,True,IR
ir080318.0321,3A 1822-371,18:25:45.3,-37:06:26,2008-03-19,08:41:01.3,2454544.8618,30.0,1.2,K,K,,,,missingreplog_4U1822-371.csv,,,Data replog,,,4U1822-371,True,IR
ir080318.0320,3A 1822-371,18:25:45.3,-37:06:26,2008-03-19,08:40:15.0,2454544.8613,30.0,1.2,K,K,,,,missingreplog_4U1822-371.csv,,,Data replog,,,4U1822-371,True,IR
ir080318.0319,3A 1822-371,18:25:45.2,-37:06:26,2008-03-19,08:39:29.0,2454544.8607,30.0,1.21,K,K,,,,missingreplog_4U1822-371.csv,,,Data replog,,,4U1822-371,True,IR
ir080318.0318,3A 1822-371,18:25:45.3,-37:06:26,2008-03-19,08:38:42.4,2454544.8602,30.1,1.21,K,K,,,,missingreplog_4U1822-371.csv,,,Data replog,,,4U1822-371,True,IR
ir080318.0317,3A 1822-371,18:25:45.3,-37:06:26,2008-03-19,08:37:56.0,2454544.8597,30.0,1.21,K,K,,,,missingreplog_4U1822-371.csv,,,Data replog,,,4U1822-371,True,IR
ir080318.0316,3A 1822-371,18:25:45.2,-37:06:25,2008-03-19,08:37:09.8,2454544.8591,30.1,1.21,K,K,,,,missingreplog_4U1822-371.csv,,,Data replog,,,4U1822-371,True,IR
ir080318.0315,3A 1822-371,18:25:45.2,-37:06:25,2008-03-19,08:36:23.6,2454544.8586,30.0,1.22,K,K,,,,missingreplog_4U1822-371.csv,,,Data replog,,,4U1822-371,True,IR
ir080318.0314,3A 1822-371,18:25:45.3,-37:06:25,2008-03-19,08:35:37.4,2454544.8581,30.0,1.22,K,K,,,,missingreplog_4U1822-371.csv,,,Data replog,,,4U1822-371,True,IR
ir080314.0260,3A 1822-371,18:25:45.7,-37:06:20,2008-03-15,08:32:44.2,2454540.8561,30.0,1.28,H,H,,,,missingreplog_4U1822-371.csv,,,Data replog,,,4U1822-371,True,IR
ir080314.0259,3A 1822-371,18:25:45.8,-37:06:19,2008-03-15,08:31:57.8,2454540.8555,30.1,1.28,H,H,,,,missingreplog_4U1822-371.csv,,,Data replog,,,4U1822-371,True,IR
ir080314.0258,3A 1822-371,18:25:45.8,-37:06:19,2008-03-15,08:31:11.8,2454540.855,30.1,1.28,H,H,,,,missingreplog_4U1822-371.csv,,,Data replog,,,4U1822-371,True,IR
ir080314.0231,3A 1822-371,18:25:46.4,-37:06:17,2008-03-15,08:10:12.4,2454540.8404,30.1,1.37,K,K,,,,missingreplog_4U1822-371.csv,,,Data replog,,,4U1822-371,True,IR
ir080314.0229,3A 1822-371,18:25:46.4,-37:06:17,2008-03-15,08:08:40.0,2454540.8394,30.0,1.37,K,K,,,,missingreplog_4U1822-371.csv,,,Data replog,,,4U1822-371,True,IR
ir080314.0228,3A 1822-371,18:25:46.4,-37:06:16,2008-03-15,08:07:53.8,2454540.8388,30.0,1.38,K,K,,,,missingreplog_4U1822-371.csv,,,Data replog,,,4U1822-371,True,IR
ir080314.0227,3A 1822-371,18:25:46.4,-37:06:17,2008-03-15,08:07:07.8,2454540.8383,30.1,1.38,K,K,,,,missingreplog_4U1822-371.csv,,,Data replog,,,4U1822-371,True,IR
ir080314.0226,3A 1822-371,18:25:46.4,-37:06:16,2008-03-15,08:06:21.3,2454540.8377,30.0,1.38,K,K,,,,missingreplog_4U1822-371.csv,,,Data replog,,,4U1822-371,True,IR
ir080314.0225,3A 1822-371,18:25:46.4,-37:06:17,2008-03-15,08:05:35.0,2454540.8372,30.0,1.39,K,K,,,,missingreplog_4U1822-371.csv,,,Data replog,,,4U1822-371,True,IR
ir080314.0224,3A 1822-371,18:25:46.4,-37:06:17,2008-03-15,08:04:49.1,2454540.8367,30.1,1.39,K,K,,,,missingreplog_4U1822-371.csv,,,Data replog,,,4U1822-371,True,IR
ir080314.0223,3A 1822-371,18:25:46.5,-37:06:17,2008-03-15,08:03:52.2,2454540.836,30.1,1.4,J,J,,,,missingreplog_4U1822-371.csv,,,Data replog,,,4U1822-371,True,IR
ir080314.0222,3A 1822-371,18:25:46.4,-37:06:17,2008-03-15,08:03:05.9,2454540.8355,30.0,1.4,J,J,,,,missingreplog_4U1822-371.csv,,,Data replog,,,4U1822-371,True,IR
ir080314.0221,3A 1822-371,18:25:46.4,-37:06:17,2008-03-15,08:02:19.9,2454540.835,30.0,1.4,J,J,,,,missingreplog_4U1822-371.csv,,,Data replog,,,4U1822-371,True,IR
ir080314.0220,3A 1822-371,18:25:46.4,-37:06:17,2008-03-15,08:01:33.6,2454540.8344,30.0,1.41,J,J,,,,missingreplog_4U1822-371.csv,,,Data replog,,,4U1822-371,True,IR
ir080314.0219,3A 1822-371,18:25:46.4,-37:06:17,2008-03-15,08:00:47.2,2454540.8339,30.1,1.41,J,J,,,,missingreplog_4U1822-371.csv,,,Data replog,,,4U1822-371,True,IR
ir080314.0218,3A 1822-371,18:25:46.4,-37:06:17,2008-03-15,08:00:01.2,2454540.8333,30.1,1.41,J,J,,,,missingreplog_4U1822-371.csv,,,Data replog,,,4U1822-371,True,IR
ir080314.0217,3A 1822-371,18:25:46.4,-37:06:17,2008-03-15,07:59:15.2,2454540.8328,30.0,1.42,J,J,,,,missingreplog_4U1822-371.csv,,,Data replog,,,4U1822-371,True,IR
ir080314.0216,3A 1822-371,18:25:46.4,-37:06:17,2008-03-15,07:58:29.0,2454540.8323,30.0,1.42,J,J,,,,missingreplog_4U1822-371.csv,,,Data replog,,,4U1822-371,True,IR
ir080314.0215,3A 1822-371,18:25:46.4,-37:06:17,2008-03-15,07:57:42.7,2454540.8317,30.0,1.43,J,J,,,,missingreplog_4U1822-371.csv,,,Data replog,,,4U1822-371,True,IR
ir080314.0214,3A 1822-371,18:25:46.4,-37:06:17,2008-03-15,07:56:56.7,2454540.8312,30.1,1.43,J,J,,,,missingreplog_4U1822-371.csv,,,Data replog,,,4U1822-371,True,IR
ir080314.0213,3A 1822-371,18:25:46.4,-37:06:17,2008-03-15,07:56:10.3,2454540.8307,30.1,1.43,J,J,,,,missingreplog_4U1822-371.csv,,,Data replog,,,4U1822-371,True,IR
ir080314.0212,3A 1822-371,18:25:46.4,-37:06:17,2008-03-15,07:55:24.0,2454540.8301,30.0,1.44,J,J,,,,missingreplog_4U1822-371.csv,,,Data replog,,,4U1822-371,True,IR
ir080314.0211,3A 1822-371,18:25:46.4,-37:06:17,2008-03-15,07:54:38.0,2454540.8296,30.0,1.44,J,J,,,,missingreplog_4U1822-371.csv,,,Data replog,,,4U1822-371,True,IR
ir080314.0210,3A 1822-371,18:25:46.3,-37:06:17,2008-03-15,07:53:51.7,2454540.8291,30.0,1.45,J,J,,,,missingreplog_4U1822-371.csv,,,Data replog,,,4U1822-371,True,IR
ir080314.0209,3A 1822-371,18:25:46.3,-37:06:17,2008-03-15,07:53:05.5,2454540.8285,30.0,1.45,J,J,,,,missingreplog_4U1822-371.csv,,,Data replog,,,4U1822-371,True,IR
ir080314.0208,3A 1822-371,18:25:46.3,-37:06:17,2008-03-15,07:52:19.3,2454540.828,30.1,1.45,J,J,,,,missingreplog_4U1822-371.csv,,,Data replog,,,4U1822-371,True,IR
ir080314.0207,3A 1822-371,18:25:46.3,-37:06:18,2008-03-15,07:51:33.2,2454540.8275,30.0,1.46,J,J,,,,missingreplog_4U1822-371.csv,,,Data replog,,,4U1822-371,True,IR
ir080314.0230,3A 1822-371,18:25:46.4,-37:06:16,2008-03-15,08:09:26.3,2454540.8399,30.1,1.37,K,K,,,,missingreplog_4U1822-371.csv,,,Data replog,,,4U1822-371,True,IR
ir080314.0232,3A 1822-371,18:25:46.4,-37:06:17,2008-03-15,08:10:58.3,2454540.841,30.1,1.36,K,K,,,,missingreplog_4U1822-371.csv,,,Data replog,,,4U1822-371,True,IR
ir080314.0257,3A 1822-371,18:25:45.9,-37:06:19,2008-03-15,08:30:25.8,2454540.8545,30.0,1.29,H,H,,,,missingreplog_4U1822-371.csv,,,Data replog,,,4U1822-371,True,IR
ir080314.0233,3A 1822-371,18:25:46.4,-37:06:17,2008-03-15,08:11:44.7,2454540.8415,30.1,1.36,K,K,,,,missingreplog_4U1822-371.csv,,,Data replog,,,4U1822-371,True,IR
ir080314.0256,3A 1822-371,18:25:45.9,-37:06:19,2008-03-15,08:29:39.6,2454540.8539,30.1,1.29,H,H,,,,missingreplog_4U1822-371.csv,,,Data replog,,,4U1822-371,True,IR
ir080314.0255,3A 1822-371,18:25:45.9,-37:06:19,2008-03-15,08:28:53.3,2454540.8534,30.1,1.29,H,H,,,,missingreplog_4U1822-371.csv,,,Data replog,,,4U1822-371,True,IR
ir080314.0254,3A 1822-371,18:25:46.0,-37:06:18,2008-03-15,08:28:07.2,2454540.8529,30.1,1.29,H,H,,,,missingreplog_4U1822-371.csv,,,Data replog,,,4U1822-371,True,IR
ir080314.0253,3A 1822-371,18:25:46.0,-37:06:18,2008-03-15,08:27:20.9,2454540.8523,30.1,1.3,H,H,,,,missingreplog_4U1822-371.csv,,,Data replog,,,4U1822-371,True,IR
ir080314.0252,3A 1822-371,18:25:46.0,-37:06:18,2008-03-15,08:26:34.6,2454540.8518,30.0,1.3,H,H,,,,missingreplog_4U1822-371.csv,,,Data replog,,,4U1822-371,True,IR
ir080314.0251,3A 1822-371,18:25:46.1,-37:06:18,2008-03-15,08:25:48.5,2454540.8513,30.0,1.3,H,H,,,,missingreplog_4U1822-371.csv,,,Data replog,,,4U1822-371,True,IR
ir080314.0250,3A 1822-371,18:25:46.1,-37:06:18,2008-03-15,08:25:02.4,2454540.8507,30.0,1.31,H,H,,,,missingreplog_4U1822-371.csv,,,Data replog,,,4U1822-371,True,IR
ir080314.0249,3A 1822-371,18:25:46.2,-37:06:17,2008-03-15,08:24:16.1,2454540.8502,30.0,1.31,H,H,,,,missingreplog_4U1822-371.csv,,,Data replog,,,4U1822-371,True,IR
ir080314.0248,3A 1822-371,18:25:46.2,-37:06:17,2008-03-15,08:23:29.8,2454540.8497,30.1,1.31,H,H,,,,missingreplog_4U1822-371.csv,,,Data replog,,,4U1822-371,True,IR
ir080314.0247,3A 1822-371,18:25:46.2,-37:06:17,2008-03-15,08:22:43.9,2454540.8491,30.0,1.32,H,H,,,,missingreplog_4U1822-371.csv,,,Data replog,,,4U1822-371,True,IR
ir080314.0246,3A 1822-371,18:25:46.3,-37:06:17,2008-03-15,08:21:57.5,2454540.8486,30.0,1.32,H,H,,,,missingreplog_4U1822-371.csv,,,Data replog,,,4U1822-371,True,IR
ir080314.0245,3A 1822-371,18:25:46.3,-37:06:17,2008-03-15,08:21:11.1,2454540.8481,30.1,1.32,H,H,,,,missingreplog_4U1822-371.csv,,,Data replog,,,4U1822-371,True,IR
ir080314.0244,3A 1822-371,18:25:46.3,-37:06:17,2008-03-15,08:20:25.1,2454540.8475,30.1,1.32,H,H,,,,missingreplog_4U1822-371.csv,,,Data replog,,,4U1822-371,True,IR
ir080314.0243,3A 1822-371,18:25:46.4,-37:06:17,2008-03-15,08:19:26.6,2454540.8468,30.1,1.33,K,K,,,,missingreplog_4U1822-371.csv,,,Data replog,,,4U1822-371,True,IR
ir080314.0242,3A 1822-371,18:25:46.4,-37:06:17,2008-03-15,08:18:40.4,2454540.8463,30.0,1.33,K,K,,,,missingreplog_4U1822-371.csv,,,Data replog,,,4U1822-371,True,IR
ir080314.0241,3A 1822-371,18:25:46.4,-37:06:17,2008-03-15,08:17:54.3,2454540.8458,30.0,1.33,K,K,,,,missingreplog_4U1822-371.csv,,,Data replog,,,4U1822-371,True,IR
ir080314.0240,3A 1822-371,18:25:46.4,-37:06:17,2008-03-15,08:17:08.0,2454540.8452,30.0,1.34,K,K,,,,missingreplog_4U1822-371.csv,,,Data replog,,,4U1822-371,True,IR
ir080314.0239,3A 1822-371,18:25:46.4,-37:06:17,2008-03-15,08:16:21.6,2454540.8447,30.1,1.34,K,K,,,,missingreplog_4U1822-371.csv,,,Data replog,,,4U1822-371,True,IR
ir080314.0238,3A 1822-371,18:25:46.4,-37:06:17,2008-03-15,08:15:35.6,2454540.8442,30.1,1.34,K,K,,,,missingreplog_4U1822-371.csv,,,Data replog,,,4U1822-371,True,IR
ir080314.0237,3A 1822-371,18:25:46.4,-37:06:17,2008-03-15,08:14:49.6,2454540.8436,30.1,1.35,K,K,,,,missingreplog_4U1822-371.csv,,,Data replog,,,4U1822-371,True,IR
ir080314.0236,3A 1822-371,18:25:46.4,-37:06:16,2008-03-15,08:14:03.4,2454540.8431,30.1,1.35,K,K,,,,missingreplog_4U1822-371.csv,,,Data replog,,,4U1822-371,True,IR
ir080314.0235,3A 1822-371,18:25:46.4,-37:06:17,2008-03-15,08:13:17.3,2454540.8426,30.1,1.35,K,K,,,,missingreplog_4U1822-371.csv,,,Data replog,,,4U1822-371,True,IR
ir080314.0234,3A 1822-371,18:25:46.4,-37:06:17,2008-03-15,08:12:31.0,2454540.842,30.1,1.36,K,K,,,,missingreplog_4U1822-371.csv,,,Data replog,,,4U1822-371,True,IR
binir080319.0255.fits,3A 1822-371,18:25:45.82,-37:06:29.8,2008-03-20,07:47:41.718,2454545.82479,30.04,1.38,B,J,1210,1828,2060,IR_CD_header_logs/LOG_3A 1822-371.20080313thru20080408.csv,IR_CD_header_logs/,3A 1822-371,CD,YALE-03A-0001,,4U1822-371,True,IR
binir080319.0257.fits,3A 1822-371,18:25:45.80,-37:06:29.7,2008-03-20,07:49:25.106,2454545.82598,30.04,1.37,I,K,1210,1868,2020,IR_CD_header_logs/LOG_3A 1822-371.20080313thru20080408.csv,IR_CD_header_logs/,3A 1822-371,CD,YALE-03A-0001,,4U1822-371,True,IR
binir080319.0261.fits,3A 1822-371,18:25:45.76,-37:06:30.1,2008-03-20,07:52:29.533,2454545.82812,30.04,1.36,I,K,1210,1828,2060,IR_CD_header_logs/LOG_3A 1822-371.20080313thru20080408.csv,IR_CD_header_logs/,3A 1822-371,CD,YALE-03A-0001,,4U1822-371,True,IR
binir080319.0259.fits,3A 1822-371,18:25:45.76,-37:06:30.1,2008-03-20,07:50:57.295,2454545.82705,30.05,1.37,I,K,1170,1868,2060,IR_CD_header_logs/LOG_3A 1822-371.20080313thru20080408.csv,IR_CD_header_logs/,3A 1822-371,CD,YALE-03A-0001,,4U1822-371,True,IR
binir080319.0260.fits,3A 1822-371,18:25:45.77,-37:06:29.9,2008-03-20,07:51:43.554,2454545.82759,30.05,1.36,I,K,1250,1828,2020,IR_CD_header_logs/LOG_3A 1822-371.20080313thru20080408.csv,IR_CD_header_logs/,3A 1822-371,CD,YALE-03A-0001,,4U1822-371,True,IR
binir080319.0262.fits,3A 1822-371,18:25:45.76,-37:06:30.1,2008-03-20,07:53:15.726,2454545.82865,30.04,1.36,I,K,1250,1868,1980,IR_CD_header_logs/LOG_3A 1822-371.20080313thru20080408.csv,IR_CD_header_logs/,3A 1822-371,CD,YALE-03A-0001,,4U1822-371,True,IR
binir080319.0263.fits,3A 1822-371,18:25:45.75,-37:06:30.2,2008-03-20,07:54:01.806,2454545.82919,30.04,1.35,I,K,1170,1908,2020,IR_CD_header_logs/LOG_3A 1822-371.20080313thru20080408.csv,IR_CD_header_logs/,3A 1822-371,CD,YALE-03A-0001,,4U1822-371,True,IR
binir080319.0264.fits,3A 1822-371,18:25:45.76,-37:06:30.2,2008-03-20,07:54:47.746,2454545.82972,30.05,1.35,I,K,1210,1868,2020,IR_CD_header_logs/LOG_3A 1822-371.20080313thru20080408.csv,IR_CD_header_logs/,3A 1822-371,CD,YALE-03A-0001,,4U1822-371,True,IR
binir080319.0251.fits,3A 1822-371,18:25:45.85,-37:06:29.7,2008-03-20,07:44:37.481,2454545.82266,30.04,1.39,B,J,1210,1868,2020,IR_CD_header_logs/LOG_3A 1822-371.20080313thru20080408.csv,IR_CD_header_logs/,3A 1822-371,CD,YALE-03A-0001,,4U1822-371,True,IR
binir080319.0252.fits,3A 1822-371,18:25:45.83,-37:06:29.6,2008-03-20,07:45:23.308,2454545.82319,30.05,1.39,B,J,1210,1908,1980,IR_CD_header_logs/LOG_3A 1822-371.20080313thru20080408.csv,IR_CD_header_logs/,3A 1822-371,CD,YALE-03A-0001,,4U1822-371,True,IR
binir080319.0237.fits,3A 1822-371,18:25:45.85,-37:06:30.1,2008-03-20,07:33:51.869,2454545.81518,30.04,1.45,B,J,1210,1868,2020,IR_CD_header_logs/LOG_3A 1822-371.20080313thru20080408.csv,IR_CD_header_logs/,3A 1822-371,CD,YALE-03A-0001,,4U1822-371,True,IR
binir080319.0250.fits,3A 1822-371,18:25:45.85,-37:06:29.5,2008-03-20,07:43:51.564,2454545.82213,30.04,1.4,B,J,1170,1908,2020,IR_CD_header_logs/LOG_3A 1822-371.20080313thru20080408.csv,IR_CD_header_logs/,3A 1822-371,CD,YALE-03A-0001,,4U1822-371,True,IR
binir080319.0249.fits,3A 1822-371,18:25:45.85,-37:06:29.3,2008-03-20,07:43:05.427,2454545.82159,30.05,1.4,B,J,1250,1868,1980,IR_CD_header_logs/LOG_3A 1822-371.20080313thru20080408.csv,IR_CD_header_logs/,3A 1822-371,CD,YALE-03A-0001,,4U1822-371,True,IR
binir080319.0248.fits,3A 1822-371,18:25:45.84,-37:06:29.5,2008-03-20,07:42:19.261,2454545.82106,30.05,1.4,B,J,1210,1828,2060,IR_CD_header_logs/LOG_3A 1822-371.20080313thru20080408.csv,IR_CD_header_logs/,3A 1822-371,CD,YALE-03A-0001,,4U1822-371,True,IR
binir080319.0247.fits,3A 1822-371,18:25:45.87,-37:06:29.7,2008-03-20,07:41:33.319,2454545.82052,30.04,1.41,B,J,1250,1828,2020,IR_CD_header_logs/LOG_3A 1822-371.20080313thru20080408.csv,IR_CD_header_logs/,3A 1822-371,CD,YALE-03A-0001,,4U1822-371,True,IR
binir080319.0246.fits,3A 1822-371,18:25:45.88,-37:06:29.6,2008-03-20,07:40:47.121,2454545.81999,30.04,1.41,B,J,1170,1868,2060,IR_CD_header_logs/LOG_3A 1822-371.20080313thru20080408.csv,IR_CD_header_logs/,3A 1822-371,CD,YALE-03A-0001,,4U1822-371,True,IR
binir080319.0245.fits,3A 1822-371,18:25:45.86,-37:06:29.5,2008-03-20,07:40:00.758,2454545.81945,30.04,1.42,B,J,1210,1908,1980,IR_CD_header_logs/LOG_3A 1822-371.20080313thru20080408.csv,IR_CD_header_logs/,3A 1822-371,CD,YALE-03A-0001,,4U1822-371,True,IR
binir080319.0244.fits,3A 1822-371,18:25:45.86,-37:06:29.6,2008-03-20,07:39:14.719,2454545.81892,30.04,1.42,B,J,1210,1868,2020,IR_CD_header_logs/LOG_3A 1822-371.20080313thru20080408.csv,IR_CD_header_logs/,3A 1822-371,CD,YALE-03A-0001,,4U1822-371,True,IR
binir080319.0256.fits,3A 1822-371,18:25:45.81,-37:06:29.7,2008-03-20,07:48:27.909,2454545.82532,30.04,1.38,B,J,1250,1868,1980,IR_CD_header_logs/LOG_3A 1822-371.20080313thru20080408.csv,IR_CD_header_logs/,3A 1822-371,CD,YALE-03A-0001,,4U1822-371,True,IR
binir080319.0254.fits,3A 1822-371,18:25:45.83,-37:06:29.7,2008-03-20,07:46:55.729,2454545.82426,30.05,1.38,B,J,1250,1828,2020,IR_CD_header_logs/LOG_3A 1822-371.20080313thru20080408.csv,IR_CD_header_logs/,3A 1822-371,CD,YALE-03A-0001,,4U1822-371,True,IR
binir080319.0253.fits,3A 1822-371,18:25:45.84,-37:06:29.4,2008-03-20,07:46:09.535,2454545.82372,30.04,1.39,B,J,1170,1868,2060,IR_CD_header_logs/LOG_3A 1822-371.20080313thru20080408.csv,IR_CD_header_logs/,3A 1822-371,CD,YALE-03A-0001,,4U1822-371,True,IR
binir080320.0350.fits,3A 1822-371,18:25:47.03,-37:06:19.2,2008-03-21,09:09:27.906,2454546.88158,30.04,1.12,V,H,1230,1848,2020,IR_CD_header_logs/LOG_3A 1822-371.20080313thru20080408.csv,IR_CD_header_logs/,3A 1822-371,CD,YALE-03A-0001,,4U1822-371,True,IR
binir080320.0349.fits,3A 1822-371,18:25:46.98,-37:06:19.5,2008-03-21,09:08:41.937,2454546.88105,30.04,1.12,V,H,1190,1888,2020,IR_CD_header_logs/LOG_3A 1822-371.20080313thru20080408.csv,IR_CD_header_logs/,3A 1822-371,CD,YALE-03A-0001,,4U1822-371,True,IR
binir080320.0354.fits,3A 1822-371,18:25:47.13,-37:06:18.9,2008-03-21,09:12:32.762,2454546.88372,30.04,1.11,V,H,1230,1808,2060,IR_CD_header_logs/LOG_3A 1822-371.20080313thru20080408.csv,IR_CD_header_logs/,3A 1822-371,CD,YALE-03A-0001,,4U1822-371,True,IR
binir080320.0362.fits,3A 1822-371,18:25:47.30,-37:06:18.7,2008-03-21,09:18:42.171,2454546.888,30.04,1.1,V,H,1270,1848,1980,IR_CD_header_logs/LOG_3A 1822-371.20080313thru20080408.csv,IR_CD_header_logs/,3A 1822-371,CD,YALE-03A-0001,,4U1822-371,True,IR
binir080320.0340.fits,3A 1822-371,18:25:46.69,-37:06:20.3,2008-03-21,09:01:34.253,2454546.8761,30.05,1.13,I,K,1270,1808,2020,IR_CD_header_logs/LOG_3A 1822-371.20080313thru20080408.csv,IR_CD_header_logs/,3A 1822-371,CD,YALE-03A-0001,,4U1822-371,True,IR
binir080320.0346.fits,3A 1822-371,18:25:46.87,-37:06:19.9,2008-03-21,09:06:23.578,2454546.87945,30.04,1.12,V,H,1270,1808,2020,IR_CD_header_logs/LOG_3A 1822-371.20080313thru20080408.csv,IR_CD_header_logs/,3A 1822-371,CD,YALE-03A-0001,,4U1822-371,True,IR
binir080320.0336.fits,3A 1822-371,18:25:46.63,-37:06:20.5,2008-03-21,08:58:29.539,2454546.87396,30.04,1.14,I,K,1190,1888,2020,IR_CD_header_logs/LOG_3A 1822-371.20080313thru20080408.csv,IR_CD_header_logs/,3A 1822-371,CD,YALE-03A-0001,,4U1822-371,True,IR
binir080320.0337.fits,3A 1822-371,18:25:46.64,-37:06:20.5,2008-03-21,08:59:15.649,2454546.87449,30.04,1.14,I,K,1230,1848,2020,IR_CD_header_logs/LOG_3A 1822-371.20080313thru20080408.csv,IR_CD_header_logs/,3A 1822-371,CD,YALE-03A-0001,,4U1822-371,True,IR
binir080320.0338.fits,3A 1822-371,18:25:46.64,-37:06:20.3,2008-03-21,09:00:01.540,2454546.87503,30.04,1.14,I,K,1230,1888,1980,IR_CD_header_logs/LOG_3A 1822-371.20080313thru20080408.csv,IR_CD_header_logs/,3A 1822-371,CD,YALE-03A-0001,,4U1822-371,True,IR
binir080320.0339.fits,3A 1822-371,18:25:46.67,-37:06:20.4,2008-03-21,09:00:47.901,2454546.87556,30.05,1.13,I,K,1190,1848,2060,IR_CD_header_logs/LOG_3A 1822-371.20080313thru20080408.csv,IR_CD_header_logs/,3A 1822-371,CD,YALE-03A-0001,,4U1822-371,True,IR
binir080320.0335.fits,3A 1822-371,18:25:46.60,-37:06:20.7,2008-03-21,08:57:43.377,2454546.87343,30.05,1.14,I,K,1270,1848,1980,IR_CD_header_logs/LOG_3A 1822-371.20080313thru20080408.csv,IR_CD_header_logs/,3A 1822-371,CD,YALE-03A-0001,,4U1822-371,True,IR
binir080320.0341.fits,3A 1822-371,18:25:46.72,-37:06:20.0,2008-03-21,09:02:20.377,2454546.87663,30.05,1.13,I,K,1230,1808,2060,IR_CD_header_logs/LOG_3A 1822-371.20080313thru20080408.csv,IR_CD_header_logs/,3A 1822-371,CD,YALE-03A-0001,,4U1822-371,True,IR
binir080320.0343.fits,3A 1822-371,18:25:46.76,-37:06:20.2,2008-03-21,09:04:04.854,2454546.87784,30.05,1.13,V,H,1230,1848,2020,IR_CD_header_logs/LOG_3A 1822-371.20080313thru20080408.csv,IR_CD_header_logs/,3A 1822-371,CD,YALE-03A-0001,,4U1822-371,True,IR
binir080320.0344.fits,3A 1822-371,18:25:46.81,-37:06:20.0,2008-03-21,09:04:50.907,2454546.87838,30.04,1.13,V,H,1230,1888,1980,IR_CD_header_logs/LOG_3A 1822-371.20080313thru20080408.csv,IR_CD_header_logs/,3A 1822-371,CD,YALE-03A-0001,,4U1822-371,True,IR
binir080320.0345.fits,3A 1822-371,18:25:46.86,-37:06:19.8,2008-03-21,09:05:37.222,2454546.87891,30.04,1.12,V,H,1190,1848,2060,IR_CD_header_logs/LOG_3A 1822-371.20080313thru20080408.csv,IR_CD_header_logs/,3A 1822-371,CD,YALE-03A-0001,,4U1822-371,True,IR
binir080320.0342.fits,3A 1822-371,18:25:46.73,-37:06:20.1,2008-03-21,09:03:06.672,2454546.87717,30.04,1.13,I,K,1270,1848,1980,IR_CD_header_logs/LOG_3A 1822-371.20080313thru20080408.csv,IR_CD_header_logs/,3A 1822-371,CD,YALE-03A-0001,,4U1822-371,True,IR
binir080319.0258.fits,3A 1822-371,18:25:45.77,-37:06:29.8,2008-03-20,07:50:11.031,2454545.82652,30.05,1.37,I,K,1210,1908,1980,IR_CD_header_logs/LOG_3A 1822-371.20080313thru20080408.csv,IR_CD_header_logs/,3A 1822-371,CD,YALE-03A-0001,,4U1822-371,True,IR
binir080319.0243.fits,3A 1822-371,18:25:45.87,-37:06:29.6,2008-03-20,07:38:28.779,2454545.81839,30.04,1.42,B,J,1170,1908,2020,IR_CD_header_logs/LOG_3A 1822-371.20080313thru20080408.csv,IR_CD_header_logs/,3A 1822-371,CD,YALE-03A-0001,,4U1822-371,True,IR
binir080319.0242.fits,3A 1822-371,18:25:45.86,-37:06:29.6,2008-03-20,07:37:42.631,2454545.81785,30.04,1.43,B,J,1250,1868,1980,IR_CD_header_logs/LOG_3A 1822-371.20080313thru20080408.csv,IR_CD_header_logs/,3A 1822-371,CD,YALE-03A-0001,,4U1822-371,True,IR
binir080319.0241.fits,3A 1822-371,18:25:45.84,-37:06:29.5,2008-03-20,07:36:56.423,2454545.81732,30.04,1.43,B,J,1210,1828,2060,IR_CD_header_logs/LOG_3A 1822-371.20080313thru20080408.csv,IR_CD_header_logs/,3A 1822-371,CD,YALE-03A-0001,,4U1822-371,True,IR
binir080319.0240.fits,3A 1822-371,18:25:45.85,-37:06:29.8,2008-03-20,07:36:10.450,2454545.81679,30.05,1.44,B,J,1250,1828,2020,IR_CD_header_logs/LOG_3A 1822-371.20080313thru20080408.csv,IR_CD_header_logs/,3A 1822-371,CD,YALE-03A-0001,,4U1822-371,True,IR
binir080319.0282.fits,3A 1822-371,18:25:45.41,-37:06:31.5,2008-03-20,08:08:50.101,2454545.83947,30.04,1.29,V,H,1250,1868,1980,IR_CD_header_logs/LOG_3A 1822-371.20080313thru20080408.csv,IR_CD_header_logs/,3A 1822-371,CD,YALE-03A-0001,,4U1822-371,True,IR
binir080319.0275.fits,3A 1822-371,18:25:45.62,-37:06:30.7,2008-03-20,08:03:15.048,2454545.83559,30.04,1.31,I,K,1210,1828,2060,IR_CD_header_logs/LOG_3A 1822-371.20080313thru20080408.csv,IR_CD_header_logs/,3A 1822-371,CD,YALE-03A-0001,,4U1822-371,True,IR
binir080319.0281.fits,3A 1822-371,18:25:45.46,-37:06:31.4,2008-03-20,08:08:03.862,2454545.83893,30.05,1.3,V,H,1210,1828,2060,IR_CD_header_logs/LOG_3A 1822-371.20080313thru20080408.csv,IR_CD_header_logs/,3A 1822-371,CD,YALE-03A-0001,,4U1822-371,True,IR
binir080319.0270.fits,3A 1822-371,18:25:45.73,-37:06:30.5,2008-03-20,07:59:24.570,2454545.83292,30.04,1.33,I,K,1170,1908,2020,IR_CD_header_logs/LOG_3A 1822-371.20080313thru20080408.csv,IR_CD_header_logs/,3A 1822-371,CD,YALE-03A-0001,,4U1822-371,True,IR
binir080319.0271.fits,3A 1822-371,18:25:45.70,-37:06:30.4,2008-03-20,08:00:10.519,2454545.83346,30.04,1.33,I,K,1210,1868,2020,IR_CD_header_logs/LOG_3A 1822-371.20080313thru20080408.csv,IR_CD_header_logs/,3A 1822-371,CD,YALE-03A-0001,,4U1822-371,True,IR
binir080319.0272.fits,3A 1822-371,18:25:45.68,-37:06:30.6,2008-03-20,08:00:56.441,2454545.83399,30.05,1.32,I,K,1210,1908,1980,IR_CD_header_logs/LOG_3A 1822-371.20080313thru20080408.csv,IR_CD_header_logs/,3A 1822-371,CD,YALE-03A-0001,,4U1822-371,True,IR
binir080319.0273.fits,3A 1822-371,18:25:45.66,-37:06:30.3,2008-03-20,08:01:42.741,2454545.83452,30.04,1.32,I,K,1170,1868,2060,IR_CD_header_logs/LOG_3A 1822-371.20080313thru20080408.csv,IR_CD_header_logs/,3A 1822-371,CD,YALE-03A-0001,,4U1822-371,True,IR
binir080319.0274.fits,3A 1822-371,18:25:45.63,-37:06:30.8,2008-03-20,08:02:29.021,2454545.83506,30.04,1.32,I,K,1250,1828,2020,IR_CD_header_logs/LOG_3A 1822-371.20080313thru20080408.csv,IR_CD_header_logs/,3A 1822-371,CD,YALE-03A-0001,,4U1822-371,True,IR
binir080319.0269.fits,3A 1822-371,18:25:45.76,-37:06:30.6,2008-03-20,07:58:38.432,2454545.83239,30.04,1.33,I,K,1250,1868,1980,IR_CD_header_logs/LOG_3A 1822-371.20080313thru20080408.csv,IR_CD_header_logs/,3A 1822-371,CD,YALE-03A-0001,,4U1822-371,True,IR
binir080319.0276.fits,3A 1822-371,18:25:45.60,-37:06:30.8,2008-03-20,08:04:01.219,2454545.83612,30.04,1.31,I,K,1250,1868,1980,IR_CD_header_logs/LOG_3A 1822-371.20080313thru20080408.csv,IR_CD_header_logs/,3A 1822-371,CD,YALE-03A-0001,,4U1822-371,True,IR
binir080319.0277.fits,3A 1822-371,18:25:45.58,-37:06:31.0,2008-03-20,08:04:59.234,2454545.8368,30.05,1.31,V,H,1210,1868,2020,IR_CD_header_logs/LOG_3A 1822-371.20080313thru20080408.csv,IR_CD_header_logs/,3A 1822-371,CD,YALE-03A-0001,,4U1822-371,True,IR
binir080319.0278.fits,3A 1822-371,18:25:45.53,-37:06:31.4,2008-03-20,08:05:45.176,2454545.83733,30.04,1.3,V,H,1210,1908,1980,IR_CD_header_logs/LOG_3A 1822-371.20080313thru20080408.csv,IR_CD_header_logs/,3A 1822-371,CD,YALE-03A-0001,,4U1822-371,True,IR
binir080319.0279.fits,3A 1822-371,18:25:45.52,-37:06:31.5,2008-03-20,08:06:31.523,2454545.83786,30.04,1.3,V,H,1170,1868,2060,IR_CD_header_logs/LOG_3A 1822-371.20080313thru20080408.csv,IR_CD_header_logs/,3A 1822-371,CD,YALE-03A-0001,,4U1822-371,True,IR
binir080319.0280.fits,3A 1822-371,18:25:45.48,-37:06:31.3,2008-03-20,08:07:17.898,2454545.8384,30.04,1.3,V,H,1250,1828,2020,IR_CD_header_logs/LOG_3A 1822-371.20080313thru20080408.csv,IR_CD_header_logs/,3A 1822-371,CD,YALE-03A-0001,,4U1822-371,True,IR
binir080318.0310.fits,3A 1822-371,18:25:45.24,-37:06:25.1,2008-03-19,08:32:32.337,2454544.85593,30.05,1.23,I,K,1210,1908,1980,IR_CD_header_logs/LOG_3A 1822-371.20080313thru20080408.csv,IR_CD_header_logs/,3A 1822-371,CD,YALE-03A-0001,,4U1822-371,True,IR
binir080318.0305.fits,3A 1822-371,18:25:45.14,-37:06:24.7,2008-03-19,08:28:29.967,2454544.85312,30.05,1.24,B,J,1170,1868,2060,IR_CD_header_logs/LOG_3A 1822-371.20080313thru20080408.csv,IR_CD_header_logs/,3A 1822-371,CD,YALE-03A-0001,,4U1822-371,True,IR
binir080318.0306.fits,3A 1822-371,18:25:45.17,-37:06:24.6,2008-03-19,08:29:16.458,2454544.85366,30.05,1.24,B,J,1250,1828,2020,IR_CD_header_logs/LOG_3A 1822-371.20080313thru20080408.csv,IR_CD_header_logs/,3A 1822-371,CD,YALE-03A-0001,,4U1822-371,True,IR
binir080319.0289.fits,3A 1822-371,18:25:45.26,-37:06:32.2,2008-03-20,08:14:13.159,2454545.84321,30.05,1.27,V,H,1250,1868,1980,IR_CD_header_logs/LOG_3A 1822-371.20080313thru20080408.csv,IR_CD_header_logs/,3A 1822-371,CD,YALE-03A-0001,,4U1822-371,True,IR
binir080319.0284.fits,3A 1822-371,18:25:45.35,-37:06:31.6,2008-03-20,08:10:22.233,2454545.84054,30.04,1.29,V,H,1210,1868,2020,IR_CD_header_logs/LOG_3A 1822-371.20080313thru20080408.csv,IR_CD_header_logs/,3A 1822-371,CD,YALE-03A-0001,,4U1822-371,True,IR
binir080319.0285.fits,3A 1822-371,18:25:45.34,-37:06:31.9,2008-03-20,08:11:08.272,2454545.84107,30.05,1.28,V,H,1210,1908,1980,IR_CD_header_logs/LOG_3A 1822-371.20080313thru20080408.csv,IR_CD_header_logs/,3A 1822-371,CD,YALE-03A-0001,,4U1822-371,True,IR
binir080319.0296.fits,3A 1822-371,18:25:45.17,-37:06:32.7,2008-03-20,08:19:36.129,2454545.84695,30.05,1.26,V,H,1250,1868,1980,IR_CD_header_logs/LOG_3A 1822-371.20080313thru20080408.csv,IR_CD_header_logs/,3A 1822-371,CD,YALE-03A-0001,,4U1822-371,True,IR
binir080319.0239.fits,3A 1822-371,18:25:45.85,-37:06:29.9,2008-03-20,07:35:24.077,2454545.81625,30.04,1.44,B,J,1170,1868,2060,IR_CD_header_logs/LOG_3A 1822-371.20080313thru20080408.csv,IR_CD_header_logs/,3A 1822-371,CD,YALE-03A-0001,,4U1822-371,True,IR
binir080319.0238.fits,3A 1822-371,18:25:45.84,-37:06:30.1,2008-03-20,07:34:37.820,2454545.81572,30.04,1.44,B,J,1210,1908,1980,IR_CD_header_logs/LOG_3A 1822-371.20080313thru20080408.csv,IR_CD_header_logs/,3A 1822-371,CD,YALE-03A-0001,,4U1822-371,True,IR
binir080319.0265.fits,3A 1822-371,18:25:45.76,-37:06:30.3,2008-03-20,07:55:33.678,2454545.83025,30.04,1.35,I,K,1210,1908,1980,IR_CD_header_logs/LOG_3A 1822-371.20080313thru20080408.csv,IR_CD_header_logs/,3A 1822-371,CD,YALE-03A-0001,,4U1822-371,True,IR
binir080319.0266.fits,3A 1822-371,18:25:45.76,-37:06:30.5,2008-03-20,07:56:19.993,2454545.83079,30.04,1.34,I,K,1170,1868,2060,IR_CD_header_logs/LOG_3A 1822-371.20080313thru20080408.csv,IR_CD_header_logs/,3A 1822-371,CD,YALE-03A-0001,,4U1822-371,True,IR
binir080319.0267.fits,3A 1822-371,18:25:45.75,-37:06:30.5,2008-03-20,07:57:06.261,2454545.83132,30.04,1.34,I,K,1250,1828,2020,IR_CD_header_logs/LOG_3A 1822-371.20080313thru20080408.csv,IR_CD_header_logs/,3A 1822-371,CD,YALE-03A-0001,,4U1822-371,True,IR
binir080319.0283.fits,3A 1822-371,18:25:45.38,-37:06:31.5,2008-03-20,08:09:36.315,2454545.84,30.05,1.29,V,H,1170,1908,2020,IR_CD_header_logs/LOG_3A 1822-371.20080313thru20080408.csv,IR_CD_header_logs/,3A 1822-371,CD,YALE-03A-0001,,4U1822-371,True,IR
binir080319.0268.fits,3A 1822-371,18:25:45.74,-37:06:30.3,2008-03-20,07:57:52.193,2454545.83185,30.05,1.34,I,K,1210,1828,2060,IR_CD_header_logs/LOG_3A 1822-371.20080313thru20080408.csv,IR_CD_header_logs/,3A 1822-371,CD,YALE-03A-0001,,4U1822-371,True,IR
binir080319.0295.fits,3A 1822-371,18:25:45.19,-37:06:32.7,2008-03-20,08:18:49.999,2454545.84641,30.04,1.26,V,H,1210,1828,2060,IR_CD_header_logs/LOG_3A 1822-371.20080313thru20080408.csv,IR_CD_header_logs/,3A 1822-371,CD,YALE-03A-0001,,4U1822-371,True,IR
binir080319.0286.fits,3A 1822-371,18:25:45.31,-37:06:31.7,2008-03-20,08:11:54.578,2454545.84161,30.04,1.28,V,H,1170,1868,2060,IR_CD_header_logs/LOG_3A 1822-371.20080313thru20080408.csv,IR_CD_header_logs/,3A 1822-371,CD,YALE-03A-0001,,4U1822-371,True,IR
binir080319.0294.fits,3A 1822-371,18:25:45.20,-37:06:32.6,2008-03-20,08:18:03.999,2454545.84588,30.05,1.26,V,H,1250,1828,2020,IR_CD_header_logs/LOG_3A 1822-371.20080313thru20080408.csv,IR_CD_header_logs/,3A 1822-371,CD,YALE-03A-0001,,4U1822-371,True,IR
binir080319.0293.fits,3A 1822-371,18:25:45.20,-37:06:32.7,2008-03-20,08:17:17.782,2454545.84534,30.04,1.26,V,H,1170,1868,2060,IR_CD_header_logs/LOG_3A 1822-371.20080313thru20080408.csv,IR_CD_header_logs/,3A 1822-371,CD,YALE-03A-0001,,4U1822-371,True,IR
binir080319.0292.fits,3A 1822-371,18:25:45.23,-37:06:32.5,2008-03-20,08:16:31.344,2454545.84481,30.04,1.27,V,H,1210,1908,1980,IR_CD_header_logs/LOG_3A 1822-371.20080313thru20080408.csv,IR_CD_header_logs/,3A 1822-371,CD,YALE-03A-0001,,4U1822-371,True,IR
binir080319.0291.fits,3A 1822-371,18:25:45.24,-37:06:32.5,2008-03-20,08:15:45.298,2454545.84428,30.04,1.27,V,H,1210,1868,2020,IR_CD_header_logs/LOG_3A 1822-371.20080313thru20080408.csv,IR_CD_header_logs/,3A 1822-371,CD,YALE-03A-0001,,4U1822-371,True,IR
binir080319.0290.fits,3A 1822-371,18:25:45.25,-37:06:32.4,2008-03-20,08:14:59.316,2454545.84374,30.05,1.27,V,H,1170,1908,2020,IR_CD_header_logs/LOG_3A 1822-371.20080313thru20080408.csv,IR_CD_header_logs/,3A 1822-371,CD,YALE-03A-0001,,4U1822-371,True,IR
binir080319.0288.fits,3A 1822-371,18:25:45.29,-37:06:32.2,2008-03-20,08:13:26.784,2454545.84267,30.04,1.28,V,H,1210,1828,2060,IR_CD_header_logs/LOG_3A 1822-371.20080313thru20080408.csv,IR_CD_header_logs/,3A 1822-371,CD,YALE-03A-0001,,4U1822-371,True,IR
binir080319.0287.fits,3A 1822-371,18:25:45.30,-37:06:31.0,2008-03-20,08:12:40.835,2454545.84214,30.04,1.28,V,H,1250,1828,2020,IR_CD_header_logs/LOG_3A 1822-371.20080313thru20080408.csv,IR_CD_header_logs/,3A 1822-371,CD,YALE-03A-0001,,4U1822-371,True,IR
binir080320.0351.fits,3A 1822-371,18:25:47.08,-37:06:19.3,2008-03-21,09:10:13.963,2454546.88211,30.05,1.12,V,H,1230,1888,1980,IR_CD_header_logs/LOG_3A 1822-371.20080313thru20080408.csv,IR_CD_header_logs/,3A 1822-371,CD,YALE-03A-0001,,4U1822-371,True,IR
binir080320.0352.fits,3A 1822-371,18:25:47.08,-37:06:19.2,2008-03-21,09:11:00.303,2454546.88265,30.05,1.11,V,H,1190,1848,2060,IR_CD_header_logs/LOG_3A 1822-371.20080313thru20080408.csv,IR_CD_header_logs/,3A 1822-371,CD,YALE-03A-0001,,4U1822-371,True,IR
binir080320.0353.fits,3A 1822-371,18:25:47.09,-37:06:19.2,2008-03-21,09:11:46.780,2454546.88319,30.04,1.11,V,H,1270,1808,2020,IR_CD_header_logs/LOG_3A 1822-371.20080313thru20080408.csv,IR_CD_header_logs/,3A 1822-371,CD,YALE-03A-0001,,4U1822-371,True,IR
binir080320.0324.fits,3A 1822-371,18:25:46.48,-37:06:21.8,2008-03-21,08:49:15.244,2454546.86754,30.05,1.16,I,K,1230,1888,1980,IR_CD_header_logs/LOG_3A 1822-371.20080313thru20080408.csv,IR_CD_header_logs/,3A 1822-371,CD,YALE-03A-0001,,4U1822-371,True,IR
binir080406.0249.fits,3A 1822-371,18:25:46.59,-37:06:28.8,2008-04-07,06:46:03.440,2454563.78199,30.04,1.34,V,H,1250,1828,2020,IR_CD_header_logs/LOG_3A 1822-371.20080313thru20080408.csv,IR_CD_header_logs/,3A 1822-371,CD,YALE-03A-0001,,4U1822-371,True,IR
binir080406.0248.fits,3A 1822-371,18:25:46.58,-37:06:28.6,2008-04-07,06:45:17.064,2454563.78145,30.04,1.34,V,H,1170,1868,2060,IR_CD_header_logs/LOG_3A 1822-371.20080313thru20080408.csv,IR_CD_header_logs/,3A 1822-371,CD,YALE-03A-0001,,4U1822-371,True,IR
binir080406.0247.fits,3A 1822-371,18:25:46.59,-37:06:28.9,2008-04-07,06:44:30.669,2454563.78092,30.04,1.35,V,H,1210,1908,1980,IR_CD_header_logs/LOG_3A 1822-371.20080313thru20080408.csv,IR_CD_header_logs/,3A 1822-371,CD,YALE-03A-0001,,4U1822-371,True,IR
binir080406.0246.fits,3A 1822-371,18:25:46.59,-37:06:28.8,2008-04-07,06:43:44.636,2454563.78038,30.05,1.35,V,H,1210,1868,2020,IR_CD_header_logs/LOG_3A 1822-371.20080313thru20080408.csv,IR_CD_header_logs/,3A 1822-371,CD,YALE-03A-0001,,4U1822-371,True,IR
binir080406.0258.fits,3A 1822-371,18:25:46.43,-37:06:28.7,2008-04-07,06:52:59.257,2454563.7868,30.05,1.31,V,H,1250,1868,1980,IR_CD_header_logs/LOG_3A 1822-371.20080313thru20080408.csv,IR_CD_header_logs/,3A 1822-371,CD,YALE-03A-0001,,4U1822-371,True,IR
binir080406.0244.fits,3A 1822-371,18:25:46.57,-37:06:28.9,2008-04-07,06:42:12.387,2454563.77932,30.05,1.36,V,H,1250,1868,1980,IR_CD_header_logs/LOG_3A 1822-371.20080313thru20080408.csv,IR_CD_header_logs/,3A 1822-371,CD,YALE-03A-0001,,4U1822-371,True,IR
binir080406.0237.fits,3A 1822-371,18:25:46.67,-37:06:29.0,2008-04-07,06:36:37.004,2454563.77544,30.04,1.38,I,K,1210,1828,2060,IR_CD_header_logs/LOG_3A 1822-371.20080313thru20080408.csv,IR_CD_header_logs/,3A 1822-371,CD,YALE-03A-0001,,4U1822-371,True,IR
binir080406.0232.fits,3A 1822-371,18:25:46.70,-37:06:28.7,2008-04-07,06:32:46.256,2454563.77276,30.05,1.4,I,K,1170,1908,2020,IR_CD_header_logs/LOG_3A 1822-371.20080313thru20080408.csv,IR_CD_header_logs/,3A 1822-371,CD,YALE-03A-0001,,4U1822-371,True,IR
binir080406.0233.fits,3A 1822-371,18:25:46.70,-37:06:28.9,2008-04-07,06:33:32.252,2454563.7733,30.05,1.4,I,K,1210,1868,2020,IR_CD_header_logs/LOG_3A 1822-371.20080313thru20080408.csv,IR_CD_header_logs/,3A 1822-371,CD,YALE-03A-0001,,4U1822-371,True,IR
binir080406.0234.fits,3A 1822-371,18:25:46.68,-37:06:29.0,2008-04-07,06:34:18.254,2454563.77383,30.05,1.39,I,K,1210,1908,1980,IR_CD_header_logs/LOG_3A 1822-371.20080313thru20080408.csv,IR_CD_header_logs/,3A 1822-371,CD,YALE-03A-0001,,4U1822-371,True,IR
binir080406.0235.fits,3A 1822-371,18:25:46.66,-37:06:28.9,2008-04-07,06:35:04.594,2454563.77437,30.05,1.39,I,K,1170,1868,2060,IR_CD_header_logs/LOG_3A 1822-371.20080313thru20080408.csv,IR_CD_header_logs/,3A 1822-371,CD,YALE-03A-0001,,4U1822-371,True,IR
binir080406.0236.fits,3A 1822-371,18:25:46.68,-37:06:28.8,2008-04-07,06:35:51.001,2454563.7749,30.05,1.38,I,K,1250,1828,2020,IR_CD_header_logs/LOG_3A 1822-371.20080313thru20080408.csv,IR_CD_header_logs/,3A 1822-371,CD,YALE-03A-0001,,4U1822-371,True,IR
binir080406.0231.fits,3A 1822-371,18:25:46.68,-37:06:28.8,2008-04-07,06:31:59.941,2454563.77223,30.05,1.4,I,K,1250,1868,1980,IR_CD_header_logs/LOG_3A 1822-371.20080313thru20080408.csv,IR_CD_header_logs/,3A 1822-371,CD,YALE-03A-0001,,4U1822-371,True,IR
binir080406.0238.fits,3A 1822-371,18:25:46.65,-37:06:28.7,2008-04-07,06:37:23.272,2454563.77597,30.05,1.38,I,K,1250,1868,1980,IR_CD_header_logs/LOG_3A 1822-371.20080313thru20080408.csv,IR_CD_header_logs/,3A 1822-371,CD,YALE-03A-0001,,4U1822-371,True,IR
binir080406.0240.fits,3A 1822-371,18:25:46.60,-37:06:28.9,2008-04-07,06:39:07.421,2454563.77717,30.05,1.37,V,H,1210,1908,1980,IR_CD_header_logs/LOG_3A 1822-371.20080313thru20080408.csv,IR_CD_header_logs/,3A 1822-371,CD,YALE-03A-0001,,4U1822-371,True,IR
binir080406.0241.fits,3A 1822-371,18:25:46.59,-37:06:29.1,2008-04-07,06:39:53.749,2454563.77771,30.04,1.37,V,H,1170,1868,2060,IR_CD_header_logs/LOG_3A 1822-371.20080313thru20080408.csv,IR_CD_header_logs/,3A 1822-371,CD,YALE-03A-0001,,4U1822-371,True,IR
binir080406.0242.fits,3A 1822-371,18:25:46.59,-37:06:28.9,2008-04-07,06:40:40.189,2454563.77825,30.05,1.36,V,H,1250,1828,2020,IR_CD_header_logs/LOG_3A 1822-371.20080313thru20080408.csv,IR_CD_header_logs/,3A 1822-371,CD,YALE-03A-0001,,4U1822-371,True,IR
binir080406.0250.fits,3A 1822-371,18:25:46.61,-37:06:28.7,2008-04-07,06:46:49.718,2454563.78253,30.05,1.34,V,H,1210,1828,2060,IR_CD_header_logs/LOG_3A 1822-371.20080313thru20080408.csv,IR_CD_header_logs/,3A 1822-371,CD,YALE-03A-0001,,4U1822-371,True,IR
binir080406.0251.fits,3A 1822-371,18:25:46.58,-37:06:28.6,2008-04-07,06:47:35.993,2454563.78306,30.04,1.33,V,H,1250,1868,1980,IR_CD_header_logs/LOG_3A 1822-371.20080313thru20080408.csv,IR_CD_header_logs/,3A 1822-371,CD,YALE-03A-0001,,4U1822-371,True,IR
binir080406.0252.fits,3A 1822-371,18:25:46.58,-37:06:28.6,2008-04-07,06:48:22.376,2454563.7836,30.05,1.33,V,H,1170,1908,2020,IR_CD_header_logs/LOG_3A 1822-371.20080313thru20080408.csv,IR_CD_header_logs/,3A 1822-371,CD,YALE-03A-0001,,4U1822-371,True,IR
binir080406.0227.fits,3A 1822-371,18:25:46.71,-37:06:29.0,2008-04-07,06:28:54.919,2454563.77009,30.05,1.42,I,K,1210,1908,1980,IR_CD_header_logs/LOG_3A 1822-371.20080313thru20080408.csv,IR_CD_header_logs/,3A 1822-371,CD,YALE-03A-0001,,4U1822-371,True,IR
binir080406.0205.fits,3A 1822-371,18:25:46.41,-37:06:29.4,2008-04-07,06:11:46.506,2454563.75818,30.04,1.51,B,J,1170,1908,2020,IR_CD_header_logs/LOG_3A 1822-371.20080313thru20080408.csv,IR_CD_header_logs/,3A 1822-371,CD,YALE-03A-0001,,4U1822-371,True,IR
binir080406.0204.fits,3A 1822-371,18:25:46.37,-37:06:29.3,2008-04-07,06:11:00.200,2454563.75765,30.04,1.51,B,J,1250,1868,1980,IR_CD_header_logs/LOG_3A 1822-371.20080313thru20080408.csv,IR_CD_header_logs/,3A 1822-371,CD,YALE-03A-0001,,4U1822-371,True,IR
binir080406.0203.fits,3A 1822-371,18:25:46.37,-37:06:29.3,2008-04-07,06:10:13.860,2454563.75711,30.05,1.52,B,J,1210,1828,2060,IR_CD_header_logs/LOG_3A 1822-371.20080313thru20080408.csv,IR_CD_header_logs/,3A 1822-371,CD,YALE-03A-0001,,4U1822-371,True,IR
binir080406.0202.fits,3A 1822-371,18:25:46.36,-37:06:29.5,2008-04-07,06:09:27.928,2454563.75658,30.04,1.52,B,J,1250,1828,2020,IR_CD_header_logs/LOG_3A 1822-371.20080313thru20080408.csv,IR_CD_header_logs/,3A 1822-371,CD,YALE-03A-0001,,4U1822-371,True,IR
binir080406.0201.fits,3A 1822-371,18:25:46.35,-37:06:29.3,2008-04-07,06:08:41.534,2454563.75604,30.05,1.53,B,J,1170,1868,2060,IR_CD_header_logs/LOG_3A 1822-371.20080313thru20080408.csv,IR_CD_header_logs/,3A 1822-371,CD,YALE-03A-0001,,4U1822-371,True,IR
binir080406.0200.fits,3A 1822-371,18:25:46.32,-37:06:29.4,2008-04-07,06:07:55.206,2454563.75551,30.04,1.53,B,J,1210,1908,1980,IR_CD_header_logs/LOG_3A 1822-371.20080313thru20080408.csv,IR_CD_header_logs/,3A 1822-371,CD,YALE-03A-0001,,4U1822-371,True,IR
binir080406.0199.fits,3A 1822-371,18:25:46.28,-37:06:29.2,2008-04-07,06:07:09.287,2454563.75497,30.04,1.54,B,J,1210,1868,2020,IR_CD_header_logs/LOG_3A 1822-371.20080313thru20080408.csv,IR_CD_header_logs/,3A 1822-371,CD,YALE-03A-0001,,4U1822-371,True,IR
binir080406.0243.fits,3A 1822-371,18:25:46.57,-37:06:29.0,2008-04-07,06:41:26.266,2454563.77878,30.04,1.36,V,H,1210,1828,2060,IR_CD_header_logs/LOG_3A 1822-371.20080313thru20080408.csv,IR_CD_header_logs/,3A 1822-371,CD,YALE-03A-0001,,4U1822-371,True,IR
binir080406.0253.fits,3A 1822-371,18:25:46.55,-37:06:28.6,2008-04-07,06:49:08.326,2454563.78413,30.05,1.33,V,H,1210,1868,2020,IR_CD_header_logs/LOG_3A 1822-371.20080313thru20080408.csv,IR_CD_header_logs/,3A 1822-371,CD,YALE-03A-0001,,4U1822-371,True,IR
binir080406.0229.fits,3A 1822-371,18:25:46.72,-37:06:28.9,2008-04-07,06:30:27.682,2454563.77116,30.05,1.41,I,K,1250,1828,2020,IR_CD_header_logs/LOG_3A 1822-371.20080313thru20080408.csv,IR_CD_header_logs/,3A 1822-371,CD,YALE-03A-0001,,4U1822-371,True,IR
binir080406.0245.fits,3A 1822-371,18:25:46.58,-37:06:28.9,2008-04-07,06:42:58.671,2454563.77985,30.04,1.35,V,H,1170,1908,2020,IR_CD_header_logs/LOG_3A 1822-371.20080313thru20080408.csv,IR_CD_header_logs/,3A 1822-371,CD,YALE-03A-0001,,4U1822-371,True,IR
binir080406.0230.fits,3A 1822-371,18:25:46.70,-37:06:28.9,2008-04-07,06:31:13.723,2454563.77169,30.04,1.41,I,K,1210,1828,2060,IR_CD_header_logs/LOG_3A 1822-371.20080313thru20080408.csv,IR_CD_header_logs/,3A 1822-371,CD,YALE-03A-0001,,4U1822-371,True,IR
binir080406.0257.fits,3A 1822-371,18:25:46.47,-37:06:28.7,2008-04-07,06:52:13.095,2454563.78627,30.05,1.32,V,H,1210,1828,2060,IR_CD_header_logs/LOG_3A 1822-371.20080313thru20080408.csv,IR_CD_header_logs/,3A 1822-371,CD,YALE-03A-0001,,4U1822-371,True,IR
binir080406.0256.fits,3A 1822-371,18:25:46.49,-37:06:28.7,2008-04-07,06:51:27.145,2454563.78574,30.05,1.32,V,H,1250,1828,2020,IR_CD_header_logs/LOG_3A 1822-371.20080313thru20080408.csv,IR_CD_header_logs/,3A 1822-371,CD,YALE-03A-0001,,4U1822-371,True,IR
binir080406.0255.fits,3A 1822-371,18:25:46.50,-37:06:28.7,2008-04-07,06:50:40.673,2454563.7852,30.04,1.32,V,H,1170,1868,2060,IR_CD_header_logs/LOG_3A 1822-371.20080313thru20080408.csv,IR_CD_header_logs/,3A 1822-371,CD,YALE-03A-0001,,4U1822-371,True,IR
binir080406.0254.fits,3A 1822-371,18:25:46.53,-37:06:28.6,2008-04-07,06:49:54.305,2454563.78466,30.04,1.32,V,H,1210,1908,1980,IR_CD_header_logs/LOG_3A 1822-371.20080313thru20080408.csv,IR_CD_header_logs/,3A 1822-371,CD,YALE-03A-0001,,4U1822-371,True,IR
binir080406.0239.fits,3A 1822-371,18:25:46.64,-37:06:28.9,2008-04-07,06:38:21.377,2454563.77664,30.05,1.37,V,H,1210,1868,2020,IR_CD_header_logs/LOG_3A 1822-371.20080313thru20080408.csv,IR_CD_header_logs/,3A 1822-371,CD,YALE-03A-0001,,4U1822-371,True,IR
binir080320.0319.fits,3A 1822-371,18:25:46.44,-37:06:22.1,2008-03-21,08:45:13.216,2454546.86475,30.05,1.17,B,J,1190,1848,2060,IR_CD_header_logs/LOG_3A 1822-371.20080313thru20080408.csv,IR_CD_header_logs/,3A 1822-371,CD,YALE-03A-0001,,4U1822-371,True,IR
binir080320.0355.fits,3A 1822-371,18:25:47.15,-37:06:19.0,2008-03-21,09:13:19.023,2454546.88426,30.04,1.11,V,H,1270,1848,1980,IR_CD_header_logs/LOG_3A 1822-371.20080313thru20080408.csv,IR_CD_header_logs/,3A 1822-371,CD,YALE-03A-0001,,4U1822-371,True,IR
binir080320.0320.fits,3A 1822-371,18:25:46.43,-37:06:22.1,2008-03-21,08:45:59.530,2454546.86528,30.05,1.17,B,J,1270,1808,2020,IR_CD_header_logs/LOG_3A 1822-371.20080313thru20080408.csv,IR_CD_header_logs/,3A 1822-371,CD,YALE-03A-0001,,4U1822-371,True,IR
binir080320.0308.fits,3A 1822-371,18:25:46.51,-37:06:22.4,2008-03-21,08:36:45.453,2454546.85887,30.04,1.19,B,J,1270,1848,1980,IR_CD_header_logs/LOG_3A 1822-371.20080313thru20080408.csv,IR_CD_header_logs/,3A 1822-371,CD,YALE-03A-0001,,4U1822-371,True,IR
binir080320.0307.fits,3A 1822-371,18:25:46.52,-37:06:22.5,2008-03-21,08:35:59.164,2454546.85833,30.04,1.19,B,J,1230,1808,2060,IR_CD_header_logs/LOG_3A 1822-371.20080313thru20080408.csv,IR_CD_header_logs/,3A 1822-371,CD,YALE-03A-0001,,4U1822-371,True,IR
binir080320.0306.fits,3A 1822-371,18:25:46.54,-37:06:22.4,2008-03-21,08:35:13.113,2454546.8578,30.04,1.2,B,J,1270,1808,2020,IR_CD_header_logs/LOG_3A 1822-371.20080313thru20080408.csv,IR_CD_header_logs/,3A 1822-371,CD,YALE-03A-0001,,4U1822-371,True,IR
binir080320.0305.fits,3A 1822-371,18:25:46.51,-37:06:22.6,2008-03-21,08:34:26.832,2454546.85726,30.05,1.2,B,J,1190,1848,2060,IR_CD_header_logs/LOG_3A 1822-371.20080313thru20080408.csv,IR_CD_header_logs/,3A 1822-371,CD,YALE-03A-0001,,4U1822-371,True,IR
binir080320.0304.fits,3A 1822-371,18:25:46.51,-37:06:22.6,2008-03-21,08:33:40.585,2454546.85673,30.04,1.2,B,J,1230,1888,1980,IR_CD_header_logs/LOG_3A 1822-371.20080313thru20080408.csv,IR_CD_header_logs/,3A 1822-371,CD,YALE-03A-0001,,4U1822-371,True,IR
binir080320.0303.fits,3A 1822-371,18:25:46.51,-37:06:22.7,2008-03-21,08:32:54.436,2454546.85619,30.04,1.2,B,J,1230,1848,2020,IR_CD_header_logs/LOG_3A 1822-371.20080313thru20080408.csv,IR_CD_header_logs/,3A 1822-371,CD,YALE-03A-0001,,4U1822-371,True,IR
binir080320.0331.fits,3A 1822-371,18:25:46.52,-37:06:20.9,2008-03-21,08:54:38.376,2454546.87128,30.04,1.15,I,K,1230,1888,1980,IR_CD_header_logs/LOG_3A 1822-371.20080313thru20080408.csv,IR_CD_header_logs/,3A 1822-371,CD,YALE-03A-0001,,4U1822-371,True,IR
binir080320.0347.fits,3A 1822-371,18:25:46.93,-37:06:19.8,2008-03-21,09:07:09.494,2454546.87998,30.04,1.12,V,H,1230,1808,2060,IR_CD_header_logs/LOG_3A 1822-371.20080313thru20080408.csv,IR_CD_header_logs/,3A 1822-371,CD,YALE-03A-0001,,4U1822-371,True,IR
binir080320.0333.fits,3A 1822-371,18:25:46.57,-37:06:20.7,2008-03-21,08:56:11.218,2454546.87236,30.05,1.14,I,K,1270,1808,2020,IR_CD_header_logs/LOG_3A 1822-371.20080313thru20080408.csv,IR_CD_header_logs/,3A 1822-371,CD,YALE-03A-0001,,4U1822-371,True,IR
binir080320.0348.fits,3A 1822-371,18:25:46.96,-37:06:19.6,2008-03-21,09:07:55.725,2454546.88051,30.05,1.12,V,H,1270,1848,1980,IR_CD_header_logs/LOG_3A 1822-371.20080313thru20080408.csv,IR_CD_header_logs/,3A 1822-371,CD,YALE-03A-0001,,4U1822-371,True,IR
binir080320.0334.fits,3A 1822-371,18:25:46.57,-37:06:20.7,2008-03-21,08:56:57.162,2454546.87289,30.05,1.14,I,K,1230,1808,2060,IR_CD_header_logs/LOG_3A 1822-371.20080313thru20080408.csv,IR_CD_header_logs/,3A 1822-371,CD,YALE-03A-0001,,4U1822-371,True,IR
binir080320.0361.fits,3A 1822-371,18:25:47.27,-37:06:18.8,2008-03-21,09:17:55.886,2454546.88746,30.04,1.1,V,H,1230,1808,2060,IR_CD_header_logs/LOG_3A 1822-371.20080313thru20080408.csv,IR_CD_header_logs/,3A 1822-371,CD,YALE-03A-0001,,4U1822-371,True,IR
binir080320.0360.fits,3A 1822-371,18:25:47.24,-37:06:18.6,2008-03-21,09:17:09.871,2454546.88693,30.05,1.1,V,H,1270,1808,2020,IR_CD_header_logs/LOG_3A 1822-371.20080313thru20080408.csv,IR_CD_header_logs/,3A 1822-371,CD,YALE-03A-0001,,4U1822-371,True,IR
binir080320.0359.fits,3A 1822-371,18:25:47.23,-37:06:18.8,2008-03-21,09:16:23.562,2454546.88639,30.04,1.1,V,H,1190,1848,2060,IR_CD_header_logs/LOG_3A 1822-371.20080313thru20080408.csv,IR_CD_header_logs/,3A 1822-371,CD,YALE-03A-0001,,4U1822-371,True,IR
binir080320.0358.fits,3A 1822-371,18:25:47.21,-37:06:18.7,2008-03-21,09:15:37.269,2454546.88586,30.04,1.11,V,H,1230,1888,1980,IR_CD_header_logs/LOG_3A 1822-371.20080313thru20080408.csv,IR_CD_header_logs/,3A 1822-371,CD,YALE-03A-0001,,4U1822-371,True,IR
binir080320.0357.fits,3A 1822-371,18:25:47.18,-37:06:18.7,2008-03-21,09:14:51.325,2454546.88532,30.04,1.11,V,H,1230,1848,2020,IR_CD_header_logs/LOG_3A 1822-371.20080313thru20080408.csv,IR_CD_header_logs/,3A 1822-371,CD,YALE-03A-0001,,4U1822-371,True,IR
binir080320.0356.fits,3A 1822-371,18:25:47.17,-37:06:18.9,2008-03-21,09:14:05.321,2454546.88479,30.05,1.11,V,H,1190,1888,2020,IR_CD_header_logs/LOG_3A 1822-371.20080313thru20080408.csv,IR_CD_header_logs/,3A 1822-371,CD,YALE-03A-0001,,4U1822-371,True,IR
binir080320.0309.fits,3A 1822-371,18:25:46.50,-37:06:22.4,2008-03-21,08:37:31.723,2454546.8594,30.05,1.19,B,J,1190,1888,2020,IR_CD_header_logs/LOG_3A 1822-371.20080313thru20080408.csv,IR_CD_header_logs/,3A 1822-371,CD,YALE-03A-0001,,4U1822-371,True,IR
binir080320.0332.fits,3A 1822-371,18:25:46.55,-37:06:20.9,2008-03-21,08:55:24.787,2454546.87182,30.05,1.15,I,K,1190,1848,2060,IR_CD_header_logs/LOG_3A 1822-371.20080313thru20080408.csv,IR_CD_header_logs/,3A 1822-371,CD,YALE-03A-0001,,4U1822-371,True,IR
binir080320.0311.fits,3A 1822-371,18:25:46.48,-37:06:22.5,2008-03-21,08:39:03.670,2454546.86047,30.04,1.19,B,J,1230,1888,1980,IR_CD_header_logs/LOG_3A 1822-371.20080313thru20080408.csv,IR_CD_header_logs/,3A 1822-371,CD,YALE-03A-0001,,4U1822-371,True,IR
binir080320.0329.fits,3A 1822-371,18:25:46.51,-37:06:21.1,2008-03-21,08:53:06.299,2454546.87022,30.04,1.15,I,K,1190,1888,2020,IR_CD_header_logs/LOG_3A 1822-371.20080313thru20080408.csv,IR_CD_header_logs/,3A 1822-371,CD,YALE-03A-0001,,4U1822-371,True,IR
binir080320.0321.fits,3A 1822-371,18:25:46.43,-37:06:21.9,2008-03-21,08:46:45.551,2454546.86581,30.05,1.17,B,J,1230,1808,2060,IR_CD_header_logs/LOG_3A 1822-371.20080313thru20080408.csv,IR_CD_header_logs/,3A 1822-371,CD,YALE-03A-0001,,4U1822-371,True,IR
binir080320.0322.fits,3A 1822-371,18:25:46.47,-37:06:21.8,2008-03-21,08:47:31.865,2454546.86635,30.05,1.16,B,J,1270,1848,1980,IR_CD_header_logs/LOG_3A 1822-371.20080313thru20080408.csv,IR_CD_header_logs/,3A 1822-371,CD,YALE-03A-0001,,4U1822-371,True,IR
binir080320.0323.fits,3A 1822-371,18:25:46.47,-37:06:21.8,2008-03-21,08:48:29.192,2454546.86701,30.05,1.16,I,K,1230,1848,2020,IR_CD_header_logs/LOG_3A 1822-371.20080313thru20080408.csv,IR_CD_header_logs/,3A 1822-371,CD,YALE-03A-0001,,4U1822-371,True,IR
binir080320.0327.fits,3A 1822-371,18:25:46.50,-37:06:21.4,2008-03-21,08:51:33.814,2454546.86915,30.04,1.16,I,K,1230,1808,2060,IR_CD_header_logs/LOG_3A 1822-371.20080313thru20080408.csv,IR_CD_header_logs/,3A 1822-371,CD,YALE-03A-0001,,4U1822-371,True,IR
binir080320.0325.fits,3A 1822-371,18:25:46.48,-37:06:21.6,2008-03-21,08:50:01.522,2454546.86808,30.05,1.16,I,K,1190,1848,2060,IR_CD_header_logs/LOG_3A 1822-371.20080313thru20080408.csv,IR_CD_header_logs/,3A 1822-371,CD,YALE-03A-0001,,4U1822-371,True,IR
binir080320.0326.fits,3A 1822-371,18:25:46.49,-37:06:21.4,2008-03-21,08:50:47.886,2454546.86862,30.04,1.16,I,K,1270,1808,2020,IR_CD_header_logs/LOG_3A 1822-371.20080313thru20080408.csv,IR_CD_header_logs/,3A 1822-371,CD,YALE-03A-0001,,4U1822-371,True,IR
binir080320.0328.fits,3A 1822-371,18:25:46.49,-37:06:21.3,2008-03-21,08:52:20.142,2454546.86969,30.05,1.15,I,K,1270,1848,1980,IR_CD_header_logs/LOG_3A 1822-371.20080313thru20080408.csv,IR_CD_header_logs/,3A 1822-371,CD,YALE-03A-0001,,4U1822-371,True,IR
binir080320.0330.fits,3A 1822-371,18:25:46.50,-37:06:21.1,2008-03-21,08:53:52.294,2454546.87075,30.04,1.15,I,K,1230,1848,2020,IR_CD_header_logs/LOG_3A 1822-371.20080313thru20080408.csv,IR_CD_header_logs/,3A 1822-371,CD,YALE-03A-0001,,4U1822-371,True,IR
binir080320.0312.fits,3A 1822-371,18:25:46.49,-37:06:22.5,2008-03-21,08:39:50.080,2454546.861,30.04,1.18,B,J,1190,1848,2060,IR_CD_header_logs/LOG_3A 1822-371.20080313thru20080408.csv,IR_CD_header_logs/,3A 1822-371,CD,YALE-03A-0001,,4U1822-371,True,IR
binir080320.0317.fits,3A 1822-371,18:25:46.42,-37:06:22.4,2008-03-21,08:43:40.966,2454546.86368,30.04,1.17,B,J,1230,1848,2020,IR_CD_header_logs/LOG_3A 1822-371.20080313thru20080408.csv,IR_CD_header_logs/,3A 1822-371,CD,YALE-03A-0001,,4U1822-371,True,IR
binir080320.0318.fits,3A 1822-371,18:25:46.44,-37:06:22.3,2008-03-21,08:44:26.851,2454546.86421,30.05,1.17,B,J,1230,1888,1980,IR_CD_header_logs/LOG_3A 1822-371.20080313thru20080408.csv,IR_CD_header_logs/,3A 1822-371,CD,YALE-03A-0001,,4U1822-371,True,IR
binir080320.0310.fits,3A 1822-371,18:25:46.50,-37:06:22.5,2008-03-21,08:38:17.718,2454546.85994,30.04,1.19,B,J,1230,1848,2020,IR_CD_header_logs/LOG_3A 1822-371.20080313thru20080408.csv,IR_CD_header_logs/,3A 1822-371,CD,YALE-03A-0001,,4U1822-371,True,IR
binir080320.0316.fits,3A 1822-371,18:25:46.44,-37:06:22.3,2008-03-21,08:42:54.862,2454546.86314,30.04,1.18,B,J,1190,1888,2020,IR_CD_header_logs/LOG_3A 1822-371.20080313thru20080408.csv,IR_CD_header_logs/,3A 1822-371,CD,YALE-03A-0001,,4U1822-371,True,IR
binir080320.0315.fits,3A 1822-371,18:25:46.44,-37:06:22.5,2008-03-21,08:42:08.659,2454546.86261,30.05,1.18,B,J,1270,1848,1980,IR_CD_header_logs/LOG_3A 1822-371.20080313thru20080408.csv,IR_CD_header_logs/,3A 1822-371,CD,YALE-03A-0001,,4U1822-371,True,IR
binir080320.0314.fits,3A 1822-371,18:25:46.45,-37:06:22.4,2008-03-21,08:41:22.462,2454546.86207,30.04,1.18,B,J,1230,1808,2060,IR_CD_header_logs/LOG_3A 1822-371.20080313thru20080408.csv,IR_CD_header_logs/,3A 1822-371,CD,YALE-03A-0001,,4U1822-371,True,IR
binir080320.0313.fits,3A 1822-371,18:25:46.47,-37:06:22.5,2008-03-21,08:40:36.557,2454546.86154,30.05,1.18,B,J,1270,1808,2020,IR_CD_header_logs/LOG_3A 1822-371.20080313thru20080408.csv,IR_CD_header_logs/,3A 1822-371,CD,YALE-03A-0001,,4U1822-371,True,IR
binir080318.0307.fits,3A 1822-371,18:25:45.18,-37:06:24.8,2008-03-19,08:30:02.548,2454544.8542,30.05,1.23,B,J,1210,1828,2060,IR_CD_header_logs/LOG_3A 1822-371.20080313thru20080408.csv,IR_CD_header_logs/,3A 1822-371,CD,YALE-03A-0001,,4U1822-371,True,IR
binir080318.0308.fits,3A 1822-371,18:25:45.19,-37:06:24.8,2008-03-19,08:30:48.971,2454544.85474,30.04,1.23,B,J,1250,1868,1980,IR_CD_header_logs/LOG_3A 1822-371.20080313thru20080408.csv,IR_CD_header_logs/,3A 1822-371,CD,YALE-03A-0001,,4U1822-371,True,IR
binir080318.0309.fits,3A 1822-371,18:25:45.23,-37:06:25.0,2008-03-19,08:31:46.272,2454544.8554,30.04,1.23,I,K,1210,1868,2020,IR_CD_header_logs/LOG_3A 1822-371.20080313thru20080408.csv,IR_CD_header_logs/,3A 1822-371,CD,YALE-03A-0001,,4U1822-371,True,IR
binir080313.0327.fits,3A 1822-371,18:25:45.25,-37:06:19.2,2008-03-14,08:18:31.829,2454539.8462,30.04,1.35,I,K,1170,1868,2060,IR_CD_header_logs/LOG_3A 1822-371.20080313thru20080408.csv,IR_CD_header_logs/,3A 1822-371,CD,YALE-03A-0001,,4U1822-371,True,IR
binir080314.0236.fits,3A 1822-371,18:25:46.45,-37:06:16.9,2008-03-15,08:14:03.459,2454540.8431,30.05,1.35,I,K,1250,1868,1980,IR_CD_header_logs/LOG_3A 1822-371.20080313thru20080408.csv,IR_CD_header_logs/,3A 1822-371,CD,YALE-03A-0001,,4U1822-371,True,IR
binir080314.0237.fits,3A 1822-371,18:25:46.45,-37:06:17.0,2008-03-15,08:14:49.635,2454540.84363,30.05,1.35,I,K,1170,1908,2020,IR_CD_header_logs/LOG_3A 1822-371.20080313thru20080408.csv,IR_CD_header_logs/,3A 1822-371,CD,YALE-03A-0001,,4U1822-371,True,IR
binir080314.0238.fits,3A 1822-371,18:25:46.45,-37:06:17.1,2008-03-15,08:15:35.604,2454540.84416,30.05,1.34,I,K,1210,1868,2020,IR_CD_header_logs/LOG_3A 1822-371.20080313thru20080408.csv,IR_CD_header_logs/,3A 1822-371,CD,YALE-03A-0001,,4U1822-371,True,IR
binir080314.0247.fits,3A 1822-371,18:25:46.27,-37:06:17.6,2008-03-15,08:22:43.929,2454540.84912,30.04,1.32,V,H,1250,1828,2020,IR_CD_header_logs/LOG_3A 1822-371.20080313thru20080408.csv,IR_CD_header_logs/,3A 1822-371,CD,YALE-03A-0001,,4U1822-371,True,IR
binir080314.0240.fits,3A 1822-371,18:25:46.44,-37:06:17.2,2008-03-15,08:17:08.088,2454540.84523,30.04,1.34,I,K,1170,1868,2060,IR_CD_header_logs/LOG_3A 1822-371.20080313thru20080408.csv,IR_CD_header_logs/,3A 1822-371,CD,YALE-03A-0001,,4U1822-371,True,IR
binir080314.0239.fits,3A 1822-371,18:25:46.46,-37:06:17.2,2008-03-15,08:16:21.689,2454540.8447,30.05,1.34,I,K,1210,1908,1980,IR_CD_header_logs/LOG_3A 1822-371.20080313thru20080408.csv,IR_CD_header_logs/,3A 1822-371,CD,YALE-03A-0001,,4U1822-371,True,IR
binir080314.0242.fits,3A 1822-371,18:25:46.42,-37:06:17.1,2008-03-15,08:18:40.427,2454540.8463,30.04,1.33,I,K,1210,1828,2060,IR_CD_header_logs/LOG_3A 1822-371.20080313thru20080408.csv,IR_CD_header_logs/,3A 1822-371,CD,YALE-03A-0001,,4U1822-371,True,IR
binir080314.0243.fits,3A 1822-371,18:25:46.40,-37:06:17.3,2008-03-15,08:19:26.683,2454540.84684,30.05,1.33,I,K,1250,1868,1980,IR_CD_header_logs/LOG_3A 1822-371.20080313thru20080408.csv,IR_CD_header_logs/,3A 1822-371,CD,YALE-03A-0001,,4U1822-371,True,IR
binir080314.0244.fits,3A 1822-371,18:25:46.36,-37:06:17.3,2008-03-15,08:20:25.140,2454540.84751,30.05,1.32,V,H,1210,1868,2020,IR_CD_header_logs/LOG_3A 1822-371.20080313thru20080408.csv,IR_CD_header_logs/,3A 1822-371,CD,YALE-03A-0001,,4U1822-371,True,IR
binir080314.0245.fits,3A 1822-371,18:25:46.34,-37:06:17.4,2008-03-15,08:21:11.164,2454540.84805,30.05,1.32,V,H,1210,1908,1980,IR_CD_header_logs/LOG_3A 1822-371.20080313thru20080408.csv,IR_CD_header_logs/,3A 1822-371,CD,YALE-03A-0001,,4U1822-371,True,IR
binir080314.0246.fits,3A 1822-371,18:25:46.32,-37:06:17.5,2008-03-15,08:21:57.539,2454540.84858,30.04,1.32,V,H,1170,1868,2060,IR_CD_header_logs/LOG_3A 1822-371.20080313thru20080408.csv,IR_CD_header_logs/,3A 1822-371,CD,YALE-03A-0001,,4U1822-371,True,IR
binir080313.0326.fits,3A 1822-371,18:25:45.23,-37:06:19.4,2008-03-14,08:17:45.398,2454539.84566,30.05,1.35,I,K,1210,1908,1980,IR_CD_header_logs/LOG_3A 1822-371.20080313thru20080408.csv,IR_CD_header_logs/,3A 1822-371,CD,YALE-03A-0001,,4U1822-371,True,IR
binir080313.0321.fits,3A 1822-371,18:25:45.22,-37:06:19.0,2008-03-14,08:13:41.523,2454539.84284,30.04,1.37,B,J,1170,1868,2060,IR_CD_header_logs/LOG_3A 1822-371.20080313thru20080408.csv,IR_CD_header_logs/,3A 1822-371,CD,YALE-03A-0001,,4U1822-371,True,IR
binir080313.0322.fits,3A 1822-371,18:25:45.23,-37:06:19.4,2008-03-14,08:14:28.096,2454539.84338,30.04,1.37,B,J,1250,1828,2020,IR_CD_header_logs/LOG_3A 1822-371.20080313thru20080408.csv,IR_CD_header_logs/,3A 1822-371,CD,YALE-03A-0001,,4U1822-371,True,IR
binir080313.0323.fits,3A 1822-371,18:25:45.21,-37:06:19.5,2008-03-14,08:15:14.386,2454539.84392,30.04,1.36,B,J,1210,1828,2060,IR_CD_header_logs/LOG_3A 1822-371.20080313thru20080408.csv,IR_CD_header_logs/,3A 1822-371,CD,YALE-03A-0001,,4U1822-371,True,IR
binir080313.0324.fits,3A 1822-371,18:25:45.20,-37:06:19.5,2008-03-14,08:16:00.908,2454539.84445,30.04,1.36,B,J,1250,1868,1980,IR_CD_header_logs/LOG_3A 1822-371.20080313thru20080408.csv,IR_CD_header_logs/,3A 1822-371,CD,YALE-03A-0001,,4U1822-371,True,IR
binir080313.0325.fits,3A 1822-371,18:25:45.23,-37:06:19.4,2008-03-14,08:16:59.058,2454539.84513,30.04,1.35,I,K,1210,1868,2020,IR_CD_header_logs/LOG_3A 1822-371.20080313thru20080408.csv,IR_CD_header_logs/,3A 1822-371,CD,YALE-03A-0001,,4U1822-371,True,IR
binir080314.0235.fits,3A 1822-371,18:25:46.44,-37:06:17.2,2008-03-15,08:13:17.315,2454540.84256,30.05,1.35,I,K,1210,1828,2060,IR_CD_header_logs/LOG_3A 1822-371.20080313thru20080408.csv,IR_CD_header_logs/,3A 1822-371,CD,YALE-03A-0001,,4U1822-371,True,IR
binir080314.0241.fits,3A 1822-371,18:25:46.41,-37:06:17.0,2008-03-15,08:17:54.389,2454540.84577,30.04,1.33,I,K,1250,1828,2020,IR_CD_header_logs/LOG_3A 1822-371.20080313thru20080408.csv,IR_CD_header_logs/,3A 1822-371,CD,YALE-03A-0001,,4U1822-371,True,IR
binir080314.0248.fits,3A 1822-371,18:25:46.24,-37:06:17.7,2008-03-15,08:23:29.891,2454540.84965,30.05,1.31,V,H,1210,1828,2060,IR_CD_header_logs/LOG_3A 1822-371.20080313thru20080408.csv,IR_CD_header_logs/,3A 1822-371,CD,YALE-03A-0001,,4U1822-371,True,IR
binir080314.0259.fits,3A 1822-371,18:25:45.82,-37:06:19.7,2008-03-15,08:31:57.894,2454540.85553,30.05,1.28,V,H,1210,1908,1980,IR_CD_header_logs/LOG_3A 1822-371.20080313thru20080408.csv,IR_CD_header_logs/,3A 1822-371,CD,YALE-03A-0001,,4U1822-371,True,IR
binir080314.0233.fits,3A 1822-371,18:25:46.42,-37:06:17.0,2008-03-15,08:11:44.742,2454540.84149,30.05,1.36,I,K,1170,1868,2060,IR_CD_header_logs/LOG_3A 1822-371.20080313thru20080408.csv,IR_CD_header_logs/,3A 1822-371,CD,YALE-03A-0001,,4U1822-371,True,IR
binir080314.0255.fits,3A 1822-371,18:25:45.98,-37:06:19.1,2008-03-15,08:28:53.349,2454540.8534,30.05,1.29,V,H,1210,1828,2060,IR_CD_header_logs/LOG_3A 1822-371.20080313thru20080408.csv,IR_CD_header_logs/,3A 1822-371,CD,YALE-03A-0001,,4U1822-371,True,IR
binir080314.0249.fits,3A 1822-371,18:25:46.21,-37:06:17.9,2008-03-15,08:24:16.151,2454540.85019,30.04,1.31,V,H,1250,1868,1980,IR_CD_header_logs/LOG_3A 1822-371.20080313thru20080408.csv,IR_CD_header_logs/,3A 1822-371,CD,YALE-03A-0001,,4U1822-371,True,IR
binir080314.0234.fits,3A 1822-371,18:25:46.43,-37:06:17.0,2008-03-15,08:12:31.090,2454540.84203,30.05,1.36,I,K,1250,1828,2020,IR_CD_header_logs/LOG_3A 1822-371.20080313thru20080408.csv,IR_CD_header_logs/,3A 1822-371,CD,YALE-03A-0001,,4U1822-371,True,IR
binir080314.0262.fits,3A 1822-371,18:25:45.72,-37:06:20.1,2008-03-15,08:34:16.605,2454540.85714,30.04,1.27,V,H,1210,1828,2060,IR_CD_header_logs/LOG_3A 1822-371.20080313thru20080408.csv,IR_CD_header_logs/,3A 1822-371,CD,YALE-03A-0001,,4U1822-371,True,IR
binir080314.0261.fits,3A 1822-371,18:25:45.75,-37:06:20.1,2008-03-15,08:33:30.613,2454540.85661,30.04,1.28,V,H,1250,1828,2020,IR_CD_header_logs/LOG_3A 1822-371.20080313thru20080408.csv,IR_CD_header_logs/,3A 1822-371,CD,YALE-03A-0001,,4U1822-371,True,IR
binir080314.0260.fits,3A 1822-371,18:25:45.77,-37:06:20.0,2008-03-15,08:32:44.292,2454540.85607,30.04,1.28,V,H,1170,1868,2060,IR_CD_header_logs/LOG_3A 1822-371.20080313thru20080408.csv,IR_CD_header_logs/,3A 1822-371,CD,YALE-03A-0001,,4U1822-371,True,IR
binir080314.0258.fits,3A 1822-371,18:25:45.85,-37:06:19.2,2008-03-15,08:31:11.810,2454540.855,30.05,1.28,V,H,1210,1868,2020,IR_CD_header_logs/LOG_3A 1822-371.20080313thru20080408.csv,IR_CD_header_logs/,3A 1822-371,CD,YALE-03A-0001,,4U1822-371,True,IR
binir080314.0251.fits,3A 1822-371,18:25:46.13,-37:06:18.3,2008-03-15,08:25:48.587,2454540.85126,30.04,1.3,V,H,1210,1868,2020,IR_CD_header_logs/LOG_3A 1822-371.20080313thru20080408.csv,IR_CD_header_logs/,3A 1822-371,CD,YALE-03A-0001,,4U1822-371,True,IR
binir080314.0257.fits,3A 1822-371,18:25:45.90,-37:06:19.5,2008-03-15,08:30:25.842,2454540.85447,30.04,1.29,V,H,1170,1908,2020,IR_CD_header_logs/LOG_3A 1822-371.20080313thru20080408.csv,IR_CD_header_logs/,3A 1822-371,CD,YALE-03A-0001,,4U1822-371,True,IR
binir080314.0256.fits,3A 1822-371,18:25:45.96,-37:06:19.2,2008-03-15,08:29:39.627,2454540.85393,30.05,1.29,V,H,1250,1868,1980,IR_CD_header_logs/LOG_3A 1822-371.20080313thru20080408.csv,IR_CD_header_logs/,3A 1822-371,CD,YALE-03A-0001,,4U1822-371,True,IR
binir080314.0263.fits,3A 1822-371,18:25:45.71,-37:06:20.2,2008-03-15,08:35:02.791,2454540.85767,30.04,1.27,V,H,1250,1868,1980,IR_CD_header_logs/LOG_3A 1822-371.20080313thru20080408.csv,IR_CD_header_logs/,3A 1822-371,CD,YALE-03A-0001,,4U1822-371,True,IR
binir080314.0254.fits,3A 1822-371,18:25:46.02,-37:06:18.6,2008-03-15,08:28:07.240,2454540.85286,30.05,1.29,V,H,1250,1828,2020,IR_CD_header_logs/LOG_3A 1822-371.20080313thru20080408.csv,IR_CD_header_logs/,3A 1822-371,CD,YALE-03A-0001,,4U1822-371,True,IR
binir080314.0253.fits,3A 1822-371,18:25:46.08,-37:06:18.4,2008-03-15,08:27:20.902,2454540.85233,30.05,1.3,V,H,1170,1868,2060,IR_CD_header_logs/LOG_3A 1822-371.20080313thru20080408.csv,IR_CD_header_logs/,3A 1822-371,CD,YALE-03A-0001,,4U1822-371,True,IR
binir080314.0252.fits,3A 1822-371,18:25:46.09,-37:06:18.4,2008-03-15,08:26:34.679,2454540.85179,30.04,1.3,V,H,1210,1908,1980,IR_CD_header_logs/LOG_3A 1822-371.20080313thru20080408.csv,IR_CD_header_logs/,3A 1822-371,CD,YALE-03A-0001,,4U1822-371,True,IR
binir080314.0250.fits,3A 1822-371,18:25:46.17,-37:06:18.1,2008-03-15,08:25:02.407,2454540.85072,30.04,1.31,V,H,1170,1908,2020,IR_CD_header_logs/LOG_3A 1822-371.20080313thru20080408.csv,IR_CD_header_logs/,3A 1822-371,CD,YALE-03A-0001,,4U1822-371,True,IR
binir080313.0334.fits,3A 1822-371,18:25:45.24,-37:06:18.8,2008-03-14,08:23:56.440,2454539.84996,30.05,1.33,I,K,1170,1868,2060,IR_CD_header_logs/LOG_3A 1822-371.20080313thru20080408.csv,IR_CD_header_logs/,3A 1822-371,CD,YALE-03A-0001,,4U1822-371,True,IR
binir080313.0328.fits,3A 1822-371,18:25:45.25,-37:06:19.1,2008-03-14,08:19:18.310,2454539.84674,30.04,1.34,I,K,1250,1828,2020,IR_CD_header_logs/LOG_3A 1822-371.20080313thru20080408.csv,IR_CD_header_logs/,3A 1822-371,CD,YALE-03A-0001,,4U1822-371,True,IR
binir080314.0232.fits,3A 1822-371,18:25:46.44,-37:06:17.0,2008-03-15,08:10:58.384,2454540.84095,30.05,1.36,I,K,1210,1908,1980,IR_CD_header_logs/LOG_3A 1822-371.20080313thru20080408.csv,IR_CD_header_logs/,3A 1822-371,CD,YALE-03A-0001,,4U1822-371,True,IR
binir080313.0329.fits,3A 1822-371,18:25:45.27,-37:06:19.2,2008-03-14,08:20:04.542,2454539.84728,30.05,1.34,I,K,1210,1828,2060,IR_CD_header_logs/LOG_3A 1822-371.20080313thru20080408.csv,IR_CD_header_logs/,3A 1822-371,CD,YALE-03A-0001,,4U1822-371,True,IR
binir080313.0349.fits,3A 1822-371,18:25:44.85,-37:06:20.1,2008-03-14,08:35:45.443,2454539.85816,30.04,1.28,V,H,1210,1828,2060,IR_CD_header_logs/LOG_3A 1822-371.20080313thru20080408.csv,IR_CD_header_logs/,3A 1822-371,CD,YALE-03A-0001,,4U1822-371,True,IR
binir080313.0335.fits,3A 1822-371,18:25:45.24,-37:06:18.8,2008-03-14,08:24:42.976,2454539.8505,30.05,1.32,I,K,1250,1828,2020,IR_CD_header_logs/LOG_3A 1822-371.20080313thru20080408.csv,IR_CD_header_logs/,3A 1822-371,CD,YALE-03A-0001,,4U1822-371,True,IR
binir080313.0351.fits,3A 1822-371,18:25:44.84,-37:06:20.2,2008-03-14,08:37:18.169,2454539.85924,30.05,1.28,V,H,1170,1908,2020,IR_CD_header_logs/LOG_3A 1822-371.20080313thru20080408.csv,IR_CD_header_logs/,3A 1822-371,CD,YALE-03A-0001,,4U1822-371,True,IR
binir080313.0364.fits,3A 1822-371,18:25:44.73,-37:06:21.2,2008-03-14,08:47:21.227,2454539.86622,30.04,1.24,V,H,1250,1868,1980,IR_CD_header_logs/LOG_3A 1822-371.20080313thru20080408.csv,IR_CD_header_logs/,3A 1822-371,CD,YALE-03A-0001,,4U1822-371,True,IR
binir080313.0363.fits,3A 1822-371,18:25:44.73,-37:06:21.1,2008-03-14,08:46:34.566,2454539.86568,30.04,1.24,V,H,1210,1828,2060,IR_CD_header_logs/LOG_3A 1822-371.20080313thru20080408.csv,IR_CD_header_logs/,3A 1822-371,CD,YALE-03A-0001,,4U1822-371,True,IR
binir080313.0362.fits,3A 1822-371,18:25:44.71,-37:06:21.1,2008-03-14,08:45:48.185,2454539.86514,30.05,1.25,V,H,1250,1828,2020,IR_CD_header_logs/LOG_3A 1822-371.20080313thru20080408.csv,IR_CD_header_logs/,3A 1822-371,CD,YALE-03A-0001,,4U1822-371,True,IR
binir080313.0361.fits,3A 1822-371,18:25:44.73,-37:06:21.1,2008-03-14,08:45:01.621,2454539.8646,30.05,1.25,V,H,1170,1868,2060,IR_CD_header_logs/LOG_3A 1822-371.20080313thru20080408.csv,IR_CD_header_logs/,3A 1822-371,CD,YALE-03A-0001,,4U1822-371,True,IR
binir080313.0360.fits,3A 1822-371,18:25:44.74,-37:06:20.9,2008-03-14,08:44:15.177,2454539.86406,30.04,1.25,V,H,1210,1908,1980,IR_CD_header_logs/LOG_3A 1822-371.20080313thru20080408.csv,IR_CD_header_logs/,3A 1822-371,CD,YALE-03A-0001,,4U1822-371,True,IR
binir080313.0359.fits,3A 1822-371,18:25:44.73,-37:06:21.0,2008-03-14,08:43:29.132,2454539.86353,30.05,1.25,V,H,1210,1868,2020,IR_CD_header_logs/LOG_3A 1822-371.20080313thru20080408.csv,IR_CD_header_logs/,3A 1822-371,CD,YALE-03A-0001,,4U1822-371,True,IR
binir080313.0358.fits,3A 1822-371,18:25:44.71,-37:06:21.0,2008-03-14,08:42:42.817,2454539.863,30.04,1.26,V,H,1170,1908,2020,IR_CD_header_logs/LOG_3A 1822-371.20080313thru20080408.csv,IR_CD_header_logs/,3A 1822-371,CD,YALE-03A-0001,,4U1822-371,True,IR
binir080313.0356.fits,3A 1822-371,18:25:44.76,-37:06:20.7,2008-03-14,08:41:09.797,2454539.86192,30.05,1.26,V,H,1210,1828,2060,IR_CD_header_logs/LOG_3A 1822-371.20080313thru20080408.csv,IR_CD_header_logs/,3A 1822-371,CD,YALE-03A-0001,,4U1822-371,True,IR
binir080313.0355.fits,3A 1822-371,18:25:44.78,-37:06:20.5,2008-03-14,08:40:23.598,2454539.86138,30.04,1.26,V,H,1250,1828,2020,IR_CD_header_logs/LOG_3A 1822-371.20080313thru20080408.csv,IR_CD_header_logs/,3A 1822-371,CD,YALE-03A-0001,,4U1822-371,True,IR
binir080313.0354.fits,3A 1822-371,18:25:44.78,-37:06:20.3,2008-03-14,08:39:37.180,2454539.86085,30.04,1.27,V,H,1170,1868,2060,IR_CD_header_logs/LOG_3A 1822-371.20080313thru20080408.csv,IR_CD_header_logs/,3A 1822-371,CD,YALE-03A-0001,,4U1822-371,True,IR
binir080313.0353.fits,3A 1822-371,18:25:44.82,-37:06:20.3,2008-03-14,08:38:50.616,2454539.86031,30.05,1.27,V,H,1210,1908,1980,IR_CD_header_logs/LOG_3A 1822-371.20080313thru20080408.csv,IR_CD_header_logs/,3A 1822-371,CD,YALE-03A-0001,,4U1822-371,True,IR
binir080313.0352.fits,3A 1822-371,18:25:44.82,-37:06:20.2,2008-03-14,08:38:04.304,2454539.85977,30.05,1.27,V,H,1210,1868,2020,IR_CD_header_logs/LOG_3A 1822-371.20080313thru20080408.csv,IR_CD_header_logs/,3A 1822-371,CD,YALE-03A-0001,,4U1822-371,True,IR
binir080313.0357.fits,3A 1822-371,18:25:44.75,-37:06:20.9,2008-03-14,08:41:56.286,2454539.86246,30.05,1.26,V,H,1250,1868,1980,IR_CD_header_logs/LOG_3A 1822-371.20080313thru20080408.csv,IR_CD_header_logs/,3A 1822-371,CD,YALE-03A-0001,,4U1822-371,True,IR
binir080313.0350.fits,3A 1822-371,18:25:44.87,-37:06:20.2,2008-03-14,08:36:31.929,2454539.8587,30.05,1.28,V,H,1250,1868,1980,IR_CD_header_logs/LOG_3A 1822-371.20080313thru20080408.csv,IR_CD_header_logs/,3A 1822-371,CD,YALE-03A-0001,,4U1822-371,True,IR
binir080313.0333.fits,3A 1822-371,18:25:45.27,-37:06:19.1,2008-03-14,08:23:09.768,2454539.84942,30.05,1.33,I,K,1210,1908,1980,IR_CD_header_logs/LOG_3A 1822-371.20080313thru20080408.csv,IR_CD_header_logs/,3A 1822-371,CD,YALE-03A-0001,,4U1822-371,True,IR
binir080313.0306.fits,3A 1822-371,18:25:45.39,-37:06:18.8,2008-03-14,08:02:05.811,2454539.83479,30.04,1.42,B,J,1210,1908,1980,IR_CD_header_logs/LOG_3A 1822-371.20080313thru20080408.csv,IR_CD_header_logs/,3A 1822-371,CD,YALE-03A-0001,,4U1822-371,True,IR
binir080313.0307.fits,3A 1822-371,18:25:45.38,-37:06:19.0,2008-03-14,08:02:52.261,2454539.83533,30.05,1.42,B,J,1170,1868,2060,IR_CD_header_logs/LOG_3A 1822-371.20080313thru20080408.csv,IR_CD_header_logs/,3A 1822-371,CD,YALE-03A-0001,,4U1822-371,True,IR
binir080313.0317.fits,3A 1822-371,18:25:45.27,-37:06:19.3,2008-03-14,08:10:36.081,2454539.8407,30.04,1.38,B,J,1250,1868,1980,IR_CD_header_logs/LOG_3A 1822-371.20080313thru20080408.csv,IR_CD_header_logs/,3A 1822-371,CD,YALE-03A-0001,,4U1822-371,True,IR
binir080313.0330.fits,3A 1822-371,18:25:45.28,-37:06:19.1,2008-03-14,08:20:51.015,2454539.84781,30.04,1.34,I,K,1250,1868,1980,IR_CD_header_logs/LOG_3A 1822-371.20080313thru20080408.csv,IR_CD_header_logs/,3A 1822-371,CD,YALE-03A-0001,,4U1822-371,True,IR
binir080313.0331.fits,3A 1822-371,18:25:45.26,-37:06:19.1,2008-03-14,08:21:37.393,2454539.84835,30.05,1.34,I,K,1170,1908,2020,IR_CD_header_logs/LOG_3A 1822-371.20080313thru20080408.csv,IR_CD_header_logs/,3A 1822-371,CD,YALE-03A-0001,,4U1822-371,True,IR
binir080313.0332.fits,3A 1822-371,18:25:45.27,-37:06:18.9,2008-03-14,08:22:23.592,2454539.84888,30.04,1.33,I,K,1210,1868,2020,IR_CD_header_logs/LOG_3A 1822-371.20080313thru20080408.csv,IR_CD_header_logs/,3A 1822-371,CD,YALE-03A-0001,,4U1822-371,True,IR
binir080313.0320.fits,3A 1822-371,18:25:45.22,-37:06:19.5,2008-03-14,08:12:55.022,2454539.8423,30.04,1.37,B,J,1210,1908,1980,IR_CD_header_logs/LOG_3A 1822-371.20080313thru20080408.csv,IR_CD_header_logs/,3A 1822-371,CD,YALE-03A-0001,,4U1822-371,True,IR
binir080313.0305.fits,3A 1822-371,18:25:45.41,-37:06:19.0,2008-03-14,08:01:19.426,2454539.83425,30.05,1.43,B,J,1210,1868,2020,IR_CD_header_logs/LOG_3A 1822-371.20080313thru20080408.csv,IR_CD_header_logs/,3A 1822-371,CD,YALE-03A-0001,,4U1822-371,True,IR
binir080313.0319.fits,3A 1822-371,18:25:45.26,-37:06:19.4,2008-03-14,08:12:08.852,2454539.84177,30.04,1.38,B,J,1210,1868,2020,IR_CD_header_logs/LOG_3A 1822-371.20080313thru20080408.csv,IR_CD_header_logs/,3A 1822-371,CD,YALE-03A-0001,,4U1822-371,True,IR
binir080313.0318.fits,3A 1822-371,18:25:45.25,-37:06:19.3,2008-03-14,08:11:22.612,2454539.84123,30.05,1.38,B,J,1170,1908,2020,IR_CD_header_logs/LOG_3A 1822-371.20080313thru20080408.csv,IR_CD_header_logs/,3A 1822-371,CD,YALE-03A-0001,,4U1822-371,True,IR
binir080313.0316.fits,3A 1822-371,18:25:45.29,-37:06:19.3,2008-03-14,08:09:49.724,2454539.84016,30.05,1.39,B,J,1210,1828,2060,IR_CD_header_logs/LOG_3A 1822-371.20080313thru20080408.csv,IR_CD_header_logs/,3A 1822-371,CD,YALE-03A-0001,,4U1822-371,True,IR
binir080313.0308.fits,3A 1822-371,18:25:45.36,-37:06:19.0,2008-03-14,08:03:38.823,2454539.83587,30.04,1.42,B,J,1250,1828,2020,IR_CD_header_logs/LOG_3A 1822-371.20080313thru20080408.csv,IR_CD_header_logs/,3A 1822-371,CD,YALE-03A-0001,,4U1822-371,True,IR
binir080313.0315.fits,3A 1822-371,18:25:45.30,-37:06:19.2,2008-03-14,08:09:03.659,2454539.83963,30.04,1.39,B,J,1250,1828,2020,IR_CD_header_logs/LOG_3A 1822-371.20080313thru20080408.csv,IR_CD_header_logs/,3A 1822-371,CD,YALE-03A-0001,,4U1822-371,True,IR
binir080313.0314.fits,3A 1822-371,18:25:45.30,-37:06:19.3,2008-03-14,08:08:17.070,2454539.83908,30.05,1.39,B,J,1170,1868,2060,IR_CD_header_logs/LOG_3A 1822-371.20080313thru20080408.csv,IR_CD_header_logs/,3A 1822-371,CD,YALE-03A-0001,,4U1822-371,True,IR
binir080313.0313.fits,3A 1822-371,18:25:45.33,-37:06:19.1,2008-03-14,08:07:30.422,2454539.83855,30.05,1.4,B,J,1210,1908,1980,IR_CD_header_logs/LOG_3A 1822-371.20080313thru20080408.csv,IR_CD_header_logs/,3A 1822-371,CD,YALE-03A-0001,,4U1822-371,True,IR
binir080313.0312.fits,3A 1822-371,18:25:45.32,-37:06:19.3,2008-03-14,08:06:44.254,2454539.83801,30.05,1.4,B,J,1210,1868,2020,IR_CD_header_logs/LOG_3A 1822-371.20080313thru20080408.csv,IR_CD_header_logs/,3A 1822-371,CD,YALE-03A-0001,,4U1822-371,True,IR
binir080313.0311.fits,3A 1822-371,18:25:45.32,-37:06:19.1,2008-03-14,08:05:58.076,2454539.83748,30.05,1.4,B,J,1170,1908,2020,IR_CD_header_logs/LOG_3A 1822-371.20080313thru20080408.csv,IR_CD_header_logs/,3A 1822-371,CD,YALE-03A-0001,,4U1822-371,True,IR
binir080313.0310.fits,3A 1822-371,18:25:45.34,-37:06:19.0,2008-03-14,08:05:11.671,2454539.83694,30.05,1.41,B,J,1250,1868,1980,IR_CD_header_logs/LOG_3A 1822-371.20080313thru20080408.csv,IR_CD_header_logs/,3A 1822-371,CD,YALE-03A-0001,,4U1822-371,True,IR
binir080313.0309.fits,3A 1822-371,18:25:45.35,-37:06:19.0,2008-03-14,08:04:25.068,2454539.8364,30.05,1.41,B,J,1210,1828,2060,IR_CD_header_logs/LOG_3A 1822-371.20080313thru20080408.csv,IR_CD_header_logs/,3A 1822-371,CD,YALE-03A-0001,,4U1822-371,True,IR
binir080314.0231.fits,3A 1822-371,18:25:46.46,-37:06:17.0,2008-03-15,08:10:12.423,2454540.84042,30.05,1.37,I,K,1210,1868,2020,IR_CD_header_logs/LOG_3A 1822-371.20080313thru20080408.csv,IR_CD_header_logs/,3A 1822-371,CD,YALE-03A-0001,,4U1822-371,True,IR
binir080314.0204.fits,3A 1822-371,18:25:46.30,-37:06:18.4,2008-03-15,07:49:14.609,2454540.82586,30.04,1.47,B,J,1210,1868,2020,IR_CD_header_logs/LOG_3A 1822-371.20080313thru20080408.csv,IR_CD_header_logs/,3A 1822-371,CD,YALE-03A-0001,,4U1822-371,True,IR
binir080318.0313.fits,3A 1822-371,18:25:45.29,-37:06:25.4,2008-03-19,08:34:51.221,2454544.85754,30.04,1.22,I,K,1210,1828,2060,IR_CD_header_logs/LOG_3A 1822-371.20080313thru20080408.csv,IR_CD_header_logs/,3A 1822-371,CD,YALE-03A-0001,,4U1822-371,True,IR
binir080318.0335.fits,3A 1822-371,18:25:45.27,-37:06:26.3,2008-03-19,08:52:01.223,2454544.86946,30.05,1.17,V,H,1170,1908,2020,IR_CD_header_logs/LOG_3A 1822-371.20080313thru20080408.csv,IR_CD_header_logs/,3A 1822-371,CD,YALE-03A-0001,,4U1822-371,True,IR
binir080318.0290.fits,3A 1822-371,18:25:45.26,-37:06:23.5,2008-03-19,08:16:55.141,2454544.84508,30.04,1.28,B,J,1210,1908,1980,IR_CD_header_logs/LOG_3A 1822-371.20080313thru20080408.csv,IR_CD_header_logs/,3A 1822-371,CD,YALE-03A-0001,,4U1822-371,True,IR
binir080318.0289.fits,3A 1822-371,18:25:45.31,-37:06:23.5,2008-03-19,08:16:09.034,2454544.84455,30.04,1.28,B,J,1210,1868,2020,IR_CD_header_logs/LOG_3A 1822-371.20080313thru20080408.csv,IR_CD_header_logs/,3A 1822-371,CD,YALE-03A-0001,,4U1822-371,True,IR
binir080318.0317.fits,3A 1822-371,18:25:45.32,-37:06:26.0,2008-03-19,08:37:56.040,2454544.85968,30.04,1.21,I,K,1210,1908,1980,IR_CD_header_logs/LOG_3A 1822-371.20080313thru20080408.csv,IR_CD_header_logs/,3A 1822-371,CD,YALE-03A-0001,,4U1822-371,True,IR
binir080318.0348.fits,3A 1822-371,18:25:45.17,-37:06:26.5,2008-03-19,09:02:02.466,2454544.87642,30.04,1.15,V,H,1250,1868,1980,IR_CD_header_logs/LOG_3A 1822-371.20080313thru20080408.csv,IR_CD_header_logs/,3A 1822-371,CD,YALE-03A-0001,,4U1822-371,True,IR
binir080318.0319.fits,3A 1822-371,18:25:45.29,-37:06:26.1,2008-03-19,08:39:29.043,2454544.86075,30.04,1.21,I,K,1250,1828,2020,IR_CD_header_logs/LOG_3A 1822-371.20080313thru20080408.csv,IR_CD_header_logs/,3A 1822-371,CD,YALE-03A-0001,,4U1822-371,True,IR
binir080318.0334.fits,3A 1822-371,18:25:45.27,-37:06:26.2,2008-03-19,08:51:14.950,2454544.86892,30.05,1.17,V,H,1250,1868,1980,IR_CD_header_logs/LOG_3A 1822-371.20080313thru20080408.csv,IR_CD_header_logs/,3A 1822-371,CD,YALE-03A-0001,,4U1822-371,True,IR
binir080318.0347.fits,3A 1822-371,18:25:45.17,-37:06:26.6,2008-03-19,09:01:16.160,2454544.87588,30.04,1.15,V,H,1210,1828,2060,IR_CD_header_logs/LOG_3A 1822-371.20080313thru20080408.csv,IR_CD_header_logs/,3A 1822-371,CD,YALE-03A-0001,,4U1822-371,True,IR
binir080318.0346.fits,3A 1822-371,18:25:45.17,-37:06:26.5,2008-03-19,09:00:30.010,2454544.87535,30.04,1.15,V,H,1250,1828,2020,IR_CD_header_logs/LOG_3A 1822-371.20080313thru20080408.csv,IR_CD_header_logs/,3A 1822-371,CD,YALE-03A-0001,,4U1822-371,True,IR
binir080318.0345.fits,3A 1822-371,18:25:45.18,-37:06:26.5,2008-03-19,08:59:43.680,2454544.87481,30.05,1.15,V,H,1170,1868,2060,IR_CD_header_logs/LOG_3A 1822-371.20080313thru20080408.csv,IR_CD_header_logs/,3A 1822-371,CD,YALE-03A-0001,,4U1822-371,True,IR
binir080318.0344.fits,3A 1822-371,18:25:45.21,-37:06:26.5,2008-03-19,08:58:57.216,2454544.87427,30.05,1.16,V,H,1210,1908,1980,IR_CD_header_logs/LOG_3A 1822-371.20080313thru20080408.csv,IR_CD_header_logs/,3A 1822-371,CD,YALE-03A-0001,,4U1822-371,True,IR
binir080318.0343.fits,3A 1822-371,18:25:45.21,-37:06:26.2,2008-03-19,08:58:11.150,2454544.87374,30.04,1.16,V,H,1210,1868,2020,IR_CD_header_logs/LOG_3A 1822-371.20080313thru20080408.csv,IR_CD_header_logs/,3A 1822-371,CD,YALE-03A-0001,,4U1822-371,True,IR
binir080318.0342.fits,3A 1822-371,18:25:45.23,-37:06:26.3,2008-03-19,08:57:24.993,2454544.87321,30.05,1.16,V,H,1170,1908,2020,IR_CD_header_logs/LOG_3A 1822-371.20080313thru20080408.csv,IR_CD_header_logs/,3A 1822-371,CD,YALE-03A-0001,,4U1822-371,True,IR
binir080318.0341.fits,3A 1822-371,18:25:45.22,-37:06:26.3,2008-03-19,08:56:38.721,2454544.87267,30.04,1.16,V,H,1250,1868,1980,IR_CD_header_logs/LOG_3A 1822-371.20080313thru20080408.csv,IR_CD_header_logs/,3A 1822-371,CD,YALE-03A-0001,,4U1822-371,True,IR
binir080318.0340.fits,3A 1822-371,18:25:45.22,-37:06:26.3,2008-03-19,08:55:52.272,2454544.87213,30.04,1.16,V,H,1210,1828,2060,IR_CD_header_logs/LOG_3A 1822-371.20080313thru20080408.csv,IR_CD_header_logs/,3A 1822-371,CD,YALE-03A-0001,,4U1822-371,True,IR
binir080318.0339.fits,3A 1822-371,18:25:45.22,-37:06:26.4,2008-03-19,08:55:06.156,2454544.8716,30.04,1.17,V,H,1250,1828,2020,IR_CD_header_logs/LOG_3A 1822-371.20080313thru20080408.csv,IR_CD_header_logs/,3A 1822-371,CD,YALE-03A-0001,,4U1822-371,True,IR
binir080318.0338.fits,3A 1822-371,18:25:45.24,-37:06:26.1,2008-03-19,08:54:19.744,2454544.87106,30.04,1.17,V,H,1170,1868,2060,IR_CD_header_logs/LOG_3A 1822-371.20080313thru20080408.csv,IR_CD_header_logs/,3A 1822-371,CD,YALE-03A-0001,,4U1822-371,True,IR
binir080318.0337.fits,3A 1822-371,18:25:45.25,-37:06:26.4,2008-03-19,08:53:33.336,2454544.87053,30.04,1.17,V,H,1210,1908,1980,IR_CD_header_logs/LOG_3A 1822-371.20080313thru20080408.csv,IR_CD_header_logs/,3A 1822-371,CD,YALE-03A-0001,,4U1822-371,True,IR
binir080318.0291.fits,3A 1822-371,18:25:45.24,-37:06:23.5,2008-03-19,08:17:41.580,2454544.84562,30.04,1.28,B,J,1170,1868,2060,IR_CD_header_logs/LOG_3A 1822-371.20080313thru20080408.csv,IR_CD_header_logs/,3A 1822-371,CD,YALE-03A-0001,,4U1822-371,True,IR
binir080318.0292.fits,3A 1822-371,18:25:45.20,-37:06:23.5,2008-03-19,08:18:27.987,2454544.84616,30.04,1.27,B,J,1250,1828,2020,IR_CD_header_logs/LOG_3A 1822-371.20080313thru20080408.csv,IR_CD_header_logs/,3A 1822-371,CD,YALE-03A-0001,,4U1822-371,True,IR
binir080318.0293.fits,3A 1822-371,18:25:45.18,-37:06:23.8,2008-03-19,08:19:14.251,2454544.84669,30.04,1.27,B,J,1210,1828,2060,IR_CD_header_logs/LOG_3A 1822-371.20080313thru20080408.csv,IR_CD_header_logs/,3A 1822-371,CD,YALE-03A-0001,,4U1822-371,True,IR
binir080318.0318.fits,3A 1822-371,18:25:45.30,-37:06:26.5,2008-03-19,08:38:42.430,2454544.86021,30.05,1.21,I,K,1170,1868,2060,IR_CD_header_logs/LOG_3A 1822-371.20080313thru20080408.csv,IR_CD_header_logs/,3A 1822-371,CD,YALE-03A-0001,,4U1822-371,True,IR
binir080318.0311.fits,3A 1822-371,18:25:45.24,-37:06:25.2,2008-03-19,08:33:18.701,2454544.85647,30.04,1.22,I,K,1170,1868,2060,IR_CD_header_logs/LOG_3A 1822-371.20080313thru20080408.csv,IR_CD_header_logs/,3A 1822-371,CD,YALE-03A-0001,,4U1822-371,True,IR
binir080318.0312.fits,3A 1822-371,18:25:45.27,-37:06:25.3,2008-03-19,08:34:05.149,2454544.85701,30.04,1.22,I,K,1250,1828,2020,IR_CD_header_logs/LOG_3A 1822-371.20080313thru20080408.csv,IR_CD_header_logs/,3A 1822-371,CD,YALE-03A-0001,,4U1822-371,True,IR
binir080318.0303.fits,3A 1822-371,18:25:45.13,-37:06:24.4,2008-03-19,08:26:57.456,2454544.85206,30.04,1.24,B,J,1210,1868,2020,IR_CD_header_logs/LOG_3A 1822-371.20080313thru20080408.csv,IR_CD_header_logs/,3A 1822-371,CD,YALE-03A-0001,,4U1822-371,True,IR
binir080318.0314.fits,3A 1822-371,18:25:45.30,-37:06:25.3,2008-03-19,08:35:37.487,2454544.85807,30.04,1.22,I,K,1250,1868,1980,IR_CD_header_logs/LOG_3A 1822-371.20080313thru20080408.csv,IR_CD_header_logs/,3A 1822-371,CD,YALE-03A-0001,,4U1822-371,True,IR
binir080318.0315.fits,3A 1822-371,18:25:45.29,-37:06:25.6,2008-03-19,08:36:23.685,2454544.85861,30.04,1.22,I,K,1170,1908,2020,IR_CD_header_logs/LOG_3A 1822-371.20080313thru20080408.csv,IR_CD_header_logs/,3A 1822-371,CD,YALE-03A-0001,,4U1822-371,True,IR
binir080318.0316.fits,3A 1822-371,18:25:45.29,-37:06:25.8,2008-03-19,08:37:09.850,2454544.85914,30.05,1.21,I,K,1210,1868,2020,IR_CD_header_logs/LOG_3A 1822-371.20080313thru20080408.csv,IR_CD_header_logs/,3A 1822-371,CD,YALE-03A-0001,,4U1822-371,True,IR
binir080318.0304.fits,3A 1822-371,18:25:45.13,-37:06:24.5,2008-03-19,08:27:43.513,2454544.85259,30.05,1.24,B,J,1210,1908,1980,IR_CD_header_logs/LOG_3A 1822-371.20080313thru20080408.csv,IR_CD_header_logs/,3A 1822-371,CD,YALE-03A-0001,,4U1822-371,True,IR
binir080318.0302.fits,3A 1822-371,18:25:45.12,-37:06:24.4,2008-03-19,08:26:11.349,2454544.85152,30.04,1.25,B,J,1170,1908,2020,IR_CD_header_logs/LOG_3A 1822-371.20080313thru20080408.csv,IR_CD_header_logs/,3A 1822-371,CD,YALE-03A-0001,,4U1822-371,True,IR
binir080318.0294.fits,3A 1822-371,18:25:45.19,-37:06:23.7,2008-03-19,08:20:00.623,2454544.84723,30.04,1.27,B,J,1250,1868,1980,IR_CD_header_logs/LOG_3A 1822-371.20080313thru20080408.csv,IR_CD_header_logs/,3A 1822-371,CD,YALE-03A-0001,,4U1822-371,True,IR
binir080318.0301.fits,3A 1822-371,18:25:45.10,-37:06:24.2,2008-03-19,08:25:25.018,2454544.85099,30.04,1.25,B,J,1250,1868,1980,IR_CD_header_logs/LOG_3A 1822-371.20080313thru20080408.csv,IR_CD_header_logs/,3A 1822-371,CD,YALE-03A-0001,,4U1822-371,True,IR
binir080318.0300.fits,3A 1822-371,18:25:45.11,-37:06:24.2,2008-03-19,08:24:38.570,2454544.85045,30.04,1.25,B,J,1210,1828,2060,IR_CD_header_logs/LOG_3A 1822-371.20080313thru20080408.csv,IR_CD_header_logs/,3A 1822-371,CD,YALE-03A-0001,,4U1822-371,True,IR
binir080318.0299.fits,3A 1822-371,18:25:45.11,-37:06:24.1,2008-03-19,08:23:52.430,2454544.84991,30.04,1.25,B,J,1250,1828,2020,IR_CD_header_logs/LOG_3A 1822-371.20080313thru20080408.csv,IR_CD_header_logs/,3A 1822-371,CD,YALE-03A-0001,,4U1822-371,True,IR
binir080318.0298.fits,3A 1822-371,18:25:45.12,-37:06:23.9,2008-03-19,08:23:05.983,2454544.84938,30.04,1.26,B,J,1170,1868,2060,IR_CD_header_logs/LOG_3A 1822-371.20080313thru20080408.csv,IR_CD_header_logs/,3A 1822-371,CD,YALE-03A-0001,,4U1822-371,True,IR
binir080318.0297.fits,3A 1822-371,18:25:45.13,-37:06:23.6,2008-03-19,08:22:19.511,2454544.84884,30.04,1.26,B,J,1210,1908,1980,IR_CD_header_logs/LOG_3A 1822-371.20080313thru20080408.csv,IR_CD_header_logs/,3A 1822-371,CD,YALE-03A-0001,,4U1822-371,True,IR
binir080318.0296.fits,3A 1822-371,18:25:45.16,-37:06:24.0,2008-03-19,08:21:33.212,2454544.8483,30.05,1.26,B,J,1210,1868,2020,IR_CD_header_logs/LOG_3A 1822-371.20080313thru20080408.csv,IR_CD_header_logs/,3A 1822-371,CD,YALE-03A-0001,,4U1822-371,True,IR
binir080318.0295.fits,3A 1822-371,18:25:45.16,-37:06:24.0,2008-03-19,08:20:47.030,2454544.84777,30.04,1.26,B,J,1170,1908,2020,IR_CD_header_logs/LOG_3A 1822-371.20080313thru20080408.csv,IR_CD_header_logs/,3A 1822-371,CD,YALE-03A-0001,,4U1822-371,True,IR
binir080318.0336.fits,3A 1822-371,18:25:45.25,-37:06:26.1,2008-03-19,08:52:47.305,2454544.86999,30.04,1.17,V,H,1210,1868,2020,IR_CD_header_logs/LOG_3A 1822-371.20080313thru20080408.csv,IR_CD_header_logs/,3A 1822-371,CD,YALE-03A-0001,,4U1822-371,True,IR
binir080318.0320.fits,3A 1822-371,18:25:45.30,-37:06:26.3,2008-03-19,08:40:15.084,2454544.86129,30.04,1.2,I,K,1210,1828,2060,IR_CD_header_logs/LOG_3A 1822-371.20080313thru20080408.csv,IR_CD_header_logs/,3A 1822-371,CD,YALE-03A-0001,,4U1822-371,True,IR
binir080314.0205.fits,3A 1822-371,18:25:46.30,-37:06:18.2,2008-03-15,07:50:00.570,2454540.8264,30.05,1.47,B,J,1210,1908,1980,IR_CD_header_logs/LOG_3A 1822-371.20080313thru20080408.csv,IR_CD_header_logs/,3A 1822-371,CD,YALE-03A-0001,,4U1822-371,True,IR
binir080318.0333.fits,3A 1822-371,18:25:45.29,-37:06:26.1,2008-03-19,08:50:28.609,2454544.86839,30.05,1.18,V,H,1210,1828,2060,IR_CD_header_logs/LOG_3A 1822-371.20080313thru20080408.csv,IR_CD_header_logs/,3A 1822-371,CD,YALE-03A-0001,,4U1822-371,True,IR
binir080314.0226.fits,3A 1822-371,18:25:46.49,-37:06:16.9,2008-03-15,08:06:21.356,2454540.83775,30.04,1.38,I,K,1170,1868,2060,IR_CD_header_logs/LOG_3A 1822-371.20080313thru20080408.csv,IR_CD_header_logs/,3A 1822-371,CD,YALE-03A-0001,,4U1822-371,True,IR
binir080314.0227.fits,3A 1822-371,18:25:46.49,-37:06:17.0,2008-03-15,08:07:07.812,2454540.83829,30.05,1.38,I,K,1250,1828,2020,IR_CD_header_logs/LOG_3A 1822-371.20080313thru20080408.csv,IR_CD_header_logs/,3A 1822-371,CD,YALE-03A-0001,,4U1822-371,True,IR
binir080314.0228.fits,3A 1822-371,18:25:46.49,-37:06:16.9,2008-03-15,08:07:53.819,2454540.83882,30.04,1.38,I,K,1210,1828,2060,IR_CD_header_logs/LOG_3A 1822-371.20080313thru20080408.csv,IR_CD_header_logs/,3A 1822-371,CD,YALE-03A-0001,,4U1822-371,True,IR
binir080314.0229.fits,3A 1822-371,18:25:46.46,-37:06:17.9,2008-03-15,08:08:40.018,2454540.83935,30.04,1.37,I,K,1250,1868,1980,IR_CD_header_logs/LOG_3A 1822-371.20080313thru20080408.csv,IR_CD_header_logs/,3A 1822-371,CD,YALE-03A-0001,,4U1822-371,True,IR
binir080314.0217.fits,3A 1822-371,18:25:46.48,-37:06:17.4,2008-03-15,07:59:15.275,2454540.83282,30.04,1.42,B,J,1170,1908,2020,IR_CD_header_logs/LOG_3A 1822-371.20080313thru20080408.csv,IR_CD_header_logs/,3A 1822-371,CD,YALE-03A-0001,,4U1822-371,True,IR
binir080314.0218.fits,3A 1822-371,18:25:46.47,-37:06:17.2,2008-03-15,08:00:01.257,2454540.83335,30.05,1.41,B,J,1210,1868,2020,IR_CD_header_logs/LOG_3A 1822-371.20080313thru20080408.csv,IR_CD_header_logs/,3A 1822-371,CD,YALE-03A-0001,,4U1822-371,True,IR
binir080314.0211.fits,3A 1822-371,18:25:46.40,-37:06:17.7,2008-03-15,07:54:38.077,2454540.82961,30.04,1.44,B,J,1210,1868,2020,IR_CD_header_logs/LOG_3A 1822-371.20080313thru20080408.csv,IR_CD_header_logs/,3A 1822-371,CD,YALE-03A-0001,,4U1822-371,True,IR
binir080314.0216.fits,3A 1822-371,18:25:46.48,-37:06:17.3,2008-03-15,07:58:29.057,2454540.83228,30.04,1.42,B,J,1250,1868,1980,IR_CD_header_logs/LOG_3A 1822-371.20080313thru20080408.csv,IR_CD_header_logs/,3A 1822-371,CD,YALE-03A-0001,,4U1822-371,True,IR
binir080314.0215.fits,3A 1822-371,18:25:46.47,-37:06:17.4,2008-03-15,07:57:42.770,2454540.83175,30.04,1.43,B,J,1210,1828,2060,IR_CD_header_logs/LOG_3A 1822-371.20080313thru20080408.csv,IR_CD_header_logs/,3A 1822-371,CD,YALE-03A-0001,,4U1822-371,True,IR
binir080314.0214.fits,3A 1822-371,18:25:46.43,-37:06:17.2,2008-03-15,07:56:56.746,2454540.83121,30.05,1.43,B,J,1250,1828,2020,IR_CD_header_logs/LOG_3A 1822-371.20080313thru20080408.csv,IR_CD_header_logs/,3A 1822-371,CD,YALE-03A-0001,,4U1822-371,True,IR
binir080314.0213.fits,3A 1822-371,18:25:46.44,-37:06:17.6,2008-03-15,07:56:10.387,2454540.83068,30.05,1.43,B,J,1170,1868,2060,IR_CD_header_logs/LOG_3A 1822-371.20080313thru20080408.csv,IR_CD_header_logs/,3A 1822-371,CD,YALE-03A-0001,,4U1822-371,True,IR
binir080314.0212.fits,3A 1822-371,18:25:46.40,-37:06:17.5,2008-03-15,07:55:24.056,2454540.83014,30.04,1.44,B,J,1210,1908,1980,IR_CD_header_logs/LOG_3A 1822-371.20080313thru20080408.csv,IR_CD_header_logs/,3A 1822-371,CD,YALE-03A-0001,,4U1822-371,True,IR
binir080314.0210.fits,3A 1822-371,18:25:46.38,-37:06:17.9,2008-03-15,07:53:51.704,2454540.82907,30.04,1.45,B,J,1170,1908,2020,IR_CD_header_logs/LOG_3A 1822-371.20080313thru20080408.csv,IR_CD_header_logs/,3A 1822-371,CD,YALE-03A-0001,,4U1822-371,True,IR
binir080314.0209.fits,3A 1822-371,18:25:46.35,-37:06:17.9,2008-03-15,07:53:05.552,2454540.82854,30.04,1.45,B,J,1250,1868,1980,IR_CD_header_logs/LOG_3A 1822-371.20080313thru20080408.csv,IR_CD_header_logs/,3A 1822-371,CD,YALE-03A-0001,,4U1822-371,True,IR
binir080314.0208.fits,3A 1822-371,18:25:46.35,-37:06:17.9,2008-03-15,07:52:19.315,2454540.828,30.05,1.45,B,J,1210,1828,2060,IR_CD_header_logs/LOG_3A 1822-371.20080313thru20080408.csv,IR_CD_header_logs/,3A 1822-371,CD,YALE-03A-0001,,4U1822-371,True,IR
binir080314.0207.fits,3A 1822-371,18:25:46.32,-37:06:18.1,2008-03-15,07:51:33.286,2454540.82747,30.04,1.46,B,J,1250,1828,2020,IR_CD_header_logs/LOG_3A 1822-371.20080313thru20080408.csv,IR_CD_header_logs/,3A 1822-371,CD,YALE-03A-0001,,4U1822-371,True,IR
binir080314.0206.fits,3A 1822-371,18:25:46.31,-37:06:18.2,2008-03-15,07:50:46.873,2454540.82693,30.04,1.46,B,J,1170,1868,2060,IR_CD_header_logs/LOG_3A 1822-371.20080313thru20080408.csv,IR_CD_header_logs/,3A 1822-371,CD,YALE-03A-0001,,4U1822-371,True,IR
binir080314.0225.fits,3A 1822-371,18:25:46.49,-37:06:17.0,2008-03-15,08:05:35.050,2454540.83721,30.04,1.39,I,K,1210,1908,1980,IR_CD_header_logs/LOG_3A 1822-371.20080313thru20080408.csv,IR_CD_header_logs/,3A 1822-371,CD,YALE-03A-0001,,4U1822-371,True,IR
binir080314.0230.fits,3A 1822-371,18:25:46.47,-37:06:16.9,2008-03-15,08:09:26.345,2454540.83989,30.05,1.37,I,K,1170,1908,2020,IR_CD_header_logs/LOG_3A 1822-371.20080313thru20080408.csv,IR_CD_header_logs/,3A 1822-371,CD,YALE-03A-0001,,4U1822-371,True,IR
binir080314.0223.fits,3A 1822-371,18:25:46.50,-37:06:17.0,2008-03-15,08:03:52.205,2454540.83602,30.05,1.4,B,J,1250,1868,1980,IR_CD_header_logs/LOG_3A 1822-371.20080313thru20080408.csv,IR_CD_header_logs/,3A 1822-371,CD,YALE-03A-0001,,4U1822-371,True,IR
binir080318.0327.fits,3A 1822-371,18:25:45.37,-37:06:25.9,2008-03-19,08:45:38.855,2454544.86503,30.05,1.19,I,K,1210,1828,2060,IR_CD_header_logs/LOG_3A 1822-371.20080313thru20080408.csv,IR_CD_header_logs/,3A 1822-371,CD,YALE-03A-0001,,4U1822-371,True,IR
binir080318.0326.fits,3A 1822-371,18:25:45.37,-37:06:25.9,2008-03-19,08:44:52.830,2454544.8645,30.05,1.19,I,K,1250,1828,2020,IR_CD_header_logs/LOG_3A 1822-371.20080313thru20080408.csv,IR_CD_header_logs/,3A 1822-371,CD,YALE-03A-0001,,4U1822-371,True,IR
binir080318.0332.fits,3A 1822-371,18:25:45.28,-37:06:26.3,2008-03-19,08:49:42.620,2454544.86786,30.04,1.18,V,H,1250,1828,2020,IR_CD_header_logs/LOG_3A 1822-371.20080313thru20080408.csv,IR_CD_header_logs/,3A 1822-371,CD,YALE-03A-0001,,4U1822-371,True,IR
binir080318.0321.fits,3A 1822-371,18:25:45.33,-37:06:26.0,2008-03-19,08:41:01.375,2454544.86182,30.04,1.2,I,K,1250,1868,1980,IR_CD_header_logs/LOG_3A 1822-371.20080313thru20080408.csv,IR_CD_header_logs/,3A 1822-371,CD,YALE-03A-0001,,4U1822-371,True,IR
binir080318.0322.fits,3A 1822-371,18:25:45.32,-37:06:26.2,2008-03-19,08:41:47.646,2454544.86236,30.05,1.2,I,K,1170,1908,2020,IR_CD_header_logs/LOG_3A 1822-371.20080313thru20080408.csv,IR_CD_header_logs/,3A 1822-371,CD,YALE-03A-0001,,4U1822-371,True,IR
binir080318.0323.fits,3A 1822-371,18:25:45.35,-37:06:25.8,2008-03-19,08:42:33.745,2454544.86289,30.04,1.2,I,K,1210,1868,2020,IR_CD_header_logs/LOG_3A 1822-371.20080313thru20080408.csv,IR_CD_header_logs/,3A 1822-371,CD,YALE-03A-0001,,4U1822-371,True,IR
binir080318.0325.fits,3A 1822-371,18:25:45.38,-37:06:25.8,2008-03-19,08:44:06.450,2454544.86396,30.05,1.19,I,K,1170,1868,2060,IR_CD_header_logs/LOG_3A 1822-371.20080313thru20080408.csv,IR_CD_header_logs/,3A 1822-371,CD,YALE-03A-0001,,4U1822-371,True,IR
binir080318.0324.fits,3A 1822-371,18:25:45.38,-37:06:26.0,2008-03-19,08:43:19.994,2454544.86343,30.04,1.2,I,K,1210,1908,1980,IR_CD_header_logs/LOG_3A 1822-371.20080313thru20080408.csv,IR_CD_header_logs/,3A 1822-371,CD,YALE-03A-0001,,4U1822-371,True,IR
binir080318.0328.fits,3A 1822-371,18:25:45.34,-37:06:25.9,2008-03-19,08:46:25.211,2454544.86557,30.04,1.19,I,K,1250,1868,1980,IR_CD_header_logs/LOG_3A 1822-371.20080313thru20080408.csv,IR_CD_header_logs/,3A 1822-371,CD,YALE-03A-0001,,4U1822-371,True,IR
binir080314.0222.fits,3A 1822-371,18:25:46.49,-37:06:17.0,2008-03-15,08:03:05.965,2454540.83549,30.04,1.4,B,J,1210,1828,2060,IR_CD_header_logs/LOG_3A 1822-371.20080313thru20080408.csv,IR_CD_header_logs/,3A 1822-371,CD,YALE-03A-0001,,4U1822-371,True,IR
binir080318.0329.fits,3A 1822-371,18:25:45.33,-37:06:26.2,2008-03-19,08:47:23.603,2454544.86625,30.04,1.18,V,H,1210,1868,2020,IR_CD_header_logs/LOG_3A 1822-371.20080313thru20080408.csv,IR_CD_header_logs/,3A 1822-371,CD,YALE-03A-0001,,4U1822-371,True,IR
binir080318.0330.fits,3A 1822-371,18:25:45.33,-37:06:26.0,2008-03-19,08:48:09.674,2454544.86678,30.05,1.18,V,H,1210,1908,1980,IR_CD_header_logs/LOG_3A 1822-371.20080313thru20080408.csv,IR_CD_header_logs/,3A 1822-371,CD,YALE-03A-0001,,4U1822-371,True,IR
binir080318.0331.fits,3A 1822-371,18:25:45.31,-37:06:26.0,2008-03-19,08:48:56.114,2454544.86732,30.05,1.18,V,H,1170,1868,2060,IR_CD_header_logs/LOG_3A 1822-371.20080313thru20080408.csv,IR_CD_header_logs/,3A 1822-371,CD,YALE-03A-0001,,4U1822-371,True,IR
binir080314.0224.fits,3A 1822-371,18:25:46.49,-37:06:17.1,2008-03-15,08:04:49.131,2454540.83668,30.05,1.39,I,K,1210,1868,2020,IR_CD_header_logs/LOG_3A 1822-371.20080313thru20080408.csv,IR_CD_header_logs/,3A 1822-371,CD,YALE-03A-0001,,4U1822-371,True,IR
binir080314.0219.fits,3A 1822-371,18:25:46.49,-37:06:17.1,2008-03-15,08:00:47.269,2454540.83388,30.05,1.41,B,J,1210,1908,1980,IR_CD_header_logs/LOG_3A 1822-371.20080313thru20080408.csv,IR_CD_header_logs/,3A 1822-371,CD,YALE-03A-0001,,4U1822-371,True,IR
binir080314.0220.fits,3A 1822-371,18:25:46.49,-37:06:17.2,2008-03-15,08:01:33.645,2454540.83442,30.04,1.41,B,J,1170,1868,2060,IR_CD_header_logs/LOG_3A 1822-371.20080313thru20080408.csv,IR_CD_header_logs/,3A 1822-371,CD,YALE-03A-0001,,4U1822-371,True,IR
binir080314.0221.fits,3A 1822-371,18:25:46.48,-37:06:17.1,2008-03-15,08:02:19.976,2454540.83495,30.04,1.4,B,J,1250,1828,2020,IR_CD_header_logs/LOG_3A 1822-371.20080313thru20080408.csv,IR_CD_header_logs/,3A 1822-371,CD,YALE-03A-0001,,4U1822-371,True,IR
binir080406.0228.fits,3A 1822-371,18:25:46.74,-37:06:29.0,2008-04-07,06:29:41.345,2454563.77062,30.05,1.41,I,K,1170,1868,2060,IR_CD_header_logs/LOG_3A 1822-371.20080313thru20080408.csv,IR_CD_header_logs/,3A 1822-371,CD,YALE-03A-0001,,4U1822-371,True,IR
binir080406.0207.fits,3A 1822-371,18:25:46.46,-37:06:29.4,2008-04-07,06:13:18.570,2454563.75925,30.05,1.5,B,J,1210,1908,1980,IR_CD_header_logs/LOG_3A 1822-371.20080313thru20080408.csv,IR_CD_header_logs/,3A 1822-371,CD,YALE-03A-0001,,4U1822-371,True,IR
binir080406.0208.fits,3A 1822-371,18:25:46.46,-37:06:29.2,2008-04-07,06:14:05.077,2454563.75979,30.05,1.5,B,J,1170,1868,2060,IR_CD_header_logs/LOG_3A 1822-371.20080313thru20080408.csv,IR_CD_header_logs/,3A 1822-371,CD,YALE-03A-0001,,4U1822-371,True,IR
binir080406.0209.fits,3A 1822-371,18:25:46.48,-37:06:29.5,2008-04-07,06:14:51.471,2454563.76032,30.04,1.49,B,J,1250,1828,2020,IR_CD_header_logs/LOG_3A 1822-371.20080313thru20080408.csv,IR_CD_header_logs/,3A 1822-371,CD,YALE-03A-0001,,4U1822-371,True,IR
binir080407.0272.fits,3A 1822-371,18:25:46.69,-37:06:20.0,2008-04-08,07:34:41.297,2454564.81577,30.05,1.17,V,H,1250,1868,1980,IR_CD_header_logs/LOG_3A 1822-371.20080313thru20080408.csv,IR_CD_header_logs/,3A 1822-371,CD,YALE-03A-0001,,4U1822-371,True,IR
binir080407.0227.fits,3A 1822-371,18:25:46.55,-37:06:18.1,2008-04-08,06:59:29.430,2454564.79133,30.04,1.27,B,J,1210,1868,2020,IR_CD_header_logs/LOG_3A 1822-371.20080313thru20080408.csv,IR_CD_header_logs/,3A 1822-371,CD,YALE-03A-0001,,4U1822-371,True,IR
binir080407.0226.fits,3A 1822-371,18:25:46.57,-37:06:17.8,2008-04-08,06:58:43.447,2454564.7908,30.04,1.28,B,J,1170,1908,2020,IR_CD_header_logs/LOG_3A 1822-371.20080313thru20080408.csv,IR_CD_header_logs/,3A 1822-371,CD,YALE-03A-0001,,4U1822-371,True,IR
binir080407.0225.fits,3A 1822-371,18:25:46.60,-37:06:17.6,2008-04-08,06:57:57.190,2454564.79026,30.04,1.28,B,J,1250,1868,1980,IR_CD_header_logs/LOG_3A 1822-371.20080313thru20080408.csv,IR_CD_header_logs/,3A 1822-371,CD,YALE-03A-0001,,4U1822-371,True,IR
binir080407.0224.fits,3A 1822-371,18:25:46.64,-37:06:17.5,2008-04-08,06:57:10.843,2454564.78973,30.04,1.28,B,J,1210,1828,2060,IR_CD_header_logs/LOG_3A 1822-371.20080313thru20080408.csv,IR_CD_header_logs/,3A 1822-371,CD,YALE-03A-0001,,4U1822-371,True,IR
binir080407.0223.fits,3A 1822-371,18:25:46.66,-37:06:17.6,2008-04-08,06:56:24.785,2454564.78919,30.05,1.28,B,J,1250,1828,2020,IR_CD_header_logs/LOG_3A 1822-371.20080313thru20080408.csv,IR_CD_header_logs/,3A 1822-371,CD,YALE-03A-0001,,4U1822-371,True,IR
binir080407.0222.fits,3A 1822-371,18:25:46.72,-37:06:17.6,2008-04-08,06:55:38.379,2454564.78866,30.04,1.29,B,J,1170,1868,2060,IR_CD_header_logs/LOG_3A 1822-371.20080313thru20080408.csv,IR_CD_header_logs/,3A 1822-371,CD,YALE-03A-0001,,4U1822-371,True,IR
binir080407.0221.fits,3A 1822-371,18:25:46.76,-37:06:17.6,2008-04-08,06:54:51.939,2454564.78812,30.05,1.29,B,J,1210,1908,1980,IR_CD_header_logs/LOG_3A 1822-371.20080313thru20080408.csv,IR_CD_header_logs/,3A 1822-371,CD,YALE-03A-0001,,4U1822-371,True,IR
binir080407.0220.fits,3A 1822-371,18:25:46.81,-37:06:17.4,2008-04-08,06:54:05.824,2454564.78758,30.04,1.29,B,J,1210,1868,2020,IR_CD_header_logs/LOG_3A 1822-371.20080313thru20080408.csv,IR_CD_header_logs/,3A 1822-371,CD,YALE-03A-0001,,4U1822-371,True,IR
binir080407.0278.fits,3A 1822-371,18:25:46.68,-37:06:19.8,2008-04-08,07:39:18.789,2454564.81898,30.05,1.16,V,H,1210,1828,2060,IR_CD_header_logs/LOG_3A 1822-371.20080313thru20080408.csv,IR_CD_header_logs/,3A 1822-371,CD,YALE-03A-0001,,4U1822-371,True,IR
binir080407.0247.fits,3A 1822-371,18:25:46.55,-37:06:20.9,2008-04-08,07:15:13.895,2454564.80226,30.04,1.22,I,K,1210,1868,2020,IR_CD_header_logs/LOG_3A 1822-371.20080313thru20080408.csv,IR_CD_header_logs/,3A 1822-371,CD,YALE-03A-0001,,4U1822-371,True,IR
binir080407.0234.fits,3A 1822-371,18:25:46.44,-37:06:18.7,2008-04-08,07:05:02.401,2454564.79518,30.04,1.26,B,J,1210,1868,2020,IR_CD_header_logs/LOG_3A 1822-371.20080313thru20080408.csv,IR_CD_header_logs/,3A 1822-371,CD,YALE-03A-0001,,4U1822-371,True,IR
binir080407.0249.fits,3A 1822-371,18:25:46.59,-37:06:20.2,2008-04-08,07:16:46.463,2454564.80333,30.04,1.22,I,K,1170,1868,2060,IR_CD_header_logs/LOG_3A 1822-371.20080313thru20080408.csv,IR_CD_header_logs/,3A 1822-371,CD,YALE-03A-0001,,4U1822-371,True,IR
binir080407.0264.fits,3A 1822-371,18:25:46.69,-37:06:20.3,2008-04-08,07:28:31.626,2454564.81149,30.04,1.19,V,H,1210,1828,2060,IR_CD_header_logs/LOG_3A 1822-371.20080313thru20080408.csv,IR_CD_header_logs/,3A 1822-371,CD,YALE-03A-0001,,4U1822-371,True,IR
binir080407.0250.fits,3A 1822-371,18:25:46.59,-37:06:20.1,2008-04-08,07:17:32.761,2454564.80387,30.05,1.22,I,K,1250,1828,2020,IR_CD_header_logs/LOG_3A 1822-371.20080313thru20080408.csv,IR_CD_header_logs/,3A 1822-371,CD,YALE-03A-0001,,4U1822-371,True,IR
binir080407.0276.fits,3A 1822-371,18:25:46.68,-37:06:19.8,2008-04-08,07:37:46.259,2454564.81791,30.04,1.16,V,H,1170,1868,2060,IR_CD_header_logs/LOG_3A 1822-371.20080313thru20080408.csv,IR_CD_header_logs/,3A 1822-371,CD,YALE-03A-0001,,4U1822-371,True,IR
binir080407.0275.fits,3A 1822-371,18:25:46.68,-37:06:19.9,2008-04-08,07:36:59.838,2454564.81738,30.05,1.16,V,H,1210,1908,1980,IR_CD_header_logs/LOG_3A 1822-371.20080313thru20080408.csv,IR_CD_header_logs/,3A 1822-371,CD,YALE-03A-0001,,4U1822-371,True,IR
binir080407.0274.fits,3A 1822-371,18:25:46.68,-37:06:20.1,2008-04-08,07:36:13.668,2454564.81684,30.05,1.17,V,H,1210,1868,2020,IR_CD_header_logs/LOG_3A 1822-371.20080313thru20080408.csv,IR_CD_header_logs/,3A 1822-371,CD,YALE-03A-0001,,4U1822-371,True,IR
binir080407.0228.fits,3A 1822-371,18:25:46.54,-37:06:17.1,2008-04-08,07:00:15.537,2454564.79186,30.05,1.27,B,J,1210,1908,1980,IR_CD_header_logs/LOG_3A 1822-371.20080313thru20080408.csv,IR_CD_header_logs/,3A 1822-371,CD,YALE-03A-0001,,4U1822-371,True,IR
binir080407.0229.fits,3A 1822-371,18:25:46.54,-37:06:17.1,2008-04-08,07:00:15.537,2454564.79186,30.04,1.27,B,J,1170,1868,2060,IR_CD_header_logs/LOG_3A 1822-371.20080313thru20080408.csv,IR_CD_header_logs/,3A 1822-371,CD,YALE-03A-0001,,4U1822-371,True,IR
binir080407.0230.fits,3A 1822-371,18:25:46.48,-37:06:18.2,2008-04-08,07:01:57.904,2454564.79305,30.04,1.27,B,J,1250,1828,2020,IR_CD_header_logs/LOG_3A 1822-371.20080313thru20080408.csv,IR_CD_header_logs/,3A 1822-371,CD,YALE-03A-0001,,4U1822-371,True,IR
binir080407.0241.fits,3A 1822-371,18:25:46.49,-37:06:19.4,2008-04-08,07:10:36.612,2454564.79905,30.05,1.24,I,K,1210,1908,1980,IR_CD_header_logs/LOG_3A 1822-371.20080313thru20080408.csv,IR_CD_header_logs/,3A 1822-371,CD,YALE-03A-0001,,4U1822-371,True,IR
binir080407.0279.fits,3A 1822-371,18:25:46.67,-37:06:20.0,2008-04-08,07:40:04.988,2454564.81952,30.05,1.16,V,H,1250,1868,1980,IR_CD_header_logs/LOG_3A 1822-371.20080313thru20080408.csv,IR_CD_header_logs/,3A 1822-371,CD,YALE-03A-0001,,4U1822-371,True,IR
binir080407.0248.fits,3A 1822-371,18:25:46.58,-37:06:20.1,2008-04-08,07:16:00.027,2454564.80279,30.04,1.22,I,K,1210,1908,1980,IR_CD_header_logs/LOG_3A 1822-371.20080313thru20080408.csv,IR_CD_header_logs/,3A 1822-371,CD,YALE-03A-0001,,4U1822-371,True,IR
binir080407.0246.fits,3A 1822-371,18:25:46.53,-37:06:20.0,2008-04-08,07:14:27.799,2454564.80173,30.05,1.23,I,K,1170,1908,2020,IR_CD_header_logs/LOG_3A 1822-371.20080313thru20080408.csv,IR_CD_header_logs/,3A 1822-371,CD,YALE-03A-0001,,4U1822-371,True,IR
binir080407.0245.fits,3A 1822-371,18:25:46.52,-37:06:19.6,2008-04-08,07:13:41.543,2454564.80119,30.05,1.23,I,K,1250,1868,1980,IR_CD_header_logs/LOG_3A 1822-371.20080313thru20080408.csv,IR_CD_header_logs/,3A 1822-371,CD,YALE-03A-0001,,4U1822-371,True,IR
binir080407.0244.fits,3A 1822-371,18:25:46.51,-37:06:19.6,2008-04-08,07:12:55.424,2454564.80066,30.05,1.23,I,K,1210,1828,2060,IR_CD_header_logs/LOG_3A 1822-371.20080313thru20080408.csv,IR_CD_header_logs/,3A 1822-371,CD,YALE-03A-0001,,4U1822-371,True,IR
binir080407.0243.fits,3A 1822-371,18:25:46.47,-37:06:19.7,2008-04-08,07:12:09.291,2454564.80012,30.05,1.23,I,K,1250,1828,2020,IR_CD_header_logs/LOG_3A 1822-371.20080313thru20080408.csv,IR_CD_header_logs/,3A 1822-371,CD,YALE-03A-0001,,4U1822-371,True,IR
binir080407.0242.fits,3A 1822-371,18:25:46.50,-37:06:19.4,2008-04-08,07:11:22.952,2454564.79959,30.05,1.23,I,K,1170,1868,2060,IR_CD_header_logs/LOG_3A 1822-371.20080313thru20080408.csv,IR_CD_header_logs/,3A 1822-371,CD,YALE-03A-0001,,4U1822-371,True,IR
binir080407.0240.fits,3A 1822-371,18:25:46.46,-37:06:19.1,2008-04-08,07:09:50.717,2454564.79852,30.04,1.24,I,K,1210,1868,2020,IR_CD_header_logs/LOG_3A 1822-371.20080313thru20080408.csv,IR_CD_header_logs/,3A 1822-371,CD,YALE-03A-0001,,4U1822-371,True,IR
binir080407.0231.fits,3A 1822-371,18:25:46.49,-37:06:18.4,2008-04-08,07:02:43.971,2454564.79358,30.04,1.26,B,J,1210,1828,2060,IR_CD_header_logs/LOG_3A 1822-371.20080313thru20080408.csv,IR_CD_header_logs/,3A 1822-371,CD,YALE-03A-0001,,4U1822-371,True,IR
binir080407.0239.fits,3A 1822-371,18:25:46.45,-37:06:19.1,2008-04-08,07:08:53.762,2454564.79786,30.05,1.24,B,J,1250,1868,1980,IR_CD_header_logs/LOG_3A 1822-371.20080313thru20080408.csv,IR_CD_header_logs/,3A 1822-371,CD,YALE-03A-0001,,4U1822-371,True,IR
binir080407.0238.fits,3A 1822-371,18:25:46.43,-37:06:19.0,2008-04-08,07:08:07.537,2454564.79733,30.04,1.24,B,J,1210,1828,2060,IR_CD_header_logs/LOG_3A 1822-371.20080313thru20080408.csv,IR_CD_header_logs/,3A 1822-371,CD,YALE-03A-0001,,4U1822-371,True,IR
binir080407.0237.fits,3A 1822-371,18:25:46.44,-37:06:18.0,2008-04-08,07:07:21.223,2454564.79679,30.05,1.25,B,J,1250,1828,2020,IR_CD_header_logs/LOG_3A 1822-371.20080313thru20080408.csv,IR_CD_header_logs/,3A 1822-371,CD,YALE-03A-0001,,4U1822-371,True,IR
binir080407.0236.fits,3A 1822-371,18:25:46.45,-37:06:18.8,2008-04-08,07:06:34.647,2454564.79625,30.05,1.25,B,J,1170,1868,2060,IR_CD_header_logs/LOG_3A 1822-371.20080313thru20080408.csv,IR_CD_header_logs/,3A 1822-371,CD,YALE-03A-0001,,4U1822-371,True,IR
binir080407.0235.fits,3A 1822-371,18:25:46.43,-37:06:18.7,2008-04-08,07:05:48.326,2454564.79571,30.04,1.25,B,J,1210,1908,1980,IR_CD_header_logs/LOG_3A 1822-371.20080313thru20080408.csv,IR_CD_header_logs/,3A 1822-371,CD,YALE-03A-0001,,4U1822-371,True,IR
binir080407.0233.fits,3A 1822-371,18:25:46.45,-37:06:18.4,2008-04-08,07:04:16.510,2454564.79465,30.05,1.26,B,J,1170,1908,2020,IR_CD_header_logs/LOG_3A 1822-371.20080313thru20080408.csv,IR_CD_header_logs/,3A 1822-371,CD,YALE-03A-0001,,4U1822-371,True,IR
binir080407.0232.fits,3A 1822-371,18:25:46.48,-37:06:18.2,2008-04-08,07:03:30.287,2454564.79412,30.04,1.26,B,J,1250,1868,1980,IR_CD_header_logs/LOG_3A 1822-371.20080313thru20080408.csv,IR_CD_header_logs/,3A 1822-371,CD,YALE-03A-0001,,4U1822-371,True,IR
binir080407.0273.fits,3A 1822-371,18:25:46.67,-37:06:20.2,2008-04-08,07:35:27.662,2454564.81631,30.04,1.17,V,H,1170,1908,2020,IR_CD_header_logs/LOG_3A 1822-371.20080313thru20080408.csv,IR_CD_header_logs/,3A 1822-371,CD,YALE-03A-0001,,4U1822-371,True,IR
binir080407.0271.fits,3A 1822-371,18:25:46.68,-37:06:20.2,2008-04-08,07:33:55.043,2454564.81524,30.04,1.17,V,H,1210,1828,2060,IR_CD_header_logs/LOG_3A 1822-371.20080313thru20080408.csv,IR_CD_header_logs/,3A 1822-371,CD,YALE-03A-0001,,4U1822-371,True,IR
binir080407.0270.fits,3A 1822-371,18:25:46.68,-37:06:20.2,2008-04-08,07:33:08.991,2454564.8147,30.05,1.17,V,H,1250,1828,2020,IR_CD_header_logs/LOG_3A 1822-371.20080313thru20080408.csv,IR_CD_header_logs/,3A 1822-371,CD,YALE-03A-0001,,4U1822-371,True,IR
binir080406.0215.fits,3A 1822-371,18:25:46.55,-37:06:29.2,2008-04-07,06:19:28.919,2454563.76354,30.04,1.47,B,J,1170,1868,2060,IR_CD_header_logs/LOG_3A 1822-371.20080313thru20080408.csv,IR_CD_header_logs/,3A 1822-371,CD,YALE-03A-0001,,4U1822-371,True,IR
binir080406.0216.fits,3A 1822-371,18:25:46.59,-37:06:29.4,2008-04-07,06:20:15.434,2454563.76407,30.05,1.46,B,J,1250,1828,2020,IR_CD_header_logs/LOG_3A 1822-371.20080313thru20080408.csv,IR_CD_header_logs/,3A 1822-371,CD,YALE-03A-0001,,4U1822-371,True,IR
binir080406.0217.fits,3A 1822-371,18:25:46.60,-37:06:29.2,2008-04-07,06:21:01.569,2454563.76461,30.04,1.46,B,J,1210,1828,2060,IR_CD_header_logs/LOG_3A 1822-371.20080313thru20080408.csv,IR_CD_header_logs/,3A 1822-371,CD,YALE-03A-0001,,4U1822-371,True,IR
binir080406.0218.fits,3A 1822-371,18:25:46.60,-37:06:29.2,2008-04-07,06:21:47.914,2454563.76514,30.04,1.45,B,J,1250,1868,1980,IR_CD_header_logs/LOG_3A 1822-371.20080313thru20080408.csv,IR_CD_header_logs/,3A 1822-371,CD,YALE-03A-0001,,4U1822-371,True,IR
binir080406.0219.fits,3A 1822-371,18:25:46.62,-37:06:29.4,2008-04-07,06:22:45.352,2454563.76581,30.05,1.45,I,K,1210,1868,2020,IR_CD_header_logs/LOG_3A 1822-371.20080313thru20080408.csv,IR_CD_header_logs/,3A 1822-371,CD,YALE-03A-0001,,4U1822-371,True,IR
binir080406.0223.fits,3A 1822-371,18:25:46.69,-37:06:29.2,2008-04-07,06:25:50.192,2454563.76795,30.04,1.43,I,K,1210,1828,2060,IR_CD_header_logs/LOG_3A 1822-371.20080313thru20080408.csv,IR_CD_header_logs/,3A 1822-371,CD,YALE-03A-0001,,4U1822-371,True,IR
binir080406.0221.fits,3A 1822-371,18:25:46.66,-37:06:29.2,2008-04-07,06:24:17.865,2454563.76688,30.04,1.44,I,K,1170,1868,2060,IR_CD_header_logs/LOG_3A 1822-371.20080313thru20080408.csv,IR_CD_header_logs/,3A 1822-371,CD,YALE-03A-0001,,4U1822-371,True,IR
binir080406.0222.fits,3A 1822-371,18:25:46.68,-37:06:29.1,2008-04-07,06:25:04.214,2454563.76742,30.04,1.44,I,K,1250,1828,2020,IR_CD_header_logs/LOG_3A 1822-371.20080313thru20080408.csv,IR_CD_header_logs/,3A 1822-371,CD,YALE-03A-0001,,4U1822-371,True,IR
binir080406.0224.fits,3A 1822-371,18:25:46.67,-37:06:29.3,2008-04-07,06:26:36.502,2454563.76848,30.04,1.43,I,K,1250,1868,1980,IR_CD_header_logs/LOG_3A 1822-371.20080313thru20080408.csv,IR_CD_header_logs/,3A 1822-371,CD,YALE-03A-0001,,4U1822-371,True,IR
binir080406.0225.fits,3A 1822-371,18:25:46.71,-37:06:29.0,2008-04-07,06:27:22.825,2454563.76902,30.05,1.43,I,K,1170,1908,2020,IR_CD_header_logs/LOG_3A 1822-371.20080313thru20080408.csv,IR_CD_header_logs/,3A 1822-371,CD,YALE-03A-0001,,4U1822-371,True,IR
binir080406.0226.fits,3A 1822-371,18:25:46.71,-37:06:28.9,2008-04-07,06:28:08.855,2454563.76955,30.04,1.42,I,K,1210,1868,2020,IR_CD_header_logs/LOG_3A 1822-371.20080313thru20080408.csv,IR_CD_header_logs/,3A 1822-371,CD,YALE-03A-0001,,4U1822-371,True,IR
binir080406.0213.fits,3A 1822-371,18:25:46.52,-37:06:29.2,2008-04-07,06:17:56.364,2454563.76246,30.05,1.47,B,J,1210,1868,2020,IR_CD_header_logs/LOG_3A 1822-371.20080313thru20080408.csv,IR_CD_header_logs/,3A 1822-371,CD,YALE-03A-0001,,4U1822-371,True,IR
binir080406.0214.fits,3A 1822-371,18:25:46.54,-37:06:29.2,2008-04-07,06:18:42.488,2454563.763,30.04,1.47,B,J,1210,1908,1980,IR_CD_header_logs/LOG_3A 1822-371.20080313thru20080408.csv,IR_CD_header_logs/,3A 1822-371,CD,YALE-03A-0001,,4U1822-371,True,IR
binir080406.0206.fits,3A 1822-371,18:25:46.42,-37:06:29.5,2008-04-07,06:12:32.538,2454563.75872,30.04,1.51,B,J,1210,1868,2020,IR_CD_header_logs/LOG_3A 1822-371.20080313thru20080408.csv,IR_CD_header_logs/,3A 1822-371,CD,YALE-03A-0001,,4U1822-371,True,IR
binir080406.0212.fits,3A 1822-371,18:25:46.53,-37:06:29.3,2008-04-07,06:17:10.174,2454563.76193,30.04,1.48,B,J,1170,1908,2020,IR_CD_header_logs/LOG_3A 1822-371.20080313thru20080408.csv,IR_CD_header_logs/,3A 1822-371,CD,YALE-03A-0001,,4U1822-371,True,IR
binir080406.0211.fits,3A 1822-371,18:25:46.50,-37:06:29.3,2008-04-07,06:16:23.793,2454563.76139,30.05,1.48,B,J,1250,1868,1980,IR_CD_header_logs/LOG_3A 1822-371.20080313thru20080408.csv,IR_CD_header_logs/,3A 1822-371,CD,YALE-03A-0001,,4U1822-371,True,IR
binir080406.0210.fits,3A 1822-371,18:25:46.48,-37:06:29.5,2008-04-07,06:15:37.498,2454563.76086,30.04,1.49,B,J,1210,1828,2060,IR_CD_header_logs/LOG_3A 1822-371.20080313thru20080408.csv,IR_CD_header_logs/,3A 1822-371,CD,YALE-03A-0001,,4U1822-371,True,IR
binir080406.0220.fits,3A 1822-371,18:25:46.65,-37:06:29.1,2008-04-07,06:23:31.397,2454563.76634,30.04,1.45,I,K,1210,1908,1980,IR_CD_header_logs/LOG_3A 1822-371.20080313thru20080408.csv,IR_CD_header_logs/,3A 1822-371,CD,YALE-03A-0001,,4U1822-371,True,IR
binir080407.0259.fits,3A 1822-371,18:25:46.69,-37:06:20.4,2008-04-08,07:24:28.595,2454564.80868,30.05,1.2,I,K,1250,1868,1980,IR_CD_header_logs/LOG_3A 1822-371.20080313thru20080408.csv,IR_CD_header_logs/,3A 1822-371,CD,YALE-03A-0001,,4U1822-371,True,IR
binir080407.0262.fits,3A 1822-371,18:25:46.70,-37:06:20.3,2008-04-08,07:26:59.150,2454564.81042,30.04,1.19,V,H,1170,1868,2060,IR_CD_header_logs/LOG_3A 1822-371.20080313thru20080408.csv,IR_CD_header_logs/,3A 1822-371,CD,YALE-03A-0001,,4U1822-371,True,IR
binir080407.0257.fits,3A 1822-371,18:25:46.65,-37:06:20.7,2008-04-08,07:22:56.023,2454564.80761,30.05,1.2,I,K,1250,1828,2020,IR_CD_header_logs/LOG_3A 1822-371.20080313thru20080408.csv,IR_CD_header_logs/,3A 1822-371,CD,YALE-03A-0001,,4U1822-371,True,IR
binir080407.0269.fits,3A 1822-371,18:25:46.68,-37:06:20.1,2008-04-08,07:32:22.741,2454564.81417,30.04,1.18,V,H,1170,1868,2060,IR_CD_header_logs/LOG_3A 1822-371.20080313thru20080408.csv,IR_CD_header_logs/,3A 1822-371,CD,YALE-03A-0001,,4U1822-371,True,IR
binir080407.0268.fits,3A 1822-371,18:25:46.68,-37:06:20.4,2008-04-08,07:31:36.201,2454564.81363,30.05,1.18,V,H,1210,1908,1980,IR_CD_header_logs/LOG_3A 1822-371.20080313thru20080408.csv,IR_CD_header_logs/,3A 1822-371,CD,YALE-03A-0001,,4U1822-371,True,IR
binir080407.0267.fits,3A 1822-371,18:25:46.70,-37:06:20.1,2008-04-08,07:30:50.046,2454564.8131,30.04,1.18,V,H,1210,1868,2020,IR_CD_header_logs/LOG_3A 1822-371.20080313thru20080408.csv,IR_CD_header_logs/,3A 1822-371,CD,YALE-03A-0001,,4U1822-371,True,IR
binir080407.0266.fits,3A 1822-371,18:25:46.71,-37:06:20.2,2008-04-08,07:30:04.029,2454564.81256,30.04,1.18,V,H,1170,1908,2020,IR_CD_header_logs/LOG_3A 1822-371.20080313thru20080408.csv,IR_CD_header_logs/,3A 1822-371,CD,YALE-03A-0001,,4U1822-371,True,IR
binir080407.0265.fits,3A 1822-371,18:25:46.73,-37:06:20.2,2008-04-08,07:29:17.787,2454564.81203,30.05,1.18,V,H,1250,1868,1980,IR_CD_header_logs/LOG_3A 1822-371.20080313thru20080408.csv,IR_CD_header_logs/,3A 1822-371,CD,YALE-03A-0001,,4U1822-371,True,IR
binir080407.0277.fits,3A 1822-371,18:25:46.67,-37:06:20.0,2008-04-08,07:38:32.714,2454564.81845,30.04,1.16,V,H,1250,1828,2020,IR_CD_header_logs/LOG_3A 1822-371.20080313thru20080408.csv,IR_CD_header_logs/,3A 1822-371,CD,YALE-03A-0001,,4U1822-371,True,IR
binir080407.0263.fits,3A 1822-371,18:25:46.69,-37:06:20.3,2008-04-08,07:27:45.556,2454564.81096,30.05,1.19,V,H,1250,1828,2020,IR_CD_header_logs/LOG_3A 1822-371.20080313thru20080408.csv,IR_CD_header_logs/,3A 1822-371,CD,YALE-03A-0001,,4U1822-371,True,IR
binir080407.0252.fits,3A 1822-371,18:25:46.60,-37:06:20.7,2008-04-08,07:19:05.004,2454564.80494,30.04,1.21,I,K,1250,1868,1980,IR_CD_header_logs/LOG_3A 1822-371.20080313thru20080408.csv,IR_CD_header_logs/,3A 1822-371,CD,YALE-03A-0001,,4U1822-371,True,IR
binir080407.0261.fits,3A 1822-371,18:25:46.71,-37:06:20.2,2008-04-08,07:26:12.772,2454564.80989,30.05,1.19,V,H,1210,1908,1980,IR_CD_header_logs/LOG_3A 1822-371.20080313thru20080408.csv,IR_CD_header_logs/,3A 1822-371,CD,YALE-03A-0001,,4U1822-371,True,IR
binir080407.0253.fits,3A 1822-371,18:25:46.59,-37:06:21.0,2008-04-08,07:19:51.287,2454564.80547,30.05,1.21,I,K,1170,1908,2020,IR_CD_header_logs/LOG_3A 1822-371.20080313thru20080408.csv,IR_CD_header_logs/,3A 1822-371,CD,YALE-03A-0001,,4U1822-371,True,IR
binir080407.0254.fits,3A 1822-371,18:25:46.58,-37:06:20.9,2008-04-08,07:20:37.202,2454564.806,30.05,1.21,I,K,1210,1868,2020,IR_CD_header_logs/LOG_3A 1822-371.20080313thru20080408.csv,IR_CD_header_logs/,3A 1822-371,CD,YALE-03A-0001,,4U1822-371,True,IR
binir080407.0255.fits,3A 1822-371,18:25:46.60,-37:06:21.0,2008-04-08,07:21:23.168,2454564.80653,30.05,1.2,I,K,1210,1908,1980,IR_CD_header_logs/LOG_3A 1822-371.20080313thru20080408.csv,IR_CD_header_logs/,3A 1822-371,CD,YALE-03A-0001,,4U1822-371,True,IR
binir080407.0256.fits,3A 1822-371,18:25:46.63,-37:06:21.0,2008-04-08,07:22:09.534,2454564.80707,30.05,1.2,I,K,1170,1868,2060,IR_CD_header_logs/LOG_3A 1822-371.20080313thru20080408.csv,IR_CD_header_logs/,3A 1822-371,CD,YALE-03A-0001,,4U1822-371,True,IR
binir080407.0251.fits,3A 1822-371,18:25:46.59,-37:06:20.6,2008-04-08,07:18:18.781,2454564.8044,30.04,1.21,I,K,1210,1828,2060,IR_CD_header_logs/LOG_3A 1822-371.20080313thru20080408.csv,IR_CD_header_logs/,3A 1822-371,CD,YALE-03A-0001,,4U1822-371,True,IR
binir080407.0258.fits,3A 1822-371,18:25:46.65,-37:06:20.6,2008-04-08,07:23:42.255,2454564.80815,30.05,1.2,I,K,1210,1828,2060,IR_CD_header_logs/LOG_3A 1822-371.20080313thru20080408.csv,IR_CD_header_logs/,3A 1822-371,CD,YALE-03A-0001,,4U1822-371,True,IR
binir080407.0260.fits,3A 1822-371,18:25:46.70,-37:06:20.4,2008-04-08,07:25:26.732,2454564.80935,30.04,1.19,V,H,1210,1868,2020,IR_CD_header_logs/LOG_3A 1822-371.20080313thru20080408.csv,IR_CD_header_logs/,3A 1822-371,CD,YALE-03A-0001,,4U1822-371,True,IR
binir080313.0342.fits,3A 1822-371,18:25:45.08,-37:06:19.2,2008-03-14,08:30:07.899,2454539.85426,30.04,1.3,I,K,1250,1828,2020,IR_CD_header_logs/LOG_3A 1822-371.20080313thru20080408.csv,IR_CD_header_logs/,3A 1822-371,CD,YALE-03A-0001,,4U1822-371,True,IR
binir080313.0348.fits,3A 1822-371,18:25:44.89,-37:06:20.1,2008-03-14,08:34:59.020,2454539.85763,30.04,1.28,V,H,1250,1828,2020,IR_CD_header_logs/LOG_3A 1822-371.20080313thru20080408.csv,IR_CD_header_logs/,3A 1822-371,CD,YALE-03A-0001,,4U1822-371,True,IR
binir080313.0338.fits,3A 1822-371,18:25:45.17,-37:06:19.0,2008-03-14,08:27:02.261,2454539.85211,30.04,1.31,I,K,1170,1908,2020,IR_CD_header_logs/LOG_3A 1822-371.20080313thru20080408.csv,IR_CD_header_logs/,3A 1822-371,CD,YALE-03A-0001,,4U1822-371,True,IR
binir080313.0339.fits,3A 1822-371,18:25:45.14,-37:06:19.0,2008-03-14,08:27:48.588,2454539.85265,30.04,1.31,I,K,1210,1868,2020,IR_CD_header_logs/LOG_3A 1822-371.20080313thru20080408.csv,IR_CD_header_logs/,3A 1822-371,CD,YALE-03A-0001,,4U1822-371,True,IR
binir080312.0364.fits,3A 1822-371,18:25:45.79,-37:06:20.6,2008-03-13,09:15:03.942,2454538.88547,30.05,1.17,V,H,1210,1828,2060,IR_CD_header_logs/LOG_3A 1822-371.20080313thru20080408.csv,IR_CD_header_logs/,3A 1822-371,CD,YALE-03A-0001,,4U1822-371,True,IR
binir080312.0336.fits,3A 1822-371,18:25:45.85,-37:06:18.6,2008-03-13,08:53:09.418,2454538.87025,30.05,1.24,B,J,1170,1868,2060,IR_CD_header_logs/LOG_3A 1822-371.20080313thru20080408.csv,IR_CD_header_logs/,3A 1822-371,CD,YALE-03A-0001,,4U1822-371,True,IR
binir080312.0344.fits,3A 1822-371,18:25:45.88,-37:06:20.0,2008-03-13,08:59:29.812,2454538.87466,30.05,1.22,I,K,1210,1828,2060,IR_CD_header_logs/LOG_3A 1822-371.20080313thru20080408.csv,IR_CD_header_logs/,3A 1822-371,CD,YALE-03A-0001,,4U1822-371,True,IR
binir080312.0321.fits,3A 1822-371,18:25:45.89,-37:06:17.0,2008-03-13,08:41:36.692,2454538.86224,30.04,1.27,B,J,1210,1908,1980,IR_CD_header_logs/LOG_3A 1822-371.20080313thru20080408.csv,IR_CD_header_logs/,3A 1822-371,CD,YALE-03A-0001,,4U1822-371,True,IR
binir080312.0334.fits,3A 1822-371,18:25:45.81,-37:06:18.4,2008-03-13,08:51:37.196,2454538.86919,30.05,1.24,B,J,1210,1868,2020,IR_CD_header_logs/LOG_3A 1822-371.20080313thru20080408.csv,IR_CD_header_logs/,3A 1822-371,CD,YALE-03A-0001,,4U1822-371,True,IR
binir080312.0333.fits,3A 1822-371,18:25:45.83,-37:06:18.3,2008-03-13,08:50:51.055,2454538.86865,30.04,1.24,B,J,1170,1908,2020,IR_CD_header_logs/LOG_3A 1822-371.20080313thru20080408.csv,IR_CD_header_logs/,3A 1822-371,CD,YALE-03A-0001,,4U1822-371,True,IR
binir080312.0332.fits,3A 1822-371,18:25:45.85,-37:06:17.8,2008-03-13,08:50:04.848,2454538.86812,30.04,1.25,B,J,1250,1868,1980,IR_CD_header_logs/LOG_3A 1822-371.20080313thru20080408.csv,IR_CD_header_logs/,3A 1822-371,CD,YALE-03A-0001,,4U1822-371,True,IR
binir080312.0331.fits,3A 1822-371,18:25:45.83,-37:06:17.7,2008-03-13,08:49:18.670,2454538.86758,30.05,1.25,B,J,1210,1828,2060,IR_CD_header_logs/LOG_3A 1822-371.20080313thru20080408.csv,IR_CD_header_logs/,3A 1822-371,CD,YALE-03A-0001,,4U1822-371,True,IR
binir080312.0330.fits,3A 1822-371,18:25:45.83,-37:06:17.6,2008-03-13,08:48:32.775,2454538.86705,30.04,1.25,B,J,1250,1828,2020,IR_CD_header_logs/LOG_3A 1822-371.20080313thru20080408.csv,IR_CD_header_logs/,3A 1822-371,CD,YALE-03A-0001,,4U1822-371,True,IR
binir080312.0329.fits,3A 1822-371,18:25:45.80,-37:06:17.4,2008-03-13,08:47:46.326,2454538.86651,30.05,1.25,B,J,1170,1868,2060,IR_CD_header_logs/LOG_3A 1822-371.20080313thru20080408.csv,IR_CD_header_logs/,3A 1822-371,CD,YALE-03A-0001,,4U1822-371,True,IR
binir080312.0328.fits,3A 1822-371,18:25:45.83,-37:06:17.3,2008-03-13,08:47:00.042,2454538.86598,30.05,1.26,B,J,1210,1908,1980,IR_CD_header_logs/LOG_3A 1822-371.20080313thru20080408.csv,IR_CD_header_logs/,3A 1822-371,CD,YALE-03A-0001,,4U1822-371,True,IR
binir080312.0327.fits,3A 1822-371,18:25:45.84,-37:06:17.2,2008-03-13,08:46:14.000,2454538.86545,30.04,1.26,B,J,1210,1868,2020,IR_CD_header_logs/LOG_3A 1822-371.20080313thru20080408.csv,IR_CD_header_logs/,3A 1822-371,CD,YALE-03A-0001,,4U1822-371,True,IR
binir080312.0326.fits,3A 1822-371,18:25:45.86,-37:06:17.2,2008-03-13,08:45:27.955,2454538.86491,30.04,1.26,B,J,1170,1908,2020,IR_CD_header_logs/LOG_3A 1822-371.20080313thru20080408.csv,IR_CD_header_logs/,3A 1822-371,CD,YALE-03A-0001,,4U1822-371,True,IR
binir080312.0325.fits,3A 1822-371,18:25:45.85,-37:06:17.0,2008-03-13,08:44:41.615,2454538.86438,30.04,1.26,B,J,1250,1868,1980,IR_CD_header_logs/LOG_3A 1822-371.20080313thru20080408.csv,IR_CD_header_logs/,3A 1822-371,CD,YALE-03A-0001,,4U1822-371,True,IR
binir080312.0324.fits,3A 1822-371,18:25:45.85,-37:06:17.0,2008-03-13,08:43:55.354,2454538.86384,30.04,1.27,B,J,1210,1828,2060,IR_CD_header_logs/LOG_3A 1822-371.20080313thru20080408.csv,IR_CD_header_logs/,3A 1822-371,CD,YALE-03A-0001,,4U1822-371,True,IR
binir080312.0323.fits,3A 1822-371,18:25:45.88,-37:06:17.0,2008-03-13,08:43:09.293,2454538.86331,30.05,1.27,B,J,1250,1828,2020,IR_CD_header_logs/LOG_3A 1822-371.20080313thru20080408.csv,IR_CD_header_logs/,3A 1822-371,CD,YALE-03A-0001,,4U1822-371,True,IR
binir080312.0322.fits,3A 1822-371,18:25:45.89,-37:06:16.9,2008-03-13,08:42:22.969,2454538.86277,30.05,1.27,B,J,1170,1868,2060,IR_CD_header_logs/LOG_3A 1822-371.20080313thru20080408.csv,IR_CD_header_logs/,3A 1822-371,CD,YALE-03A-0001,,4U1822-371,True,IR
binir080312.0349.fits,3A 1822-371,18:25:45.80,-37:06:21.0,2008-03-13,09:03:20.539,2454538.87733,30.05,1.21,I,K,1170,1868,2060,IR_CD_header_logs/LOG_3A 1822-371.20080313thru20080408.csv,IR_CD_header_logs/,3A 1822-371,CD,YALE-03A-0001,,4U1822-371,True,IR
binir080312.0337.fits,3A 1822-371,18:25:45.85,-37:06:18.8,2008-03-13,08:53:55.699,2454538.87079,30.04,1.23,B,J,1250,1828,2020,IR_CD_header_logs/LOG_3A 1822-371.20080313thru20080408.csv,IR_CD_header_logs/,3A 1822-371,CD,YALE-03A-0001,,4U1822-371,True,IR
binir080312.0338.fits,3A 1822-371,18:25:45.86,-37:06:18.9,2008-03-13,08:54:41.726,2454538.87132,30.05,1.23,B,J,1210,1828,2060,IR_CD_header_logs/LOG_3A 1822-371.20080313thru20080408.csv,IR_CD_header_logs/,3A 1822-371,CD,YALE-03A-0001,,4U1822-371,True,IR
binir080312.0339.fits,3A 1822-371,18:25:45.88,-37:06:19.0,2008-03-13,08:55:28.105,2454538.87186,30.04,1.23,B,J,1250,1868,1980,IR_CD_header_logs/LOG_3A 1822-371.20080313thru20080408.csv,IR_CD_header_logs/,3A 1822-371,CD,YALE-03A-0001,,4U1822-371,True,IR
binir080313.0345.fits,3A 1822-371,18:25:44.98,-37:06:19.7,2008-03-14,08:32:39.984,2454539.85602,30.04,1.29,V,H,1210,1868,2020,IR_CD_header_logs/LOG_3A 1822-371.20080313thru20080408.csv,IR_CD_header_logs/,3A 1822-371,CD,YALE-03A-0001,,4U1822-371,True,IR
binir080313.0340.fits,3A 1822-371,18:25:45.12,-37:06:19.2,2008-03-14,08:28:34.767,2454539.85318,30.05,1.31,I,K,1210,1908,1980,IR_CD_header_logs/LOG_3A 1822-371.20080313thru20080408.csv,IR_CD_header_logs/,3A 1822-371,CD,YALE-03A-0001,,4U1822-371,True,IR
binir080313.0341.fits,3A 1822-371,18:25:45.09,-37:06:19.3,2008-03-14,08:29:21.331,2454539.85372,30.04,1.3,I,K,1170,1868,2060,IR_CD_header_logs/LOG_3A 1822-371.20080313thru20080408.csv,IR_CD_header_logs/,3A 1822-371,CD,YALE-03A-0001,,4U1822-371,True,IR
binir080313.0337.fits,3A 1822-371,18:25:45.21,-37:06:19.0,2008-03-14,08:26:15.634,2454539.85157,30.04,1.32,I,K,1250,1868,1980,IR_CD_header_logs/LOG_3A 1822-371.20080313thru20080408.csv,IR_CD_header_logs/,3A 1822-371,CD,YALE-03A-0001,,4U1822-371,True,IR
binir080313.0343.fits,3A 1822-371,18:25:45.06,-37:06:19.3,2008-03-14,08:30:54.106,2454539.85479,30.04,1.3,I,K,1210,1828,2060,IR_CD_header_logs/LOG_3A 1822-371.20080313thru20080408.csv,IR_CD_header_logs/,3A 1822-371,CD,YALE-03A-0001,,4U1822-371,True,IR
binir080313.0346.fits,3A 1822-371,18:25:44.94,-37:06:19.7,2008-03-14,08:33:26.154,2454539.85655,30.05,1.29,V,H,1210,1908,1980,IR_CD_header_logs/LOG_3A 1822-371.20080313thru20080408.csv,IR_CD_header_logs/,3A 1822-371,CD,YALE-03A-0001,,4U1822-371,True,IR
binir080313.0347.fits,3A 1822-371,18:25:44.93,-37:06:19.9,2008-03-14,08:34:12.605,2454539.85709,30.05,1.29,V,H,1170,1868,2060,IR_CD_header_logs/LOG_3A 1822-371.20080313thru20080408.csv,IR_CD_header_logs/,3A 1822-371,CD,YALE-03A-0001,,4U1822-371,True,IR
binir080313.0336.fits,3A 1822-371,18:25:45.22,-37:06:19.0,2008-03-14,08:25:29.216,2454539.85103,30.04,1.32,I,K,1210,1828,2060,IR_CD_header_logs/LOG_3A 1822-371.20080313thru20080408.csv,IR_CD_header_logs/,3A 1822-371,CD,YALE-03A-0001,,4U1822-371,True,IR
binir080313.0344.fits,3A 1822-371,18:25:45.03,-37:06:19.4,2008-03-14,08:31:40.421,2454539.85533,30.04,1.3,I,K,1250,1868,1980,IR_CD_header_logs/LOG_3A 1822-371.20080313thru20080408.csv,IR_CD_header_logs/,3A 1822-371,CD,YALE-03A-0001,,4U1822-371,True,IR
binir080312.0340.fits,3A 1822-371,18:25:45.87,-37:06:19.5,2008-03-13,08:56:25.091,2454538.87252,30.04,1.23,I,K,1210,1868,2020,IR_CD_header_logs/LOG_3A 1822-371.20080313thru20080408.csv,IR_CD_header_logs/,3A 1822-371,CD,YALE-03A-0001,,4U1822-371,True,IR
binir080312.0347.fits,3A 1822-371,18:25:45.84,-37:06:20.8,2008-03-13,09:01:48.200,2454538.87626,30.05,1.21,I,K,1210,1868,2020,IR_CD_header_logs/LOG_3A 1822-371.20080313thru20080408.csv,IR_CD_header_logs/,3A 1822-371,CD,YALE-03A-0001,,4U1822-371,True,IR
binir080312.0346.fits,3A 1822-371,18:25:45.86,-37:06:20.5,2008-03-13,09:01:02.157,2454538.87573,30.04,1.21,I,K,1170,1908,2020,IR_CD_header_logs/LOG_3A 1822-371.20080313thru20080408.csv,IR_CD_header_logs/,3A 1822-371,CD,YALE-03A-0001,,4U1822-371,True,IR
binir080312.0345.fits,3A 1822-371,18:25:45.87,-37:06:20.3,2008-03-13,09:00:16.017,2454538.87519,30.04,1.21,I,K,1250,1868,1980,IR_CD_header_logs/LOG_3A 1822-371.20080313thru20080408.csv,IR_CD_header_logs/,3A 1822-371,CD,YALE-03A-0001,,4U1822-371,True,IR
binir080312.0335.fits,3A 1822-371,18:25:45.85,-37:06:18.5,2008-03-13,08:52:23.128,2454538.86972,30.05,1.24,B,J,1210,1908,1980,IR_CD_header_logs/LOG_3A 1822-371.20080313thru20080408.csv,IR_CD_header_logs/,3A 1822-371,CD,YALE-03A-0001,,4U1822-371,True,IR
binir080312.0343.fits,3A 1822-371,18:25:45.86,-37:06:20.0,2008-03-13,08:58:43.845,2454538.87412,30.05,1.22,I,K,1250,1828,2020,IR_CD_header_logs/LOG_3A 1822-371.20080313thru20080408.csv,IR_CD_header_logs/,3A 1822-371,CD,YALE-03A-0001,,4U1822-371,True,IR
binir080312.0342.fits,3A 1822-371,18:25:45.89,-37:06:19.4,2008-03-13,08:57:57.504,2454538.87359,30.04,1.22,I,K,1170,1868,2060,IR_CD_header_logs/LOG_3A 1822-371.20080313thru20080408.csv,IR_CD_header_logs/,3A 1822-371,CD,YALE-03A-0001,,4U1822-371,True,IR
binir080312.0341.fits,3A 1822-371,18:25:45.89,-37:06:19.3,2008-03-13,08:57:11.230,2454538.87305,30.04,1.22,I,K,1210,1908,1980,IR_CD_header_logs/LOG_3A 1822-371.20080313thru20080408.csv,IR_CD_header_logs/,3A 1822-371,CD,YALE-03A-0001,,4U1822-371,True,IR
binir080312.0348.fits,3A 1822-371,18:25:45.81,-37:06:21.0,2008-03-13,09:02:34.154,2454538.87679,30.05,1.21,I,K,1210,1908,1980,IR_CD_header_logs/LOG_3A 1822-371.20080313thru20080408.csv,IR_CD_header_logs/,3A 1822-371,CD,YALE-03A-0001,,4U1822-371,True,IR
binir080312.0350.fits,3A 1822-371,18:25:45.84,-37:06:20.8,2008-03-13,09:04:06.944,2454538.87786,30.05,1.2,I,K,1250,1828,2020,IR_CD_header_logs/LOG_3A 1822-371.20080313thru20080408.csv,IR_CD_header_logs/,3A 1822-371,CD,YALE-03A-0001,,4U1822-371,True,IR
binir080312.0351.fits,3A 1822-371,18:25:45.85,-37:06:20.5,2008-03-13,09:04:52.820,2454538.8784,30.04,1.2,I,K,1210,1828,2060,IR_CD_header_logs/LOG_3A 1822-371.20080313thru20080408.csv,IR_CD_header_logs/,3A 1822-371,CD,YALE-03A-0001,,4U1822-371,True,IR
binir080312.0358.fits,3A 1822-371,18:25:45.83,-37:06:20.9,2008-03-13,09:10:15.521,2454538.88213,30.05,1.19,I,K,1210,1828,2060,IR_CD_header_logs/LOG_3A 1822-371.20080313thru20080408.csv,IR_CD_header_logs/,3A 1822-371,CD,YALE-03A-0001,,4U1822-371,True,IR
binir080312.0357.fits,3A 1822-371,18:25:45.85,-37:06:20.9,2008-03-13,09:09:29.506,2454538.8816,30.04,1.19,I,K,1250,1828,2020,IR_CD_header_logs/LOG_3A 1822-371.20080313thru20080408.csv,IR_CD_header_logs/,3A 1822-371,CD,YALE-03A-0001,,4U1822-371,True,IR
binir080312.0356.fits,3A 1822-371,18:25:45.85,-37:06:20.8,2008-03-13,09:08:43.207,2454538.88106,30.05,1.19,I,K,1170,1868,2060,IR_CD_header_logs/LOG_3A 1822-371.20080313thru20080408.csv,IR_CD_header_logs/,3A 1822-371,CD,YALE-03A-0001,,4U1822-371,True,IR
binir080312.0355.fits,3A 1822-371,18:25:45.85,-37:06:20.9,2008-03-13,09:07:57.016,2454538.88053,30.05,1.19,I,K,1210,1908,1980,IR_CD_header_logs/LOG_3A 1822-371.20080313thru20080408.csv,IR_CD_header_logs/,3A 1822-371,CD,YALE-03A-0001,,4U1822-371,True,IR
binir080312.0354.fits,3A 1822-371,18:25:45.88,-37:06:20.3,2008-03-13,09:07:11.200,2454538.88,30.05,1.19,I,K,1210,1868,2020,IR_CD_header_logs/LOG_3A 1822-371.20080313thru20080408.csv,IR_CD_header_logs/,3A 1822-371,CD,YALE-03A-0001,,4U1822-371,True,IR
binir080312.0353.fits,3A 1822-371,18:25:45.87,-37:06:20.5,2008-03-13,09:06:25.074,2454538.87946,30.04,1.2,I,K,1170,1908,2020,IR_CD_header_logs/LOG_3A 1822-371.20080313thru20080408.csv,IR_CD_header_logs/,3A 1822-371,CD,YALE-03A-0001,,4U1822-371,True,IR
binir080312.0352.fits,3A 1822-371,18:25:45.85,-37:06:20.8,2008-03-13,09:05:38.910,2454538.87893,30.04,1.2,I,K,1250,1868,1980,IR_CD_header_logs/LOG_3A 1822-371.20080313thru20080408.csv,IR_CD_header_logs/,3A 1822-371,CD,YALE-03A-0001,,4U1822-371,True,IR
binir080312.0320.fits,3A 1822-371,18:25:45.93,-37:06:17.2,2008-03-13,08:40:50.684,2454538.8617,30.05,1.28,B,J,1210,1868,2020,IR_CD_header_logs/LOG_3A 1822-371.20080313thru20080408.csv,IR_CD_header_logs/,3A 1822-371,CD,YALE-03A-0001,,4U1822-371,True,IR
binir080312.0359.fits,3A 1822-371,18:25:45.82,-37:06:20.9,2008-03-13,09:11:01.721,2454538.88266,30.04,1.18,I,K,1250,1868,1980,IR_CD_header_logs/LOG_3A 1822-371.20080313thru20080408.csv,IR_CD_header_logs/,3A 1822-371,CD,YALE-03A-0001,,4U1822-371,True,IR
binir080312.0360.fits,3A 1822-371,18:25:45.82,-37:06:20.8,2008-03-13,09:11:59.559,2454538.88333,30.04,1.18,V,H,1210,1868,2020,IR_CD_header_logs/LOG_3A 1822-371.20080313thru20080408.csv,IR_CD_header_logs/,3A 1822-371,CD,YALE-03A-0001,,4U1822-371,True,IR
binir080312.0361.fits,3A 1822-371,18:25:45.81,-37:06:20.8,2008-03-13,09:12:45.536,2454538.88387,30.04,1.18,V,H,1210,1908,1980,IR_CD_header_logs/LOG_3A 1822-371.20080313thru20080408.csv,IR_CD_header_logs/,3A 1822-371,CD,YALE-03A-0001,,4U1822-371,True,IR
binir080312.0372.fits,3A 1822-371,18:25:45.79,-37:06:20.4,2008-03-13,09:21:12.693,2454538.88974,30.05,1.16,V,H,1250,1868,1980,IR_CD_header_logs/LOG_3A 1822-371.20080313thru20080408.csv,IR_CD_header_logs/,3A 1822-371,CD,YALE-03A-0001,,4U1822-371,True,IR
binir080312.0379.fits,3A 1822-371,18:25:45.81,-37:06:20.0,2008-03-13,09:26:35.660,2454538.89348,30.04,1.15,V,H,1250,1868,1980,IR_CD_header_logs/LOG_3A 1822-371.20080313thru20080408.csv,IR_CD_header_logs/,3A 1822-371,CD,YALE-03A-0001,,4U1822-371,True,IR
binir080312.0378.fits,3A 1822-371,18:25:45.80,-37:06:20.1,2008-03-13,09:25:49.594,2454538.89294,30.04,1.15,V,H,1210,1828,2060,IR_CD_header_logs/LOG_3A 1822-371.20080313thru20080408.csv,IR_CD_header_logs/,3A 1822-371,CD,YALE-03A-0001,,4U1822-371,True,IR
binir080312.0377.fits,3A 1822-371,18:25:45.80,-37:06:20.3,2008-03-13,09:25:03.653,2454538.89241,30.05,1.15,V,H,1250,1828,2020,IR_CD_header_logs/LOG_3A 1822-371.20080313thru20080408.csv,IR_CD_header_logs/,3A 1822-371,CD,YALE-03A-0001,,4U1822-371,True,IR
binir080312.0376.fits,3A 1822-371,18:25:45.80,-37:06:20.3,2008-03-13,09:24:17.496,2454538.89188,30.04,1.15,V,H,1170,1868,2060,IR_CD_header_logs/LOG_3A 1822-371.20080313thru20080408.csv,IR_CD_header_logs/,3A 1822-371,CD,YALE-03A-0001,,4U1822-371,True,IR
binir080312.0375.fits,3A 1822-371,18:25:45.81,-37:06:20.1,2008-03-13,09:23:30.956,2454538.89134,30.04,1.15,V,H,1210,1908,1980,IR_CD_header_logs/LOG_3A 1822-371.20080313thru20080408.csv,IR_CD_header_logs/,3A 1822-371,CD,YALE-03A-0001,,4U1822-371,True,IR
binir080312.0374.fits,3A 1822-371,18:25:45.79,-37:06:20.3,2008-03-13,09:22:44.949,2454538.89081,30.05,1.16,V,H,1210,1868,2020,IR_CD_header_logs/LOG_3A 1822-371.20080313thru20080408.csv,IR_CD_header_logs/,3A 1822-371,CD,YALE-03A-0001,,4U1822-371,True,IR
binir080312.0373.fits,3A 1822-371,18:25:45.79,-37:06:20.4,2008-03-13,09:21:58.916,2454538.89027,30.05,1.16,V,H,1170,1908,2020,IR_CD_header_logs/LOG_3A 1822-371.20080313thru20080408.csv,IR_CD_header_logs/,3A 1822-371,CD,YALE-03A-0001,,4U1822-371,True,IR
binir080312.0371.fits,3A 1822-371,18:25:45.78,-37:06:20.5,2008-03-13,09:20:26.573,2454538.8892,30.04,1.16,V,H,1210,1828,2060,IR_CD_header_logs/LOG_3A 1822-371.20080313thru20080408.csv,IR_CD_header_logs/,3A 1822-371,CD,YALE-03A-0001,,4U1822-371,True,IR
binir080312.0362.fits,3A 1822-371,18:25:45.79,-37:06:20.8,2008-03-13,09:13:31.743,2454538.8844,30.05,1.18,V,H,1170,1868,2060,IR_CD_header_logs/LOG_3A 1822-371.20080313thru20080408.csv,IR_CD_header_logs/,3A 1822-371,CD,YALE-03A-0001,,4U1822-371,True,IR
binir080312.0370.fits,3A 1822-371,18:25:45.78,-37:06:20.7,2008-03-13,09:19:40.561,2454538.88867,30.04,1.16,V,H,1250,1828,2020,IR_CD_header_logs/LOG_3A 1822-371.20080313thru20080408.csv,IR_CD_header_logs/,3A 1822-371,CD,YALE-03A-0001,,4U1822-371,True,IR
binir080312.0369.fits,3A 1822-371,18:25:45.77,-37:06:20.7,2008-03-13,09:18:54.296,2454538.88814,30.04,1.16,V,H,1170,1868,2060,IR_CD_header_logs/LOG_3A 1822-371.20080313thru20080408.csv,IR_CD_header_logs/,3A 1822-371,CD,YALE-03A-0001,,4U1822-371,True,IR
binir080312.0368.fits,3A 1822-371,18:25:45.77,-37:06:20.7,2008-03-13,09:18:07.989,2454538.8876,30.04,1.17,V,H,1210,1908,1980,IR_CD_header_logs/LOG_3A 1822-371.20080313thru20080408.csv,IR_CD_header_logs/,3A 1822-371,CD,YALE-03A-0001,,4U1822-371,True,IR
binir080312.0367.fits,3A 1822-371,18:25:45.77,-37:06:21.9,2008-03-13,09:17:22.081,2454538.88707,30.04,1.17,V,H,1210,1868,2020,IR_CD_header_logs/LOG_3A 1822-371.20080313thru20080408.csv,IR_CD_header_logs/,3A 1822-371,CD,YALE-03A-0001,,4U1822-371,True,IR
binir080312.0366.fits,3A 1822-371,18:25:45.79,-37:06:20.7,2008-03-13,09:16:36.215,2454538.88654,30.04,1.17,V,H,1170,1908,2020,IR_CD_header_logs/LOG_3A 1822-371.20080313thru20080408.csv,IR_CD_header_logs/,3A 1822-371,CD,YALE-03A-0001,,4U1822-371,True,IR
binir080312.0365.fits,3A 1822-371,18:25:45.79,-37:06:20.6,2008-03-13,09:15:50.221,2454538.88601,30.04,1.17,V,H,1250,1868,1980,IR_CD_header_logs/LOG_3A 1822-371.20080313thru20080408.csv,IR_CD_header_logs/,3A 1822-371,CD,YALE-03A-0001,,4U1822-371,True,IR
binir080312.0363.fits,3A 1822-371,18:25:45.80,-37:06:20.8,2008-03-13,09:14:17.967,2454538.88494,30.04,1.18,V,H,1250,1828,2020,IR_CD_header_logs/LOG_3A 1822-371.20080313thru20080408.csv,IR_CD_header_logs/,3A 1822-371,CD,YALE-03A-0001,,4U1822-371,True,IR
binir070703.0272.fits.gz,4u 1822-371,18:25:46.79,-37:06:18.1,2007-07-04,06:35:41.564,2454285.77479,30.04,1.14,I,J,1210,1868,2020,IR_CD_header_logs/LOG_MULTI.20070630thru20070709.csv,IR_CD_header_logs/,MULTI,CD,YALE-03A-0001,,4U1822-371,True,IR
binir070703.0274.fits.gz,4u 1822-371,18:25:46.75,-37:06:18.3,2007-07-04,06:37:12.215,2454285.77584,30.04,1.14,I,J,1170,1868,2060,IR_CD_header_logs/LOG_MULTI.20070630thru20070709.csv,IR_CD_header_logs/,MULTI,CD,YALE-03A-0001,,4U1822-371,True,IR
binir070703.0282.fits.gz,4u 1822-371,18:25:46.78,-37:06:08.2,2007-07-04,06:43:52.103,2454285.78047,30.05,1.16,V,J,1250,1828,2020,IR_CD_header_logs/LOG_MULTI.20070630thru20070709.csv,IR_CD_header_logs/,MULTI,CD,YALE-03A-0001,,4U1822-371,True,IR
binir070703.0275.fits.gz,4u 1822-371,18:25:46.80,-37:06:18.2,2007-07-04,06:37:57.704,2454285.77636,30.05,1.14,I,J,1250,1828,2020,IR_CD_header_logs/LOG_MULTI.20070630thru20070709.csv,IR_CD_header_logs/,MULTI,CD,YALE-03A-0001,,4U1822-371,True,IR
binir070703.0285.fits.gz,4u 1822-371,18:25:46.76,-37:06:08.4,2007-07-04,06:46:08.014,2454285.78204,30.04,1.16,V,J,1170,1908,2020,IR_CD_header_logs/LOG_MULTI.20070630thru20070709.csv,IR_CD_header_logs/,MULTI,CD,YALE-03A-0001,,4U1822-371,True,IR
binir070703.0283.fits.gz,4u 1822-371,18:25:46.72,-37:06:08.1,2007-07-04,06:44:37.256,2454285.78099,30.05,1.16,V,J,1210,1828,2060,IR_CD_header_logs/LOG_MULTI.20070630thru20070709.csv,IR_CD_header_logs/,MULTI,CD,YALE-03A-0001,,4U1822-371,True,IR
binir070703.0284.fits.gz,4u 1822-371,18:25:46.78,-37:06:08.4,2007-07-04,06:45:22.636,2454285.78151,30.05,1.16,V,J,1250,1868,1980,IR_CD_header_logs/LOG_MULTI.20070630thru20070709.csv,IR_CD_header_logs/,MULTI,CD,YALE-03A-0001,,4U1822-371,True,IR
binir070703.0273.fits.gz,4u 1822-371,18:25:46.78,-37:06:18.2,2007-07-04,06:36:26.728,2454285.77531,30.04,1.14,I,J,1210,1908,1980,IR_CD_header_logs/LOG_MULTI.20070630thru20070709.csv,IR_CD_header_logs/,MULTI,CD,YALE-03A-0001,,4U1822-371,True,IR
binir070703.0280.fits.gz,4u 1822-371,18:25:46.74,-37:06:08.2,2007-07-04,06:42:20.940,2454285.77941,30.04,1.15,V,J,1210,1908,1980,IR_CD_header_logs/LOG_MULTI.20070630thru20070709.csv,IR_CD_header_logs/,MULTI,CD,YALE-03A-0001,,4U1822-371,True,IR
binir070703.0281.fits.gz,4u 1822-371,18:25:46.73,-37:06:08.2,2007-07-04,06:43:06.628,2454285.77994,30.04,1.16,V,J,1170,1868,2060,IR_CD_header_logs/LOG_MULTI.20070630thru20070709.csv,IR_CD_header_logs/,MULTI,CD,YALE-03A-0001,,4U1822-371,True,IR
binir070703.0279.fits.gz,4u 1822-371,18:25:46.75,-37:06:08.3,2007-07-04,06:41:35.760,2454285.77889,30.04,1.15,V,J,1210,1868,2020,IR_CD_header_logs/LOG_MULTI.20070630thru20070709.csv,IR_CD_header_logs/,MULTI,CD,YALE-03A-0001,,4U1822-371,True,IR
binir070703.0278.fits.gz,4u 1822-371,18:25:46.76,-37:06:18.3,2007-07-04,06:40:13.553,2454285.77793,30.04,1.15,I,J,1170,1908,2020,IR_CD_header_logs/LOG_MULTI.20070630thru20070709.csv,IR_CD_header_logs/,MULTI,CD,YALE-03A-0001,,4U1822-371,True,IR
binir070703.0277.fits.gz,4u 1822-371,18:25:46.76,-37:06:18.3,2007-07-04,06:39:28.158,2454285.77741,30.04,1.15,I,J,1250,1868,1980,IR_CD_header_logs/LOG_MULTI.20070630thru20070709.csv,IR_CD_header_logs/,MULTI,CD,YALE-03A-0001,,4U1822-371,True,IR
binir070703.0276.fits.gz,4u 1822-371,18:25:46.76,-37:06:18.4,2007-07-04,06:38:42.818,2454285.77688,30.04,1.15,I,J,1210,1828,2060,IR_CD_header_logs/LOG_MULTI.20070630thru20070709.csv,IR_CD_header_logs/,MULTI,CD,YALE-03A-0001,,4U1822-371,True,IR
