filename,OBJECT,RA,DEC,DATE-OBS,TIME-OBS,JD,EXPTIME,SECZ,CCDFLTID,IRFLTID,TILT1,TILT2,TILT3,log name,Location,prop name help,Physical loc,OWNER,full path,proper name,xrb,source
ir110317.0052,MAXI J0556-332,05:56:46.3,-33:10:25,2011-03-18,00:34:29.4,2455638.5239,60.0,1.07,H,H,,,,usbdrivereplog_J0556-332.csv,,,Data replog,,,J0556-332,True,IR
ir110320.0062,MAXI J0556-332,05:56:46.2,-33:10:23,2011-03-21,01:12:33.8,2455641.5504,60.0,1.17,H,H,,,,usbdrivereplog_J0556-332.csv,,,Data replog,,,J0556-332,True,IR
ir110320.0061,MAXI J0556-332,05:56:46.2,-33:10:23,2011-03-21,01:11:17.1,2455641.5495,60.0,1.16,H,H,,,,usbdrivereplog_J0556-332.csv,,,Data replog,,,J0556-332,True,IR
ir110320.0060,MAXI J0556-332,05:56:46.1,-33:10:23,2011-03-21,01:10:00.5,2455641.5486,60.0,1.16,H,H,,,,usbdrivereplog_J0556-332.csv,,,Data replog,,,J0556-332,True,IR
ir110320.0059,MAXI J0556-332,05:56:46.1,-33:10:23,2011-03-21,01:08:43.9,2455641.5477,60.0,1.16,H,H,,,,usbdrivereplog_J0556-332.csv,,,Data replog,,,J0556-332,True,IR
ir110320.0058,MAXI J0556-332,05:56:46.1,-33:10:23,2011-03-21,01:07:27.2,2455641.5469,60.0,1.15,H,H,,,,usbdrivereplog_J0556-332.csv,,,Data replog,,,J0556-332,True,IR
ir110320.0057,MAXI J0556-332,05:56:46.1,-33:10:24,2011-03-21,01:06:10.6,2455641.546,60.0,1.15,H,H,,,,usbdrivereplog_J0556-332.csv,,,Data replog,,,J0556-332,True,IR
ir110320.0056,MAXI J0556-332,05:56:46.1,-33:10:24,2011-03-21,01:04:54.3,2455641.5451,60.0,1.15,H,H,,,,usbdrivereplog_J0556-332.csv,,,Data replog,,,J0556-332,True,IR
ir110317.0056,MAXI J0556-332,05:56:46.2,-33:10:24,2011-03-18,00:39:35.4,2455638.5275,60.0,1.07,H,H,,,,usbdrivereplog_J0556-332.csv,,,Data replog,,,J0556-332,True,IR
ir110317.0055,MAXI J0556-332,05:56:46.3,-33:10:24,2011-03-18,00:38:18.7,2455638.5266,60.0,1.07,H,H,,,,usbdrivereplog_J0556-332.csv,,,Data replog,,,J0556-332,True,IR
ir110317.0054,MAXI J0556-332,05:56:46.3,-33:10:24,2011-03-18,00:37:02.0,2455638.5257,60.0,1.07,H,H,,,,usbdrivereplog_J0556-332.csv,,,Data replog,,,J0556-332,True,IR
ir110317.0053,MAXI J0556-332,05:56:46.3,-33:10:24,2011-03-18,00:35:45.6,2455638.5248,60.0,1.07,H,H,,,,usbdrivereplog_J0556-332.csv,,,Data replog,,,J0556-332,True,IR
ir110317.0051,MAXI J0556-332,05:56:46.4,-33:10:25,2011-03-18,00:33:12.7,2455638.5231,60.0,1.07,H,H,,,,usbdrivereplog_J0556-332.csv,,,Data replog,,,J0556-332,True,IR
ir110313.0096,MAXI J0556-332,05:56:46.4,-33:10:09,2011-03-14,01:18:44.9,2455634.5547,60.0,1.12,H,H,,,,usbdrivereplog_J0556-332.csv,,,Data replog,,,J0556-332,True,IR
ir110317.0050,MAXI J0556-332,05:56:46.3,-33:10:25,2011-03-18,00:31:56.0,2455638.5222,60.0,1.06,H,H,,,,usbdrivereplog_J0556-332.csv,,,Data replog,,,J0556-332,True,IR
ir110317.0049,MAXI J0556-332,05:56:46.3,-33:10:26,2011-03-18,00:30:39.6,2455638.5213,60.0,1.06,H,H,,,,usbdrivereplog_J0556-332.csv,,,Data replog,,,J0556-332,True,IR
ir110314.0089,MAXI J0556-332,05:56:45.4,-33:10:15,2011-03-15,01:27:48.5,2455635.561,60.0,1.14,H,H,,,,usbdrivereplog_J0556-332.csv,,,Data replog,,,J0556-332,True,IR
ir110314.0088,MAXI J0556-332,05:56:45.4,-33:10:14,2011-03-15,01:26:32.1,2455635.5601,60.0,1.14,H,H,,,,usbdrivereplog_J0556-332.csv,,,Data replog,,,J0556-332,True,IR
ir110314.0087,MAXI J0556-332,05:56:45.4,-33:10:14,2011-03-15,01:25:15.7,2455635.5592,60.0,1.14,H,H,,,,usbdrivereplog_J0556-332.csv,,,Data replog,,,J0556-332,True,IR
ir110314.0086,MAXI J0556-332,05:56:45.4,-33:10:14,2011-03-15,01:23:58.8,2455635.5583,60.0,1.14,H,H,,,,usbdrivereplog_J0556-332.csv,,,Data replog,,,J0556-332,True,IR
ir110314.0085,MAXI J0556-332,05:56:45.3,-33:10:14,2011-03-15,01:22:42.5,2455635.5574,60.0,1.13,H,H,,,,usbdrivereplog_J0556-332.csv,,,Data replog,,,J0556-332,True,IR
ir110314.0084,MAXI J0556-332,05:56:45.3,-33:10:14,2011-03-15,01:21:25.8,2455635.5565,60.0,1.13,H,H,,,,usbdrivereplog_J0556-332.csv,,,Data replog,,,J0556-332,True,IR
ir110314.0083,MAXI J0556-332,05:56:45.3,-33:10:13,2011-03-15,01:20:09.1,2455635.5557,60.0,1.13,H,H,,,,usbdrivereplog_J0556-332.csv,,,Data replog,,,J0556-332,True,IR
ir110314.0082,MAXI J0556-332,05:56:45.3,-33:10:14,2011-03-15,01:18:52.8,2455635.5548,60.0,1.13,H,H,,,,usbdrivereplog_J0556-332.csv,,,Data replog,,,J0556-332,True,IR
ir110313.0098,MAXI J0556-332,05:56:46.4,-33:10:09,2011-03-14,01:21:17.8,2455634.5565,60.0,1.12,H,H,,,,usbdrivereplog_J0556-332.csv,,,Data replog,,,J0556-332,True,IR
ir110320.0063,MAXI J0556-332,05:56:46.2,-33:10:24,2011-03-21,01:13:50.2,2455641.5513,60.0,1.17,H,H,,,,usbdrivereplog_J0556-332.csv,,,Data replog,,,J0556-332,True,IR
ir110324.0055,MAXI J0556-332,05:56:44.7,-33:10:13,2011-03-25,00:52:23.5,2455645.5364,60.0,1.15,H,H,,,,usbdrivereplog_J0556-332.csv,,,Data replog,,,J0556-332,True,IR
ir110324.0056,MAXI J0556-332,05:56:44.7,-33:10:13,2011-03-25,00:53:40.0,2455645.5373,60.0,1.16,H,H,,,,usbdrivereplog_J0556-332.csv,,,Data replog,,,J0556-332,True,IR
ir110324.0057,MAXI J0556-332,05:56:44.7,-33:10:13,2011-03-25,00:54:56.9,2455645.5382,60.0,1.16,H,H,,,,usbdrivereplog_J0556-332.csv,,,Data replog,,,J0556-332,True,IR
ir110330.0049,MAXI J0556-332,,,2011-03-31,01:11:47.0,2455651.5499,60.0,,H,H,,,,usbdrivereplog_J0556-332.csv,,,Data replog,,,J0556-332,True,IR
ir110330.0048,MAXI J0556-332,,,2011-03-31,01:10:30.7,2455651.549,60.0,,H,H,,,,usbdrivereplog_J0556-332.csv,,,Data replog,,,J0556-332,True,IR
ir110330.0047,MAXI J0556-332,,,2011-03-31,01:09:13.8,2455651.5481,60.0,,H,H,,,,usbdrivereplog_J0556-332.csv,,,Data replog,,,J0556-332,True,IR
ir110330.0046,MAXI J0556-332,,,2011-03-31,01:07:57.1,2455651.5472,60.0,,H,H,,,,usbdrivereplog_J0556-332.csv,,,Data replog,,,J0556-332,True,IR
ir110330.0045,MAXI J0556-332,,,2011-03-31,01:06:40.7,2455651.5463,60.0,,H,H,,,,usbdrivereplog_J0556-332.csv,,,Data replog,,,J0556-332,True,IR
ir110330.0044,MAXI J0556-332,,,2011-03-31,01:05:24.1,2455651.5454,60.0,,H,H,,,,usbdrivereplog_J0556-332.csv,,,Data replog,,,J0556-332,True,IR
ir110330.0043,MAXI J0556-332,,,2011-03-31,01:04:07.3,2455651.5445,60.0,,H,H,,,,usbdrivereplog_J0556-332.csv,,,Data replog,,,J0556-332,True,IR
ir110330.0042,MAXI J0556-332,,,2011-03-31,01:02:51.1,2455651.5436,60.0,,H,H,,,,usbdrivereplog_J0556-332.csv,,,Data replog,,,J0556-332,True,IR
ir110327.0053,MAXI J0556-332,05:56:46.1,-33:10:14,2011-03-28,00:29:32.5,2455648.5205,60.0,1.13,H,H,,,,usbdrivereplog_J0556-332.csv,,,Data replog,,,J0556-332,True,IR
ir110327.0052,MAXI J0556-332,05:56:46.1,-33:10:14,2011-03-28,00:28:15.8,2455648.5196,60.0,1.13,H,H,,,,usbdrivereplog_J0556-332.csv,,,Data replog,,,J0556-332,True,IR
ir110327.0051,MAXI J0556-332,05:56:46.2,-33:10:14,2011-03-28,00:26:59.0,2455648.5187,60.0,1.12,H,H,,,,usbdrivereplog_J0556-332.csv,,,Data replog,,,J0556-332,True,IR
ir110327.0050,MAXI J0556-332,05:56:46.1,-33:10:14,2011-03-28,00:25:42.5,2455648.5178,60.0,1.12,H,H,,,,usbdrivereplog_J0556-332.csv,,,Data replog,,,J0556-332,True,IR
ir110327.0049,MAXI J0556-332,05:56:46.2,-33:10:14,2011-03-28,00:24:25.8,2455648.517,60.0,1.12,H,H,,,,usbdrivereplog_J0556-332.csv,,,Data replog,,,J0556-332,True,IR
ir110327.0048,MAXI J0556-332,05:56:46.2,-33:10:14,2011-03-28,00:23:09.0,2455648.5161,60.0,1.12,H,H,,,,usbdrivereplog_J0556-332.csv,,,Data replog,,,J0556-332,True,IR
ir110327.0047,MAXI J0556-332,05:56:46.1,-33:10:14,2011-03-28,00:21:52.3,2455648.5152,60.0,1.11,H,H,,,,usbdrivereplog_J0556-332.csv,,,Data replog,,,J0556-332,True,IR
ir110327.0046,MAXI J0556-332,05:56:46.1,-33:10:13,2011-03-28,00:20:35.9,2455648.5143,60.0,1.11,H,H,,,,usbdrivereplog_J0556-332.csv,,,Data replog,,,J0556-332,True,IR
ir110324.0062,MAXI J0556-332,05:56:44.9,-33:10:15,2011-03-25,01:01:21.3,2455645.5426,60.0,1.18,H,H,,,,usbdrivereplog_J0556-332.csv,,,Data replog,,,J0556-332,True,IR
ir110324.0061,MAXI J0556-332,05:56:44.9,-33:10:14,2011-03-25,01:00:04.3,2455645.5417,60.0,1.17,H,H,,,,usbdrivereplog_J0556-332.csv,,,Data replog,,,J0556-332,True,IR
ir110324.0060,MAXI J0556-332,05:56:44.8,-33:10:14,2011-03-25,00:58:47.3,2455645.5408,60.0,1.17,H,H,,,,usbdrivereplog_J0556-332.csv,,,Data replog,,,J0556-332,True,IR
ir110324.0059,MAXI J0556-332,05:56:44.8,-33:10:14,2011-03-25,00:57:30.5,2455645.5399,60.0,1.17,H,H,,,,usbdrivereplog_J0556-332.csv,,,Data replog,,,J0556-332,True,IR
ir110324.0058,MAXI J0556-332,05:56:44.8,-33:10:14,2011-03-25,00:56:13.7,2455645.539,60.0,1.16,H,H,,,,usbdrivereplog_J0556-332.csv,,,Data replog,,,J0556-332,True,IR
ir110313.0097,MAXI J0556-332,05:56:46.4,-33:10:09,2011-03-14,01:20:01.6,2455634.5556,60.0,1.12,H,H,,,,usbdrivereplog_J0556-332.csv,,,Data replog,,,J0556-332,True,IR
ir110313.0095,MAXI J0556-332,05:56:46.3,-33:10:09,2011-03-14,01:17:28.3,2455634.5538,60.0,1.11,H,H,,,,usbdrivereplog_J0556-332.csv,,,Data replog,,,J0556-332,True,IR
ir110308.0134,MAXI J0556-332,05:56:46.7,-33:10:30,2011-03-09,03:26:15.9,2455629.6432,60.0,1.52,H,H,,,,usbdrivereplog_J0556-332.csv,,,Data replog,,,J0556-332,True,IR
ir110309.0075,MAXI J0556-332,05:56:46.8,-33:10:25,2011-03-10,00:52:58.3,2455630.5368,60.0,1.05,H,H,,,,usbdrivereplog_J0556-332.csv,,,Data replog,,,J0556-332,True,IR
ir110309.0074,MAXI J0556-332,05:56:46.7,-33:10:25,2011-03-10,00:51:42.1,2455630.5359,60.0,1.05,H,H,,,,usbdrivereplog_J0556-332.csv,,,Data replog,,,J0556-332,True,IR
ir110309.0073,MAXI J0556-332,05:56:46.7,-33:10:25,2011-03-10,00:50:25.4,2455630.535,60.0,1.05,H,H,,,,usbdrivereplog_J0556-332.csv,,,Data replog,,,J0556-332,True,IR
ir110309.0072,MAXI J0556-332,05:56:46.7,-33:10:26,2011-03-10,00:49:08.6,2455630.5341,60.0,1.05,H,H,,,,usbdrivereplog_J0556-332.csv,,,Data replog,,,J0556-332,True,IR
ir110309.0071,MAXI J0556-332,05:56:46.7,-33:10:26,2011-03-10,00:47:52.3,2455630.5332,60.0,1.04,H,H,,,,usbdrivereplog_J0556-332.csv,,,Data replog,,,J0556-332,True,IR
ir110309.0070,MAXI J0556-332,05:56:46.6,-33:10:26,2011-03-10,00:46:35.6,2455630.5324,60.0,1.04,H,H,,,,usbdrivereplog_J0556-332.csv,,,Data replog,,,J0556-332,True,IR
ir110309.0069,MAXI J0556-332,05:56:46.6,-33:10:26,2011-03-10,00:45:18.8,2455630.5315,60.0,1.04,H,H,,,,usbdrivereplog_J0556-332.csv,,,Data replog,,,J0556-332,True,IR
ir110309.0068,MAXI J0556-332,05:56:46.5,-33:10:26,2011-03-10,00:44:02.5,2455630.5306,60.0,1.04,H,H,,,,usbdrivereplog_J0556-332.csv,,,Data replog,,,J0556-332,True,IR
ir110308.0137,MAXI J0556-332,05:56:46.6,-33:10:31,2011-03-09,03:30:05.6,2455629.6459,60.0,1.54,H,H,,,,usbdrivereplog_J0556-332.csv,,,Data replog,,,J0556-332,True,IR
ir110308.0136,MAXI J0556-332,05:56:46.6,-33:10:31,2011-03-09,03:28:49.3,2455629.645,60.0,1.53,H,H,,,,usbdrivereplog_J0556-332.csv,,,Data replog,,,J0556-332,True,IR
ir110308.0135,MAXI J0556-332,05:56:46.6,-33:10:30,2011-03-09,03:27:32.6,2455629.6441,60.0,1.53,H,H,,,,usbdrivereplog_J0556-332.csv,,,Data replog,,,J0556-332,True,IR
ir110308.0133,MAXI J0556-332,05:56:46.7,-33:10:30,2011-03-09,03:24:59.7,2455629.6424,60.0,1.51,H,H,,,,usbdrivereplog_J0556-332.csv,,,Data replog,,,J0556-332,True,IR
ir110313.0094,MAXI J0556-332,05:56:46.3,-33:10:09,2011-03-14,01:16:11.9,2455634.5529,60.0,1.11,H,H,,,,usbdrivereplog_J0556-332.csv,,,Data replog,,,J0556-332,True,IR
ir110308.0132,MAXI J0556-332,05:56:46.6,-33:10:29,2011-03-09,03:23:42.8,2455629.6415,60.0,1.5,H,H,,,,usbdrivereplog_J0556-332.csv,,,Data replog,,,J0556-332,True,IR
ir110308.0131,MAXI J0556-332,05:56:46.6,-33:10:29,2011-03-09,03:22:26.0,2455629.6406,60.0,1.5,H,H,,,,usbdrivereplog_J0556-332.csv,,,Data replog,,,J0556-332,True,IR
ir110308.0130,MAXI J0556-332,05:56:46.5,-33:10:29,2011-03-09,03:21:09.4,2455629.6397,60.0,1.49,H,H,,,,usbdrivereplog_J0556-332.csv,,,Data replog,,,J0556-332,True,IR
ir110306.0071,MAXI J0556-332,05:56:46.3,-33:10:23,2011-03-07,01:12:42.8,2455627.5505,60.0,1.06,H,H,,,,usbdrivereplog_J0556-332.csv,,,Data replog,,,J0556-332,True,IR
ir110306.0070,MAXI J0556-332,05:56:46.3,-33:10:23,2011-03-07,01:11:26.6,2455627.5496,60.0,1.06,H,H,,,,usbdrivereplog_J0556-332.csv,,,Data replog,,,J0556-332,True,IR
ir110306.0069,MAXI J0556-332,05:56:46.3,-33:10:23,2011-03-07,01:10:09.8,2455627.5487,60.0,1.06,H,H,,,,usbdrivereplog_J0556-332.csv,,,Data replog,,,J0556-332,True,IR
ir110306.0068,MAXI J0556-332,05:56:46.3,-33:10:24,2011-03-07,01:08:53.1,2455627.5479,60.0,1.06,H,H,,,,usbdrivereplog_J0556-332.csv,,,Data replog,,,J0556-332,True,IR
ir110306.0067,MAXI J0556-332,05:56:46.3,-33:10:24,2011-03-07,01:07:37.0,2455627.547,60.0,1.05,H,H,,,,usbdrivereplog_J0556-332.csv,,,Data replog,,,J0556-332,True,IR
ir110306.0066,MAXI J0556-332,05:56:46.3,-33:10:24,2011-03-07,01:06:20.2,2455627.5461,60.0,1.05,H,H,,,,usbdrivereplog_J0556-332.csv,,,Data replog,,,J0556-332,True,IR
ir110306.0065,MAXI J0556-332,05:56:46.3,-33:10:24,2011-03-07,01:05:03.5,2455627.5452,60.0,1.05,H,H,,,,usbdrivereplog_J0556-332.csv,,,Data replog,,,J0556-332,True,IR
ir110306.0064,MAXI J0556-332,05:56:46.2,-33:10:25,2011-03-07,01:03:47.2,2455627.5443,60.0,1.05,H,H,,,,usbdrivereplog_J0556-332.csv,,,Data replog,,,J0556-332,True,IR
ir110310.0043,MAXI J0556-332,05:56:44.9,-33:10:14,2011-03-11,00:32:21.0,2455631.5225,60.0,1.03,H,H,,,,usbdrivereplog_J0556-332.csv,,,Data replog,,,J0556-332,True,IR
ir110310.0044,MAXI J0556-332,05:56:44.9,-33:10:14,2011-03-11,00:33:37.6,2455631.5233,60.0,1.03,H,H,,,,usbdrivereplog_J0556-332.csv,,,Data replog,,,J0556-332,True,IR
ir110310.0045,MAXI J0556-332,05:56:44.9,-33:10:13,2011-03-11,00:34:54.2,2455631.5242,60.0,1.03,H,H,,,,usbdrivereplog_J0556-332.csv,,,Data replog,,,J0556-332,True,IR
ir110310.0046,MAXI J0556-332,05:56:44.9,-33:10:13,2011-03-11,00:36:11.1,2455631.5251,60.0,1.04,H,H,,,,usbdrivereplog_J0556-332.csv,,,Data replog,,,J0556-332,True,IR
ir110313.0093,MAXI J0556-332,05:56:46.3,-33:10:08,2011-03-14,01:14:55.1,2455634.552,60.0,1.11,H,H,,,,usbdrivereplog_J0556-332.csv,,,Data replog,,,J0556-332,True,IR
ir110313.0092,MAXI J0556-332,05:56:46.2,-33:10:08,2011-03-14,01:13:38.4,2455634.5511,60.0,1.11,H,H,,,,usbdrivereplog_J0556-332.csv,,,Data replog,,,J0556-332,True,IR
ir110313.0091,MAXI J0556-332,05:56:46.3,-33:10:08,2011-03-14,01:12:21.7,2455634.5502,60.0,1.1,H,H,,,,usbdrivereplog_J0556-332.csv,,,Data replog,,,J0556-332,True,IR
ir110312.0097,MAXI J0556-332,05:56:45.3,-33:10:20,2011-03-13,01:30:03.4,2455633.5625,60.0,1.13,H,H,,,,usbdrivereplog_J0556-332.csv,,,Data replog,,,J0556-332,True,IR
ir110312.0096,MAXI J0556-332,05:56:45.4,-33:10:20,2011-03-13,01:28:47.2,2455633.5617,60.0,1.13,H,H,,,,usbdrivereplog_J0556-332.csv,,,Data replog,,,J0556-332,True,IR
ir110312.0095,MAXI J0556-332,05:56:45.3,-33:10:20,2011-03-13,01:27:30.5,2455633.5608,60.0,1.13,H,H,,,,usbdrivereplog_J0556-332.csv,,,Data replog,,,J0556-332,True,IR
ir110312.0094,MAXI J0556-332,05:56:45.3,-33:10:20,2011-03-13,01:26:14.2,2455633.5599,60.0,1.12,H,H,,,,usbdrivereplog_J0556-332.csv,,,Data replog,,,J0556-332,True,IR
ir110312.0093,MAXI J0556-332,05:56:45.3,-33:10:20,2011-03-13,01:24:57.9,2455633.559,60.0,1.12,H,H,,,,usbdrivereplog_J0556-332.csv,,,Data replog,,,J0556-332,True,IR
ir110312.0092,MAXI J0556-332,05:56:45.3,-33:10:20,2011-03-13,01:23:41.1,2455633.5581,60.0,1.12,H,H,,,,usbdrivereplog_J0556-332.csv,,,Data replog,,,J0556-332,True,IR
ir110312.0091,MAXI J0556-332,05:56:45.3,-33:10:20,2011-03-13,01:22:24.5,2455633.5572,60.0,1.12,H,H,,,,usbdrivereplog_J0556-332.csv,,,Data replog,,,J0556-332,True,IR
ir110312.0090,MAXI J0556-332,05:56:45.3,-33:10:20,2011-03-13,01:21:08.0,2455633.5563,60.0,1.11,H,H,,,,usbdrivereplog_J0556-332.csv,,,Data replog,,,J0556-332,True,IR
ir110311.0074,MAXI J0556-332,05:56:45.8,-33:10:11,2011-03-12,00:53:12.9,2455632.537,60.0,1.06,H,H,,,,usbdrivereplog_J0556-332.csv,,,Data replog,,,J0556-332,True,IR
ir110311.0073,MAXI J0556-332,05:56:45.8,-33:10:10,2011-03-12,00:51:56.6,2455632.5361,60.0,1.06,H,H,,,,usbdrivereplog_J0556-332.csv,,,Data replog,,,J0556-332,True,IR
ir110311.0072,MAXI J0556-332,05:56:45.8,-33:10:10,2011-03-12,00:50:40.0,2455632.5352,60.0,1.06,H,H,,,,usbdrivereplog_J0556-332.csv,,,Data replog,,,J0556-332,True,IR
ir110311.0071,MAXI J0556-332,05:56:45.8,-33:10:10,2011-03-12,00:49:23.3,2455632.5343,60.0,1.06,H,H,,,,usbdrivereplog_J0556-332.csv,,,Data replog,,,J0556-332,True,IR
ir110311.0070,MAXI J0556-332,05:56:45.8,-33:10:10,2011-03-12,00:48:07.1,2455632.5334,60.0,1.05,H,H,,,,usbdrivereplog_J0556-332.csv,,,Data replog,,,J0556-332,True,IR
ir110311.0069,MAXI J0556-332,05:56:45.8,-33:10:10,2011-03-12,00:46:50.1,2455632.5325,60.0,1.05,H,H,,,,usbdrivereplog_J0556-332.csv,,,Data replog,,,J0556-332,True,IR
ir110311.0068,MAXI J0556-332,05:56:45.8,-33:10:10,2011-03-12,00:45:33.4,2455632.5316,60.0,1.05,H,H,,,,usbdrivereplog_J0556-332.csv,,,Data replog,,,J0556-332,True,IR
ir110311.0067,MAXI J0556-332,05:56:45.8,-33:10:10,2011-03-12,00:44:17.3,2455632.5307,60.0,1.05,H,H,,,,usbdrivereplog_J0556-332.csv,,,Data replog,,,J0556-332,True,IR
ir110310.0050,MAXI J0556-332,05:56:45.0,-33:10:13,2011-03-11,00:41:17.2,2455631.5287,60.0,1.04,H,H,,,,usbdrivereplog_J0556-332.csv,,,Data replog,,,J0556-332,True,IR
ir110310.0049,MAXI J0556-332,05:56:45.0,-33:10:13,2011-03-11,00:40:00.7,2455631.5278,60.0,1.04,H,H,,,,usbdrivereplog_J0556-332.csv,,,Data replog,,,J0556-332,True,IR
ir110310.0048,MAXI J0556-332,05:56:45.0,-33:10:13,2011-03-11,00:38:44.0,2455631.5269,60.0,1.04,H,H,,,,usbdrivereplog_J0556-332.csv,,,Data replog,,,J0556-332,True,IR
ir110310.0047,MAXI J0556-332,05:56:44.9,-33:10:13,2011-03-11,00:37:27.4,2455631.526,60.0,1.04,H,H,,,,usbdrivereplog_J0556-332.csv,,,Data replog,,,J0556-332,True,IR
ir110201.0130,MAXI J0556-332,05:56:46.7,-33:10:21,2011-02-02,04:09:40.1,2455594.6734,30.1,1.15,H,H,,,,usbdrivereplog_J0556-332.csv,,,Data replog,,,J0556-332,True,IR
ir110305.0128,MAXI J0556-332,05:56:46.8,-33:10:26,2011-03-06,02:04:23.6,2455626.5864,60.0,1.15,H,H,,,,usbdrivereplog_J0556-332.csv,,,Data replog,,,J0556-332,True,IR
ir110305.0127,MAXI J0556-332,05:56:46.8,-33:10:26,2011-03-06,02:03:07.2,2455626.5855,60.0,1.14,H,H,,,,usbdrivereplog_J0556-332.csv,,,Data replog,,,J0556-332,True,IR
ir110305.0126,MAXI J0556-332,05:56:46.8,-33:10:26,2011-03-06,02:01:50.9,2455626.5846,60.0,1.14,H,H,,,,usbdrivereplog_J0556-332.csv,,,Data replog,,,J0556-332,True,IR
ir110209.0235,MAXI J0556-332,05:56:46.2,-33:10:26,2011-02-10,05:26:04.2,2455602.7264,30.1,1.61,H,H,,,,usbdrivereplog_J0556-332.csv,,,Data replog,,,J0556-332,True,IR
ir110213.0108,MAXI J0556-332,05:56:46.3,-33:10:24,2011-02-14,03:07:37.6,2455606.6303,30.1,1.11,H,H,,,,usbdrivereplog_J0556-332.csv,,,Data replog,,,J0556-332,True,IR
ir110213.0107,MAXI J0556-332,05:56:46.4,-33:10:24,2011-02-14,03:06:50.0,2455606.6297,30.1,1.11,H,H,,,,usbdrivereplog_J0556-332.csv,,,Data replog,,,J0556-332,True,IR
ir110213.0106,MAXI J0556-332,05:56:46.3,-33:10:24,2011-02-14,03:06:03.0,2455606.6292,30.0,1.11,H,H,,,,usbdrivereplog_J0556-332.csv,,,Data replog,,,J0556-332,True,IR
ir110213.0105,MAXI J0556-332,05:56:46.3,-33:10:24,2011-02-14,03:05:16.1,2455606.6287,30.1,1.11,H,H,,,,usbdrivereplog_J0556-332.csv,,,Data replog,,,J0556-332,True,IR
ir110209.0242,MAXI J0556-332,05:56:46.0,-33:10:17,2011-02-10,05:31:33.9,2455602.7303,30.1,1.65,H,H,,,,usbdrivereplog_J0556-332.csv,,,Data replog,,,J0556-332,True,IR
ir110209.0241,MAXI J0556-332,05:56:46.0,-33:10:18,2011-02-10,05:30:47.1,2455602.7297,30.0,1.64,H,H,,,,usbdrivereplog_J0556-332.csv,,,Data replog,,,J0556-332,True,IR
ir110209.0240,MAXI J0556-332,05:56:46.0,-33:10:19,2011-02-10,05:30:00.2,2455602.7292,30.1,1.64,H,H,,,,usbdrivereplog_J0556-332.csv,,,Data replog,,,J0556-332,True,IR
ir110209.0239,MAXI J0556-332,05:56:46.1,-33:10:20,2011-02-10,05:29:12.7,2455602.7286,30.1,1.63,H,H,,,,usbdrivereplog_J0556-332.csv,,,Data replog,,,J0556-332,True,IR
ir110209.0238,MAXI J0556-332,05:56:46.2,-33:10:22,2011-02-10,05:28:25.8,2455602.7281,30.0,1.63,H,H,,,,usbdrivereplog_J0556-332.csv,,,Data replog,,,J0556-332,True,IR
ir110209.0237,MAXI J0556-332,05:56:46.2,-33:10:23,2011-02-10,05:27:38.4,2455602.7275,30.0,1.62,H,H,,,,usbdrivereplog_J0556-332.csv,,,Data replog,,,J0556-332,True,IR
ir110209.0236,MAXI J0556-332,05:56:46.2,-33:10:25,2011-02-10,05:26:50.9,2455602.727,30.0,1.62,H,H,,,,usbdrivereplog_J0556-332.csv,,,Data replog,,,J0556-332,True,IR
ir110208.0059,MAXI J0556-332,05:56:45.9,-33:10:26,2011-02-09,02:14:26.9,2455601.5934,30.1,1.02,H,H,,,,usbdrivereplog_J0556-332.csv,,,Data replog,,,J0556-332,True,IR
ir110207.0094,MAXI J0556-332,05:56:46.3,-33:10:24,2011-02-08,03:49:37.7,2455600.6595,30.0,1.15,H,H,,,,usbdrivereplog_J0556-332.csv,,,Data replog,,,J0556-332,True,IR
ir110208.0058,MAXI J0556-332,05:56:45.9,-33:10:26,2011-02-09,02:13:40.0,2455601.5929,30.0,1.02,H,H,,,,usbdrivereplog_J0556-332.csv,,,Data replog,,,J0556-332,True,IR
ir110208.0057,MAXI J0556-332,05:56:46.0,-33:10:26,2011-02-09,02:12:53.1,2455601.5923,30.1,1.02,H,H,,,,usbdrivereplog_J0556-332.csv,,,Data replog,,,J0556-332,True,IR
ir110208.0056,MAXI J0556-332,05:56:46.0,-33:10:26,2011-02-09,02:12:06.3,2455601.5918,30.0,1.02,H,H,,,,usbdrivereplog_J0556-332.csv,,,Data replog,,,J0556-332,True,IR
ir110208.0055,MAXI J0556-332,05:56:46.1,-33:10:26,2011-02-09,02:11:19.5,2455601.5912,30.0,1.02,H,H,,,,usbdrivereplog_J0556-332.csv,,,Data replog,,,J0556-332,True,IR
ir110208.0054,MAXI J0556-332,05:56:46.1,-33:10:26,2011-02-09,02:10:32.1,2455601.5907,30.1,1.02,H,H,,,,usbdrivereplog_J0556-332.csv,,,Data replog,,,J0556-332,True,IR
ir110208.0053,MAXI J0556-332,05:56:46.2,-33:10:26,2011-02-09,02:09:44.8,2455601.5901,30.1,1.02,H,H,,,,usbdrivereplog_J0556-332.csv,,,Data replog,,,J0556-332,True,IR
ir110208.0052,MAXI J0556-332,05:56:46.2,-33:10:26,2011-02-09,02:08:58.0,2455601.5896,30.1,1.02,H,H,,,,usbdrivereplog_J0556-332.csv,,,Data replog,,,J0556-332,True,IR
ir110207.0099,MAXI J0556-332,05:56:46.4,-33:10:24,2011-02-08,03:53:32.8,2455600.6622,30.1,1.16,H,H,,,,usbdrivereplog_J0556-332.csv,,,Data replog,,,J0556-332,True,IR
ir110207.0098,MAXI J0556-332,05:56:46.3,-33:10:24,2011-02-08,03:52:45.9,2455600.6617,30.1,1.16,H,H,,,,usbdrivereplog_J0556-332.csv,,,Data replog,,,J0556-332,True,IR
ir110207.0097,MAXI J0556-332,05:56:46.4,-33:10:24,2011-02-08,03:51:59.2,2455600.6611,30.0,1.16,H,H,,,,usbdrivereplog_J0556-332.csv,,,Data replog,,,J0556-332,True,IR
ir110207.0096,MAXI J0556-332,05:56:46.3,-33:10:24,2011-02-08,03:51:11.8,2455600.6606,30.1,1.16,H,H,,,,usbdrivereplog_J0556-332.csv,,,Data replog,,,J0556-332,True,IR
ir110213.0109,MAXI J0556-332,05:56:46.3,-33:10:24,2011-02-14,03:08:24.3,2455606.6308,30.1,1.12,H,H,,,,usbdrivereplog_J0556-332.csv,,,Data replog,,,J0556-332,True,IR
ir110213.0110,MAXI J0556-332,05:56:46.3,-33:10:24,2011-02-14,03:09:11.3,2455606.6314,30.0,1.12,H,H,,,,usbdrivereplog_J0556-332.csv,,,Data replog,,,J0556-332,True,IR
ir110213.0111,MAXI J0556-332,05:56:46.3,-33:10:25,2011-02-14,03:09:58.4,2455606.6319,30.1,1.12,H,H,,,,usbdrivereplog_J0556-332.csv,,,Data replog,,,J0556-332,True,IR
ir110213.0112,MAXI J0556-332,05:56:46.4,-33:10:25,2011-02-14,03:10:45.1,2455606.6325,30.0,1.12,H,H,,,,usbdrivereplog_J0556-332.csv,,,Data replog,,,J0556-332,True,IR
ir110215.0240,MAXI J0556-332,05:56:46.3,-33:10:32,2011-02-16,05:34:47.3,2455608.7325,60.0,1.89,H,H,,,,usbdrivereplog_J0556-332.csv,,,Data replog,,,J0556-332,True,IR
ir110215.0239,MAXI J0556-332,05:56:46.2,-33:10:31,2011-02-16,05:33:30.2,2455608.7316,60.0,1.88,H,H,,,,usbdrivereplog_J0556-332.csv,,,Data replog,,,J0556-332,True,IR
ir110215.0238,MAXI J0556-332,05:56:46.2,-33:10:31,2011-02-16,05:32:12.8,2455608.7307,60.0,1.87,H,H,,,,usbdrivereplog_J0556-332.csv,,,Data replog,,,J0556-332,True,IR
ir110215.0237,MAXI J0556-332,05:56:46.2,-33:10:31,2011-02-16,05:30:55.9,2455608.7298,60.0,1.85,H,H,,,,usbdrivereplog_J0556-332.csv,,,Data replog,,,J0556-332,True,IR
ir110215.0236,MAXI J0556-332,05:56:46.2,-33:10:30,2011-02-16,05:29:38.8,2455608.7289,60.0,1.84,H,H,,,,usbdrivereplog_J0556-332.csv,,,Data replog,,,J0556-332,True,IR
ir110215.0235,MAXI J0556-332,05:56:46.2,-33:10:30,2011-02-16,05:28:21.4,2455608.728,60.0,1.83,H,H,,,,usbdrivereplog_J0556-332.csv,,,Data replog,,,J0556-332,True,IR
ir110215.0234,MAXI J0556-332,05:56:46.2,-33:10:29,2011-02-16,05:27:04.6,2455608.7271,60.0,1.81,H,H,,,,usbdrivereplog_J0556-332.csv,,,Data replog,,,J0556-332,True,IR
ir110215.0233,MAXI J0556-332,05:56:46.1,-33:10:29,2011-02-16,05:25:40.8,2455608.7262,50.0,1.8,J,J,,,,usbdrivereplog_J0556-332.csv,,,Data replog,,,J0556-332,True,IR
ir110215.0232,MAXI J0556-332,05:56:46.1,-33:10:28,2011-02-16,05:24:34.0,2455608.7254,50.0,1.79,J,J,,,,usbdrivereplog_J0556-332.csv,,,Data replog,,,J0556-332,True,IR
ir110215.0231,MAXI J0556-332,05:56:46.1,-33:10:27,2011-02-16,05:23:27.1,2455608.7246,50.0,1.78,J,J,,,,usbdrivereplog_J0556-332.csv,,,Data replog,,,J0556-332,True,IR
ir110215.0230,MAXI J0556-332,05:56:46.1,-33:10:27,2011-02-16,05:22:19.6,2455608.7238,50.0,1.77,J,J,,,,usbdrivereplog_J0556-332.csv,,,Data replog,,,J0556-332,True,IR
ir110215.0229,MAXI J0556-332,05:56:46.1,-33:10:26,2011-02-16,05:21:12.7,2455608.7231,50.0,1.76,J,J,,,,usbdrivereplog_J0556-332.csv,,,Data replog,,,J0556-332,True,IR
ir110215.0228,MAXI J0556-332,05:56:46.1,-33:10:26,2011-02-16,05:20:05.2,2455608.7223,50.0,1.75,J,J,,,,usbdrivereplog_J0556-332.csv,,,Data replog,,,J0556-332,True,IR
ir110215.0227,MAXI J0556-332,05:56:46.1,-33:10:26,2011-02-16,05:18:57.6,2455608.7215,50.0,1.74,J,J,,,,usbdrivereplog_J0556-332.csv,,,Data replog,,,J0556-332,True,IR
ir110215.0226,MAXI J0556-332,05:56:46.1,-33:10:25,2011-02-16,05:17:50.9,2455608.7207,50.0,1.73,J,J,,,,usbdrivereplog_J0556-332.csv,,,Data replog,,,J0556-332,True,IR
ir110215.0225,MAXI J0556-332,05:56:46.1,-33:10:25,2011-02-16,05:16:32.4,2455608.7198,50.0,1.72,J,J,,,,usbdrivereplog_J0556-332.csv,,,Data replog,,,J0556-332,True,IR
ir110215.0224,MAXI J0556-332,05:56:46.1,-33:10:25,2011-02-16,05:15:25.8,2455608.719,50.0,1.71,J,J,,,,usbdrivereplog_J0556-332.csv,,,Data replog,,,J0556-332,True,IR
ir110215.0223,MAXI J0556-332,05:56:46.1,-33:10:25,2011-02-16,05:14:18.8,2455608.7183,50.0,1.7,J,J,,,,usbdrivereplog_J0556-332.csv,,,Data replog,,,J0556-332,True,IR
ir110215.0222,MAXI J0556-332,05:56:46.1,-33:10:25,2011-02-16,05:13:11.8,2455608.7175,50.0,1.69,J,J,,,,usbdrivereplog_J0556-332.csv,,,Data replog,,,J0556-332,True,IR
ir110215.0221,MAXI J0556-332,05:56:46.1,-33:10:25,2011-02-16,05:12:04.8,2455608.7167,50.0,1.68,J,J,,,,usbdrivereplog_J0556-332.csv,,,Data replog,,,J0556-332,True,IR
ir110215.0220,MAXI J0556-332,05:56:46.1,-33:10:25,2011-02-16,05:10:57.5,2455608.716,50.0,1.67,J,J,,,,usbdrivereplog_J0556-332.csv,,,Data replog,,,J0556-332,True,IR
ir110215.0219,MAXI J0556-332,05:56:46.1,-33:10:25,2011-02-16,05:09:50.0,2455608.7152,50.0,1.66,J,J,,,,usbdrivereplog_J0556-332.csv,,,Data replog,,,J0556-332,True,IR
ir110215.0218,MAXI J0556-332,05:56:46.2,-33:10:25,2011-02-16,05:08:43.0,2455608.7144,50.0,1.66,J,J,,,,usbdrivereplog_J0556-332.csv,,,Data replog,,,J0556-332,True,IR
ir110207.0095,MAXI J0556-332,05:56:46.3,-33:10:24,2011-02-08,03:50:25.1,2455600.66,30.0,1.16,H,H,,,,usbdrivereplog_J0556-332.csv,,,Data replog,,,J0556-332,True,IR
ir110207.0093,MAXI J0556-332,05:56:46.3,-33:10:24,2011-02-08,03:48:50.4,2455600.6589,30.1,1.15,H,H,,,,usbdrivereplog_J0556-332.csv,,,Data replog,,,J0556-332,True,IR
ir110305.0125,MAXI J0556-332,05:56:46.7,-33:10:26,2011-03-06,02:00:34.0,2455626.5837,60.0,1.14,H,H,,,,usbdrivereplog_J0556-332.csv,,,Data replog,,,J0556-332,True,IR
ir110202.0247,MAXI J0556-332,05:56:44.5,-33:10:29,2011-02-03,05:55:24.3,2455595.7468,30.0,1.62,H,H,,,,usbdrivereplog_J0556-332.csv,,,Data replog,,,J0556-332,True,IR
ir110203.0056,MAXI J0556-332,05:56:46.2,-33:10:26,2011-02-04,04:16:10.3,2455596.6779,30.0,1.18,H,H,,,,usbdrivereplog_J0556-332.csv,,,Data replog,,,J0556-332,True,IR
ir110203.0055,MAXI J0556-332,05:56:46.3,-33:10:25,2011-02-04,04:15:23.6,2455596.6774,30.0,1.18,H,H,,,,usbdrivereplog_J0556-332.csv,,,Data replog,,,J0556-332,True,IR
ir110203.0054,MAXI J0556-332,05:56:46.2,-33:10:26,2011-02-04,04:14:36.4,2455596.6768,30.0,1.18,H,H,,,,usbdrivereplog_J0556-332.csv,,,Data replog,,,J0556-332,True,IR
ir110203.0053,MAXI J0556-332,05:56:46.2,-33:10:26,2011-02-04,04:13:49.2,2455596.6763,30.1,1.18,H,H,,,,usbdrivereplog_J0556-332.csv,,,Data replog,,,J0556-332,True,IR
ir110203.0052,MAXI J0556-332,05:56:46.2,-33:10:26,2011-02-04,04:13:02.5,2455596.6757,30.1,1.17,H,H,,,,usbdrivereplog_J0556-332.csv,,,Data replog,,,J0556-332,True,IR
ir110202.0253,MAXI J0556-332,05:56:44.5,-33:10:30,2011-02-03,06:00:09.8,2455595.7501,30.0,1.66,H,H,,,,usbdrivereplog_J0556-332.csv,,,Data replog,,,J0556-332,True,IR
ir110202.0252,MAXI J0556-332,05:56:44.4,-33:10:30,2011-02-03,05:59:22.6,2455595.7496,30.0,1.65,H,H,,,,usbdrivereplog_J0556-332.csv,,,Data replog,,,J0556-332,True,IR
ir110202.0251,MAXI J0556-332,05:56:44.5,-33:10:30,2011-02-03,05:58:34.8,2455595.749,30.0,1.65,H,H,,,,usbdrivereplog_J0556-332.csv,,,Data replog,,,J0556-332,True,IR
ir110202.0250,MAXI J0556-332,05:56:44.5,-33:10:29,2011-02-03,05:57:47.5,2455595.7485,30.1,1.64,H,H,,,,usbdrivereplog_J0556-332.csv,,,Data replog,,,J0556-332,True,IR
ir110202.0249,MAXI J0556-332,05:56:44.5,-33:10:29,2011-02-03,05:57:00.2,2455595.7479,30.0,1.63,H,H,,,,usbdrivereplog_J0556-332.csv,,,Data replog,,,J0556-332,True,IR
ir110202.0248,MAXI J0556-332,05:56:44.5,-33:10:29,2011-02-03,05:56:12.2,2455595.7474,30.0,1.63,H,H,,,,usbdrivereplog_J0556-332.csv,,,Data replog,,,J0556-332,True,IR
ir110202.0246,MAXI J0556-332,05:56:44.5,-33:10:29,2011-02-03,05:54:37.0,2455595.7463,30.0,1.62,H,H,,,,usbdrivereplog_J0556-332.csv,,,Data replog,,,J0556-332,True,IR
ir110207.0092,MAXI J0556-332,05:56:46.3,-33:10:23,2011-02-08,03:48:03.7,2455600.6584,30.0,1.15,H,H,,,,usbdrivereplog_J0556-332.csv,,,Data replog,,,J0556-332,True,IR
ir110202.0090,MAXI J0556-332,05:56:46.3,-33:10:24,2011-02-03,02:36:06.1,2455595.6084,30.0,1.02,H,H,,,,usbdrivereplog_J0556-332.csv,,,Data replog,,,J0556-332,True,IR
ir110202.0089,MAXI J0556-332,05:56:46.3,-33:10:24,2011-02-03,02:35:18.9,2455595.6079,30.1,1.02,H,H,,,,usbdrivereplog_J0556-332.csv,,,Data replog,,,J0556-332,True,IR
ir110202.0088,MAXI J0556-332,05:56:46.3,-33:10:24,2011-02-03,02:34:31.8,2455595.6073,30.0,1.02,H,H,,,,usbdrivereplog_J0556-332.csv,,,Data replog,,,J0556-332,True,IR
ir110202.0087,MAXI J0556-332,05:56:46.3,-33:10:24,2011-02-03,02:33:44.6,2455595.6068,30.0,1.02,H,H,,,,usbdrivereplog_J0556-332.csv,,,Data replog,,,J0556-332,True,IR
ir110202.0086,MAXI J0556-332,05:56:46.3,-33:10:25,2011-02-03,02:32:57.1,2455595.6062,30.1,1.02,H,H,,,,usbdrivereplog_J0556-332.csv,,,Data replog,,,J0556-332,True,IR
ir110202.0085,MAXI J0556-332,05:56:46.3,-33:10:25,2011-02-03,02:32:09.8,2455595.6057,30.1,1.01,H,H,,,,usbdrivereplog_J0556-332.csv,,,Data replog,,,J0556-332,True,IR
ir110202.0084,MAXI J0556-332,05:56:46.3,-33:10:25,2011-02-03,02:31:21.7,2455595.6051,30.1,1.01,H,H,,,,usbdrivereplog_J0556-332.csv,,,Data replog,,,J0556-332,True,IR
ir110202.0083,MAXI J0556-332,05:56:46.3,-33:10:25,2011-02-03,02:30:34.8,2455595.6046,30.1,1.01,H,H,,,,usbdrivereplog_J0556-332.csv,,,Data replog,,,J0556-332,True,IR
ir110201.0134,MAXI J0556-332,05:56:46.8,-33:10:22,2011-02-02,04:12:47.6,2455594.6755,30.1,1.15,H,H,,,,usbdrivereplog_J0556-332.csv,,,Data replog,,,J0556-332,True,IR
ir110201.0133,MAXI J0556-332,05:56:46.7,-33:10:22,2011-02-02,04:12:00.9,2455594.675,30.0,1.15,H,H,,,,usbdrivereplog_J0556-332.csv,,,Data replog,,,J0556-332,True,IR
ir110201.0132,MAXI J0556-332,05:56:46.8,-33:10:21,2011-02-02,04:11:13.7,2455594.6745,30.1,1.15,H,H,,,,usbdrivereplog_J0556-332.csv,,,Data replog,,,J0556-332,True,IR
ir110203.0057,MAXI J0556-332,05:56:46.2,-33:10:26,2011-02-04,04:16:57.8,2455596.6785,30.0,1.19,H,H,,,,usbdrivereplog_J0556-332.csv,,,Data replog,,,J0556-332,True,IR
ir110203.0058,MAXI J0556-332,05:56:46.3,-33:10:26,2011-02-04,04:17:44.7,2455596.679,30.0,1.19,H,H,,,,usbdrivereplog_J0556-332.csv,,,Data replog,,,J0556-332,True,IR
ir110203.0059,MAXI J0556-332,05:56:46.3,-33:10:26,2011-02-04,04:18:32.1,2455596.6796,30.0,1.19,H,H,,,,usbdrivereplog_J0556-332.csv,,,Data replog,,,J0556-332,True,IR
ir110204.0074,MAXI J0556-332,05:56:46.2,-33:10:26,2011-02-05,04:14:14.9,2455597.6766,30.0,1.19,H,H,,,,usbdrivereplog_J0556-332.csv,,,Data replog,,,J0556-332,True,IR
ir110206.0107,MAXI J0556-332,05:56:46.3,-33:10:22,2011-02-07,02:55:52.8,2455599.6222,30.0,1.05,H,H,,,,usbdrivereplog_J0556-332.csv,,,Data replog,,,J0556-332,True,IR
ir110206.0106,MAXI J0556-332,05:56:46.3,-33:10:22,2011-02-07,02:55:06.1,2455599.6216,30.0,1.05,H,H,,,,usbdrivereplog_J0556-332.csv,,,Data replog,,,J0556-332,True,IR
ir110206.0105,MAXI J0556-332,05:56:46.3,-33:10:23,2011-02-07,02:54:19.2,2455599.6211,30.1,1.05,H,H,,,,usbdrivereplog_J0556-332.csv,,,Data replog,,,J0556-332,True,IR
ir110206.0104,MAXI J0556-332,05:56:46.3,-33:10:23,2011-02-07,02:53:31.6,2455599.6205,30.0,1.05,H,H,,,,usbdrivereplog_J0556-332.csv,,,Data replog,,,J0556-332,True,IR
ir110206.0103,MAXI J0556-332,05:56:46.2,-33:10:23,2011-02-07,02:52:44.9,2455599.62,30.0,1.05,H,H,,,,usbdrivereplog_J0556-332.csv,,,Data replog,,,J0556-332,True,IR
ir110206.0102,MAXI J0556-332,05:56:46.3,-33:10:23,2011-02-07,02:51:57.9,2455599.6194,30.0,1.05,H,H,,,,usbdrivereplog_J0556-332.csv,,,Data replog,,,J0556-332,True,IR
ir110206.0101,MAXI J0556-332,05:56:46.2,-33:10:24,2011-02-07,02:51:10.4,2455599.6189,30.0,1.05,H,H,,,,usbdrivereplog_J0556-332.csv,,,Data replog,,,J0556-332,True,IR
ir110206.0100,MAXI J0556-332,05:56:46.2,-33:10:25,2011-02-07,02:50:23.6,2455599.6183,30.0,1.04,H,H,,,,usbdrivereplog_J0556-332.csv,,,Data replog,,,J0556-332,True,IR
ir110205.0104,MAXI J0556-332,05:56:46.2,-33:10:25,2011-02-06,04:20:07.3,2455598.6806,30.0,1.22,H,H,,,,usbdrivereplog_J0556-332.csv,,,Data replog,,,J0556-332,True,IR
ir110205.0103,MAXI J0556-332,05:56:46.2,-33:10:25,2011-02-06,04:19:20.4,2455598.6801,30.0,1.21,H,H,,,,usbdrivereplog_J0556-332.csv,,,Data replog,,,J0556-332,True,IR
ir110205.0102,MAXI J0556-332,05:56:46.2,-33:10:25,2011-02-06,04:18:33.6,2455598.6796,30.1,1.21,H,H,,,,usbdrivereplog_J0556-332.csv,,,Data replog,,,J0556-332,True,IR
ir110205.0101,MAXI J0556-332,05:56:46.2,-33:10:25,2011-02-06,04:17:45.9,2455598.679,30.0,1.21,H,H,,,,usbdrivereplog_J0556-332.csv,,,Data replog,,,J0556-332,True,IR
ir110205.0100,MAXI J0556-332,05:56:46.2,-33:10:25,2011-02-06,04:16:59.0,2455598.6785,30.1,1.21,H,H,,,,usbdrivereplog_J0556-332.csv,,,Data replog,,,J0556-332,True,IR
ir110205.0099,MAXI J0556-332,05:56:46.2,-33:10:26,2011-02-06,04:16:11.5,2455598.6779,30.1,1.21,H,H,,,,usbdrivereplog_J0556-332.csv,,,Data replog,,,J0556-332,True,IR
ir110205.0098,MAXI J0556-332,05:56:46.2,-33:10:26,2011-02-06,04:15:23.8,2455598.6774,30.0,1.2,H,H,,,,usbdrivereplog_J0556-332.csv,,,Data replog,,,J0556-332,True,IR
ir110205.0097,MAXI J0556-332,05:56:46.2,-33:10:26,2011-02-06,04:14:37.1,2455598.6768,30.1,1.2,H,H,,,,usbdrivereplog_J0556-332.csv,,,Data replog,,,J0556-332,True,IR
ir110204.0081,MAXI J0556-332,05:56:46.3,-33:10:26,2011-02-05,04:19:43.1,2455597.6804,30.0,1.2,H,H,,,,usbdrivereplog_J0556-332.csv,,,Data replog,,,J0556-332,True,IR
ir110204.0080,MAXI J0556-332,05:56:46.4,-33:10:26,2011-02-05,04:18:56.4,2455597.6798,30.1,1.2,H,H,,,,usbdrivereplog_J0556-332.csv,,,Data replog,,,J0556-332,True,IR
ir110204.0079,MAXI J0556-332,05:56:46.3,-33:10:27,2011-02-05,04:18:09.6,2455597.6793,30.0,1.2,H,H,,,,usbdrivereplog_J0556-332.csv,,,Data replog,,,J0556-332,True,IR
ir110204.0078,MAXI J0556-332,05:56:46.3,-33:10:26,2011-02-05,04:17:22.3,2455597.6787,30.0,1.2,H,H,,,,usbdrivereplog_J0556-332.csv,,,Data replog,,,J0556-332,True,IR
ir110204.0077,MAXI J0556-332,05:56:46.3,-33:10:26,2011-02-05,04:16:35.7,2455597.6782,30.0,1.19,H,H,,,,usbdrivereplog_J0556-332.csv,,,Data replog,,,J0556-332,True,IR
ir110204.0076,MAXI J0556-332,05:56:46.3,-33:10:26,2011-02-05,04:15:48.6,2455597.6776,30.1,1.19,H,H,,,,usbdrivereplog_J0556-332.csv,,,Data replog,,,J0556-332,True,IR
ir110204.0075,MAXI J0556-332,05:56:46.2,-33:10:26,2011-02-05,04:15:01.3,2455597.6771,30.0,1.19,H,H,,,,usbdrivereplog_J0556-332.csv,,,Data replog,,,J0556-332,True,IR
ir110215.0241,MAXI J0556-332,05:56:46.3,-33:10:33,2011-02-16,05:36:04.2,2455608.7334,60.0,1.91,H,H,,,,usbdrivereplog_J0556-332.csv,,,Data replog,,,J0556-332,True,IR
ir110216.0215,MAXI J0556-332,05:56:46.2,-33:10:23,2011-02-17,05:21:26.6,2455609.7232,60.0,1.8,H,H,,,,usbdrivereplog_J0556-332.csv,,,Data replog,,,J0556-332,True,IR
ir110216.0216,MAXI J0556-332,05:56:46.2,-33:10:24,2011-02-17,05:22:43.4,2455609.7241,60.0,1.81,H,H,,,,usbdrivereplog_J0556-332.csv,,,Data replog,,,J0556-332,True,IR
ir110226.0051,MAXI J0556-332,05:56:45.0,-33:10:16,2011-02-27,00:58:50.8,2455619.5409,60.0,1.02,H,H,,,,usbdrivereplog_J0556-332.csv,,,Data replog,,,J0556-332,True,IR
ir110228.0077,MAXI J0556-332,05:56:45.2,-33:10:13,2011-03-01,01:24:38.0,2455621.5588,60.0,1.05,H,H,,,,usbdrivereplog_J0556-332.csv,,,Data replog,,,J0556-332,True,IR
ir110227.0087,MAXI J0556-332,05:56:46.5,-33:10:18,2011-02-28,01:19:16.7,2455620.5551,60.0,1.04,H,H,,,,usbdrivereplog_J0556-332.csv,,,Data replog,,,J0556-332,True,IR
ir110227.0086,MAXI J0556-332,05:56:46.5,-33:10:18,2011-02-28,01:18:00.3,2455620.5542,60.0,1.03,H,H,,,,usbdrivereplog_J0556-332.csv,,,Data replog,,,J0556-332,True,IR
ir110227.0085,MAXI J0556-332,05:56:46.5,-33:10:18,2011-02-28,01:16:43.3,2455620.5533,60.0,1.03,H,H,,,,usbdrivereplog_J0556-332.csv,,,Data replog,,,J0556-332,True,IR
ir110227.0084,MAXI J0556-332,05:56:46.4,-33:10:18,2011-02-28,01:15:26.6,2455620.5524,60.0,1.03,H,H,,,,usbdrivereplog_J0556-332.csv,,,Data replog,,,J0556-332,True,IR
ir110227.0083,MAXI J0556-332,05:56:46.4,-33:10:18,2011-02-28,01:14:10.2,2455620.5515,60.0,1.03,H,H,,,,usbdrivereplog_J0556-332.csv,,,Data replog,,,J0556-332,True,IR
ir110227.0082,MAXI J0556-332,05:56:46.4,-33:10:18,2011-02-28,01:12:53.2,2455620.5506,60.0,1.03,H,H,,,,usbdrivereplog_J0556-332.csv,,,Data replog,,,J0556-332,True,IR
ir110227.0081,MAXI J0556-332,05:56:46.3,-33:10:18,2011-02-28,01:11:36.3,2455620.5497,60.0,1.03,H,H,,,,usbdrivereplog_J0556-332.csv,,,Data replog,,,J0556-332,True,IR
ir110227.0080,MAXI J0556-332,05:56:46.3,-33:10:19,2011-02-28,01:10:19.9,2455620.5488,60.0,1.03,H,H,,,,usbdrivereplog_J0556-332.csv,,,Data replog,,,J0556-332,True,IR
ir110226.0053,MAXI J0556-332,05:56:45.0,-33:10:15,2011-02-27,01:01:23.8,2455619.5426,60.0,1.02,H,H,,,,usbdrivereplog_J0556-332.csv,,,Data replog,,,J0556-332,True,IR
ir110226.0052,MAXI J0556-332,05:56:45.0,-33:10:16,2011-02-27,01:00:07.1,2455619.5417,60.0,1.02,H,H,,,,usbdrivereplog_J0556-332.csv,,,Data replog,,,J0556-332,True,IR
ir110226.0050,MAXI J0556-332,05:56:44.9,-33:10:16,2011-02-27,00:57:34.1,2455619.54,60.0,1.01,H,H,,,,usbdrivereplog_J0556-332.csv,,,Data replog,,,J0556-332,True,IR
ir110216.0217,MAXI J0556-332,05:56:46.2,-33:10:24,2011-02-17,05:24:00.8,2455609.725,60.0,1.82,H,H,,,,usbdrivereplog_J0556-332.csv,,,Data replog,,,J0556-332,True,IR
ir110226.0049,MAXI J0556-332,05:56:44.9,-33:10:16,2011-02-27,00:56:17.8,2455619.5391,60.0,1.01,H,H,,,,usbdrivereplog_J0556-332.csv,,,Data replog,,,J0556-332,True,IR
ir110226.0048,MAXI J0556-332,05:56:44.9,-33:10:16,2011-02-27,00:55:01.2,2455619.5382,60.0,1.01,H,H,,,,usbdrivereplog_J0556-332.csv,,,Data replog,,,J0556-332,True,IR
ir110226.0047,MAXI J0556-332,05:56:44.9,-33:10:16,2011-02-27,00:53:44.3,2455619.5373,60.0,1.01,H,H,,,,usbdrivereplog_J0556-332.csv,,,Data replog,,,J0556-332,True,IR
ir110226.0046,MAXI J0556-332,05:56:44.9,-33:10:16,2011-02-27,00:52:27.9,2455619.5364,60.0,1.01,H,H,,,,usbdrivereplog_J0556-332.csv,,,Data replog,,,J0556-332,True,IR
ir110225.0087,MAXI J0556-332,05:56:45.8,-33:10:27,2011-02-26,01:59:40.3,2455618.5831,60.0,1.08,H,H,,,,usbdrivereplog_J0556-332.csv,,,Data replog,,,J0556-332,True,IR
ir110225.0086,MAXI J0556-332,05:56:45.9,-33:10:28,2011-02-26,01:58:24.0,2455618.5822,60.0,1.08,H,H,,,,usbdrivereplog_J0556-332.csv,,,Data replog,,,J0556-332,True,IR
ir110225.0085,MAXI J0556-332,05:56:45.8,-33:10:28,2011-02-26,01:57:07.3,2455618.5813,60.0,1.07,H,H,,,,usbdrivereplog_J0556-332.csv,,,Data replog,,,J0556-332,True,IR
ir110225.0084,MAXI J0556-332,05:56:45.9,-33:10:28,2011-02-26,01:55:50.6,2455618.5804,60.0,1.07,H,H,,,,usbdrivereplog_J0556-332.csv,,,Data replog,,,J0556-332,True,IR
ir110225.0083,MAXI J0556-332,05:56:46.0,-33:10:28,2011-02-26,01:54:34.3,2455618.5796,60.0,1.07,H,H,,,,usbdrivereplog_J0556-332.csv,,,Data replog,,,J0556-332,True,IR
ir110225.0082,MAXI J0556-332,05:56:45.9,-33:10:28,2011-02-26,01:53:17.4,2455618.5787,60.0,1.07,H,H,,,,usbdrivereplog_J0556-332.csv,,,Data replog,,,J0556-332,True,IR
ir110225.0081,MAXI J0556-332,05:56:46.0,-33:10:29,2011-02-26,01:52:00.6,2455618.5778,60.0,1.07,H,H,,,,usbdrivereplog_J0556-332.csv,,,Data replog,,,J0556-332,True,IR
ir110228.0078,MAXI J0556-332,05:56:45.3,-33:10:13,2011-03-01,01:25:54.6,2455621.5597,60.0,1.05,H,H,,,,usbdrivereplog_J0556-332.csv,,,Data replog,,,J0556-332,True,IR
ir110228.0079,MAXI J0556-332,05:56:45.4,-33:10:13,2011-03-01,01:27:11.2,2455621.5605,60.0,1.05,H,H,,,,usbdrivereplog_J0556-332.csv,,,Data replog,,,J0556-332,True,IR
ir110228.0080,MAXI J0556-332,05:56:45.4,-33:10:12,2011-03-01,01:28:27.9,2455621.5614,60.0,1.05,H,H,,,,usbdrivereplog_J0556-332.csv,,,Data replog,,,J0556-332,True,IR
ir110228.0081,MAXI J0556-332,05:56:45.4,-33:10:12,2011-03-01,01:29:44.1,2455621.5623,60.0,1.05,H,H,,,,usbdrivereplog_J0556-332.csv,,,Data replog,,,J0556-332,True,IR
ir110305.0124,MAXI J0556-332,05:56:46.7,-33:10:26,2011-03-06,01:59:17.7,2455626.5828,60.0,1.14,H,H,,,,usbdrivereplog_J0556-332.csv,,,Data replog,,,J0556-332,True,IR
ir110305.0123,MAXI J0556-332,05:56:46.7,-33:10:26,2011-03-06,01:58:01.0,2455626.582,60.0,1.13,H,H,,,,usbdrivereplog_J0556-332.csv,,,Data replog,,,J0556-332,True,IR
ir110305.0122,MAXI J0556-332,05:56:46.7,-33:10:26,2011-03-06,01:56:43.8,2455626.5811,60.0,1.13,H,H,,,,usbdrivereplog_J0556-332.csv,,,Data replog,,,J0556-332,True,IR
ir110305.0121,MAXI J0556-332,05:56:46.7,-33:10:26,2011-03-06,01:55:27.4,2455626.5802,60.0,1.13,H,H,,,,usbdrivereplog_J0556-332.csv,,,Data replog,,,J0556-332,True,IR
ir110304.0113,MAXI J0556-332,05:56:46.1,-33:10:26,2011-03-05,02:44:09.5,2455625.614,60.0,1.25,H,H,,,,usbdrivereplog_J0556-332.csv,,,Data replog,,,J0556-332,True,IR
ir110304.0112,MAXI J0556-332,05:56:46.1,-33:10:26,2011-03-05,02:42:52.8,2455625.6131,60.0,1.25,H,H,,,,usbdrivereplog_J0556-332.csv,,,Data replog,,,J0556-332,True,IR
ir110304.0111,MAXI J0556-332,05:56:46.2,-33:10:26,2011-03-05,02:41:36.1,2455625.6122,60.0,1.24,H,H,,,,usbdrivereplog_J0556-332.csv,,,Data replog,,,J0556-332,True,IR
ir110304.0110,MAXI J0556-332,05:56:46.2,-33:10:26,2011-03-05,02:40:19.5,2455625.6113,60.0,1.24,H,H,,,,usbdrivereplog_J0556-332.csv,,,Data replog,,,J0556-332,True,IR
ir110304.0109,MAXI J0556-332,05:56:46.3,-33:10:27,2011-03-05,02:39:02.8,2455625.6105,60.0,1.23,H,H,,,,usbdrivereplog_J0556-332.csv,,,Data replog,,,J0556-332,True,IR
ir110304.0108,MAXI J0556-332,05:56:46.3,-33:10:27,2011-03-05,02:37:46.0,2455625.6096,60.0,1.23,H,H,,,,usbdrivereplog_J0556-332.csv,,,Data replog,,,J0556-332,True,IR
ir110304.0107,MAXI J0556-332,05:56:46.2,-33:10:27,2011-03-05,02:36:29.1,2455625.6087,60.0,1.22,H,H,,,,usbdrivereplog_J0556-332.csv,,,Data replog,,,J0556-332,True,IR
ir110304.0106,MAXI J0556-332,05:56:46.2,-33:10:27,2011-03-05,02:35:12.8,2455625.6078,60.0,1.22,H,H,,,,usbdrivereplog_J0556-332.csv,,,Data replog,,,J0556-332,True,IR
ir110302.0181,MAXI J0556-332,05:56:47.5,-33:10:32,2011-03-03,04:13:58.2,2455623.6764,60.0,1.69,H,H,,,,usbdrivereplog_J0556-332.csv,,,Data replog,,,J0556-332,True,IR
ir110302.0180,MAXI J0556-332,05:56:47.6,-33:10:33,2011-03-03,04:12:41.6,2455623.6755,60.0,1.68,H,H,,,,usbdrivereplog_J0556-332.csv,,,Data replog,,,J0556-332,True,IR
ir110302.0179,MAXI J0556-332,05:56:47.6,-33:10:33,2011-03-03,04:11:24.8,2455623.6746,60.0,1.67,H,H,,,,usbdrivereplog_J0556-332.csv,,,Data replog,,,J0556-332,True,IR
ir110302.0178,MAXI J0556-332,05:56:47.7,-33:10:33,2011-03-03,04:10:08.1,2455623.6737,60.0,1.66,H,H,,,,usbdrivereplog_J0556-332.csv,,,Data replog,,,J0556-332,True,IR
ir110302.0177,MAXI J0556-332,05:56:47.7,-33:10:33,2011-03-03,04:08:51.4,2455623.6728,60.0,1.65,H,H,,,,usbdrivereplog_J0556-332.csv,,,Data replog,,,J0556-332,True,IR
ir110302.0176,MAXI J0556-332,05:56:47.8,-33:10:33,2011-03-03,04:07:34.6,2455623.6719,60.0,1.64,H,H,,,,usbdrivereplog_J0556-332.csv,,,Data replog,,,J0556-332,True,IR
ir110302.0175,MAXI J0556-332,05:56:47.8,-33:10:33,2011-03-03,04:06:17.9,2455623.671,60.0,1.63,H,H,,,,usbdrivereplog_J0556-332.csv,,,Data replog,,,J0556-332,True,IR
ir110302.0174,MAXI J0556-332,05:56:47.9,-33:10:34,2011-03-03,04:05:01.5,2455623.6702,60.0,1.62,H,H,,,,usbdrivereplog_J0556-332.csv,,,Data replog,,,J0556-332,True,IR
ir110228.0084,MAXI J0556-332,05:56:45.4,-33:10:11,2011-03-01,01:33:33.5,2455621.565,60.0,1.06,H,H,,,,usbdrivereplog_J0556-332.csv,,,Data replog,,,J0556-332,True,IR
ir110228.0083,MAXI J0556-332,05:56:45.4,-33:10:12,2011-03-01,01:32:17.4,2455621.5641,60.0,1.05,H,H,,,,usbdrivereplog_J0556-332.csv,,,Data replog,,,J0556-332,True,IR
ir110228.0082,MAXI J0556-332,05:56:45.4,-33:10:12,2011-03-01,01:31:00.8,2455621.5632,60.0,1.05,H,H,,,,usbdrivereplog_J0556-332.csv,,,Data replog,,,J0556-332,True,IR
ir110225.0080,MAXI J0556-332,05:56:46.0,-33:10:29,2011-02-26,01:50:44.0,2455618.5769,60.0,1.06,H,H,,,,usbdrivereplog_J0556-332.csv,,,Data replog,,,J0556-332,True,IR
ir110224.0090,MAXI J0556-332,05:56:46.4,-33:10:18,2011-02-25,02:01:16.9,2455617.5842,60.0,1.07,H,H,,,,usbdrivereplog_J0556-332.csv,,,Data replog,,,J0556-332,True,IR
ir110224.0089,MAXI J0556-332,05:56:46.4,-33:10:18,2011-02-25,02:00:00.8,2455617.5833,60.0,1.07,H,H,,,,usbdrivereplog_J0556-332.csv,,,Data replog,,,J0556-332,True,IR
ir110219.0085,MAXI J0556-332,05:56:46.9,-33:10:23,2011-02-20,02:54:54.7,2455612.6215,60.0,1.14,H,H,,,,usbdrivereplog_J0556-332.csv,,,Data replog,,,J0556-332,True,IR
ir110219.0083,MAXI J0556-332,05:56:46.8,-33:10:24,2011-02-20,02:52:20.0,2455612.6197,60.0,1.13,H,H,,,,usbdrivereplog_J0556-332.csv,,,Data replog,,,J0556-332,True,IR
ir110219.0082,MAXI J0556-332,05:56:46.8,-33:10:23,2011-02-20,02:51:03.0,2455612.6188,60.0,1.13,H,H,,,,usbdrivereplog_J0556-332.csv,,,Data replog,,,J0556-332,True,IR
ir110218.0087,MAXI J0556-332,05:56:46.1,-33:10:23,2011-02-19,01:41:03.1,2455611.5702,60.0,1.02,H,H,,,,usbdrivereplog_J0556-332.csv,,,Data replog,,,J0556-332,True,IR
ir110218.0086,MAXI J0556-332,05:56:46.1,-33:10:23,2011-02-19,01:39:46.4,2455611.5693,60.0,1.02,H,H,,,,usbdrivereplog_J0556-332.csv,,,Data replog,,,J0556-332,True,IR
ir110218.0085,MAXI J0556-332,05:56:46.2,-33:10:24,2011-02-19,01:38:29.3,2455611.5684,60.0,1.02,H,H,,,,usbdrivereplog_J0556-332.csv,,,Data replog,,,J0556-332,True,IR
ir110218.0084,MAXI J0556-332,05:56:46.1,-33:10:24,2011-02-19,01:37:12.1,2455611.5675,60.0,1.02,H,H,,,,usbdrivereplog_J0556-332.csv,,,Data replog,,,J0556-332,True,IR
ir110218.0083,MAXI J0556-332,05:56:46.2,-33:10:24,2011-02-19,01:35:55.3,2455611.5666,60.0,1.02,H,H,,,,usbdrivereplog_J0556-332.csv,,,Data replog,,,J0556-332,True,IR
ir110218.0082,MAXI J0556-332,05:56:46.2,-33:10:24,2011-02-19,01:34:38.1,2455611.5657,60.0,1.02,H,H,,,,usbdrivereplog_J0556-332.csv,,,Data replog,,,J0556-332,True,IR
ir110218.0081,MAXI J0556-332,05:56:46.1,-33:10:24,2011-02-19,01:33:20.6,2455611.5648,60.0,1.02,H,H,,,,usbdrivereplog_J0556-332.csv,,,Data replog,,,J0556-332,True,IR
ir110218.0080,MAXI J0556-332,05:56:46.2,-33:10:25,2011-02-19,01:32:03.9,2455611.5639,60.0,1.02,H,H,,,,usbdrivereplog_J0556-332.csv,,,Data replog,,,J0556-332,True,IR
ir110217.0198,MAXI J0556-332,05:56:46.4,-33:10:28,2011-02-18,05:21:36.9,2455610.7234,60.0,1.84,H,H,,,,usbdrivereplog_J0556-332.csv,,,Data replog,,,J0556-332,True,IR
ir110217.0197,MAXI J0556-332,05:56:46.3,-33:10:28,2011-02-18,05:20:20.1,2455610.7225,60.0,1.83,H,H,,,,usbdrivereplog_J0556-332.csv,,,Data replog,,,J0556-332,True,IR
ir110217.0196,MAXI J0556-332,05:56:46.3,-33:10:27,2011-02-18,05:19:03.1,2455610.7216,60.0,1.81,H,H,,,,usbdrivereplog_J0556-332.csv,,,Data replog,,,J0556-332,True,IR
ir110217.0195,MAXI J0556-332,05:56:46.3,-33:10:27,2011-02-18,05:17:45.6,2455610.7207,60.0,1.8,H,H,,,,usbdrivereplog_J0556-332.csv,,,Data replog,,,J0556-332,True,IR
ir110217.0194,MAXI J0556-332,05:56:46.2,-33:10:26,2011-02-18,05:16:28.9,2455610.7198,60.0,1.79,H,H,,,,usbdrivereplog_J0556-332.csv,,,Data replog,,,J0556-332,True,IR
ir110217.0193,MAXI J0556-332,05:56:46.2,-33:10:26,2011-02-18,05:15:11.4,2455610.7189,60.0,1.78,H,H,,,,usbdrivereplog_J0556-332.csv,,,Data replog,,,J0556-332,True,IR
ir110217.0192,MAXI J0556-332,05:56:46.2,-33:10:26,2011-02-18,05:13:54.0,2455610.718,60.0,1.77,H,H,,,,usbdrivereplog_J0556-332.csv,,,Data replog,,,J0556-332,True,IR
ir110217.0191,MAXI J0556-332,05:56:46.2,-33:10:25,2011-02-18,05:12:37.1,2455610.7171,60.0,1.75,H,H,,,,usbdrivereplog_J0556-332.csv,,,Data replog,,,J0556-332,True,IR
ir110216.0222,MAXI J0556-332,05:56:46.2,-33:10:25,2011-02-17,05:30:25.9,2455609.7295,60.0,1.89,H,H,,,,usbdrivereplog_J0556-332.csv,,,Data replog,,,J0556-332,True,IR
ir110216.0221,MAXI J0556-332,05:56:46.2,-33:10:25,2011-02-17,05:29:09.4,2455609.7286,60.0,1.87,H,H,,,,usbdrivereplog_J0556-332.csv,,,Data replog,,,J0556-332,True,IR
ir110216.0220,MAXI J0556-332,05:56:46.2,-33:10:25,2011-02-17,05:27:51.9,2455609.7277,60.0,1.86,H,H,,,,usbdrivereplog_J0556-332.csv,,,Data replog,,,J0556-332,True,IR
ir110216.0219,MAXI J0556-332,05:56:46.2,-33:10:24,2011-02-17,05:26:35.0,2455609.7268,60.0,1.85,H,H,,,,usbdrivereplog_J0556-332.csv,,,Data replog,,,J0556-332,True,IR
ir110216.0218,MAXI J0556-332,05:56:46.2,-33:10:24,2011-02-17,05:25:18.2,2455609.7259,60.0,1.84,H,H,,,,usbdrivereplog_J0556-332.csv,,,Data replog,,,J0556-332,True,IR
ir110219.0084,MAXI J0556-332,05:56:46.9,-33:10:23,2011-02-20,02:53:37.3,2455612.6206,60.0,1.13,H,H,,,,usbdrivereplog_J0556-332.csv,,,Data replog,,,J0556-332,True,IR
ir110219.0086,MAXI J0556-332,05:56:46.8,-33:10:23,2011-02-20,02:56:11.4,2455612.6224,60.0,1.14,H,H,,,,usbdrivereplog_J0556-332.csv,,,Data replog,,,J0556-332,True,IR
ir110224.0088,MAXI J0556-332,05:56:46.4,-33:10:19,2011-02-25,01:58:44.1,2455617.5825,60.0,1.07,H,H,,,,usbdrivereplog_J0556-332.csv,,,Data replog,,,J0556-332,True,IR
ir110219.0087,MAXI J0556-332,05:56:46.9,-33:10:24,2011-02-20,02:57:28.8,2455612.6233,60.0,1.14,H,H,,,,usbdrivereplog_J0556-332.csv,,,Data replog,,,J0556-332,True,IR
ir110224.0087,MAXI J0556-332,05:56:46.4,-33:10:19,2011-02-25,01:57:27.5,2455617.5816,60.0,1.07,H,H,,,,usbdrivereplog_J0556-332.csv,,,Data replog,,,J0556-332,True,IR
ir110224.0086,MAXI J0556-332,05:56:46.4,-33:10:19,2011-02-25,01:56:11.4,2455617.5807,60.0,1.07,H,H,,,,usbdrivereplog_J0556-332.csv,,,Data replog,,,J0556-332,True,IR
ir110224.0085,MAXI J0556-332,05:56:46.4,-33:10:19,2011-02-25,01:54:54.7,2455617.5798,60.0,1.06,H,H,,,,usbdrivereplog_J0556-332.csv,,,Data replog,,,J0556-332,True,IR
ir110224.0084,MAXI J0556-332,05:56:46.5,-33:10:19,2011-02-25,01:53:38.0,2455617.5789,60.0,1.06,H,H,,,,usbdrivereplog_J0556-332.csv,,,Data replog,,,J0556-332,True,IR
ir110224.0083,MAXI J0556-332,05:56:46.5,-33:10:19,2011-02-25,01:52:21.7,2455617.578,60.0,1.06,H,H,,,,usbdrivereplog_J0556-332.csv,,,Data replog,,,J0556-332,True,IR
ir110223.0085,MAXI J0556-332,05:56:46.3,-33:10:24,2011-02-24,01:45:48.7,2455616.5735,60.0,1.05,H,H,,,,usbdrivereplog_J0556-332.csv,,,Data replog,,,J0556-332,True,IR
ir110223.0084,MAXI J0556-332,05:56:46.3,-33:10:25,2011-02-24,01:44:32.1,2455616.5726,60.0,1.05,H,H,,,,usbdrivereplog_J0556-332.csv,,,Data replog,,,J0556-332,True,IR
ir110223.0083,MAXI J0556-332,05:56:46.3,-33:10:25,2011-02-24,01:43:15.3,2455616.5717,60.0,1.04,H,H,,,,usbdrivereplog_J0556-332.csv,,,Data replog,,,J0556-332,True,IR
ir110223.0082,MAXI J0556-332,05:56:46.2,-33:10:25,2011-02-24,01:41:58.6,2455616.5708,60.0,1.04,H,H,,,,usbdrivereplog_J0556-332.csv,,,Data replog,,,J0556-332,True,IR
ir110223.0081,MAXI J0556-332,05:56:46.2,-33:10:25,2011-02-24,01:40:42.4,2455616.5699,60.0,1.04,H,H,,,,usbdrivereplog_J0556-332.csv,,,Data replog,,,J0556-332,True,IR
ir110223.0080,MAXI J0556-332,05:56:46.2,-33:10:25,2011-02-24,01:39:25.4,2455616.5691,60.0,1.04,H,H,,,,usbdrivereplog_J0556-332.csv,,,Data replog,,,J0556-332,True,IR
ir110223.0079,MAXI J0556-332,05:56:46.1,-33:10:25,2011-02-24,01:38:08.7,2455616.5682,60.0,1.04,H,H,,,,usbdrivereplog_J0556-332.csv,,,Data replog,,,J0556-332,True,IR
ir110223.0078,MAXI J0556-332,05:56:46.2,-33:10:26,2011-02-24,01:36:52.4,2455616.5673,60.0,1.04,H,H,,,,usbdrivereplog_J0556-332.csv,,,Data replog,,,J0556-332,True,IR
ir110222.0103,MAXI J0556-332,05:56:46.2,-33:10:29,2011-02-23,02:31:57.0,2455615.6055,60.0,1.11,H,H,,,,usbdrivereplog_J0556-332.csv,,,Data replog,,,J0556-332,True,IR
ir110222.0102,MAXI J0556-332,05:56:46.2,-33:10:29,2011-02-23,02:30:40.5,2455615.6046,60.0,1.11,H,H,,,,usbdrivereplog_J0556-332.csv,,,Data replog,,,J0556-332,True,IR
ir110222.0101,MAXI J0556-332,05:56:46.2,-33:10:29,2011-02-23,02:29:23.5,2455615.6037,60.0,1.11,H,H,,,,usbdrivereplog_J0556-332.csv,,,Data replog,,,J0556-332,True,IR
ir110222.0100,MAXI J0556-332,05:56:46.1,-33:10:29,2011-02-23,02:28:06.9,2455615.6029,60.0,1.11,H,H,,,,usbdrivereplog_J0556-332.csv,,,Data replog,,,J0556-332,True,IR
ir110222.0099,MAXI J0556-332,05:56:46.1,-33:10:29,2011-02-23,02:26:50.7,2455615.602,60.0,1.1,H,H,,,,usbdrivereplog_J0556-332.csv,,,Data replog,,,J0556-332,True,IR
ir110222.0098,MAXI J0556-332,05:56:46.0,-33:10:29,2011-02-23,02:25:34.1,2455615.6011,60.0,1.1,H,H,,,,usbdrivereplog_J0556-332.csv,,,Data replog,,,J0556-332,True,IR
ir110222.0097,MAXI J0556-332,05:56:46.1,-33:10:29,2011-02-23,02:24:17.5,2455615.6002,60.0,1.1,H,H,,,,usbdrivereplog_J0556-332.csv,,,Data replog,,,J0556-332,True,IR
ir110222.0096,MAXI J0556-332,05:56:46.0,-33:10:29,2011-02-23,02:23:01.3,2455615.5993,60.0,1.1,H,H,,,,usbdrivereplog_J0556-332.csv,,,Data replog,,,J0556-332,True,IR
ir110219.0089,MAXI J0556-332,05:56:47.0,-33:10:24,2011-02-20,03:00:03.2,2455612.625,60.0,1.15,H,H,,,,usbdrivereplog_J0556-332.csv,,,Data replog,,,J0556-332,True,IR
ir110219.0088,MAXI J0556-332,05:56:46.9,-33:10:24,2011-02-20,02:58:46.3,2455612.6242,60.0,1.15,H,H,,,,usbdrivereplog_J0556-332.csv,,,Data replog,,,J0556-332,True,IR
ir110201.0131,MAXI J0556-332,05:56:46.8,-33:10:21,2011-02-02,04:10:26.9,2455594.6739,30.0,1.15,H,H,,,,usbdrivereplog_J0556-332.csv,,,Data replog,,,J0556-332,True,IR
ir110201.0129,MAXI J0556-332,05:56:46.7,-33:10:21,2011-02-02,04:08:52.8,2455594.6728,30.0,1.14,H,H,,,,usbdrivereplog_J0556-332.csv,,,Data replog,,,J0556-332,True,IR
ir111101.0255,MAXI J0556-332,05:56:47.0,-33:10:23,2011-11-02,05:08:31.1,2455867.7143,60.0,1.23,H,H,,,,usbdrivereplog_J0556-332.csv,,,Data replog,,,J0556-332,True,IR
ir111014.0051,MAXI J0556-332,05:56:46.9,-33:10:22,2011-10-15,07:36:02.2,2455849.8167,60.0,1.06,H,H,,,,usbdrivereplog_J0556-332.csv,,,Data replog,,,J0556-332,True,IR
ir111014.0050,MAXI J0556-332,05:56:46.9,-33:10:22,2011-10-15,07:34:46.3,2455849.8158,60.0,1.06,H,H,,,,usbdrivereplog_J0556-332.csv,,,Data replog,,,J0556-332,True,IR
ir111014.0049,MAXI J0556-332,05:56:46.9,-33:10:22,2011-10-15,07:33:30.6,2455849.8149,60.0,1.06,H,H,,,,usbdrivereplog_J0556-332.csv,,,Data replog,,,J0556-332,True,IR
ir111014.0048,MAXI J0556-332,05:56:46.9,-33:10:22,2011-10-15,07:32:15.3,2455849.8141,60.0,1.07,H,H,,,,usbdrivereplog_J0556-332.csv,,,Data replog,,,J0556-332,True,IR
ir111101.0262,MAXI J0556-332,05:56:47.1,-33:10:22,2011-11-02,05:17:20.8,2455867.7204,60.0,1.2,H,H,,,,usbdrivereplog_J0556-332.csv,,,Data replog,,,J0556-332,True,IR
ir111101.0261,MAXI J0556-332,05:56:47.0,-33:10:22,2011-11-02,05:16:05.4,2455867.7195,60.0,1.21,H,H,,,,usbdrivereplog_J0556-332.csv,,,Data replog,,,J0556-332,True,IR
ir111101.0260,MAXI J0556-332,05:56:47.0,-33:10:22,2011-11-02,05:14:49.6,2455867.7186,60.0,1.21,H,H,,,,usbdrivereplog_J0556-332.csv,,,Data replog,,,J0556-332,True,IR
ir111101.0259,MAXI J0556-332,05:56:47.0,-33:10:23,2011-11-02,05:13:33.8,2455867.7178,60.0,1.21,H,H,,,,usbdrivereplog_J0556-332.csv,,,Data replog,,,J0556-332,True,IR
ir111101.0258,MAXI J0556-332,05:56:47.0,-33:10:22,2011-11-02,05:12:18.4,2455867.7169,60.0,1.22,H,H,,,,usbdrivereplog_J0556-332.csv,,,Data replog,,,J0556-332,True,IR
ir111101.0257,MAXI J0556-332,05:56:47.0,-33:10:22,2011-11-02,05:11:02.6,2455867.716,60.0,1.22,H,H,,,,usbdrivereplog_J0556-332.csv,,,Data replog,,,J0556-332,True,IR
ir111101.0256,MAXI J0556-332,05:56:47.0,-33:10:22,2011-11-02,05:09:46.8,2455867.7151,60.0,1.23,H,H,,,,usbdrivereplog_J0556-332.csv,,,Data replog,,,J0556-332,True,IR
ir111222.0195,MAXI J0556-332,05:56:47.2,-33:10:25,2011-12-23,06:02:27.9,2455918.7517,60.0,1.06,H,H,,,,usbdrivereplog_J0556-332.csv,,,Data replog,,,J0556-332,True,IR
ir111206.0201,MAXI J0556-332,05:56:45.5,-33:10:43,2011-12-07,04:12:31.9,2455902.6754,60.0,1.05,H,H,,,,usbdrivereplog_J0556-332.csv,,,Data replog,,,J0556-332,True,IR
ir111222.0194,MAXI J0556-332,05:56:47.2,-33:10:25,2011-12-23,06:01:12.1,2455918.7508,60.0,1.06,H,H,,,,usbdrivereplog_J0556-332.csv,,,Data replog,,,J0556-332,True,IR
ir111222.0193,MAXI J0556-332,05:56:47.2,-33:10:25,2011-12-23,05:59:56.2,2455918.75,60.0,1.05,H,H,,,,usbdrivereplog_J0556-332.csv,,,Data replog,,,J0556-332,True,IR
ir111222.0192,MAXI J0556-332,05:56:47.2,-33:10:25,2011-12-23,05:58:40.2,2455918.7491,60.0,1.05,H,H,,,,usbdrivereplog_J0556-332.csv,,,Data replog,,,J0556-332,True,IR
ir111222.0191,MAXI J0556-332,05:56:47.1,-33:10:25,2011-12-23,05:57:24.2,2455918.7482,60.0,1.05,H,H,,,,usbdrivereplog_J0556-332.csv,,,Data replog,,,J0556-332,True,IR
ir111222.0190,MAXI J0556-332,05:56:47.1,-33:10:25,2011-12-23,05:56:08.3,2455918.7473,60.0,1.05,H,H,,,,usbdrivereplog_J0556-332.csv,,,Data replog,,,J0556-332,True,IR
ir111222.0189,MAXI J0556-332,05:56:47.1,-33:10:25,2011-12-23,05:54:52.3,2455918.7464,60.0,1.05,H,H,,,,usbdrivereplog_J0556-332.csv,,,Data replog,,,J0556-332,True,IR
ir111222.0188,MAXI J0556-332,05:56:47.0,-33:10:26,2011-12-23,05:53:36.4,2455918.7456,60.0,1.05,H,H,,,,usbdrivereplog_J0556-332.csv,,,Data replog,,,J0556-332,True,IR
ir111206.0206,MAXI J0556-332,05:56:45.7,-33:10:42,2011-12-07,04:18:54.4,2455902.6798,60.0,1.05,H,H,,,,usbdrivereplog_J0556-332.csv,,,Data replog,,,J0556-332,True,IR
ir111206.0205,MAXI J0556-332,05:56:45.6,-33:10:42,2011-12-07,04:17:38.2,2455902.6789,60.0,1.05,H,H,,,,usbdrivereplog_J0556-332.csv,,,Data replog,,,J0556-332,True,IR
ir111206.0204,MAXI J0556-332,05:56:45.6,-33:10:42,2011-12-07,04:16:21.7,2455902.678,60.0,1.05,H,H,,,,usbdrivereplog_J0556-332.csv,,,Data replog,,,J0556-332,True,IR
ir111206.0203,MAXI J0556-332,05:56:45.6,-33:10:42,2011-12-07,04:15:04.9,2455902.6771,60.0,1.05,H,H,,,,usbdrivereplog_J0556-332.csv,,,Data replog,,,J0556-332,True,IR
ir111014.0052,MAXI J0556-332,05:56:46.9,-33:10:22,2011-10-15,07:37:18.0,2455849.8176,60.0,1.06,H,H,,,,usbdrivereplog_J0556-332.csv,,,Data replog,,,J0556-332,True,IR
ir111014.0053,MAXI J0556-332,05:56:46.9,-33:10:22,2011-10-15,07:38:33.7,2455849.8185,60.0,1.06,H,H,,,,usbdrivereplog_J0556-332.csv,,,Data replog,,,J0556-332,True,IR
ir111014.0054,MAXI J0556-332,05:56:47.0,-33:10:22,2011-10-15,07:39:49.4,2455849.8193,60.0,1.06,H,H,,,,usbdrivereplog_J0556-332.csv,,,Data replog,,,J0556-332,True,IR
ir111014.0055,MAXI J0556-332,05:56:47.0,-33:10:22,2011-10-15,07:41:04.8,2455849.8202,60.0,1.05,H,H,,,,usbdrivereplog_J0556-332.csv,,,Data replog,,,J0556-332,True,IR
ir111203.0203,MAXI J0556-332,05:56:44.9,-33:10:06,2011-12-04,04:57:06.7,2455899.7063,60.0,1.02,H,H,,,,usbdrivereplog_J0556-332.csv,,,Data replog,,,J0556-332,True,IR
ir111203.0202,MAXI J0556-332,05:56:45.0,-33:10:06,2011-12-04,04:55:50.4,2455899.7054,60.0,1.02,H,H,,,,usbdrivereplog_J0556-332.csv,,,Data replog,,,J0556-332,True,IR
ir111203.0201,MAXI J0556-332,05:56:45.0,-33:10:06,2011-12-04,04:54:34.0,2455899.7046,60.0,1.02,H,H,,,,usbdrivereplog_J0556-332.csv,,,Data replog,,,J0556-332,True,IR
ir111203.0200,MAXI J0556-332,05:56:45.0,-33:10:06,2011-12-04,04:53:17.8,2455899.7037,60.0,1.02,H,H,,,,usbdrivereplog_J0556-332.csv,,,Data replog,,,J0556-332,True,IR
ir111203.0199,MAXI J0556-332,05:56:45.0,-33:10:06,2011-12-04,04:52:01.2,2455899.7028,60.0,1.03,H,H,,,,usbdrivereplog_J0556-332.csv,,,Data replog,,,J0556-332,True,IR
ir111203.0198,MAXI J0556-332,05:56:45.1,-33:10:06,2011-12-04,04:50:44.5,2455899.7019,60.0,1.03,H,H,,,,usbdrivereplog_J0556-332.csv,,,Data replog,,,J0556-332,True,IR
ir111203.0197,MAXI J0556-332,05:56:45.1,-33:10:06,2011-12-04,04:49:28.3,2455899.701,60.0,1.03,H,H,,,,usbdrivereplog_J0556-332.csv,,,Data replog,,,J0556-332,True,IR
ir111121.0224,MAXI J0556-332,05:56:44.5,-33:10:38,2011-11-22,04:51:35.3,2455887.7025,60.0,1.08,H,H,,,,usbdrivereplog_J0556-332.csv,,,Data replog,,,J0556-332,True,IR
ir111121.0223,MAXI J0556-332,05:56:44.6,-33:10:38,2011-11-22,04:50:19.2,2455887.7016,60.0,1.09,H,H,,,,usbdrivereplog_J0556-332.csv,,,Data replog,,,J0556-332,True,IR
ir111121.0222,MAXI J0556-332,05:56:44.5,-33:10:38,2011-11-22,04:49:02.9,2455887.7007,60.0,1.09,H,H,,,,usbdrivereplog_J0556-332.csv,,,Data replog,,,J0556-332,True,IR
ir111121.0221,MAXI J0556-332,05:56:44.6,-33:10:38,2011-11-22,04:47:46.7,2455887.6998,60.0,1.09,H,H,,,,usbdrivereplog_J0556-332.csv,,,Data replog,,,J0556-332,True,IR
ir111121.0220,MAXI J0556-332,05:56:44.5,-33:10:38,2011-11-22,04:46:30.4,2455887.699,60.0,1.09,H,H,,,,usbdrivereplog_J0556-332.csv,,,Data replog,,,J0556-332,True,IR
ir111121.0219,MAXI J0556-332,05:56:44.5,-33:10:38,2011-11-22,04:45:14.0,2455887.6981,60.0,1.09,H,H,,,,usbdrivereplog_J0556-332.csv,,,Data replog,,,J0556-332,True,IR
ir111121.0218,MAXI J0556-332,05:56:44.6,-33:10:38,2011-11-22,04:43:57.7,2455887.6972,60.0,1.1,H,H,,,,usbdrivereplog_J0556-332.csv,,,Data replog,,,J0556-332,True,IR
ir111121.0217,MAXI J0556-332,05:56:44.5,-33:10:39,2011-11-22,04:42:41.7,2455887.6963,60.0,1.1,H,H,,,,usbdrivereplog_J0556-332.csv,,,Data replog,,,J0556-332,True,IR
ir111030.0231,MAXI J0556-332,05:56:47.0,-33:10:19,2011-10-31,06:10:36.1,2455865.7574,60.0,1.1,H,H,,,,usbdrivereplog_J0556-332.csv,,,Data replog,,,J0556-332,True,IR
ir111030.0230,MAXI J0556-332,05:56:47.0,-33:10:20,2011-10-31,06:09:20.6,2455865.7565,60.0,1.1,H,H,,,,usbdrivereplog_J0556-332.csv,,,Data replog,,,J0556-332,True,IR
ir111030.0229,MAXI J0556-332,05:56:47.0,-33:10:20,2011-10-31,06:08:04.8,2455865.7556,60.0,1.1,H,H,,,,usbdrivereplog_J0556-332.csv,,,Data replog,,,J0556-332,True,IR
ir111030.0228,MAXI J0556-332,05:56:47.0,-33:10:20,2011-10-31,06:06:49.0,2455865.7547,60.0,1.1,H,H,,,,usbdrivereplog_J0556-332.csv,,,Data replog,,,J0556-332,True,IR
ir111030.0227,MAXI J0556-332,05:56:47.1,-33:10:20,2011-10-31,06:05:33.3,2455865.7539,60.0,1.11,H,H,,,,usbdrivereplog_J0556-332.csv,,,Data replog,,,J0556-332,True,IR
ir111030.0226,MAXI J0556-332,05:56:47.1,-33:10:20,2011-10-31,06:04:17.4,2455865.753,60.0,1.11,H,H,,,,usbdrivereplog_J0556-332.csv,,,Data replog,,,J0556-332,True,IR
ir111030.0225,MAXI J0556-332,05:56:47.0,-33:10:21,2011-10-31,06:03:01.5,2455865.7521,60.0,1.11,H,H,,,,usbdrivereplog_J0556-332.csv,,,Data replog,,,J0556-332,True,IR
ir111030.0224,MAXI J0556-332,05:56:47.1,-33:10:21,2011-10-31,06:01:46.1,2455865.7512,60.0,1.11,H,H,,,,usbdrivereplog_J0556-332.csv,,,Data replog,,,J0556-332,True,IR
ir111206.0202,MAXI J0556-332,05:56:45.6,-33:10:42,2011-12-07,04:13:48.5,2455902.6763,60.0,1.05,H,H,,,,usbdrivereplog_J0556-332.csv,,,Data replog,,,J0556-332,True,IR
ir111206.0200,MAXI J0556-332,05:56:45.6,-33:10:43,2011-12-07,04:11:15.0,2455902.6745,60.0,1.06,H,H,,,,usbdrivereplog_J0556-332.csv,,,Data replog,,,J0556-332,True,IR
ir111022.0259,MAXI J0556-332,05:56:43.6,-33:10:25,2011-10-23,05:52:15.3,2455857.7446,60.0,1.22,H,H,,,,usbdrivereplog_J0556-332.csv,,,Data replog,,,J0556-332,True,IR
ir111020.0312,MAXI J0556-332,05:56:43.7,-33:10:26,2011-10-21,06:48:29.1,2455855.7837,60.0,1.1,H,H,,,,usbdrivereplog_J0556-332.csv,,,Data replog,,,J0556-332,True,IR
ir110413.0051,MAXI J0556-332,,,2011-04-14,00:41:24.5,2455665.5288,60.0,,H,H,,,,usbdrivereplog_J0556-332.csv,,,Data replog,,,J0556-332,True,IR
ir110413.0050,MAXI J0556-332,,,2011-04-14,00:40:07.7,2455665.5279,60.0,,H,H,,,,usbdrivereplog_J0556-332.csv,,,Data replog,,,J0556-332,True,IR
ir110413.0049,MAXI J0556-332,,,2011-04-14,00:38:50.5,2455665.527,60.0,,H,H,,,,usbdrivereplog_J0556-332.csv,,,Data replog,,,J0556-332,True,IR
ir110413.0048,MAXI J0556-332,,,2011-04-14,00:37:33.7,2455665.5261,60.0,,H,H,,,,usbdrivereplog_J0556-332.csv,,,Data replog,,,J0556-332,True,IR
ir110413.0047,MAXI J0556-332,,,2011-04-14,00:36:17.4,2455665.5252,60.0,,H,H,,,,usbdrivereplog_J0556-332.csv,,,Data replog,,,J0556-332,True,IR
ir111020.0318,MAXI J0556-332,05:56:43.8,-33:10:25,2011-10-21,06:56:03.4,2455855.7889,60.0,1.09,H,H,,,,usbdrivereplog_J0556-332.csv,,,Data replog,,,J0556-332,True,IR
ir111020.0317,MAXI J0556-332,05:56:43.7,-33:10:26,2011-10-21,06:54:48.1,2455855.7881,60.0,1.09,H,H,,,,usbdrivereplog_J0556-332.csv,,,Data replog,,,J0556-332,True,IR
ir111020.0316,MAXI J0556-332,05:56:43.7,-33:10:26,2011-10-21,06:53:32.3,2455855.7872,60.0,1.09,H,H,,,,usbdrivereplog_J0556-332.csv,,,Data replog,,,J0556-332,True,IR
ir111020.0315,MAXI J0556-332,05:56:43.7,-33:10:26,2011-10-21,06:52:16.5,2455855.7863,60.0,1.09,H,H,,,,usbdrivereplog_J0556-332.csv,,,Data replog,,,J0556-332,True,IR
ir111020.0314,MAXI J0556-332,05:56:43.7,-33:10:26,2011-10-21,06:51:00.7,2455855.7854,60.0,1.09,H,H,,,,usbdrivereplog_J0556-332.csv,,,Data replog,,,J0556-332,True,IR
ir111020.0313,MAXI J0556-332,05:56:43.7,-33:10:26,2011-10-21,06:49:44.9,2455855.7845,60.0,1.1,H,H,,,,usbdrivereplog_J0556-332.csv,,,Data replog,,,J0556-332,True,IR
ir111020.0311,MAXI J0556-332,05:56:43.7,-33:10:26,2011-10-21,06:47:13.6,2455855.7828,60.0,1.1,H,H,,,,usbdrivereplog_J0556-332.csv,,,Data replog,,,J0556-332,True,IR
ir111206.0199,MAXI J0556-332,05:56:45.6,-33:10:44,2011-12-07,04:09:58.5,2455902.6736,60.0,1.06,H,H,,,,usbdrivereplog_J0556-332.csv,,,Data replog,,,J0556-332,True,IR
ir111129.0188,MAXI J0556-332,05:56:47.7,-33:10:23,2011-11-30,04:38:00.4,2455895.6931,60.0,1.06,H,H,,,,usbdrivereplog_J0556-332.csv,,,Data replog,,,J0556-332,True,IR
ir111129.0187,MAXI J0556-332,05:56:47.7,-33:10:23,2011-11-30,04:36:44.3,2455895.6922,60.0,1.06,H,H,,,,usbdrivereplog_J0556-332.csv,,,Data replog,,,J0556-332,True,IR
ir111129.0186,MAXI J0556-332,05:56:47.7,-33:10:23,2011-11-30,04:35:27.9,2455895.6913,60.0,1.06,H,H,,,,usbdrivereplog_J0556-332.csv,,,Data replog,,,J0556-332,True,IR
ir111129.0185,MAXI J0556-332,05:56:47.6,-33:10:23,2011-11-30,04:34:11.5,2455895.6904,60.0,1.06,H,H,,,,usbdrivereplog_J0556-332.csv,,,Data replog,,,J0556-332,True,IR
ir111129.0184,MAXI J0556-332,05:56:47.6,-33:10:23,2011-11-30,04:32:55.4,2455895.6895,60.0,1.06,H,H,,,,usbdrivereplog_J0556-332.csv,,,Data replog,,,J0556-332,True,IR
ir111129.0183,MAXI J0556-332,05:56:47.6,-33:10:23,2011-11-30,04:31:38.8,2455895.6886,60.0,1.07,H,H,,,,usbdrivereplog_J0556-332.csv,,,Data replog,,,J0556-332,True,IR
ir111129.0182,MAXI J0556-332,05:56:47.6,-33:10:23,2011-11-30,04:30:22.5,2455895.6878,60.0,1.07,H,H,,,,usbdrivereplog_J0556-332.csv,,,Data replog,,,J0556-332,True,IR
ir111129.0181,MAXI J0556-332,05:56:47.6,-33:10:23,2011-11-30,04:29:06.2,2455895.6869,60.0,1.07,H,H,,,,usbdrivereplog_J0556-332.csv,,,Data replog,,,J0556-332,True,IR
ir110929.0239,MAXI J0556-332,05:56:46.6,-33:10:25,2011-09-30,08:31:15.1,2455834.855,60.0,1.07,H,H,,,,usbdrivereplog_J0556-332.csv,,,Data replog,,,J0556-332,True,IR
ir110929.0238,MAXI J0556-332,05:56:46.6,-33:10:25,2011-09-30,08:29:59.8,2455834.8542,60.0,1.07,H,H,,,,usbdrivereplog_J0556-332.csv,,,Data replog,,,J0556-332,True,IR
ir110929.0237,MAXI J0556-332,05:56:46.6,-33:10:25,2011-09-30,08:28:44.0,2455834.8533,60.0,1.07,H,H,,,,usbdrivereplog_J0556-332.csv,,,Data replog,,,J0556-332,True,IR
ir110413.0052,MAXI J0556-332,,,2011-04-14,00:42:41.3,2455665.5296,60.0,,H,H,,,,usbdrivereplog_J0556-332.csv,,,Data replog,,,J0556-332,True,IR
ir110413.0053,MAXI J0556-332,,,2011-04-14,00:43:58.3,2455665.5305,60.0,,H,H,,,,usbdrivereplog_J0556-332.csv,,,Data replog,,,J0556-332,True,IR
ir110413.0054,MAXI J0556-332,,,2011-04-14,00:45:15.1,2455665.5314,60.0,,H,H,,,,usbdrivereplog_J0556-332.csv,,,Data replog,,,J0556-332,True,IR
ir110402.0019,MAXI J0556-332,,,2011-04-02,23:36:42.0,2455654.4838,60.0,,H,H,,,,usbdrivereplog_J0556-332.csv,,,Data replog,,,J0556-332,True,IR
irfocus.0140,MAXI J0556-332,05:56:46.5,-33:10:25,2011-12-26,05:43:05.7,2455921.7383,60.0,1.05,H,H,,,,usbdrivereplog_J0556-332.csv,,,Data replog,,,J0556-332,True,IR
irfocus.0139,MAXI J0556-332,05:56:46.5,-33:10:25,2011-12-26,05:41:50.1,2455921.7374,60.0,1.05,H,H,,,,usbdrivereplog_J0556-332.csv,,,Data replog,,,J0556-332,True,IR
irfocus.0138,MAXI J0556-332,05:56:46.4,-33:10:25,2011-12-26,05:40:34.3,2455921.7365,60.0,1.04,H,H,,,,usbdrivereplog_J0556-332.csv,,,Data replog,,,J0556-332,True,IR
irfocus.0137,MAXI J0556-332,05:56:46.4,-33:10:25,2011-12-26,05:39:18.4,2455921.7356,60.0,1.04,H,H,,,,usbdrivereplog_J0556-332.csv,,,Data replog,,,J0556-332,True,IR
irfocus.0136,MAXI J0556-332,05:56:46.4,-33:10:25,2011-12-26,05:38:02.5,2455921.7348,60.0,1.04,H,H,,,,usbdrivereplog_J0556-332.csv,,,Data replog,,,J0556-332,True,IR
irfocus.0135,MAXI J0556-332,05:56:46.3,-33:10:25,2011-12-26,05:36:46.5,2455921.7339,60.0,1.04,H,H,,,,usbdrivereplog_J0556-332.csv,,,Data replog,,,J0556-332,True,IR
irfocus.0134,MAXI J0556-332,05:56:46.2,-33:10:25,2011-12-26,05:35:30.6,2455921.733,60.0,1.04,H,H,,,,usbdrivereplog_J0556-332.csv,,,Data replog,,,J0556-332,True,IR
irfocus.0133,MAXI J0556-332,05:56:46.2,-33:10:26,2011-12-26,05:34:14.7,2455921.7321,60.0,1.04,H,H,,,,usbdrivereplog_J0556-332.csv,,,Data replog,,,J0556-332,True,IR
ir111213.0187,MAXI J0556-332,05:56:47.5,-33:10:23,2011-12-14,05:09:59.4,2455909.7153,60.0,1.0,H,H,,,,usbdrivereplog_J0556-332.csv,,,Data replog,,,J0556-332,True,IR
ir111213.0186,MAXI J0556-332,05:56:47.4,-33:10:24,2011-12-14,05:08:42.9,2455909.7144,60.0,1.0,H,H,,,,usbdrivereplog_J0556-332.csv,,,Data replog,,,J0556-332,True,IR
ir111213.0185,MAXI J0556-332,05:56:47.3,-33:10:24,2011-12-14,05:07:26.5,2455909.7135,60.0,1.0,H,H,,,,usbdrivereplog_J0556-332.csv,,,Data replog,,,J0556-332,True,IR
ir111213.0184,MAXI J0556-332,05:56:47.3,-33:10:24,2011-12-14,05:06:10.1,2455909.7126,60.0,1.0,H,H,,,,usbdrivereplog_J0556-332.csv,,,Data replog,,,J0556-332,True,IR
ir111213.0183,MAXI J0556-332,05:56:47.3,-33:10:24,2011-12-14,05:04:53.9,2455909.7117,60.0,1.0,H,H,,,,usbdrivereplog_J0556-332.csv,,,Data replog,,,J0556-332,True,IR
ir111213.0182,MAXI J0556-332,05:56:47.3,-33:10:25,2011-12-14,05:03:37.6,2455909.7109,60.0,1.0,H,H,,,,usbdrivereplog_J0556-332.csv,,,Data replog,,,J0556-332,True,IR
ir111213.0181,MAXI J0556-332,05:56:47.2,-33:10:25,2011-12-14,05:02:21.2,2455909.71,60.0,1.0,H,H,,,,usbdrivereplog_J0556-332.csv,,,Data replog,,,J0556-332,True,IR
ir111213.0180,MAXI J0556-332,05:56:47.1,-33:10:25,2011-12-14,05:01:05.0,2455909.7091,60.0,1.0,H,H,,,,usbdrivereplog_J0556-332.csv,,,Data replog,,,J0556-332,True,IR
ir110402.0026,MAXI J0556-332,,,2011-04-02,23:45:39.2,2455654.49,60.0,,H,H,,,,usbdrivereplog_J0556-332.csv,,,Data replog,,,J0556-332,True,IR
ir110402.0025,MAXI J0556-332,,,2011-04-02,23:44:22.6,2455654.4891,60.0,,H,H,,,,usbdrivereplog_J0556-332.csv,,,Data replog,,,J0556-332,True,IR
ir110402.0024,MAXI J0556-332,,,2011-04-02,23:43:05.7,2455654.4883,60.0,,H,H,,,,usbdrivereplog_J0556-332.csv,,,Data replog,,,J0556-332,True,IR
ir110402.0023,MAXI J0556-332,,,2011-04-02,23:41:48.9,2455654.4874,60.0,,H,H,,,,usbdrivereplog_J0556-332.csv,,,Data replog,,,J0556-332,True,IR
ir110402.0022,MAXI J0556-332,,,2011-04-02,23:40:32.6,2455654.4865,60.0,,H,H,,,,usbdrivereplog_J0556-332.csv,,,Data replog,,,J0556-332,True,IR
ir110402.0021,MAXI J0556-332,,,2011-04-02,23:39:15.3,2455654.4856,60.0,,H,H,,,,usbdrivereplog_J0556-332.csv,,,Data replog,,,J0556-332,True,IR
ir110402.0020,MAXI J0556-332,,,2011-04-02,23:37:58.5,2455654.4847,60.0,,H,H,,,,usbdrivereplog_J0556-332.csv,,,Data replog,,,J0556-332,True,IR
ir111203.0204,MAXI J0556-332,05:56:44.9,-33:10:06,2011-12-04,04:58:22.9,2455899.7072,60.0,1.02,H,H,,,,usbdrivereplog_J0556-332.csv,,,Data replog,,,J0556-332,True,IR
ir111022.0260,MAXI J0556-332,05:56:43.6,-33:10:26,2011-10-23,05:53:30.6,2455857.7455,60.0,1.21,H,H,,,,usbdrivereplog_J0556-332.csv,,,Data replog,,,J0556-332,True,IR
ir110201.0128,MAXI J0556-332,05:56:46.7,-33:10:21,2011-02-02,04:08:05.8,2455594.6723,30.0,1.14,H,H,,,,usbdrivereplog_J0556-332.csv,,,Data replog,,,J0556-332,True,IR
ir111028.0146,MAXI J0556-332,05:56:46.4,-33:10:22,2011-10-29,04:57:18.0,2455863.7065,60.0,1.33,H,H,,,,usbdrivereplog_J0556-332.csv,,,Data replog,,,J0556-332,True,IR
ir110429dark.0012,MAXI J0556-332,05:56:46.5,-33:10:25,2011-04-29,22:49:23.8,2455681.451,60.0,1.2,H,H,,,,usbdrivereplog_J0556-332.csv,,,Data replog,,,J0556-332,True,IR
ir110429dark.0011,MAXI J0556-332,05:56:46.5,-33:10:25,2011-04-29,22:48:08.2,2455681.4501,60.0,1.2,H,H,,,,usbdrivereplog_J0556-332.csv,,,Data replog,,,J0556-332,True,IR
ir111024.0307,MAXI J0556-332,05:56:43.4,-33:10:05,2011-10-25,06:35:49.8,2455859.7749,60.0,1.09,H,H,,,,usbdrivereplog_J0556-332.csv,,,Data replog,,,J0556-332,True,IR
ir111024.0306,MAXI J0556-332,05:56:43.4,-33:10:05,2011-10-25,06:34:34.0,2455859.774,60.0,1.1,H,H,,,,usbdrivereplog_J0556-332.csv,,,Data replog,,,J0556-332,True,IR
ir111024.0305,MAXI J0556-332,05:56:43.4,-33:10:05,2011-10-25,06:33:18.3,2455859.7731,60.0,1.1,H,H,,,,usbdrivereplog_J0556-332.csv,,,Data replog,,,J0556-332,True,IR
ir111024.0304,MAXI J0556-332,05:56:43.4,-33:10:05,2011-10-25,06:32:02.5,2455859.7722,60.0,1.1,H,H,,,,usbdrivereplog_J0556-332.csv,,,Data replog,,,J0556-332,True,IR
ir111024.0303,MAXI J0556-332,05:56:43.4,-33:10:05,2011-10-25,06:30:46.7,2455859.7714,60.0,1.1,H,H,,,,usbdrivereplog_J0556-332.csv,,,Data replog,,,J0556-332,True,IR
ir111024.0302,MAXI J0556-332,05:56:43.4,-33:10:05,2011-10-25,06:29:30.6,2455859.7705,60.0,1.1,H,H,,,,usbdrivereplog_J0556-332.csv,,,Data replog,,,J0556-332,True,IR
ir111024.0301,MAXI J0556-332,05:56:43.4,-33:10:05,2011-10-25,06:28:14.9,2455859.7696,60.0,1.11,H,H,,,,usbdrivereplog_J0556-332.csv,,,Data replog,,,J0556-332,True,IR
ir111024.0300,MAXI J0556-332,05:56:43.4,-33:10:05,2011-10-25,06:26:59.4,2455859.7687,60.0,1.11,H,H,,,,usbdrivereplog_J0556-332.csv,,,Data replog,,,J0556-332,True,IR
ir111028.0147,MAXI J0556-332,05:56:46.3,-33:10:22,2011-10-29,04:58:33.3,2455863.7073,60.0,1.32,H,H,,,,usbdrivereplog_J0556-332.csv,,,Data replog,,,J0556-332,True,IR
ir111028.0145,MAXI J0556-332,05:56:46.4,-33:10:22,2011-10-29,04:56:02.2,2455863.7056,60.0,1.33,H,H,,,,usbdrivereplog_J0556-332.csv,,,Data replog,,,J0556-332,True,IR
ir111202.0199,MAXI J0556-332,05:56:44.9,-33:10:12,2011-12-03,04:54:28.6,2455898.7045,60.0,1.03,H,H,,,,usbdrivereplog_J0556-332.csv,,,Data replog,,,J0556-332,True,IR
ir111028.0144,MAXI J0556-332,05:56:46.5,-33:10:22,2011-10-29,04:54:46.5,2455863.7047,60.0,1.34,H,H,,,,usbdrivereplog_J0556-332.csv,,,Data replog,,,J0556-332,True,IR
ir111028.0143,MAXI J0556-332,05:56:46.6,-33:10:22,2011-10-29,04:53:30.7,2455863.7038,60.0,1.34,H,H,,,,usbdrivereplog_J0556-332.csv,,,Data replog,,,J0556-332,True,IR
ir111028.0142,MAXI J0556-332,05:56:46.7,-33:10:22,2011-10-29,04:52:14.8,2455863.7029,60.0,1.35,H,H,,,,usbdrivereplog_J0556-332.csv,,,Data replog,,,J0556-332,True,IR
ir111028.0141,MAXI J0556-332,05:56:46.6,-33:10:22,2011-10-29,04:50:59.0,2455863.7021,60.0,1.36,H,H,,,,usbdrivereplog_J0556-332.csv,,,Data replog,,,J0556-332,True,IR
ir111028.0140,MAXI J0556-332,05:56:46.8,-33:10:21,2011-10-29,04:49:43.7,2455863.7012,60.0,1.36,H,H,,,,usbdrivereplog_J0556-332.csv,,,Data replog,,,J0556-332,True,IR
ir111202.0206,MAXI J0556-332,05:56:44.8,-33:10:11,2011-12-03,05:03:24.5,2455898.7107,60.0,1.02,H,H,,,,usbdrivereplog_J0556-332.csv,,,Data replog,,,J0556-332,True,IR
ir111202.0205,MAXI J0556-332,05:56:44.8,-33:10:11,2011-12-03,05:02:08.0,2455898.7098,60.0,1.02,H,H,,,,usbdrivereplog_J0556-332.csv,,,Data replog,,,J0556-332,True,IR
ir111202.0204,MAXI J0556-332,05:56:44.8,-33:10:11,2011-12-03,05:00:51.6,2455898.7089,60.0,1.02,H,H,,,,usbdrivereplog_J0556-332.csv,,,Data replog,,,J0556-332,True,IR
ir111202.0203,MAXI J0556-332,05:56:44.8,-33:10:11,2011-12-03,04:59:35.1,2455898.7081,60.0,1.02,H,H,,,,usbdrivereplog_J0556-332.csv,,,Data replog,,,J0556-332,True,IR
ir111202.0202,MAXI J0556-332,05:56:44.9,-33:10:12,2011-12-03,04:58:18.9,2455898.7072,60.0,1.02,H,H,,,,usbdrivereplog_J0556-332.csv,,,Data replog,,,J0556-332,True,IR
ir111202.0201,MAXI J0556-332,05:56:44.9,-33:10:12,2011-12-03,04:57:02.3,2455898.7063,60.0,1.02,H,H,,,,usbdrivereplog_J0556-332.csv,,,Data replog,,,J0556-332,True,IR
ir110429dark.0013,MAXI J0556-332,05:56:46.5,-33:10:25,2011-04-29,22:50:39.7,2455681.4519,60.0,1.21,H,H,,,,usbdrivereplog_J0556-332.csv,,,Data replog,,,J0556-332,True,IR
ir110429dark.0014,MAXI J0556-332,05:56:46.6,-33:10:25,2011-04-29,22:51:55.5,2455681.4527,60.0,1.21,H,H,,,,usbdrivereplog_J0556-332.csv,,,Data replog,,,J0556-332,True,IR
ir110429dark.0015,MAXI J0556-332,05:56:46.5,-33:10:25,2011-04-29,22:53:11.1,2455681.4536,60.0,1.22,H,H,,,,usbdrivereplog_J0556-332.csv,,,Data replog,,,J0556-332,True,IR
ir110429dark.0016,MAXI J0556-332,05:56:46.6,-33:10:25,2011-04-29,22:54:27.0,2455681.4545,60.0,1.22,H,H,,,,usbdrivereplog_J0556-332.csv,,,Data replog,,,J0556-332,True,IR
ir111019.0207,MAXI J0556-332,05:56:46.0,-33:10:26,2011-10-20,05:27:31.1,2455854.7275,60.0,1.35,H,H,,,,usbdrivereplog_J0556-332.csv,,,Data replog,,,J0556-332,True,IR
ir111019.0206,MAXI J0556-332,05:56:46.0,-33:10:26,2011-10-20,05:26:15.8,2455854.7266,60.0,1.36,H,H,,,,usbdrivereplog_J0556-332.csv,,,Data replog,,,J0556-332,True,IR
ir111019.0205,MAXI J0556-332,05:56:46.1,-33:10:26,2011-10-20,05:25:00.1,2455854.7257,60.0,1.36,H,H,,,,usbdrivereplog_J0556-332.csv,,,Data replog,,,J0556-332,True,IR
ir111019.0204,MAXI J0556-332,05:56:46.0,-33:10:26,2011-10-20,05:23:44.3,2455854.7248,60.0,1.37,H,H,,,,usbdrivereplog_J0556-332.csv,,,Data replog,,,J0556-332,True,IR
ir111019.0203,MAXI J0556-332,05:56:46.2,-33:10:26,2011-10-20,05:22:29.0,2455854.724,60.0,1.37,H,H,,,,usbdrivereplog_J0556-332.csv,,,Data replog,,,J0556-332,True,IR
ir111108.0118,MAXI J0556-332,05:56:43.7,-33:10:12,2011-11-09,07:05:02.5,2455874.7952,60.0,1.01,H,H,,,,usbdrivereplog_J0556-332.csv,,,Data replog,,,J0556-332,True,IR
ir111108.0117,MAXI J0556-332,05:56:43.7,-33:10:12,2011-11-09,07:03:47.1,2455874.7943,60.0,1.01,H,H,,,,usbdrivereplog_J0556-332.csv,,,Data replog,,,J0556-332,True,IR
ir111108.0116,MAXI J0556-332,05:56:43.7,-33:10:12,2011-11-09,07:02:31.3,2455874.7934,60.0,1.01,H,H,,,,usbdrivereplog_J0556-332.csv,,,Data replog,,,J0556-332,True,IR
ir111108.0115,MAXI J0556-332,05:56:43.7,-33:10:12,2011-11-09,07:01:15.5,2455874.7925,60.0,1.01,H,H,,,,usbdrivereplog_J0556-332.csv,,,Data replog,,,J0556-332,True,IR
ir111108.0114,MAXI J0556-332,05:56:43.7,-33:10:11,2011-11-09,06:59:59.7,2455874.7917,60.0,1.01,H,H,,,,usbdrivereplog_J0556-332.csv,,,Data replog,,,J0556-332,True,IR
ir111108.0113,MAXI J0556-332,05:56:43.7,-33:10:11,2011-11-09,06:58:43.9,2455874.7908,60.0,1.01,H,H,,,,usbdrivereplog_J0556-332.csv,,,Data replog,,,J0556-332,True,IR
ir111108.0112,MAXI J0556-332,05:56:43.7,-33:10:12,2011-11-09,06:57:28.0,2455874.7899,60.0,1.01,H,H,,,,usbdrivereplog_J0556-332.csv,,,Data replog,,,J0556-332,True,IR
ir111108.0111,MAXI J0556-332,05:56:43.8,-33:10:12,2011-11-09,06:56:12.5,2455874.789,60.0,1.01,H,H,,,,usbdrivereplog_J0556-332.csv,,,Data replog,,,J0556-332,True,IR
ir111105.0309,MAXI J0556-332,05:56:44.7,-33:10:02,2011-11-06,06:29:00.4,2455871.7701,60.0,1.04,H,H,,,,usbdrivereplog_J0556-332.csv,,,Data replog,,,J0556-332,True,IR
ir111105.0308,MAXI J0556-332,05:56:44.7,-33:10:02,2011-11-06,06:27:44.9,2455871.7693,60.0,1.04,H,H,,,,usbdrivereplog_J0556-332.csv,,,Data replog,,,J0556-332,True,IR
ir111105.0307,MAXI J0556-332,05:56:44.7,-33:10:02,2011-11-06,06:26:29.1,2455871.7684,60.0,1.04,H,H,,,,usbdrivereplog_J0556-332.csv,,,Data replog,,,J0556-332,True,IR
ir111105.0306,MAXI J0556-332,05:56:44.7,-33:10:02,2011-11-06,06:25:13.4,2455871.7675,60.0,1.04,H,H,,,,usbdrivereplog_J0556-332.csv,,,Data replog,,,J0556-332,True,IR
ir111105.0305,MAXI J0556-332,05:56:44.6,-33:10:02,2011-11-06,06:23:57.7,2455871.7666,60.0,1.04,H,H,,,,usbdrivereplog_J0556-332.csv,,,Data replog,,,J0556-332,True,IR
ir111105.0304,MAXI J0556-332,05:56:44.6,-33:10:03,2011-11-06,06:22:41.9,2455871.7658,60.0,1.04,H,H,,,,usbdrivereplog_J0556-332.csv,,,Data replog,,,J0556-332,True,IR
ir111105.0303,MAXI J0556-332,05:56:44.6,-33:10:03,2011-11-06,06:21:26.1,2455871.7649,60.0,1.05,H,H,,,,usbdrivereplog_J0556-332.csv,,,Data replog,,,J0556-332,True,IR
ir111105.0302,MAXI J0556-332,05:56:44.6,-33:10:03,2011-11-06,06:20:10.6,2455871.764,60.0,1.05,H,H,,,,usbdrivereplog_J0556-332.csv,,,Data replog,,,J0556-332,True,IR
ir110429dark.0018,MAXI J0556-332,05:56:46.6,-33:10:25,2011-04-29,22:56:58.4,2455681.4562,60.0,1.23,H,H,,,,usbdrivereplog_J0556-332.csv,,,Data replog,,,J0556-332,True,IR
ir110429dark.0017,MAXI J0556-332,05:56:46.5,-33:10:25,2011-04-29,22:55:42.7,2455681.4554,60.0,1.22,H,H,,,,usbdrivereplog_J0556-332.csv,,,Data replog,,,J0556-332,True,IR
ir111202.0200,MAXI J0556-332,05:56:44.9,-33:10:12,2011-12-03,04:55:45.0,2455898.7054,60.0,1.03,H,H,,,,usbdrivereplog_J0556-332.csv,,,Data replog,,,J0556-332,True,IR
ir111119.0267,MAXI J0556-332,05:56:44.7,-33:10:12,2011-11-20,06:13:33.0,2455885.7594,60.0,1.01,H,H,,,,usbdrivereplog_J0556-332.csv,,,Data replog,,,J0556-332,True,IR
ir111022.0261,MAXI J0556-332,05:56:43.6,-33:10:25,2011-10-23,05:54:46.4,2455857.7464,60.0,1.21,H,H,,,,usbdrivereplog_J0556-332.csv,,,Data replog,,,J0556-332,True,IR
ir111025.0299,MAXI J0556-332,05:56:46.1,-33:10:22,2011-10-26,06:23:43.4,2455860.7665,60.0,1.11,H,H,,,,usbdrivereplog_J0556-332.csv,,,Data replog,,,J0556-332,True,IR
ir111026.0317,MAXI J0556-332,05:56:43.9,-33:10:04,2011-10-27,06:32:39.0,2455861.7727,60.0,1.09,H,H,,,,usbdrivereplog_J0556-332.csv,,,Data replog,,,J0556-332,True,IR
ir111026.0316,MAXI J0556-332,05:56:43.9,-33:10:05,2011-10-27,06:31:23.2,2455861.7718,60.0,1.09,H,H,,,,usbdrivereplog_J0556-332.csv,,,Data replog,,,J0556-332,True,IR
ir111026.0315,MAXI J0556-332,05:56:44.0,-33:10:05,2011-10-27,06:30:07.5,2455861.7709,60.0,1.09,H,H,,,,usbdrivereplog_J0556-332.csv,,,Data replog,,,J0556-332,True,IR
ir111003.0139,MAXI J0556-332,05:56:47.5,-33:10:33,2011-10-04,08:42:17.3,2455838.8627,60.0,1.03,H,H,,,,usbdrivereplog_J0556-332.csv,,,Data replog,,,J0556-332,True,IR
ir111003.0138,MAXI J0556-332,05:56:47.5,-33:10:33,2011-10-04,08:41:01.8,2455838.8618,60.0,1.03,H,H,,,,usbdrivereplog_J0556-332.csv,,,Data replog,,,J0556-332,True,IR
ir111003.0137,MAXI J0556-332,05:56:47.5,-33:10:33,2011-10-04,08:39:46.1,2455838.861,60.0,1.04,H,H,,,,usbdrivereplog_J0556-332.csv,,,Data replog,,,J0556-332,True,IR
ir111003.0136,MAXI J0556-332,05:56:47.4,-33:10:33,2011-10-04,08:38:30.3,2455838.8601,60.0,1.04,H,H,,,,usbdrivereplog_J0556-332.csv,,,Data replog,,,J0556-332,True,IR
ir111003.0135,MAXI J0556-332,05:56:47.4,-33:10:33,2011-10-04,08:37:15.0,2455838.8592,60.0,1.04,H,H,,,,usbdrivereplog_J0556-332.csv,,,Data replog,,,J0556-332,True,IR
ir111003.0134,MAXI J0556-332,05:56:47.3,-33:10:33,2011-10-04,08:35:59.2,2455838.8583,60.0,1.04,H,H,,,,usbdrivereplog_J0556-332.csv,,,Data replog,,,J0556-332,True,IR
ir111003.0133,MAXI J0556-332,05:56:47.3,-33:10:34,2011-10-04,08:34:43.5,2455838.8575,60.0,1.04,H,H,,,,usbdrivereplog_J0556-332.csv,,,Data replog,,,J0556-332,True,IR
ir111003.0132,MAXI J0556-332,05:56:47.2,-33:10:33,2011-10-04,08:33:27.8,2455838.8566,60.0,1.04,H,H,,,,usbdrivereplog_J0556-332.csv,,,Data replog,,,J0556-332,True,IR
ir111025.0298,MAXI J0556-332,05:56:46.1,-33:10:22,2011-10-26,06:22:27.9,2455860.7656,60.0,1.11,H,H,,,,usbdrivereplog_J0556-332.csv,,,Data replog,,,J0556-332,True,IR
ir111119.0266,MAXI J0556-332,05:56:44.7,-33:10:12,2011-11-20,06:12:16.8,2455885.7585,60.0,1.01,H,H,,,,usbdrivereplog_J0556-332.csv,,,Data replog,,,J0556-332,True,IR
ir111025.0297,MAXI J0556-332,05:56:46.1,-33:10:21,2011-10-26,06:21:12.1,2455860.7647,60.0,1.11,H,H,,,,usbdrivereplog_J0556-332.csv,,,Data replog,,,J0556-332,True,IR
ir111025.0296,MAXI J0556-332,05:56:46.2,-33:10:21,2011-10-26,06:19:56.3,2455860.7639,60.0,1.12,H,H,,,,usbdrivereplog_J0556-332.csv,,,Data replog,,,J0556-332,True,IR
ir111025.0295,MAXI J0556-332,05:56:46.2,-33:10:21,2011-10-26,06:18:40.5,2455860.763,60.0,1.12,H,H,,,,usbdrivereplog_J0556-332.csv,,,Data replog,,,J0556-332,True,IR
ir111025.0294,MAXI J0556-332,05:56:46.2,-33:10:21,2011-10-26,06:17:24.7,2455860.7621,60.0,1.12,H,H,,,,usbdrivereplog_J0556-332.csv,,,Data replog,,,J0556-332,True,IR
ir111025.0293,MAXI J0556-332,05:56:46.2,-33:10:21,2011-10-26,06:16:08.8,2455860.7612,60.0,1.12,H,H,,,,usbdrivereplog_J0556-332.csv,,,Data replog,,,J0556-332,True,IR
ir111025.0292,MAXI J0556-332,05:56:46.3,-33:10:21,2011-10-26,06:14:53.4,2455860.7603,60.0,1.13,H,H,,,,usbdrivereplog_J0556-332.csv,,,Data replog,,,J0556-332,True,IR
ir111022.0266,MAXI J0556-332,05:56:43.8,-33:10:24,2011-10-23,06:01:04.4,2455857.7508,60.0,1.19,H,H,,,,usbdrivereplog_J0556-332.csv,,,Data replog,,,J0556-332,True,IR
ir111022.0265,MAXI J0556-332,05:56:43.8,-33:10:24,2011-10-23,05:59:49.0,2455857.7499,60.0,1.19,H,H,,,,usbdrivereplog_J0556-332.csv,,,Data replog,,,J0556-332,True,IR
ir111022.0264,MAXI J0556-332,05:56:43.8,-33:10:24,2011-10-23,05:58:33.2,2455857.749,60.0,1.2,H,H,,,,usbdrivereplog_J0556-332.csv,,,Data replog,,,J0556-332,True,IR
ir111022.0263,MAXI J0556-332,05:56:43.7,-33:10:24,2011-10-23,05:57:17.6,2455857.7481,60.0,1.2,H,H,,,,usbdrivereplog_J0556-332.csv,,,Data replog,,,J0556-332,True,IR
ir111022.0262,MAXI J0556-332,05:56:43.7,-33:10:25,2011-10-23,05:56:02.2,2455857.7473,60.0,1.2,H,H,,,,usbdrivereplog_J0556-332.csv,,,Data replog,,,J0556-332,True,IR
ir111026.0318,MAXI J0556-332,05:56:44.0,-33:10:05,2011-10-27,06:33:54.9,2455861.7736,60.0,1.08,H,H,,,,usbdrivereplog_J0556-332.csv,,,Data replog,,,J0556-332,True,IR
ir111026.0319,MAXI J0556-332,05:56:44.0,-33:10:05,2011-10-27,06:35:10.3,2455861.7744,60.0,1.08,H,H,,,,usbdrivereplog_J0556-332.csv,,,Data replog,,,J0556-332,True,IR
ir111026.0320,MAXI J0556-332,05:56:44.0,-33:10:05,2011-10-27,06:36:26.1,2455861.7753,60.0,1.08,H,H,,,,usbdrivereplog_J0556-332.csv,,,Data replog,,,J0556-332,True,IR
ir111026.0321,MAXI J0556-332,05:56:44.1,-33:10:05,2011-10-27,06:37:42.0,2455861.7762,60.0,1.08,H,H,,,,usbdrivereplog_J0556-332.csv,,,Data replog,,,J0556-332,True,IR
ir111119.0265,MAXI J0556-332,05:56:44.7,-33:10:12,2011-11-20,06:11:00.5,2455885.7576,60.0,1.01,H,H,,,,usbdrivereplog_J0556-332.csv,,,Data replog,,,J0556-332,True,IR
ir111119.0264,MAXI J0556-332,05:56:44.7,-33:10:12,2011-11-20,06:09:44.1,2455885.7568,60.0,1.01,H,H,,,,usbdrivereplog_J0556-332.csv,,,Data replog,,,J0556-332,True,IR
ir111119.0263,MAXI J0556-332,05:56:44.7,-33:10:12,2011-11-20,06:08:27.9,2455885.7559,60.0,1.01,H,H,,,,usbdrivereplog_J0556-332.csv,,,Data replog,,,J0556-332,True,IR
ir111119.0262,MAXI J0556-332,05:56:44.8,-33:10:12,2011-11-20,06:07:11.5,2455885.755,60.0,1.01,H,H,,,,usbdrivereplog_J0556-332.csv,,,Data replog,,,J0556-332,True,IR
ir111119.0261,MAXI J0556-332,05:56:44.8,-33:10:13,2011-11-20,06:05:55.0,2455885.7541,60.0,1.01,H,H,,,,usbdrivereplog_J0556-332.csv,,,Data replog,,,J0556-332,True,IR
ir111119.0260,MAXI J0556-332,05:56:44.8,-33:10:13,2011-11-20,06:04:38.9,2455885.7532,60.0,1.01,H,H,,,,usbdrivereplog_J0556-332.csv,,,Data replog,,,J0556-332,True,IR
ir111113.0251,MAXI J0556-332,05:56:48.1,-33:10:33,2011-11-14,06:03:50.3,2455879.7527,60.0,1.03,H,H,,,,usbdrivereplog_J0556-332.csv,,,Data replog,,,J0556-332,True,IR
ir111113.0250,MAXI J0556-332,05:56:48.1,-33:10:33,2011-11-14,06:02:34.3,2455879.7518,60.0,1.03,H,H,,,,usbdrivereplog_J0556-332.csv,,,Data replog,,,J0556-332,True,IR
ir111113.0249,MAXI J0556-332,05:56:48.1,-33:10:32,2011-11-14,06:01:18.0,2455879.7509,60.0,1.03,H,H,,,,usbdrivereplog_J0556-332.csv,,,Data replog,,,J0556-332,True,IR
ir111113.0248,MAXI J0556-332,05:56:48.1,-33:10:32,2011-11-14,06:00:01.8,2455879.75,60.0,1.03,H,H,,,,usbdrivereplog_J0556-332.csv,,,Data replog,,,J0556-332,True,IR
ir111113.0247,MAXI J0556-332,05:56:48.1,-33:10:32,2011-11-14,05:58:45.9,2455879.7492,60.0,1.04,H,H,,,,usbdrivereplog_J0556-332.csv,,,Data replog,,,J0556-332,True,IR
ir111113.0246,MAXI J0556-332,05:56:48.1,-33:10:32,2011-11-14,05:57:29.5,2455879.7483,60.0,1.04,H,H,,,,usbdrivereplog_J0556-332.csv,,,Data replog,,,J0556-332,True,IR
ir111113.0245,MAXI J0556-332,05:56:48.0,-33:10:32,2011-11-14,05:56:13.3,2455879.7474,60.0,1.04,H,H,,,,usbdrivereplog_J0556-332.csv,,,Data replog,,,J0556-332,True,IR
ir111113.0244,MAXI J0556-332,05:56:48.0,-33:10:32,2011-11-14,05:54:57.2,2455879.7465,60.0,1.04,H,H,,,,usbdrivereplog_J0556-332.csv,,,Data replog,,,J0556-332,True,IR
ir111115.0159,MAXI J0556-332,05:56:47.3,-33:10:21,2011-11-16,07:09:27.5,2455881.7982,60.0,1.0,H,H,,,,usbdrivereplog_J0556-332.csv,,,Data replog,,,J0556-332,True,IR
ir111115.0158,MAXI J0556-332,05:56:47.3,-33:10:22,2011-11-16,07:08:10.9,2455881.7974,60.0,1.0,H,H,,,,usbdrivereplog_J0556-332.csv,,,Data replog,,,J0556-332,True,IR
ir111115.0157,MAXI J0556-332,05:56:47.2,-33:10:21,2011-11-16,07:06:54.5,2455881.7965,60.0,1.0,H,H,,,,usbdrivereplog_J0556-332.csv,,,Data replog,,,J0556-332,True,IR
ir111115.0156,MAXI J0556-332,05:56:47.2,-33:10:21,2011-11-16,07:05:38.1,2455881.7956,60.0,1.0,H,H,,,,usbdrivereplog_J0556-332.csv,,,Data replog,,,J0556-332,True,IR
ir111115.0155,MAXI J0556-332,05:56:47.1,-33:10:21,2011-11-16,07:04:21.6,2455881.7947,60.0,1.0,H,H,,,,usbdrivereplog_J0556-332.csv,,,Data replog,,,J0556-332,True,IR
ir111115.0154,MAXI J0556-332,05:56:47.1,-33:10:21,2011-11-16,07:03:04.6,2455881.7938,60.0,1.0,H,H,,,,usbdrivereplog_J0556-332.csv,,,Data replog,,,J0556-332,True,IR
ir111115.0153,MAXI J0556-332,05:56:47.0,-33:10:21,2011-11-16,07:01:48.1,2455881.7929,60.0,1.0,H,H,,,,usbdrivereplog_J0556-332.csv,,,Data replog,,,J0556-332,True,IR
ir111115.0152,MAXI J0556-332,05:56:47.0,-33:10:21,2011-11-16,07:00:31.6,2455881.792,60.0,1.0,H,H,,,,usbdrivereplog_J0556-332.csv,,,Data replog,,,J0556-332,True,IR
ir111026.0322,MAXI J0556-332,05:56:44.1,-33:10:05,2011-10-27,06:38:57.8,2455861.7771,60.0,1.08,H,H,,,,usbdrivereplog_J0556-332.csv,,,Data replog,,,J0556-332,True,IR
ir110929.0236,MAXI J0556-332,05:56:46.5,-33:10:25,2011-09-30,08:27:28.2,2455834.8524,60.0,1.07,H,H,,,,usbdrivereplog_J0556-332.csv,,,Data replog,,,J0556-332,True,IR
ir110929.0235,MAXI J0556-332,05:56:46.5,-33:10:25,2011-09-30,08:26:12.9,2455834.8515,60.0,1.07,H,H,,,,usbdrivereplog_J0556-332.csv,,,Data replog,,,J0556-332,True,IR
ir110929.0234,MAXI J0556-332,05:56:46.5,-33:10:25,2011-09-30,08:24:57.2,2455834.8507,60.0,1.08,H,H,,,,usbdrivereplog_J0556-332.csv,,,Data replog,,,J0556-332,True,IR
ir111216.0127,MAXI J0556-332,05:56:46.4,-33:11:28,2011-12-17,05:53:46.6,2455912.7457,60.0,1.02,H,H,,,,usbdrivereplog_J0556-332.csv,,,Data replog,,,J0556-332,True,IR
ir111023.0301,MAXI J0556-332,05:56:46.1,-33:10:35,2011-10-24,06:22:29.9,2455858.7656,60.0,1.13,H,H,,,,usbdrivereplog_J0556-332.csv,,,Data replog,,,J0556-332,True,IR
ir111001.0249,MAXI J0556-332,05:56:47.3,-33:10:22,2011-10-02,06:07:37.6,2455836.7553,60.0,1.51,H,H,,,,usbdrivereplog_J0556-332.csv,,,Data replog,,,J0556-332,True,IR
ir111001.0248,MAXI J0556-332,05:56:47.3,-33:10:23,2011-10-02,06:06:22.1,2455836.7544,60.0,1.52,H,H,,,,usbdrivereplog_J0556-332.csv,,,Data replog,,,J0556-332,True,IR
ir111001.0247,MAXI J0556-332,05:56:47.2,-33:10:23,2011-10-02,06:05:06.3,2455836.7536,60.0,1.53,H,H,,,,usbdrivereplog_J0556-332.csv,,,Data replog,,,J0556-332,True,IR
ir111001.0246,MAXI J0556-332,05:56:47.2,-33:10:23,2011-10-02,06:03:50.4,2455836.7527,60.0,1.53,H,H,,,,usbdrivereplog_J0556-332.csv,,,Data replog,,,J0556-332,True,IR
ir111001.0245,MAXI J0556-332,05:56:47.1,-33:10:23,2011-10-02,06:02:34.9,2455836.7518,60.0,1.54,H,H,,,,usbdrivereplog_J0556-332.csv,,,Data replog,,,J0556-332,True,IR
ir111001.0244,MAXI J0556-332,05:56:47.2,-33:10:24,2011-10-02,06:01:19.2,2455836.7509,60.0,1.55,H,H,,,,usbdrivereplog_J0556-332.csv,,,Data replog,,,J0556-332,True,IR
ir111001.0243,MAXI J0556-332,05:56:47.1,-33:10:24,2011-10-02,06:00:03.3,2455836.75,60.0,1.56,H,H,,,,usbdrivereplog_J0556-332.csv,,,Data replog,,,J0556-332,True,IR
ir111001.0242,MAXI J0556-332,05:56:47.0,-33:10:24,2011-10-02,05:58:47.6,2455836.7492,60.0,1.57,H,H,,,,usbdrivereplog_J0556-332.csv,,,Data replog,,,J0556-332,True,IR
ir111216.0129,MAXI J0556-332,05:56:46.5,-33:11:28,2011-12-17,05:56:19.4,2455912.7475,60.0,1.03,H,H,,,,usbdrivereplog_J0556-332.csv,,,Data replog,,,J0556-332,True,IR
ir111216.0128,MAXI J0556-332,05:56:46.4,-33:11:28,2011-12-17,05:55:03.2,2455912.7466,60.0,1.02,H,H,,,,usbdrivereplog_J0556-332.csv,,,Data replog,,,J0556-332,True,IR
ir111216.0126,MAXI J0556-332,05:56:46.3,-33:11:28,2011-12-17,05:52:30.2,2455912.7448,60.0,1.02,H,H,,,,usbdrivereplog_J0556-332.csv,,,Data replog,,,J0556-332,True,IR
ir120126.0191,MAXI J0556-332,05:56:44.6,-33:09:56,2012-01-27,05:55:00.0,2455953.7465,60.0,1.44,H,H,,,,usbdrivereplog_J0556-332.csv,,,Data replog,,,J0556-332,True,IR
ir111216.0125,MAXI J0556-332,05:56:46.3,-33:11:29,2011-12-17,05:51:13.8,2455912.7439,60.0,1.02,H,H,,,,usbdrivereplog_J0556-332.csv,,,Data replog,,,J0556-332,True,IR
ir111216.0124,MAXI J0556-332,05:56:46.3,-33:11:29,2011-12-17,05:49:57.3,2455912.743,60.0,1.02,H,H,,,,usbdrivereplog_J0556-332.csv,,,Data replog,,,J0556-332,True,IR
ir111216.0123,MAXI J0556-332,05:56:46.2,-33:11:29,2011-12-17,05:48:40.8,2455912.7421,60.0,1.02,H,H,,,,usbdrivereplog_J0556-332.csv,,,Data replog,,,J0556-332,True,IR
ir111216.0122,MAXI J0556-332,05:56:46.2,-33:11:29,2011-12-17,05:47:24.5,2455912.7413,60.0,1.02,H,H,,,,usbdrivereplog_J0556-332.csv,,,Data replog,,,J0556-332,True,IR
ir120115.0156,MAXI J0556-332,05:56:45.2,-33:09:58,2012-01-16,04:31:08.3,2455942.6883,60.0,1.06,H,H,,,,usbdrivereplog_J0556-332.csv,,,Data replog,,,J0556-332,True,IR
ir120115.0155,MAXI J0556-332,05:56:45.2,-33:09:58,2012-01-16,04:29:52.4,2455942.6874,60.0,1.06,H,H,,,,usbdrivereplog_J0556-332.csv,,,Data replog,,,J0556-332,True,IR
ir120115.0154,MAXI J0556-332,05:56:45.2,-33:09:58,2012-01-16,04:28:36.5,2455942.6865,60.0,1.06,H,H,,,,usbdrivereplog_J0556-332.csv,,,Data replog,,,J0556-332,True,IR
ir120115.0153,MAXI J0556-332,05:56:45.2,-33:09:57,2012-01-16,04:27:20.8,2455942.6857,60.0,1.06,H,H,,,,usbdrivereplog_J0556-332.csv,,,Data replog,,,J0556-332,True,IR
ir120115.0152,MAXI J0556-332,05:56:45.2,-33:09:57,2012-01-16,04:26:05.0,2455942.6848,60.0,1.05,H,H,,,,usbdrivereplog_J0556-332.csv,,,Data replog,,,J0556-332,True,IR
ir120115.0151,MAXI J0556-332,05:56:45.2,-33:09:57,2012-01-16,04:24:49.1,2455942.6839,60.0,1.05,H,H,,,,usbdrivereplog_J0556-332.csv,,,Data replog,,,J0556-332,True,IR
ir120115.0150,MAXI J0556-332,05:56:45.2,-33:09:57,2012-01-16,04:23:33.2,2455942.683,60.0,1.05,H,H,,,,usbdrivereplog_J0556-332.csv,,,Data replog,,,J0556-332,True,IR
ir111023.0302,MAXI J0556-332,05:56:46.0,-33:10:35,2011-10-24,06:23:45.3,2455858.7665,60.0,1.12,H,H,,,,usbdrivereplog_J0556-332.csv,,,Data replog,,,J0556-332,True,IR
ir111023.0303,MAXI J0556-332,05:56:46.0,-33:10:35,2011-10-24,06:25:01.1,2455858.7674,60.0,1.12,H,H,,,,usbdrivereplog_J0556-332.csv,,,Data replog,,,J0556-332,True,IR
ir111023.0304,MAXI J0556-332,05:56:46.0,-33:10:35,2011-10-24,06:26:17.0,2455858.7683,60.0,1.12,H,H,,,,usbdrivereplog_J0556-332.csv,,,Data replog,,,J0556-332,True,IR
ir111023.0305,MAXI J0556-332,05:56:46.9,-33:10:35,2011-10-24,06:27:32.8,2455858.7691,60.0,1.12,H,H,,,,usbdrivereplog_J0556-332.csv,,,Data replog,,,J0556-332,True,IR
ir111008.0331,MAXI J0556-332,05:56:43.5,-33:10:05,2011-10-09,06:53:16.3,2455843.787,60.0,1.2,H,H,,,,usbdrivereplog_J0556-332.csv,,,Data replog,,,J0556-332,True,IR
ir111008.0330,MAXI J0556-332,05:56:43.5,-33:10:05,2011-10-09,06:52:00.4,2455843.7861,60.0,1.2,H,H,,,,usbdrivereplog_J0556-332.csv,,,Data replog,,,J0556-332,True,IR
ir111008.0329,MAXI J0556-332,05:56:43.4,-33:10:05,2011-10-09,06:50:44.6,2455843.7852,60.0,1.2,H,H,,,,usbdrivereplog_J0556-332.csv,,,Data replog,,,J0556-332,True,IR
ir111008.0328,MAXI J0556-332,05:56:43.4,-33:10:05,2011-10-09,06:49:29.0,2455843.7844,60.0,1.21,H,H,,,,usbdrivereplog_J0556-332.csv,,,Data replog,,,J0556-332,True,IR
ir110419.0026,MAXI J0556-332,,,2011-04-19,23:29:15.3,2455671.4786,60.0,,H,H,,,,usbdrivereplog_J0556-332.csv,,,Data replog,,,J0556-332,True,IR
ir110419.0025,MAXI J0556-332,,,2011-04-19,23:27:58.9,2455671.4778,60.0,,H,H,,,,usbdrivereplog_J0556-332.csv,,,Data replog,,,J0556-332,True,IR
ir110419.0024,MAXI J0556-332,,,2011-04-19,23:26:42.1,2455671.4769,60.0,,H,H,,,,usbdrivereplog_J0556-332.csv,,,Data replog,,,J0556-332,True,IR
ir110419.0023,MAXI J0556-332,,,2011-04-19,23:25:25.2,2455671.476,60.0,,H,H,,,,usbdrivereplog_J0556-332.csv,,,Data replog,,,J0556-332,True,IR
ir110419.0022,MAXI J0556-332,,,2011-04-19,23:24:08.4,2455671.4751,60.0,,H,H,,,,usbdrivereplog_J0556-332.csv,,,Data replog,,,J0556-332,True,IR
ir110419.0021,MAXI J0556-332,,,2011-04-19,23:22:51.5,2455671.4742,60.0,,H,H,,,,usbdrivereplog_J0556-332.csv,,,Data replog,,,J0556-332,True,IR
ir110419.0020,MAXI J0556-332,,,2011-04-19,23:21:34.6,2455671.4733,60.0,,H,H,,,,usbdrivereplog_J0556-332.csv,,,Data replog,,,J0556-332,True,IR
ir110419.0019,MAXI J0556-332,,,2011-04-19,23:20:17.8,2455671.4724,60.0,,H,H,,,,usbdrivereplog_J0556-332.csv,,,Data replog,,,J0556-332,True,IR
ir110502.0026,MAXI J0556-332,05:56:46.3,-33:10:31,2011-05-02,23:53:25.5,2455684.4954,60.0,1.54,H,H,,,,usbdrivereplog_J0556-332.csv,,,Data replog,,,J0556-332,True,IR
ir110502.0025,MAXI J0556-332,05:56:46.4,-33:10:31,2011-05-02,23:52:09.9,2455684.4946,60.0,1.53,H,H,,,,usbdrivereplog_J0556-332.csv,,,Data replog,,,J0556-332,True,IR
ir110502.0024,MAXI J0556-332,05:56:46.4,-33:10:31,2011-05-02,23:50:54.1,2455684.4937,60.0,1.52,H,H,,,,usbdrivereplog_J0556-332.csv,,,Data replog,,,J0556-332,True,IR
ir110502.0023,MAXI J0556-332,05:56:46.4,-33:10:31,2011-05-02,23:49:38.2,2455684.4928,60.0,1.52,H,H,,,,usbdrivereplog_J0556-332.csv,,,Data replog,,,J0556-332,True,IR
ir110502.0022,MAXI J0556-332,05:56:46.3,-33:10:30,2011-05-02,23:48:22.7,2455684.4919,60.0,1.51,H,H,,,,usbdrivereplog_J0556-332.csv,,,Data replog,,,J0556-332,True,IR
ir110502.0021,MAXI J0556-332,05:56:46.3,-33:10:30,2011-05-02,23:47:06.9,2455684.491,60.0,1.5,H,H,,,,usbdrivereplog_J0556-332.csv,,,Data replog,,,J0556-332,True,IR
ir110502.0020,MAXI J0556-332,05:56:46.3,-33:10:29,2011-05-02,23:45:51.1,2455684.4902,60.0,1.49,H,H,,,,usbdrivereplog_J0556-332.csv,,,Data replog,,,J0556-332,True,IR
ir110502.0019,MAXI J0556-332,05:56:46.2,-33:10:29,2011-05-02,23:44:35.5,2455684.4893,60.0,1.49,H,H,,,,usbdrivereplog_J0556-332.csv,,,Data replog,,,J0556-332,True,IR
ir111023.0308,MAXI J0556-332,05:56:45.9,-33:10:35,2011-10-24,06:31:20.2,2455858.7718,60.0,1.11,H,H,,,,usbdrivereplog_J0556-332.csv,,,Data replog,,,J0556-332,True,IR
ir111023.0307,MAXI J0556-332,05:56:45.9,-33:10:35,2011-10-24,06:30:04.4,2455858.7709,60.0,1.11,H,H,,,,usbdrivereplog_J0556-332.csv,,,Data replog,,,J0556-332,True,IR
ir111023.0306,MAXI J0556-332,05:56:46.0,-33:10:35,2011-10-24,06:28:48.6,2455858.77,60.0,1.11,H,H,,,,usbdrivereplog_J0556-332.csv,,,Data replog,,,J0556-332,True,IR
ir120115.0149,MAXI J0556-332,05:56:45.2,-33:09:57,2012-01-16,04:22:17.3,2455942.6821,60.0,1.05,H,H,,,,usbdrivereplog_J0556-332.csv,,,Data replog,,,J0556-332,True,IR
ir120126.0190,MAXI J0556-332,05:56:44.5,-33:09:56,2012-01-27,05:53:44.1,2455953.7456,60.0,1.43,H,H,,,,usbdrivereplog_J0556-332.csv,,,Data replog,,,J0556-332,True,IR
ir110929.0233,MAXI J0556-332,05:56:46.5,-33:10:25,2011-09-30,08:23:41.4,2455834.8498,60.0,1.08,H,H,,,,usbdrivereplog_J0556-332.csv,,,Data replog,,,J0556-332,True,IR
ir120108.0147,MAXI J0556-332,05:56:47.4,-33:10:21,2012-01-09,04:42:02.6,2455935.6959,60.0,1.04,H,H,,,,usbdrivereplog_J0556-332.csv,,,Data replog,,,J0556-332,True,IR
ir120124.0076,MAXI J0556-332,05:56:46.3,-33:10:25,2012-01-25,02:26:23.2,2455951.6017,60.0,1.0,H,H,,,,usbdrivereplog_J0556-332.csv,,,Data replog,,,J0556-332,True,IR
ir120124.0075,MAXI J0556-332,05:56:46.3,-33:10:26,2012-01-25,02:25:07.3,2455951.6008,60.0,1.0,H,H,,,,usbdrivereplog_J0556-332.csv,,,Data replog,,,J0556-332,True,IR
ir120106.0156,MAXI J0556-332,05:56:46.3,-33:10:25,2012-01-07,04:20:32.1,2455933.6809,60.0,1.02,H,H,,,,usbdrivereplog_J0556-332.csv,,,Data replog,,,J0556-332,True,IR
ir120106.0155,MAXI J0556-332,05:56:46.3,-33:10:25,2012-01-07,04:19:16.2,2455933.6801,60.0,1.01,H,H,,,,usbdrivereplog_J0556-332.csv,,,Data replog,,,J0556-332,True,IR
ir120106.0154,MAXI J0556-332,05:56:46.3,-33:10:25,2012-01-07,04:18:00.3,2455933.6792,60.0,1.01,H,H,,,,usbdrivereplog_J0556-332.csv,,,Data replog,,,J0556-332,True,IR
ir120106.0153,MAXI J0556-332,05:56:46.2,-33:10:25,2012-01-07,04:16:44.4,2455933.6783,60.0,1.01,H,H,,,,usbdrivereplog_J0556-332.csv,,,Data replog,,,J0556-332,True,IR
ir120106.0152,MAXI J0556-332,05:56:46.2,-33:10:25,2012-01-07,04:15:28.6,2455933.6774,60.0,1.01,H,H,,,,usbdrivereplog_J0556-332.csv,,,Data replog,,,J0556-332,True,IR
ir120106.0151,MAXI J0556-332,05:56:46.2,-33:10:26,2012-01-07,04:14:12.5,2455933.6765,60.0,1.01,H,H,,,,usbdrivereplog_J0556-332.csv,,,Data replog,,,J0556-332,True,IR
ir120106.0150,MAXI J0556-332,05:56:46.2,-33:10:26,2012-01-07,04:12:56.6,2455933.6757,60.0,1.01,H,H,,,,usbdrivereplog_J0556-332.csv,,,Data replog,,,J0556-332,True,IR
ir120106.0149,MAXI J0556-332,05:56:46.2,-33:10:26,2012-01-07,04:11:40.7,2455933.6748,60.0,1.01,H,H,,,,usbdrivereplog_J0556-332.csv,,,Data replog,,,J0556-332,True,IR
ir120108.0148,MAXI J0556-332,05:56:47.5,-33:10:21,2012-01-09,04:43:18.2,2455935.6967,60.0,1.04,H,H,,,,usbdrivereplog_J0556-332.csv,,,Data replog,,,J0556-332,True,IR
ir120108.0146,MAXI J0556-332,05:56:47.4,-33:10:21,2012-01-09,04:40:46.7,2455935.695,60.0,1.04,H,H,,,,usbdrivereplog_J0556-332.csv,,,Data replog,,,J0556-332,True,IR
ir120126.0189,MAXI J0556-332,05:56:44.5,-33:09:55,2012-01-27,05:52:28.2,2455953.7448,60.0,1.43,H,H,,,,usbdrivereplog_J0556-332.csv,,,Data replog,,,J0556-332,True,IR
ir120108.0145,MAXI J0556-332,05:56:47.3,-33:10:21,2012-01-09,04:39:30.9,2455935.6941,60.0,1.04,H,H,,,,usbdrivereplog_J0556-332.csv,,,Data replog,,,J0556-332,True,IR
ir120108.0144,MAXI J0556-332,05:56:47.3,-33:10:22,2012-01-09,04:38:15.1,2455935.6932,60.0,1.04,H,H,,,,usbdrivereplog_J0556-332.csv,,,Data replog,,,J0556-332,True,IR
ir120108.0143,MAXI J0556-332,05:56:47.2,-33:10:22,2012-01-09,04:36:59.2,2455935.6924,60.0,1.04,H,H,,,,usbdrivereplog_J0556-332.csv,,,Data replog,,,J0556-332,True,IR
ir120108.0142,MAXI J0556-332,05:56:47.2,-33:10:22,2012-01-09,04:35:43.3,2455935.6915,60.0,1.03,H,H,,,,usbdrivereplog_J0556-332.csv,,,Data replog,,,J0556-332,True,IR
ir120108.0141,MAXI J0556-332,05:56:47.2,-33:10:22,2012-01-09,04:34:27.4,2455935.6906,60.0,1.03,H,H,,,,usbdrivereplog_J0556-332.csv,,,Data replog,,,J0556-332,True,IR
ir120114.0162,MAXI J0556-332,05:56:45.2,-33:10:02,2012-01-15,04:10:12.4,2455941.6738,60.0,1.03,H,H,,,,usbdrivereplog_J0556-332.csv,,,Data replog,,,J0556-332,True,IR
ir120114.0161,MAXI J0556-332,05:56:45.2,-33:10:02,2012-01-15,04:08:56.5,2455941.6729,60.0,1.03,H,H,,,,usbdrivereplog_J0556-332.csv,,,Data replog,,,J0556-332,True,IR
ir120114.0160,MAXI J0556-332,05:56:45.1,-33:10:02,2012-01-15,04:07:40.6,2455941.672,60.0,1.03,H,H,,,,usbdrivereplog_J0556-332.csv,,,Data replog,,,J0556-332,True,IR
ir120114.0159,MAXI J0556-332,05:56:45.1,-33:10:02,2012-01-15,04:06:24.9,2455941.6711,60.0,1.03,H,H,,,,usbdrivereplog_J0556-332.csv,,,Data replog,,,J0556-332,True,IR
ir120114.0158,MAXI J0556-332,05:56:45.1,-33:10:02,2012-01-15,04:05:09.0,2455941.6702,60.0,1.03,H,H,,,,usbdrivereplog_J0556-332.csv,,,Data replog,,,J0556-332,True,IR
ir120114.0157,MAXI J0556-332,05:56:45.0,-33:10:03,2012-01-15,04:03:53.0,2455941.6694,60.0,1.03,H,H,,,,usbdrivereplog_J0556-332.csv,,,Data replog,,,J0556-332,True,IR
ir120124.0077,MAXI J0556-332,05:56:46.3,-33:10:25,2012-01-25,02:27:39.2,2455951.6025,60.0,1.0,H,H,,,,usbdrivereplog_J0556-332.csv,,,Data replog,,,J0556-332,True,IR
ir120124.0078,MAXI J0556-332,05:56:46.4,-33:10:24,2012-01-25,02:28:55.2,2455951.6034,60.0,1.0,H,H,,,,usbdrivereplog_J0556-332.csv,,,Data replog,,,J0556-332,True,IR
ir120124.0079,MAXI J0556-332,05:56:46.4,-33:10:24,2012-01-25,02:30:11.0,2455951.6043,60.0,1.0,H,H,,,,usbdrivereplog_J0556-332.csv,,,Data replog,,,J0556-332,True,IR
ir120124.0080,MAXI J0556-332,05:56:46.4,-33:10:23,2012-01-25,02:31:26.9,2455951.6052,60.0,1.0,H,H,,,,usbdrivereplog_J0556-332.csv,,,Data replog,,,J0556-332,True,IR
ir120126.0188,MAXI J0556-332,05:56:44.5,-33:09:55,2012-01-27,05:51:12.3,2455953.7439,60.0,1.42,H,H,,,,usbdrivereplog_J0556-332.csv,,,Data replog,,,J0556-332,True,IR
ir120126.0187,MAXI J0556-332,05:56:44.5,-33:09:55,2012-01-27,05:49:56.4,2455953.743,60.0,1.41,H,H,,,,usbdrivereplog_J0556-332.csv,,,Data replog,,,J0556-332,True,IR
ir120126.0186,MAXI J0556-332,05:56:44.5,-33:09:56,2012-01-27,05:48:40.3,2455953.7421,60.0,1.41,H,H,,,,usbdrivereplog_J0556-332.csv,,,Data replog,,,J0556-332,True,IR
ir120126.0185,MAXI J0556-332,05:56:44.4,-33:09:56,2012-01-27,05:47:24.5,2455953.7412,60.0,1.4,H,H,,,,usbdrivereplog_J0556-332.csv,,,Data replog,,,J0556-332,True,IR
ir120126.0184,MAXI J0556-332,05:56:44.4,-33:09:56,2012-01-27,05:46:08.6,2455953.7404,60.0,1.4,H,H,,,,usbdrivereplog_J0556-332.csv,,,Data replog,,,J0556-332,True,IR
ir120112.0140,MAXI J0556-332,05:56:47.9,-33:10:32,2012-01-13,04:04:00.1,2455939.6694,60.0,1.02,H,H,,,,usbdrivereplog_J0556-332.csv,,,Data replog,,,J0556-332,True,IR
ir120112.0139,MAXI J0556-332,05:56:47.8,-33:10:32,2012-01-13,04:02:43.9,2455939.6686,60.0,1.02,H,H,,,,usbdrivereplog_J0556-332.csv,,,Data replog,,,J0556-332,True,IR
ir120112.0138,MAXI J0556-332,05:56:47.8,-33:10:32,2012-01-13,04:01:27.4,2455939.6677,60.0,1.02,H,H,,,,usbdrivereplog_J0556-332.csv,,,Data replog,,,J0556-332,True,IR
ir120112.0137,MAXI J0556-332,05:56:47.7,-33:10:32,2012-01-13,04:00:10.8,2455939.6668,60.0,1.02,H,H,,,,usbdrivereplog_J0556-332.csv,,,Data replog,,,J0556-332,True,IR
ir120112.0136,MAXI J0556-332,05:56:47.7,-33:10:32,2012-01-13,03:58:54.6,2455939.6659,60.0,1.02,H,H,,,,usbdrivereplog_J0556-332.csv,,,Data replog,,,J0556-332,True,IR
ir120112.0135,MAXI J0556-332,05:56:47.7,-33:10:32,2012-01-13,03:57:38.1,2455939.665,60.0,1.02,H,H,,,,usbdrivereplog_J0556-332.csv,,,Data replog,,,J0556-332,True,IR
ir120112.0134,MAXI J0556-332,05:56:47.7,-33:10:32,2012-01-13,03:56:21.6,2455939.6641,60.0,1.02,H,H,,,,usbdrivereplog_J0556-332.csv,,,Data replog,,,J0556-332,True,IR
ir120112.0133,MAXI J0556-332,05:56:47.7,-33:10:33,2012-01-13,03:55:05.2,2455939.6633,60.0,1.01,H,H,,,,usbdrivereplog_J0556-332.csv,,,Data replog,,,J0556-332,True,IR
ir120120.0157,MAXI J0556-332,05:56:46.4,-33:10:26,2012-01-21,05:07:05.3,2455947.7133,60.0,1.17,H,H,,,,usbdrivereplog_J0556-332.csv,,,Data replog,,,J0556-332,True,IR
ir120120.0156,MAXI J0556-332,05:56:46.4,-33:10:26,2012-01-21,05:05:49.4,2455947.7124,60.0,1.17,H,H,,,,usbdrivereplog_J0556-332.csv,,,Data replog,,,J0556-332,True,IR
ir120120.0155,MAXI J0556-332,05:56:46.3,-33:10:26,2012-01-21,05:04:33.5,2455947.7115,60.0,1.16,H,H,,,,usbdrivereplog_J0556-332.csv,,,Data replog,,,J0556-332,True,IR
ir120120.0154,MAXI J0556-332,05:56:46.2,-33:10:25,2012-01-21,05:03:17.6,2455947.7106,60.0,1.16,H,H,,,,usbdrivereplog_J0556-332.csv,,,Data replog,,,J0556-332,True,IR
ir120120.0153,MAXI J0556-332,05:56:46.2,-33:10:25,2012-01-21,05:02:01.7,2455947.7098,60.0,1.16,H,H,,,,usbdrivereplog_J0556-332.csv,,,Data replog,,,J0556-332,True,IR
ir120120.0152,MAXI J0556-332,05:56:46.3,-33:10:25,2012-01-21,05:00:45.8,2455947.7089,60.0,1.15,H,H,,,,usbdrivereplog_J0556-332.csv,,,Data replog,,,J0556-332,True,IR
ir120120.0151,MAXI J0556-332,05:56:46.3,-33:10:25,2012-01-21,04:59:29.8,2455947.708,60.0,1.15,H,H,,,,usbdrivereplog_J0556-332.csv,,,Data replog,,,J0556-332,True,IR
ir120120.0150,MAXI J0556-332,05:56:46.3,-33:10:26,2012-01-21,04:58:13.9,2455947.7071,60.0,1.15,H,H,,,,usbdrivereplog_J0556-332.csv,,,Data replog,,,J0556-332,True,IR
ir120124.0082,MAXI J0556-332,05:56:46.4,-33:10:24,2012-01-25,02:33:58.6,2455951.6069,60.0,1.0,H,H,,,,usbdrivereplog_J0556-332.csv,,,Data replog,,,J0556-332,True,IR
ir120124.0081,MAXI J0556-332,05:56:46.5,-33:10:24,2012-01-25,02:32:42.7,2455951.6061,60.0,1.0,H,H,,,,usbdrivereplog_J0556-332.csv,,,Data replog,,,J0556-332,True,IR
ir111008.0332,MAXI J0556-332,05:56:43.6,-33:10:05,2011-10-09,06:54:32.2,2455843.7879,60.0,1.19,H,H,,,,usbdrivereplog_J0556-332.csv,,,Data replog,,,J0556-332,True,IR
ir111008.0333,MAXI J0556-332,05:56:43.6,-33:10:05,2011-10-09,06:55:48.1,2455843.7887,60.0,1.19,H,H,,,,usbdrivereplog_J0556-332.csv,,,Data replog,,,J0556-332,True,IR
ir111008.0334,MAXI J0556-332,05:56:43.6,-33:10:04,2011-10-09,06:57:04.0,2455843.7896,60.0,1.19,H,H,,,,usbdrivereplog_J0556-332.csv,,,Data replog,,,J0556-332,True,IR
ir111228.0058,MAXI J0556-332,05:56:47.2,-33:10:27,2011-12-29,04:21:39.6,2455924.6817,60.0,1.0,H,H,,,,usbdrivereplog_J0556-332.csv,,,Data replog,,,J0556-332,True,IR
ir110416.0012,MAXI J0556-332,,,2011-04-16,23:45:43.1,2455668.4901,50.0,,J,J,,,,usbdrivereplog_J0556-332.csv,,,Data replog,,,J0556-332,True,IR
ir110416.0011,MAXI J0556-332,,,2011-04-16,23:44:36.3,2455668.4893,50.0,,J,J,,,,usbdrivereplog_J0556-332.csv,,,Data replog,,,J0556-332,True,IR
ir110416.0010,MAXI J0556-332,,,2011-04-16,23:43:29.9,2455668.4885,50.0,,J,J,,,,usbdrivereplog_J0556-332.csv,,,Data replog,,,J0556-332,True,IR
ir110416.0009,MAXI J0556-332,,,2011-04-16,23:42:22.8,2455668.4878,50.0,,J,J,,,,usbdrivereplog_J0556-332.csv,,,Data replog,,,J0556-332,True,IR
ir110416.0008,MAXI J0556-332,,,2011-04-16,23:41:16.0,2455668.487,50.0,,J,J,,,,usbdrivereplog_J0556-332.csv,,,Data replog,,,J0556-332,True,IR
ir110416.0007,MAXI J0556-332,,,2011-04-16,23:40:09.1,2455668.4862,50.0,,J,J,,,,usbdrivereplog_J0556-332.csv,,,Data replog,,,J0556-332,True,IR
ir111228.0063,MAXI J0556-332,05:56:47.3,-33:10:27,2011-12-29,04:27:59.1,2455924.6861,60.0,1.0,H,H,,,,usbdrivereplog_J0556-332.csv,,,Data replog,,,J0556-332,True,IR
ir111228.0062,MAXI J0556-332,05:56:47.3,-33:10:27,2011-12-29,04:26:43.2,2455924.6852,60.0,1.0,H,H,,,,usbdrivereplog_J0556-332.csv,,,Data replog,,,J0556-332,True,IR
ir111228.0061,MAXI J0556-332,05:56:47.3,-33:10:27,2011-12-29,04:25:27.3,2455924.6844,60.0,1.0,H,H,,,,usbdrivereplog_J0556-332.csv,,,Data replog,,,J0556-332,True,IR
ir111228.0060,MAXI J0556-332,05:56:47.3,-33:10:27,2011-12-29,04:24:11.4,2455924.6835,60.0,1.0,H,H,,,,usbdrivereplog_J0556-332.csv,,,Data replog,,,J0556-332,True,IR
ir111228.0059,MAXI J0556-332,05:56:47.2,-33:10:27,2011-12-29,04:22:55.5,2455924.6826,60.0,1.0,H,H,,,,usbdrivereplog_J0556-332.csv,,,Data replog,,,J0556-332,True,IR
ir111228.0057,MAXI J0556-332,05:56:47.2,-33:10:27,2011-12-29,04:20:23.7,2455924.6808,60.0,1.0,H,H,,,,usbdrivereplog_J0556-332.csv,,,Data replog,,,J0556-332,True,IR
ir111008.0335,MAXI J0556-332,05:56:43.6,-33:10:04,2011-10-09,06:58:19.8,2455843.7905,60.0,1.18,H,H,,,,usbdrivereplog_J0556-332.csv,,,Data replog,,,J0556-332,True,IR
ir111228.0056,MAXI J0556-332,05:56:47.3,-33:10:28,2011-12-29,04:19:07.8,2455924.68,60.0,1.0,H,H,,,,usbdrivereplog_J0556-332.csv,,,Data replog,,,J0556-332,True,IR
ir111106.0341,MAXI J0556-332,05:56:45.5,-33:10:16,2011-11-07,06:06:29.1,2455872.7545,60.0,1.06,H,H,,,,usbdrivereplog_J0556-332.csv,,,Data replog,,,J0556-332,True,IR
ir111106.0340,MAXI J0556-332,05:56:45.5,-33:10:16,2011-11-07,06:05:13.3,2455872.7536,60.0,1.06,H,H,,,,usbdrivereplog_J0556-332.csv,,,Data replog,,,J0556-332,True,IR
ir111106.0339,MAXI J0556-332,05:56:45.5,-33:10:16,2011-11-07,06:03:57.4,2455872.7527,60.0,1.06,H,H,,,,usbdrivereplog_J0556-332.csv,,,Data replog,,,J0556-332,True,IR
ir111106.0338,MAXI J0556-332,05:56:45.5,-33:10:16,2011-11-07,06:02:41.6,2455872.7519,60.0,1.06,H,H,,,,usbdrivereplog_J0556-332.csv,,,Data replog,,,J0556-332,True,IR
ir111106.0337,MAXI J0556-332,05:56:45.5,-33:10:17,2011-11-07,06:01:26.2,2455872.751,60.0,1.07,H,H,,,,usbdrivereplog_J0556-332.csv,,,Data replog,,,J0556-332,True,IR
ir111106.0336,MAXI J0556-332,05:56:45.5,-33:10:17,2011-11-07,06:00:10.4,2455872.7501,60.0,1.07,H,H,,,,usbdrivereplog_J0556-332.csv,,,Data replog,,,J0556-332,True,IR
ir111106.0335,MAXI J0556-332,05:56:45.5,-33:10:17,2011-11-07,05:58:54.6,2455872.7492,60.0,1.07,H,H,,,,usbdrivereplog_J0556-332.csv,,,Data replog,,,J0556-332,True,IR
ir111106.0334,MAXI J0556-332,05:56:45.6,-33:10:17,2011-11-07,05:57:39.3,2455872.7484,60.0,1.07,H,H,,,,usbdrivereplog_J0556-332.csv,,,Data replog,,,J0556-332,True,IR
ir111018.0325,MAXI J0556-332,05:56:46.8,-33:10:23,2011-10-19,07:18:41.3,2455853.8046,60.0,1.06,H,H,,,,usbdrivereplog_J0556-332.csv,,,Data replog,,,J0556-332,True,IR
ir111018.0324,MAXI J0556-332,05:56:46.8,-33:10:23,2011-10-19,07:17:25.9,2455853.8038,60.0,1.06,H,H,,,,usbdrivereplog_J0556-332.csv,,,Data replog,,,J0556-332,True,IR
ir110416.0013,MAXI J0556-332,,,2011-04-16,23:46:50.1,2455668.4909,50.0,,J,J,,,,usbdrivereplog_J0556-332.csv,,,Data replog,,,J0556-332,True,IR
ir110416.0014,MAXI J0556-332,,,2011-04-16,23:47:56.5,2455668.4916,50.0,,J,J,,,,usbdrivereplog_J0556-332.csv,,,Data replog,,,J0556-332,True,IR
ir110416.0015,MAXI J0556-332,,,2011-04-16,23:49:11.7,2455668.4925,50.0,,J,J,,,,usbdrivereplog_J0556-332.csv,,,Data replog,,,J0556-332,True,IR
ir110416.0016,MAXI J0556-332,,,2011-04-16,23:50:18.5,2455668.4933,50.0,,J,J,,,,usbdrivereplog_J0556-332.csv,,,Data replog,,,J0556-332,True,IR
ir110929.0232,MAXI J0556-332,05:56:46.5,-33:10:24,2011-09-30,08:22:26.1,2455834.8489,60.0,1.08,H,H,,,,usbdrivereplog_J0556-332.csv,,,Data replog,,,J0556-332,True,IR
ir110925.0383,MAXI J0556-332,05:56:48.6,-33:10:28,2011-09-26,07:41:23.6,2455830.8204,60.0,1.21,H,H,,,,usbdrivereplog_J0556-332.csv,,,Data replog,,,J0556-332,True,IR
ir110925.0382,MAXI J0556-332,05:56:48.6,-33:10:28,2011-09-26,07:40:07.5,2455830.8195,60.0,1.21,H,H,,,,usbdrivereplog_J0556-332.csv,,,Data replog,,,J0556-332,True,IR
ir110925.0381,MAXI J0556-332,05:56:48.5,-33:10:28,2011-09-26,07:38:51.4,2455830.8187,60.0,1.21,H,H,,,,usbdrivereplog_J0556-332.csv,,,Data replog,,,J0556-332,True,IR
ir110925.0380,MAXI J0556-332,05:56:48.5,-33:10:28,2011-09-26,07:37:34.7,2455830.8178,60.0,1.22,H,H,,,,usbdrivereplog_J0556-332.csv,,,Data replog,,,J0556-332,True,IR
ir110925.0379,MAXI J0556-332,05:56:48.6,-33:10:28,2011-09-26,07:36:18.8,2455830.8169,60.0,1.22,H,H,,,,usbdrivereplog_J0556-332.csv,,,Data replog,,,J0556-332,True,IR
ir110925.0378,MAXI J0556-332,05:56:48.6,-33:10:28,2011-09-26,07:35:02.2,2455830.816,60.0,1.23,H,H,,,,usbdrivereplog_J0556-332.csv,,,Data replog,,,J0556-332,True,IR
ir110925.0377,MAXI J0556-332,05:56:48.6,-33:10:28,2011-09-26,07:33:45.7,2455830.8151,60.0,1.23,H,H,,,,usbdrivereplog_J0556-332.csv,,,Data replog,,,J0556-332,True,IR
ir110925.0376,MAXI J0556-332,05:56:48.6,-33:10:27,2011-09-26,07:32:29.9,2455830.8142,60.0,1.23,H,H,,,,usbdrivereplog_J0556-332.csv,,,Data replog,,,J0556-332,True,IR
ir110416.0030,MAXI J0556-332,,,2011-04-17,00:07:18.1,2455668.5051,60.0,,H,H,,,,usbdrivereplog_J0556-332.csv,,,Data replog,,,J0556-332,True,IR
ir110416.0029,MAXI J0556-332,,,2011-04-17,00:06:01.1,2455668.5042,60.0,,H,H,,,,usbdrivereplog_J0556-332.csv,,,Data replog,,,J0556-332,True,IR
ir110416.0028,MAXI J0556-332,,,2011-04-17,00:04:44.0,2455668.5033,60.0,,H,H,,,,usbdrivereplog_J0556-332.csv,,,Data replog,,,J0556-332,True,IR
ir110416.0027,MAXI J0556-332,,,2011-04-17,00:03:27.3,2455668.5024,60.0,,H,H,,,,usbdrivereplog_J0556-332.csv,,,Data replog,,,J0556-332,True,IR
ir110416.0026,MAXI J0556-332,,,2011-04-17,00:02:10.4,2455668.5015,60.0,,H,H,,,,usbdrivereplog_J0556-332.csv,,,Data replog,,,J0556-332,True,IR
ir110416.0025,MAXI J0556-332,,,2011-04-17,00:00:53.6,2455668.5006,60.0,,H,H,,,,usbdrivereplog_J0556-332.csv,,,Data replog,,,J0556-332,True,IR
ir110416.0024,MAXI J0556-332,,,2011-04-16,23:59:36.8,2455668.4997,60.0,,H,H,,,,usbdrivereplog_J0556-332.csv,,,Data replog,,,J0556-332,True,IR
ir110416.0023,MAXI J0556-332,,,2011-04-16,23:58:19.8,2455668.4988,60.0,,H,H,,,,usbdrivereplog_J0556-332.csv,,,Data replog,,,J0556-332,True,IR
ir110416.0022,MAXI J0556-332,,,2011-04-16,23:56:59.3,2455668.4979,50.0,,J,J,,,,usbdrivereplog_J0556-332.csv,,,Data replog,,,J0556-332,True,IR
ir110416.0021,MAXI J0556-332,,,2011-04-16,23:55:52.8,2455668.4971,50.0,,J,J,,,,usbdrivereplog_J0556-332.csv,,,Data replog,,,J0556-332,True,IR
ir110416.0020,MAXI J0556-332,,,2011-04-16,23:54:45.4,2455668.4964,50.0,,J,J,,,,usbdrivereplog_J0556-332.csv,,,Data replog,,,J0556-332,True,IR
ir110416.0019,MAXI J0556-332,,,2011-04-16,23:53:38.6,2455668.4956,50.0,,J,J,,,,usbdrivereplog_J0556-332.csv,,,Data replog,,,J0556-332,True,IR
ir110416.0018,MAXI J0556-332,,,2011-04-16,23:52:32.2,2455668.4948,50.0,,J,J,,,,usbdrivereplog_J0556-332.csv,,,Data replog,,,J0556-332,True,IR
ir110416.0017,MAXI J0556-332,,,2011-04-16,23:51:25.2,2455668.494,50.0,,J,J,,,,usbdrivereplog_J0556-332.csv,,,Data replog,,,J0556-332,True,IR
ir111018.0323,MAXI J0556-332,05:56:46.8,-33:10:23,2011-10-19,07:16:10.1,2455853.8029,60.0,1.07,H,H,,,,usbdrivereplog_J0556-332.csv,,,Data replog,,,J0556-332,True,IR
ir111018.0322,MAXI J0556-332,05:56:46.8,-33:10:23,2011-10-19,07:14:54.3,2455853.802,60.0,1.07,H,H,,,,usbdrivereplog_J0556-332.csv,,,Data replog,,,J0556-332,True,IR
ir111018.0321,MAXI J0556-332,05:56:46.8,-33:10:23,2011-10-19,07:13:39.0,2455853.8012,60.0,1.07,H,H,,,,usbdrivereplog_J0556-332.csv,,,Data replog,,,J0556-332,True,IR
ir111010.0309,MAXI J0556-332,05:56:46.2,-33:10:22,2011-10-11,06:43:39.8,2455845.7803,60.0,1.2,H,H,,,,usbdrivereplog_J0556-332.csv,,,Data replog,,,J0556-332,True,IR
ir111015.0318,MAXI J0556-332,05:56:46.3,-33:10:27,2011-10-16,07:28:22.2,2455850.8114,60.0,1.07,H,H,,,,usbdrivereplog_J0556-332.csv,,,Data replog,,,J0556-332,True,IR
ir111015.0317,MAXI J0556-332,05:56:46.3,-33:10:27,2011-10-16,07:27:06.4,2455850.8105,60.0,1.07,H,H,,,,usbdrivereplog_J0556-332.csv,,,Data replog,,,J0556-332,True,IR
ir111015.0316,MAXI J0556-332,05:56:46.3,-33:10:27,2011-10-16,07:25:50.7,2455850.8096,60.0,1.07,H,H,,,,usbdrivereplog_J0556-332.csv,,,Data replog,,,J0556-332,True,IR
ir111015.0315,MAXI J0556-332,05:56:46.3,-33:10:27,2011-10-16,07:24:35.0,2455850.8087,60.0,1.07,H,H,,,,usbdrivereplog_J0556-332.csv,,,Data replog,,,J0556-332,True,IR
ir111015.0314,MAXI J0556-332,05:56:46.2,-33:10:27,2011-10-16,07:23:19.1,2455850.8079,60.0,1.07,H,H,,,,usbdrivereplog_J0556-332.csv,,,Data replog,,,J0556-332,True,IR
ir111015.0313,MAXI J0556-332,05:56:46.2,-33:10:27,2011-10-16,07:22:03.3,2455850.807,60.0,1.08,H,H,,,,usbdrivereplog_J0556-332.csv,,,Data replog,,,J0556-332,True,IR
ir111015.0312,MAXI J0556-332,05:56:46.2,-33:10:26,2011-10-16,07:20:47.8,2455850.8061,60.0,1.08,H,H,,,,usbdrivereplog_J0556-332.csv,,,Data replog,,,J0556-332,True,IR
ir111005.0273,MAXI J0556-332,05:56:46.9,-33:10:23,2011-10-06,07:00:40.6,2455840.7922,60.0,1.21,H,H,,,,usbdrivereplog_J0556-332.csv,,,Data replog,,,J0556-332,True,IR
ir111005.0272,MAXI J0556-332,05:56:47.0,-33:10:23,2011-10-06,06:59:25.2,2455840.7913,60.0,1.21,H,H,,,,usbdrivereplog_J0556-332.csv,,,Data replog,,,J0556-332,True,IR
ir111005.0271,MAXI J0556-332,05:56:46.9,-33:10:22,2011-10-06,06:58:09.5,2455840.7904,60.0,1.22,H,H,,,,usbdrivereplog_J0556-332.csv,,,Data replog,,,J0556-332,True,IR
ir111005.0270,MAXI J0556-332,05:56:47.0,-33:10:22,2011-10-06,06:56:53.7,2455840.7895,60.0,1.22,H,H,,,,usbdrivereplog_J0556-332.csv,,,Data replog,,,J0556-332,True,IR
ir111005.0269,MAXI J0556-332,05:56:46.9,-33:10:22,2011-10-06,06:55:37.9,2455840.7887,60.0,1.23,H,H,,,,usbdrivereplog_J0556-332.csv,,,Data replog,,,J0556-332,True,IR
ir111005.0268,MAXI J0556-332,05:56:46.9,-33:10:22,2011-10-06,06:54:22.1,2455840.7878,60.0,1.23,H,H,,,,usbdrivereplog_J0556-332.csv,,,Data replog,,,J0556-332,True,IR
ir111005.0267,MAXI J0556-332,05:56:46.9,-33:10:22,2011-10-06,06:53:06.4,2455840.7869,60.0,1.23,H,H,,,,usbdrivereplog_J0556-332.csv,,,Data replog,,,J0556-332,True,IR
ir111005.0266,MAXI J0556-332,05:56:47.0,-33:10:22,2011-10-06,06:51:50.6,2455840.786,60.0,1.24,H,H,,,,usbdrivereplog_J0556-332.csv,,,Data replog,,,J0556-332,True,IR
ir110509.0023,MAXI J0556-332,05:56:46.4,-33:10:13,2011-05-09,23:26:24.2,2455691.4767,60.0,1.54,H,H,,,,usbdrivereplog_J0556-332.csv,,,Data replog,,,J0556-332,True,IR
ir110509.0022,MAXI J0556-332,05:56:46.4,-33:10:12,2011-05-09,23:25:08.2,2455691.4758,60.0,1.54,H,H,,,,usbdrivereplog_J0556-332.csv,,,Data replog,,,J0556-332,True,IR
ir110509.0021,MAXI J0556-332,05:56:46.4,-33:10:12,2011-05-09,23:23:52.5,2455691.4749,60.0,1.53,H,H,,,,usbdrivereplog_J0556-332.csv,,,Data replog,,,J0556-332,True,IR
ir110509.0020,MAXI J0556-332,05:56:46.4,-33:10:12,2011-05-09,23:22:36.8,2455691.474,60.0,1.52,H,H,,,,usbdrivereplog_J0556-332.csv,,,Data replog,,,J0556-332,True,IR
ir110509.0019,MAXI J0556-332,05:56:46.4,-33:10:11,2011-05-09,23:21:21.2,2455691.4732,60.0,1.51,H,H,,,,usbdrivereplog_J0556-332.csv,,,Data replog,,,J0556-332,True,IR
ir110509.0018,MAXI J0556-332,05:56:46.3,-33:10:11,2011-05-09,23:20:05.3,2455691.4723,60.0,1.5,H,H,,,,usbdrivereplog_J0556-332.csv,,,Data replog,,,J0556-332,True,IR
ir110509.0017,MAXI J0556-332,05:56:46.3,-33:10:10,2011-05-09,23:18:49.5,2455691.4714,60.0,1.5,H,H,,,,usbdrivereplog_J0556-332.csv,,,Data replog,,,J0556-332,True,IR
ir110509.0016,MAXI J0556-332,05:56:46.3,-33:10:09,2011-05-09,23:17:33.7,2455691.4705,60.0,1.49,H,H,,,,usbdrivereplog_J0556-332.csv,,,Data replog,,,J0556-332,True,IR
ir111015.0319,MAXI J0556-332,05:56:46.3,-33:10:27,2011-10-16,07:29:37.6,2455850.8122,60.0,1.06,H,H,,,,usbdrivereplog_J0556-332.csv,,,Data replog,,,J0556-332,True,IR
ir111010.0310,MAXI J0556-332,05:56:46.2,-33:10:21,2011-10-11,06:44:55.6,2455845.7812,60.0,1.2,H,H,,,,usbdrivereplog_J0556-332.csv,,,Data replog,,,J0556-332,True,IR
ir111018.0320,MAXI J0556-332,05:56:46.8,-33:10:23,2011-10-19,07:12:23.2,2455853.8003,60.0,1.07,H,H,,,,usbdrivereplog_J0556-332.csv,,,Data replog,,,J0556-332,True,IR
ir111010.0311,MAXI J0556-332,05:56:46.3,-33:10:21,2011-10-11,06:46:11.4,2455845.7821,60.0,1.2,H,H,,,,usbdrivereplog_J0556-332.csv,,,Data replog,,,J0556-332,True,IR
ir111018.0319,MAXI J0556-332,05:56:46.8,-33:10:23,2011-10-19,07:11:07.5,2455853.7994,60.0,1.07,H,H,,,,usbdrivereplog_J0556-332.csv,,,Data replog,,,J0556-332,True,IR
ir111018.0318,MAXI J0556-332,05:56:46.8,-33:10:23,2011-10-19,07:09:52.2,2455853.7985,60.0,1.08,H,H,,,,usbdrivereplog_J0556-332.csv,,,Data replog,,,J0556-332,True,IR
ir111227.0201,MAXI J0556-332,05:56:47.1,-33:10:19,2011-12-28,06:10:10.9,2455923.7571,60.0,1.1,H,H,,,,usbdrivereplog_J0556-332.csv,,,Data replog,,,J0556-332,True,IR
ir111227.0200,MAXI J0556-332,05:56:47.1,-33:10:19,2011-12-28,06:08:54.9,2455923.7562,60.0,1.1,H,H,,,,usbdrivereplog_J0556-332.csv,,,Data replog,,,J0556-332,True,IR
ir111227.0199,MAXI J0556-332,05:56:47.1,-33:10:20,2011-12-28,06:07:39.0,2455923.7553,60.0,1.1,H,H,,,,usbdrivereplog_J0556-332.csv,,,Data replog,,,J0556-332,True,IR
ir111227.0198,MAXI J0556-332,05:56:47.1,-33:10:20,2011-12-28,06:06:23.1,2455923.7544,60.0,1.09,H,H,,,,usbdrivereplog_J0556-332.csv,,,Data replog,,,J0556-332,True,IR
ir111227.0197,MAXI J0556-332,05:56:47.1,-33:10:20,2011-12-28,06:05:07.3,2455923.7536,60.0,1.09,H,H,,,,usbdrivereplog_J0556-332.csv,,,Data replog,,,J0556-332,True,IR
ir111227.0196,MAXI J0556-332,05:56:47.2,-33:10:21,2011-12-28,06:03:51.2,2455923.7527,60.0,1.09,H,H,,,,usbdrivereplog_J0556-332.csv,,,Data replog,,,J0556-332,True,IR
ir111227.0195,MAXI J0556-332,05:56:47.2,-33:10:21,2011-12-28,06:02:35.3,2455923.7518,60.0,1.09,H,H,,,,usbdrivereplog_J0556-332.csv,,,Data replog,,,J0556-332,True,IR
ir111227.0194,MAXI J0556-332,05:56:47.3,-33:10:22,2011-12-28,06:01:19.4,2455923.7509,60.0,1.08,H,H,,,,usbdrivereplog_J0556-332.csv,,,Data replog,,,J0556-332,True,IR
ir111031.0224,MAXI J0556-332,05:56:47.4,-33:10:23,2011-11-01,05:42:32.9,2455866.7379,60.0,1.15,H,H,,,,usbdrivereplog_J0556-332.csv,,,Data replog,,,J0556-332,True,IR
ir111031.0223,MAXI J0556-332,05:56:47.4,-33:10:23,2011-11-01,05:41:17.3,2455866.737,60.0,1.15,H,H,,,,usbdrivereplog_J0556-332.csv,,,Data replog,,,J0556-332,True,IR
ir111031.0222,MAXI J0556-332,05:56:47.4,-33:10:23,2011-11-01,05:40:01.5,2455866.7361,60.0,1.15,H,H,,,,usbdrivereplog_J0556-332.csv,,,Data replog,,,J0556-332,True,IR
ir111031.0221,MAXI J0556-332,05:56:47.4,-33:10:23,2011-11-01,05:38:45.6,2455866.7352,60.0,1.16,H,H,,,,usbdrivereplog_J0556-332.csv,,,Data replog,,,J0556-332,True,IR
ir111031.0220,MAXI J0556-332,05:56:47.4,-33:10:23,2011-11-01,05:37:29.7,2455866.7344,60.0,1.16,H,H,,,,usbdrivereplog_J0556-332.csv,,,Data replog,,,J0556-332,True,IR
ir111031.0219,MAXI J0556-332,05:56:47.4,-33:10:23,2011-11-01,05:36:14.0,2455866.7335,60.0,1.16,H,H,,,,usbdrivereplog_J0556-332.csv,,,Data replog,,,J0556-332,True,IR
ir111031.0218,MAXI J0556-332,05:56:47.3,-33:10:23,2011-11-01,05:34:58.1,2455866.7326,60.0,1.16,H,H,,,,usbdrivereplog_J0556-332.csv,,,Data replog,,,J0556-332,True,IR
ir111031.0217,MAXI J0556-332,05:56:47.3,-33:10:23,2011-11-01,05:33:42.7,2455866.7317,60.0,1.17,H,H,,,,usbdrivereplog_J0556-332.csv,,,Data replog,,,J0556-332,True,IR
ir111010.0316,MAXI J0556-332,05:56:46.5,-33:10:20,2011-10-11,06:52:29.7,2455845.7865,60.0,1.18,H,H,,,,usbdrivereplog_J0556-332.csv,,,Data replog,,,J0556-332,True,IR
ir111010.0315,MAXI J0556-332,05:56:46.4,-33:10:20,2011-10-11,06:51:14.4,2455845.7856,60.0,1.18,H,H,,,,usbdrivereplog_J0556-332.csv,,,Data replog,,,J0556-332,True,IR
ir111010.0314,MAXI J0556-332,05:56:46.4,-33:10:21,2011-10-11,06:49:58.6,2455845.7847,60.0,1.18,H,H,,,,usbdrivereplog_J0556-332.csv,,,Data replog,,,J0556-332,True,IR
ir111010.0313,MAXI J0556-332,05:56:46.3,-33:10:21,2011-10-11,06:48:42.9,2455845.7838,60.0,1.19,H,H,,,,usbdrivereplog_J0556-332.csv,,,Data replog,,,J0556-332,True,IR
ir111010.0312,MAXI J0556-332,05:56:46.3,-33:10:21,2011-10-11,06:47:27.2,2455845.7829,60.0,1.19,H,H,,,,usbdrivereplog_J0556-332.csv,,,Data replog,,,J0556-332,True,IR
ir111019.0208,MAXI J0556-332,05:56:45.9,-33:10:26,2011-10-20,05:28:46.9,2455854.7283,60.0,1.34,H,H,,,,usbdrivereplog_J0556-332.csv,,,Data replog,,,J0556-332,True,IR
ir111019.0209,MAXI J0556-332,05:56:45.9,-33:10:26,2011-10-20,05:30:02.6,2455854.7292,60.0,1.34,H,H,,,,usbdrivereplog_J0556-332.csv,,,Data replog,,,J0556-332,True,IR
ir111019.0210,MAXI J0556-332,05:56:45.8,-33:10:26,2011-10-20,05:31:17.9,2455854.7301,60.0,1.33,H,H,,,,usbdrivereplog_J0556-332.csv,,,Data replog,,,J0556-332,True,IR
ir110114.0114,MAXI J0556-332,05:56:46.2,-33:10:25,2011-01-15,03:21:13.9,2455576.6397,30.1,1.0,H,H,,,,usbdrivereplog_J0556-332.csv,,,Data replog,,,J0556-332,True,IR
ir110116.0139,MAXI J0556-332,05:56:49.0,-33:10:32,2011-01-17,03:44:36.5,2455578.656,30.0,1.02,H,H,,,,usbdrivereplog_J0556-332.csv,,,Data replog,,,J0556-332,True,IR
ir110116.0138,MAXI J0556-332,05:56:49.0,-33:10:32,2011-01-17,03:43:49.5,2455578.6554,30.1,1.02,H,H,,,,usbdrivereplog_J0556-332.csv,,,Data replog,,,J0556-332,True,IR
ir110116.0137,MAXI J0556-332,05:56:49.0,-33:10:32,2011-01-17,03:43:03.0,2455578.6549,30.0,1.02,H,H,,,,usbdrivereplog_J0556-332.csv,,,Data replog,,,J0556-332,True,IR
ir110115.0155,MAXI J0556-332,05:56:45.2,-33:10:18,2011-01-16,04:46:30.5,2455577.699,30.1,1.09,H,H,,,,usbdrivereplog_J0556-332.csv,,,Data replog,,,J0556-332,True,IR
ir110115.0154,MAXI J0556-332,05:56:45.2,-33:10:18,2011-01-16,04:45:44.0,2455577.6984,30.0,1.08,H,H,,,,usbdrivereplog_J0556-332.csv,,,Data replog,,,J0556-332,True,IR
ir110115.0153,MAXI J0556-332,05:56:45.2,-33:10:18,2011-01-16,04:44:57.3,2455577.6979,30.1,1.08,H,H,,,,usbdrivereplog_J0556-332.csv,,,Data replog,,,J0556-332,True,IR
ir110115.0152,MAXI J0556-332,05:56:45.2,-33:10:18,2011-01-16,04:44:10.1,2455577.6973,30.1,1.08,H,H,,,,usbdrivereplog_J0556-332.csv,,,Data replog,,,J0556-332,True,IR
ir110115.0151,MAXI J0556-332,05:56:45.3,-33:10:18,2011-01-16,04:43:23.5,2455577.6968,30.1,1.08,H,H,,,,usbdrivereplog_J0556-332.csv,,,Data replog,,,J0556-332,True,IR
ir110115.0150,MAXI J0556-332,05:56:45.3,-33:10:18,2011-01-16,04:42:36.8,2455577.6963,30.1,1.08,H,H,,,,usbdrivereplog_J0556-332.csv,,,Data replog,,,J0556-332,True,IR
ir110115.0149,MAXI J0556-332,05:56:45.3,-33:10:18,2011-01-16,04:41:49.7,2455577.6957,30.0,1.08,H,H,,,,usbdrivereplog_J0556-332.csv,,,Data replog,,,J0556-332,True,IR
ir110115.0148,MAXI J0556-332,05:56:45.3,-33:10:19,2011-01-16,04:41:03.1,2455577.6952,30.0,1.08,H,H,,,,usbdrivereplog_J0556-332.csv,,,Data replog,,,J0556-332,True,IR
ir110114.0113,MAXI J0556-332,05:56:46.2,-33:10:25,2011-01-15,03:20:27.1,2455576.6392,30.0,1.0,H,H,,,,usbdrivereplog_J0556-332.csv,,,Data replog,,,J0556-332,True,IR
ir111205.0209,MAXI J0556-332,05:56:44.5,-33:10:07,2011-12-06,04:44:23.7,2455901.6975,60.0,1.02,H,H,,,,usbdrivereplog_J0556-332.csv,,,Data replog,,,J0556-332,True,IR
ir110114.0112,MAXI J0556-332,05:56:46.2,-33:10:25,2011-01-15,03:19:40.6,2455576.6387,30.0,1.0,H,H,,,,usbdrivereplog_J0556-332.csv,,,Data replog,,,J0556-332,True,IR
ir110114.0111,MAXI J0556-332,05:56:46.2,-33:10:25,2011-01-15,03:18:53.3,2455576.6381,30.0,1.0,H,H,,,,usbdrivereplog_J0556-332.csv,,,Data replog,,,J0556-332,True,IR
ir110114.0110,MAXI J0556-332,05:56:46.2,-33:10:25,2011-01-15,03:18:06.7,2455576.6376,30.1,1.0,H,H,,,,usbdrivereplog_J0556-332.csv,,,Data replog,,,J0556-332,True,IR
ir110114.0109,MAXI J0556-332,05:56:46.2,-33:10:26,2011-01-15,03:17:19.9,2455576.637,30.0,1.0,H,H,,,,usbdrivereplog_J0556-332.csv,,,Data replog,,,J0556-332,True,IR
ir110114.0108,MAXI J0556-332,05:56:46.2,-33:10:26,2011-01-15,03:16:32.6,2455576.6365,30.0,1.0,H,H,,,,usbdrivereplog_J0556-332.csv,,,Data replog,,,J0556-332,True,IR
ir110114.0107,MAXI J0556-332,05:56:46.2,-33:10:26,2011-01-15,03:15:46.1,2455576.636,30.0,1.0,H,H,,,,usbdrivereplog_J0556-332.csv,,,Data replog,,,J0556-332,True,IR
ir111205.0215,MAXI J0556-332,05:56:44.3,-33:10:07,2011-12-06,04:52:02.6,2455901.7028,60.0,1.02,H,H,,,,usbdrivereplog_J0556-332.csv,,,Data replog,,,J0556-332,True,IR
ir111205.0214,MAXI J0556-332,05:56:44.4,-33:10:07,2011-12-06,04:50:46.4,2455901.7019,60.0,1.02,H,H,,,,usbdrivereplog_J0556-332.csv,,,Data replog,,,J0556-332,True,IR
ir111205.0213,MAXI J0556-332,05:56:44.4,-33:10:07,2011-12-06,04:49:29.9,2455901.701,60.0,1.02,H,H,,,,usbdrivereplog_J0556-332.csv,,,Data replog,,,J0556-332,True,IR
ir111205.0212,MAXI J0556-332,05:56:44.4,-33:10:07,2011-12-06,04:48:13.1,2455901.7001,60.0,1.02,H,H,,,,usbdrivereplog_J0556-332.csv,,,Data replog,,,J0556-332,True,IR
ir111205.0211,MAXI J0556-332,05:56:44.4,-33:10:07,2011-12-06,04:46:56.6,2455901.6993,60.0,1.02,H,H,,,,usbdrivereplog_J0556-332.csv,,,Data replog,,,J0556-332,True,IR
ir110116.0140,MAXI J0556-332,05:56:49.0,-33:10:32,2011-01-17,03:45:23.5,2455578.6565,30.1,1.02,H,H,,,,usbdrivereplog_J0556-332.csv,,,Data replog,,,J0556-332,True,IR
ir110116.0141,MAXI J0556-332,05:56:49.0,-33:10:32,2011-01-17,03:46:10.0,2455578.6571,30.1,1.02,H,H,,,,usbdrivereplog_J0556-332.csv,,,Data replog,,,J0556-332,True,IR
ir110116.0142,MAXI J0556-332,05:56:49.0,-33:10:31,2011-01-17,03:46:56.6,2455578.6576,30.0,1.02,H,H,,,,usbdrivereplog_J0556-332.csv,,,Data replog,,,J0556-332,True,IR
ir110116.0143,MAXI J0556-332,05:56:49.0,-33:10:31,2011-01-17,03:47:43.4,2455578.6581,30.1,1.02,H,H,,,,usbdrivereplog_J0556-332.csv,,,Data replog,,,J0556-332,True,IR
ir110120.0107,MAXI J0556-332,05:56:46.2,-33:10:25,2011-01-21,03:30:59.7,2455582.6465,30.0,1.02,H,H,,,,usbdrivereplog_J0556-332.csv,,,Data replog,,,J0556-332,True,IR
ir110120.0106,MAXI J0556-332,05:56:46.2,-33:10:25,2011-01-21,03:30:12.9,2455582.646,30.1,1.02,H,H,,,,usbdrivereplog_J0556-332.csv,,,Data replog,,,J0556-332,True,IR
ir110120.0105,MAXI J0556-332,05:56:46.2,-33:10:25,2011-01-21,03:29:26.3,2455582.6455,30.0,1.02,H,H,,,,usbdrivereplog_J0556-332.csv,,,Data replog,,,J0556-332,True,IR
ir110120.0104,MAXI J0556-332,05:56:46.2,-33:10:25,2011-01-21,03:28:39.0,2455582.6449,30.0,1.02,H,H,,,,usbdrivereplog_J0556-332.csv,,,Data replog,,,J0556-332,True,IR
ir110120.0103,MAXI J0556-332,05:56:46.2,-33:10:25,2011-01-21,03:27:51.6,2455582.6444,30.0,1.02,H,H,,,,usbdrivereplog_J0556-332.csv,,,Data replog,,,J0556-332,True,IR
ir110120.0102,MAXI J0556-332,05:56:46.2,-33:10:25,2011-01-21,03:27:04.8,2455582.6438,30.0,1.02,H,H,,,,usbdrivereplog_J0556-332.csv,,,Data replog,,,J0556-332,True,IR
ir110119.0148,MAXI J0556-332,05:56:44.4,-33:09:56,2011-01-20,04:57:19.7,2455581.7065,30.0,1.14,H,H,,,,usbdrivereplog_J0556-332.csv,,,Data replog,,,J0556-332,True,IR
ir110119.0147,MAXI J0556-332,05:56:44.5,-33:09:56,2011-01-20,04:56:33.3,2455581.7059,30.0,1.14,H,H,,,,usbdrivereplog_J0556-332.csv,,,Data replog,,,J0556-332,True,IR
ir110119.0146,MAXI J0556-332,05:56:44.5,-33:09:56,2011-01-20,04:55:46.1,2455581.7054,30.1,1.14,H,H,,,,usbdrivereplog_J0556-332.csv,,,Data replog,,,J0556-332,True,IR
ir110119.0145,MAXI J0556-332,05:56:44.5,-33:09:56,2011-01-20,04:54:59.6,2455581.7049,30.0,1.13,H,H,,,,usbdrivereplog_J0556-332.csv,,,Data replog,,,J0556-332,True,IR
ir110119.0144,MAXI J0556-332,05:56:44.4,-33:09:56,2011-01-20,04:54:13.0,2455581.7043,30.0,1.13,H,H,,,,usbdrivereplog_J0556-332.csv,,,Data replog,,,J0556-332,True,IR
ir110119.0143,MAXI J0556-332,05:56:44.4,-33:09:56,2011-01-20,04:53:25.8,2455581.7038,30.0,1.13,H,H,,,,usbdrivereplog_J0556-332.csv,,,Data replog,,,J0556-332,True,IR
ir110119.0142,MAXI J0556-332,05:56:44.4,-33:09:57,2011-01-20,04:52:38.7,2455581.7032,30.0,1.13,H,H,,,,usbdrivereplog_J0556-332.csv,,,Data replog,,,J0556-332,True,IR
ir110119.0141,MAXI J0556-332,05:56:44.4,-33:09:57,2011-01-20,04:51:52.1,2455581.7027,30.1,1.13,H,H,,,,usbdrivereplog_J0556-332.csv,,,Data replog,,,J0556-332,True,IR
ir110117.0099,MAXI J0556-332,05:56:46.3,-33:10:27,2011-01-18,03:25:40.4,2455579.6428,30.0,1.01,H,H,,,,usbdrivereplog_J0556-332.csv,,,Data replog,,,J0556-332,True,IR
ir110117.0098,MAXI J0556-332,05:56:46.3,-33:10:26,2011-01-18,03:24:53.9,2455579.6423,30.0,1.01,H,H,,,,usbdrivereplog_J0556-332.csv,,,Data replog,,,J0556-332,True,IR
ir110117.0097,MAXI J0556-332,05:56:46.3,-33:10:26,2011-01-18,03:24:07.0,2455579.6417,30.1,1.01,H,H,,,,usbdrivereplog_J0556-332.csv,,,Data replog,,,J0556-332,True,IR
ir110117.0096,MAXI J0556-332,05:56:46.3,-33:10:27,2011-01-18,03:23:20.2,2455579.6412,30.1,1.01,H,H,,,,usbdrivereplog_J0556-332.csv,,,Data replog,,,J0556-332,True,IR
ir110117.0095,MAXI J0556-332,05:56:46.3,-33:10:26,2011-01-18,03:22:33.6,2455579.6407,30.1,1.01,H,H,,,,usbdrivereplog_J0556-332.csv,,,Data replog,,,J0556-332,True,IR
ir110117.0094,MAXI J0556-332,05:56:46.3,-33:10:26,2011-01-18,03:21:46.1,2455579.6401,30.1,1.01,H,H,,,,usbdrivereplog_J0556-332.csv,,,Data replog,,,J0556-332,True,IR
ir110117.0093,MAXI J0556-332,05:56:46.3,-33:10:26,2011-01-18,03:20:59.1,2455579.6396,30.1,1.01,H,H,,,,usbdrivereplog_J0556-332.csv,,,Data replog,,,J0556-332,True,IR
ir110117.0092,MAXI J0556-332,05:56:46.4,-33:10:26,2011-01-18,03:20:12.4,2455579.639,30.1,1.01,H,H,,,,usbdrivereplog_J0556-332.csv,,,Data replog,,,J0556-332,True,IR
ir110116.0144,MAXI J0556-332,05:56:49.0,-33:10:32,2011-01-17,03:48:30.1,2455578.6587,30.1,1.02,H,H,,,,usbdrivereplog_J0556-332.csv,,,Data replog,,,J0556-332,True,IR
ir111205.0210,MAXI J0556-332,05:56:44.5,-33:10:07,2011-12-06,04:45:40.1,2455901.6984,60.0,1.02,H,H,,,,usbdrivereplog_J0556-332.csv,,,Data replog,,,J0556-332,True,IR
ir111205.0208,MAXI J0556-332,05:56:44.5,-33:10:08,2011-12-06,04:43:07.2,2455901.6966,60.0,1.03,H,H,,,,usbdrivereplog_J0556-332.csv,,,Data replog,,,J0556-332,True,IR
ir111124.0199,MAXI J0556-332,05:56:46.2,-33:10:26,2011-11-25,05:07:38.9,2455890.7136,60.0,1.04,H,H,,,,usbdrivereplog_J0556-332.csv,,,Data replog,,,J0556-332,True,IR
ir111102.0231,MAXI J0556-332,05:56:46.9,-33:10:24,2011-11-03,04:31:38.3,2455868.6886,60.0,1.35,H,H,,,,usbdrivereplog_J0556-332.csv,,,Data replog,,,J0556-332,True,IR
ir111116.0231,MAXI J0556-332,05:56:48.1,-33:10:29,2011-11-17,05:36:23.1,2455882.7336,60.0,1.05,H,H,,,,usbdrivereplog_J0556-332.csv,,,Data replog,,,J0556-332,True,IR
ir111116.0230,MAXI J0556-332,05:56:48.1,-33:10:29,2011-11-17,05:35:06.6,2455882.7327,60.0,1.05,H,H,,,,usbdrivereplog_J0556-332.csv,,,Data replog,,,J0556-332,True,IR
ir111116.0229,MAXI J0556-332,05:56:48.0,-33:10:29,2011-11-17,05:33:49.9,2455882.7318,60.0,1.05,H,H,,,,usbdrivereplog_J0556-332.csv,,,Data replog,,,J0556-332,True,IR
ir111116.0228,MAXI J0556-332,05:56:48.1,-33:10:29,2011-11-17,05:32:33.9,2455882.731,60.0,1.05,H,H,,,,usbdrivereplog_J0556-332.csv,,,Data replog,,,J0556-332,True,IR
ir111102.0238,MAXI J0556-332,05:56:46.3,-33:10:24,2011-11-03,04:40:28.1,2455868.6948,60.0,1.32,H,H,,,,usbdrivereplog_J0556-332.csv,,,Data replog,,,J0556-332,True,IR
ir111102.0237,MAXI J0556-332,05:56:46.4,-33:10:24,2011-11-03,04:39:12.6,2455868.6939,60.0,1.32,H,H,,,,usbdrivereplog_J0556-332.csv,,,Data replog,,,J0556-332,True,IR
ir111102.0236,MAXI J0556-332,05:56:46.5,-33:10:24,2011-11-03,04:37:56.8,2455868.693,60.0,1.33,H,H,,,,usbdrivereplog_J0556-332.csv,,,Data replog,,,J0556-332,True,IR
ir111102.0235,MAXI J0556-332,05:56:46.5,-33:10:24,2011-11-03,04:36:41.0,2455868.6921,60.0,1.33,H,H,,,,usbdrivereplog_J0556-332.csv,,,Data replog,,,J0556-332,True,IR
ir111102.0234,MAXI J0556-332,05:56:46.6,-33:10:24,2011-11-03,04:35:25.5,2455868.6913,60.0,1.34,H,H,,,,usbdrivereplog_J0556-332.csv,,,Data replog,,,J0556-332,True,IR
ir111102.0233,MAXI J0556-332,05:56:46.6,-33:10:24,2011-11-03,04:34:09.7,2455868.6904,60.0,1.34,H,H,,,,usbdrivereplog_J0556-332.csv,,,Data replog,,,J0556-332,True,IR
ir111102.0232,MAXI J0556-332,05:56:46.6,-33:10:24,2011-11-03,04:32:53.8,2455868.6895,60.0,1.35,H,H,,,,usbdrivereplog_J0556-332.csv,,,Data replog,,,J0556-332,True,IR
ir111117.0175,MAXI J0556-332,05:56:44.1,-33:10:17,2011-11-18,04:09:57.1,2455883.6736,60.0,1.22,H,H,,,,usbdrivereplog_J0556-332.csv,,,Data replog,,,J0556-332,True,IR
ir111011.0349,MAXI J0556-332,05:56:43.7,-33:10:39,2011-10-12,06:31:47.9,2455846.7721,60.0,1.23,H,H,,,,usbdrivereplog_J0556-332.csv,,,Data replog,,,J0556-332,True,IR
ir111117.0174,MAXI J0556-332,05:56:44.1,-33:10:17,2011-11-18,04:08:41.0,2455883.6727,60.0,1.22,H,H,,,,usbdrivereplog_J0556-332.csv,,,Data replog,,,J0556-332,True,IR
ir111117.0173,MAXI J0556-332,05:56:44.1,-33:10:17,2011-11-18,04:07:24.6,2455883.6718,60.0,1.22,H,H,,,,usbdrivereplog_J0556-332.csv,,,Data replog,,,J0556-332,True,IR
ir111117.0172,MAXI J0556-332,05:56:44.1,-33:10:17,2011-11-18,04:06:08.3,2455883.6709,60.0,1.23,H,H,,,,usbdrivereplog_J0556-332.csv,,,Data replog,,,J0556-332,True,IR
ir111117.0171,MAXI J0556-332,05:56:44.0,-33:10:17,2011-11-18,04:04:52.0,2455883.67,60.0,1.23,H,H,,,,usbdrivereplog_J0556-332.csv,,,Data replog,,,J0556-332,True,IR
ir111117.0170,MAXI J0556-332,05:56:44.1,-33:10:17,2011-11-18,04:03:35.5,2455883.6692,60.0,1.24,H,H,,,,usbdrivereplog_J0556-332.csv,,,Data replog,,,J0556-332,True,IR
ir111117.0169,MAXI J0556-332,05:56:44.1,-33:10:18,2011-11-18,04:02:19.0,2455883.6683,60.0,1.24,H,H,,,,usbdrivereplog_J0556-332.csv,,,Data replog,,,J0556-332,True,IR
ir111117.0168,MAXI J0556-332,05:56:44.1,-33:10:18,2011-11-18,04:01:02.8,2455883.6674,60.0,1.24,H,H,,,,usbdrivereplog_J0556-332.csv,,,Data replog,,,J0556-332,True,IR
ir111124.0204,MAXI J0556-332,05:56:46.4,-33:10:25,2011-11-25,05:14:00.6,2455890.7181,60.0,1.04,H,H,,,,usbdrivereplog_J0556-332.csv,,,Data replog,,,J0556-332,True,IR
ir111124.0203,MAXI J0556-332,05:56:46.3,-33:10:25,2011-11-25,05:12:44.3,2455890.7172,60.0,1.04,H,H,,,,usbdrivereplog_J0556-332.csv,,,Data replog,,,J0556-332,True,IR
ir111124.0202,MAXI J0556-332,05:56:46.3,-33:10:26,2011-11-25,05:11:27.8,2455890.7163,60.0,1.04,H,H,,,,usbdrivereplog_J0556-332.csv,,,Data replog,,,J0556-332,True,IR
ir111124.0201,MAXI J0556-332,05:56:46.3,-33:10:25,2011-11-25,05:10:11.6,2455890.7154,60.0,1.04,H,H,,,,usbdrivereplog_J0556-332.csv,,,Data replog,,,J0556-332,True,IR
ir111116.0232,MAXI J0556-332,05:56:48.1,-33:10:29,2011-11-17,05:37:39.2,2455882.7345,60.0,1.05,H,H,,,,usbdrivereplog_J0556-332.csv,,,Data replog,,,J0556-332,True,IR
ir111116.0233,MAXI J0556-332,05:56:48.1,-33:10:29,2011-11-17,05:38:55.7,2455882.7354,60.0,1.04,H,H,,,,usbdrivereplog_J0556-332.csv,,,Data replog,,,J0556-332,True,IR
ir111116.0234,MAXI J0556-332,05:56:48.2,-33:10:28,2011-11-17,05:40:11.9,2455882.7363,60.0,1.04,H,H,,,,usbdrivereplog_J0556-332.csv,,,Data replog,,,J0556-332,True,IR
ir111116.0235,MAXI J0556-332,05:56:48.2,-33:10:28,2011-11-17,05:41:28.7,2455882.7371,60.0,1.04,H,H,,,,usbdrivereplog_J0556-332.csv,,,Data replog,,,J0556-332,True,IR
ir111011.0348,MAXI J0556-332,05:56:43.6,-33:10:39,2011-10-12,06:30:32.6,2455846.7712,60.0,1.23,H,H,,,,usbdrivereplog_J0556-332.csv,,,Data replog,,,J0556-332,True,IR
ir111011.0347,MAXI J0556-332,05:56:43.7,-33:10:38,2011-10-12,06:29:16.8,2455846.7703,60.0,1.23,H,H,,,,usbdrivereplog_J0556-332.csv,,,Data replog,,,J0556-332,True,IR
ir111011.0346,MAXI J0556-332,05:56:43.6,-33:10:39,2011-10-12,06:28:01.1,2455846.7695,60.0,1.24,H,H,,,,usbdrivereplog_J0556-332.csv,,,Data replog,,,J0556-332,True,IR
ir111011.0345,MAXI J0556-332,05:56:43.6,-33:10:39,2011-10-12,06:26:45.7,2455846.7686,60.0,1.24,H,H,,,,usbdrivereplog_J0556-332.csv,,,Data replog,,,J0556-332,True,IR
ir111011.0344,MAXI J0556-332,05:56:43.6,-33:10:39,2011-10-12,06:25:30.0,2455846.7677,60.0,1.25,H,H,,,,usbdrivereplog_J0556-332.csv,,,Data replog,,,J0556-332,True,IR
ir111011.0343,MAXI J0556-332,05:56:43.6,-33:10:39,2011-10-12,06:24:14.2,2455846.7668,60.0,1.25,H,H,,,,usbdrivereplog_J0556-332.csv,,,Data replog,,,J0556-332,True,IR
ir111011.0342,MAXI J0556-332,05:56:43.7,-33:10:39,2011-10-12,06:22:58.9,2455846.7659,60.0,1.26,H,H,,,,usbdrivereplog_J0556-332.csv,,,Data replog,,,J0556-332,True,IR
ir111219.0167,MAXI J0556-332,05:56:46.5,-33:11:28,2011-12-20,05:57:58.8,2455915.7486,60.0,1.04,H,H,,,,usbdrivereplog_J0556-332.csv,,,Data replog,,,J0556-332,True,IR
ir111219.0166,MAXI J0556-332,05:56:46.4,-33:11:28,2011-12-20,05:56:42.9,2455915.7478,60.0,1.04,H,H,,,,usbdrivereplog_J0556-332.csv,,,Data replog,,,J0556-332,True,IR
ir111219.0165,MAXI J0556-332,05:56:46.4,-33:11:28,2011-12-20,05:55:27.0,2455915.7469,60.0,1.04,H,H,,,,usbdrivereplog_J0556-332.csv,,,Data replog,,,J0556-332,True,IR
ir111219.0164,MAXI J0556-332,05:56:46.4,-33:11:28,2011-12-20,05:54:11.2,2455915.746,60.0,1.03,H,H,,,,usbdrivereplog_J0556-332.csv,,,Data replog,,,J0556-332,True,IR
ir111219.0163,MAXI J0556-332,05:56:46.4,-33:11:29,2011-12-20,05:52:55.6,2455915.7451,60.0,1.03,H,H,,,,usbdrivereplog_J0556-332.csv,,,Data replog,,,J0556-332,True,IR
ir111219.0162,MAXI J0556-332,05:56:46.3,-33:11:29,2011-12-20,05:51:39.7,2455915.7442,60.0,1.03,H,H,,,,usbdrivereplog_J0556-332.csv,,,Data replog,,,J0556-332,True,IR
ir111219.0161,MAXI J0556-332,05:56:46.3,-33:11:29,2011-12-20,05:50:23.7,2455915.7434,60.0,1.03,H,H,,,,usbdrivereplog_J0556-332.csv,,,Data replog,,,J0556-332,True,IR
ir111219.0160,MAXI J0556-332,05:56:46.4,-33:11:29,2011-12-20,05:49:07.9,2455915.7425,60.0,1.03,H,H,,,,usbdrivereplog_J0556-332.csv,,,Data replog,,,J0556-332,True,IR
ir111107.0306,MAXI J0556-332,05:56:44.4,-33:10:07,2011-11-08,05:56:54.9,2455873.7479,60.0,1.07,H,H,,,,usbdrivereplog_J0556-332.csv,,,Data replog,,,J0556-332,True,IR
ir111107.0305,MAXI J0556-332,05:56:44.4,-33:10:07,2011-11-08,05:55:39.6,2455873.747,60.0,1.07,H,H,,,,usbdrivereplog_J0556-332.csv,,,Data replog,,,J0556-332,True,IR
ir111107.0304,MAXI J0556-332,05:56:44.4,-33:10:07,2011-11-08,05:54:23.8,2455873.7461,60.0,1.07,H,H,,,,usbdrivereplog_J0556-332.csv,,,Data replog,,,J0556-332,True,IR
ir111107.0303,MAXI J0556-332,05:56:44.4,-33:10:07,2011-11-08,05:53:08.1,2455873.7452,60.0,1.07,H,H,,,,usbdrivereplog_J0556-332.csv,,,Data replog,,,J0556-332,True,IR
ir111107.0302,MAXI J0556-332,05:56:44.4,-33:10:07,2011-11-08,05:51:52.3,2455873.7444,60.0,1.07,H,H,,,,usbdrivereplog_J0556-332.csv,,,Data replog,,,J0556-332,True,IR
ir111107.0301,MAXI J0556-332,05:56:44.3,-33:10:07,2011-11-08,05:50:36.5,2455873.7435,60.0,1.08,H,H,,,,usbdrivereplog_J0556-332.csv,,,Data replog,,,J0556-332,True,IR
ir111107.0300,MAXI J0556-332,05:56:44.3,-33:10:07,2011-11-08,05:49:20.5,2455873.7426,60.0,1.08,H,H,,,,usbdrivereplog_J0556-332.csv,,,Data replog,,,J0556-332,True,IR
ir111107.0299,MAXI J0556-332,05:56:44.3,-33:10:07,2011-11-08,05:48:05.1,2455873.7417,60.0,1.08,H,H,,,,usbdrivereplog_J0556-332.csv,,,Data replog,,,J0556-332,True,IR
ir110120.0108,MAXI J0556-332,05:56:46.3,-33:10:25,2011-01-21,03:31:47.0,2455582.6471,30.0,1.02,H,H,,,,usbdrivereplog_J0556-332.csv,,,Data replog,,,J0556-332,True,IR
ir110120.0109,MAXI J0556-332,05:56:46.3,-33:10:25,2011-01-21,03:32:33.3,2455582.6476,30.0,1.02,H,H,,,,usbdrivereplog_J0556-332.csv,,,Data replog,,,J0556-332,True,IR
ir110121.0075,MAXI J0556-332,05:56:46.2,-33:10:26,2011-01-22,02:32:36.8,2455583.606,30.0,1.0,H,H,,,,usbdrivereplog_J0556-332.csv,,,Data replog,,,J0556-332,True,IR
ir110127.0110,MAXI J0556-332,05:56:44.9,-33:10:24,2011-01-28,03:13:39.6,2455589.6345,30.1,1.03,H,H,,,,usbdrivereplog_J0556-332.csv,,,Data replog,,,J0556-332,True,IR
ir110128.0107,MAXI J0556-332,05:56:44.6,-33:09:59,2011-01-29,02:47:44.8,2455590.6165,30.0,1.01,H,H,,,,usbdrivereplog_J0556-332.csv,,,Data replog,,,J0556-332,True,IR
ir110128.0106,MAXI J0556-332,05:56:44.6,-33:09:59,2011-01-29,02:46:58.0,2455590.616,30.1,1.01,H,H,,,,usbdrivereplog_J0556-332.csv,,,Data replog,,,J0556-332,True,IR
ir110128.0105,MAXI J0556-332,05:56:44.6,-33:09:59,2011-01-29,02:46:11.3,2455590.6154,30.0,1.01,H,H,,,,usbdrivereplog_J0556-332.csv,,,Data replog,,,J0556-332,True,IR
ir110128.0104,MAXI J0556-332,05:56:44.6,-33:09:59,2011-01-29,02:45:24.2,2455590.6149,30.1,1.01,H,H,,,,usbdrivereplog_J0556-332.csv,,,Data replog,,,J0556-332,True,IR
ir110128.0103,MAXI J0556-332,05:56:44.6,-33:09:59,2011-01-29,02:44:37.0,2455590.6143,30.1,1.01,H,H,,,,usbdrivereplog_J0556-332.csv,,,Data replog,,,J0556-332,True,IR
ir110128.0102,MAXI J0556-332,05:56:44.6,-33:10:00,2011-01-29,02:43:50.5,2455590.6138,30.0,1.01,H,H,,,,usbdrivereplog_J0556-332.csv,,,Data replog,,,J0556-332,True,IR
ir110127.0115,MAXI J0556-332,05:56:44.9,-33:10:24,2011-01-28,03:17:34.4,2455589.6372,30.0,1.03,H,H,,,,usbdrivereplog_J0556-332.csv,,,Data replog,,,J0556-332,True,IR
ir110127.0114,MAXI J0556-332,05:56:45.0,-33:10:24,2011-01-28,03:16:47.6,2455589.6367,30.0,1.03,H,H,,,,usbdrivereplog_J0556-332.csv,,,Data replog,,,J0556-332,True,IR
ir110127.0113,MAXI J0556-332,05:56:44.9,-33:10:23,2011-01-28,03:16:00.8,2455589.6361,30.1,1.03,H,H,,,,usbdrivereplog_J0556-332.csv,,,Data replog,,,J0556-332,True,IR
ir110127.0112,MAXI J0556-332,05:56:44.9,-33:10:23,2011-01-28,03:15:13.7,2455589.6356,30.0,1.03,H,H,,,,usbdrivereplog_J0556-332.csv,,,Data replog,,,J0556-332,True,IR
ir110127.0111,MAXI J0556-332,05:56:44.9,-33:10:24,2011-01-28,03:14:27.0,2455589.635,30.1,1.03,H,H,,,,usbdrivereplog_J0556-332.csv,,,Data replog,,,J0556-332,True,IR
ir110127.0109,MAXI J0556-332,05:56:44.9,-33:10:24,2011-01-28,03:12:52.1,2455589.6339,30.0,1.03,H,H,,,,usbdrivereplog_J0556-332.csv,,,Data replog,,,J0556-332,True,IR
ir110121.0076,MAXI J0556-332,05:56:46.2,-33:10:26,2011-01-22,02:33:23.9,2455583.6065,30.0,1.0,H,H,,,,usbdrivereplog_J0556-332.csv,,,Data replog,,,J0556-332,True,IR
ir110127.0108,MAXI J0556-332,05:56:44.9,-33:10:24,2011-01-28,03:12:05.6,2455589.6334,30.0,1.03,H,H,,,,usbdrivereplog_J0556-332.csv,,,Data replog,,,J0556-332,True,IR
ir110126.0137,MAXI J0556-332,05:56:46.5,-33:10:29,2011-01-27,04:40:36.8,2455588.6949,30.0,1.16,H,H,,,,usbdrivereplog_J0556-332.csv,,,Data replog,,,J0556-332,True,IR
ir110126.0136,MAXI J0556-332,05:56:46.5,-33:10:29,2011-01-27,04:39:50.4,2455588.6943,30.0,1.16,H,H,,,,usbdrivereplog_J0556-332.csv,,,Data replog,,,J0556-332,True,IR
ir110126.0135,MAXI J0556-332,05:56:46.5,-33:10:29,2011-01-27,04:39:03.6,2455588.6938,30.0,1.16,H,H,,,,usbdrivereplog_J0556-332.csv,,,Data replog,,,J0556-332,True,IR
ir110126.0134,MAXI J0556-332,05:56:46.5,-33:10:28,2011-01-27,04:38:16.6,2455588.6933,30.0,1.16,H,H,,,,usbdrivereplog_J0556-332.csv,,,Data replog,,,J0556-332,True,IR
ir110126.0133,MAXI J0556-332,05:56:46.4,-33:10:28,2011-01-27,04:37:30.0,2455588.6927,30.0,1.16,H,H,,,,usbdrivereplog_J0556-332.csv,,,Data replog,,,J0556-332,True,IR
ir110126.0132,MAXI J0556-332,05:56:46.4,-33:10:28,2011-01-27,04:36:42.7,2455588.6922,30.1,1.15,H,H,,,,usbdrivereplog_J0556-332.csv,,,Data replog,,,J0556-332,True,IR
ir110126.0131,MAXI J0556-332,05:56:46.4,-33:10:28,2011-01-27,04:35:55.8,2455588.6916,30.1,1.15,H,H,,,,usbdrivereplog_J0556-332.csv,,,Data replog,,,J0556-332,True,IR
ir110126.0130,MAXI J0556-332,05:56:46.5,-33:10:28,2011-01-27,04:35:09.3,2455588.6911,30.1,1.15,H,H,,,,usbdrivereplog_J0556-332.csv,,,Data replog,,,J0556-332,True,IR
ir110125.0116,MAXI J0556-332,05:56:46.2,-33:10:28,2011-01-26,04:26:23.7,2455587.685,30.1,1.12,H,H,,,,usbdrivereplog_J0556-332.csv,,,Data replog,,,J0556-332,True,IR
ir110125.0115,MAXI J0556-332,05:56:46.2,-33:10:28,2011-01-26,04:25:37.1,2455587.6845,30.0,1.12,H,H,,,,usbdrivereplog_J0556-332.csv,,,Data replog,,,J0556-332,True,IR
ir110128.0108,MAXI J0556-332,05:56:44.6,-33:09:59,2011-01-29,02:48:31.7,2455590.617,30.0,1.01,H,H,,,,usbdrivereplog_J0556-332.csv,,,Data replog,,,J0556-332,True,IR
ir110128.0109,MAXI J0556-332,05:56:44.6,-33:09:59,2011-01-29,02:49:18.2,2455590.6176,30.1,1.01,H,H,,,,usbdrivereplog_J0556-332.csv,,,Data replog,,,J0556-332,True,IR
ir110129.0150,MAXI J0556-332,05:56:45.2,-33:10:02,2011-01-30,04:12:49.8,2455591.6756,30.1,1.13,H,H,,,,usbdrivereplog_J0556-332.csv,,,Data replog,,,J0556-332,True,IR
ir110129.0151,MAXI J0556-332,05:56:45.2,-33:10:02,2011-01-30,04:13:36.4,2455591.6761,30.1,1.13,H,H,,,,usbdrivereplog_J0556-332.csv,,,Data replog,,,J0556-332,True,IR
ir110201.0127,MAXI J0556-332,05:56:46.7,-33:10:21,2011-02-02,04:07:19.0,2455594.6718,30.1,1.14,H,H,,,,usbdrivereplog_J0556-332.csv,,,Data replog,,,J0556-332,True,IR
ir110131.0101,MAXI J0556-332,05:56:46.5,-33:10:25,2011-02-01,03:13:26.8,2455593.6343,30.0,1.04,H,H,,,,usbdrivereplog_J0556-332.csv,,,Data replog,,,J0556-332,True,IR
ir110131.0100,MAXI J0556-332,05:56:46.4,-33:10:25,2011-02-01,03:12:40.1,2455593.6338,30.0,1.04,H,H,,,,usbdrivereplog_J0556-332.csv,,,Data replog,,,J0556-332,True,IR
ir110131.0099,MAXI J0556-332,05:56:46.4,-33:10:25,2011-02-01,03:11:53.2,2455593.6332,30.0,1.04,H,H,,,,usbdrivereplog_J0556-332.csv,,,Data replog,,,J0556-332,True,IR
ir110131.0098,MAXI J0556-332,05:56:46.3,-33:10:25,2011-02-01,03:11:06.4,2455593.6327,30.1,1.04,H,H,,,,usbdrivereplog_J0556-332.csv,,,Data replog,,,J0556-332,True,IR
ir110131.0097,MAXI J0556-332,05:56:46.3,-33:10:25,2011-02-01,03:10:19.3,2455593.6322,30.1,1.04,H,H,,,,usbdrivereplog_J0556-332.csv,,,Data replog,,,J0556-332,True,IR
ir110131.0096,MAXI J0556-332,05:56:46.3,-33:10:25,2011-02-01,03:09:31.9,2455593.6316,30.1,1.04,H,H,,,,usbdrivereplog_J0556-332.csv,,,Data replog,,,J0556-332,True,IR
ir110131.0095,MAXI J0556-332,05:56:46.2,-33:10:25,2011-02-01,03:08:44.7,2455593.6311,30.0,1.04,H,H,,,,usbdrivereplog_J0556-332.csv,,,Data replog,,,J0556-332,True,IR
ir110131.0094,MAXI J0556-332,05:56:44.2,-33:09:37,2011-02-01,03:07:57.8,2455593.6305,30.0,1.04,H,H,,,,usbdrivereplog_J0556-332.csv,,,Data replog,,,J0556-332,True,IR
ir110130.0101,MAXI J0556-332,05:56:46.1,-33:10:25,2011-01-31,03:47:45.5,2455592.6582,30.0,1.09,H,H,,,,usbdrivereplog_J0556-332.csv,,,Data replog,,,J0556-332,True,IR
ir110130.0100,MAXI J0556-332,05:56:46.2,-33:10:25,2011-01-31,03:46:58.9,2455592.6576,30.0,1.09,H,H,,,,usbdrivereplog_J0556-332.csv,,,Data replog,,,J0556-332,True,IR
ir110130.0099,MAXI J0556-332,05:56:46.2,-33:10:25,2011-01-31,03:46:12.1,2455592.6571,30.0,1.08,H,H,,,,usbdrivereplog_J0556-332.csv,,,Data replog,,,J0556-332,True,IR
ir110130.0098,MAXI J0556-332,05:56:46.2,-33:10:25,2011-01-31,03:45:24.9,2455592.6565,30.1,1.08,H,H,,,,usbdrivereplog_J0556-332.csv,,,Data replog,,,J0556-332,True,IR
ir110130.0097,MAXI J0556-332,05:56:46.1,-33:10:25,2011-01-31,03:44:38.2,2455592.656,30.1,1.08,H,H,,,,usbdrivereplog_J0556-332.csv,,,Data replog,,,J0556-332,True,IR
ir110130.0096,MAXI J0556-332,05:56:46.2,-33:10:25,2011-01-31,03:43:50.9,2455592.6554,30.0,1.08,H,H,,,,usbdrivereplog_J0556-332.csv,,,Data replog,,,J0556-332,True,IR
ir110130.0095,MAXI J0556-332,05:56:46.2,-33:10:25,2011-01-31,03:43:03.6,2455592.6549,30.1,1.08,H,H,,,,usbdrivereplog_J0556-332.csv,,,Data replog,,,J0556-332,True,IR
ir110130.0094,MAXI J0556-332,05:56:46.2,-33:10:25,2011-01-31,03:42:16.8,2455592.6544,30.0,1.08,H,H,,,,usbdrivereplog_J0556-332.csv,,,Data replog,,,J0556-332,True,IR
ir110129.0157,MAXI J0556-332,05:56:45.3,-33:10:03,2011-01-30,04:18:17.5,2455591.6794,30.1,1.14,H,H,,,,usbdrivereplog_J0556-332.csv,,,Data replog,,,J0556-332,True,IR
ir110129.0156,MAXI J0556-332,05:56:45.2,-33:10:03,2011-01-30,04:17:30.9,2455591.6788,30.0,1.14,H,H,,,,usbdrivereplog_J0556-332.csv,,,Data replog,,,J0556-332,True,IR
ir110129.0155,MAXI J0556-332,05:56:45.2,-33:10:03,2011-01-30,04:16:44.0,2455591.6783,30.1,1.14,H,H,,,,usbdrivereplog_J0556-332.csv,,,Data replog,,,J0556-332,True,IR
ir110129.0154,MAXI J0556-332,05:56:45.3,-33:10:03,2011-01-30,04:15:57.2,2455591.6777,30.1,1.13,H,H,,,,usbdrivereplog_J0556-332.csv,,,Data replog,,,J0556-332,True,IR
ir110129.0153,MAXI J0556-332,05:56:45.2,-33:10:03,2011-01-30,04:15:10.4,2455591.6772,30.0,1.13,H,H,,,,usbdrivereplog_J0556-332.csv,,,Data replog,,,J0556-332,True,IR
ir110129.0152,MAXI J0556-332,05:56:45.3,-33:10:02,2011-01-30,04:14:23.6,2455591.6767,30.0,1.13,H,H,,,,usbdrivereplog_J0556-332.csv,,,Data replog,,,J0556-332,True,IR
ir110125.0114,MAXI J0556-332,05:56:46.2,-33:10:28,2011-01-26,04:24:50.5,2455587.6839,30.1,1.12,H,H,,,,usbdrivereplog_J0556-332.csv,,,Data replog,,,J0556-332,True,IR
ir110125.0113,MAXI J0556-332,05:56:46.1,-33:10:28,2011-01-26,04:24:03.8,2455587.6834,30.1,1.12,H,H,,,,usbdrivereplog_J0556-332.csv,,,Data replog,,,J0556-332,True,IR
ir110125.0112,MAXI J0556-332,05:56:46.2,-33:10:28,2011-01-26,04:23:17.2,2455587.6828,30.0,1.12,H,H,,,,usbdrivereplog_J0556-332.csv,,,Data replog,,,J0556-332,True,IR
ir110124.0077,MAXI J0556-332,05:56:46.2,-33:10:25,2011-01-25,02:41:38.4,2455586.6122,30.0,1.0,H,H,,,,usbdrivereplog_J0556-332.csv,,,Data replog,,,J0556-332,True,IR
ir110124.0075,MAXI J0556-332,05:56:46.2,-33:10:25,2011-01-25,02:40:04.4,2455586.6112,30.1,1.0,H,H,,,,usbdrivereplog_J0556-332.csv,,,Data replog,,,J0556-332,True,IR
ir110123.0099,MAXI J0556-332,05:56:46.1,-33:10:26,2011-01-24,04:01:05.7,2455585.6674,30.0,1.06,H,H,,,,usbdrivereplog_J0556-332.csv,,,Data replog,,,J0556-332,True,IR
ir110123.0098,MAXI J0556-332,05:56:46.1,-33:10:26,2011-01-24,04:00:19.1,2455585.6669,30.1,1.06,H,H,,,,usbdrivereplog_J0556-332.csv,,,Data replog,,,J0556-332,True,IR
ir110123.0097,MAXI J0556-332,05:56:46.1,-33:10:26,2011-01-24,03:59:32.3,2455585.6664,30.0,1.06,H,H,,,,usbdrivereplog_J0556-332.csv,,,Data replog,,,J0556-332,True,IR
ir110123.0096,MAXI J0556-332,05:56:46.1,-33:10:27,2011-01-24,03:58:45.6,2455585.6658,30.0,1.06,H,H,,,,usbdrivereplog_J0556-332.csv,,,Data replog,,,J0556-332,True,IR
ir110123.0095,MAXI J0556-332,05:56:46.1,-33:10:27,2011-01-24,03:57:59.1,2455585.6653,30.1,1.06,H,H,,,,usbdrivereplog_J0556-332.csv,,,Data replog,,,J0556-332,True,IR
ir110123.0094,MAXI J0556-332,05:56:46.1,-33:10:27,2011-01-24,03:57:12.2,2455585.6647,30.1,1.06,H,H,,,,usbdrivereplog_J0556-332.csv,,,Data replog,,,J0556-332,True,IR
ir110123.0093,MAXI J0556-332,05:56:46.2,-33:10:27,2011-01-24,03:56:25.1,2455585.6642,30.1,1.06,H,H,,,,usbdrivereplog_J0556-332.csv,,,Data replog,,,J0556-332,True,IR
ir110123.0092,MAXI J0556-332,05:56:46.2,-33:10:26,2011-01-24,03:55:38.6,2455585.6637,30.0,1.06,H,H,,,,usbdrivereplog_J0556-332.csv,,,Data replog,,,J0556-332,True,IR
ir110122.0046,MAXI J0556-332,05:56:46.3,-33:10:26,2011-01-23,03:30:08.2,2455584.6459,30.0,1.03,H,H,,,,usbdrivereplog_J0556-332.csv,,,Data replog,,,J0556-332,True,IR
ir110122.0045,MAXI J0556-332,05:56:46.3,-33:10:26,2011-01-23,03:29:21.6,2455584.6454,30.1,1.02,H,H,,,,usbdrivereplog_J0556-332.csv,,,Data replog,,,J0556-332,True,IR
ir110122.0044,MAXI J0556-332,05:56:46.3,-33:10:26,2011-01-23,03:28:34.8,2455584.6448,30.0,1.02,H,H,,,,usbdrivereplog_J0556-332.csv,,,Data replog,,,J0556-332,True,IR
ir110122.0043,MAXI J0556-332,05:56:46.3,-33:10:26,2011-01-23,03:27:47.9,2455584.6443,30.1,1.02,H,H,,,,usbdrivereplog_J0556-332.csv,,,Data replog,,,J0556-332,True,IR
ir110122.0042,MAXI J0556-332,05:56:46.3,-33:10:26,2011-01-23,03:27:01.2,2455584.6438,30.0,1.02,H,H,,,,usbdrivereplog_J0556-332.csv,,,Data replog,,,J0556-332,True,IR
ir110122.0041,MAXI J0556-332,05:56:46.2,-33:10:26,2011-01-23,03:26:13.9,2455584.6432,30.0,1.02,H,H,,,,usbdrivereplog_J0556-332.csv,,,Data replog,,,J0556-332,True,IR
ir110122.0040,MAXI J0556-332,05:56:46.2,-33:10:26,2011-01-23,03:25:26.7,2455584.6427,30.1,1.02,H,H,,,,usbdrivereplog_J0556-332.csv,,,Data replog,,,J0556-332,True,IR
ir110122.0039,MAXI J0556-332,05:56:46.2,-33:10:25,2011-01-23,03:24:40.0,2455584.6421,30.0,1.02,H,H,,,,usbdrivereplog_J0556-332.csv,,,Data replog,,,J0556-332,True,IR
ir110121.0082,MAXI J0556-332,05:56:46.3,-33:10:26,2011-01-22,02:38:04.9,2455583.6098,30.1,1.0,H,H,,,,usbdrivereplog_J0556-332.csv,,,Data replog,,,J0556-332,True,IR
ir110121.0081,MAXI J0556-332,05:56:46.3,-33:10:26,2011-01-22,02:37:18.3,2455583.6092,30.0,1.0,H,H,,,,usbdrivereplog_J0556-332.csv,,,Data replog,,,J0556-332,True,IR
ir110121.0080,MAXI J0556-332,05:56:46.3,-33:10:26,2011-01-22,02:36:31.5,2455583.6087,30.0,1.0,H,H,,,,usbdrivereplog_J0556-332.csv,,,Data replog,,,J0556-332,True,IR
ir110121.0079,MAXI J0556-332,05:56:46.2,-33:10:26,2011-01-22,02:35:44.7,2455583.6082,30.1,1.0,H,H,,,,usbdrivereplog_J0556-332.csv,,,Data replog,,,J0556-332,True,IR
ir110121.0078,MAXI J0556-332,05:56:46.2,-33:10:26,2011-01-22,02:34:58.2,2455583.6076,30.1,1.0,H,H,,,,usbdrivereplog_J0556-332.csv,,,Data replog,,,J0556-332,True,IR
ir110121.0077,MAXI J0556-332,05:56:46.2,-33:10:26,2011-01-22,02:34:11.0,2455583.6071,30.1,1.0,H,H,,,,usbdrivereplog_J0556-332.csv,,,Data replog,,,J0556-332,True,IR
ir110124.0076,MAXI J0556-332,05:56:46.2,-33:10:25,2011-01-25,02:40:51.1,2455586.6117,30.0,1.0,H,H,,,,usbdrivereplog_J0556-332.csv,,,Data replog,,,J0556-332,True,IR
ir110124.0078,MAXI J0556-332,05:56:46.2,-33:10:25,2011-01-25,02:42:25.1,2455586.6128,30.0,1.0,H,H,,,,usbdrivereplog_J0556-332.csv,,,Data replog,,,J0556-332,True,IR
ir110125.0111,MAXI J0556-332,05:56:46.1,-33:10:28,2011-01-26,04:22:29.9,2455587.6823,30.1,1.11,H,H,,,,usbdrivereplog_J0556-332.csv,,,Data replog,,,J0556-332,True,IR
ir110124.0079,MAXI J0556-332,05:56:46.2,-33:10:25,2011-01-25,02:43:11.8,2455586.6133,30.1,1.0,H,H,,,,usbdrivereplog_J0556-332.csv,,,Data replog,,,J0556-332,True,IR
ir110125.0110,MAXI J0556-332,05:56:46.2,-33:10:28,2011-01-26,04:21:42.7,2455587.6817,30.0,1.11,H,H,,,,usbdrivereplog_J0556-332.csv,,,Data replog,,,J0556-332,True,IR
ir110125.0109,MAXI J0556-332,05:56:46.2,-33:10:28,2011-01-26,04:20:56.1,2455587.6812,30.0,1.11,H,H,,,,usbdrivereplog_J0556-332.csv,,,Data replog,,,J0556-332,True,IR
ir110124.0100,MAXI J0556-332,05:56:46.0,-33:10:24,2011-01-25,03:01:01.6,2455586.6257,30.1,1.01,H,H,,,,usbdrivereplog_J0556-332.csv,,,Data replog,,,J0556-332,True,IR
ir110124.0099,MAXI J0556-332,05:56:46.0,-33:10:24,2011-01-25,03:00:14.9,2455586.6252,30.1,1.01,H,H,,,,usbdrivereplog_J0556-332.csv,,,Data replog,,,J0556-332,True,IR
ir110124.0098,MAXI J0556-332,05:56:46.0,-33:10:25,2011-01-25,02:59:28.1,2455586.6246,30.0,1.01,H,H,,,,usbdrivereplog_J0556-332.csv,,,Data replog,,,J0556-332,True,IR
ir110124.0097,MAXI J0556-332,05:56:46.0,-33:10:24,2011-01-25,02:58:41.4,2455586.6241,30.0,1.01,H,H,,,,usbdrivereplog_J0556-332.csv,,,Data replog,,,J0556-332,True,IR
ir110124.0096,MAXI J0556-332,05:56:46.0,-33:10:24,2011-01-25,02:57:54.9,2455586.6236,30.1,1.01,H,H,,,,usbdrivereplog_J0556-332.csv,,,Data replog,,,J0556-332,True,IR
ir110124.0095,MAXI J0556-332,05:56:46.0,-33:10:24,2011-01-25,02:57:07.5,2455586.623,30.1,1.01,H,H,,,,usbdrivereplog_J0556-332.csv,,,Data replog,,,J0556-332,True,IR
ir110124.0094,MAXI J0556-332,05:56:46.0,-33:10:24,2011-01-25,02:56:20.6,2455586.6225,30.0,1.01,H,H,,,,usbdrivereplog_J0556-332.csv,,,Data replog,,,J0556-332,True,IR
ir110124.0093,MAXI J0556-332,05:56:46.0,-33:10:24,2011-01-25,02:55:34.1,2455586.6219,30.0,1.01,H,H,,,,usbdrivereplog_J0556-332.csv,,,Data replog,,,J0556-332,True,IR
ir110124.0092,MAXI J0556-332,05:56:46.0,-33:10:24,2011-01-25,02:54:00.6,2455586.6208,30.0,1.01,H,H,,,,usbdrivereplog_J0556-332.csv,,,Data replog,,,J0556-332,True,IR
ir110124.0091,MAXI J0556-332,05:56:46.1,-33:10:24,2011-01-25,02:53:14.0,2455586.6203,30.1,1.01,H,H,,,,usbdrivereplog_J0556-332.csv,,,Data replog,,,J0556-332,True,IR
ir110124.0090,MAXI J0556-332,05:56:46.1,-33:10:25,2011-01-25,02:52:27.2,2455586.6198,30.1,1.01,H,H,,,,usbdrivereplog_J0556-332.csv,,,Data replog,,,J0556-332,True,IR
ir110124.0089,MAXI J0556-332,05:56:46.1,-33:10:25,2011-01-25,02:51:40.5,2455586.6192,30.0,1.01,H,H,,,,usbdrivereplog_J0556-332.csv,,,Data replog,,,J0556-332,True,IR
ir110124.0088,MAXI J0556-332,05:56:46.1,-33:10:25,2011-01-25,02:50:53.9,2455586.6187,30.0,1.01,H,H,,,,usbdrivereplog_J0556-332.csv,,,Data replog,,,J0556-332,True,IR
ir110124.0087,MAXI J0556-332,05:56:46.2,-33:10:25,2011-01-25,02:50:07.0,2455586.6181,30.1,1.01,H,H,,,,usbdrivereplog_J0556-332.csv,,,Data replog,,,J0556-332,True,IR
ir110124.0086,MAXI J0556-332,05:56:46.1,-33:10:25,2011-01-25,02:49:20.4,2455586.6176,30.0,1.01,H,H,,,,usbdrivereplog_J0556-332.csv,,,Data replog,,,J0556-332,True,IR
ir110124.0085,MAXI J0556-332,05:56:46.2,-33:10:25,2011-01-25,02:48:33.7,2455586.6171,30.1,1.01,H,H,,,,usbdrivereplog_J0556-332.csv,,,Data replog,,,J0556-332,True,IR
ir110124.0084,MAXI J0556-332,05:56:46.2,-33:10:25,2011-01-25,02:47:05.5,2455586.616,30.0,1.01,H,H,,,,usbdrivereplog_J0556-332.csv,,,Data replog,,,J0556-332,True,IR
ir110124.0083,MAXI J0556-332,05:56:46.2,-33:10:25,2011-01-25,02:46:18.9,2455586.6155,30.1,1.0,H,H,,,,usbdrivereplog_J0556-332.csv,,,Data replog,,,J0556-332,True,IR
ir110124.0082,MAXI J0556-332,05:56:46.2,-33:10:25,2011-01-25,02:45:32.3,2455586.615,30.0,1.0,H,H,,,,usbdrivereplog_J0556-332.csv,,,Data replog,,,J0556-332,True,IR
ir110124.0081,MAXI J0556-332,05:56:46.2,-33:10:25,2011-01-25,02:44:45.6,2455586.6144,30.0,1.0,H,H,,,,usbdrivereplog_J0556-332.csv,,,Data replog,,,J0556-332,True,IR
ir110124.0080,MAXI J0556-332,05:56:46.2,-33:10:25,2011-01-25,02:43:58.8,2455586.6139,30.0,1.0,H,H,,,,usbdrivereplog_J0556-332.csv,,,Data replog,,,J0556-332,True,IR
ir111124.0200,MAXI J0556-332,05:56:46.2,-33:10:26,2011-11-25,05:08:55.5,2455890.7145,60.0,1.04,H,H,,,,usbdrivereplog_J0556-332.csv,,,Data replog,,,J0556-332,True,IR
ir111124.0198,MAXI J0556-332,05:56:46.1,-33:10:26,2011-11-25,05:06:22.5,2455890.7128,60.0,1.05,H,H,,,,usbdrivereplog_J0556-332.csv,,,Data replog,,,J0556-332,True,IR
ir111230.0156,MAXI J0556-332,05:56:46.1,-33:10:11,2011-12-31,04:05:41.2,2455926.6706,60.0,1.0,H,H,,,,usbdrivereplog_J0556-332.csv,,,Data replog,,,J0556-332,True,IR
ir111128.0175,MAXI J0556-332,05:56:48.1,-33:10:32,2011-11-29,04:29:52.1,2455894.6874,60.0,1.07,H,H,,,,usbdrivereplog_J0556-332.csv,,,Data replog,,,J0556-332,True,IR
ir111016.0302,MAXI J0556-332,05:56:47.0,-33:10:22,2011-10-17,07:30:40.2,2455851.813,60.0,1.06,H,H,,,,usbdrivereplog_J0556-332.csv,,,Data replog,,,J0556-332,True,IR
ir111016.0301,MAXI J0556-332,05:56:47.0,-33:10:22,2011-10-17,07:29:24.4,2455851.8121,60.0,1.06,H,H,,,,usbdrivereplog_J0556-332.csv,,,Data replog,,,J0556-332,True,IR
ir111016.0300,MAXI J0556-332,05:56:47.0,-33:10:22,2011-10-17,07:28:08.5,2455851.8112,60.0,1.06,H,H,,,,usbdrivereplog_J0556-332.csv,,,Data replog,,,J0556-332,True,IR
ir111016.0299,MAXI J0556-332,05:56:47.0,-33:10:22,2011-10-17,07:26:52.3,2455851.8103,60.0,1.06,H,H,,,,usbdrivereplog_J0556-332.csv,,,Data replog,,,J0556-332,True,IR
ir111016.0298,MAXI J0556-332,05:56:47.0,-33:10:22,2011-10-17,07:25:36.4,2455851.8095,60.0,1.06,H,H,,,,usbdrivereplog_J0556-332.csv,,,Data replog,,,J0556-332,True,IR
ir111016.0297,MAXI J0556-332,05:56:47.0,-33:10:22,2011-10-17,07:24:20.5,2455851.8086,60.0,1.07,H,H,,,,usbdrivereplog_J0556-332.csv,,,Data replog,,,J0556-332,True,IR
ir111016.0296,MAXI J0556-332,05:56:47.0,-33:10:21,2011-10-17,07:23:04.6,2455851.8077,60.0,1.07,H,H,,,,usbdrivereplog_J0556-332.csv,,,Data replog,,,J0556-332,True,IR
ir111016.0295,MAXI J0556-332,05:56:47.0,-33:10:21,2011-10-17,07:21:49.2,2455851.8068,60.0,1.07,H,H,,,,usbdrivereplog_J0556-332.csv,,,Data replog,,,J0556-332,True,IR
ir111128.0178,MAXI J0556-332,05:56:48.2,-33:10:32,2011-11-29,04:33:41.9,2455894.6901,60.0,1.07,H,H,,,,usbdrivereplog_J0556-332.csv,,,Data replog,,,J0556-332,True,IR
ir111128.0177,MAXI J0556-332,05:56:48.2,-33:10:32,2011-11-29,04:32:25.3,2455894.6892,60.0,1.07,H,H,,,,usbdrivereplog_J0556-332.csv,,,Data replog,,,J0556-332,True,IR
ir111128.0176,MAXI J0556-332,05:56:48.2,-33:10:32,2011-11-29,04:31:08.7,2455894.6883,60.0,1.07,H,H,,,,usbdrivereplog_J0556-332.csv,,,Data replog,,,J0556-332,True,IR
ir111128.0174,MAXI J0556-332,05:56:48.1,-33:10:32,2011-11-29,04:28:35.9,2455894.6865,60.0,1.08,H,H,,,,usbdrivereplog_J0556-332.csv,,,Data replog,,,J0556-332,True,IR
ir111218.0173,MAXI J0556-332,05:56:46.0,-33:11:28,2011-12-19,06:36:47.2,2455914.7756,60.0,1.08,H,H,,,,usbdrivereplog_J0556-332.csv,,,Data replog,,,J0556-332,True,IR
ir111128.0173,MAXI J0556-332,05:56:48.0,-33:10:32,2011-11-29,04:27:19.7,2455894.6856,60.0,1.08,H,H,,,,usbdrivereplog_J0556-332.csv,,,Data replog,,,J0556-332,True,IR
ir111128.0172,MAXI J0556-332,05:56:48.0,-33:10:32,2011-11-29,04:26:03.5,2455894.6848,60.0,1.08,H,H,,,,usbdrivereplog_J0556-332.csv,,,Data replog,,,J0556-332,True,IR
ir111128.0171,MAXI J0556-332,05:56:48.0,-33:10:32,2011-11-29,04:24:47.4,2455894.6839,60.0,1.08,H,H,,,,usbdrivereplog_J0556-332.csv,,,Data replog,,,J0556-332,True,IR
ir110924.0394,MAXI J0556-332,05:56:46.3,-33:10:24,2011-09-25,07:53:35.5,2455829.8289,60.0,1.18,H,H,,,,usbdrivereplog_J0556-332.csv,,,Data replog,,,J0556-332,True,IR
ir110924.0393,MAXI J0556-332,05:56:46.3,-33:10:24,2011-09-25,07:52:19.7,2455829.828,60.0,1.19,H,H,,,,usbdrivereplog_J0556-332.csv,,,Data replog,,,J0556-332,True,IR
ir110924.0392,MAXI J0556-332,05:56:46.3,-33:10:24,2011-09-25,07:51:03.7,2455829.8271,60.0,1.19,H,H,,,,usbdrivereplog_J0556-332.csv,,,Data replog,,,J0556-332,True,IR
ir110924.0391,MAXI J0556-332,05:56:46.2,-33:10:24,2011-09-25,07:49:47.6,2455829.8262,60.0,1.19,H,H,,,,usbdrivereplog_J0556-332.csv,,,Data replog,,,J0556-332,True,IR
ir110924.0390,MAXI J0556-332,05:56:46.2,-33:10:25,2011-09-25,07:48:31.5,2455829.8254,60.0,1.2,H,H,,,,usbdrivereplog_J0556-332.csv,,,Data replog,,,J0556-332,True,IR
ir110924.0389,MAXI J0556-332,05:56:46.2,-33:10:25,2011-09-25,07:47:15.4,2455829.8245,60.0,1.2,H,H,,,,usbdrivereplog_J0556-332.csv,,,Data replog,,,J0556-332,True,IR
ir110924.0388,MAXI J0556-332,05:56:46.1,-33:10:25,2011-09-25,07:45:58.9,2455829.8236,60.0,1.2,H,H,,,,usbdrivereplog_J0556-332.csv,,,Data replog,,,J0556-332,True,IR
ir110924.0387,MAXI J0556-332,05:56:46.1,-33:10:26,2011-09-25,07:44:42.9,2455829.8227,60.0,1.21,H,H,,,,usbdrivereplog_J0556-332.csv,,,Data replog,,,J0556-332,True,IR
ir110927.0347,MAXI J0556-332,05:56:47.2,-33:10:20,2011-09-28,07:38:15.6,2455832.8182,60.0,1.19,H,H,,,,usbdrivereplog_J0556-332.csv,,,Data replog,,,J0556-332,True,IR
ir110927.0348,MAXI J0556-332,05:56:47.2,-33:10:20,2011-09-28,07:39:31.1,2455832.8191,60.0,1.19,H,H,,,,usbdrivereplog_J0556-332.csv,,,Data replog,,,J0556-332,True,IR
ir110927.0349,MAXI J0556-332,05:56:47.2,-33:10:20,2011-09-28,07:40:46.8,2455832.82,60.0,1.19,H,H,,,,usbdrivereplog_J0556-332.csv,,,Data replog,,,J0556-332,True,IR
ir110927.0350,MAXI J0556-332,05:56:47.2,-33:10:20,2011-09-28,07:42:02.7,2455832.8209,60.0,1.18,H,H,,,,usbdrivereplog_J0556-332.csv,,,Data replog,,,J0556-332,True,IR
ir110928.0393,MAXI J0556-332,05:56:52.1,-33:09:43,2011-09-29,07:34:38.6,2455833.8157,60.0,1.19,H,H,,,,usbdrivereplog_J0556-332.csv,,,Data replog,,,J0556-332,True,IR
ir110928.0392,MAXI J0556-332,05:56:52.1,-33:09:43,2011-09-29,07:33:22.9,2455833.8149,60.0,1.2,H,H,,,,usbdrivereplog_J0556-332.csv,,,Data replog,,,J0556-332,True,IR
ir110928.0391,MAXI J0556-332,05:56:52.1,-33:09:43,2011-09-29,07:32:07.7,2455833.814,60.0,1.2,H,H,,,,usbdrivereplog_J0556-332.csv,,,Data replog,,,J0556-332,True,IR
ir111021.0268,MAXI J0556-332,05:56:45.9,-33:10:28,2011-10-22,05:57:22.8,2455856.7482,60.0,1.21,H,H,,,,usbdrivereplog_J0556-332.csv,,,Data replog,,,J0556-332,True,IR
ir111021.0267,MAXI J0556-332,05:56:46.0,-33:10:28,2011-10-22,05:56:07.1,2455856.7473,60.0,1.22,H,H,,,,usbdrivereplog_J0556-332.csv,,,Data replog,,,J0556-332,True,IR
ir111021.0266,MAXI J0556-332,05:56:46.0,-33:10:28,2011-10-22,05:54:51.3,2455856.7464,60.0,1.22,H,H,,,,usbdrivereplog_J0556-332.csv,,,Data replog,,,J0556-332,True,IR
ir111021.0265,MAXI J0556-332,05:56:46.0,-33:10:28,2011-10-22,05:53:35.6,2455856.7456,60.0,1.22,H,H,,,,usbdrivereplog_J0556-332.csv,,,Data replog,,,J0556-332,True,IR
ir111021.0264,MAXI J0556-332,05:56:45.9,-33:10:28,2011-10-22,05:52:19.8,2455856.7447,60.0,1.23,H,H,,,,usbdrivereplog_J0556-332.csv,,,Data replog,,,J0556-332,True,IR
ir111021.0263,MAXI J0556-332,05:56:46.0,-33:10:28,2011-10-22,05:51:04.0,2455856.7438,60.0,1.23,H,H,,,,usbdrivereplog_J0556-332.csv,,,Data replog,,,J0556-332,True,IR
ir111021.0262,MAXI J0556-332,05:56:46.0,-33:10:28,2011-10-22,05:49:48.2,2455856.7429,60.0,1.24,H,H,,,,usbdrivereplog_J0556-332.csv,,,Data replog,,,J0556-332,True,IR
ir111021.0261,MAXI J0556-332,05:56:46.0,-33:10:28,2011-10-22,05:48:32.5,2455856.742,60.0,1.24,H,H,,,,usbdrivereplog_J0556-332.csv,,,Data replog,,,J0556-332,True,IR
ir111204.0257,MAXI J0556-332,05:56:44.3,-33:10:22,2011-12-05,05:27:10.3,2455900.7272,60.0,1.0,H,H,,,,usbdrivereplog_J0556-332.csv,,,Data replog,,,J0556-332,True,IR
ir111204.0256,MAXI J0556-332,05:56:44.2,-33:10:22,2011-12-05,05:25:54.1,2455900.7263,60.0,1.0,H,H,,,,usbdrivereplog_J0556-332.csv,,,Data replog,,,J0556-332,True,IR
ir111204.0255,MAXI J0556-332,05:56:44.2,-33:10:22,2011-12-05,05:24:37.8,2455900.7254,60.0,1.0,H,H,,,,usbdrivereplog_J0556-332.csv,,,Data replog,,,J0556-332,True,IR
ir111204.0254,MAXI J0556-332,05:56:44.2,-33:10:22,2011-12-05,05:23:21.5,2455900.7246,60.0,1.01,H,H,,,,usbdrivereplog_J0556-332.csv,,,Data replog,,,J0556-332,True,IR
ir111204.0253,MAXI J0556-332,05:56:44.2,-33:10:22,2011-12-05,05:22:05.3,2455900.7237,60.0,1.01,H,H,,,,usbdrivereplog_J0556-332.csv,,,Data replog,,,J0556-332,True,IR
ir111204.0252,MAXI J0556-332,05:56:44.1,-33:10:22,2011-12-05,05:20:48.8,2455900.7228,60.0,1.01,H,H,,,,usbdrivereplog_J0556-332.csv,,,Data replog,,,J0556-332,True,IR
ir111204.0251,MAXI J0556-332,05:56:44.1,-33:10:22,2011-12-05,05:19:31.8,2455900.7219,60.0,1.01,H,H,,,,usbdrivereplog_J0556-332.csv,,,Data replog,,,J0556-332,True,IR
ir111204.0250,MAXI J0556-332,05:56:44.1,-33:10:22,2011-12-05,05:18:15.7,2455900.721,60.0,1.01,H,H,,,,usbdrivereplog_J0556-332.csv,,,Data replog,,,J0556-332,True,IR
ir110927.0354,MAXI J0556-332,05:56:47.4,-33:10:20,2011-09-28,07:47:04.9,2455832.8244,60.0,1.17,H,H,,,,usbdrivereplog_J0556-332.csv,,,Data replog,,,J0556-332,True,IR
ir110927.0353,MAXI J0556-332,05:56:47.4,-33:10:20,2011-09-28,07:45:49.5,2455832.8235,60.0,1.17,H,H,,,,usbdrivereplog_J0556-332.csv,,,Data replog,,,J0556-332,True,IR
ir110927.0352,MAXI J0556-332,05:56:47.3,-33:10:20,2011-09-28,07:44:33.7,2455832.8226,60.0,1.18,H,H,,,,usbdrivereplog_J0556-332.csv,,,Data replog,,,J0556-332,True,IR
ir110927.0351,MAXI J0556-332,05:56:47.3,-33:10:20,2011-09-28,07:43:18.0,2455832.8217,60.0,1.18,H,H,,,,usbdrivereplog_J0556-332.csv,,,Data replog,,,J0556-332,True,IR
ir111218.0174,MAXI J0556-332,05:56:46.0,-33:11:28,2011-12-19,06:38:02.8,2455914.7764,60.0,1.09,H,H,,,,usbdrivereplog_J0556-332.csv,,,Data replog,,,J0556-332,True,IR
ir111218.0172,MAXI J0556-332,05:56:46.0,-33:11:28,2011-12-19,06:35:31.4,2455914.7747,60.0,1.08,H,H,,,,usbdrivereplog_J0556-332.csv,,,Data replog,,,J0556-332,True,IR
ir111124.0197,MAXI J0556-332,05:56:46.2,-33:10:26,2011-11-25,05:05:06.6,2455890.7119,60.0,1.05,H,H,,,,usbdrivereplog_J0556-332.csv,,,Data replog,,,J0556-332,True,IR
ir111104.0212,MAXI J0556-332,05:56:44.0,-33:10:40,2011-11-05,05:01:42.7,2455870.7095,60.0,1.21,H,H,,,,usbdrivereplog_J0556-332.csv,,,Data replog,,,J0556-332,True,IR
ir111123.0218,MAXI J0556-332,05:56:45.6,-33:10:35,2011-11-24,05:08:11.9,2455889.714,60.0,1.05,H,H,,,,usbdrivereplog_J0556-332.csv,,,Data replog,,,J0556-332,True,IR
ir111109.0318,MAXI J0556-332,05:56:44.6,-33:10:22,2011-11-10,06:28:49.1,2455875.77,60.0,1.02,H,H,,,,usbdrivereplog_J0556-332.csv,,,Data replog,,,J0556-332,True,IR
ir111109.0317,MAXI J0556-332,05:56:44.6,-33:10:23,2011-11-10,06:27:33.7,2455875.7692,60.0,1.02,H,H,,,,usbdrivereplog_J0556-332.csv,,,Data replog,,,J0556-332,True,IR
ir111109.0316,MAXI J0556-332,05:56:44.7,-33:10:22,2011-11-10,06:26:17.9,2455875.7683,60.0,1.03,H,H,,,,usbdrivereplog_J0556-332.csv,,,Data replog,,,J0556-332,True,IR
ir111109.0315,MAXI J0556-332,05:56:44.6,-33:10:23,2011-11-10,06:25:02.1,2455875.7674,60.0,1.03,H,H,,,,usbdrivereplog_J0556-332.csv,,,Data replog,,,J0556-332,True,IR
ir111109.0314,MAXI J0556-332,05:56:44.6,-33:10:23,2011-11-10,06:23:46.7,2455875.7665,60.0,1.03,H,H,,,,usbdrivereplog_J0556-332.csv,,,Data replog,,,J0556-332,True,IR
ir111109.0313,MAXI J0556-332,05:56:44.6,-33:10:23,2011-11-10,06:22:30.9,2455875.7656,60.0,1.03,H,H,,,,usbdrivereplog_J0556-332.csv,,,Data replog,,,J0556-332,True,IR
ir111109.0312,MAXI J0556-332,05:56:44.6,-33:10:23,2011-11-10,06:21:14.9,2455875.7648,60.0,1.03,H,H,,,,usbdrivereplog_J0556-332.csv,,,Data replog,,,J0556-332,True,IR
ir111109.0311,MAXI J0556-332,05:56:44.7,-33:10:23,2011-11-10,06:19:59.2,2455875.7639,60.0,1.03,H,H,,,,usbdrivereplog_J0556-332.csv,,,Data replog,,,J0556-332,True,IR
ir111104.0214,MAXI J0556-332,05:56:44.0,-33:10:39,2011-11-05,05:04:14.0,2455870.7113,60.0,1.21,H,H,,,,usbdrivereplog_J0556-332.csv,,,Data replog,,,J0556-332,True,IR
ir111104.0213,MAXI J0556-332,05:56:44.0,-33:10:40,2011-11-05,05:02:58.5,2455870.7104,60.0,1.21,H,H,,,,usbdrivereplog_J0556-332.csv,,,Data replog,,,J0556-332,True,IR
ir111104.0211,MAXI J0556-332,05:56:44.0,-33:10:40,2011-11-05,05:00:26.9,2455870.7086,60.0,1.22,H,H,,,,usbdrivereplog_J0556-332.csv,,,Data replog,,,J0556-332,True,IR
ir111218.0171,MAXI J0556-332,05:56:46.1,-33:11:28,2011-12-19,06:34:15.5,2455914.7738,60.0,1.08,H,H,,,,usbdrivereplog_J0556-332.csv,,,Data replog,,,J0556-332,True,IR
ir111104.0210,MAXI J0556-332,05:56:44.0,-33:10:40,2011-11-05,04:59:11.6,2455870.7078,60.0,1.22,H,H,,,,usbdrivereplog_J0556-332.csv,,,Data replog,,,J0556-332,True,IR
ir111104.0209,MAXI J0556-332,05:56:44.0,-33:10:40,2011-11-05,04:57:55.7,2455870.7069,60.0,1.23,H,H,,,,usbdrivereplog_J0556-332.csv,,,Data replog,,,J0556-332,True,IR
ir111104.0208,MAXI J0556-332,05:56:44.0,-33:10:40,2011-11-05,04:56:40.0,2455870.706,60.0,1.23,H,H,,,,usbdrivereplog_J0556-332.csv,,,Data replog,,,J0556-332,True,IR
ir111104.0207,MAXI J0556-332,05:56:44.0,-33:10:40,2011-11-05,04:55:24.6,2455870.7051,60.0,1.23,H,H,,,,usbdrivereplog_J0556-332.csv,,,Data replog,,,J0556-332,True,IR
ir111230.0163,MAXI J0556-332,05:56:46.3,-33:10:10,2011-12-31,04:14:32.3,2455926.6768,60.0,1.0,H,H,,,,usbdrivereplog_J0556-332.csv,,,Data replog,,,J0556-332,True,IR
ir111230.0162,MAXI J0556-332,05:56:46.2,-33:10:10,2011-12-31,04:13:16.7,2455926.6759,60.0,1.0,H,H,,,,usbdrivereplog_J0556-332.csv,,,Data replog,,,J0556-332,True,IR
ir111230.0161,MAXI J0556-332,05:56:46.2,-33:10:11,2011-12-31,04:12:00.8,2455926.675,60.0,1.0,H,H,,,,usbdrivereplog_J0556-332.csv,,,Data replog,,,J0556-332,True,IR
ir111230.0160,MAXI J0556-332,05:56:46.2,-33:10:10,2011-12-31,04:10:44.9,2455926.6741,60.0,1.0,H,H,,,,usbdrivereplog_J0556-332.csv,,,Data replog,,,J0556-332,True,IR
ir111230.0159,MAXI J0556-332,05:56:46.2,-33:10:10,2011-12-31,04:09:29.0,2455926.6732,60.0,1.0,H,H,,,,usbdrivereplog_J0556-332.csv,,,Data replog,,,J0556-332,True,IR
ir111230.0158,MAXI J0556-332,05:56:46.1,-33:10:10,2011-12-31,04:08:13.0,2455926.6724,60.0,1.0,H,H,,,,usbdrivereplog_J0556-332.csv,,,Data replog,,,J0556-332,True,IR
ir111230.0157,MAXI J0556-332,05:56:46.1,-33:10:10,2011-12-31,04:06:57.1,2455926.6715,60.0,1.0,H,H,,,,usbdrivereplog_J0556-332.csv,,,Data replog,,,J0556-332,True,IR
ir111123.0219,MAXI J0556-332,05:56:45.6,-33:10:35,2011-11-24,05:09:28.4,2455889.7149,60.0,1.05,H,H,,,,usbdrivereplog_J0556-332.csv,,,Data replog,,,J0556-332,True,IR
ir111123.0220,MAXI J0556-332,05:56:45.6,-33:10:35,2011-11-24,05:10:45.5,2455889.7158,60.0,1.05,H,H,,,,usbdrivereplog_J0556-332.csv,,,Data replog,,,J0556-332,True,IR
ir111123.0221,MAXI J0556-332,05:56:45.6,-33:10:35,2011-11-24,05:12:02.4,2455889.7167,60.0,1.04,H,H,,,,usbdrivereplog_J0556-332.csv,,,Data replog,,,J0556-332,True,IR
ir111123.0222,MAXI J0556-332,05:56:45.7,-33:10:34,2011-11-24,05:13:19.0,2455889.7176,60.0,1.04,H,H,,,,usbdrivereplog_J0556-332.csv,,,Data replog,,,J0556-332,True,IR
ir111218.0170,MAXI J0556-332,05:56:46.1,-33:11:28,2011-12-19,06:32:59.6,2455914.7729,60.0,1.08,H,H,,,,usbdrivereplog_J0556-332.csv,,,Data replog,,,J0556-332,True,IR
ir111218.0169,MAXI J0556-332,05:56:46.1,-33:11:28,2011-12-19,06:31:43.7,2455914.7721,60.0,1.08,H,H,,,,usbdrivereplog_J0556-332.csv,,,Data replog,,,J0556-332,True,IR
ir111218.0168,MAXI J0556-332,05:56:46.2,-33:11:28,2011-12-19,06:30:27.8,2455914.7712,60.0,1.07,H,H,,,,usbdrivereplog_J0556-332.csv,,,Data replog,,,J0556-332,True,IR
ir111218.0167,MAXI J0556-332,05:56:46.2,-33:11:28,2011-12-19,06:29:11.9,2455914.7703,60.0,1.07,H,H,,,,usbdrivereplog_J0556-332.csv,,,Data replog,,,J0556-332,True,IR
ir111218.0166,MAXI J0556-332,05:56:46.2,-33:11:28,2011-12-19,06:27:56.8,2455914.7694,50.0,1.07,J,J,,,,usbdrivereplog_J0556-332.csv,,,Data replog,,,J0556-332,True,IR
ir111218.0165,MAXI J0556-332,05:56:46.2,-33:11:28,2011-12-19,06:26:50.9,2455914.7687,50.0,1.07,J,J,,,,usbdrivereplog_J0556-332.csv,,,Data replog,,,J0556-332,True,IR
ir111218.0164,MAXI J0556-332,05:56:46.3,-33:11:28,2011-12-19,06:25:44.9,2455914.7679,50.0,1.07,J,J,,,,usbdrivereplog_J0556-332.csv,,,Data replog,,,J0556-332,True,IR
ir111218.0163,MAXI J0556-332,05:56:46.3,-33:11:28,2011-12-19,06:24:39.0,2455914.7671,50.0,1.07,J,J,,,,usbdrivereplog_J0556-332.csv,,,Data replog,,,J0556-332,True,IR
ir111218.0162,MAXI J0556-332,05:56:46.2,-33:11:28,2011-12-19,06:23:33.1,2455914.7664,50.0,1.06,J,J,,,,usbdrivereplog_J0556-332.csv,,,Data replog,,,J0556-332,True,IR
ir111218.0161,MAXI J0556-332,05:56:46.3,-33:11:28,2011-12-19,06:22:27.1,2455914.7656,50.0,1.06,J,J,,,,usbdrivereplog_J0556-332.csv,,,Data replog,,,J0556-332,True,IR
ir111218.0160,MAXI J0556-332,05:56:46.3,-33:11:28,2011-12-19,06:21:21.1,2455914.7648,50.0,1.06,J,J,,,,usbdrivereplog_J0556-332.csv,,,Data replog,,,J0556-332,True,IR
ir111218.0159,MAXI J0556-332,05:56:46.3,-33:11:28,2011-12-19,06:20:15.2,2455914.7641,50.0,1.06,J,J,,,,usbdrivereplog_J0556-332.csv,,,Data replog,,,J0556-332,True,IR
ir111218.0158,MAXI J0556-332,05:56:46.3,-33:11:28,2011-12-19,06:19:04.0,2455914.7633,50.0,1.06,J,J,,,,usbdrivereplog_J0556-332.csv,,,Data replog,,,J0556-332,True,IR
ir111218.0157,MAXI J0556-332,05:56:46.3,-33:11:28,2011-12-19,06:17:58.1,2455914.7625,50.0,1.06,J,J,,,,usbdrivereplog_J0556-332.csv,,,Data replog,,,J0556-332,True,IR
ir111218.0156,MAXI J0556-332,05:56:46.3,-33:11:28,2011-12-19,06:16:52.2,2455914.7617,50.0,1.06,J,J,,,,usbdrivereplog_J0556-332.csv,,,Data replog,,,J0556-332,True,IR
ir111218.0155,MAXI J0556-332,05:56:46.3,-33:11:28,2011-12-19,06:15:46.3,2455914.761,50.0,1.05,J,J,,,,usbdrivereplog_J0556-332.csv,,,Data replog,,,J0556-332,True,IR
ir111218.0154,MAXI J0556-332,05:56:46.3,-33:11:29,2011-12-19,06:14:40.4,2455914.7602,50.0,1.05,J,J,,,,usbdrivereplog_J0556-332.csv,,,Data replog,,,J0556-332,True,IR
ir111218.0153,MAXI J0556-332,05:56:46.3,-33:11:29,2011-12-19,06:13:34.4,2455914.7594,50.0,1.05,J,J,,,,usbdrivereplog_J0556-332.csv,,,Data replog,,,J0556-332,True,IR
ir111218.0152,MAXI J0556-332,05:56:46.3,-33:11:29,2011-12-19,06:12:28.4,2455914.7587,50.0,1.05,J,J,,,,usbdrivereplog_J0556-332.csv,,,Data replog,,,J0556-332,True,IR
ir111218.0151,MAXI J0556-332,05:56:46.2,-33:11:29,2011-12-19,06:11:22.5,2455914.7579,50.0,1.05,J,J,,,,usbdrivereplog_J0556-332.csv,,,Data replog,,,J0556-332,True,IR
ir111123.0225,MAXI J0556-332,05:56:45.8,-33:10:34,2011-11-24,05:17:09.0,2455889.7202,60.0,1.04,H,H,,,,usbdrivereplog_J0556-332.csv,,,Data replog,,,J0556-332,True,IR
ir111123.0224,MAXI J0556-332,05:56:45.7,-33:10:35,2011-11-24,05:15:52.4,2455889.7194,60.0,1.04,H,H,,,,usbdrivereplog_J0556-332.csv,,,Data replog,,,J0556-332,True,IR
ir111123.0223,MAXI J0556-332,05:56:45.7,-33:10:34,2011-11-24,05:14:35.7,2455889.7185,60.0,1.04,H,H,,,,usbdrivereplog_J0556-332.csv,,,Data replog,,,J0556-332,True,IR
ir110928.0394,MAXI J0556-332,05:56:52.1,-33:09:42,2011-09-29,07:35:54.4,2455833.8166,60.0,1.19,H,H,,,,usbdrivereplog_J0556-332.csv,,,Data replog,,,J0556-332,True,IR
ir110928.0395,MAXI J0556-332,05:56:52.2,-33:09:42,2011-09-29,07:37:09.7,2455833.8175,60.0,1.18,H,H,,,,usbdrivereplog_J0556-332.csv,,,Data replog,,,J0556-332,True,IR
ir110928.0396,MAXI J0556-332,05:56:52.2,-33:09:42,2011-09-29,07:38:25.4,2455833.8183,60.0,1.18,H,H,,,,usbdrivereplog_J0556-332.csv,,,Data replog,,,J0556-332,True,IR
ir111122.0300,MAXI J0556-332,05:56:44.6,-33:10:03,2011-11-23,06:25:26.6,2455888.7677,60.0,1.0,H,H,,,,usbdrivereplog_J0556-332.csv,,,Data replog,,,J0556-332,True,IR
ir110410.0011,MAXI J0556-332,,,2011-04-10,23:32:20.3,2455662.4808,60.0,,H,H,,,,usbdrivereplog_J0556-332.csv,,,Data replog,,,J0556-332,True,IR
ir110410.0010,MAXI J0556-332,,,2011-04-10,23:31:03.9,2455662.4799,60.0,,H,H,,,,usbdrivereplog_J0556-332.csv,,,Data replog,,,J0556-332,True,IR
ir110410.0009,MAXI J0556-332,,,2011-04-10,23:29:47.1,2455662.479,60.0,,H,H,,,,usbdrivereplog_J0556-332.csv,,,Data replog,,,J0556-332,True,IR
ir110410.0008,MAXI J0556-332,,,2011-04-10,23:28:30.3,2455662.4781,60.0,,H,H,,,,usbdrivereplog_J0556-332.csv,,,Data replog,,,J0556-332,True,IR
ir110410.0007,MAXI J0556-332,,,2011-04-10,23:27:13.9,2455662.4772,60.0,,H,H,,,,usbdrivereplog_J0556-332.csv,,,Data replog,,,J0556-332,True,IR
ir111122.0306,MAXI J0556-332,05:56:44.8,-33:10:02,2011-11-23,06:33:04.3,2455888.773,60.0,1.0,H,H,,,,usbdrivereplog_J0556-332.csv,,,Data replog,,,J0556-332,True,IR
ir111122.0305,MAXI J0556-332,05:56:44.7,-33:10:02,2011-11-23,06:31:48.2,2455888.7721,60.0,1.0,H,H,,,,usbdrivereplog_J0556-332.csv,,,Data replog,,,J0556-332,True,IR
ir111122.0304,MAXI J0556-332,05:56:44.7,-33:10:03,2011-11-23,06:30:31.9,2455888.7712,60.0,1.0,H,H,,,,usbdrivereplog_J0556-332.csv,,,Data replog,,,J0556-332,True,IR
ir111122.0303,MAXI J0556-332,05:56:44.7,-33:10:03,2011-11-23,06:29:15.7,2455888.7703,60.0,1.0,H,H,,,,usbdrivereplog_J0556-332.csv,,,Data replog,,,J0556-332,True,IR
ir111122.0302,MAXI J0556-332,05:56:44.6,-33:10:03,2011-11-23,06:27:59.5,2455888.7694,60.0,1.0,H,H,,,,usbdrivereplog_J0556-332.csv,,,Data replog,,,J0556-332,True,IR
ir111122.0301,MAXI J0556-332,05:56:44.6,-33:10:03,2011-11-23,06:26:43.1,2455888.7686,60.0,1.0,H,H,,,,usbdrivereplog_J0556-332.csv,,,Data replog,,,J0556-332,True,IR
ir111122.0299,MAXI J0556-332,05:56:44.6,-33:10:03,2011-11-23,06:24:10.5,2455888.7668,60.0,1.0,H,H,,,,usbdrivereplog_J0556-332.csv,,,Data replog,,,J0556-332,True,IR
ir110928.0397,MAXI J0556-332,05:56:52.3,-33:09:41,2011-09-29,07:39:41.1,2455833.8192,60.0,1.18,H,H,,,,usbdrivereplog_J0556-332.csv,,,Data replog,,,J0556-332,True,IR
ir111112.0245,MAXI J0556-332,05:56:46.2,-33:10:25,2011-11-13,06:16:19.7,2455878.7613,60.0,1.02,H,H,,,,usbdrivereplog_J0556-332.csv,,,Data replog,,,J0556-332,True,IR
ir111112.0244,MAXI J0556-332,05:56:46.2,-33:10:26,2011-11-13,06:15:03.6,2455878.7605,60.0,1.02,H,H,,,,usbdrivereplog_J0556-332.csv,,,Data replog,,,J0556-332,True,IR
ir111112.0243,MAXI J0556-332,05:56:46.2,-33:10:26,2011-11-13,06:13:47.4,2455878.7596,60.0,1.03,H,H,,,,usbdrivereplog_J0556-332.csv,,,Data replog,,,J0556-332,True,IR
ir111112.0242,MAXI J0556-332,05:56:46.1,-33:10:26,2011-11-13,06:12:31.4,2455878.7587,60.0,1.03,H,H,,,,usbdrivereplog_J0556-332.csv,,,Data replog,,,J0556-332,True,IR
ir111112.0241,MAXI J0556-332,05:56:46.2,-33:10:26,2011-11-13,06:11:15.3,2455878.7578,60.0,1.03,H,H,,,,usbdrivereplog_J0556-332.csv,,,Data replog,,,J0556-332,True,IR
ir111112.0240,MAXI J0556-332,05:56:46.1,-33:10:26,2011-11-13,06:09:59.1,2455878.7569,60.0,1.03,H,H,,,,usbdrivereplog_J0556-332.csv,,,Data replog,,,J0556-332,True,IR
ir111112.0239,MAXI J0556-332,05:56:46.2,-33:10:26,2011-11-13,06:08:42.8,2455878.756,60.0,1.03,H,H,,,,usbdrivereplog_J0556-332.csv,,,Data replog,,,J0556-332,True,IR
ir111112.0238,MAXI J0556-332,05:56:46.2,-33:10:26,2011-11-13,06:07:26.6,2455878.7552,60.0,1.03,H,H,,,,usbdrivereplog_J0556-332.csv,,,Data replog,,,J0556-332,True,IR
ir111029.0239,MAXI J0556-332,05:56:46.7,-33:10:20,2011-10-30,07:08:59.2,2455864.7979,60.0,1.03,H,H,,,,usbdrivereplog_J0556-332.csv,,,Data replog,,,J0556-332,True,IR
ir111029.0238,MAXI J0556-332,05:56:46.7,-33:10:20,2011-10-30,07:07:43.4,2455864.7971,60.0,1.03,H,H,,,,usbdrivereplog_J0556-332.csv,,,Data replog,,,J0556-332,True,IR
ir111029.0237,MAXI J0556-332,05:56:46.8,-33:10:20,2011-10-30,07:06:27.5,2455864.7962,60.0,1.03,H,H,,,,usbdrivereplog_J0556-332.csv,,,Data replog,,,J0556-332,True,IR
ir110410.0012,MAXI J0556-332,,,2011-04-10,23:33:37.1,2455662.4817,60.0,,H,H,,,,usbdrivereplog_J0556-332.csv,,,Data replog,,,J0556-332,True,IR
ir110410.0013,MAXI J0556-332,,,2011-04-10,23:34:53.9,2455662.4826,60.0,,H,H,,,,usbdrivereplog_J0556-332.csv,,,Data replog,,,J0556-332,True,IR
ir110410.0014,MAXI J0556-332,,,2011-04-10,23:36:10.3,2455662.4835,60.0,,H,H,,,,usbdrivereplog_J0556-332.csv,,,Data replog,,,J0556-332,True,IR
ir110505.0001,MAXI J0556-332,05:56:45.2,-33:09:43,2011-05-05,22:58:33.8,2455687.4573,60.0,1.32,H,H,,,,usbdrivereplog_J0556-332.csv,,,Data replog,,,J0556-332,True,IR
ir110422.0089,MAXI J0556-332,05:56:44.7,-33:10:21,2011-04-23,01:12:59.7,2455674.5507,60.0,1.87,H,H,,,,usbdrivereplog_J0556-332.csv,,,Data replog,,,J0556-332,True,IR
ir110422.0088,MAXI J0556-332,05:56:44.6,-33:10:20,2011-04-23,01:11:42.9,2455674.5498,60.0,1.86,H,H,,,,usbdrivereplog_J0556-332.csv,,,Data replog,,,J0556-332,True,IR
ir110422.0087,MAXI J0556-332,05:56:44.6,-33:10:20,2011-04-23,01:10:26.1,2455674.5489,60.0,1.84,H,H,,,,usbdrivereplog_J0556-332.csv,,,Data replog,,,J0556-332,True,IR
ir110422.0086,MAXI J0556-332,05:56:44.6,-33:10:19,2011-04-23,01:09:09.4,2455674.548,60.0,1.83,H,H,,,,usbdrivereplog_J0556-332.csv,,,Data replog,,,J0556-332,True,IR
ir110422.0085,MAXI J0556-332,05:56:44.5,-33:10:19,2011-04-23,01:07:52.6,2455674.5471,60.0,1.82,H,H,,,,usbdrivereplog_J0556-332.csv,,,Data replog,,,J0556-332,True,IR
ir110422.0084,MAXI J0556-332,05:56:44.5,-33:10:19,2011-04-23,01:06:35.5,2455674.5462,60.0,1.81,H,H,,,,usbdrivereplog_J0556-332.csv,,,Data replog,,,J0556-332,True,IR
ir110422.0083,MAXI J0556-332,05:56:44.5,-33:10:18,2011-04-23,01:05:18.7,2455674.5453,60.0,1.79,H,H,,,,usbdrivereplog_J0556-332.csv,,,Data replog,,,J0556-332,True,IR
ir110422.0082,MAXI J0556-332,05:56:44.4,-33:10:18,2011-04-23,01:04:02.4,2455674.5445,60.0,1.78,H,H,,,,usbdrivereplog_J0556-332.csv,,,Data replog,,,J0556-332,True,IR
ir111118.0091,MAXI J0556-332,05:56:44.0,-33:10:12,2011-11-19,04:47:53.5,2455884.6999,60.0,1.11,H,H,,,,usbdrivereplog_J0556-332.csv,,,Data replog,,,J0556-332,True,IR
ir111118.0090,MAXI J0556-332,05:56:44.0,-33:10:12,2011-11-19,04:46:37.4,2455884.699,60.0,1.11,H,H,,,,usbdrivereplog_J0556-332.csv,,,Data replog,,,J0556-332,True,IR
ir111118.0089,MAXI J0556-332,05:56:44.0,-33:10:13,2011-11-19,04:45:21.0,2455884.6982,60.0,1.12,H,H,,,,usbdrivereplog_J0556-332.csv,,,Data replog,,,J0556-332,True,IR
ir111118.0088,MAXI J0556-332,05:56:44.0,-33:10:13,2011-11-19,04:44:04.7,2455884.6973,60.0,1.12,H,H,,,,usbdrivereplog_J0556-332.csv,,,Data replog,,,J0556-332,True,IR
ir111118.0087,MAXI J0556-332,05:56:44.1,-33:10:13,2011-11-19,04:42:48.5,2455884.6964,60.0,1.12,H,H,,,,usbdrivereplog_J0556-332.csv,,,Data replog,,,J0556-332,True,IR
ir111118.0086,MAXI J0556-332,05:56:44.1,-33:10:13,2011-11-19,04:41:32.0,2455884.6955,60.0,1.12,H,H,,,,usbdrivereplog_J0556-332.csv,,,Data replog,,,J0556-332,True,IR
ir111118.0085,MAXI J0556-332,05:56:44.1,-33:10:13,2011-11-19,04:40:15.6,2455884.6946,60.0,1.13,H,H,,,,usbdrivereplog_J0556-332.csv,,,Data replog,,,J0556-332,True,IR
ir111118.0084,MAXI J0556-332,05:56:44.1,-33:10:13,2011-11-19,04:38:59.5,2455884.6937,60.0,1.13,H,H,,,,usbdrivereplog_J0556-332.csv,,,Data replog,,,J0556-332,True,IR
ir110505.0008,MAXI J0556-332,05:56:45.2,-33:09:44,2011-05-05,23:07:23.2,2455687.4635,60.0,1.36,H,H,,,,usbdrivereplog_J0556-332.csv,,,Data replog,,,J0556-332,True,IR
ir110505.0007,MAXI J0556-332,05:56:45.3,-33:09:44,2011-05-05,23:06:07.7,2455687.4626,60.0,1.35,H,H,,,,usbdrivereplog_J0556-332.csv,,,Data replog,,,J0556-332,True,IR
ir110505.0006,MAXI J0556-332,05:56:45.2,-33:09:44,2011-05-05,23:04:52.0,2455687.4617,60.0,1.34,H,H,,,,usbdrivereplog_J0556-332.csv,,,Data replog,,,J0556-332,True,IR
ir110505.0005,MAXI J0556-332,05:56:45.3,-33:09:44,2011-05-05,23:03:36.3,2455687.4608,60.0,1.34,H,H,,,,usbdrivereplog_J0556-332.csv,,,Data replog,,,J0556-332,True,IR
ir110505.0004,MAXI J0556-332,05:56:45.2,-33:09:44,2011-05-05,23:02:20.9,2455687.46,60.0,1.33,H,H,,,,usbdrivereplog_J0556-332.csv,,,Data replog,,,J0556-332,True,IR
ir110505.0003,MAXI J0556-332,05:56:45.3,-33:09:43,2011-05-05,23:01:05.1,2455687.4591,60.0,1.33,H,H,,,,usbdrivereplog_J0556-332.csv,,,Data replog,,,J0556-332,True,IR
ir110505.0002,MAXI J0556-332,05:56:45.2,-33:09:43,2011-05-05,22:59:49.3,2455687.4582,60.0,1.32,H,H,,,,usbdrivereplog_J0556-332.csv,,,Data replog,,,J0556-332,True,IR
ir111029.0236,MAXI J0556-332,05:56:46.8,-33:10:20,2011-10-30,07:05:11.7,2455864.7953,60.0,1.03,H,H,,,,usbdrivereplog_J0556-332.csv,,,Data replog,,,J0556-332,True,IR
ir111029.0235,MAXI J0556-332,05:56:46.8,-33:10:20,2011-10-30,07:03:55.9,2455864.7944,60.0,1.03,H,H,,,,usbdrivereplog_J0556-332.csv,,,Data replog,,,J0556-332,True,IR
ir111029.0234,MAXI J0556-332,05:56:46.8,-33:10:20,2011-10-30,07:02:40.1,2455864.7935,60.0,1.03,H,H,,,,usbdrivereplog_J0556-332.csv,,,Data replog,,,J0556-332,True,IR
ir110425.0013,MAXI J0556-332,05:56:47.6,-33:10:25,2011-04-25,23:19:01.7,2455677.4715,60.0,1.25,H,H,,,,usbdrivereplog_J0556-332.csv,,,Data replog,,,J0556-332,True,IR
ir110425.0011,MAXI J0556-332,05:56:47.7,-33:10:25,2011-04-25,23:16:28.2,2455677.4698,60.0,1.24,H,H,,,,usbdrivereplog_J0556-332.csv,,,Data replog,,,J0556-332,True,IR
ir110425.0010,MAXI J0556-332,05:56:47.7,-33:10:25,2011-04-25,23:15:11.4,2455677.4689,60.0,1.24,H,H,,,,usbdrivereplog_J0556-332.csv,,,Data replog,,,J0556-332,True,IR
ir110425.0009,MAXI J0556-332,05:56:47.7,-33:10:25,2011-04-25,23:13:54.7,2455677.468,60.0,1.23,H,H,,,,usbdrivereplog_J0556-332.csv,,,Data replog,,,J0556-332,True,IR
ir110425.0008,MAXI J0556-332,05:56:47.8,-33:10:25,2011-04-25,23:12:37.6,2455677.4671,60.0,1.23,H,H,,,,usbdrivereplog_J0556-332.csv,,,Data replog,,,J0556-332,True,IR
ir110425.0007,MAXI J0556-332,05:56:47.8,-33:10:25,2011-04-25,23:11:20.4,2455677.4662,60.0,1.22,H,H,,,,usbdrivereplog_J0556-332.csv,,,Data replog,,,J0556-332,True,IR
ir110425.0006,MAXI J0556-332,05:56:47.8,-33:10:25,2011-04-25,23:10:04.0,2455677.4653,60.0,1.22,H,H,,,,usbdrivereplog_J0556-332.csv,,,Data replog,,,J0556-332,True,IR
ir111111.0134,MAXI J0556-332,05:56:46.5,-33:10:22,2011-11-12,06:30:00.1,2455877.7708,60.0,1.02,H,H,,,,usbdrivereplog_J0556-332.csv,,,Data replog,,,J0556-332,True,IR
ir111111.0133,MAXI J0556-332,05:56:46.5,-33:10:22,2011-11-12,06:28:43.8,2455877.77,60.0,1.02,H,H,,,,usbdrivereplog_J0556-332.csv,,,Data replog,,,J0556-332,True,IR
ir111111.0132,MAXI J0556-332,05:56:46.5,-33:10:22,2011-11-12,06:27:27.6,2455877.7691,60.0,1.02,H,H,,,,usbdrivereplog_J0556-332.csv,,,Data replog,,,J0556-332,True,IR
ir111111.0131,MAXI J0556-332,05:56:46.6,-33:10:22,2011-11-12,06:26:11.3,2455877.7682,60.0,1.02,H,H,,,,usbdrivereplog_J0556-332.csv,,,Data replog,,,J0556-332,True,IR
ir111111.0130,MAXI J0556-332,05:56:46.5,-33:10:22,2011-11-12,06:24:55.1,2455877.7673,60.0,1.02,H,H,,,,usbdrivereplog_J0556-332.csv,,,Data replog,,,J0556-332,True,IR
ir111111.0129,MAXI J0556-332,05:56:46.6,-33:10:23,2011-11-12,06:23:38.8,2455877.7664,60.0,1.02,H,H,,,,usbdrivereplog_J0556-332.csv,,,Data replog,,,J0556-332,True,IR
ir111111.0128,MAXI J0556-332,05:56:46.6,-33:10:22,2011-11-12,06:22:22.3,2455877.7655,60.0,1.02,H,H,,,,usbdrivereplog_J0556-332.csv,,,Data replog,,,J0556-332,True,IR
ir111111.0127,MAXI J0556-332,05:56:46.5,-33:10:23,2011-11-12,06:21:06.1,2455877.7647,60.0,1.02,H,H,,,,usbdrivereplog_J0556-332.csv,,,Data replog,,,J0556-332,True,IR
ir110928.0406,MAXI J0556-332,05:56:43.2,-33:10:52,2011-09-29,07:53:11.2,2455833.8286,60.0,1.14,H,H,,,,usbdrivereplog_J0556-332.csv,,,Data replog,,,J0556-332,True,IR
ir110928.0405,MAXI J0556-332,05:56:43.1,-33:10:52,2011-09-29,07:51:55.9,2455833.8277,60.0,1.15,H,H,,,,usbdrivereplog_J0556-332.csv,,,Data replog,,,J0556-332,True,IR
ir110928.0404,MAXI J0556-332,05:56:43.1,-33:10:52,2011-09-29,07:50:40.2,2455833.8269,60.0,1.15,H,H,,,,usbdrivereplog_J0556-332.csv,,,Data replog,,,J0556-332,True,IR
ir110928.0403,MAXI J0556-332,05:56:43.1,-33:10:52,2011-09-29,07:49:24.4,2455833.826,60.0,1.15,H,H,,,,usbdrivereplog_J0556-332.csv,,,Data replog,,,J0556-332,True,IR
ir110928.0402,MAXI J0556-332,05:56:43.1,-33:10:52,2011-09-29,07:48:09.1,2455833.8251,60.0,1.16,H,H,,,,usbdrivereplog_J0556-332.csv,,,Data replog,,,J0556-332,True,IR
ir110928.0401,MAXI J0556-332,05:56:43.1,-33:10:51,2011-09-29,07:46:53.2,2455833.8242,60.0,1.16,H,H,,,,usbdrivereplog_J0556-332.csv,,,Data replog,,,J0556-332,True,IR
ir110928.0400,MAXI J0556-332,05:56:43.1,-33:10:52,2011-09-29,07:45:37.5,2455833.8234,60.0,1.16,H,H,,,,usbdrivereplog_J0556-332.csv,,,Data replog,,,J0556-332,True,IR
ir110928.0399,MAXI J0556-332,05:56:43.0,-33:10:51,2011-09-29,07:44:21.7,2455833.8225,60.0,1.17,H,H,,,,usbdrivereplog_J0556-332.csv,,,Data replog,,,J0556-332,True,IR
ir110928.0398,MAXI J0556-332,05:56:52.3,-33:09:41,2011-09-29,07:40:56.6,2455833.8201,60.0,1.17,H,H,,,,usbdrivereplog_J0556-332.csv,,,Data replog,,,J0556-332,True,IR
ir110425.0012,MAXI J0556-332,05:56:47.6,-33:10:25,2011-04-25,23:17:44.9,2455677.4707,60.0,1.24,H,H,,,,usbdrivereplog_J0556-332.csv,,,Data replog,,,J0556-332,True,IR
ir110405.0012,MAXI J0556-332,,,2011-04-05,23:32:40.3,2455657.481,60.0,,H,H,,,,usbdrivereplog_J0556-332.csv,,,Data replog,,,J0556-332,True,IR
ir111029.0233,MAXI J0556-332,05:56:46.8,-33:10:20,2011-10-30,07:01:24.3,2455864.7927,60.0,1.03,H,H,,,,usbdrivereplog_J0556-332.csv,,,Data replog,,,J0556-332,True,IR
ir110405.0013,MAXI J0556-332,,,2011-04-05,23:33:57.0,2455657.4819,60.0,,H,H,,,,usbdrivereplog_J0556-332.csv,,,Data replog,,,J0556-332,True,IR
ir111029.0232,MAXI J0556-332,05:56:46.8,-33:10:20,2011-10-30,07:00:08.5,2455864.7918,60.0,1.03,H,H,,,,usbdrivereplog_J0556-332.csv,,,Data replog,,,J0556-332,True,IR
ir111103.0206,MAXI J0556-332,05:56:43.1,-33:10:19,2011-11-04,05:11:05.9,2455869.716,60.0,1.2,H,H,,,,usbdrivereplog_J0556-332.csv,,,Data replog,,,J0556-332,True,IR
ir111103.0205,MAXI J0556-332,05:56:43.1,-33:10:20,2011-11-04,05:09:50.5,2455869.7152,60.0,1.2,H,H,,,,usbdrivereplog_J0556-332.csv,,,Data replog,,,J0556-332,True,IR
ir111103.0204,MAXI J0556-332,05:56:43.0,-33:10:20,2011-11-04,05:08:34.7,2455869.7143,60.0,1.2,H,H,,,,usbdrivereplog_J0556-332.csv,,,Data replog,,,J0556-332,True,IR
ir111103.0203,MAXI J0556-332,05:56:43.0,-33:10:20,2011-11-04,05:07:18.9,2455869.7134,60.0,1.21,H,H,,,,usbdrivereplog_J0556-332.csv,,,Data replog,,,J0556-332,True,IR
ir111103.0202,MAXI J0556-332,05:56:43.0,-33:10:21,2011-11-04,05:06:03.5,2455869.7125,60.0,1.21,H,H,,,,usbdrivereplog_J0556-332.csv,,,Data replog,,,J0556-332,True,IR
ir111103.0201,MAXI J0556-332,05:56:43.0,-33:10:20,2011-11-04,05:04:47.7,2455869.7117,60.0,1.22,H,H,,,,usbdrivereplog_J0556-332.csv,,,Data replog,,,J0556-332,True,IR
ir111103.0200,MAXI J0556-332,05:56:43.0,-33:10:20,2011-11-04,05:03:31.8,2455869.7108,60.0,1.22,H,H,,,,usbdrivereplog_J0556-332.csv,,,Data replog,,,J0556-332,True,IR
ir111103.0199,MAXI J0556-332,05:56:43.0,-33:10:20,2011-11-04,05:02:16.4,2455869.7099,60.0,1.22,H,H,,,,usbdrivereplog_J0556-332.csv,,,Data replog,,,J0556-332,True,IR
ir111207.0222,MAXI J0556-332,05:56:46.3,-33:10:37,2011-12-08,04:40:13.9,2455903.6946,60.0,1.02,H,H,,,,usbdrivereplog_J0556-332.csv,,,Data replog,,,J0556-332,True,IR
ir111207.0221,MAXI J0556-332,05:56:46.3,-33:10:37,2011-12-08,04:38:56.7,2455903.6937,60.0,1.02,H,H,,,,usbdrivereplog_J0556-332.csv,,,Data replog,,,J0556-332,True,IR
ir111207.0220,MAXI J0556-332,05:56:46.3,-33:10:37,2011-12-08,04:37:40.0,2455903.6928,60.0,1.02,H,H,,,,usbdrivereplog_J0556-332.csv,,,Data replog,,,J0556-332,True,IR
ir111207.0219,MAXI J0556-332,05:56:46.3,-33:10:37,2011-12-08,04:36:23.5,2455903.6919,60.0,1.02,H,H,,,,usbdrivereplog_J0556-332.csv,,,Data replog,,,J0556-332,True,IR
ir111207.0218,MAXI J0556-332,05:56:46.3,-33:10:37,2011-12-08,04:35:06.9,2455903.6911,60.0,1.03,H,H,,,,usbdrivereplog_J0556-332.csv,,,Data replog,,,J0556-332,True,IR
ir111207.0217,MAXI J0556-332,05:56:46.3,-33:10:37,2011-12-08,04:33:50.2,2455903.6902,60.0,1.03,H,H,,,,usbdrivereplog_J0556-332.csv,,,Data replog,,,J0556-332,True,IR
ir111207.0216,MAXI J0556-332,05:56:46.3,-33:10:37,2011-12-08,04:32:33.6,2455903.6893,60.0,1.03,H,H,,,,usbdrivereplog_J0556-332.csv,,,Data replog,,,J0556-332,True,IR
ir111207.0215,MAXI J0556-332,05:56:46.3,-33:10:38,2011-12-08,04:31:17.0,2455903.6884,60.0,1.03,H,H,,,,usbdrivereplog_J0556-332.csv,,,Data replog,,,J0556-332,True,IR
ir110405.0019,MAXI J0556-332,,,2011-04-05,23:41:37.6,2455657.4872,60.0,,H,H,,,,usbdrivereplog_J0556-332.csv,,,Data replog,,,J0556-332,True,IR
ir110405.0018,MAXI J0556-332,,,2011-04-05,23:40:20.8,2455657.4863,60.0,,H,H,,,,usbdrivereplog_J0556-332.csv,,,Data replog,,,J0556-332,True,IR
ir110405.0017,MAXI J0556-332,,,2011-04-05,23:39:04.0,2455657.4855,60.0,,H,H,,,,usbdrivereplog_J0556-332.csv,,,Data replog,,,J0556-332,True,IR
ir110405.0016,MAXI J0556-332,,,2011-04-05,23:37:47.2,2455657.4846,60.0,,H,H,,,,usbdrivereplog_J0556-332.csv,,,Data replog,,,J0556-332,True,IR
ir110405.0015,MAXI J0556-332,,,2011-04-05,23:36:30.4,2455657.4837,60.0,,H,H,,,,usbdrivereplog_J0556-332.csv,,,Data replog,,,J0556-332,True,IR
ir110405.0014,MAXI J0556-332,,,2011-04-05,23:35:13.7,2455657.4828,60.0,,H,H,,,,usbdrivereplog_J0556-332.csv,,,Data replog,,,J0556-332,True,IR
ir120114.0155,MAXI J0556-332,05:56:45.0,-33:10:03,2012-01-15,04:01:21.1,2455941.6676,60.0,1.02,H,H,,,,usbdrivereplog_J0556-332.csv,,,Data replog,,,J0556-332,True,IR
ir120114.0156,MAXI J0556-332,05:56:45.0,-33:10:03,2012-01-15,04:02:36.8,2455941.6685,60.0,1.03,H,H,,,,usbdrivereplog_J0556-332.csv,,,Data replog,,,J0556-332,True,IR
ir120102.0182,MAXI J0556-332,05:56:44.7,-33:10:12,2012-01-03,04:17:24.9,2455929.6788,60.0,1.01,H,H,,,,usbdrivereplog_J0556-332.csv,,,Data replog,,,J0556-332,True,IR
ir120102.0181,MAXI J0556-332,05:56:44.7,-33:10:12,2012-01-03,04:16:09.3,2455929.6779,60.0,1.01,H,H,,,,usbdrivereplog_J0556-332.csv,,,Data replog,,,J0556-332,True,IR
ir120117.0127,MAXI J0556-332,05:56:45.4,-33:10:05,2012-01-18,04:05:22.9,2455944.6704,60.0,1.04,H,H,,,,usbdrivereplog_J0556-332.csv,,,Data replog,,,J0556-332,True,IR
irfocus.0218,MAXI J0556-332,05:56:46.3,-33:10:27,2012-01-23,07:32:10.9,2455949.814,60.0,2.16,H,H,,,,usbdrivereplog_J0556-332.csv,,,Data replog,,,J0556-332,True,IR
irfocus.0217,MAXI J0556-332,05:56:46.2,-33:10:26,2012-01-23,07:30:54.9,2455949.8131,60.0,2.15,H,H,,,,usbdrivereplog_J0556-332.csv,,,Data replog,,,J0556-332,True,IR
irfocus.0216,MAXI J0556-332,05:56:46.2,-33:10:26,2012-01-23,07:29:39.4,2455949.8123,60.0,2.13,H,H,,,,usbdrivereplog_J0556-332.csv,,,Data replog,,,J0556-332,True,IR
ir120104.0145,MAXI J0556-332,05:56:44.4,-33:10:31,2012-01-05,03:46:06.1,2455931.657,60.0,1.0,H,H,,,,usbdrivereplog_J0556-332.csv,,,Data replog,,,J0556-332,True,IR
ir120104.0144,MAXI J0556-332,05:56:44.4,-33:10:31,2012-01-05,03:44:50.2,2455931.6561,60.0,1.0,H,H,,,,usbdrivereplog_J0556-332.csv,,,Data replog,,,J0556-332,True,IR
ir120104.0143,MAXI J0556-332,05:56:44.3,-33:10:31,2012-01-05,03:43:34.4,2455931.6553,60.0,1.0,H,H,,,,usbdrivereplog_J0556-332.csv,,,Data replog,,,J0556-332,True,IR
ir120104.0142,MAXI J0556-332,05:56:44.3,-33:10:31,2012-01-05,03:42:18.4,2455931.6544,60.0,1.0,H,H,,,,usbdrivereplog_J0556-332.csv,,,Data replog,,,J0556-332,True,IR
ir120104.0141,MAXI J0556-332,05:56:44.3,-33:10:31,2012-01-05,03:41:02.5,2455931.6535,60.0,1.0,H,H,,,,usbdrivereplog_J0556-332.csv,,,Data replog,,,J0556-332,True,IR
ir120104.0140,MAXI J0556-332,05:56:44.2,-33:10:31,2012-01-05,03:39:46.4,2455931.6526,60.0,1.0,H,H,,,,usbdrivereplog_J0556-332.csv,,,Data replog,,,J0556-332,True,IR
ir120104.0139,MAXI J0556-332,05:56:44.2,-33:10:31,2012-01-05,03:38:30.4,2455931.6517,60.0,1.0,H,H,,,,usbdrivereplog_J0556-332.csv,,,Data replog,,,J0556-332,True,IR
ir120104.0138,MAXI J0556-332,05:56:44.3,-33:10:32,2012-01-05,03:37:14.6,2455931.6509,60.0,1.0,H,H,,,,usbdrivereplog_J0556-332.csv,,,Data replog,,,J0556-332,True,IR
ir120117.0126,MAXI J0556-332,05:56:45.4,-33:10:05,2012-01-18,04:04:07.1,2455944.6695,60.0,1.04,H,H,,,,usbdrivereplog_J0556-332.csv,,,Data replog,,,J0556-332,True,IR
ir120117.0125,MAXI J0556-332,05:56:45.4,-33:10:05,2012-01-18,04:02:51.2,2455944.6686,60.0,1.04,H,H,,,,usbdrivereplog_J0556-332.csv,,,Data replog,,,J0556-332,True,IR
ir120117.0124,MAXI J0556-332,05:56:45.3,-33:10:05,2012-01-18,04:01:35.4,2455944.6678,60.0,1.04,H,H,,,,usbdrivereplog_J0556-332.csv,,,Data replog,,,J0556-332,True,IR
ir120117.0123,MAXI J0556-332,05:56:45.3,-33:10:05,2012-01-18,04:00:19.5,2455944.6669,60.0,1.03,H,H,,,,usbdrivereplog_J0556-332.csv,,,Data replog,,,J0556-332,True,IR
ir120117.0122,MAXI J0556-332,05:56:45.2,-33:10:05,2012-01-18,03:59:03.6,2455944.666,60.0,1.03,H,H,,,,usbdrivereplog_J0556-332.csv,,,Data replog,,,J0556-332,True,IR
ir120117.0121,MAXI J0556-332,05:56:45.2,-33:10:06,2012-01-18,03:57:47.7,2455944.6651,60.0,1.03,H,H,,,,usbdrivereplog_J0556-332.csv,,,Data replog,,,J0556-332,True,IR
ir120117.0120,MAXI J0556-332,05:56:45.1,-33:10:05,2012-01-18,03:56:31.9,2455944.6642,60.0,1.03,H,H,,,,usbdrivereplog_J0556-332.csv,,,Data replog,,,J0556-332,True,IR
ir120113.0026,MAXI J0556-332,05:56:46.4,-33:10:16,2012-01-14,03:14:15.6,2455940.6349,60.0,1.0,H,H,,,,usbdrivereplog_J0556-332.csv,,,Data replog,,,J0556-332,True,IR
ir120113.0025,MAXI J0556-332,05:56:46.4,-33:10:16,2012-01-14,03:12:59.5,2455940.634,60.0,1.0,H,H,,,,usbdrivereplog_J0556-332.csv,,,Data replog,,,J0556-332,True,IR
ir120113.0024,MAXI J0556-332,05:56:46.3,-33:10:16,2012-01-14,03:11:43.5,2455940.6332,60.0,1.0,H,H,,,,usbdrivereplog_J0556-332.csv,,,Data replog,,,J0556-332,True,IR
ir120113.0023,MAXI J0556-332,05:56:46.3,-33:10:16,2012-01-14,03:10:27.5,2455940.6323,60.0,1.0,H,H,,,,usbdrivereplog_J0556-332.csv,,,Data replog,,,J0556-332,True,IR
ir120113.0022,MAXI J0556-332,05:56:46.2,-33:10:16,2012-01-14,03:09:11.6,2455940.6314,60.0,1.0,H,H,,,,usbdrivereplog_J0556-332.csv,,,Data replog,,,J0556-332,True,IR
irfocus.0219,MAXI J0556-332,05:56:46.4,-33:10:28,2012-01-23,07:33:26.8,2455949.8149,60.0,2.18,H,H,,,,usbdrivereplog_J0556-332.csv,,,Data replog,,,J0556-332,True,IR
irfocus.0220,MAXI J0556-332,05:56:50.8,-33:10:28,2012-01-23,07:34:42.7,2455949.8158,60.0,2.2,H,H,,,,usbdrivereplog_J0556-332.csv,,,Data replog,,,J0556-332,True,IR
irfocus.0221,MAXI J0556-332,05:58:07.0,-33:10:26,2012-01-23,07:35:58.7,2455949.8167,60.0,2.2,H,H,,,,usbdrivereplog_J0556-332.csv,,,Data replog,,,J0556-332,True,IR
irfocus.0222,MAXI J0556-332,05:59:23.2,-33:10:25,2012-01-23,07:37:14.6,2455949.8175,60.0,2.2,H,H,,,,usbdrivereplog_J0556-332.csv,,,Data replog,,,J0556-332,True,IR
ir120102.0180,MAXI J0556-332,05:56:44.7,-33:10:13,2012-01-03,04:14:53.2,2455929.677,60.0,1.01,H,H,,,,usbdrivereplog_J0556-332.csv,,,Data replog,,,J0556-332,True,IR
ir120102.0179,MAXI J0556-332,05:56:44.7,-33:10:13,2012-01-03,04:13:37.3,2455929.6761,60.0,1.0,H,H,,,,usbdrivereplog_J0556-332.csv,,,Data replog,,,J0556-332,True,IR
ir120102.0178,MAXI J0556-332,05:56:44.8,-33:10:13,2012-01-03,04:12:21.4,2455929.6752,60.0,1.0,H,H,,,,usbdrivereplog_J0556-332.csv,,,Data replog,,,J0556-332,True,IR
ir120102.0177,MAXI J0556-332,05:56:44.8,-33:10:13,2012-01-03,04:11:05.3,2455929.6744,60.0,1.0,H,H,,,,usbdrivereplog_J0556-332.csv,,,Data replog,,,J0556-332,True,IR
ir120102.0176,MAXI J0556-332,05:56:44.8,-33:10:14,2012-01-03,04:09:49.4,2455929.6735,60.0,1.0,H,H,,,,usbdrivereplog_J0556-332.csv,,,Data replog,,,J0556-332,True,IR
ir120102.0175,MAXI J0556-332,05:56:44.8,-33:10:14,2012-01-03,04:08:33.6,2455929.6726,60.0,1.0,H,H,,,,usbdrivereplog_J0556-332.csv,,,Data replog,,,J0556-332,True,IR
ir120103.0186,MAXI J0556-332,05:56:45.7,-33:10:18,2012-01-04,04:24:58.5,2455930.684,60.0,1.01,H,H,,,,usbdrivereplog_J0556-332.csv,,,Data replog,,,J0556-332,True,IR
ir120103.0185,MAXI J0556-332,05:56:45.8,-33:10:18,2012-01-04,04:23:42.7,2455930.6831,60.0,1.01,H,H,,,,usbdrivereplog_J0556-332.csv,,,Data replog,,,J0556-332,True,IR
ir120103.0184,MAXI J0556-332,05:56:45.8,-33:10:18,2012-01-04,04:22:26.7,2455930.6823,60.0,1.01,H,H,,,,usbdrivereplog_J0556-332.csv,,,Data replog,,,J0556-332,True,IR
ir120103.0183,MAXI J0556-332,05:56:45.7,-33:10:18,2012-01-04,04:21:10.9,2455930.6814,60.0,1.01,H,H,,,,usbdrivereplog_J0556-332.csv,,,Data replog,,,J0556-332,True,IR
ir120103.0182,MAXI J0556-332,05:56:45.8,-33:10:19,2012-01-04,04:19:55.1,2455930.6805,60.0,1.01,H,H,,,,usbdrivereplog_J0556-332.csv,,,Data replog,,,J0556-332,True,IR
ir120103.0181,MAXI J0556-332,05:56:45.8,-33:10:19,2012-01-04,04:18:39.2,2455930.6796,60.0,1.01,H,H,,,,usbdrivereplog_J0556-332.csv,,,Data replog,,,J0556-332,True,IR
ir120103.0180,MAXI J0556-332,05:56:45.8,-33:10:18,2012-01-04,04:17:23.3,2455930.6787,60.0,1.01,H,H,,,,usbdrivereplog_J0556-332.csv,,,Data replog,,,J0556-332,True,IR
ir120103.0179,MAXI J0556-332,05:56:45.8,-33:10:19,2012-01-04,04:16:07.4,2455930.6779,60.0,1.01,H,H,,,,usbdrivereplog_J0556-332.csv,,,Data replog,,,J0556-332,True,IR
ir120116.0133,MAXI J0556-332,05:56:46.6,-33:10:33,2012-01-17,03:22:16.2,2455943.6405,60.0,1.01,H,H,,,,usbdrivereplog_J0556-332.csv,,,Data replog,,,J0556-332,True,IR
ir120116.0132,MAXI J0556-332,05:56:46.6,-33:10:34,2012-01-17,03:21:00.4,2455943.6396,60.0,1.01,H,H,,,,usbdrivereplog_J0556-332.csv,,,Data replog,,,J0556-332,True,IR
ir120116.0131,MAXI J0556-332,05:56:46.5,-33:10:34,2012-01-17,03:19:44.5,2455943.6387,60.0,1.01,H,H,,,,usbdrivereplog_J0556-332.csv,,,Data replog,,,J0556-332,True,IR
ir120116.0130,MAXI J0556-332,05:56:46.5,-33:10:34,2012-01-17,03:18:28.7,2455943.6378,60.0,1.0,H,H,,,,usbdrivereplog_J0556-332.csv,,,Data replog,,,J0556-332,True,IR
ir120116.0129,MAXI J0556-332,05:56:46.6,-33:10:34,2012-01-17,03:17:12.8,2455943.637,60.0,1.0,H,H,,,,usbdrivereplog_J0556-332.csv,,,Data replog,,,J0556-332,True,IR
ir120116.0128,MAXI J0556-332,05:56:46.6,-33:10:35,2012-01-17,03:15:56.9,2455943.6361,60.0,1.0,H,H,,,,usbdrivereplog_J0556-332.csv,,,Data replog,,,J0556-332,True,IR
ir120116.0127,MAXI J0556-332,05:56:46.6,-33:10:36,2012-01-17,03:14:41.0,2455943.6352,60.0,1.0,H,H,,,,usbdrivereplog_J0556-332.csv,,,Data replog,,,J0556-332,True,IR
ir120116.0126,MAXI J0556-332,05:56:46.6,-33:10:36,2012-01-17,03:13:25.2,2455943.6343,60.0,1.0,H,H,,,,usbdrivereplog_J0556-332.csv,,,Data replog,,,J0556-332,True,IR
irfocus.0223,MAXI J0556-332,06:00:39.0,-33:10:24,2012-01-23,07:38:30.4,2455949.8184,60.0,2.2,H,H,,,,usbdrivereplog_J0556-332.csv,,,Data replog,,,J0556-332,True,IR
ir120113.0021,MAXI J0556-332,05:56:46.2,-33:10:16,2012-01-14,03:07:55.5,2455940.6305,60.0,1.0,H,H,,,,usbdrivereplog_J0556-332.csv,,,Data replog,,,J0556-332,True,IR
ir120113.0020,MAXI J0556-332,05:56:46.1,-33:10:17,2012-01-14,03:06:39.4,2455940.6296,60.0,1.0,H,H,,,,usbdrivereplog_J0556-332.csv,,,Data replog,,,J0556-332,True,IR
ir120113.0019,MAXI J0556-332,05:56:46.1,-33:10:17,2012-01-14,03:05:23.5,2455940.6288,60.0,1.0,H,H,,,,usbdrivereplog_J0556-332.csv,,,Data replog,,,J0556-332,True,IR
ir120201.0107,MAXI J0556-332,05:56:45.4,-33:10:11,2012-02-02,03:10:39.2,2455959.6324,60.0,1.04,H,H,,,,usbdrivereplog_J0556-332.csv,,,Data replog,,,J0556-332,True,IR
ir120201.0106,MAXI J0556-332,05:56:45.3,-33:10:11,2012-02-02,03:09:23.6,2455959.6315,60.0,1.04,H,H,,,,usbdrivereplog_J0556-332.csv,,,Data replog,,,J0556-332,True,IR
ir120201.0105,MAXI J0556-332,05:56:45.3,-33:10:11,2012-02-02,03:08:07.8,2455959.6306,60.0,1.04,H,H,,,,usbdrivereplog_J0556-332.csv,,,Data replog,,,J0556-332,True,IR
ir120201.0104,MAXI J0556-332,05:56:45.3,-33:10:11,2012-02-02,03:06:51.9,2455959.6298,60.0,1.04,H,H,,,,usbdrivereplog_J0556-332.csv,,,Data replog,,,J0556-332,True,IR
ir120201.0103,MAXI J0556-332,05:56:45.2,-33:10:12,2012-02-02,03:05:36.0,2455959.6289,60.0,1.04,H,H,,,,usbdrivereplog_J0556-332.csv,,,Data replog,,,J0556-332,True,IR
ir120201.0102,MAXI J0556-332,05:56:45.2,-33:10:12,2012-02-02,03:04:20.1,2455959.628,60.0,1.04,H,H,,,,usbdrivereplog_J0556-332.csv,,,Data replog,,,J0556-332,True,IR
ir120201.0101,MAXI J0556-332,05:56:45.3,-33:10:12,2012-02-02,03:03:04.3,2455959.6271,60.0,1.04,H,H,,,,usbdrivereplog_J0556-332.csv,,,Data replog,,,J0556-332,True,IR
ir120201.0100,MAXI J0556-332,05:56:45.3,-33:10:12,2012-02-02,03:01:48.7,2455959.6263,60.0,1.03,H,H,,,,usbdrivereplog_J0556-332.csv,,,Data replog,,,J0556-332,True,IR
