filename,OBJECT,RA,DEC,DATE-OBS,TIME-OBS,JD,EXPTIME,SECZ,CCDFLTID,IRFLTID,TILT1,TILT2,TILT3,log name,Location,prop name help,Physical loc,OWNER,full path,proper name,xrb,source
rccd070702.0046.fits,4u 1636-536,16:40:55.47,-53:45:04.8,2007-07-03,03:29:27.797,2454284.64546,300.0,1.11,I,J,1210.0,1868.0,2020.0,other/LOG_temp_archive_2_2.csv,miniarchive,temp_archive_2_2,Disk,YALE-03A-0001,,4U1636-536,True,optical
rccd070702.0047.fits,4u 1636-536,16:40:55.56,-53:44:54.1,2007-07-03,03:35:22.179,2454284.64956,300.0,1.11,V,J,1210.0,1868.0,2020.0,other/LOG_temp_archive_2_2.csv,miniarchive,temp_archive_2_2,Disk,YALE-03A-0001,,4U1636-536,True,optical
rccd150917.0006.fits,4U1636-53,16:40:55.59,-53:45:04.5,2015-09-18,00:09:04.211,2457283.5063,290.0,1.23,R,J,1040,1590,1960,usbdrivescrapelog_4U1636-536.csv,/USB3/archive/20150901ThruEnd/20150917/ccd/processed/rccd150917.0006.fits,,Data scrape,CHILE-15B-0081,/USB3/archive/20150901ThruEnd/20150917/ccd/processed/rccd150917.0006.fits,4U1636-536,True,optical
rccd150905.0001.fits,4U1636-53,16:40:55.54,-53:45:04.9,2015-09-05,23:26:48.141,2457271.47694,290.0,1.11,R,J,1040,1590,1960,usbdrivescrapelog_4U1636-536.csv,/USB3/archive/20150901ThruEnd/20150905/ccd/processed/rccd150905.0001.fits,,Data scrape,CHILE-15B-0081,/USB3/archive/20150901ThruEnd/20150905/ccd/processed/rccd150905.0001.fits,4U1636-536,True,optical
rccd150905.0015.fits,4U1636-53,16:40:55.58,-53:45:04.2,2015-09-06,00:24:26.492,2457271.51697,290.0,1.18,R,J,1040,1590,1960,usbdrivescrapelog_4U1636-536.csv,/USB3/archive/20150901ThruEnd/20150905/ccd/processed/rccd150905.0015.fits,,Data scrape,CHILE-15B-0081,/USB3/archive/20150901ThruEnd/20150905/ccd/processed/rccd150905.0015.fits,4U1636-536,True,optical
rccd150905.0011.fits,4U1636-53,16:40:55.48,-53:45:05.2,2015-09-06,00:02:08.645,2457271.50149,290.0,1.15,R,J,1040,1590,1960,usbdrivescrapelog_4U1636-536.csv,/USB3/archive/20150901ThruEnd/20150905/ccd/processed/rccd150905.0011.fits,,Data scrape,CHILE-15B-0081,/USB3/archive/20150901ThruEnd/20150905/ccd/processed/rccd150905.0011.fits,4U1636-536,True,optical
rccd150920.0030.fits,4U1636-53,16:40:55.56,-53:45:04.9,2015-09-21,01:13:14.559,2457286.55086,290.0,1.45,R,J,1040,1590,1960,usbdrivescrapelog_4U1636-536.csv,/USB3/archive/20150901ThruEnd/20150920/ccd/processed/rccd150920.0030.fits,,Data scrape,CHILE-15B-0081,/USB3/archive/20150901ThruEnd/20150920/ccd/processed/rccd150920.0030.fits,4U1636-536,True,optical
rccd150825.0053.fits,4U1636-53,16:40:55.57,-53:45:05.3,2015-08-26,02:30:41.024,2457260.60464,290.0,1.37,R,J,1040,1550,2000,usbdrivescrapelog_4U1636-536.csv,/USB3/archive/20150801ThruEnd/20150825/ccd/processed/rccd150825.0053.fits,,Data scrape,CHILE-15B-0081,/USB3/archive/20150801ThruEnd/20150825/ccd/processed/rccd150825.0053.fits,4U1636-536,True,optical
binir150905.0035.fits,4U1636-53,16:40:55.38,-53:45:06.2,2015-09-06,00:05:48.520,2457271.50403,20.05,1.15,R,J,1000,1630,1960,usbdrivescrapelog_4U1636-536.csv,/USB3/archive/20150901ThruEnd/20150905/ir/binir150905.0035.fits,,Data scrape,CHILE-15B-0081,/USB3/archive/20150901ThruEnd/20150905/ir/binir150905.0035.fits,4U1636-536,True,IR
binir150905.0031.fits,4U1636-53,16:40:55.37,-53:45:05.5,2015-09-06,00:03:19.908,2457271.50231,20.04,1.15,R,J,1000,1590,2000,usbdrivescrapelog_4U1636-536.csv,/USB3/archive/20150901ThruEnd/20150905/ir/binir150905.0031.fits,,Data scrape,CHILE-15B-0081,/USB3/archive/20150901ThruEnd/20150905/ir/binir150905.0031.fits,4U1636-536,True,IR
binir150905.0032.fits,4U1636-53,16:40:55.41,-53:45:05.6,2015-09-06,00:03:57.161,2457271.50274,20.0,1.15,R,J,1080,1550,1960,usbdrivescrapelog_4U1636-536.csv,/USB3/archive/20150901ThruEnd/20150905/ir/binir150905.0032.fits,,Data scrape,CHILE-15B-0081,/USB3/archive/20150901ThruEnd/20150905/ir/binir150905.0032.fits,4U1636-536,True,IR
binir150905.0003.fits,4U1636-53,16:40:55.56,-53:45:04.6,2015-09-05,23:27:59.413,2457271.47777,20.05,1.11,R,J,1000,1590,2000,usbdrivescrapelog_4U1636-536.csv,/USB3/archive/20150901ThruEnd/20150905/ir/binir150905.0003.fits,,Data scrape,CHILE-15B-0081,/USB3/archive/20150901ThruEnd/20150905/ir/binir150905.0003.fits,4U1636-536,True,IR
binir150905.0053.fits,4U1636-53,16:40:55.60,-53:45:03.5,2015-09-06,00:28:06.216,2457271.51951,20.05,1.18,R,J,1000,1630,1960,usbdrivescrapelog_4U1636-536.csv,/USB3/archive/20150901ThruEnd/20150905/ir/binir150905.0053.fits,,Data scrape,CHILE-15B-0081,/USB3/archive/20150901ThruEnd/20150905/ir/binir150905.0053.fits,4U1636-536,True,IR
binir150905.0001.fits,4U1636-53,16:40:55.58,-53:45:04.9,2015-09-05,23:26:45.251,2457271.47691,20.0,1.11,R,J,1040,1590,1960,usbdrivescrapelog_4U1636-536.csv,/USB3/archive/20150901ThruEnd/20150905/ir/binir150905.0001.fits,,Data scrape,CHILE-15B-0081,/USB3/archive/20150901ThruEnd/20150905/ir/binir150905.0001.fits,4U1636-536,True,IR
binir150905.0007.fits,4U1636-53,16:40:55.60,-53:45:04.7,2015-09-05,23:30:27.776,2457271.47948,20.05,1.11,R,J,1000,1630,1960,usbdrivescrapelog_4U1636-536.csv,/USB3/archive/20150901ThruEnd/20150905/ir/binir150905.0007.fits,,Data scrape,CHILE-15B-0081,/USB3/archive/20150901ThruEnd/20150905/ir/binir150905.0007.fits,4U1636-536,True,IR
binir150905.0052.fits,4U1636-53,16:40:55.60,-53:45:03.6,2015-09-06,00:27:29.012,2457271.51908,20.05,1.18,R,J,1080,1590,1920,usbdrivescrapelog_4U1636-536.csv,/USB3/archive/20150901ThruEnd/20150905/ir/binir150905.0052.fits,,Data scrape,CHILE-15B-0081,/USB3/archive/20150901ThruEnd/20150905/ir/binir150905.0052.fits,4U1636-536,True,IR
binir150905.0034.fits,4U1636-53,16:40:55.39,-53:45:06.1,2015-09-06,00:05:11.497,2457271.5036,20.05,1.15,R,J,1080,1590,1920,usbdrivescrapelog_4U1636-536.csv,/USB3/archive/20150901ThruEnd/20150905/ir/binir150905.0034.fits,,Data scrape,CHILE-15B-0081,/USB3/archive/20150901ThruEnd/20150905/ir/binir150905.0034.fits,4U1636-536,True,IR
binir150905.0049.fits,4U1636-53,16:40:55.57,-53:45:03.9,2015-09-06,00:25:37.642,2457271.51779,20.05,1.18,R,J,1000,1590,2000,usbdrivescrapelog_4U1636-536.csv,/USB3/archive/20150901ThruEnd/20150905/ir/binir150905.0049.fits,,Data scrape,CHILE-15B-0081,/USB3/archive/20150901ThruEnd/20150905/ir/binir150905.0049.fits,4U1636-536,True,IR
binir150905.0050.fits,4U1636-53,16:40:55.64,-53:45:03.9,2015-09-06,00:26:14.948,2457271.51822,20.04,1.18,R,J,1080,1550,1960,usbdrivescrapelog_4U1636-536.csv,/USB3/archive/20150901ThruEnd/20150905/ir/binir150905.0050.fits,,Data scrape,CHILE-15B-0081,/USB3/archive/20150901ThruEnd/20150905/ir/binir150905.0050.fits,4U1636-536,True,IR
binir150905.0033.fits,4U1636-53,16:40:55.37,-53:45:05.7,2015-09-06,00:04:34.416,2457271.50317,20.05,1.15,R,J,1040,1550,2000,usbdrivescrapelog_4U1636-536.csv,/USB3/archive/20150901ThruEnd/20150905/ir/binir150905.0033.fits,,Data scrape,CHILE-15B-0081,/USB3/archive/20150901ThruEnd/20150905/ir/binir150905.0033.fits,4U1636-536,True,IR
binir150905.0054.fits,4U1636-53,16:40:55.56,-53:45:03.3,2015-09-06,00:28:43.101,2457271.51994,20.05,1.18,R,J,1040,1590,1960,usbdrivescrapelog_4U1636-536.csv,/USB3/archive/20150901ThruEnd/20150905/ir/binir150905.0054.fits,,Data scrape,CHILE-15B-0081,/USB3/archive/20150901ThruEnd/20150905/ir/binir150905.0054.fits,4U1636-536,True,IR
binir150905.0048.fits,4U1636-53,16:40:55.61,-53:45:04.0,2015-09-06,00:25:00.464,2457271.51736,20.04,1.18,R,J,1040,1630,1920,usbdrivescrapelog_4U1636-536.csv,/USB3/archive/20150901ThruEnd/20150905/ir/binir150905.0048.fits,,Data scrape,CHILE-15B-0081,/USB3/archive/20150901ThruEnd/20150905/ir/binir150905.0048.fits,4U1636-536,True,IR
binir150905.0036.fits,4U1636-53,16:40:55.40,-53:45:06.5,2015-09-06,00:06:25.468,2457271.50446,20.05,1.15,R,J,1040,1590,1960,usbdrivescrapelog_4U1636-536.csv,/USB3/archive/20150901ThruEnd/20150905/ir/binir150905.0036.fits,,Data scrape,CHILE-15B-0081,/USB3/archive/20150901ThruEnd/20150905/ir/binir150905.0036.fits,4U1636-536,True,IR
binir150905.0030.fits,4U1636-53,16:40:55.44,-53:45:05.4,2015-09-06,00:02:42.665,2457271.50188,20.05,1.15,R,J,1040,1630,1920,usbdrivescrapelog_4U1636-536.csv,/USB3/archive/20150901ThruEnd/20150905/ir/binir150905.0030.fits,,Data scrape,CHILE-15B-0081,/USB3/archive/20150901ThruEnd/20150905/ir/binir150905.0030.fits,4U1636-536,True,IR
binir150905.0006.fits,4U1636-53,16:40:55.57,-53:45:04.8,2015-09-05,23:29:50.927,2457271.47906,20.05,1.11,R,J,1080,1590,1920,usbdrivescrapelog_4U1636-536.csv,/USB3/archive/20150901ThruEnd/20150905/ir/binir150905.0006.fits,,Data scrape,CHILE-15B-0081,/USB3/archive/20150901ThruEnd/20150905/ir/binir150905.0006.fits,4U1636-536,True,IR
binir150905.0047.fits,4U1636-53,16:40:55.59,-53:45:04.1,2015-09-06,00:24:23.476,2457271.51694,20.05,1.18,R,J,1040,1590,1960,usbdrivescrapelog_4U1636-536.csv,/USB3/archive/20150901ThruEnd/20150905/ir/copies/binir150905.0047.fits,,Data scrape,CHILE-15B-0081,/USB3/archive/20150901ThruEnd/20150905/ir/copies/binir150905.0047.fits,4U1636-536,True,IR
binir150905.0051.fits,4U1636-53,16:40:55.59,-53:45:03.7,2015-09-06,00:26:51.796,2457271.51865,20.05,1.18,R,J,1040,1550,2000,usbdrivescrapelog_4U1636-536.csv,/USB3/archive/20150901ThruEnd/20150905/ir/copies/binir150905.0051.fits,,Data scrape,CHILE-15B-0081,/USB3/archive/20150901ThruEnd/20150905/ir/copies/binir150905.0051.fits,4U1636-536,True,IR
binir150905.0002.fits,4U1636-53,16:40:55.50,-53:45:04.7,2015-09-05,23:27:22.015,2457271.47734,20.0,1.11,R,J,1040,1630,1920,usbdrivescrapelog_4U1636-536.csv,/USB3/archive/20150901ThruEnd/20150905/ir/copies/binir150905.0002.fits,,Data scrape,CHILE-15B-0081,/USB3/archive/20150901ThruEnd/20150905/ir/copies/binir150905.0002.fits,4U1636-536,True,IR
binir150905.0029.fits,4U1636-53,16:40:55.48,-53:45:05.1,2015-09-06,00:02:05.502,2457271.50145,20.05,1.15,R,J,1040,1590,1960,usbdrivescrapelog_4U1636-536.csv,/USB3/archive/20150901ThruEnd/20150905/ir/copies/binir150905.0029.fits,,Data scrape,CHILE-15B-0081,/USB3/archive/20150901ThruEnd/20150905/ir/copies/binir150905.0029.fits,4U1636-536,True,IR
binir150905.0005.fits,4U1636-53,16:40:55.58,-53:45:04.6,2015-09-05,23:29:13.372,2457271.47862,20.05,1.11,R,J,1040,1550,2000,usbdrivescrapelog_4U1636-536.csv,/USB3/archive/20150901ThruEnd/20150905/ir/copies/binir150905.0005.fits,,Data scrape,CHILE-15B-0081,/USB3/archive/20150901ThruEnd/20150905/ir/copies/binir150905.0005.fits,4U1636-536,True,IR
binir150905.0008.fits,4U1636-53,16:40:55.62,-53:45:04.2,2015-09-05,23:31:04.500,2457271.47991,20.05,1.12,R,J,1040,1590,1960,usbdrivescrapelog_4U1636-536.csv,/USB3/archive/20150901ThruEnd/20150905/ir/copies/binir150905.0008.fits,,Data scrape,CHILE-15B-0081,/USB3/archive/20150901ThruEnd/20150905/ir/copies/binir150905.0008.fits,4U1636-536,True,IR
binir150905.0004.fits,4U1636-53,16:40:55.52,-53:45:04.1,2015-09-05,23:28:36.569,2457271.4782,20.04,1.11,R,J,1080,1550,1960,usbdrivescrapelog_4U1636-536.csv,/USB3/archive/20150901ThruEnd/20150905/ir/copies/binir150905.0004.fits,,Data scrape,CHILE-15B-0081,/USB3/archive/20150901ThruEnd/20150905/ir/copies/binir150905.0004.fits,4U1636-536,True,IR
binir150917.0025.fits,4U1636-53,16:40:55.55,-53:45:05.4,2015-09-18,00:13:30.038,2457283.50938,20.04,1.24,R,J,1040,1590,1960,usbdrivescrapelog_4U1636-536.csv,/USB3/archive/20150901ThruEnd/20150917/ir/binir150917.0025.fits,,Data scrape,CHILE-15B-0081,/USB3/archive/20150901ThruEnd/20150917/ir/binir150917.0025.fits,4U1636-536,True,IR
binir150917.0021.fits,4U1636-53,16:40:55.55,-53:45:05.2,2015-09-18,00:10:51.775,2457283.50754,20.04,1.24,R,J,1080,1550,1960,usbdrivescrapelog_4U1636-536.csv,/USB3/archive/20150901ThruEnd/20150917/ir/binir150917.0021.fits,,Data scrape,CHILE-15B-0081,/USB3/archive/20150901ThruEnd/20150917/ir/binir150917.0021.fits,4U1636-536,True,IR
binir150917.0022.fits,4U1636-53,16:40:55.54,-53:45:05.3,2015-09-18,00:11:28.675,2457283.50797,20.05,1.24,R,J,1040,1550,2000,usbdrivescrapelog_4U1636-536.csv,/USB3/archive/20150901ThruEnd/20150917/ir/binir150917.0022.fits,,Data scrape,CHILE-15B-0081,/USB3/archive/20150901ThruEnd/20150917/ir/binir150917.0022.fits,4U1636-536,True,IR
binir150917.0020.fits,4U1636-53,16:40:55.57,-53:45:04.9,2015-09-18,00:10:14.652,2457283.50711,20.04,1.24,R,J,1000,1590,2000,usbdrivescrapelog_4U1636-536.csv,/USB3/archive/20150901ThruEnd/20150917/ir/binir150917.0020.fits,,Data scrape,CHILE-15B-0081,/USB3/archive/20150901ThruEnd/20150917/ir/binir150917.0020.fits,4U1636-536,True,IR
binir150917.0018.fits,4U1636-53,16:40:55.54,-53:45:04.9,2015-09-18,00:09:00.670,2457283.50626,20.05,1.23,R,J,1040,1590,1960,usbdrivescrapelog_4U1636-536.csv,/USB3/archive/20150901ThruEnd/20150917/ir/binir150917.0018.fits,,Data scrape,CHILE-15B-0081,/USB3/archive/20150901ThruEnd/20150917/ir/binir150917.0018.fits,4U1636-536,True,IR
binir150917.0023.fits,4U1636-53,16:40:55.53,-53:45:05.5,2015-09-18,00:12:06.232,2457283.50841,20.0,1.24,R,J,1080,1590,1920,usbdrivescrapelog_4U1636-536.csv,/USB3/archive/20150901ThruEnd/20150917/ir/binir150917.0023.fits,,Data scrape,CHILE-15B-0081,/USB3/archive/20150901ThruEnd/20150917/ir/binir150917.0023.fits,4U1636-536,True,IR
binir150917.0019.fits,4U1636-53,16:40:55.58,-53:45:04.8,2015-09-18,00:09:37.560,2457283.50669,20.05,1.23,R,J,1040,1630,1920,usbdrivescrapelog_4U1636-536.csv,/USB3/archive/20150901ThruEnd/20150917/ir/binir150917.0019.fits,,Data scrape,CHILE-15B-0081,/USB3/archive/20150901ThruEnd/20150917/ir/binir150917.0019.fits,4U1636-536,True,IR
binir150917.0024.fits,4U1636-53,16:40:55.53,-53:45:05.5,2015-09-18,00:12:06.232,2457283.50841,20.05,1.24,R,J,1000,1630,1960,usbdrivescrapelog_4U1636-536.csv,/USB3/archive/20150901ThruEnd/20150917/ir/binir150917.0024.fits,,Data scrape,CHILE-15B-0081,/USB3/archive/20150901ThruEnd/20150917/ir/binir150917.0024.fits,4U1636-536,True,IR
binir150920.0098.fits,4U1636-53,16:40:55.53,-53:45:04.0,2015-09-21,01:16:53.966,2457286.5534,20.05,1.47,R,J,1000,1630,1960,usbdrivescrapelog_4U1636-536.csv,/USB3/archive/20150901ThruEnd/20150920/ir/binir150920.0098.fits,,Data scrape,CHILE-15B-0081,/USB3/archive/20150901ThruEnd/20150920/ir/binir150920.0098.fits,4U1636-536,True,IR
binir150825.0151.fits,4U1636-53,16:40:55.55,-53:45:05.2,2015-08-26,02:30:38.133,2457260.60461,20.05,1.37,R,J,1040,1550,2000,usbdrivescrapelog_4U1636-536.csv,/USB3/archive/20150801ThruEnd/20150825/ir/binir150825.0151.fits,,Data scrape,CHILE-15B-0081,/USB3/archive/20150801ThruEnd/20150825/ir/binir150825.0151.fits,4U1636-536,True,IR
binir150825.0158.fits,4U1636-53,16:40:55.48,-53:45:04.5,2015-08-26,02:34:55.338,2457260.60759,20.04,1.38,R,J,1040,1550,2000,usbdrivescrapelog_4U1636-536.csv,/USB3/archive/20150801ThruEnd/20150825/ir/binir150825.0158.fits,,Data scrape,CHILE-15B-0081,/USB3/archive/20150801ThruEnd/20150825/ir/binir150825.0158.fits,4U1636-536,True,IR
binir150825.0156.fits,4U1636-53,16:40:55.53,-53:45:04.5,2015-08-26,02:33:41.826,2457260.60674,20.04,1.38,R,J,1080,1550,1960,usbdrivescrapelog_4U1636-536.csv,/USB3/archive/20150801ThruEnd/20150825/ir/binir150825.0156.fits,,Data scrape,CHILE-15B-0081,/USB3/archive/20150801ThruEnd/20150825/ir/binir150825.0156.fits,4U1636-536,True,IR
binir150920.0099.fits,4U1636-53,16:40:55.49,-53:45:04.0,2015-09-21,01:17:30.822,2457286.55383,20.04,1.47,R,J,1040,1590,1960,usbdrivescrapelog_4U1636-536.csv,/USB3/archive/20150901ThruEnd/20150920/ir/binir150920.0099.fits,,Data scrape,CHILE-15B-0081,/USB3/archive/20150901ThruEnd/20150920/ir/binir150920.0099.fits,4U1636-536,True,IR
binir150920.0095.fits,4U1636-53,16:40:55.57,-53:45:04.5,2015-09-21,01:15:03.003,2457286.55212,20.05,1.46,R,J,1080,1550,1960,usbdrivescrapelog_4U1636-536.csv,/USB3/archive/20150901ThruEnd/20150920/ir/binir150920.0095.fits,,Data scrape,CHILE-15B-0081,/USB3/archive/20150901ThruEnd/20150920/ir/binir150920.0095.fits,4U1636-536,True,IR
binir150920.0094.fits,4U1636-53,16:40:55.53,-53:45:04.5,2015-09-21,01:14:25.882,2457286.55169,20.05,1.46,R,J,1000,1590,2000,usbdrivescrapelog_4U1636-536.csv,/USB3/archive/20150901ThruEnd/20150920/ir/binir150920.0094.fits,,Data scrape,CHILE-15B-0081,/USB3/archive/20150901ThruEnd/20150920/ir/binir150920.0094.fits,4U1636-536,True,IR
binir150920.0092.fits,4U1636-53,16:40:55.56,-53:45:05.0,2015-09-21,01:13:11.419,2457286.55083,20.05,1.45,R,J,1040,1590,1960,usbdrivescrapelog_4U1636-536.csv,/USB3/archive/20150901ThruEnd/20150920/ir/binir150920.0092.fits,,Data scrape,CHILE-15B-0081,/USB3/archive/20150901ThruEnd/20150920/ir/binir150920.0092.fits,4U1636-536,True,IR
binir150825.0154.fits,4U1636-53,16:40:55.54,-53:45:04.6,2015-08-26,02:32:28.602,2457260.60589,20.04,1.37,R,J,1080,1510,2000,usbdrivescrapelog_4U1636-536.csv,/USB3/archive/20150801ThruEnd/20150825/ir/binir150825.0154.fits,,Data scrape,CHILE-15B-0081,/USB3/archive/20150801ThruEnd/20150825/ir/binir150825.0154.fits,4U1636-536,True,IR
binir150920.0096.fits,4U1636-53,16:40:55.53,-53:45:04.3,2015-09-21,01:15:39.961,2457286.55255,20.04,1.46,R,J,1040,1550,2000,usbdrivescrapelog_4U1636-536.csv,/USB3/archive/20150901ThruEnd/20150920/ir/binir150920.0096.fits,,Data scrape,CHILE-15B-0081,/USB3/archive/20150901ThruEnd/20150920/ir/binir150920.0096.fits,4U1636-536,True,IR
binir150920.0093.fits,4U1636-53,16:40:55.56,-53:45:04.6,2015-09-21,01:13:48.124,2457286.55125,20.05,1.46,R,J,1040,1630,1920,usbdrivescrapelog_4U1636-536.csv,/USB3/archive/20150901ThruEnd/20150920/ir/binir150920.0093.fits,,Data scrape,CHILE-15B-0081,/USB3/archive/20150901ThruEnd/20150920/ir/binir150920.0093.fits,4U1636-536,True,IR
binir150920.0097.fits,4U1636-53,16:40:55.50,-53:45:04.3,2015-09-21,01:16:16.975,2457286.55297,20.04,1.47,R,J,1080,1590,1920,usbdrivescrapelog_4U1636-536.csv,/USB3/archive/20150901ThruEnd/20150920/ir/binir150920.0097.fits,,Data scrape,CHILE-15B-0081,/USB3/archive/20150901ThruEnd/20150920/ir/binir150920.0097.fits,4U1636-536,True,IR
binir150825.0155.fits,4U1636-53,16:40:55.52,-53:45:04.6,2015-08-26,02:33:05.110,2457260.60631,20.05,1.37,R,J,1040,1510,2040,usbdrivescrapelog_4U1636-536.csv,/USB3/archive/20150801ThruEnd/20150825/ir/binir150825.0155.fits,,Data scrape,CHILE-15B-0081,/USB3/archive/20150801ThruEnd/20150825/ir/binir150825.0155.fits,4U1636-536,True,IR
binir150825.0157.fits,4U1636-53,16:40:55.48,-53:45:04.4,2015-08-26,02:34:18.671,2457260.60716,20.05,1.38,R,J,1000,1590,2000,usbdrivescrapelog_4U1636-536.csv,/USB3/archive/20150801ThruEnd/20150825/ir/binir150825.0157.fits,,Data scrape,CHILE-15B-0081,/USB3/archive/20150801ThruEnd/20150825/ir/binir150825.0157.fits,4U1636-536,True,IR
binir150825.0152.fits,4U1636-53,16:40:55.54,-53:45:05.2,2015-08-26,02:31:14.609,2457260.60503,20.04,1.37,R,J,1040,1590,1960,usbdrivescrapelog_4U1636-536.csv,/USB3/archive/20150801ThruEnd/20150825/ir/binir150825.0152.fits,,Data scrape,CHILE-15B-0081,/USB3/archive/20150801ThruEnd/20150825/ir/binir150825.0152.fits,4U1636-536,True,IR
binir150825.0153.fits,4U1636-53,16:40:55.53,-53:45:04.8,2015-08-26,02:31:51.575,2457260.60546,20.05,1.37,R,J,1000,1550,2040,usbdrivescrapelog_4U1636-536.csv,/USB3/archive/20150801ThruEnd/20150825/ir/binir150825.0153.fits,,Data scrape,CHILE-15B-0081,/USB3/archive/20150801ThruEnd/20150825/ir/binir150825.0153.fits,4U1636-536,True,IR
ir050512.0331,4U1636-536,16:40:53.2,-53:45:26,2005-05-13,06:53:52,2453503.7874,30.0,1.11,H,H,,,,missingreplog_4U1636-536.csv,,,Data replog,,,4U1636-536,True,IR
ir050524.0308,4U1636-536,16:40:55.4,-53:45:05,2005-05-25,06:58:17,2453515.7905,30.0,1.16,H,H,,,,missingreplog_4U1636-536.csv,,,Data replog,,,4U1636-536,True,IR
ir050524.0307,4U1636-536,16:40:55.4,-53:45:04,2005-05-25,06:57:24,2453515.7899,30.0,1.16,H,H,,,,missingreplog_4U1636-536.csv,,,Data replog,,,4U1636-536,True,IR
ir050524.0306,4U1636-536,16:40:55.4,-53:45:05,2005-05-25,06:56:31,2453515.7893,30.0,1.16,H,H,,,,missingreplog_4U1636-536.csv,,,Data replog,,,4U1636-536,True,IR
ir050524.0305,4U1636-536,16:40:55.4,-53:45:05,2005-05-25,06:55:39,2453515.7887,30.1,1.16,H,H,,,,missingreplog_4U1636-536.csv,,,Data replog,,,4U1636-536,True,IR
ir050524.0304,4U1636-536,16:40:55.4,-53:45:05,2005-05-25,06:54:46,2453515.788,30.0,1.16,H,H,,,,missingreplog_4U1636-536.csv,,,Data replog,,,4U1636-536,True,IR
ir050518.0224,4U1636-536,16:40:55.1,-53:45:04,2005-05-19,05:09:27,2453509.7149,30.0,1.1,H,H,,,,missingreplog_4U1636-536.csv,,,Data replog,,,4U1636-536,True,IR
ir050518.0223,4U1636-536,16:40:55.1,-53:45:04,2005-05-19,05:08:34,2453509.7143,30.1,1.1,H,H,,,,missingreplog_4U1636-536.csv,,,Data replog,,,4U1636-536,True,IR
ir050518.0222,4U1636-536,16:40:55.0,-53:45:04,2005-05-19,05:07:42,2453509.7137,30.0,1.1,H,H,,,,missingreplog_4U1636-536.csv,,,Data replog,,,4U1636-536,True,IR
ir050518.0221,4U1636-536,16:40:55.0,-53:45:05,2005-05-19,05:06:50,2453509.7131,30.1,1.1,H,H,,,,missingreplog_4U1636-536.csv,,,Data replog,,,4U1636-536,True,IR
ir050518.0220,4U1636-536,16:40:55.0,-53:45:04,2005-05-19,05:05:57,2453509.7125,30.0,1.1,H,H,,,,missingreplog_4U1636-536.csv,,,Data replog,,,4U1636-536,True,IR
ir050518.0219,4U1636-536,16:40:54.9,-53:45:05,2005-05-19,05:05:05,2453509.7119,30.0,1.1,H,H,,,,missingreplog_4U1636-536.csv,,,Data replog,,,4U1636-536,True,IR
ir050512.0330,4U1636-536,16:40:53.2,-53:45:26,2005-05-13,06:52:59,2453503.7868,30.1,1.11,H,H,,,,missingreplog_4U1636-536.csv,,,Data replog,,,4U1636-536,True,IR
ir050504.0215,4U1636-536,16:40:53.3,-53:45:16,2005-05-05,04:50:03,2453495.7014,30.1,1.16,H,H,,,,missingreplog_4U1636-536.csv,,,Data replog,,,4U1636-536,True,IR
ir050512.0329,4U1636-536,16:40:53.2,-53:45:26,2005-05-13,06:52:07,2453503.7862,30.1,1.11,H,H,,,,missingreplog_4U1636-536.csv,,,Data replog,,,4U1636-536,True,IR
ir050512.0328,4U1636-536,16:40:53.2,-53:45:26,2005-05-13,06:51:14,2453503.7856,30.0,1.11,H,H,,,,missingreplog_4U1636-536.csv,,,Data replog,,,4U1636-536,True,IR
ir050512.0327,4U1636-536,16:40:53.2,-53:45:27,2005-05-13,06:50:21,2453503.785,30.0,1.11,H,H,,,,missingreplog_4U1636-536.csv,,,Data replog,,,4U1636-536,True,IR
ir050512.0326,4U1636-536,16:40:53.1,-53:45:27,2005-05-13,06:49:29,2453503.7844,30.1,1.11,H,H,,,,missingreplog_4U1636-536.csv,,,Data replog,,,4U1636-536,True,IR
ir050510.0226,4U1636-536,16:40:55.4,-53:45:04,2005-05-11,05:04:58,2453501.7118,30.1,1.12,H,H,,,,missingreplog_4U1636-536.csv,,,Data replog,,,4U1636-536,True,IR
ir050510.0225,4U1636-536,16:40:55.4,-53:45:04,2005-05-11,05:04:06,2453501.7112,30.0,1.12,H,H,,,,missingreplog_4U1636-536.csv,,,Data replog,,,4U1636-536,True,IR
ir050510.0224,4U1636-536,16:40:55.4,-53:45:04,2005-05-11,05:03:13,2453501.7106,30.1,1.12,H,H,,,,missingreplog_4U1636-536.csv,,,Data replog,,,4U1636-536,True,IR
ir050510.0223,4U1636-536,16:40:55.4,-53:45:04,2005-05-11,05:02:21,2453501.71,30.1,1.12,H,H,,,,missingreplog_4U1636-536.csv,,,Data replog,,,4U1636-536,True,IR
ir050510.0222,4U1636-536,16:40:55.4,-53:45:04,2005-05-11,05:01:28,2453501.7094,30.0,1.12,H,H,,,,missingreplog_4U1636-536.csv,,,Data replog,,,4U1636-536,True,IR
ir050510.0221,4U1636-536,16:40:55.4,-53:45:05,2005-05-11,05:00:35,2453501.7088,30.0,1.12,H,H,,,,missingreplog_4U1636-536.csv,,,Data replog,,,4U1636-536,True,IR
ir050504.0217,4U1636-536,16:40:53.3,-53:45:15,2005-05-05,04:51:51,2453495.7027,30.1,1.15,H,H,,,,missingreplog_4U1636-536.csv,,,Data replog,,,4U1636-536,True,IR
ir050524.0309,4U1636-536,16:40:55.4,-53:45:04,2005-05-25,06:59:09,2453515.7911,30.1,1.16,H,H,,,,missingreplog_4U1636-536.csv,,,Data replog,,,4U1636-536,True,IR
ir050527.0333,4U1636-536,16:40:57.1,-53:45:14,2005-05-28,05:53:08,2453518.7452,30.0,1.11,H,H,,,,missingreplog_4U1636-536.csv,,,Data replog,,,4U1636-536,True,IR
ir050527.0334,4U1636-536,16:40:57.1,-53:45:14,2005-05-28,05:54:01,2453518.7459,30.1,1.11,H,H,,,,missingreplog_4U1636-536.csv,,,Data replog,,,4U1636-536,True,IR
ir050527.0335,4U1636-536,16:40:57.1,-53:45:14,2005-05-28,05:54:54,2453518.7465,30.0,1.11,H,H,,,,missingreplog_4U1636-536.csv,,,Data replog,,,4U1636-536,True,IR
ir050608.0251,4U1636-536,16:40:55.5,-53:45:04,2005-06-09,04:10:07,2453530.6737,30.0,1.09,H,H,,,,missingreplog_4U1636-536.csv,,,Data replog,,,4U1636-536,True,IR
ir050608.0250,4U1636-536,16:40:55.4,-53:45:04,2005-06-09,04:09:15,2453530.6731,30.0,1.09,H,H,,,,missingreplog_4U1636-536.csv,,,Data replog,,,4U1636-536,True,IR
ir050605.0197,4U1636-536,16:40:55.4,-53:45:03,2005-06-06,04:28:56,2453527.6868,30.0,1.09,H,H,,,,missingreplog_4U1636-536.csv,,,Data replog,,,4U1636-536,True,IR
ir050605.0196,4U1636-536,16:40:55.4,-53:45:03,2005-06-06,04:28:04,2453527.6862,30.1,1.09,H,H,,,,missingreplog_4U1636-536.csv,,,Data replog,,,4U1636-536,True,IR
ir050605.0195,4U1636-536,16:40:55.4,-53:45:04,2005-06-06,04:27:11,2453527.6856,30.1,1.09,H,H,,,,missingreplog_4U1636-536.csv,,,Data replog,,,4U1636-536,True,IR
ir050605.0194,4U1636-536,16:40:55.4,-53:45:04,2005-06-06,04:26:18,2453527.6849,30.0,1.09,H,H,,,,missingreplog_4U1636-536.csv,,,Data replog,,,4U1636-536,True,IR
ir050605.0193,4U1636-536,16:40:55.4,-53:45:04,2005-06-06,04:25:26,2453527.6843,30.0,1.09,H,H,,,,missingreplog_4U1636-536.csv,,,Data replog,,,4U1636-536,True,IR
ir050605.0192,4U1636-536,16:40:55.4,-53:45:05,2005-06-06,04:24:33,2453527.6837,30.0,1.09,H,H,,,,missingreplog_4U1636-536.csv,,,Data replog,,,4U1636-536,True,IR
ir050602.0238,4U1636-536,16:40:55.4,-53:45:03,2005-06-03,05:46:53,2453524.7409,30.0,1.12,H,H,,,,missingreplog_4U1636-536.csv,,,Data replog,,,4U1636-536,True,IR
ir050602.0237,4U1636-536,16:40:55.4,-53:45:03,2005-06-03,05:46:01,2453524.7403,30.0,1.12,H,H,,,,missingreplog_4U1636-536.csv,,,Data replog,,,4U1636-536,True,IR
ir050602.0236,4U1636-536,16:40:55.4,-53:45:03,2005-06-03,05:45:08,2453524.7397,30.0,1.12,H,H,,,,missingreplog_4U1636-536.csv,,,Data replog,,,4U1636-536,True,IR
ir050602.0235,4U1636-536,16:40:55.4,-53:45:03,2005-06-03,05:44:15,2453524.7391,30.1,1.12,H,H,,,,missingreplog_4U1636-536.csv,,,Data replog,,,4U1636-536,True,IR
ir050602.0234,4U1636-536,16:40:55.4,-53:45:04,2005-06-03,05:43:22,2453524.7385,30.0,1.12,H,H,,,,missingreplog_4U1636-536.csv,,,Data replog,,,4U1636-536,True,IR
ir050602.0233,4U1636-536,16:40:55.4,-53:45:05,2005-06-03,05:42:30,2453524.7379,30.0,1.12,H,H,,,,missingreplog_4U1636-536.csv,,,Data replog,,,4U1636-536,True,IR
ir050530.0304,4U1636-536,16:40:54.9,-53:45:05,2005-05-31,05:36:09,2453521.7335,30.0,1.11,H,H,,,,missingreplog_4U1636-536.csv,,,Data replog,,,4U1636-536,True,IR
ir050530.0303,4U1636-536,16:40:54.8,-53:45:05,2005-05-31,05:35:17,2453521.7328,30.0,1.1,H,H,,,,missingreplog_4U1636-536.csv,,,Data replog,,,4U1636-536,True,IR
ir050530.0302,4U1636-536,16:40:54.8,-53:45:05,2005-05-31,05:34:25,2453521.7322,30.1,1.1,H,H,,,,missingreplog_4U1636-536.csv,,,Data replog,,,4U1636-536,True,IR
ir050530.0301,4U1636-536,16:40:54.8,-53:45:05,2005-05-31,05:33:32,2453521.7316,30.0,1.1,H,H,,,,missingreplog_4U1636-536.csv,,,Data replog,,,4U1636-536,True,IR
ir050530.0300,4U1636-536,16:40:54.7,-53:45:05,2005-05-31,05:32:39,2453521.731,30.0,1.1,H,H,,,,missingreplog_4U1636-536.csv,,,Data replog,,,4U1636-536,True,IR
ir050530.0299,4U1636-536,16:40:54.8,-53:45:05,2005-05-31,05:31:46,2453521.7304,30.0,1.1,H,H,,,,missingreplog_4U1636-536.csv,,,Data replog,,,4U1636-536,True,IR
ir050527.0338,4U1636-536,16:40:57.1,-53:45:13,2005-05-28,05:57:31,2453518.7483,30.0,1.11,H,H,,,,missingreplog_4U1636-536.csv,,,Data replog,,,4U1636-536,True,IR
ir050527.0337,4U1636-536,16:40:57.1,-53:45:14,2005-05-28,05:56:39,2453518.7477,30.1,1.11,H,H,,,,missingreplog_4U1636-536.csv,,,Data replog,,,4U1636-536,True,IR
ir050527.0336,4U1636-536,16:40:57.1,-53:45:13,2005-05-28,05:55:46,2453518.7471,30.0,1.11,H,H,,,,missingreplog_4U1636-536.csv,,,Data replog,,,4U1636-536,True,IR
ir050504.0216,4U1636-536,16:40:53.3,-53:45:16,2005-05-05,04:50:58,2453495.7021,30.0,1.15,H,H,,,,missingreplog_4U1636-536.csv,,,Data replog,,,4U1636-536,True,IR
ir050504.0214,4U1636-536,16:40:53.2,-53:45:16,2005-05-05,04:49:10,2453495.7008,30.1,1.16,H,H,,,,missingreplog_4U1636-536.csv,,,Data replog,,,4U1636-536,True,IR
ir050608.0253,4U1636-536,16:40:55.5,-53:45:04,2005-06-09,04:11:52,2453530.6749,30.0,1.09,H,H,,,,missingreplog_4U1636-536.csv,,,Data replog,,,4U1636-536,True,IR
ir050428.0260,4U1636-536,16:40:55.4,-53:45:05,2005-04-29,07:06:57,2453489.7965,30.0,1.09,H,H,,,,missingreplog_4U1636-536.csv,,,Data replog,,,4U1636-536,True,IR
ir050407.0280,4U1636-536,16:40:55.4,-53:45:05,2005-04-08,05:50:33,2453468.7434,30.1,1.23,H,H,,,,missingreplog_4U1636-536.csv,,,Data replog,,,4U1636-536,True,IR
ir050407.0279,4U1636-536,16:40:55.4,-53:45:05,2005-04-08,05:49:40,2453468.7428,30.0,1.23,H,H,,,,missingreplog_4U1636-536.csv,,,Data replog,,,4U1636-536,True,IR
ir050407.0278,4U1636-536,16:40:55.4,-53:45:05,2005-04-08,05:48:48,2453468.7422,30.1,1.23,H,H,,,,missingreplog_4U1636-536.csv,,,Data replog,,,4U1636-536,True,IR
ir050407.0277,4U1636-536,16:40:55.4,-53:45:05,2005-04-08,05:47:55,2453468.7416,30.1,1.24,H,H,,,,missingreplog_4U1636-536.csv,,,Data replog,,,4U1636-536,True,IR
ir050825.0052,4U1636-536,16:40:55.4,-53:45:05,2005-08-26,00:18:14,2453608.5127,30.0,1.12,H,H,,,,missingreplog_4U1636-536.csv,,,Data replog,,,4U1636-536,True,IR
ir050825.0051,4U1636-536,16:40:55.4,-53:45:04,2005-08-26,00:17:21,2453608.5121,30.0,1.12,H,H,,,,missingreplog_4U1636-536.csv,,,Data replog,,,4U1636-536,True,IR
ir050825.0050,4U1636-536,16:40:55.4,-53:45:04,2005-08-26,00:16:29,2453608.5115,30.1,1.12,H,H,,,,missingreplog_4U1636-536.csv,,,Data replog,,,4U1636-536,True,IR
ir050825.0049,4U1636-536,16:40:55.5,-53:45:04,2005-08-26,00:14:35,2453608.5101,30.0,1.12,H,H,,,,missingreplog_4U1636-536.csv,,,Data replog,,,4U1636-536,True,IR
ir050825.0048,4U1636-536,16:40:55.5,-53:45:04,2005-08-26,00:14:35,2453608.5101,30.1,1.12,H,H,,,,missingreplog_4U1636-536.csv,,,Data replog,,,4U1636-536,True,IR
ir050825.0047,4U1636-536,16:40:55.4,-53:45:04,2005-08-26,00:13:42,2453608.5095,30.0,1.12,H,H,,,,missingreplog_4U1636-536.csv,,,Data replog,,,4U1636-536,True,IR
ir050428.0261,4U1636-536,16:40:55.4,-53:45:05,2005-04-29,07:07:50,2453489.7971,30.0,1.09,H,H,,,,missingreplog_4U1636-536.csv,,,Data replog,,,4U1636-536,True,IR
ir050428.0259,4U1636-536,16:40:55.4,-53:45:05,2005-04-29,07:06:04,2453489.7959,30.0,1.09,H,H,,,,missingreplog_4U1636-536.csv,,,Data replog,,,4U1636-536,True,IR
ir050504.0213,4U1636-536,16:40:53.2,-53:45:16,2005-05-05,04:48:15,2453495.7002,30.0,1.16,H,H,,,,missingreplog_4U1636-536.csv,,,Data replog,,,4U1636-536,True,IR
ir050428.0258,4U1636-536,16:40:55.4,-53:45:05,2005-04-29,07:05:12,2453489.7953,30.0,1.09,H,H,,,,missingreplog_4U1636-536.csv,,,Data replog,,,4U1636-536,True,IR
ir050428.0257,4U1636-536,16:40:55.4,-53:45:05,2005-04-29,07:04:19,2453489.7947,30.1,1.09,H,H,,,,missingreplog_4U1636-536.csv,,,Data replog,,,4U1636-536,True,IR
ir050428.0256,4U1636-536,16:40:55.4,-53:45:05,2005-04-29,07:03:26,2453489.7941,30.0,1.09,H,H,,,,missingreplog_4U1636-536.csv,,,Data replog,,,4U1636-536,True,IR
ir050407.0281,4U1636-536,16:40:55.4,-53:45:05,2005-04-08,05:51:26,2453468.744,30.1,1.23,H,H,,,,missingreplog_4U1636-536.csv,,,Data replog,,,4U1636-536,True,IR
ir050407.0282,4U1636-536,16:40:55.4,-53:45:04,2005-04-08,05:52:19,2453468.7447,30.0,1.23,H,H,,,,missingreplog_4U1636-536.csv,,,Data replog,,,4U1636-536,True,IR
ir050407.0283,4U1636-536,16:40:55.4,-53:45:04,2005-04-08,05:54:12,2453468.746,30.0,1.22,J,J,,,,missingreplog_4U1636-536.csv,,,Data replog,,,4U1636-536,True,IR
ir050407.0284,4U1636-536,16:40:55.4,-53:45:04,2005-04-08,05:55:05,2453468.7466,30.1,1.22,J,J,,,,missingreplog_4U1636-536.csv,,,Data replog,,,4U1636-536,True,IR
ir050504.0212,4U1636-536,16:40:53.2,-53:45:17,2005-05-05,04:47:21,2453495.6996,30.0,1.16,H,H,,,,missingreplog_4U1636-536.csv,,,Data replog,,,4U1636-536,True,IR
ir050423.0255,4U1636-536,16:40:55.3,-53:45:45,2005-04-24,07:03:02,2453484.7938,30.0,1.09,H,H,,,,missingreplog_4U1636-536.csv,,,Data replog,,,4U1636-536,True,IR
ir050423.0254,4U1636-536,16:40:55.3,-53:45:47,2005-04-24,07:02:08,2453484.7931,30.0,1.09,H,H,,,,missingreplog_4U1636-536.csv,,,Data replog,,,4U1636-536,True,IR
ir050423.0253,4U1636-536,16:40:55.4,-53:45:48,2005-04-24,07:01:14,2453484.7925,30.0,1.09,H,H,,,,missingreplog_4U1636-536.csv,,,Data replog,,,4U1636-536,True,IR
ir050423.0252,4U1636-536,16:40:55.4,-53:45:46,2005-04-24,07:00:20,2453484.7919,30.0,1.09,H,H,,,,missingreplog_4U1636-536.csv,,,Data replog,,,4U1636-536,True,IR
ir050423.0251,4U1636-536,16:40:55.4,-53:45:52,2005-04-24,06:59:26,2453484.7913,30.1,1.09,H,H,,,,missingreplog_4U1636-536.csv,,,Data replog,,,4U1636-536,True,IR
ir050423.0250,4U1636-536,16:40:55.4,-53:45:52,2005-04-24,06:58:32,2453484.7907,30.0,1.09,H,H,,,,missingreplog_4U1636-536.csv,,,Data replog,,,4U1636-536,True,IR
ir050417.0265,4U1636-536,16:40:55.3,-53:45:45,2005-04-18,06:35:58,2453478.775,30.0,1.12,H,H,,,,missingreplog_4U1636-536.csv,,,Data replog,,,4U1636-536,True,IR
ir050417.0264,4U1636-536,16:40:55.4,-53:45:45,2005-04-18,06:35:05,2453478.7744,30.0,1.12,H,H,,,,missingreplog_4U1636-536.csv,,,Data replog,,,4U1636-536,True,IR
ir050417.0263,4U1636-536,16:40:55.4,-53:45:43,2005-04-18,06:34:12,2453478.7738,30.1,1.12,H,H,,,,missingreplog_4U1636-536.csv,,,Data replog,,,4U1636-536,True,IR
ir050417.0262,4U1636-536,16:40:55.4,-53:45:48,2005-04-18,06:33:19,2453478.7731,30.1,1.12,H,H,,,,missingreplog_4U1636-536.csv,,,Data replog,,,4U1636-536,True,IR
ir050417.0261,4U1636-536,16:40:55.4,-53:45:47,2005-04-18,06:32:26,2453478.7725,30.0,1.12,H,H,,,,missingreplog_4U1636-536.csv,,,Data replog,,,4U1636-536,True,IR
ir050417.0260,4U1636-536,16:40:55.5,-53:45:50,2005-04-18,06:31:34,2453478.7719,30.0,1.12,H,H,,,,missingreplog_4U1636-536.csv,,,Data replog,,,4U1636-536,True,IR
ir050413.0267,4U1636-536,16:40:55.5,-53:45:03,2005-04-14,08:06:16,2453474.8377,30.1,1.09,H,H,,,,missingreplog_4U1636-536.csv,,,Data replog,,,4U1636-536,True,IR
ir050413.0266,4U1636-536,16:40:55.5,-53:45:03,2005-04-14,08:05:23,2453474.8371,30.1,1.09,H,H,,,,missingreplog_4U1636-536.csv,,,Data replog,,,4U1636-536,True,IR
ir050413.0265,4U1636-536,16:40:55.4,-53:45:03,2005-04-14,08:04:31,2453474.8365,30.0,1.09,H,H,,,,missingreplog_4U1636-536.csv,,,Data replog,,,4U1636-536,True,IR
ir050413.0264,4U1636-536,16:40:55.4,-53:45:04,2005-04-14,08:03:38,2453474.8359,30.0,1.09,H,H,,,,missingreplog_4U1636-536.csv,,,Data replog,,,4U1636-536,True,IR
ir050413.0263,4U1636-536,16:40:55.4,-53:45:03,2005-04-14,08:02:45,2453474.8353,30.0,1.09,H,H,,,,missingreplog_4U1636-536.csv,,,Data replog,,,4U1636-536,True,IR
ir050413.0262,4U1636-536,16:40:55.4,-53:45:05,2005-04-14,08:01:53,2453474.8347,30.0,1.09,H,H,,,,missingreplog_4U1636-536.csv,,,Data replog,,,4U1636-536,True,IR
ir050407.0288,4U1636-536,16:40:55.4,-53:45:03,2005-04-08,05:57:43,2453468.7484,30.0,1.22,J,J,,,,missingreplog_4U1636-536.csv,,,Data replog,,,4U1636-536,True,IR
ir050407.0287,4U1636-536,16:40:55.4,-53:45:03,2005-04-08,05:57:43,2453468.7484,30.1,1.22,J,J,,,,missingreplog_4U1636-536.csv,,,Data replog,,,4U1636-536,True,IR
ir050407.0286,4U1636-536,16:40:55.4,-53:45:03,2005-04-08,05:56:50,2453468.7478,30.1,1.22,J,J,,,,missingreplog_4U1636-536.csv,,,Data replog,,,4U1636-536,True,IR
ir050407.0285,4U1636-536,16:40:55.4,-53:45:04,2005-04-08,05:55:57,2453468.7472,30.1,1.22,J,J,,,,missingreplog_4U1636-536.csv,,,Data replog,,,4U1636-536,True,IR
ir050608.0252,4U1636-536,16:40:55.5,-53:45:04,2005-06-09,04:11:00,2453530.6743,30.0,1.09,H,H,,,,missingreplog_4U1636-536.csv,,,Data replog,,,4U1636-536,True,IR
ir050608.0254,4U1636-536,16:40:55.4,-53:45:04,2005-06-09,04:12:44,2453530.6755,30.0,1.09,H,H,,,,missingreplog_4U1636-536.csv,,,Data replog,,,4U1636-536,True,IR
ir060321.0280,4U1636-53,16:40:53.0,-53:45:22,2006-03-22,06:54:46,2453816.788,205.0,1.24,J,J,,,,missingreplog_4U1636-536.csv,,,Data replog,,,4U1636-536,True,IR
ir060703.0199,4U1636-53,16:40:55.5,-53:45:06,2006-07-04,05:54:06,2453920.7459,205.0,1.36,H,H,,,,missingreplog_4U1636-536.csv,,,Data replog,,,4U1636-536,True,IR
ir060703.0198,4U1636-53,16:40:55.5,-53:45:05,2006-07-04,05:49:58,2453920.743,205.0,1.35,J,J,,,,missingreplog_4U1636-536.csv,,,Data replog,,,4U1636-536,True,IR
ir060703.0197,4U1636-53,16:40:55.4,-53:45:04,2006-07-04,05:42:11,2453920.7376,205.0,1.32,J,J,,,,missingreplog_4U1636-536.csv,,,Data replog,,,4U1636-536,True,IR
ir060703.0196,4U1636-53,16:40:55.4,-53:45:04,2006-07-04,05:42:11,2453920.7376,205.0,1.32,J,J,,,,missingreplog_4U1636-536.csv,,,Data replog,,,4U1636-536,True,IR
ir060321.0287,4U1636-53,16:40:53.7,-53:45:19,2006-03-22,07:22:30,2453816.8073,205.0,1.19,K,K,,,,missingreplog_4U1636-536.csv,,,Data replog,,,4U1636-536,True,IR
ir060321.0286,4U1636-53,16:40:53.5,-53:45:19,2006-03-22,07:14:43,2453816.8019,205.0,1.2,K,K,,,,missingreplog_4U1636-536.csv,,,Data replog,,,4U1636-536,True,IR
ir060321.0285,4U1636-53,16:40:53.5,-53:45:19,2006-03-22,07:14:43,2453816.8019,205.0,1.2,K,K,,,,missingreplog_4U1636-536.csv,,,Data replog,,,4U1636-536,True,IR
ir060321.0284,4U1636-53,16:40:53.2,-53:45:19,2006-03-22,07:10:30,2453816.799,205.0,1.21,H,H,,,,missingreplog_4U1636-536.csv,,,Data replog,,,4U1636-536,True,IR
ir060321.0283,4U1636-53,16:40:53.0,-53:45:21,2006-03-22,07:02:43,2453816.7936,205.0,1.22,H,H,,,,missingreplog_4U1636-536.csv,,,Data replog,,,4U1636-536,True,IR
ir060321.0282,4U1636-53,16:40:53.0,-53:45:21,2006-03-22,07:02:43,2453816.7936,205.0,1.22,H,H,,,,missingreplog_4U1636-536.csv,,,Data replog,,,4U1636-536,True,IR
ir060321.0281,4U1636-53,16:40:53.0,-53:45:21,2006-03-22,06:58:36,2453816.7907,205.0,1.23,J,J,,,,missingreplog_4U1636-536.csv,,,Data replog,,,4U1636-536,True,IR
ir060321.0279,4U1636-53,16:40:53.1,-53:45:22,2006-03-22,06:50:56,2453816.7854,205.0,1.25,J,J,,,,missingreplog_4U1636-536.csv,,,Data replog,,,4U1636-536,True,IR
ir050806.0059,4U1636-536,16:40:53.5,-53:45:03,2005-08-07,00:28:51,2453589.52,30.0,1.09,H,H,,,,missingreplog_4U1636-536.csv,,,Data replog,,,4U1636-536,True,IR
ir050905.0119,4U1636-536,16:40:53.4,-53:45:12,2005-09-06,01:47:19,2453619.5745,30.0,1.38,H,H,,,,missingreplog_4U1636-536.csv,,,Data replog,,,4U1636-536,True,IR
ir050905.0118,4U1636-536,16:40:53.4,-53:45:12,2005-09-06,01:46:26,2453619.5739,30.0,1.37,H,H,,,,missingreplog_4U1636-536.csv,,,Data replog,,,4U1636-536,True,IR
ir050905.0117,4U1636-536,16:40:53.4,-53:45:12,2005-09-06,01:45:33,2453619.5733,30.0,1.37,H,H,,,,missingreplog_4U1636-536.csv,,,Data replog,,,4U1636-536,True,IR
ir050905.0116,4U1636-536,16:40:53.4,-53:45:12,2005-09-06,01:44:41,2453619.5727,30.1,1.37,H,H,,,,missingreplog_4U1636-536.csv,,,Data replog,,,4U1636-536,True,IR
ir050905.0115,4U1636-536,16:40:53.5,-53:45:12,2005-09-06,01:43:48,2453619.5721,30.1,1.37,H,H,,,,missingreplog_4U1636-536.csv,,,Data replog,,,4U1636-536,True,IR
ir050905.0114,4U1636-536,16:40:53.5,-53:45:12,2005-09-06,01:42:55,2453619.5715,30.0,1.36,H,H,,,,missingreplog_4U1636-536.csv,,,Data replog,,,4U1636-536,True,IR
ir050905.0048,4U1636-536,16:40:54.4,-53:45:06,2005-09-06,00:05:44,2453619.504,30.1,1.16,H,H,,,,missingreplog_4U1636-536.csv,,,Data replog,,,4U1636-536,True,IR
ir050905.0047,4U1636-536,16:40:54.4,-53:45:06,2005-09-06,00:04:51,2453619.5034,30.1,1.15,H,H,,,,missingreplog_4U1636-536.csv,,,Data replog,,,4U1636-536,True,IR
ir050905.0046,4U1636-536,16:40:54.4,-53:45:06,2005-09-06,00:03:59,2453619.5028,30.0,1.15,H,H,,,,missingreplog_4U1636-536.csv,,,Data replog,,,4U1636-536,True,IR
ir050905.0045,4U1636-536,16:40:54.4,-53:45:06,2005-09-06,00:03:06,2453619.5022,30.0,1.15,H,H,,,,missingreplog_4U1636-536.csv,,,Data replog,,,4U1636-536,True,IR
ir050905.0044,4U1636-536,16:40:54.4,-53:45:07,2005-09-06,00:02:13,2453619.5015,30.0,1.15,H,H,,,,missingreplog_4U1636-536.csv,,,Data replog,,,4U1636-536,True,IR
ir060703.0200,4U1636-53,16:40:55.5,-53:45:06,2006-07-04,05:54:06,2453920.7459,205.0,1.36,H,H,,,,missingreplog_4U1636-536.csv,,,Data replog,,,4U1636-536,True,IR
ir060703.0201,4U1636-53,16:40:55.5,-53:45:08,2006-07-04,06:01:53,2453920.7513,205.0,1.38,H,H,,,,missingreplog_4U1636-536.csv,,,Data replog,,,4U1636-536,True,IR
ir060703.0202,4U1636-53,16:40:55.4,-53:45:08,2006-07-04,06:06:07,2453920.7543,205.0,1.4,K,K,,,,missingreplog_4U1636-536.csv,,,Data replog,,,4U1636-536,True,IR
ir060703.0203,4U1636-53,16:40:55.4,-53:45:08,2006-07-04,06:06:07,2453920.7543,205.0,1.4,K,K,,,,missingreplog_4U1636-536.csv,,,Data replog,,,4U1636-536,True,IR
ir070702.0149,4u 1636-536,16:40:55.6,-53:44:54,2007-07-03,03:39:07.3,2454284.6522,30.1,1.11,J,J,,,,missingreplog_4U1636-536.csv,,,Data replog,,,4U1636-536,True,IR
ir070702.0148,4u 1636-536,16:40:55.6,-53:44:54,2007-07-03,03:38:21.6,2454284.6516,30.0,1.11,J,J,,,,missingreplog_4U1636-536.csv,,,Data replog,,,4U1636-536,True,IR
ir070702.0147,4u 1636-536,16:40:55.6,-53:44:54,2007-07-03,03:37:36.1,2454284.6511,30.0,1.11,J,J,,,,missingreplog_4U1636-536.csv,,,Data replog,,,4U1636-536,True,IR
ir070702.0146,4u 1636-536,16:40:55.6,-53:44:54,2007-07-03,03:36:50.4,2454284.6506,30.1,1.11,J,J,,,,missingreplog_4U1636-536.csv,,,Data replog,,,4U1636-536,True,IR
ir070702.0145,4u 1636-536,16:40:55.5,-53:44:54,2007-07-03,03:36:04.7,2454284.6501,30.0,1.11,J,J,,,,missingreplog_4U1636-536.csv,,,Data replog,,,4U1636-536,True,IR
ir070702.0144,4u 1636-536,16:40:55.5,-53:44:54,2007-07-03,03:35:19.4,2454284.6495,30.0,1.11,J,J,,,,missingreplog_4U1636-536.csv,,,Data replog,,,4U1636-536,True,IR
ir070702.0143,4u 1636-536,16:40:55.5,-53:45:04,2007-07-03,03:33:59.3,2454284.6486,30.1,1.11,J,J,,,,missingreplog_4U1636-536.csv,,,Data replog,,,4U1636-536,True,IR
ir070702.0142,4u 1636-536,16:40:55.5,-53:45:04,2007-07-03,03:33:13.6,2454284.6481,30.1,1.11,J,J,,,,missingreplog_4U1636-536.csv,,,Data replog,,,4U1636-536,True,IR
ir070702.0141,4u 1636-536,16:40:55.4,-53:45:04,2007-07-03,03:32:27.8,2454284.6475,30.0,1.11,J,J,,,,missingreplog_4U1636-536.csv,,,Data replog,,,4U1636-536,True,IR
ir070702.0140,4u 1636-536,16:40:55.4,-53:45:04,2007-07-03,03:31:42.4,2454284.647,30.0,1.11,J,J,,,,missingreplog_4U1636-536.csv,,,Data replog,,,4U1636-536,True,IR
ir070702.0139,4u 1636-536,16:40:55.4,-53:45:04,2007-07-03,03:30:56.6,2454284.6465,30.1,1.11,J,J,,,,missingreplog_4U1636-536.csv,,,Data replog,,,4U1636-536,True,IR
ir070702.0138,4u 1636-536,16:40:55.4,-53:45:04,2007-07-03,03:30:10.8,2454284.646,30.0,1.11,J,J,,,,missingreplog_4U1636-536.csv,,,Data replog,,,4U1636-536,True,IR
ir070702.0137,4u 1636-536,16:40:55.4,-53:45:04,2007-07-03,03:29:25.4,2454284.6454,30.1,1.11,J,J,,,,missingreplog_4U1636-536.csv,,,Data replog,,,4U1636-536,True,IR
ir060817.0166,4U1636-53,17:38:51.8,-44:25:50,2006-08-18,03:17:15,2453965.637,205.0,1.21,K,K,,,,missingreplog_4U1636-536.csv,,,Data replog,,,4U1636-536,True,IR
ir060817.0165,4U1636-53,17:38:51.7,-44:25:50,2006-08-18,03:09:28,2453965.6316,205.0,1.19,K,K,,,,missingreplog_4U1636-536.csv,,,Data replog,,,4U1636-536,True,IR
ir060817.0164,4U1636-53,17:38:51.7,-44:25:50,2006-08-18,03:09:28,2453965.6316,205.0,1.19,K,K,,,,missingreplog_4U1636-536.csv,,,Data replog,,,4U1636-536,True,IR
ir060817.0163,4U1636-53,17:38:51.7,-44:25:51,2006-08-18,03:05:19,2453965.6287,205.0,1.19,H,H,,,,missingreplog_4U1636-536.csv,,,Data replog,,,4U1636-536,True,IR
ir060817.0162,4U1636-53,17:38:51.8,-44:25:50,2006-08-18,02:57:34,2453965.6233,205.0,1.17,H,H,,,,missingreplog_4U1636-536.csv,,,Data replog,,,4U1636-536,True,IR
ir060817.0161,4U1636-53,17:38:51.8,-44:25:50,2006-08-18,02:57:34,2453965.6233,205.0,1.17,H,H,,,,missingreplog_4U1636-536.csv,,,Data replog,,,4U1636-536,True,IR
ir060817.0160,4U1636-53,17:38:51.8,-44:25:50,2006-08-18,02:53:30,2453965.6205,205.0,1.16,J,J,,,,missingreplog_4U1636-536.csv,,,Data replog,,,4U1636-536,True,IR
ir060817.0159,4U1636-53,17:38:51.8,-44:25:51,2006-08-18,02:49:41,2453965.6178,205.0,1.15,J,J,,,,missingreplog_4U1636-536.csv,,,Data replog,,,4U1636-536,True,IR
ir060817.0158,4U1636-53,17:38:51.7,-44:25:51,2006-08-18,02:45:51,2453965.6152,205.0,1.14,J,J,,,,missingreplog_4U1636-536.csv,,,Data replog,,,4U1636-536,True,IR
ir060703.0204,4U1636-53,16:40:55.3,-53:45:08,2006-07-04,06:13:53,2453920.7596,205.0,1.43,K,K,,,,missingreplog_4U1636-536.csv,,,Data replog,,,4U1636-536,True,IR
ir050905.0043,4U1636-536,16:40:54.4,-53:45:07,2005-09-06,00:01:20,2453619.5009,30.1,1.15,H,H,,,,missingreplog_4U1636-536.csv,,,Data replog,,,4U1636-536,True,IR
ir050806.0058,4U1636-536,16:40:53.5,-53:45:03,2005-08-07,00:27:58,2453589.5194,30.0,1.09,H,H,,,,missingreplog_4U1636-536.csv,,,Data replog,,,4U1636-536,True,IR
ir050608.0255,4U1636-536,16:40:55.4,-53:45:04,2005-06-09,04:13:37,2453530.6761,30.0,1.09,H,H,,,,missingreplog_4U1636-536.csv,,,Data replog,,,4U1636-536,True,IR
ir050629.0234,4U1636-536,16:40:53.6,-53:45:05,2005-06-30,04:29:52,2453551.6874,30.0,1.15,H,H,,,,missingreplog_4U1636-536.csv,,,Data replog,,,4U1636-536,True,IR
ir050708.0142,4U1636-536,16:40:55.5,-53:45:01,2005-07-09,03:05:35,2453560.6289,30.1,1.11,H,H,,,,missingreplog_4U1636-536.csv,,,Data replog,,,4U1636-536,True,IR
ir050708.0141,4U1636-536,16:40:55.4,-53:45:01,2005-07-09,03:04:41,2453560.6283,30.0,1.11,H,H,,,,missingreplog_4U1636-536.csv,,,Data replog,,,4U1636-536,True,IR
ir050708.0140,4U1636-536,16:40:55.4,-53:45:01,2005-07-09,03:03:47,2453560.6276,30.1,1.11,H,H,,,,missingreplog_4U1636-536.csv,,,Data replog,,,4U1636-536,True,IR
ir050708.0139,4U1636-536,16:40:55.4,-53:45:02,2005-07-09,03:02:53,2453560.627,30.1,1.11,H,H,,,,missingreplog_4U1636-536.csv,,,Data replog,,,4U1636-536,True,IR
ir050708.0138,4U1636-536,16:40:55.4,-53:45:02,2005-07-09,03:01:59,2453560.6264,30.0,1.11,H,H,,,,missingreplog_4U1636-536.csv,,,Data replog,,,4U1636-536,True,IR
ir050708.0137,4U1636-536,16:40:55.4,-53:45:02,2005-07-09,03:01:05,2453560.6258,30.1,1.1,H,H,,,,missingreplog_4U1636-536.csv,,,Data replog,,,4U1636-536,True,IR
ir050629.0239,4U1636-536,16:40:53.5,-53:45:05,2005-06-30,04:34:21,2453551.6905,30.0,1.16,H,H,,,,missingreplog_4U1636-536.csv,,,Data replog,,,4U1636-536,True,IR
ir050629.0238,4U1636-536,16:40:53.6,-53:45:05,2005-06-30,04:33:27,2453551.6899,30.1,1.16,H,H,,,,missingreplog_4U1636-536.csv,,,Data replog,,,4U1636-536,True,IR
ir050629.0237,4U1636-536,16:40:53.6,-53:45:05,2005-06-30,04:32:33,2453551.6893,30.1,1.15,H,H,,,,missingreplog_4U1636-536.csv,,,Data replog,,,4U1636-536,True,IR
ir050629.0236,4U1636-536,16:40:53.6,-53:45:05,2005-06-30,04:31:40,2453551.6887,30.1,1.15,H,H,,,,missingreplog_4U1636-536.csv,,,Data replog,,,4U1636-536,True,IR
ir050629.0235,4U1636-536,16:40:53.6,-53:45:06,2005-06-30,04:30:46,2453551.688,30.1,1.15,H,H,,,,missingreplog_4U1636-536.csv,,,Data replog,,,4U1636-536,True,IR
ir050622.0307,4U1636-536,16:40:55.5,-53:45:04,2005-06-23,03:51:34,2453544.6608,30.1,1.1,H,H,,,,missingreplog_4U1636-536.csv,,,Data replog,,,4U1636-536,True,IR
ir050806.0057,4U1636-536,16:40:53.5,-53:45:03,2005-08-07,00:27:06,2453589.5188,30.1,1.09,H,H,,,,missingreplog_4U1636-536.csv,,,Data replog,,,4U1636-536,True,IR
ir050622.0306,4U1636-536,16:40:55.5,-53:45:04,2005-06-23,03:50:40,2453544.6602,30.1,1.1,H,H,,,,missingreplog_4U1636-536.csv,,,Data replog,,,4U1636-536,True,IR
ir050622.0305,4U1636-536,16:40:55.5,-53:45:04,2005-06-23,03:49:46,2453544.6596,30.1,1.1,H,H,,,,missingreplog_4U1636-536.csv,,,Data replog,,,4U1636-536,True,IR
ir050622.0304,4U1636-536,16:40:55.5,-53:45:04,2005-06-23,03:48:52,2453544.6589,30.0,1.1,H,H,,,,missingreplog_4U1636-536.csv,,,Data replog,,,4U1636-536,True,IR
ir050622.0303,4U1636-536,16:40:55.5,-53:45:04,2005-06-23,03:47:58,2453544.6583,30.1,1.1,H,H,,,,missingreplog_4U1636-536.csv,,,Data replog,,,4U1636-536,True,IR
ir050622.0302,4U1636-536,16:40:55.5,-53:45:05,2005-06-23,03:47:04,2453544.6577,30.0,1.1,H,H,,,,missingreplog_4U1636-536.csv,,,Data replog,,,4U1636-536,True,IR
ir050621.0271,4U1636-536,16:40:55.3,-53:45:03,2005-06-22,04:40:50,2453543.695,30.0,1.13,H,H,,,,missingreplog_4U1636-536.csv,,,Data replog,,,4U1636-536,True,IR
ir050621.0270,4U1636-536,16:40:55.3,-53:45:04,2005-06-22,04:39:57,2453543.6944,30.0,1.13,H,H,,,,missingreplog_4U1636-536.csv,,,Data replog,,,4U1636-536,True,IR
ir050621.0269,4U1636-536,16:40:55.4,-53:45:04,2005-06-22,04:39:05,2453543.6938,30.0,1.13,H,H,,,,missingreplog_4U1636-536.csv,,,Data replog,,,4U1636-536,True,IR
ir050621.0268,4U1636-536,16:40:55.4,-53:45:04,2005-06-22,04:38:12,2453543.6932,30.0,1.13,H,H,,,,missingreplog_4U1636-536.csv,,,Data replog,,,4U1636-536,True,IR
ir050621.0267,4U1636-536,16:40:55.4,-53:45:04,2005-06-22,04:37:19,2453543.6926,30.0,1.13,H,H,,,,missingreplog_4U1636-536.csv,,,Data replog,,,4U1636-536,True,IR
ir050621.0266,4U1636-536,16:40:55.4,-53:45:04,2005-06-22,04:36:26,2453543.692,30.0,1.12,H,H,,,,missingreplog_4U1636-536.csv,,,Data replog,,,4U1636-536,True,IR
ir050719.0189,4U1636-536,16:40:55.4,-53:45:04,2005-07-20,03:55:25,2453571.6635,30.0,1.22,H,H,,,,missingreplog_4U1636-536.csv,,,Data replog,,,4U1636-536,True,IR
ir050719.0190,4U1636-536,16:40:55.4,-53:45:04,2005-07-20,03:55:25,2453571.6635,30.0,1.22,H,H,,,,missingreplog_4U1636-536.csv,,,Data replog,,,4U1636-536,True,IR
ir050719.0191,4U1636-536,16:40:55.4,-53:45:03,2005-07-20,03:57:20,2453571.6648,30.1,1.23,H,H,,,,missingreplog_4U1636-536.csv,,,Data replog,,,4U1636-536,True,IR
ir050719.0192,4U1636-536,16:40:55.4,-53:45:03,2005-07-20,03:58:13,2453571.6654,30.1,1.23,H,H,,,,missingreplog_4U1636-536.csv,,,Data replog,,,4U1636-536,True,IR
ir050806.0056,4U1636-536,16:40:53.5,-53:45:04,2005-08-07,00:26:13,2453589.5182,30.0,1.09,H,H,,,,missingreplog_4U1636-536.csv,,,Data replog,,,4U1636-536,True,IR
ir050806.0055,4U1636-536,16:40:53.6,-53:45:04,2005-08-07,00:25:20,2453589.5176,30.0,1.09,H,H,,,,missingreplog_4U1636-536.csv,,,Data replog,,,4U1636-536,True,IR
ir050806.0054,4U1636-536,16:40:53.6,-53:45:04,2005-08-07,00:24:28,2453589.517,30.0,1.09,H,H,,,,missingreplog_4U1636-536.csv,,,Data replog,,,4U1636-536,True,IR
ir050729.0167,4U1636-536,16:40:55.5,-53:45:04,2005-07-30,01:18:32,2453581.5545,30.0,1.1,H,H,,,,missingreplog_4U1636-536.csv,,,Data replog,,,4U1636-536,True,IR
ir050729.0166,4U1636-536,16:40:55.4,-53:45:03,2005-07-30,01:17:39,2453581.5539,30.1,1.1,H,H,,,,missingreplog_4U1636-536.csv,,,Data replog,,,4U1636-536,True,IR
ir050729.0165,4U1636-536,16:40:55.4,-53:45:04,2005-07-30,01:16:46,2453581.5533,30.1,1.1,H,H,,,,missingreplog_4U1636-536.csv,,,Data replog,,,4U1636-536,True,IR
ir050729.0164,4U1636-536,16:40:55.5,-53:45:03,2005-07-30,01:15:54,2453581.5527,30.0,1.1,H,H,,,,missingreplog_4U1636-536.csv,,,Data replog,,,4U1636-536,True,IR
ir050729.0163,4U1636-536,16:40:55.4,-53:45:04,2005-07-30,01:15:01,2453581.5521,30.0,1.1,H,H,,,,missingreplog_4U1636-536.csv,,,Data replog,,,4U1636-536,True,IR
ir050729.0162,4U1636-536,16:40:55.5,-53:45:05,2005-07-30,01:14:08,2453581.5515,30.1,1.1,H,H,,,,missingreplog_4U1636-536.csv,,,Data replog,,,4U1636-536,True,IR
ir050727.0169,4U1636-536,16:40:54.5,-53:44:57,2005-07-28,03:10:28,2453579.6323,30.1,1.2,H,H,,,,missingreplog_4U1636-536.csv,,,Data replog,,,4U1636-536,True,IR
ir050727.0168,4U1636-536,16:40:54.5,-53:44:57,2005-07-28,03:09:35,2453579.6317,30.1,1.2,H,H,,,,missingreplog_4U1636-536.csv,,,Data replog,,,4U1636-536,True,IR
ir050727.0167,4U1636-536,16:40:54.5,-53:44:57,2005-07-28,03:08:43,2453579.631,30.0,1.19,H,H,,,,missingreplog_4U1636-536.csv,,,Data replog,,,4U1636-536,True,IR
ir050727.0166,4U1636-536,16:40:54.5,-53:44:57,2005-07-28,03:07:49,2453579.6304,30.1,1.19,H,H,,,,missingreplog_4U1636-536.csv,,,Data replog,,,4U1636-536,True,IR
ir050727.0165,4U1636-536,16:40:54.5,-53:44:57,2005-07-28,03:06:57,2453579.6298,30.0,1.19,H,H,,,,missingreplog_4U1636-536.csv,,,Data replog,,,4U1636-536,True,IR
ir050727.0164,4U1636-536,16:40:54.5,-53:44:57,2005-07-28,03:06:04,2453579.6292,30.0,1.19,H,H,,,,missingreplog_4U1636-536.csv,,,Data replog,,,4U1636-536,True,IR
ir050723.0076,4U1636-536,16:40:54.3,-53:45:03,2005-07-24,01:07:52,2453575.5471,30.0,1.09,H,H,,,,missingreplog_4U1636-536.csv,,,Data replog,,,4U1636-536,True,IR
ir050723.0075,4U1636-536,16:40:54.3,-53:45:03,2005-07-24,01:07:52,2453575.5471,30.0,1.09,H,H,,,,missingreplog_4U1636-536.csv,,,Data replog,,,4U1636-536,True,IR
ir050723.0074,4U1636-536,16:40:54.3,-53:45:03,2005-07-24,01:05:57,2453575.5458,30.0,1.09,H,H,,,,missingreplog_4U1636-536.csv,,,Data replog,,,4U1636-536,True,IR
ir050723.0073,4U1636-536,16:40:54.3,-53:45:03,2005-07-24,01:05:57,2453575.5458,30.0,1.09,H,H,,,,missingreplog_4U1636-536.csv,,,Data replog,,,4U1636-536,True,IR
ir050723.0072,4U1636-536,16:40:54.4,-53:45:03,2005-07-24,01:04:02,2453575.5445,30.1,1.09,H,H,,,,missingreplog_4U1636-536.csv,,,Data replog,,,4U1636-536,True,IR
ir050723.0071,4U1636-536,16:40:54.4,-53:45:03,2005-07-24,01:04:02,2453575.5445,30.0,1.09,H,H,,,,missingreplog_4U1636-536.csv,,,Data replog,,,4U1636-536,True,IR
ir050719.0194,4U1636-536,16:40:55.4,-53:45:03,2005-07-20,03:59:05,2453571.666,30.0,1.23,H,H,,,,missingreplog_4U1636-536.csv,,,Data replog,,,4U1636-536,True,IR
ir050719.0193,4U1636-536,16:40:55.4,-53:45:03,2005-07-20,03:59:05,2453571.666,30.0,1.23,H,H,,,,missingreplog_4U1636-536.csv,,,Data replog,,,4U1636-536,True,IR
ir070702.0150,4u 1636-536,16:40:55.6,-53:44:54,2007-07-03,03:39:52.9,2454284.6527,30.0,1.11,J,J,,,,missingreplog_4U1636-536.csv,,,Data replog,,,4U1636-536,True,IR
ir080409.0230,4U 1636-536,16:40:55.5,-53:45:09,2008-04-10,06:46:23.0,2454566.7822,120.0,1.13,J,J,,,,missingreplog_4U1636-536.csv,,,Data replog,,,4U1636-536,True,IR
ir080409.0231,4U 1636-536,16:40:55.5,-53:45:09,2008-04-10,06:48:39.0,2454566.7838,120.0,1.13,J,J,,,,missingreplog_4U1636-536.csv,,,Data replog,,,4U1636-536,True,IR
ir080514.0238,4U 1636-536,16:40:53.7,-53:45:13,2008-05-15,05:01:52.1,2454601.7096,120.0,1.11,J,J,,,,missingreplog_4U1636-536.csv,,,Data replog,,,4U1636-536,True,IR
ir080515.0377,4U 1636-536,16:40:54.4,-53:45:05,2008-05-16,07:35:46.5,2454602.8165,150.0,1.16,H,H,,,,missingreplog_4U1636-536.csv,,,Data replog,,,4U1636-536,True,IR
ir080515.0376,4U 1636-536,16:40:54.4,-53:45:06,2008-05-16,07:32:51.2,2454602.8145,120.0,1.16,J,J,,,,missingreplog_4U1636-536.csv,,,Data replog,,,4U1636-536,True,IR
ir080515.0375,4U 1636-536,16:40:54.4,-53:45:06,2008-05-16,07:30:35.1,2454602.8129,120.0,1.16,J,J,,,,missingreplog_4U1636-536.csv,,,Data replog,,,4U1636-536,True,IR
ir080515.0374,4U 1636-536,16:40:54.4,-53:45:06,2008-05-16,07:28:18.9,2454602.8113,120.0,1.15,J,J,,,,missingreplog_4U1636-536.csv,,,Data replog,,,4U1636-536,True,IR
ir080515.0373,4U 1636-536,16:40:54.4,-53:45:07,2008-05-16,07:26:02.9,2454602.8098,120.0,1.15,J,J,,,,missingreplog_4U1636-536.csv,,,Data replog,,,4U1636-536,True,IR
ir080514.0244,4U 1636-536,16:40:53.7,-53:45:13,2008-05-15,05:17:39.0,2454601.7206,150.0,1.1,H,H,,,,missingreplog_4U1636-536.csv,,,Data replog,,,4U1636-536,True,IR
ir080514.0243,4U 1636-536,16:40:53.7,-53:45:13,2008-05-15,05:14:52.8,2454601.7187,150.0,1.1,H,H,,,,missingreplog_4U1636-536.csv,,,Data replog,,,4U1636-536,True,IR
ir080514.0242,4U 1636-536,16:40:53.7,-53:45:13,2008-05-15,05:12:06.4,2454601.7167,150.0,1.1,H,H,,,,missingreplog_4U1636-536.csv,,,Data replog,,,4U1636-536,True,IR
ir080514.0241,4U 1636-536,16:40:53.8,-53:45:13,2008-05-15,05:09:20.1,2454601.7148,150.0,1.1,H,H,,,,missingreplog_4U1636-536.csv,,,Data replog,,,4U1636-536,True,IR
ir080514.0240,4U 1636-536,16:40:53.8,-53:45:12,2008-05-15,05:06:24.7,2454601.7128,120.0,1.1,J,J,,,,missingreplog_4U1636-536.csv,,,Data replog,,,4U1636-536,True,IR
ir080514.0239,4U 1636-536,16:40:53.8,-53:45:13,2008-05-15,05:04:08.4,2454601.7112,120.0,1.11,J,J,,,,missingreplog_4U1636-536.csv,,,Data replog,,,4U1636-536,True,IR
ir080514.0237,4U 1636-536,16:40:53.7,-53:45:14,2008-05-15,04:59:36.1,2454601.7081,120.0,1.11,J,J,,,,missingreplog_4U1636-536.csv,,,Data replog,,,4U1636-536,True,IR
ir080511.0148,4U 1636-536,16:40:54.1,-53:45:05,2008-05-12,04:56:05.5,2454598.7056,120.0,1.12,J,J,,,,missingreplog_4U1636-536.csv,,,Data replog,,,4U1636-536,True,IR
ir080512.0231,4U 1636-536,16:40:53.8,-53:45:05,2008-05-13,06:06:26.0,2454599.7545,150.0,1.09,H,H,,,,missingreplog_4U1636-536.csv,,,Data replog,,,4U1636-536,True,IR
ir080512.0230,4U 1636-536,16:40:53.8,-53:45:06,2008-05-13,06:03:39.7,2454599.7525,150.0,1.09,H,H,,,,missingreplog_4U1636-536.csv,,,Data replog,,,4U1636-536,True,IR
ir080512.0229,4U 1636-536,16:40:53.9,-53:45:06,2008-05-13,06:00:53.5,2454599.7506,150.0,1.09,H,H,,,,missingreplog_4U1636-536.csv,,,Data replog,,,4U1636-536,True,IR
ir080512.0228,4U 1636-536,16:40:53.9,-53:45:06,2008-05-13,05:58:07.1,2454599.7487,150.0,1.09,H,H,,,,missingreplog_4U1636-536.csv,,,Data replog,,,4U1636-536,True,IR
ir080512.0227,4U 1636-536,16:40:53.9,-53:45:07,2008-05-13,05:55:11.3,2454599.7467,120.0,1.09,J,J,,,,missingreplog_4U1636-536.csv,,,Data replog,,,4U1636-536,True,IR
ir080512.0226,4U 1636-536,16:40:54.0,-53:45:07,2008-05-13,05:52:55.2,2454599.7451,120.0,1.09,J,J,,,,missingreplog_4U1636-536.csv,,,Data replog,,,4U1636-536,True,IR
ir080512.0225,4U 1636-536,16:40:54.1,-53:45:07,2008-05-13,05:50:39.0,2454599.7435,120.0,1.09,J,J,,,,missingreplog_4U1636-536.csv,,,Data replog,,,4U1636-536,True,IR
ir080512.0224,4U 1636-536,16:40:54.2,-53:45:08,2008-05-13,05:48:22.9,2454599.7419,120.0,1.09,J,J,,,,missingreplog_4U1636-536.csv,,,Data replog,,,4U1636-536,True,IR
ir080511.0152,4U 1636-536,16:40:54.1,-53:45:04,2008-05-12,05:07:19.5,2454598.7134,150.0,1.11,H,H,,,,missingreplog_4U1636-536.csv,,,Data replog,,,4U1636-536,True,IR
ir080511.0151,4U 1636-536,16:40:54.0,-53:45:04,2008-05-12,05:04:33.3,2454598.7115,150.0,1.11,H,H,,,,missingreplog_4U1636-536.csv,,,Data replog,,,4U1636-536,True,IR
ir080511.0150,4U 1636-536,16:40:54.0,-53:45:04,2008-05-12,05:01:46.9,2454598.7096,150.0,1.12,H,H,,,,missingreplog_4U1636-536.csv,,,Data replog,,,4U1636-536,True,IR
ir080515.0378,4U 1636-536,16:40:54.4,-53:45:05,2008-05-16,07:38:33.2,2454602.8185,150.0,1.17,H,H,,,,missingreplog_4U1636-536.csv,,,Data replog,,,4U1636-536,True,IR
ir080515.0379,4U 1636-536,16:40:54.4,-53:45:05,2008-05-16,07:41:19.3,2454602.8204,150.0,1.17,H,H,,,,missingreplog_4U1636-536.csv,,,Data replog,,,4U1636-536,True,IR
ir080515.0380,4U 1636-536,16:40:54.3,-53:45:05,2008-05-16,07:44:05.4,2454602.8223,150.0,1.18,H,H,,,,missingreplog_4U1636-536.csv,,,Data replog,,,4U1636-536,True,IR
ir080519.0223,4U 1636-536,16:40:55.3,-53:45:12,2008-05-20,05:16:28.0,2454606.7198,120.0,1.09,J,J,,,,missingreplog_4U1636-536.csv,,,Data replog,,,4U1636-536,True,IR
ir080521.0198,4U 1636-536,16:40:56.1,-53:45:12,2008-05-22,08:23:25.3,2454608.8496,120.0,1.31,J,J,,,,missingreplog_4U1636-536.csv,,,Data replog,,,4U1636-536,True,IR
ir080519.0245,4U 1636-536,18:05:20.2,-30:33:40,2008-05-20,05:56:57.3,2454606.7479,50.0,1.03,H,H,,,,missingreplog_4U1636-536.csv,,,Data replog,,,4U1636-536,True,IR
ir080519.0244,4U 1636-536,18:05:20.2,-30:33:39,2008-05-20,05:55:51.1,2454606.7471,50.0,1.03,H,H,,,,missingreplog_4U1636-536.csv,,,Data replog,,,4U1636-536,True,IR
ir080519.0243,4U 1636-536,18:05:20.2,-30:33:40,2008-05-20,05:54:44.8,2454606.7464,50.0,1.03,H,H,,,,missingreplog_4U1636-536.csv,,,Data replog,,,4U1636-536,True,IR
ir080519.0242,4U 1636-536,18:05:20.2,-30:33:40,2008-05-20,05:53:38.4,2454606.7456,50.0,1.03,H,H,,,,missingreplog_4U1636-536.csv,,,Data replog,,,4U1636-536,True,IR
ir080519.0241,4U 1636-536,18:05:20.2,-30:33:40,2008-05-20,05:52:32.2,2454606.7448,50.0,1.03,H,H,,,,missingreplog_4U1636-536.csv,,,Data replog,,,4U1636-536,True,IR
ir080519.0240,4U 1636-536,17:59:23.6,-27:42:22,2008-05-20,05:50:04.3,2454606.7431,50.0,1.03,H,H,,,,missingreplog_4U1636-536.csv,,,Data replog,,,4U1636-536,True,IR
ir080519.0239,4U 1636-536,17:59:23.6,-27:42:22,2008-05-20,05:48:58.1,2454606.7423,50.0,1.03,H,H,,,,missingreplog_4U1636-536.csv,,,Data replog,,,4U1636-536,True,IR
ir080519.0238,4U 1636-536,17:59:23.6,-27:42:22,2008-05-20,05:47:51.6,2454606.7416,50.0,1.03,H,H,,,,missingreplog_4U1636-536.csv,,,Data replog,,,4U1636-536,True,IR
ir080519.0237,4U 1636-536,17:59:23.6,-27:42:22,2008-05-20,05:46:45.1,2454606.7408,50.0,1.03,H,H,,,,missingreplog_4U1636-536.csv,,,Data replog,,,4U1636-536,True,IR
ir080519.0236,4U 1636-536,17:59:23.6,-27:42:22,2008-05-20,05:45:39.1,2454606.74,50.0,1.03,H,H,,,,missingreplog_4U1636-536.csv,,,Data replog,,,4U1636-536,True,IR
ir080519.0235,4U 1636-536,17:59:23.7,-27:42:22,2008-05-20,05:44:05.8,2454606.739,50.0,1.03,H,H,,,,missingreplog_4U1636-536.csv,,,Data replog,,,4U1636-536,True,IR
ir080519.0234,4U 1636-536,17:59:23.7,-27:42:22,2008-05-20,05:42:59.6,2454606.7382,50.0,1.03,H,H,,,,missingreplog_4U1636-536.csv,,,Data replog,,,4U1636-536,True,IR
ir080519.0233,4U 1636-536,17:59:23.7,-27:42:22,2008-05-20,05:41:53.3,2454606.7374,50.0,1.04,H,H,,,,missingreplog_4U1636-536.csv,,,Data replog,,,4U1636-536,True,IR
ir080519.0232,4U 1636-536,17:59:23.7,-27:42:22,2008-05-20,05:40:47.0,2454606.7367,50.0,1.04,H,H,,,,missingreplog_4U1636-536.csv,,,Data replog,,,4U1636-536,True,IR
ir080519.0231,4U 1636-536,17:59:23.7,-27:42:21,2008-05-20,05:39:40.9,2454606.7359,50.0,1.04,H,H,,,,missingreplog_4U1636-536.csv,,,Data replog,,,4U1636-536,True,IR
ir080519.0230,4U 1636-536,16:40:55.2,-53:45:10,2008-05-20,05:34:30.6,2454606.7323,150.0,1.09,H,H,,,,missingreplog_4U1636-536.csv,,,Data replog,,,4U1636-536,True,IR
ir080519.0229,4U 1636-536,16:40:55.2,-53:45:10,2008-05-20,05:31:44.5,2454606.7304,150.0,1.09,H,H,,,,missingreplog_4U1636-536.csv,,,Data replog,,,4U1636-536,True,IR
ir080519.0228,4U 1636-536,16:40:55.2,-53:45:11,2008-05-20,05:28:58.4,2454606.7285,150.0,1.09,H,H,,,,missingreplog_4U1636-536.csv,,,Data replog,,,4U1636-536,True,IR
ir080519.0227,4U 1636-536,16:40:55.2,-53:45:11,2008-05-20,05:26:12.3,2454606.7265,150.0,1.09,H,H,,,,missingreplog_4U1636-536.csv,,,Data replog,,,4U1636-536,True,IR
ir080519.0226,4U 1636-536,16:40:55.3,-53:45:11,2008-05-20,05:23:16.4,2454606.7245,120.0,1.09,J,J,,,,missingreplog_4U1636-536.csv,,,Data replog,,,4U1636-536,True,IR
ir080519.0225,4U 1636-536,16:40:55.2,-53:45:11,2008-05-20,05:21:00.3,2454606.7229,120.0,1.09,J,J,,,,missingreplog_4U1636-536.csv,,,Data replog,,,4U1636-536,True,IR
ir080519.0224,4U 1636-536,16:40:55.3,-53:45:12,2008-05-20,05:18:44.1,2454606.7213,120.0,1.09,J,J,,,,missingreplog_4U1636-536.csv,,,Data replog,,,4U1636-536,True,IR
ir080511.0149,4U 1636-536,16:40:54.1,-53:45:05,2008-05-12,04:59:00.8,2454598.7077,150.0,1.12,H,H,,,,missingreplog_4U1636-536.csv,,,Data replog,,,4U1636-536,True,IR
ir080511.0147,4U 1636-536,16:40:54.2,-53:45:05,2008-05-12,04:53:49.2,2454598.704,120.0,1.12,J,J,,,,missingreplog_4U1636-536.csv,,,Data replog,,,4U1636-536,True,IR
ir080502.0171,4U 1636-536,16:40:55.6,-53:45:03,2008-05-03,04:47:28.3,2454589.6996,150.0,1.17,H,H,,,,missingreplog_4U1636-536.csv,,,Data replog,,,4U1636-536,True,IR
ir080505.0208,4U 1636-536,16:40:54.0,-53:45:12,2008-05-06,06:40:17.2,2454592.778,120.0,1.09,J,J,,,,missingreplog_4U1636-536.csv,,,Data replog,,,4U1636-536,True,IR
ir080506.0177,4U 1636-536,16:40:55.1,-53:45:03,2008-05-07,05:12:16.2,2454593.7169,150.0,1.12,H,H,,,,missingreplog_4U1636-536.csv,,,Data replog,,,4U1636-536,True,IR
ir080506.0176,4U 1636-536,16:40:55.2,-53:45:03,2008-05-07,05:09:30.1,2454593.7149,150.0,1.12,H,H,,,,missingreplog_4U1636-536.csv,,,Data replog,,,4U1636-536,True,IR
ir080506.0175,4U 1636-536,16:40:55.2,-53:45:03,2008-05-07,05:06:34.2,2454593.7129,120.0,1.13,J,J,,,,missingreplog_4U1636-536.csv,,,Data replog,,,4U1636-536,True,IR
ir080506.0174,4U 1636-536,16:40:55.3,-53:45:04,2008-05-07,05:04:18.0,2454593.7113,120.0,1.13,J,J,,,,missingreplog_4U1636-536.csv,,,Data replog,,,4U1636-536,True,IR
ir080506.0173,4U 1636-536,16:40:55.4,-53:45:04,2008-05-07,05:02:01.7,2454593.7097,120.0,1.13,J,J,,,,missingreplog_4U1636-536.csv,,,Data replog,,,4U1636-536,True,IR
ir080506.0172,4U 1636-536,16:40:55.5,-53:45:04,2008-05-07,04:59:45.7,2454593.7082,120.0,1.13,J,J,,,,missingreplog_4U1636-536.csv,,,Data replog,,,4U1636-536,True,IR
ir080505.0213,4U 1636-536,16:40:54.2,-53:45:12,2008-05-06,06:53:46.6,2454592.7873,150.0,1.1,H,H,,,,missingreplog_4U1636-536.csv,,,Data replog,,,4U1636-536,True,IR
ir080505.0212,4U 1636-536,16:40:54.1,-53:45:12,2008-05-06,06:51:00.5,2454592.7854,150.0,1.1,H,H,,,,missingreplog_4U1636-536.csv,,,Data replog,,,4U1636-536,True,IR
ir080505.0211,4U 1636-536,16:40:54.0,-53:45:11,2008-05-06,06:48:14.2,2454592.7835,150.0,1.1,H,H,,,,missingreplog_4U1636-536.csv,,,Data replog,,,4U1636-536,True,IR
ir080505.0210,4U 1636-536,16:40:54.0,-53:45:11,2008-05-06,06:45:28.2,2454592.7816,150.0,1.09,H,H,,,,missingreplog_4U1636-536.csv,,,Data replog,,,4U1636-536,True,IR
ir080505.0209,4U 1636-536,16:40:54.0,-53:45:12,2008-05-06,06:42:33.2,2454592.7796,120.0,1.09,J,J,,,,missingreplog_4U1636-536.csv,,,Data replog,,,4U1636-536,True,IR
ir080505.0207,4U 1636-536,16:40:54.1,-53:45:13,2008-05-06,06:38:01.0,2454592.7764,120.0,1.09,J,J,,,,missingreplog_4U1636-536.csv,,,Data replog,,,4U1636-536,True,IR
ir080511.0146,4U 1636-536,16:40:54.3,-53:45:05,2008-05-12,04:51:33.0,2454598.7025,120.0,1.12,J,J,,,,missingreplog_4U1636-536.csv,,,Data replog,,,4U1636-536,True,IR
ir080505.0206,4U 1636-536,16:40:54.2,-53:45:14,2008-05-06,06:35:44.9,2454592.7748,120.0,1.09,J,J,,,,missingreplog_4U1636-536.csv,,,Data replog,,,4U1636-536,True,IR
ir080503.0131,4U 1636-536,16:40:55.7,-53:45:10,2008-05-04,03:21:34.8,2454590.64,150.0,1.35,H,H,,,,missingreplog_4U1636-536.csv,,,Data replog,,,4U1636-536,True,IR
ir080503.0130,4U 1636-536,16:40:55.8,-53:45:10,2008-05-04,03:18:48.5,2454590.6381,150.0,1.35,H,H,,,,missingreplog_4U1636-536.csv,,,Data replog,,,4U1636-536,True,IR
ir080503.0129,4U 1636-536,16:40:55.9,-53:45:10,2008-05-04,03:16:02.5,2454590.6362,150.0,1.36,H,H,,,,missingreplog_4U1636-536.csv,,,Data replog,,,4U1636-536,True,IR
ir080503.0128,4U 1636-536,16:40:55.9,-53:45:10,2008-05-04,03:13:16.6,2454590.6342,150.0,1.37,H,H,,,,missingreplog_4U1636-536.csv,,,Data replog,,,4U1636-536,True,IR
ir080503.0127,4U 1636-536,16:40:55.9,-53:45:10,2008-05-04,03:10:20.1,2454590.6322,120.0,1.38,J,J,,,,missingreplog_4U1636-536.csv,,,Data replog,,,4U1636-536,True,IR
ir080503.0126,4U 1636-536,16:40:55.9,-53:45:10,2008-05-04,03:08:04.0,2454590.6306,120.0,1.39,J,J,,,,missingreplog_4U1636-536.csv,,,Data replog,,,4U1636-536,True,IR
ir080503.0125,4U 1636-536,16:40:55.9,-53:45:10,2008-05-04,03:05:48.0,2454590.629,120.0,1.4,J,J,,,,missingreplog_4U1636-536.csv,,,Data replog,,,4U1636-536,True,IR
ir080503.0124,4U 1636-536,16:40:55.9,-53:45:10,2008-05-04,03:03:32.1,2454590.6275,120.0,1.4,J,J,,,,missingreplog_4U1636-536.csv,,,Data replog,,,4U1636-536,True,IR
ir080502.0174,4U 1636-536,16:40:55.9,-53:45:03,2008-05-03,04:55:46.3,2454589.7054,150.0,1.16,H,H,,,,missingreplog_4U1636-536.csv,,,Data replog,,,4U1636-536,True,IR
ir080502.0173,4U 1636-536,16:40:55.8,-53:45:03,2008-05-03,04:53:00.2,2454589.7035,150.0,1.16,H,H,,,,missingreplog_4U1636-536.csv,,,Data replog,,,4U1636-536,True,IR
ir080506.0178,4U 1636-536,16:40:55.1,-53:45:02,2008-05-07,05:15:02.4,2454593.7188,150.0,1.12,H,H,,,,missingreplog_4U1636-536.csv,,,Data replog,,,4U1636-536,True,IR
ir080506.0179,4U 1636-536,16:40:55.0,-53:45:02,2008-05-07,05:17:48.6,2454593.7207,150.0,1.12,H,H,,,,missingreplog_4U1636-536.csv,,,Data replog,,,4U1636-536,True,IR
ir080507.0197,4U 1636-536,16:40:55.4,-53:45:19,2008-05-08,05:39:38.9,2454594.7359,120.0,1.1,J,J,,,,missingreplog_4U1636-536.csv,,,Data replog,,,4U1636-536,True,IR
ir080507.0198,4U 1636-536,16:40:55.3,-53:45:20,2008-05-08,05:41:55.0,2454594.7374,120.0,1.1,J,J,,,,missingreplog_4U1636-536.csv,,,Data replog,,,4U1636-536,True,IR
ir080511.0145,4U 1636-536,16:40:54.3,-53:45:06,2008-05-12,04:49:16.8,2454598.7009,120.0,1.13,J,J,,,,missingreplog_4U1636-536.csv,,,Data replog,,,4U1636-536,True,IR
ir080510.0165,4U 1636-536,16:40:54.4,-53:45:20,2008-05-11,04:40:57.9,2454597.6951,150.0,1.14,H,H,,,,missingreplog_4U1636-536.csv,,,Data replog,,,4U1636-536,True,IR
ir080510.0164,4U 1636-536,16:40:54.4,-53:45:20,2008-05-11,04:38:11.8,2454597.6932,150.0,1.14,H,H,,,,missingreplog_4U1636-536.csv,,,Data replog,,,4U1636-536,True,IR
ir080510.0163,4U 1636-536,16:40:54.4,-53:45:20,2008-05-11,04:35:25.6,2454597.6913,150.0,1.14,H,H,,,,missingreplog_4U1636-536.csv,,,Data replog,,,4U1636-536,True,IR
ir080510.0162,4U 1636-536,16:40:54.3,-53:45:20,2008-05-11,04:32:39.6,2454597.6894,150.0,1.15,H,H,,,,missingreplog_4U1636-536.csv,,,Data replog,,,4U1636-536,True,IR
ir080510.0161,4U 1636-536,16:40:54.3,-53:45:20,2008-05-11,04:29:43.5,2454597.6873,120.0,1.15,J,J,,,,missingreplog_4U1636-536.csv,,,Data replog,,,4U1636-536,True,IR
ir080510.0160,4U 1636-536,16:40:54.2,-53:45:19,2008-05-11,04:27:27.3,2454597.6857,120.0,1.15,J,J,,,,missingreplog_4U1636-536.csv,,,Data replog,,,4U1636-536,True,IR
ir080510.0159,4U 1636-536,16:40:54.1,-53:45:19,2008-05-11,04:25:11.1,2454597.6842,120.0,1.16,J,J,,,,missingreplog_4U1636-536.csv,,,Data replog,,,4U1636-536,True,IR
ir080510.0158,4U 1636-536,16:40:54.0,-53:45:19,2008-05-11,04:22:55.2,2454597.6826,120.0,1.16,J,J,,,,missingreplog_4U1636-536.csv,,,Data replog,,,4U1636-536,True,IR
ir080509.0208,4U 1636-536,16:40:54.8,-53:45:05,2008-05-10,04:49:54.9,2454596.7013,150.0,1.13,H,H,,,,missingreplog_4U1636-536.csv,,,Data replog,,,4U1636-536,True,IR
ir080509.0207,4U 1636-536,16:40:54.7,-53:45:06,2008-05-10,04:47:08.6,2454596.6994,150.0,1.14,H,H,,,,missingreplog_4U1636-536.csv,,,Data replog,,,4U1636-536,True,IR
ir080509.0206,4U 1636-536,16:40:54.7,-53:45:06,2008-05-10,04:44:22.2,2454596.6975,150.0,1.14,H,H,,,,missingreplog_4U1636-536.csv,,,Data replog,,,4U1636-536,True,IR
ir080509.0205,4U 1636-536,16:40:54.7,-53:45:06,2008-05-10,04:41:35.9,2454596.6955,150.0,1.14,H,H,,,,missingreplog_4U1636-536.csv,,,Data replog,,,4U1636-536,True,IR
ir080509.0204,4U 1636-536,16:40:54.7,-53:45:06,2008-05-10,04:38:39.6,2454596.6935,120.0,1.14,J,J,,,,missingreplog_4U1636-536.csv,,,Data replog,,,4U1636-536,True,IR
ir080509.0203,4U 1636-536,16:40:54.6,-53:45:06,2008-05-10,04:36:23.4,2454596.6919,120.0,1.15,J,J,,,,missingreplog_4U1636-536.csv,,,Data replog,,,4U1636-536,True,IR
ir080509.0202,4U 1636-536,16:40:54.6,-53:45:06,2008-05-10,04:34:07.2,2454596.6904,120.0,1.15,J,J,,,,missingreplog_4U1636-536.csv,,,Data replog,,,4U1636-536,True,IR
ir080509.0201,4U 1636-536,16:40:54.6,-53:45:05,2008-05-10,04:31:51.0,2454596.6888,120.0,1.15,J,J,,,,missingreplog_4U1636-536.csv,,,Data replog,,,4U1636-536,True,IR
ir080507.0204,4U 1636-536,16:40:55.2,-53:45:20,2008-05-08,05:57:41.9,2454594.7484,150.0,1.1,H,H,,,,missingreplog_4U1636-536.csv,,,Data replog,,,4U1636-536,True,IR
ir080507.0203,4U 1636-536,16:40:55.2,-53:45:20,2008-05-08,05:54:55.5,2454594.7465,150.0,1.1,H,H,,,,missingreplog_4U1636-536.csv,,,Data replog,,,4U1636-536,True,IR
ir080507.0202,4U 1636-536,16:40:55.2,-53:45:20,2008-05-08,05:52:09.4,2454594.7446,150.0,1.1,H,H,,,,missingreplog_4U1636-536.csv,,,Data replog,,,4U1636-536,True,IR
ir080507.0201,4U 1636-536,16:40:55.2,-53:45:20,2008-05-08,05:49:23.3,2454594.7426,150.0,1.1,H,H,,,,missingreplog_4U1636-536.csv,,,Data replog,,,4U1636-536,True,IR
ir080507.0200,4U 1636-536,16:40:55.2,-53:45:19,2008-05-08,05:46:27.2,2454594.7406,120.0,1.1,J,J,,,,missingreplog_4U1636-536.csv,,,Data replog,,,4U1636-536,True,IR
ir080507.0199,4U 1636-536,16:40:55.3,-53:45:20,2008-05-08,05:44:11.1,2454594.739,120.0,1.1,J,J,,,,missingreplog_4U1636-536.csv,,,Data replog,,,4U1636-536,True,IR
ir080521.0199,4U 1636-536,16:40:56.0,-53:45:11,2008-05-22,08:25:41.5,2454608.8512,120.0,1.31,J,J,,,,missingreplog_4U1636-536.csv,,,Data replog,,,4U1636-536,True,IR
ir080521.0200,4U 1636-536,16:40:56.0,-53:45:11,2008-05-22,08:27:57.9,2454608.8528,120.0,1.32,J,J,,,,missingreplog_4U1636-536.csv,,,Data replog,,,4U1636-536,True,IR
ir080521.0201,4U 1636-536,16:40:55.8,-53:45:10,2008-05-22,08:30:14.1,2454608.8543,120.0,1.33,J,J,,,,missingreplog_4U1636-536.csv,,,Data replog,,,4U1636-536,True,IR
ir080608.0130,4U 1636-536,16:40:53.6,-53:45:16,2008-06-09,02:14:14.8,2454626.5932,150.0,1.18,H,H,,,,missingreplog_4U1636-536.csv,,,Data replog,,,4U1636-536,True,IR
ir080610.0205,4U 1636-536,16:40:53.0,-53:45:05,2008-06-11,04:14:27.5,2454628.6767,120.0,1.09,J,J,,,,missingreplog_4U1636-536.csv,,,Data replog,,,4U1636-536,True,IR
ir080610.0204,4U 1636-536,16:40:53.0,-53:45:06,2008-06-11,04:12:11.3,2454628.6751,120.0,1.09,J,J,,,,missingreplog_4U1636-536.csv,,,Data replog,,,4U1636-536,True,IR
ir080610.0203,4U 1636-536,16:40:53.0,-53:45:07,2008-06-11,04:09:55.0,2454628.6735,120.0,1.09,J,J,,,,missingreplog_4U1636-536.csv,,,Data replog,,,4U1636-536,True,IR
ir080609.0328,4U 1636-536,16:40:52.6,-53:45:23,2008-06-10,06:36:39.6,2454627.7755,150.0,1.23,H,H,,,,missingreplog_4U1636-536.csv,,,Data replog,,,4U1636-536,True,IR
ir080609.0327,4U 1636-536,16:40:52.6,-53:45:23,2008-06-10,06:33:53.5,2454627.7735,150.0,1.23,H,H,,,,missingreplog_4U1636-536.csv,,,Data replog,,,4U1636-536,True,IR
ir080609.0326,4U 1636-536,16:40:52.6,-53:45:23,2008-06-10,06:31:07.2,2454627.7716,150.0,1.22,H,H,,,,missingreplog_4U1636-536.csv,,,Data replog,,,4U1636-536,True,IR
ir080609.0325,4U 1636-536,16:40:52.7,-53:45:23,2008-06-10,06:28:21.1,2454627.7697,150.0,1.21,H,H,,,,missingreplog_4U1636-536.csv,,,Data replog,,,4U1636-536,True,IR
ir080609.0324,4U 1636-536,16:40:52.6,-53:45:23,2008-06-10,06:25:24.4,2454627.7676,120.0,1.21,J,J,,,,missingreplog_4U1636-536.csv,,,Data replog,,,4U1636-536,True,IR
ir080609.0323,4U 1636-536,16:40:52.7,-53:45:23,2008-06-10,06:23:08.2,2454627.7661,120.0,1.21,J,J,,,,missingreplog_4U1636-536.csv,,,Data replog,,,4U1636-536,True,IR
ir080609.0322,4U 1636-536,16:40:52.7,-53:45:22,2008-06-10,06:20:51.8,2454627.7645,120.0,1.2,J,J,,,,missingreplog_4U1636-536.csv,,,Data replog,,,4U1636-536,True,IR
ir080609.0321,4U 1636-536,16:40:52.7,-53:45:22,2008-06-10,06:18:35.6,2454627.7629,120.0,1.2,J,J,,,,missingreplog_4U1636-536.csv,,,Data replog,,,4U1636-536,True,IR
ir080608.0129,4U 1636-536,16:40:53.6,-53:45:16,2008-06-09,02:11:28.4,2454626.5913,150.0,1.18,H,H,,,,missingreplog_4U1636-536.csv,,,Data replog,,,4U1636-536,True,IR
ir080521.0202,4U 1636-536,16:40:55.7,-53:45:10,2008-05-22,08:33:09.9,2454608.8564,150.0,1.33,H,H,,,,missingreplog_4U1636-536.csv,,,Data replog,,,4U1636-536,True,IR
ir080608.0128,4U 1636-536,16:40:53.4,-53:45:17,2008-06-09,02:08:42.1,2454626.5894,150.0,1.19,H,H,,,,missingreplog_4U1636-536.csv,,,Data replog,,,4U1636-536,True,IR
ir080608.0127,4U 1636-536,16:40:53.3,-53:45:17,2008-06-09,02:05:56.0,2454626.5874,150.0,1.19,H,H,,,,missingreplog_4U1636-536.csv,,,Data replog,,,4U1636-536,True,IR
ir080608.0126,4U 1636-536,16:40:53.3,-53:45:17,2008-06-09,02:03:00.7,2454626.5854,120.0,1.2,J,J,,,,missingreplog_4U1636-536.csv,,,Data replog,,,4U1636-536,True,IR
ir080608.0125,4U 1636-536,16:40:53.2,-53:45:17,2008-06-09,02:00:44.5,2454626.5839,120.0,1.2,J,J,,,,missingreplog_4U1636-536.csv,,,Data replog,,,4U1636-536,True,IR
ir080608.0124,4U 1636-536,16:40:53.2,-53:45:18,2008-06-09,01:58:28.3,2454626.5823,120.0,1.21,J,J,,,,missingreplog_4U1636-536.csv,,,Data replog,,,4U1636-536,True,IR
ir080608.0123,4U 1636-536,16:40:53.2,-53:45:18,2008-06-09,01:56:12.0,2454626.5807,120.0,1.21,J,J,,,,missingreplog_4U1636-536.csv,,,Data replog,,,4U1636-536,True,IR
ir080607.0306,4U 1636-536,16:40:53.3,-53:45:21,2008-06-08,04:13:23.8,2454625.676,150.0,1.09,H,H,,,,missingreplog_4U1636-536.csv,,,Data replog,,,4U1636-536,True,IR
ir080607.0305,4U 1636-536,16:40:53.3,-53:45:21,2008-06-08,04:10:37.6,2454625.674,150.0,1.09,H,H,,,,missingreplog_4U1636-536.csv,,,Data replog,,,4U1636-536,True,IR
ir080607.0304,4U 1636-536,16:40:53.4,-53:45:21,2008-06-08,04:07:51.5,2454625.6721,150.0,1.09,H,H,,,,missingreplog_4U1636-536.csv,,,Data replog,,,4U1636-536,True,IR
ir080607.0303,4U 1636-536,16:40:53.4,-53:45:21,2008-06-08,04:05:05.5,2454625.6702,150.0,1.09,H,H,,,,missingreplog_4U1636-536.csv,,,Data replog,,,4U1636-536,True,IR
ir080607.0302,4U 1636-536,16:40:53.4,-53:45:21,2008-06-08,04:02:09.1,2454625.6682,120.0,1.09,J,J,,,,missingreplog_4U1636-536.csv,,,Data replog,,,4U1636-536,True,IR
ir080610.0206,4U 1636-536,16:40:53.0,-53:45:05,2008-06-11,04:16:43.8,2454628.6783,120.0,1.09,J,J,,,,missingreplog_4U1636-536.csv,,,Data replog,,,4U1636-536,True,IR
ir080610.0207,4U 1636-536,16:40:52.9,-53:45:04,2008-06-11,04:19:39.4,2454628.6803,150.0,1.09,H,H,,,,missingreplog_4U1636-536.csv,,,Data replog,,,4U1636-536,True,IR
ir080610.0208,4U 1636-536,16:40:52.9,-53:45:04,2008-06-11,04:22:25.8,2454628.6822,150.0,1.09,H,H,,,,missingreplog_4U1636-536.csv,,,Data replog,,,4U1636-536,True,IR
ir080610.0209,4U 1636-536,16:40:53.0,-53:45:03,2008-06-11,04:25:12.4,2454628.6842,150.0,1.09,H,H,,,,missingreplog_4U1636-536.csv,,,Data replog,,,4U1636-536,True,IR
ir080613.0124,4U 1636-536,16:40:55.5,-53:45:06,2008-06-14,03:37:17.3,2454631.6509,150.0,1.09,H,H,,,,missingreplog_4U1636-536.csv,,,Data replog,,,4U1636-536,True,IR
ir080613.0123,4U 1636-536,16:40:55.5,-53:45:06,2008-06-14,03:34:31.3,2454631.649,150.0,1.09,H,H,,,,missingreplog_4U1636-536.csv,,,Data replog,,,4U1636-536,True,IR
ir080613.0122,4U 1636-536,16:40:55.5,-53:45:06,2008-06-14,03:31:35.0,2454631.6469,120.0,1.1,J,J,,,,missingreplog_4U1636-536.csv,,,Data replog,,,4U1636-536,True,IR
ir080613.0121,4U 1636-536,16:40:55.5,-53:45:06,2008-06-14,03:29:18.7,2454631.6454,120.0,1.1,J,J,,,,missingreplog_4U1636-536.csv,,,Data replog,,,4U1636-536,True,IR
ir080613.0120,4U 1636-536,16:40:55.5,-53:45:06,2008-06-14,03:27:02.4,2454631.6438,120.0,1.1,J,J,,,,missingreplog_4U1636-536.csv,,,Data replog,,,4U1636-536,True,IR
ir080613.0119,4U 1636-536,16:40:55.6,-53:45:07,2008-06-14,03:24:46.2,2454631.6422,120.0,1.1,J,J,,,,missingreplog_4U1636-536.csv,,,Data replog,,,4U1636-536,True,IR
ir080612.0144,4U 1636-536,16:40:55.3,-53:45:05,2008-06-13,05:15:48.2,2454630.7193,150.0,1.13,H,H,,,,missingreplog_4U1636-536.csv,,,Data replog,,,4U1636-536,True,IR
ir080612.0143,4U 1636-536,16:40:55.3,-53:45:05,2008-06-13,05:13:01.9,2454630.7174,150.0,1.13,H,H,,,,missingreplog_4U1636-536.csv,,,Data replog,,,4U1636-536,True,IR
ir080612.0142,4U 1636-536,16:40:55.3,-53:45:05,2008-06-13,05:10:15.4,2454630.7155,150.0,1.12,H,H,,,,missingreplog_4U1636-536.csv,,,Data replog,,,4U1636-536,True,IR
ir080612.0141,4U 1636-536,16:40:55.4,-53:45:06,2008-06-13,05:07:29.0,2454630.7135,150.0,1.12,H,H,,,,missingreplog_4U1636-536.csv,,,Data replog,,,4U1636-536,True,IR
ir080612.0140,4U 1636-536,16:40:55.4,-53:45:06,2008-06-13,05:04:33.0,2454630.7115,120.0,1.12,J,J,,,,missingreplog_4U1636-536.csv,,,Data replog,,,4U1636-536,True,IR
ir080612.0139,4U 1636-536,16:40:55.4,-53:45:07,2008-06-13,05:02:16.8,2454630.7099,120.0,1.12,J,J,,,,missingreplog_4U1636-536.csv,,,Data replog,,,4U1636-536,True,IR
ir080612.0138,4U 1636-536,16:40:55.4,-53:45:07,2008-06-13,05:00:00.3,2454630.7083,120.0,1.12,J,J,,,,missingreplog_4U1636-536.csv,,,Data replog,,,4U1636-536,True,IR
ir080612.0137,4U 1636-536,16:40:55.4,-53:45:07,2008-06-13,04:57:44.0,2454630.7068,120.0,1.11,J,J,,,,missingreplog_4U1636-536.csv,,,Data replog,,,4U1636-536,True,IR
ir080611.0167,4U 1636-536,16:40:53.9,-53:45:17,2008-06-12,03:20:01.5,2454629.6389,150.0,1.1,H,H,,,,missingreplog_4U1636-536.csv,,,Data replog,,,4U1636-536,True,IR
ir080611.0166,4U 1636-536,16:40:53.9,-53:45:17,2008-06-12,03:17:15.2,2454629.637,150.0,1.1,H,H,,,,missingreplog_4U1636-536.csv,,,Data replog,,,4U1636-536,True,IR
ir080611.0165,4U 1636-536,16:40:53.8,-53:45:16,2008-06-12,03:14:28.9,2454629.6351,150.0,1.11,H,H,,,,missingreplog_4U1636-536.csv,,,Data replog,,,4U1636-536,True,IR
ir080611.0164,4U 1636-536,16:40:53.7,-53:45:16,2008-06-12,03:11:42.7,2454629.6331,150.0,1.11,H,H,,,,missingreplog_4U1636-536.csv,,,Data replog,,,4U1636-536,True,IR
ir080611.0163,4U 1636-536,16:40:53.5,-53:45:17,2008-06-12,03:08:46.1,2454629.6311,120.0,1.11,J,J,,,,missingreplog_4U1636-536.csv,,,Data replog,,,4U1636-536,True,IR
ir080611.0162,4U 1636-536,16:40:53.5,-53:45:17,2008-06-12,03:06:29.9,2454629.6295,120.0,1.11,J,J,,,,missingreplog_4U1636-536.csv,,,Data replog,,,4U1636-536,True,IR
ir080611.0161,4U 1636-536,16:40:53.4,-53:45:17,2008-06-12,03:04:13.5,2454629.6279,120.0,1.11,J,J,,,,missingreplog_4U1636-536.csv,,,Data replog,,,4U1636-536,True,IR
ir080611.0160,4U 1636-536,16:40:53.5,-53:45:18,2008-06-12,03:01:57.2,2454629.6264,120.0,1.11,J,J,,,,missingreplog_4U1636-536.csv,,,Data replog,,,4U1636-536,True,IR
ir080610.0210,4U 1636-536,16:40:53.0,-53:45:04,2008-06-11,04:27:58.8,2454628.6861,150.0,1.1,H,H,,,,missingreplog_4U1636-536.csv,,,Data replog,,,4U1636-536,True,IR
ir080607.0301,4U 1636-536,16:40:53.3,-53:45:21,2008-06-08,03:59:53.0,2454625.6666,120.0,1.09,J,J,,,,missingreplog_4U1636-536.csv,,,Data replog,,,4U1636-536,True,IR
ir080607.0300,4U 1636-536,16:40:53.3,-53:45:21,2008-06-08,03:57:36.8,2454625.665,120.0,1.09,J,J,,,,missingreplog_4U1636-536.csv,,,Data replog,,,4U1636-536,True,IR
ir080607.0299,4U 1636-536,16:40:53.3,-53:45:22,2008-06-08,03:55:20.6,2454625.6634,120.0,1.1,J,J,,,,missingreplog_4U1636-536.csv,,,Data replog,,,4U1636-536,True,IR
ir080524.0159,4U 1636-536,16:40:53.9,-53:45:19,2008-05-25,04:30:23.4,2454611.6878,150.0,1.1,H,H,,,,missingreplog_4U1636-536.csv,,,Data replog,,,4U1636-536,True,IR
ir080524.0157,4U 1636-536,16:40:53.8,-53:45:19,2008-05-25,04:24:41.8,2454611.6838,120.0,1.11,J,J,,,,missingreplog_4U1636-536.csv,,,Data replog,,,4U1636-536,True,IR
ir080524.0156,4U 1636-536,16:40:53.7,-53:45:19,2008-05-25,04:22:25.6,2454611.6822,120.0,1.11,J,J,,,,missingreplog_4U1636-536.csv,,,Data replog,,,4U1636-536,True,IR
ir080524.0155,4U 1636-536,16:40:53.6,-53:45:19,2008-05-25,04:20:09.4,2454611.6807,120.0,1.11,J,J,,,,missingreplog_4U1636-536.csv,,,Data replog,,,4U1636-536,True,IR
ir080524.0154,4U 1636-536,16:40:53.6,-53:45:19,2008-05-25,04:17:53.1,2454611.6791,120.0,1.11,J,J,,,,missingreplog_4U1636-536.csv,,,Data replog,,,4U1636-536,True,IR
ir080523.0256,4U 1636-536,16:40:53.4,-53:45:07,2008-05-24,05:53:37.4,2454610.7456,150.0,1.1,H,H,,,,missingreplog_4U1636-536.csv,,,Data replog,,,4U1636-536,True,IR
ir080523.0255,4U 1636-536,16:40:53.4,-53:45:06,2008-05-24,05:50:51.1,2454610.7437,150.0,1.1,H,H,,,,missingreplog_4U1636-536.csv,,,Data replog,,,4U1636-536,True,IR
ir080523.0254,4U 1636-536,16:40:53.4,-53:45:05,2008-05-24,05:48:04.9,2454610.7417,150.0,1.1,H,H,,,,missingreplog_4U1636-536.csv,,,Data replog,,,4U1636-536,True,IR
ir080523.0253,4U 1636-536,16:40:53.4,-53:45:05,2008-05-24,05:45:18.7,2454610.7398,150.0,1.1,H,H,,,,missingreplog_4U1636-536.csv,,,Data replog,,,4U1636-536,True,IR
ir080523.0252,4U 1636-536,16:40:53.3,-53:45:08,2008-05-24,05:42:22.9,2454610.7378,120.0,1.1,J,J,,,,missingreplog_4U1636-536.csv,,,Data replog,,,4U1636-536,True,IR
ir080523.0251,4U 1636-536,16:40:53.3,-53:45:08,2008-05-24,05:40:06.6,2454610.7362,120.0,1.1,J,J,,,,missingreplog_4U1636-536.csv,,,Data replog,,,4U1636-536,True,IR
ir080523.0250,4U 1636-536,16:40:53.2,-53:45:08,2008-05-24,05:37:50.3,2454610.7346,120.0,1.1,J,J,,,,missingreplog_4U1636-536.csv,,,Data replog,,,4U1636-536,True,IR
ir080523.0249,4U 1636-536,16:40:53.2,-53:45:07,2008-05-24,05:35:34.1,2454610.733,120.0,1.09,J,J,,,,missingreplog_4U1636-536.csv,,,Data replog,,,4U1636-536,True,IR
ir080522.0103,4U 1636-536,16:40:53.4,-53:45:19,2008-05-23,06:34:54.8,2454609.7742,150.0,1.13,H,H,,,,missingreplog_4U1636-536.csv,,,Data replog,,,4U1636-536,True,IR
ir080522.0102,4U 1636-536,16:40:53.4,-53:45:19,2008-05-23,06:32:08.4,2454609.7723,150.0,1.12,H,H,,,,missingreplog_4U1636-536.csv,,,Data replog,,,4U1636-536,True,IR
ir080522.0101,4U 1636-536,16:40:53.4,-53:45:20,2008-05-23,06:29:22.0,2454609.7704,150.0,1.12,H,H,,,,missingreplog_4U1636-536.csv,,,Data replog,,,4U1636-536,True,IR
ir080522.0100,4U 1636-536,16:40:53.3,-53:45:20,2008-05-23,06:26:35.7,2454609.7685,150.0,1.12,H,H,,,,missingreplog_4U1636-536.csv,,,Data replog,,,4U1636-536,True,IR
ir080522.0099,4U 1636-536,16:40:53.3,-53:45:21,2008-05-23,06:23:39.3,2454609.7664,120.0,1.12,J,J,,,,missingreplog_4U1636-536.csv,,,Data replog,,,4U1636-536,True,IR
ir080522.0098,4U 1636-536,16:40:53.3,-53:45:20,2008-05-23,06:21:22.8,2454609.7648,120.0,1.12,J,J,,,,missingreplog_4U1636-536.csv,,,Data replog,,,4U1636-536,True,IR
ir080522.0097,4U 1636-536,16:40:53.2,-53:45:21,2008-05-23,06:19:06.4,2454609.7633,120.0,1.11,J,J,,,,missingreplog_4U1636-536.csv,,,Data replog,,,4U1636-536,True,IR
ir080522.0096,4U 1636-536,16:40:53.2,-53:45:20,2008-05-23,06:16:50.1,2454609.7617,120.0,1.11,J,J,,,,missingreplog_4U1636-536.csv,,,Data replog,,,4U1636-536,True,IR
ir080521.0205,4U 1636-536,16:40:55.4,-53:45:11,2008-05-22,08:41:28.5,2454608.8621,150.0,1.36,H,H,,,,missingreplog_4U1636-536.csv,,,Data replog,,,4U1636-536,True,IR
ir080521.0204,4U 1636-536,16:40:55.5,-53:45:11,2008-05-22,08:38:42.2,2454608.8602,150.0,1.35,H,H,,,,missingreplog_4U1636-536.csv,,,Data replog,,,4U1636-536,True,IR
ir080521.0203,4U 1636-536,16:40:55.6,-53:45:10,2008-05-22,08:35:56.0,2454608.8583,150.0,1.34,H,H,,,,missingreplog_4U1636-536.csv,,,Data replog,,,4U1636-536,True,IR
ir080524.0158,4U 1636-536,16:40:53.9,-53:45:18,2008-05-25,04:27:37.3,2454611.6859,150.0,1.1,H,H,,,,missingreplog_4U1636-536.csv,,,Data replog,,,4U1636-536,True,IR
ir080524.0160,4U 1636-536,16:40:53.8,-53:45:19,2008-05-25,04:33:09.5,2454611.6897,150.0,1.1,H,H,,,,missingreplog_4U1636-536.csv,,,Data replog,,,4U1636-536,True,IR
ir080606.0312,4U 1636-536,16:40:53.9,-53:45:02,2008-06-07,06:33:05.9,2454624.773,150.0,1.2,H,H,,,,missingreplog_4U1636-536.csv,,,Data replog,,,4U1636-536,True,IR
ir080524.0161,4U 1636-536,16:40:53.8,-53:45:20,2008-05-25,04:35:55.6,2454611.6916,150.0,1.1,H,H,,,,missingreplog_4U1636-536.csv,,,Data replog,,,4U1636-536,True,IR
ir080606.0311,4U 1636-536,16:40:53.9,-53:45:02,2008-06-07,06:30:19.7,2454624.7711,150.0,1.2,H,H,,,,missingreplog_4U1636-536.csv,,,Data replog,,,4U1636-536,True,IR
ir080606.0310,4U 1636-536,16:40:53.9,-53:45:01,2008-06-07,06:27:33.5,2454624.7691,150.0,1.19,H,H,,,,missingreplog_4U1636-536.csv,,,Data replog,,,4U1636-536,True,IR
ir080606.0309,4U 1636-536,16:40:53.9,-53:45:00,2008-06-07,06:24:47.5,2454624.7672,150.0,1.19,H,H,,,,missingreplog_4U1636-536.csv,,,Data replog,,,4U1636-536,True,IR
ir080606.0308,4U 1636-536,16:40:53.9,-53:45:00,2008-06-07,06:21:51.2,2454624.7652,120.0,1.18,J,J,,,,missingreplog_4U1636-536.csv,,,Data replog,,,4U1636-536,True,IR
ir080606.0307,4U 1636-536,16:40:53.9,-53:45:00,2008-06-07,06:19:35.1,2454624.7636,120.0,1.18,J,J,,,,missingreplog_4U1636-536.csv,,,Data replog,,,4U1636-536,True,IR
ir080606.0306,4U 1636-536,16:40:53.9,-53:45:00,2008-06-07,06:17:19.1,2454624.762,120.0,1.18,J,J,,,,missingreplog_4U1636-536.csv,,,Data replog,,,4U1636-536,True,IR
ir080606.0305,4U 1636-536,16:40:53.9,-53:45:00,2008-06-07,06:15:02.7,2454624.7604,120.0,1.17,J,J,,,,missingreplog_4U1636-536.csv,,,Data replog,,,4U1636-536,True,IR
ir080605.0304,4U 1636-536,16:40:55.3,-53:45:03,2008-06-06,04:48:50.1,2454623.7006,150.0,1.1,H,H,,,,missingreplog_4U1636-536.csv,,,Data replog,,,4U1636-536,True,IR
ir080605.0303,4U 1636-536,16:40:55.3,-53:45:02,2008-06-06,04:46:03.6,2454623.6987,150.0,1.1,H,H,,,,missingreplog_4U1636-536.csv,,,Data replog,,,4U1636-536,True,IR
ir080605.0302,4U 1636-536,16:40:55.3,-53:45:02,2008-06-06,04:43:17.2,2454623.6967,150.0,1.09,H,H,,,,missingreplog_4U1636-536.csv,,,Data replog,,,4U1636-536,True,IR
ir080605.0301,4U 1636-536,16:40:55.3,-53:45:02,2008-06-06,04:40:31.0,2454623.6948,150.0,1.09,H,H,,,,missingreplog_4U1636-536.csv,,,Data replog,,,4U1636-536,True,IR
ir080605.0300,4U 1636-536,16:40:55.3,-53:45:02,2008-06-06,04:37:34.2,2454623.6928,120.0,1.09,J,J,,,,missingreplog_4U1636-536.csv,,,Data replog,,,4U1636-536,True,IR
ir080605.0299,4U 1636-536,16:40:55.4,-53:45:03,2008-06-06,04:35:17.7,2454623.6912,120.0,1.09,J,J,,,,missingreplog_4U1636-536.csv,,,Data replog,,,4U1636-536,True,IR
ir080605.0298,4U 1636-536,16:40:55.4,-53:45:03,2008-06-06,04:33:01.3,2454623.6896,120.0,1.09,J,J,,,,missingreplog_4U1636-536.csv,,,Data replog,,,4U1636-536,True,IR
ir080605.0297,4U 1636-536,16:40:55.4,-53:45:04,2008-06-06,04:30:44.9,2454623.688,120.0,1.09,J,J,,,,missingreplog_4U1636-536.csv,,,Data replog,,,4U1636-536,True,IR
ir080525.0127,4U 1636-536,16:40:53.9,-53:45:12,2008-05-26,05:27:53.7,2454612.7277,150.0,1.09,H,H,,,,missingreplog_4U1636-536.csv,,,Data replog,,,4U1636-536,True,IR
ir080525.0126,4U 1636-536,16:40:53.9,-53:45:11,2008-05-26,05:25:07.6,2454612.7258,150.0,1.09,H,H,,,,missingreplog_4U1636-536.csv,,,Data replog,,,4U1636-536,True,IR
ir080525.0125,4U 1636-536,16:40:54.0,-53:45:11,2008-05-26,05:22:21.1,2454612.7239,150.0,1.09,H,H,,,,missingreplog_4U1636-536.csv,,,Data replog,,,4U1636-536,True,IR
ir080525.0124,4U 1636-536,16:40:54.0,-53:45:11,2008-05-26,05:19:35.0,2454612.7219,150.0,1.09,H,H,,,,missingreplog_4U1636-536.csv,,,Data replog,,,4U1636-536,True,IR
ir080525.0123,4U 1636-536,16:40:54.1,-53:45:11,2008-05-26,05:16:38.9,2454612.7199,120.0,1.09,J,J,,,,missingreplog_4U1636-536.csv,,,Data replog,,,4U1636-536,True,IR
ir080525.0122,4U 1636-536,16:40:54.1,-53:45:11,2008-05-26,05:14:22.8,2454612.7183,120.0,1.09,J,J,,,,missingreplog_4U1636-536.csv,,,Data replog,,,4U1636-536,True,IR
ir080525.0121,4U 1636-536,16:40:54.1,-53:45:12,2008-05-26,05:12:06.5,2454612.7168,120.0,1.09,J,J,,,,missingreplog_4U1636-536.csv,,,Data replog,,,4U1636-536,True,IR
ir080525.0120,4U 1636-536,16:40:54.1,-53:45:12,2008-05-26,05:09:50.3,2454612.7152,120.0,1.09,J,J,,,,missingreplog_4U1636-536.csv,,,Data replog,,,4U1636-536,True,IR
ir080502.0172,4U 1636-536,16:40:55.7,-53:45:03,2008-05-03,04:50:14.2,2454589.7016,150.0,1.16,H,H,,,,missingreplog_4U1636-536.csv,,,Data replog,,,4U1636-536,True,IR
ir080502.0170,4U 1636-536,16:40:55.5,-53:45:03,2008-05-03,04:44:32.8,2454589.6976,120.0,1.17,J,J,,,,missingreplog_4U1636-536.csv,,,Data replog,,,4U1636-536,True,IR
ir080409.0232,4U 1636-536,16:40:55.5,-53:45:09,2008-04-10,06:50:55.0,2454566.7854,120.0,1.13,J,J,,,,missingreplog_4U1636-536.csv,,,Data replog,,,4U1636-536,True,IR
ir080407.0147,4U 1636-536,16:40:55.1,-53:45:07,2008-04-08,05:08:30.3,2454564.7143,150.0,1.33,H,H,,,,missingreplog_4U1636-536.csv,,,Data replog,,,4U1636-536,True,IR
ir080412.0317,4U 1636-536,16:40:53.5,-53:45:10,2008-04-13,07:24:53.1,2454569.8089,120.0,1.1,J,J,,,,missingreplog_4U1636-536.csv,,,Data replog,,,4U1636-536,True,IR
ir080412.0316,4U 1636-536,16:40:53.6,-53:45:11,2008-04-13,07:22:37.2,2454569.8074,120.0,1.1,J,J,,,,missingreplog_4U1636-536.csv,,,Data replog,,,4U1636-536,True,IR
ir080410.0262,4U 1636-536,16:40:54.4,-53:45:21,2008-04-11,07:50:41.0,2454567.8269,150.0,1.09,H,H,,,,missingreplog_4U1636-536.csv,,,Data replog,,,4U1636-536,True,IR
ir080410.0261,4U 1636-536,16:40:54.4,-53:45:21,2008-04-11,07:47:54.8,2454567.8249,150.0,1.09,H,H,,,,missingreplog_4U1636-536.csv,,,Data replog,,,4U1636-536,True,IR
ir080410.0260,4U 1636-536,16:40:54.3,-53:45:21,2008-04-11,07:45:08.7,2454567.823,150.0,1.09,H,H,,,,missingreplog_4U1636-536.csv,,,Data replog,,,4U1636-536,True,IR
ir080410.0259,4U 1636-536,16:40:54.3,-53:45:20,2008-04-11,07:42:22.6,2454567.8211,150.0,1.1,H,H,,,,missingreplog_4U1636-536.csv,,,Data replog,,,4U1636-536,True,IR
ir080410.0258,4U 1636-536,16:40:54.3,-53:45:20,2008-04-11,07:39:26.5,2454567.8191,120.0,1.1,J,J,,,,missingreplog_4U1636-536.csv,,,Data replog,,,4U1636-536,True,IR
ir080410.0257,4U 1636-536,16:40:54.3,-53:45:20,2008-04-11,07:37:10.2,2454567.8175,120.0,1.1,J,J,,,,missingreplog_4U1636-536.csv,,,Data replog,,,4U1636-536,True,IR
ir080410.0256,4U 1636-536,16:40:54.3,-53:45:20,2008-04-11,07:34:54.0,2454567.8159,120.0,1.1,J,J,,,,missingreplog_4U1636-536.csv,,,Data replog,,,4U1636-536,True,IR
ir080410.0255,4U 1636-536,16:40:54.4,-53:45:20,2008-04-11,07:32:38.0,2454567.8143,120.0,1.1,J,J,,,,missingreplog_4U1636-536.csv,,,Data replog,,,4U1636-536,True,IR
ir080407.0148,4U 1636-536,16:40:54.9,-53:45:07,2008-04-08,05:11:16.3,2454564.7162,150.0,1.32,H,H,,,,missingreplog_4U1636-536.csv,,,Data replog,,,4U1636-536,True,IR
ir080407.0146,4U 1636-536,16:40:55.2,-53:45:07,2008-04-08,05:05:44.2,2454564.7123,150.0,1.34,H,H,,,,missingreplog_4U1636-536.csv,,,Data replog,,,4U1636-536,True,IR
ir080405.0231,4U 1636-536,16:40:56.0,-53:45:02,2008-04-06,05:10:52.8,2454562.7159,120.0,1.35,J,J,,,,missingreplog_4U1636-536.csv,,,Data replog,,,4U1636-536,True,IR
ir080407.0145,4U 1636-536,16:40:55.2,-53:45:07,2008-04-08,05:02:58.2,2454564.7104,150.0,1.35,H,H,,,,missingreplog_4U1636-536.csv,,,Data replog,,,4U1636-536,True,IR
ir080407.0144,4U 1636-536,16:40:55.3,-53:45:07,2008-04-08,05:00:02.8,2454564.7084,120.0,1.36,J,J,,,,missingreplog_4U1636-536.csv,,,Data replog,,,4U1636-536,True,IR
ir080407.0143,4U 1636-536,16:40:55.3,-53:45:07,2008-04-08,04:57:46.8,2454564.7068,120.0,1.36,J,J,,,,missingreplog_4U1636-536.csv,,,Data replog,,,4U1636-536,True,IR
ir080407.0142,4U 1636-536,16:40:55.2,-53:45:07,2008-04-08,04:55:30.7,2454564.7052,120.0,1.37,J,J,,,,missingreplog_4U1636-536.csv,,,Data replog,,,4U1636-536,True,IR
ir080407.0141,4U 1636-536,16:40:55.4,-53:45:07,2008-04-08,04:53:14.9,2454564.7037,120.0,1.38,J,J,,,,missingreplog_4U1636-536.csv,,,Data replog,,,4U1636-536,True,IR
ir080405.0238,4U 1636-536,16:40:55.6,-53:45:03,2008-04-06,05:28:23.8,2454562.7281,150.0,1.3,H,H,,,,missingreplog_4U1636-536.csv,,,Data replog,,,4U1636-536,True,IR
ir080405.0237,4U 1636-536,16:40:55.6,-53:45:03,2008-04-06,05:25:37.8,2454562.7261,150.0,1.31,H,H,,,,missingreplog_4U1636-536.csv,,,Data replog,,,4U1636-536,True,IR
ir080405.0236,4U 1636-536,16:40:55.6,-53:45:03,2008-04-06,05:22:51.9,2454562.7242,150.0,1.31,H,H,,,,missingreplog_4U1636-536.csv,,,Data replog,,,4U1636-536,True,IR
ir080405.0235,4U 1636-536,16:40:55.7,-53:45:02,2008-04-06,05:20:06.2,2454562.7223,150.0,1.32,H,H,,,,missingreplog_4U1636-536.csv,,,Data replog,,,4U1636-536,True,IR
ir080405.0234,4U 1636-536,16:40:55.8,-53:45:02,2008-04-06,05:17:40.6,2454562.7206,120.0,1.33,J,J,,,,missingreplog_4U1636-536.csv,,,Data replog,,,4U1636-536,True,IR
ir080405.0233,4U 1636-536,16:40:55.9,-53:45:02,2008-04-06,05:15:24.5,2454562.719,120.0,1.33,J,J,,,,missingreplog_4U1636-536.csv,,,Data replog,,,4U1636-536,True,IR
ir080412.0318,4U 1636-536,16:40:53.5,-53:45:10,2008-04-13,07:27:09.2,2454569.8105,120.0,1.1,J,J,,,,missingreplog_4U1636-536.csv,,,Data replog,,,4U1636-536,True,IR
ir080412.0319,4U 1636-536,16:40:53.5,-53:45:10,2008-04-13,07:29:25.2,2454569.8121,120.0,1.1,J,J,,,,missingreplog_4U1636-536.csv,,,Data replog,,,4U1636-536,True,IR
ir080412.0320,4U 1636-536,16:40:53.4,-53:45:10,2008-04-13,07:32:20.4,2454569.8141,150.0,1.1,H,H,,,,missingreplog_4U1636-536.csv,,,Data replog,,,4U1636-536,True,IR
ir080412.0321,4U 1636-536,16:40:53.4,-53:45:11,2008-04-13,07:35:06.2,2454569.816,150.0,1.1,H,H,,,,missingreplog_4U1636-536.csv,,,Data replog,,,4U1636-536,True,IR
ir080415.0152,4U 1636-536,16:40:53.6,-53:45:23,2008-04-16,07:17:09.1,2454572.8036,150.0,1.1,H,H,,,,missingreplog_4U1636-536.csv,,,Data replog,,,4U1636-536,True,IR
ir080415.0151,4U 1636-536,16:40:53.6,-53:45:22,2008-04-16,07:14:13.9,2454572.8015,120.0,1.1,J,J,,,,missingreplog_4U1636-536.csv,,,Data replog,,,4U1636-536,True,IR
ir080415.0150,4U 1636-536,16:40:53.6,-53:45:22,2008-04-16,07:11:57.9,2454572.8,120.0,1.1,J,J,,,,missingreplog_4U1636-536.csv,,,Data replog,,,4U1636-536,True,IR
ir080415.0149,4U 1636-536,16:40:53.6,-53:45:22,2008-04-16,07:09:41.9,2454572.7984,120.0,1.1,J,J,,,,missingreplog_4U1636-536.csv,,,Data replog,,,4U1636-536,True,IR
ir080415.0148,4U 1636-536,16:40:53.6,-53:45:22,2008-04-16,07:07:26.0,2454572.7968,120.0,1.1,J,J,,,,missingreplog_4U1636-536.csv,,,Data replog,,,4U1636-536,True,IR
ir080414.0203,4U 1636-536,16:40:54.7,-53:45:15,2008-04-15,05:15:37.1,2454571.7192,150.0,1.24,H,H,,,,missingreplog_4U1636-536.csv,,,Data replog,,,4U1636-536,True,IR
ir080414.0202,4U 1636-536,16:40:54.7,-53:45:15,2008-04-15,05:12:51.2,2454571.7173,150.0,1.25,H,H,,,,missingreplog_4U1636-536.csv,,,Data replog,,,4U1636-536,True,IR
ir080414.0201,4U 1636-536,16:40:54.6,-53:45:15,2008-04-15,05:10:05.1,2454571.7153,150.0,1.26,H,H,,,,missingreplog_4U1636-536.csv,,,Data replog,,,4U1636-536,True,IR
ir080414.0200,4U 1636-536,16:40:54.6,-53:45:16,2008-04-15,05:07:19.1,2454571.7134,150.0,1.26,H,H,,,,missingreplog_4U1636-536.csv,,,Data replog,,,4U1636-536,True,IR
ir080414.0199,4U 1636-536,16:40:54.6,-53:45:15,2008-04-15,05:04:24.0,2454571.7114,120.0,1.27,J,J,,,,missingreplog_4U1636-536.csv,,,Data replog,,,4U1636-536,True,IR
ir080414.0198,4U 1636-536,16:40:54.5,-53:45:15,2008-04-15,05:02:08.1,2454571.7098,120.0,1.28,J,J,,,,missingreplog_4U1636-536.csv,,,Data replog,,,4U1636-536,True,IR
ir080414.0197,4U 1636-536,16:40:54.5,-53:45:14,2008-04-15,04:59:51.9,2454571.7082,120.0,1.28,J,J,,,,missingreplog_4U1636-536.csv,,,Data replog,,,4U1636-536,True,IR
ir080414.0196,4U 1636-536,16:40:54.5,-53:45:14,2008-04-15,04:57:36.0,2454571.7067,120.0,1.29,J,J,,,,missingreplog_4U1636-536.csv,,,Data replog,,,4U1636-536,True,IR
ir080413.0164,4U 1636-536,16:40:54.6,-53:45:04,2008-04-14,05:09:53.4,2454570.7152,150.0,1.27,H,H,,,,missingreplog_4U1636-536.csv,,,Data replog,,,4U1636-536,True,IR
ir080413.0163,4U 1636-536,16:40:54.6,-53:45:03,2008-04-14,05:07:07.3,2454570.7133,150.0,1.27,H,H,,,,missingreplog_4U1636-536.csv,,,Data replog,,,4U1636-536,True,IR
ir080413.0162,4U 1636-536,16:40:54.5,-53:45:02,2008-04-14,05:04:21.4,2454570.7114,150.0,1.28,H,H,,,,missingreplog_4U1636-536.csv,,,Data replog,,,4U1636-536,True,IR
ir080413.0161,4U 1636-536,16:40:54.5,-53:45:02,2008-04-14,05:01:35.4,2454570.7094,150.0,1.29,H,H,,,,missingreplog_4U1636-536.csv,,,Data replog,,,4U1636-536,True,IR
ir080413.0160,4U 1636-536,16:40:54.5,-53:45:02,2008-04-14,04:58:39.9,2454570.7074,120.0,1.29,J,J,,,,missingreplog_4U1636-536.csv,,,Data replog,,,4U1636-536,True,IR
ir080413.0159,4U 1636-536,16:40:54.5,-53:45:02,2008-04-14,04:56:23.9,2454570.7058,120.0,1.3,J,J,,,,missingreplog_4U1636-536.csv,,,Data replog,,,4U1636-536,True,IR
ir080413.0158,4U 1636-536,16:40:54.5,-53:45:02,2008-04-14,04:54:07.9,2454570.7043,120.0,1.31,J,J,,,,missingreplog_4U1636-536.csv,,,Data replog,,,4U1636-536,True,IR
ir080413.0157,4U 1636-536,16:40:54.5,-53:45:02,2008-04-14,04:51:52.1,2454570.7027,120.0,1.31,J,J,,,,missingreplog_4U1636-536.csv,,,Data replog,,,4U1636-536,True,IR
ir080412.0323,4U 1636-536,16:40:53.4,-53:45:11,2008-04-13,07:40:38.3,2454569.8199,150.0,1.09,H,H,,,,missingreplog_4U1636-536.csv,,,Data replog,,,4U1636-536,True,IR
ir080412.0322,4U 1636-536,16:40:53.4,-53:45:10,2008-04-13,07:37:52.2,2454569.818,150.0,1.09,H,H,,,,missingreplog_4U1636-536.csv,,,Data replog,,,4U1636-536,True,IR
ir080405.0232,4U 1636-536,16:40:56.0,-53:45:02,2008-04-06,05:13:08.6,2454562.7175,120.0,1.34,J,J,,,,missingreplog_4U1636-536.csv,,,Data replog,,,4U1636-536,True,IR
ir080404.0158,4U 1636-536,16:40:55.7,-53:45:06,2008-04-05,04:49:11.9,2454561.7008,150.0,1.44,H,H,,,,missingreplog_4U1636-536.csv,,,Data replog,,,4U1636-536,True,IR
ir080502.0169,4U 1636-536,16:40:55.5,-53:45:03,2008-05-03,04:42:16.6,2454589.696,120.0,1.18,J,J,,,,missingreplog_4U1636-536.csv,,,Data replog,,,4U1636-536,True,IR
ir080426.0214,4U 1636-536,16:40:54.0,-53:45:01,2008-04-27,07:53:58.2,2454583.8292,150.0,1.11,H,H,,,,missingreplog_4U1636-536.csv,,,Data replog,,,4U1636-536,True,IR
ir080401.0195,4U 1636-536,16:40:55.6,-53:45:03,2008-04-02,06:39:30.1,2454558.7774,120.0,1.18,J,J,,,,missingreplog_4U1636-536.csv,,,Data replog,,,4U1636-536,True,IR
ir080401.0194,4U 1636-536,16:40:55.5,-53:45:04,2008-04-02,06:37:14.1,2454558.7759,120.0,1.19,J,J,,,,missingreplog_4U1636-536.csv,,,Data replog,,,4U1636-536,True,IR
ir080401.0193,4U 1636-536,16:40:55.5,-53:45:04,2008-04-02,06:34:58.2,2454558.7743,120.0,1.19,J,J,,,,missingreplog_4U1636-536.csv,,,Data replog,,,4U1636-536,True,IR
ir080513.0376,4U 1636-536,16:40:53.1,-53:45:00,2008-05-14,07:44:37.2,2454600.8226,150.0,1.17,H,H,,,,missingreplog_4U1636-536.csv,,,Data replog,,,4U1636-536,True,IR
ir080513.0375,4U 1636-536,16:40:53.1,-53:45:00,2008-05-14,07:41:51.0,2454600.8207,150.0,1.16,H,H,,,,missingreplog_4U1636-536.csv,,,Data replog,,,4U1636-536,True,IR
ir080513.0374,4U 1636-536,16:40:53.1,-53:45:00,2008-05-14,07:39:04.7,2454600.8188,150.0,1.16,H,H,,,,missingreplog_4U1636-536.csv,,,Data replog,,,4U1636-536,True,IR
ir080513.0373,4U 1636-536,16:40:53.0,-53:45:00,2008-05-14,07:36:18.8,2454600.8169,150.0,1.15,H,H,,,,missingreplog_4U1636-536.csv,,,Data replog,,,4U1636-536,True,IR
ir080513.0372,4U 1636-536,16:40:52.9,-53:45:00,2008-05-14,07:33:22.8,2454600.8149,120.0,1.15,J,J,,,,missingreplog_4U1636-536.csv,,,Data replog,,,4U1636-536,True,IR
ir080513.0371,4U 1636-536,16:40:52.9,-53:45:00,2008-05-14,07:31:06.6,2454600.8133,120.0,1.15,J,J,,,,missingreplog_4U1636-536.csv,,,Data replog,,,4U1636-536,True,IR
ir080513.0370,4U 1636-536,16:40:52.9,-53:45:01,2008-05-14,07:28:50.5,2454600.8117,120.0,1.15,J,J,,,,missingreplog_4U1636-536.csv,,,Data replog,,,4U1636-536,True,IR
ir080513.0369,4U 1636-536,16:40:52.9,-53:45:01,2008-05-14,07:26:34.4,2454600.8101,120.0,1.14,J,J,,,,missingreplog_4U1636-536.csv,,,Data replog,,,4U1636-536,True,IR
ir080426.0213,4U 1636-536,16:40:54.0,-53:45:02,2008-04-27,07:51:12.0,2454583.8272,150.0,1.11,H,H,,,,missingreplog_4U1636-536.csv,,,Data replog,,,4U1636-536,True,IR
ir080404.0157,4U 1636-536,16:40:55.6,-53:45:06,2008-04-05,04:46:25.9,2454561.6989,150.0,1.45,H,H,,,,missingreplog_4U1636-536.csv,,,Data replog,,,4U1636-536,True,IR
ir080426.0212,4U 1636-536,16:40:54.0,-53:45:02,2008-04-27,07:48:25.9,2454583.8253,150.0,1.11,H,H,,,,missingreplog_4U1636-536.csv,,,Data replog,,,4U1636-536,True,IR
ir080426.0211,4U 1636-536,16:40:53.9,-53:45:02,2008-04-27,07:45:39.9,2454583.8234,150.0,1.1,H,H,,,,missingreplog_4U1636-536.csv,,,Data replog,,,4U1636-536,True,IR
ir080426.0210,4U 1636-536,16:40:53.9,-53:45:02,2008-04-27,07:42:43.8,2454583.8213,120.0,1.1,J,J,,,,missingreplog_4U1636-536.csv,,,Data replog,,,4U1636-536,True,IR
ir080426.0209,4U 1636-536,16:40:53.9,-53:45:03,2008-04-27,07:40:27.7,2454583.8198,120.0,1.1,J,J,,,,missingreplog_4U1636-536.csv,,,Data replog,,,4U1636-536,True,IR
ir080426.0208,4U 1636-536,16:40:53.9,-53:45:02,2008-04-27,07:38:11.7,2454583.8182,120.0,1.1,J,J,,,,missingreplog_4U1636-536.csv,,,Data replog,,,4U1636-536,True,IR
ir080426.0207,4U 1636-536,16:40:53.9,-53:45:03,2008-04-27,07:35:55.7,2454583.8166,120.0,1.1,J,J,,,,missingreplog_4U1636-536.csv,,,Data replog,,,4U1636-536,True,IR
ir080409.0237,4U 1636-536,16:40:55.2,-53:45:08,2008-04-10,07:04:24.1,2454566.7947,150.0,1.12,H,H,,,,missingreplog_4U1636-536.csv,,,Data replog,,,4U1636-536,True,IR
ir080409.0236,4U 1636-536,16:40:55.3,-53:45:08,2008-04-10,07:01:38.1,2454566.7928,150.0,1.12,H,H,,,,missingreplog_4U1636-536.csv,,,Data replog,,,4U1636-536,True,IR
ir080409.0235,4U 1636-536,16:40:55.4,-53:45:08,2008-04-10,06:58:52.0,2454566.7909,150.0,1.12,H,H,,,,missingreplog_4U1636-536.csv,,,Data replog,,,4U1636-536,True,IR
ir080409.0234,4U 1636-536,16:40:55.4,-53:45:08,2008-04-10,06:56:06.2,2454566.789,150.0,1.12,H,H,,,,missingreplog_4U1636-536.csv,,,Data replog,,,4U1636-536,True,IR
ir080409.0233,4U 1636-536,16:40:55.5,-53:45:09,2008-04-10,06:53:11.0,2454566.7869,120.0,1.13,J,J,,,,missingreplog_4U1636-536.csv,,,Data replog,,,4U1636-536,True,IR
ir080401.0196,4U 1636-536,16:40:55.7,-53:45:03,2008-04-02,06:41:46.0,2454558.779,120.0,1.18,J,J,,,,missingreplog_4U1636-536.csv,,,Data replog,,,4U1636-536,True,IR
ir080401.0197,4U 1636-536,16:40:55.8,-53:45:03,2008-04-02,06:44:11.7,2454558.7807,150.0,1.18,H,H,,,,missingreplog_4U1636-536.csv,,,Data replog,,,4U1636-536,True,IR
ir080401.0198,4U 1636-536,16:40:55.9,-53:45:03,2008-04-02,06:46:57.5,2454558.7826,150.0,1.17,H,H,,,,missingreplog_4U1636-536.csv,,,Data replog,,,4U1636-536,True,IR
ir080401.0199,4U 1636-536,16:40:56.0,-53:45:03,2008-04-02,06:49:43.6,2454558.7845,150.0,1.17,H,H,,,,missingreplog_4U1636-536.csv,,,Data replog,,,4U1636-536,True,IR
ir080404.0156,4U 1636-536,16:40:55.5,-53:45:06,2008-04-05,04:43:39.9,2454561.697,150.0,1.46,H,H,,,,missingreplog_4U1636-536.csv,,,Data replog,,,4U1636-536,True,IR
ir080404.0155,4U 1636-536,16:40:55.5,-53:45:06,2008-04-05,04:40:54.1,2454561.6951,150.0,1.47,H,H,,,,missingreplog_4U1636-536.csv,,,Data replog,,,4U1636-536,True,IR
ir080404.0154,4U 1636-536,16:40:55.4,-53:45:06,2008-04-05,04:38:28.1,2454561.6934,120.0,1.48,J,J,,,,missingreplog_4U1636-536.csv,,,Data replog,,,4U1636-536,True,IR
ir080404.0153,4U 1636-536,16:40:55.4,-53:45:06,2008-04-05,04:36:12.2,2454561.6918,120.0,1.49,J,J,,,,missingreplog_4U1636-536.csv,,,Data replog,,,4U1636-536,True,IR
ir080404.0152,4U 1636-536,16:40:55.3,-53:45:06,2008-04-05,04:33:56.2,2454561.6902,120.0,1.5,J,J,,,,missingreplog_4U1636-536.csv,,,Data replog,,,4U1636-536,True,IR
ir080404.0151,4U 1636-536,16:40:55.4,-53:45:06,2008-04-05,04:31:40.2,2454561.6887,120.0,1.51,J,J,,,,missingreplog_4U1636-536.csv,,,Data replog,,,4U1636-536,True,IR
ir080403.0192,4U 1636-536,16:40:55.9,-53:45:03,2008-04-04,07:53:49.7,2454560.829,150.0,1.1,H,H,,,,missingreplog_4U1636-536.csv,,,Data replog,,,4U1636-536,True,IR
ir080403.0191,4U 1636-536,16:40:55.9,-53:45:03,2008-04-04,07:51:03.7,2454560.8271,150.0,1.1,H,H,,,,missingreplog_4U1636-536.csv,,,Data replog,,,4U1636-536,True,IR
ir080403.0190,4U 1636-536,16:40:55.9,-53:45:03,2008-04-04,07:48:17.6,2454560.8252,150.0,1.1,H,H,,,,missingreplog_4U1636-536.csv,,,Data replog,,,4U1636-536,True,IR
ir080403.0189,4U 1636-536,16:40:55.8,-53:45:03,2008-04-04,07:45:31.8,2454560.8233,150.0,1.11,H,H,,,,missingreplog_4U1636-536.csv,,,Data replog,,,4U1636-536,True,IR
ir080403.0188,4U 1636-536,16:40:55.7,-53:45:04,2008-04-04,07:43:05.7,2454560.8216,120.0,1.11,J,J,,,,missingreplog_4U1636-536.csv,,,Data replog,,,4U1636-536,True,IR
ir080403.0187,4U 1636-536,16:40:55.5,-53:45:03,2008-04-04,07:40:49.6,2454560.82,120.0,1.11,J,J,,,,missingreplog_4U1636-536.csv,,,Data replog,,,4U1636-536,True,IR
ir080403.0186,4U 1636-536,16:40:55.4,-53:45:04,2008-04-04,07:38:33.6,2454560.8185,120.0,1.11,J,J,,,,missingreplog_4U1636-536.csv,,,Data replog,,,4U1636-536,True,IR
ir080403.0185,4U 1636-536,16:40:55.4,-53:45:04,2008-04-04,07:36:17.7,2454560.8169,120.0,1.11,J,J,,,,missingreplog_4U1636-536.csv,,,Data replog,,,4U1636-536,True,IR
ir080402.0271,4U 1636-536,16:40:53.4,-53:45:25,2008-04-03,08:28:58.5,2454559.8534,150.0,1.09,H,H,,,,missingreplog_4U1636-536.csv,,,Data replog,,,4U1636-536,True,IR
ir080402.0270,4U 1636-536,16:40:53.4,-53:45:25,2008-04-03,08:26:12.2,2454559.8515,150.0,1.09,H,H,,,,missingreplog_4U1636-536.csv,,,Data replog,,,4U1636-536,True,IR
ir080402.0269,4U 1636-536,16:40:53.4,-53:45:25,2008-04-03,08:23:26.1,2454559.8496,150.0,1.09,H,H,,,,missingreplog_4U1636-536.csv,,,Data replog,,,4U1636-536,True,IR
ir080402.0268,4U 1636-536,16:40:53.5,-53:45:25,2008-04-03,08:20:39.9,2454559.8477,150.0,1.09,H,H,,,,missingreplog_4U1636-536.csv,,,Data replog,,,4U1636-536,True,IR
ir080402.0267,4U 1636-536,16:40:53.5,-53:45:26,2008-04-03,08:18:13.1,2454559.846,120.0,1.09,J,J,,,,missingreplog_4U1636-536.csv,,,Data replog,,,4U1636-536,True,IR
ir080402.0266,4U 1636-536,16:40:53.5,-53:45:26,2008-04-03,08:15:56.9,2454559.8444,120.0,1.1,J,J,,,,missingreplog_4U1636-536.csv,,,Data replog,,,4U1636-536,True,IR
ir080402.0265,4U 1636-536,16:40:53.5,-53:45:26,2008-04-03,08:13:40.7,2454559.8428,120.0,1.1,J,J,,,,missingreplog_4U1636-536.csv,,,Data replog,,,4U1636-536,True,IR
ir080402.0264,4U 1636-536,16:40:53.5,-53:45:26,2008-04-03,08:11:24.6,2454559.8413,120.0,1.1,J,J,,,,missingreplog_4U1636-536.csv,,,Data replog,,,4U1636-536,True,IR
ir080401.0200,4U 1636-536,16:40:56.1,-53:45:03,2008-04-02,06:52:29.6,2454558.7865,150.0,1.16,H,H,,,,missingreplog_4U1636-536.csv,,,Data replog,,,4U1636-536,True,IR
ir080415.0153,4U 1636-536,16:40:53.6,-53:45:23,2008-04-16,07:19:55.0,2454572.8055,150.0,1.1,H,H,,,,missingreplog_4U1636-536.csv,,,Data replog,,,4U1636-536,True,IR
ir080415.0154,4U 1636-536,16:40:53.6,-53:45:23,2008-04-16,07:22:41.0,2454572.8074,150.0,1.1,H,H,,,,missingreplog_4U1636-536.csv,,,Data replog,,,4U1636-536,True,IR
ir080415.0155,4U 1636-536,16:40:53.7,-53:45:23,2008-04-16,07:25:27.2,2454572.8093,150.0,1.1,H,H,,,,missingreplog_4U1636-536.csv,,,Data replog,,,4U1636-536,True,IR
ir080424.0037,4U 1636-536,16:40:54.0,-53:45:05,2008-04-25,07:21:54.3,2454581.8069,120.0,1.09,J,J,,,,missingreplog_4U1636-536.csv,,,Data replog,,,4U1636-536,True,IR
ir080425.0159,4U 1636-536,16:40:53.9,-53:45:14,2008-04-26,08:03:50.6,2454582.836,150.0,1.11,H,H,,,,missingreplog_4U1636-536.csv,,,Data replog,,,4U1636-536,True,IR
ir080425.0158,4U 1636-536,16:40:53.8,-53:45:14,2008-04-26,08:01:04.3,2454582.8341,150.0,1.11,H,H,,,,missingreplog_4U1636-536.csv,,,Data replog,,,4U1636-536,True,IR
ir080425.0157,4U 1636-536,16:40:53.8,-53:45:14,2008-04-26,07:58:18.2,2454582.8322,150.0,1.11,H,H,,,,missingreplog_4U1636-536.csv,,,Data replog,,,4U1636-536,True,IR
ir080425.0156,4U 1636-536,16:40:53.8,-53:45:14,2008-04-26,07:55:22.5,2454582.8301,120.0,1.11,J,J,,,,missingreplog_4U1636-536.csv,,,Data replog,,,4U1636-536,True,IR
ir080425.0155,4U 1636-536,16:40:53.8,-53:45:14,2008-04-26,07:53:06.2,2454582.8285,120.0,1.11,J,J,,,,missingreplog_4U1636-536.csv,,,Data replog,,,4U1636-536,True,IR
ir080425.0154,4U 1636-536,16:40:53.8,-53:45:15,2008-04-26,07:50:49.9,2454582.827,120.0,1.1,J,J,,,,missingreplog_4U1636-536.csv,,,Data replog,,,4U1636-536,True,IR
ir080425.0153,4U 1636-536,16:40:53.8,-53:45:15,2008-04-26,07:48:33.9,2454582.8254,120.0,1.1,J,J,,,,missingreplog_4U1636-536.csv,,,Data replog,,,4U1636-536,True,IR
ir080424.0041,4U 1636-536,16:40:54.0,-53:45:05,2008-04-25,07:33:09.2,2454581.8147,150.0,1.1,H,H,,,,missingreplog_4U1636-536.csv,,,Data replog,,,4U1636-536,True,IR
ir080424.0040,4U 1636-536,16:40:54.0,-53:45:05,2008-04-25,07:30:22.9,2454581.8128,150.0,1.1,H,H,,,,missingreplog_4U1636-536.csv,,,Data replog,,,4U1636-536,True,IR
ir080424.0039,4U 1636-536,16:40:54.0,-53:45:04,2008-04-25,07:27:36.7,2454581.8108,150.0,1.09,H,H,,,,missingreplog_4U1636-536.csv,,,Data replog,,,4U1636-536,True,IR
ir080424.0038,4U 1636-536,16:40:54.0,-53:45:05,2008-04-25,07:24:50.1,2454581.8089,150.0,1.09,H,H,,,,missingreplog_4U1636-536.csv,,,Data replog,,,4U1636-536,True,IR
ir080424.0036,4U 1636-536,16:40:54.0,-53:45:06,2008-04-25,07:19:38.0,2454581.8053,120.0,1.09,J,J,,,,missingreplog_4U1636-536.csv,,,Data replog,,,4U1636-536,True,IR
ir080416.0189,4U 1636-536,16:40:54.1,-53:45:15,2008-04-17,06:55:52.9,2454573.7888,120.0,1.1,J,J,,,,missingreplog_4U1636-536.csv,,,Data replog,,,4U1636-536,True,IR
ir080424.0035,4U 1636-536,16:40:54.1,-53:45:07,2008-04-25,07:17:21.7,2454581.8037,120.0,1.09,J,J,,,,missingreplog_4U1636-536.csv,,,Data replog,,,4U1636-536,True,IR
ir080424.0034,4U 1636-536,16:40:54.1,-53:45:08,2008-04-25,07:15:05.3,2454581.8021,120.0,1.09,J,J,,,,missingreplog_4U1636-536.csv,,,Data replog,,,4U1636-536,True,IR
ir080423.0209,4U 1636-536,16:40:55.8,-53:45:11,2008-04-24,06:26:31.1,2454580.7684,150.0,1.11,H,H,,,,missingreplog_4U1636-536.csv,,,Data replog,,,4U1636-536,True,IR
ir080423.0208,4U 1636-536,16:40:55.7,-53:45:11,2008-04-24,06:23:44.9,2454580.7665,150.0,1.11,H,H,,,,missingreplog_4U1636-536.csv,,,Data replog,,,4U1636-536,True,IR
ir080423.0207,4U 1636-536,16:40:55.5,-53:45:12,2008-04-24,06:20:58.6,2454580.7646,150.0,1.11,H,H,,,,missingreplog_4U1636-536.csv,,,Data replog,,,4U1636-536,True,IR
ir080423.0206,4U 1636-536,16:40:55.5,-53:45:12,2008-04-24,06:18:12.6,2454580.7626,150.0,1.11,H,H,,,,missingreplog_4U1636-536.csv,,,Data replog,,,4U1636-536,True,IR
ir080423.0205,4U 1636-536,16:40:55.4,-53:45:12,2008-04-24,06:15:16.6,2454580.7606,120.0,1.11,J,J,,,,missingreplog_4U1636-536.csv,,,Data replog,,,4U1636-536,True,IR
ir080423.0204,4U 1636-536,16:40:55.4,-53:45:12,2008-04-24,06:13:00.3,2454580.759,120.0,1.11,J,J,,,,missingreplog_4U1636-536.csv,,,Data replog,,,4U1636-536,True,IR
ir080423.0203,4U 1636-536,16:40:55.5,-53:45:13,2008-04-24,06:10:44.2,2454580.7575,120.0,1.12,J,J,,,,missingreplog_4U1636-536.csv,,,Data replog,,,4U1636-536,True,IR
ir080423.0202,4U 1636-536,16:40:55.5,-53:45:14,2008-04-24,06:08:28.1,2454580.7559,120.0,1.12,J,J,,,,missingreplog_4U1636-536.csv,,,Data replog,,,4U1636-536,True,IR
ir080422.0192,4U 1636-536,16:40:55.0,-53:45:09,2008-04-23,06:17:40.1,2454579.7623,150.0,1.11,H,H,,,,missingreplog_4U1636-536.csv,,,Data replog,,,4U1636-536,True,IR
ir080425.0160,4U 1636-536,16:40:53.9,-53:45:14,2008-04-26,08:06:36.7,2454582.8379,150.0,1.11,H,H,,,,missingreplog_4U1636-536.csv,,,Data replog,,,4U1636-536,True,IR
ir080427.0061,4U 1636-536,16:40:53.4,-53:45:18,2008-04-28,07:43:24.9,2454584.8218,120.0,1.1,J,J,,,,missingreplog_4U1636-536.csv,,,Data replog,,,4U1636-536,True,IR
ir080427.0062,4U 1636-536,16:40:53.3,-53:45:17,2008-04-28,07:45:41.1,2454584.8234,120.0,1.11,J,J,,,,missingreplog_4U1636-536.csv,,,Data replog,,,4U1636-536,True,IR
ir080427.0063,4U 1636-536,16:40:53.3,-53:45:17,2008-04-28,07:47:57.5,2454584.825,120.0,1.11,J,J,,,,missingreplog_4U1636-536.csv,,,Data replog,,,4U1636-536,True,IR
ir080502.0168,4U 1636-536,16:40:55.5,-53:45:04,2008-05-03,04:40:00.6,2454589.6945,120.0,1.18,J,J,,,,missingreplog_4U1636-536.csv,,,Data replog,,,4U1636-536,True,IR
ir080502.0167,4U 1636-536,16:40:55.5,-53:45:04,2008-05-03,04:37:44.8,2454589.6929,120.0,1.18,J,J,,,,missingreplog_4U1636-536.csv,,,Data replog,,,4U1636-536,True,IR
ir080501.0248,4U 1636-536,16:40:55.3,-53:45:08,2008-05-02,06:48:41.7,2454588.7838,150.0,1.09,H,H,,,,missingreplog_4U1636-536.csv,,,Data replog,,,4U1636-536,True,IR
ir080501.0247,4U 1636-536,16:40:55.2,-53:45:09,2008-05-02,06:45:55.6,2454588.7819,150.0,1.09,H,H,,,,missingreplog_4U1636-536.csv,,,Data replog,,,4U1636-536,True,IR
ir080501.0246,4U 1636-536,16:40:55.2,-53:45:09,2008-05-02,06:43:09.5,2454588.78,150.0,1.09,H,H,,,,missingreplog_4U1636-536.csv,,,Data replog,,,4U1636-536,True,IR
ir080501.0245,4U 1636-536,16:40:55.2,-53:45:09,2008-05-02,06:40:23.4,2454588.7781,150.0,1.09,H,H,,,,missingreplog_4U1636-536.csv,,,Data replog,,,4U1636-536,True,IR
ir080501.0244,4U 1636-536,16:40:55.2,-53:45:10,2008-05-02,06:37:28.2,2454588.776,120.0,1.09,J,J,,,,missingreplog_4U1636-536.csv,,,Data replog,,,4U1636-536,True,IR
ir080501.0243,4U 1636-536,16:40:55.1,-53:45:11,2008-05-02,06:35:12.2,2454588.7744,120.0,1.09,J,J,,,,missingreplog_4U1636-536.csv,,,Data replog,,,4U1636-536,True,IR
ir080501.0242,4U 1636-536,16:40:55.1,-53:45:11,2008-05-02,06:32:56.2,2454588.7729,120.0,1.09,J,J,,,,missingreplog_4U1636-536.csv,,,Data replog,,,4U1636-536,True,IR
ir080501.0241,4U 1636-536,16:40:55.0,-53:45:11,2008-05-02,06:30:40.3,2454588.7713,120.0,1.09,J,J,,,,missingreplog_4U1636-536.csv,,,Data replog,,,4U1636-536,True,IR
ir080430.0204,4U 1636-536,16:40:53.5,-53:45:01,2008-05-01,08:27:44.9,2454587.8526,150.0,1.15,H,H,,,,missingreplog_4U1636-536.csv,,,Data replog,,,4U1636-536,True,IR
ir080430.0203,4U 1636-536,16:40:53.4,-53:45:01,2008-05-01,08:24:58.9,2454587.8507,150.0,1.15,H,H,,,,missingreplog_4U1636-536.csv,,,Data replog,,,4U1636-536,True,IR
ir080430.0202,4U 1636-536,16:40:53.3,-53:45:01,2008-05-01,08:22:12.7,2454587.8488,150.0,1.15,H,H,,,,missingreplog_4U1636-536.csv,,,Data replog,,,4U1636-536,True,IR
ir080430.0201,4U 1636-536,16:40:53.4,-53:45:01,2008-05-01,08:19:26.8,2454587.8468,150.0,1.14,H,H,,,,missingreplog_4U1636-536.csv,,,Data replog,,,4U1636-536,True,IR
ir080430.0200,4U 1636-536,16:40:53.3,-53:45:01,2008-05-01,08:16:32.0,2454587.8448,120.0,1.14,J,J,,,,missingreplog_4U1636-536.csv,,,Data replog,,,4U1636-536,True,IR
ir080430.0199,4U 1636-536,16:40:53.4,-53:45:01,2008-05-01,08:14:15.9,2454587.8432,120.0,1.14,J,J,,,,missingreplog_4U1636-536.csv,,,Data replog,,,4U1636-536,True,IR
ir080430.0198,4U 1636-536,16:40:53.4,-53:45:02,2008-05-01,08:11:59.9,2454587.8417,120.0,1.14,J,J,,,,missingreplog_4U1636-536.csv,,,Data replog,,,4U1636-536,True,IR
ir080430.0197,4U 1636-536,16:40:53.5,-53:45:03,2008-05-01,08:09:43.8,2454587.8401,120.0,1.13,J,J,,,,missingreplog_4U1636-536.csv,,,Data replog,,,4U1636-536,True,IR
ir080427.0068,4U 1636-536,16:40:53.4,-53:45:17,2008-04-28,08:01:29.6,2454584.8344,150.0,1.12,H,H,,,,missingreplog_4U1636-536.csv,,,Data replog,,,4U1636-536,True,IR
ir080427.0067,4U 1636-536,16:40:53.4,-53:45:16,2008-04-28,07:58:43.4,2454584.8325,150.0,1.11,H,H,,,,missingreplog_4U1636-536.csv,,,Data replog,,,4U1636-536,True,IR
ir080427.0066,4U 1636-536,16:40:53.3,-53:45:16,2008-04-28,07:55:56.9,2454584.8305,150.0,1.11,H,H,,,,missingreplog_4U1636-536.csv,,,Data replog,,,4U1636-536,True,IR
ir080427.0065,4U 1636-536,16:40:53.3,-53:45:16,2008-04-28,07:53:10.6,2454584.8286,150.0,1.11,H,H,,,,missingreplog_4U1636-536.csv,,,Data replog,,,4U1636-536,True,IR
ir080427.0064,4U 1636-536,16:40:53.3,-53:45:16,2008-04-28,07:50:13.7,2454584.8265,120.0,1.11,J,J,,,,missingreplog_4U1636-536.csv,,,Data replog,,,4U1636-536,True,IR
ir080422.0191,4U 1636-536,16:40:55.0,-53:45:10,2008-04-23,06:14:53.9,2454579.7604,150.0,1.12,H,H,,,,missingreplog_4U1636-536.csv,,,Data replog,,,4U1636-536,True,IR
ir080422.0190,4U 1636-536,16:40:55.1,-53:45:10,2008-04-23,06:12:07.9,2454579.7584,150.0,1.12,H,H,,,,missingreplog_4U1636-536.csv,,,Data replog,,,4U1636-536,True,IR
ir080422.0189,4U 1636-536,16:40:55.2,-53:45:11,2008-04-23,06:09:22.0,2454579.7565,150.0,1.12,H,H,,,,missingreplog_4U1636-536.csv,,,Data replog,,,4U1636-536,True,IR
ir080419.0209,4U 1636-536,16:40:55.0,-53:45:16,2008-04-20,07:54:31.9,2454576.8295,120.0,1.1,J,J,,,,missingreplog_4U1636-536.csv,,,Data replog,,,4U1636-536,True,IR
ir080418.0178,4U 1636-536,16:40:54.6,-53:45:30,2008-04-19,05:23:35.8,2454575.7247,150.0,1.2,H,H,,,,missingreplog_4U1636-536.csv,,,Data replog,,,4U1636-536,True,IR
ir080418.0177,4U 1636-536,16:40:54.6,-53:45:30,2008-04-19,05:20:49.9,2454575.7228,150.0,1.2,H,H,,,,missingreplog_4U1636-536.csv,,,Data replog,,,4U1636-536,True,IR
ir080418.0176,4U 1636-536,16:40:54.5,-53:45:30,2008-04-19,05:18:03.9,2454575.7209,150.0,1.21,H,H,,,,missingreplog_4U1636-536.csv,,,Data replog,,,4U1636-536,True,IR
ir080418.0175,4U 1636-536,16:40:54.5,-53:45:30,2008-04-19,05:15:18.1,2454575.719,150.0,1.21,H,H,,,,missingreplog_4U1636-536.csv,,,Data replog,,,4U1636-536,True,IR
ir080418.0174,4U 1636-536,16:40:54.5,-53:45:31,2008-04-19,05:12:22.8,2454575.7169,120.0,1.22,J,J,,,,missingreplog_4U1636-536.csv,,,Data replog,,,4U1636-536,True,IR
ir080418.0173,4U 1636-536,16:40:54.5,-53:45:31,2008-04-19,05:10:07.0,2454575.7154,120.0,1.22,J,J,,,,missingreplog_4U1636-536.csv,,,Data replog,,,4U1636-536,True,IR
ir080418.0172,4U 1636-536,16:40:54.5,-53:45:31,2008-04-19,05:07:51.1,2454575.7138,120.0,1.23,J,J,,,,missingreplog_4U1636-536.csv,,,Data replog,,,4U1636-536,True,IR
ir080418.0171,4U 1636-536,16:40:54.7,-53:45:31,2008-04-19,05:05:35.2,2454575.7122,120.0,1.23,J,J,,,,missingreplog_4U1636-536.csv,,,Data replog,,,4U1636-536,True,IR
ir080417.0209,4U 1636-536,16:40:55.2,-53:45:19,2008-04-18,07:27:29.0,2454574.8108,150.0,1.09,H,H,,,,missingreplog_4U1636-536.csv,,,Data replog,,,4U1636-536,True,IR
ir080417.0208,4U 1636-536,16:40:55.3,-53:45:19,2008-04-18,07:24:42.8,2454574.8088,150.0,1.09,H,H,,,,missingreplog_4U1636-536.csv,,,Data replog,,,4U1636-536,True,IR
ir080417.0207,4U 1636-536,16:40:55.2,-53:45:19,2008-04-18,07:21:56.8,2454574.8069,150.0,1.09,H,H,,,,missingreplog_4U1636-536.csv,,,Data replog,,,4U1636-536,True,IR
ir080417.0206,4U 1636-536,16:40:55.2,-53:45:19,2008-04-18,07:19:10.9,2454574.805,150.0,1.09,H,H,,,,missingreplog_4U1636-536.csv,,,Data replog,,,4U1636-536,True,IR
ir080417.0205,4U 1636-536,16:40:55.2,-53:45:19,2008-04-18,07:16:15.3,2454574.803,120.0,1.1,J,J,,,,missingreplog_4U1636-536.csv,,,Data replog,,,4U1636-536,True,IR
ir080417.0204,4U 1636-536,16:40:55.2,-53:45:20,2008-04-18,07:13:59.2,2454574.8014,120.0,1.1,J,J,,,,missingreplog_4U1636-536.csv,,,Data replog,,,4U1636-536,True,IR
ir080417.0203,4U 1636-536,16:40:55.2,-53:45:20,2008-04-18,07:11:43.1,2454574.7998,120.0,1.1,J,J,,,,missingreplog_4U1636-536.csv,,,Data replog,,,4U1636-536,True,IR
ir080417.0202,4U 1636-536,16:40:55.3,-53:45:21,2008-04-18,07:09:27.2,2454574.7982,120.0,1.1,J,J,,,,missingreplog_4U1636-536.csv,,,Data replog,,,4U1636-536,True,IR
ir080416.0196,4U 1636-536,16:40:53.8,-53:45:13,2008-04-17,07:13:54.6,2454573.8013,150.0,1.1,H,H,,,,missingreplog_4U1636-536.csv,,,Data replog,,,4U1636-536,True,IR
ir080416.0195,4U 1636-536,16:40:53.8,-53:45:13,2008-04-17,07:11:08.8,2454573.7994,150.0,1.1,H,H,,,,missingreplog_4U1636-536.csv,,,Data replog,,,4U1636-536,True,IR
ir080416.0194,4U 1636-536,16:40:53.8,-53:45:13,2008-04-17,07:08:22.6,2454573.7975,150.0,1.1,H,H,,,,missingreplog_4U1636-536.csv,,,Data replog,,,4U1636-536,True,IR
ir080416.0193,4U 1636-536,16:40:53.9,-53:45:13,2008-04-17,07:05:36.8,2454573.7956,150.0,1.1,H,H,,,,missingreplog_4U1636-536.csv,,,Data replog,,,4U1636-536,True,IR
ir080416.0192,4U 1636-536,16:40:54.0,-53:45:13,2008-04-17,07:02:41.1,2454573.7935,120.0,1.1,J,J,,,,missingreplog_4U1636-536.csv,,,Data replog,,,4U1636-536,True,IR
ir080416.0191,4U 1636-536,16:40:54.0,-53:45:13,2008-04-17,07:00:25.0,2454573.792,120.0,1.1,J,J,,,,missingreplog_4U1636-536.csv,,,Data replog,,,4U1636-536,True,IR
ir080416.0190,4U 1636-536,16:40:54.1,-53:45:13,2008-04-17,06:58:08.9,2454573.7904,120.0,1.1,J,J,,,,missingreplog_4U1636-536.csv,,,Data replog,,,4U1636-536,True,IR
ir080419.0208,4U 1636-536,16:40:54.9,-53:45:16,2008-04-20,07:52:16.1,2454576.828,120.0,1.1,J,J,,,,missingreplog_4U1636-536.csv,,,Data replog,,,4U1636-536,True,IR
ir080419.0210,4U 1636-536,16:40:55.0,-53:45:15,2008-04-20,07:56:47.9,2454576.8311,120.0,1.1,J,J,,,,missingreplog_4U1636-536.csv,,,Data replog,,,4U1636-536,True,IR
ir080422.0188,4U 1636-536,16:40:55.2,-53:45:11,2008-04-23,06:06:26.9,2454579.7545,120.0,1.12,J,J,,,,missingreplog_4U1636-536.csv,,,Data replog,,,4U1636-536,True,IR
ir080419.0211,4U 1636-536,16:40:55.1,-53:45:15,2008-04-20,07:59:03.9,2454576.8327,120.0,1.1,J,J,,,,missingreplog_4U1636-536.csv,,,Data replog,,,4U1636-536,True,IR
ir080422.0187,4U 1636-536,16:40:55.3,-53:45:12,2008-04-23,06:04:10.7,2454579.7529,120.0,1.13,J,J,,,,missingreplog_4U1636-536.csv,,,Data replog,,,4U1636-536,True,IR
ir080422.0186,4U 1636-536,16:40:55.4,-53:45:12,2008-04-23,06:01:54.6,2454579.7513,120.0,1.13,J,J,,,,missingreplog_4U1636-536.csv,,,Data replog,,,4U1636-536,True,IR
ir080422.0185,4U 1636-536,16:40:55.5,-53:45:12,2008-04-23,05:59:38.6,2454579.7498,120.0,1.13,J,J,,,,missingreplog_4U1636-536.csv,,,Data replog,,,4U1636-536,True,IR
ir080421.0159,4U 1636-536,16:40:55.4,-53:45:18,2008-04-22,05:38:08.2,2454578.7348,150.0,1.16,H,H,,,,missingreplog_4U1636-536.csv,,,Data replog,,,4U1636-536,True,IR
ir080421.0158,4U 1636-536,16:40:55.3,-53:45:18,2008-04-22,05:35:22.2,2454578.7329,150.0,1.16,H,H,,,,missingreplog_4U1636-536.csv,,,Data replog,,,4U1636-536,True,IR
ir080421.0157,4U 1636-536,16:40:55.2,-53:45:18,2008-04-22,05:32:36.3,2454578.731,150.0,1.17,H,H,,,,missingreplog_4U1636-536.csv,,,Data replog,,,4U1636-536,True,IR
ir080421.0156,4U 1636-536,16:40:55.1,-53:45:18,2008-04-22,05:29:50.1,2454578.7291,150.0,1.17,H,H,,,,missingreplog_4U1636-536.csv,,,Data replog,,,4U1636-536,True,IR
ir080421.0155,4U 1636-536,16:40:55.0,-53:45:17,2008-04-22,05:26:54.8,2454578.727,120.0,1.17,J,J,,,,missingreplog_4U1636-536.csv,,,Data replog,,,4U1636-536,True,IR
ir080421.0154,4U 1636-536,16:40:54.9,-53:45:18,2008-04-22,05:24:38.8,2454578.7254,120.0,1.18,J,J,,,,missingreplog_4U1636-536.csv,,,Data replog,,,4U1636-536,True,IR
ir080421.0153,4U 1636-536,16:40:54.9,-53:45:18,2008-04-22,05:22:22.8,2454578.7239,120.0,1.18,J,J,,,,missingreplog_4U1636-536.csv,,,Data replog,,,4U1636-536,True,IR
ir080421.0152,4U 1636-536,16:40:54.9,-53:45:18,2008-04-22,05:20:06.9,2454578.7223,120.0,1.18,J,J,,,,missingreplog_4U1636-536.csv,,,Data replog,,,4U1636-536,True,IR
ir080420.0082,4U 1636-536,16:40:55.3,-53:45:12,2008-04-21,07:25:23.9,2454577.8093,150.0,1.09,H,H,,,,missingreplog_4U1636-536.csv,,,Data replog,,,4U1636-536,True,IR
ir080420.0081,4U 1636-536,16:40:55.4,-53:45:12,2008-04-21,07:22:37.8,2454577.8074,150.0,1.09,H,H,,,,missingreplog_4U1636-536.csv,,,Data replog,,,4U1636-536,True,IR
ir080420.0080,4U 1636-536,16:40:55.4,-53:45:12,2008-04-21,07:19:51.8,2454577.8055,150.0,1.09,H,H,,,,missingreplog_4U1636-536.csv,,,Data replog,,,4U1636-536,True,IR
ir080420.0079,4U 1636-536,16:40:55.5,-53:45:13,2008-04-21,07:17:05.9,2454577.8035,150.0,1.09,H,H,,,,missingreplog_4U1636-536.csv,,,Data replog,,,4U1636-536,True,IR
ir080420.0078,4U 1636-536,16:40:55.5,-53:45:13,2008-04-21,07:14:10.5,2454577.8015,120.0,1.09,J,J,,,,missingreplog_4U1636-536.csv,,,Data replog,,,4U1636-536,True,IR
ir080420.0077,4U 1636-536,16:40:55.5,-53:45:13,2008-04-21,07:11:54.2,2454577.7999,120.0,1.09,J,J,,,,missingreplog_4U1636-536.csv,,,Data replog,,,4U1636-536,True,IR
ir080420.0076,4U 1636-536,16:40:55.5,-53:45:14,2008-04-21,07:09:38.2,2454577.7984,120.0,1.09,J,J,,,,missingreplog_4U1636-536.csv,,,Data replog,,,4U1636-536,True,IR
ir080420.0075,4U 1636-536,16:40:55.5,-53:45:13,2008-04-21,07:07:22.3,2454577.7968,120.0,1.09,J,J,,,,missingreplog_4U1636-536.csv,,,Data replog,,,4U1636-536,True,IR
ir080419.0215,4U 1636-536,16:40:55.1,-53:45:15,2008-04-20,08:10:17.7,2454576.8405,150.0,1.1,H,H,,,,missingreplog_4U1636-536.csv,,,Data replog,,,4U1636-536,True,IR
ir080419.0214,4U 1636-536,16:40:55.1,-53:45:15,2008-04-20,08:07:31.6,2454576.8386,150.0,1.1,H,H,,,,missingreplog_4U1636-536.csv,,,Data replog,,,4U1636-536,True,IR
ir080419.0213,4U 1636-536,16:40:55.1,-53:45:15,2008-04-20,08:04:45.6,2454576.8366,150.0,1.1,H,H,,,,missingreplog_4U1636-536.csv,,,Data replog,,,4U1636-536,True,IR
ir080419.0212,4U 1636-536,16:40:55.1,-53:45:15,2008-04-20,08:01:59.7,2454576.8347,150.0,1.1,H,H,,,,missingreplog_4U1636-536.csv,,,Data replog,,,4U1636-536,True,IR
ir080613.0126,4U 1636-536,16:40:55.5,-53:45:06,2008-06-14,03:42:49.8,2454631.6548,150.0,1.09,H,H,,,,missingreplog_4U1636-536.csv,,,Data replog,,,4U1636-536,True,IR
ir080613.0125,4U 1636-536,16:40:55.5,-53:45:06,2008-06-14,03:40:03.5,2454631.6528,150.0,1.09,H,H,,,,missingreplog_4U1636-536.csv,,,Data replog,,,4U1636-536,True,IR
irfocus.0057,4U 1636-536,16:40:55.7,-53:45:05,2008-06-15,00:12:07.7,2454632.5084,120.0,1.43,J,J,,,,missingreplog_4U1636-536.csv,,,Data replog,,,4U1636-536,True,IR
irfocus.0058,4U 1636-536,16:40:55.9,-53:45:05,2008-06-15,00:14:23.7,2454632.51,120.0,1.42,J,J,,,,missingreplog_4U1636-536.csv,,,Data replog,,,4U1636-536,True,IR
ir080626.0200,4U 1636-536,16:40:54.8,-53:45:02,2008-06-27,05:58:40.7,2454644.7491,150.0,1.3,H,H,,,,missingreplog_4U1636-536.csv,,,Data replog,,,4U1636-536,True,IR
ir080628.0215,4U 1636-536,16:40:55.9,-53:45:19,2008-06-29,04:19:49.9,2454646.6804,120.0,1.14,J,J,,,,missingreplog_4U1636-536.csv,,,Data replog,,,4U1636-536,True,IR
ir080627.0229,4U 1636-536,16:40:54.9,-53:45:07,2008-06-28,06:03:26.0,2454645.7524,150.0,1.32,H,H,,,,missingreplog_4U1636-536.csv,,,Data replog,,,4U1636-536,True,IR
ir080627.0228,4U 1636-536,16:40:55.0,-53:45:07,2008-06-28,06:00:39.6,2454645.7505,150.0,1.31,H,H,,,,missingreplog_4U1636-536.csv,,,Data replog,,,4U1636-536,True,IR
ir080627.0227,4U 1636-536,16:40:55.0,-53:45:07,2008-06-28,05:57:53.1,2454645.7485,150.0,1.31,H,H,,,,missingreplog_4U1636-536.csv,,,Data replog,,,4U1636-536,True,IR
ir080627.0226,4U 1636-536,16:40:55.1,-53:45:07,2008-06-28,05:55:06.9,2454645.7466,150.0,1.3,H,H,,,,missingreplog_4U1636-536.csv,,,Data replog,,,4U1636-536,True,IR
ir080627.0225,4U 1636-536,16:40:55.0,-53:45:06,2008-06-28,05:52:10.9,2454645.7446,120.0,1.29,J,J,,,,missingreplog_4U1636-536.csv,,,Data replog,,,4U1636-536,True,IR
ir080627.0224,4U 1636-536,16:40:54.9,-53:45:06,2008-06-28,05:49:54.2,2454645.743,120.0,1.29,J,J,,,,missingreplog_4U1636-536.csv,,,Data replog,,,4U1636-536,True,IR
ir080627.0223,4U 1636-536,16:40:54.9,-53:45:06,2008-06-28,05:47:37.9,2454645.7414,120.0,1.28,J,J,,,,missingreplog_4U1636-536.csv,,,Data replog,,,4U1636-536,True,IR
ir080627.0222,4U 1636-536,16:40:54.8,-53:45:06,2008-06-28,05:45:21.7,2454645.7398,120.0,1.27,J,J,,,,missingreplog_4U1636-536.csv,,,Data replog,,,4U1636-536,True,IR
ir080626.0202,4U 1636-536,16:40:54.8,-53:45:03,2008-06-27,06:04:13.3,2454644.7529,150.0,1.31,H,H,,,,missingreplog_4U1636-536.csv,,,Data replog,,,4U1636-536,True,IR
ir080626.0201,4U 1636-536,16:40:54.8,-53:45:03,2008-06-27,06:01:26.9,2454644.751,150.0,1.31,H,H,,,,missingreplog_4U1636-536.csv,,,Data replog,,,4U1636-536,True,IR
ir080626.0199,4U 1636-536,16:40:54.8,-53:45:02,2008-06-27,05:55:54.6,2454644.7472,150.0,1.29,H,H,,,,missingreplog_4U1636-536.csv,,,Data replog,,,4U1636-536,True,IR
ir080624.0258,4U 1636-536,16:40:53.5,-53:45:14,2008-06-25,05:32:41.2,2454642.731,150.0,1.22,H,H,,,,missingreplog_4U1636-536.csv,,,Data replog,,,4U1636-536,True,IR
ir080626.0198,4U 1636-536,16:40:54.7,-53:45:02,2008-06-27,05:52:58.2,2454644.7451,120.0,1.28,J,J,,,,missingreplog_4U1636-536.csv,,,Data replog,,,4U1636-536,True,IR
ir080626.0197,4U 1636-536,16:40:54.6,-53:45:02,2008-06-27,05:50:41.8,2454644.7435,120.0,1.28,J,J,,,,missingreplog_4U1636-536.csv,,,Data replog,,,4U1636-536,True,IR
ir080626.0196,4U 1636-536,16:40:54.6,-53:45:02,2008-06-27,05:48:25.3,2454644.742,120.0,1.27,J,J,,,,missingreplog_4U1636-536.csv,,,Data replog,,,4U1636-536,True,IR
ir080626.0195,4U 1636-536,16:40:54.7,-53:45:02,2008-06-27,05:46:08.9,2454644.7404,120.0,1.27,J,J,,,,missingreplog_4U1636-536.csv,,,Data replog,,,4U1636-536,True,IR
ir080625.0192,4U 1636-536,16:40:52.7,-53:44:59,2008-06-26,05:55:31.2,2454643.7469,150.0,1.28,H,H,,,,missingreplog_4U1636-536.csv,,,Data replog,,,4U1636-536,True,IR
ir080625.0191,4U 1636-536,16:40:52.7,-53:44:58,2008-06-26,05:52:44.8,2454643.745,150.0,1.27,H,H,,,,missingreplog_4U1636-536.csv,,,Data replog,,,4U1636-536,True,IR
ir080625.0190,4U 1636-536,16:40:52.6,-53:44:58,2008-06-26,05:49:58.4,2454643.743,150.0,1.27,H,H,,,,missingreplog_4U1636-536.csv,,,Data replog,,,4U1636-536,True,IR
ir080625.0189,4U 1636-536,16:40:52.7,-53:44:59,2008-06-26,05:47:12.2,2454643.7411,150.0,1.26,H,H,,,,missingreplog_4U1636-536.csv,,,Data replog,,,4U1636-536,True,IR
ir080625.0188,4U 1636-536,16:40:52.7,-53:45:00,2008-06-26,05:44:15.7,2454643.7391,120.0,1.25,J,J,,,,missingreplog_4U1636-536.csv,,,Data replog,,,4U1636-536,True,IR
ir080625.0187,4U 1636-536,16:40:52.7,-53:44:59,2008-06-26,05:41:59.2,2454643.7375,120.0,1.25,J,J,,,,missingreplog_4U1636-536.csv,,,Data replog,,,4U1636-536,True,IR
ir080625.0186,4U 1636-536,16:40:52.7,-53:45:00,2008-06-26,05:39:42.8,2454643.7359,120.0,1.24,J,J,,,,missingreplog_4U1636-536.csv,,,Data replog,,,4U1636-536,True,IR
ir080628.0216,4U 1636-536,16:40:55.9,-53:45:18,2008-06-29,04:22:06.1,2454646.682,120.0,1.14,J,J,,,,missingreplog_4U1636-536.csv,,,Data replog,,,4U1636-536,True,IR
ir080628.0217,4U 1636-536,16:40:55.8,-53:45:17,2008-06-29,04:24:22.3,2454646.6836,120.0,1.14,J,J,,,,missingreplog_4U1636-536.csv,,,Data replog,,,4U1636-536,True,IR
ir080628.0218,4U 1636-536,16:40:55.8,-53:45:17,2008-06-29,04:26:38.7,2454646.6852,120.0,1.14,J,J,,,,missingreplog_4U1636-536.csv,,,Data replog,,,4U1636-536,True,IR
ir080628.0219,4U 1636-536,16:40:55.8,-53:45:17,2008-06-29,04:29:35.5,2454646.6872,150.0,1.15,H,H,,,,missingreplog_4U1636-536.csv,,,Data replog,,,4U1636-536,True,IR
ir080630.0164,4U 1636-536,16:40:55.5,-53:45:03,2008-07-01,02:42:28.6,2454648.6129,150.0,1.09,H,H,,,,missingreplog_4U1636-536.csv,,,Data replog,,,4U1636-536,True,IR
ir080630.0163,4U 1636-536,16:40:55.5,-53:45:03,2008-07-01,02:39:42.3,2454648.6109,150.0,1.09,H,H,,,,missingreplog_4U1636-536.csv,,,Data replog,,,4U1636-536,True,IR
ir080630.0162,4U 1636-536,16:40:55.5,-53:45:03,2008-07-01,02:36:55.9,2454648.609,150.0,1.09,H,H,,,,missingreplog_4U1636-536.csv,,,Data replog,,,4U1636-536,True,IR
ir080630.0161,4U 1636-536,16:40:55.5,-53:45:03,2008-07-01,02:34:09.6,2454648.6071,150.0,1.09,H,H,,,,missingreplog_4U1636-536.csv,,,Data replog,,,4U1636-536,True,IR
ir080630.0160,4U 1636-536,16:40:55.5,-53:45:04,2008-07-01,02:31:12.4,2454648.605,120.0,1.09,J,J,,,,missingreplog_4U1636-536.csv,,,Data replog,,,4U1636-536,True,IR
ir080630.0159,4U 1636-536,16:40:55.5,-53:45:03,2008-07-01,02:28:56.1,2454648.6034,120.0,1.09,J,J,,,,missingreplog_4U1636-536.csv,,,Data replog,,,4U1636-536,True,IR
ir080630.0158,4U 1636-536,16:40:55.5,-53:45:04,2008-07-01,02:26:39.6,2454648.6019,120.0,1.1,J,J,,,,missingreplog_4U1636-536.csv,,,Data replog,,,4U1636-536,True,IR
ir080630.0157,4U 1636-536,16:40:55.4,-53:45:05,2008-07-01,02:24:23.2,2454648.6003,120.0,1.1,J,J,,,,missingreplog_4U1636-536.csv,,,Data replog,,,4U1636-536,True,IR
ir080629.0187,4U 1636-536,16:40:55.6,-53:45:03,2008-06-30,03:50:17.4,2454647.6599,150.0,1.11,H,H,,,,missingreplog_4U1636-536.csv,,,Data replog,,,4U1636-536,True,IR
ir080629.0186,4U 1636-536,16:40:55.6,-53:45:03,2008-06-30,03:47:31.0,2454647.658,150.0,1.11,H,H,,,,missingreplog_4U1636-536.csv,,,Data replog,,,4U1636-536,True,IR
ir080629.0185,4U 1636-536,16:40:55.5,-53:45:03,2008-06-30,03:44:44.6,2454647.6561,150.0,1.11,H,H,,,,missingreplog_4U1636-536.csv,,,Data replog,,,4U1636-536,True,IR
ir080629.0184,4U 1636-536,16:40:55.5,-53:45:03,2008-06-30,03:41:58.4,2454647.6541,150.0,1.11,H,H,,,,missingreplog_4U1636-536.csv,,,Data replog,,,4U1636-536,True,IR
ir080629.0183,4U 1636-536,16:40:55.4,-53:45:03,2008-06-30,03:39:01.3,2454647.6521,120.0,1.11,J,J,,,,missingreplog_4U1636-536.csv,,,Data replog,,,4U1636-536,True,IR
ir080629.0182,4U 1636-536,16:40:55.4,-53:45:04,2008-06-30,03:36:44.9,2454647.6505,120.0,1.11,J,J,,,,missingreplog_4U1636-536.csv,,,Data replog,,,4U1636-536,True,IR
ir080629.0181,4U 1636-536,16:40:55.4,-53:45:04,2008-06-30,03:34:28.5,2454647.6489,120.0,1.1,J,J,,,,missingreplog_4U1636-536.csv,,,Data replog,,,4U1636-536,True,IR
ir080629.0180,4U 1636-536,16:40:55.5,-53:45:05,2008-06-30,03:32:12.2,2454647.6474,120.0,1.1,J,J,,,,missingreplog_4U1636-536.csv,,,Data replog,,,4U1636-536,True,IR
ir080628.0222,4U 1636-536,16:40:56.0,-53:45:17,2008-06-29,04:37:54.1,2454646.693,150.0,1.16,H,H,,,,missingreplog_4U1636-536.csv,,,Data replog,,,4U1636-536,True,IR
ir080628.0221,4U 1636-536,16:40:55.9,-53:45:17,2008-06-29,04:35:07.8,2454646.6911,150.0,1.15,H,H,,,,missingreplog_4U1636-536.csv,,,Data replog,,,4U1636-536,True,IR
ir080628.0220,4U 1636-536,16:40:55.8,-53:45:17,2008-06-29,04:32:21.5,2454646.6891,150.0,1.15,H,H,,,,missingreplog_4U1636-536.csv,,,Data replog,,,4U1636-536,True,IR
ir080625.0185,4U 1636-536,16:40:52.7,-53:45:00,2008-06-26,05:37:26.6,2454643.7343,120.0,1.24,J,J,,,,missingreplog_4U1636-536.csv,,,Data replog,,,4U1636-536,True,IR
ir080624.0257,4U 1636-536,16:40:53.5,-53:45:14,2008-06-25,05:29:54.8,2454642.7291,150.0,1.22,H,H,,,,missingreplog_4U1636-536.csv,,,Data replog,,,4U1636-536,True,IR
ir080615.0178,4U 1636-536,16:40:54.8,-53:45:03,2008-06-16,05:32:08.2,2454633.7307,150.0,1.16,H,H,,,,missingreplog_4U1636-536.csv,,,Data replog,,,4U1636-536,True,IR
ir080621.0298,4U 1636-536,16:40:53.2,-53:44:57,2008-06-22,05:56:00.9,2454639.7472,120.0,1.24,J,J,,,,missingreplog_4U1636-536.csv,,,Data replog,,,4U1636-536,True,IR
ir080621.0297,4U 1636-536,16:40:53.2,-53:44:57,2008-06-22,05:53:44.5,2454639.7457,120.0,1.24,J,J,,,,missingreplog_4U1636-536.csv,,,Data replog,,,4U1636-536,True,IR
ir080620.0112,4U 1636-536,16:40:51.4,-53:45:05,2008-06-21,07:03:41.2,2454638.7942,150.0,1.43,H,H,,,,missingreplog_4U1636-536.csv,,,Data replog,,,4U1636-536,True,IR
ir080620.0111,4U 1636-536,16:40:51.5,-53:45:05,2008-06-21,07:00:54.7,2454638.7923,150.0,1.42,H,H,,,,missingreplog_4U1636-536.csv,,,Data replog,,,4U1636-536,True,IR
ir080620.0110,4U 1636-536,16:40:51.5,-53:45:04,2008-06-21,06:58:08.3,2454638.7904,150.0,1.41,H,H,,,,missingreplog_4U1636-536.csv,,,Data replog,,,4U1636-536,True,IR
ir080620.0109,4U 1636-536,16:40:51.5,-53:45:04,2008-06-21,06:55:22.0,2454638.7884,150.0,1.4,H,H,,,,missingreplog_4U1636-536.csv,,,Data replog,,,4U1636-536,True,IR
ir080620.0108,4U 1636-536,16:40:51.5,-53:45:04,2008-06-21,06:52:25.7,2454638.7864,120.0,1.39,J,J,,,,missingreplog_4U1636-536.csv,,,Data replog,,,4U1636-536,True,IR
ir080620.0107,4U 1636-536,16:40:51.6,-53:45:03,2008-06-21,06:50:09.3,2454638.7848,120.0,1.38,J,J,,,,missingreplog_4U1636-536.csv,,,Data replog,,,4U1636-536,True,IR
ir080620.0106,4U 1636-536,16:40:51.6,-53:45:03,2008-06-21,06:47:52.9,2454638.7832,120.0,1.37,J,J,,,,missingreplog_4U1636-536.csv,,,Data replog,,,4U1636-536,True,IR
ir080620.0105,4U 1636-536,16:40:51.7,-53:45:03,2008-06-21,06:45:36.6,2454638.7817,120.0,1.37,J,J,,,,missingreplog_4U1636-536.csv,,,Data replog,,,4U1636-536,True,IR
ir080615.0179,4U 1636-536,16:40:54.8,-53:45:03,2008-06-16,05:34:54.4,2454633.7326,150.0,1.17,H,H,,,,missingreplog_4U1636-536.csv,,,Data replog,,,4U1636-536,True,IR
ir080615.0177,4U 1636-536,16:40:54.8,-53:45:03,2008-06-16,05:29:21.9,2454633.7287,150.0,1.16,H,H,,,,missingreplog_4U1636-536.csv,,,Data replog,,,4U1636-536,True,IR
ir080624.0256,4U 1636-536,16:40:53.5,-53:45:13,2008-06-25,05:27:08.4,2454642.7272,150.0,1.21,H,H,,,,missingreplog_4U1636-536.csv,,,Data replog,,,4U1636-536,True,IR
ir080615.0176,4U 1636-536,16:40:54.8,-53:45:03,2008-06-16,05:26:35.7,2454633.7268,150.0,1.15,H,H,,,,missingreplog_4U1636-536.csv,,,Data replog,,,4U1636-536,True,IR
ir080615.0175,4U 1636-536,16:40:54.7,-53:45:03,2008-06-16,05:23:39.8,2454633.7248,120.0,1.15,J,J,,,,missingreplog_4U1636-536.csv,,,Data replog,,,4U1636-536,True,IR
ir080615.0174,4U 1636-536,16:40:54.8,-53:45:04,2008-06-16,05:21:23.5,2454633.7232,120.0,1.15,J,J,,,,missingreplog_4U1636-536.csv,,,Data replog,,,4U1636-536,True,IR
ir080615.0173,4U 1636-536,16:40:54.9,-53:45:04,2008-06-16,05:19:07.3,2454633.7216,120.0,1.15,J,J,,,,missingreplog_4U1636-536.csv,,,Data replog,,,4U1636-536,True,IR
ir080615.0172,4U 1636-536,16:40:55.0,-53:45:05,2008-06-16,05:16:51.2,2454633.7201,120.0,1.14,J,J,,,,missingreplog_4U1636-536.csv,,,Data replog,,,4U1636-536,True,IR
irfocus.0064,4U 1636-536,16:40:55.7,-53:45:04,2008-06-15,00:30:12.1,2454632.521,150.0,1.37,H,H,,,,missingreplog_4U1636-536.csv,,,Data replog,,,4U1636-536,True,IR
irfocus.0063,4U 1636-536,16:40:55.7,-53:45:04,2008-06-15,00:27:25.7,2454632.519,150.0,1.37,H,H,,,,missingreplog_4U1636-536.csv,,,Data replog,,,4U1636-536,True,IR
irfocus.0062,4U 1636-536,16:40:55.7,-53:45:04,2008-06-15,00:24:39.5,2454632.5171,150.0,1.38,H,H,,,,missingreplog_4U1636-536.csv,,,Data replog,,,4U1636-536,True,IR
irfocus.0061,4U 1636-536,16:40:55.7,-53:45:04,2008-06-15,00:21:53.3,2454632.5152,150.0,1.39,H,H,,,,missingreplog_4U1636-536.csv,,,Data replog,,,4U1636-536,True,IR
irfocus.0060,4U 1636-536,16:40:55.8,-53:45:05,2008-06-15,00:18:56.3,2454632.5132,120.0,1.4,J,J,,,,missingreplog_4U1636-536.csv,,,Data replog,,,4U1636-536,True,IR
irfocus.0059,4U 1636-536,16:40:55.8,-53:45:05,2008-06-15,00:16:39.9,2454632.5116,120.0,1.41,J,J,,,,missingreplog_4U1636-536.csv,,,Data replog,,,4U1636-536,True,IR
ir080621.0299,4U 1636-536,16:40:53.2,-53:44:56,2008-06-22,05:58:17.4,2454639.7488,120.0,1.25,J,J,,,,missingreplog_4U1636-536.csv,,,Data replog,,,4U1636-536,True,IR
ir080621.0300,4U 1636-536,16:40:53.2,-53:44:57,2008-06-22,06:00:33.7,2454639.7504,120.0,1.25,J,J,,,,missingreplog_4U1636-536.csv,,,Data replog,,,4U1636-536,True,IR
ir080621.0301,4U 1636-536,16:40:53.1,-53:44:56,2008-06-22,06:03:31.1,2454639.7525,150.0,1.26,H,H,,,,missingreplog_4U1636-536.csv,,,Data replog,,,4U1636-536,True,IR
ir080621.0302,4U 1636-536,16:40:53.0,-53:44:55,2008-06-22,06:06:17.5,2454639.7544,150.0,1.27,H,H,,,,missingreplog_4U1636-536.csv,,,Data replog,,,4U1636-536,True,IR
ir080624.0255,4U 1636-536,16:40:53.5,-53:45:13,2008-06-25,05:24:22.3,2454642.7253,150.0,1.21,H,H,,,,missingreplog_4U1636-536.csv,,,Data replog,,,4U1636-536,True,IR
ir080624.0254,4U 1636-536,16:40:53.6,-53:45:13,2008-06-25,05:21:26.7,2454642.7232,120.0,1.2,J,J,,,,missingreplog_4U1636-536.csv,,,Data replog,,,4U1636-536,True,IR
ir080624.0253,4U 1636-536,16:40:53.5,-53:45:13,2008-06-25,05:19:10.3,2454642.7217,120.0,1.2,J,J,,,,missingreplog_4U1636-536.csv,,,Data replog,,,4U1636-536,True,IR
ir080624.0252,4U 1636-536,16:40:53.5,-53:45:12,2008-06-25,05:16:53.9,2454642.7201,120.0,1.19,J,J,,,,missingreplog_4U1636-536.csv,,,Data replog,,,4U1636-536,True,IR
ir080624.0251,4U 1636-536,16:40:53.5,-53:45:13,2008-06-25,05:14:37.8,2454642.7185,120.0,1.19,J,J,,,,missingreplog_4U1636-536.csv,,,Data replog,,,4U1636-536,True,IR
ir080623.0160,4U 1636-536,16:40:53.6,-53:45:13,2008-06-24,03:27:44.6,2454641.6443,150.0,1.09,H,H,,,,missingreplog_4U1636-536.csv,,,Data replog,,,4U1636-536,True,IR
ir080623.0159,4U 1636-536,16:40:53.6,-53:45:13,2008-06-24,03:24:58.3,2454641.6423,150.0,1.09,H,H,,,,missingreplog_4U1636-536.csv,,,Data replog,,,4U1636-536,True,IR
ir080623.0158,4U 1636-536,16:40:53.6,-53:45:13,2008-06-24,03:22:12.0,2454641.6404,150.0,1.09,H,H,,,,missingreplog_4U1636-536.csv,,,Data replog,,,4U1636-536,True,IR
ir080623.0157,4U 1636-536,16:40:53.6,-53:45:14,2008-06-24,03:19:25.8,2454641.6385,150.0,1.09,H,H,,,,missingreplog_4U1636-536.csv,,,Data replog,,,4U1636-536,True,IR
ir080623.0156,4U 1636-536,16:40:53.6,-53:45:14,2008-06-24,03:16:29.5,2454641.6365,120.0,1.09,J,J,,,,missingreplog_4U1636-536.csv,,,Data replog,,,4U1636-536,True,IR
ir080623.0155,4U 1636-536,16:40:53.6,-53:45:15,2008-06-24,03:14:13.1,2454641.6349,120.0,1.09,J,J,,,,missingreplog_4U1636-536.csv,,,Data replog,,,4U1636-536,True,IR
ir080623.0154,4U 1636-536,16:40:53.6,-53:45:16,2008-06-24,03:11:56.8,2454641.6333,120.0,1.09,J,J,,,,missingreplog_4U1636-536.csv,,,Data replog,,,4U1636-536,True,IR
ir080623.0153,4U 1636-536,16:40:53.7,-53:45:16,2008-06-24,03:09:40.8,2454641.6317,120.0,1.09,J,J,,,,missingreplog_4U1636-536.csv,,,Data replog,,,4U1636-536,True,IR
ir080622.0131,4U 1636-536,16:40:53.3,-53:45:05,2008-06-23,05:53:39.8,2454640.7456,150.0,1.25,H,H,,,,missingreplog_4U1636-536.csv,,,Data replog,,,4U1636-536,True,IR
ir080622.0130,4U 1636-536,16:40:53.3,-53:45:05,2008-06-23,05:50:53.6,2454640.7437,150.0,1.24,H,H,,,,missingreplog_4U1636-536.csv,,,Data replog,,,4U1636-536,True,IR
ir080622.0129,4U 1636-536,16:40:53.3,-53:45:05,2008-06-23,05:48:07.3,2454640.7418,150.0,1.24,H,H,,,,missingreplog_4U1636-536.csv,,,Data replog,,,4U1636-536,True,IR
ir080622.0128,4U 1636-536,16:40:53.3,-53:45:06,2008-06-23,05:45:21.0,2454640.7398,150.0,1.23,H,H,,,,missingreplog_4U1636-536.csv,,,Data replog,,,4U1636-536,True,IR
ir080622.0127,4U 1636-536,16:40:53.4,-53:45:06,2008-06-23,05:42:24.0,2454640.7378,120.0,1.22,J,J,,,,missingreplog_4U1636-536.csv,,,Data replog,,,4U1636-536,True,IR
ir080622.0126,4U 1636-536,16:40:53.4,-53:45:06,2008-06-23,05:40:07.8,2454640.7362,120.0,1.22,J,J,,,,missingreplog_4U1636-536.csv,,,Data replog,,,4U1636-536,True,IR
ir080622.0125,4U 1636-536,16:40:53.5,-53:45:07,2008-06-23,05:37:51.4,2454640.7346,120.0,1.22,J,J,,,,missingreplog_4U1636-536.csv,,,Data replog,,,4U1636-536,True,IR
ir080622.0124,4U 1636-536,16:40:53.6,-53:45:08,2008-06-23,05:35:35.2,2454640.7331,120.0,1.21,J,J,,,,missingreplog_4U1636-536.csv,,,Data replog,,,4U1636-536,True,IR
ir080621.0304,4U 1636-536,16:40:53.0,-53:44:55,2008-06-22,06:11:50.6,2454639.7582,150.0,1.28,H,H,,,,missingreplog_4U1636-536.csv,,,Data replog,,,4U1636-536,True,IR
ir080621.0303,4U 1636-536,16:40:53.0,-53:44:55,2008-06-22,06:09:04.0,2454639.7563,150.0,1.27,H,H,,,,missingreplog_4U1636-536.csv,,,Data replog,,,4U1636-536,True,IR
binir070702.0137.fits,4u 1636-536,16:40:55.49,-53:45:04.8,2007-07-03,03:29:25.488,2454284.64543,30.05,1.11,I,J,1210,1868,2020,IR_CD_header_logs/LOG_MULTI.20070630thru20070709.csv,IR_CD_header_logs/,MULTI,CD,YALE-03A-0001,,4U1636-536,True,IR
binir070702.0147.fits,4u 1636-536,16:40:55.60,-53:44:54.2,2007-07-03,03:37:36.192,2454284.65111,30.04,1.11,V,J,1250,1828,2020,IR_CD_header_logs/LOG_MULTI.20070630thru20070709.csv,IR_CD_header_logs/,MULTI,CD,YALE-03A-0001,,4U1636-536,True,IR
binir070702.0146.fits,4u 1636-536,16:40:55.60,-53:44:54.2,2007-07-03,03:36:50.481,2454284.65059,30.05,1.11,V,J,1170,1868,2060,IR_CD_header_logs/LOG_MULTI.20070630thru20070709.csv,IR_CD_header_logs/,MULTI,CD,YALE-03A-0001,,4U1636-536,True,IR
binir070702.0144.fits,4u 1636-536,16:40:55.56,-53:44:54.1,2007-07-03,03:35:19.410,2454284.64953,30.04,1.11,V,J,1210,1868,2020,IR_CD_header_logs/LOG_MULTI.20070630thru20070709.csv,IR_CD_header_logs/,MULTI,CD,YALE-03A-0001,,4U1636-536,True,IR
binir070702.0148.fits,4u 1636-536,16:40:55.61,-53:44:54.0,2007-07-03,03:38:21.673,2454284.65164,30.04,1.11,V,J,1210,1828,2060,IR_CD_header_logs/LOG_MULTI.20070630thru20070709.csv,IR_CD_header_logs/,MULTI,CD,YALE-03A-0001,,4U1636-536,True,IR
binir070702.0149.fits,4u 1636-536,16:40:55.63,-53:44:54.0,2007-07-03,03:39:07.341,2454284.65217,30.05,1.11,V,J,1250,1868,1980,IR_CD_header_logs/LOG_MULTI.20070630thru20070709.csv,IR_CD_header_logs/,MULTI,CD,YALE-03A-0001,,4U1636-536,True,IR
binir070702.0150.fits,4u 1636-536,16:40:55.63,-53:44:54.1,2007-07-03,03:39:52.917,2454284.6527,30.04,1.11,V,J,1170,1908,2020,IR_CD_header_logs/LOG_MULTI.20070630thru20070709.csv,IR_CD_header_logs/,MULTI,CD,YALE-03A-0001,,4U1636-536,True,IR
binir070702.0138.fits,4u 1636-536,16:40:55.46,-53:45:04.6,2007-07-03,03:30:10.890,2454284.64596,30.04,1.11,I,J,1210,1908,1980,IR_CD_header_logs/LOG_MULTI.20070630thru20070709.csv,IR_CD_header_logs/,MULTI,CD,YALE-03A-0001,,4U1636-536,True,IR
binir070702.0142.fits,4u 1636-536,16:40:55.51,-53:45:04.1,2007-07-03,03:33:13.648,2454284.64808,30.05,1.11,I,J,1250,1868,1980,IR_CD_header_logs/LOG_MULTI.20070630thru20070709.csv,IR_CD_header_logs/,MULTI,CD,YALE-03A-0001,,4U1636-536,True,IR
binir070702.0141.fits,4u 1636-536,16:40:55.48,-53:45:04.3,2007-07-03,03:32:27.839,2454284.64755,30.04,1.11,I,J,1210,1828,2060,IR_CD_header_logs/LOG_MULTI.20070630thru20070709.csv,IR_CD_header_logs/,MULTI,CD,YALE-03A-0001,,4U1636-536,True,IR
binir070702.0140.fits,4u 1636-536,16:40:55.49,-53:45:04.5,2007-07-03,03:31:42.442,2454284.64702,30.04,1.11,I,J,1250,1828,2020,IR_CD_header_logs/LOG_MULTI.20070630thru20070709.csv,IR_CD_header_logs/,MULTI,CD,YALE-03A-0001,,4U1636-536,True,IR
binir070702.0139.fits,4u 1636-536,16:40:55.47,-53:45:04.4,2007-07-03,03:30:56.696,2454284.64649,30.05,1.11,I,J,1170,1868,2060,IR_CD_header_logs/LOG_MULTI.20070630thru20070709.csv,IR_CD_header_logs/,MULTI,CD,YALE-03A-0001,,4U1636-536,True,IR
binir070702.0145.fits,4u 1636-536,16:40:55.58,-53:44:54.3,2007-07-03,03:36:04.774,2454284.65006,30.04,1.11,V,J,1210,1908,1980,IR_CD_header_logs/LOG_MULTI.20070630thru20070709.csv,IR_CD_header_logs/,MULTI,CD,YALE-03A-0001,,4U1636-536,True,IR
binir070702.0143.fits,4u 1636-536,16:40:55.53,-53:45:04.0,2007-07-03,03:33:59.341,2454284.6486,30.05,1.11,I,J,1170,1908,2020,IR_CD_header_logs/LOG_MULTI.20070630thru20070709.csv,IR_CD_header_logs/,MULTI,CD,YALE-03A-0001,,4U1636-536,True,IR
