filename,OBJECT,RA,DEC,DATE-OBS,TIME-OBS,JD,EXPTIME,SECZ,CCDFLTID,IRFLTID,TILT1,TILT2,TILT3,log name,Location,prop name help,Physical loc,OWNER,full path,proper name,xrb,source
ir090113.0054,CAL 83,05:43:32.9,-68:22:25,2009-01-14,03:17:04.6,2454845.6369,25.1,1.28,K,K,,,,usbdrivereplog_Cal83.csv,,,Data replog,,,Cal83,True,IR
ir090116.0035,CAL 83,05:43:26.9,-68:22:36,2009-01-17,02:01:43.6,2454848.5845,25.1,1.28,K,K,,,,usbdrivereplog_Cal83.csv,,,Data replog,,,Cal83,True,IR
ir090116.0034,CAL 83,05:43:27.0,-68:22:36,2009-01-17,02:00:33.0,2454848.5837,25.1,1.28,K,K,,,,usbdrivereplog_Cal83.csv,,,Data replog,,,Cal83,True,IR
ir090116.0033,CAL 83,05:43:27.0,-68:22:37,2009-01-17,01:59:22.6,2454848.5829,25.1,1.28,K,K,,,,usbdrivereplog_Cal83.csv,,,Data replog,,,Cal83,True,IR
ir090115.0057,CAL 83,05:43:27.0,-68:22:28,2009-01-16,02:37:14.0,2454847.6092,25.0,1.28,H,H,,,,usbdrivereplog_Cal83.csv,,,Data replog,,,Cal83,True,IR
ir090115.0056,CAL 83,05:43:27.1,-68:22:29,2009-01-16,02:36:03.2,2454847.6084,25.1,1.28,H,H,,,,usbdrivereplog_Cal83.csv,,,Data replog,,,Cal83,True,IR
ir090115.0055,CAL 83,05:43:27.2,-68:22:29,2009-01-16,02:34:52.9,2454847.6076,25.1,1.28,H,H,,,,usbdrivereplog_Cal83.csv,,,Data replog,,,Cal83,True,IR
ir090114.0053,CAL 83,05:43:32.3,-68:22:19,2009-01-15,04:09:53.9,2454846.6735,25.0,1.31,J,J,,,,usbdrivereplog_Cal83.csv,,,Data replog,,,Cal83,True,IR
ir090114.0052,CAL 83,05:43:32.3,-68:22:19,2009-01-15,04:08:43.1,2454846.6727,25.0,1.31,J,J,,,,usbdrivereplog_Cal83.csv,,,Data replog,,,Cal83,True,IR
ir090114.0051,CAL 83,05:43:32.5,-68:22:20,2009-01-15,04:07:32.9,2454846.6719,25.0,1.31,J,J,,,,usbdrivereplog_Cal83.csv,,,Data replog,,,Cal83,True,IR
ir090113.0056,CAL 83,05:43:32.8,-68:22:25,2009-01-14,03:19:25.6,2454845.6385,25.0,1.28,K,K,,,,usbdrivereplog_Cal83.csv,,,Data replog,,,Cal83,True,IR
ir090113.0055,CAL 83,05:43:32.8,-68:22:25,2009-01-14,03:18:14.9,2454845.6377,25.1,1.28,K,K,,,,usbdrivereplog_Cal83.csv,,,Data replog,,,Cal83,True,IR
ir090106.0165,CAL 83,05:43:33.0,-68:22:19,2009-01-07,04:27:54.4,2454838.6861,25.1,1.3,K,K,,,,usbdrivereplog_Cal83.csv,,,Data replog,,,Cal83,True,IR
ir090103.0185,CAL 83,05:43:32.3,-68:22:44,2009-01-04,06:51:50.3,2454835.786,25.0,1.5,K,K,,,,usbdrivereplog_Cal83.csv,,,Data replog,,,Cal83,True,IR
ir090106.0164,CAL 83,05:43:33.0,-68:22:19,2009-01-07,04:26:43.7,2454838.6852,25.0,1.3,K,K,,,,usbdrivereplog_Cal83.csv,,,Data replog,,,Cal83,True,IR
ir090106.0163,CAL 83,05:43:32.9,-68:22:19,2009-01-07,04:25:33.0,2454838.6844,25.1,1.3,K,K,,,,usbdrivereplog_Cal83.csv,,,Data replog,,,Cal83,True,IR
ir090106.0162,CAL 83,05:43:32.9,-68:22:20,2009-01-07,04:23:20.3,2454838.6829,25.1,1.3,H,H,,,,usbdrivereplog_Cal83.csv,,,Data replog,,,Cal83,True,IR
ir090106.0161,CAL 83,05:43:32.9,-68:22:19,2009-01-07,04:22:09.5,2454838.6821,25.0,1.29,H,H,,,,usbdrivereplog_Cal83.csv,,,Data replog,,,Cal83,True,IR
ir090106.0160,CAL 83,05:43:32.9,-68:22:20,2009-01-07,04:20:59.2,2454838.6812,25.0,1.29,H,H,,,,usbdrivereplog_Cal83.csv,,,Data replog,,,Cal83,True,IR
ir090106.0159,CAL 83,05:43:32.9,-68:22:20,2009-01-07,04:18:46.7,2454838.6797,25.0,1.29,J,J,,,,usbdrivereplog_Cal83.csv,,,Data replog,,,Cal83,True,IR
ir090106.0158,CAL 83,05:43:32.9,-68:22:20,2009-01-07,04:17:36.0,2454838.6789,25.0,1.29,J,J,,,,usbdrivereplog_Cal83.csv,,,Data replog,,,Cal83,True,IR
ir090106.0157,CAL 83,05:43:32.9,-68:22:19,2009-01-07,04:16:25.4,2454838.6781,25.1,1.29,J,J,,,,usbdrivereplog_Cal83.csv,,,Data replog,,,Cal83,True,IR
ir090106.0156,CAL 83,05:43:32.9,-68:22:19,2009-01-07,04:14:12.9,2454838.6765,25.0,1.29,J,J,,,,usbdrivereplog_Cal83.csv,,,Data replog,,,Cal83,True,IR
ir090106.0155,CAL 83,05:43:33.0,-68:22:19,2009-01-07,04:13:02.0,2454838.6757,25.0,1.29,J,J,,,,usbdrivereplog_Cal83.csv,,,Data replog,,,Cal83,True,IR
ir090106.0154,CAL 83,05:43:33.1,-68:22:20,2009-01-07,04:11:51.6,2454838.6749,25.1,1.29,J,J,,,,usbdrivereplog_Cal83.csv,,,Data replog,,,Cal83,True,IR
irir090117.0077,CAL 83,05:43:25.5,-68:22:26,2009-01-18,04:12:25.4,2454849.6753,25.0,1.32,J,J,,,,usbdrivereplog_Cal83.csv,,,Data replog,,,Cal83,True,IR
irir090117.0078,CAL 83,05:43:25.4,-68:22:25,2009-01-18,04:13:35.7,2454849.6761,25.0,1.32,J,J,,,,usbdrivereplog_Cal83.csv,,,Data replog,,,Cal83,True,IR
irir090117.0079,CAL 83,05:43:25.4,-68:22:25,2009-01-18,04:14:46.4,2454849.6769,25.1,1.32,J,J,,,,usbdrivereplog_Cal83.csv,,,Data replog,,,Cal83,True,IR
ir090118.0057,CAL 83,05:43:26.3,-68:22:37,2009-01-19,02:52:00.8,2454850.6195,25.1,1.28,J,J,,,,usbdrivereplog_Cal83.csv,,,Data replog,,,Cal83,True,IR
ir090125.0064,CAL 83,05:43:33.0,-68:22:16,2009-01-26,05:07:15.5,2454857.7134,25.1,1.45,J,J,,,,usbdrivereplog_Cal83.csv,,,Data replog,,,Cal83,True,IR
ir090125.0063,CAL 83,05:43:33.1,-68:22:16,2009-01-26,05:06:04.6,2454857.7126,25.1,1.45,J,J,,,,usbdrivereplog_Cal83.csv,,,Data replog,,,Cal83,True,IR
ir090125.0062,CAL 83,05:43:33.3,-68:22:17,2009-01-26,05:04:54.4,2454857.7117,25.1,1.45,J,J,,,,usbdrivereplog_Cal83.csv,,,Data replog,,,Cal83,True,IR
ir090125.0045,CAL 83,05:43:31.8,-68:22:20,2009-01-26,04:31:59.0,2454857.6889,25.0,1.39,J,J,,,,usbdrivereplog_Cal83.csv,,,Data replog,,,Cal83,True,IR
ir090125.0044,CAL 83,05:43:31.9,-68:22:21,2009-01-26,04:30:48.1,2454857.6881,25.1,1.39,J,J,,,,usbdrivereplog_Cal83.csv,,,Data replog,,,Cal83,True,IR
ir090125.0043,CAL 83,05:43:32.0,-68:22:21,2009-01-26,04:29:37.7,2454857.6872,25.0,1.38,J,J,,,,usbdrivereplog_Cal83.csv,,,Data replog,,,Cal83,True,IR
ir090124.0034,CAL 83,05:43:33.2,-68:22:20,2009-01-25,02:24:57.4,2454856.6007,25.1,1.28,K,K,,,,usbdrivereplog_Cal83.csv,,,Data replog,,,Cal83,True,IR
ir090124.0033,CAL 83,05:43:33.2,-68:22:20,2009-01-25,02:23:46.6,2454856.5998,25.0,1.28,K,K,,,,usbdrivereplog_Cal83.csv,,,Data replog,,,Cal83,True,IR
ir090124.0032,CAL 83,05:43:33.2,-68:22:21,2009-01-25,02:22:36.2,2454856.599,25.1,1.28,K,K,,,,usbdrivereplog_Cal83.csv,,,Data replog,,,Cal83,True,IR
ir090123.0197,CAL 83,05:43:33.5,-68:22:16,2009-01-24,04:34:51.1,2454855.6909,25.0,1.38,H,H,,,,usbdrivereplog_Cal83.csv,,,Data replog,,,Cal83,True,IR
ir090123.0196,CAL 83,05:43:33.5,-68:22:17,2009-01-24,04:33:40.2,2454855.69,25.1,1.38,H,H,,,,usbdrivereplog_Cal83.csv,,,Data replog,,,Cal83,True,IR
ir090123.0195,CAL 83,05:43:33.6,-68:22:17,2009-01-24,04:32:29.7,2454855.6892,25.1,1.38,H,H,,,,usbdrivereplog_Cal83.csv,,,Data replog,,,Cal83,True,IR
ir090122.0186,CAL 83,05:43:34.3,-68:22:16,2009-01-23,04:35:16.1,2454854.6912,25.0,1.38,J,J,,,,usbdrivereplog_Cal83.csv,,,Data replog,,,Cal83,True,IR
ir090122.0185,CAL 83,05:43:34.4,-68:22:17,2009-01-23,04:34:05.4,2454854.6903,25.0,1.37,J,J,,,,usbdrivereplog_Cal83.csv,,,Data replog,,,Cal83,True,IR
ir090122.0184,CAL 83,05:43:34.4,-68:22:17,2009-01-23,04:32:55.0,2454854.6895,25.0,1.37,J,J,,,,usbdrivereplog_Cal83.csv,,,Data replog,,,Cal83,True,IR
ir090120.0052,CAL 83,05:43:26.0,-68:22:37,2009-01-21,02:43:04.5,2454852.6132,25.1,1.28,K,K,,,,usbdrivereplog_Cal83.csv,,,Data replog,,,Cal83,True,IR
ir090120.0051,CAL 83,05:43:26.0,-68:22:37,2009-01-21,02:41:53.9,2454852.6124,25.0,1.28,K,K,,,,usbdrivereplog_Cal83.csv,,,Data replog,,,Cal83,True,IR
ir090120.0050,CAL 83,05:43:26.1,-68:22:37,2009-01-21,02:40:43.5,2454852.6116,25.1,1.28,K,K,,,,usbdrivereplog_Cal83.csv,,,Data replog,,,Cal83,True,IR
ir090119.0143,CAL 83,05:43:26.0,-68:22:32,2009-01-20,03:42:51.2,2454851.6548,25.0,1.3,H,H,,,,usbdrivereplog_Cal83.csv,,,Data replog,,,Cal83,True,IR
ir090119.0142,CAL 83,05:43:26.0,-68:22:32,2009-01-20,03:41:40.5,2454851.6539,25.1,1.3,H,H,,,,usbdrivereplog_Cal83.csv,,,Data replog,,,Cal83,True,IR
ir090119.0141,CAL 83,05:43:26.1,-68:22:33,2009-01-20,03:40:30.1,2454851.6531,25.1,1.3,H,H,,,,usbdrivereplog_Cal83.csv,,,Data replog,,,Cal83,True,IR
ir090118.0059,CAL 83,05:43:26.2,-68:22:36,2009-01-19,02:54:21.9,2454850.6211,25.1,1.28,J,J,,,,usbdrivereplog_Cal83.csv,,,Data replog,,,Cal83,True,IR
ir090118.0058,CAL 83,05:43:26.3,-68:22:36,2009-01-19,02:53:11.1,2454850.6203,25.0,1.28,J,J,,,,usbdrivereplog_Cal83.csv,,,Data replog,,,Cal83,True,IR
ir090103.0186,CAL 83,05:43:32.3,-68:22:45,2009-01-04,06:53:01.0,2454835.7868,25.0,1.5,K,K,,,,usbdrivereplog_Cal83.csv,,,Data replog,,,Cal83,True,IR
ir090103.0184,CAL 83,05:43:32.4,-68:22:44,2009-01-04,06:50:40.0,2454835.7852,25.0,1.49,K,K,,,,usbdrivereplog_Cal83.csv,,,Data replog,,,Cal83,True,IR
ir090103.0183,CAL 83,05:43:32.5,-68:22:44,2009-01-04,06:48:27.6,2454835.7837,25.1,1.49,H,H,,,,usbdrivereplog_Cal83.csv,,,Data replog,,,Cal83,True,IR
ir090103.0182,CAL 83,05:43:32.6,-68:22:44,2009-01-04,06:47:16.9,2454835.7828,25.0,1.48,H,H,,,,usbdrivereplog_Cal83.csv,,,Data replog,,,Cal83,True,IR
ir090103.0181,CAL 83,05:43:32.6,-68:22:44,2009-01-04,06:46:06.5,2454835.782,25.0,1.48,H,H,,,,usbdrivereplog_Cal83.csv,,,Data replog,,,Cal83,True,IR
ir090103.0180,CAL 83,05:43:32.8,-68:22:44,2009-01-04,06:43:54.1,2454835.7805,25.1,1.48,J,J,,,,usbdrivereplog_Cal83.csv,,,Data replog,,,Cal83,True,IR
ir090103.0179,CAL 83,05:43:32.8,-68:22:44,2009-01-04,06:42:43.6,2454835.7797,25.0,1.47,J,J,,,,usbdrivereplog_Cal83.csv,,,Data replog,,,Cal83,True,IR
ir090103.0178,CAL 83,05:43:32.9,-68:22:44,2009-01-04,06:41:33.4,2454835.7788,25.0,1.47,J,J,,,,usbdrivereplog_Cal83.csv,,,Data replog,,,Cal83,True,IR
ir090103.0177,CAL 83,05:43:33.0,-68:22:44,2009-01-04,06:39:20.8,2454835.7773,25.0,1.47,J,J,,,,usbdrivereplog_Cal83.csv,,,Data replog,,,Cal83,True,IR
ir090103.0176,CAL 83,05:43:33.0,-68:22:44,2009-01-04,06:38:10.1,2454835.7765,25.1,1.46,J,J,,,,usbdrivereplog_Cal83.csv,,,Data replog,,,Cal83,True,IR
ir090103.0175,CAL 83,05:43:32.9,-68:22:44,2009-01-04,06:36:59.8,2454835.7757,25.1,1.46,J,J,,,,usbdrivereplog_Cal83.csv,,,Data replog,,,Cal83,True,IR
ir090126.0230,CAL 83,05:43:31.2,-68:22:20,2009-01-27,05:02:53.2,2454858.7103,25.0,1.45,J,J,,,,usbdrivereplog_Cal83.csv,,,Data replog,,,Cal83,True,IR
ir090126.0231,CAL 83,05:43:31.0,-68:22:19,2009-01-27,05:04:03.4,2454858.7112,25.0,1.46,J,J,,,,usbdrivereplog_Cal83.csv,,,Data replog,,,Cal83,True,IR
ir090126.0232,CAL 83,05:43:30.9,-68:22:19,2009-01-27,05:05:14.2,2454858.712,25.0,1.46,J,J,,,,usbdrivereplog_Cal83.csv,,,Data replog,,,Cal83,True,IR
ir090127.0171,CAL 83,05:43:31.8,-68:22:15,2009-01-28,03:43:17.2,2454859.6551,25.1,1.33,H,H,,,,usbdrivereplog_Cal83.csv,,,Data replog,,,Cal83,True,IR
ir090130.0231,CAL 83,05:43:23.7,-68:22:34,2009-01-31,04:47:28.4,2454862.6996,25.0,1.45,J,J,,,,usbdrivereplog_Cal83.csv,,,Data replog,,,Cal83,True,IR
ir090205.0027,CAL 83,05:43:33.1,-68:22:19,2009-02-06,02:34:03.9,2454868.607,25.0,1.3,K,K,,,,usbdrivereplog_Cal83.csv,,,Data replog,,,Cal83,True,IR
ir090204.0085,CAL 83,05:43:25.8,-68:22:31,2009-02-05,02:21:01.1,2454867.5979,25.1,1.29,H,H,,,,usbdrivereplog_Cal83.csv,,,Data replog,,,Cal83,True,IR
ir090204.0084,CAL 83,05:43:25.8,-68:22:31,2009-02-05,02:19:50.3,2454867.5971,25.1,1.29,H,H,,,,usbdrivereplog_Cal83.csv,,,Data replog,,,Cal83,True,IR
ir090204.0083,CAL 83,05:43:25.8,-68:22:32,2009-02-05,02:18:39.7,2454867.5963,25.1,1.29,H,H,,,,usbdrivereplog_Cal83.csv,,,Data replog,,,Cal83,True,IR
ir090201.0060,CAL 83,05:43:25.6,-68:22:34,2009-02-02,02:53:56.3,2454864.6208,25.0,1.31,K,K,,,,usbdrivereplog_Cal83.csv,,,Data replog,,,Cal83,True,IR
ir090201.0059,CAL 83,05:43:25.6,-68:22:34,2009-02-02,02:52:45.5,2454864.62,25.0,1.3,K,K,,,,usbdrivereplog_Cal83.csv,,,Data replog,,,Cal83,True,IR
ir090201.0058,CAL 83,05:43:25.7,-68:22:35,2009-02-02,02:51:35.1,2454864.6192,25.0,1.3,K,K,,,,usbdrivereplog_Cal83.csv,,,Data replog,,,Cal83,True,IR
ir090131.0173,CAL 83,05:43:25.0,-68:22:30,2009-02-01,03:42:57.9,2454863.6548,25.1,1.35,H,H,,,,usbdrivereplog_Cal83.csv,,,Data replog,,,Cal83,True,IR
ir090131.0172,CAL 83,05:43:25.0,-68:22:30,2009-02-01,03:41:47.1,2454863.654,25.1,1.35,H,H,,,,usbdrivereplog_Cal83.csv,,,Data replog,,,Cal83,True,IR
ir090131.0171,CAL 83,05:43:25.1,-68:22:31,2009-02-01,03:40:36.7,2454863.6532,25.1,1.35,H,H,,,,usbdrivereplog_Cal83.csv,,,Data replog,,,Cal83,True,IR
ir090130.0232,CAL 83,05:43:23.6,-68:22:34,2009-01-31,04:48:39.1,2454862.7004,25.0,1.46,J,J,,,,usbdrivereplog_Cal83.csv,,,Data replog,,,Cal83,True,IR
ir090130.0230,CAL 83,05:43:23.8,-68:22:35,2009-01-31,04:46:18.0,2454862.6988,25.0,1.45,J,J,,,,usbdrivereplog_Cal83.csv,,,Data replog,,,Cal83,True,IR
ir090129.0056,CAL 83,05:43:25.7,-68:22:27,2009-01-30,03:03:39.1,2454861.6275,25.0,1.3,J,J,,,,usbdrivereplog_Cal83.csv,,,Data replog,,,Cal83,True,IR
ir090129.0055,CAL 83,05:43:25.7,-68:22:28,2009-01-30,03:02:28.4,2454861.6267,25.0,1.3,J,J,,,,usbdrivereplog_Cal83.csv,,,Data replog,,,Cal83,True,IR
ir090129.0054,CAL 83,05:43:25.8,-68:22:29,2009-01-30,03:01:17.9,2454861.6259,25.1,1.3,J,J,,,,usbdrivereplog_Cal83.csv,,,Data replog,,,Cal83,True,IR
ir090129.0037,CAL 83,05:43:26.0,-68:22:29,2009-01-30,02:28:37.9,2454861.6032,25.0,1.28,J,J,,,,usbdrivereplog_Cal83.csv,,,Data replog,,,Cal83,True,IR
ir090129.0036,CAL 83,05:43:26.0,-68:22:29,2009-01-30,02:27:27.2,2454861.6024,25.0,1.28,J,J,,,,usbdrivereplog_Cal83.csv,,,Data replog,,,Cal83,True,IR
ir090129.0035,CAL 83,05:43:26.0,-68:22:30,2009-01-30,02:26:16.6,2454861.6016,25.1,1.28,J,J,,,,usbdrivereplog_Cal83.csv,,,Data replog,,,Cal83,True,IR
ir090128.0034,CAL 83,05:43:33.2,-68:22:20,2009-01-29,02:28:25.4,2454860.6031,25.1,1.28,K,K,,,,usbdrivereplog_Cal83.csv,,,Data replog,,,Cal83,True,IR
ir090128.0033,CAL 83,05:43:33.3,-68:22:20,2009-01-29,02:27:14.7,2454860.6023,25.1,1.28,K,K,,,,usbdrivereplog_Cal83.csv,,,Data replog,,,Cal83,True,IR
ir090128.0032,CAL 83,05:43:33.2,-68:22:19,2009-01-29,02:26:04.4,2454860.6014,25.0,1.28,K,K,,,,usbdrivereplog_Cal83.csv,,,Data replog,,,Cal83,True,IR
ir090127.0173,CAL 83,05:43:31.8,-68:22:14,2009-01-28,03:45:38.4,2454859.6567,25.1,1.34,H,H,,,,usbdrivereplog_Cal83.csv,,,Data replog,,,Cal83,True,IR
ir090127.0172,CAL 83,05:43:31.8,-68:22:14,2009-01-28,03:44:27.7,2454859.6559,25.0,1.33,H,H,,,,usbdrivereplog_Cal83.csv,,,Data replog,,,Cal83,True,IR
ir090205.0028,CAL 83,05:43:33.1,-68:22:18,2009-02-06,02:35:14.5,2454868.6078,25.1,1.3,K,K,,,,usbdrivereplog_Cal83.csv,,,Data replog,,,Cal83,True,IR
ir090205.0029,CAL 83,05:43:33.0,-68:22:17,2009-02-06,02:36:25.2,2454868.6086,25.1,1.3,K,K,,,,usbdrivereplog_Cal83.csv,,,Data replog,,,Cal83,True,IR
ir090208.0156,CAL 83,05:43:34.4,-68:22:17,2009-02-09,03:12:07.6,2454871.6334,25.0,1.35,H,H,,,,usbdrivereplog_Cal83.csv,,,Data replog,,,Cal83,True,IR
ir090208.0157,CAL 83,05:43:34.4,-68:22:18,2009-02-09,03:13:18.1,2454871.6342,25.0,1.35,H,H,,,,usbdrivereplog_Cal83.csv,,,Data replog,,,Cal83,True,IR
ir090208.0158,CAL 83,05:43:34.4,-68:22:18,2009-02-09,03:14:28.9,2454871.6351,25.1,1.36,H,H,,,,usbdrivereplog_Cal83.csv,,,Data replog,,,Cal83,True,IR
ir081213.0154,CAL 83,05:43:33.5,-68:22:24,2008-12-14,04:57:47.0,2454814.7068,25.0,1.28,J,J,,,,missingreplog_Cal83.csv,,,Data replog,,,Cal83,True,IR
ir081216.0147,CAL 83,05:43:34.1,-68:22:17,2008-12-17,04:07:58.5,2454817.6722,25.1,1.28,J,J,,,,missingreplog_Cal83.csv,,,Data replog,,,Cal83,True,IR
ir081216.0146,CAL 83,05:43:34.1,-68:22:18,2008-12-17,04:06:48.2,2454817.6714,25.1,1.28,J,J,,,,missingreplog_Cal83.csv,,,Data replog,,,Cal83,True,IR
ir081216.0145,CAL 83,05:43:34.2,-68:22:18,2008-12-17,04:04:36.0,2454817.6699,25.0,1.28,J,J,,,,missingreplog_Cal83.csv,,,Data replog,,,Cal83,True,IR
ir081216.0144,CAL 83,05:43:34.2,-68:22:18,2008-12-17,04:03:25.3,2454817.6691,25.1,1.28,J,J,,,,missingreplog_Cal83.csv,,,Data replog,,,Cal83,True,IR
ir081216.0143,CAL 83,05:43:34.4,-68:22:19,2008-12-17,04:02:14.9,2454817.6682,25.1,1.28,J,J,,,,missingreplog_Cal83.csv,,,Data replog,,,Cal83,True,IR
ir081213.0160,CAL 83,05:43:33.4,-68:22:23,2008-12-14,05:06:54.1,2454814.7131,25.0,1.28,K,K,,,,missingreplog_Cal83.csv,,,Data replog,,,Cal83,True,IR
ir081213.0159,CAL 83,05:43:33.4,-68:22:23,2008-12-14,05:05:43.3,2454814.7123,25.1,1.28,K,K,,,,missingreplog_Cal83.csv,,,Data replog,,,Cal83,True,IR
ir081213.0158,CAL 83,05:43:33.4,-68:22:23,2008-12-14,05:04:33.1,2454814.7115,25.0,1.28,K,K,,,,missingreplog_Cal83.csv,,,Data replog,,,Cal83,True,IR
ir081213.0157,CAL 83,05:43:33.4,-68:22:23,2008-12-14,05:02:20.7,2454814.71,25.0,1.28,H,H,,,,missingreplog_Cal83.csv,,,Data replog,,,Cal83,True,IR
ir081213.0156,CAL 83,05:43:33.5,-68:22:23,2008-12-14,05:01:09.9,2454814.7092,25.1,1.28,H,H,,,,missingreplog_Cal83.csv,,,Data replog,,,Cal83,True,IR
ir081213.0155,CAL 83,05:43:33.4,-68:22:23,2008-12-14,04:59:59.4,2454814.7083,25.1,1.28,H,H,,,,missingreplog_Cal83.csv,,,Data replog,,,Cal83,True,IR
ir081213.0153,CAL 83,05:43:33.5,-68:22:24,2008-12-14,04:56:36.4,2454814.706,25.0,1.28,J,J,,,,missingreplog_Cal83.csv,,,Data replog,,,Cal83,True,IR
ir081210.0217,CAL 83,05:43:26.0,-68:22:34,2008-12-11,05:52:01.0,2454811.7445,25.1,1.29,J,J,,,,missingreplog_Cal83.csv,,,Data replog,,,Cal83,True,IR
ir081213.0152,CAL 83,05:43:33.5,-68:22:24,2008-12-14,04:55:26.0,2454814.7052,25.0,1.28,J,J,,,,missingreplog_Cal83.csv,,,Data replog,,,Cal83,True,IR
ir081213.0151,CAL 83,05:43:33.5,-68:22:25,2008-12-14,04:53:13.2,2454814.7036,25.0,1.28,J,J,,,,missingreplog_Cal83.csv,,,Data replog,,,Cal83,True,IR
ir081213.0150,CAL 83,05:43:33.6,-68:22:25,2008-12-14,04:52:02.4,2454814.7028,25.0,1.28,J,J,,,,missingreplog_Cal83.csv,,,Data replog,,,Cal83,True,IR
ir081213.0149,CAL 83,05:43:33.6,-68:22:25,2008-12-14,04:50:52.1,2454814.702,25.0,1.28,J,J,,,,missingreplog_Cal83.csv,,,Data replog,,,Cal83,True,IR
ir081210.0225,CAL 83,05:43:26.0,-68:22:33,2008-12-11,06:03:29.7,2454811.7524,25.0,1.29,K,K,,,,missingreplog_Cal83.csv,,,Data replog,,,Cal83,True,IR
ir081210.0224,CAL 83,05:43:26.0,-68:22:32,2008-12-11,06:02:19.0,2454811.7516,25.0,1.29,K,K,,,,missingreplog_Cal83.csv,,,Data replog,,,Cal83,True,IR
ir081210.0223,CAL 83,05:43:26.0,-68:22:33,2008-12-11,06:01:08.6,2454811.7508,25.1,1.29,K,K,,,,missingreplog_Cal83.csv,,,Data replog,,,Cal83,True,IR
ir081210.0222,CAL 83,05:43:26.0,-68:22:33,2008-12-11,05:58:56.0,2454811.7493,25.1,1.29,H,H,,,,missingreplog_Cal83.csv,,,Data replog,,,Cal83,True,IR
ir081210.0221,CAL 83,05:43:26.0,-68:22:32,2008-12-11,05:57:45.3,2454811.7484,25.0,1.29,H,H,,,,missingreplog_Cal83.csv,,,Data replog,,,Cal83,True,IR
ir081210.0220,CAL 83,05:43:26.0,-68:22:32,2008-12-11,05:56:34.8,2454811.7476,25.1,1.29,H,H,,,,missingreplog_Cal83.csv,,,Data replog,,,Cal83,True,IR
ir081210.0219,CAL 83,05:43:26.0,-68:22:33,2008-12-11,05:54:22.2,2454811.7461,25.0,1.29,J,J,,,,missingreplog_Cal83.csv,,,Data replog,,,Cal83,True,IR
ir081216.0148,CAL 83,05:43:34.0,-68:22:17,2008-12-17,04:09:09.1,2454817.673,25.1,1.28,J,J,,,,missingreplog_Cal83.csv,,,Data replog,,,Cal83,True,IR
ir081216.0149,CAL 83,05:43:34.0,-68:22:17,2008-12-17,04:11:21.5,2454817.6746,25.0,1.28,H,H,,,,missingreplog_Cal83.csv,,,Data replog,,,Cal83,True,IR
ir081216.0150,CAL 83,05:43:34.0,-68:22:17,2008-12-17,04:12:31.7,2454817.6754,25.0,1.28,H,H,,,,missingreplog_Cal83.csv,,,Data replog,,,Cal83,True,IR
ir081216.0151,CAL 83,05:43:34.0,-68:22:17,2008-12-17,04:13:42.3,2454817.6762,25.0,1.28,H,H,,,,missingreplog_Cal83.csv,,,Data replog,,,Cal83,True,IR
ir081222.0129,CAL 83,05:43:26.1,-68:22:24,2008-12-23,03:24:16.8,2454823.6419,25.1,1.29,H,H,,,,missingreplog_Cal83.csv,,,Data replog,,,Cal83,True,IR
ir081222.0128,CAL 83,05:43:26.1,-68:22:25,2008-12-23,03:23:06.5,2454823.641,25.1,1.29,H,H,,,,missingreplog_Cal83.csv,,,Data replog,,,Cal83,True,IR
ir081222.0127,CAL 83,05:43:26.1,-68:22:26,2008-12-23,03:20:53.5,2454823.6395,25.0,1.29,J,J,,,,missingreplog_Cal83.csv,,,Data replog,,,Cal83,True,IR
ir081222.0126,CAL 83,05:43:26.2,-68:22:25,2008-12-23,03:19:42.9,2454823.6387,25.0,1.29,J,J,,,,missingreplog_Cal83.csv,,,Data replog,,,Cal83,True,IR
ir081222.0125,CAL 83,05:43:26.2,-68:22:25,2008-12-23,03:18:32.7,2454823.6379,25.0,1.29,J,J,,,,missingreplog_Cal83.csv,,,Data replog,,,Cal83,True,IR
ir081222.0124,CAL 83,05:43:26.3,-68:22:26,2008-12-23,03:16:19.7,2454823.6363,25.0,1.29,J,J,,,,missingreplog_Cal83.csv,,,Data replog,,,Cal83,True,IR
ir081222.0123,CAL 83,05:43:26.4,-68:22:27,2008-12-23,03:15:08.9,2454823.6355,25.0,1.3,J,J,,,,missingreplog_Cal83.csv,,,Data replog,,,Cal83,True,IR
ir081222.0122,CAL 83,05:43:26.5,-68:22:27,2008-12-23,03:13:58.6,2454823.6347,25.1,1.3,J,J,,,,missingreplog_Cal83.csv,,,Data replog,,,Cal83,True,IR
ir081219.0207,CAL 83,05:43:25.9,-68:22:23,2008-12-20,04:38:45.4,2454820.6936,25.0,1.28,K,K,,,,missingreplog_Cal83.csv,,,Data replog,,,Cal83,True,IR
ir081219.0206,CAL 83,05:43:25.9,-68:22:22,2008-12-20,04:37:34.6,2454820.6928,25.1,1.28,K,K,,,,missingreplog_Cal83.csv,,,Data replog,,,Cal83,True,IR
ir081219.0205,CAL 83,05:43:25.9,-68:22:22,2008-12-20,04:36:24.3,2454820.6919,25.1,1.28,K,K,,,,missingreplog_Cal83.csv,,,Data replog,,,Cal83,True,IR
ir081219.0204,CAL 83,05:43:25.9,-68:22:23,2008-12-20,04:34:11.6,2454820.6904,25.0,1.28,H,H,,,,missingreplog_Cal83.csv,,,Data replog,,,Cal83,True,IR
ir081219.0203,CAL 83,05:43:25.9,-68:22:22,2008-12-20,04:33:01.0,2454820.6896,25.1,1.28,H,H,,,,missingreplog_Cal83.csv,,,Data replog,,,Cal83,True,IR
ir081219.0202,CAL 83,05:43:25.9,-68:22:24,2008-12-20,04:31:50.6,2454820.6888,25.1,1.28,H,H,,,,missingreplog_Cal83.csv,,,Data replog,,,Cal83,True,IR
ir081219.0201,CAL 83,05:43:26.0,-68:22:24,2008-12-20,04:29:38.5,2454820.6872,25.0,1.28,J,J,,,,missingreplog_Cal83.csv,,,Data replog,,,Cal83,True,IR
ir081219.0200,CAL 83,05:43:26.0,-68:22:24,2008-12-20,04:28:27.8,2454820.6864,25.1,1.28,J,J,,,,missingreplog_Cal83.csv,,,Data replog,,,Cal83,True,IR
ir081219.0199,CAL 83,05:43:26.0,-68:22:24,2008-12-20,04:27:17.3,2454820.6856,25.0,1.28,J,J,,,,missingreplog_Cal83.csv,,,Data replog,,,Cal83,True,IR
ir081219.0198,CAL 83,05:43:26.1,-68:22:25,2008-12-20,04:25:04.9,2454820.6841,25.1,1.28,J,J,,,,missingreplog_Cal83.csv,,,Data replog,,,Cal83,True,IR
ir081219.0197,CAL 83,05:43:26.1,-68:22:25,2008-12-20,04:23:54.0,2454820.6833,25.1,1.28,J,J,,,,missingreplog_Cal83.csv,,,Data replog,,,Cal83,True,IR
ir081219.0196,CAL 83,05:43:26.1,-68:22:26,2008-12-20,04:22:43.8,2454820.6825,25.1,1.28,J,J,,,,missingreplog_Cal83.csv,,,Data replog,,,Cal83,True,IR
ir081216.0154,CAL 83,05:43:33.9,-68:22:18,2008-12-17,04:18:15.1,2454817.6793,25.1,1.28,K,K,,,,missingreplog_Cal83.csv,,,Data replog,,,Cal83,True,IR
ir081216.0153,CAL 83,05:43:33.9,-68:22:18,2008-12-17,04:17:04.4,2454817.6785,25.1,1.28,K,K,,,,missingreplog_Cal83.csv,,,Data replog,,,Cal83,True,IR
ir081216.0152,CAL 83,05:43:34.0,-68:22:18,2008-12-17,04:15:54.2,2454817.6777,25.1,1.28,K,K,,,,missingreplog_Cal83.csv,,,Data replog,,,Cal83,True,IR
ir081210.0218,CAL 83,05:43:26.0,-68:22:33,2008-12-11,05:53:11.4,2454811.7453,25.0,1.29,J,J,,,,missingreplog_Cal83.csv,,,Data replog,,,Cal83,True,IR
ir081210.0216,CAL 83,05:43:26.1,-68:22:33,2008-12-11,05:49:48.2,2454811.7429,25.0,1.29,J,J,,,,missingreplog_Cal83.csv,,,Data replog,,,Cal83,True,IR
ir081222.0131,CAL 83,05:43:26.2,-68:22:23,2008-12-23,03:27:40.2,2454823.6442,25.0,1.29,K,K,,,,missingreplog_Cal83.csv,,,Data replog,,,Cal83,True,IR
ir081125.0277,CAL 83,05:43:26.4,-68:22:40,2008-11-26,05:40:25.2,2454796.7364,25.0,1.28,K,K,,,,missingreplog_Cal83.csv,,,Data replog,,,Cal83,True,IR
ir081128.0172,CAL 83,05:43:33.6,-68:22:19,2008-11-29,06:06:08.4,2454799.7543,25.0,1.28,K,K,,,,missingreplog_Cal83.csv,,,Data replog,,,Cal83,True,IR
ir081128.0171,CAL 83,05:43:33.6,-68:22:18,2008-11-29,06:03:52.7,2454799.7527,25.0,1.28,H,H,,,,missingreplog_Cal83.csv,,,Data replog,,,Cal83,True,IR
ir081128.0170,CAL 83,05:43:33.7,-68:22:18,2008-11-29,06:02:42.0,2454799.7519,25.0,1.28,H,H,,,,missingreplog_Cal83.csv,,,Data replog,,,Cal83,True,IR
ir081128.0169,CAL 83,05:43:33.7,-68:22:19,2008-11-29,06:01:31.6,2454799.7511,25.1,1.28,H,H,,,,missingreplog_Cal83.csv,,,Data replog,,,Cal83,True,IR
ir081128.0168,CAL 83,05:43:33.7,-68:22:19,2008-11-29,05:59:16.6,2454799.7495,25.0,1.28,J,J,,,,missingreplog_Cal83.csv,,,Data replog,,,Cal83,True,IR
ir081128.0167,CAL 83,05:43:33.7,-68:22:19,2008-11-29,05:58:05.8,2454799.7487,25.1,1.28,J,J,,,,missingreplog_Cal83.csv,,,Data replog,,,Cal83,True,IR
ir081128.0166,CAL 83,05:43:33.7,-68:22:19,2008-11-29,05:56:55.4,2454799.7479,25.1,1.28,J,J,,,,missingreplog_Cal83.csv,,,Data replog,,,Cal83,True,IR
ir081128.0165,CAL 83,05:43:33.7,-68:22:20,2008-11-29,05:54:39.9,2454799.7463,25.0,1.28,J,J,,,,missingreplog_Cal83.csv,,,Data replog,,,Cal83,True,IR
ir081128.0164,CAL 83,05:43:33.7,-68:22:20,2008-11-29,05:53:29.2,2454799.7455,25.0,1.28,J,J,,,,missingreplog_Cal83.csv,,,Data replog,,,Cal83,True,IR
ir081128.0163,CAL 83,05:43:33.8,-68:22:20,2008-11-29,05:52:18.8,2454799.7447,25.1,1.28,J,J,,,,missingreplog_Cal83.csv,,,Data replog,,,Cal83,True,IR
ir081125.0278,CAL 83,05:43:26.4,-68:22:40,2008-11-26,05:41:35.8,2454796.7372,25.1,1.28,K,K,,,,missingreplog_Cal83.csv,,,Data replog,,,Cal83,True,IR
ir081125.0276,CAL 83,05:43:26.5,-68:22:40,2008-11-26,05:39:15.1,2454796.7356,25.0,1.28,K,K,,,,missingreplog_Cal83.csv,,,Data replog,,,Cal83,True,IR
ir081210.0215,CAL 83,05:43:26.1,-68:22:33,2008-12-11,05:48:37.4,2454811.7421,25.0,1.28,J,J,,,,missingreplog_Cal83.csv,,,Data replog,,,Cal83,True,IR
ir081125.0275,CAL 83,05:43:26.5,-68:22:40,2008-11-26,05:36:57.9,2454796.734,25.1,1.28,H,H,,,,missingreplog_Cal83.csv,,,Data replog,,,Cal83,True,IR
ir081125.0274,CAL 83,05:43:26.5,-68:22:40,2008-11-26,05:35:47.4,2454796.7332,25.0,1.28,H,H,,,,missingreplog_Cal83.csv,,,Data replog,,,Cal83,True,IR
ir081125.0273,CAL 83,05:43:26.6,-68:22:40,2008-11-26,05:34:37.1,2454796.7324,25.1,1.28,H,H,,,,missingreplog_Cal83.csv,,,Data replog,,,Cal83,True,IR
ir081125.0272,CAL 83,05:43:26.6,-68:22:39,2008-11-26,05:32:19.8,2454796.7308,25.0,1.28,J,J,,,,missingreplog_Cal83.csv,,,Data replog,,,Cal83,True,IR
ir081125.0271,CAL 83,05:43:26.6,-68:22:40,2008-11-26,05:31:09.1,2454796.73,25.0,1.28,J,J,,,,missingreplog_Cal83.csv,,,Data replog,,,Cal83,True,IR
ir081125.0270,CAL 83,05:43:26.7,-68:22:40,2008-11-26,05:29:58.8,2454796.7292,25.0,1.28,J,J,,,,missingreplog_Cal83.csv,,,Data replog,,,Cal83,True,IR
ir081125.0269,CAL 83,05:43:26.8,-68:22:40,2008-11-26,05:27:41.9,2454796.7276,25.0,1.28,J,J,,,,missingreplog_Cal83.csv,,,Data replog,,,Cal83,True,IR
ir081125.0268,CAL 83,05:43:26.9,-68:22:40,2008-11-26,05:26:31.3,2454796.7267,25.0,1.28,J,J,,,,missingreplog_Cal83.csv,,,Data replog,,,Cal83,True,IR
ir081125.0267,CAL 83,05:43:27.0,-68:22:40,2008-11-26,05:25:21.2,2454796.7259,25.0,1.28,J,J,,,,missingreplog_Cal83.csv,,,Data replog,,,Cal83,True,IR
ir081122.0172,CAL 83,05:43:26.6,-68:22:31,2008-11-23,04:55:22.0,2454793.7051,25.1,1.31,K,K,,,,missingreplog_Cal83.csv,,,Data replog,,,Cal83,True,IR
ir081122.0171,CAL 83,05:43:26.6,-68:22:31,2008-11-23,04:54:11.4,2454793.7043,25.0,1.31,K,K,,,,missingreplog_Cal83.csv,,,Data replog,,,Cal83,True,IR
ir081128.0173,CAL 83,05:43:33.6,-68:22:18,2008-11-29,06:07:18.9,2454799.7551,25.0,1.28,K,K,,,,missingreplog_Cal83.csv,,,Data replog,,,Cal83,True,IR
ir081128.0174,CAL 83,05:43:33.6,-68:22:18,2008-11-29,06:08:29.6,2454799.7559,25.1,1.28,K,K,,,,missingreplog_Cal83.csv,,,Data replog,,,Cal83,True,IR
ir081201.0153,CAL 83,05:43:33.8,-68:22:21,2008-12-02,05:32:01.4,2454802.7306,25.0,1.28,J,J,,,,missingreplog_Cal83.csv,,,Data replog,,,Cal83,True,IR
ir081201.0154,CAL 83,05:43:33.8,-68:22:21,2008-12-02,05:33:11.7,2454802.7314,25.0,1.28,J,J,,,,missingreplog_Cal83.csv,,,Data replog,,,Cal83,True,IR
ir081210.0214,CAL 83,05:43:26.1,-68:22:35,2008-12-11,05:47:27.1,2454811.7413,25.1,1.28,J,J,,,,missingreplog_Cal83.csv,,,Data replog,,,Cal83,True,IR
ir081207.0157,CAL 83,05:43:26.4,-68:22:26,2008-12-08,04:32:33.9,2454808.6893,25.0,1.29,K,K,,,,missingreplog_Cal83.csv,,,Data replog,,,Cal83,True,IR
ir081207.0156,CAL 83,05:43:26.4,-68:22:26,2008-12-08,04:31:23.4,2454808.6885,25.0,1.29,K,K,,,,missingreplog_Cal83.csv,,,Data replog,,,Cal83,True,IR
ir081207.0155,CAL 83,05:43:26.3,-68:22:25,2008-12-08,04:30:13.2,2454808.6877,25.0,1.29,K,K,,,,missingreplog_Cal83.csv,,,Data replog,,,Cal83,True,IR
ir081207.0154,CAL 83,05:43:26.2,-68:22:26,2008-12-08,04:27:56.6,2454808.6861,25.1,1.29,H,H,,,,missingreplog_Cal83.csv,,,Data replog,,,Cal83,True,IR
ir081207.0153,CAL 83,05:43:26.2,-68:22:25,2008-12-08,04:26:45.9,2454808.6853,25.0,1.29,H,H,,,,missingreplog_Cal83.csv,,,Data replog,,,Cal83,True,IR
ir081207.0152,CAL 83,05:43:26.2,-68:22:25,2008-12-08,04:25:35.6,2454808.6844,25.0,1.29,H,H,,,,missingreplog_Cal83.csv,,,Data replog,,,Cal83,True,IR
ir081207.0151,CAL 83,05:43:26.1,-68:22:26,2008-12-08,04:23:18.6,2454808.6828,25.1,1.29,J,J,,,,missingreplog_Cal83.csv,,,Data replog,,,Cal83,True,IR
ir081207.0150,CAL 83,05:43:26.1,-68:22:26,2008-12-08,04:22:08.0,2454808.682,25.0,1.29,J,J,,,,missingreplog_Cal83.csv,,,Data replog,,,Cal83,True,IR
ir081207.0149,CAL 83,05:43:26.1,-68:22:27,2008-12-08,04:20:57.8,2454808.6812,25.0,1.29,J,J,,,,missingreplog_Cal83.csv,,,Data replog,,,Cal83,True,IR
ir081207.0148,CAL 83,05:43:26.2,-68:22:27,2008-12-08,04:18:41.2,2454808.6796,25.1,1.29,J,J,,,,missingreplog_Cal83.csv,,,Data replog,,,Cal83,True,IR
ir081207.0147,CAL 83,05:43:26.2,-68:22:28,2008-12-08,04:17:30.7,2454808.6788,25.1,1.29,J,J,,,,missingreplog_Cal83.csv,,,Data replog,,,Cal83,True,IR
ir081207.0146,CAL 83,05:43:26.3,-68:22:30,2008-12-08,04:16:20.5,2454808.678,25.1,1.29,J,J,,,,missingreplog_Cal83.csv,,,Data replog,,,Cal83,True,IR
ir081201.0164,CAL 83,05:43:33.6,-68:22:18,2008-12-02,05:48:15.1,2454802.7418,25.1,1.28,K,K,,,,missingreplog_Cal83.csv,,,Data replog,,,Cal83,True,IR
ir081201.0163,CAL 83,05:43:33.6,-68:22:19,2008-12-02,05:47:04.3,2454802.741,25.0,1.28,K,K,,,,missingreplog_Cal83.csv,,,Data replog,,,Cal83,True,IR
ir081201.0162,CAL 83,05:43:33.6,-68:22:19,2008-12-02,05:45:54.2,2454802.7402,25.1,1.28,K,K,,,,missingreplog_Cal83.csv,,,Data replog,,,Cal83,True,IR
ir081201.0161,CAL 83,05:43:33.6,-68:22:19,2008-12-02,05:43:37.1,2454802.7386,25.1,1.28,H,H,,,,missingreplog_Cal83.csv,,,Data replog,,,Cal83,True,IR
ir081201.0160,CAL 83,05:43:33.6,-68:22:19,2008-12-02,05:42:26.6,2454802.7378,25.0,1.28,H,H,,,,missingreplog_Cal83.csv,,,Data replog,,,Cal83,True,IR
ir081201.0159,CAL 83,05:43:33.6,-68:22:19,2008-12-02,05:41:16.5,2454802.737,25.1,1.28,H,H,,,,missingreplog_Cal83.csv,,,Data replog,,,Cal83,True,IR
ir081201.0158,CAL 83,05:43:33.6,-68:22:20,2008-12-02,05:38:59.7,2454802.7354,25.0,1.28,J,J,,,,missingreplog_Cal83.csv,,,Data replog,,,Cal83,True,IR
ir081201.0157,CAL 83,05:43:33.7,-68:22:20,2008-12-02,05:37:49.0,2454802.7346,25.1,1.28,J,J,,,,missingreplog_Cal83.csv,,,Data replog,,,Cal83,True,IR
ir081201.0156,CAL 83,05:43:33.7,-68:22:20,2008-12-02,05:36:38.6,2454802.7338,25.1,1.28,J,J,,,,missingreplog_Cal83.csv,,,Data replog,,,Cal83,True,IR
ir081201.0155,CAL 83,05:43:33.8,-68:22:21,2008-12-02,05:34:22.2,2454802.7322,25.0,1.28,J,J,,,,missingreplog_Cal83.csv,,,Data replog,,,Cal83,True,IR
ir081222.0130,CAL 83,05:43:26.1,-68:22:24,2008-12-23,03:25:27.6,2454823.6427,25.0,1.29,H,H,,,,missingreplog_Cal83.csv,,,Data replog,,,Cal83,True,IR
ir081222.0132,CAL 83,05:43:26.2,-68:22:24,2008-12-23,03:28:50.7,2454823.645,25.0,1.29,K,K,,,,missingreplog_Cal83.csv,,,Data replog,,,Cal83,True,IR
ir081222.0133,CAL 83,05:43:26.2,-68:22:24,2008-12-23,03:28:50.7,2454823.645,25.1,1.29,K,K,,,,missingreplog_Cal83.csv,,,Data replog,,,Cal83,True,IR
ir081228.0146,CAL 83,05:43:31.4,-68:22:11,2008-12-29,06:43:18.7,2454829.7801,25.0,1.43,J,J,,,,missingreplog_Cal83.csv,,,Data replog,,,Cal83,True,IR
ir081228.0157,CAL 83,05:43:31.1,-68:22:10,2008-12-29,06:59:22.2,2454829.7912,25.1,1.46,K,K,,,,missingreplog_Cal83.csv,,,Data replog,,,Cal83,True,IR
ir081228.0156,CAL 83,05:43:31.2,-68:22:10,2008-12-29,06:58:11.5,2454829.7904,25.1,1.46,K,K,,,,missingreplog_Cal83.csv,,,Data replog,,,Cal83,True,IR
ir081228.0155,CAL 83,05:43:31.2,-68:22:10,2008-12-29,06:57:01.0,2454829.7896,25.0,1.45,K,K,,,,missingreplog_Cal83.csv,,,Data replog,,,Cal83,True,IR
ir081228.0154,CAL 83,05:43:31.3,-68:22:10,2008-12-29,06:54:48.4,2454829.7881,25.0,1.45,H,H,,,,missingreplog_Cal83.csv,,,Data replog,,,Cal83,True,IR
ir081228.0153,CAL 83,05:43:31.3,-68:22:10,2008-12-29,06:53:37.8,2454829.7873,25.1,1.45,H,H,,,,missingreplog_Cal83.csv,,,Data replog,,,Cal83,True,IR
ir081228.0152,CAL 83,05:43:31.3,-68:22:10,2008-12-29,06:52:27.2,2454829.7864,25.1,1.44,H,H,,,,missingreplog_Cal83.csv,,,Data replog,,,Cal83,True,IR
ir081228.0151,CAL 83,05:43:31.3,-68:22:09,2008-12-29,06:50:14.3,2454829.7849,25.0,1.44,J,J,,,,missingreplog_Cal83.csv,,,Data replog,,,Cal83,True,IR
ir081228.0150,CAL 83,05:43:31.3,-68:22:09,2008-12-29,06:49:03.6,2454829.7841,25.1,1.44,J,J,,,,missingreplog_Cal83.csv,,,Data replog,,,Cal83,True,IR
ir081228.0149,CAL 83,05:43:31.3,-68:22:09,2008-12-29,06:47:53.2,2454829.7833,25.1,1.43,J,J,,,,missingreplog_Cal83.csv,,,Data replog,,,Cal83,True,IR
ir081228.0148,CAL 83,05:43:31.3,-68:22:10,2008-12-29,06:45:40.1,2454829.7817,25.1,1.43,J,J,,,,missingreplog_Cal83.csv,,,Data replog,,,Cal83,True,IR
ir081228.0147,CAL 83,05:43:31.3,-68:22:10,2008-12-29,06:44:29.3,2454829.7809,25.0,1.43,J,J,,,,missingreplog_Cal83.csv,,,Data replog,,,Cal83,True,IR
ir081225.0213,CAL 83,05:43:32.9,-68:22:14,2008-12-26,06:04:00.0,2454826.7528,25.1,1.35,K,K,,,,missingreplog_Cal83.csv,,,Data replog,,,Cal83,True,IR
ir081225.0212,CAL 83,05:43:32.9,-68:22:14,2008-12-26,06:02:49.4,2454826.752,25.0,1.34,K,K,,,,missingreplog_Cal83.csv,,,Data replog,,,Cal83,True,IR
ir081225.0211,CAL 83,05:43:32.9,-68:22:14,2008-12-26,06:01:39.2,2454826.7511,25.1,1.34,K,K,,,,missingreplog_Cal83.csv,,,Data replog,,,Cal83,True,IR
ir081225.0210,CAL 83,05:43:32.9,-68:22:14,2008-12-26,05:59:27.1,2454826.7496,25.0,1.34,H,H,,,,missingreplog_Cal83.csv,,,Data replog,,,Cal83,True,IR
ir081225.0209,CAL 83,05:43:32.9,-68:22:14,2008-12-26,05:58:16.2,2454826.7488,25.1,1.34,H,H,,,,missingreplog_Cal83.csv,,,Data replog,,,Cal83,True,IR
ir081225.0208,CAL 83,05:43:33.0,-68:22:14,2008-12-26,05:57:06.0,2454826.748,25.1,1.34,H,H,,,,missingreplog_Cal83.csv,,,Data replog,,,Cal83,True,IR
ir081225.0207,CAL 83,05:43:33.0,-68:22:14,2008-12-26,05:54:53.4,2454826.7465,25.0,1.34,J,J,,,,missingreplog_Cal83.csv,,,Data replog,,,Cal83,True,IR
ir081225.0206,CAL 83,05:43:33.0,-68:22:14,2008-12-26,05:53:42.7,2454826.7456,25.0,1.33,J,J,,,,missingreplog_Cal83.csv,,,Data replog,,,Cal83,True,IR
ir081225.0205,CAL 83,05:43:33.0,-68:22:14,2008-12-26,05:52:32.5,2454826.7448,25.0,1.33,J,J,,,,missingreplog_Cal83.csv,,,Data replog,,,Cal83,True,IR
ir081225.0204,CAL 83,05:43:33.1,-68:22:14,2008-12-26,05:50:19.9,2454826.7433,25.0,1.33,J,J,,,,missingreplog_Cal83.csv,,,Data replog,,,Cal83,True,IR
ir081225.0203,CAL 83,05:43:33.1,-68:22:15,2008-12-26,05:49:09.2,2454826.7425,25.1,1.33,J,J,,,,missingreplog_Cal83.csv,,,Data replog,,,Cal83,True,IR
ir081225.0202,CAL 83,05:43:33.1,-68:22:15,2008-12-26,05:47:58.9,2454826.7417,25.1,1.33,J,J,,,,missingreplog_Cal83.csv,,,Data replog,,,Cal83,True,IR
ir081122.0170,CAL 83,05:43:26.5,-68:22:32,2008-11-23,04:53:01.3,2454793.7035,25.0,1.31,K,K,,,,missingreplog_Cal83.csv,,,Data replog,,,Cal83,True,IR
ir081122.0169,CAL 83,05:43:26.5,-68:22:31,2008-11-23,04:50:46.7,2454793.7019,25.1,1.31,H,H,,,,missingreplog_Cal83.csv,,,Data replog,,,Cal83,True,IR
ir081122.0168,CAL 83,05:43:26.4,-68:22:31,2008-11-23,04:49:36.1,2454793.7011,25.0,1.31,H,H,,,,missingreplog_Cal83.csv,,,Data replog,,,Cal83,True,IR
ir081015.0326,CAL 83,05:43:28.6,-68:22:33,2008-10-16,07:13:50.7,2454755.8013,25.0,1.32,J,J,,,,missingreplog_Cal83.csv,,,Data replog,,,Cal83,True,IR
ir081018.0286,CAL 83,05:43:33.2,-68:22:26,2008-10-19,06:02:58.1,2454758.7521,25.0,1.39,J,J,,,,missingreplog_Cal83.csv,,,Data replog,,,Cal83,True,IR
ir081018.0285,CAL 83,05:43:33.4,-68:22:26,2008-10-19,06:01:47.4,2454758.7513,25.1,1.4,J,J,,,,missingreplog_Cal83.csv,,,Data replog,,,Cal83,True,IR
ir081015.0335,CAL 83,05:43:28.7,-68:22:33,2008-10-16,07:27:38.2,2454755.8109,25.1,1.31,K,K,,,,missingreplog_Cal83.csv,,,Data replog,,,Cal83,True,IR
ir081015.0334,CAL 83,05:43:28.7,-68:22:33,2008-10-16,07:26:27.3,2454755.81,25.0,1.31,K,K,,,,missingreplog_Cal83.csv,,,Data replog,,,Cal83,True,IR
ir081015.0333,CAL 83,05:43:28.7,-68:22:33,2008-10-16,07:25:16.7,2454755.8092,25.0,1.31,K,K,,,,missingreplog_Cal83.csv,,,Data replog,,,Cal83,True,IR
ir081015.0332,CAL 83,05:43:28.7,-68:22:32,2008-10-16,07:23:02.2,2454755.8077,25.1,1.31,H,H,,,,missingreplog_Cal83.csv,,,Data replog,,,Cal83,True,IR
ir081015.0331,CAL 83,05:43:28.7,-68:22:33,2008-10-16,07:21:51.5,2454755.8069,25.1,1.31,H,H,,,,missingreplog_Cal83.csv,,,Data replog,,,Cal83,True,IR
ir081015.0330,CAL 83,05:43:28.7,-68:22:33,2008-10-16,07:20:41.0,2454755.806,25.0,1.31,H,H,,,,missingreplog_Cal83.csv,,,Data replog,,,Cal83,True,IR
ir081015.0329,CAL 83,05:43:28.7,-68:22:33,2008-10-16,07:18:26.5,2454755.8045,25.0,1.31,J,J,,,,missingreplog_Cal83.csv,,,Data replog,,,Cal83,True,IR
ir081015.0328,CAL 83,05:43:28.7,-68:22:33,2008-10-16,07:17:15.8,2454755.8037,25.1,1.31,J,J,,,,missingreplog_Cal83.csv,,,Data replog,,,Cal83,True,IR
ir081015.0327,CAL 83,05:43:28.7,-68:22:33,2008-10-16,07:16:05.3,2454755.8029,25.1,1.32,J,J,,,,missingreplog_Cal83.csv,,,Data replog,,,Cal83,True,IR
ir081015.0325,CAL 83,05:43:28.6,-68:22:33,2008-10-16,07:12:40.0,2454755.8005,25.1,1.32,J,J,,,,missingreplog_Cal83.csv,,,Data replog,,,Cal83,True,IR
ir081012.0179,CAL 83,05:43:26.1,-68:22:37,2008-10-13,05:59:58.1,2454752.75,25.1,1.44,J,J,,,,missingreplog_Cal83.csv,,,Data replog,,,Cal83,True,IR
ir081015.0324,CAL 83,05:43:28.6,-68:22:34,2008-10-16,07:11:29.4,2454755.7997,25.1,1.32,J,J,,,,missingreplog_Cal83.csv,,,Data replog,,,Cal83,True,IR
ir081012.0190,CAL 83,05:43:26.2,-68:22:37,2008-10-13,06:16:08.7,2454752.7612,25.1,1.41,K,K,,,,missingreplog_Cal83.csv,,,Data replog,,,Cal83,True,IR
ir081012.0189,CAL 83,05:43:26.2,-68:22:37,2008-10-13,06:14:57.7,2454752.7604,25.1,1.41,K,K,,,,missingreplog_Cal83.csv,,,Data replog,,,Cal83,True,IR
ir081012.0188,CAL 83,05:43:26.1,-68:22:37,2008-10-13,06:13:47.2,2454752.7596,25.0,1.42,K,K,,,,missingreplog_Cal83.csv,,,Data replog,,,Cal83,True,IR
ir081012.0187,CAL 83,05:43:26.1,-68:22:37,2008-10-13,06:11:32.2,2454752.758,25.1,1.42,H,H,,,,missingreplog_Cal83.csv,,,Data replog,,,Cal83,True,IR
ir081012.0186,CAL 83,05:43:26.0,-68:22:37,2008-10-13,06:10:21.4,2454752.7572,25.0,1.42,H,H,,,,missingreplog_Cal83.csv,,,Data replog,,,Cal83,True,IR
ir081012.0185,CAL 83,05:43:25.9,-68:22:36,2008-10-13,06:09:10.7,2454752.7564,25.1,1.43,H,H,,,,missingreplog_Cal83.csv,,,Data replog,,,Cal83,True,IR
ir081012.0184,CAL 83,05:43:25.9,-68:22:37,2008-10-13,06:06:55.9,2454752.7548,25.0,1.43,J,J,,,,missingreplog_Cal83.csv,,,Data replog,,,Cal83,True,IR
ir081012.0183,CAL 83,05:43:25.9,-68:22:37,2008-10-13,06:05:45.0,2454752.754,25.0,1.43,J,J,,,,missingreplog_Cal83.csv,,,Data replog,,,Cal83,True,IR
ir081012.0182,CAL 83,05:43:25.8,-68:22:37,2008-10-13,06:04:34.3,2454752.7532,25.0,1.43,J,J,,,,missingreplog_Cal83.csv,,,Data replog,,,Cal83,True,IR
ir081012.0181,CAL 83,05:43:25.9,-68:22:36,2008-10-13,06:02:19.3,2454752.7516,25.1,1.44,J,J,,,,missingreplog_Cal83.csv,,,Data replog,,,Cal83,True,IR
ir081018.0287,CAL 83,05:43:33.1,-68:22:25,2008-10-19,06:04:09.0,2454758.7529,25.0,1.39,J,J,,,,missingreplog_Cal83.csv,,,Data replog,,,Cal83,True,IR
ir081018.0288,CAL 83,05:43:33.1,-68:22:25,2008-10-19,06:06:23.9,2454758.7544,25.0,1.39,J,J,,,,missingreplog_Cal83.csv,,,Data replog,,,Cal83,True,IR
ir081018.0289,CAL 83,05:43:33.0,-68:22:24,2008-10-19,06:07:34.7,2454758.7553,25.0,1.39,J,J,,,,missingreplog_Cal83.csv,,,Data replog,,,Cal83,True,IR
ir081018.0290,CAL 83,05:43:33.0,-68:22:24,2008-10-19,06:08:45.6,2454758.7561,25.0,1.39,J,J,,,,missingreplog_Cal83.csv,,,Data replog,,,Cal83,True,IR
ir081024.0194,CAL 83,05:43:27.6,-68:22:32,2008-10-25,06:38:39.3,2454764.7768,25.0,1.32,J,J,,,,missingreplog_Cal83.csv,,,Data replog,,,Cal83,True,IR
ir081024.0193,CAL 83,05:43:27.6,-68:22:32,2008-10-25,06:37:27.6,2454764.776,25.1,1.32,J,J,,,,missingreplog_Cal83.csv,,,Data replog,,,Cal83,True,IR
ir081024.0192,CAL 83,05:43:27.6,-68:22:33,2008-10-25,06:35:11.4,2454764.7744,25.0,1.32,J,J,,,,missingreplog_Cal83.csv,,,Data replog,,,Cal83,True,IR
ir081024.0191,CAL 83,05:43:27.7,-68:22:32,2008-10-25,06:33:59.7,2454764.7736,25.0,1.32,J,J,,,,missingreplog_Cal83.csv,,,Data replog,,,Cal83,True,IR
ir081024.0190,CAL 83,05:43:27.8,-68:22:33,2008-10-25,06:32:48.4,2454764.7728,25.1,1.32,J,J,,,,missingreplog_Cal83.csv,,,Data replog,,,Cal83,True,IR
ir081021.0260,CAL 83,05:43:33.9,-68:22:26,2008-10-22,06:35:15.3,2454761.7745,25.0,1.33,K,K,,,,missingreplog_Cal83.csv,,,Data replog,,,Cal83,True,IR
ir081021.0259,CAL 83,05:43:33.8,-68:22:26,2008-10-22,06:34:04.4,2454761.7737,25.0,1.33,K,K,,,,missingreplog_Cal83.csv,,,Data replog,,,Cal83,True,IR
ir081021.0258,CAL 83,05:43:33.8,-68:22:26,2008-10-22,06:32:53.3,2454761.7728,25.0,1.34,K,K,,,,missingreplog_Cal83.csv,,,Data replog,,,Cal83,True,IR
ir081021.0257,CAL 83,05:43:33.7,-68:22:26,2008-10-22,06:30:39.0,2454761.7713,25.1,1.34,H,H,,,,missingreplog_Cal83.csv,,,Data replog,,,Cal83,True,IR
ir081021.0256,CAL 83,05:43:33.6,-68:22:26,2008-10-22,06:29:28.1,2454761.7705,25.1,1.34,H,H,,,,missingreplog_Cal83.csv,,,Data replog,,,Cal83,True,IR
ir081021.0255,CAL 83,05:43:33.6,-68:22:26,2008-10-22,06:28:17.3,2454761.7697,25.1,1.34,H,H,,,,missingreplog_Cal83.csv,,,Data replog,,,Cal83,True,IR
ir081021.0254,CAL 83,05:43:33.6,-68:22:27,2008-10-22,06:26:01.6,2454761.7681,25.0,1.34,J,J,,,,missingreplog_Cal83.csv,,,Data replog,,,Cal83,True,IR
ir081021.0253,CAL 83,05:43:33.5,-68:22:27,2008-10-22,06:24:50.4,2454761.7673,25.1,1.35,J,J,,,,missingreplog_Cal83.csv,,,Data replog,,,Cal83,True,IR
ir081021.0252,CAL 83,05:43:33.5,-68:22:27,2008-10-22,06:23:39.7,2454761.7664,25.1,1.35,J,J,,,,missingreplog_Cal83.csv,,,Data replog,,,Cal83,True,IR
ir081021.0251,CAL 83,05:43:33.4,-68:22:28,2008-10-22,06:21:25.4,2454761.7649,25.1,1.35,J,J,,,,missingreplog_Cal83.csv,,,Data replog,,,Cal83,True,IR
ir081021.0250,CAL 83,05:43:33.4,-68:22:28,2008-10-22,06:20:14.4,2454761.7641,25.0,1.35,J,J,,,,missingreplog_Cal83.csv,,,Data replog,,,Cal83,True,IR
ir081021.0249,CAL 83,05:43:33.3,-68:22:29,2008-10-22,06:19:03.6,2454761.7632,25.1,1.35,J,J,,,,missingreplog_Cal83.csv,,,Data replog,,,Cal83,True,IR
ir081018.0296,CAL 83,05:43:33.2,-68:22:23,2008-10-19,06:17:59.2,2454758.7625,25.0,1.37,K,K,,,,missingreplog_Cal83.csv,,,Data replog,,,Cal83,True,IR
ir081018.0295,CAL 83,05:43:33.1,-68:22:23,2008-10-19,06:16:48.2,2454758.7617,25.0,1.37,K,K,,,,missingreplog_Cal83.csv,,,Data replog,,,Cal83,True,IR
ir081018.0294,CAL 83,05:43:33.1,-68:22:23,2008-10-19,06:15:37.4,2454758.7609,25.0,1.37,K,K,,,,missingreplog_Cal83.csv,,,Data replog,,,Cal83,True,IR
ir081018.0293,CAL 83,05:43:33.1,-68:22:23,2008-10-19,06:13:22.4,2454758.7593,25.1,1.38,H,H,,,,missingreplog_Cal83.csv,,,Data replog,,,Cal83,True,IR
ir081018.0292,CAL 83,05:43:33.0,-68:22:23,2008-10-19,06:12:11.6,2454758.7585,25.0,1.38,H,H,,,,missingreplog_Cal83.csv,,,Data replog,,,Cal83,True,IR
ir081018.0291,CAL 83,05:43:33.0,-68:22:24,2008-10-19,06:11:00.9,2454758.7577,25.0,1.38,H,H,,,,missingreplog_Cal83.csv,,,Data replog,,,Cal83,True,IR
ir081012.0180,CAL 83,05:43:25.9,-68:22:37,2008-10-13,06:01:08.5,2454752.7508,25.0,1.44,J,J,,,,missingreplog_Cal83.csv,,,Data replog,,,Cal83,True,IR
ir081009.0308,CAL 83,05:43:28.7,-68:22:21,2008-10-10,08:28:14.7,2454749.853,25.0,1.28,K,K,,,,missingreplog_Cal83.csv,,,Data replog,,,Cal83,True,IR
ir081122.0167,CAL 83,05:43:26.4,-68:22:31,2008-11-23,04:48:25.8,2454793.7003,25.0,1.31,H,H,,,,missingreplog_Cal83.csv,,,Data replog,,,Cal83,True,IR
ir080930.0290,CAL 83,05:43:27.0,-68:22:17,2008-10-01,07:39:39.1,2454740.8192,25.1,1.36,H,H,,,,missingreplog_Cal83.csv,,,Data replog,,,Cal83,True,IR
ir081003.0271,CAL 83,05:43:34.7,-68:22:12,2008-10-04,07:42:12.7,2454743.821,25.0,1.34,H,H,,,,missingreplog_Cal83.csv,,,Data replog,,,Cal83,True,IR
ir081003.0270,CAL 83,05:43:34.6,-68:22:12,2008-10-04,07:39:58.6,2454743.8194,25.1,1.34,J,J,,,,missingreplog_Cal83.csv,,,Data replog,,,Cal83,True,IR
ir081003.0269,CAL 83,05:43:34.5,-68:22:12,2008-10-04,07:38:46.9,2454743.8186,25.1,1.34,J,J,,,,missingreplog_Cal83.csv,,,Data replog,,,Cal83,True,IR
ir081003.0268,CAL 83,05:43:34.5,-68:22:12,2008-10-04,07:37:35.7,2454743.8178,25.0,1.34,J,J,,,,missingreplog_Cal83.csv,,,Data replog,,,Cal83,True,IR
ir081003.0267,CAL 83,05:43:34.5,-68:22:13,2008-10-04,07:35:21.2,2454743.8162,25.0,1.35,J,J,,,,missingreplog_Cal83.csv,,,Data replog,,,Cal83,True,IR
ir081003.0266,CAL 83,05:43:34.5,-68:22:13,2008-10-04,07:34:09.7,2454743.8154,25.0,1.35,J,J,,,,missingreplog_Cal83.csv,,,Data replog,,,Cal83,True,IR
ir081003.0265,CAL 83,05:43:34.4,-68:22:14,2008-10-04,07:32:58.3,2454743.8146,25.0,1.35,J,J,,,,missingreplog_Cal83.csv,,,Data replog,,,Cal83,True,IR
ir080930.0294,CAL 83,05:43:27.4,-68:22:17,2008-10-01,07:45:27.4,2454740.8232,25.0,1.35,K,K,,,,missingreplog_Cal83.csv,,,Data replog,,,Cal83,True,IR
ir080930.0293,CAL 83,05:43:27.4,-68:22:17,2008-10-01,07:44:15.6,2454740.8224,25.1,1.35,K,K,,,,missingreplog_Cal83.csv,,,Data replog,,,Cal83,True,IR
ir080930.0292,CAL 83,05:43:27.3,-68:22:17,2008-10-01,07:43:04.4,2454740.8216,25.0,1.35,K,K,,,,missingreplog_Cal83.csv,,,Data replog,,,Cal83,True,IR
ir080930.0291,CAL 83,05:43:27.1,-68:22:18,2008-10-01,07:40:50.7,2454740.82,25.0,1.35,H,H,,,,missingreplog_Cal83.csv,,,Data replog,,,Cal83,True,IR
ir080930.0289,CAL 83,05:43:26.9,-68:22:17,2008-10-01,07:38:27.4,2454740.8184,25.1,1.36,H,H,,,,missingreplog_Cal83.csv,,,Data replog,,,Cal83,True,IR
ir081009.0307,CAL 83,05:43:28.8,-68:22:21,2008-10-10,08:27:03.8,2454749.8521,25.0,1.28,K,K,,,,missingreplog_Cal83.csv,,,Data replog,,,Cal83,True,IR
ir080930.0288,CAL 83,05:43:26.7,-68:22:17,2008-10-01,07:35:02.6,2454740.816,25.0,1.36,J,J,,,,missingreplog_Cal83.csv,,,Data replog,,,Cal83,True,IR
ir080930.0287,CAL 83,05:43:26.7,-68:22:17,2008-10-01,07:35:02.6,2454740.816,25.1,1.36,J,J,,,,missingreplog_Cal83.csv,,,Data replog,,,Cal83,True,IR
ir080930.0286,CAL 83,05:43:26.7,-68:22:18,2008-10-01,07:33:51.3,2454740.8152,25.0,1.36,J,J,,,,missingreplog_Cal83.csv,,,Data replog,,,Cal83,True,IR
ir080930.0285,CAL 83,05:43:26.6,-68:22:19,2008-10-01,07:31:37.5,2454740.8136,25.0,1.37,J,J,,,,missingreplog_Cal83.csv,,,Data replog,,,Cal83,True,IR
ir080930.0284,CAL 83,05:43:26.6,-68:22:19,2008-10-01,07:30:25.8,2454740.8128,25.1,1.37,J,J,,,,missingreplog_Cal83.csv,,,Data replog,,,Cal83,True,IR
ir080930.0283,CAL 83,05:43:26.5,-68:22:19,2008-10-01,07:29:14.4,2454740.812,25.0,1.37,J,J,,,,missingreplog_Cal83.csv,,,Data replog,,,Cal83,True,IR
ir080927.0286,CAL 83,05:43:24.9,-68:22:40,2008-09-28,07:06:17.1,2454737.796,25.0,1.43,K,K,,,,missingreplog_Cal83.csv,,,Data replog,,,Cal83,True,IR
ir080927.0285,CAL 83,05:43:24.9,-68:22:39,2008-09-28,07:05:05.6,2454737.7952,25.0,1.43,K,K,,,,missingreplog_Cal83.csv,,,Data replog,,,Cal83,True,IR
ir080927.0284,CAL 83,05:43:24.8,-68:22:38,2008-09-28,07:03:54.3,2454737.7944,25.0,1.43,K,K,,,,missingreplog_Cal83.csv,,,Data replog,,,Cal83,True,IR
ir080927.0283,CAL 83,05:43:24.8,-68:22:39,2008-09-28,07:01:41.2,2454737.7928,25.0,1.44,H,H,,,,missingreplog_Cal83.csv,,,Data replog,,,Cal83,True,IR
ir080927.0282,CAL 83,05:43:24.7,-68:22:39,2008-09-28,07:00:29.6,2454737.792,25.0,1.44,H,H,,,,missingreplog_Cal83.csv,,,Data replog,,,Cal83,True,IR
ir081003.0272,CAL 83,05:43:34.7,-68:22:12,2008-10-04,07:43:23.8,2454743.8218,25.0,1.34,H,H,,,,missingreplog_Cal83.csv,,,Data replog,,,Cal83,True,IR
ir081003.0273,CAL 83,05:43:34.8,-68:22:12,2008-10-04,07:44:35.8,2454743.8226,25.0,1.34,H,H,,,,missingreplog_Cal83.csv,,,Data replog,,,Cal83,True,IR
ir081003.0274,CAL 83,05:43:34.9,-68:22:12,2008-10-04,07:46:49.3,2454743.8242,25.0,1.33,K,K,,,,missingreplog_Cal83.csv,,,Data replog,,,Cal83,True,IR
ir081003.0275,CAL 83,05:43:34.9,-68:22:12,2008-10-04,07:48:00.8,2454743.825,25.1,1.33,K,K,,,,missingreplog_Cal83.csv,,,Data replog,,,Cal83,True,IR
ir081009.0306,CAL 83,05:43:28.8,-68:22:21,2008-10-10,08:25:52.9,2454749.8513,25.0,1.28,K,K,,,,missingreplog_Cal83.csv,,,Data replog,,,Cal83,True,IR
ir081009.0305,CAL 83,05:43:28.8,-68:22:20,2008-10-10,08:23:38.4,2454749.8498,25.1,1.29,H,H,,,,missingreplog_Cal83.csv,,,Data replog,,,Cal83,True,IR
ir081009.0304,CAL 83,05:43:28.8,-68:22:21,2008-10-10,08:22:27.5,2454749.8489,25.0,1.29,H,H,,,,missingreplog_Cal83.csv,,,Data replog,,,Cal83,True,IR
ir081009.0303,CAL 83,05:43:28.7,-68:22:20,2008-10-10,08:21:16.6,2454749.8481,25.1,1.29,H,H,,,,missingreplog_Cal83.csv,,,Data replog,,,Cal83,True,IR
ir081009.0302,CAL 83,05:43:28.5,-68:22:20,2008-10-10,08:19:01.8,2454749.8465,25.1,1.29,J,J,,,,missingreplog_Cal83.csv,,,Data replog,,,Cal83,True,IR
ir081009.0301,CAL 83,05:43:28.5,-68:22:20,2008-10-10,08:17:50.8,2454749.8457,25.1,1.29,J,J,,,,missingreplog_Cal83.csv,,,Data replog,,,Cal83,True,IR
ir081009.0300,CAL 83,05:43:28.4,-68:22:20,2008-10-10,08:16:40.0,2454749.8449,25.0,1.29,J,J,,,,missingreplog_Cal83.csv,,,Data replog,,,Cal83,True,IR
ir081009.0299,CAL 83,05:43:28.3,-68:22:20,2008-10-10,08:14:25.5,2454749.8434,25.1,1.29,J,J,,,,missingreplog_Cal83.csv,,,Data replog,,,Cal83,True,IR
ir081009.0298,CAL 83,05:43:28.3,-68:22:21,2008-10-10,08:13:14.5,2454749.8425,25.0,1.29,J,J,,,,missingreplog_Cal83.csv,,,Data replog,,,Cal83,True,IR
ir081009.0297,CAL 83,05:43:28.3,-68:22:21,2008-10-10,08:12:03.6,2454749.8417,25.1,1.29,J,J,,,,missingreplog_Cal83.csv,,,Data replog,,,Cal83,True,IR
ir081006.0245,CAL 83,05:43:33.4,-68:22:19,2008-10-07,06:46:20.0,2454746.7822,25.1,1.4,K,K,,,,missingreplog_Cal83.csv,,,Data replog,,,Cal83,True,IR
ir081006.0244,CAL 83,05:43:33.3,-68:22:19,2008-10-07,06:45:09.1,2454746.7814,25.1,1.4,K,K,,,,missingreplog_Cal83.csv,,,Data replog,,,Cal83,True,IR
ir081006.0243,CAL 83,05:43:33.3,-68:22:19,2008-10-07,06:43:58.5,2454746.7805,25.0,1.41,K,K,,,,missingreplog_Cal83.csv,,,Data replog,,,Cal83,True,IR
ir081006.0242,CAL 83,05:43:33.2,-68:22:19,2008-10-07,06:41:44.3,2454746.779,25.0,1.41,H,H,,,,missingreplog_Cal83.csv,,,Data replog,,,Cal83,True,IR
ir081006.0241,CAL 83,05:43:33.2,-68:22:20,2008-10-07,06:40:33.5,2454746.7782,25.1,1.41,H,H,,,,missingreplog_Cal83.csv,,,Data replog,,,Cal83,True,IR
ir081006.0240,CAL 83,05:43:33.2,-68:22:20,2008-10-07,06:39:22.8,2454746.7774,25.0,1.41,H,H,,,,missingreplog_Cal83.csv,,,Data replog,,,Cal83,True,IR
ir081006.0239,CAL 83,05:43:33.2,-68:22:20,2008-10-07,06:37:09.0,2454746.7758,25.0,1.42,J,J,,,,missingreplog_Cal83.csv,,,Data replog,,,Cal83,True,IR
ir081006.0238,CAL 83,05:43:33.2,-68:22:19,2008-10-07,06:35:58.2,2454746.775,25.1,1.42,J,J,,,,missingreplog_Cal83.csv,,,Data replog,,,Cal83,True,IR
ir081006.0237,CAL 83,05:43:33.1,-68:22:20,2008-10-07,06:34:47.5,2454746.7742,25.1,1.42,J,J,,,,missingreplog_Cal83.csv,,,Data replog,,,Cal83,True,IR
ir081006.0236,CAL 83,05:43:33.2,-68:22:19,2008-10-07,06:32:33.8,2454746.7726,25.0,1.43,J,J,,,,missingreplog_Cal83.csv,,,Data replog,,,Cal83,True,IR
ir081006.0235,CAL 83,05:43:33.2,-68:22:19,2008-10-07,06:31:22.9,2454746.7718,25.1,1.43,J,J,,,,missingreplog_Cal83.csv,,,Data replog,,,Cal83,True,IR
ir081006.0234,CAL 83,05:43:33.4,-68:22:19,2008-10-07,06:30:11.8,2454746.771,25.0,1.43,J,J,,,,missingreplog_Cal83.csv,,,Data replog,,,Cal83,True,IR
ir081003.0276,CAL 83,05:43:35.0,-68:22:12,2008-10-04,07:49:12.5,2454743.8259,25.0,1.33,K,K,,,,missingreplog_Cal83.csv,,,Data replog,,,Cal83,True,IR
ir081024.0195,CAL 83,05:43:27.6,-68:22:31,2008-10-25,06:39:50.8,2454764.7777,25.0,1.32,J,J,,,,missingreplog_Cal83.csv,,,Data replog,,,Cal83,True,IR
ir081024.0196,CAL 83,05:43:27.8,-68:22:32,2008-10-25,06:42:06.2,2454764.7792,25.0,1.31,H,H,,,,missingreplog_Cal83.csv,,,Data replog,,,Cal83,True,IR
ir081024.0197,CAL 83,05:43:27.8,-68:22:32,2008-10-25,06:42:06.2,2454764.7792,25.1,1.31,H,H,,,,missingreplog_Cal83.csv,,,Data replog,,,Cal83,True,IR
ir081111.0140,CAL 83,05:43:26.5,-68:22:33,2008-11-12,05:32:01.8,2454782.7306,25.0,1.31,J,J,,,,missingreplog_Cal83.csv,,,Data replog,,,Cal83,True,IR
ir081115.0138,CAL 83,05:43:33.5,-68:22:21,2008-11-16,04:39:23.4,2454786.694,25.1,1.36,J,J,,,,missingreplog_Cal83.csv,,,Data replog,,,Cal83,True,IR
ir081115.0137,CAL 83,05:43:33.5,-68:22:21,2008-11-16,04:38:12.2,2454786.6932,25.1,1.36,J,J,,,,missingreplog_Cal83.csv,,,Data replog,,,Cal83,True,IR
ir081115.0136,CAL 83,05:43:33.4,-68:22:21,2008-11-16,04:37:00.9,2454786.6924,25.1,1.36,J,J,,,,missingreplog_Cal83.csv,,,Data replog,,,Cal83,True,IR
ir081111.0148,CAL 83,05:43:26.6,-68:22:32,2008-11-12,05:43:41.5,2454782.7387,25.0,1.3,K,K,,,,missingreplog_Cal83.csv,,,Data replog,,,Cal83,True,IR
ir081111.0147,CAL 83,05:43:26.6,-68:22:31,2008-11-12,05:42:30.2,2454782.7379,25.1,1.31,K,K,,,,missingreplog_Cal83.csv,,,Data replog,,,Cal83,True,IR
ir081111.0146,CAL 83,05:43:26.6,-68:22:32,2008-11-12,05:41:18.9,2454782.737,25.1,1.31,K,K,,,,missingreplog_Cal83.csv,,,Data replog,,,Cal83,True,IR
ir081111.0145,CAL 83,05:43:26.6,-68:22:32,2008-11-12,05:39:02.4,2454782.7355,25.1,1.31,H,H,,,,missingreplog_Cal83.csv,,,Data replog,,,Cal83,True,IR
ir081111.0144,CAL 83,05:43:26.6,-68:22:32,2008-11-12,05:37:51.2,2454782.7346,25.0,1.31,H,H,,,,missingreplog_Cal83.csv,,,Data replog,,,Cal83,True,IR
ir081111.0143,CAL 83,05:43:26.6,-68:22:32,2008-11-12,05:36:39.9,2454782.7338,25.0,1.31,H,H,,,,missingreplog_Cal83.csv,,,Data replog,,,Cal83,True,IR
ir081111.0142,CAL 83,05:43:26.5,-68:22:33,2008-11-12,05:34:24.2,2454782.7322,25.0,1.31,J,J,,,,missingreplog_Cal83.csv,,,Data replog,,,Cal83,True,IR
ir081111.0141,CAL 83,05:43:26.5,-68:22:32,2008-11-12,05:33:13.0,2454782.7314,25.0,1.31,J,J,,,,missingreplog_Cal83.csv,,,Data replog,,,Cal83,True,IR
ir081111.0139,CAL 83,05:43:26.4,-68:22:33,2008-11-12,05:29:45.7,2454782.729,25.0,1.32,J,J,,,,missingreplog_Cal83.csv,,,Data replog,,,Cal83,True,IR
ir081024.0198,CAL 83,05:43:27.8,-68:22:31,2008-10-25,06:44:38.1,2454764.781,25.0,1.31,H,H,,,,missingreplog_Cal83.csv,,,Data replog,,,Cal83,True,IR
ir081111.0138,CAL 83,05:43:26.4,-68:22:33,2008-11-12,05:28:34.4,2454782.7282,25.0,1.32,J,J,,,,missingreplog_Cal83.csv,,,Data replog,,,Cal83,True,IR
ir081111.0137,CAL 83,05:43:26.4,-68:22:33,2008-11-12,05:27:23.3,2454782.7274,25.1,1.32,J,J,,,,missingreplog_Cal83.csv,,,Data replog,,,Cal83,True,IR
ir081108.0247,CAL 83,05:43:26.5,-68:22:18,2008-11-09,06:31:13.0,2454779.7717,25.0,1.28,K,K,,,,missingreplog_Cal83.csv,,,Data replog,,,Cal83,True,IR
ir081108.0246,CAL 83,05:43:26.6,-68:22:19,2008-11-09,06:30:01.9,2454779.7708,25.0,1.28,K,K,,,,missingreplog_Cal83.csv,,,Data replog,,,Cal83,True,IR
ir081108.0245,CAL 83,05:43:26.6,-68:22:18,2008-11-09,06:28:50.8,2454779.77,25.1,1.28,K,K,,,,missingreplog_Cal83.csv,,,Data replog,,,Cal83,True,IR
ir081108.0244,CAL 83,05:43:26.6,-68:22:19,2008-11-09,06:26:36.4,2454779.7685,25.0,1.29,H,H,,,,missingreplog_Cal83.csv,,,Data replog,,,Cal83,True,IR
ir081108.0243,CAL 83,05:43:26.6,-68:22:18,2008-11-09,06:25:25.2,2454779.7676,25.1,1.29,H,H,,,,missingreplog_Cal83.csv,,,Data replog,,,Cal83,True,IR
ir081108.0242,CAL 83,05:43:26.6,-68:22:17,2008-11-09,06:24:13.8,2454779.7668,25.0,1.29,H,H,,,,missingreplog_Cal83.csv,,,Data replog,,,Cal83,True,IR
ir081108.0241,CAL 83,05:43:26.5,-68:22:18,2008-11-09,06:21:58.3,2454779.7653,25.1,1.29,J,J,,,,missingreplog_Cal83.csv,,,Data replog,,,Cal83,True,IR
ir081108.0240,CAL 83,05:43:26.4,-68:22:17,2008-11-09,06:20:47.2,2454779.7644,25.0,1.29,J,J,,,,missingreplog_Cal83.csv,,,Data replog,,,Cal83,True,IR
ir081108.0239,CAL 83,05:43:26.4,-68:22:17,2008-11-09,06:19:36.0,2454779.7636,25.0,1.29,J,J,,,,missingreplog_Cal83.csv,,,Data replog,,,Cal83,True,IR
ir081115.0139,CAL 83,05:43:33.7,-68:22:21,2008-11-16,04:41:39.2,2454786.6956,25.1,1.35,J,J,,,,missingreplog_Cal83.csv,,,Data replog,,,Cal83,True,IR
ir081115.0140,CAL 83,05:43:33.8,-68:22:21,2008-11-16,04:42:50.5,2454786.6964,25.0,1.35,J,J,,,,missingreplog_Cal83.csv,,,Data replog,,,Cal83,True,IR
ir081115.0141,CAL 83,05:43:33.8,-68:22:21,2008-11-16,04:44:01.7,2454786.6973,25.0,1.35,J,J,,,,missingreplog_Cal83.csv,,,Data replog,,,Cal83,True,IR
ir081115.0142,CAL 83,05:43:33.9,-68:22:21,2008-11-16,04:46:17.6,2454786.6988,25.0,1.35,H,H,,,,missingreplog_Cal83.csv,,,Data replog,,,Cal83,True,IR
ir081122.0166,CAL 83,05:43:26.3,-68:22:31,2008-11-23,04:46:10.3,2454793.6987,25.0,1.32,J,J,,,,missingreplog_Cal83.csv,,,Data replog,,,Cal83,True,IR
ir081122.0165,CAL 83,05:43:26.3,-68:22:32,2008-11-23,04:44:59.5,2454793.6979,25.1,1.32,J,J,,,,missingreplog_Cal83.csv,,,Data replog,,,Cal83,True,IR
ir081122.0164,CAL 83,05:43:26.3,-68:22:32,2008-11-23,04:43:49.4,2454793.6971,25.1,1.32,J,J,,,,missingreplog_Cal83.csv,,,Data replog,,,Cal83,True,IR
ir081122.0163,CAL 83,05:43:26.2,-68:22:31,2008-11-23,04:41:34.5,2454793.6955,25.0,1.32,J,J,,,,missingreplog_Cal83.csv,,,Data replog,,,Cal83,True,IR
ir081122.0162,CAL 83,05:43:26.2,-68:22:32,2008-11-23,04:40:23.9,2454793.6947,25.0,1.32,J,J,,,,missingreplog_Cal83.csv,,,Data replog,,,Cal83,True,IR
ir081122.0161,CAL 83,05:43:26.2,-68:22:32,2008-11-23,04:39:13.5,2454793.6939,25.1,1.32,J,J,,,,missingreplog_Cal83.csv,,,Data replog,,,Cal83,True,IR
ir081118.0229,CAL 83,05:43:34.9,-68:22:32,2008-11-19,06:19:32.1,2454789.7636,25.1,1.28,K,K,,,,missingreplog_Cal83.csv,,,Data replog,,,Cal83,True,IR
ir081118.0228,CAL 83,05:43:34.9,-68:22:32,2008-11-19,06:18:21.4,2454789.7628,25.1,1.28,K,K,,,,missingreplog_Cal83.csv,,,Data replog,,,Cal83,True,IR
ir081118.0227,CAL 83,05:43:34.9,-68:22:32,2008-11-19,06:17:11.1,2454789.7619,25.1,1.28,K,K,,,,missingreplog_Cal83.csv,,,Data replog,,,Cal83,True,IR
ir081118.0226,CAL 83,05:43:34.9,-68:22:32,2008-11-19,06:14:56.1,2454789.7604,25.0,1.28,H,H,,,,missingreplog_Cal83.csv,,,Data replog,,,Cal83,True,IR
ir081118.0225,CAL 83,05:43:34.9,-68:22:32,2008-11-19,06:13:45.5,2454789.7596,25.1,1.28,H,H,,,,missingreplog_Cal83.csv,,,Data replog,,,Cal83,True,IR
ir081118.0224,CAL 83,05:43:34.9,-68:22:32,2008-11-19,06:12:35.4,2454789.7588,25.0,1.28,H,H,,,,missingreplog_Cal83.csv,,,Data replog,,,Cal83,True,IR
ir081118.0223,CAL 83,05:43:35.0,-68:22:33,2008-11-19,06:10:21.7,2454789.7572,25.1,1.28,J,J,,,,missingreplog_Cal83.csv,,,Data replog,,,Cal83,True,IR
ir081118.0222,CAL 83,05:43:35.0,-68:22:32,2008-11-19,06:09:11.1,2454789.7564,25.0,1.28,J,J,,,,missingreplog_Cal83.csv,,,Data replog,,,Cal83,True,IR
ir081118.0221,CAL 83,05:43:35.0,-68:22:32,2008-11-19,06:08:00.7,2454789.7556,25.0,1.28,J,J,,,,missingreplog_Cal83.csv,,,Data replog,,,Cal83,True,IR
ir081118.0220,CAL 83,05:43:35.1,-68:22:33,2008-11-19,06:05:46.1,2454789.754,25.1,1.28,J,J,,,,missingreplog_Cal83.csv,,,Data replog,,,Cal83,True,IR
ir081118.0219,CAL 83,05:43:35.1,-68:22:33,2008-11-19,06:04:35.6,2454789.7532,25.1,1.28,J,J,,,,missingreplog_Cal83.csv,,,Data replog,,,Cal83,True,IR
ir081118.0218,CAL 83,05:43:35.1,-68:22:33,2008-11-19,06:03:25.2,2454789.7524,25.0,1.28,J,J,,,,missingreplog_Cal83.csv,,,Data replog,,,Cal83,True,IR
ir081115.0147,CAL 83,05:43:34.2,-68:22:21,2008-11-16,04:53:19.4,2454786.7037,25.0,1.34,K,K,,,,missingreplog_Cal83.csv,,,Data replog,,,Cal83,True,IR
ir081115.0146,CAL 83,05:43:34.1,-68:22:21,2008-11-16,04:52:07.8,2454786.7029,25.0,1.34,K,K,,,,missingreplog_Cal83.csv,,,Data replog,,,Cal83,True,IR
ir081115.0145,CAL 83,05:43:34.1,-68:22:21,2008-11-16,04:50:56.5,2454786.702,25.0,1.34,K,K,,,,missingreplog_Cal83.csv,,,Data replog,,,Cal83,True,IR
ir081115.0144,CAL 83,05:43:34.0,-68:22:21,2008-11-16,04:48:40.1,2454786.7005,25.0,1.34,H,H,,,,missingreplog_Cal83.csv,,,Data replog,,,Cal83,True,IR
ir081115.0143,CAL 83,05:43:34.0,-68:22:21,2008-11-16,04:47:28.8,2454786.6996,25.0,1.34,H,H,,,,missingreplog_Cal83.csv,,,Data replog,,,Cal83,True,IR
ir081108.0238,CAL 83,05:43:26.4,-68:22:17,2008-11-09,06:17:20.4,2454779.762,25.0,1.29,J,J,,,,missingreplog_Cal83.csv,,,Data replog,,,Cal83,True,IR
ir081108.0237,CAL 83,05:43:26.4,-68:22:18,2008-11-09,06:16:09.3,2454779.7612,25.1,1.29,J,J,,,,missingreplog_Cal83.csv,,,Data replog,,,Cal83,True,IR
ir081108.0236,CAL 83,05:43:26.4,-68:22:19,2008-11-09,06:14:58.0,2454779.7604,25.1,1.29,J,J,,,,missingreplog_Cal83.csv,,,Data replog,,,Cal83,True,IR
ir081030.0153,CAL 83,05:43:32.9,-68:22:27,2008-10-31,04:48:32.0,2454770.7004,25.1,1.45,K,K,,,,missingreplog_Cal83.csv,,,Data replog,,,Cal83,True,IR
ir081030.0151,CAL 83,05:43:32.9,-68:22:26,2008-10-31,04:45:06.4,2454770.698,25.0,1.45,H,H,,,,missingreplog_Cal83.csv,,,Data replog,,,Cal83,True,IR
ir081030.0150,CAL 83,05:43:33.0,-68:22:26,2008-10-31,04:43:55.7,2454770.6972,25.1,1.45,H,H,,,,missingreplog_Cal83.csv,,,Data replog,,,Cal83,True,IR
ir081030.0149,CAL 83,05:43:33.0,-68:22:25,2008-10-31,04:41:41.6,2454770.6956,25.1,1.46,J,J,,,,missingreplog_Cal83.csv,,,Data replog,,,Cal83,True,IR
ir081030.0148,CAL 83,05:43:33.1,-68:22:25,2008-10-31,04:40:30.5,2454770.6948,25.1,1.46,J,J,,,,missingreplog_Cal83.csv,,,Data replog,,,Cal83,True,IR
ir081030.0147,CAL 83,05:43:33.2,-68:22:25,2008-10-31,04:39:19.6,2454770.694,25.0,1.46,J,J,,,,missingreplog_Cal83.csv,,,Data replog,,,Cal83,True,IR
ir081030.0146,CAL 83,05:43:33.3,-68:22:25,2008-10-31,04:37:05.2,2454770.6924,25.0,1.47,J,J,,,,missingreplog_Cal83.csv,,,Data replog,,,Cal83,True,IR
ir081030.0145,CAL 83,05:43:33.4,-68:22:24,2008-10-31,04:35:54.4,2454770.6916,25.0,1.47,J,J,,,,missingreplog_Cal83.csv,,,Data replog,,,Cal83,True,IR
ir081030.0144,CAL 83,05:43:33.5,-68:22:24,2008-10-31,04:34:43.8,2454770.6908,25.0,1.47,J,J,,,,missingreplog_Cal83.csv,,,Data replog,,,Cal83,True,IR
ir081027.0227,CAL 83,05:43:25.7,-68:22:19,2008-10-28,05:20:05.6,2454767.7223,25.0,1.41,K,K,,,,missingreplog_Cal83.csv,,,Data replog,,,Cal83,True,IR
ir081027.0226,CAL 83,05:43:25.7,-68:22:19,2008-10-28,05:18:54.6,2454767.7215,25.1,1.41,K,K,,,,missingreplog_Cal83.csv,,,Data replog,,,Cal83,True,IR
ir081027.0225,CAL 83,05:43:25.6,-68:22:20,2008-10-28,05:17:43.9,2454767.7207,25.1,1.41,K,K,,,,missingreplog_Cal83.csv,,,Data replog,,,Cal83,True,IR
ir081027.0224,CAL 83,05:43:25.6,-68:22:20,2008-10-28,05:15:28.0,2454767.7191,25.0,1.42,H,H,,,,missingreplog_Cal83.csv,,,Data replog,,,Cal83,True,IR
ir081027.0223,CAL 83,05:43:25.5,-68:22:20,2008-10-28,05:14:16.9,2454767.7182,25.0,1.42,H,H,,,,missingreplog_Cal83.csv,,,Data replog,,,Cal83,True,IR
ir081027.0222,CAL 83,05:43:25.5,-68:22:20,2008-10-28,05:13:06.2,2454767.7174,25.0,1.42,H,H,,,,missingreplog_Cal83.csv,,,Data replog,,,Cal83,True,IR
ir081027.0221,CAL 83,05:43:25.4,-68:22:20,2008-10-28,05:10:51.0,2454767.7159,25.1,1.42,J,J,,,,missingreplog_Cal83.csv,,,Data replog,,,Cal83,True,IR
ir081027.0220,CAL 83,05:43:25.4,-68:22:19,2008-10-28,05:09:39.9,2454767.7151,25.0,1.43,J,J,,,,missingreplog_Cal83.csv,,,Data replog,,,Cal83,True,IR
ir081027.0219,CAL 83,05:43:25.3,-68:22:20,2008-10-28,05:08:28.9,2454767.7142,25.1,1.43,J,J,,,,missingreplog_Cal83.csv,,,Data replog,,,Cal83,True,IR
ir081027.0218,CAL 83,05:43:25.3,-68:22:20,2008-10-28,05:06:14.0,2454767.7127,25.0,1.43,J,J,,,,missingreplog_Cal83.csv,,,Data replog,,,Cal83,True,IR
ir081027.0217,CAL 83,05:43:25.3,-68:22:21,2008-10-28,05:05:02.8,2454767.7118,25.0,1.44,J,J,,,,missingreplog_Cal83.csv,,,Data replog,,,Cal83,True,IR
ir081027.0216,CAL 83,05:43:25.4,-68:22:20,2008-10-28,05:03:51.7,2454767.711,25.1,1.44,J,J,,,,missingreplog_Cal83.csv,,,Data replog,,,Cal83,True,IR
ir081024.0201,CAL 83,05:43:27.9,-68:22:32,2008-10-25,06:49:08.7,2454764.7841,25.1,1.31,K,K,,,,missingreplog_Cal83.csv,,,Data replog,,,Cal83,True,IR
ir081024.0200,CAL 83,05:43:27.9,-68:22:32,2008-10-25,06:47:57.3,2454764.7833,25.0,1.31,K,K,,,,missingreplog_Cal83.csv,,,Data replog,,,Cal83,True,IR
ir081024.0199,CAL 83,05:43:27.9,-68:22:31,2008-10-25,06:46:45.6,2454764.7825,25.0,1.31,K,K,,,,missingreplog_Cal83.csv,,,Data replog,,,Cal83,True,IR
ir081030.0152,CAL 83,05:43:32.9,-68:22:26,2008-10-31,04:46:17.2,2454770.6988,25.0,1.45,H,H,,,,missingreplog_Cal83.csv,,,Data replog,,,Cal83,True,IR
ir081030.0154,CAL 83,05:43:32.9,-68:22:27,2008-10-31,04:49:42.8,2454770.7012,25.1,1.44,K,K,,,,missingreplog_Cal83.csv,,,Data replog,,,Cal83,True,IR
ir081105.0195,CAL 83,05:43:34.9,-68:22:24,2008-11-06,06:07:08.3,2454776.755,25.1,1.3,K,K,,,,missingreplog_Cal83.csv,,,Data replog,,,Cal83,True,IR
ir081030.0155,CAL 83,05:43:32.9,-68:22:27,2008-10-31,04:50:53.8,2454770.702,25.0,1.44,K,K,,,,missingreplog_Cal83.csv,,,Data replog,,,Cal83,True,IR
ir081105.0194,CAL 83,05:43:35.0,-68:22:25,2008-11-06,06:05:57.0,2454776.7541,25.1,1.31,K,K,,,,missingreplog_Cal83.csv,,,Data replog,,,Cal83,True,IR
ir081105.0193,CAL 83,05:43:34.9,-68:22:26,2008-11-06,06:04:45.7,2454776.7533,25.1,1.31,K,K,,,,missingreplog_Cal83.csv,,,Data replog,,,Cal83,True,IR
ir081105.0192,CAL 83,05:43:34.9,-68:22:26,2008-11-06,06:02:30.2,2454776.7517,25.0,1.31,H,H,,,,missingreplog_Cal83.csv,,,Data replog,,,Cal83,True,IR
ir081105.0191,CAL 83,05:43:34.8,-68:22:26,2008-11-06,06:01:18.9,2454776.7509,25.1,1.31,H,H,,,,missingreplog_Cal83.csv,,,Data replog,,,Cal83,True,IR
ir081105.0190,CAL 83,05:43:34.8,-68:22:26,2008-11-06,06:00:07.5,2454776.7501,25.1,1.31,H,H,,,,missingreplog_Cal83.csv,,,Data replog,,,Cal83,True,IR
ir081105.0189,CAL 83,05:43:34.7,-68:22:26,2008-11-06,05:57:52.4,2454776.7485,25.1,1.31,J,J,,,,missingreplog_Cal83.csv,,,Data replog,,,Cal83,True,IR
ir081105.0188,CAL 83,05:43:34.7,-68:22:26,2008-11-06,05:56:41.0,2454776.7477,25.0,1.31,J,J,,,,missingreplog_Cal83.csv,,,Data replog,,,Cal83,True,IR
ir081105.0187,CAL 83,05:43:34.7,-68:22:26,2008-11-06,05:55:29.6,2454776.7469,25.1,1.31,J,J,,,,missingreplog_Cal83.csv,,,Data replog,,,Cal83,True,IR
ir081105.0186,CAL 83,05:43:34.6,-68:22:27,2008-11-06,05:53:14.2,2454776.7453,25.0,1.32,J,J,,,,missingreplog_Cal83.csv,,,Data replog,,,Cal83,True,IR
ir081105.0185,CAL 83,05:43:34.5,-68:22:27,2008-11-06,05:52:03.1,2454776.7445,25.1,1.32,J,J,,,,missingreplog_Cal83.csv,,,Data replog,,,Cal83,True,IR
ir081105.0184,CAL 83,05:43:34.4,-68:22:26,2008-11-06,05:50:51.9,2454776.7437,25.1,1.32,J,J,,,,missingreplog_Cal83.csv,,,Data replog,,,Cal83,True,IR
ir081102.0227,CAL 83,05:43:34.3,-68:22:23,2008-11-03,05:35:53.2,2454773.7333,25.0,1.35,K,K,,,,missingreplog_Cal83.csv,,,Data replog,,,Cal83,True,IR
ir081102.0226,CAL 83,05:43:34.3,-68:22:23,2008-11-03,05:34:42.0,2454773.7324,25.1,1.35,K,K,,,,missingreplog_Cal83.csv,,,Data replog,,,Cal83,True,IR
ir081102.0225,CAL 83,05:43:34.2,-68:22:23,2008-11-03,05:33:30.9,2454773.7316,25.0,1.35,K,K,,,,missingreplog_Cal83.csv,,,Data replog,,,Cal83,True,IR
ir081102.0224,CAL 83,05:43:34.0,-68:22:23,2008-11-03,05:31:15.5,2454773.73,25.0,1.35,H,H,,,,missingreplog_Cal83.csv,,,Data replog,,,Cal83,True,IR
ir081102.0223,CAL 83,05:43:33.9,-68:22:23,2008-11-03,05:30:04.5,2454773.7292,25.0,1.36,H,H,,,,missingreplog_Cal83.csv,,,Data replog,,,Cal83,True,IR
ir081102.0222,CAL 83,05:43:33.9,-68:22:23,2008-11-03,05:28:53.4,2454773.7284,25.1,1.36,H,H,,,,missingreplog_Cal83.csv,,,Data replog,,,Cal83,True,IR
ir081102.0221,CAL 83,05:43:33.8,-68:22:23,2008-11-03,05:26:38.2,2454773.7268,25.1,1.36,J,J,,,,missingreplog_Cal83.csv,,,Data replog,,,Cal83,True,IR
ir081102.0220,CAL 83,05:43:33.8,-68:22:24,2008-11-03,05:25:27.2,2454773.726,25.0,1.36,J,J,,,,missingreplog_Cal83.csv,,,Data replog,,,Cal83,True,IR
ir081102.0219,CAL 83,05:43:33.7,-68:22:24,2008-11-03,05:24:16.2,2454773.7252,25.0,1.36,J,J,,,,missingreplog_Cal83.csv,,,Data replog,,,Cal83,True,IR
ir081102.0218,CAL 83,05:43:33.6,-68:22:24,2008-11-03,05:22:00.9,2454773.7236,25.1,1.37,J,J,,,,missingreplog_Cal83.csv,,,Data replog,,,Cal83,True,IR
ir081102.0217,CAL 83,05:43:33.6,-68:22:24,2008-11-03,05:20:49.9,2454773.7228,25.0,1.37,J,J,,,,missingreplog_Cal83.csv,,,Data replog,,,Cal83,True,IR
ir081102.0216,CAL 83,05:43:33.6,-68:22:24,2008-11-03,05:19:39.0,2454773.722,25.1,1.37,J,J,,,,missingreplog_Cal83.csv,,,Data replog,,,Cal83,True,IR
ir080927.0280,CAL 83,05:43:24.7,-68:22:38,2008-09-28,06:57:04.8,2454737.7896,25.1,1.45,J,J,,,,missingreplog_Cal83.csv,,,Data replog,,,Cal83,True,IR
ir080927.0281,CAL 83,05:43:24.8,-68:22:39,2008-09-28,06:59:18.2,2454737.7912,25.0,1.44,H,H,,,,missingreplog_Cal83.csv,,,Data replog,,,Cal83,True,IR
ir080927.0279,CAL 83,05:43:24.8,-68:22:38,2008-09-28,06:55:53.1,2454737.7888,25.0,1.45,J,J,,,,missingreplog_Cal83.csv,,,Data replog,,,Cal83,True,IR
ir070308.0050,CAL 83,05:43:34.4,-68:22:16,2007-03-09,01:39:27,2454168.5691,25.0,1.37,J,J,,,,missingreplog_Cal83.csv,,,Data replog,,,Cal83,True,IR
ir070308.0049,CAL 83,05:43:34.5,-68:22:18,2007-03-09,01:38:17,2454168.5683,25.0,1.37,J,J,,,,missingreplog_Cal83.csv,,,Data replog,,,Cal83,True,IR
ir070301.0030,CAL 83,05:43:34.1,-68:22:16,2007-03-02,00:32:01,2454161.5222,14.0,1.28,K,K,,,,missingreplog_Cal83.csv,,,Data replog,,,Cal83,True,IR
ir070301.0029,CAL 83,05:43:34.1,-68:22:16,2007-03-02,00:31:31,2454161.5219,14.0,1.28,K,K,,,,missingreplog_Cal83.csv,,,Data replog,,,Cal83,True,IR
ir070301.0028,CAL 83,05:43:34.1,-68:22:15,2007-03-02,00:31:02,2454161.5216,14.0,1.28,K,K,,,,missingreplog_Cal83.csv,,,Data replog,,,Cal83,True,IR
ir070301.0027,CAL 83,05:43:34.1,-68:22:16,2007-03-02,00:30:09,2454161.5209,14.0,1.28,H,H,,,,missingreplog_Cal83.csv,,,Data replog,,,Cal83,True,IR
ir070301.0026,CAL 83,05:43:34.1,-68:22:16,2007-03-02,00:29:39,2454161.5206,14.0,1.28,H,H,,,,missingreplog_Cal83.csv,,,Data replog,,,Cal83,True,IR
ir070301.0025,CAL 83,05:43:34.1,-68:22:16,2007-03-02,00:29:09,2454161.5203,14.0,1.28,H,H,,,,missingreplog_Cal83.csv,,,Data replog,,,Cal83,True,IR
ir070301.0024,CAL 83,05:43:34.1,-68:22:16,2007-03-02,00:28:16,2454161.5196,14.0,1.28,J,J,,,,missingreplog_Cal83.csv,,,Data replog,,,Cal83,True,IR
ir070301.0023,CAL 83,05:43:34.1,-68:22:16,2007-03-02,00:27:46,2454161.5193,14.0,1.28,J,J,,,,missingreplog_Cal83.csv,,,Data replog,,,Cal83,True,IR
ir070301.0022,CAL 83,05:43:34.1,-68:22:16,2007-03-02,00:27:17,2454161.5189,14.0,1.28,J,J,,,,missingreplog_Cal83.csv,,,Data replog,,,Cal83,True,IR
ir070301.0021,CAL 83,05:43:34.1,-68:22:17,2007-03-02,00:26:22,2454161.5183,14.0,1.28,J,J,,,,missingreplog_Cal83.csv,,,Data replog,,,Cal83,True,IR
ir070301.0020,CAL 83,05:43:34.1,-68:22:17,2007-03-02,00:25:53,2454161.518,14.0,1.28,J,J,,,,missingreplog_Cal83.csv,,,Data replog,,,Cal83,True,IR
ir070301.0019,CAL 83,05:43:34.1,-68:22:17,2007-03-02,00:25:23,2454161.5176,14.0,1.28,J,J,,,,missingreplog_Cal83.csv,,,Data replog,,,Cal83,True,IR
ir070308.0052,CAL 83,05:43:34.2,-68:22:15,2007-03-09,01:42:46,2454168.5714,25.0,1.38,J,J,,,,missingreplog_Cal83.csv,,,Data replog,,,Cal83,True,IR
ir070308.0051,CAL 83,05:43:34.3,-68:22:16,2007-03-09,01:40:36,2454168.5699,25.1,1.38,J,J,,,,missingreplog_Cal83.csv,,,Data replog,,,Cal83,True,IR
ir070308.0053,CAL 83,05:43:34.1,-68:22:14,2007-03-09,01:43:56,2454168.5722,25.0,1.38,J,J,,,,missingreplog_Cal83.csv,,,Data replog,,,Cal83,True,IR
ir071207.0148,Cal 83,05:43:28.7,-68:22:27,2007-12-08,04:11:30.5,2454442.6747,30.0,1.3,J,J,,,,missingreplog_Cal83.csv,,,Data replog,,,Cal83,True,IR
ir071207.0159,Cal 83,05:43:28.4,-68:22:26,2007-12-08,04:20:49.2,2454442.6811,30.0,1.29,J,J,,,,missingreplog_Cal83.csv,,,Data replog,,,Cal83,True,IR
ir071207.0158,Cal 83,05:43:28.4,-68:22:26,2007-12-08,04:20:02.9,2454442.6806,30.1,1.29,J,J,,,,missingreplog_Cal83.csv,,,Data replog,,,Cal83,True,IR
ir071207.0157,Cal 83,05:43:28.4,-68:22:26,2007-12-08,04:19:16.2,2454442.6801,30.1,1.29,J,J,,,,missingreplog_Cal83.csv,,,Data replog,,,Cal83,True,IR
ir071207.0156,Cal 83,05:43:28.4,-68:22:27,2007-12-08,04:18:29.6,2454442.6795,30.0,1.29,J,J,,,,missingreplog_Cal83.csv,,,Data replog,,,Cal83,True,IR
ir071207.0155,Cal 83,05:43:28.4,-68:22:27,2007-12-08,04:17:43.1,2454442.679,30.1,1.29,J,J,,,,missingreplog_Cal83.csv,,,Data replog,,,Cal83,True,IR
ir071207.0154,Cal 83,05:43:28.5,-68:22:26,2007-12-08,04:16:09.4,2454442.6779,30.1,1.3,J,J,,,,missingreplog_Cal83.csv,,,Data replog,,,Cal83,True,IR
ir071207.0153,Cal 83,05:43:28.5,-68:22:27,2007-12-08,04:15:23.0,2454442.6774,30.1,1.3,J,J,,,,missingreplog_Cal83.csv,,,Data replog,,,Cal83,True,IR
ir071207.0152,Cal 83,05:43:28.6,-68:22:26,2007-12-08,04:14:36.6,2454442.6768,30.0,1.3,J,J,,,,missingreplog_Cal83.csv,,,Data replog,,,Cal83,True,IR
ir071207.0151,Cal 83,05:43:28.6,-68:22:27,2007-12-08,04:13:49.9,2454442.6763,30.1,1.3,J,J,,,,missingreplog_Cal83.csv,,,Data replog,,,Cal83,True,IR
ir071207.0150,Cal 83,05:43:28.7,-68:22:27,2007-12-08,04:13:03.3,2454442.6757,30.0,1.3,J,J,,,,missingreplog_Cal83.csv,,,Data replog,,,Cal83,True,IR
ir071207.0149,Cal 83,05:43:28.7,-68:22:27,2007-12-08,04:12:16.8,2454442.6752,30.1,1.3,J,J,,,,missingreplog_Cal83.csv,,,Data replog,,,Cal83,True,IR
ir071207.0147,Cal 83,05:43:28.8,-68:22:27,2007-12-08,04:10:44.4,2454442.6741,30.1,1.3,J,J,,,,missingreplog_Cal83.csv,,,Data replog,,,Cal83,True,IR
ir071119.0170,Cal 83,05:43:33.6,-68:22:32,2007-11-20,05:31:14.7,2454424.73,30.0,1.29,J,J,,,,missingreplog_Cal83.csv,,,Data replog,,,Cal83,True,IR
ir071119.0182,Cal 83,05:43:33.8,-68:22:33,2007-11-20,05:43:01.9,2454424.7382,30.0,1.29,J,J,,,,missingreplog_Cal83.csv,,,Data replog,,,Cal83,True,IR
ir071119.0181,Cal 83,05:43:33.8,-68:22:33,2007-11-20,05:42:15.6,2454424.7377,30.0,1.29,J,J,,,,missingreplog_Cal83.csv,,,Data replog,,,Cal83,True,IR
ir071119.0180,Cal 83,05:43:33.7,-68:22:33,2007-11-20,05:40:33.3,2454424.7365,30.0,1.29,J,J,,,,missingreplog_Cal83.csv,,,Data replog,,,Cal83,True,IR
ir071119.0179,Cal 83,05:43:33.7,-68:22:33,2007-11-20,05:40:33.3,2454424.7365,30.1,1.29,J,J,,,,missingreplog_Cal83.csv,,,Data replog,,,Cal83,True,IR
ir071119.0178,Cal 83,05:43:33.7,-68:22:33,2007-11-20,05:39:46.7,2454424.736,30.1,1.29,J,J,,,,missingreplog_Cal83.csv,,,Data replog,,,Cal83,True,IR
ir071119.0177,Cal 83,05:43:33.6,-68:22:32,2007-11-20,05:39:00.0,2454424.7354,30.0,1.29,J,J,,,,missingreplog_Cal83.csv,,,Data replog,,,Cal83,True,IR
ir071119.0176,Cal 83,05:43:33.6,-68:22:32,2007-11-20,05:38:13.4,2454424.7349,30.0,1.29,J,J,,,,missingreplog_Cal83.csv,,,Data replog,,,Cal83,True,IR
ir071119.0175,Cal 83,05:43:33.6,-68:22:32,2007-11-20,05:37:26.9,2454424.7344,30.0,1.29,J,J,,,,missingreplog_Cal83.csv,,,Data replog,,,Cal83,True,IR
ir071119.0174,Cal 83,05:43:33.6,-68:22:32,2007-11-20,05:36:12.9,2454424.7335,30.0,1.29,J,J,,,,missingreplog_Cal83.csv,,,Data replog,,,Cal83,True,IR
ir071119.0173,Cal 83,05:43:33.5,-68:22:32,2007-11-20,05:35:26.6,2454424.733,30.0,1.29,J,J,,,,missingreplog_Cal83.csv,,,Data replog,,,Cal83,True,IR
ir071119.0172,Cal 83,05:43:33.5,-68:22:32,2007-11-20,05:34:39.7,2454424.7324,30.0,1.29,J,J,,,,missingreplog_Cal83.csv,,,Data replog,,,Cal83,True,IR
ir071207.0160,Cal 83,05:43:28.4,-68:22:27,2007-12-08,04:21:35.6,2454442.6817,30.0,1.29,J,J,,,,missingreplog_Cal83.csv,,,Data replog,,,Cal83,True,IR
ir071207.0161,Cal 83,05:43:28.4,-68:22:27,2007-12-08,04:22:22.0,2454442.6822,30.0,1.29,J,J,,,,missingreplog_Cal83.csv,,,Data replog,,,Cal83,True,IR
ir071207.0162,Cal 83,05:43:28.4,-68:22:26,2007-12-08,04:23:08.4,2454442.6827,30.1,1.29,J,J,,,,missingreplog_Cal83.csv,,,Data replog,,,Cal83,True,IR
ir070330.0013,CAL 83,05:43:28.1,-68:22:12,2007-03-30,23:56:15,2454190.4974,25.0,1.35,J,J,,,,missingreplog_Cal83.csv,,,Data replog,,,Cal83,True,IR
ir070408.0016,CAL 83,05:43:35.1,-68:22:39,2007-04-09,00:40:08,2454199.5279,25.1,1.49,K,K,,,,missingreplog_Cal83.csv,,,Data replog,,,Cal83,True,IR
ir070408.0015,CAL 83,05:43:35.1,-68:22:38,2007-04-09,00:38:58,2454199.5271,25.0,1.49,K,K,,,,missingreplog_Cal83.csv,,,Data replog,,,Cal83,True,IR
ir070408.0014,CAL 83,05:43:35.2,-68:22:39,2007-04-09,00:37:48,2454199.5263,25.0,1.49,K,K,,,,missingreplog_Cal83.csv,,,Data replog,,,Cal83,True,IR
ir070408.0013,CAL 83,05:43:35.3,-68:22:39,2007-04-09,00:35:39,2454199.5248,25.0,1.48,H,H,,,,missingreplog_Cal83.csv,,,Data replog,,,Cal83,True,IR
ir070408.0012,CAL 83,05:43:35.3,-68:22:39,2007-04-09,00:34:29,2454199.5239,25.0,1.48,H,H,,,,missingreplog_Cal83.csv,,,Data replog,,,Cal83,True,IR
ir070408.0011,CAL 83,05:43:35.4,-68:22:39,2007-04-09,00:33:20,2454199.5231,25.1,1.48,H,H,,,,missingreplog_Cal83.csv,,,Data replog,,,Cal83,True,IR
ir070408.0010,CAL 83,05:43:35.5,-68:22:39,2007-04-09,00:31:10,2454199.5217,25.0,1.47,J,J,,,,missingreplog_Cal83.csv,,,Data replog,,,Cal83,True,IR
ir070408.0009,CAL 83,05:43:35.6,-68:22:39,2007-04-09,00:30:00,2454199.5208,25.1,1.47,J,J,,,,missingreplog_Cal83.csv,,,Data replog,,,Cal83,True,IR
ir070408.0008,CAL 83,05:43:35.6,-68:22:39,2007-04-09,00:28:51,2454199.52,25.1,1.47,J,J,,,,missingreplog_Cal83.csv,,,Data replog,,,Cal83,True,IR
ir070408.0007,CAL 83,05:43:35.7,-68:22:40,2007-04-09,00:26:41,2454199.5185,25.0,1.46,J,J,,,,missingreplog_Cal83.csv,,,Data replog,,,Cal83,True,IR
ir070408.0006,CAL 83,05:43:35.7,-68:22:40,2007-04-09,00:25:31,2454199.5177,25.1,1.46,J,J,,,,missingreplog_Cal83.csv,,,Data replog,,,Cal83,True,IR
ir070408.0005,CAL 83,05:43:35.7,-68:22:40,2007-04-09,00:24:22,2454199.5169,25.0,1.46,J,J,,,,missingreplog_Cal83.csv,,,Data replog,,,Cal83,True,IR
ir070330.0024,CAL 83,05:43:28.1,-68:22:14,2007-03-31,00:12:01,2454190.5083,25.0,1.37,K,K,,,,missingreplog_Cal83.csv,,,Data replog,,,Cal83,True,IR
ir070330.0023,CAL 83,05:43:28.1,-68:22:15,2007-03-31,00:10:51,2454190.5075,25.0,1.37,K,K,,,,missingreplog_Cal83.csv,,,Data replog,,,Cal83,True,IR
ir070330.0022,CAL 83,05:43:28.1,-68:22:14,2007-03-31,00:09:42,2454190.5067,25.0,1.37,K,K,,,,missingreplog_Cal83.csv,,,Data replog,,,Cal83,True,IR
ir070330.0021,CAL 83,05:43:28.1,-68:22:14,2007-03-31,00:07:32,2454190.5052,25.0,1.37,H,H,,,,missingreplog_Cal83.csv,,,Data replog,,,Cal83,True,IR
ir070330.0020,CAL 83,05:43:28.2,-68:22:14,2007-03-31,00:06:22,2454190.5044,25.0,1.36,H,H,,,,missingreplog_Cal83.csv,,,Data replog,,,Cal83,True,IR
ir070330.0019,CAL 83,05:43:28.2,-68:22:14,2007-03-31,00:05:13,2454190.5036,25.1,1.36,H,H,,,,missingreplog_Cal83.csv,,,Data replog,,,Cal83,True,IR
ir070330.0018,CAL 83,05:43:28.2,-68:22:13,2007-03-31,00:03:04,2454190.5021,25.0,1.36,J,J,,,,missingreplog_Cal83.csv,,,Data replog,,,Cal83,True,IR
ir070330.0017,CAL 83,05:43:28.2,-68:22:13,2007-03-31,00:01:54,2454190.5013,25.0,1.36,J,J,,,,missingreplog_Cal83.csv,,,Data replog,,,Cal83,True,IR
ir070330.0016,CAL 83,05:43:28.2,-68:22:12,2007-03-31,00:00:44,2454190.5005,25.0,1.36,J,J,,,,missingreplog_Cal83.csv,,,Data replog,,,Cal83,True,IR
ir070330.0015,CAL 83,05:43:28.1,-68:22:12,2007-03-30,23:58:34,2454190.499,25.0,1.35,J,J,,,,missingreplog_Cal83.csv,,,Data replog,,,Cal83,True,IR
ir070330.0014,CAL 83,05:43:28.1,-68:22:13,2007-03-30,23:57:24,2454190.4982,25.1,1.35,J,J,,,,missingreplog_Cal83.csv,,,Data replog,,,Cal83,True,IR
ir071119.0171,Cal 83,05:43:33.5,-68:22:32,2007-11-20,05:33:53.4,2454424.7319,30.1,1.29,J,J,,,,missingreplog_Cal83.csv,,,Data replog,,,Cal83,True,IR
ir071119.0169,Cal 83,05:43:33.6,-68:22:32,2007-11-20,05:31:14.7,2454424.73,30.0,1.29,J,J,,,,missingreplog_Cal83.csv,,,Data replog,,,Cal83,True,IR
ir070308.0054,CAL 83,05:43:34.1,-68:22:14,2007-03-09,01:45:05,2454168.573,25.1,1.38,J,J,,,,missingreplog_Cal83.csv,,,Data replog,,,Cal83,True,IR
ir070316.0058,CAL 83,05:43:25.4,-68:22:16,2007-03-17,01:49:49,2454176.5763,25.0,1.45,H,H,,,,missingreplog_Cal83.csv,,,Data replog,,,Cal83,True,IR
ir070930.0074,Cal 83,05:43:28.6,-68:22:35,2007-10-01,07:59:36.9,2454374.8331,30.0,1.33,J,J,,,,missingreplog_Cal83.csv,,,Data replog,,,Cal83,True,IR
ir070930.0073,Cal 83,05:43:28.6,-68:22:36,2007-10-01,07:58:50.7,2454374.8325,30.0,1.34,J,J,,,,missingreplog_Cal83.csv,,,Data replog,,,Cal83,True,IR
ir070930.0072,Cal 83,05:43:28.6,-68:22:35,2007-10-01,07:58:04.5,2454374.832,30.1,1.34,J,J,,,,missingreplog_Cal83.csv,,,Data replog,,,Cal83,True,IR
ir070930.0071,Cal 83,05:43:28.5,-68:22:36,2007-10-01,07:57:18.0,2454374.8315,30.1,1.34,J,J,,,,missingreplog_Cal83.csv,,,Data replog,,,Cal83,True,IR
ir070930.0070,Cal 83,05:43:28.5,-68:22:36,2007-10-01,07:56:31.5,2454374.8309,30.0,1.34,J,J,,,,missingreplog_Cal83.csv,,,Data replog,,,Cal83,True,IR
ir070930.0069,Cal 83,05:43:28.4,-68:22:36,2007-10-01,07:55:45.3,2454374.8304,30.0,1.34,J,J,,,,missingreplog_Cal83.csv,,,Data replog,,,Cal83,True,IR
ir070316.0063,CAL 83,05:43:25.0,-68:22:16,2007-03-17,01:56:37,2454176.581,25.1,1.46,K,K,,,,missingreplog_Cal83.csv,,,Data replog,,,Cal83,True,IR
ir070316.0062,CAL 83,05:43:25.1,-68:22:16,2007-03-17,01:55:27,2454176.5802,25.0,1.46,K,K,,,,missingreplog_Cal83.csv,,,Data replog,,,Cal83,True,IR
ir070316.0061,CAL 83,05:43:25.2,-68:22:16,2007-03-17,01:54:18,2454176.5794,25.1,1.46,K,K,,,,missingreplog_Cal83.csv,,,Data replog,,,Cal83,True,IR
ir070316.0060,CAL 83,05:43:25.3,-68:22:16,2007-03-17,01:52:08,2454176.5779,25.1,1.45,H,H,,,,missingreplog_Cal83.csv,,,Data replog,,,Cal83,True,IR
ir070316.0059,CAL 83,05:43:25.4,-68:22:16,2007-03-17,01:50:58,2454176.5771,25.1,1.45,H,H,,,,missingreplog_Cal83.csv,,,Data replog,,,Cal83,True,IR
ir070316.0057,CAL 83,05:43:25.5,-68:22:16,2007-03-17,01:47:40,2454176.5748,25.1,1.44,J,J,,,,missingreplog_Cal83.csv,,,Data replog,,,Cal83,True,IR
ir071119.0168,Cal 83,05:43:33.6,-68:22:32,2007-11-20,05:31:14.7,2454424.73,30.1,1.29,J,J,,,,missingreplog_Cal83.csv,,,Data replog,,,Cal83,True,IR
ir070316.0056,CAL 83,05:43:25.6,-68:22:16,2007-03-17,01:46:30,2454176.574,25.0,1.44,J,J,,,,missingreplog_Cal83.csv,,,Data replog,,,Cal83,True,IR
ir070316.0055,CAL 83,05:43:25.6,-68:22:16,2007-03-17,01:45:20,2454176.5732,25.1,1.44,J,J,,,,missingreplog_Cal83.csv,,,Data replog,,,Cal83,True,IR
ir070316.0054,CAL 83,05:43:25.7,-68:22:17,2007-03-17,01:43:10,2454176.5716,25.1,1.44,J,J,,,,missingreplog_Cal83.csv,,,Data replog,,,Cal83,True,IR
ir070316.0053,CAL 83,05:43:25.7,-68:22:17,2007-03-17,01:42:00,2454176.5708,25.0,1.43,J,J,,,,missingreplog_Cal83.csv,,,Data replog,,,Cal83,True,IR
ir070316.0052,CAL 83,05:43:25.7,-68:22:17,2007-03-17,01:40:51,2454176.57,25.1,1.43,J,J,,,,missingreplog_Cal83.csv,,,Data replog,,,Cal83,True,IR
ir070308.0060,CAL 83,05:43:33.6,-68:22:12,2007-03-09,01:54:03,2454168.5792,25.0,1.4,K,K,,,,missingreplog_Cal83.csv,,,Data replog,,,Cal83,True,IR
ir070308.0059,CAL 83,05:43:33.7,-68:22:12,2007-03-09,01:52:53,2454168.5784,25.1,1.4,K,K,,,,missingreplog_Cal83.csv,,,Data replog,,,Cal83,True,IR
ir070308.0058,CAL 83,05:43:33.7,-68:22:12,2007-03-09,01:51:44,2454168.5776,25.0,1.39,K,K,,,,missingreplog_Cal83.csv,,,Data replog,,,Cal83,True,IR
ir070308.0057,CAL 83,05:43:33.8,-68:22:13,2007-03-09,01:49:34,2454168.5761,25.1,1.39,H,H,,,,missingreplog_Cal83.csv,,,Data replog,,,Cal83,True,IR
ir070308.0056,CAL 83,05:43:33.9,-68:22:13,2007-03-09,01:48:25,2454168.5753,25.1,1.39,H,H,,,,missingreplog_Cal83.csv,,,Data replog,,,Cal83,True,IR
ir070308.0055,CAL 83,05:43:33.0,-68:22:13,2007-03-09,01:47:15,2454168.5745,25.1,1.39,H,H,,,,missingreplog_Cal83.csv,,,Data replog,,,Cal83,True,IR
ir070930.0075,Cal 83,05:43:28.7,-68:22:35,2007-10-01,08:00:23.2,2454374.8336,30.1,1.33,J,J,,,,missingreplog_Cal83.csv,,,Data replog,,,Cal83,True,IR
ir070930.0076,Cal 83,05:43:28.7,-68:22:36,2007-10-01,08:01:09.7,2454374.8342,30.0,1.33,J,J,,,,missingreplog_Cal83.csv,,,Data replog,,,Cal83,True,IR
ir070930.0077,Cal 83,05:43:28.7,-68:22:36,2007-10-01,08:02:42.5,2454374.8352,30.1,1.33,J,J,,,,missingreplog_Cal83.csv,,,Data replog,,,Cal83,True,IR
ir070930.0078,Cal 83,05:43:28.7,-68:22:35,2007-10-01,08:03:28.6,2454374.8358,30.0,1.33,J,J,,,,missingreplog_Cal83.csv,,,Data replog,,,Cal83,True,IR
ir071119.0167,Cal 83,05:43:33.6,-68:22:32,2007-11-20,05:30:28.3,2454424.7295,30.1,1.29,J,J,,,,missingreplog_Cal83.csv,,,Data replog,,,Cal83,True,IR
ir071102.0243,Cal 83,05:43:33.4,-68:22:59,2007-11-03,08:04:14.6,2454407.8363,30.0,1.28,J,J,,,,missingreplog_Cal83.csv,,,Data replog,,,Cal83,True,IR
ir071102.0242,Cal 83,05:43:33.4,-68:22:59,2007-11-03,08:03:28.4,2454407.8358,30.1,1.28,J,J,,,,missingreplog_Cal83.csv,,,Data replog,,,Cal83,True,IR
ir071102.0241,Cal 83,05:43:33.4,-68:22:59,2007-11-03,08:02:42.1,2454407.8352,30.1,1.28,J,J,,,,missingreplog_Cal83.csv,,,Data replog,,,Cal83,True,IR
ir071102.0240,Cal 83,05:43:33.4,-68:23:00,2007-11-03,08:01:55.4,2454407.8347,30.1,1.28,J,J,,,,missingreplog_Cal83.csv,,,Data replog,,,Cal83,True,IR
ir071102.0239,Cal 83,05:43:33.3,-68:22:59,2007-11-03,08:00:13.1,2454407.8335,30.1,1.28,J,J,,,,missingreplog_Cal83.csv,,,Data replog,,,Cal83,True,IR
ir071102.0238,Cal 83,05:43:33.3,-68:22:59,2007-11-03,08:00:13.1,2454407.8335,30.1,1.28,J,J,,,,missingreplog_Cal83.csv,,,Data replog,,,Cal83,True,IR
ir071102.0237,Cal 83,05:43:33.3,-68:22:59,2007-11-03,07:59:26.5,2454407.833,30.1,1.28,J,J,,,,missingreplog_Cal83.csv,,,Data replog,,,Cal83,True,IR
ir071102.0236,Cal 83,05:43:33.3,-68:23:09,2007-11-03,07:58:40.3,2454407.8324,30.1,1.28,J,J,,,,missingreplog_Cal83.csv,,,Data replog,,,Cal83,True,IR
ir071102.0235,Cal 83,05:43:33.3,-68:23:00,2007-11-03,07:57:08.7,2454407.8314,30.1,1.28,J,J,,,,missingreplog_Cal83.csv,,,Data replog,,,Cal83,True,IR
ir071102.0234,Cal 83,05:43:33.3,-68:23:00,2007-11-03,07:56:22.6,2454407.8308,30.0,1.28,J,J,,,,missingreplog_Cal83.csv,,,Data replog,,,Cal83,True,IR
ir071102.0233,Cal 83,05:43:33.4,-68:23:00,2007-11-03,07:55:36.0,2454407.8303,30.1,1.28,J,J,,,,missingreplog_Cal83.csv,,,Data replog,,,Cal83,True,IR
ir071102.0232,Cal 83,05:43:33.4,-68:23:00,2007-11-03,07:54:49.7,2454407.8298,30.0,1.28,J,J,,,,missingreplog_Cal83.csv,,,Data replog,,,Cal83,True,IR
ir071102.0231,Cal 83,05:43:33.4,-68:23:00,2007-11-03,07:54:03.4,2454407.8292,30.0,1.28,J,J,,,,missingreplog_Cal83.csv,,,Data replog,,,Cal83,True,IR
ir071102.0230,Cal 83,05:43:33.5,-68:23:00,2007-11-03,07:53:16.8,2454407.8287,30.1,1.28,J,J,,,,missingreplog_Cal83.csv,,,Data replog,,,Cal83,True,IR
ir071102.0229,Cal 83,05:43:33.5,-68:23:00,2007-11-03,07:52:29.9,2454407.8281,30.0,1.28,J,J,,,,missingreplog_Cal83.csv,,,Data replog,,,Cal83,True,IR
ir071102.0228,Cal 83,05:43:33.5,-68:23:00,2007-11-03,07:51:43.4,2454407.8276,30.1,1.28,J,J,,,,missingreplog_Cal83.csv,,,Data replog,,,Cal83,True,IR
ir070930.0084,Cal 83,05:43:28.8,-68:22:36,2007-10-01,08:08:06.6,2454374.839,30.0,1.33,J,J,,,,missingreplog_Cal83.csv,,,Data replog,,,Cal83,True,IR
ir070930.0083,Cal 83,05:43:28.8,-68:22:36,2007-10-01,08:07:20.4,2454374.8384,30.1,1.33,J,J,,,,missingreplog_Cal83.csv,,,Data replog,,,Cal83,True,IR
ir070930.0082,Cal 83,05:43:28.8,-68:22:36,2007-10-01,08:06:34.0,2454374.8379,30.1,1.33,J,J,,,,missingreplog_Cal83.csv,,,Data replog,,,Cal83,True,IR
ir070930.0081,Cal 83,05:43:28.8,-68:22:35,2007-10-01,08:05:47.6,2454374.8374,30.1,1.33,J,J,,,,missingreplog_Cal83.csv,,,Data replog,,,Cal83,True,IR
ir070930.0080,Cal 83,05:43:28.8,-68:22:35,2007-10-01,08:05:01.5,2454374.8368,30.0,1.33,J,J,,,,missingreplog_Cal83.csv,,,Data replog,,,Cal83,True,IR
ir070930.0079,Cal 83,05:43:28.7,-68:22:35,2007-10-01,08:04:14.9,2454374.8363,30.1,1.33,J,J,,,,missingreplog_Cal83.csv,,,Data replog,,,Cal83,True,IR
ir070426.0007,CAL 83,05:43:25.9,-68:22:29,2007-04-26,23:48:33,2454217.4921,25.0,1.54,J,J,,,,missingreplog_Cal83.csv,,,Data replog,,,Cal83,True,IR
ir070426.0008,CAL 83,05:43:25.7,-68:22:28,2007-04-26,23:49:42,2454217.4929,25.1,1.55,J,J,,,,missingreplog_Cal83.csv,,,Data replog,,,Cal83,True,IR
ir070426.0009,CAL 83,05:43:25.7,-68:22:27,2007-04-26,23:50:52,2454217.4937,25.1,1.55,J,J,,,,missingreplog_Cal83.csv,,,Data replog,,,Cal83,True,IR
ir070921.0265,Cal 83,05:43:32.5,-68:22:10,2007-09-22,08:30:21.7,2454365.8544,30.1,1.34,J,J,,,,missingreplog_Cal83.csv,,,Data replog,,,Cal83,True,IR
ir070923.0293,Cal 83,05:43:28.3,-68:22:17,2007-09-24,06:38:08.6,2454367.7765,30.0,1.54,J,J,,,,missingreplog_Cal83.csv,,,Data replog,,,Cal83,True,IR
ir070923.0292,Cal 83,05:43:28.3,-68:22:17,2007-09-24,06:37:22.5,2454367.776,30.0,1.54,J,J,,,,missingreplog_Cal83.csv,,,Data replog,,,Cal83,True,IR
ir070923.0291,Cal 83,05:43:28.4,-68:22:16,2007-09-24,06:36:36.1,2454367.7754,30.0,1.54,J,J,,,,missingreplog_Cal83.csv,,,Data replog,,,Cal83,True,IR
ir070923.0290,Cal 83,05:43:28.4,-68:22:17,2007-09-24,06:35:50.2,2454367.7749,30.1,1.54,J,J,,,,missingreplog_Cal83.csv,,,Data replog,,,Cal83,True,IR
ir070923.0289,Cal 83,05:43:28.4,-68:22:17,2007-09-24,06:35:03.9,2454367.7744,30.0,1.54,J,J,,,,missingreplog_Cal83.csv,,,Data replog,,,Cal83,True,IR
ir070923.0288,Cal 83,05:43:28.5,-68:22:16,2007-09-24,06:34:17.6,2454367.7738,30.1,1.55,J,J,,,,missingreplog_Cal83.csv,,,Data replog,,,Cal83,True,IR
ir070923.0287,Cal 83,05:43:28.5,-68:22:16,2007-09-24,06:33:31.8,2454367.7733,30.1,1.55,J,J,,,,missingreplog_Cal83.csv,,,Data replog,,,Cal83,True,IR
ir070921.0269,Cal 83,05:43:32.6,-68:22:10,2007-09-22,08:33:26.7,2454365.8566,30.0,1.34,J,J,,,,missingreplog_Cal83.csv,,,Data replog,,,Cal83,True,IR
ir070921.0268,Cal 83,05:43:32.6,-68:22:09,2007-09-22,08:32:40.5,2454365.856,30.0,1.34,J,J,,,,missingreplog_Cal83.csv,,,Data replog,,,Cal83,True,IR
ir070921.0267,Cal 83,05:43:32.5,-68:22:10,2007-09-22,08:31:54.1,2454365.8555,30.1,1.34,J,J,,,,missingreplog_Cal83.csv,,,Data replog,,,Cal83,True,IR
ir070921.0266,Cal 83,05:43:32.5,-68:22:10,2007-09-22,08:31:07.9,2454365.855,30.0,1.34,J,J,,,,missingreplog_Cal83.csv,,,Data replog,,,Cal83,True,IR
ir070921.0264,Cal 83,05:43:32.5,-68:22:10,2007-09-22,08:29:35.4,2454365.8539,30.1,1.34,J,J,,,,missingreplog_Cal83.csv,,,Data replog,,,Cal83,True,IR
ir070919.0236,Cal 83,05:43:33.2,-68:22:29,2007-09-20,08:06:18.7,2454363.8377,30.1,1.38,J,J,,,,missingreplog_Cal83.csv,,,Data replog,,,Cal83,True,IR
ir070921.0263,Cal 83,05:43:32.4,-68:22:10,2007-09-22,08:28:48.9,2454365.8533,30.1,1.34,J,J,,,,missingreplog_Cal83.csv,,,Data replog,,,Cal83,True,IR
ir070921.0262,Cal 83,05:43:32.4,-68:22:10,2007-09-22,08:28:02.7,2454365.8528,30.0,1.34,J,J,,,,missingreplog_Cal83.csv,,,Data replog,,,Cal83,True,IR
ir070921.0261,Cal 83,05:43:32.3,-68:22:10,2007-09-22,08:26:31.3,2454365.8517,30.1,1.34,J,J,,,,missingreplog_Cal83.csv,,,Data replog,,,Cal83,True,IR
ir070921.0260,Cal 83,05:43:32.2,-68:22:10,2007-09-22,08:25:45.4,2454365.8512,30.1,1.35,J,J,,,,missingreplog_Cal83.csv,,,Data replog,,,Cal83,True,IR
ir070921.0259,Cal 83,05:43:32.2,-68:22:10,2007-09-22,08:24:59.3,2454365.8507,30.0,1.35,J,J,,,,missingreplog_Cal83.csv,,,Data replog,,,Cal83,True,IR
ir070921.0258,Cal 83,05:43:32.2,-68:22:10,2007-09-22,08:24:12.9,2454365.8501,30.1,1.35,J,J,,,,missingreplog_Cal83.csv,,,Data replog,,,Cal83,True,IR
ir070921.0257,Cal 83,05:43:32.2,-68:22:11,2007-09-22,08:23:26.9,2454365.8496,30.1,1.35,J,J,,,,missingreplog_Cal83.csv,,,Data replog,,,Cal83,True,IR
ir070921.0256,Cal 83,05:43:32.2,-68:22:11,2007-09-22,08:22:40.4,2454365.8491,30.1,1.35,J,J,,,,missingreplog_Cal83.csv,,,Data replog,,,Cal83,True,IR
ir070921.0255,Cal 83,05:43:32.2,-68:22:11,2007-09-22,08:21:53.9,2454365.8485,30.0,1.35,J,J,,,,missingreplog_Cal83.csv,,,Data replog,,,Cal83,True,IR
ir070921.0254,Cal 83,05:43:32.3,-68:22:11,2007-09-22,08:21:07.6,2454365.848,30.1,1.35,J,J,,,,missingreplog_Cal83.csv,,,Data replog,,,Cal83,True,IR
ir070919.0238,Cal 83,05:43:33.3,-68:22:29,2007-09-20,08:07:50.7,2454363.8388,30.0,1.38,J,J,,,,missingreplog_Cal83.csv,,,Data replog,,,Cal83,True,IR
ir070923.0294,Cal 83,05:43:28.3,-68:22:17,2007-09-24,06:38:54.5,2454367.777,30.0,1.53,J,J,,,,missingreplog_Cal83.csv,,,Data replog,,,Cal83,True,IR
ir070923.0295,Cal 83,05:43:28.2,-68:22:17,2007-09-24,06:40:26.9,2454367.7781,30.0,1.53,J,J,,,,missingreplog_Cal83.csv,,,Data replog,,,Cal83,True,IR
ir070923.0296,Cal 83,05:43:28.2,-68:22:17,2007-09-24,06:41:13.1,2454367.7786,30.1,1.53,J,J,,,,missingreplog_Cal83.csv,,,Data replog,,,Cal83,True,IR
ir070923.0297,Cal 83,05:43:28.2,-68:22:17,2007-09-24,06:41:59.3,2454367.7792,30.0,1.53,J,J,,,,missingreplog_Cal83.csv,,,Data replog,,,Cal83,True,IR
ir070925.0353,Cal 83,05:43:34.4,-68:22:17,2007-09-26,08:09:29.4,2454369.8399,30.1,1.35,J,J,,,,missingreplog_Cal83.csv,,,Data replog,,,Cal83,True,IR
ir070924.0034,CAL 83,05:43:28.2,-68:22:15,2007-09-25,07:10:39.7,2454368.7991,25.0,1.45,K,K,,,,missingreplog_Cal83.csv,,,Data replog,,,Cal83,True,IR
ir070924.0033,CAL 83,05:43:28.2,-68:22:15,2007-09-25,07:09:29.1,2454368.7982,25.1,1.45,K,K,,,,missingreplog_Cal83.csv,,,Data replog,,,Cal83,True,IR
ir070924.0032,CAL 83,05:43:28.2,-68:22:15,2007-09-25,07:08:19.0,2454368.7974,25.1,1.45,K,K,,,,missingreplog_Cal83.csv,,,Data replog,,,Cal83,True,IR
ir070924.0031,CAL 83,05:43:28.4,-68:22:14,2007-09-25,07:04:58.6,2454368.7951,25.1,1.46,H,H,,,,missingreplog_Cal83.csv,,,Data replog,,,Cal83,True,IR
ir070924.0030,CAL 83,05:43:28.4,-68:22:14,2007-09-25,07:04:58.6,2454368.7951,25.0,1.46,H,H,,,,missingreplog_Cal83.csv,,,Data replog,,,Cal83,True,IR
ir070924.0029,CAL 83,05:43:28.5,-68:22:15,2007-09-25,07:03:48.5,2454368.7943,25.0,1.46,H,H,,,,missingreplog_Cal83.csv,,,Data replog,,,Cal83,True,IR
ir070924.0028,Cal 83,05:43:28.6,-68:22:15,2007-09-25,07:02:16.2,2454368.7932,30.0,1.47,J,J,,,,missingreplog_Cal83.csv,,,Data replog,,,Cal83,True,IR
ir070924.0027,Cal 83,05:43:28.6,-68:22:14,2007-09-25,07:01:30.3,2454368.7927,30.0,1.47,J,J,,,,missingreplog_Cal83.csv,,,Data replog,,,Cal83,True,IR
ir070924.0026,Cal 83,05:43:28.6,-68:22:14,2007-09-25,07:00:44.1,2454368.7922,30.0,1.47,J,J,,,,missingreplog_Cal83.csv,,,Data replog,,,Cal83,True,IR
ir070924.0025,Cal 83,05:43:28.6,-68:22:14,2007-09-25,06:59:57.8,2454368.7916,30.1,1.47,J,J,,,,missingreplog_Cal83.csv,,,Data replog,,,Cal83,True,IR
ir070924.0024,Cal 83,05:43:28.7,-68:22:15,2007-09-25,06:59:11.6,2454368.7911,30.0,1.47,J,J,,,,missingreplog_Cal83.csv,,,Data replog,,,Cal83,True,IR
ir070924.0023,Cal 83,05:43:28.7,-68:22:14,2007-09-25,06:58:25.3,2454368.7906,30.0,1.48,J,J,,,,missingreplog_Cal83.csv,,,Data replog,,,Cal83,True,IR
ir070924.0022,Cal 83,05:43:28.8,-68:22:15,2007-09-25,06:57:38.7,2454368.79,30.1,1.48,J,J,,,,missingreplog_Cal83.csv,,,Data replog,,,Cal83,True,IR
ir070924.0021,Cal 83,05:43:28.8,-68:22:15,2007-09-25,06:56:52.6,2454368.7895,30.1,1.48,J,J,,,,missingreplog_Cal83.csv,,,Data replog,,,Cal83,True,IR
ir070924.0020,CAL 83,05:43:29.0,-68:22:15,2007-09-25,06:53:30.5,2454368.7872,25.0,1.49,J,J,,,,missingreplog_Cal83.csv,,,Data replog,,,Cal83,True,IR
ir070924.0019,CAL 83,05:43:29.0,-68:22:15,2007-09-25,06:53:30.5,2454368.7872,25.1,1.49,J,J,,,,missingreplog_Cal83.csv,,,Data replog,,,Cal83,True,IR
ir070924.0018,CAL 83,05:43:29.1,-68:22:15,2007-09-25,06:52:20.4,2454368.7863,25.1,1.49,J,J,,,,missingreplog_Cal83.csv,,,Data replog,,,Cal83,True,IR
ir070923.0302,Cal 83,05:43:28.0,-68:22:17,2007-09-24,06:45:50.2,2454367.7818,30.1,1.52,J,J,,,,missingreplog_Cal83.csv,,,Data replog,,,Cal83,True,IR
ir070923.0301,Cal 83,05:43:28.1,-68:22:17,2007-09-24,06:45:04.4,2454367.7813,30.0,1.52,J,J,,,,missingreplog_Cal83.csv,,,Data replog,,,Cal83,True,IR
ir070923.0300,Cal 83,05:43:28.1,-68:22:17,2007-09-24,06:44:18.0,2454367.7808,30.1,1.52,J,J,,,,missingreplog_Cal83.csv,,,Data replog,,,Cal83,True,IR
ir070923.0299,Cal 83,05:43:28.2,-68:22:17,2007-09-24,06:43:31.5,2454367.7802,30.0,1.52,J,J,,,,missingreplog_Cal83.csv,,,Data replog,,,Cal83,True,IR
ir070923.0298,Cal 83,05:43:28.1,-68:22:17,2007-09-24,06:42:45.6,2454367.7797,30.0,1.52,J,J,,,,missingreplog_Cal83.csv,,,Data replog,,,Cal83,True,IR
ir070919.0237,Cal 83,05:43:33.2,-68:22:29,2007-09-20,08:07:04.8,2454363.8383,30.0,1.38,J,J,,,,missingreplog_Cal83.csv,,,Data replog,,,Cal83,True,IR
ir070919.0235,Cal 83,05:43:33.2,-68:22:29,2007-09-20,08:05:32.6,2454363.8372,30.0,1.39,J,J,,,,missingreplog_Cal83.csv,,,Data replog,,,Cal83,True,IR
ir070917.0344,Cal 83,05:43:26.2,-68:22:27,2007-09-18,08:09:41.7,2454361.8401,30.0,1.39,J,J,,,,missingreplog_Cal83.csv,,,Data replog,,,Cal83,True,IR
ir070917.0358,Cal 83,05:43:26.6,-68:22:25,2007-09-18,08:25:48.7,2454361.8513,30.1,1.37,J,J,,,,missingreplog_Cal83.csv,,,Data replog,,,Cal83,True,IR
ir070917.0369,Cal 83,05:43:27.2,-68:22:25,2007-09-18,08:35:01.0,2454361.8577,30.0,1.35,J,J,,,,missingreplog_Cal83.csv,,,Data replog,,,Cal83,True,IR
ir070917.0368,Cal 83,05:43:27.2,-68:22:25,2007-09-18,08:34:15.2,2454361.8571,30.0,1.35,J,J,,,,missingreplog_Cal83.csv,,,Data replog,,,Cal83,True,IR
ir070917.0367,Cal 83,05:43:27.1,-68:22:26,2007-09-18,08:33:29.1,2454361.8566,30.1,1.36,J,J,,,,missingreplog_Cal83.csv,,,Data replog,,,Cal83,True,IR
ir070917.0366,Cal 83,05:43:27.1,-68:22:25,2007-09-18,08:32:43.0,2454361.8561,30.0,1.36,J,J,,,,missingreplog_Cal83.csv,,,Data replog,,,Cal83,True,IR
ir070917.0365,Cal 83,05:43:27.0,-68:22:25,2007-09-18,08:31:57.0,2454361.8555,30.0,1.36,J,J,,,,missingreplog_Cal83.csv,,,Data replog,,,Cal83,True,IR
ir070917.0364,Cal 83,05:43:26.9,-68:22:25,2007-09-18,08:31:10.6,2454361.855,30.0,1.36,J,J,,,,missingreplog_Cal83.csv,,,Data replog,,,Cal83,True,IR
ir070917.0363,Cal 83,05:43:26.9,-68:22:25,2007-09-18,08:30:24.3,2454361.8544,30.0,1.36,J,J,,,,missingreplog_Cal83.csv,,,Data replog,,,Cal83,True,IR
ir070917.0362,Cal 83,05:43:26.8,-68:22:25,2007-09-18,08:29:38.5,2454361.8539,30.1,1.36,J,J,,,,missingreplog_Cal83.csv,,,Data replog,,,Cal83,True,IR
ir070917.0361,Cal 83,05:43:26.7,-68:22:25,2007-09-18,08:28:16.3,2454361.853,30.1,1.36,J,J,,,,missingreplog_Cal83.csv,,,Data replog,,,Cal83,True,IR
ir070917.0360,Cal 83,05:43:26.7,-68:22:25,2007-09-18,08:27:30.5,2454361.8524,30.0,1.36,J,J,,,,missingreplog_Cal83.csv,,,Data replog,,,Cal83,True,IR
ir070917.0359,Cal 83,05:43:26.6,-68:22:25,2007-09-18,08:25:48.7,2454361.8513,30.1,1.37,J,J,,,,missingreplog_Cal83.csv,,,Data replog,,,Cal83,True,IR
ir070917.0357,Cal 83,05:43:26.5,-68:22:25,2007-09-18,08:25:02.6,2454361.8507,30.0,1.37,J,J,,,,missingreplog_Cal83.csv,,,Data replog,,,Cal83,True,IR
ir070919.0234,Cal 83,05:43:33.2,-68:22:29,2007-09-20,08:04:46.4,2454363.8366,30.0,1.39,J,J,,,,missingreplog_Cal83.csv,,,Data replog,,,Cal83,True,IR
ir070917.0356,Cal 83,05:43:26.5,-68:22:25,2007-09-18,08:24:16.3,2454361.8502,30.1,1.37,J,J,,,,missingreplog_Cal83.csv,,,Data replog,,,Cal83,True,IR
ir070917.0355,Cal 83,05:43:26.4,-68:22:25,2007-09-18,08:23:30.1,2454361.8497,30.1,1.37,J,J,,,,missingreplog_Cal83.csv,,,Data replog,,,Cal83,True,IR
ir070917.0354,Cal 83,05:43:26.4,-68:22:25,2007-09-18,08:22:44.0,2454361.8491,30.0,1.37,J,J,,,,missingreplog_Cal83.csv,,,Data replog,,,Cal83,True,IR
ir070917.0353,CAL 83,05:43:26.3,-68:22:26,2007-09-18,08:20:13.7,2454361.8474,25.0,1.37,K,K,,,,missingreplog_Cal83.csv,,,Data replog,,,Cal83,True,IR
ir070917.0352,CAL 83,05:43:26.2,-68:22:26,2007-09-18,08:19:03.3,2454361.8466,25.0,1.38,K,K,,,,missingreplog_Cal83.csv,,,Data replog,,,Cal83,True,IR
ir070917.0351,CAL 83,05:43:26.2,-68:22:26,2007-09-18,08:17:53.2,2454361.8458,25.0,1.38,K,K,,,,missingreplog_Cal83.csv,,,Data replog,,,Cal83,True,IR
ir070917.0350,CAL 83,05:43:26.2,-68:22:26,2007-09-18,08:15:43.5,2454361.8443,25.0,1.38,H,H,,,,missingreplog_Cal83.csv,,,Data replog,,,Cal83,True,IR
ir070917.0349,CAL 83,05:43:26.2,-68:22:26,2007-09-18,08:14:33.1,2454361.8434,25.0,1.38,H,H,,,,missingreplog_Cal83.csv,,,Data replog,,,Cal83,True,IR
ir070917.0348,CAL 83,05:43:26.2,-68:22:26,2007-09-18,08:13:23.0,2454361.8426,25.0,1.39,H,H,,,,missingreplog_Cal83.csv,,,Data replog,,,Cal83,True,IR
ir070917.0347,Cal 83,05:43:26.2,-68:22:27,2007-09-18,08:11:59.9,2454361.8417,30.0,1.39,J,J,,,,missingreplog_Cal83.csv,,,Data replog,,,Cal83,True,IR
ir070917.0346,Cal 83,05:43:26.1,-68:22:26,2007-09-18,08:11:14.0,2454361.8411,30.0,1.39,J,J,,,,missingreplog_Cal83.csv,,,Data replog,,,Cal83,True,IR
ir070918.0293,Cal 83,05:43:26.9,-68:22:12,2007-09-19,07:48:04.3,2454362.8251,30.0,1.42,J,J,,,,missingreplog_Cal83.csv,,,Data replog,,,Cal83,True,IR
ir070918.0294,Cal 83,05:43:27.0,-68:22:12,2007-09-19,07:48:50.4,2454362.8256,30.1,1.42,J,J,,,,missingreplog_Cal83.csv,,,Data replog,,,Cal83,True,IR
ir070918.0295,Cal 83,05:43:27.0,-68:22:12,2007-09-19,07:49:36.8,2454362.8261,30.1,1.42,J,J,,,,missingreplog_Cal83.csv,,,Data replog,,,Cal83,True,IR
ir070918.0296,Cal 83,05:43:27.0,-68:22:12,2007-09-19,07:49:36.8,2454362.8261,30.0,1.42,J,J,,,,missingreplog_Cal83.csv,,,Data replog,,,Cal83,True,IR
ir070919.0233,Cal 83,05:43:33.2,-68:22:29,2007-09-20,08:04:00.4,2454363.8361,30.1,1.39,J,J,,,,missingreplog_Cal83.csv,,,Data replog,,,Cal83,True,IR
ir070919.0232,Cal 83,05:43:33.2,-68:22:29,2007-09-20,08:03:14.2,2454363.8356,30.1,1.39,J,J,,,,missingreplog_Cal83.csv,,,Data replog,,,Cal83,True,IR
ir070919.0231,Cal 83,05:43:33.2,-68:22:29,2007-09-20,08:02:28.1,2454363.835,30.0,1.39,J,J,,,,missingreplog_Cal83.csv,,,Data replog,,,Cal83,True,IR
ir070919.0230,Cal 83,05:43:33.2,-68:22:29,2007-09-20,08:00:56.3,2454363.834,30.1,1.39,J,J,,,,missingreplog_Cal83.csv,,,Data replog,,,Cal83,True,IR
ir070919.0229,Cal 83,05:43:33.2,-68:22:29,2007-09-20,08:00:10.4,2454363.8335,30.0,1.39,J,J,,,,missingreplog_Cal83.csv,,,Data replog,,,Cal83,True,IR
ir070919.0228,Cal 83,05:43:33.2,-68:22:29,2007-09-20,07:59:24.2,2454363.8329,30.1,1.4,J,J,,,,missingreplog_Cal83.csv,,,Data replog,,,Cal83,True,IR
ir070919.0227,Cal 83,05:43:33.2,-68:22:29,2007-09-20,07:58:38.0,2454363.8324,30.1,1.4,J,J,,,,missingreplog_Cal83.csv,,,Data replog,,,Cal83,True,IR
ir070919.0226,Cal 83,05:43:33.2,-68:22:29,2007-09-20,07:57:51.8,2454363.8319,30.0,1.4,J,J,,,,missingreplog_Cal83.csv,,,Data replog,,,Cal83,True,IR
ir070919.0225,Cal 83,05:43:33.3,-68:22:30,2007-09-20,07:57:05.6,2454363.8313,30.1,1.4,J,J,,,,missingreplog_Cal83.csv,,,Data replog,,,Cal83,True,IR
ir070919.0224,Cal 83,05:43:33.3,-68:22:30,2007-09-20,07:56:19.4,2454363.8308,30.0,1.4,J,J,,,,missingreplog_Cal83.csv,,,Data replog,,,Cal83,True,IR
ir070919.0223,Cal 83,05:43:33.3,-68:22:30,2007-09-20,07:55:33.2,2454363.8303,30.0,1.4,J,J,,,,missingreplog_Cal83.csv,,,Data replog,,,Cal83,True,IR
ir070918.0308,Cal 83,05:43:27.0,-68:22:12,2007-09-19,08:00:22.6,2454362.8336,30.0,1.4,J,J,,,,missingreplog_Cal83.csv,,,Data replog,,,Cal83,True,IR
ir070918.0307,Cal 83,05:43:27.0,-68:22:12,2007-09-19,07:59:36.8,2454362.8331,30.0,1.4,J,J,,,,missingreplog_Cal83.csv,,,Data replog,,,Cal83,True,IR
ir070918.0306,Cal 83,05:43:27.0,-68:22:12,2007-09-19,07:58:50.5,2454362.8325,30.0,1.4,J,J,,,,missingreplog_Cal83.csv,,,Data replog,,,Cal83,True,IR
ir070918.0305,Cal 83,05:43:27.0,-68:22:12,2007-09-19,07:58:04.3,2454362.832,30.1,1.4,J,J,,,,missingreplog_Cal83.csv,,,Data replog,,,Cal83,True,IR
ir070918.0304,Cal 83,05:43:27.0,-68:22:12,2007-09-19,07:57:18.5,2454362.8315,30.0,1.41,J,J,,,,missingreplog_Cal83.csv,,,Data replog,,,Cal83,True,IR
ir070918.0303,Cal 83,05:43:27.0,-68:22:12,2007-09-19,07:56:32.3,2454362.8309,30.1,1.41,J,J,,,,missingreplog_Cal83.csv,,,Data replog,,,Cal83,True,IR
ir070918.0302,Cal 83,05:43:27.0,-68:22:12,2007-09-19,07:55:46.0,2454362.8304,30.0,1.41,J,J,,,,missingreplog_Cal83.csv,,,Data replog,,,Cal83,True,IR
ir070918.0301,Cal 83,05:43:27.0,-68:22:12,2007-09-19,07:54:59.7,2454362.8299,30.0,1.41,J,J,,,,missingreplog_Cal83.csv,,,Data replog,,,Cal83,True,IR
ir070918.0300,Cal 83,05:43:27.0,-68:22:13,2007-09-19,07:53:37.9,2454362.8289,30.1,1.41,J,J,,,,missingreplog_Cal83.csv,,,Data replog,,,Cal83,True,IR
ir070918.0299,Cal 83,05:43:27.0,-68:22:12,2007-09-19,07:52:51.5,2454362.8284,30.1,1.41,J,J,,,,missingreplog_Cal83.csv,,,Data replog,,,Cal83,True,IR
ir070918.0298,Cal 83,05:43:27.0,-68:22:12,2007-09-19,07:52:05.3,2454362.8278,30.0,1.42,J,J,,,,missingreplog_Cal83.csv,,,Data replog,,,Cal83,True,IR
ir070918.0297,Cal 83,05:43:27.0,-68:22:12,2007-09-19,07:51:18.8,2454362.8273,30.0,1.42,J,J,,,,missingreplog_Cal83.csv,,,Data replog,,,Cal83,True,IR
ir070925.0354,Cal 83,05:43:34.4,-68:22:17,2007-09-26,08:10:15.7,2454369.8405,30.0,1.35,J,J,,,,missingreplog_Cal83.csv,,,Data replog,,,Cal83,True,IR
ir070925.0355,Cal 83,05:43:34.4,-68:22:17,2007-09-26,08:11:02.2,2454369.841,30.1,1.34,J,J,,,,missingreplog_Cal83.csv,,,Data replog,,,Cal83,True,IR
ir070925.0356,Cal 83,05:43:34.4,-68:22:17,2007-09-26,08:11:48.6,2454369.8415,30.0,1.34,J,J,,,,missingreplog_Cal83.csv,,,Data replog,,,Cal83,True,IR
ir071002.0296,CAL 83,05:43:30.9,-68:22:09,2007-10-03,07:26:42.1,2454376.8102,25.0,1.37,H,H,,,,missingreplog_Cal83.csv,,,Data replog,,,Cal83,True,IR
ir071002.0307,Cal 83,05:43:31.7,-68:22:08,2007-10-03,07:41:56.2,2454376.8208,30.0,1.35,J,J,,,,missingreplog_Cal83.csv,,,Data replog,,,Cal83,True,IR
ir071002.0306,Cal 83,05:43:31.7,-68:22:08,2007-10-03,07:41:56.2,2454376.8208,30.1,1.35,J,J,,,,missingreplog_Cal83.csv,,,Data replog,,,Cal83,True,IR
ir071002.0305,Cal 83,05:43:31.7,-68:22:09,2007-10-03,07:41:10.0,2454376.8203,30.0,1.35,J,J,,,,missingreplog_Cal83.csv,,,Data replog,,,Cal83,True,IR
ir071002.0304,CAL 83,05:43:31.6,-68:22:09,2007-10-03,07:38:55.5,2454376.8187,25.0,1.35,J,J,,,,missingreplog_Cal83.csv,,,Data replog,,,Cal83,True,IR
ir071002.0303,CAL 83,05:43:31.5,-68:22:09,2007-10-03,07:37:45.0,2454376.8179,25.0,1.35,J,J,,,,missingreplog_Cal83.csv,,,Data replog,,,Cal83,True,IR
ir071002.0302,CAL 83,05:43:31.5,-68:22:09,2007-10-03,07:36:34.8,2454376.8171,25.0,1.35,J,J,,,,missingreplog_Cal83.csv,,,Data replog,,,Cal83,True,IR
ir071002.0301,CAL 83,05:43:31.3,-68:22:08,2007-10-03,07:33:36.2,2454376.815,25.0,1.36,K,K,,,,missingreplog_Cal83.csv,,,Data replog,,,Cal83,True,IR
ir071002.0300,CAL 83,05:43:31.2,-68:22:09,2007-10-03,07:32:25.4,2454376.8142,25.1,1.36,K,K,,,,missingreplog_Cal83.csv,,,Data replog,,,Cal83,True,IR
ir071002.0299,CAL 83,05:43:31.1,-68:22:09,2007-10-03,07:31:15.2,2454376.8134,25.1,1.36,K,K,,,,missingreplog_Cal83.csv,,,Data replog,,,Cal83,True,IR
ir071002.0298,CAL 83,05:43:31.0,-68:22:08,2007-10-03,07:29:02.6,2454376.8118,25.1,1.36,H,H,,,,missingreplog_Cal83.csv,,,Data replog,,,Cal83,True,IR
ir071002.0297,CAL 83,05:43:31.0,-68:22:08,2007-10-03,07:27:52.3,2454376.811,25.0,1.37,H,H,,,,missingreplog_Cal83.csv,,,Data replog,,,Cal83,True,IR
ir071002.0295,CAL 83,05:43:30.8,-68:22:08,2007-10-03,07:24:28.9,2454376.8087,25.0,1.37,J,J,,,,missingreplog_Cal83.csv,,,Data replog,,,Cal83,True,IR
ir070925.0357,Cal 83,05:43:34.4,-68:22:17,2007-09-26,08:12:34.8,2454369.8421,30.1,1.34,J,J,,,,missingreplog_Cal83.csv,,,Data replog,,,Cal83,True,IR
ir071002.0294,CAL 83,05:43:30.8,-68:22:09,2007-10-03,07:23:18.3,2454376.8078,25.1,1.37,J,J,,,,missingreplog_Cal83.csv,,,Data replog,,,Cal83,True,IR
ir071002.0293,CAL 83,05:43:30.8,-68:22:09,2007-10-03,07:22:08.1,2454376.807,25.0,1.37,J,J,,,,missingreplog_Cal83.csv,,,Data replog,,,Cal83,True,IR
ir071002.0292,CAL 83,05:43:30.8,-68:22:09,2007-10-03,07:19:55.3,2454376.8055,25.0,1.38,J,J,,,,missingreplog_Cal83.csv,,,Data replog,,,Cal83,True,IR
ir071002.0291,CAL 83,05:43:30.8,-68:22:09,2007-10-03,07:18:44.3,2454376.8047,25.1,1.38,J,J,,,,missingreplog_Cal83.csv,,,Data replog,,,Cal83,True,IR
ir071002.0290,CAL 83,05:43:30.8,-68:22:09,2007-10-03,07:17:34.0,2454376.8039,25.0,1.38,J,J,,,,missingreplog_Cal83.csv,,,Data replog,,,Cal83,True,IR
ir071001.0329,CAL 83,05:43:29.4,-68:22:14,2007-10-02,08:07:39.5,2454375.8386,25.1,1.32,K,K,,,,missingreplog_Cal83.csv,,,Data replog,,,Cal83,True,IR
ir071001.0328,CAL 83,05:43:29.3,-68:22:13,2007-10-02,08:06:29.0,2454375.8378,25.0,1.32,K,K,,,,missingreplog_Cal83.csv,,,Data replog,,,Cal83,True,IR
ir071001.0327,CAL 83,05:43:29.2,-68:22:13,2007-10-02,08:05:18.7,2454375.837,25.0,1.32,K,K,,,,missingreplog_Cal83.csv,,,Data replog,,,Cal83,True,IR
ir071001.0326,CAL 83,05:43:29.2,-68:22:13,2007-10-02,08:03:06.9,2454375.8355,25.0,1.33,H,H,,,,missingreplog_Cal83.csv,,,Data replog,,,Cal83,True,IR
ir071001.0325,CAL 83,05:43:29.1,-68:22:13,2007-10-02,08:01:56.3,2454375.8347,25.0,1.33,H,H,,,,missingreplog_Cal83.csv,,,Data replog,,,Cal83,True,IR
ir071001.0324,CAL 83,05:43:29.1,-68:22:13,2007-10-02,08:00:46.3,2454375.8339,25.0,1.33,H,H,,,,missingreplog_Cal83.csv,,,Data replog,,,Cal83,True,IR
ir071002.0308,Cal 83,05:43:31.8,-68:22:08,2007-10-03,07:43:38.5,2454376.822,30.0,1.34,J,J,,,,missingreplog_Cal83.csv,,,Data replog,,,Cal83,True,IR
ir071002.0309,Cal 83,05:43:31.8,-68:22:08,2007-10-03,07:44:24.7,2454376.8225,30.1,1.34,J,J,,,,missingreplog_Cal83.csv,,,Data replog,,,Cal83,True,IR
ir071002.0310,Cal 83,05:43:31.8,-68:22:08,2007-10-03,07:45:11.0,2454376.823,30.1,1.34,J,J,,,,missingreplog_Cal83.csv,,,Data replog,,,Cal83,True,IR
ir071002.0311,Cal 83,05:43:31.9,-68:22:08,2007-10-03,07:45:57.2,2454376.8236,30.0,1.34,J,J,,,,missingreplog_Cal83.csv,,,Data replog,,,Cal83,True,IR
ir071007.0194,Cal 83,05:43:28.1,-68:22:15,2007-10-08,05:34:43.6,2454381.7325,30.1,1.56,J,J,,,,missingreplog_Cal83.csv,,,Data replog,,,Cal83,True,IR
ir071007.0193,Cal 83,05:43:28.1,-68:22:15,2007-10-08,05:33:57.1,2454381.7319,30.0,1.56,J,J,,,,missingreplog_Cal83.csv,,,Data replog,,,Cal83,True,IR
ir071007.0192,Cal 83,05:43:28.0,-68:22:15,2007-10-08,05:33:10.4,2454381.7314,30.0,1.56,J,J,,,,missingreplog_Cal83.csv,,,Data replog,,,Cal83,True,IR
ir071007.0191,Cal 83,05:43:28.0,-68:22:15,2007-10-08,05:32:23.9,2454381.7308,30.0,1.57,J,J,,,,missingreplog_Cal83.csv,,,Data replog,,,Cal83,True,IR
ir071007.0190,Cal 83,05:43:28.0,-68:22:15,2007-10-08,05:31:37.2,2454381.7303,30.0,1.57,J,J,,,,missingreplog_Cal83.csv,,,Data replog,,,Cal83,True,IR
ir071007.0189,Cal 83,05:43:27.9,-68:22:15,2007-10-08,05:30:50.3,2454381.7297,30.0,1.57,J,J,,,,missingreplog_Cal83.csv,,,Data replog,,,Cal83,True,IR
ir071007.0188,Cal 83,05:43:27.9,-68:22:16,2007-10-08,05:30:03.9,2454381.7292,30.1,1.57,J,J,,,,missingreplog_Cal83.csv,,,Data replog,,,Cal83,True,IR
ir071007.0187,Cal 83,05:43:27.8,-68:22:15,2007-10-08,05:29:17.3,2454381.7287,30.1,1.58,J,J,,,,missingreplog_Cal83.csv,,,Data replog,,,Cal83,True,IR
ir071007.0186,CAL 83,05:43:27.7,-68:22:16,2007-10-08,05:27:02.3,2454381.7271,25.1,1.58,J,J,,,,missingreplog_Cal83.csv,,,Data replog,,,Cal83,True,IR
ir071007.0185,CAL 83,05:43:27.6,-68:22:16,2007-10-08,05:25:51.3,2454381.7263,25.1,1.59,J,J,,,,missingreplog_Cal83.csv,,,Data replog,,,Cal83,True,IR
ir071007.0184,CAL 83,05:43:27.6,-68:22:16,2007-10-08,05:24:40.7,2454381.7255,25.0,1.59,J,J,,,,missingreplog_Cal83.csv,,,Data replog,,,Cal83,True,IR
ir071004.0297,Cal 83,05:43:37.1,-68:22:17,2007-10-05,08:17:11.1,2454378.8453,30.0,1.3,J,J,,,,missingreplog_Cal83.csv,,,Data replog,,,Cal83,True,IR
ir071004.0296,Cal 83,05:43:37.1,-68:22:17,2007-10-05,08:16:25.1,2454378.8447,30.1,1.3,J,J,,,,missingreplog_Cal83.csv,,,Data replog,,,Cal83,True,IR
ir071004.0295,Cal 83,05:43:37.1,-68:22:17,2007-10-05,08:15:38.8,2454378.8442,30.0,1.3,J,J,,,,missingreplog_Cal83.csv,,,Data replog,,,Cal83,True,IR
ir071004.0294,Cal 83,05:43:37.1,-68:22:17,2007-10-05,08:14:52.4,2454378.8437,30.0,1.31,J,J,,,,missingreplog_Cal83.csv,,,Data replog,,,Cal83,True,IR
ir071004.0293,Cal 83,05:43:37.2,-68:22:17,2007-10-05,08:14:06.1,2454378.8431,30.1,1.31,J,J,,,,missingreplog_Cal83.csv,,,Data replog,,,Cal83,True,IR
ir071004.0292,Cal 83,05:43:37.2,-68:22:17,2007-10-05,08:13:19.9,2454378.8426,30.1,1.31,J,J,,,,missingreplog_Cal83.csv,,,Data replog,,,Cal83,True,IR
ir071004.0291,Cal 83,05:43:37.3,-68:22:17,2007-10-05,08:12:33.5,2454378.8421,30.1,1.31,J,J,,,,missingreplog_Cal83.csv,,,Data replog,,,Cal83,True,IR
ir071004.0290,Cal 83,05:43:37.3,-68:22:17,2007-10-05,08:11:47.4,2454378.8415,30.0,1.31,J,J,,,,missingreplog_Cal83.csv,,,Data replog,,,Cal83,True,IR
ir071004.0289,CAL 83,05:43:37.4,-68:22:18,2007-10-05,08:09:33.6,2454378.84,25.1,1.31,J,J,,,,missingreplog_Cal83.csv,,,Data replog,,,Cal83,True,IR
ir071004.0288,CAL 83,05:43:37.4,-68:22:18,2007-10-05,08:08:22.9,2454378.8391,25.1,1.31,J,J,,,,missingreplog_Cal83.csv,,,Data replog,,,Cal83,True,IR
ir071004.0287,CAL 83,05:43:37.4,-68:22:18,2007-10-05,08:07:12.4,2454378.8383,25.1,1.31,J,J,,,,missingreplog_Cal83.csv,,,Data replog,,,Cal83,True,IR
ir071002.0312,Cal 83,05:43:31.9,-68:22:08,2007-10-03,07:46:43.2,2454376.8241,30.1,1.34,J,J,,,,missingreplog_Cal83.csv,,,Data replog,,,Cal83,True,IR
ir071001.0323,Cal 83,05:43:29.0,-68:22:13,2007-10-02,07:59:11.9,2454375.8328,30.1,1.33,J,J,,,,missingreplog_Cal83.csv,,,Data replog,,,Cal83,True,IR
ir071001.0322,Cal 83,05:43:29.0,-68:22:13,2007-10-02,07:58:25.9,2454375.8322,30.0,1.33,J,J,,,,missingreplog_Cal83.csv,,,Data replog,,,Cal83,True,IR
ir071001.0321,Cal 83,05:43:29.0,-68:22:13,2007-10-02,07:57:39.7,2454375.8317,30.0,1.33,J,J,,,,missingreplog_Cal83.csv,,,Data replog,,,Cal83,True,IR
ir070927.0285,Cal 83,05:24:11.3,-24:28:54,2007-09-28,07:28:38.1,2454371.8116,30.0,1.15,J,J,,,,missingreplog_Cal83.csv,,,Data replog,,,Cal83,True,IR
ir070927.0283,Cal 83,05:24:11.2,-24:28:55,2007-09-28,07:26:55.3,2454371.8104,30.0,1.16,J,J,,,,missingreplog_Cal83.csv,,,Data replog,,,Cal83,True,IR
ir070927.0282,Cal 83,05:24:11.2,-24:28:55,2007-09-28,07:26:55.3,2454371.8104,30.0,1.16,J,J,,,,missingreplog_Cal83.csv,,,Data replog,,,Cal83,True,IR
ir070927.0281,Cal 83,05:24:11.2,-24:28:55,2007-09-28,07:26:08.7,2454371.8098,30.0,1.16,J,J,,,,missingreplog_Cal83.csv,,,Data replog,,,Cal83,True,IR
ir070927.0280,Cal 83,05:24:11.2,-24:28:55,2007-09-28,07:25:22.4,2454371.8093,30.0,1.16,J,J,,,,missingreplog_Cal83.csv,,,Data replog,,,Cal83,True,IR
ir070927.0279,Cal 83,05:24:11.2,-24:28:55,2007-09-28,07:24:17.7,2454371.8085,30.1,1.16,J,J,,,,missingreplog_Cal83.csv,,,Data replog,,,Cal83,True,IR
ir070927.0278,Cal 83,05:24:11.1,-24:28:55,2007-09-28,07:23:31.5,2454371.808,30.0,1.17,J,J,,,,missingreplog_Cal83.csv,,,Data replog,,,Cal83,True,IR
ir070927.0277,Cal 83,05:24:11.1,-24:28:55,2007-09-28,07:21:48.9,2454371.8068,30.1,1.17,J,J,,,,missingreplog_Cal83.csv,,,Data replog,,,Cal83,True,IR
ir070927.0276,Cal 83,05:24:11.1,-24:28:55,2007-09-28,07:21:48.9,2454371.8068,30.0,1.17,J,J,,,,missingreplog_Cal83.csv,,,Data replog,,,Cal83,True,IR
ir070927.0275,Cal 83,05:24:11.1,-24:28:55,2007-09-28,07:21:02.3,2454371.8063,30.1,1.17,J,J,,,,missingreplog_Cal83.csv,,,Data replog,,,Cal83,True,IR
ir070927.0274,Cal 83,05:24:11.1,-24:28:56,2007-09-28,07:18:23.8,2454371.8045,30.0,1.18,J,J,,,,missingreplog_Cal83.csv,,,Data replog,,,Cal83,True,IR
ir070927.0273,Cal 83,05:24:11.1,-24:28:56,2007-09-28,07:18:23.8,2454371.8045,30.0,1.18,J,J,,,,missingreplog_Cal83.csv,,,Data replog,,,Cal83,True,IR
ir070927.0272,Cal 83,05:24:11.1,-24:28:56,2007-09-28,07:18:23.8,2454371.8045,30.1,1.18,J,J,,,,missingreplog_Cal83.csv,,,Data replog,,,Cal83,True,IR
ir070925.0368,Cal 83,05:43:34.9,-68:22:17,2007-09-26,08:21:57.8,2454369.8486,30.1,1.33,J,J,,,,missingreplog_Cal83.csv,,,Data replog,,,Cal83,True,IR
ir070925.0367,Cal 83,05:43:34.8,-68:22:17,2007-09-26,08:21:11.6,2454369.8481,30.1,1.33,J,J,,,,missingreplog_Cal83.csv,,,Data replog,,,Cal83,True,IR
ir070925.0366,Cal 83,05:43:34.8,-68:22:17,2007-09-26,08:20:25.3,2454369.8475,30.0,1.33,J,J,,,,missingreplog_Cal83.csv,,,Data replog,,,Cal83,True,IR
ir070925.0365,Cal 83,05:43:34.7,-68:22:17,2007-09-26,08:19:39.2,2454369.847,30.0,1.33,J,J,,,,missingreplog_Cal83.csv,,,Data replog,,,Cal83,True,IR
ir070925.0364,Cal 83,05:43:34.7,-68:22:17,2007-09-26,08:18:53.1,2454369.8465,30.0,1.34,J,J,,,,missingreplog_Cal83.csv,,,Data replog,,,Cal83,True,IR
ir070925.0363,Cal 83,05:43:34.6,-68:22:17,2007-09-26,08:17:10.6,2454369.8453,30.0,1.34,J,J,,,,missingreplog_Cal83.csv,,,Data replog,,,Cal83,True,IR
ir070925.0362,Cal 83,05:43:34.6,-68:22:17,2007-09-26,08:17:10.6,2454369.8453,30.0,1.34,J,J,,,,missingreplog_Cal83.csv,,,Data replog,,,Cal83,True,IR
ir070925.0361,Cal 83,05:43:34.6,-68:22:17,2007-09-26,08:16:24.4,2454369.8447,30.0,1.34,J,J,,,,missingreplog_Cal83.csv,,,Data replog,,,Cal83,True,IR
ir070925.0360,Cal 83,05:43:34.5,-68:22:17,2007-09-26,08:14:53.8,2454369.8437,30.0,1.34,J,J,,,,missingreplog_Cal83.csv,,,Data replog,,,Cal83,True,IR
ir070925.0359,Cal 83,05:43:34.5,-68:22:17,2007-09-26,08:14:07.8,2454369.8432,30.1,1.34,J,J,,,,missingreplog_Cal83.csv,,,Data replog,,,Cal83,True,IR
ir070925.0358,Cal 83,05:43:34.4,-68:22:17,2007-09-26,08:13:21.3,2454369.8426,30.0,1.34,J,J,,,,missingreplog_Cal83.csv,,,Data replog,,,Cal83,True,IR
ir070927.0284,Cal 83,05:24:11.3,-24:28:54,2007-09-28,07:28:38.1,2454371.8116,30.1,1.15,J,J,,,,missingreplog_Cal83.csv,,,Data replog,,,Cal83,True,IR
ir070927.0286,Cal 83,05:24:11.3,-24:28:54,2007-09-28,07:30:20.6,2454371.8127,30.0,1.15,J,J,,,,missingreplog_Cal83.csv,,,Data replog,,,Cal83,True,IR
ir071001.0320,Cal 83,05:43:28.9,-68:22:13,2007-10-02,07:56:53.4,2454375.8312,30.0,1.33,J,J,,,,missingreplog_Cal83.csv,,,Data replog,,,Cal83,True,IR
ir070927.0287,Cal 83,05:24:11.3,-24:28:54,2007-09-28,07:31:06.7,2454371.8133,30.0,1.15,J,J,,,,missingreplog_Cal83.csv,,,Data replog,,,Cal83,True,IR
ir071001.0319,Cal 83,05:43:28.9,-68:22:13,2007-10-02,07:56:07.2,2454375.8306,30.1,1.33,J,J,,,,missingreplog_Cal83.csv,,,Data replog,,,Cal83,True,IR
ir071001.0318,Cal 83,05:43:28.9,-68:22:12,2007-10-02,07:55:20.9,2454375.8301,30.0,1.34,J,J,,,,missingreplog_Cal83.csv,,,Data replog,,,Cal83,True,IR
ir071001.0317,Cal 83,05:43:28.8,-68:22:12,2007-10-02,07:54:34.6,2454375.8296,30.1,1.34,J,J,,,,missingreplog_Cal83.csv,,,Data replog,,,Cal83,True,IR
ir071001.0316,Cal 83,05:43:28.8,-68:22:13,2007-10-02,07:53:48.4,2454375.829,30.0,1.34,J,J,,,,missingreplog_Cal83.csv,,,Data replog,,,Cal83,True,IR
ir071001.0315,CAL 83,05:43:28.8,-68:22:13,2007-10-02,07:51:33.7,2454375.8275,25.1,1.34,J,J,,,,missingreplog_Cal83.csv,,,Data replog,,,Cal83,True,IR
ir071001.0314,CAL 83,05:43:28.8,-68:22:13,2007-10-02,07:50:23.3,2454375.8267,25.1,1.34,J,J,,,,missingreplog_Cal83.csv,,,Data replog,,,Cal83,True,IR
ir071001.0313,CAL 83,05:43:28.8,-68:22:13,2007-10-02,07:49:13.2,2454375.8259,25.0,1.34,J,J,,,,missingreplog_Cal83.csv,,,Data replog,,,Cal83,True,IR
ir070929.0302,Cal 83,05:43:28.2,-68:22:20,2007-09-30,07:18:54.2,2454373.8048,30.0,1.4,J,J,,,,missingreplog_Cal83.csv,,,Data replog,,,Cal83,True,IR
ir070929.0301,Cal 83,05:43:28.3,-68:22:20,2007-09-30,07:18:08.0,2454373.8043,30.0,1.4,J,J,,,,missingreplog_Cal83.csv,,,Data replog,,,Cal83,True,IR
ir070929.0300,Cal 83,05:43:28.3,-68:22:20,2007-09-30,07:17:21.5,2454373.8037,30.0,1.4,J,J,,,,missingreplog_Cal83.csv,,,Data replog,,,Cal83,True,IR
ir070929.0299,Cal 83,05:43:28.3,-68:22:19,2007-09-30,07:16:35.0,2454373.8032,30.0,1.4,J,J,,,,missingreplog_Cal83.csv,,,Data replog,,,Cal83,True,IR
ir070929.0298,Cal 83,05:43:28.3,-68:22:20,2007-09-30,07:15:49.0,2454373.8026,30.0,1.4,J,J,,,,missingreplog_Cal83.csv,,,Data replog,,,Cal83,True,IR
ir070929.0297,Cal 83,05:43:28.3,-68:22:20,2007-09-30,07:15:02.3,2454373.8021,30.0,1.4,J,J,,,,missingreplog_Cal83.csv,,,Data replog,,,Cal83,True,IR
ir070929.0296,Cal 83,05:43:28.3,-68:22:20,2007-09-30,07:14:16.0,2454373.8016,30.1,1.41,J,J,,,,missingreplog_Cal83.csv,,,Data replog,,,Cal83,True,IR
ir070929.0295,Cal 83,05:43:28.3,-68:22:21,2007-09-30,07:13:29.8,2454373.801,30.0,1.41,J,J,,,,missingreplog_Cal83.csv,,,Data replog,,,Cal83,True,IR
ir070929.0294,Cal 83,05:43:28.3,-68:22:21,2007-09-30,07:12:07.1,2454373.8001,30.1,1.41,J,J,,,,missingreplog_Cal83.csv,,,Data replog,,,Cal83,True,IR
ir070929.0293,Cal 83,05:43:28.3,-68:22:21,2007-09-30,07:11:20.9,2454373.7996,30.0,1.41,J,J,,,,missingreplog_Cal83.csv,,,Data replog,,,Cal83,True,IR
ir070929.0292,Cal 83,05:43:28.4,-68:22:21,2007-09-30,07:10:34.6,2454373.799,30.0,1.41,J,J,,,,missingreplog_Cal83.csv,,,Data replog,,,Cal83,True,IR
ir070929.0291,Cal 83,05:43:28.4,-68:22:21,2007-09-30,07:09:48.2,2454373.7985,30.1,1.41,J,J,,,,missingreplog_Cal83.csv,,,Data replog,,,Cal83,True,IR
ir070929.0290,Cal 83,05:43:28.5,-68:22:21,2007-09-30,07:09:02.1,2454373.7979,30.1,1.41,J,J,,,,missingreplog_Cal83.csv,,,Data replog,,,Cal83,True,IR
ir070929.0289,Cal 83,05:43:28.6,-68:22:21,2007-09-30,07:07:19.3,2454373.7968,30.0,1.42,J,J,,,,missingreplog_Cal83.csv,,,Data replog,,,Cal83,True,IR
ir070929.0288,Cal 83,05:43:28.6,-68:22:21,2007-09-30,07:07:19.3,2454373.7968,30.0,1.42,J,J,,,,missingreplog_Cal83.csv,,,Data replog,,,Cal83,True,IR
ir070929.0287,Cal 83,05:43:28.6,-68:22:21,2007-09-30,07:06:33.1,2454373.7962,30.1,1.42,J,J,,,,missingreplog_Cal83.csv,,,Data replog,,,Cal83,True,IR
ir070917.0345,Cal 83,05:43:26.2,-68:22:27,2007-09-18,08:10:27.9,2454361.8406,30.0,1.39,J,J,,,,missingreplog_Cal83.csv,,,Data replog,,,Cal83,True,IR
ir070917.0343,Cal 83,05:43:26.2,-68:22:27,2007-09-18,08:08:55.9,2454361.8395,30.0,1.39,J,J,,,,missingreplog_Cal83.csv,,,Data replog,,,Cal83,True,IR
ir070426.0010,CAL 83,05:43:25.6,-68:22:27,2007-04-26,23:53:02,2454217.4952,25.0,1.56,J,J,,,,missingreplog_Cal83.csv,,,Data replog,,,Cal83,True,IR
ir070830.0347,Cal 83,05:43:25.5,-68:22:24,2007-08-31,07:30:32.1,2454343.8129,30.0,1.67,J,J,,,,missingreplog_Cal83.csv,,,Data replog,,,Cal83,True,IR
ir070830.0358,Cal 83,05:43:26.0,-68:22:23,2007-08-31,07:39:45.1,2454343.8193,30.1,1.63,J,J,,,,missingreplog_Cal83.csv,,,Data replog,,,Cal83,True,IR
ir070830.0357,Cal 83,05:43:25.9,-68:22:24,2007-08-31,07:38:58.9,2454343.8187,30.0,1.64,J,J,,,,missingreplog_Cal83.csv,,,Data replog,,,Cal83,True,IR
ir070830.0356,Cal 83,05:43:25.7,-68:22:24,2007-08-31,07:38:12.8,2454343.8182,30.0,1.64,J,J,,,,missingreplog_Cal83.csv,,,Data replog,,,Cal83,True,IR
ir070830.0355,Cal 83,05:43:25.8,-68:22:24,2007-08-31,07:37:26.7,2454343.8177,30.0,1.64,J,J,,,,missingreplog_Cal83.csv,,,Data replog,,,Cal83,True,IR
ir070830.0354,Cal 83,05:43:25.9,-68:22:24,2007-08-31,07:36:40.6,2454343.8171,30.0,1.64,J,J,,,,missingreplog_Cal83.csv,,,Data replog,,,Cal83,True,IR
ir070830.0353,Cal 83,05:43:25.8,-68:22:24,2007-08-31,07:35:54.3,2454343.8166,30.1,1.65,J,J,,,,missingreplog_Cal83.csv,,,Data replog,,,Cal83,True,IR
ir070830.0352,Cal 83,05:43:25.6,-68:22:24,2007-08-31,07:35:08.4,2454343.8161,30.0,1.65,J,J,,,,missingreplog_Cal83.csv,,,Data replog,,,Cal83,True,IR
ir070830.0351,Cal 83,05:43:25.7,-68:22:24,2007-08-31,07:33:36.3,2454343.815,30.0,1.65,J,J,,,,missingreplog_Cal83.csv,,,Data replog,,,Cal83,True,IR
ir070830.0350,Cal 83,05:43:25.7,-68:22:24,2007-08-31,07:32:50.3,2454343.8145,30.0,1.66,J,J,,,,missingreplog_Cal83.csv,,,Data replog,,,Cal83,True,IR
ir070830.0349,Cal 83,05:43:25.7,-68:22:24,2007-08-31,07:32:04.1,2454343.8139,30.0,1.66,J,J,,,,missingreplog_Cal83.csv,,,Data replog,,,Cal83,True,IR
ir070830.0348,Cal 83,05:43:25.6,-68:22:24,2007-08-31,07:31:18.0,2454343.8134,30.0,1.66,J,J,,,,missingreplog_Cal83.csv,,,Data replog,,,Cal83,True,IR
ir070830.0346,Cal 83,05:43:25.5,-68:22:24,2007-08-31,07:29:46.0,2454343.8123,30.0,1.67,J,J,,,,missingreplog_Cal83.csv,,,Data replog,,,Cal83,True,IR
ir070828.0385,CAL 83,05:43:34.3,-68:22:17,2007-08-29,08:21:27.5,2454341.8482,25.1,1.53,J,J,,,,missingreplog_Cal83.csv,,,Data replog,,,Cal83,True,IR
ir070830.0345,Cal 83,05:43:25.6,-68:22:24,2007-08-31,07:28:59.8,2454343.8118,30.1,1.67,J,J,,,,missingreplog_Cal83.csv,,,Data replog,,,Cal83,True,IR
ir070830.0344,Cal 83,05:43:25.7,-68:22:24,2007-08-31,07:28:13.8,2454343.8113,30.0,1.67,J,J,,,,missingreplog_Cal83.csv,,,Data replog,,,Cal83,True,IR
ir070828.0395,CAL 83,05:43:34.4,-68:22:18,2007-08-29,08:36:12.3,2454341.8585,25.1,1.5,K,K,,,,missingreplog_Cal83.csv,,,Data replog,,,Cal83,True,IR
ir070828.0394,CAL 83,05:43:34.4,-68:22:18,2007-08-29,08:35:02.0,2454341.8577,25.1,1.5,K,K,,,,missingreplog_Cal83.csv,,,Data replog,,,Cal83,True,IR
ir070828.0393,CAL 83,05:43:34.3,-68:22:18,2007-08-29,08:33:51.8,2454341.8569,25.1,1.5,K,K,,,,missingreplog_Cal83.csv,,,Data replog,,,Cal83,True,IR
ir070828.0392,CAL 83,05:43:34.4,-68:22:17,2007-08-29,08:31:41.0,2454341.8553,25.0,1.51,H,H,,,,missingreplog_Cal83.csv,,,Data replog,,,Cal83,True,IR
ir070828.0391,CAL 83,05:43:34.3,-68:22:17,2007-08-29,08:30:30.7,2454341.8545,25.1,1.51,H,H,,,,missingreplog_Cal83.csv,,,Data replog,,,Cal83,True,IR
ir070828.0390,CAL 83,05:43:34.3,-68:22:17,2007-08-29,08:29:20.4,2454341.8537,25.1,1.51,H,H,,,,missingreplog_Cal83.csv,,,Data replog,,,Cal83,True,IR
ir070828.0389,CAL 83,05:43:34.3,-68:22:17,2007-08-29,08:25:59.2,2454341.8514,25.1,1.52,J,J,,,,missingreplog_Cal83.csv,,,Data replog,,,Cal83,True,IR
ir070828.0388,CAL 83,05:43:34.3,-68:22:17,2007-08-29,08:25:59.2,2454341.8514,25.1,1.52,J,J,,,,missingreplog_Cal83.csv,,,Data replog,,,Cal83,True,IR
ir070828.0387,CAL 83,05:43:34.3,-68:22:17,2007-08-29,08:24:49.4,2454341.8506,25.1,1.52,J,J,,,,missingreplog_Cal83.csv,,,Data replog,,,Cal83,True,IR
ir070830.0359,Cal 83,05:43:26.0,-68:22:23,2007-08-31,07:40:30.8,2454343.8198,30.1,1.63,J,J,,,,missingreplog_Cal83.csv,,,Data replog,,,Cal83,True,IR
ir070902.0371,Cal 83,05:43:28.5,-68:22:20,2007-09-03,08:03:44.7,2454346.836,30.1,1.53,J,J,,,,missingreplog_Cal83.csv,,,Data replog,,,Cal83,True,IR
ir070902.0372,Cal 83,05:43:28.4,-68:22:20,2007-09-03,08:04:30.5,2454346.8365,30.1,1.53,J,J,,,,missingreplog_Cal83.csv,,,Data replog,,,Cal83,True,IR
ir070902.0373,Cal 83,05:43:28.4,-68:22:20,2007-09-03,08:05:16.6,2454346.837,30.1,1.52,J,J,,,,missingreplog_Cal83.csv,,,Data replog,,,Cal83,True,IR
ir070903.0341,Cal 83,05:43:26.7,-68:22:17,2007-09-04,08:44:58.9,2454347.8646,30.1,1.43,J,J,,,,missingreplog_Cal83.csv,,,Data replog,,,Cal83,True,IR
ir070903.0340,Cal 83,05:43:26.6,-68:22:16,2007-09-04,08:44:13.1,2454347.864,30.0,1.43,J,J,,,,missingreplog_Cal83.csv,,,Data replog,,,Cal83,True,IR
ir070903.0339,Cal 83,05:43:26.6,-68:22:17,2007-09-04,08:42:40.3,2454347.863,30.0,1.43,J,J,,,,missingreplog_Cal83.csv,,,Data replog,,,Cal83,True,IR
ir070903.0338,Cal 83,05:43:26.6,-68:22:16,2007-09-04,08:41:54.5,2454347.8624,30.0,1.43,J,J,,,,missingreplog_Cal83.csv,,,Data replog,,,Cal83,True,IR
ir070903.0337,Cal 83,05:43:26.6,-68:22:16,2007-09-04,08:41:08.6,2454347.8619,30.1,1.43,J,J,,,,missingreplog_Cal83.csv,,,Data replog,,,Cal83,True,IR
ir070903.0336,Cal 83,05:43:26.5,-68:22:17,2007-09-04,08:40:22.5,2454347.8614,30.0,1.44,J,J,,,,missingreplog_Cal83.csv,,,Data replog,,,Cal83,True,IR
ir070903.0335,Cal 83,05:43:26.5,-68:22:17,2007-09-04,08:39:36.7,2454347.8608,30.0,1.44,J,J,,,,missingreplog_Cal83.csv,,,Data replog,,,Cal83,True,IR
ir070903.0334,Cal 83,05:43:26.6,-68:22:17,2007-09-04,08:38:50.6,2454347.8603,30.0,1.44,J,J,,,,missingreplog_Cal83.csv,,,Data replog,,,Cal83,True,IR
ir070903.0333,Cal 83,05:43:26.6,-68:22:17,2007-09-04,08:38:04.6,2454347.8598,30.1,1.44,J,J,,,,missingreplog_Cal83.csv,,,Data replog,,,Cal83,True,IR
ir070903.0332,Cal 83,05:43:26.6,-68:22:17,2007-09-04,08:37:18.9,2454347.8593,30.0,1.44,J,J,,,,missingreplog_Cal83.csv,,,Data replog,,,Cal83,True,IR
ir070902.0386,Cal 83,05:43:28.1,-68:22:19,2007-09-03,08:16:01.3,2454346.8445,30.1,1.5,J,J,,,,missingreplog_Cal83.csv,,,Data replog,,,Cal83,True,IR
ir070902.0385,Cal 83,05:43:28.1,-68:22:19,2007-09-03,08:15:15.4,2454346.844,30.1,1.5,J,J,,,,missingreplog_Cal83.csv,,,Data replog,,,Cal83,True,IR
ir070902.0384,Cal 83,05:43:28.1,-68:22:19,2007-09-03,08:14:29.4,2454346.8434,30.1,1.5,J,J,,,,missingreplog_Cal83.csv,,,Data replog,,,Cal83,True,IR
ir070902.0383,Cal 83,05:43:28.0,-68:22:19,2007-09-03,08:13:43.3,2454346.8429,30.1,1.5,J,J,,,,missingreplog_Cal83.csv,,,Data replog,,,Cal83,True,IR
ir070902.0382,Cal 83,05:43:28.1,-68:22:19,2007-09-03,08:12:57.3,2454346.8424,30.1,1.5,J,J,,,,missingreplog_Cal83.csv,,,Data replog,,,Cal83,True,IR
ir070902.0381,Cal 83,05:43:28.1,-68:22:19,2007-09-03,08:12:11.0,2454346.8418,30.1,1.51,J,J,,,,missingreplog_Cal83.csv,,,Data replog,,,Cal83,True,IR
ir070902.0380,Cal 83,05:43:28.1,-68:22:19,2007-09-03,08:11:24.8,2454346.8413,30.1,1.51,J,J,,,,missingreplog_Cal83.csv,,,Data replog,,,Cal83,True,IR
ir070902.0379,Cal 83,05:43:28.1,-68:22:19,2007-09-03,08:10:38.9,2454346.8408,30.0,1.51,J,J,,,,missingreplog_Cal83.csv,,,Data replog,,,Cal83,True,IR
ir070902.0378,Cal 83,05:43:28.2,-68:22:19,2007-09-03,08:09:06.4,2454346.8397,30.0,1.51,J,J,,,,missingreplog_Cal83.csv,,,Data replog,,,Cal83,True,IR
ir070902.0377,Cal 83,05:43:28.2,-68:22:20,2007-09-03,08:08:20.3,2454346.8392,30.0,1.52,J,J,,,,missingreplog_Cal83.csv,,,Data replog,,,Cal83,True,IR
ir070902.0376,Cal 83,05:43:28.2,-68:22:20,2007-09-03,08:07:34.4,2454346.8386,30.0,1.52,J,J,,,,missingreplog_Cal83.csv,,,Data replog,,,Cal83,True,IR
ir070902.0375,Cal 83,05:43:28.3,-68:22:20,2007-09-03,08:06:48.4,2454346.8381,30.1,1.52,J,J,,,,missingreplog_Cal83.csv,,,Data replog,,,Cal83,True,IR
ir070902.0374,Cal 83,05:43:28.3,-68:22:20,2007-09-03,08:06:02.6,2454346.8376,30.0,1.52,J,J,,,,missingreplog_Cal83.csv,,,Data replog,,,Cal83,True,IR
ir070828.0386,CAL 83,05:43:34.3,-68:22:17,2007-08-29,08:21:27.5,2454341.8482,25.0,1.53,J,J,,,,missingreplog_Cal83.csv,,,Data replog,,,Cal83,True,IR
ir070828.0384,CAL 83,05:43:34.3,-68:22:17,2007-08-29,08:20:17.5,2454341.8474,25.0,1.54,J,J,,,,missingreplog_Cal83.csv,,,Data replog,,,Cal83,True,IR
ir070917.0342,Cal 83,05:43:26.2,-68:22:27,2007-09-18,08:07:14.0,2454361.8384,30.0,1.4,J,J,,,,missingreplog_Cal83.csv,,,Data replog,,,Cal83,True,IR
ir070802.0395,CAL 83,05:43:26.7,-68:22:24,2007-08-03,09:52:44.4,2454315.9116,25.0,1.56,J,J,,,,missingreplog_Cal83.csv,,,Data replog,,,Cal83,True,IR
ir070814.0231,CAL 83,05:43:34.2,-68:22:18,2007-08-15,09:50:25.3,2454327.91,25.0,1.45,J,J,,,,missingreplog_Cal83.csv,,,Data replog,,,Cal83,True,IR
ir070814.0230,CAL 83,05:43:34.3,-68:22:17,2007-08-15,09:48:14.9,2454327.9085,25.0,1.46,J,J,,,,missingreplog_Cal83.csv,,,Data replog,,,Cal83,True,IR
ir070814.0229,CAL 83,05:43:34.3,-68:22:17,2007-08-15,09:47:05.0,2454327.9077,25.0,1.46,J,J,,,,missingreplog_Cal83.csv,,,Data replog,,,Cal83,True,IR
ir070814.0228,CAL 83,05:43:34.4,-68:22:18,2007-08-15,09:45:55.5,2454327.9069,25.0,1.46,J,J,,,,missingreplog_Cal83.csv,,,Data replog,,,Cal83,True,IR
ir070802.0402,CAL 83,05:43:27.3,-68:22:24,2007-08-03,10:02:52.8,2454315.9187,25.0,1.54,K,K,,,,missingreplog_Cal83.csv,,,Data replog,,,Cal83,True,IR
ir070802.0401,CAL 83,05:43:27.3,-68:22:24,2007-08-03,10:01:42.8,2454315.9179,25.0,1.54,K,K,,,,missingreplog_Cal83.csv,,,Data replog,,,Cal83,True,IR
ir070802.0400,CAL 83,05:43:27.2,-68:22:24,2007-08-03,10:00:33.0,2454315.917,25.1,1.54,K,K,,,,missingreplog_Cal83.csv,,,Data replog,,,Cal83,True,IR
ir070802.0399,CAL 83,05:43:27.1,-68:22:24,2007-08-03,09:58:23.2,2454315.9156,25.1,1.55,H,H,,,,missingreplog_Cal83.csv,,,Data replog,,,Cal83,True,IR
ir070802.0398,CAL 83,05:43:27.0,-68:22:24,2007-08-03,09:57:13.2,2454315.9147,25.0,1.55,H,H,,,,missingreplog_Cal83.csv,,,Data replog,,,Cal83,True,IR
ir070802.0397,CAL 83,05:43:27.0,-68:22:24,2007-08-03,09:56:03.5,2454315.9139,25.0,1.55,H,H,,,,missingreplog_Cal83.csv,,,Data replog,,,Cal83,True,IR
ir070802.0396,CAL 83,05:43:26.9,-68:22:24,2007-08-03,09:53:54.6,2454315.9124,25.1,1.56,J,J,,,,missingreplog_Cal83.csv,,,Data replog,,,Cal83,True,IR
ir070802.0394,CAL 83,05:43:26.8,-68:22:24,2007-08-03,09:51:34.6,2454315.9108,25.0,1.57,J,J,,,,missingreplog_Cal83.csv,,,Data replog,,,Cal83,True,IR
ir070828.0383,Cal 83,05:43:34.3,-68:22:17,2007-08-29,08:18:44.1,2454341.8463,30.0,1.54,J,J,,,,missingreplog_Cal83.csv,,,Data replog,,,Cal83,True,IR
ir070802.0393,CAL 83,05:43:26.6,-68:22:24,2007-08-03,09:49:24.2,2454315.9093,25.1,1.57,J,J,,,,missingreplog_Cal83.csv,,,Data replog,,,Cal83,True,IR
ir070802.0392,CAL 83,05:43:26.7,-68:22:24,2007-08-03,09:48:14.3,2454315.9085,25.0,1.58,J,J,,,,missingreplog_Cal83.csv,,,Data replog,,,Cal83,True,IR
ir070802.0391,CAL 83,05:43:26.7,-68:22:24,2007-08-03,09:47:04.4,2454315.9077,25.1,1.58,J,J,,,,missingreplog_Cal83.csv,,,Data replog,,,Cal83,True,IR
ir070426.0018,CAL 83,05:43:25.0,-68:22:25,2007-04-27,00:04:19,2454217.503,25.1,1.59,K,K,,,,missingreplog_Cal83.csv,,,Data replog,,,Cal83,True,IR
ir070426.0017,CAL 83,05:43:25.0,-68:22:25,2007-04-27,00:03:09,2454217.5022,25.0,1.59,K,K,,,,missingreplog_Cal83.csv,,,Data replog,,,Cal83,True,IR
ir070426.0016,CAL 83,05:43:25.2,-68:22:25,2007-04-27,00:02:00,2454217.5014,25.1,1.58,K,K,,,,missingreplog_Cal83.csv,,,Data replog,,,Cal83,True,IR
ir070426.0015,CAL 83,05:43:25.2,-68:22:25,2007-04-26,23:59:50,2454217.4999,25.0,1.58,H,H,,,,missingreplog_Cal83.csv,,,Data replog,,,Cal83,True,IR
ir070426.0014,CAL 83,05:43:25.3,-68:22:26,2007-04-26,23:58:40,2454217.4991,25.0,1.57,H,H,,,,missingreplog_Cal83.csv,,,Data replog,,,Cal83,True,IR
ir070426.0013,CAL 83,05:43:25.3,-68:22:26,2007-04-26,23:57:31,2454217.4983,25.0,1.57,H,H,,,,missingreplog_Cal83.csv,,,Data replog,,,Cal83,True,IR
ir070426.0012,CAL 83,05:43:25.5,-68:22:26,2007-04-26,23:55:22,2454217.4968,25.0,1.56,J,J,,,,missingreplog_Cal83.csv,,,Data replog,,,Cal83,True,IR
ir070426.0011,CAL 83,05:43:25.5,-68:22:26,2007-04-26,23:54:12,2454217.496,25.1,1.56,J,J,,,,missingreplog_Cal83.csv,,,Data replog,,,Cal83,True,IR
ir070814.0232,CAL 83,05:43:34.2,-68:22:18,2007-08-15,09:51:35.1,2454327.9108,25.0,1.45,J,J,,,,missingreplog_Cal83.csv,,,Data replog,,,Cal83,True,IR
ir070814.0233,CAL 83,05:43:34.1,-68:22:18,2007-08-15,09:52:45.0,2454327.9116,25.1,1.45,J,J,,,,missingreplog_Cal83.csv,,,Data replog,,,Cal83,True,IR
ir070814.0234,CAL 83,05:43:34.2,-68:22:18,2007-08-15,09:54:54.4,2454327.9131,25.0,1.44,H,H,,,,missingreplog_Cal83.csv,,,Data replog,,,Cal83,True,IR
ir070814.0235,CAL 83,05:43:34.2,-68:22:18,2007-08-15,09:56:04.0,2454327.9139,25.0,1.44,H,H,,,,missingreplog_Cal83.csv,,,Data replog,,,Cal83,True,IR
ir070828.0382,Cal 83,05:43:34.3,-68:22:18,2007-08-29,08:17:58.1,2454341.8458,30.0,1.54,J,J,,,,missingreplog_Cal83.csv,,,Data replog,,,Cal83,True,IR
ir070828.0381,Cal 83,05:43:34.3,-68:22:17,2007-08-29,08:17:11.9,2454341.8453,30.1,1.55,J,J,,,,missingreplog_Cal83.csv,,,Data replog,,,Cal83,True,IR
ir070828.0380,Cal 83,05:43:34.3,-68:22:18,2007-08-29,08:16:25.6,2454341.8447,30.1,1.55,J,J,,,,missingreplog_Cal83.csv,,,Data replog,,,Cal83,True,IR
ir070828.0379,Cal 83,05:43:34.3,-68:22:18,2007-08-29,08:15:39.6,2454341.8442,30.0,1.55,J,J,,,,missingreplog_Cal83.csv,,,Data replog,,,Cal83,True,IR
ir070828.0378,Cal 83,05:43:34.3,-68:22:18,2007-08-29,08:14:53.4,2454341.8437,30.0,1.55,J,J,,,,missingreplog_Cal83.csv,,,Data replog,,,Cal83,True,IR
ir070828.0377,Cal 83,05:43:34.3,-68:22:18,2007-08-29,08:14:07.2,2454341.8431,30.0,1.55,J,J,,,,missingreplog_Cal83.csv,,,Data replog,,,Cal83,True,IR
ir070828.0376,Cal 83,05:43:34.4,-68:22:18,2007-08-29,08:13:21.1,2454341.8426,30.1,1.56,J,J,,,,missingreplog_Cal83.csv,,,Data replog,,,Cal83,True,IR
ir070821.0318,CAL 83,05:43:27.8,-68:22:25,2007-08-22,08:41:41.8,2454334.8623,25.0,1.55,K,K,,,,missingreplog_Cal83.csv,,,Data replog,,,Cal83,True,IR
ir070821.0317,CAL 83,05:43:27.8,-68:22:25,2007-08-22,08:40:31.7,2454334.8615,25.0,1.56,K,K,,,,missingreplog_Cal83.csv,,,Data replog,,,Cal83,True,IR
ir070821.0316,CAL 83,05:43:27.7,-68:22:25,2007-08-22,08:39:21.6,2454334.8607,25.0,1.56,K,K,,,,missingreplog_Cal83.csv,,,Data replog,,,Cal83,True,IR
ir070821.0315,CAL 83,05:43:27.6,-68:22:24,2007-08-22,08:37:11.8,2454334.8592,25.1,1.57,H,H,,,,missingreplog_Cal83.csv,,,Data replog,,,Cal83,True,IR
ir070821.0314,CAL 83,05:43:27.5,-68:22:24,2007-08-22,08:36:01.4,2454334.8583,25.1,1.57,H,H,,,,missingreplog_Cal83.csv,,,Data replog,,,Cal83,True,IR
ir070821.0313,CAL 83,05:43:27.6,-68:22:24,2007-08-22,08:34:51.3,2454334.8575,25.1,1.57,H,H,,,,missingreplog_Cal83.csv,,,Data replog,,,Cal83,True,IR
ir070821.0312,CAL 83,05:43:27.4,-68:22:24,2007-08-22,08:32:41.0,2454334.856,25.0,1.58,J,J,,,,missingreplog_Cal83.csv,,,Data replog,,,Cal83,True,IR
ir070821.0311,CAL 83,05:43:27.4,-68:22:23,2007-08-22,08:31:30.8,2454334.8552,25.0,1.58,J,J,,,,missingreplog_Cal83.csv,,,Data replog,,,Cal83,True,IR
ir070821.0310,CAL 83,05:43:27.4,-68:22:23,2007-08-22,08:30:21.0,2454334.8544,25.0,1.59,J,J,,,,missingreplog_Cal83.csv,,,Data replog,,,Cal83,True,IR
ir070821.0309,CAL 83,05:43:27.2,-68:22:23,2007-08-22,08:28:09.8,2454334.8529,25.1,1.59,J,J,,,,missingreplog_Cal83.csv,,,Data replog,,,Cal83,True,IR
ir070821.0308,CAL 83,05:43:27.2,-68:22:23,2007-08-22,08:26:59.6,2454334.8521,25.0,1.6,J,J,,,,missingreplog_Cal83.csv,,,Data replog,,,Cal83,True,IR
ir070821.0307,CAL 83,05:43:27.0,-68:22:23,2007-08-22,08:25:49.6,2454334.8513,25.0,1.6,J,J,,,,missingreplog_Cal83.csv,,,Data replog,,,Cal83,True,IR
ir070814.0239,CAL 83,05:43:34.4,-68:22:19,2007-08-15,10:01:43.1,2454327.9179,25.1,1.43,K,K,,,,missingreplog_Cal83.csv,,,Data replog,,,Cal83,True,IR
ir070814.0238,CAL 83,05:43:34.4,-68:22:19,2007-08-15,10:00:33.0,2454327.917,25.1,1.43,K,K,,,,missingreplog_Cal83.csv,,,Data replog,,,Cal83,True,IR
ir070814.0237,CAL 83,05:43:34.3,-68:22:18,2007-08-15,09:59:23.4,2454327.9162,25.1,1.43,K,K,,,,missingreplog_Cal83.csv,,,Data replog,,,Cal83,True,IR
ir070814.0236,CAL 83,05:43:34.2,-68:22:18,2007-08-15,09:57:14.1,2454327.9147,25.1,1.44,H,H,,,,missingreplog_Cal83.csv,,,Data replog,,,Cal83,True,IR
ir070903.0342,Cal 83,05:43:26.7,-68:22:17,2007-09-04,08:45:45.0,2454347.8651,30.1,1.42,J,J,,,,missingreplog_Cal83.csv,,,Data replog,,,Cal83,True,IR
ir070903.0343,Cal 83,05:43:26.7,-68:22:16,2007-09-04,08:46:31.1,2454347.8656,30.0,1.42,J,J,,,,missingreplog_Cal83.csv,,,Data replog,,,Cal83,True,IR
ir070903.0344,Cal 83,05:43:26.8,-68:22:17,2007-09-04,08:47:16.9,2454347.8662,30.0,1.42,J,J,,,,missingreplog_Cal83.csv,,,Data replog,,,Cal83,True,IR
ir070910.0395,CAL 83,05:43:30.4,-68:22:10,2007-09-11,09:46:28.2,2454354.9073,25.1,1.31,K,K,,,,missingreplog_Cal83.csv,,,Data replog,,,Cal83,True,IR
ir070912.0306,Cal 83,05:43:27.8,-68:22:14,2007-09-13,08:26:04.6,2454356.8514,30.0,1.4,J,J,,,,missingreplog_Cal83.csv,,,Data replog,,,Cal83,True,IR
ir070912.0305,Cal 83,05:43:27.8,-68:22:14,2007-09-13,08:25:18.7,2454356.8509,30.1,1.4,J,J,,,,missingreplog_Cal83.csv,,,Data replog,,,Cal83,True,IR
ir070912.0304,Cal 83,05:43:27.9,-68:22:14,2007-09-13,08:23:47.5,2454356.8499,30.0,1.4,J,J,,,,missingreplog_Cal83.csv,,,Data replog,,,Cal83,True,IR
ir070912.0303,Cal 83,05:43:27.9,-68:22:14,2007-09-13,08:23:01.4,2454356.8493,30.0,1.4,J,J,,,,missingreplog_Cal83.csv,,,Data replog,,,Cal83,True,IR
ir070912.0302,Cal 83,05:43:27.9,-68:22:14,2007-09-13,08:22:15.1,2454356.8488,30.1,1.4,J,J,,,,missingreplog_Cal83.csv,,,Data replog,,,Cal83,True,IR
ir070912.0301,Cal 83,05:43:27.9,-68:22:14,2007-09-13,08:21:29.0,2454356.8482,30.1,1.4,J,J,,,,missingreplog_Cal83.csv,,,Data replog,,,Cal83,True,IR
ir070912.0300,Cal 83,05:43:28.0,-68:22:15,2007-09-13,08:20:42.8,2454356.8477,30.1,1.41,J,J,,,,missingreplog_Cal83.csv,,,Data replog,,,Cal83,True,IR
ir070912.0299,Cal 83,05:43:28.0,-68:22:15,2007-09-13,08:19:56.5,2454356.8472,30.0,1.41,J,J,,,,missingreplog_Cal83.csv,,,Data replog,,,Cal83,True,IR
ir070912.0298,Cal 83,05:43:28.0,-68:22:14,2007-09-13,08:19:10.1,2454356.8467,30.0,1.41,J,J,,,,missingreplog_Cal83.csv,,,Data replog,,,Cal83,True,IR
ir070912.0297,Cal 83,05:43:28.1,-68:22:15,2007-09-13,08:18:23.9,2454356.8461,30.0,1.41,J,J,,,,missingreplog_Cal83.csv,,,Data replog,,,Cal83,True,IR
ir070910.0396,CAL 83,05:43:30.4,-68:22:10,2007-09-11,09:47:38.6,2454354.9081,25.0,1.31,K,K,,,,missingreplog_Cal83.csv,,,Data replog,,,Cal83,True,IR
ir070910.0394,CAL 83,05:43:30.4,-68:22:10,2007-09-11,09:45:18.1,2454354.9065,25.0,1.31,K,K,,,,missingreplog_Cal83.csv,,,Data replog,,,Cal83,True,IR
ir070903.0345,Cal 83,05:43:26.8,-68:22:16,2007-09-04,08:48:03.0,2454347.8667,30.1,1.42,J,J,,,,missingreplog_Cal83.csv,,,Data replog,,,Cal83,True,IR
ir070910.0393,CAL 83,05:43:30.4,-68:22:10,2007-09-11,09:43:07.3,2454354.9049,25.0,1.31,H,H,,,,missingreplog_Cal83.csv,,,Data replog,,,Cal83,True,IR
ir070910.0392,CAL 83,05:43:30.4,-68:22:10,2007-09-11,09:41:57.0,2454354.9041,25.0,1.31,H,H,,,,missingreplog_Cal83.csv,,,Data replog,,,Cal83,True,IR
ir070910.0391,CAL 83,05:43:30.4,-68:22:10,2007-09-11,09:40:46.9,2454354.9033,25.0,1.31,H,H,,,,missingreplog_Cal83.csv,,,Data replog,,,Cal83,True,IR
ir070910.0390,Cal 83,05:43:30.4,-68:22:10,2007-09-11,09:39:10.0,2454354.9022,30.1,1.31,J,J,,,,missingreplog_Cal83.csv,,,Data replog,,,Cal83,True,IR
ir070910.0389,Cal 83,05:43:30.4,-68:22:10,2007-09-11,09:38:24.0,2454354.9017,30.0,1.31,J,J,,,,missingreplog_Cal83.csv,,,Data replog,,,Cal83,True,IR
ir070910.0388,Cal 83,05:43:30.4,-68:22:10,2007-09-11,09:37:37.7,2454354.9011,30.1,1.31,J,J,,,,missingreplog_Cal83.csv,,,Data replog,,,Cal83,True,IR
ir070910.0387,Cal 83,05:43:30.4,-68:22:09,2007-09-11,09:36:51.5,2454354.9006,30.1,1.32,J,J,,,,missingreplog_Cal83.csv,,,Data replog,,,Cal83,True,IR
ir070910.0386,Cal 83,05:43:30.3,-68:22:10,2007-09-11,09:36:05.5,2454354.9001,30.0,1.32,J,J,,,,missingreplog_Cal83.csv,,,Data replog,,,Cal83,True,IR
ir070910.0385,Cal 83,05:43:30.3,-68:22:10,2007-09-11,09:35:19.3,2454354.8995,30.1,1.32,J,J,,,,missingreplog_Cal83.csv,,,Data replog,,,Cal83,True,IR
ir070910.0384,Cal 83,05:43:30.3,-68:22:09,2007-09-11,09:34:32.9,2454354.899,30.0,1.32,J,J,,,,missingreplog_Cal83.csv,,,Data replog,,,Cal83,True,IR
ir070910.0383,Cal 83,05:43:30.3,-68:22:09,2007-09-11,09:33:47.0,2454354.8985,30.1,1.32,J,J,,,,missingreplog_Cal83.csv,,,Data replog,,,Cal83,True,IR
ir070912.0307,Cal 83,05:43:27.8,-68:22:14,2007-09-13,08:26:50.9,2454356.852,30.1,1.4,J,J,,,,missingreplog_Cal83.csv,,,Data replog,,,Cal83,True,IR
ir070912.0308,Cal 83,05:43:27.8,-68:22:14,2007-09-13,08:27:37.3,2454356.8525,30.1,1.39,J,J,,,,missingreplog_Cal83.csv,,,Data replog,,,Cal83,True,IR
ir070912.0309,Cal 83,05:43:27.8,-68:22:13,2007-09-13,08:28:23.3,2454356.8531,30.0,1.39,J,J,,,,missingreplog_Cal83.csv,,,Data replog,,,Cal83,True,IR
ir070912.0310,Cal 83,05:43:27.8,-68:22:14,2007-09-13,08:29:09.7,2454356.8536,30.1,1.39,J,J,,,,missingreplog_Cal83.csv,,,Data replog,,,Cal83,True,IR
ir070917.0341,Cal 83,05:43:26.2,-68:22:27,2007-09-18,08:07:14.0,2454361.8384,30.0,1.4,J,J,,,,missingreplog_Cal83.csv,,,Data replog,,,Cal83,True,IR
ir070917.0340,Cal 83,05:43:26.3,-68:22:27,2007-09-18,08:06:28.2,2454361.8378,30.0,1.4,J,J,,,,missingreplog_Cal83.csv,,,Data replog,,,Cal83,True,IR
ir070917.0339,CAL 83,05:43:26.4,-68:22:27,2007-09-18,08:04:16.3,2454361.8363,25.0,1.4,J,J,,,,missingreplog_Cal83.csv,,,Data replog,,,Cal83,True,IR
ir070917.0338,CAL 83,05:43:26.5,-68:22:27,2007-09-18,08:03:06.0,2454361.8355,25.1,1.4,J,J,,,,missingreplog_Cal83.csv,,,Data replog,,,Cal83,True,IR
ir070917.0337,CAL 83,05:43:26.5,-68:22:27,2007-09-18,08:01:56.2,2454361.8347,25.0,1.4,J,J,,,,missingreplog_Cal83.csv,,,Data replog,,,Cal83,True,IR
ir070914.0346,Cal 83,05:43:27.7,-68:22:20,2007-09-15,08:11:27.8,2454358.8413,30.1,1.41,J,J,,,,missingreplog_Cal83.csv,,,Data replog,,,Cal83,True,IR
ir070914.0345,Cal 83,05:43:27.7,-68:22:20,2007-09-15,08:10:41.9,2454358.8408,30.1,1.41,J,J,,,,missingreplog_Cal83.csv,,,Data replog,,,Cal83,True,IR
ir070914.0344,Cal 83,05:43:27.7,-68:22:20,2007-09-15,08:09:55.7,2454358.8402,30.0,1.41,J,J,,,,missingreplog_Cal83.csv,,,Data replog,,,Cal83,True,IR
ir070914.0343,Cal 83,05:43:27.7,-68:22:20,2007-09-15,08:09:09.7,2454358.8397,30.1,1.41,J,J,,,,missingreplog_Cal83.csv,,,Data replog,,,Cal83,True,IR
ir070914.0342,Cal 83,05:43:27.7,-68:22:20,2007-09-15,08:08:23.8,2454358.8392,30.0,1.41,J,J,,,,missingreplog_Cal83.csv,,,Data replog,,,Cal83,True,IR
ir070914.0341,Cal 83,05:43:27.7,-68:22:20,2007-09-15,08:07:37.8,2454358.8386,30.0,1.42,J,J,,,,missingreplog_Cal83.csv,,,Data replog,,,Cal83,True,IR
ir070914.0340,Cal 83,05:43:27.7,-68:22:20,2007-09-15,08:06:51.5,2454358.8381,30.1,1.42,J,J,,,,missingreplog_Cal83.csv,,,Data replog,,,Cal83,True,IR
ir070914.0339,Cal 83,05:43:27.6,-68:22:20,2007-09-15,08:06:05.7,2454358.8376,30.1,1.42,J,J,,,,missingreplog_Cal83.csv,,,Data replog,,,Cal83,True,IR
ir070914.0338,Cal 83,05:43:27.6,-68:22:20,2007-09-15,08:04:34.1,2454358.8365,30.0,1.42,J,J,,,,missingreplog_Cal83.csv,,,Data replog,,,Cal83,True,IR
ir070914.0337,Cal 83,05:43:27.6,-68:22:20,2007-09-15,08:03:48.3,2454358.836,30.1,1.42,J,J,,,,missingreplog_Cal83.csv,,,Data replog,,,Cal83,True,IR
ir070914.0336,Cal 83,05:43:27.6,-68:22:20,2007-09-15,08:03:02.0,2454358.8355,30.0,1.42,J,J,,,,missingreplog_Cal83.csv,,,Data replog,,,Cal83,True,IR
ir070914.0335,Cal 83,05:43:27.6,-68:22:20,2007-09-15,08:02:16.0,2454358.8349,30.0,1.43,J,J,,,,missingreplog_Cal83.csv,,,Data replog,,,Cal83,True,IR
ir070914.0334,Cal 83,05:43:27.5,-68:22:20,2007-09-15,08:01:30.0,2454358.8344,30.0,1.43,J,J,,,,missingreplog_Cal83.csv,,,Data replog,,,Cal83,True,IR
ir070914.0333,Cal 83,05:43:27.5,-68:22:20,2007-09-15,08:00:43.9,2454358.8339,30.1,1.43,J,J,,,,missingreplog_Cal83.csv,,,Data replog,,,Cal83,True,IR
ir070914.0332,Cal 83,05:43:27.5,-68:22:20,2007-09-15,07:59:57.7,2454358.8333,30.0,1.43,J,J,,,,missingreplog_Cal83.csv,,,Data replog,,,Cal83,True,IR
ir070914.0331,Cal 83,05:43:27.5,-68:22:20,2007-09-15,07:59:11.9,2454358.8328,30.1,1.43,J,J,,,,missingreplog_Cal83.csv,,,Data replog,,,Cal83,True,IR
ir070912.0312,Cal 83,05:43:27.8,-68:22:14,2007-09-13,08:30:42.0,2454356.8547,30.1,1.39,J,J,,,,missingreplog_Cal83.csv,,,Data replog,,,Cal83,True,IR
ir070912.0311,Cal 83,05:43:27.8,-68:22:13,2007-09-13,08:29:55.9,2454356.8541,30.0,1.39,J,J,,,,missingreplog_Cal83.csv,,,Data replog,,,Cal83,True,IR
ir070910.0382,CAL 83,05:43:29.7,-68:22:09,2007-09-11,09:19:36.1,2454354.8886,25.0,1.33,J,J,,,,missingreplog_Cal83.csv,,,Data replog,,,Cal83,True,IR
ir070910.0381,CAL 83,05:43:29.6,-68:22:09,2007-09-11,09:18:25.2,2454354.8878,25.0,1.33,J,J,,,,missingreplog_Cal83.csv,,,Data replog,,,Cal83,True,IR
ir070910.0380,CAL 83,05:43:29.6,-68:22:09,2007-09-11,09:17:15.0,2454354.887,25.0,1.34,J,J,,,,missingreplog_Cal83.csv,,,Data replog,,,Cal83,True,IR
ir070905.0376,Cal 83,05:43:27.4,-68:22:21,2007-09-06,08:35:50.2,2454349.8582,30.0,1.43,J,J,,,,missingreplog_Cal83.csv,,,Data replog,,,Cal83,True,IR
ir070905.0374,Cal 83,05:43:27.4,-68:22:21,2007-09-06,08:34:18.4,2454349.8572,30.1,1.43,J,J,,,,missingreplog_Cal83.csv,,,Data replog,,,Cal83,True,IR
ir070905.0373,Cal 83,05:43:27.4,-68:22:20,2007-09-06,08:33:32.1,2454349.8566,30.0,1.43,J,J,,,,missingreplog_Cal83.csv,,,Data replog,,,Cal83,True,IR
ir070905.0372,Cal 83,05:43:27.5,-68:22:21,2007-09-06,08:32:45.9,2454349.8561,30.0,1.43,J,J,,,,missingreplog_Cal83.csv,,,Data replog,,,Cal83,True,IR
ir070905.0371,Cal 83,05:43:27.6,-68:22:21,2007-09-06,08:32:00.0,2454349.8556,30.0,1.44,J,J,,,,missingreplog_Cal83.csv,,,Data replog,,,Cal83,True,IR
ir070903.0364,CAL 83,05:43:26.8,-68:22:17,2007-09-04,09:09:28.8,2454347.8816,25.0,1.38,K,K,,,,missingreplog_Cal83.csv,,,Data replog,,,Cal83,True,IR
ir070903.0363,CAL 83,05:43:26.8,-68:22:18,2007-09-04,09:08:18.5,2454347.8808,25.0,1.39,K,K,,,,missingreplog_Cal83.csv,,,Data replog,,,Cal83,True,IR
ir070903.0362,CAL 83,05:43:26.8,-68:22:18,2007-09-04,09:07:08.5,2454347.88,25.0,1.39,K,K,,,,missingreplog_Cal83.csv,,,Data replog,,,Cal83,True,IR
ir070903.0361,CAL 83,05:43:26.8,-68:22:18,2007-09-04,09:03:48.5,2454347.8777,25.0,1.39,H,H,,,,missingreplog_Cal83.csv,,,Data replog,,,Cal83,True,IR
ir070903.0360,CAL 83,05:43:26.8,-68:22:18,2007-09-04,09:03:48.5,2454347.8777,25.0,1.39,H,H,,,,missingreplog_Cal83.csv,,,Data replog,,,Cal83,True,IR
ir070903.0359,CAL 83,05:43:26.9,-68:22:18,2007-09-04,09:02:38.2,2454347.8768,25.0,1.39,H,H,,,,missingreplog_Cal83.csv,,,Data replog,,,Cal83,True,IR
ir070903.0358,Cal 83,05:43:26.9,-68:22:17,2007-09-04,09:01:15.7,2454347.8759,30.0,1.4,J,J,,,,missingreplog_Cal83.csv,,,Data replog,,,Cal83,True,IR
ir070903.0357,Cal 83,05:43:26.9,-68:22:17,2007-09-04,09:00:29.8,2454347.8753,30.0,1.4,J,J,,,,missingreplog_Cal83.csv,,,Data replog,,,Cal83,True,IR
ir070903.0356,Cal 83,05:43:26.9,-68:22:17,2007-09-04,08:59:43.6,2454347.8748,30.0,1.4,J,J,,,,missingreplog_Cal83.csv,,,Data replog,,,Cal83,True,IR
ir070903.0355,Cal 83,05:43:26.9,-68:22:17,2007-09-04,08:58:57.4,2454347.8743,30.0,1.4,J,J,,,,missingreplog_Cal83.csv,,,Data replog,,,Cal83,True,IR
ir070903.0354,Cal 83,05:43:26.9,-68:22:17,2007-09-04,08:58:11.3,2454347.8737,30.0,1.4,J,J,,,,missingreplog_Cal83.csv,,,Data replog,,,Cal83,True,IR
ir070903.0353,Cal 83,05:43:26.9,-68:22:18,2007-09-04,08:56:29.4,2454347.8726,30.0,1.41,J,J,,,,missingreplog_Cal83.csv,,,Data replog,,,Cal83,True,IR
ir070903.0352,Cal 83,05:43:26.9,-68:22:18,2007-09-04,08:56:29.4,2454347.8726,30.0,1.41,J,J,,,,missingreplog_Cal83.csv,,,Data replog,,,Cal83,True,IR
ir070903.0351,Cal 83,05:43:26.9,-68:22:17,2007-09-04,08:55:43.7,2454347.872,30.0,1.41,J,J,,,,missingreplog_Cal83.csv,,,Data replog,,,Cal83,True,IR
ir070903.0350,CAL 83,05:43:26.9,-68:22:17,2007-09-04,08:53:31.5,2454347.8705,25.0,1.41,J,J,,,,missingreplog_Cal83.csv,,,Data replog,,,Cal83,True,IR
ir070903.0349,CAL 83,05:43:26.9,-68:22:17,2007-09-04,08:52:21.1,2454347.8697,25.0,1.41,J,J,,,,missingreplog_Cal83.csv,,,Data replog,,,Cal83,True,IR
ir070903.0348,CAL 83,05:43:26.9,-68:22:17,2007-09-04,08:51:11.1,2454347.8689,25.0,1.41,J,J,,,,missingreplog_Cal83.csv,,,Data replog,,,Cal83,True,IR
ir070903.0347,Cal 83,05:43:26.9,-68:22:17,2007-09-04,08:49:34.9,2454347.8678,30.0,1.42,J,J,,,,missingreplog_Cal83.csv,,,Data replog,,,Cal83,True,IR
ir070903.0346,Cal 83,05:43:26.9,-68:22:17,2007-09-04,08:48:49.0,2454347.8672,30.1,1.42,J,J,,,,missingreplog_Cal83.csv,,,Data replog,,,Cal83,True,IR
ir070905.0375,Cal 83,05:43:27.4,-68:22:21,2007-09-06,08:35:04.1,2454349.8577,30.0,1.43,J,J,,,,missingreplog_Cal83.csv,,,Data replog,,,Cal83,True,IR
ir070905.0377,Cal 83,05:43:27.4,-68:22:20,2007-09-06,08:36:36.4,2454349.8588,30.0,1.43,J,J,,,,missingreplog_Cal83.csv,,,Data replog,,,Cal83,True,IR
ir070909.0257,Cal 83,05:43:27.7,-68:22:18,2007-09-10,07:41:31.6,2454353.8205,30.0,1.51,J,J,,,,missingreplog_Cal83.csv,,,Data replog,,,Cal83,True,IR
ir070905.0378,Cal 83,05:43:27.4,-68:22:20,2007-09-06,08:37:22.5,2454349.8593,30.0,1.43,J,J,,,,missingreplog_Cal83.csv,,,Data replog,,,Cal83,True,IR
ir070909.0256,Cal 83,05:43:27.7,-68:22:18,2007-09-10,07:40:45.7,2454353.82,30.0,1.52,J,J,,,,missingreplog_Cal83.csv,,,Data replog,,,Cal83,True,IR
ir070909.0255,Cal 83,05:43:27.8,-68:22:18,2007-09-10,07:39:59.7,2454353.8194,30.0,1.52,J,J,,,,missingreplog_Cal83.csv,,,Data replog,,,Cal83,True,IR
ir070909.0254,Cal 83,05:43:27.8,-68:22:18,2007-09-10,07:39:13.4,2454353.8189,30.1,1.52,J,J,,,,missingreplog_Cal83.csv,,,Data replog,,,Cal83,True,IR
ir070909.0253,Cal 83,05:43:27.9,-68:22:18,2007-09-10,07:38:27.6,2454353.8184,30.0,1.52,J,J,,,,missingreplog_Cal83.csv,,,Data replog,,,Cal83,True,IR
ir070909.0252,Cal 83,05:43:27.9,-68:22:18,2007-09-10,07:37:41.5,2454353.8178,30.0,1.52,J,J,,,,missingreplog_Cal83.csv,,,Data replog,,,Cal83,True,IR
ir070909.0251,Cal 83,05:43:27.9,-68:22:19,2007-09-10,07:36:55.5,2454353.8173,30.0,1.53,J,J,,,,missingreplog_Cal83.csv,,,Data replog,,,Cal83,True,IR
ir070909.0250,Cal 83,05:43:28.1,-68:22:19,2007-09-10,07:36:09.7,2454353.8168,30.1,1.53,J,J,,,,missingreplog_Cal83.csv,,,Data replog,,,Cal83,True,IR
ir070907.0289,Cal 83,05:43:32.1,-68:22:12,2007-09-08,08:48:42.9,2454351.8672,30.0,1.39,J,J,,,,missingreplog_Cal83.csv,,,Data replog,,,Cal83,True,IR
ir070907.0288,Cal 83,05:43:32.1,-68:22:12,2007-09-08,08:47:56.7,2454351.8666,30.0,1.39,J,J,,,,missingreplog_Cal83.csv,,,Data replog,,,Cal83,True,IR
ir070907.0287,Cal 83,05:43:32.1,-68:22:12,2007-09-08,08:47:10.2,2454351.8661,30.1,1.39,J,J,,,,missingreplog_Cal83.csv,,,Data replog,,,Cal83,True,IR
ir070907.0286,Cal 83,05:43:32.1,-68:22:12,2007-09-08,08:46:24.0,2454351.8656,30.0,1.4,J,J,,,,missingreplog_Cal83.csv,,,Data replog,,,Cal83,True,IR
ir070907.0285,Cal 83,05:43:32.1,-68:22:12,2007-09-08,08:44:41.4,2454351.8644,30.0,1.4,J,J,,,,missingreplog_Cal83.csv,,,Data replog,,,Cal83,True,IR
ir070907.0284,Cal 83,05:43:32.1,-68:22:12,2007-09-08,08:44:41.4,2454351.8644,30.0,1.4,J,J,,,,missingreplog_Cal83.csv,,,Data replog,,,Cal83,True,IR
ir070907.0283,Cal 83,05:43:32.1,-68:22:12,2007-09-08,08:43:54.9,2454351.8638,30.1,1.4,J,J,,,,missingreplog_Cal83.csv,,,Data replog,,,Cal83,True,IR
ir070907.0282,Cal 83,05:43:32.2,-68:22:12,2007-09-08,08:43:08.7,2454351.8633,30.0,1.4,J,J,,,,missingreplog_Cal83.csv,,,Data replog,,,Cal83,True,IR
ir070905.0386,Cal 83,05:43:27.5,-68:22:21,2007-09-06,08:44:17.5,2454349.8641,30.0,1.41,J,J,,,,missingreplog_Cal83.csv,,,Data replog,,,Cal83,True,IR
ir070905.0385,Cal 83,05:43:27.5,-68:22:21,2007-09-06,08:43:31.7,2454349.8636,30.1,1.41,J,J,,,,missingreplog_Cal83.csv,,,Data replog,,,Cal83,True,IR
ir070905.0384,Cal 83,05:43:27.6,-68:22:20,2007-09-06,08:42:45.4,2454349.863,30.0,1.42,J,J,,,,missingreplog_Cal83.csv,,,Data replog,,,Cal83,True,IR
ir070905.0383,Cal 83,05:43:27.5,-68:22:20,2007-09-06,08:41:59.1,2454349.8625,30.0,1.42,J,J,,,,missingreplog_Cal83.csv,,,Data replog,,,Cal83,True,IR
ir070905.0382,Cal 83,05:43:27.5,-68:22:20,2007-09-06,08:41:13.3,2454349.862,30.0,1.42,J,J,,,,missingreplog_Cal83.csv,,,Data replog,,,Cal83,True,IR
ir070905.0381,Cal 83,05:43:27.5,-68:22:21,2007-09-06,08:40:27.0,2454349.8615,30.1,1.42,J,J,,,,missingreplog_Cal83.csv,,,Data replog,,,Cal83,True,IR
ir070905.0380,Cal 83,05:43:27.5,-68:22:20,2007-09-06,08:39:40.8,2454349.8609,30.0,1.42,J,J,,,,missingreplog_Cal83.csv,,,Data replog,,,Cal83,True,IR
ir070905.0379,Cal 83,05:43:27.5,-68:22:21,2007-09-06,08:38:54.9,2454349.8604,30.0,1.42,J,J,,,,missingreplog_Cal83.csv,,,Data replog,,,Cal83,True,IR
ir071008.0266,CAL 83,05:43:34.4,-68:22:18,2007-10-09,09:07:51.4,2454382.8805,25.0,1.28,J,J,,,,missingreplog_Cal83.csv,,,Data replog,,,Cal83,True,IR
ir071008.0265,CAL 83,05:43:34.4,-68:22:18,2007-10-09,09:06:41.0,2454382.8796,25.0,1.28,J,J,,,,missingreplog_Cal83.csv,,,Data replog,,,Cal83,True,IR
ir071008.0267,CAL 83,05:43:34.4,-68:22:17,2007-10-09,09:09:02.1,2454382.8813,25.0,1.28,J,J,,,,missingreplog_Cal83.csv,,,Data replog,,,Cal83,True,IR
ir080927.0278,CAL 83,05:43:24.8,-68:22:38,2008-09-28,06:54:41.9,2454737.788,25.0,1.45,J,J,,,,missingreplog_Cal83.csv,,,Data replog,,,Cal83,True,IR
ir080331.0022,CAL 83,05:43:26.0,-68:22:15,2008-04-01,00:15:48.9,2454557.511,25.1,1.39,H,H,,,,missingreplog_Cal83.csv,,,Data replog,,,Cal83,True,IR
ir080401.0022,CAL 83,05:43:26.4,-68:22:16,2008-04-02,00:05:59.8,2454558.5042,25.0,1.38,H,H,,,,missingreplog_Cal83.csv,,,Data replog,,,Cal83,True,IR
ir080401.0021,CAL 83,05:43:26.4,-68:22:15,2008-04-02,00:03:47.8,2454558.5026,25.0,1.38,J,J,,,,missingreplog_Cal83.csv,,,Data replog,,,Cal83,True,IR
ir080401.0020,CAL 83,05:43:26.4,-68:22:15,2008-04-02,00:02:37.1,2454558.5018,25.1,1.37,J,J,,,,missingreplog_Cal83.csv,,,Data replog,,,Cal83,True,IR
ir080401.0019,CAL 83,05:43:26.5,-68:22:14,2008-04-02,00:01:26.9,2454558.501,25.1,1.37,J,J,,,,missingreplog_Cal83.csv,,,Data replog,,,Cal83,True,IR
ir080331.0029,CAL 83,05:43:25.8,-68:22:14,2008-04-01,00:26:10.5,2454557.5182,25.1,1.41,J,J,,,,missingreplog_Cal83.csv,,,Data replog,,,Cal83,True,IR
ir080331.0028,CAL 83,05:43:25.8,-68:22:14,2008-04-01,00:25:00.0,2454557.5174,25.0,1.4,J,J,,,,missingreplog_Cal83.csv,,,Data replog,,,Cal83,True,IR
ir080331.0027,CAL 83,05:43:25.8,-68:22:14,2008-04-01,00:23:49.8,2454557.5165,25.0,1.4,J,J,,,,missingreplog_Cal83.csv,,,Data replog,,,Cal83,True,IR
ir080331.0026,CAL 83,05:43:25.9,-68:22:14,2008-04-01,00:21:32.5,2454557.515,25.0,1.4,K,K,,,,missingreplog_Cal83.csv,,,Data replog,,,Cal83,True,IR
ir080331.0025,CAL 83,05:43:25.9,-68:22:15,2008-04-01,00:20:21.9,2454557.5141,25.1,1.4,K,K,,,,missingreplog_Cal83.csv,,,Data replog,,,Cal83,True,IR
ir080331.0024,CAL 83,05:43:25.9,-68:22:15,2008-04-01,00:19:11.8,2454557.5133,25.0,1.4,K,K,,,,missingreplog_Cal83.csv,,,Data replog,,,Cal83,True,IR
ir080331.0023,CAL 83,05:43:26.0,-68:22:14,2008-04-01,00:16:59.4,2454557.5118,25.1,1.39,H,H,,,,missingreplog_Cal83.csv,,,Data replog,,,Cal83,True,IR
ir080331.0021,CAL 83,05:43:26.0,-68:22:15,2008-04-01,00:14:38.5,2454557.5102,25.0,1.39,H,H,,,,missingreplog_Cal83.csv,,,Data replog,,,Cal83,True,IR
ir080330.0021,CAL 83,05:43:24.9,-68:22:19,2008-03-31,01:10:00.4,2454556.5486,25.0,1.49,J,J,,,,missingreplog_Cal83.csv,,,Data replog,,,Cal83,True,IR
ir080331.0020,CAL 83,05:43:26.1,-68:22:16,2008-04-01,00:12:26.8,2454557.5086,25.0,1.38,J,J,,,,missingreplog_Cal83.csv,,,Data replog,,,Cal83,True,IR
ir080331.0019,CAL 83,05:43:26.1,-68:22:15,2008-04-01,00:11:16.2,2454557.5078,25.0,1.38,J,J,,,,missingreplog_Cal83.csv,,,Data replog,,,Cal83,True,IR
ir080331.0018,CAL 83,05:43:26.2,-68:22:16,2008-04-01,00:10:06.0,2454557.507,25.1,1.38,J,J,,,,missingreplog_Cal83.csv,,,Data replog,,,Cal83,True,IR
ir080330.0030,CAL 83,05:43:24.1,-68:22:20,2008-03-31,01:23:44.6,2454556.5581,25.0,1.52,J,J,,,,missingreplog_Cal83.csv,,,Data replog,,,Cal83,True,IR
ir080330.0029,CAL 83,05:43:24.2,-68:22:20,2008-03-31,01:22:34.1,2454556.5573,25.1,1.52,J,J,,,,missingreplog_Cal83.csv,,,Data replog,,,Cal83,True,IR
ir080330.0028,CAL 83,05:43:24.2,-68:22:20,2008-03-31,01:21:23.7,2454556.5565,25.0,1.52,J,J,,,,missingreplog_Cal83.csv,,,Data replog,,,Cal83,True,IR
ir080330.0027,CAL 83,05:43:24.3,-68:22:20,2008-03-31,01:19:06.4,2454556.5549,25.0,1.51,K,K,,,,missingreplog_Cal83.csv,,,Data replog,,,Cal83,True,IR
ir080330.0026,CAL 83,05:43:24.4,-68:22:19,2008-03-31,01:17:55.8,2454556.5541,25.1,1.51,K,K,,,,missingreplog_Cal83.csv,,,Data replog,,,Cal83,True,IR
ir080330.0025,CAL 83,05:43:24.5,-68:22:19,2008-03-31,01:16:45.6,2454556.5533,25.1,1.51,K,K,,,,missingreplog_Cal83.csv,,,Data replog,,,Cal83,True,IR
ir080330.0024,CAL 83,05:43:24.6,-68:22:19,2008-03-31,01:14:33.5,2454556.5518,25.1,1.5,H,H,,,,missingreplog_Cal83.csv,,,Data replog,,,Cal83,True,IR
ir080330.0023,CAL 83,05:43:24.6,-68:22:19,2008-03-31,01:13:22.9,2454556.551,25.1,1.5,H,H,,,,missingreplog_Cal83.csv,,,Data replog,,,Cal83,True,IR
ir080401.0023,CAL 83,05:43:26.3,-68:22:15,2008-04-02,00:07:10.1,2454558.505,25.1,1.38,H,H,,,,missingreplog_Cal83.csv,,,Data replog,,,Cal83,True,IR
ir080401.0024,CAL 83,05:43:26.3,-68:22:16,2008-04-02,00:08:20.6,2454558.5058,25.0,1.38,H,H,,,,missingreplog_Cal83.csv,,,Data replog,,,Cal83,True,IR
ir080401.0025,CAL 83,05:43:26.3,-68:22:16,2008-04-02,00:10:33.1,2454558.5073,25.0,1.39,K,K,,,,missingreplog_Cal83.csv,,,Data replog,,,Cal83,True,IR
ir080401.0026,CAL 83,05:43:26.3,-68:22:16,2008-04-02,00:11:43.3,2454558.5081,25.0,1.39,K,K,,,,missingreplog_Cal83.csv,,,Data replog,,,Cal83,True,IR
ir080404.0051,CAL 83,05:43:28.5,-68:22:50,2008-04-05,00:54:23.3,2454561.5378,25.1,1.5,H,H,,,,missingreplog_Cal83.csv,,,Data replog,,,Cal83,True,IR
ir080404.0050,CAL 83,05:43:28.6,-68:22:50,2008-04-05,00:52:10.9,2454561.5362,25.1,1.49,J,J,,,,missingreplog_Cal83.csv,,,Data replog,,,Cal83,True,IR
ir080404.0049,CAL 83,05:43:28.8,-68:22:50,2008-04-05,00:51:00.4,2454561.5354,25.0,1.49,J,J,,,,missingreplog_Cal83.csv,,,Data replog,,,Cal83,True,IR
ir080404.0048,CAL 83,05:43:29.0,-68:22:51,2008-04-05,00:49:50.2,2454561.5346,25.0,1.49,J,J,,,,missingreplog_Cal83.csv,,,Data replog,,,Cal83,True,IR
ir080403.0026,CAL 83,05:43:26.7,-68:22:46,2008-04-04,01:39:46.0,2454560.5693,25.1,1.61,J,J,,,,missingreplog_Cal83.csv,,,Data replog,,,Cal83,True,IR
ir080403.0025,CAL 83,05:43:26.8,-68:22:46,2008-04-04,01:38:35.6,2454560.5685,25.1,1.61,J,J,,,,missingreplog_Cal83.csv,,,Data replog,,,Cal83,True,IR
ir080403.0024,CAL 83,05:43:26.8,-68:22:46,2008-04-04,01:37:25.5,2454560.5677,25.0,1.61,J,J,,,,missingreplog_Cal83.csv,,,Data replog,,,Cal83,True,IR
ir080403.0023,CAL 83,05:43:26.9,-68:22:45,2008-04-04,01:35:07.8,2454560.5661,25.0,1.6,K,K,,,,missingreplog_Cal83.csv,,,Data replog,,,Cal83,True,IR
ir080403.0022,CAL 83,05:43:27.0,-68:22:46,2008-04-04,01:33:57.3,2454560.5652,25.1,1.6,K,K,,,,missingreplog_Cal83.csv,,,Data replog,,,Cal83,True,IR
ir080403.0021,CAL 83,05:43:27.1,-68:22:46,2008-04-04,01:32:47.2,2454560.5644,25.1,1.59,K,K,,,,missingreplog_Cal83.csv,,,Data replog,,,Cal83,True,IR
ir080403.0020,CAL 83,05:43:27.2,-68:22:46,2008-04-04,01:30:35.1,2454560.5629,25.0,1.59,H,H,,,,missingreplog_Cal83.csv,,,Data replog,,,Cal83,True,IR
ir080403.0019,CAL 83,05:43:27.3,-68:22:46,2008-04-04,01:29:24.7,2454560.5621,25.1,1.58,H,H,,,,missingreplog_Cal83.csv,,,Data replog,,,Cal83,True,IR
ir080403.0018,CAL 83,05:43:27.3,-68:22:46,2008-04-04,01:28:14.5,2454560.5613,25.0,1.58,H,H,,,,missingreplog_Cal83.csv,,,Data replog,,,Cal83,True,IR
ir080403.0017,CAL 83,05:43:27.4,-68:22:47,2008-04-04,01:26:02.5,2454560.5598,25.0,1.57,J,J,,,,missingreplog_Cal83.csv,,,Data replog,,,Cal83,True,IR
ir080403.0016,CAL 83,05:43:27.5,-68:22:47,2008-04-04,01:24:52.2,2454560.5589,25.0,1.57,J,J,,,,missingreplog_Cal83.csv,,,Data replog,,,Cal83,True,IR
ir080403.0015,CAL 83,05:43:27.6,-68:22:47,2008-04-04,01:23:42.1,2454560.5581,25.1,1.57,J,J,,,,missingreplog_Cal83.csv,,,Data replog,,,Cal83,True,IR
ir080402.0026,CAL 83,05:43:23.2,-68:22:14,2008-04-03,01:17:23.9,2454559.5537,25.1,1.54,J,J,,,,missingreplog_Cal83.csv,,,Data replog,,,Cal83,True,IR
ir080402.0025,CAL 83,05:43:23.2,-68:22:15,2008-04-03,01:16:13.1,2454559.5529,25.1,1.53,J,J,,,,missingreplog_Cal83.csv,,,Data replog,,,Cal83,True,IR
ir080402.0024,CAL 83,05:43:23.3,-68:22:15,2008-04-03,01:15:02.8,2454559.5521,25.0,1.53,J,J,,,,missingreplog_Cal83.csv,,,Data replog,,,Cal83,True,IR
ir080401.0030,CAL 83,05:43:26.2,-68:22:16,2008-04-02,00:17:31.6,2454558.5122,25.1,1.4,J,J,,,,missingreplog_Cal83.csv,,,Data replog,,,Cal83,True,IR
ir080401.0029,CAL 83,05:43:26.2,-68:22:15,2008-04-02,00:16:21.1,2454558.5113,25.1,1.4,J,J,,,,missingreplog_Cal83.csv,,,Data replog,,,Cal83,True,IR
ir080401.0028,CAL 83,05:43:26.2,-68:22:15,2008-04-02,00:15:10.9,2454558.5105,25.1,1.39,J,J,,,,missingreplog_Cal83.csv,,,Data replog,,,Cal83,True,IR
ir080401.0027,CAL 83,05:43:26.3,-68:22:15,2008-04-02,00:12:53.9,2454558.509,25.1,1.39,K,K,,,,missingreplog_Cal83.csv,,,Data replog,,,Cal83,True,IR
ir080330.0022,CAL 83,05:43:24.7,-68:22:19,2008-03-31,01:12:12.6,2454556.5501,25.0,1.49,H,H,,,,missingreplog_Cal83.csv,,,Data replog,,,Cal83,True,IR
ir080330.0020,CAL 83,05:43:24.9,-68:22:19,2008-03-31,01:08:49.8,2454556.5478,25.1,1.49,J,J,,,,missingreplog_Cal83.csv,,,Data replog,,,Cal83,True,IR
ir080404.0053,CAL 83,05:43:28.4,-68:22:51,2008-04-05,00:56:43.9,2454561.5394,25.1,1.5,H,H,,,,missingreplog_Cal83.csv,,,Data replog,,,Cal83,True,IR
ir080321.0052,CAL 83,05:43:26.9,-68:22:44,2008-03-22,02:14:45.8,2454547.5936,25.1,1.57,J,J,,,,missingreplog_Cal83.csv,,,Data replog,,,Cal83,True,IR
ir080326.0029,CAL 83,05:43:30.5,-68:22:40,2008-03-27,00:03:30.5,2454552.5024,25.1,1.34,J,J,,,,missingreplog_Cal83.csv,,,Data replog,,,Cal83,True,IR
ir080326.0028,CAL 83,05:43:30.5,-68:22:40,2008-03-27,00:02:20.0,2454552.5016,25.0,1.34,J,J,,,,missingreplog_Cal83.csv,,,Data replog,,,Cal83,True,IR
ir080326.0027,CAL 83,05:43:30.6,-68:22:40,2008-03-27,00:01:09.9,2454552.5008,25.0,1.34,J,J,,,,missingreplog_Cal83.csv,,,Data replog,,,Cal83,True,IR
ir080325.0052,CAL 83,05:43:26.1,-68:22:50,2008-03-26,02:43:22.4,2454551.6135,25.0,1.71,J,J,,,,missingreplog_Cal83.csv,,,Data replog,,,Cal83,True,IR
ir080325.0051,CAL 83,05:43:26.2,-68:22:50,2008-03-26,02:42:11.9,2454551.6126,25.1,1.71,J,J,,,,missingreplog_Cal83.csv,,,Data replog,,,Cal83,True,IR
ir080325.0050,CAL 83,05:43:26.4,-68:22:50,2008-03-26,02:41:01.7,2454551.6118,25.0,1.7,J,J,,,,missingreplog_Cal83.csv,,,Data replog,,,Cal83,True,IR
ir080322.0092,CAL 83,05:43:32.2,-68:22:58,2008-03-23,02:38:46.9,2454548.6103,25.0,1.65,J,J,,,,missingreplog_Cal83.csv,,,Data replog,,,Cal83,True,IR
ir080322.0091,CAL 83,05:43:32.2,-68:22:57,2008-03-23,02:37:36.4,2454548.6094,25.1,1.65,J,J,,,,missingreplog_Cal83.csv,,,Data replog,,,Cal83,True,IR
ir080322.0090,CAL 83,05:43:32.3,-68:22:58,2008-03-23,02:36:26.1,2454548.6086,25.0,1.65,J,J,,,,missingreplog_Cal83.csv,,,Data replog,,,Cal83,True,IR
ir080321.0054,CAL 83,05:43:26.9,-68:22:44,2008-03-22,02:17:06.3,2454547.5952,25.1,1.57,J,J,,,,missingreplog_Cal83.csv,,,Data replog,,,Cal83,True,IR
ir080321.0053,CAL 83,05:43:26.9,-68:22:44,2008-03-22,02:15:55.9,2454547.5944,25.1,1.57,J,J,,,,missingreplog_Cal83.csv,,,Data replog,,,Cal83,True,IR
ir080320.0023,CAL 83,05:43:30.2,-68:22:39,2008-03-21,00:56:26.3,2454546.5392,25.1,1.39,J,J,,,,missingreplog_Cal83.csv,,,Data replog,,,Cal83,True,IR
ir080330.0019,CAL 83,05:43:25.0,-68:22:19,2008-03-31,01:07:39.5,2454556.547,25.0,1.48,J,J,,,,missingreplog_Cal83.csv,,,Data replog,,,Cal83,True,IR
ir080320.0022,CAL 83,05:43:30.3,-68:22:39,2008-03-21,00:55:15.9,2454546.5384,25.0,1.38,J,J,,,,missingreplog_Cal83.csv,,,Data replog,,,Cal83,True,IR
ir080320.0021,CAL 83,05:43:30.3,-68:22:38,2008-03-21,00:54:05.9,2454546.5376,25.0,1.38,J,J,,,,missingreplog_Cal83.csv,,,Data replog,,,Cal83,True,IR
ir080319.0032,CAL 83,05:43:26.0,-68:22:16,2008-03-20,00:57:15.1,2454545.5398,25.0,1.38,J,J,,,,missingreplog_Cal83.csv,,,Data replog,,,Cal83,True,IR
ir080319.0031,CAL 83,05:43:26.1,-68:22:15,2008-03-20,00:56:04.7,2454545.5389,25.0,1.38,J,J,,,,missingreplog_Cal83.csv,,,Data replog,,,Cal83,True,IR
ir080319.0030,CAL 83,05:43:26.1,-68:22:15,2008-03-20,00:54:54.7,2454545.5381,25.0,1.38,J,J,,,,missingreplog_Cal83.csv,,,Data replog,,,Cal83,True,IR
ir080317.0030,CAL 83,05:43:24.3,-68:22:21,2008-03-18,01:58:51.3,2454543.5825,25.1,1.48,J,J,,,,missingreplog_Cal83.csv,,,Data replog,,,Cal83,True,IR
ir080317.0029,CAL 83,05:43:24.4,-68:22:21,2008-03-18,01:57:40.9,2454543.5817,25.1,1.48,J,J,,,,missingreplog_Cal83.csv,,,Data replog,,,Cal83,True,IR
ir080317.0028,CAL 83,05:43:24.5,-68:22:21,2008-03-18,01:56:30.8,2454543.5809,25.1,1.48,J,J,,,,missingreplog_Cal83.csv,,,Data replog,,,Cal83,True,IR
ir080316.0038,CAL 83,05:43:26.5,-68:22:05,2008-03-17,01:41:43.7,2454542.5706,25.0,1.44,J,J,,,,missingreplog_Cal83.csv,,,Data replog,,,Cal83,True,IR
ir080316.0037,CAL 83,05:43:26.5,-68:22:05,2008-03-17,01:40:33.3,2454542.5698,25.0,1.44,J,J,,,,missingreplog_Cal83.csv,,,Data replog,,,Cal83,True,IR
ir080316.0036,CAL 83,05:43:26.5,-68:22:05,2008-03-17,01:39:23.2,2454542.569,25.0,1.43,J,J,,,,missingreplog_Cal83.csv,,,Data replog,,,Cal83,True,IR
ir080326.0030,CAL 83,05:43:30.3,-68:22:39,2008-03-27,00:05:42.5,2454552.504,25.1,1.35,H,H,,,,missingreplog_Cal83.csv,,,Data replog,,,Cal83,True,IR
ir080326.0031,CAL 83,05:43:30.3,-68:22:40,2008-03-27,00:06:52.6,2454552.5048,25.0,1.35,H,H,,,,missingreplog_Cal83.csv,,,Data replog,,,Cal83,True,IR
ir080326.0032,CAL 83,05:43:30.3,-68:22:40,2008-03-27,00:08:03.1,2454552.5056,25.0,1.35,H,H,,,,missingreplog_Cal83.csv,,,Data replog,,,Cal83,True,IR
ir080326.0033,CAL 83,05:43:30.2,-68:22:40,2008-03-27,00:10:15.2,2454552.5071,25.0,1.35,K,K,,,,missingreplog_Cal83.csv,,,Data replog,,,Cal83,True,IR
ir080329.0032,CAL 83,05:43:25.6,-68:22:18,2008-03-30,00:22:25.9,2454555.5156,25.0,1.39,J,J,,,,missingreplog_Cal83.csv,,,Data replog,,,Cal83,True,IR
ir080329.0031,CAL 83,05:43:25.7,-68:22:18,2008-03-30,00:21:15.3,2454555.5148,25.0,1.39,J,J,,,,missingreplog_Cal83.csv,,,Data replog,,,Cal83,True,IR
ir080329.0030,CAL 83,05:43:25.8,-68:22:18,2008-03-30,00:20:05.2,2454555.514,25.1,1.38,J,J,,,,missingreplog_Cal83.csv,,,Data replog,,,Cal83,True,IR
ir080328.0031,CAL 83,05:43:23.7,-68:22:17,2008-03-29,01:32:18.3,2454554.5641,25.1,1.52,J,J,,,,missingreplog_Cal83.csv,,,Data replog,,,Cal83,True,IR
ir080328.0030,CAL 83,05:43:23.7,-68:22:17,2008-03-29,01:31:07.5,2454554.5633,25.1,1.52,J,J,,,,missingreplog_Cal83.csv,,,Data replog,,,Cal83,True,IR
ir080328.0029,CAL 83,05:43:23.8,-68:22:17,2008-03-29,01:29:57.0,2454554.5625,25.1,1.52,J,J,,,,missingreplog_Cal83.csv,,,Data replog,,,Cal83,True,IR
ir080328.0028,CAL 83,05:43:23.9,-68:22:17,2008-03-29,01:27:39.8,2454554.5609,25.0,1.51,K,K,,,,missingreplog_Cal83.csv,,,Data replog,,,Cal83,True,IR
ir080328.0027,CAL 83,05:43:23.9,-68:22:17,2008-03-29,01:26:29.0,2454554.5601,25.1,1.51,K,K,,,,missingreplog_Cal83.csv,,,Data replog,,,Cal83,True,IR
ir080328.0026,CAL 83,05:43:24.0,-68:22:16,2008-03-29,01:25:18.5,2454554.5592,25.0,1.51,K,K,,,,missingreplog_Cal83.csv,,,Data replog,,,Cal83,True,IR
ir080328.0025,CAL 83,05:43:24.1,-68:22:16,2008-03-29,01:23:07.0,2454554.5577,25.0,1.5,H,H,,,,missingreplog_Cal83.csv,,,Data replog,,,Cal83,True,IR
ir080328.0024,CAL 83,05:43:24.2,-68:22:15,2008-03-29,01:21:56.2,2454554.5569,25.1,1.5,H,H,,,,missingreplog_Cal83.csv,,,Data replog,,,Cal83,True,IR
ir080328.0023,CAL 83,05:43:24.2,-68:22:15,2008-03-29,01:20:45.9,2454554.5561,25.1,1.5,H,H,,,,missingreplog_Cal83.csv,,,Data replog,,,Cal83,True,IR
ir080328.0022,CAL 83,05:43:24.4,-68:22:15,2008-03-29,01:18:34.1,2454554.5546,25.0,1.49,J,J,,,,missingreplog_Cal83.csv,,,Data replog,,,Cal83,True,IR
ir080328.0021,CAL 83,05:43:24.4,-68:22:15,2008-03-29,01:17:23.5,2454554.5537,25.0,1.49,J,J,,,,missingreplog_Cal83.csv,,,Data replog,,,Cal83,True,IR
ir080328.0020,CAL 83,05:43:24.5,-68:22:15,2008-03-29,01:16:13.2,2454554.5529,25.0,1.49,J,J,,,,missingreplog_Cal83.csv,,,Data replog,,,Cal83,True,IR
ir080327.0107,CAL 83,05:43:24.1,-68:22:10,2008-03-28,01:28:32.7,2454553.5615,25.1,1.51,J,J,,,,missingreplog_Cal83.csv,,,Data replog,,,Cal83,True,IR
ir080327.0106,CAL 83,05:43:24.1,-68:22:11,2008-03-28,01:27:22.1,2454553.5607,25.0,1.5,J,J,,,,missingreplog_Cal83.csv,,,Data replog,,,Cal83,True,IR
ir080327.0105,CAL 83,05:43:24.2,-68:22:11,2008-03-28,01:26:11.7,2454553.5599,25.0,1.5,J,J,,,,missingreplog_Cal83.csv,,,Data replog,,,Cal83,True,IR
ir080326.0038,CAL 83,05:43:30.1,-68:22:41,2008-03-27,00:17:13.6,2454552.512,25.1,1.36,J,J,,,,missingreplog_Cal83.csv,,,Data replog,,,Cal83,True,IR
ir080326.0037,CAL 83,05:43:30.1,-68:22:41,2008-03-27,00:16:03.2,2454552.5112,25.1,1.36,J,J,,,,missingreplog_Cal83.csv,,,Data replog,,,Cal83,True,IR
ir080326.0036,CAL 83,05:43:30.1,-68:22:41,2008-03-27,00:14:53.0,2454552.5103,25.1,1.36,J,J,,,,missingreplog_Cal83.csv,,,Data replog,,,Cal83,True,IR
ir080326.0035,CAL 83,05:43:30.2,-68:22:40,2008-03-27,00:12:35.9,2454552.5088,25.0,1.36,K,K,,,,missingreplog_Cal83.csv,,,Data replog,,,Cal83,True,IR
ir080326.0034,CAL 83,05:43:30.2,-68:22:40,2008-03-27,00:11:25.3,2454552.5079,25.0,1.35,K,K,,,,missingreplog_Cal83.csv,,,Data replog,,,Cal83,True,IR
ir080404.0052,CAL 83,05:43:28.4,-68:22:51,2008-04-05,00:55:33.4,2454561.5386,25.0,1.5,H,H,,,,missingreplog_Cal83.csv,,,Data replog,,,Cal83,True,IR
ir080404.0054,CAL 83,05:43:28.3,-68:22:51,2008-04-05,00:58:55.9,2454561.5409,25.1,1.51,K,K,,,,missingreplog_Cal83.csv,,,Data replog,,,Cal83,True,IR
ir080129.0116,Cal 83,05:43:30.5,-68:22:35,2008-01-30,03:25:33.6,2454495.6428,30.1,1.32,J,J,,,,missingreplog_Cal83.csv,,,Data replog,,,Cal83,True,IR
ir080412.0017,CAL 83,05:43:27.8,-68:22:20,2008-04-12,23:57:46.8,2454569.4985,25.0,1.44,H,H,,,,missingreplog_Cal83.csv,,,Data replog,,,Cal83,True,IR
ir080413.0016,CAL 83,05:43:25.4,-68:22:13,2008-04-13,23:47:38.9,2454570.4914,25.0,1.43,J,J,,,,missingreplog_Cal83.csv,,,Data replog,,,Cal83,True,IR
ir080413.0015,CAL 83,05:43:25.5,-68:22:13,2008-04-13,23:46:28.4,2454570.4906,25.1,1.43,J,J,,,,missingreplog_Cal83.csv,,,Data replog,,,Cal83,True,IR
ir080413.0014,CAL 83,05:43:25.5,-68:22:12,2008-04-13,23:45:18.1,2454570.4898,25.1,1.43,J,J,,,,missingreplog_Cal83.csv,,,Data replog,,,Cal83,True,IR
ir080412.0025,CAL 83,05:43:27.6,-68:22:20,2008-04-13,00:09:18.7,2454569.5065,25.1,1.47,J,J,,,,missingreplog_Cal83.csv,,,Data replog,,,Cal83,True,IR
ir080412.0024,CAL 83,05:43:27.6,-68:22:20,2008-04-13,00:08:08.1,2454569.5057,25.1,1.46,J,J,,,,missingreplog_Cal83.csv,,,Data replog,,,Cal83,True,IR
ir080412.0023,CAL 83,05:43:27.7,-68:22:19,2008-04-13,00:06:58.0,2454569.5048,25.1,1.46,J,J,,,,missingreplog_Cal83.csv,,,Data replog,,,Cal83,True,IR
ir080412.0022,CAL 83,05:43:27.8,-68:22:19,2008-04-13,00:04:40.5,2454569.5032,25.1,1.46,K,K,,,,missingreplog_Cal83.csv,,,Data replog,,,Cal83,True,IR
ir080412.0021,CAL 83,05:43:27.8,-68:22:19,2008-04-13,00:03:30.1,2454569.5024,25.0,1.45,K,K,,,,missingreplog_Cal83.csv,,,Data replog,,,Cal83,True,IR
ir080412.0020,CAL 83,05:43:27.8,-68:22:20,2008-04-13,00:02:20.0,2454569.5016,25.0,1.45,K,K,,,,missingreplog_Cal83.csv,,,Data replog,,,Cal83,True,IR
ir080412.0019,CAL 83,05:43:27.9,-68:22:20,2008-04-13,00:00:07.3,2454569.5001,25.1,1.45,H,H,,,,missingreplog_Cal83.csv,,,Data replog,,,Cal83,True,IR
ir080412.0018,CAL 83,05:43:27.8,-68:22:20,2008-04-12,23:58:57.0,2454569.4993,25.0,1.45,H,H,,,,missingreplog_Cal83.csv,,,Data replog,,,Cal83,True,IR
ir080412.0016,CAL 83,05:43:27.8,-68:22:20,2008-04-12,23:55:34.6,2454569.4969,25.1,1.44,J,J,,,,missingreplog_Cal83.csv,,,Data replog,,,Cal83,True,IR
ir080411.0004,CAL 83,05:43:31.6,-68:22:16,2008-04-11,23:48:32.1,2454568.492,25.1,1.42,J,J,,,,missingreplog_Cal83.csv,,,Data replog,,,Cal83,True,IR
ir080412.0015,CAL 83,05:43:27.8,-68:22:19,2008-04-12,23:54:24.2,2454569.4961,25.0,1.44,J,J,,,,missingreplog_Cal83.csv,,,Data replog,,,Cal83,True,IR
ir080412.0014,CAL 83,05:43:27.9,-68:22:19,2008-04-12,23:53:13.9,2454569.4953,25.0,1.43,J,J,,,,missingreplog_Cal83.csv,,,Data replog,,,Cal83,True,IR
ir080411.0014,CAL 83,05:43:31.7,-68:22:17,2008-04-12,00:03:28.1,2454568.5024,25.0,1.45,J,J,,,,missingreplog_Cal83.csv,,,Data replog,,,Cal83,True,IR
ir080411.0013,CAL 83,05:43:31.7,-68:22:17,2008-04-12,00:02:17.3,2454568.5016,25.0,1.44,J,J,,,,missingreplog_Cal83.csv,,,Data replog,,,Cal83,True,IR
ir080411.0012,CAL 83,05:43:31.7,-68:22:17,2008-04-12,00:01:07.1,2454568.5008,25.0,1.44,J,J,,,,missingreplog_Cal83.csv,,,Data replog,,,Cal83,True,IR
ir080411.0011,CAL 83,05:43:31.6,-68:22:17,2008-04-11,23:58:49.5,2454568.4992,25.1,1.44,K,K,,,,missingreplog_Cal83.csv,,,Data replog,,,Cal83,True,IR
ir080411.0010,CAL 83,05:43:31.6,-68:22:16,2008-04-11,23:57:38.9,2454568.4984,25.1,1.43,K,K,,,,missingreplog_Cal83.csv,,,Data replog,,,Cal83,True,IR
ir080411.0009,CAL 83,05:43:31.6,-68:22:15,2008-04-11,23:56:28.6,2454568.4975,25.0,1.43,K,K,,,,missingreplog_Cal83.csv,,,Data replog,,,Cal83,True,IR
ir080411.0008,CAL 83,05:43:31.6,-68:22:15,2008-04-11,23:54:15.8,2454568.496,25.1,1.43,H,H,,,,missingreplog_Cal83.csv,,,Data replog,,,Cal83,True,IR
ir080411.0007,CAL 83,05:43:31.6,-68:22:15,2008-04-11,23:53:05.2,2454568.4952,25.0,1.43,H,H,,,,missingreplog_Cal83.csv,,,Data replog,,,Cal83,True,IR
ir080411.0006,CAL 83,05:43:31.6,-68:22:15,2008-04-11,23:51:54.9,2454568.4944,25.0,1.42,H,H,,,,missingreplog_Cal83.csv,,,Data replog,,,Cal83,True,IR
ir080414.0028,CAL 83,05:43:25.0,-68:22:09,2008-04-14,23:59:14.8,2454571.4995,25.0,1.46,J,J,,,,missingreplog_Cal83.csv,,,Data replog,,,Cal83,True,IR
ir080414.0029,CAL 83,05:43:25.1,-68:22:09,2008-04-15,00:00:24.9,2454571.5003,25.1,1.46,J,J,,,,missingreplog_Cal83.csv,,,Data replog,,,Cal83,True,IR
ir080414.0030,CAL 83,05:43:25.0,-68:22:08,2008-04-15,00:01:35.5,2454571.5011,25.1,1.47,J,J,,,,missingreplog_Cal83.csv,,,Data replog,,,Cal83,True,IR
ir080415.0001,CAL 83,05:43:25.4,-68:21:58,2008-04-15,23:36:13.3,2454572.4835,25.0,1.42,J,J,,,,missingreplog_Cal83.csv,,,Data replog,,,Cal83,True,IR
ir080416.0032,CAL 83,05:43:22.7,-68:22:18,2008-04-17,00:58:52.6,2454573.5409,25.1,1.65,J,J,,,,missingreplog_Cal83.csv,,,Data replog,,,Cal83,True,IR
ir080416.0031,CAL 83,05:43:22.8,-68:22:18,2008-04-17,00:57:41.9,2454573.5401,25.0,1.64,J,J,,,,missingreplog_Cal83.csv,,,Data replog,,,Cal83,True,IR
ir080416.0030,CAL 83,05:43:22.8,-68:22:18,2008-04-17,00:56:31.6,2454573.5392,25.1,1.64,J,J,,,,missingreplog_Cal83.csv,,,Data replog,,,Cal83,True,IR
ir080416.0029,CAL 83,05:43:22.8,-68:22:17,2008-04-17,00:54:14.4,2454573.5377,25.0,1.63,K,K,,,,missingreplog_Cal83.csv,,,Data replog,,,Cal83,True,IR
ir080416.0028,CAL 83,05:43:22.8,-68:22:17,2008-04-17,00:53:03.8,2454573.5368,25.1,1.63,K,K,,,,missingreplog_Cal83.csv,,,Data replog,,,Cal83,True,IR
ir080416.0027,CAL 83,05:43:22.9,-68:22:17,2008-04-17,00:51:53.4,2454573.536,25.1,1.62,K,K,,,,missingreplog_Cal83.csv,,,Data replog,,,Cal83,True,IR
ir080416.0026,CAL 83,05:43:23.0,-68:22:17,2008-04-17,00:49:41.3,2454573.5345,25.0,1.62,H,H,,,,missingreplog_Cal83.csv,,,Data replog,,,Cal83,True,IR
ir080416.0025,CAL 83,05:43:23.0,-68:22:16,2008-04-17,00:48:30.7,2454573.5337,25.0,1.61,H,H,,,,missingreplog_Cal83.csv,,,Data replog,,,Cal83,True,IR
ir080416.0024,CAL 83,05:43:23.0,-68:22:16,2008-04-17,00:47:20.4,2454573.5329,25.1,1.61,H,H,,,,missingreplog_Cal83.csv,,,Data replog,,,Cal83,True,IR
ir080416.0023,CAL 83,05:43:23.1,-68:22:17,2008-04-17,00:45:08.8,2454573.5313,25.0,1.6,J,J,,,,missingreplog_Cal83.csv,,,Data replog,,,Cal83,True,IR
ir080416.0022,CAL 83,05:43:23.2,-68:22:17,2008-04-17,00:43:58.2,2454573.5305,25.1,1.6,J,J,,,,missingreplog_Cal83.csv,,,Data replog,,,Cal83,True,IR
ir080416.0021,CAL 83,05:43:23.2,-68:22:17,2008-04-17,00:42:47.9,2454573.5297,25.0,1.6,J,J,,,,missingreplog_Cal83.csv,,,Data replog,,,Cal83,True,IR
ir080415.0012,CAL 83,05:43:25.1,-68:21:58,2008-04-15,23:52:17.2,2454572.4946,25.1,1.46,J,J,,,,missingreplog_Cal83.csv,,,Data replog,,,Cal83,True,IR
ir080415.0011,CAL 83,05:43:25.2,-68:21:58,2008-04-15,23:51:06.7,2454572.4938,25.0,1.45,J,J,,,,missingreplog_Cal83.csv,,,Data replog,,,Cal83,True,IR
ir080415.0010,CAL 83,05:43:25.2,-68:21:58,2008-04-15,23:49:56.5,2454572.493,25.1,1.45,J,J,,,,missingreplog_Cal83.csv,,,Data replog,,,Cal83,True,IR
ir080415.0009,CAL 83,05:43:25.2,-68:21:59,2008-04-15,23:47:39.2,2454572.4914,25.0,1.45,K,K,,,,missingreplog_Cal83.csv,,,Data replog,,,Cal83,True,IR
ir080415.0008,CAL 83,05:43:25.2,-68:21:58,2008-04-15,23:46:28.7,2454572.4906,25.1,1.44,K,K,,,,missingreplog_Cal83.csv,,,Data replog,,,Cal83,True,IR
ir080415.0007,CAL 83,05:43:25.2,-68:21:59,2008-04-15,23:45:18.5,2454572.4898,25.0,1.44,K,K,,,,missingreplog_Cal83.csv,,,Data replog,,,Cal83,True,IR
ir080415.0006,CAL 83,05:43:25.2,-68:21:58,2008-04-15,23:43:06.4,2454572.4883,25.1,1.44,H,H,,,,missingreplog_Cal83.csv,,,Data replog,,,Cal83,True,IR
ir080415.0005,CAL 83,05:43:25.2,-68:21:58,2008-04-15,23:41:56.0,2454572.4874,25.0,1.43,H,H,,,,missingreplog_Cal83.csv,,,Data replog,,,Cal83,True,IR
ir080415.0004,CAL 83,05:43:25.2,-68:21:58,2008-04-15,23:40:45.8,2454572.4866,25.0,1.43,H,H,,,,missingreplog_Cal83.csv,,,Data replog,,,Cal83,True,IR
ir080415.0003,CAL 83,05:43:25.2,-68:21:58,2008-04-15,23:38:34.0,2454572.4851,25.0,1.43,J,J,,,,missingreplog_Cal83.csv,,,Data replog,,,Cal83,True,IR
ir080415.0002,CAL 83,05:43:25.3,-68:21:57,2008-04-15,23:37:23.5,2454572.4843,25.1,1.43,J,J,,,,missingreplog_Cal83.csv,,,Data replog,,,Cal83,True,IR
ir080411.0005,CAL 83,05:43:31.6,-68:22:15,2008-04-11,23:49:42.8,2454568.4929,25.0,1.42,J,J,,,,missingreplog_Cal83.csv,,,Data replog,,,Cal83,True,IR
ir080411.0003,CAL 83,05:43:31.6,-68:22:16,2008-04-11,23:47:21.7,2454568.4912,25.0,1.41,J,J,,,,missingreplog_Cal83.csv,,,Data replog,,,Cal83,True,IR
ir080404.0055,CAL 83,05:43:28.2,-68:22:52,2008-04-05,01:00:06.1,2454561.5417,25.1,1.51,K,K,,,,missingreplog_Cal83.csv,,,Data replog,,,Cal83,True,IR
ir080405.0031,CAL 83,05:43:29.4,-68:22:46,2008-04-06,00:07:32.4,2454562.5052,25.0,1.41,K,K,,,,missingreplog_Cal83.csv,,,Data replog,,,Cal83,True,IR
ir080406.0022,CAL 83,05:43:29.5,-68:22:48,2008-04-06,23:49:52.8,2454563.493,25.0,1.39,K,K,,,,missingreplog_Cal83.csv,,,Data replog,,,Cal83,True,IR
ir080406.0021,CAL 83,05:43:29.5,-68:22:49,2008-04-06,23:48:42.6,2454563.4922,25.0,1.38,K,K,,,,missingreplog_Cal83.csv,,,Data replog,,,Cal83,True,IR
ir080406.0020,CAL 83,05:43:29.6,-68:22:49,2008-04-06,23:46:30.7,2454563.4906,25.1,1.38,H,H,,,,missingreplog_Cal83.csv,,,Data replog,,,Cal83,True,IR
ir080406.0019,CAL 83,05:43:29.6,-68:22:49,2008-04-06,23:45:20.2,2454563.4898,25.1,1.38,H,H,,,,missingreplog_Cal83.csv,,,Data replog,,,Cal83,True,IR
ir080406.0018,CAL 83,05:43:29.7,-68:22:49,2008-04-06,23:44:10.1,2454563.489,25.0,1.38,H,H,,,,missingreplog_Cal83.csv,,,Data replog,,,Cal83,True,IR
ir080406.0017,CAL 83,05:43:29.8,-68:22:49,2008-04-06,23:41:58.2,2454563.4875,25.1,1.37,J,J,,,,missingreplog_Cal83.csv,,,Data replog,,,Cal83,True,IR
ir080406.0016,CAL 83,05:43:29.9,-68:22:49,2008-04-06,23:40:47.8,2454563.4867,25.1,1.37,J,J,,,,missingreplog_Cal83.csv,,,Data replog,,,Cal83,True,IR
ir080406.0015,CAL 83,05:43:30.0,-68:22:50,2008-04-06,23:39:37.6,2454563.4859,25.1,1.37,J,J,,,,missingreplog_Cal83.csv,,,Data replog,,,Cal83,True,IR
ir080405.0034,CAL 83,05:43:29.3,-68:22:45,2008-04-06,00:11:00.0,2454562.5076,25.1,1.42,J,J,,,,missingreplog_Cal83.csv,,,Data replog,,,Cal83,True,IR
ir080405.0033,CAL 83,05:43:29.3,-68:22:45,2008-04-06,00:11:00.0,2454562.5076,25.1,1.42,J,J,,,,missingreplog_Cal83.csv,,,Data replog,,,Cal83,True,IR
ir080405.0032,CAL 83,05:43:29.3,-68:22:45,2008-04-06,00:09:49.8,2454562.5068,25.0,1.41,J,J,,,,missingreplog_Cal83.csv,,,Data replog,,,Cal83,True,IR
ir080405.0030,CAL 83,05:43:29.4,-68:22:47,2008-04-06,00:06:21.9,2454562.5044,25.0,1.41,K,K,,,,missingreplog_Cal83.csv,,,Data replog,,,Cal83,True,IR
ir080410.0054,CAL 83,05:43:24.4,-68:22:27,2008-04-11,00:56:39.4,2454567.5393,25.1,1.57,J,J,,,,missingreplog_Cal83.csv,,,Data replog,,,Cal83,True,IR
ir080405.0029,CAL 83,05:43:29.4,-68:22:47,2008-04-06,00:05:11.7,2454562.5036,25.1,1.4,K,K,,,,missingreplog_Cal83.csv,,,Data replog,,,Cal83,True,IR
ir080405.0028,CAL 83,05:43:29.4,-68:22:47,2008-04-06,00:03:00.3,2454562.5021,25.1,1.4,H,H,,,,missingreplog_Cal83.csv,,,Data replog,,,Cal83,True,IR
ir080405.0027,CAL 83,05:43:29.4,-68:22:47,2008-04-06,00:01:49.8,2454562.5013,25.1,1.4,H,H,,,,missingreplog_Cal83.csv,,,Data replog,,,Cal83,True,IR
ir080405.0026,CAL 83,05:43:29.5,-68:22:48,2008-04-06,00:00:39.6,2454562.5005,25.1,1.4,H,H,,,,missingreplog_Cal83.csv,,,Data replog,,,Cal83,True,IR
ir080405.0025,CAL 83,05:43:29.5,-68:22:48,2008-04-05,23:58:27.7,2454562.4989,25.1,1.39,J,J,,,,missingreplog_Cal83.csv,,,Data replog,,,Cal83,True,IR
ir080405.0024,CAL 83,05:43:29.6,-68:22:48,2008-04-05,23:57:17.2,2454562.4981,25.1,1.39,J,J,,,,missingreplog_Cal83.csv,,,Data replog,,,Cal83,True,IR
ir080405.0023,CAL 83,05:43:29.7,-68:22:49,2008-04-05,23:56:07.0,2454562.4973,25.0,1.39,J,J,,,,missingreplog_Cal83.csv,,,Data replog,,,Cal83,True,IR
ir080404.0059,CAL 83,05:43:28.1,-68:22:52,2008-04-05,01:05:54.9,2454561.5458,25.0,1.53,J,J,,,,missingreplog_Cal83.csv,,,Data replog,,,Cal83,True,IR
ir080404.0058,CAL 83,05:43:28.1,-68:22:52,2008-04-05,01:04:44.4,2454561.545,25.1,1.52,J,J,,,,missingreplog_Cal83.csv,,,Data replog,,,Cal83,True,IR
ir080404.0057,CAL 83,05:43:28.1,-68:22:51,2008-04-05,01:03:34.2,2454561.5441,25.0,1.52,J,J,,,,missingreplog_Cal83.csv,,,Data replog,,,Cal83,True,IR
ir080404.0056,CAL 83,05:43:28.2,-68:22:51,2008-04-05,01:01:16.5,2454561.5426,25.0,1.52,K,K,,,,missingreplog_Cal83.csv,,,Data replog,,,Cal83,True,IR
ir080406.0023,CAL 83,05:43:29.5,-68:22:49,2008-04-06,23:51:03.4,2454563.4938,25.1,1.39,K,K,,,,missingreplog_Cal83.csv,,,Data replog,,,Cal83,True,IR
ir080406.0024,CAL 83,05:43:29.4,-68:22:49,2008-04-06,23:53:20.6,2454563.4954,25.1,1.39,J,J,,,,missingreplog_Cal83.csv,,,Data replog,,,Cal83,True,IR
ir080406.0025,CAL 83,05:43:29.4,-68:22:49,2008-04-06,23:54:30.6,2454563.4962,25.0,1.39,J,J,,,,missingreplog_Cal83.csv,,,Data replog,,,Cal83,True,IR
ir080406.0026,CAL 83,05:43:29.4,-68:22:49,2008-04-06,23:55:41.1,2454563.497,25.0,1.4,J,J,,,,missingreplog_Cal83.csv,,,Data replog,,,Cal83,True,IR
ir080410.0053,CAL 83,05:43:24.5,-68:22:27,2008-04-11,00:55:28.8,2454567.5385,25.1,1.56,J,J,,,,missingreplog_Cal83.csv,,,Data replog,,,Cal83,True,IR
ir080410.0052,CAL 83,05:43:24.5,-68:22:27,2008-04-11,00:54:18.4,2454567.5377,25.1,1.56,J,J,,,,missingreplog_Cal83.csv,,,Data replog,,,Cal83,True,IR
ir080410.0051,CAL 83,05:43:24.6,-68:22:27,2008-04-11,00:52:00.3,2454567.5361,25.1,1.55,K,K,,,,missingreplog_Cal83.csv,,,Data replog,,,Cal83,True,IR
ir080410.0050,CAL 83,05:43:24.7,-68:22:27,2008-04-11,00:50:49.6,2454567.5353,25.1,1.55,K,K,,,,missingreplog_Cal83.csv,,,Data replog,,,Cal83,True,IR
ir080410.0049,CAL 83,05:43:24.7,-68:22:27,2008-04-11,00:49:39.2,2454567.5345,25.0,1.55,K,K,,,,missingreplog_Cal83.csv,,,Data replog,,,Cal83,True,IR
ir080410.0048,CAL 83,05:43:24.8,-68:22:28,2008-04-11,00:47:26.9,2454567.5329,25.1,1.54,H,H,,,,missingreplog_Cal83.csv,,,Data replog,,,Cal83,True,IR
ir080410.0047,CAL 83,05:43:24.8,-68:22:28,2008-04-11,00:46:16.2,2454567.5321,25.1,1.54,H,H,,,,missingreplog_Cal83.csv,,,Data replog,,,Cal83,True,IR
ir080410.0046,CAL 83,05:43:24.8,-68:22:28,2008-04-11,00:45:05.8,2454567.5313,25.0,1.54,H,H,,,,missingreplog_Cal83.csv,,,Data replog,,,Cal83,True,IR
ir080410.0045,CAL 83,05:43:24.9,-68:22:28,2008-04-11,00:42:53.8,2454567.5298,25.1,1.53,J,J,,,,missingreplog_Cal83.csv,,,Data replog,,,Cal83,True,IR
ir080410.0044,CAL 83,05:43:24.9,-68:22:28,2008-04-11,00:41:43.0,2454567.529,25.0,1.53,J,J,,,,missingreplog_Cal83.csv,,,Data replog,,,Cal83,True,IR
ir080410.0043,CAL 83,05:43:24.9,-68:22:29,2008-04-11,00:40:32.6,2454567.5282,25.1,1.52,J,J,,,,missingreplog_Cal83.csv,,,Data replog,,,Cal83,True,IR
ir080408.0023,CAL 83,05:43:28.7,-68:22:45,2008-04-08,23:59:15.6,2454565.4995,25.0,1.42,J,J,,,,missingreplog_Cal83.csv,,,Data replog,,,Cal83,True,IR
ir080408.0022,CAL 83,05:43:28.7,-68:22:45,2008-04-08,23:58:04.9,2454565.4987,25.1,1.41,J,J,,,,missingreplog_Cal83.csv,,,Data replog,,,Cal83,True,IR
ir080408.0021,CAL 83,05:43:28.7,-68:22:45,2008-04-08,23:56:54.7,2454565.4979,25.0,1.41,J,J,,,,missingreplog_Cal83.csv,,,Data replog,,,Cal83,True,IR
ir080408.0020,CAL 83,05:43:28.8,-68:22:46,2008-04-08,23:54:37.7,2454565.4963,25.1,1.41,K,K,,,,missingreplog_Cal83.csv,,,Data replog,,,Cal83,True,IR
ir080408.0019,CAL 83,05:43:28.8,-68:22:45,2008-04-08,23:53:27.0,2454565.4955,25.1,1.4,K,K,,,,missingreplog_Cal83.csv,,,Data replog,,,Cal83,True,IR
ir080408.0018,CAL 83,05:43:28.8,-68:22:45,2008-04-08,23:52:16.6,2454565.4946,25.0,1.4,K,K,,,,missingreplog_Cal83.csv,,,Data replog,,,Cal83,True,IR
ir080408.0017,CAL 83,05:43:28.8,-68:22:45,2008-04-08,23:50:04.7,2454565.4931,25.1,1.4,H,H,,,,missingreplog_Cal83.csv,,,Data replog,,,Cal83,True,IR
ir080408.0016,CAL 83,05:43:28.8,-68:22:45,2008-04-08,23:48:54.1,2454565.4923,25.0,1.4,H,H,,,,missingreplog_Cal83.csv,,,Data replog,,,Cal83,True,IR
ir080408.0015,CAL 83,05:43:28.9,-68:22:45,2008-04-08,23:47:43.8,2454565.4915,25.0,1.4,H,H,,,,missingreplog_Cal83.csv,,,Data replog,,,Cal83,True,IR
ir080408.0014,CAL 83,05:43:29.0,-68:22:45,2008-04-08,23:45:31.7,2454565.4899,25.1,1.39,J,J,,,,missingreplog_Cal83.csv,,,Data replog,,,Cal83,True,IR
ir080408.0013,CAL 83,05:43:29.0,-68:22:46,2008-04-08,23:44:20.9,2454565.4891,25.1,1.39,J,J,,,,missingreplog_Cal83.csv,,,Data replog,,,Cal83,True,IR
ir080408.0012,CAL 83,05:43:29.2,-68:22:46,2008-04-08,23:43:10.5,2454565.4883,25.0,1.39,J,J,,,,missingreplog_Cal83.csv,,,Data replog,,,Cal83,True,IR
ir080316.0035,CAL 83,05:43:26.5,-68:22:05,2008-03-17,01:37:05.5,2454542.5674,25.0,1.43,K,K,,,,missingreplog_Cal83.csv,,,Data replog,,,Cal83,True,IR
ir080316.0034,CAL 83,05:43:26.5,-68:22:05,2008-03-17,01:35:55.2,2454542.5666,25.1,1.43,K,K,,,,missingreplog_Cal83.csv,,,Data replog,,,Cal83,True,IR
ir080316.0033,CAL 83,05:43:26.5,-68:22:05,2008-03-17,01:34:45.2,2454542.5658,25.1,1.42,K,K,,,,missingreplog_Cal83.csv,,,Data replog,,,Cal83,True,IR
ir080220.0036,CAL 83,05:43:27.0,-68:22:17,2008-02-21,01:17:23.4,2454517.5537,25.1,1.29,J,J,,,,missingreplog_Cal83.csv,,,Data replog,,,Cal83,True,IR
ir080225.0112,CAL 83,05:43:35.1,-68:22:33,2008-02-26,03:59:44.6,2454522.6665,25.0,1.58,J,J,,,,missingreplog_Cal83.csv,,,Data replog,,,Cal83,True,IR
ir080224.0078,CAL 83,05:43:34.3,-68:22:34,2008-02-25,02:23:49.4,2454521.5999,25.1,1.37,J,J,,,,missingreplog_Cal83.csv,,,Data replog,,,Cal83,True,IR
ir080224.0077,CAL 83,05:43:34.3,-68:22:34,2008-02-25,02:22:39.0,2454521.5991,25.1,1.37,J,J,,,,missingreplog_Cal83.csv,,,Data replog,,,Cal83,True,IR
ir080224.0076,CAL 83,05:43:34.3,-68:22:34,2008-02-25,02:21:29.0,2454521.5982,25.1,1.37,J,J,,,,missingreplog_Cal83.csv,,,Data replog,,,Cal83,True,IR
ir080223.0021,CAL 83,05:43:29.6,-68:22:48,2008-02-24,02:42:08.6,2454520.6126,25.0,1.39,J,J,,,,missingreplog_Cal83.csv,,,Data replog,,,Cal83,True,IR
ir080223.0020,CAL 83,05:43:29.7,-68:22:48,2008-02-24,02:40:58.2,2454520.6118,25.0,1.39,J,J,,,,missingreplog_Cal83.csv,,,Data replog,,,Cal83,True,IR
ir080223.0019,CAL 83,05:43:29.7,-68:22:48,2008-02-24,02:39:48.1,2454520.611,25.0,1.39,J,J,,,,missingreplog_Cal83.csv,,,Data replog,,,Cal83,True,IR
ir080221.0033,CAL 83,05:43:30.0,-68:22:39,2008-02-22,02:25:33.9,2454518.6011,25.0,1.35,J,J,,,,missingreplog_Cal83.csv,,,Data replog,,,Cal83,True,IR
ir080221.0032,CAL 83,05:43:30.0,-68:22:39,2008-02-22,02:24:23.3,2454518.6003,25.0,1.35,J,J,,,,missingreplog_Cal83.csv,,,Data replog,,,Cal83,True,IR
ir080221.0031,CAL 83,05:43:30.0,-68:22:39,2008-02-22,02:23:13.3,2454518.5995,25.1,1.35,J,J,,,,missingreplog_Cal83.csv,,,Data replog,,,Cal83,True,IR
ir080220.0037,CAL 83,05:43:27.0,-68:22:16,2008-02-21,01:18:34.0,2454517.5546,25.0,1.29,J,J,,,,missingreplog_Cal83.csv,,,Data replog,,,Cal83,True,IR
ir080220.0035,CAL 83,05:43:27.0,-68:22:17,2008-02-21,01:16:13.4,2454517.5529,25.0,1.29,J,J,,,,missingreplog_Cal83.csv,,,Data replog,,,Cal83,True,IR
ir080216.0027,CAL 83,05:43:27.9,-68:22:20,2008-02-17,01:22:07.1,2454513.557,25.1,1.28,H,H,,,,missingreplog_Cal83.csv,,,Data replog,,,Cal83,True,IR
ir080219.0018,CAL 83,05:13:43.9,-69:51:38,2008-02-20,02:32:36.7,2454516.606,25.1,1.42,J,J,,,,missingreplog_Cal83.csv,,,Data replog,,,Cal83,True,IR
ir080219.0017,CAL 83,05:13:43.8,-69:51:39,2008-02-20,02:31:26.4,2454516.6052,25.0,1.42,J,J,,,,missingreplog_Cal83.csv,,,Data replog,,,Cal83,True,IR
ir080219.0016,CAL 83,05:13:43.8,-69:51:39,2008-02-20,02:30:16.3,2454516.6044,25.1,1.42,J,J,,,,missingreplog_Cal83.csv,,,Data replog,,,Cal83,True,IR
ir080217.0160,CAL 83,05:43:23.0,-68:22:19,2008-02-18,04:22:04.9,2454514.682,25.0,1.56,J,J,,,,missingreplog_Cal83.csv,,,Data replog,,,Cal83,True,IR
ir080217.0159,CAL 83,05:43:23.0,-68:22:20,2008-02-18,04:20:54.5,2454514.6812,25.0,1.56,J,J,,,,missingreplog_Cal83.csv,,,Data replog,,,Cal83,True,IR
ir080217.0158,CAL 83,05:43:23.1,-68:22:20,2008-02-18,04:19:44.6,2454514.6804,25.0,1.55,J,J,,,,missingreplog_Cal83.csv,,,Data replog,,,Cal83,True,IR
ir080216.0033,CAL 83,05:43:27.8,-68:22:20,2008-02-17,01:31:18.9,2454513.5634,25.0,1.29,J,J,,,,missingreplog_Cal83.csv,,,Data replog,,,Cal83,True,IR
ir080216.0032,CAL 83,05:43:27.8,-68:22:20,2008-02-17,01:30:08.5,2454513.5626,25.0,1.29,J,J,,,,missingreplog_Cal83.csv,,,Data replog,,,Cal83,True,IR
ir080216.0031,CAL 83,05:43:27.8,-68:22:20,2008-02-17,01:28:58.4,2454513.5618,25.0,1.29,J,J,,,,missingreplog_Cal83.csv,,,Data replog,,,Cal83,True,IR
ir080216.0030,CAL 83,05:43:27.8,-68:22:20,2008-02-17,01:26:40.5,2454513.5602,25.0,1.29,K,K,,,,missingreplog_Cal83.csv,,,Data replog,,,Cal83,True,IR
ir080216.0029,CAL 83,05:43:27.9,-68:22:20,2008-02-17,01:25:30.1,2454513.5594,25.1,1.29,K,K,,,,missingreplog_Cal83.csv,,,Data replog,,,Cal83,True,IR
ir080225.0113,CAL 83,05:43:35.1,-68:22:33,2008-02-26,04:00:54.6,2454522.6673,25.0,1.59,J,J,,,,missingreplog_Cal83.csv,,,Data replog,,,Cal83,True,IR
ir080225.0114,CAL 83,05:43:35.1,-68:22:32,2008-02-26,04:02:05.0,2454522.6681,25.0,1.59,J,J,,,,missingreplog_Cal83.csv,,,Data replog,,,Cal83,True,IR
ir080227.0001,CAL 83,05:43:30.4,-68:22:29,2008-02-28,02:00:12.1,2454524.5835,25.1,1.35,J,J,,,,missingreplog_Cal83.csv,,,Data replog,,,Cal83,True,IR
ir080227.0002,CAL 83,05:43:30.4,-68:22:29,2008-02-28,02:01:22.2,2454524.5843,25.0,1.35,J,J,,,,missingreplog_Cal83.csv,,,Data replog,,,Cal83,True,IR
ir080218.0047,CAL 83,05:43:26.5,-68:22:02,2008-02-19,02:31:04.1,2454515.6049,25.0,1.35,J,J,,,,missingreplog_Cal83.csv,,,Data replog,,,Cal83,True,IR
ir080201.0043,CAL 83,05:43:26.8,-68:22:18,2008-02-02,02:22:24.4,2454498.5989,25.0,1.28,J,J,,,,missingreplog_Cal83.csv,,,Data replog,,,Cal83,True,IR
ir080201.0042,CAL 83,05:43:26.9,-68:22:18,2008-02-02,02:21:13.9,2454498.5981,25.1,1.28,J,J,,,,missingreplog_Cal83.csv,,,Data replog,,,Cal83,True,IR
ir080201.0041,CAL 83,05:43:26.9,-68:22:17,2008-02-02,02:20:03.8,2454498.5973,25.1,1.28,J,J,,,,missingreplog_Cal83.csv,,,Data replog,,,Cal83,True,IR
ir080115.0176,CAL 83,05:43:27.0,-68:22:38,2008-01-16,06:31:42.4,2454481.772,25.1,1.56,K,K,,,,missingreplog_Cal83.csv,,,Data replog,,,Cal83,True,IR
ir080115.0175,CAL 83,05:43:27.0,-68:22:37,2008-01-16,06:30:31.9,2454481.7712,25.0,1.55,K,K,,,,missingreplog_Cal83.csv,,,Data replog,,,Cal83,True,IR
ir080115.0174,CAL 83,05:43:27.0,-68:22:37,2008-01-16,06:29:21.7,2454481.7704,25.0,1.55,K,K,,,,missingreplog_Cal83.csv,,,Data replog,,,Cal83,True,IR
ir080115.0173,CAL 83,05:43:27.1,-68:22:37,2008-01-16,06:27:09.0,2454481.7689,25.0,1.55,H,H,,,,missingreplog_Cal83.csv,,,Data replog,,,Cal83,True,IR
ir080115.0172,CAL 83,05:43:27.1,-68:22:37,2008-01-16,06:25:58.5,2454481.768,25.0,1.54,H,H,,,,missingreplog_Cal83.csv,,,Data replog,,,Cal83,True,IR
ir080115.0171,CAL 83,05:43:27.1,-68:22:37,2008-01-16,06:24:48.3,2454481.7672,25.0,1.54,H,H,,,,missingreplog_Cal83.csv,,,Data replog,,,Cal83,True,IR
ir080115.0170,CAL 83,05:43:27.1,-68:22:37,2008-01-16,06:22:35.8,2454481.7657,25.0,1.53,J,J,,,,missingreplog_Cal83.csv,,,Data replog,,,Cal83,True,IR
ir080115.0169,CAL 83,05:43:27.2,-68:22:37,2008-01-16,06:21:25.4,2454481.7649,25.0,1.53,J,J,,,,missingreplog_Cal83.csv,,,Data replog,,,Cal83,True,IR
ir080115.0168,CAL 83,05:43:27.2,-68:22:37,2008-01-16,06:20:15.3,2454481.7641,25.1,1.53,J,J,,,,missingreplog_Cal83.csv,,,Data replog,,,Cal83,True,IR
ir080115.0167,CAL 83,05:43:27.3,-68:22:37,2008-01-16,06:18:02.1,2454481.7625,25.1,1.52,J,J,,,,missingreplog_Cal83.csv,,,Data replog,,,Cal83,True,IR
ir080115.0166,CAL 83,05:43:27.4,-68:22:37,2008-01-16,06:16:51.6,2454481.7617,25.1,1.52,J,J,,,,missingreplog_Cal83.csv,,,Data replog,,,Cal83,True,IR
ir080115.0165,CAL 83,05:43:27.6,-68:22:38,2008-01-16,06:15:41.3,2454481.7609,25.1,1.52,J,J,,,,missingreplog_Cal83.csv,,,Data replog,,,Cal83,True,IR
ir080229.0044,CAL 83,05:43:34.4,-68:22:17,2008-03-01,02:41:42.7,2454526.6123,25.1,1.43,J,J,,,,missingreplog_Cal83.csv,,,Data replog,,,Cal83,True,IR
ir080229.0043,CAL 83,05:43:34.4,-68:22:17,2008-03-01,02:40:32.4,2454526.6115,25.0,1.43,J,J,,,,missingreplog_Cal83.csv,,,Data replog,,,Cal83,True,IR
ir080229.0042,CAL 83,05:43:34.4,-68:22:17,2008-03-01,02:39:22.1,2454526.6107,25.1,1.43,J,J,,,,missingreplog_Cal83.csv,,,Data replog,,,Cal83,True,IR
irfocus.0066,CAL 83,05:43:30.7,-68:22:37,2008-02-29,02:00:32.8,2454525.5837,25.1,1.36,J,J,,,,missingreplog_Cal83.csv,,,Data replog,,,Cal83,True,IR
irfocus.0065,CAL 83,05:43:30.8,-68:22:37,2008-02-29,01:59:22.4,2454525.5829,25.0,1.36,J,J,,,,missingreplog_Cal83.csv,,,Data replog,,,Cal83,True,IR
irfocus.0064,CAL 83,05:43:30.9,-68:22:37,2008-02-29,01:58:12.5,2454525.5821,25.0,1.35,J,J,,,,missingreplog_Cal83.csv,,,Data replog,,,Cal83,True,IR
ir080227.0003,CAL 83,05:43:30.4,-68:22:30,2008-02-28,02:02:32.6,2454524.5851,25.0,1.36,J,J,,,,missingreplog_Cal83.csv,,,Data replog,,,Cal83,True,IR
ir080216.0028,CAL 83,05:43:27.9,-68:22:20,2008-02-17,01:24:19.9,2454513.5586,25.1,1.28,K,K,,,,missingreplog_Cal83.csv,,,Data replog,,,Cal83,True,IR
ir080216.0026,CAL 83,05:43:27.9,-68:22:20,2008-02-17,01:20:56.8,2454513.5562,25.0,1.28,H,H,,,,missingreplog_Cal83.csv,,,Data replog,,,Cal83,True,IR
ir080316.0032,CAL 83,05:43:26.5,-68:22:05,2008-03-17,01:32:33.5,2454542.5643,25.0,1.42,H,H,,,,missingreplog_Cal83.csv,,,Data replog,,,Cal83,True,IR
ir080131.0095,Cal 83,05:43:26.6,-68:22:15,2008-02-01,03:13:43.8,2454497.6345,30.0,1.32,J,J,,,,missingreplog_Cal83.csv,,,Data replog,,,Cal83,True,IR
ir080131.0106,CAL 83,05:43:26.4,-68:22:16,2008-02-01,03:25:10.5,2454497.6425,25.0,1.33,J,J,,,,missingreplog_Cal83.csv,,,Data replog,,,Cal83,True,IR
ir080131.0105,CAL 83,05:43:26.3,-68:22:15,2008-02-01,03:24:00.1,2454497.6417,25.0,1.33,J,J,,,,missingreplog_Cal83.csv,,,Data replog,,,Cal83,True,IR
ir080131.0104,CAL 83,05:43:26.3,-68:22:15,2008-02-01,03:22:49.8,2454497.6409,25.0,1.32,J,J,,,,missingreplog_Cal83.csv,,,Data replog,,,Cal83,True,IR
ir080131.0103,Cal 83,05:43:26.3,-68:22:15,2008-02-01,03:20:44.7,2454497.6394,30.0,1.32,J,J,,,,missingreplog_Cal83.csv,,,Data replog,,,Cal83,True,IR
ir080131.0102,Cal 83,05:43:26.4,-68:22:15,2008-02-01,03:19:58.5,2454497.6389,30.0,1.32,J,J,,,,missingreplog_Cal83.csv,,,Data replog,,,Cal83,True,IR
ir080131.0101,Cal 83,05:43:26.3,-68:22:15,2008-02-01,03:19:12.1,2454497.6383,30.0,1.32,J,J,,,,missingreplog_Cal83.csv,,,Data replog,,,Cal83,True,IR
ir080131.0100,Cal 83,05:43:26.4,-68:22:14,2008-02-01,03:18:25.8,2454497.6378,30.1,1.32,J,J,,,,missingreplog_Cal83.csv,,,Data replog,,,Cal83,True,IR
ir080131.0099,Cal 83,05:43:26.4,-68:22:14,2008-02-01,03:17:39.7,2454497.6373,30.0,1.32,J,J,,,,missingreplog_Cal83.csv,,,Data replog,,,Cal83,True,IR
ir080131.0098,Cal 83,05:43:26.5,-68:22:15,2008-02-01,03:16:53.2,2454497.6367,30.0,1.32,J,J,,,,missingreplog_Cal83.csv,,,Data replog,,,Cal83,True,IR
ir080131.0097,Cal 83,05:43:26.5,-68:22:15,2008-02-01,03:16:06.6,2454497.6362,30.1,1.32,J,J,,,,missingreplog_Cal83.csv,,,Data replog,,,Cal83,True,IR
ir080131.0096,Cal 83,05:43:26.6,-68:22:15,2008-02-01,03:15:20.5,2454497.6357,30.1,1.32,J,J,,,,missingreplog_Cal83.csv,,,Data replog,,,Cal83,True,IR
ir080131.0094,Cal 83,05:43:26.6,-68:22:14,2008-02-01,03:12:57.6,2454497.634,30.1,1.32,J,J,,,,missingreplog_Cal83.csv,,,Data replog,,,Cal83,True,IR
ir080216.0025,CAL 83,05:43:28.0,-68:22:20,2008-02-17,01:19:46.7,2454513.5554,25.1,1.28,H,H,,,,missingreplog_Cal83.csv,,,Data replog,,,Cal83,True,IR
ir080131.0093,Cal 83,05:43:26.6,-68:22:15,2008-02-01,03:12:11.3,2454497.6335,30.1,1.31,J,J,,,,missingreplog_Cal83.csv,,,Data replog,,,Cal83,True,IR
ir080131.0092,Cal 83,05:43:26.6,-68:22:15,2008-02-01,03:11:24.8,2454497.6329,30.0,1.31,J,J,,,,missingreplog_Cal83.csv,,,Data replog,,,Cal83,True,IR
ir080131.0091,Cal 83,05:43:26.7,-68:22:14,2008-02-01,03:10:38.6,2454497.6324,30.1,1.31,J,J,,,,missingreplog_Cal83.csv,,,Data replog,,,Cal83,True,IR
ir080131.0090,Cal 83,05:43:26.7,-68:22:15,2008-02-01,03:09:52.2,2454497.6319,30.0,1.31,J,J,,,,missingreplog_Cal83.csv,,,Data replog,,,Cal83,True,IR
ir080131.0089,Cal 83,05:43:26.8,-68:22:16,2008-02-01,03:09:05.7,2454497.6313,30.1,1.31,J,J,,,,missingreplog_Cal83.csv,,,Data replog,,,Cal83,True,IR
ir080131.0088,Cal 83,05:43:26.8,-68:22:16,2008-02-01,03:08:19.6,2454497.6308,30.0,1.31,J,J,,,,missingreplog_Cal83.csv,,,Data replog,,,Cal83,True,IR
ir080130.0165,CAL 83,05:43:30.1,-68:22:35,2008-01-31,03:57:45.9,2454496.6651,25.0,1.36,J,J,,,,missingreplog_Cal83.csv,,,Data replog,,,Cal83,True,IR
ir080130.0164,CAL 83,05:43:30.2,-68:22:35,2008-01-31,03:56:35.4,2454496.6643,25.0,1.36,J,J,,,,missingreplog_Cal83.csv,,,Data replog,,,Cal83,True,IR
ir080130.0163,CAL 83,05:43:30.3,-68:22:36,2008-01-31,03:55:25.3,2454496.6635,25.0,1.36,J,J,,,,missingreplog_Cal83.csv,,,Data replog,,,Cal83,True,IR
ir080129.0119,CAL 83,05:43:30.4,-68:22:36,2008-01-30,03:29:49.7,2454495.6457,25.1,1.32,J,J,,,,missingreplog_Cal83.csv,,,Data replog,,,Cal83,True,IR
ir080129.0118,CAL 83,05:43:30.4,-68:22:35,2008-01-30,03:28:39.2,2454495.6449,25.1,1.32,J,J,,,,missingreplog_Cal83.csv,,,Data replog,,,Cal83,True,IR
ir080202.0212,CAL 83,05:43:26.0,-68:22:25,2008-02-03,03:46:37.4,2454499.6574,25.0,1.36,J,J,,,,missingreplog_Cal83.csv,,,Data replog,,,Cal83,True,IR
ir080202.0213,CAL 83,05:43:25.9,-68:22:25,2008-02-03,03:47:47.5,2454499.6582,25.1,1.36,J,J,,,,missingreplog_Cal83.csv,,,Data replog,,,Cal83,True,IR
ir080202.0214,CAL 83,05:43:25.9,-68:22:25,2008-02-03,03:48:57.9,2454499.659,25.0,1.37,J,J,,,,missingreplog_Cal83.csv,,,Data replog,,,Cal83,True,IR
ir080203.0019,CAL 83,05:43:27.6,-68:22:22,2008-02-04,01:57:39.6,2454500.5817,25.0,1.28,J,J,,,,missingreplog_Cal83.csv,,,Data replog,,,Cal83,True,IR
ir080216.0024,CAL 83,05:43:28.0,-68:22:20,2008-02-17,01:17:34.2,2454513.5539,25.1,1.28,J,J,,,,missingreplog_Cal83.csv,,,Data replog,,,Cal83,True,IR
ir080216.0023,CAL 83,05:43:28.0,-68:22:20,2008-02-17,01:16:23.8,2454513.5531,25.1,1.28,J,J,,,,missingreplog_Cal83.csv,,,Data replog,,,Cal83,True,IR
ir080216.0022,CAL 83,05:43:28.1,-68:22:21,2008-02-17,01:15:13.6,2454513.5522,25.1,1.28,J,J,,,,missingreplog_Cal83.csv,,,Data replog,,,Cal83,True,IR
ir080214.0045,CAL 83,05:43:26.3,-68:22:08,2008-02-15,02:51:14.6,2454511.6189,25.0,1.35,J,J,,,,missingreplog_Cal83.csv,,,Data replog,,,Cal83,True,IR
ir080214.0044,CAL 83,05:43:26.3,-68:22:08,2008-02-15,02:50:04.2,2454511.6181,25.0,1.35,J,J,,,,missingreplog_Cal83.csv,,,Data replog,,,Cal83,True,IR
ir080214.0043,CAL 83,05:43:26.4,-68:22:08,2008-02-15,02:48:53.8,2454511.6173,25.1,1.35,J,J,,,,missingreplog_Cal83.csv,,,Data replog,,,Cal83,True,IR
ir080213.0072,CAL 83,05:43:34.3,-68:22:18,2008-02-14,02:58:14.4,2454510.6238,25.1,1.36,J,J,,,,missingreplog_Cal83.csv,,,Data replog,,,Cal83,True,IR
ir080213.0071,CAL 83,05:43:34.4,-68:22:17,2008-02-14,02:57:04.0,2454510.623,25.0,1.35,J,J,,,,missingreplog_Cal83.csv,,,Data replog,,,Cal83,True,IR
ir080213.0070,CAL 83,05:43:34.4,-68:22:18,2008-02-14,02:55:54.0,2454510.6222,25.0,1.35,J,J,,,,missingreplog_Cal83.csv,,,Data replog,,,Cal83,True,IR
ir080208.0018,CAL 83,05:43:32.8,-68:22:42,2008-02-09,01:10:23.3,2454505.5489,25.0,1.28,J,J,,,,missingreplog_Cal83.csv,,,Data replog,,,Cal83,True,IR
ir080208.0017,CAL 83,05:43:33.0,-68:22:42,2008-02-09,01:09:12.9,2454505.5481,25.0,1.28,J,J,,,,missingreplog_Cal83.csv,,,Data replog,,,Cal83,True,IR
ir080208.0016,CAL 83,05:43:33.1,-68:22:42,2008-02-09,01:08:02.9,2454505.5473,25.0,1.28,J,J,,,,missingreplog_Cal83.csv,,,Data replog,,,Cal83,True,IR
ir080206.0005,CAL 83,05:43:28.6,-68:22:20,2008-02-07,01:13:47.7,2454503.5513,25.1,1.28,J,J,,,,missingreplog_Cal83.csv,,,Data replog,,,Cal83,True,IR
ir080206.0004,CAL 83,05:43:28.6,-68:22:21,2008-02-07,01:12:37.2,2454503.5504,25.1,1.28,J,J,,,,missingreplog_Cal83.csv,,,Data replog,,,Cal83,True,IR
ir080206.0003,CAL 83,05:43:28.7,-68:22:21,2008-02-07,01:11:27.2,2454503.5496,25.0,1.28,J,J,,,,missingreplog_Cal83.csv,,,Data replog,,,Cal83,True,IR
ir080205.0172,CAL 83,05:43:23.6,-68:22:05,2008-02-06,04:58:16.6,2454502.7071,25.0,1.53,J,J,,,,missingreplog_Cal83.csv,,,Data replog,,,Cal83,True,IR
ir080205.0171,CAL 83,05:43:23.7,-68:22:05,2008-02-06,04:57:06.3,2454502.7063,25.1,1.53,J,J,,,,missingreplog_Cal83.csv,,,Data replog,,,Cal83,True,IR
ir080205.0170,CAL 83,05:43:23.8,-68:22:05,2008-02-06,04:55:56.1,2454502.7055,25.0,1.52,J,J,,,,missingreplog_Cal83.csv,,,Data replog,,,Cal83,True,IR
ir080204.0055,CAL 83,05:43:27.7,-68:22:35,2008-02-05,02:05:18.9,2454501.587,25.0,1.28,J,J,,,,missingreplog_Cal83.csv,,,Data replog,,,Cal83,True,IR
ir080204.0054,CAL 83,05:43:27.8,-68:22:36,2008-02-05,02:04:08.6,2454501.5862,25.0,1.28,J,J,,,,missingreplog_Cal83.csv,,,Data replog,,,Cal83,True,IR
ir080204.0053,CAL 83,05:43:27.9,-68:22:36,2008-02-05,02:02:58.5,2454501.5854,25.0,1.28,J,J,,,,missingreplog_Cal83.csv,,,Data replog,,,Cal83,True,IR
ir080203.0021,CAL 83,05:43:27.5,-68:22:20,2008-02-04,02:00:00.2,2454500.5833,25.1,1.28,J,J,,,,missingreplog_Cal83.csv,,,Data replog,,,Cal83,True,IR
ir080203.0020,CAL 83,05:43:27.5,-68:22:20,2008-02-04,01:58:49.7,2454500.5825,25.0,1.28,J,J,,,,missingreplog_Cal83.csv,,,Data replog,,,Cal83,True,IR
ir080218.0048,CAL 83,05:43:26.5,-68:22:02,2008-02-19,02:32:14.1,2454515.6057,25.0,1.35,J,J,,,,missingreplog_Cal83.csv,,,Data replog,,,Cal83,True,IR
ir080218.0049,CAL 83,05:43:26.5,-68:22:02,2008-02-19,02:33:24.5,2454515.6065,25.1,1.35,J,J,,,,missingreplog_Cal83.csv,,,Data replog,,,Cal83,True,IR
ir080306.0003,CAL 83,05:43:28.3,-68:22:25,2008-03-07,01:29:01.6,2454532.5618,25.1,1.35,J,J,,,,missingreplog_Cal83.csv,,,Data replog,,,Cal83,True,IR
ir080312.0007,CAL 83,05:43:30.1,-68:22:35,2008-03-13,00:35:24.8,2454538.5246,25.1,1.32,J,J,,,,missingreplog_Cal83.csv,,,Data replog,,,Cal83,True,IR
ir080313.0040,CAL 83,05:43:25.6,-68:22:14,2008-03-14,01:38:40.9,2454539.5685,25.1,1.41,J,J,,,,missingreplog_Cal83.csv,,,Data replog,,,Cal83,True,IR
ir080313.0039,CAL 83,05:43:25.7,-68:22:15,2008-03-14,01:37:30.4,2454539.5677,25.1,1.41,J,J,,,,missingreplog_Cal83.csv,,,Data replog,,,Cal83,True,IR
ir080312.0016,CAL 83,05:43:30.1,-68:22:35,2008-03-13,00:49:08.5,2454538.5341,25.0,1.33,J,J,,,,missingreplog_Cal83.csv,,,Data replog,,,Cal83,True,IR
ir080312.0015,CAL 83,05:43:30.1,-68:22:35,2008-03-13,00:47:58.1,2454538.5333,25.0,1.33,J,J,,,,missingreplog_Cal83.csv,,,Data replog,,,Cal83,True,IR
ir080312.0014,CAL 83,05:43:30.1,-68:22:35,2008-03-13,00:46:47.9,2454538.5325,25.1,1.33,J,J,,,,missingreplog_Cal83.csv,,,Data replog,,,Cal83,True,IR
ir080312.0013,CAL 83,05:43:30.1,-68:22:35,2008-03-13,00:44:30.2,2454538.5309,25.1,1.33,K,K,,,,missingreplog_Cal83.csv,,,Data replog,,,Cal83,True,IR
ir080312.0012,CAL 83,05:43:30.1,-68:22:35,2008-03-13,00:43:19.9,2454538.5301,25.1,1.33,K,K,,,,missingreplog_Cal83.csv,,,Data replog,,,Cal83,True,IR
ir080312.0011,CAL 83,05:43:30.0,-68:22:35,2008-03-13,00:42:09.8,2454538.5293,25.1,1.33,K,K,,,,missingreplog_Cal83.csv,,,Data replog,,,Cal83,True,IR
ir080312.0010,CAL 83,05:43:30.0,-68:22:35,2008-03-13,00:39:57.7,2454538.5278,25.1,1.32,H,H,,,,missingreplog_Cal83.csv,,,Data replog,,,Cal83,True,IR
ir080312.0009,CAL 83,05:43:30.1,-68:22:35,2008-03-13,00:38:47.3,2454538.5269,25.1,1.32,H,H,,,,missingreplog_Cal83.csv,,,Data replog,,,Cal83,True,IR
ir080312.0008,CAL 83,05:43:30.1,-68:22:34,2008-03-13,00:37:37.1,2454538.5261,25.1,1.32,H,H,,,,missingreplog_Cal83.csv,,,Data replog,,,Cal83,True,IR
ir080312.0006,CAL 83,05:43:30.1,-68:22:35,2008-03-13,00:34:14.2,2454538.5238,25.1,1.32,J,J,,,,missingreplog_Cal83.csv,,,Data replog,,,Cal83,True,IR
ir080306.0004,CAL 83,05:43:28.2,-68:22:24,2008-03-07,01:30:11.7,2454532.5626,25.1,1.35,J,J,,,,missingreplog_Cal83.csv,,,Data replog,,,Cal83,True,IR
ir080312.0005,CAL 83,05:43:30.1,-68:22:35,2008-03-13,00:33:04.2,2454538.523,25.1,1.32,J,J,,,,missingreplog_Cal83.csv,,,Data replog,,,Cal83,True,IR
ir080311.0042,CAL 83,05:43:27.7,-68:22:28,2008-03-12,00:57:46.3,2454537.5401,25.0,1.34,J,J,,,,missingreplog_Cal83.csv,,,Data replog,,,Cal83,True,IR
ir080311.0041,CAL 83,05:43:27.8,-68:22:29,2008-03-12,00:56:35.9,2454537.5393,25.1,1.34,J,J,,,,missingreplog_Cal83.csv,,,Data replog,,,Cal83,True,IR
ir080311.0040,CAL 83,05:43:28.0,-68:22:29,2008-03-12,00:55:25.7,2454537.5385,25.0,1.34,J,J,,,,missingreplog_Cal83.csv,,,Data replog,,,Cal83,True,IR
ir080310.0046,CAL 83,05:43:26.7,-68:22:30,2008-03-11,01:57:59.8,2454536.582,25.1,1.42,J,J,,,,missingreplog_Cal83.csv,,,Data replog,,,Cal83,True,IR
ir080310.0045,CAL 83,05:43:26.8,-68:22:30,2008-03-11,01:56:49.4,2454536.5811,25.1,1.42,J,J,,,,missingreplog_Cal83.csv,,,Data replog,,,Cal83,True,IR
ir080310.0044,CAL 83,05:43:26.9,-68:22:31,2008-03-11,01:55:39.1,2454536.5803,25.0,1.42,J,J,,,,missingreplog_Cal83.csv,,,Data replog,,,Cal83,True,IR
ir080307.0037,CAL 83,05:43:26.8,-68:22:32,2008-03-08,02:03:53.5,2454533.586,25.0,1.41,J,J,,,,missingreplog_Cal83.csv,,,Data replog,,,Cal83,True,IR
ir080307.0036,CAL 83,05:43:26.8,-68:22:32,2008-03-08,02:02:43.0,2454533.5852,25.1,1.41,J,J,,,,missingreplog_Cal83.csv,,,Data replog,,,Cal83,True,IR
ir080307.0035,CAL 83,05:43:26.8,-68:22:33,2008-03-08,02:01:32.8,2454533.5844,25.0,1.41,J,J,,,,missingreplog_Cal83.csv,,,Data replog,,,Cal83,True,IR
ir081204.0226,CAL 83,05:43:26.2,-68:22:27,2008-12-05,05:31:23.7,2454805.7301,25.0,1.28,K,K,,,,missingreplog_Cal83.csv,,,Data replog,,,Cal83,True,IR
ir080313.0041,CAL 83,05:43:25.6,-68:22:14,2008-03-14,01:39:51.6,2454539.5694,25.0,1.41,J,J,,,,missingreplog_Cal83.csv,,,Data replog,,,Cal83,True,IR
ir080313.0042,CAL 83,05:43:25.6,-68:22:13,2008-03-14,01:42:04.3,2454539.5709,25.0,1.42,H,H,,,,missingreplog_Cal83.csv,,,Data replog,,,Cal83,True,IR
ir080313.0043,CAL 83,05:43:25.6,-68:22:13,2008-03-14,01:43:14.6,2454539.5717,25.0,1.42,H,H,,,,missingreplog_Cal83.csv,,,Data replog,,,Cal83,True,IR
ir080313.0044,CAL 83,05:43:25.5,-68:22:13,2008-03-14,01:44:25.3,2454539.5725,25.0,1.42,H,H,,,,missingreplog_Cal83.csv,,,Data replog,,,Cal83,True,IR
ir080316.0031,CAL 83,05:43:26.5,-68:22:05,2008-03-17,01:31:23.0,2454542.5635,25.1,1.42,H,H,,,,missingreplog_Cal83.csv,,,Data replog,,,Cal83,True,IR
ir080316.0030,CAL 83,05:43:26.5,-68:22:06,2008-03-17,01:30:13.0,2454542.5627,25.1,1.42,H,H,,,,missingreplog_Cal83.csv,,,Data replog,,,Cal83,True,IR
ir080316.0029,CAL 83,05:43:26.6,-68:22:06,2008-03-17,01:28:00.9,2454542.5611,25.1,1.41,J,J,,,,missingreplog_Cal83.csv,,,Data replog,,,Cal83,True,IR
ir080316.0028,CAL 83,05:43:26.7,-68:22:06,2008-03-17,01:26:50.6,2454542.5603,25.1,1.41,J,J,,,,missingreplog_Cal83.csv,,,Data replog,,,Cal83,True,IR
ir080316.0027,CAL 83,05:43:26.8,-68:22:06,2008-03-17,01:25:40.5,2454542.5595,25.1,1.41,J,J,,,,missingreplog_Cal83.csv,,,Data replog,,,Cal83,True,IR
ir080315.0046,CAL 83,05:43:25.2,-68:22:15,2008-03-16,01:50:06.7,2454541.5765,25.0,1.45,J,J,,,,missingreplog_Cal83.csv,,,Data replog,,,Cal83,True,IR
ir080315.0045,CAL 83,05:43:25.2,-68:22:15,2008-03-16,01:48:56.2,2454541.5757,25.0,1.44,J,J,,,,missingreplog_Cal83.csv,,,Data replog,,,Cal83,True,IR
ir080315.0044,CAL 83,05:43:25.2,-68:22:15,2008-03-16,01:47:46.2,2454541.5748,25.0,1.44,J,J,,,,missingreplog_Cal83.csv,,,Data replog,,,Cal83,True,IR
ir080315.0043,CAL 83,05:43:25.2,-68:22:14,2008-03-16,01:45:28.5,2454541.5732,25.1,1.44,K,K,,,,missingreplog_Cal83.csv,,,Data replog,,,Cal83,True,IR
ir080315.0042,CAL 83,05:43:25.2,-68:22:14,2008-03-16,01:44:18.0,2454541.5724,25.1,1.44,K,K,,,,missingreplog_Cal83.csv,,,Data replog,,,Cal83,True,IR
ir080315.0041,CAL 83,05:43:25.2,-68:22:14,2008-03-16,01:43:07.9,2454541.5716,25.0,1.43,K,K,,,,missingreplog_Cal83.csv,,,Data replog,,,Cal83,True,IR
ir080315.0040,CAL 83,05:43:25.2,-68:22:14,2008-03-16,01:40:55.8,2454541.5701,25.0,1.43,H,H,,,,missingreplog_Cal83.csv,,,Data replog,,,Cal83,True,IR
ir080315.0039,CAL 83,05:43:25.3,-68:22:14,2008-03-16,01:39:45.2,2454541.5693,25.0,1.43,H,H,,,,missingreplog_Cal83.csv,,,Data replog,,,Cal83,True,IR
ir080315.0038,CAL 83,05:43:25.3,-68:22:14,2008-03-16,01:38:35.1,2454541.5685,25.0,1.42,H,H,,,,missingreplog_Cal83.csv,,,Data replog,,,Cal83,True,IR
ir080315.0037,CAL 83,05:43:25.4,-68:22:14,2008-03-16,01:36:22.5,2454541.5669,25.0,1.42,J,J,,,,missingreplog_Cal83.csv,,,Data replog,,,Cal83,True,IR
ir080315.0036,CAL 83,05:43:25.4,-68:22:15,2008-03-16,01:35:12.1,2454541.5661,25.0,1.42,J,J,,,,missingreplog_Cal83.csv,,,Data replog,,,Cal83,True,IR
ir080315.0035,CAL 83,05:43:25.4,-68:22:15,2008-03-16,01:34:02.0,2454541.5653,25.0,1.42,J,J,,,,missingreplog_Cal83.csv,,,Data replog,,,Cal83,True,IR
ir080313.0050,CAL 83,05:43:25.5,-68:22:13,2008-03-14,01:53:37.3,2454539.5789,25.0,1.44,J,J,,,,missingreplog_Cal83.csv,,,Data replog,,,Cal83,True,IR
ir080313.0049,CAL 83,05:43:25.5,-68:22:13,2008-03-14,01:52:26.7,2454539.5781,25.1,1.44,J,J,,,,missingreplog_Cal83.csv,,,Data replog,,,Cal83,True,IR
ir080313.0048,CAL 83,05:43:25.5,-68:22:13,2008-03-14,01:51:16.4,2454539.5773,25.1,1.43,J,J,,,,missingreplog_Cal83.csv,,,Data replog,,,Cal83,True,IR
ir080313.0047,CAL 83,05:43:25.5,-68:22:13,2008-03-14,01:48:58.6,2454539.5757,25.1,1.43,K,K,,,,missingreplog_Cal83.csv,,,Data replog,,,Cal83,True,IR
ir080313.0046,CAL 83,05:43:25.5,-68:22:13,2008-03-14,01:47:48.0,2454539.5749,25.0,1.43,K,K,,,,missingreplog_Cal83.csv,,,Data replog,,,Cal83,True,IR
ir080313.0045,CAL 83,05:43:25.5,-68:22:13,2008-03-14,01:46:37.7,2454539.574,25.0,1.42,K,K,,,,missingreplog_Cal83.csv,,,Data replog,,,Cal83,True,IR
ir081204.0225,CAL 83,05:43:26.2,-68:22:26,2008-12-05,05:30:13.1,2454805.7293,25.0,1.28,K,K,,,,missingreplog_Cal83.csv,,,Data replog,,,Cal83,True,IR
ir081204.0224,CAL 83,05:43:26.2,-68:22:27,2008-12-05,05:29:02.9,2454805.7285,25.0,1.28,K,K,,,,missingreplog_Cal83.csv,,,Data replog,,,Cal83,True,IR
ir081204.0223,CAL 83,05:43:26.3,-68:22:27,2008-12-05,05:26:47.0,2454805.7269,25.1,1.28,H,H,,,,missingreplog_Cal83.csv,,,Data replog,,,Cal83,True,IR
ir080513.0006,CAL 83,05:43:23.1,-68:22:24,2008-05-13,22:59:43.3,2454600.4581,25.0,1.61,H,H,,,,missingreplog_Cal83.csv,,,Data replog,,,Cal83,True,IR
ir080513.0004,CAL 83,05:43:23.2,-68:22:25,2008-05-13,22:57:21.9,2454600.4565,25.0,1.6,H,H,,,,missingreplog_Cal83.csv,,,Data replog,,,Cal83,True,IR
ir080513.0003,CAL 83,05:43:23.4,-68:22:25,2008-05-13,22:55:09.6,2454600.455,25.0,1.59,J,J,,,,missingreplog_Cal83.csv,,,Data replog,,,Cal83,True,IR
ir080513.0002,CAL 83,05:43:23.4,-68:22:26,2008-05-13,22:53:58.8,2454600.4542,25.0,1.59,J,J,,,,missingreplog_Cal83.csv,,,Data replog,,,Cal83,True,IR
ir080513.0001,CAL 83,05:43:23.5,-68:22:26,2008-05-13,22:52:48.5,2454600.4533,25.0,1.58,J,J,,,,missingreplog_Cal83.csv,,,Data replog,,,Cal83,True,IR
ir080426.0012,CAL 83,05:43:22.8,-68:22:07,2008-04-26,23:40:13.5,2454583.4863,25.1,1.53,J,J,,,,missingreplog_Cal83.csv,,,Data replog,,,Cal83,True,IR
ir080426.0011,CAL 83,05:43:22.9,-68:22:07,2008-04-26,23:39:03.0,2454583.4855,25.0,1.53,J,J,,,,missingreplog_Cal83.csv,,,Data replog,,,Cal83,True,IR
ir080426.0010,CAL 83,05:43:22.9,-68:22:07,2008-04-26,23:37:52.7,2454583.4846,25.1,1.52,J,J,,,,missingreplog_Cal83.csv,,,Data replog,,,Cal83,True,IR
ir080426.0009,CAL 83,05:43:22.9,-68:22:07,2008-04-26,23:35:35.0,2454583.483,25.1,1.52,K,K,,,,missingreplog_Cal83.csv,,,Data replog,,,Cal83,True,IR
ir080426.0008,CAL 83,05:43:23.9,-68:22:07,2008-04-26,23:34:24.4,2454583.4822,25.1,1.51,K,K,,,,missingreplog_Cal83.csv,,,Data replog,,,Cal83,True,IR
ir080426.0007,CAL 83,05:43:23.0,-68:22:07,2008-04-26,23:33:14.1,2454583.4814,25.0,1.51,K,K,,,,missingreplog_Cal83.csv,,,Data replog,,,Cal83,True,IR
ir080426.0006,CAL 83,05:43:23.0,-68:22:07,2008-04-26,23:31:01.9,2454583.4799,25.0,1.51,H,H,,,,missingreplog_Cal83.csv,,,Data replog,,,Cal83,True,IR
ir080426.0005,CAL 83,05:43:23.1,-68:22:06,2008-04-26,23:29:51.2,2454583.4791,25.0,1.5,H,H,,,,missingreplog_Cal83.csv,,,Data replog,,,Cal83,True,IR
ir080426.0004,CAL 83,05:43:23.1,-68:22:06,2008-04-26,23:28:40.9,2454583.4783,25.0,1.5,H,H,,,,missingreplog_Cal83.csv,,,Data replog,,,Cal83,True,IR
ir080426.0003,CAL 83,05:43:23.3,-68:22:06,2008-04-26,23:26:28.9,2454583.4767,25.0,1.5,J,J,,,,missingreplog_Cal83.csv,,,Data replog,,,Cal83,True,IR
ir080426.0002,CAL 83,05:43:23.3,-68:22:07,2008-04-26,23:25:18.2,2454583.4759,25.0,1.49,J,J,,,,missingreplog_Cal83.csv,,,Data replog,,,Cal83,True,IR
ir080426.0001,CAL 83,05:43:23.5,-68:22:07,2008-04-26,23:24:07.9,2454583.4751,25.1,1.49,J,J,,,,missingreplog_Cal83.csv,,,Data replog,,,Cal83,True,IR
ir080409.0026,CAL 83,05:43:29.6,-68:22:40,2008-04-09,23:51:39.2,2454566.4942,25.1,1.41,J,J,,,,missingreplog_Cal83.csv,,,Data replog,,,Cal83,True,IR
ir080409.0025,CAL 83,05:43:29.7,-68:22:41,2008-04-09,23:50:28.8,2454566.4934,25.0,1.41,J,J,,,,missingreplog_Cal83.csv,,,Data replog,,,Cal83,True,IR
ir080409.0024,CAL 83,05:43:29.8,-68:22:41,2008-04-09,23:49:18.6,2454566.4926,25.1,1.4,J,J,,,,missingreplog_Cal83.csv,,,Data replog,,,Cal83,True,IR
ir080323.0128,CAL 83,05:43:26.0,-68:22:36,2008-03-24,02:26:31.8,2454549.6018,25.0,1.63,J,J,,,,missingreplog_Cal83.csv,,,Data replog,,,Cal83,True,IR
ir080323.0127,CAL 83,05:43:26.1,-68:22:36,2008-03-24,02:25:21.2,2454549.6009,25.1,1.62,J,J,,,,missingreplog_Cal83.csv,,,Data replog,,,Cal83,True,IR
ir080323.0126,CAL 83,05:43:26.2,-68:22:36,2008-03-24,02:24:11.1,2454549.6001,25.0,1.62,J,J,,,,missingreplog_Cal83.csv,,,Data replog,,,Cal83,True,IR
ir080306.0005,CAL 83,05:43:28.0,-68:22:24,2008-03-07,01:31:22.2,2454532.5634,25.0,1.36,J,J,,,,missingreplog_Cal83.csv,,,Data replog,,,Cal83,True,IR
ir080513.0005,CAL 83,05:43:23.2,-68:22:25,2008-05-13,22:58:32.3,2454600.4573,25.1,1.6,H,H,,,,missingreplog_Cal83.csv,,,Data replog,,,Cal83,True,IR
ir080513.0007,CAL 83,05:43:23.0,-68:22:25,2008-05-13,23:01:54.8,2454600.4597,25.1,1.61,K,K,,,,missingreplog_Cal83.csv,,,Data replog,,,Cal83,True,IR
ir081204.0222,CAL 83,05:43:26.3,-68:22:28,2008-12-05,05:25:36.5,2454805.7261,25.0,1.28,H,H,,,,missingreplog_Cal83.csv,,,Data replog,,,Cal83,True,IR
ir080513.0008,CAL 83,05:43:23.0,-68:22:25,2008-05-13,23:03:05.3,2454600.4605,25.0,1.62,K,K,,,,missingreplog_Cal83.csv,,,Data replog,,,Cal83,True,IR
ir081204.0221,CAL 83,05:43:26.3,-68:22:28,2008-12-05,05:24:26.0,2454805.7253,25.1,1.28,H,H,,,,missingreplog_Cal83.csv,,,Data replog,,,Cal83,True,IR
ir081204.0220,CAL 83,05:43:26.4,-68:22:29,2008-12-05,05:22:10.2,2454805.7237,25.1,1.28,J,J,,,,missingreplog_Cal83.csv,,,Data replog,,,Cal83,True,IR
ir081204.0219,CAL 83,05:43:26.4,-68:22:28,2008-12-05,05:20:59.5,2454805.7229,25.0,1.28,J,J,,,,missingreplog_Cal83.csv,,,Data replog,,,Cal83,True,IR
ir081204.0218,CAL 83,05:43:26.4,-68:22:29,2008-12-05,05:19:49.2,2454805.7221,25.0,1.28,J,J,,,,missingreplog_Cal83.csv,,,Data replog,,,Cal83,True,IR
ir081204.0217,CAL 83,05:43:26.4,-68:22:29,2008-12-05,05:17:33.7,2454805.7205,25.0,1.28,J,J,,,,missingreplog_Cal83.csv,,,Data replog,,,Cal83,True,IR
ir081204.0216,CAL 83,05:43:26.5,-68:22:29,2008-12-05,05:16:22.9,2454805.7197,25.0,1.28,J,J,,,,missingreplog_Cal83.csv,,,Data replog,,,Cal83,True,IR
ir081204.0215,CAL 83,05:43:26.5,-68:22:30,2008-12-05,05:15:12.4,2454805.7189,25.1,1.28,J,J,,,,missingreplog_Cal83.csv,,,Data replog,,,Cal83,True,IR
ir080926.0253,CAL 83,05:43:25.8,-68:22:38,2008-09-27,06:02:29.0,2454736.7517,25.0,1.6,K,K,,,,missingreplog_Cal83.csv,,,Data replog,,,Cal83,True,IR
ir080926.0252,CAL 83,05:43:25.7,-68:22:38,2008-09-27,06:01:17.4,2454736.7509,25.0,1.6,K,K,,,,missingreplog_Cal83.csv,,,Data replog,,,Cal83,True,IR
ir080926.0251,CAL 83,05:43:25.6,-68:22:38,2008-09-27,06:00:06.3,2454736.7501,25.0,1.6,K,K,,,,missingreplog_Cal83.csv,,,Data replog,,,Cal83,True,IR
ir080926.0250,CAL 83,05:43:25.4,-68:22:38,2008-09-27,05:57:53.7,2454736.7485,25.0,1.61,H,H,,,,missingreplog_Cal83.csv,,,Data replog,,,Cal83,True,IR
ir080926.0249,CAL 83,05:43:25.3,-68:22:38,2008-09-27,05:56:42.4,2454736.7477,25.0,1.61,H,H,,,,missingreplog_Cal83.csv,,,Data replog,,,Cal83,True,IR
ir080926.0248,CAL 83,05:43:25.2,-68:22:38,2008-09-27,05:55:31.0,2454736.7469,25.1,1.62,H,H,,,,missingreplog_Cal83.csv,,,Data replog,,,Cal83,True,IR
ir080926.0247,CAL 83,05:43:25.0,-68:22:39,2008-09-27,05:53:17.9,2454736.7453,25.1,1.63,J,J,,,,missingreplog_Cal83.csv,,,Data replog,,,Cal83,True,IR
ir080926.0246,CAL 83,05:43:24.9,-68:22:39,2008-09-27,05:52:06.3,2454736.7445,25.0,1.63,J,J,,,,missingreplog_Cal83.csv,,,Data replog,,,Cal83,True,IR
ir080926.0245,CAL 83,05:43:24.8,-68:22:39,2008-09-27,05:50:54.7,2454736.7437,25.1,1.63,J,J,,,,missingreplog_Cal83.csv,,,Data replog,,,Cal83,True,IR
ir080926.0244,CAL 83,05:43:24.5,-68:22:39,2008-09-27,05:47:29.9,2454736.7413,25.1,1.64,J,J,,,,missingreplog_Cal83.csv,,,Data replog,,,Cal83,True,IR
ir080926.0243,CAL 83,05:43:24.5,-68:22:39,2008-09-27,05:47:29.9,2454736.7413,25.1,1.64,J,J,,,,missingreplog_Cal83.csv,,,Data replog,,,Cal83,True,IR
ir080926.0242,CAL 83,05:43:24.6,-68:22:39,2008-09-27,05:46:18.7,2454736.7405,25.0,1.65,J,J,,,,missingreplog_Cal83.csv,,,Data replog,,,Cal83,True,IR
ir080513.0012,CAL 83,05:43:22.8,-68:22:28,2008-05-13,23:08:54.1,2454600.4645,25.0,1.64,J,J,,,,missingreplog_Cal83.csv,,,Data replog,,,Cal83,True,IR
ir080513.0011,CAL 83,05:43:22.8,-68:22:27,2008-05-13,23:07:43.5,2454600.4637,25.0,1.63,J,J,,,,missingreplog_Cal83.csv,,,Data replog,,,Cal83,True,IR
ir080513.0010,CAL 83,05:43:22.9,-68:22:26,2008-05-13,23:06:33.2,2454600.4629,25.0,1.63,J,J,,,,missingreplog_Cal83.csv,,,Data replog,,,Cal83,True,IR
ir080513.0009,CAL 83,05:43:23.0,-68:22:26,2008-05-13,23:04:15.9,2454600.4613,25.1,1.62,K,K,,,,missingreplog_Cal83.csv,,,Data replog,,,Cal83,True,IR
ir080417.0024,CAL 83,05:43:28.6,-68:22:40,2008-04-18,00:04:57.4,2454574.5034,25.0,1.5,J,J,,,,missingreplog_Cal83.csv,,,Data replog,,,Cal83,True,IR
ir080417.0025,CAL 83,05:43:28.4,-68:22:40,2008-04-18,00:06:07.7,2454574.5043,25.0,1.51,J,J,,,,missingreplog_Cal83.csv,,,Data replog,,,Cal83,True,IR
ir080417.0026,CAL 83,05:43:28.3,-68:22:40,2008-04-18,00:07:18.3,2454574.5051,25.0,1.51,J,J,,,,missingreplog_Cal83.csv,,,Data replog,,,Cal83,True,IR
ir080803.0333,CAL 83,05:43:23.1,-68:22:35,2008-08-04,08:54:01.6,2454682.8709,25.0,1.74,K,K,,,,missingreplog_Cal83.csv,,,Data replog,,,Cal83,True,IR
ir080808.0214,CAL 83,05:43:35.1,-68:22:17,2008-08-09,09:22:28.6,2454687.8906,25.0,1.57,K,K,,,,missingreplog_Cal83.csv,,,Data replog,,,Cal83,True,IR
ir080808.0213,CAL 83,05:43:35.1,-68:22:17,2008-08-09,09:21:17.9,2454687.8898,25.1,1.58,K,K,,,,missingreplog_Cal83.csv,,,Data replog,,,Cal83,True,IR
ir080808.0212,CAL 83,05:43:34.9,-68:22:17,2008-08-09,09:19:04.5,2454687.8883,25.1,1.58,H,H,,,,missingreplog_Cal83.csv,,,Data replog,,,Cal83,True,IR
ir080808.0211,CAL 83,05:43:34.9,-68:22:17,2008-08-09,09:17:53.6,2454687.8874,25.1,1.59,H,H,,,,missingreplog_Cal83.csv,,,Data replog,,,Cal83,True,IR
ir080808.0210,CAL 83,05:43:34.8,-68:22:17,2008-08-09,09:16:42.8,2454687.8866,25.1,1.59,H,H,,,,missingreplog_Cal83.csv,,,Data replog,,,Cal83,True,IR
ir080808.0209,CAL 83,05:43:34.7,-68:22:17,2008-08-09,09:14:29.7,2454687.8851,25.0,1.6,J,J,,,,missingreplog_Cal83.csv,,,Data replog,,,Cal83,True,IR
ir080808.0208,CAL 83,05:43:34.6,-68:22:17,2008-08-09,09:13:18.5,2454687.8843,25.0,1.6,J,J,,,,missingreplog_Cal83.csv,,,Data replog,,,Cal83,True,IR
ir080808.0207,CAL 83,05:43:34.5,-68:22:17,2008-08-09,09:12:07.7,2454687.8834,25.1,1.61,J,J,,,,missingreplog_Cal83.csv,,,Data replog,,,Cal83,True,IR
ir080808.0206,CAL 83,05:43:34.4,-68:22:17,2008-08-09,09:09:54.5,2454687.8819,25.1,1.61,J,J,,,,missingreplog_Cal83.csv,,,Data replog,,,Cal83,True,IR
ir080808.0205,CAL 83,05:43:34.4,-68:22:18,2008-08-09,09:08:43.4,2454687.8811,25.0,1.62,J,J,,,,missingreplog_Cal83.csv,,,Data replog,,,Cal83,True,IR
ir080808.0204,CAL 83,05:43:34.4,-68:22:18,2008-08-09,09:07:32.8,2454687.8802,25.0,1.62,J,J,,,,missingreplog_Cal83.csv,,,Data replog,,,Cal83,True,IR
ir080803.0332,CAL 83,05:43:23.0,-68:22:35,2008-08-04,08:52:50.6,2454682.87,25.0,1.74,K,K,,,,missingreplog_Cal83.csv,,,Data replog,,,Cal83,True,IR
ir080724.0265,CAL 83,05:43:34.4,-68:22:18,2008-07-25,09:49:44.4,2454672.9095,25.1,1.68,J,J,,,,missingreplog_Cal83.csv,,,Data replog,,,Cal83,True,IR
ir080803.0331,CAL 83,05:43:23.0,-68:22:35,2008-08-04,08:51:39.7,2454682.8692,25.1,1.75,K,K,,,,missingreplog_Cal83.csv,,,Data replog,,,Cal83,True,IR
ir080803.0330,CAL 83,05:43:22.9,-68:22:36,2008-08-04,08:49:26.1,2454682.8677,25.1,1.76,H,H,,,,missingreplog_Cal83.csv,,,Data replog,,,Cal83,True,IR
ir080803.0329,CAL 83,05:43:22.8,-68:22:36,2008-08-04,08:48:15.0,2454682.8668,25.1,1.76,H,H,,,,missingreplog_Cal83.csv,,,Data replog,,,Cal83,True,IR
ir080803.0328,CAL 83,05:43:22.7,-68:22:36,2008-08-04,08:47:04.1,2454682.866,25.0,1.77,H,H,,,,missingreplog_Cal83.csv,,,Data replog,,,Cal83,True,IR
ir080803.0327,CAL 83,05:43:22.7,-68:22:36,2008-08-04,08:44:50.9,2454682.8645,25.0,1.78,J,J,,,,missingreplog_Cal83.csv,,,Data replog,,,Cal83,True,IR
ir080803.0326,CAL 83,05:43:22.7,-68:22:36,2008-08-04,08:43:39.7,2454682.8637,25.0,1.78,J,J,,,,missingreplog_Cal83.csv,,,Data replog,,,Cal83,True,IR
ir080803.0325,CAL 83,05:43:22.7,-68:22:36,2008-08-04,08:42:28.9,2454682.8628,25.1,1.79,J,J,,,,missingreplog_Cal83.csv,,,Data replog,,,Cal83,True,IR
ir080803.0324,CAL 83,05:43:22.8,-68:22:36,2008-08-04,08:40:15.6,2454682.8613,25.1,1.8,J,J,,,,missingreplog_Cal83.csv,,,Data replog,,,Cal83,True,IR
ir080803.0323,CAL 83,05:43:22.9,-68:22:36,2008-08-04,08:39:04.6,2454682.8605,25.0,1.8,J,J,,,,missingreplog_Cal83.csv,,,Data replog,,,Cal83,True,IR
ir080803.0322,CAL 83,05:43:23.0,-68:22:35,2008-08-04,08:37:53.8,2454682.8596,25.0,1.81,J,J,,,,missingreplog_Cal83.csv,,,Data replog,,,Cal83,True,IR
ir080724.0267,CAL 83,05:43:34.3,-68:22:19,2008-07-25,09:52:06.4,2454672.9112,25.1,1.67,J,J,,,,missingreplog_Cal83.csv,,,Data replog,,,Cal83,True,IR
ir080808.0215,CAL 83,05:43:35.2,-68:22:17,2008-08-09,09:23:39.4,2454687.8914,25.1,1.57,K,K,,,,missingreplog_Cal83.csv,,,Data replog,,,Cal83,True,IR
ir080819.0318,CAL 83,05:43:34.3,-68:22:18,2008-08-20,08:56:36.5,2454698.8726,25.0,1.53,J,J,,,,missingreplog_Cal83.csv,,,Data replog,,,Cal83,True,IR
ir080819.0319,CAL 83,05:43:34.3,-68:22:18,2008-08-20,08:57:47.9,2454698.8735,25.0,1.52,J,J,,,,missingreplog_Cal83.csv,,,Data replog,,,Cal83,True,IR
ir080819.0320,CAL 83,05:43:34.3,-68:22:18,2008-08-20,08:58:59.6,2454698.8743,25.1,1.52,J,J,,,,missingreplog_Cal83.csv,,,Data replog,,,Cal83,True,IR
ir080905.0147,CAL 83,05:43:28.7,-68:22:37,2008-09-06,08:42:51.8,2454715.8631,25.1,1.41,J,J,,,,missingreplog_Cal83.csv,,,Data replog,,,Cal83,True,IR
ir080905.0146,CAL 83,05:43:28.7,-68:22:37,2008-09-06,08:41:40.1,2454715.8623,25.1,1.41,J,J,,,,missingreplog_Cal83.csv,,,Data replog,,,Cal83,True,IR
ir080826.0490,CAL 83,05:43:31.3,-68:22:45,2008-08-27,10:03:00.3,2454705.9188,25.0,1.35,K,K,,,,missingreplog_Cal83.csv,,,Data replog,,,Cal83,True,IR
ir080826.0489,CAL 83,05:43:31.2,-68:22:45,2008-08-27,10:01:49.0,2454705.9179,25.1,1.35,K,K,,,,missingreplog_Cal83.csv,,,Data replog,,,Cal83,True,IR
ir080826.0488,CAL 83,05:43:31.2,-68:22:46,2008-08-27,10:00:38.3,2454705.9171,25.1,1.35,K,K,,,,missingreplog_Cal83.csv,,,Data replog,,,Cal83,True,IR
ir080826.0487,CAL 83,05:43:30.9,-68:22:46,2008-08-27,09:58:24.9,2454705.9156,25.0,1.35,H,H,,,,missingreplog_Cal83.csv,,,Data replog,,,Cal83,True,IR
ir080826.0486,CAL 83,05:43:30.8,-68:22:46,2008-08-27,09:57:13.6,2454705.9147,25.0,1.36,H,H,,,,missingreplog_Cal83.csv,,,Data replog,,,Cal83,True,IR
ir080826.0485,CAL 83,05:43:30.7,-68:22:47,2008-08-27,09:56:02.8,2454705.9139,25.1,1.36,H,H,,,,missingreplog_Cal83.csv,,,Data replog,,,Cal83,True,IR
ir080826.0484,CAL 83,05:43:30.5,-68:22:47,2008-08-27,09:53:49.7,2454705.9124,25.1,1.36,J,J,,,,missingreplog_Cal83.csv,,,Data replog,,,Cal83,True,IR
ir080826.0483,CAL 83,05:43:30.5,-68:22:47,2008-08-27,09:52:38.5,2454705.9116,25.0,1.36,J,J,,,,missingreplog_Cal83.csv,,,Data replog,,,Cal83,True,IR
ir080826.0482,CAL 83,05:43:30.4,-68:22:47,2008-08-27,09:51:27.2,2454705.9107,25.0,1.36,J,J,,,,missingreplog_Cal83.csv,,,Data replog,,,Cal83,True,IR
ir080826.0481,CAL 83,05:43:30.3,-68:22:47,2008-08-27,09:49:13.9,2454705.9092,25.0,1.37,J,J,,,,missingreplog_Cal83.csv,,,Data replog,,,Cal83,True,IR
ir080826.0480,CAL 83,05:43:30.3,-68:22:48,2008-08-27,09:48:02.7,2454705.9084,25.1,1.37,J,J,,,,missingreplog_Cal83.csv,,,Data replog,,,Cal83,True,IR
ir080826.0479,CAL 83,05:43:30.3,-68:22:48,2008-08-27,09:46:52.0,2454705.9076,25.0,1.37,J,J,,,,missingreplog_Cal83.csv,,,Data replog,,,Cal83,True,IR
ir080819.0329,CAL 83,05:43:34.4,-68:22:16,2008-08-20,09:12:53.1,2454698.884,25.0,1.49,K,K,,,,missingreplog_Cal83.csv,,,Data replog,,,Cal83,True,IR
ir080819.0328,CAL 83,05:43:34.4,-68:22:16,2008-08-20,09:11:40.7,2454698.8831,25.1,1.49,K,K,,,,missingreplog_Cal83.csv,,,Data replog,,,Cal83,True,IR
ir080819.0327,CAL 83,05:43:34.3,-68:22:16,2008-08-20,09:10:29.5,2454698.8823,25.0,1.49,K,K,,,,missingreplog_Cal83.csv,,,Data replog,,,Cal83,True,IR
ir080819.0326,CAL 83,05:43:34.2,-68:22:17,2008-08-20,09:08:15.5,2454698.8807,25.1,1.5,H,H,,,,missingreplog_Cal83.csv,,,Data replog,,,Cal83,True,IR
ir080819.0325,CAL 83,05:43:34.3,-68:22:17,2008-08-20,09:07:03.7,2454698.8799,25.0,1.5,H,H,,,,missingreplog_Cal83.csv,,,Data replog,,,Cal83,True,IR
ir080819.0324,CAL 83,05:43:34.3,-68:22:17,2008-08-20,09:05:52.1,2454698.8791,25.0,1.5,H,H,,,,missingreplog_Cal83.csv,,,Data replog,,,Cal83,True,IR
ir080819.0323,CAL 83,05:43:34.3,-68:22:18,2008-08-20,09:02:25.8,2454698.8767,25.1,1.51,J,J,,,,missingreplog_Cal83.csv,,,Data replog,,,Cal83,True,IR
ir080819.0322,CAL 83,05:43:34.3,-68:22:18,2008-08-20,09:02:25.8,2454698.8767,25.0,1.51,J,J,,,,missingreplog_Cal83.csv,,,Data replog,,,Cal83,True,IR
ir080819.0321,CAL 83,05:43:34.3,-68:22:18,2008-08-20,09:01:14.2,2454698.8759,25.0,1.51,J,J,,,,missingreplog_Cal83.csv,,,Data replog,,,Cal83,True,IR
ir080724.0266,CAL 83,05:43:34.3,-68:22:19,2008-07-25,09:50:55.4,2454672.9104,25.0,1.67,J,J,,,,missingreplog_Cal83.csv,,,Data replog,,,Cal83,True,IR
ir080714.0482,CAL 83,05:43:34.4,-68:22:17,2008-07-15,10:33:49.5,2454662.9402,25.1,1.66,J,J,,,,missingreplog_Cal83.csv,,,Data replog,,,Cal83,True,IR
ir080510.0010,CAL 83,05:43:22.0,-68:22:18,2008-05-10,23:39:37.3,2454597.4858,25.0,1.7,H,H,,,,missingreplog_Cal83.csv,,,Data replog,,,Cal83,True,IR
ir080512.0008,CAL 83,05:43:21.3,-68:22:14,2008-05-12,23:07:18.6,2454599.4634,25.1,1.62,K,K,,,,missingreplog_Cal83.csv,,,Data replog,,,Cal83,True,IR
ir080514.0007,CAL 83,05:43:21.3,-68:22:08,2008-05-14,22:58:34.2,2454601.4573,25.1,1.61,K,K,,,,missingreplog_Cal83.csv,,,Data replog,,,Cal83,True,IR
ir080514.0006,CAL 83,05:43:21.4,-68:22:08,2008-05-14,22:56:22.2,2454601.4558,25.1,1.61,H,H,,,,missingreplog_Cal83.csv,,,Data replog,,,Cal83,True,IR
ir080514.0005,CAL 83,05:43:21.4,-68:22:08,2008-05-14,22:55:11.3,2454601.455,25.1,1.6,H,H,,,,missingreplog_Cal83.csv,,,Data replog,,,Cal83,True,IR
ir080514.0004,CAL 83,05:43:21.4,-68:22:08,2008-05-14,22:54:00.8,2454601.4542,25.0,1.6,H,H,,,,missingreplog_Cal83.csv,,,Data replog,,,Cal83,True,IR
ir080514.0003,CAL 83,05:43:21.5,-68:22:09,2008-05-14,22:51:48.7,2454601.4526,25.0,1.59,J,J,,,,missingreplog_Cal83.csv,,,Data replog,,,Cal83,True,IR
ir080514.0002,CAL 83,05:43:21.4,-68:22:09,2008-05-14,22:50:37.8,2454601.4518,25.0,1.59,J,J,,,,missingreplog_Cal83.csv,,,Data replog,,,Cal83,True,IR
ir080514.0001,CAL 83,05:43:21.5,-68:22:10,2008-05-14,22:49:27.3,2454601.451,25.0,1.59,J,J,,,,missingreplog_Cal83.csv,,,Data replog,,,Cal83,True,IR
ir080512.0012,CAL 83,05:43:21.2,-68:22:15,2008-05-12,23:13:08.2,2454599.4674,25.1,1.64,J,J,,,,missingreplog_Cal83.csv,,,Data replog,,,Cal83,True,IR
ir080512.0011,CAL 83,05:43:21.3,-68:22:16,2008-05-12,23:11:57.5,2454599.4666,25.0,1.63,J,J,,,,missingreplog_Cal83.csv,,,Data replog,,,Cal83,True,IR
ir080512.0010,CAL 83,05:43:21.3,-68:22:14,2008-05-12,23:10:47.0,2454599.4658,25.1,1.63,J,J,,,,missingreplog_Cal83.csv,,,Data replog,,,Cal83,True,IR
ir080512.0009,CAL 83,05:43:21.4,-68:22:14,2008-05-12,23:08:29.4,2454599.4642,25.1,1.62,K,K,,,,missingreplog_Cal83.csv,,,Data replog,,,Cal83,True,IR
ir080512.0007,CAL 83,05:43:21.4,-68:22:14,2008-05-12,23:06:08.0,2454599.4626,25.0,1.61,K,K,,,,missingreplog_Cal83.csv,,,Data replog,,,Cal83,True,IR
ir080714.0481,CAL 83,05:43:34.4,-68:22:17,2008-07-15,10:32:38.3,2454662.9393,25.1,1.66,J,J,,,,missingreplog_Cal83.csv,,,Data replog,,,Cal83,True,IR
ir080512.0006,CAL 83,05:43:21.5,-68:22:13,2008-05-12,23:03:55.3,2454599.4611,25.1,1.61,H,H,,,,missingreplog_Cal83.csv,,,Data replog,,,Cal83,True,IR
ir080512.0005,CAL 83,05:43:21.5,-68:22:13,2008-05-12,23:02:44.4,2454599.4602,25.0,1.6,H,H,,,,missingreplog_Cal83.csv,,,Data replog,,,Cal83,True,IR
ir080512.0004,CAL 83,05:43:21.6,-68:22:13,2008-05-12,23:01:34.1,2454599.4594,25.1,1.6,H,H,,,,missingreplog_Cal83.csv,,,Data replog,,,Cal83,True,IR
ir080512.0003,CAL 83,05:43:21.6,-68:22:14,2008-05-12,22:59:22.2,2454599.4579,25.1,1.59,J,J,,,,missingreplog_Cal83.csv,,,Data replog,,,Cal83,True,IR
ir080512.0002,CAL 83,05:43:21.6,-68:22:14,2008-05-12,22:58:11.5,2454599.4571,25.1,1.59,J,J,,,,missingreplog_Cal83.csv,,,Data replog,,,Cal83,True,IR
ir080512.0001,CAL 83,05:43:21.6,-68:22:15,2008-05-12,22:57:01.1,2454599.4563,25.1,1.59,J,J,,,,missingreplog_Cal83.csv,,,Data replog,,,Cal83,True,IR
ir080510.0016,CAL 83,05:43:22.0,-68:22:21,2008-05-10,23:48:48.6,2454597.4922,25.0,1.74,J,J,,,,missingreplog_Cal83.csv,,,Data replog,,,Cal83,True,IR
ir080510.0015,CAL 83,05:43:22.0,-68:22:21,2008-05-10,23:47:38.0,2454597.4914,25.0,1.73,J,J,,,,missingreplog_Cal83.csv,,,Data replog,,,Cal83,True,IR
ir080510.0014,CAL 83,05:43:22.0,-68:22:19,2008-05-10,23:46:27.4,2454597.4906,25.1,1.73,J,J,,,,missingreplog_Cal83.csv,,,Data replog,,,Cal83,True,IR
ir080510.0013,CAL 83,05:43:22.0,-68:22:19,2008-05-10,23:44:10.0,2454597.489,25.0,1.72,K,K,,,,missingreplog_Cal83.csv,,,Data replog,,,Cal83,True,IR
ir080510.0012,CAL 83,05:43:22.0,-68:22:19,2008-05-10,23:42:59.3,2454597.4882,25.0,1.71,K,K,,,,missingreplog_Cal83.csv,,,Data replog,,,Cal83,True,IR
ir080514.0008,CAL 83,05:43:21.3,-68:22:09,2008-05-14,22:59:44.7,2454601.4581,25.1,1.62,K,K,,,,missingreplog_Cal83.csv,,,Data replog,,,Cal83,True,IR
ir080514.0009,CAL 83,05:43:21.3,-68:22:09,2008-05-14,23:00:55.5,2454601.459,25.1,1.62,K,K,,,,missingreplog_Cal83.csv,,,Data replog,,,Cal83,True,IR
ir080514.0010,CAL 83,05:43:21.3,-68:22:10,2008-05-14,23:03:12.9,2454601.4606,25.0,1.63,J,J,,,,missingreplog_Cal83.csv,,,Data replog,,,Cal83,True,IR
ir080514.0011,CAL 83,05:43:21.3,-68:22:10,2008-05-14,23:04:23.4,2454601.4614,25.1,1.63,J,J,,,,missingreplog_Cal83.csv,,,Data replog,,,Cal83,True,IR
ir080714.0480,CAL 83,05:43:34.4,-68:22:17,2008-07-15,10:31:27.6,2454662.9385,25.1,1.67,J,J,,,,missingreplog_Cal83.csv,,,Data replog,,,Cal83,True,IR
ir080707.0484,CAL 83,05:43:28.8,-68:22:18,2008-07-08,10:29:50.4,2454655.9374,25.1,1.78,J,J,,,,missingreplog_Cal83.csv,,,Data replog,,,Cal83,True,IR
ir080707.0483,CAL 83,05:43:28.8,-68:22:18,2008-07-08,10:28:39.2,2454655.9366,25.0,1.79,J,J,,,,missingreplog_Cal83.csv,,,Data replog,,,Cal83,True,IR
ir080707.0482,CAL 83,05:43:28.9,-68:22:18,2008-07-08,10:27:28.6,2454655.9358,25.0,1.79,J,J,,,,missingreplog_Cal83.csv,,,Data replog,,,Cal83,True,IR
ir080706.0409,CAL 83,05:43:27.0,-68:22:31,2008-07-07,10:47:09.5,2454654.9494,25.1,1.73,J,J,,,,missingreplog_Cal83.csv,,,Data replog,,,Cal83,True,IR
ir080706.0408,CAL 83,05:43:26.9,-68:22:31,2008-07-07,10:45:58.3,2454654.9486,25.1,1.73,J,J,,,,missingreplog_Cal83.csv,,,Data replog,,,Cal83,True,IR
ir080706.0407,CAL 83,05:43:26.9,-68:22:31,2008-07-07,10:44:47.5,2454654.9478,25.1,1.74,J,J,,,,missingreplog_Cal83.csv,,,Data replog,,,Cal83,True,IR
ir080706.0406,CAL 83,05:43:26.8,-68:22:32,2008-07-07,10:41:20.8,2454654.9454,25.0,1.75,J,J,,,,missingreplog_Cal83.csv,,,Data replog,,,Cal83,True,IR
ir080706.0405,CAL 83,05:43:26.8,-68:22:32,2008-07-07,10:41:20.8,2454654.9454,25.1,1.75,J,J,,,,missingreplog_Cal83.csv,,,Data replog,,,Cal83,True,IR
ir080706.0404,CAL 83,05:43:26.9,-68:22:32,2008-07-07,10:40:10.0,2454654.9446,25.1,1.75,J,J,,,,missingreplog_Cal83.csv,,,Data replog,,,Cal83,True,IR
ir080515.0012,CAL 83,05:43:31.2,-68:22:33,2008-05-15,22:55:33.2,2454602.4553,25.1,1.62,J,J,,,,missingreplog_Cal83.csv,,,Data replog,,,Cal83,True,IR
ir080515.0011,CAL 83,05:43:31.3,-68:22:32,2008-05-15,22:54:22.3,2454602.4544,25.0,1.61,J,J,,,,missingreplog_Cal83.csv,,,Data replog,,,Cal83,True,IR
ir080515.0010,CAL 83,05:43:31.3,-68:22:33,2008-05-15,22:53:11.7,2454602.4536,25.0,1.61,J,J,,,,missingreplog_Cal83.csv,,,Data replog,,,Cal83,True,IR
ir080515.0009,CAL 83,05:43:31.4,-68:22:32,2008-05-15,22:50:53.9,2454602.452,25.1,1.6,K,K,,,,missingreplog_Cal83.csv,,,Data replog,,,Cal83,True,IR
ir080515.0008,CAL 83,05:43:31.4,-68:22:32,2008-05-15,22:49:43.2,2454602.4512,25.1,1.6,K,K,,,,missingreplog_Cal83.csv,,,Data replog,,,Cal83,True,IR
ir080515.0007,CAL 83,05:43:31.5,-68:22:32,2008-05-15,22:48:32.8,2454602.4504,25.1,1.6,K,K,,,,missingreplog_Cal83.csv,,,Data replog,,,Cal83,True,IR
ir080515.0006,CAL 83,05:43:31.5,-68:22:32,2008-05-15,22:46:20.6,2454602.4488,25.1,1.59,H,H,,,,missingreplog_Cal83.csv,,,Data replog,,,Cal83,True,IR
ir080515.0005,CAL 83,05:43:31.6,-68:22:32,2008-05-15,22:45:10.0,2454602.448,25.0,1.58,H,H,,,,missingreplog_Cal83.csv,,,Data replog,,,Cal83,True,IR
ir080515.0004,CAL 83,05:43:31.5,-68:22:32,2008-05-15,22:43:59.8,2454602.4472,25.0,1.58,H,H,,,,missingreplog_Cal83.csv,,,Data replog,,,Cal83,True,IR
ir080515.0003,CAL 83,05:43:31.7,-68:22:32,2008-05-15,22:41:47.4,2454602.4457,25.0,1.57,J,J,,,,missingreplog_Cal83.csv,,,Data replog,,,Cal83,True,IR
ir080515.0002,CAL 83,05:43:31.7,-68:22:32,2008-05-15,22:40:36.5,2454602.4449,25.1,1.57,J,J,,,,missingreplog_Cal83.csv,,,Data replog,,,Cal83,True,IR
ir080515.0001,CAL 83,05:43:31.7,-68:22:32,2008-05-15,22:39:26.2,2454602.4441,25.1,1.57,J,J,,,,missingreplog_Cal83.csv,,,Data replog,,,Cal83,True,IR
ir080514.0012,CAL 83,05:43:21.3,-68:22:11,2008-05-14,23:05:34.1,2454601.4622,25.0,1.64,J,J,,,,missingreplog_Cal83.csv,,,Data replog,,,Cal83,True,IR
ir080905.0148,CAL 83,05:43:28.7,-68:22:37,2008-09-06,08:44:03.6,2454715.8639,25.1,1.41,J,J,,,,missingreplog_Cal83.csv,,,Data replog,,,Cal83,True,IR
ir080905.0149,CAL 83,05:43:28.8,-68:22:36,2008-09-06,08:46:17.2,2454715.8655,25.1,1.4,J,J,,,,missingreplog_Cal83.csv,,,Data replog,,,Cal83,True,IR
ir080905.0150,CAL 83,05:43:28.8,-68:22:36,2008-09-06,08:47:28.6,2454715.8663,25.0,1.4,J,J,,,,missingreplog_Cal83.csv,,,Data replog,,,Cal83,True,IR
ir080923.0292,CAL 83,05:43:32.1,-68:22:24,2008-09-24,07:17:09.9,2454733.8036,25.1,1.44,J,J,,,,missingreplog_Cal83.csv,,,Data replog,,,Cal83,True,IR
ir080923.0303,CAL 83,05:43:32.1,-68:22:26,2008-09-24,07:32:13.0,2454733.8141,25.0,1.41,K,K,,,,missingreplog_Cal83.csv,,,Data replog,,,Cal83,True,IR
ir080923.0302,CAL 83,05:43:32.1,-68:22:26,2008-09-24,07:32:13.0,2454733.8141,25.0,1.41,K,K,,,,missingreplog_Cal83.csv,,,Data replog,,,Cal83,True,IR
ir080923.0301,CAL 83,05:43:32.1,-68:22:26,2008-09-24,07:31:01.6,2454733.8132,25.1,1.41,K,K,,,,missingreplog_Cal83.csv,,,Data replog,,,Cal83,True,IR
ir080923.0300,CAL 83,05:43:32.0,-68:22:26,2008-09-24,07:27:35.2,2454733.8108,25.1,1.42,H,H,,,,missingreplog_Cal83.csv,,,Data replog,,,Cal83,True,IR
ir080923.0299,CAL 83,05:43:32.0,-68:22:26,2008-09-24,07:27:35.2,2454733.8108,25.1,1.42,H,H,,,,missingreplog_Cal83.csv,,,Data replog,,,Cal83,True,IR
ir080923.0298,CAL 83,05:43:32.0,-68:22:26,2008-09-24,07:26:23.9,2454733.81,25.0,1.42,H,H,,,,missingreplog_Cal83.csv,,,Data replog,,,Cal83,True,IR
ir080923.0297,CAL 83,05:43:31.9,-68:22:25,2008-09-24,07:22:59.2,2454733.8076,25.0,1.43,J,J,,,,missingreplog_Cal83.csv,,,Data replog,,,Cal83,True,IR
ir080923.0296,CAL 83,05:43:31.9,-68:22:25,2008-09-24,07:22:59.2,2454733.8076,25.0,1.43,J,J,,,,missingreplog_Cal83.csv,,,Data replog,,,Cal83,True,IR
ir080923.0295,CAL 83,05:43:31.9,-68:22:25,2008-09-24,07:21:47.3,2454733.8068,25.0,1.43,J,J,,,,missingreplog_Cal83.csv,,,Data replog,,,Cal83,True,IR
ir080923.0294,CAL 83,05:43:31.9,-68:22:25,2008-09-24,07:19:32.9,2454733.8053,25.0,1.43,J,J,,,,missingreplog_Cal83.csv,,,Data replog,,,Cal83,True,IR
ir080923.0293,CAL 83,05:43:32.0,-68:22:25,2008-09-24,07:18:20.9,2454733.8044,25.1,1.44,J,J,,,,missingreplog_Cal83.csv,,,Data replog,,,Cal83,True,IR
ir080922.0292,CAL 83,05:43:34.0,-68:22:15,2008-09-23,08:20:07.1,2454732.8473,25.1,1.34,K,K,,,,missingreplog_Cal83.csv,,,Data replog,,,Cal83,True,IR
ir080905.0151,CAL 83,05:43:28.8,-68:22:36,2008-09-06,08:47:28.6,2454715.8663,25.1,1.4,J,J,,,,missingreplog_Cal83.csv,,,Data replog,,,Cal83,True,IR
ir080922.0291,CAL 83,05:43:34.0,-68:22:15,2008-09-23,08:20:07.1,2454732.8473,25.0,1.34,K,K,,,,missingreplog_Cal83.csv,,,Data replog,,,Cal83,True,IR
ir080922.0290,CAL 83,05:43:34.0,-68:22:15,2008-09-23,08:18:55.5,2454732.8465,25.1,1.35,K,K,,,,missingreplog_Cal83.csv,,,Data replog,,,Cal83,True,IR
ir080922.0289,CAL 83,05:43:33.9,-68:22:15,2008-09-23,08:16:42.9,2454732.8449,25.0,1.35,H,H,,,,missingreplog_Cal83.csv,,,Data replog,,,Cal83,True,IR
ir080922.0288,CAL 83,05:43:33.9,-68:22:15,2008-09-23,08:15:30.9,2454732.8441,25.1,1.35,H,H,,,,missingreplog_Cal83.csv,,,Data replog,,,Cal83,True,IR
ir080922.0287,CAL 83,05:43:33.8,-68:22:16,2008-09-23,08:14:19.5,2454732.8433,25.1,1.35,H,H,,,,missingreplog_Cal83.csv,,,Data replog,,,Cal83,True,IR
ir080922.0286,CAL 83,05:43:33.5,-68:22:16,2008-09-23,08:10:54.9,2454732.8409,25.1,1.36,J,J,,,,missingreplog_Cal83.csv,,,Data replog,,,Cal83,True,IR
ir080922.0285,CAL 83,05:43:33.5,-68:22:16,2008-09-23,08:10:54.9,2454732.8409,25.0,1.36,J,J,,,,missingreplog_Cal83.csv,,,Data replog,,,Cal83,True,IR
ir080922.0284,CAL 83,05:43:33.5,-68:22:16,2008-09-23,08:09:43.6,2454732.8401,25.0,1.36,J,J,,,,missingreplog_Cal83.csv,,,Data replog,,,Cal83,True,IR
ir080922.0283,CAL 83,05:43:33.4,-68:22:17,2008-09-23,08:07:30.3,2454732.8385,25.1,1.36,J,J,,,,missingreplog_Cal83.csv,,,Data replog,,,Cal83,True,IR
ir080922.0282,CAL 83,05:43:33.4,-68:22:17,2008-09-23,08:06:18.9,2454732.8377,25.0,1.36,J,J,,,,missingreplog_Cal83.csv,,,Data replog,,,Cal83,True,IR
ir080922.0281,CAL 83,05:43:33.5,-68:22:18,2008-09-23,08:05:07.8,2454732.8369,25.0,1.36,J,J,,,,missingreplog_Cal83.csv,,,Data replog,,,Cal83,True,IR
ir080924.0299,CAL 83,05:43:34.2,-68:22:45,2008-09-25,07:58:43.7,2454734.8325,25.0,1.36,J,J,,,,missingreplog_Cal83.csv,,,Data replog,,,Cal83,True,IR
ir080924.0300,CAL 83,05:43:34.1,-68:22:45,2008-09-25,07:59:55.1,2454734.8333,25.0,1.36,J,J,,,,missingreplog_Cal83.csv,,,Data replog,,,Cal83,True,IR
ir080924.0301,CAL 83,05:43:34.1,-68:22:44,2008-09-25,08:01:06.4,2454734.8341,25.1,1.36,J,J,,,,missingreplog_Cal83.csv,,,Data replog,,,Cal83,True,IR
ir080924.0302,CAL 83,05:43:34.1,-68:22:44,2008-09-25,08:03:19.9,2454734.8356,25.0,1.36,J,J,,,,missingreplog_Cal83.csv,,,Data replog,,,Cal83,True,IR
ir080927.0277,CAL 83,05:43:24.8,-68:22:38,2008-09-28,06:52:28.3,2454737.7864,25.1,1.46,J,J,,,,missingreplog_Cal83.csv,,,Data replog,,,Cal83,True,IR
ir080927.0276,CAL 83,05:43:24.9,-68:22:38,2008-09-28,06:51:16.6,2454737.7856,25.0,1.46,J,J,,,,missingreplog_Cal83.csv,,,Data replog,,,Cal83,True,IR
ir080927.0275,CAL 83,05:43:25.0,-68:22:38,2008-09-28,06:50:05.4,2454737.7848,25.1,1.46,J,J,,,,missingreplog_Cal83.csv,,,Data replog,,,Cal83,True,IR
ir080925.0257,CAL 83,05:43:27.0,-68:22:33,2008-09-26,08:09:37.6,2454735.84,25.1,1.34,K,K,,,,missingreplog_Cal83.csv,,,Data replog,,,Cal83,True,IR
ir080925.0256,CAL 83,05:43:27.0,-68:22:33,2008-09-26,08:09:37.6,2454735.84,25.0,1.34,K,K,,,,missingreplog_Cal83.csv,,,Data replog,,,Cal83,True,IR
ir080925.0255,CAL 83,05:43:27.0,-68:22:33,2008-09-26,08:08:26.3,2454735.8392,25.0,1.34,K,K,,,,missingreplog_Cal83.csv,,,Data replog,,,Cal83,True,IR
ir080925.0254,CAL 83,05:43:26.9,-68:22:33,2008-09-26,08:06:13.2,2454735.8377,25.0,1.35,H,H,,,,missingreplog_Cal83.csv,,,Data replog,,,Cal83,True,IR
ir080925.0253,CAL 83,05:43:26.9,-68:22:33,2008-09-26,08:05:01.7,2454735.8368,25.0,1.35,H,H,,,,missingreplog_Cal83.csv,,,Data replog,,,Cal83,True,IR
ir080925.0252,CAL 83,05:43:26.8,-68:22:33,2008-09-26,08:03:50.3,2454735.836,25.1,1.35,H,H,,,,missingreplog_Cal83.csv,,,Data replog,,,Cal83,True,IR
ir080925.0251,CAL 83,05:43:26.7,-68:22:32,2008-09-26,08:01:36.8,2454735.8344,25.0,1.35,J,J,,,,missingreplog_Cal83.csv,,,Data replog,,,Cal83,True,IR
ir080925.0250,CAL 83,05:43:26.6,-68:22:33,2008-09-26,08:00:25.1,2454735.8336,25.0,1.35,J,J,,,,missingreplog_Cal83.csv,,,Data replog,,,Cal83,True,IR
ir080925.0249,CAL 83,05:43:26.5,-68:22:33,2008-09-26,07:59:13.8,2454735.8328,25.0,1.36,J,J,,,,missingreplog_Cal83.csv,,,Data replog,,,Cal83,True,IR
ir080925.0248,CAL 83,05:43:26.3,-68:22:33,2008-09-26,07:55:48.6,2454735.8304,25.0,1.36,J,J,,,,missingreplog_Cal83.csv,,,Data replog,,,Cal83,True,IR
ir080925.0247,CAL 83,05:43:26.3,-68:22:33,2008-09-26,07:55:48.6,2454735.8304,25.0,1.36,J,J,,,,missingreplog_Cal83.csv,,,Data replog,,,Cal83,True,IR
ir080925.0246,CAL 83,05:43:26.3,-68:22:33,2008-09-26,07:54:37.0,2454735.8296,25.0,1.36,J,J,,,,missingreplog_Cal83.csv,,,Data replog,,,Cal83,True,IR
ir080924.0310,CAL 83,05:43:34.5,-68:22:43,2008-09-25,08:14:54.5,2454734.8437,25.1,1.34,K,K,,,,missingreplog_Cal83.csv,,,Data replog,,,Cal83,True,IR
ir080924.0309,CAL 83,05:43:34.5,-68:22:43,2008-09-25,08:13:42.6,2454734.8429,25.0,1.34,K,K,,,,missingreplog_Cal83.csv,,,Data replog,,,Cal83,True,IR
ir080924.0308,CAL 83,05:43:34.4,-68:22:44,2008-09-25,08:12:31.5,2454734.842,25.0,1.34,K,K,,,,missingreplog_Cal83.csv,,,Data replog,,,Cal83,True,IR
ir080924.0307,CAL 83,05:43:34.4,-68:22:43,2008-09-25,08:10:18.5,2454734.8405,25.1,1.35,H,H,,,,missingreplog_Cal83.csv,,,Data replog,,,Cal83,True,IR
ir080924.0306,CAL 83,05:43:34.3,-68:22:43,2008-09-25,08:09:07.1,2454734.8397,25.1,1.35,H,H,,,,missingreplog_Cal83.csv,,,Data replog,,,Cal83,True,IR
ir080924.0305,CAL 83,05:43:34.3,-68:22:43,2008-09-25,08:07:56.2,2454734.8388,25.0,1.35,H,H,,,,missingreplog_Cal83.csv,,,Data replog,,,Cal83,True,IR
ir080924.0304,CAL 83,05:43:34.1,-68:22:44,2008-09-25,08:04:30.9,2454734.8365,25.0,1.35,J,J,,,,missingreplog_Cal83.csv,,,Data replog,,,Cal83,True,IR
ir080924.0303,CAL 83,05:43:34.1,-68:22:44,2008-09-25,08:04:30.9,2454734.8365,25.1,1.35,J,J,,,,missingreplog_Cal83.csv,,,Data replog,,,Cal83,True,IR
ir080921.0258,CAL 83,05:43:33.8,-68:22:17,2008-09-22,09:20:24.4,2454731.8892,25.0,1.29,K,K,,,,missingreplog_Cal83.csv,,,Data replog,,,Cal83,True,IR
ir080921.0257,CAL 83,05:43:33.8,-68:22:17,2008-09-22,09:19:12.8,2454731.8884,25.0,1.29,K,K,,,,missingreplog_Cal83.csv,,,Data replog,,,Cal83,True,IR
ir080921.0256,CAL 83,05:43:33.8,-68:22:17,2008-09-22,09:18:01.8,2454731.8875,25.0,1.29,K,K,,,,missingreplog_Cal83.csv,,,Data replog,,,Cal83,True,IR
ir080919.0298,CAL 83,05:43:33.5,-68:22:25,2008-09-20,07:18:22.5,2454729.8044,25.1,1.47,H,H,,,,missingreplog_Cal83.csv,,,Data replog,,,Cal83,True,IR
ir080919.0296,CAL 83,05:43:33.7,-68:22:25,2008-09-20,07:14:58.0,2454729.8021,25.1,1.48,J,J,,,,missingreplog_Cal83.csv,,,Data replog,,,Cal83,True,IR
ir080919.0295,CAL 83,05:43:33.7,-68:22:25,2008-09-20,07:13:46.7,2454729.8012,25.1,1.48,J,J,,,,missingreplog_Cal83.csv,,,Data replog,,,Cal83,True,IR
ir080919.0294,CAL 83,05:43:33.8,-68:22:24,2008-09-20,07:11:34.0,2454729.7997,25.0,1.48,J,J,,,,missingreplog_Cal83.csv,,,Data replog,,,Cal83,True,IR
ir080919.0293,CAL 83,05:43:33.8,-68:22:24,2008-09-20,07:10:22.4,2454729.7989,25.0,1.49,J,J,,,,missingreplog_Cal83.csv,,,Data replog,,,Cal83,True,IR
ir080919.0292,CAL 83,05:43:33.8,-68:22:25,2008-09-20,07:09:10.8,2454729.798,25.0,1.49,J,J,,,,missingreplog_Cal83.csv,,,Data replog,,,Cal83,True,IR
ir080912.0335,CAL 83,05:43:26.4,-68:22:36,2008-09-13,08:34:34.5,2454722.8574,25.0,1.38,K,K,,,,missingreplog_Cal83.csv,,,Data replog,,,Cal83,True,IR
ir080912.0334,CAL 83,05:43:26.4,-68:22:36,2008-09-13,08:33:23.5,2454722.8565,25.0,1.38,K,K,,,,missingreplog_Cal83.csv,,,Data replog,,,Cal83,True,IR
ir080912.0333,CAL 83,05:43:26.3,-68:22:37,2008-09-13,08:32:12.5,2454722.8557,25.0,1.38,K,K,,,,missingreplog_Cal83.csv,,,Data replog,,,Cal83,True,IR
ir080912.0332,CAL 83,05:43:26.3,-68:22:37,2008-09-13,08:29:59.6,2454722.8542,25.1,1.39,H,H,,,,missingreplog_Cal83.csv,,,Data replog,,,Cal83,True,IR
ir080912.0331,CAL 83,05:43:26.3,-68:22:37,2008-09-13,08:28:48.5,2454722.8533,25.0,1.39,H,H,,,,missingreplog_Cal83.csv,,,Data replog,,,Cal83,True,IR
ir080912.0330,CAL 83,05:43:26.3,-68:22:38,2008-09-13,08:27:37.6,2454722.8525,25.0,1.39,H,H,,,,missingreplog_Cal83.csv,,,Data replog,,,Cal83,True,IR
ir080912.0329,CAL 83,05:43:26.3,-68:22:38,2008-09-13,08:24:13.9,2454722.8502,25.0,1.39,J,J,,,,missingreplog_Cal83.csv,,,Data replog,,,Cal83,True,IR
ir080912.0328,CAL 83,05:43:26.3,-68:22:38,2008-09-13,08:24:13.9,2454722.8502,25.0,1.39,J,J,,,,missingreplog_Cal83.csv,,,Data replog,,,Cal83,True,IR
ir080912.0327,CAL 83,05:43:26.3,-68:22:38,2008-09-13,08:23:03.0,2454722.8493,25.1,1.4,J,J,,,,missingreplog_Cal83.csv,,,Data replog,,,Cal83,True,IR
ir080912.0326,CAL 83,05:43:26.3,-68:22:38,2008-09-13,08:20:49.5,2454722.8478,25.0,1.4,J,J,,,,missingreplog_Cal83.csv,,,Data replog,,,Cal83,True,IR
ir080912.0325,CAL 83,05:43:26.3,-68:22:39,2008-09-13,08:19:38.4,2454722.847,25.0,1.4,J,J,,,,missingreplog_Cal83.csv,,,Data replog,,,Cal83,True,IR
ir080912.0324,CAL 83,05:43:26.4,-68:22:39,2008-09-13,08:18:27.4,2454722.8462,25.0,1.4,J,J,,,,missingreplog_Cal83.csv,,,Data replog,,,Cal83,True,IR
ir080905.0157,CAL 83,05:43:28.8,-68:22:35,2008-09-06,08:57:54.3,2454715.8736,25.0,1.38,K,K,,,,missingreplog_Cal83.csv,,,Data replog,,,Cal83,True,IR
ir080905.0156,CAL 83,05:43:28.8,-68:22:35,2008-09-06,08:56:42.2,2454715.8727,25.1,1.39,K,K,,,,missingreplog_Cal83.csv,,,Data replog,,,Cal83,True,IR
ir080905.0155,CAL 83,05:43:28.8,-68:22:35,2008-09-06,08:55:30.6,2454715.8719,25.1,1.39,K,K,,,,missingreplog_Cal83.csv,,,Data replog,,,Cal83,True,IR
ir080905.0154,CAL 83,05:43:28.8,-68:22:35,2008-09-06,08:52:05.7,2454715.8695,25.1,1.39,H,H,,,,missingreplog_Cal83.csv,,,Data replog,,,Cal83,True,IR
ir080905.0153,CAL 83,05:43:28.8,-68:22:35,2008-09-06,08:52:05.7,2454715.8695,25.0,1.39,H,H,,,,missingreplog_Cal83.csv,,,Data replog,,,Cal83,True,IR
ir080905.0152,CAL 83,05:43:28.8,-68:22:35,2008-09-06,08:50:54.3,2454715.8687,25.1,1.4,H,H,,,,missingreplog_Cal83.csv,,,Data replog,,,Cal83,True,IR
ir080919.0297,CAL 83,05:43:33.6,-68:22:25,2008-09-20,07:16:09.6,2454729.8029,25.0,1.47,J,J,,,,missingreplog_Cal83.csv,,,Data replog,,,Cal83,True,IR
ir080919.0299,CAL 83,05:43:33.5,-68:22:25,2008-09-20,07:19:33.8,2454729.8053,25.0,1.47,H,H,,,,missingreplog_Cal83.csv,,,Data replog,,,Cal83,True,IR
ir080921.0255,CAL 83,05:43:33.9,-68:22:17,2008-09-22,09:15:48.0,2454731.886,25.1,1.3,H,H,,,,missingreplog_Cal83.csv,,,Data replog,,,Cal83,True,IR
ir080919.0300,CAL 83,05:43:33.4,-68:22:25,2008-09-20,07:20:45.6,2454729.8061,25.0,1.46,H,H,,,,missingreplog_Cal83.csv,,,Data replog,,,Cal83,True,IR
ir080921.0254,CAL 83,05:43:34.0,-68:22:17,2008-09-22,09:14:36.6,2454731.8851,25.0,1.3,H,H,,,,missingreplog_Cal83.csv,,,Data replog,,,Cal83,True,IR
ir080921.0253,CAL 83,05:43:34.0,-68:22:18,2008-09-22,09:13:25.7,2454731.8843,25.0,1.3,H,H,,,,missingreplog_Cal83.csv,,,Data replog,,,Cal83,True,IR
ir080921.0252,CAL 83,05:43:34.1,-68:22:18,2008-09-22,09:11:12.0,2454731.8828,25.0,1.3,J,J,,,,missingreplog_Cal83.csv,,,Data replog,,,Cal83,True,IR
ir080921.0251,CAL 83,05:43:34.2,-68:22:18,2008-09-22,09:10:00.7,2454731.882,25.1,1.3,J,J,,,,missingreplog_Cal83.csv,,,Data replog,,,Cal83,True,IR
ir080921.0250,CAL 83,05:43:34.2,-68:22:18,2008-09-22,09:08:49.5,2454731.8811,25.0,1.3,J,J,,,,missingreplog_Cal83.csv,,,Data replog,,,Cal83,True,IR
ir080921.0249,CAL 83,05:43:34.3,-68:22:18,2008-09-22,09:06:35.7,2454731.8796,25.1,1.3,J,J,,,,missingreplog_Cal83.csv,,,Data replog,,,Cal83,True,IR
ir080921.0248,CAL 83,05:43:34.4,-68:22:18,2008-09-22,09:05:23.9,2454731.8788,25.1,1.3,J,J,,,,missingreplog_Cal83.csv,,,Data replog,,,Cal83,True,IR
ir080921.0247,CAL 83,05:43:34.4,-68:22:18,2008-09-22,09:04:12.8,2454731.8779,25.0,1.3,J,J,,,,missingreplog_Cal83.csv,,,Data replog,,,Cal83,True,IR
ir080920.0375,CAL 83,05:43:34.8,-68:22:16,2008-09-21,07:52:22.0,2454730.828,25.1,1.4,K,K,,,,missingreplog_Cal83.csv,,,Data replog,,,Cal83,True,IR
ir080920.0374,CAL 83,05:43:34.8,-68:22:16,2008-09-21,07:51:10.4,2454730.8272,25.0,1.4,K,K,,,,missingreplog_Cal83.csv,,,Data replog,,,Cal83,True,IR
ir080920.0373,CAL 83,05:43:34.8,-68:22:16,2008-09-21,07:49:59.0,2454730.8264,25.1,1.4,K,K,,,,missingreplog_Cal83.csv,,,Data replog,,,Cal83,True,IR
ir080920.0372,CAL 83,05:43:34.8,-68:22:16,2008-09-21,07:47:45.4,2454730.8248,25.0,1.4,H,H,,,,missingreplog_Cal83.csv,,,Data replog,,,Cal83,True,IR
ir080920.0371,CAL 83,05:43:34.8,-68:22:17,2008-09-21,07:46:33.7,2454730.824,25.1,1.41,H,H,,,,missingreplog_Cal83.csv,,,Data replog,,,Cal83,True,IR
ir080920.0370,CAL 83,05:43:34.8,-68:22:17,2008-09-21,07:45:22.5,2454730.8232,25.0,1.41,H,H,,,,missingreplog_Cal83.csv,,,Data replog,,,Cal83,True,IR
ir080920.0369,CAL 83,05:43:34.7,-68:22:17,2008-09-21,07:43:10.0,2454730.8216,25.0,1.41,J,J,,,,missingreplog_Cal83.csv,,,Data replog,,,Cal83,True,IR
ir080920.0368,CAL 83,05:43:34.6,-68:22:18,2008-09-21,07:41:58.1,2454730.8208,25.0,1.41,J,J,,,,missingreplog_Cal83.csv,,,Data replog,,,Cal83,True,IR
ir080920.0367,CAL 83,05:43:34.6,-68:22:17,2008-09-21,07:40:46.7,2454730.82,25.0,1.42,J,J,,,,missingreplog_Cal83.csv,,,Data replog,,,Cal83,True,IR
ir080920.0366,CAL 83,05:43:34.5,-68:22:17,2008-09-21,07:38:42.9,2454730.8186,25.0,1.42,J,J,,,,missingreplog_Cal83.csv,,,Data replog,,,Cal83,True,IR
ir080920.0365,CAL 83,05:43:34.4,-68:22:18,2008-09-21,07:36:10.3,2454730.8168,25.1,1.42,J,J,,,,missingreplog_Cal83.csv,,,Data replog,,,Cal83,True,IR
ir080920.0364,CAL 83,05:43:34.4,-68:22:18,2008-09-21,07:36:10.3,2454730.8168,25.0,1.42,J,J,,,,missingreplog_Cal83.csv,,,Data replog,,,Cal83,True,IR
ir080919.0303,CAL 83,05:43:33.3,-68:22:25,2008-09-20,07:25:22.7,2454729.8093,25.1,1.45,K,K,,,,missingreplog_Cal83.csv,,,Data replog,,,Cal83,True,IR
ir080919.0302,CAL 83,05:43:33.3,-68:22:25,2008-09-20,07:24:10.9,2454729.8085,25.0,1.46,K,K,,,,missingreplog_Cal83.csv,,,Data replog,,,Cal83,True,IR
ir080919.0301,CAL 83,05:43:33.3,-68:22:25,2008-09-20,07:22:59.5,2454729.8076,25.1,1.46,K,K,,,,missingreplog_Cal83.csv,,,Data replog,,,Cal83,True,IR
ir080510.0011,CAL 83,05:43:22.0,-68:22:18,2008-05-10,23:41:49.0,2454597.4874,25.0,1.71,K,K,,,,missingreplog_Cal83.csv,,,Data replog,,,Cal83,True,IR
ir080510.0009,CAL 83,05:43:22.0,-68:22:18,2008-05-10,23:38:26.5,2454597.485,25.0,1.7,H,H,,,,missingreplog_Cal83.csv,,,Data replog,,,Cal83,True,IR
ir080417.0027,CAL 83,05:43:28.2,-68:22:41,2008-04-18,00:09:30.3,2454574.5066,25.0,1.51,H,H,,,,missingreplog_Cal83.csv,,,Data replog,,,Cal83,True,IR
ir080422.0027,CAL 83,05:43:28.3,-68:22:38,2008-04-22,23:42:53.7,2454579.4881,25.1,1.5,J,J,,,,missingreplog_Cal83.csv,,,Data replog,,,Cal83,True,IR
ir080423.0026,CAL 83,05:43:28.3,-68:22:34,2008-04-23,23:40:57.2,2454580.4868,25.1,1.5,J,J,,,,missingreplog_Cal83.csv,,,Data replog,,,Cal83,True,IR
ir080423.0025,CAL 83,05:43:28.3,-68:22:33,2008-04-23,23:39:46.8,2454580.486,25.1,1.5,J,J,,,,missingreplog_Cal83.csv,,,Data replog,,,Cal83,True,IR
ir080423.0024,CAL 83,05:43:28.4,-68:22:34,2008-04-23,23:37:29.4,2454580.4844,25.0,1.49,K,K,,,,missingreplog_Cal83.csv,,,Data replog,,,Cal83,True,IR
ir080423.0023,CAL 83,05:43:28.5,-68:22:34,2008-04-23,23:36:18.7,2454580.4836,25.1,1.49,K,K,,,,missingreplog_Cal83.csv,,,Data replog,,,Cal83,True,IR
ir080423.0022,CAL 83,05:43:28.5,-68:22:33,2008-04-23,23:35:08.2,2454580.4827,25.0,1.49,K,K,,,,missingreplog_Cal83.csv,,,Data replog,,,Cal83,True,IR
ir080423.0021,CAL 83,05:43:28.6,-68:22:33,2008-04-23,23:32:56.4,2454580.4812,25.1,1.48,H,H,,,,missingreplog_Cal83.csv,,,Data replog,,,Cal83,True,IR
ir080423.0020,CAL 83,05:43:28.7,-68:22:33,2008-04-23,23:31:45.7,2454580.4804,25.1,1.48,H,H,,,,missingreplog_Cal83.csv,,,Data replog,,,Cal83,True,IR
ir080423.0019,CAL 83,05:43:28.8,-68:22:33,2008-04-23,23:30:35.3,2454580.4796,25.0,1.48,H,H,,,,missingreplog_Cal83.csv,,,Data replog,,,Cal83,True,IR
ir080423.0018,CAL 83,05:43:28.9,-68:22:34,2008-04-23,23:28:23.2,2454580.4781,25.1,1.47,J,J,,,,missingreplog_Cal83.csv,,,Data replog,,,Cal83,True,IR
ir080423.0017,CAL 83,05:43:29.0,-68:22:34,2008-04-23,23:27:12.5,2454580.4772,25.1,1.47,J,J,,,,missingreplog_Cal83.csv,,,Data replog,,,Cal83,True,IR
ir080423.0016,CAL 83,05:43:29.3,-68:22:34,2008-04-23,23:26:02.2,2454580.4764,25.0,1.47,J,J,,,,missingreplog_Cal83.csv,,,Data replog,,,Cal83,True,IR
ir080422.0026,CAL 83,05:43:28.4,-68:22:38,2008-04-22,23:41:43.0,2454579.4873,25.0,1.49,J,J,,,,missingreplog_Cal83.csv,,,Data replog,,,Cal83,True,IR
ir080421.0010,CAL 83,05:43:28.7,-68:22:41,2008-04-21,23:32:21.7,2454578.4808,25.1,1.46,J,J,,,,missingreplog_Cal83.csv,,,Data replog,,,Cal83,True,IR
ir080422.0025,CAL 83,05:43:28.4,-68:22:38,2008-04-22,23:40:32.6,2454579.4865,25.1,1.49,J,J,,,,missingreplog_Cal83.csv,,,Data replog,,,Cal83,True,IR
ir080422.0024,CAL 83,05:43:28.5,-68:22:38,2008-04-22,23:38:15.2,2454579.4849,25.0,1.49,K,K,,,,missingreplog_Cal83.csv,,,Data replog,,,Cal83,True,IR
ir080422.0023,CAL 83,05:43:28.6,-68:22:38,2008-04-22,23:37:04.3,2454579.4841,25.0,1.48,K,K,,,,missingreplog_Cal83.csv,,,Data replog,,,Cal83,True,IR
ir080422.0022,CAL 83,05:43:28.6,-68:22:38,2008-04-22,23:35:54.1,2454579.4833,25.0,1.48,K,K,,,,missingreplog_Cal83.csv,,,Data replog,,,Cal83,True,IR
ir080422.0021,CAL 83,05:43:28.8,-68:22:37,2008-04-22,23:33:42.4,2454579.4817,25.1,1.48,H,H,,,,missingreplog_Cal83.csv,,,Data replog,,,Cal83,True,IR
ir080422.0020,CAL 83,05:43:28.8,-68:22:37,2008-04-22,23:32:31.8,2454579.4809,25.0,1.47,H,H,,,,missingreplog_Cal83.csv,,,Data replog,,,Cal83,True,IR
ir080422.0019,CAL 83,05:43:28.9,-68:22:37,2008-04-22,23:31:21.5,2454579.4801,25.0,1.47,H,H,,,,missingreplog_Cal83.csv,,,Data replog,,,Cal83,True,IR
ir080422.0018,CAL 83,05:43:29.1,-68:22:37,2008-04-22,23:29:09.2,2454579.4786,25.1,1.47,J,J,,,,missingreplog_Cal83.csv,,,Data replog,,,Cal83,True,IR
ir080422.0017,CAL 83,05:43:29.2,-68:22:37,2008-04-22,23:27:58.6,2454579.4778,25.1,1.46,J,J,,,,missingreplog_Cal83.csv,,,Data replog,,,Cal83,True,IR
ir080422.0016,CAL 83,05:43:29.3,-68:22:37,2008-04-22,23:26:48.4,2454579.477,25.0,1.46,J,J,,,,missingreplog_Cal83.csv,,,Data replog,,,Cal83,True,IR
ir080421.0012,CAL 83,05:43:28.6,-68:22:41,2008-04-21,23:34:42.7,2454578.4824,25.0,1.47,J,J,,,,missingreplog_Cal83.csv,,,Data replog,,,Cal83,True,IR
ir080423.0027,CAL 83,05:43:28.2,-68:22:34,2008-04-23,23:42:07.9,2454580.4876,25.1,1.5,J,J,,,,missingreplog_Cal83.csv,,,Data replog,,,Cal83,True,IR
ir080425.0005,CAL 83,05:43:23.5,-68:22:11,2008-04-25,23:43:05.3,2454582.4882,25.1,1.53,J,J,,,,missingreplog_Cal83.csv,,,Data replog,,,Cal83,True,IR
ir080425.0006,CAL 83,05:43:23.4,-68:22:11,2008-04-25,23:44:15.9,2454582.4891,25.0,1.53,J,J,,,,missingreplog_Cal83.csv,,,Data replog,,,Cal83,True,IR
ir080425.0007,CAL 83,05:43:23.4,-68:22:10,2008-04-25,23:45:26.6,2454582.4899,25.0,1.53,J,J,,,,missingreplog_Cal83.csv,,,Data replog,,,Cal83,True,IR
ir080501.0013,CAL 83,05:43:27.4,-68:22:40,2008-05-01,23:08:37.1,2454588.4643,25.1,1.5,J,J,,,,missingreplog_Cal83.csv,,,Data replog,,,Cal83,True,IR
ir080501.0012,CAL 83,05:43:27.5,-68:22:40,2008-05-01,23:07:26.7,2454588.4635,25.1,1.5,J,J,,,,missingreplog_Cal83.csv,,,Data replog,,,Cal83,True,IR
ir080428.0014,CAL 83,05:43:22.7,-68:22:20,2008-04-28,23:46:13.1,2454585.4904,25.0,1.57,J,J,,,,missingreplog_Cal83.csv,,,Data replog,,,Cal83,True,IR
ir080428.0013,CAL 83,05:43:22.7,-68:22:20,2008-04-28,23:45:02.3,2454585.4896,25.1,1.56,J,J,,,,missingreplog_Cal83.csv,,,Data replog,,,Cal83,True,IR
ir080428.0012,CAL 83,05:43:22.7,-68:22:20,2008-04-28,23:43:51.8,2454585.4888,25.0,1.56,J,J,,,,missingreplog_Cal83.csv,,,Data replog,,,Cal83,True,IR
ir080428.0011,CAL 83,05:43:22.8,-68:22:20,2008-04-28,23:41:34.1,2454585.4872,25.0,1.55,K,K,,,,missingreplog_Cal83.csv,,,Data replog,,,Cal83,True,IR
ir080428.0010,CAL 83,05:43:22.9,-68:22:20,2008-04-28,23:40:23.1,2454585.4864,25.0,1.55,K,K,,,,missingreplog_Cal83.csv,,,Data replog,,,Cal83,True,IR
ir080428.0009,CAL 83,05:43:22.8,-68:22:20,2008-04-28,23:39:12.6,2454585.4856,25.0,1.55,K,K,,,,missingreplog_Cal83.csv,,,Data replog,,,Cal83,True,IR
ir080428.0008,CAL 83,05:43:22.9,-68:22:20,2008-04-28,23:37:00.4,2454585.484,25.1,1.54,H,H,,,,missingreplog_Cal83.csv,,,Data replog,,,Cal83,True,IR
ir080428.0007,CAL 83,05:43:22.9,-68:22:20,2008-04-28,23:35:49.4,2454585.4832,25.1,1.54,H,H,,,,missingreplog_Cal83.csv,,,Data replog,,,Cal83,True,IR
ir080428.0006,CAL 83,05:43:22.9,-68:22:20,2008-04-28,23:34:38.9,2454585.4824,25.0,1.54,H,H,,,,missingreplog_Cal83.csv,,,Data replog,,,Cal83,True,IR
ir080428.0005,CAL 83,05:43:22.9,-68:22:19,2008-04-28,23:32:26.9,2454585.4809,25.1,1.53,J,J,,,,missingreplog_Cal83.csv,,,Data replog,,,Cal83,True,IR
ir080428.0004,CAL 83,05:43:23.9,-68:22:19,2008-04-28,23:31:16.2,2454585.48,25.1,1.53,J,J,,,,missingreplog_Cal83.csv,,,Data replog,,,Cal83,True,IR
ir080428.0003,CAL 83,05:43:23.0,-68:22:20,2008-04-28,23:30:05.8,2454585.4792,25.0,1.52,J,J,,,,missingreplog_Cal83.csv,,,Data replog,,,Cal83,True,IR
ir080425.0016,CAL 83,05:43:23.0,-68:22:09,2008-04-25,23:59:12.2,2454582.4994,25.1,1.57,J,J,,,,missingreplog_Cal83.csv,,,Data replog,,,Cal83,True,IR
ir080425.0015,CAL 83,05:43:23.0,-68:22:09,2008-04-25,23:58:01.4,2454582.4986,25.1,1.57,J,J,,,,missingreplog_Cal83.csv,,,Data replog,,,Cal83,True,IR
ir080425.0014,CAL 83,05:43:23.1,-68:22:09,2008-04-25,23:56:51.0,2454582.4978,25.0,1.56,J,J,,,,missingreplog_Cal83.csv,,,Data replog,,,Cal83,True,IR
ir080425.0013,CAL 83,05:43:23.1,-68:22:09,2008-04-25,23:54:33.9,2454582.4962,25.0,1.56,K,K,,,,missingreplog_Cal83.csv,,,Data replog,,,Cal83,True,IR
ir080425.0012,CAL 83,05:43:23.2,-68:22:09,2008-04-25,23:53:23.2,2454582.4954,25.0,1.55,K,K,,,,missingreplog_Cal83.csv,,,Data replog,,,Cal83,True,IR
ir080425.0011,CAL 83,05:43:23.2,-68:22:09,2008-04-25,23:52:12.6,2454582.4946,25.0,1.55,K,K,,,,missingreplog_Cal83.csv,,,Data replog,,,Cal83,True,IR
ir080425.0010,CAL 83,05:43:23.2,-68:22:10,2008-04-25,23:50:00.5,2454582.4931,25.1,1.55,H,H,,,,missingreplog_Cal83.csv,,,Data replog,,,Cal83,True,IR
ir080425.0009,CAL 83,05:43:23.3,-68:22:10,2008-04-25,23:48:49.4,2454582.4922,25.1,1.54,H,H,,,,missingreplog_Cal83.csv,,,Data replog,,,Cal83,True,IR
ir080425.0008,CAL 83,05:43:23.3,-68:22:10,2008-04-25,23:47:38.7,2454582.4914,25.1,1.54,H,H,,,,missingreplog_Cal83.csv,,,Data replog,,,Cal83,True,IR
ir080421.0011,CAL 83,05:43:28.7,-68:22:41,2008-04-21,23:33:32.0,2454578.4816,25.0,1.47,J,J,,,,missingreplog_Cal83.csv,,,Data replog,,,Cal83,True,IR
ir080421.0009,CAL 83,05:43:28.8,-68:22:41,2008-04-21,23:30:04.4,2454578.4792,25.1,1.46,K,K,,,,missingreplog_Cal83.csv,,,Data replog,,,Cal83,True,IR
ir080510.0008,CAL 83,05:43:22.0,-68:22:18,2008-05-10,23:37:16.1,2454597.4842,25.1,1.69,H,H,,,,missingreplog_Cal83.csv,,,Data replog,,,Cal83,True,IR
ir080418.0016,CAL 83,05:43:28.9,-68:22:44,2008-04-18,23:27:56.8,2454575.4777,25.0,1.43,H,H,,,,missingreplog_Cal83.csv,,,Data replog,,,Cal83,True,IR
ir080419.0028,CAL 83,05:43:26.6,-68:22:44,2008-04-20,00:31:15.2,2454576.5217,25.1,1.6,H,H,,,,missingreplog_Cal83.csv,,,Data replog,,,Cal83,True,IR
ir080419.0027,CAL 83,05:43:26.7,-68:22:44,2008-04-20,00:29:03.2,2454576.5202,25.0,1.59,J,J,,,,missingreplog_Cal83.csv,,,Data replog,,,Cal83,True,IR
ir080419.0026,CAL 83,05:43:26.8,-68:22:45,2008-04-20,00:27:52.6,2454576.5194,25.0,1.59,J,J,,,,missingreplog_Cal83.csv,,,Data replog,,,Cal83,True,IR
ir080419.0025,CAL 83,05:43:26.8,-68:22:45,2008-04-20,00:26:42.4,2454576.5186,25.1,1.58,J,J,,,,missingreplog_Cal83.csv,,,Data replog,,,Cal83,True,IR
ir080418.0023,CAL 83,05:43:28.9,-68:22:46,2008-04-18,23:38:18.6,2454575.4849,25.1,1.45,J,J,,,,missingreplog_Cal83.csv,,,Data replog,,,Cal83,True,IR
ir080418.0022,CAL 83,05:43:28.9,-68:22:46,2008-04-18,23:37:08.0,2454575.4841,25.1,1.45,J,J,,,,missingreplog_Cal83.csv,,,Data replog,,,Cal83,True,IR
ir080418.0021,CAL 83,05:43:28.9,-68:22:46,2008-04-18,23:35:57.7,2454575.4833,25.0,1.45,J,J,,,,missingreplog_Cal83.csv,,,Data replog,,,Cal83,True,IR
ir080418.0020,CAL 83,05:43:28.9,-68:22:46,2008-04-18,23:33:40.6,2454575.4817,25.0,1.44,K,K,,,,missingreplog_Cal83.csv,,,Data replog,,,Cal83,True,IR
ir080418.0019,CAL 83,05:43:28.9,-68:22:46,2008-04-18,23:32:30.1,2454575.4809,25.0,1.44,K,K,,,,missingreplog_Cal83.csv,,,Data replog,,,Cal83,True,IR
ir080418.0018,CAL 83,05:43:28.9,-68:22:45,2008-04-18,23:31:19.8,2454575.4801,25.0,1.44,K,K,,,,missingreplog_Cal83.csv,,,Data replog,,,Cal83,True,IR
ir080418.0017,CAL 83,05:43:28.8,-68:22:44,2008-04-18,23:29:07.4,2454575.4786,25.0,1.43,H,H,,,,missingreplog_Cal83.csv,,,Data replog,,,Cal83,True,IR
ir080418.0015,CAL 83,05:43:28.9,-68:22:45,2008-04-18,23:26:46.6,2454575.4769,25.0,1.43,H,H,,,,missingreplog_Cal83.csv,,,Data replog,,,Cal83,True,IR
ir080421.0008,CAL 83,05:43:28.9,-68:22:41,2008-04-21,23:28:53.8,2454578.4784,25.0,1.46,K,K,,,,missingreplog_Cal83.csv,,,Data replog,,,Cal83,True,IR
ir080418.0014,CAL 83,05:43:29.0,-68:22:45,2008-04-18,23:24:34.6,2454575.4754,25.1,1.42,J,J,,,,missingreplog_Cal83.csv,,,Data replog,,,Cal83,True,IR
ir080418.0013,CAL 83,05:43:29.1,-68:22:45,2008-04-18,23:23:24.1,2454575.4746,25.1,1.42,J,J,,,,missingreplog_Cal83.csv,,,Data replog,,,Cal83,True,IR
ir080418.0012,CAL 83,05:43:29.3,-68:22:45,2008-04-18,23:22:13.8,2454575.4738,25.1,1.42,J,J,,,,missingreplog_Cal83.csv,,,Data replog,,,Cal83,True,IR
ir080417.0035,CAL 83,05:43:27.8,-68:22:41,2008-04-18,00:21:03.0,2454574.5146,25.0,1.54,J,J,,,,missingreplog_Cal83.csv,,,Data replog,,,Cal83,True,IR
ir080417.0034,CAL 83,05:43:27.9,-68:22:41,2008-04-18,00:19:52.3,2454574.5138,25.0,1.54,J,J,,,,missingreplog_Cal83.csv,,,Data replog,,,Cal83,True,IR
ir080417.0033,CAL 83,05:43:27.9,-68:22:41,2008-04-18,00:18:42.1,2454574.513,25.0,1.54,J,J,,,,missingreplog_Cal83.csv,,,Data replog,,,Cal83,True,IR
ir080417.0032,CAL 83,05:43:27.9,-68:22:41,2008-04-18,00:16:24.5,2454574.5114,25.1,1.53,K,K,,,,missingreplog_Cal83.csv,,,Data replog,,,Cal83,True,IR
ir080417.0031,CAL 83,05:43:27.9,-68:22:41,2008-04-18,00:15:13.8,2454574.5106,25.1,1.53,K,K,,,,missingreplog_Cal83.csv,,,Data replog,,,Cal83,True,IR
ir080417.0030,CAL 83,05:43:28.0,-68:22:41,2008-04-18,00:14:03.6,2454574.5098,25.1,1.53,K,K,,,,missingreplog_Cal83.csv,,,Data replog,,,Cal83,True,IR
ir080417.0029,CAL 83,05:43:28.1,-68:22:41,2008-04-18,00:11:51.1,2454574.5082,25.1,1.52,H,H,,,,missingreplog_Cal83.csv,,,Data replog,,,Cal83,True,IR
ir080417.0028,CAL 83,05:43:28.1,-68:22:41,2008-04-18,00:10:40.6,2454574.5074,25.1,1.52,H,H,,,,missingreplog_Cal83.csv,,,Data replog,,,Cal83,True,IR
ir080419.0029,CAL 83,05:43:26.6,-68:22:44,2008-04-20,00:32:25.5,2454576.5225,25.1,1.6,H,H,,,,missingreplog_Cal83.csv,,,Data replog,,,Cal83,True,IR
ir080419.0030,CAL 83,05:43:26.6,-68:22:43,2008-04-20,00:33:36.1,2454576.5233,25.0,1.6,H,H,,,,missingreplog_Cal83.csv,,,Data replog,,,Cal83,True,IR
ir080419.0031,CAL 83,05:43:26.4,-68:22:43,2008-04-20,00:35:48.4,2454576.5249,25.1,1.61,K,K,,,,missingreplog_Cal83.csv,,,Data replog,,,Cal83,True,IR
ir080419.0032,CAL 83,05:43:26.4,-68:22:43,2008-04-20,00:36:58.6,2454576.5257,25.1,1.61,K,K,,,,missingreplog_Cal83.csv,,,Data replog,,,Cal83,True,IR
ir080421.0007,CAL 83,05:43:28.9,-68:22:41,2008-04-21,23:27:43.5,2454578.4776,25.1,1.45,K,K,,,,missingreplog_Cal83.csv,,,Data replog,,,Cal83,True,IR
ir080421.0006,CAL 83,05:43:29.0,-68:22:41,2008-04-21,23:25:31.6,2454578.4761,25.1,1.45,H,H,,,,missingreplog_Cal83.csv,,,Data replog,,,Cal83,True,IR
ir080421.0005,CAL 83,05:43:29.0,-68:22:41,2008-04-21,23:24:20.9,2454578.4752,25.0,1.45,H,H,,,,missingreplog_Cal83.csv,,,Data replog,,,Cal83,True,IR
ir080421.0004,CAL 83,05:43:29.0,-68:22:41,2008-04-21,23:23:10.5,2454578.4744,25.0,1.44,H,H,,,,missingreplog_Cal83.csv,,,Data replog,,,Cal83,True,IR
ir080421.0003,CAL 83,05:43:29.1,-68:22:41,2008-04-21,23:20:58.3,2454578.4729,25.0,1.44,J,J,,,,missingreplog_Cal83.csv,,,Data replog,,,Cal83,True,IR
ir080421.0002,CAL 83,05:43:29.2,-68:22:41,2008-04-21,23:19:47.6,2454578.4721,25.0,1.44,J,J,,,,missingreplog_Cal83.csv,,,Data replog,,,Cal83,True,IR
ir080421.0001,CAL 83,05:43:29.3,-68:22:42,2008-04-21,23:18:37.1,2454578.4713,25.0,1.44,J,J,,,,missingreplog_Cal83.csv,,,Data replog,,,Cal83,True,IR
ir080420.0014,CAL 83,05:43:28.2,-68:22:43,2008-04-20,23:44:44.9,2454577.4894,25.1,1.48,J,J,,,,missingreplog_Cal83.csv,,,Data replog,,,Cal83,True,IR
ir080420.0013,CAL 83,05:43:28.3,-68:22:43,2008-04-20,23:43:34.3,2454577.4886,25.0,1.48,J,J,,,,missingreplog_Cal83.csv,,,Data replog,,,Cal83,True,IR
ir080420.0012,CAL 83,05:43:28.3,-68:22:43,2008-04-20,23:42:24.1,2454577.4878,25.1,1.48,J,J,,,,missingreplog_Cal83.csv,,,Data replog,,,Cal83,True,IR
ir080420.0011,CAL 83,05:43:28.5,-68:22:43,2008-04-20,23:40:06.3,2454577.4862,25.0,1.47,K,K,,,,missingreplog_Cal83.csv,,,Data replog,,,Cal83,True,IR
ir080420.0010,CAL 83,05:43:28.6,-68:22:43,2008-04-20,23:38:55.6,2454577.4854,25.0,1.47,K,K,,,,missingreplog_Cal83.csv,,,Data replog,,,Cal83,True,IR
ir080420.0009,CAL 83,05:43:28.6,-68:22:43,2008-04-20,23:37:45.3,2454577.4846,25.1,1.47,K,K,,,,missingreplog_Cal83.csv,,,Data replog,,,Cal83,True,IR
ir080420.0008,CAL 83,05:43:28.7,-68:22:42,2008-04-20,23:35:33.3,2454577.483,25.0,1.46,H,H,,,,missingreplog_Cal83.csv,,,Data replog,,,Cal83,True,IR
ir080420.0007,CAL 83,05:43:28.8,-68:22:42,2008-04-20,23:34:22.7,2454577.4822,25.0,1.46,H,H,,,,missingreplog_Cal83.csv,,,Data replog,,,Cal83,True,IR
ir080420.0006,CAL 83,05:43:28.9,-68:22:42,2008-04-20,23:33:12.4,2454577.4814,25.0,1.46,H,H,,,,missingreplog_Cal83.csv,,,Data replog,,,Cal83,True,IR
ir080420.0005,CAL 83,05:43:29.0,-68:22:42,2008-04-20,23:30:59.9,2454577.4799,25.0,1.45,J,J,,,,missingreplog_Cal83.csv,,,Data replog,,,Cal83,True,IR
ir080420.0004,CAL 83,05:43:29.0,-68:22:43,2008-04-20,23:29:49.3,2454577.4791,25.1,1.45,J,J,,,,missingreplog_Cal83.csv,,,Data replog,,,Cal83,True,IR
ir080420.0003,CAL 83,05:43:29.1,-68:22:44,2008-04-20,23:28:39.1,2454577.4782,25.0,1.45,J,J,,,,missingreplog_Cal83.csv,,,Data replog,,,Cal83,True,IR
ir080419.0036,CAL 83,05:43:26.3,-68:22:45,2008-04-20,00:42:47.0,2454576.5297,25.1,1.63,J,J,,,,missingreplog_Cal83.csv,,,Data replog,,,Cal83,True,IR
ir080419.0035,CAL 83,05:43:26.3,-68:22:44,2008-04-20,00:41:36.3,2454576.5289,25.1,1.63,J,J,,,,missingreplog_Cal83.csv,,,Data replog,,,Cal83,True,IR
ir080419.0034,CAL 83,05:43:26.3,-68:22:44,2008-04-20,00:40:26.1,2454576.5281,25.1,1.63,J,J,,,,missingreplog_Cal83.csv,,,Data replog,,,Cal83,True,IR
ir080419.0033,CAL 83,05:43:26.4,-68:22:43,2008-04-20,00:38:09.1,2454576.5265,25.1,1.62,K,K,,,,missingreplog_Cal83.csv,,,Data replog,,,Cal83,True,IR
ir080501.0014,CAL 83,05:43:27.4,-68:22:40,2008-05-01,23:09:47.8,2454588.4651,25.0,1.5,J,J,,,,missingreplog_Cal83.csv,,,Data replog,,,Cal83,True,IR
ir080501.0015,CAL 83,05:43:27.3,-68:22:40,2008-05-01,23:12:00.1,2454588.4667,25.1,1.51,H,H,,,,missingreplog_Cal83.csv,,,Data replog,,,Cal83,True,IR
ir080501.0016,CAL 83,05:43:27.3,-68:22:40,2008-05-01,23:13:10.3,2454588.4675,25.0,1.51,H,H,,,,missingreplog_Cal83.csv,,,Data replog,,,Cal83,True,IR
ir080507.0012,CAL 83,05:43:26.2,-68:22:38,2008-05-07,23:33:22.9,2454594.4815,25.0,1.64,J,J,,,,missingreplog_Cal83.csv,,,Data replog,,,Cal83,True,IR
ir080507.0023,CAL 83,05:43:25.6,-68:22:38,2008-05-07,23:49:29.2,2454594.4927,25.0,1.69,J,J,,,,missingreplog_Cal83.csv,,,Data replog,,,Cal83,True,IR
ir080507.0022,CAL 83,05:43:25.6,-68:22:37,2008-05-07,23:48:18.4,2454594.4919,25.0,1.69,J,J,,,,missingreplog_Cal83.csv,,,Data replog,,,Cal83,True,IR
ir080507.0021,CAL 83,05:43:25.6,-68:22:38,2008-05-07,23:47:08.1,2454594.4911,25.0,1.69,J,J,,,,missingreplog_Cal83.csv,,,Data replog,,,Cal83,True,IR
ir080507.0020,CAL 83,05:43:25.7,-68:22:37,2008-05-07,23:44:50.8,2454594.4895,25.0,1.68,K,K,,,,missingreplog_Cal83.csv,,,Data replog,,,Cal83,True,IR
ir080507.0019,CAL 83,05:43:25.7,-68:22:37,2008-05-07,23:43:40.1,2454594.4887,25.1,1.67,K,K,,,,missingreplog_Cal83.csv,,,Data replog,,,Cal83,True,IR
ir080507.0018,CAL 83,05:43:25.8,-68:22:37,2008-05-07,23:42:29.8,2454594.4879,25.1,1.67,K,K,,,,missingreplog_Cal83.csv,,,Data replog,,,Cal83,True,IR
ir080507.0017,CAL 83,05:43:25.8,-68:22:37,2008-05-07,23:40:17.1,2454594.4863,25.1,1.66,H,H,,,,missingreplog_Cal83.csv,,,Data replog,,,Cal83,True,IR
ir080507.0016,CAL 83,05:43:25.8,-68:22:37,2008-05-07,23:39:06.4,2454594.4855,25.1,1.66,H,H,,,,missingreplog_Cal83.csv,,,Data replog,,,Cal83,True,IR
ir080507.0015,CAL 83,05:43:25.8,-68:22:37,2008-05-07,23:37:56.0,2454594.4847,25.0,1.65,H,H,,,,missingreplog_Cal83.csv,,,Data replog,,,Cal83,True,IR
ir080507.0014,CAL 83,05:43:25.9,-68:22:37,2008-05-07,23:35:43.8,2454594.4832,25.1,1.65,J,J,,,,missingreplog_Cal83.csv,,,Data replog,,,Cal83,True,IR
ir080507.0013,CAL 83,05:43:25.9,-68:22:37,2008-05-07,23:34:33.2,2454594.4823,25.0,1.64,J,J,,,,missingreplog_Cal83.csv,,,Data replog,,,Cal83,True,IR
ir080506.0012,CAL 83,05:43:29.0,-68:22:33,2008-05-06,23:05:18.3,2454593.462,25.0,1.54,J,J,,,,missingreplog_Cal83.csv,,,Data replog,,,Cal83,True,IR
ir080501.0017,CAL 83,05:43:27.3,-68:22:40,2008-05-01,23:14:20.8,2454588.4683,25.1,1.51,H,H,,,,missingreplog_Cal83.csv,,,Data replog,,,Cal83,True,IR
ir080506.0011,CAL 83,05:43:29.0,-68:22:33,2008-05-06,23:04:07.7,2454593.4612,25.1,1.54,J,J,,,,missingreplog_Cal83.csv,,,Data replog,,,Cal83,True,IR
ir080506.0010,CAL 83,05:43:29.1,-68:22:33,2008-05-06,23:02:57.3,2454593.4604,25.1,1.54,J,J,,,,missingreplog_Cal83.csv,,,Data replog,,,Cal83,True,IR
ir080506.0009,CAL 83,05:43:29.0,-68:22:32,2008-05-06,23:00:40.2,2454593.4588,25.1,1.53,K,K,,,,missingreplog_Cal83.csv,,,Data replog,,,Cal83,True,IR
ir080506.0008,CAL 83,05:43:29.1,-68:22:32,2008-05-06,22:59:29.6,2454593.458,25.1,1.53,K,K,,,,missingreplog_Cal83.csv,,,Data replog,,,Cal83,True,IR
ir080506.0007,CAL 83,05:43:29.1,-68:22:32,2008-05-06,22:58:19.3,2454593.4572,25.1,1.52,K,K,,,,missingreplog_Cal83.csv,,,Data replog,,,Cal83,True,IR
ir080506.0006,CAL 83,05:43:29.2,-68:22:31,2008-05-06,22:56:07.0,2454593.4556,25.0,1.52,H,H,,,,missingreplog_Cal83.csv,,,Data replog,,,Cal83,True,IR
ir080506.0005,CAL 83,05:43:29.2,-68:22:32,2008-05-06,22:54:56.2,2454593.4548,25.1,1.51,H,H,,,,missingreplog_Cal83.csv,,,Data replog,,,Cal83,True,IR
ir080506.0004,CAL 83,05:43:29.3,-68:22:32,2008-05-06,22:53:45.7,2454593.454,25.1,1.51,H,H,,,,missingreplog_Cal83.csv,,,Data replog,,,Cal83,True,IR
ir080506.0003,CAL 83,05:43:29.3,-68:22:31,2008-05-06,22:51:33.7,2454593.4525,25.0,1.51,J,J,,,,missingreplog_Cal83.csv,,,Data replog,,,Cal83,True,IR
ir080506.0002,CAL 83,05:43:29.3,-68:22:31,2008-05-06,22:50:23.1,2454593.4517,25.0,1.5,J,J,,,,missingreplog_Cal83.csv,,,Data replog,,,Cal83,True,IR
ir080506.0001,CAL 83,05:43:29.4,-68:22:32,2008-05-06,22:49:12.8,2454593.4509,25.0,1.5,J,J,,,,missingreplog_Cal83.csv,,,Data replog,,,Cal83,True,IR
ir080508.0001,CAL 83,05:43:23.1,-68:22:06,2008-05-08,23:12:10.4,2454595.4668,25.1,1.58,J,J,,,,missingreplog_Cal83.csv,,,Data replog,,,Cal83,True,IR
ir080508.0002,CAL 83,05:43:22.9,-68:22:05,2008-05-08,23:13:20.9,2454595.4676,25.0,1.59,J,J,,,,missingreplog_Cal83.csv,,,Data replog,,,Cal83,True,IR
ir080508.0003,CAL 83,05:43:22.9,-68:22:06,2008-05-08,23:14:31.9,2454595.4684,25.1,1.59,J,J,,,,missingreplog_Cal83.csv,,,Data replog,,,Cal83,True,IR
ir080508.0004,CAL 83,05:43:22.7,-68:22:05,2008-05-08,23:16:44.2,2454595.4699,25.0,1.6,H,H,,,,missingreplog_Cal83.csv,,,Data replog,,,Cal83,True,IR
ir080510.0007,CAL 83,05:43:21.9,-68:22:18,2008-05-10,23:35:04.3,2454597.4827,25.0,1.69,J,J,,,,missingreplog_Cal83.csv,,,Data replog,,,Cal83,True,IR
ir080510.0006,CAL 83,05:43:21.9,-68:22:18,2008-05-10,23:33:53.6,2454597.4819,25.0,1.68,J,J,,,,missingreplog_Cal83.csv,,,Data replog,,,Cal83,True,IR
ir080510.0005,CAL 83,05:43:21.9,-68:22:18,2008-05-10,23:32:43.4,2454597.4811,25.1,1.68,J,J,,,,missingreplog_Cal83.csv,,,Data replog,,,Cal83,True,IR
ir080509.0016,CAL 83,05:43:22.5,-68:22:05,2008-05-09,23:15:00.6,2454596.4688,25.1,1.6,J,J,,,,missingreplog_Cal83.csv,,,Data replog,,,Cal83,True,IR
ir080509.0015,CAL 83,05:43:22.6,-68:22:04,2008-05-09,23:13:50.0,2454596.4679,25.1,1.6,J,J,,,,missingreplog_Cal83.csv,,,Data replog,,,Cal83,True,IR
ir080509.0014,CAL 83,05:43:22.7,-68:22:04,2008-05-09,23:12:39.7,2454596.4671,25.1,1.6,J,J,,,,missingreplog_Cal83.csv,,,Data replog,,,Cal83,True,IR
ir080509.0013,CAL 83,05:43:22.8,-68:22:05,2008-05-09,23:10:22.1,2454596.4655,25.1,1.59,K,K,,,,missingreplog_Cal83.csv,,,Data replog,,,Cal83,True,IR
ir080509.0012,CAL 83,05:43:22.9,-68:22:05,2008-05-09,23:09:11.5,2454596.4647,25.1,1.59,K,K,,,,missingreplog_Cal83.csv,,,Data replog,,,Cal83,True,IR
ir080509.0011,CAL 83,05:43:22.9,-68:22:05,2008-05-09,23:08:01.0,2454596.4639,25.1,1.58,K,K,,,,missingreplog_Cal83.csv,,,Data replog,,,Cal83,True,IR
ir080509.0010,CAL 83,05:43:23.0,-68:22:06,2008-05-09,23:05:48.8,2454596.4624,25.1,1.58,H,H,,,,missingreplog_Cal83.csv,,,Data replog,,,Cal83,True,IR
ir080509.0009,CAL 83,05:43:23.1,-68:22:06,2008-05-09,23:04:38.0,2454596.4616,25.0,1.57,H,H,,,,missingreplog_Cal83.csv,,,Data replog,,,Cal83,True,IR
ir080509.0008,CAL 83,05:43:23.1,-68:22:07,2008-05-09,23:03:27.6,2454596.4607,25.0,1.57,H,H,,,,missingreplog_Cal83.csv,,,Data replog,,,Cal83,True,IR
ir080509.0007,CAL 83,05:43:23.1,-68:22:07,2008-05-09,23:01:15.3,2454596.4592,25.1,1.56,J,J,,,,missingreplog_Cal83.csv,,,Data replog,,,Cal83,True,IR
ir080509.0006,CAL 83,05:43:23.2,-68:22:07,2008-05-09,23:00:04.5,2454596.4584,25.0,1.56,J,J,,,,missingreplog_Cal83.csv,,,Data replog,,,Cal83,True,IR
ir080509.0005,CAL 83,05:43:23.2,-68:22:08,2008-05-09,22:58:54.1,2454596.4576,25.1,1.56,J,J,,,,missingreplog_Cal83.csv,,,Data replog,,,Cal83,True,IR
ir080508.0012,CAL 83,05:43:22.3,-68:22:07,2008-05-08,23:28:18.9,2454595.478,25.0,1.63,J,J,,,,missingreplog_Cal83.csv,,,Data replog,,,Cal83,True,IR
ir080508.0011,CAL 83,05:43:22.3,-68:22:07,2008-05-08,23:27:08.1,2454595.4772,25.1,1.63,J,J,,,,missingreplog_Cal83.csv,,,Data replog,,,Cal83,True,IR
ir080508.0010,CAL 83,05:43:22.3,-68:22:07,2008-05-08,23:25:57.6,2454595.4764,25.0,1.63,J,J,,,,missingreplog_Cal83.csv,,,Data replog,,,Cal83,True,IR
ir080508.0009,CAL 83,05:43:22.4,-68:22:05,2008-05-08,23:23:39.2,2454595.4748,25.1,1.62,K,K,,,,missingreplog_Cal83.csv,,,Data replog,,,Cal83,True,IR
ir080508.0008,CAL 83,05:43:22.5,-68:22:05,2008-05-08,23:22:28.3,2454595.4739,25.0,1.62,K,K,,,,missingreplog_Cal83.csv,,,Data replog,,,Cal83,True,IR
ir080508.0007,CAL 83,05:43:22.5,-68:22:05,2008-05-08,23:21:17.9,2454595.4731,25.0,1.61,K,K,,,,missingreplog_Cal83.csv,,,Data replog,,,Cal83,True,IR
ir080508.0006,CAL 83,05:43:22.6,-68:22:05,2008-05-08,23:19:05.7,2454595.4716,25.1,1.6,H,H,,,,missingreplog_Cal83.csv,,,Data replog,,,Cal83,True,IR
ir080508.0005,CAL 83,05:43:22.6,-68:22:05,2008-05-08,23:17:54.8,2454595.4708,25.1,1.6,H,H,,,,missingreplog_Cal83.csv,,,Data replog,,,Cal83,True,IR
ir080505.0014,CAL 83,05:43:27.3,-68:22:31,2008-05-05,23:00:50.4,2454592.4589,25.0,1.52,J,J,,,,missingreplog_Cal83.csv,,,Data replog,,,Cal83,True,IR
ir080505.0013,CAL 83,05:43:27.4,-68:22:31,2008-05-05,22:59:39.7,2454592.4581,25.0,1.52,J,J,,,,missingreplog_Cal83.csv,,,Data replog,,,Cal83,True,IR
ir080505.0012,CAL 83,05:43:27.4,-68:22:31,2008-05-05,22:58:29.5,2454592.4573,25.0,1.51,J,J,,,,missingreplog_Cal83.csv,,,Data replog,,,Cal83,True,IR
ir080503.0007,CAL 83,05:43:28.6,-68:22:36,2008-05-03,23:02:30.1,2454590.4601,25.0,1.5,K,K,,,,missingreplog_Cal83.csv,,,Data replog,,,Cal83,True,IR
ir080503.0005,CAL 83,05:43:28.7,-68:22:35,2008-05-03,22:59:07.9,2454590.4577,25.1,1.5,H,H,,,,missingreplog_Cal83.csv,,,Data replog,,,Cal83,True,IR
ir080503.0004,CAL 83,05:43:28.7,-68:22:34,2008-05-03,22:57:57.6,2454590.4569,25.0,1.49,H,H,,,,missingreplog_Cal83.csv,,,Data replog,,,Cal83,True,IR
ir080503.0003,CAL 83,05:43:28.8,-68:22:34,2008-05-03,22:55:45.4,2454590.4554,25.0,1.49,J,J,,,,missingreplog_Cal83.csv,,,Data replog,,,Cal83,True,IR
ir080503.0002,CAL 83,05:43:28.9,-68:22:35,2008-05-03,22:54:34.8,2454590.4546,25.0,1.48,J,J,,,,missingreplog_Cal83.csv,,,Data replog,,,Cal83,True,IR
ir080503.0001,CAL 83,05:43:28.9,-68:22:35,2008-05-03,22:53:24.3,2454590.4538,25.0,1.48,J,J,,,,missingreplog_Cal83.csv,,,Data replog,,,Cal83,True,IR
ir080502.0027,CAL 83,05:43:26.6,-68:22:40,2008-05-02,23:24:53.6,2454589.4756,25.0,1.55,J,J,,,,missingreplog_Cal83.csv,,,Data replog,,,Cal83,True,IR
ir080502.0026,CAL 83,05:43:26.6,-68:22:40,2008-05-02,23:23:43.0,2454589.4748,25.0,1.55,J,J,,,,missingreplog_Cal83.csv,,,Data replog,,,Cal83,True,IR
ir080502.0025,CAL 83,05:43:26.6,-68:22:39,2008-05-02,23:22:32.7,2454589.474,25.0,1.55,J,J,,,,missingreplog_Cal83.csv,,,Data replog,,,Cal83,True,IR
ir080502.0024,CAL 83,05:43:26.7,-68:22:39,2008-05-02,23:20:15.0,2454589.4724,25.0,1.54,K,K,,,,missingreplog_Cal83.csv,,,Data replog,,,Cal83,True,IR
ir080502.0023,CAL 83,05:43:26.7,-68:22:39,2008-05-02,23:19:04.3,2454589.4716,25.0,1.54,K,K,,,,missingreplog_Cal83.csv,,,Data replog,,,Cal83,True,IR
ir080502.0022,CAL 83,05:43:26.7,-68:22:39,2008-05-02,23:17:54.0,2454589.4708,25.1,1.53,K,K,,,,missingreplog_Cal83.csv,,,Data replog,,,Cal83,True,IR
ir080502.0021,CAL 83,05:43:26.7,-68:22:39,2008-05-02,23:15:41.6,2454589.4692,25.1,1.53,H,H,,,,missingreplog_Cal83.csv,,,Data replog,,,Cal83,True,IR
ir080502.0020,CAL 83,05:43:26.7,-68:22:39,2008-05-02,23:14:30.9,2454589.4684,25.1,1.52,H,H,,,,missingreplog_Cal83.csv,,,Data replog,,,Cal83,True,IR
ir080502.0019,CAL 83,05:43:26.8,-68:22:39,2008-05-02,23:13:20.6,2454589.4676,25.0,1.52,H,H,,,,missingreplog_Cal83.csv,,,Data replog,,,Cal83,True,IR
ir080502.0018,CAL 83,05:43:26.8,-68:22:39,2008-05-02,23:11:08.3,2454589.4661,25.1,1.52,J,J,,,,missingreplog_Cal83.csv,,,Data replog,,,Cal83,True,IR
ir080502.0017,CAL 83,05:43:26.9,-68:22:39,2008-05-02,23:09:57.7,2454589.4653,25.0,1.51,J,J,,,,missingreplog_Cal83.csv,,,Data replog,,,Cal83,True,IR
ir080502.0016,CAL 83,05:43:27.0,-68:22:39,2008-05-02,23:08:47.4,2454589.4644,25.1,1.51,J,J,,,,missingreplog_Cal83.csv,,,Data replog,,,Cal83,True,IR
ir080501.0023,CAL 83,05:43:27.3,-68:22:41,2008-05-01,23:23:31.9,2454588.4747,25.1,1.54,J,J,,,,missingreplog_Cal83.csv,,,Data replog,,,Cal83,True,IR
ir080501.0022,CAL 83,05:43:27.2,-68:22:41,2008-05-01,23:22:21.3,2454588.4739,25.0,1.53,J,J,,,,missingreplog_Cal83.csv,,,Data replog,,,Cal83,True,IR
ir080501.0021,CAL 83,05:43:27.3,-68:22:41,2008-05-01,23:21:10.9,2454588.4731,25.0,1.53,J,J,,,,missingreplog_Cal83.csv,,,Data replog,,,Cal83,True,IR
ir080501.0020,CAL 83,05:43:27.3,-68:22:40,2008-05-01,23:18:53.3,2454588.4715,25.0,1.53,K,K,,,,missingreplog_Cal83.csv,,,Data replog,,,Cal83,True,IR
ir080501.0019,CAL 83,05:43:27.2,-68:22:40,2008-05-01,23:17:42.7,2454588.4706,25.0,1.52,K,K,,,,missingreplog_Cal83.csv,,,Data replog,,,Cal83,True,IR
ir080501.0018,CAL 83,05:43:27.3,-68:22:40,2008-05-01,23:16:32.5,2454588.4698,25.1,1.52,K,K,,,,missingreplog_Cal83.csv,,,Data replog,,,Cal83,True,IR
ir080503.0006,CAL 83,05:43:28.6,-68:22:35,2008-05-03,23:00:18.6,2454590.4586,25.0,1.5,H,H,,,,missingreplog_Cal83.csv,,,Data replog,,,Cal83,True,IR
ir080503.0008,CAL 83,05:43:28.5,-68:22:36,2008-05-03,23:03:40.5,2454590.4609,25.1,1.51,K,K,,,,missingreplog_Cal83.csv,,,Data replog,,,Cal83,True,IR
ir080505.0011,CAL 83,05:43:27.4,-68:22:30,2008-05-05,22:56:12.3,2454592.4557,25.1,1.51,K,K,,,,missingreplog_Cal83.csv,,,Data replog,,,Cal83,True,IR
ir080503.0009,CAL 83,05:43:28.5,-68:22:36,2008-05-03,23:04:51.3,2454590.4617,25.0,1.51,K,K,,,,missingreplog_Cal83.csv,,,Data replog,,,Cal83,True,IR
ir080505.0010,CAL 83,05:43:27.5,-68:22:30,2008-05-05,22:55:01.5,2454592.4549,25.1,1.5,K,K,,,,missingreplog_Cal83.csv,,,Data replog,,,Cal83,True,IR
ir080505.0009,CAL 83,05:43:27.5,-68:22:30,2008-05-05,22:53:51.0,2454592.4541,25.1,1.5,K,K,,,,missingreplog_Cal83.csv,,,Data replog,,,Cal83,True,IR
ir080505.0008,CAL 83,05:43:27.6,-68:22:30,2008-05-05,22:51:38.7,2454592.4525,25.0,1.5,H,H,,,,missingreplog_Cal83.csv,,,Data replog,,,Cal83,True,IR
ir080505.0007,CAL 83,05:43:27.7,-68:22:30,2008-05-05,22:50:28.0,2454592.4517,25.1,1.49,H,H,,,,missingreplog_Cal83.csv,,,Data replog,,,Cal83,True,IR
ir080505.0006,CAL 83,05:43:27.7,-68:22:30,2008-05-05,22:49:17.4,2454592.4509,25.0,1.49,H,H,,,,missingreplog_Cal83.csv,,,Data replog,,,Cal83,True,IR
ir080505.0005,CAL 83,05:43:27.8,-68:22:30,2008-05-05,22:47:06.0,2454592.4494,25.1,1.49,J,J,,,,missingreplog_Cal83.csv,,,Data replog,,,Cal83,True,IR
ir080505.0004,CAL 83,05:43:27.9,-68:22:30,2008-05-05,22:45:55.1,2454592.4486,25.0,1.48,J,J,,,,missingreplog_Cal83.csv,,,Data replog,,,Cal83,True,IR
ir080505.0003,CAL 83,05:43:28.0,-68:22:31,2008-05-05,22:44:44.7,2454592.4477,25.0,1.48,J,J,,,,missingreplog_Cal83.csv,,,Data replog,,,Cal83,True,IR
ir080504.0012,CAL 83,05:43:32.3,-68:22:28,2008-05-04,22:55:21.7,2454591.4551,25.0,1.5,J,J,,,,missingreplog_Cal83.csv,,,Data replog,,,Cal83,True,IR
ir080504.0011,CAL 83,05:43:32.4,-68:22:28,2008-05-04,22:54:11.1,2454591.4543,25.1,1.49,J,J,,,,missingreplog_Cal83.csv,,,Data replog,,,Cal83,True,IR
ir080504.0010,CAL 83,05:43:32.4,-68:22:28,2008-05-04,22:53:00.6,2454591.4535,25.0,1.49,J,J,,,,missingreplog_Cal83.csv,,,Data replog,,,Cal83,True,IR
ir080504.0009,CAL 83,05:43:32.5,-68:22:28,2008-05-04,22:50:42.6,2454591.4519,25.1,1.48,K,K,,,,missingreplog_Cal83.csv,,,Data replog,,,Cal83,True,IR
ir080504.0008,CAL 83,05:43:32.6,-68:22:28,2008-05-04,22:49:32.1,2454591.4511,25.1,1.48,K,K,,,,missingreplog_Cal83.csv,,,Data replog,,,Cal83,True,IR
ir080504.0007,CAL 83,05:43:32.6,-68:22:28,2008-05-04,22:48:21.8,2454591.4503,25.0,1.48,K,K,,,,missingreplog_Cal83.csv,,,Data replog,,,Cal83,True,IR
ir080504.0006,CAL 83,05:43:32.7,-68:22:28,2008-05-04,22:46:09.3,2454591.4487,25.1,1.47,H,H,,,,missingreplog_Cal83.csv,,,Data replog,,,Cal83,True,IR
ir080504.0005,CAL 83,05:43:32.8,-68:22:28,2008-05-04,22:44:58.7,2454591.4479,25.0,1.47,H,H,,,,missingreplog_Cal83.csv,,,Data replog,,,Cal83,True,IR
ir080504.0004,CAL 83,05:43:32.8,-68:22:28,2008-05-04,22:43:48.4,2454591.4471,25.1,1.47,H,H,,,,missingreplog_Cal83.csv,,,Data replog,,,Cal83,True,IR
ir080504.0003,CAL 83,05:43:32.9,-68:22:29,2008-05-04,22:41:36.6,2454591.4456,25.1,1.46,J,J,,,,missingreplog_Cal83.csv,,,Data replog,,,Cal83,True,IR
ir080504.0002,CAL 83,05:43:33.0,-68:22:29,2008-05-04,22:40:25.9,2454591.4447,25.1,1.46,J,J,,,,missingreplog_Cal83.csv,,,Data replog,,,Cal83,True,IR
ir080504.0001,CAL 83,05:43:33.0,-68:22:30,2008-05-04,22:39:15.8,2454591.4439,25.1,1.46,J,J,,,,missingreplog_Cal83.csv,,,Data replog,,,Cal83,True,IR
ir080503.0012,CAL 83,05:43:28.3,-68:22:36,2008-05-03,23:09:29.2,2454590.4649,25.0,1.52,J,J,,,,missingreplog_Cal83.csv,,,Data replog,,,Cal83,True,IR
ir080503.0011,CAL 83,05:43:28.3,-68:22:36,2008-05-03,23:08:18.5,2454590.4641,25.0,1.52,J,J,,,,missingreplog_Cal83.csv,,,Data replog,,,Cal83,True,IR
ir080503.0010,CAL 83,05:43:28.4,-68:22:36,2008-05-03,23:07:08.3,2454590.4633,25.0,1.52,J,J,,,,missingreplog_Cal83.csv,,,Data replog,,,Cal83,True,IR
ir080129.0117,CAL 83,05:43:30.4,-68:22:35,2008-01-30,03:27:29.0,2454495.6441,25.1,1.32,J,J,,,,missingreplog_Cal83.csv,,,Data replog,,,Cal83,True,IR
ir080129.0115,Cal 83,05:43:30.5,-68:22:35,2008-01-30,03:24:47.6,2454495.6422,30.0,1.32,J,J,,,,missingreplog_Cal83.csv,,,Data replog,,,Cal83,True,IR
ir071008.0268,Cal 83,05:43:34.3,-68:22:17,2007-10-09,09:11:17.1,2454382.8828,30.1,1.28,J,J,,,,missingreplog_Cal83.csv,,,Data replog,,,Cal83,True,IR
ir071121.0099,Cal 83,05:43:32.6,-68:22:34,2007-11-22,03:56:06.5,2454426.664,30.1,1.39,J,J,,,,missingreplog_Cal83.csv,,,Data replog,,,Cal83,True,IR
ir071121.0110,Cal 83,05:43:32.3,-68:22:34,2007-11-22,04:05:26.7,2454426.6705,30.0,1.37,J,J,,,,missingreplog_Cal83.csv,,,Data replog,,,Cal83,True,IR
ir071121.0109,Cal 83,05:43:32.3,-68:22:33,2007-11-22,04:04:39.5,2454426.6699,30.0,1.38,J,J,,,,missingreplog_Cal83.csv,,,Data replog,,,Cal83,True,IR
ir071121.0108,Cal 83,05:43:32.3,-68:22:33,2007-11-22,04:03:52.7,2454426.6694,30.1,1.38,J,J,,,,missingreplog_Cal83.csv,,,Data replog,,,Cal83,True,IR
ir071121.0107,Cal 83,05:43:32.3,-68:22:33,2007-11-22,04:03:06.0,2454426.6688,30.1,1.38,J,J,,,,missingreplog_Cal83.csv,,,Data replog,,,Cal83,True,IR
ir071121.0106,Cal 83,05:43:32.3,-68:22:33,2007-11-22,04:01:52.7,2454426.668,30.0,1.38,J,J,,,,missingreplog_Cal83.csv,,,Data replog,,,Cal83,True,IR
ir071121.0105,Cal 83,05:43:32.3,-68:22:33,2007-11-22,04:01:06.2,2454426.6674,30.1,1.38,J,J,,,,missingreplog_Cal83.csv,,,Data replog,,,Cal83,True,IR
ir071121.0104,Cal 83,05:43:32.4,-68:22:34,2007-11-22,03:59:23.2,2454426.6662,30.0,1.38,J,J,,,,missingreplog_Cal83.csv,,,Data replog,,,Cal83,True,IR
ir071121.0103,Cal 83,05:43:32.4,-68:22:34,2007-11-22,03:59:23.2,2454426.6662,30.1,1.38,J,J,,,,missingreplog_Cal83.csv,,,Data replog,,,Cal83,True,IR
ir071121.0102,Cal 83,05:43:32.5,-68:22:34,2007-11-22,03:57:40.0,2454426.665,30.0,1.39,J,J,,,,missingreplog_Cal83.csv,,,Data replog,,,Cal83,True,IR
ir071121.0101,Cal 83,05:43:32.5,-68:22:34,2007-11-22,03:57:40.0,2454426.665,30.0,1.39,J,J,,,,missingreplog_Cal83.csv,,,Data replog,,,Cal83,True,IR
ir071121.0100,Cal 83,05:43:32.5,-68:22:34,2007-11-22,03:56:53.0,2454426.6645,30.0,1.39,J,J,,,,missingreplog_Cal83.csv,,,Data replog,,,Cal83,True,IR
ir071116.0209,Cal 83,05:43:33.6,-68:22:40,2007-11-17,05:52:42.6,2454421.745,30.0,1.29,J,J,,,,missingreplog_Cal83.csv,,,Data replog,,,Cal83,True,IR
ir071116.0196,Cal 83,05:43:33.6,-68:22:39,2007-11-17,05:41:42.7,2454421.7373,30.0,1.29,J,J,,,,missingreplog_Cal83.csv,,,Data replog,,,Cal83,True,IR
ir071116.0208,Cal 83,05:43:33.6,-68:22:40,2007-11-17,05:51:56.3,2454421.7444,30.1,1.29,J,J,,,,missingreplog_Cal83.csv,,,Data replog,,,Cal83,True,IR
ir071116.0207,Cal 83,05:43:33.5,-68:22:39,2007-11-17,05:50:13.4,2454421.7432,30.1,1.29,J,J,,,,missingreplog_Cal83.csv,,,Data replog,,,Cal83,True,IR
ir071116.0206,Cal 83,05:43:33.5,-68:22:39,2007-11-17,05:50:13.4,2454421.7432,30.1,1.29,J,J,,,,missingreplog_Cal83.csv,,,Data replog,,,Cal83,True,IR
ir071116.0205,Cal 83,05:43:33.5,-68:22:39,2007-11-17,05:49:26.9,2454421.7427,30.1,1.29,J,J,,,,missingreplog_Cal83.csv,,,Data replog,,,Cal83,True,IR
ir071116.0204,Cal 83,05:43:33.5,-68:22:39,2007-11-17,05:48:40.3,2454421.7421,30.1,1.29,J,J,,,,missingreplog_Cal83.csv,,,Data replog,,,Cal83,True,IR
ir071116.0203,Cal 83,05:43:33.5,-68:22:39,2007-11-17,05:47:53.6,2454421.7416,30.0,1.29,J,J,,,,missingreplog_Cal83.csv,,,Data replog,,,Cal83,True,IR
ir071116.0202,Cal 83,05:43:33.5,-68:22:39,2007-11-17,05:47:07.3,2454421.7411,30.0,1.29,J,J,,,,missingreplog_Cal83.csv,,,Data replog,,,Cal83,True,IR
ir071116.0201,Cal 83,05:43:33.5,-68:22:39,2007-11-17,05:45:54.0,2454421.7402,30.1,1.29,J,J,,,,missingreplog_Cal83.csv,,,Data replog,,,Cal83,True,IR
ir071116.0200,Cal 83,05:43:33.5,-68:22:39,2007-11-17,05:44:11.3,2454421.739,30.0,1.29,J,J,,,,missingreplog_Cal83.csv,,,Data replog,,,Cal83,True,IR
ir071116.0199,Cal 83,05:43:33.5,-68:22:39,2007-11-17,05:44:11.3,2454421.739,30.1,1.29,J,J,,,,missingreplog_Cal83.csv,,,Data replog,,,Cal83,True,IR
ir071116.0198,Cal 83,05:43:33.5,-68:22:39,2007-11-17,05:43:24.8,2454421.7385,30.1,1.29,J,J,,,,missingreplog_Cal83.csv,,,Data replog,,,Cal83,True,IR
ir071121.0111,Cal 83,05:43:32.3,-68:22:33,2007-11-22,04:06:12.9,2454426.671,30.0,1.37,J,J,,,,missingreplog_Cal83.csv,,,Data replog,,,Cal83,True,IR
ir071121.0112,Cal 83,05:43:32.3,-68:22:33,2007-11-22,04:06:59.6,2454426.6715,30.0,1.37,J,J,,,,missingreplog_Cal83.csv,,,Data replog,,,Cal83,True,IR
ir071121.0113,Cal 83,05:43:32.3,-68:22:33,2007-11-22,04:06:59.6,2454426.6715,30.1,1.37,J,J,,,,missingreplog_Cal83.csv,,,Data replog,,,Cal83,True,IR
ir071121.0114,Cal 83,05:43:32.3,-68:22:33,2007-11-22,04:06:59.6,2454426.6715,30.0,1.37,J,J,,,,missingreplog_Cal83.csv,,,Data replog,,,Cal83,True,IR
ir071124.0137,CAL 83,05:43:28.6,-68:22:28,2007-11-25,05:34:47.9,2454429.7325,25.0,1.28,H,H,,,,missingreplog_Cal83.csv,,,Data replog,,,Cal83,True,IR
ir071124.0136,CAL 83,05:43:28.6,-68:22:27,2007-11-25,05:31:24.4,2454429.7301,25.1,1.28,J,J,,,,missingreplog_Cal83.csv,,,Data replog,,,Cal83,True,IR
ir071124.0135,CAL 83,05:43:28.6,-68:22:27,2007-11-25,05:31:24.4,2454429.7301,25.0,1.28,J,J,,,,missingreplog_Cal83.csv,,,Data replog,,,Cal83,True,IR
ir071124.0134,CAL 83,05:43:28.6,-68:22:28,2007-11-25,05:30:13.8,2454429.7293,25.0,1.28,J,J,,,,missingreplog_Cal83.csv,,,Data replog,,,Cal83,True,IR
ir071124.0133,CAL 83,05:43:28.6,-68:22:27,2007-11-25,05:28:00.1,2454429.7278,25.0,1.28,J,J,,,,missingreplog_Cal83.csv,,,Data replog,,,Cal83,True,IR
ir071124.0132,CAL 83,05:43:28.6,-68:22:28,2007-11-25,05:26:49.1,2454429.727,25.1,1.29,J,J,,,,missingreplog_Cal83.csv,,,Data replog,,,Cal83,True,IR
ir071124.0131,CAL 83,05:43:28.5,-68:22:27,2007-11-25,05:25:38.5,2454429.7261,25.1,1.29,J,J,,,,missingreplog_Cal83.csv,,,Data replog,,,Cal83,True,IR
ir071123.0168,Cal 83,05:43:28.3,-68:22:29,2007-11-24,05:52:21.6,2454428.7447,30.0,1.28,J,J,,,,missingreplog_Cal83.csv,,,Data replog,,,Cal83,True,IR
ir071123.0167,Cal 83,05:43:28.3,-68:22:19,2007-11-24,05:51:35.2,2454428.7442,30.1,1.28,J,J,,,,missingreplog_Cal83.csv,,,Data replog,,,Cal83,True,IR
ir071123.0166,Cal 83,05:43:28.3,-68:22:20,2007-11-24,05:50:48.7,2454428.7436,30.0,1.28,J,J,,,,missingreplog_Cal83.csv,,,Data replog,,,Cal83,True,IR
ir071123.0165,Cal 83,05:43:28.3,-68:22:20,2007-11-24,05:50:02.1,2454428.7431,30.0,1.28,J,J,,,,missingreplog_Cal83.csv,,,Data replog,,,Cal83,True,IR
ir071123.0164,Cal 83,05:43:28.3,-68:22:20,2007-11-24,05:49:15.8,2454428.7425,30.1,1.28,J,J,,,,missingreplog_Cal83.csv,,,Data replog,,,Cal83,True,IR
ir071123.0163,Cal 83,05:43:28.3,-68:22:19,2007-11-24,05:47:32.8,2454428.7413,30.0,1.28,J,J,,,,missingreplog_Cal83.csv,,,Data replog,,,Cal83,True,IR
ir071123.0162,Cal 83,05:43:28.3,-68:22:19,2007-11-24,05:47:32.8,2454428.7413,30.1,1.28,J,J,,,,missingreplog_Cal83.csv,,,Data replog,,,Cal83,True,IR
ir071123.0161,Cal 83,05:43:28.3,-68:22:19,2007-11-24,05:46:46.3,2454428.7408,30.1,1.28,J,J,,,,missingreplog_Cal83.csv,,,Data replog,,,Cal83,True,IR
ir071123.0160,Cal 83,05:43:28.4,-68:22:19,2007-11-24,05:45:33.4,2454428.74,30.0,1.28,J,J,,,,missingreplog_Cal83.csv,,,Data replog,,,Cal83,True,IR
ir071123.0159,Cal 83,05:43:28.4,-68:22:19,2007-11-24,05:44:47.0,2454428.7394,30.0,1.28,J,J,,,,missingreplog_Cal83.csv,,,Data replog,,,Cal83,True,IR
ir071123.0158,Cal 83,05:43:28.4,-68:22:18,2007-11-24,05:43:04.7,2454428.7382,30.0,1.28,J,J,,,,missingreplog_Cal83.csv,,,Data replog,,,Cal83,True,IR
ir071123.0157,Cal 83,05:43:28.4,-68:22:18,2007-11-24,05:43:04.7,2454428.7382,30.0,1.28,J,J,,,,missingreplog_Cal83.csv,,,Data replog,,,Cal83,True,IR
ir071123.0156,Cal 83,05:43:28.5,-68:22:18,2007-11-24,05:41:22.3,2454428.7371,30.0,1.28,J,J,,,,missingreplog_Cal83.csv,,,Data replog,,,Cal83,True,IR
ir071123.0155,Cal 83,05:43:28.5,-68:22:18,2007-11-24,05:41:22.3,2454428.7371,30.0,1.28,J,J,,,,missingreplog_Cal83.csv,,,Data replog,,,Cal83,True,IR
ir071123.0154,Cal 83,05:43:28.5,-68:22:18,2007-11-24,05:40:35.8,2454428.7365,30.0,1.28,J,J,,,,missingreplog_Cal83.csv,,,Data replog,,,Cal83,True,IR
ir071123.0153,Cal 83,05:43:28.6,-68:22:18,2007-11-24,05:39:49.3,2454428.736,30.0,1.28,J,J,,,,missingreplog_Cal83.csv,,,Data replog,,,Cal83,True,IR
ir071116.0197,Cal 83,05:43:33.6,-68:22:39,2007-11-17,05:41:42.7,2454421.7373,30.1,1.29,J,J,,,,missingreplog_Cal83.csv,,,Data replog,,,Cal83,True,IR
ir071116.0195,Cal 83,05:43:33.6,-68:22:39,2007-11-17,05:40:55.8,2454421.7368,30.1,1.29,J,J,,,,missingreplog_Cal83.csv,,,Data replog,,,Cal83,True,IR
ir071124.0139,CAL 83,05:43:28.6,-68:22:28,2007-11-25,05:37:09.2,2454429.7341,25.1,1.28,H,H,,,,missingreplog_Cal83.csv,,,Data replog,,,Cal83,True,IR
ir071110.0151,Cal 83,05:43:29.3,-68:22:17,2007-11-11,05:56:14.2,2454415.7474,30.1,1.3,J,J,,,,missingreplog_Cal83.csv,,,Data replog,,,Cal83,True,IR
ir071114.0175,Cal 83,05:43:27.9,-68:22:23,2007-11-15,06:13:53.2,2454419.7596,30.1,1.28,J,J,,,,missingreplog_Cal83.csv,,,Data replog,,,Cal83,True,IR
ir071110.0161,Cal 83,05:43:28.7,-68:22:16,2007-11-11,06:04:56.0,2454415.7534,30.0,1.29,J,J,,,,missingreplog_Cal83.csv,,,Data replog,,,Cal83,True,IR
ir071110.0160,Cal 83,05:43:28.8,-68:22:16,2007-11-11,06:04:09.6,2454415.7529,30.0,1.29,J,J,,,,missingreplog_Cal83.csv,,,Data replog,,,Cal83,True,IR
ir071110.0159,Cal 83,05:43:28.8,-68:22:17,2007-11-11,06:02:27.0,2454415.7517,30.0,1.3,J,J,,,,missingreplog_Cal83.csv,,,Data replog,,,Cal83,True,IR
ir071110.0158,Cal 83,05:43:28.8,-68:22:17,2007-11-11,06:02:27.0,2454415.7517,30.1,1.3,J,J,,,,missingreplog_Cal83.csv,,,Data replog,,,Cal83,True,IR
ir071110.0157,Cal 83,05:43:28.9,-68:22:17,2007-11-11,06:01:40.7,2454415.7512,30.0,1.3,J,J,,,,missingreplog_Cal83.csv,,,Data replog,,,Cal83,True,IR
ir071110.0156,Cal 83,05:43:28.9,-68:22:17,2007-11-11,06:00:54.0,2454415.7506,30.1,1.3,J,J,,,,missingreplog_Cal83.csv,,,Data replog,,,Cal83,True,IR
ir071110.0155,Cal 83,05:43:29.0,-68:22:17,2007-11-11,06:00:07.1,2454415.7501,30.0,1.3,J,J,,,,missingreplog_Cal83.csv,,,Data replog,,,Cal83,True,IR
ir071110.0154,Cal 83,05:43:29.1,-68:22:17,2007-11-11,05:59:20.7,2454415.7495,30.1,1.3,J,J,,,,missingreplog_Cal83.csv,,,Data replog,,,Cal83,True,IR
ir071110.0153,Cal 83,05:43:29.2,-68:22:17,2007-11-11,05:57:47.3,2454415.7485,30.1,1.3,J,J,,,,missingreplog_Cal83.csv,,,Data replog,,,Cal83,True,IR
ir071110.0152,Cal 83,05:43:29.3,-68:22:16,2007-11-11,05:57:00.7,2454415.7479,30.1,1.3,J,J,,,,missingreplog_Cal83.csv,,,Data replog,,,Cal83,True,IR
ir071110.0150,Cal 83,05:43:29.4,-68:22:17,2007-11-11,05:55:27.8,2454415.7469,30.0,1.3,J,J,,,,missingreplog_Cal83.csv,,,Data replog,,,Cal83,True,IR
ir071116.0194,Cal 83,05:43:33.6,-68:22:39,2007-11-17,05:40:09.4,2454421.7362,30.1,1.3,J,J,,,,missingreplog_Cal83.csv,,,Data replog,,,Cal83,True,IR
ir071110.0149,Cal 83,05:43:29.5,-68:22:18,2007-11-11,05:54:41.4,2454415.7463,30.0,1.3,J,J,,,,missingreplog_Cal83.csv,,,Data replog,,,Cal83,True,IR
ir071110.0148,Cal 83,05:43:29.6,-68:22:18,2007-11-11,05:53:54.8,2454415.7458,30.1,1.3,J,J,,,,missingreplog_Cal83.csv,,,Data replog,,,Cal83,True,IR
ir071110.0147,Cal 83,05:43:29.6,-68:22:18,2007-11-11,05:53:08.3,2454415.7452,30.1,1.3,J,J,,,,missingreplog_Cal83.csv,,,Data replog,,,Cal83,True,IR
ir071110.0146,Cal 83,05:43:29.7,-68:22:18,2007-11-11,05:52:22.1,2454415.7447,30.0,1.3,J,J,,,,missingreplog_Cal83.csv,,,Data replog,,,Cal83,True,IR
ir071109.0044,Cal 83,05:43:28.3,-68:22:24,2007-11-10,05:53:42.4,2454414.7456,30.0,1.3,J,J,,,,missingreplog_Cal83.csv,,,Data replog,,,Cal83,True,IR
ir071109.0043,Cal 83,05:43:28.3,-68:22:24,2007-11-10,05:51:59.7,2454414.7444,30.0,1.31,J,J,,,,missingreplog_Cal83.csv,,,Data replog,,,Cal83,True,IR
ir071109.0042,Cal 83,05:43:28.3,-68:22:24,2007-11-10,05:51:59.7,2454414.7444,30.0,1.31,J,J,,,,missingreplog_Cal83.csv,,,Data replog,,,Cal83,True,IR
ir071109.0041,Cal 83,05:43:28.3,-68:22:25,2007-11-10,05:51:13.0,2454414.7439,30.0,1.31,J,J,,,,missingreplog_Cal83.csv,,,Data replog,,,Cal83,True,IR
ir071109.0040,Cal 83,05:43:28.3,-68:22:25,2007-11-10,05:48:34.6,2454414.7421,30.0,1.31,J,J,,,,missingreplog_Cal83.csv,,,Data replog,,,Cal83,True,IR
ir071109.0039,Cal 83,05:43:28.3,-68:22:25,2007-11-10,05:48:34.6,2454414.7421,30.0,1.31,J,J,,,,missingreplog_Cal83.csv,,,Data replog,,,Cal83,True,IR
ir071109.0038,Cal 83,05:43:28.3,-68:22:25,2007-11-10,05:48:34.6,2454414.7421,30.0,1.31,J,J,,,,missingreplog_Cal83.csv,,,Data replog,,,Cal83,True,IR
ir071114.0176,Cal 83,05:43:27.9,-68:22:23,2007-11-15,06:14:40.3,2454419.7602,30.0,1.28,J,J,,,,missingreplog_Cal83.csv,,,Data replog,,,Cal83,True,IR
ir071114.0177,Cal 83,05:43:27.9,-68:22:23,2007-11-15,06:14:40.3,2454419.7602,30.1,1.28,J,J,,,,missingreplog_Cal83.csv,,,Data replog,,,Cal83,True,IR
ir071114.0178,Cal 83,05:43:27.9,-68:22:22,2007-11-15,06:16:23.4,2454419.7614,30.1,1.28,J,J,,,,missingreplog_Cal83.csv,,,Data replog,,,Cal83,True,IR
ir071114.0179,Cal 83,05:43:27.9,-68:22:23,2007-11-15,06:17:10.2,2454419.7619,30.0,1.28,J,J,,,,missingreplog_Cal83.csv,,,Data replog,,,Cal83,True,IR
ir071116.0193,CAL 83,05:43:33.8,-68:22:39,2007-11-17,05:37:17.1,2454421.7342,25.0,1.3,K,K,,,,missingreplog_Cal83.csv,,,Data replog,,,Cal83,True,IR
ir071116.0192,CAL 83,05:43:33.8,-68:22:39,2007-11-17,05:36:06.5,2454421.7334,25.1,1.3,K,K,,,,missingreplog_Cal83.csv,,,Data replog,,,Cal83,True,IR
ir071116.0191,CAL 83,05:43:33.9,-68:22:39,2007-11-17,05:34:56.0,2454421.7326,25.0,1.3,K,K,,,,missingreplog_Cal83.csv,,,Data replog,,,Cal83,True,IR
ir071116.0190,CAL 83,05:43:34.0,-68:22:39,2007-11-17,05:32:42.3,2454421.7311,25.0,1.3,H,H,,,,missingreplog_Cal83.csv,,,Data replog,,,Cal83,True,IR
ir071116.0189,CAL 83,05:43:34.0,-68:22:39,2007-11-17,05:31:31.7,2454421.7302,25.0,1.3,H,H,,,,missingreplog_Cal83.csv,,,Data replog,,,Cal83,True,IR
ir071116.0188,CAL 83,05:43:34.1,-68:22:39,2007-11-17,05:30:21.3,2454421.7294,25.0,1.3,H,H,,,,missingreplog_Cal83.csv,,,Data replog,,,Cal83,True,IR
ir071116.0187,CAL 83,05:43:34.1,-68:22:39,2007-11-17,05:28:08.6,2454421.7279,25.0,1.3,J,J,,,,missingreplog_Cal83.csv,,,Data replog,,,Cal83,True,IR
ir071116.0186,CAL 83,05:43:34.2,-68:22:39,2007-11-17,05:26:57.7,2454421.7271,25.0,1.3,J,J,,,,missingreplog_Cal83.csv,,,Data replog,,,Cal83,True,IR
ir071116.0185,CAL 83,05:43:34.2,-68:22:39,2007-11-17,05:25:47.2,2454421.7262,25.1,1.31,J,J,,,,missingreplog_Cal83.csv,,,Data replog,,,Cal83,True,IR
ir071116.0184,CAL 83,05:43:34.3,-68:22:39,2007-11-17,05:23:32.9,2454421.7247,25.0,1.31,J,J,,,,missingreplog_Cal83.csv,,,Data replog,,,Cal83,True,IR
ir071116.0183,CAL 83,05:43:34.3,-68:22:39,2007-11-17,05:22:22.4,2454421.7239,25.0,1.31,J,J,,,,missingreplog_Cal83.csv,,,Data replog,,,Cal83,True,IR
ir071116.0182,CAL 83,05:43:34.4,-68:22:40,2007-11-17,05:21:12.0,2454421.7231,25.0,1.31,J,J,,,,missingreplog_Cal83.csv,,,Data replog,,,Cal83,True,IR
ir071114.0190,Cal 83,05:43:27.9,-68:22:23,2007-11-15,06:26:27.0,2454419.7684,30.0,1.28,J,J,,,,missingreplog_Cal83.csv,,,Data replog,,,Cal83,True,IR
ir071114.0189,Cal 83,05:43:27.9,-68:22:23,2007-11-15,06:25:40.3,2454419.7678,30.1,1.28,J,J,,,,missingreplog_Cal83.csv,,,Data replog,,,Cal83,True,IR
ir071114.0188,Cal 83,05:43:27.9,-68:22:23,2007-11-15,06:24:53.7,2454419.7673,30.0,1.28,J,J,,,,missingreplog_Cal83.csv,,,Data replog,,,Cal83,True,IR
ir071114.0187,Cal 83,05:43:27.9,-68:22:23,2007-11-15,06:24:07.2,2454419.7667,30.0,1.28,J,J,,,,missingreplog_Cal83.csv,,,Data replog,,,Cal83,True,IR
ir071114.0186,Cal 83,05:43:27.9,-68:22:23,2007-11-15,06:23:20.7,2454419.7662,30.1,1.28,J,J,,,,missingreplog_Cal83.csv,,,Data replog,,,Cal83,True,IR
ir071114.0185,Cal 83,05:43:27.9,-68:22:23,2007-11-15,06:21:37.9,2454419.765,30.1,1.28,J,J,,,,missingreplog_Cal83.csv,,,Data replog,,,Cal83,True,IR
ir071114.0184,Cal 83,05:43:27.9,-68:22:23,2007-11-15,06:21:37.9,2454419.765,30.0,1.28,J,J,,,,missingreplog_Cal83.csv,,,Data replog,,,Cal83,True,IR
ir071114.0183,Cal 83,05:43:27.9,-68:22:23,2007-11-15,06:20:51.6,2454419.7645,30.1,1.28,J,J,,,,missingreplog_Cal83.csv,,,Data replog,,,Cal83,True,IR
ir071114.0182,Cal 83,05:43:27.9,-68:22:23,2007-11-15,06:19:30.2,2454419.7635,30.0,1.28,J,J,,,,missingreplog_Cal83.csv,,,Data replog,,,Cal83,True,IR
ir071114.0181,Cal 83,05:43:27.9,-68:22:23,2007-11-15,06:18:43.9,2454419.763,30.0,1.28,J,J,,,,missingreplog_Cal83.csv,,,Data replog,,,Cal83,True,IR
ir071114.0180,Cal 83,05:43:27.9,-68:22:23,2007-11-15,06:17:57.2,2454419.7625,30.1,1.28,J,J,,,,missingreplog_Cal83.csv,,,Data replog,,,Cal83,True,IR
ir071124.0138,CAL 83,05:43:28.6,-68:22:28,2007-11-25,05:35:58.4,2454429.7333,25.1,1.28,H,H,,,,missingreplog_Cal83.csv,,,Data replog,,,Cal83,True,IR
ir071124.0140,CAL 83,05:43:28.6,-68:22:29,2007-11-25,05:39:22.8,2454429.7357,25.1,1.28,K,K,,,,missingreplog_Cal83.csv,,,Data replog,,,Cal83,True,IR
ir080129.0114,Cal 83,05:43:30.5,-68:22:35,2008-01-30,03:24:01.5,2454495.6417,30.0,1.32,J,J,,,,missingreplog_Cal83.csv,,,Data replog,,,Cal83,True,IR
ir071202.0150,Cal 83,05:43:32.0,-68:22:35,2007-12-03,06:54:12.6,2454437.7876,30.0,1.3,J,J,,,,missingreplog_Cal83.csv,,,Data replog,,,Cal83,True,IR
ir071203.0185,CAL 83,05:43:31.9,-68:22:32,2007-12-04,06:09:17.1,2454438.7565,25.0,1.28,J,J,,,,missingreplog_Cal83.csv,,,Data replog,,,Cal83,True,IR
ir071203.0184,CAL 83,05:43:31.9,-68:22:32,2007-12-04,06:08:06.6,2454438.7556,25.0,1.28,J,J,,,,missingreplog_Cal83.csv,,,Data replog,,,Cal83,True,IR
ir071202.0159,Cal 83,05:43:31.7,-68:22:33,2007-12-03,07:01:57.4,2454437.793,30.1,1.31,J,J,,,,missingreplog_Cal83.csv,,,Data replog,,,Cal83,True,IR
ir071202.0158,Cal 83,05:43:31.7,-68:22:33,2007-12-03,07:01:11.0,2454437.7925,30.0,1.31,J,J,,,,missingreplog_Cal83.csv,,,Data replog,,,Cal83,True,IR
ir071202.0157,Cal 83,05:43:31.7,-68:22:33,2007-12-03,07:00:24.5,2454437.792,30.1,1.31,J,J,,,,missingreplog_Cal83.csv,,,Data replog,,,Cal83,True,IR
ir071202.0156,Cal 83,05:43:31.8,-68:22:33,2007-12-03,06:59:38.0,2454437.7914,30.0,1.31,J,J,,,,missingreplog_Cal83.csv,,,Data replog,,,Cal83,True,IR
ir071202.0155,Cal 83,05:43:31.8,-68:22:34,2007-12-03,06:58:51.9,2454437.7909,30.0,1.31,J,J,,,,missingreplog_Cal83.csv,,,Data replog,,,Cal83,True,IR
ir071202.0154,Cal 83,05:43:31.8,-68:22:34,2007-12-03,06:58:05.3,2454437.7903,30.1,1.31,J,J,,,,missingreplog_Cal83.csv,,,Data replog,,,Cal83,True,IR
ir071202.0153,Cal 83,05:43:31.9,-68:22:34,2007-12-03,06:57:18.8,2454437.7898,30.0,1.31,J,J,,,,missingreplog_Cal83.csv,,,Data replog,,,Cal83,True,IR
ir071202.0152,Cal 83,05:43:31.9,-68:22:34,2007-12-03,06:56:32.5,2454437.7893,30.0,1.3,J,J,,,,missingreplog_Cal83.csv,,,Data replog,,,Cal83,True,IR
ir071202.0151,Cal 83,05:43:31.9,-68:22:35,2007-12-03,06:54:59.1,2454437.7882,30.0,1.3,J,J,,,,missingreplog_Cal83.csv,,,Data replog,,,Cal83,True,IR
ir071202.0149,Cal 83,05:43:32.0,-68:22:35,2007-12-03,06:53:25.9,2454437.7871,30.1,1.3,J,J,,,,missingreplog_Cal83.csv,,,Data replog,,,Cal83,True,IR
ir071130.0164,Cal 83,05:43:34.2,-68:22:33,2007-12-01,04:43:27.2,2454435.6968,30.1,1.3,J,J,,,,missingreplog_Cal83.csv,,,Data replog,,,Cal83,True,IR
ir071202.0148,Cal 83,05:43:32.0,-68:22:35,2007-12-03,06:52:39.5,2454437.7866,30.0,1.3,J,J,,,,missingreplog_Cal83.csv,,,Data replog,,,Cal83,True,IR
ir071202.0147,Cal 83,05:43:32.1,-68:22:36,2007-12-03,06:51:53.2,2454437.786,30.0,1.3,J,J,,,,missingreplog_Cal83.csv,,,Data replog,,,Cal83,True,IR
ir071202.0146,Cal 83,05:43:32.1,-68:22:36,2007-12-03,06:51:06.6,2454437.7855,30.0,1.3,J,J,,,,missingreplog_Cal83.csv,,,Data replog,,,Cal83,True,IR
ir071202.0145,Cal 83,05:43:32.2,-68:22:36,2007-12-03,06:50:20.1,2454437.785,30.0,1.3,J,J,,,,missingreplog_Cal83.csv,,,Data replog,,,Cal83,True,IR
ir071202.0144,Cal 83,05:43:32.2,-68:22:37,2007-12-03,06:49:34.0,2454437.7844,30.0,1.3,J,J,,,,missingreplog_Cal83.csv,,,Data replog,,,Cal83,True,IR
ir071130.0171,Cal 83,05:43:34.0,-68:22:33,2007-12-01,04:48:52.3,2454435.7006,30.0,1.29,J,J,,,,missingreplog_Cal83.csv,,,Data replog,,,Cal83,True,IR
ir071130.0170,Cal 83,05:43:34.0,-68:22:33,2007-12-01,04:48:05.9,2454435.7001,30.0,1.29,J,J,,,,missingreplog_Cal83.csv,,,Data replog,,,Cal83,True,IR
ir071130.0169,Cal 83,05:43:34.0,-68:22:33,2007-12-01,04:47:19.6,2454435.6995,30.0,1.29,J,J,,,,missingreplog_Cal83.csv,,,Data replog,,,Cal83,True,IR
ir071130.0168,Cal 83,05:43:34.1,-68:22:34,2007-12-01,04:46:33.1,2454435.699,30.1,1.29,J,J,,,,missingreplog_Cal83.csv,,,Data replog,,,Cal83,True,IR
ir071130.0167,Cal 83,05:43:34.1,-68:22:33,2007-12-01,04:45:46.7,2454435.6985,30.0,1.29,J,J,,,,missingreplog_Cal83.csv,,,Data replog,,,Cal83,True,IR
ir071130.0166,Cal 83,05:43:34.1,-68:22:33,2007-12-01,04:45:00.2,2454435.6979,30.1,1.3,J,J,,,,missingreplog_Cal83.csv,,,Data replog,,,Cal83,True,IR
ir071203.0186,CAL 83,05:43:31.9,-68:22:32,2007-12-04,06:10:28.1,2454438.7573,25.1,1.28,J,J,,,,missingreplog_Cal83.csv,,,Data replog,,,Cal83,True,IR
ir071203.0187,CAL 83,05:43:31.9,-68:22:32,2007-12-04,06:12:40.9,2454438.7588,25.1,1.28,J,J,,,,missingreplog_Cal83.csv,,,Data replog,,,Cal83,True,IR
ir071203.0188,CAL 83,05:43:31.9,-68:22:32,2007-12-04,06:13:51.6,2454438.7596,25.0,1.28,J,J,,,,missingreplog_Cal83.csv,,,Data replog,,,Cal83,True,IR
ir071203.0189,CAL 83,05:43:31.9,-68:22:32,2007-12-04,06:13:51.6,2454438.7596,25.0,1.28,J,J,,,,missingreplog_Cal83.csv,,,Data replog,,,Cal83,True,IR
ir071210.0106,Cal 83,05:43:29.0,-68:22:20,2007-12-11,03:22:05.4,2454445.6403,30.0,1.33,J,J,,,,missingreplog_Cal83.csv,,,Data replog,,,Cal83,True,IR
ir071204.0137,Cal 83,05:43:33.5,-68:22:38,2007-12-05,04:35:24.2,2454439.6913,30.1,1.29,J,J,,,,missingreplog_Cal83.csv,,,Data replog,,,Cal83,True,IR
ir071204.0136,Cal 83,05:43:33.5,-68:22:38,2007-12-05,04:34:37.7,2454439.6907,30.0,1.29,J,J,,,,missingreplog_Cal83.csv,,,Data replog,,,Cal83,True,IR
ir071204.0135,Cal 83,05:43:33.5,-68:22:38,2007-12-05,04:33:51.4,2454439.6902,30.1,1.29,J,J,,,,missingreplog_Cal83.csv,,,Data replog,,,Cal83,True,IR
ir071204.0134,Cal 83,05:43:33.5,-68:22:38,2007-12-05,04:33:04.9,2454439.6897,30.0,1.29,J,J,,,,missingreplog_Cal83.csv,,,Data replog,,,Cal83,True,IR
ir071204.0133,Cal 83,05:43:33.5,-68:22:38,2007-12-05,04:32:18.4,2454439.6891,30.0,1.29,J,J,,,,missingreplog_Cal83.csv,,,Data replog,,,Cal83,True,IR
ir071204.0132,Cal 83,05:43:33.6,-68:22:38,2007-12-05,04:31:32.0,2454439.6886,30.1,1.29,J,J,,,,missingreplog_Cal83.csv,,,Data replog,,,Cal83,True,IR
ir071204.0131,Cal 83,05:43:33.6,-68:22:38,2007-12-05,04:30:45.5,2454439.688,30.0,1.29,J,J,,,,missingreplog_Cal83.csv,,,Data replog,,,Cal83,True,IR
ir071204.0130,Cal 83,05:43:33.6,-68:22:38,2007-12-05,04:29:59.1,2454439.6875,30.1,1.29,J,J,,,,missingreplog_Cal83.csv,,,Data replog,,,Cal83,True,IR
ir071204.0129,Cal 83,05:43:33.7,-68:22:39,2007-12-05,04:28:27.7,2454439.6864,30.0,1.3,J,J,,,,missingreplog_Cal83.csv,,,Data replog,,,Cal83,True,IR
ir071204.0128,Cal 83,05:43:33.7,-68:22:39,2007-12-05,04:27:41.3,2454439.6859,30.0,1.3,J,J,,,,missingreplog_Cal83.csv,,,Data replog,,,Cal83,True,IR
ir071204.0127,Cal 83,05:43:33.8,-68:22:39,2007-12-05,04:26:54.8,2454439.6854,30.1,1.3,J,J,,,,missingreplog_Cal83.csv,,,Data replog,,,Cal83,True,IR
ir071204.0126,Cal 83,05:43:33.9,-68:22:38,2007-12-05,04:26:08.3,2454439.6848,30.0,1.3,J,J,,,,missingreplog_Cal83.csv,,,Data replog,,,Cal83,True,IR
ir071204.0125,Cal 83,05:43:33.9,-68:22:38,2007-12-05,04:25:22.0,2454439.6843,30.0,1.3,J,J,,,,missingreplog_Cal83.csv,,,Data replog,,,Cal83,True,IR
ir071204.0124,Cal 83,05:43:34.0,-68:22:38,2007-12-05,04:24:35.4,2454439.6837,30.1,1.3,J,J,,,,missingreplog_Cal83.csv,,,Data replog,,,Cal83,True,IR
ir071204.0123,Cal 83,05:43:34.1,-68:22:39,2007-12-05,04:23:48.8,2454439.6832,30.0,1.3,J,J,,,,missingreplog_Cal83.csv,,,Data replog,,,Cal83,True,IR
ir071204.0122,Cal 83,05:43:34.3,-68:22:39,2007-12-05,04:23:02.3,2454439.6827,30.0,1.3,J,J,,,,missingreplog_Cal83.csv,,,Data replog,,,Cal83,True,IR
ir071203.0195,CAL 83,05:43:32.1,-68:22:32,2007-12-04,06:24:11.5,2454438.7668,25.0,1.29,K,K,,,,missingreplog_Cal83.csv,,,Data replog,,,Cal83,True,IR
ir071203.0194,CAL 83,05:43:32.1,-68:22:32,2007-12-04,06:23:00.8,2454438.766,25.0,1.29,K,K,,,,missingreplog_Cal83.csv,,,Data replog,,,Cal83,True,IR
ir071203.0193,CAL 83,05:43:32.1,-68:22:32,2007-12-04,06:21:50.4,2454438.7652,25.0,1.29,K,K,,,,missingreplog_Cal83.csv,,,Data replog,,,Cal83,True,IR
ir071203.0192,CAL 83,05:43:32.0,-68:22:32,2007-12-04,06:19:37.2,2454438.7636,25.0,1.28,H,H,,,,missingreplog_Cal83.csv,,,Data replog,,,Cal83,True,IR
ir071203.0191,CAL 83,05:43:31.9,-68:22:32,2007-12-04,06:18:26.3,2454438.7628,25.1,1.28,H,H,,,,missingreplog_Cal83.csv,,,Data replog,,,Cal83,True,IR
ir071203.0190,CAL 83,05:43:31.9,-68:22:32,2007-12-04,06:17:15.5,2454438.762,25.0,1.28,H,H,,,,missingreplog_Cal83.csv,,,Data replog,,,Cal83,True,IR
ir071130.0165,Cal 83,05:43:34.2,-68:22:33,2007-12-01,04:44:13.7,2454435.6974,30.0,1.3,J,J,,,,missingreplog_Cal83.csv,,,Data replog,,,Cal83,True,IR
ir071130.0163,Cal 83,05:43:34.3,-68:22:33,2007-12-01,04:41:54.4,2454435.6958,30.0,1.3,J,J,,,,missingreplog_Cal83.csv,,,Data replog,,,Cal83,True,IR
ir071124.0141,CAL 83,05:43:28.6,-68:22:28,2007-11-25,05:40:33.5,2454429.7365,25.0,1.28,K,K,,,,missingreplog_Cal83.csv,,,Data replog,,,Cal83,True,IR
ir071125.0141,CAL 83,05:43:28.4,-68:22:10,2007-11-26,05:05:21.2,2454430.7121,25.0,1.29,K,K,,,,missingreplog_Cal83.csv,,,Data replog,,,Cal83,True,IR
ir071126.0211,Cal 83,05:43:28.4,-68:22:04,2007-11-27,05:49:22.7,2454431.7426,30.1,1.28,J,J,,,,missingreplog_Cal83.csv,,,Data replog,,,Cal83,True,IR
ir071126.0210,Cal 83,05:43:28.5,-68:22:05,2007-11-27,05:48:35.8,2454431.7421,30.1,1.28,J,J,,,,missingreplog_Cal83.csv,,,Data replog,,,Cal83,True,IR
ir071126.0209,Cal 83,05:43:28.5,-68:22:05,2007-11-27,05:47:49.4,2454431.7416,30.1,1.28,J,J,,,,missingreplog_Cal83.csv,,,Data replog,,,Cal83,True,IR
ir071126.0208,Cal 83,05:43:28.5,-68:22:04,2007-11-27,05:46:34.9,2454431.7407,30.0,1.28,J,J,,,,missingreplog_Cal83.csv,,,Data replog,,,Cal83,True,IR
ir071126.0207,Cal 83,05:43:28.5,-68:22:04,2007-11-27,05:45:48.7,2454431.7402,30.0,1.28,J,J,,,,missingreplog_Cal83.csv,,,Data replog,,,Cal83,True,IR
ir071126.0206,Cal 83,05:43:28.5,-68:22:04,2007-11-27,05:44:06.0,2454431.739,30.1,1.28,J,J,,,,missingreplog_Cal83.csv,,,Data replog,,,Cal83,True,IR
ir071126.0205,Cal 83,05:43:28.5,-68:22:04,2007-11-27,05:44:06.0,2454431.739,30.0,1.28,J,J,,,,missingreplog_Cal83.csv,,,Data replog,,,Cal83,True,IR
ir071126.0204,Cal 83,05:43:28.5,-68:22:04,2007-11-27,05:43:19.6,2454431.7384,30.0,1.28,J,J,,,,missingreplog_Cal83.csv,,,Data replog,,,Cal83,True,IR
ir071126.0203,Cal 83,05:43:28.6,-68:22:04,2007-11-27,05:41:37.4,2454431.7372,30.0,1.28,J,J,,,,missingreplog_Cal83.csv,,,Data replog,,,Cal83,True,IR
ir071126.0202,Cal 83,05:43:28.6,-68:22:04,2007-11-27,05:41:37.4,2454431.7372,30.0,1.28,J,J,,,,missingreplog_Cal83.csv,,,Data replog,,,Cal83,True,IR
ir071126.0201,Cal 83,05:43:28.6,-68:22:04,2007-11-27,05:40:50.5,2454431.7367,30.1,1.28,J,J,,,,missingreplog_Cal83.csv,,,Data replog,,,Cal83,True,IR
ir071125.0140,CAL 83,05:43:28.4,-68:22:10,2007-11-26,05:04:10.3,2454430.7112,25.0,1.3,K,K,,,,missingreplog_Cal83.csv,,,Data replog,,,Cal83,True,IR
ir071130.0162,Cal 83,05:43:34.3,-68:22:33,2007-12-01,04:41:08.1,2454435.6952,30.1,1.3,J,J,,,,missingreplog_Cal83.csv,,,Data replog,,,Cal83,True,IR
ir071125.0139,CAL 83,05:43:28.4,-68:22:10,2007-11-26,05:02:59.6,2454430.7104,25.1,1.3,K,K,,,,missingreplog_Cal83.csv,,,Data replog,,,Cal83,True,IR
ir071125.0138,CAL 83,05:43:28.6,-68:22:10,2007-11-26,05:00:45.9,2454430.7089,25.1,1.3,H,H,,,,missingreplog_Cal83.csv,,,Data replog,,,Cal83,True,IR
ir071125.0137,CAL 83,05:43:28.6,-68:22:10,2007-11-26,04:59:35.2,2454430.7081,25.1,1.3,H,H,,,,missingreplog_Cal83.csv,,,Data replog,,,Cal83,True,IR
ir071125.0136,CAL 83,05:43:28.6,-68:22:10,2007-11-26,04:58:24.7,2454430.7072,25.1,1.3,H,H,,,,missingreplog_Cal83.csv,,,Data replog,,,Cal83,True,IR
ir071125.0135,CAL 83,05:43:28.7,-68:22:10,2007-11-26,04:56:11.7,2454430.7057,25.0,1.3,J,J,,,,missingreplog_Cal83.csv,,,Data replog,,,Cal83,True,IR
ir071125.0134,CAL 83,05:43:28.8,-68:22:10,2007-11-26,04:55:00.8,2454430.7049,25.1,1.3,J,J,,,,missingreplog_Cal83.csv,,,Data replog,,,Cal83,True,IR
ir071125.0133,CAL 83,05:43:28.8,-68:22:10,2007-11-26,04:53:50.2,2454430.704,25.0,1.3,J,J,,,,missingreplog_Cal83.csv,,,Data replog,,,Cal83,True,IR
ir071125.0132,CAL 83,05:43:28.9,-68:22:10,2007-11-26,04:51:35.4,2454430.7025,25.1,1.3,J,J,,,,missingreplog_Cal83.csv,,,Data replog,,,Cal83,True,IR
ir071125.0131,CAL 83,05:43:28.9,-68:22:10,2007-11-26,04:50:24.6,2454430.7017,25.0,1.31,J,J,,,,missingreplog_Cal83.csv,,,Data replog,,,Cal83,True,IR
ir071125.0130,CAL 83,05:43:28.9,-68:22:10,2007-11-26,04:49:14.2,2454430.7009,25.0,1.31,J,J,,,,missingreplog_Cal83.csv,,,Data replog,,,Cal83,True,IR
ir071124.0142,CAL 83,05:43:28.5,-68:22:28,2007-11-25,05:41:44.4,2454429.7373,25.1,1.28,K,K,,,,missingreplog_Cal83.csv,,,Data replog,,,Cal83,True,IR
ir071126.0212,Cal 83,05:43:28.4,-68:22:05,2007-11-27,05:50:09.3,2454431.7432,30.0,1.28,J,J,,,,missingreplog_Cal83.csv,,,Data replog,,,Cal83,True,IR
ir071126.0213,Cal 83,05:43:28.4,-68:22:04,2007-11-27,05:50:55.6,2454431.7437,30.0,1.28,J,J,,,,missingreplog_Cal83.csv,,,Data replog,,,Cal83,True,IR
ir071126.0214,Cal 83,05:43:28.4,-68:22:04,2007-11-27,05:51:42.1,2454431.7442,30.1,1.28,J,J,,,,missingreplog_Cal83.csv,,,Data replog,,,Cal83,True,IR
ir071126.0215,Cal 83,05:43:28.4,-68:22:04,2007-11-27,05:51:42.1,2454431.7442,30.1,1.28,J,J,,,,missingreplog_Cal83.csv,,,Data replog,,,Cal83,True,IR
ir071130.0161,Cal 83,05:43:34.4,-68:22:34,2007-12-01,04:40:21.6,2454435.6947,30.1,1.3,J,J,,,,missingreplog_Cal83.csv,,,Data replog,,,Cal83,True,IR
ir071130.0160,Cal 83,05:43:34.5,-68:22:34,2007-12-01,04:39:35.0,2454435.6942,30.1,1.3,J,J,,,,missingreplog_Cal83.csv,,,Data replog,,,Cal83,True,IR
ir071130.0159,Cal 83,05:43:34.5,-68:22:34,2007-12-01,04:38:48.9,2454435.6936,30.0,1.3,J,J,,,,missingreplog_Cal83.csv,,,Data replog,,,Cal83,True,IR
ir071130.0158,Cal 83,05:43:34.5,-68:22:34,2007-12-01,04:38:02.3,2454435.6931,30.0,1.3,J,J,,,,missingreplog_Cal83.csv,,,Data replog,,,Cal83,True,IR
ir071130.0157,Cal 83,05:43:34.5,-68:22:34,2007-12-01,04:37:15.7,2454435.6925,30.1,1.3,J,J,,,,missingreplog_Cal83.csv,,,Data replog,,,Cal83,True,IR
ir071130.0156,Cal 83,05:43:34.5,-68:22:34,2007-12-01,04:36:29.3,2454435.692,30.1,1.3,J,J,,,,missingreplog_Cal83.csv,,,Data replog,,,Cal83,True,IR
ir071128.0132,Cal 83,05:43:29.8,-68:22:22,2007-11-29,04:26:05.9,2454433.6848,30.1,1.32,J,J,,,,missingreplog_Cal83.csv,,,Data replog,,,Cal83,True,IR
ir071128.0131,Cal 83,05:43:29.8,-68:22:22,2007-11-29,04:25:19.8,2454433.6843,30.1,1.32,J,J,,,,missingreplog_Cal83.csv,,,Data replog,,,Cal83,True,IR
ir071128.0130,Cal 83,05:43:29.8,-68:22:22,2007-11-29,04:24:33.2,2454433.6837,30.0,1.32,J,J,,,,missingreplog_Cal83.csv,,,Data replog,,,Cal83,True,IR
ir071128.0129,Cal 83,05:43:29.8,-68:22:22,2007-11-29,04:23:46.8,2454433.6832,30.0,1.32,J,J,,,,missingreplog_Cal83.csv,,,Data replog,,,Cal83,True,IR
ir071128.0128,Cal 83,05:43:29.8,-68:22:21,2007-11-29,04:23:00.7,2454433.6826,30.1,1.32,J,J,,,,missingreplog_Cal83.csv,,,Data replog,,,Cal83,True,IR
ir071128.0127,Cal 83,05:43:29.8,-68:22:21,2007-11-29,04:22:14.1,2454433.6821,30.1,1.32,J,J,,,,missingreplog_Cal83.csv,,,Data replog,,,Cal83,True,IR
ir071128.0126,Cal 83,05:43:29.8,-68:22:21,2007-11-29,04:21:27.6,2454433.6816,30.1,1.32,J,J,,,,missingreplog_Cal83.csv,,,Data replog,,,Cal83,True,IR
ir071128.0125,Cal 83,05:43:29.8,-68:22:21,2007-11-29,04:20:41.4,2454433.681,30.1,1.32,J,J,,,,missingreplog_Cal83.csv,,,Data replog,,,Cal83,True,IR
ir071128.0124,Cal 83,05:43:29.7,-68:22:21,2007-11-29,04:19:07.8,2454433.6799,30.1,1.32,J,J,,,,missingreplog_Cal83.csv,,,Data replog,,,Cal83,True,IR
ir071128.0123,Cal 83,05:43:29.7,-68:22:20,2007-11-29,04:18:21.6,2454433.6794,30.1,1.32,J,J,,,,missingreplog_Cal83.csv,,,Data replog,,,Cal83,True,IR
ir071128.0122,Cal 83,05:43:29.7,-68:22:21,2007-11-29,04:17:35.1,2454433.6789,30.0,1.32,J,J,,,,missingreplog_Cal83.csv,,,Data replog,,,Cal83,True,IR
ir071128.0121,Cal 83,05:43:29.7,-68:22:21,2007-11-29,04:16:48.7,2454433.6783,30.1,1.32,J,J,,,,missingreplog_Cal83.csv,,,Data replog,,,Cal83,True,IR
ir071128.0120,Cal 83,05:43:29.7,-68:22:20,2007-11-29,04:16:02.6,2454433.6778,30.0,1.33,J,J,,,,missingreplog_Cal83.csv,,,Data replog,,,Cal83,True,IR
ir071128.0119,Cal 83,05:43:29.7,-68:22:20,2007-11-29,04:15:15.9,2454433.6773,30.1,1.33,J,J,,,,missingreplog_Cal83.csv,,,Data replog,,,Cal83,True,IR
ir071128.0118,Cal 83,05:43:29.7,-68:22:20,2007-11-29,04:14:29.3,2454433.6767,30.1,1.33,J,J,,,,missingreplog_Cal83.csv,,,Data replog,,,Cal83,True,IR
ir071128.0117,Cal 83,05:43:29.7,-68:22:20,2007-11-29,04:13:43.0,2454433.6762,30.1,1.33,J,J,,,,missingreplog_Cal83.csv,,,Data replog,,,Cal83,True,IR
ir071126.0216,Cal 83,05:43:28.4,-68:22:05,2007-11-27,05:53:24.8,2454431.7454,30.1,1.28,J,J,,,,missingreplog_Cal83.csv,,,Data replog,,,Cal83,True,IR
ir071109.0037,Cal 83,05:43:28.3,-68:22:25,2007-11-10,05:47:48.3,2454414.7415,30.0,1.31,J,J,,,,missingreplog_Cal83.csv,,,Data replog,,,Cal83,True,IR
ir071109.0036,Cal 83,05:43:28.3,-68:22:25,2007-11-10,05:46:36.9,2454414.7407,30.1,1.31,J,J,,,,missingreplog_Cal83.csv,,,Data replog,,,Cal83,True,IR
ir071109.0035,Cal 83,05:43:28.3,-68:22:25,2007-11-10,05:45:50.4,2454414.7402,30.1,1.31,J,J,,,,missingreplog_Cal83.csv,,,Data replog,,,Cal83,True,IR
ir071020.0201,CAL 83,05:43:33.4,-68:22:34,2007-10-21,05:21:50.8,2454394.7235,25.0,1.46,J,J,,,,missingreplog_Cal83.csv,,,Data replog,,,Cal83,True,IR
ir071021.0127,Cal 83,05:43:33.8,-68:22:58,2007-10-22,06:26:20.5,2454395.7683,30.1,1.35,J,J,,,,missingreplog_Cal83.csv,,,Data replog,,,Cal83,True,IR
ir071021.0126,Cal 83,05:43:33.8,-68:22:58,2007-10-22,06:23:42.4,2454395.7665,30.0,1.35,J,J,,,,missingreplog_Cal83.csv,,,Data replog,,,Cal83,True,IR
ir071021.0125,Cal 83,05:43:33.8,-68:22:58,2007-10-22,06:23:42.4,2454395.7665,30.0,1.35,J,J,,,,missingreplog_Cal83.csv,,,Data replog,,,Cal83,True,IR
ir071021.0124,Cal 83,05:43:33.8,-68:22:58,2007-10-22,06:23:42.4,2454395.7665,30.1,1.35,J,J,,,,missingreplog_Cal83.csv,,,Data replog,,,Cal83,True,IR
ir071021.0123,Cal 83,05:43:33.9,-68:22:59,2007-10-22,06:22:56.2,2454395.7659,30.1,1.35,J,J,,,,missingreplog_Cal83.csv,,,Data replog,,,Cal83,True,IR
ir071020.0207,CAL 83,05:43:33.2,-68:22:35,2007-10-21,05:32:09.1,2454394.7307,25.1,1.44,K,K,,,,missingreplog_Cal83.csv,,,Data replog,,,Cal83,True,IR
ir071020.0206,CAL 83,05:43:33.2,-68:22:34,2007-10-21,05:30:58.4,2454394.7298,25.0,1.44,K,K,,,,missingreplog_Cal83.csv,,,Data replog,,,Cal83,True,IR
ir071020.0205,CAL 83,05:43:33.2,-68:22:34,2007-10-21,05:29:47.9,2454394.729,25.0,1.45,K,K,,,,missingreplog_Cal83.csv,,,Data replog,,,Cal83,True,IR
ir071020.0204,CAL 83,05:43:33.2,-68:22:34,2007-10-21,05:27:35.6,2454394.7275,25.1,1.45,H,H,,,,missingreplog_Cal83.csv,,,Data replog,,,Cal83,True,IR
ir071020.0203,CAL 83,05:43:33.2,-68:22:34,2007-10-21,05:26:24.7,2454394.7267,25.0,1.45,H,H,,,,missingreplog_Cal83.csv,,,Data replog,,,Cal83,True,IR
ir071020.0202,CAL 83,05:43:33.3,-68:22:34,2007-10-21,05:25:14.0,2454394.7259,25.1,1.46,H,H,,,,missingreplog_Cal83.csv,,,Data replog,,,Cal83,True,IR
ir071020.0200,CAL 83,05:43:33.4,-68:22:34,2007-10-21,05:21:50.8,2454394.7235,25.0,1.46,J,J,,,,missingreplog_Cal83.csv,,,Data replog,,,Cal83,True,IR
ir071018.0193,Cal 83,05:43:33.7,-68:22:35,2007-10-19,07:18:00.8,2454392.8042,30.0,1.31,J,J,,,,missingreplog_Cal83.csv,,,Data replog,,,Cal83,True,IR
ir071020.0199,CAL 83,05:43:33.5,-68:22:34,2007-10-21,05:20:40.5,2454394.7227,25.0,1.47,J,J,,,,missingreplog_Cal83.csv,,,Data replog,,,Cal83,True,IR
ir071020.0198,CAL 83,05:43:33.6,-68:22:34,2007-10-21,05:18:27.8,2454394.7212,25.0,1.47,J,J,,,,missingreplog_Cal83.csv,,,Data replog,,,Cal83,True,IR
ir071020.0197,CAL 83,05:43:33.7,-68:22:34,2007-10-21,05:17:17.0,2454394.7203,25.0,1.47,J,J,,,,missingreplog_Cal83.csv,,,Data replog,,,Cal83,True,IR
ir071020.0196,CAL 83,05:43:33.8,-68:22:35,2007-10-21,05:16:06.6,2454394.7195,25.0,1.48,J,J,,,,missingreplog_Cal83.csv,,,Data replog,,,Cal83,True,IR
ir071018.0201,Cal 83,05:43:33.4,-68:22:35,2007-10-19,07:24:58.9,2454392.809,30.0,1.3,J,J,,,,missingreplog_Cal83.csv,,,Data replog,,,Cal83,True,IR
ir071018.0200,Cal 83,05:43:33.4,-68:22:35,2007-10-19,07:24:12.5,2454392.8085,30.0,1.3,J,J,,,,missingreplog_Cal83.csv,,,Data replog,,,Cal83,True,IR
ir071018.0199,Cal 83,05:43:33.5,-68:22:35,2007-10-19,07:23:25.8,2454392.8079,30.0,1.3,J,J,,,,missingreplog_Cal83.csv,,,Data replog,,,Cal83,True,IR
ir071018.0198,Cal 83,05:43:33.5,-68:22:35,2007-10-19,07:22:39.3,2454392.8074,30.1,1.3,J,J,,,,missingreplog_Cal83.csv,,,Data replog,,,Cal83,True,IR
ir071018.0197,Cal 83,05:43:33.5,-68:22:35,2007-10-19,07:21:53.0,2454392.8069,30.0,1.3,J,J,,,,missingreplog_Cal83.csv,,,Data replog,,,Cal83,True,IR
ir071018.0196,Cal 83,05:43:33.6,-68:22:35,2007-10-19,07:20:10.1,2454392.8057,30.0,1.3,J,J,,,,missingreplog_Cal83.csv,,,Data replog,,,Cal83,True,IR
ir071018.0195,Cal 83,05:43:33.6,-68:22:35,2007-10-19,07:20:10.1,2454392.8057,30.1,1.3,J,J,,,,missingreplog_Cal83.csv,,,Data replog,,,Cal83,True,IR
ir071021.0128,Cal 83,05:43:33.9,-68:22:58,2007-10-22,06:27:06.9,2454395.7688,30.1,1.35,J,J,,,,missingreplog_Cal83.csv,,,Data replog,,,Cal83,True,IR
ir071021.0129,Cal 83,05:43:33.9,-68:22:58,2007-10-22,06:27:06.9,2454395.7688,30.0,1.35,J,J,,,,missingreplog_Cal83.csv,,,Data replog,,,Cal83,True,IR
ir071021.0130,Cal 83,05:43:34.0,-68:22:58,2007-10-22,06:28:49.3,2454395.77,30.0,1.34,J,J,,,,missingreplog_Cal83.csv,,,Data replog,,,Cal83,True,IR
ir071021.0131,Cal 83,05:43:34.0,-68:22:57,2007-10-22,06:29:53.5,2454395.7708,30.1,1.34,J,J,,,,missingreplog_Cal83.csv,,,Data replog,,,Cal83,True,IR
ir071023.0228,Cal 83,05:43:33.6,-68:22:37,2007-10-24,07:04:42.7,2454397.7949,30.0,1.3,J,J,,,,missingreplog_Cal83.csv,,,Data replog,,,Cal83,True,IR
ir071023.0227,Cal 83,05:43:33.6,-68:22:37,2007-10-24,07:03:56.2,2454397.7944,30.1,1.3,J,J,,,,missingreplog_Cal83.csv,,,Data replog,,,Cal83,True,IR
ir071023.0226,Cal 83,05:43:33.7,-68:22:37,2007-10-24,07:03:09.7,2454397.7939,30.0,1.3,J,J,,,,missingreplog_Cal83.csv,,,Data replog,,,Cal83,True,IR
ir071023.0225,Cal 83,05:43:33.7,-68:22:37,2007-10-24,07:02:23.5,2454397.7933,30.0,1.3,J,J,,,,missingreplog_Cal83.csv,,,Data replog,,,Cal83,True,IR
ir071023.0224,Cal 83,05:43:33.7,-68:22:37,2007-10-24,07:01:37.2,2454397.7928,30.1,1.3,J,J,,,,missingreplog_Cal83.csv,,,Data replog,,,Cal83,True,IR
ir071023.0223,Cal 83,05:43:33.7,-68:22:36,2007-10-24,07:00:50.8,2454397.7923,30.1,1.3,J,J,,,,missingreplog_Cal83.csv,,,Data replog,,,Cal83,True,IR
ir071023.0222,Cal 83,05:43:33.7,-68:22:36,2007-10-24,07:00:04.1,2454397.7917,30.1,1.31,J,J,,,,missingreplog_Cal83.csv,,,Data replog,,,Cal83,True,IR
ir071023.0221,Cal 83,05:43:33.8,-68:22:37,2007-10-24,06:59:17.9,2454397.7912,30.0,1.31,J,J,,,,missingreplog_Cal83.csv,,,Data replog,,,Cal83,True,IR
ir071023.0220,Cal 83,05:43:33.8,-68:22:36,2007-10-24,06:58:04.1,2454397.7903,30.0,1.31,J,J,,,,missingreplog_Cal83.csv,,,Data replog,,,Cal83,True,IR
ir071023.0219,Cal 83,05:43:33.8,-68:22:36,2007-10-24,06:57:17.8,2454397.7898,30.1,1.31,J,J,,,,missingreplog_Cal83.csv,,,Data replog,,,Cal83,True,IR
ir071023.0218,Cal 83,05:43:33.9,-68:22:36,2007-10-24,06:55:35.2,2454397.7886,30.0,1.31,J,J,,,,missingreplog_Cal83.csv,,,Data replog,,,Cal83,True,IR
ir071023.0217,Cal 83,05:43:33.9,-68:22:36,2007-10-24,06:55:35.2,2454397.7886,30.0,1.31,J,J,,,,missingreplog_Cal83.csv,,,Data replog,,,Cal83,True,IR
ir071023.0216,Cal 83,05:43:33.9,-68:22:36,2007-10-24,06:54:49.2,2454397.7881,30.0,1.31,J,J,,,,missingreplog_Cal83.csv,,,Data replog,,,Cal83,True,IR
ir071023.0215,Cal 83,05:43:34.0,-68:22:36,2007-10-24,06:53:06.6,2454397.7869,30.0,1.31,J,J,,,,missingreplog_Cal83.csv,,,Data replog,,,Cal83,True,IR
ir071023.0214,Cal 83,05:43:34.0,-68:22:36,2007-10-24,06:53:06.6,2454397.7869,30.1,1.31,J,J,,,,missingreplog_Cal83.csv,,,Data replog,,,Cal83,True,IR
ir071023.0213,Cal 83,05:43:34.0,-68:22:36,2007-10-24,06:52:20.5,2454397.7864,30.1,1.31,J,J,,,,missingreplog_Cal83.csv,,,Data replog,,,Cal83,True,IR
ir071021.0138,Cal 83,05:43:34.3,-68:22:58,2007-10-22,06:35:27.9,2454395.7746,30.0,1.34,J,J,,,,missingreplog_Cal83.csv,,,Data replog,,,Cal83,True,IR
ir071021.0137,Cal 83,05:43:34.2,-68:22:58,2007-10-22,06:34:41.4,2454395.7741,30.1,1.34,J,J,,,,missingreplog_Cal83.csv,,,Data replog,,,Cal83,True,IR
ir071021.0136,Cal 83,05:43:34.2,-68:22:57,2007-10-22,06:32:58.9,2454395.7729,30.0,1.34,J,J,,,,missingreplog_Cal83.csv,,,Data replog,,,Cal83,True,IR
ir071021.0135,Cal 83,05:43:34.2,-68:22:57,2007-10-22,06:32:58.9,2454395.7729,30.1,1.34,J,J,,,,missingreplog_Cal83.csv,,,Data replog,,,Cal83,True,IR
ir071021.0134,Cal 83,05:43:34.1,-68:22:57,2007-10-22,06:32:12.5,2454395.7724,30.1,1.34,J,J,,,,missingreplog_Cal83.csv,,,Data replog,,,Cal83,True,IR
ir071021.0133,Cal 83,05:43:34.1,-68:22:58,2007-10-22,06:31:26.1,2454395.7718,30.1,1.34,J,J,,,,missingreplog_Cal83.csv,,,Data replog,,,Cal83,True,IR
ir071021.0132,Cal 83,05:43:34.0,-68:22:57,2007-10-22,06:30:39.5,2454395.7713,30.0,1.34,J,J,,,,missingreplog_Cal83.csv,,,Data replog,,,Cal83,True,IR
ir071018.0194,Cal 83,05:43:33.6,-68:22:35,2007-10-19,07:19:23.6,2454392.8051,30.1,1.31,J,J,,,,missingreplog_Cal83.csv,,,Data replog,,,Cal83,True,IR
ir071018.0192,Cal 83,05:43:33.7,-68:22:35,2007-10-19,07:17:14.5,2454392.8037,30.1,1.31,J,J,,,,missingreplog_Cal83.csv,,,Data replog,,,Cal83,True,IR
ir071109.0034,Cal 83,05:43:28.3,-68:22:25,2007-11-10,05:44:07.1,2454414.739,30.1,1.31,J,J,,,,missingreplog_Cal83.csv,,,Data replog,,,Cal83,True,IR
ir071010.0222,Cal 83,05:43:27.8,-68:22:13,2007-10-11,06:50:18.0,2454384.785,30.1,1.37,J,J,,,,missingreplog_Cal83.csv,,,Data replog,,,Cal83,True,IR
ir071012.0185,Cal 83,05:43:28.1,-68:22:18,2007-10-13,05:44:33.4,2454386.7393,30.1,1.48,J,J,,,,missingreplog_Cal83.csv,,,Data replog,,,Cal83,True,IR
ir071012.0184,Cal 83,05:43:28.1,-68:22:18,2007-10-13,05:43:46.7,2454386.7387,30.1,1.49,J,J,,,,missingreplog_Cal83.csv,,,Data replog,,,Cal83,True,IR
ir071012.0183,Cal 83,05:43:28.1,-68:22:18,2007-10-13,05:43:00.2,2454386.7382,30.0,1.49,J,J,,,,missingreplog_Cal83.csv,,,Data replog,,,Cal83,True,IR
ir071012.0182,Cal 83,05:43:28.2,-68:22:18,2007-10-13,05:42:13.4,2454386.7377,30.0,1.49,J,J,,,,missingreplog_Cal83.csv,,,Data replog,,,Cal83,True,IR
ir071012.0181,Cal 83,05:43:28.3,-68:22:18,2007-10-13,05:41:26.7,2454386.7371,30.1,1.49,J,J,,,,missingreplog_Cal83.csv,,,Data replog,,,Cal83,True,IR
ir071012.0180,Cal 83,05:43:28.3,-68:22:18,2007-10-13,05:40:40.3,2454386.7366,30.0,1.49,J,J,,,,missingreplog_Cal83.csv,,,Data replog,,,Cal83,True,IR
ir071010.0227,Cal 83,05:43:28.0,-68:22:11,2007-10-11,06:54:09.3,2454384.7876,30.0,1.37,J,J,,,,missingreplog_Cal83.csv,,,Data replog,,,Cal83,True,IR
ir071010.0226,Cal 83,05:43:28.0,-68:22:12,2007-10-11,06:53:23.2,2454384.7871,30.1,1.37,J,J,,,,missingreplog_Cal83.csv,,,Data replog,,,Cal83,True,IR
ir071010.0225,Cal 83,05:43:27.9,-68:22:11,2007-10-11,06:52:37.0,2454384.7866,30.0,1.37,J,J,,,,missingreplog_Cal83.csv,,,Data replog,,,Cal83,True,IR
ir071010.0224,Cal 83,05:43:27.9,-68:22:12,2007-10-11,06:51:50.6,2454384.786,30.0,1.37,J,J,,,,missingreplog_Cal83.csv,,,Data replog,,,Cal83,True,IR
ir071010.0223,Cal 83,05:43:27.9,-68:22:12,2007-10-11,06:51:04.5,2454384.7855,30.0,1.37,J,J,,,,missingreplog_Cal83.csv,,,Data replog,,,Cal83,True,IR
ir071010.0221,Cal 83,05:43:27.8,-68:22:12,2007-10-11,06:49:31.4,2454384.7844,30.0,1.38,J,J,,,,missingreplog_Cal83.csv,,,Data replog,,,Cal83,True,IR
ir071018.0191,Cal 83,05:43:33.7,-68:22:35,2007-10-19,07:16:28.1,2454392.8031,30.1,1.31,J,J,,,,missingreplog_Cal83.csv,,,Data replog,,,Cal83,True,IR
ir071010.0220,Cal 83,05:43:27.8,-68:22:12,2007-10-11,06:48:44.9,2454384.7839,30.1,1.38,J,J,,,,missingreplog_Cal83.csv,,,Data replog,,,Cal83,True,IR
ir071010.0219,CAL 83,05:43:27.7,-68:22:13,2007-10-11,06:46:30.5,2454384.7823,25.0,1.38,J,J,,,,missingreplog_Cal83.csv,,,Data replog,,,Cal83,True,IR
ir071010.0218,CAL 83,05:43:27.7,-68:22:12,2007-10-11,06:45:20.0,2454384.7815,25.0,1.38,J,J,,,,missingreplog_Cal83.csv,,,Data replog,,,Cal83,True,IR
ir071010.0217,CAL 83,05:43:27.6,-68:22:13,2007-10-11,06:44:09.7,2454384.7807,25.0,1.38,J,J,,,,missingreplog_Cal83.csv,,,Data replog,,,Cal83,True,IR
ir071008.0275,Cal 83,05:43:34.2,-68:22:17,2007-10-09,09:16:51.3,2454382.8867,30.1,1.28,J,J,,,,missingreplog_Cal83.csv,,,Data replog,,,Cal83,True,IR
ir071008.0274,Cal 83,05:43:34.2,-68:22:17,2007-10-09,09:15:09.0,2454382.8855,30.0,1.28,J,J,,,,missingreplog_Cal83.csv,,,Data replog,,,Cal83,True,IR
ir071008.0273,Cal 83,05:43:34.2,-68:22:17,2007-10-09,09:15:09.0,2454382.8855,30.1,1.28,J,J,,,,missingreplog_Cal83.csv,,,Data replog,,,Cal83,True,IR
ir071008.0272,Cal 83,05:43:34.3,-68:22:17,2007-10-09,09:14:22.4,2454382.885,30.0,1.28,J,J,,,,missingreplog_Cal83.csv,,,Data replog,,,Cal83,True,IR
ir071008.0271,Cal 83,05:43:34.3,-68:22:17,2007-10-09,09:13:36.1,2454382.8844,30.0,1.28,J,J,,,,missingreplog_Cal83.csv,,,Data replog,,,Cal83,True,IR
ir071008.0270,Cal 83,05:43:34.3,-68:22:17,2007-10-09,09:12:49.5,2454382.8839,30.1,1.28,J,J,,,,missingreplog_Cal83.csv,,,Data replog,,,Cal83,True,IR
ir071008.0269,Cal 83,05:43:34.3,-68:22:18,2007-10-09,09:12:03.1,2454382.8834,30.0,1.28,J,J,,,,missingreplog_Cal83.csv,,,Data replog,,,Cal83,True,IR
ir071012.0186,Cal 83,05:43:28.0,-68:22:18,2007-10-13,05:45:20.0,2454386.7398,30.0,1.48,J,J,,,,missingreplog_Cal83.csv,,,Data replog,,,Cal83,True,IR
ir071012.0187,Cal 83,05:43:28.0,-68:22:18,2007-10-13,05:46:06.5,2454386.7404,30.1,1.48,J,J,,,,missingreplog_Cal83.csv,,,Data replog,,,Cal83,True,IR
ir071012.0188,Cal 83,05:43:27.9,-68:22:18,2007-10-13,05:47:38.5,2454386.7414,30.1,1.48,J,J,,,,missingreplog_Cal83.csv,,,Data replog,,,Cal83,True,IR
ir071012.0189,Cal 83,05:43:27.8,-68:22:18,2007-10-13,05:48:25.0,2454386.742,30.0,1.47,J,J,,,,missingreplog_Cal83.csv,,,Data replog,,,Cal83,True,IR
ir071018.0190,Cal 83,05:43:33.7,-68:22:35,2007-10-19,07:15:41.7,2454392.8026,30.0,1.31,J,J,,,,missingreplog_Cal83.csv,,,Data replog,,,Cal83,True,IR
ir071018.0189,Cal 83,05:43:33.7,-68:22:35,2007-10-19,07:14:55.1,2454392.802,30.1,1.31,J,J,,,,missingreplog_Cal83.csv,,,Data replog,,,Cal83,True,IR
ir071018.0188,Cal 83,05:43:33.9,-68:22:35,2007-10-19,07:13:12.3,2454392.8009,30.0,1.31,J,J,,,,missingreplog_Cal83.csv,,,Data replog,,,Cal83,True,IR
ir071018.0187,Cal 83,05:43:33.9,-68:22:35,2007-10-19,07:13:12.3,2454392.8009,30.1,1.31,J,J,,,,missingreplog_Cal83.csv,,,Data replog,,,Cal83,True,IR
ir071018.0186,Cal 83,05:43:33.9,-68:22:34,2007-10-19,07:12:25.7,2454392.8003,30.1,1.31,J,J,,,,missingreplog_Cal83.csv,,,Data replog,,,Cal83,True,IR
ir071012.0207,CAL 83,05:43:27.2,-68:22:23,2007-10-13,06:11:38.2,2454386.7581,25.1,1.43,K,K,,,,missingreplog_Cal83.csv,,,Data replog,,,Cal83,True,IR
ir071012.0206,CAL 83,05:43:27.1,-68:22:23,2007-10-13,06:10:27.0,2454386.7573,25.1,1.43,K,K,,,,missingreplog_Cal83.csv,,,Data replog,,,Cal83,True,IR
ir071012.0205,CAL 83,05:43:27.1,-68:22:22,2007-10-13,06:09:16.7,2454386.7565,25.0,1.43,K,K,,,,missingreplog_Cal83.csv,,,Data replog,,,Cal83,True,IR
ir071012.0204,CAL 83,05:43:27.1,-68:22:21,2007-10-13,06:07:03.1,2454386.7549,25.0,1.44,H,H,,,,missingreplog_Cal83.csv,,,Data replog,,,Cal83,True,IR
ir071012.0203,CAL 83,05:43:27.1,-68:22:21,2007-10-13,06:05:52.4,2454386.7541,25.0,1.44,H,H,,,,missingreplog_Cal83.csv,,,Data replog,,,Cal83,True,IR
ir071012.0202,CAL 83,05:43:27.1,-68:22:21,2007-10-13,06:04:41.7,2454386.7533,25.0,1.44,H,H,,,,missingreplog_Cal83.csv,,,Data replog,,,Cal83,True,IR
ir071012.0201,CAL 83,05:43:27.1,-68:22:20,2007-10-13,06:02:27.8,2454386.7517,25.1,1.44,J,J,,,,missingreplog_Cal83.csv,,,Data replog,,,Cal83,True,IR
ir071012.0200,CAL 83,05:43:27.1,-68:22:20,2007-10-13,06:01:17.0,2454386.7509,25.0,1.45,J,J,,,,missingreplog_Cal83.csv,,,Data replog,,,Cal83,True,IR
ir071012.0199,CAL 83,05:43:27.1,-68:22:21,2007-10-13,06:00:06.3,2454386.7501,25.0,1.45,J,J,,,,missingreplog_Cal83.csv,,,Data replog,,,Cal83,True,IR
ir071012.0198,CAL 83,05:43:27.2,-68:22:20,2007-10-13,05:57:53.1,2454386.7485,25.0,1.45,J,J,,,,missingreplog_Cal83.csv,,,Data replog,,,Cal83,True,IR
ir071012.0197,CAL 83,05:43:27.3,-68:22:20,2007-10-13,05:56:42.3,2454386.7477,25.0,1.46,J,J,,,,missingreplog_Cal83.csv,,,Data replog,,,Cal83,True,IR
ir071012.0196,CAL 83,05:43:27.3,-68:22:20,2007-10-13,05:55:31.4,2454386.7469,25.1,1.46,J,J,,,,missingreplog_Cal83.csv,,,Data replog,,,Cal83,True,IR
ir071012.0195,Cal 83,05:43:27.5,-68:22:19,2007-10-13,05:53:23.9,2454386.7454,30.0,1.46,J,J,,,,missingreplog_Cal83.csv,,,Data replog,,,Cal83,True,IR
ir071012.0194,Cal 83,05:43:27.5,-68:22:19,2007-10-13,05:52:37.8,2454386.7449,30.0,1.47,J,J,,,,missingreplog_Cal83.csv,,,Data replog,,,Cal83,True,IR
ir071012.0193,Cal 83,05:43:27.7,-68:22:19,2007-10-13,05:50:54.8,2454386.7437,30.0,1.47,J,J,,,,missingreplog_Cal83.csv,,,Data replog,,,Cal83,True,IR
ir071012.0192,Cal 83,05:43:27.7,-68:22:19,2007-10-13,05:50:54.8,2454386.7437,30.1,1.47,J,J,,,,missingreplog_Cal83.csv,,,Data replog,,,Cal83,True,IR
ir071012.0191,Cal 83,05:43:27.8,-68:22:18,2007-10-13,05:49:11.8,2454386.7425,30.0,1.47,J,J,,,,missingreplog_Cal83.csv,,,Data replog,,,Cal83,True,IR
ir071012.0190,Cal 83,05:43:27.8,-68:22:18,2007-10-13,05:49:11.8,2454386.7425,30.1,1.47,J,J,,,,missingreplog_Cal83.csv,,,Data replog,,,Cal83,True,IR
ir071025.0199,Cal 83,05:43:28.9,-68:22:19,2007-10-26,05:52:51.9,2454399.7451,30.1,1.37,J,J,,,,missingreplog_Cal83.csv,,,Data replog,,,Cal83,True,IR
ir071025.0200,Cal 83,05:43:28.8,-68:22:18,2007-10-26,05:53:38.3,2454399.7456,30.0,1.37,J,J,,,,missingreplog_Cal83.csv,,,Data replog,,,Cal83,True,IR
ir071025.0201,Cal 83,05:43:28.9,-68:22:18,2007-10-26,05:54:25.1,2454399.7461,30.0,1.37,J,J,,,,missingreplog_Cal83.csv,,,Data replog,,,Cal83,True,IR
ir071104.0163,Cal 83,05:43:32.2,-68:22:43,2007-11-05,05:16:23.9,2454409.7197,30.0,1.37,J,J,,,,missingreplog_Cal83.csv,,,Data replog,,,Cal83,True,IR
ir071106.0120,CAL 83,05:43:32.8,-68:22:40,2007-11-07,06:01:28.1,2454411.751,25.0,1.31,J,J,,,,missingreplog_Cal83.csv,,,Data replog,,,Cal83,True,IR
ir071106.0119,CAL 83,05:43:32.8,-68:22:40,2007-11-07,06:00:17.5,2454411.7502,25.1,1.31,J,J,,,,missingreplog_Cal83.csv,,,Data replog,,,Cal83,True,IR
ir071106.0118,CAL 83,05:43:32.8,-68:22:40,2007-11-07,05:59:06.9,2454411.7494,25.0,1.31,J,J,,,,missingreplog_Cal83.csv,,,Data replog,,,Cal83,True,IR
ir071106.0117,CAL 83,05:43:32.8,-68:22:40,2007-11-07,05:56:53.4,2454411.7478,25.0,1.31,J,J,,,,missingreplog_Cal83.csv,,,Data replog,,,Cal83,True,IR
ir071106.0116,CAL 83,05:43:32.9,-68:22:39,2007-11-07,05:55:42.7,2454411.747,25.0,1.31,J,J,,,,missingreplog_Cal83.csv,,,Data replog,,,Cal83,True,IR
ir071106.0115,CAL 83,05:43:32.9,-68:22:39,2007-11-07,05:54:32.1,2454411.7462,25.0,1.31,J,J,,,,missingreplog_Cal83.csv,,,Data replog,,,Cal83,True,IR
ir071104.0168,Cal 83,05:43:32.4,-68:22:42,2007-11-05,05:21:21.6,2454409.7232,30.0,1.36,J,J,,,,missingreplog_Cal83.csv,,,Data replog,,,Cal83,True,IR
ir071104.0167,Cal 83,05:43:32.4,-68:22:42,2007-11-05,05:20:35.3,2454409.7226,30.0,1.36,J,J,,,,missingreplog_Cal83.csv,,,Data replog,,,Cal83,True,IR
ir071104.0166,Cal 83,05:43:32.4,-68:22:43,2007-11-05,05:19:49.0,2454409.7221,30.1,1.36,J,J,,,,missingreplog_Cal83.csv,,,Data replog,,,Cal83,True,IR
ir071104.0165,Cal 83,05:43:32.3,-68:22:43,2007-11-05,05:19:02.6,2454409.7216,30.0,1.36,J,J,,,,missingreplog_Cal83.csv,,,Data replog,,,Cal83,True,IR
ir071104.0164,Cal 83,05:43:32.2,-68:22:43,2007-11-05,05:16:23.9,2454409.7197,30.1,1.37,J,J,,,,missingreplog_Cal83.csv,,,Data replog,,,Cal83,True,IR
ir071104.0162,Cal 83,05:43:32.2,-68:22:43,2007-11-05,05:16:23.9,2454409.7197,30.0,1.37,J,J,,,,missingreplog_Cal83.csv,,,Data replog,,,Cal83,True,IR
ir071025.0202,Cal 83,05:43:28.8,-68:22:18,2007-10-26,05:55:12.1,2454399.7467,30.0,1.37,J,J,,,,missingreplog_Cal83.csv,,,Data replog,,,Cal83,True,IR
ir071104.0161,Cal 83,05:43:32.2,-68:22:43,2007-11-05,05:15:37.4,2454409.7192,30.0,1.37,J,J,,,,missingreplog_Cal83.csv,,,Data replog,,,Cal83,True,IR
ir071104.0160,Cal 83,05:43:32.2,-68:22:44,2007-11-05,05:14:15.7,2454409.7182,30.0,1.37,J,J,,,,missingreplog_Cal83.csv,,,Data replog,,,Cal83,True,IR
ir071104.0159,Cal 83,05:43:32.2,-68:22:44,2007-11-05,05:13:29.3,2454409.7177,30.0,1.37,J,J,,,,missingreplog_Cal83.csv,,,Data replog,,,Cal83,True,IR
ir071104.0158,Cal 83,05:43:32.2,-68:22:44,2007-11-05,05:12:42.5,2454409.7172,30.0,1.37,J,J,,,,missingreplog_Cal83.csv,,,Data replog,,,Cal83,True,IR
ir071104.0157,Cal 83,05:43:32.2,-68:22:44,2007-11-05,05:11:55.8,2454409.7166,30.1,1.37,J,J,,,,missingreplog_Cal83.csv,,,Data replog,,,Cal83,True,IR
ir071104.0156,Cal 83,05:43:32.3,-68:22:44,2007-11-05,05:10:13.3,2454409.7154,30.0,1.38,J,J,,,,missingreplog_Cal83.csv,,,Data replog,,,Cal83,True,IR
ir071104.0155,Cal 83,05:43:32.3,-68:22:44,2007-11-05,05:10:13.3,2454409.7154,30.1,1.38,J,J,,,,missingreplog_Cal83.csv,,,Data replog,,,Cal83,True,IR
ir071104.0154,Cal 83,05:43:32.3,-68:22:45,2007-11-05,05:09:26.5,2454409.7149,30.0,1.38,J,J,,,,missingreplog_Cal83.csv,,,Data replog,,,Cal83,True,IR
ir071104.0153,Cal 83,05:43:32.4,-68:22:45,2007-11-05,05:08:40.1,2454409.7144,30.0,1.38,J,J,,,,missingreplog_Cal83.csv,,,Data replog,,,Cal83,True,IR
ir071030.0294,Cal 83,05:43:29.5,-68:22:12,2007-10-31,05:48:04.8,2454404.7417,30.0,1.35,J,J,,,,missingreplog_Cal83.csv,,,Data replog,,,Cal83,True,IR
ir071030.0293,Cal 83,05:43:29.4,-68:22:11,2007-10-31,05:47:18.5,2454404.7412,30.1,1.35,J,J,,,,missingreplog_Cal83.csv,,,Data replog,,,Cal83,True,IR
ir071106.0121,CAL 83,05:43:32.7,-68:22:39,2007-11-07,06:03:41.7,2454411.7526,25.0,1.31,H,H,,,,missingreplog_Cal83.csv,,,Data replog,,,Cal83,True,IR
ir071106.0122,CAL 83,05:43:32.7,-68:22:39,2007-11-07,06:04:52.1,2454411.7534,25.0,1.31,H,H,,,,missingreplog_Cal83.csv,,,Data replog,,,Cal83,True,IR
ir071106.0123,CAL 83,05:43:32.7,-68:22:39,2007-11-07,06:06:03.1,2454411.7542,25.1,1.3,H,H,,,,missingreplog_Cal83.csv,,,Data replog,,,Cal83,True,IR
ir071106.0124,CAL 83,05:43:32.6,-68:22:39,2007-11-07,06:08:16.9,2454411.7558,25.1,1.3,K,K,,,,missingreplog_Cal83.csv,,,Data replog,,,Cal83,True,IR
ir071109.0033,Cal 83,05:43:28.3,-68:22:25,2007-11-10,05:44:07.1,2454414.739,30.0,1.31,J,J,,,,missingreplog_Cal83.csv,,,Data replog,,,Cal83,True,IR
ir071109.0032,Cal 83,05:43:28.3,-68:22:25,2007-11-10,05:42:24.3,2454414.7378,30.0,1.31,J,J,,,,missingreplog_Cal83.csv,,,Data replog,,,Cal83,True,IR
ir071109.0031,Cal 83,05:43:28.3,-68:22:25,2007-11-10,05:42:24.3,2454414.7378,30.0,1.31,J,J,,,,missingreplog_Cal83.csv,,,Data replog,,,Cal83,True,IR
ir071109.0030,Cal 83,05:43:28.3,-68:22:24,2007-11-10,05:41:37.3,2454414.7372,30.1,1.32,J,J,,,,missingreplog_Cal83.csv,,,Data replog,,,Cal83,True,IR
ir071109.0029,Cal 83,05:43:28.3,-68:22:25,2007-11-10,05:40:50.6,2454414.7367,30.0,1.32,J,J,,,,missingreplog_Cal83.csv,,,Data replog,,,Cal83,True,IR
ir071106.0142,Cal 83,05:43:32.5,-68:22:37,2007-11-07,06:41:26.2,2454411.7788,30.1,1.28,J,J,,,,missingreplog_Cal83.csv,,,Data replog,,,Cal83,True,IR
ir071106.0141,Cal 83,05:43:32.5,-68:22:37,2007-11-07,06:40:39.9,2454411.7782,30.0,1.28,J,J,,,,missingreplog_Cal83.csv,,,Data replog,,,Cal83,True,IR
ir071106.0140,Cal 83,05:43:32.5,-68:22:38,2007-11-07,06:39:53.3,2454411.7777,30.0,1.28,J,J,,,,missingreplog_Cal83.csv,,,Data replog,,,Cal83,True,IR
ir071106.0139,Cal 83,05:43:32.5,-68:22:38,2007-11-07,06:39:06.8,2454411.7772,30.1,1.28,J,J,,,,missingreplog_Cal83.csv,,,Data replog,,,Cal83,True,IR
ir071106.0138,Cal 83,05:43:32.5,-68:22:38,2007-11-07,06:38:20.1,2454411.7766,30.0,1.28,J,J,,,,missingreplog_Cal83.csv,,,Data replog,,,Cal83,True,IR
ir071106.0137,Cal 83,05:43:32.5,-68:22:38,2007-11-07,06:36:37.2,2454411.7754,30.1,1.29,J,J,,,,missingreplog_Cal83.csv,,,Data replog,,,Cal83,True,IR
ir071106.0136,Cal 83,05:43:32.5,-68:22:38,2007-11-07,06:36:37.2,2454411.7754,30.0,1.29,J,J,,,,missingreplog_Cal83.csv,,,Data replog,,,Cal83,True,IR
ir071106.0135,Cal 83,05:43:32.5,-68:22:38,2007-11-07,06:35:50.5,2454411.7749,30.1,1.29,J,J,,,,missingreplog_Cal83.csv,,,Data replog,,,Cal83,True,IR
ir071106.0134,Cal 83,05:43:32.5,-68:22:38,2007-11-07,06:34:36.8,2454411.774,30.1,1.29,J,J,,,,missingreplog_Cal83.csv,,,Data replog,,,Cal83,True,IR
ir071106.0133,Cal 83,05:43:32.4,-68:22:38,2007-11-07,06:32:54.0,2454411.7728,30.1,1.29,J,J,,,,missingreplog_Cal83.csv,,,Data replog,,,Cal83,True,IR
ir071106.0132,Cal 83,05:43:32.4,-68:22:38,2007-11-07,06:32:54.0,2454411.7728,30.0,1.29,J,J,,,,missingreplog_Cal83.csv,,,Data replog,,,Cal83,True,IR
ir071106.0131,Cal 83,05:43:32.4,-68:22:38,2007-11-07,06:32:07.4,2454411.7723,30.0,1.29,J,J,,,,missingreplog_Cal83.csv,,,Data replog,,,Cal83,True,IR
ir071106.0130,Cal 83,05:43:32.4,-68:22:38,2007-11-07,06:31:21.1,2454411.7718,30.1,1.29,J,J,,,,missingreplog_Cal83.csv,,,Data replog,,,Cal83,True,IR
ir071106.0129,Cal 83,05:43:32.3,-68:22:38,2007-11-07,06:29:38.2,2454411.7706,30.1,1.29,J,J,,,,missingreplog_Cal83.csv,,,Data replog,,,Cal83,True,IR
ir071106.0128,Cal 83,05:43:32.3,-68:22:38,2007-11-07,06:29:38.2,2454411.7706,30.0,1.29,J,J,,,,missingreplog_Cal83.csv,,,Data replog,,,Cal83,True,IR
ir071106.0127,Cal 83,05:43:32.3,-68:22:38,2007-11-07,06:28:52.1,2454411.77,30.1,1.29,J,J,,,,missingreplog_Cal83.csv,,,Data replog,,,Cal83,True,IR
ir071106.0126,CAL 83,05:43:32.6,-68:22:39,2007-11-07,06:10:38.1,2454411.7574,25.0,1.3,K,K,,,,missingreplog_Cal83.csv,,,Data replog,,,Cal83,True,IR
ir071106.0125,CAL 83,05:43:32.6,-68:22:39,2007-11-07,06:09:27.4,2454411.7566,25.0,1.3,K,K,,,,missingreplog_Cal83.csv,,,Data replog,,,Cal83,True,IR
ir071030.0292,Cal 83,05:43:29.4,-68:22:11,2007-10-31,05:46:31.8,2454404.7407,30.0,1.35,J,J,,,,missingreplog_Cal83.csv,,,Data replog,,,Cal83,True,IR
ir071030.0291,Cal 83,05:43:29.4,-68:22:12,2007-10-31,05:45:45.4,2454404.7401,30.1,1.35,J,J,,,,missingreplog_Cal83.csv,,,Data replog,,,Cal83,True,IR
ir071030.0290,Cal 83,05:43:29.2,-68:22:12,2007-10-31,05:44:02.9,2454404.7389,30.0,1.36,J,J,,,,missingreplog_Cal83.csv,,,Data replog,,,Cal83,True,IR
ir071027.0142,Cal 83,05:43:28.6,-68:22:23,2007-10-28,06:21:56.5,2454401.7653,30.1,1.33,J,J,,,,missingreplog_Cal83.csv,,,Data replog,,,Cal83,True,IR
ir071027.0140,CAL 83,05:43:28.5,-68:22:22,2007-10-28,06:18:11.0,2454401.7626,25.0,1.33,K,K,,,,missingreplog_Cal83.csv,,,Data replog,,,Cal83,True,IR
ir071027.0139,CAL 83,05:43:28.5,-68:22:22,2007-10-28,06:17:00.7,2454401.7618,25.1,1.33,K,K,,,,missingreplog_Cal83.csv,,,Data replog,,,Cal83,True,IR
ir071027.0138,CAL 83,05:43:28.4,-68:22:22,2007-10-28,06:14:47.2,2454401.7603,25.0,1.33,H,H,,,,missingreplog_Cal83.csv,,,Data replog,,,Cal83,True,IR
ir071027.0137,CAL 83,05:43:28.4,-68:22:23,2007-10-28,06:13:36.7,2454401.7595,25.0,1.33,H,H,,,,missingreplog_Cal83.csv,,,Data replog,,,Cal83,True,IR
ir071027.0136,CAL 83,05:43:28.4,-68:22:22,2007-10-28,06:12:26.4,2454401.7587,25.0,1.34,H,H,,,,missingreplog_Cal83.csv,,,Data replog,,,Cal83,True,IR
ir071027.0135,CAL 83,05:43:28.4,-68:22:22,2007-10-28,06:10:13.6,2454401.7571,25.0,1.34,J,J,,,,missingreplog_Cal83.csv,,,Data replog,,,Cal83,True,IR
ir071027.0134,CAL 83,05:43:28.3,-68:22:22,2007-10-28,06:09:02.7,2454401.7563,25.1,1.34,J,J,,,,missingreplog_Cal83.csv,,,Data replog,,,Cal83,True,IR
ir071027.0133,CAL 83,05:43:28.3,-68:22:22,2007-10-28,06:07:51.9,2454401.7555,25.0,1.34,J,J,,,,missingreplog_Cal83.csv,,,Data replog,,,Cal83,True,IR
ir071027.0132,CAL 83,05:43:28.3,-68:22:23,2007-10-28,06:04:27.6,2454401.7531,25.1,1.35,J,J,,,,missingreplog_Cal83.csv,,,Data replog,,,Cal83,True,IR
ir071027.0131,CAL 83,05:43:28.3,-68:22:23,2007-10-28,06:04:27.6,2454401.7531,25.0,1.35,J,J,,,,missingreplog_Cal83.csv,,,Data replog,,,Cal83,True,IR
ir071027.0130,CAL 83,05:43:28.4,-68:22:23,2007-10-28,06:03:16.8,2454401.7523,25.1,1.35,J,J,,,,missingreplog_Cal83.csv,,,Data replog,,,Cal83,True,IR
ir071025.0214,Cal 83,05:43:29.2,-68:22:17,2007-10-26,06:05:25.8,2454399.7538,30.0,1.35,J,J,,,,missingreplog_Cal83.csv,,,Data replog,,,Cal83,True,IR
ir071025.0213,Cal 83,05:43:29.1,-68:22:18,2007-10-26,06:04:39.4,2454399.7532,30.0,1.36,J,J,,,,missingreplog_Cal83.csv,,,Data replog,,,Cal83,True,IR
ir071025.0212,Cal 83,05:43:29.1,-68:22:17,2007-10-26,06:03:52.5,2454399.7527,30.0,1.36,J,J,,,,missingreplog_Cal83.csv,,,Data replog,,,Cal83,True,IR
ir071025.0211,Cal 83,05:43:29.0,-68:22:17,2007-10-26,06:03:05.9,2454399.7522,30.0,1.36,J,J,,,,missingreplog_Cal83.csv,,,Data replog,,,Cal83,True,IR
ir071025.0210,Cal 83,05:43:28.9,-68:22:18,2007-10-26,06:01:23.0,2454399.751,30.0,1.36,J,J,,,,missingreplog_Cal83.csv,,,Data replog,,,Cal83,True,IR
ir071025.0209,Cal 83,05:43:28.9,-68:22:18,2007-10-26,06:01:23.0,2454399.751,30.0,1.36,J,J,,,,missingreplog_Cal83.csv,,,Data replog,,,Cal83,True,IR
ir071025.0208,Cal 83,05:43:28.9,-68:22:18,2007-10-26,06:00:36.3,2454399.7504,30.1,1.36,J,J,,,,missingreplog_Cal83.csv,,,Data replog,,,Cal83,True,IR
ir071025.0207,Cal 83,05:43:28.9,-68:22:18,2007-10-26,05:59:50.0,2454399.7499,30.1,1.36,J,J,,,,missingreplog_Cal83.csv,,,Data replog,,,Cal83,True,IR
ir071025.0206,Cal 83,05:43:28.8,-68:22:18,2007-10-26,05:58:28.2,2454399.7489,30.0,1.36,J,J,,,,missingreplog_Cal83.csv,,,Data replog,,,Cal83,True,IR
ir071025.0205,Cal 83,05:43:28.8,-68:22:18,2007-10-26,05:57:41.5,2454399.7484,30.0,1.36,J,J,,,,missingreplog_Cal83.csv,,,Data replog,,,Cal83,True,IR
ir071025.0204,Cal 83,05:43:28.8,-68:22:18,2007-10-26,05:55:58.4,2454399.7472,30.1,1.37,J,J,,,,missingreplog_Cal83.csv,,,Data replog,,,Cal83,True,IR
ir071025.0203,Cal 83,05:43:28.8,-68:22:18,2007-10-26,05:55:58.4,2454399.7472,30.0,1.37,J,J,,,,missingreplog_Cal83.csv,,,Data replog,,,Cal83,True,IR
ir071027.0141,CAL 83,05:43:28.5,-68:22:22,2007-10-28,06:18:11.0,2454401.7626,25.0,1.33,K,K,,,,missingreplog_Cal83.csv,,,Data replog,,,Cal83,True,IR
ir071027.0143,Cal 83,05:43:28.6,-68:22:23,2007-10-28,06:22:43.1,2454401.7658,30.0,1.32,J,J,,,,missingreplog_Cal83.csv,,,Data replog,,,Cal83,True,IR
ir071030.0289,Cal 83,05:43:29.2,-68:22:12,2007-10-31,05:44:02.9,2454404.7389,30.0,1.36,J,J,,,,missingreplog_Cal83.csv,,,Data replog,,,Cal83,True,IR
ir071027.0144,Cal 83,05:43:28.7,-68:22:23,2007-10-28,06:23:29.8,2454401.7663,30.0,1.32,J,J,,,,missingreplog_Cal83.csv,,,Data replog,,,Cal83,True,IR
ir071030.0288,Cal 83,05:43:29.2,-68:22:11,2007-10-31,05:43:16.4,2454404.7384,30.0,1.36,J,J,,,,missingreplog_Cal83.csv,,,Data replog,,,Cal83,True,IR
ir071030.0287,Cal 83,05:43:29.1,-68:22:12,2007-10-31,05:42:30.0,2454404.7379,30.1,1.36,J,J,,,,missingreplog_Cal83.csv,,,Data replog,,,Cal83,True,IR
ir071030.0286,Cal 83,05:43:29.0,-68:22:12,2007-10-31,05:40:58.6,2454404.7368,30.1,1.36,J,J,,,,missingreplog_Cal83.csv,,,Data replog,,,Cal83,True,IR
ir071030.0285,Cal 83,05:43:29.0,-68:22:12,2007-10-31,05:40:12.4,2454404.7363,30.0,1.36,J,J,,,,missingreplog_Cal83.csv,,,Data replog,,,Cal83,True,IR
ir071030.0284,Cal 83,05:43:29.0,-68:22:12,2007-10-31,05:39:25.8,2454404.7357,30.1,1.36,J,J,,,,missingreplog_Cal83.csv,,,Data replog,,,Cal83,True,IR
ir071030.0283,Cal 83,05:43:29.0,-68:22:12,2007-10-31,05:38:39.0,2454404.7352,30.1,1.36,J,J,,,,missingreplog_Cal83.csv,,,Data replog,,,Cal83,True,IR
ir071030.0282,Cal 83,05:43:29.0,-68:22:11,2007-10-31,05:37:52.6,2454404.7346,30.0,1.37,J,J,,,,missingreplog_Cal83.csv,,,Data replog,,,Cal83,True,IR
ir071030.0281,Cal 83,05:43:29.0,-68:22:12,2007-10-31,05:37:06.2,2454404.7341,30.1,1.37,J,J,,,,missingreplog_Cal83.csv,,,Data replog,,,Cal83,True,IR
ir071030.0280,Cal 83,05:43:29.1,-68:22:12,2007-10-31,05:36:19.4,2454404.7336,30.0,1.37,J,J,,,,missingreplog_Cal83.csv,,,Data replog,,,Cal83,True,IR
ir071030.0279,Cal 83,05:43:29.1,-68:22:12,2007-10-31,05:35:32.8,2454404.733,30.0,1.37,J,J,,,,missingreplog_Cal83.csv,,,Data replog,,,Cal83,True,IR
ir071027.0157,Cal 83,05:43:28.9,-68:22:25,2007-10-28,06:34:38.0,2454401.7741,30.0,1.31,J,J,,,,missingreplog_Cal83.csv,,,Data replog,,,Cal83,True,IR
ir071027.0156,Cal 83,05:43:28.8,-68:22:25,2007-10-28,06:33:51.5,2454401.7735,30.0,1.31,J,J,,,,missingreplog_Cal83.csv,,,Data replog,,,Cal83,True,IR
ir071027.0155,Cal 83,05:43:28.9,-68:22:24,2007-10-28,06:33:04.8,2454401.773,30.0,1.31,J,J,,,,missingreplog_Cal83.csv,,,Data replog,,,Cal83,True,IR
ir071027.0154,Cal 83,05:43:28.9,-68:22:24,2007-10-28,06:32:18.4,2454401.7725,30.0,1.32,J,J,,,,missingreplog_Cal83.csv,,,Data replog,,,Cal83,True,IR
ir071027.0153,Cal 83,05:43:28.8,-68:22:24,2007-10-28,06:29:39.8,2454401.7706,30.0,1.32,J,J,,,,missingreplog_Cal83.csv,,,Data replog,,,Cal83,True,IR
ir071027.0152,Cal 83,05:43:28.8,-68:22:24,2007-10-28,06:29:39.8,2454401.7706,30.0,1.32,J,J,,,,missingreplog_Cal83.csv,,,Data replog,,,Cal83,True,IR
ir071027.0151,Cal 83,05:43:28.8,-68:22:24,2007-10-28,06:29:39.8,2454401.7706,30.1,1.32,J,J,,,,missingreplog_Cal83.csv,,,Data replog,,,Cal83,True,IR
ir071027.0150,Cal 83,05:43:28.8,-68:22:24,2007-10-28,06:28:53.5,2454401.7701,30.1,1.32,J,J,,,,missingreplog_Cal83.csv,,,Data replog,,,Cal83,True,IR
ir071027.0149,Cal 83,05:43:28.8,-68:22:24,2007-10-28,06:27:31.8,2454401.7691,30.1,1.32,J,J,,,,missingreplog_Cal83.csv,,,Data replog,,,Cal83,True,IR
ir071027.0148,Cal 83,05:43:28.8,-68:22:24,2007-10-28,06:26:45.7,2454401.7686,30.1,1.32,J,J,,,,missingreplog_Cal83.csv,,,Data replog,,,Cal83,True,IR
ir071027.0147,Cal 83,05:43:28.7,-68:22:24,2007-10-28,06:25:02.6,2454401.7674,30.1,1.32,J,J,,,,missingreplog_Cal83.csv,,,Data replog,,,Cal83,True,IR
ir071027.0146,Cal 83,05:43:28.7,-68:22:24,2007-10-28,06:25:02.6,2454401.7674,30.1,1.32,J,J,,,,missingreplog_Cal83.csv,,,Data replog,,,Cal83,True,IR
ir071027.0145,Cal 83,05:43:28.7,-68:22:23,2007-10-28,06:24:16.3,2454401.7669,30.0,1.32,J,J,,,,missingreplog_Cal83.csv,,,Data replog,,,Cal83,True,IR
ir071210.0107,Cal 83,05:43:30.0,-68:22:20,2007-12-11,03:22:51.7,2454445.6409,30.1,1.33,J,J,,,,missingreplog_Cal83.csv,,,Data replog,,,Cal83,True,IR
ir071210.0108,Cal 83,05:43:28.9,-68:22:19,2007-12-11,03:23:38.2,2454445.6414,30.0,1.33,J,J,,,,missingreplog_Cal83.csv,,,Data replog,,,Cal83,True,IR
ir071210.0109,Cal 83,05:43:28.9,-68:22:20,2007-12-11,03:24:24.6,2454445.642,30.1,1.33,J,J,,,,missingreplog_Cal83.csv,,,Data replog,,,Cal83,True,IR
ir080117.0106,Cal 83,05:43:28.2,-68:22:11,2008-01-18,03:18:51.9,2454483.6381,30.0,1.28,J,J,,,,missingreplog_Cal83.csv,,,Data replog,,,Cal83,True,IR
ir080117.0117,Cal 83,05:43:28.1,-68:22:12,2008-01-18,03:28:09.0,2454483.6445,30.0,1.29,J,J,,,,missingreplog_Cal83.csv,,,Data replog,,,Cal83,True,IR
ir080117.0116,Cal 83,05:43:28.2,-68:22:12,2008-01-18,03:27:22.6,2454483.644,30.0,1.29,J,J,,,,missingreplog_Cal83.csv,,,Data replog,,,Cal83,True,IR
ir080117.0115,Cal 83,05:43:28.1,-68:22:11,2008-01-18,03:26:36.2,2454483.6435,30.0,1.29,J,J,,,,missingreplog_Cal83.csv,,,Data replog,,,Cal83,True,IR
ir080117.0114,Cal 83,05:43:28.1,-68:22:12,2008-01-18,03:25:50.2,2454483.6429,30.0,1.29,J,J,,,,missingreplog_Cal83.csv,,,Data replog,,,Cal83,True,IR
ir080117.0113,Cal 83,05:43:28.1,-68:22:11,2008-01-18,03:24:15.6,2454483.6418,30.0,1.29,J,J,,,,missingreplog_Cal83.csv,,,Data replog,,,Cal83,True,IR
ir080117.0112,Cal 83,05:43:28.1,-68:22:11,2008-01-18,03:23:29.5,2454483.6413,30.0,1.29,J,J,,,,missingreplog_Cal83.csv,,,Data replog,,,Cal83,True,IR
ir080117.0111,Cal 83,05:43:28.1,-68:22:11,2008-01-18,03:22:43.1,2454483.6408,30.1,1.28,J,J,,,,missingreplog_Cal83.csv,,,Data replog,,,Cal83,True,IR
ir080117.0110,Cal 83,05:43:28.1,-68:22:12,2008-01-18,03:21:56.8,2454483.6402,30.1,1.28,J,J,,,,missingreplog_Cal83.csv,,,Data replog,,,Cal83,True,IR
ir080117.0109,Cal 83,05:43:28.1,-68:22:12,2008-01-18,03:21:10.7,2454483.6397,30.1,1.28,J,J,,,,missingreplog_Cal83.csv,,,Data replog,,,Cal83,True,IR
ir080117.0108,Cal 83,05:43:28.1,-68:22:11,2008-01-18,03:20:24.3,2454483.6392,30.0,1.28,J,J,,,,missingreplog_Cal83.csv,,,Data replog,,,Cal83,True,IR
ir080117.0107,Cal 83,05:43:28.1,-68:22:12,2008-01-18,03:19:38.0,2454483.6386,30.0,1.28,J,J,,,,missingreplog_Cal83.csv,,,Data replog,,,Cal83,True,IR
ir080117.0105,CAL 83,05:43:28.2,-68:22:12,2008-01-18,03:16:33.1,2454483.6365,25.0,1.28,J,J,,,,missingreplog_Cal83.csv,,,Data replog,,,Cal83,True,IR
ir080116.0027,CAL 83,05:43:34.2,-68:22:42,2008-01-17,00:57:21.3,2454482.5398,25.1,1.33,J,J,,,,missingreplog_Cal83.csv,,,Data replog,,,Cal83,True,IR
ir080117.0104,CAL 83,05:43:28.3,-68:22:12,2008-01-18,03:15:22.6,2454483.6357,25.0,1.28,J,J,,,,missingreplog_Cal83.csv,,,Data replog,,,Cal83,True,IR
ir080117.0103,CAL 83,05:43:28.4,-68:22:13,2008-01-18,03:14:12.3,2454483.6349,25.0,1.28,J,J,,,,missingreplog_Cal83.csv,,,Data replog,,,Cal83,True,IR
ir080116.0037,CAL 83,05:43:34.4,-68:22:43,2008-01-17,01:12:17.1,2454482.5502,25.0,1.32,K,K,,,,missingreplog_Cal83.csv,,,Data replog,,,Cal83,True,IR
ir080116.0036,CAL 83,05:43:34.4,-68:22:43,2008-01-17,01:11:06.5,2454482.5494,25.1,1.32,K,K,,,,missingreplog_Cal83.csv,,,Data replog,,,Cal83,True,IR
ir080116.0035,CAL 83,05:43:34.3,-68:22:43,2008-01-17,01:09:56.4,2454482.5486,25.0,1.32,K,K,,,,missingreplog_Cal83.csv,,,Data replog,,,Cal83,True,IR
ir080116.0034,CAL 83,05:43:34.2,-68:22:42,2008-01-17,01:07:41.6,2454482.547,25.1,1.32,H,H,,,,missingreplog_Cal83.csv,,,Data replog,,,Cal83,True,IR
ir080116.0033,CAL 83,05:43:34.2,-68:22:43,2008-01-17,01:06:31.2,2454482.5462,25.0,1.32,H,H,,,,missingreplog_Cal83.csv,,,Data replog,,,Cal83,True,IR
ir080116.0032,CAL 83,05:43:34.1,-68:22:42,2008-01-17,01:05:21.1,2454482.5454,25.0,1.32,H,H,,,,missingreplog_Cal83.csv,,,Data replog,,,Cal83,True,IR
ir080116.0031,CAL 83,05:43:34.0,-68:22:43,2008-01-17,01:03:06.9,2454482.5438,25.1,1.33,J,J,,,,missingreplog_Cal83.csv,,,Data replog,,,Cal83,True,IR
ir080116.0030,CAL 83,05:43:34.0,-68:22:42,2008-01-17,01:01:56.4,2454482.543,25.0,1.33,J,J,,,,missingreplog_Cal83.csv,,,Data replog,,,Cal83,True,IR
ir080116.0029,CAL 83,05:43:34.0,-68:22:42,2008-01-17,01:00:46.2,2454482.5422,25.1,1.33,J,J,,,,missingreplog_Cal83.csv,,,Data replog,,,Cal83,True,IR
ir080117.0118,Cal 83,05:43:28.2,-68:22:12,2008-01-18,03:28:55.0,2454483.6451,30.0,1.29,J,J,,,,missingreplog_Cal83.csv,,,Data replog,,,Cal83,True,IR
ir080117.0119,Cal 83,05:43:28.2,-68:22:11,2008-01-18,03:29:41.3,2454483.6456,30.1,1.29,J,J,,,,missingreplog_Cal83.csv,,,Data replog,,,Cal83,True,IR
ir080117.0120,Cal 83,05:43:28.2,-68:22:12,2008-01-18,03:30:27.5,2454483.6461,30.1,1.29,J,J,,,,missingreplog_Cal83.csv,,,Data replog,,,Cal83,True,IR
ir080117.0121,Cal 83,05:43:28.2,-68:22:12,2008-01-18,03:31:13.5,2454483.6467,30.1,1.29,J,J,,,,missingreplog_Cal83.csv,,,Data replog,,,Cal83,True,IR
ir080120.0076,CAL 83,05:43:27.2,-68:22:14,2008-01-21,03:10:15.4,2454486.6321,25.0,1.28,J,J,,,,missingreplog_Cal83.csv,,,Data replog,,,Cal83,True,IR
ir080119.0129,CAL 83,05:43:25.7,-68:22:14,2008-01-20,04:35:30.0,2454485.6913,25.1,1.35,J,J,,,,missingreplog_Cal83.csv,,,Data replog,,,Cal83,True,IR
ir080119.0128,CAL 83,05:43:25.8,-68:22:14,2008-01-20,04:34:19.6,2454485.6905,25.1,1.35,J,J,,,,missingreplog_Cal83.csv,,,Data replog,,,Cal83,True,IR
ir080119.0127,CAL 83,05:43:25.8,-68:22:15,2008-01-20,04:33:09.4,2454485.6897,25.1,1.35,J,J,,,,missingreplog_Cal83.csv,,,Data replog,,,Cal83,True,IR
ir080119.0126,Cal 83,05:43:25.9,-68:22:14,2008-01-20,04:31:27.2,2454485.6885,30.0,1.35,J,J,,,,missingreplog_Cal83.csv,,,Data replog,,,Cal83,True,IR
ir080119.0125,Cal 83,05:43:25.9,-68:22:14,2008-01-20,04:30:41.2,2454485.688,30.0,1.35,J,J,,,,missingreplog_Cal83.csv,,,Data replog,,,Cal83,True,IR
ir080119.0124,Cal 83,05:43:25.9,-68:22:14,2008-01-20,04:29:54.9,2454485.6874,30.1,1.35,J,J,,,,missingreplog_Cal83.csv,,,Data replog,,,Cal83,True,IR
ir080119.0123,Cal 83,05:43:25.9,-68:22:13,2008-01-20,04:29:08.8,2454485.6869,30.1,1.35,J,J,,,,missingreplog_Cal83.csv,,,Data replog,,,Cal83,True,IR
ir080119.0122,Cal 83,05:43:26.0,-68:22:13,2008-01-20,04:28:22.9,2454485.6864,30.0,1.35,J,J,,,,missingreplog_Cal83.csv,,,Data replog,,,Cal83,True,IR
ir080119.0121,Cal 83,05:43:26.0,-68:22:13,2008-01-20,04:27:36.6,2454485.6858,30.0,1.34,J,J,,,,missingreplog_Cal83.csv,,,Data replog,,,Cal83,True,IR
ir080119.0120,Cal 83,05:43:26.0,-68:22:13,2008-01-20,04:26:50.3,2454485.6853,30.0,1.34,J,J,,,,missingreplog_Cal83.csv,,,Data replog,,,Cal83,True,IR
ir080119.0119,Cal 83,05:43:26.0,-68:22:13,2008-01-20,04:26:04.4,2454485.6848,30.1,1.34,J,J,,,,missingreplog_Cal83.csv,,,Data replog,,,Cal83,True,IR
ir080119.0118,Cal 83,05:43:26.1,-68:22:13,2008-01-20,04:24:27.8,2454485.6837,30.1,1.34,J,J,,,,missingreplog_Cal83.csv,,,Data replog,,,Cal83,True,IR
ir080119.0117,Cal 83,05:43:26.1,-68:22:13,2008-01-20,04:23:41.8,2454485.6831,30.1,1.34,J,J,,,,missingreplog_Cal83.csv,,,Data replog,,,Cal83,True,IR
ir080119.0116,Cal 83,05:43:26.1,-68:22:14,2008-01-20,04:22:55.5,2454485.6826,30.1,1.34,J,J,,,,missingreplog_Cal83.csv,,,Data replog,,,Cal83,True,IR
ir080119.0115,Cal 83,05:43:26.1,-68:22:13,2008-01-20,04:22:09.3,2454485.682,30.1,1.34,J,J,,,,missingreplog_Cal83.csv,,,Data replog,,,Cal83,True,IR
ir080119.0114,Cal 83,05:43:26.1,-68:22:13,2008-01-20,04:21:23.5,2454485.6815,30.1,1.34,J,J,,,,missingreplog_Cal83.csv,,,Data replog,,,Cal83,True,IR
ir080119.0113,Cal 83,05:43:26.1,-68:22:13,2008-01-20,04:20:37.1,2454485.681,30.1,1.34,J,J,,,,missingreplog_Cal83.csv,,,Data replog,,,Cal83,True,IR
ir080119.0112,Cal 83,05:43:26.1,-68:22:13,2008-01-20,04:19:50.9,2454485.6804,30.0,1.34,J,J,,,,missingreplog_Cal83.csv,,,Data replog,,,Cal83,True,IR
ir080119.0111,Cal 83,05:43:26.2,-68:22:13,2008-01-20,04:19:05.0,2454485.6799,30.1,1.33,J,J,,,,missingreplog_Cal83.csv,,,Data replog,,,Cal83,True,IR
ir080118.0131,CAL 83,05:43:27.1,-68:22:33,2008-01-19,02:35:34.9,2454484.608,25.1,1.28,J,J,,,,missingreplog_Cal83.csv,,,Data replog,,,Cal83,True,IR
ir080118.0130,CAL 83,05:43:27.2,-68:22:33,2008-01-19,02:34:24.4,2454484.6072,25.0,1.28,J,J,,,,missingreplog_Cal83.csv,,,Data replog,,,Cal83,True,IR
ir080118.0129,CAL 83,05:43:27.2,-68:22:34,2008-01-19,02:33:14.4,2454484.6064,25.0,1.28,J,J,,,,missingreplog_Cal83.csv,,,Data replog,,,Cal83,True,IR
ir080116.0028,CAL 83,05:43:34.1,-68:22:42,2008-01-17,00:58:32.0,2454482.5406,25.0,1.33,J,J,,,,missingreplog_Cal83.csv,,,Data replog,,,Cal83,True,IR
ir080116.0026,CAL 83,05:43:34.3,-68:22:43,2008-01-17,00:56:11.1,2454482.539,25.1,1.33,J,J,,,,missingreplog_Cal83.csv,,,Data replog,,,Cal83,True,IR
ir080107.0202,CAL 83,05:43:27.1,-68:22:19,2008-01-08,04:20:58.7,2454473.6812,25.0,1.29,H,H,,,,missingreplog_Cal83.csv,,,Data replog,,,Cal83,True,IR
ir080107.0216,Cal 83,05:43:26.9,-68:22:15,2008-01-08,04:37:15.2,2454473.6925,30.1,1.31,J,J,,,,missingreplog_Cal83.csv,,,Data replog,,,Cal83,True,IR
ir080111.0225,Cal 83,05:43:30.6,-68:22:41,2008-01-12,05:07:59.0,2454477.7139,30.1,1.36,J,J,,,,missingreplog_Cal83.csv,,,Data replog,,,Cal83,True,IR
ir080111.0224,Cal 83,05:43:30.6,-68:22:40,2008-01-12,05:07:12.4,2454477.7133,30.0,1.36,J,J,,,,missingreplog_Cal83.csv,,,Data replog,,,Cal83,True,IR
ir080111.0223,Cal 83,05:43:30.7,-68:22:40,2008-01-12,05:06:25.9,2454477.7128,30.0,1.35,J,J,,,,missingreplog_Cal83.csv,,,Data replog,,,Cal83,True,IR
ir080111.0222,Cal 83,05:43:30.8,-68:22:41,2008-01-12,05:05:39.4,2454477.7123,30.1,1.35,J,J,,,,missingreplog_Cal83.csv,,,Data replog,,,Cal83,True,IR
ir080107.0223,Cal 83,05:43:26.8,-68:22:14,2008-01-08,04:42:39.3,2454473.6963,30.1,1.31,J,J,,,,missingreplog_Cal83.csv,,,Data replog,,,Cal83,True,IR
ir080107.0222,Cal 83,05:43:26.8,-68:22:14,2008-01-08,04:41:53.1,2454473.6957,30.0,1.31,J,J,,,,missingreplog_Cal83.csv,,,Data replog,,,Cal83,True,IR
ir080107.0221,Cal 83,05:43:26.8,-68:22:15,2008-01-08,04:41:07.0,2454473.6952,30.1,1.31,J,J,,,,missingreplog_Cal83.csv,,,Data replog,,,Cal83,True,IR
ir080107.0220,Cal 83,05:43:26.9,-68:22:15,2008-01-08,04:40:20.6,2454473.6947,30.0,1.31,J,J,,,,missingreplog_Cal83.csv,,,Data replog,,,Cal83,True,IR
ir080107.0219,Cal 83,05:43:26.9,-68:22:15,2008-01-08,04:39:34.2,2454473.6941,30.0,1.31,J,J,,,,missingreplog_Cal83.csv,,,Data replog,,,Cal83,True,IR
ir080107.0218,Cal 83,05:43:26.9,-68:22:15,2008-01-08,04:38:47.7,2454473.6936,30.1,1.31,J,J,,,,missingreplog_Cal83.csv,,,Data replog,,,Cal83,True,IR
ir080107.0217,Cal 83,05:43:26.9,-68:22:15,2008-01-08,04:38:01.3,2454473.6931,30.0,1.31,J,J,,,,missingreplog_Cal83.csv,,,Data replog,,,Cal83,True,IR
ir080107.0215,Cal 83,05:43:26.9,-68:22:16,2008-01-08,04:35:42.4,2454473.6915,30.0,1.31,J,J,,,,missingreplog_Cal83.csv,,,Data replog,,,Cal83,True,IR
ir080113.0140,Cal 83,05:43:31.7,-68:22:41,2008-01-14,03:51:55.9,2454479.6611,30.0,1.29,J,J,,,,missingreplog_Cal83.csv,,,Data replog,,,Cal83,True,IR
ir080107.0214,Cal 83,05:43:26.9,-68:22:16,2008-01-08,04:34:56.0,2454473.6909,30.0,1.3,J,J,,,,missingreplog_Cal83.csv,,,Data replog,,,Cal83,True,IR
ir080107.0213,Cal 83,05:43:26.9,-68:22:16,2008-01-08,04:34:09.7,2454473.6904,30.0,1.3,J,J,,,,missingreplog_Cal83.csv,,,Data replog,,,Cal83,True,IR
ir080107.0212,Cal 83,05:43:26.9,-68:22:16,2008-01-08,04:33:23.3,2454473.6899,30.1,1.3,J,J,,,,missingreplog_Cal83.csv,,,Data replog,,,Cal83,True,IR
ir080107.0211,Cal 83,05:43:26.9,-68:22:17,2008-01-08,04:32:37.1,2454473.6893,30.1,1.3,J,J,,,,missingreplog_Cal83.csv,,,Data replog,,,Cal83,True,IR
ir080107.0210,Cal 83,05:43:26.9,-68:22:17,2008-01-08,04:31:50.9,2454473.6888,30.0,1.3,J,J,,,,missingreplog_Cal83.csv,,,Data replog,,,Cal83,True,IR
ir080107.0209,Cal 83,05:43:27.0,-68:22:17,2008-01-08,04:31:04.5,2454473.6883,30.0,1.3,J,J,,,,missingreplog_Cal83.csv,,,Data replog,,,Cal83,True,IR
ir080107.0208,Cal 83,05:43:27.0,-68:22:17,2008-01-08,04:30:18.5,2454473.6877,30.1,1.3,J,J,,,,missingreplog_Cal83.csv,,,Data replog,,,Cal83,True,IR
ir080107.0207,CAL 83,05:43:27.0,-68:22:17,2008-01-08,04:27:54.0,2454473.686,25.1,1.3,K,K,,,,missingreplog_Cal83.csv,,,Data replog,,,Cal83,True,IR
ir080107.0206,CAL 83,05:43:27.0,-68:22:17,2008-01-08,04:26:43.6,2454473.6852,25.0,1.3,K,K,,,,missingreplog_Cal83.csv,,,Data replog,,,Cal83,True,IR
ir080107.0205,CAL 83,05:43:27.0,-68:22:17,2008-01-08,04:25:33.2,2454473.6844,25.0,1.3,K,K,,,,missingreplog_Cal83.csv,,,Data replog,,,Cal83,True,IR
ir080107.0204,CAL 83,05:43:27.0,-68:22:18,2008-01-08,04:23:19.5,2454473.6829,25.0,1.3,H,H,,,,missingreplog_Cal83.csv,,,Data replog,,,Cal83,True,IR
ir080111.0226,Cal 83,05:43:30.5,-68:22:41,2008-01-12,05:08:45.4,2454477.7144,30.0,1.36,J,J,,,,missingreplog_Cal83.csv,,,Data replog,,,Cal83,True,IR
ir080111.0227,Cal 83,05:43:30.5,-68:22:41,2008-01-12,05:09:31.9,2454477.7149,30.0,1.36,J,J,,,,missingreplog_Cal83.csv,,,Data replog,,,Cal83,True,IR
ir080111.0228,Cal 83,05:43:30.5,-68:22:41,2008-01-12,05:10:18.4,2454477.7155,30.1,1.36,J,J,,,,missingreplog_Cal83.csv,,,Data replog,,,Cal83,True,IR
ir080111.0229,Cal 83,05:43:30.4,-68:22:41,2008-01-12,05:11:04.7,2454477.716,30.1,1.36,J,J,,,,missingreplog_Cal83.csv,,,Data replog,,,Cal83,True,IR
ir080113.0139,Cal 83,05:43:31.7,-68:22:41,2008-01-14,03:51:09.3,2454479.6605,30.0,1.29,J,J,,,,missingreplog_Cal83.csv,,,Data replog,,,Cal83,True,IR
ir080113.0138,Cal 83,05:43:31.7,-68:22:41,2008-01-14,03:50:22.8,2454479.66,30.0,1.29,J,J,,,,missingreplog_Cal83.csv,,,Data replog,,,Cal83,True,IR
ir080113.0137,Cal 83,05:43:31.7,-68:22:41,2008-01-14,03:49:36.4,2454479.6595,30.1,1.29,J,J,,,,missingreplog_Cal83.csv,,,Data replog,,,Cal83,True,IR
ir080113.0136,Cal 83,05:43:31.7,-68:22:41,2008-01-14,03:48:49.9,2454479.6589,30.1,1.29,J,J,,,,missingreplog_Cal83.csv,,,Data replog,,,Cal83,True,IR
ir080113.0135,Cal 83,05:43:31.7,-68:22:41,2008-01-14,03:48:03.1,2454479.6584,30.1,1.29,J,J,,,,missingreplog_Cal83.csv,,,Data replog,,,Cal83,True,IR
ir080113.0134,Cal 83,05:43:31.7,-68:22:41,2008-01-14,03:47:16.6,2454479.6578,30.1,1.29,J,J,,,,missingreplog_Cal83.csv,,,Data replog,,,Cal83,True,IR
ir080113.0133,Cal 83,05:43:31.7,-68:22:41,2008-01-14,03:46:30.1,2454479.6573,30.1,1.29,J,J,,,,missingreplog_Cal83.csv,,,Data replog,,,Cal83,True,IR
ir080113.0132,Cal 83,05:43:31.6,-68:22:41,2008-01-14,03:44:57.3,2454479.6562,30.1,1.29,J,J,,,,missingreplog_Cal83.csv,,,Data replog,,,Cal83,True,IR
ir080113.0131,Cal 83,05:43:31.7,-68:22:41,2008-01-14,03:44:10.7,2454479.6557,30.0,1.29,J,J,,,,missingreplog_Cal83.csv,,,Data replog,,,Cal83,True,IR
ir080113.0130,Cal 83,05:43:31.6,-68:22:40,2008-01-14,03:43:24.3,2454479.6551,30.0,1.29,J,J,,,,missingreplog_Cal83.csv,,,Data replog,,,Cal83,True,IR
ir080113.0129,Cal 83,05:43:31.6,-68:22:40,2008-01-14,03:42:37.6,2454479.6546,30.0,1.29,J,J,,,,missingreplog_Cal83.csv,,,Data replog,,,Cal83,True,IR
ir080113.0128,Cal 83,05:43:31.6,-68:22:40,2008-01-14,03:41:51.0,2454479.6541,30.1,1.29,J,J,,,,missingreplog_Cal83.csv,,,Data replog,,,Cal83,True,IR
ir080113.0127,Cal 83,05:43:31.6,-68:22:41,2008-01-14,03:41:04.5,2454479.6535,30.1,1.29,J,J,,,,missingreplog_Cal83.csv,,,Data replog,,,Cal83,True,IR
ir080113.0126,Cal 83,05:43:31.6,-68:22:40,2008-01-14,03:40:17.8,2454479.653,30.0,1.29,J,J,,,,missingreplog_Cal83.csv,,,Data replog,,,Cal83,True,IR
ir080113.0125,Cal 83,05:43:31.6,-68:22:41,2008-01-14,03:39:31.2,2454479.6524,30.0,1.29,J,J,,,,missingreplog_Cal83.csv,,,Data replog,,,Cal83,True,IR
ir080111.0237,Cal 83,05:43:30.3,-68:22:41,2008-01-12,05:18:03.0,2454477.7209,30.0,1.37,J,J,,,,missingreplog_Cal83.csv,,,Data replog,,,Cal83,True,IR
ir080111.0236,Cal 83,05:43:30.4,-68:22:41,2008-01-12,05:17:16.6,2454477.7203,30.0,1.37,J,J,,,,missingreplog_Cal83.csv,,,Data replog,,,Cal83,True,IR
ir080111.0235,Cal 83,05:43:30.4,-68:22:41,2008-01-12,05:16:30.2,2454477.7198,30.1,1.37,J,J,,,,missingreplog_Cal83.csv,,,Data replog,,,Cal83,True,IR
ir080111.0234,Cal 83,05:43:30.4,-68:22:41,2008-01-12,05:15:43.5,2454477.7193,30.1,1.37,J,J,,,,missingreplog_Cal83.csv,,,Data replog,,,Cal83,True,IR
ir080111.0233,Cal 83,05:43:30.4,-68:22:41,2008-01-12,05:14:57.2,2454477.7187,30.0,1.37,J,J,,,,missingreplog_Cal83.csv,,,Data replog,,,Cal83,True,IR
ir080111.0232,Cal 83,05:43:30.4,-68:22:41,2008-01-12,05:14:10.7,2454477.7182,30.0,1.36,J,J,,,,missingreplog_Cal83.csv,,,Data replog,,,Cal83,True,IR
ir080111.0231,Cal 83,05:43:30.4,-68:22:41,2008-01-12,05:13:24.0,2454477.7176,30.0,1.36,J,J,,,,missingreplog_Cal83.csv,,,Data replog,,,Cal83,True,IR
ir080111.0230,Cal 83,05:43:30.4,-68:22:41,2008-01-12,05:12:37.7,2454477.7171,30.1,1.36,J,J,,,,missingreplog_Cal83.csv,,,Data replog,,,Cal83,True,IR
ir080120.0077,CAL 83,05:43:27.3,-68:22:14,2008-01-21,03:11:25.6,2454486.6329,25.0,1.28,J,J,,,,missingreplog_Cal83.csv,,,Data replog,,,Cal83,True,IR
ir080120.0078,CAL 83,05:43:27.3,-68:22:14,2008-01-21,03:12:36.0,2454486.6338,25.0,1.29,J,J,,,,missingreplog_Cal83.csv,,,Data replog,,,Cal83,True,IR
ir080121.0131,Cal 83,05:43:27.9,-68:22:15,2008-01-22,02:58:36.9,2454487.624,30.1,1.28,J,J,,,,missingreplog_Cal83.csv,,,Data replog,,,Cal83,True,IR
ir080125.0109,Cal 83,05:43:31.3,-68:22:34,2008-01-26,03:36:02.0,2454491.65,30.0,1.31,J,J,,,,missingreplog_Cal83.csv,,,Data replog,,,Cal83,True,IR
ir080127.0189,Cal 83,05:43:27.5,-68:22:39,2008-01-28,05:38:47.1,2454493.7353,30.0,1.54,J,J,,,,missingreplog_Cal83.csv,,,Data replog,,,Cal83,True,IR
ir080127.0188,Cal 83,05:43:27.5,-68:22:39,2008-01-28,05:38:01.2,2454493.7347,30.0,1.54,J,J,,,,missingreplog_Cal83.csv,,,Data replog,,,Cal83,True,IR
ir080127.0187,Cal 83,05:43:27.5,-68:22:39,2008-01-28,05:37:15.0,2454493.7342,30.1,1.54,J,J,,,,missingreplog_Cal83.csv,,,Data replog,,,Cal83,True,IR
ir080127.0186,Cal 83,05:43:27.5,-68:22:39,2008-01-28,05:36:28.6,2454493.7337,30.1,1.54,J,J,,,,missingreplog_Cal83.csv,,,Data replog,,,Cal83,True,IR
ir080127.0185,Cal 83,05:43:27.6,-68:22:39,2008-01-28,05:35:42.6,2454493.7331,30.0,1.53,J,J,,,,missingreplog_Cal83.csv,,,Data replog,,,Cal83,True,IR
ir080127.0184,CAL 83,05:43:27.7,-68:22:40,2008-01-28,05:33:04.3,2454493.7313,25.1,1.53,J,J,,,,missingreplog_Cal83.csv,,,Data replog,,,Cal83,True,IR
ir080127.0183,CAL 83,05:43:27.7,-68:22:40,2008-01-28,05:31:53.8,2454493.7305,25.1,1.52,J,J,,,,missingreplog_Cal83.csv,,,Data replog,,,Cal83,True,IR
ir080127.0182,CAL 83,05:43:27.9,-68:22:40,2008-01-28,05:30:43.7,2454493.7297,25.1,1.52,J,J,,,,missingreplog_Cal83.csv,,,Data replog,,,Cal83,True,IR
ir080126.0121,CAL 83,05:43:30.8,-68:22:37,2008-01-27,04:03:58.4,2454492.6694,25.0,1.35,J,J,,,,missingreplog_Cal83.csv,,,Data replog,,,Cal83,True,IR
ir080126.0120,CAL 83,05:43:30.9,-68:22:36,2008-01-27,04:02:48.0,2454492.6686,25.1,1.35,J,J,,,,missingreplog_Cal83.csv,,,Data replog,,,Cal83,True,IR
ir080126.0119,CAL 83,05:43:31.0,-68:22:36,2008-01-27,04:01:37.9,2454492.6678,25.0,1.35,J,J,,,,missingreplog_Cal83.csv,,,Data replog,,,Cal83,True,IR
ir080125.0108,Cal 83,05:43:31.3,-68:22:34,2008-01-26,03:35:16.0,2454491.6495,30.1,1.31,J,J,,,,missingreplog_Cal83.csv,,,Data replog,,,Cal83,True,IR
ir080121.0132,Cal 83,05:43:27.8,-68:22:16,2008-01-22,02:59:22.8,2454487.6246,30.1,1.28,J,J,,,,missingreplog_Cal83.csv,,,Data replog,,,Cal83,True,IR
ir080125.0107,Cal 83,05:43:31.3,-68:22:34,2008-01-26,03:34:29.8,2454491.649,30.0,1.31,J,J,,,,missingreplog_Cal83.csv,,,Data replog,,,Cal83,True,IR
ir080125.0106,Cal 83,05:43:31.4,-68:22:35,2008-01-26,03:33:43.7,2454491.6484,30.0,1.31,J,J,,,,missingreplog_Cal83.csv,,,Data replog,,,Cal83,True,IR
ir080125.0105,Cal 83,05:43:31.4,-68:22:35,2008-01-26,03:32:57.6,2454491.6479,30.1,1.31,J,J,,,,missingreplog_Cal83.csv,,,Data replog,,,Cal83,True,IR
ir080125.0104,Cal 83,05:43:31.5,-68:22:35,2008-01-26,03:32:11.2,2454491.6474,30.1,1.31,J,J,,,,missingreplog_Cal83.csv,,,Data replog,,,Cal83,True,IR
ir080125.0103,Cal 83,05:43:31.5,-68:22:35,2008-01-26,03:31:24.8,2454491.6468,30.0,1.31,J,J,,,,missingreplog_Cal83.csv,,,Data replog,,,Cal83,True,IR
ir080125.0102,Cal 83,05:43:31.6,-68:22:35,2008-01-26,03:30:38.9,2454491.6463,30.0,1.31,J,J,,,,missingreplog_Cal83.csv,,,Data replog,,,Cal83,True,IR
ir080125.0101,Cal 83,05:43:31.6,-68:22:36,2008-01-26,03:29:04.5,2454491.6452,30.0,1.31,J,J,,,,missingreplog_Cal83.csv,,,Data replog,,,Cal83,True,IR
ir080125.0100,Cal 83,05:43:31.6,-68:22:36,2008-01-26,03:28:18.6,2454491.6447,30.1,1.31,J,J,,,,missingreplog_Cal83.csv,,,Data replog,,,Cal83,True,IR
ir080125.0099,Cal 83,05:43:31.7,-68:22:36,2008-01-26,03:27:32.4,2454491.6441,30.1,1.31,J,J,,,,missingreplog_Cal83.csv,,,Data replog,,,Cal83,True,IR
ir080125.0098,Cal 83,05:43:31.7,-68:22:36,2008-01-26,03:26:46.1,2454491.6436,30.1,1.31,J,J,,,,missingreplog_Cal83.csv,,,Data replog,,,Cal83,True,IR
ir080125.0097,Cal 83,05:43:31.7,-68:22:36,2008-01-26,03:26:00.2,2454491.6431,30.1,1.31,J,J,,,,missingreplog_Cal83.csv,,,Data replog,,,Cal83,True,IR
ir080127.0190,Cal 83,05:43:27.5,-68:22:39,2008-01-28,05:39:33.5,2454493.7358,30.0,1.54,J,J,,,,missingreplog_Cal83.csv,,,Data replog,,,Cal83,True,IR
ir080127.0191,Cal 83,05:43:27.4,-68:22:38,2008-01-28,05:40:19.9,2454493.7363,30.0,1.55,J,J,,,,missingreplog_Cal83.csv,,,Data replog,,,Cal83,True,IR
ir080127.0192,Cal 83,05:43:27.4,-68:22:38,2008-01-28,05:41:05.8,2454493.7369,30.0,1.55,J,J,,,,missingreplog_Cal83.csv,,,Data replog,,,Cal83,True,IR
ir080127.0193,Cal 83,05:43:27.4,-68:22:38,2008-01-28,05:42:39.1,2454493.738,30.0,1.55,J,J,,,,missingreplog_Cal83.csv,,,Data replog,,,Cal83,True,IR
ir080129.0113,Cal 83,05:43:30.5,-68:22:35,2008-01-30,03:23:15.3,2454495.6412,30.0,1.32,J,J,,,,missingreplog_Cal83.csv,,,Data replog,,,Cal83,True,IR
ir080129.0112,Cal 83,05:43:30.6,-68:22:35,2008-01-30,03:22:29.3,2454495.6406,30.1,1.32,J,J,,,,missingreplog_Cal83.csv,,,Data replog,,,Cal83,True,IR
ir080129.0111,Cal 83,05:43:30.6,-68:22:35,2008-01-30,03:21:43.1,2454495.6401,30.0,1.32,J,J,,,,missingreplog_Cal83.csv,,,Data replog,,,Cal83,True,IR
ir080129.0110,Cal 83,05:43:30.6,-68:22:35,2008-01-30,03:20:56.8,2454495.6395,30.1,1.32,J,J,,,,missingreplog_Cal83.csv,,,Data replog,,,Cal83,True,IR
ir080129.0109,Cal 83,05:43:30.7,-68:22:36,2008-01-30,03:20:10.8,2454495.639,30.0,1.31,J,J,,,,missingreplog_Cal83.csv,,,Data replog,,,Cal83,True,IR
ir080129.0108,Cal 83,05:43:30.7,-68:22:36,2008-01-30,03:18:36.4,2454495.6379,30.0,1.31,J,J,,,,missingreplog_Cal83.csv,,,Data replog,,,Cal83,True,IR
ir080129.0107,Cal 83,05:43:30.7,-68:22:36,2008-01-30,03:17:50.5,2454495.6374,30.1,1.31,J,J,,,,missingreplog_Cal83.csv,,,Data replog,,,Cal83,True,IR
ir080129.0106,Cal 83,05:43:30.7,-68:22:37,2008-01-30,03:17:04.4,2454495.6369,30.1,1.31,J,J,,,,missingreplog_Cal83.csv,,,Data replog,,,Cal83,True,IR
ir080129.0105,Cal 83,05:43:30.8,-68:22:37,2008-01-30,03:16:18.2,2454495.6363,30.1,1.31,J,J,,,,missingreplog_Cal83.csv,,,Data replog,,,Cal83,True,IR
ir080129.0104,Cal 83,05:43:30.9,-68:22:37,2008-01-30,03:15:32.3,2454495.6358,30.1,1.31,J,J,,,,missingreplog_Cal83.csv,,,Data replog,,,Cal83,True,IR
ir080129.0103,Cal 83,05:43:31.0,-68:22:38,2008-01-30,03:14:46.0,2454495.6353,30.1,1.31,J,J,,,,missingreplog_Cal83.csv,,,Data replog,,,Cal83,True,IR
ir080129.0102,Cal 83,05:43:31.1,-68:22:38,2008-01-30,03:13:59.7,2454495.6347,30.0,1.31,J,J,,,,missingreplog_Cal83.csv,,,Data replog,,,Cal83,True,IR
ir080129.0101,Cal 83,05:43:31.2,-68:22:39,2008-01-30,03:13:13.8,2454495.6342,30.1,1.31,J,J,,,,missingreplog_Cal83.csv,,,Data replog,,,Cal83,True,IR
ir080128.0076,CAL 83,05:43:31.2,-68:22:38,2008-01-29,03:13:00.4,2454494.634,25.1,1.31,J,J,,,,missingreplog_Cal83.csv,,,Data replog,,,Cal83,True,IR
ir080128.0075,CAL 83,05:43:31.3,-68:22:39,2008-01-29,03:11:49.8,2454494.6332,25.1,1.3,J,J,,,,missingreplog_Cal83.csv,,,Data replog,,,Cal83,True,IR
ir080128.0074,CAL 83,05:43:31.3,-68:22:39,2008-01-29,03:10:39.6,2454494.6324,25.0,1.3,J,J,,,,missingreplog_Cal83.csv,,,Data replog,,,Cal83,True,IR
ir080127.0200,Cal 83,05:43:27.2,-68:22:38,2008-01-28,05:48:01.9,2454493.7417,30.1,1.57,J,J,,,,missingreplog_Cal83.csv,,,Data replog,,,Cal83,True,IR
ir080127.0199,Cal 83,05:43:27.3,-68:22:38,2008-01-28,05:47:15.8,2454493.7412,30.0,1.57,J,J,,,,missingreplog_Cal83.csv,,,Data replog,,,Cal83,True,IR
ir080127.0198,Cal 83,05:43:27.3,-68:22:38,2008-01-28,05:46:29.7,2454493.7406,30.1,1.56,J,J,,,,missingreplog_Cal83.csv,,,Data replog,,,Cal83,True,IR
ir080127.0197,Cal 83,05:43:27.3,-68:22:38,2008-01-28,05:45:43.5,2454493.7401,30.1,1.56,J,J,,,,missingreplog_Cal83.csv,,,Data replog,,,Cal83,True,IR
ir080127.0196,Cal 83,05:43:27.3,-68:22:38,2008-01-28,05:44:57.5,2454493.7396,30.0,1.56,J,J,,,,missingreplog_Cal83.csv,,,Data replog,,,Cal83,True,IR
ir080127.0195,Cal 83,05:43:27.4,-68:22:38,2008-01-28,05:44:11.3,2454493.739,30.1,1.56,J,J,,,,missingreplog_Cal83.csv,,,Data replog,,,Cal83,True,IR
ir080127.0194,Cal 83,05:43:27.4,-68:22:38,2008-01-28,05:43:25.1,2454493.7385,30.0,1.55,J,J,,,,missingreplog_Cal83.csv,,,Data replog,,,Cal83,True,IR
ir080125.0096,Cal 83,05:43:31.7,-68:22:36,2008-01-26,03:25:13.9,2454491.6425,30.1,1.31,J,J,,,,missingreplog_Cal83.csv,,,Data replog,,,Cal83,True,IR
ir080125.0095,Cal 83,05:43:31.7,-68:22:37,2008-01-26,03:24:27.5,2454491.642,30.0,1.31,J,J,,,,missingreplog_Cal83.csv,,,Data replog,,,Cal83,True,IR
ir080125.0094,Cal 83,05:43:31.8,-68:22:37,2008-01-26,03:23:41.5,2454491.6415,30.0,1.3,J,J,,,,missingreplog_Cal83.csv,,,Data replog,,,Cal83,True,IR
ir080123.0130,Cal 83,05:43:26.8,-68:22:11,2008-01-24,03:12:49.2,2454489.6339,30.0,1.29,J,J,,,,missingreplog_Cal83.csv,,,Data replog,,,Cal83,True,IR
ir080123.0003,CAL 83,05:43:29.5,-68:22:21,2008-01-24,00:41:54.9,2454489.5291,25.0,1.32,J,J,,,,missingreplog_Cal83.csv,,,Data replog,,,Cal83,True,IR
ir080123.0002,CAL 83,05:43:29.5,-68:22:21,2008-01-24,00:40:44.6,2454489.5283,25.0,1.32,J,J,,,,missingreplog_Cal83.csv,,,Data replog,,,Cal83,True,IR
ir080123.0001,CAL 83,05:43:29.5,-68:22:21,2008-01-24,00:39:34.6,2454489.5275,25.1,1.32,J,J,,,,missingreplog_Cal83.csv,,,Data replog,,,Cal83,True,IR
ir080122.0098,CAL 83,05:43:27.1,-68:22:11,2008-01-23,02:59:50.1,2454488.6249,25.0,1.28,J,J,,,,missingreplog_Cal83.csv,,,Data replog,,,Cal83,True,IR
ir080122.0097,CAL 83,05:43:27.1,-68:22:11,2008-01-23,02:58:39.7,2454488.6241,25.0,1.28,J,J,,,,missingreplog_Cal83.csv,,,Data replog,,,Cal83,True,IR
ir080122.0096,CAL 83,05:43:27.1,-68:22:11,2008-01-23,02:57:29.3,2454488.6233,25.0,1.28,J,J,,,,missingreplog_Cal83.csv,,,Data replog,,,Cal83,True,IR
ir080121.0149,CAL 83,05:43:27.7,-68:22:16,2008-01-22,03:14:55.6,2454487.6354,25.0,1.29,J,J,,,,missingreplog_Cal83.csv,,,Data replog,,,Cal83,True,IR
ir080121.0148,CAL 83,05:43:27.7,-68:22:15,2008-01-22,03:13:45.3,2454487.6346,25.0,1.29,J,J,,,,missingreplog_Cal83.csv,,,Data replog,,,Cal83,True,IR
ir080121.0147,CAL 83,05:43:27.7,-68:22:15,2008-01-22,03:12:35.3,2454487.6337,25.0,1.29,J,J,,,,missingreplog_Cal83.csv,,,Data replog,,,Cal83,True,IR
ir080121.0146,Cal 83,05:43:27.7,-68:22:15,2008-01-22,03:10:56.4,2454487.6326,30.1,1.29,J,J,,,,missingreplog_Cal83.csv,,,Data replog,,,Cal83,True,IR
ir080121.0145,Cal 83,05:43:27.8,-68:22:16,2008-01-22,03:10:10.4,2454487.6321,30.0,1.29,J,J,,,,missingreplog_Cal83.csv,,,Data replog,,,Cal83,True,IR
ir080121.0144,Cal 83,05:43:27.8,-68:22:15,2008-01-22,03:09:24.2,2454487.6315,30.0,1.29,J,J,,,,missingreplog_Cal83.csv,,,Data replog,,,Cal83,True,IR
ir080121.0143,Cal 83,05:43:27.8,-68:22:16,2008-01-22,03:08:38.1,2454487.631,30.0,1.29,J,J,,,,missingreplog_Cal83.csv,,,Data replog,,,Cal83,True,IR
ir080121.0142,Cal 83,05:43:27.8,-68:22:15,2008-01-22,03:07:52.1,2454487.6305,30.1,1.29,J,J,,,,missingreplog_Cal83.csv,,,Data replog,,,Cal83,True,IR
ir080121.0141,Cal 83,05:43:27.8,-68:22:15,2008-01-22,03:07:05.8,2454487.6299,30.0,1.28,J,J,,,,missingreplog_Cal83.csv,,,Data replog,,,Cal83,True,IR
ir080121.0140,Cal 83,05:43:27.8,-68:22:15,2008-01-22,03:06:19.6,2454487.6294,30.1,1.28,J,J,,,,missingreplog_Cal83.csv,,,Data replog,,,Cal83,True,IR
ir080121.0139,Cal 83,05:43:27.8,-68:22:15,2008-01-22,03:05:33.6,2454487.6289,30.1,1.28,J,J,,,,missingreplog_Cal83.csv,,,Data replog,,,Cal83,True,IR
ir080121.0138,Cal 83,05:43:27.8,-68:22:15,2008-01-22,03:03:59.9,2454487.6278,30.1,1.28,J,J,,,,missingreplog_Cal83.csv,,,Data replog,,,Cal83,True,IR
ir080121.0137,Cal 83,05:43:27.8,-68:22:15,2008-01-22,03:03:13.8,2454487.6272,30.0,1.28,J,J,,,,missingreplog_Cal83.csv,,,Data replog,,,Cal83,True,IR
ir080121.0136,Cal 83,05:43:27.8,-68:22:15,2008-01-22,03:02:27.5,2454487.6267,30.0,1.28,J,J,,,,missingreplog_Cal83.csv,,,Data replog,,,Cal83,True,IR
ir080121.0135,Cal 83,05:43:27.8,-68:22:15,2008-01-22,03:01:41.3,2454487.6262,30.1,1.28,J,J,,,,missingreplog_Cal83.csv,,,Data replog,,,Cal83,True,IR
ir080121.0134,Cal 83,05:43:27.8,-68:22:15,2008-01-22,03:00:55.4,2454487.6256,30.1,1.28,J,J,,,,missingreplog_Cal83.csv,,,Data replog,,,Cal83,True,IR
ir080121.0133,Cal 83,05:43:27.8,-68:22:15,2008-01-22,03:00:09.1,2454487.6251,30.0,1.28,J,J,,,,missingreplog_Cal83.csv,,,Data replog,,,Cal83,True,IR
ir080123.0129,Cal 83,05:43:26.8,-68:22:12,2008-01-24,03:12:03.2,2454489.6334,30.0,1.29,J,J,,,,missingreplog_Cal83.csv,,,Data replog,,,Cal83,True,IR
ir080123.0131,Cal 83,05:43:26.8,-68:22:12,2008-01-24,03:13:35.5,2454489.6344,30.1,1.29,J,J,,,,missingreplog_Cal83.csv,,,Data replog,,,Cal83,True,IR
ir080125.0093,CAL 83,05:43:31.9,-68:22:37,2008-01-26,03:20:58.5,2454491.6396,25.0,1.3,J,J,,,,missingreplog_Cal83.csv,,,Data replog,,,Cal83,True,IR
ir080123.0132,Cal 83,05:43:26.8,-68:22:11,2008-01-24,03:14:21.8,2454489.635,30.1,1.29,J,J,,,,missingreplog_Cal83.csv,,,Data replog,,,Cal83,True,IR
ir080125.0092,CAL 83,05:43:32.0,-68:22:37,2008-01-26,03:19:47.9,2454491.6387,25.0,1.3,J,J,,,,missingreplog_Cal83.csv,,,Data replog,,,Cal83,True,IR
ir080125.0091,CAL 83,05:43:32.2,-68:22:37,2008-01-26,03:18:37.8,2454491.6379,25.0,1.3,J,J,,,,missingreplog_Cal83.csv,,,Data replog,,,Cal83,True,IR
ir080124.0107,CAL 83,05:43:28.3,-68:22:36,2008-01-25,05:52:36.1,2454490.7449,25.0,1.55,J,J,,,,missingreplog_Cal83.csv,,,Data replog,,,Cal83,True,IR
ir080124.0106,CAL 83,05:43:28.4,-68:22:36,2008-01-25,05:51:25.6,2454490.7441,25.0,1.54,J,J,,,,missingreplog_Cal83.csv,,,Data replog,,,Cal83,True,IR
ir080124.0105,CAL 83,05:43:28.6,-68:22:36,2008-01-25,05:50:15.3,2454490.7432,25.0,1.54,J,J,,,,missingreplog_Cal83.csv,,,Data replog,,,Cal83,True,IR
ir080123.0221,CAL 83,05:43:23.8,-68:22:13,2008-01-24,05:08:21.6,2454489.7141,25.0,1.43,J,J,,,,missingreplog_Cal83.csv,,,Data replog,,,Cal83,True,IR
ir080123.0220,CAL 83,05:43:23.8,-68:22:13,2008-01-24,05:07:11.2,2454489.7133,25.1,1.43,J,J,,,,missingreplog_Cal83.csv,,,Data replog,,,Cal83,True,IR
ir080123.0219,CAL 83,05:43:23.9,-68:22:14,2008-01-24,05:06:01.2,2454489.7125,25.1,1.43,J,J,,,,missingreplog_Cal83.csv,,,Data replog,,,Cal83,True,IR
ir080123.0147,CAL 83,05:43:26.8,-68:22:10,2008-01-24,03:28:20.1,2454489.6447,25.0,1.3,J,J,,,,missingreplog_Cal83.csv,,,Data replog,,,Cal83,True,IR
ir080123.0146,CAL 83,05:43:26.8,-68:22:10,2008-01-24,03:27:09.6,2454489.6439,25.1,1.3,J,J,,,,missingreplog_Cal83.csv,,,Data replog,,,Cal83,True,IR
ir080123.0145,CAL 83,05:43:26.9,-68:22:10,2008-01-24,03:25:59.6,2454489.6431,25.0,1.3,J,J,,,,missingreplog_Cal83.csv,,,Data replog,,,Cal83,True,IR
ir080123.0144,Cal 83,05:43:26.9,-68:22:11,2008-01-24,03:24:23.5,2454489.6419,30.0,1.3,J,J,,,,missingreplog_Cal83.csv,,,Data replog,,,Cal83,True,IR
ir080123.0143,Cal 83,05:43:26.8,-68:22:11,2008-01-24,03:23:37.6,2454489.6414,30.0,1.3,J,J,,,,missingreplog_Cal83.csv,,,Data replog,,,Cal83,True,IR
ir080123.0142,Cal 83,05:43:26.8,-68:22:11,2008-01-24,03:22:51.4,2454489.6409,30.0,1.3,J,J,,,,missingreplog_Cal83.csv,,,Data replog,,,Cal83,True,IR
ir080123.0141,Cal 83,05:43:26.8,-68:22:11,2008-01-24,03:22:05.2,2454489.6403,30.0,1.3,J,J,,,,missingreplog_Cal83.csv,,,Data replog,,,Cal83,True,IR
ir080123.0140,Cal 83,05:43:26.8,-68:22:11,2008-01-24,03:21:19.1,2454489.6398,30.0,1.3,J,J,,,,missingreplog_Cal83.csv,,,Data replog,,,Cal83,True,IR
ir080123.0139,Cal 83,05:43:26.8,-68:22:11,2008-01-24,03:20:32.8,2454489.6393,30.1,1.3,J,J,,,,missingreplog_Cal83.csv,,,Data replog,,,Cal83,True,IR
ir080123.0138,Cal 83,05:43:26.9,-68:22:11,2008-01-24,03:19:46.5,2454489.6387,30.0,1.3,J,J,,,,missingreplog_Cal83.csv,,,Data replog,,,Cal83,True,IR
ir080123.0137,Cal 83,05:43:26.9,-68:22:12,2008-01-24,03:19:00.5,2454489.6382,30.0,1.3,J,J,,,,missingreplog_Cal83.csv,,,Data replog,,,Cal83,True,IR
ir080123.0136,Cal 83,05:43:26.8,-68:22:11,2008-01-24,03:17:26.1,2454489.6371,30.1,1.29,J,J,,,,missingreplog_Cal83.csv,,,Data replog,,,Cal83,True,IR
ir080123.0135,Cal 83,05:43:26.8,-68:22:11,2008-01-24,03:16:40.1,2454489.6366,30.1,1.29,J,J,,,,missingreplog_Cal83.csv,,,Data replog,,,Cal83,True,IR
ir080123.0134,Cal 83,05:43:26.9,-68:22:11,2008-01-24,03:15:54.0,2454489.636,30.0,1.29,J,J,,,,missingreplog_Cal83.csv,,,Data replog,,,Cal83,True,IR
ir080123.0133,Cal 83,05:43:26.8,-68:22:12,2008-01-24,03:15:07.7,2454489.6355,30.0,1.29,J,J,,,,missingreplog_Cal83.csv,,,Data replog,,,Cal83,True,IR
ir080107.0203,CAL 83,05:43:27.0,-68:22:18,2008-01-08,04:22:09.1,2454473.682,25.1,1.3,H,H,,,,missingreplog_Cal83.csv,,,Data replog,,,Cal83,True,IR
ir080107.0201,CAL 83,05:43:27.1,-68:22:18,2008-01-08,04:18:45.7,2454473.6797,25.1,1.29,J,J,,,,missingreplog_Cal83.csv,,,Data replog,,,Cal83,True,IR
ir071210.0110,Cal 83,05:43:29.0,-68:22:20,2007-12-11,03:25:10.9,2454445.6425,30.0,1.33,J,J,,,,missingreplog_Cal83.csv,,,Data replog,,,Cal83,True,IR
ir071216.0187,Cal 83,05:43:31.7,-68:22:31,2007-12-17,06:09:49.4,2454451.7568,30.1,1.31,J,J,,,,missingreplog_Cal83.csv,,,Data replog,,,Cal83,True,IR
ir071218.0138,Cal 83,05:43:29.1,-68:22:11,2007-12-19,04:22:48.0,2454453.6825,30.0,1.28,J,J,,,,missingreplog_Cal83.csv,,,Data replog,,,Cal83,True,IR
ir071218.0137,Cal 83,05:43:29.1,-68:22:10,2007-12-19,04:22:01.7,2454453.682,30.0,1.28,J,J,,,,missingreplog_Cal83.csv,,,Data replog,,,Cal83,True,IR
ir071218.0136,Cal 83,05:43:29.1,-68:22:10,2007-12-19,04:21:15.4,2454453.6815,30.1,1.28,J,J,,,,missingreplog_Cal83.csv,,,Data replog,,,Cal83,True,IR
ir071218.0135,Cal 83,05:43:29.1,-68:22:11,2007-12-19,04:20:29.0,2454453.6809,30.0,1.28,J,J,,,,missingreplog_Cal83.csv,,,Data replog,,,Cal83,True,IR
ir071218.0134,Cal 83,05:43:29.1,-68:22:10,2007-12-19,04:19:42.7,2454453.6804,30.0,1.28,J,J,,,,missingreplog_Cal83.csv,,,Data replog,,,Cal83,True,IR
ir071218.0133,Cal 83,05:43:29.1,-68:22:10,2007-12-19,04:18:56.0,2454453.6798,30.0,1.28,J,J,,,,missingreplog_Cal83.csv,,,Data replog,,,Cal83,True,IR
ir071218.0132,Cal 83,05:43:29.0,-68:22:10,2007-12-19,04:18:09.5,2454453.6793,30.0,1.28,J,J,,,,missingreplog_Cal83.csv,,,Data replog,,,Cal83,True,IR
ir071218.0131,Cal 83,05:43:29.0,-68:22:10,2007-12-19,04:17:23.1,2454453.6788,30.1,1.28,J,J,,,,missingreplog_Cal83.csv,,,Data replog,,,Cal83,True,IR
ir071216.0190,Cal 83,05:43:31.6,-68:22:30,2007-12-17,06:12:08.7,2454451.7584,30.0,1.31,J,J,,,,missingreplog_Cal83.csv,,,Data replog,,,Cal83,True,IR
ir071216.0189,Cal 83,05:43:31.6,-68:22:30,2007-12-17,06:11:22.3,2454451.7579,30.1,1.31,J,J,,,,missingreplog_Cal83.csv,,,Data replog,,,Cal83,True,IR
ir071216.0188,Cal 83,05:43:31.7,-68:22:31,2007-12-17,06:10:35.8,2454451.7574,30.1,1.31,J,J,,,,missingreplog_Cal83.csv,,,Data replog,,,Cal83,True,IR
ir071216.0186,Cal 83,05:43:31.7,-68:22:31,2007-12-17,06:09:03.1,2454451.7563,30.0,1.31,J,J,,,,missingreplog_Cal83.csv,,,Data replog,,,Cal83,True,IR
ir071214.0137,Cal 83,05:43:32.2,-68:22:36,2007-12-15,04:59:07.2,2454449.7077,30.1,1.28,J,J,,,,missingreplog_Cal83.csv,,,Data replog,,,Cal83,True,IR
ir071216.0185,Cal 83,05:43:31.8,-68:22:31,2007-12-17,06:08:16.4,2454451.7558,30.0,1.31,J,J,,,,missingreplog_Cal83.csv,,,Data replog,,,Cal83,True,IR
ir071216.0184,Cal 83,05:43:31.8,-68:22:32,2007-12-17,06:07:29.7,2454451.7552,30.1,1.31,J,J,,,,missingreplog_Cal83.csv,,,Data replog,,,Cal83,True,IR
ir071216.0183,Cal 83,05:43:31.8,-68:22:32,2007-12-17,06:06:43.3,2454451.7547,30.1,1.31,J,J,,,,missingreplog_Cal83.csv,,,Data replog,,,Cal83,True,IR
ir071216.0182,Cal 83,05:43:31.9,-68:22:32,2007-12-17,06:05:12.1,2454451.7536,30.0,1.31,J,J,,,,missingreplog_Cal83.csv,,,Data replog,,,Cal83,True,IR
ir071216.0181,Cal 83,05:43:31.8,-68:22:32,2007-12-17,06:04:25.7,2454451.7531,30.1,1.31,J,J,,,,missingreplog_Cal83.csv,,,Data replog,,,Cal83,True,IR
ir071216.0180,Cal 83,05:43:31.9,-68:22:33,2007-12-17,06:03:39.0,2454451.7525,30.1,1.31,J,J,,,,missingreplog_Cal83.csv,,,Data replog,,,Cal83,True,IR
ir071216.0179,Cal 83,05:43:31.9,-68:22:33,2007-12-17,06:02:52.4,2454451.752,30.0,1.31,J,J,,,,missingreplog_Cal83.csv,,,Data replog,,,Cal83,True,IR
ir071216.0178,Cal 83,05:43:32.0,-68:22:33,2007-12-17,06:02:05.9,2454451.7515,30.0,1.31,J,J,,,,missingreplog_Cal83.csv,,,Data replog,,,Cal83,True,IR
ir071216.0177,Cal 83,05:43:32.0,-68:22:33,2007-12-17,06:01:19.3,2454451.7509,30.0,1.3,J,J,,,,missingreplog_Cal83.csv,,,Data replog,,,Cal83,True,IR
ir071216.0176,Cal 83,05:43:32.1,-68:22:34,2007-12-17,06:00:32.6,2454451.7504,30.1,1.3,J,J,,,,missingreplog_Cal83.csv,,,Data replog,,,Cal83,True,IR
ir071216.0175,Cal 83,05:43:32.2,-68:22:34,2007-12-17,05:59:46.1,2454451.7498,30.0,1.3,J,J,,,,missingreplog_Cal83.csv,,,Data replog,,,Cal83,True,IR
ir071218.0139,Cal 83,05:43:29.0,-68:22:11,2007-12-19,04:24:21.5,2454453.6836,30.0,1.28,J,J,,,,missingreplog_Cal83.csv,,,Data replog,,,Cal83,True,IR
ir071218.0140,Cal 83,05:43:29.0,-68:22:11,2007-12-19,04:25:07.7,2454453.6841,30.0,1.28,J,J,,,,missingreplog_Cal83.csv,,,Data replog,,,Cal83,True,IR
ir071218.0141,Cal 83,05:43:29.0,-68:22:11,2007-12-19,04:25:54.2,2454453.6847,30.0,1.28,J,J,,,,missingreplog_Cal83.csv,,,Data replog,,,Cal83,True,IR
ir071218.0142,Cal 83,05:43:28.9,-68:22:11,2007-12-19,04:26:40.8,2454453.6852,30.0,1.28,J,J,,,,missingreplog_Cal83.csv,,,Data replog,,,Cal83,True,IR
ir071227.0164,Cal 83,14:18:25.6,-43:22:53,2007-12-28,04:16:25.9,2454456.8673,30.0,0.0,J,J,,,,missingreplog_Cal83.csv,,,Data replog,,,Cal83,True,IR
ir071227.0163,Cal 83,14:18:25.6,-43:22:53,2007-12-28,04:15:39.4,2454456.8673,30.0,0.0,J,J,,,,missingreplog_Cal83.csv,,,Data replog,,,Cal83,True,IR
ir071227.0162,Cal 83,14:18:25.6,-43:22:53,2007-12-28,04:14:53.3,2454456.8673,30.1,0.0,J,J,,,,missingreplog_Cal83.csv,,,Data replog,,,Cal83,True,IR
ir071220.0128,Cal 83,05:43:27.8,-68:22:10,2007-12-21,04:38:07.2,2454455.6931,30.0,1.28,J,J,,,,missingreplog_Cal83.csv,,,Data replog,,,Cal83,True,IR
ir071220.0127,Cal 83,05:43:27.8,-68:22:10,2007-12-21,04:37:20.8,2454455.6926,30.1,1.28,J,J,,,,missingreplog_Cal83.csv,,,Data replog,,,Cal83,True,IR
ir071220.0126,Cal 83,05:43:27.9,-68:22:10,2007-12-21,04:36:34.5,2454455.6921,30.0,1.28,J,J,,,,missingreplog_Cal83.csv,,,Data replog,,,Cal83,True,IR
ir071220.0125,Cal 83,05:43:27.9,-68:22:10,2007-12-21,04:35:48.0,2454455.6915,30.1,1.28,J,J,,,,missingreplog_Cal83.csv,,,Data replog,,,Cal83,True,IR
ir071220.0124,Cal 83,05:43:27.9,-68:22:10,2007-12-21,04:35:01.8,2454455.691,30.0,1.28,J,J,,,,missingreplog_Cal83.csv,,,Data replog,,,Cal83,True,IR
ir071220.0123,Cal 83,05:43:27.9,-68:22:10,2007-12-21,04:34:15.2,2454455.6905,30.0,1.28,J,J,,,,missingreplog_Cal83.csv,,,Data replog,,,Cal83,True,IR
ir071220.0122,Cal 83,05:43:27.9,-68:22:10,2007-12-21,04:33:28.7,2454455.6899,30.0,1.28,J,J,,,,missingreplog_Cal83.csv,,,Data replog,,,Cal83,True,IR
ir071220.0121,Cal 83,05:43:27.9,-68:22:10,2007-12-21,04:32:42.5,2454455.6894,30.0,1.28,J,J,,,,missingreplog_Cal83.csv,,,Data replog,,,Cal83,True,IR
ir071220.0120,Cal 83,05:43:28.0,-68:22:11,2007-12-21,04:31:07.9,2454455.6883,30.1,1.28,J,J,,,,missingreplog_Cal83.csv,,,Data replog,,,Cal83,True,IR
ir071220.0119,Cal 83,05:43:28.0,-68:22:10,2007-12-21,04:30:21.8,2454455.6878,30.0,1.28,J,J,,,,missingreplog_Cal83.csv,,,Data replog,,,Cal83,True,IR
ir071220.0118,Cal 83,05:43:28.0,-68:22:10,2007-12-21,04:29:35.3,2454455.6872,30.0,1.28,J,J,,,,missingreplog_Cal83.csv,,,Data replog,,,Cal83,True,IR
ir071220.0117,Cal 83,05:43:28.0,-68:22:11,2007-12-21,04:28:48.9,2454455.6867,30.0,1.28,J,J,,,,missingreplog_Cal83.csv,,,Data replog,,,Cal83,True,IR
ir071220.0116,Cal 83,05:43:28.1,-68:22:11,2007-12-21,04:28:02.8,2454455.6861,30.0,1.28,J,J,,,,missingreplog_Cal83.csv,,,Data replog,,,Cal83,True,IR
ir071220.0115,Cal 83,05:43:28.1,-68:22:11,2007-12-21,04:27:16.3,2454455.6856,30.1,1.28,J,J,,,,missingreplog_Cal83.csv,,,Data replog,,,Cal83,True,IR
ir071220.0114,Cal 83,05:43:28.2,-68:22:11,2007-12-21,04:26:29.7,2454455.6851,30.1,1.28,J,J,,,,missingreplog_Cal83.csv,,,Data replog,,,Cal83,True,IR
ir071220.0113,Cal 83,05:43:28.2,-68:22:11,2007-12-21,04:25:43.5,2454455.6845,30.1,1.28,J,J,,,,missingreplog_Cal83.csv,,,Data replog,,,Cal83,True,IR
ir071218.0146,Cal 83,05:43:28.8,-68:22:11,2007-12-19,04:29:46.2,2454453.6874,30.1,1.28,J,J,,,,missingreplog_Cal83.csv,,,Data replog,,,Cal83,True,IR
ir071218.0145,Cal 83,05:43:28.9,-68:22:11,2007-12-19,04:28:59.9,2454453.6868,30.1,1.28,J,J,,,,missingreplog_Cal83.csv,,,Data replog,,,Cal83,True,IR
ir071218.0144,Cal 83,05:43:28.9,-68:22:11,2007-12-19,04:28:13.5,2454453.6863,30.0,1.28,J,J,,,,missingreplog_Cal83.csv,,,Data replog,,,Cal83,True,IR
ir071218.0143,Cal 83,05:43:28.9,-68:22:11,2007-12-19,04:27:27.2,2454453.6858,30.0,1.28,J,J,,,,missingreplog_Cal83.csv,,,Data replog,,,Cal83,True,IR
ir071214.0138,Cal 83,05:43:32.2,-68:22:36,2007-12-15,04:59:53.5,2454449.7083,30.0,1.28,J,J,,,,missingreplog_Cal83.csv,,,Data replog,,,Cal83,True,IR
ir071214.0136,Cal 83,05:43:32.3,-68:22:36,2007-12-15,04:58:20.7,2454449.7072,30.0,1.28,J,J,,,,missingreplog_Cal83.csv,,,Data replog,,,Cal83,True,IR
ir080107.0200,CAL 83,05:43:27.1,-68:22:19,2008-01-08,04:17:35.0,2454473.6789,25.0,1.29,J,J,,,,missingreplog_Cal83.csv,,,Data replog,,,Cal83,True,IR
ir071212.0157,Cal 83,05:43:27.8,-68:22:09,2007-12-13,04:31:29.5,2454447.6885,30.1,1.28,J,J,,,,missingreplog_Cal83.csv,,,Data replog,,,Cal83,True,IR
ir071212.0168,Cal 83,05:43:27.6,-68:22:09,2007-12-13,04:40:47.4,2454447.695,30.0,1.28,J,J,,,,missingreplog_Cal83.csv,,,Data replog,,,Cal83,True,IR
ir071212.0167,Cal 83,05:43:27.6,-68:22:09,2007-12-13,04:40:01.1,2454447.6944,30.0,1.28,J,J,,,,missingreplog_Cal83.csv,,,Data replog,,,Cal83,True,IR
ir071212.0166,Cal 83,05:43:27.6,-68:22:09,2007-12-13,04:39:14.7,2454447.6939,30.0,1.28,J,J,,,,missingreplog_Cal83.csv,,,Data replog,,,Cal83,True,IR
ir071212.0165,Cal 83,05:43:27.6,-68:22:09,2007-12-13,04:38:28.0,2454447.6934,30.1,1.28,J,J,,,,missingreplog_Cal83.csv,,,Data replog,,,Cal83,True,IR
ir071212.0164,Cal 83,05:43:27.7,-68:22:09,2007-12-13,04:37:41.5,2454447.6928,30.1,1.28,J,J,,,,missingreplog_Cal83.csv,,,Data replog,,,Cal83,True,IR
ir071212.0163,Cal 83,05:43:27.7,-68:22:09,2007-12-13,04:36:08.6,2454447.6918,30.1,1.28,J,J,,,,missingreplog_Cal83.csv,,,Data replog,,,Cal83,True,IR
ir071212.0162,Cal 83,05:43:27.7,-68:22:09,2007-12-13,04:35:22.2,2454447.6912,30.0,1.28,J,J,,,,missingreplog_Cal83.csv,,,Data replog,,,Cal83,True,IR
ir071212.0161,Cal 83,05:43:27.7,-68:22:09,2007-12-13,04:34:35.7,2454447.6907,30.1,1.28,J,J,,,,missingreplog_Cal83.csv,,,Data replog,,,Cal83,True,IR
ir071212.0160,Cal 83,05:43:27.8,-68:22:09,2007-12-13,04:33:49.3,2454447.6902,30.0,1.28,J,J,,,,missingreplog_Cal83.csv,,,Data replog,,,Cal83,True,IR
ir071212.0159,Cal 83,05:43:27.8,-68:22:08,2007-12-13,04:33:03.0,2454447.6896,30.0,1.28,J,J,,,,missingreplog_Cal83.csv,,,Data replog,,,Cal83,True,IR
ir071212.0158,Cal 83,05:43:27.8,-68:22:09,2007-12-13,04:32:16.2,2454447.6891,30.0,1.28,J,J,,,,missingreplog_Cal83.csv,,,Data replog,,,Cal83,True,IR
ir071212.0156,Cal 83,05:43:27.9,-68:22:08,2007-12-13,04:30:43.2,2454447.688,30.0,1.28,J,J,,,,missingreplog_Cal83.csv,,,Data replog,,,Cal83,True,IR
ir071214.0135,Cal 83,05:43:32.3,-68:22:36,2007-12-15,04:57:34.4,2454449.7067,30.1,1.28,J,J,,,,missingreplog_Cal83.csv,,,Data replog,,,Cal83,True,IR
ir071210.0121,Cal 83,05:43:29.2,-68:22:22,2007-12-11,03:34:28.3,2454445.6489,30.1,1.32,J,J,,,,missingreplog_Cal83.csv,,,Data replog,,,Cal83,True,IR
ir071210.0120,Cal 83,05:43:29.1,-68:22:21,2007-12-11,03:33:42.1,2454445.6484,30.0,1.32,J,J,,,,missingreplog_Cal83.csv,,,Data replog,,,Cal83,True,IR
ir071210.0119,Cal 83,05:43:29.1,-68:22:21,2007-12-11,03:32:55.5,2454445.6479,30.1,1.32,J,J,,,,missingreplog_Cal83.csv,,,Data replog,,,Cal83,True,IR
ir071210.0118,Cal 83,05:43:29.1,-68:22:21,2007-12-11,03:32:09.2,2454445.6473,30.0,1.32,J,J,,,,missingreplog_Cal83.csv,,,Data replog,,,Cal83,True,IR
ir071210.0117,Cal 83,05:43:29.1,-68:22:20,2007-12-11,03:31:23.0,2454445.6468,30.0,1.32,J,J,,,,missingreplog_Cal83.csv,,,Data replog,,,Cal83,True,IR
ir071210.0116,Cal 83,05:43:29.1,-68:22:20,2007-12-11,03:30:36.3,2454445.6463,30.0,1.32,J,J,,,,missingreplog_Cal83.csv,,,Data replog,,,Cal83,True,IR
ir071210.0115,Cal 83,05:43:29.1,-68:22:20,2007-12-11,03:29:49.7,2454445.6457,30.0,1.32,J,J,,,,missingreplog_Cal83.csv,,,Data replog,,,Cal83,True,IR
ir071210.0114,Cal 83,05:43:29.0,-68:22:20,2007-12-11,03:29:03.3,2454445.6452,30.1,1.33,J,J,,,,missingreplog_Cal83.csv,,,Data replog,,,Cal83,True,IR
ir071210.0113,Cal 83,05:43:29.0,-68:22:20,2007-12-11,03:27:30.0,2454445.6441,30.1,1.33,J,J,,,,missingreplog_Cal83.csv,,,Data replog,,,Cal83,True,IR
ir071210.0112,Cal 83,05:43:29.0,-68:22:20,2007-12-11,03:26:43.7,2454445.6436,30.1,1.33,J,J,,,,missingreplog_Cal83.csv,,,Data replog,,,Cal83,True,IR
ir071210.0111,Cal 83,05:43:29.0,-68:22:19,2007-12-11,03:25:57.2,2454445.643,30.0,1.33,J,J,,,,missingreplog_Cal83.csv,,,Data replog,,,Cal83,True,IR
ir071212.0169,Cal 83,05:43:27.6,-68:22:09,2007-12-13,04:41:33.9,2454447.6955,30.1,1.28,J,J,,,,missingreplog_Cal83.csv,,,Data replog,,,Cal83,True,IR
ir071212.0170,Cal 83,05:43:27.6,-68:22:09,2007-12-13,04:42:20.4,2454447.6961,30.1,1.28,J,J,,,,missingreplog_Cal83.csv,,,Data replog,,,Cal83,True,IR
ir071212.0171,Cal 83,05:43:27.5,-68:22:10,2007-12-13,04:43:06.5,2454447.6966,30.0,1.28,J,J,,,,missingreplog_Cal83.csv,,,Data replog,,,Cal83,True,IR
ir071213.0167,CAL 83,05:43:33.2,-68:22:41,2007-12-14,04:20:09.7,2454448.6807,25.0,1.28,J,J,,,,missingreplog_Cal83.csv,,,Data replog,,,Cal83,True,IR
ir071214.0134,Cal 83,05:43:32.3,-68:22:36,2007-12-15,04:56:48.3,2454449.7061,30.0,1.28,J,J,,,,missingreplog_Cal83.csv,,,Data replog,,,Cal83,True,IR
ir071214.0133,Cal 83,05:43:32.3,-68:22:36,2007-12-15,04:56:01.8,2454449.7056,30.0,1.28,J,J,,,,missingreplog_Cal83.csv,,,Data replog,,,Cal83,True,IR
ir071214.0132,Cal 83,05:43:32.3,-68:22:36,2007-12-15,04:55:15.0,2454449.705,30.0,1.28,J,J,,,,missingreplog_Cal83.csv,,,Data replog,,,Cal83,True,IR
ir071214.0131,Cal 83,05:43:32.4,-68:22:36,2007-12-15,04:54:28.8,2454449.7045,30.1,1.28,J,J,,,,missingreplog_Cal83.csv,,,Data replog,,,Cal83,True,IR
ir071214.0130,Cal 83,05:43:32.4,-68:22:36,2007-12-15,04:52:55.9,2454449.7034,30.1,1.28,J,J,,,,missingreplog_Cal83.csv,,,Data replog,,,Cal83,True,IR
ir071214.0129,Cal 83,05:43:32.4,-68:22:36,2007-12-15,04:52:09.6,2454449.7029,30.1,1.28,J,J,,,,missingreplog_Cal83.csv,,,Data replog,,,Cal83,True,IR
ir071214.0128,Cal 83,05:43:32.4,-68:22:36,2007-12-15,04:51:23.2,2454449.7024,30.1,1.28,J,J,,,,missingreplog_Cal83.csv,,,Data replog,,,Cal83,True,IR
ir071214.0127,Cal 83,05:43:32.5,-68:22:37,2007-12-15,04:50:36.6,2454449.7018,30.0,1.28,J,J,,,,missingreplog_Cal83.csv,,,Data replog,,,Cal83,True,IR
ir071214.0126,Cal 83,05:43:32.6,-68:22:37,2007-12-15,04:49:50.1,2454449.7013,30.0,1.28,J,J,,,,missingreplog_Cal83.csv,,,Data replog,,,Cal83,True,IR
ir071214.0125,Cal 83,05:43:32.6,-68:22:37,2007-12-15,04:49:03.6,2454449.7007,30.1,1.28,J,J,,,,missingreplog_Cal83.csv,,,Data replog,,,Cal83,True,IR
ir071214.0124,Cal 83,05:43:32.7,-68:22:37,2007-12-15,04:48:17.0,2454449.7002,30.0,1.28,J,J,,,,missingreplog_Cal83.csv,,,Data replog,,,Cal83,True,IR
ir071214.0123,Cal 83,05:43:32.8,-68:22:37,2007-12-15,04:47:30.8,2454449.6997,30.0,1.28,J,J,,,,missingreplog_Cal83.csv,,,Data replog,,,Cal83,True,IR
ir071213.0178,CAL 83,05:43:32.9,-68:22:42,2007-12-14,04:36:10.4,2454448.6918,25.0,1.28,K,K,,,,missingreplog_Cal83.csv,,,Data replog,,,Cal83,True,IR
ir071213.0177,CAL 83,05:43:32.9,-68:22:42,2007-12-14,04:34:59.8,2454448.691,25.0,1.28,K,K,,,,missingreplog_Cal83.csv,,,Data replog,,,Cal83,True,IR
ir071213.0176,CAL 83,05:43:32.9,-68:22:42,2007-12-14,04:33:49.7,2454448.6902,25.0,1.28,K,K,,,,missingreplog_Cal83.csv,,,Data replog,,,Cal83,True,IR
ir071213.0175,CAL 83,05:43:33.0,-68:22:42,2007-12-14,04:31:37.6,2454448.6886,25.0,1.28,H,H,,,,missingreplog_Cal83.csv,,,Data replog,,,Cal83,True,IR
ir071213.0174,CAL 83,05:43:33.0,-68:22:42,2007-12-14,04:30:27.0,2454448.6878,25.0,1.28,H,H,,,,missingreplog_Cal83.csv,,,Data replog,,,Cal83,True,IR
ir071213.0173,CAL 83,05:43:33.0,-68:22:41,2007-12-14,04:29:16.6,2454448.687,25.1,1.28,H,H,,,,missingreplog_Cal83.csv,,,Data replog,,,Cal83,True,IR
ir071213.0172,CAL 83,05:43:33.0,-68:22:41,2007-12-14,04:27:04.9,2454448.6855,25.1,1.28,J,J,,,,missingreplog_Cal83.csv,,,Data replog,,,Cal83,True,IR
ir071213.0171,CAL 83,05:43:33.0,-68:22:41,2007-12-14,04:25:54.5,2454448.6847,25.0,1.28,J,J,,,,missingreplog_Cal83.csv,,,Data replog,,,Cal83,True,IR
ir071213.0170,CAL 83,05:43:33.0,-68:22:41,2007-12-14,04:24:43.9,2454448.6839,25.0,1.28,J,J,,,,missingreplog_Cal83.csv,,,Data replog,,,Cal83,True,IR
ir071213.0169,CAL 83,05:43:33.1,-68:22:41,2007-12-14,04:22:30.6,2454448.6823,25.0,1.28,J,J,,,,missingreplog_Cal83.csv,,,Data replog,,,Cal83,True,IR
ir071213.0168,CAL 83,05:43:33.1,-68:22:41,2007-12-14,04:21:20.0,2454448.6815,25.0,1.28,J,J,,,,missingreplog_Cal83.csv,,,Data replog,,,Cal83,True,IR
ir071227.0165,Cal 83,14:18:25.6,-43:22:53,2007-12-28,04:17:12.0,2454456.8673,30.1,0.0,J,J,,,,missingreplog_Cal83.csv,,,Data replog,,,Cal83,True,IR
ir071227.0166,Cal 83,14:18:25.6,-43:22:53,2007-12-28,04:17:58.2,2454456.8673,30.0,0.0,J,J,,,,missingreplog_Cal83.csv,,,Data replog,,,Cal83,True,IR
ir071227.0167,Cal 83,14:18:25.6,-43:22:53,2007-12-28,04:18:44.3,2454456.8673,30.1,0.0,J,J,,,,missingreplog_Cal83.csv,,,Data replog,,,Cal83,True,IR
ir080102.0234,Cal 83,05:43:31.1,-68:22:33,2008-01-03,05:34:12.9,2454468.7321,30.1,1.34,J,J,,,,missingreplog_Cal83.csv,,,Data replog,,,Cal83,True,IR
ir080103.0263,Cal 83,05:43:25.3,-68:22:24,2008-01-04,05:51:02.7,2454469.7438,30.0,1.37,J,J,,,,missingreplog_Cal83.csv,,,Data replog,,,Cal83,True,IR
ir080103.0262,Cal 83,05:43:25.3,-68:22:24,2008-01-04,05:49:29.2,2454469.7427,30.0,1.37,J,J,,,,missingreplog_Cal83.csv,,,Data replog,,,Cal83,True,IR
ir080103.0261,Cal 83,05:43:25.4,-68:22:24,2008-01-04,05:48:42.9,2454469.7422,30.1,1.37,J,J,,,,missingreplog_Cal83.csv,,,Data replog,,,Cal83,True,IR
ir080103.0260,Cal 83,05:43:25.4,-68:22:24,2008-01-04,05:47:56.1,2454469.7416,30.0,1.37,J,J,,,,missingreplog_Cal83.csv,,,Data replog,,,Cal83,True,IR
ir080103.0259,Cal 83,05:43:25.4,-68:22:24,2008-01-04,05:47:09.6,2454469.7411,30.0,1.37,J,J,,,,missingreplog_Cal83.csv,,,Data replog,,,Cal83,True,IR
ir080103.0258,Cal 83,05:43:25.4,-68:22:23,2008-01-04,05:46:23.5,2454469.7406,30.1,1.37,J,J,,,,missingreplog_Cal83.csv,,,Data replog,,,Cal83,True,IR
ir080103.0257,Cal 83,05:43:25.4,-68:22:23,2008-01-04,05:45:36.8,2454469.74,30.1,1.36,J,J,,,,missingreplog_Cal83.csv,,,Data replog,,,Cal83,True,IR
ir080103.0256,Cal 83,05:43:25.4,-68:22:23,2008-01-04,05:44:50.2,2454469.7395,30.0,1.36,J,J,,,,missingreplog_Cal83.csv,,,Data replog,,,Cal83,True,IR
ir080103.0255,Cal 83,05:43:25.5,-68:22:23,2008-01-04,05:44:03.8,2454469.7389,30.0,1.36,J,J,,,,missingreplog_Cal83.csv,,,Data replog,,,Cal83,True,IR
ir080102.0236,Cal 83,05:43:31.0,-68:22:33,2008-01-03,05:35:45.4,2454468.7332,30.1,1.35,J,J,,,,missingreplog_Cal83.csv,,,Data replog,,,Cal83,True,IR
ir080102.0235,Cal 83,05:43:31.0,-68:22:33,2008-01-03,05:34:59.1,2454468.7326,30.0,1.35,J,J,,,,missingreplog_Cal83.csv,,,Data replog,,,Cal83,True,IR
ir080102.0233,Cal 83,05:43:31.1,-68:22:33,2008-01-03,05:33:26.5,2454468.7316,30.1,1.34,J,J,,,,missingreplog_Cal83.csv,,,Data replog,,,Cal83,True,IR
ir071227.0168,Cal 83,14:18:25.6,-43:22:53,2007-12-28,04:19:30.6,2454456.8673,30.1,0.0,J,J,,,,missingreplog_Cal83.csv,,,Data replog,,,Cal83,True,IR
ir080102.0232,Cal 83,05:43:31.1,-68:22:33,2008-01-03,05:32:40.4,2454468.731,30.0,1.34,J,J,,,,missingreplog_Cal83.csv,,,Data replog,,,Cal83,True,IR
ir080102.0231,Cal 83,05:43:31.1,-68:22:33,2008-01-03,05:31:54.0,2454468.7305,30.1,1.34,J,J,,,,missingreplog_Cal83.csv,,,Data replog,,,Cal83,True,IR
ir080102.0230,Cal 83,05:43:31.2,-68:22:33,2008-01-03,05:31:07.3,2454468.73,30.0,1.34,J,J,,,,missingreplog_Cal83.csv,,,Data replog,,,Cal83,True,IR
ir080102.0229,Cal 83,05:43:31.2,-68:22:33,2008-01-03,05:30:21.0,2454468.7294,30.1,1.34,J,J,,,,missingreplog_Cal83.csv,,,Data replog,,,Cal83,True,IR
ir080102.0228,Cal 83,05:43:31.3,-68:22:33,2008-01-03,05:28:48.6,2454468.7283,30.1,1.34,J,J,,,,missingreplog_Cal83.csv,,,Data replog,,,Cal83,True,IR
ir080102.0227,Cal 83,05:43:31.3,-68:22:34,2008-01-03,05:28:02.1,2454468.7278,30.0,1.34,J,J,,,,missingreplog_Cal83.csv,,,Data replog,,,Cal83,True,IR
ir080102.0226,Cal 83,05:43:31.3,-68:22:34,2008-01-03,05:27:15.6,2454468.7273,30.1,1.34,J,J,,,,missingreplog_Cal83.csv,,,Data replog,,,Cal83,True,IR
ir080102.0225,Cal 83,05:43:31.3,-68:22:34,2008-01-03,05:26:29.4,2454468.7267,30.1,1.34,J,J,,,,missingreplog_Cal83.csv,,,Data replog,,,Cal83,True,IR
ir080102.0224,Cal 83,05:43:31.3,-68:22:34,2008-01-03,05:25:43.1,2454468.7262,30.0,1.33,J,J,,,,missingreplog_Cal83.csv,,,Data replog,,,Cal83,True,IR
ir080102.0223,Cal 83,05:43:31.4,-68:22:34,2008-01-03,05:24:56.6,2454468.7257,30.1,1.33,J,J,,,,missingreplog_Cal83.csv,,,Data replog,,,Cal83,True,IR
ir080102.0222,Cal 83,05:43:31.4,-68:22:35,2008-01-03,05:24:10.0,2454468.7251,30.0,1.33,J,J,,,,missingreplog_Cal83.csv,,,Data replog,,,Cal83,True,IR
ir080103.0264,Cal 83,05:43:25.4,-68:22:24,2008-01-04,05:51:49.1,2454469.7443,30.0,1.37,J,J,,,,missingreplog_Cal83.csv,,,Data replog,,,Cal83,True,IR
ir080103.0265,Cal 83,05:43:25.4,-68:22:24,2008-01-04,05:52:35.7,2454469.7449,30.1,1.37,J,J,,,,missingreplog_Cal83.csv,,,Data replog,,,Cal83,True,IR
ir080103.0266,Cal 83,05:43:25.4,-68:22:24,2008-01-04,05:53:22.5,2454469.7454,30.1,1.38,J,J,,,,missingreplog_Cal83.csv,,,Data replog,,,Cal83,True,IR
ir080103.0267,Cal 83,05:43:25.4,-68:22:24,2008-01-04,05:54:08.9,2454469.7459,30.1,1.38,J,J,,,,missingreplog_Cal83.csv,,,Data replog,,,Cal83,True,IR
ir080107.0199,CAL 83,05:43:27.1,-68:22:18,2008-01-08,04:16:24.8,2454473.6781,25.0,1.29,J,J,,,,missingreplog_Cal83.csv,,,Data replog,,,Cal83,True,IR
ir080107.0198,CAL 83,05:43:27.1,-68:22:19,2008-01-08,04:14:10.5,2454473.6765,25.0,1.29,J,J,,,,missingreplog_Cal83.csv,,,Data replog,,,Cal83,True,IR
ir080107.0197,CAL 83,05:43:27.1,-68:22:19,2008-01-08,04:13:00.1,2454473.6757,25.0,1.29,J,J,,,,missingreplog_Cal83.csv,,,Data replog,,,Cal83,True,IR
ir080107.0196,CAL 83,05:43:27.1,-68:22:19,2008-01-08,04:11:49.8,2454473.6749,25.1,1.29,J,J,,,,missingreplog_Cal83.csv,,,Data replog,,,Cal83,True,IR
ir080105.0222,Cal 83,05:43:28.9,-68:22:14,2008-01-06,04:44:13.8,2454471.6974,30.0,1.31,J,J,,,,missingreplog_Cal83.csv,,,Data replog,,,Cal83,True,IR
ir080105.0221,Cal 83,05:43:28.9,-68:22:14,2008-01-06,04:43:27.2,2454471.6968,30.0,1.31,J,J,,,,missingreplog_Cal83.csv,,,Data replog,,,Cal83,True,IR
ir080105.0220,Cal 83,05:43:28.9,-68:22:14,2008-01-06,04:42:40.6,2454471.6963,30.1,1.3,J,J,,,,missingreplog_Cal83.csv,,,Data replog,,,Cal83,True,IR
ir080105.0219,Cal 83,05:43:28.9,-68:22:14,2008-01-06,04:41:54.0,2454471.6958,30.1,1.3,J,J,,,,missingreplog_Cal83.csv,,,Data replog,,,Cal83,True,IR
ir080105.0218,Cal 83,05:43:28.9,-68:22:14,2008-01-06,04:41:07.6,2454471.6952,30.0,1.3,J,J,,,,missingreplog_Cal83.csv,,,Data replog,,,Cal83,True,IR
ir080105.0217,Cal 83,05:43:29.0,-68:22:15,2008-01-06,04:40:21.2,2454471.6947,30.0,1.3,J,J,,,,missingreplog_Cal83.csv,,,Data replog,,,Cal83,True,IR
ir080105.0216,Cal 83,05:43:29.0,-68:22:14,2008-01-06,04:39:34.5,2454471.6941,30.0,1.3,J,J,,,,missingreplog_Cal83.csv,,,Data replog,,,Cal83,True,IR
ir080105.0215,Cal 83,05:43:29.0,-68:22:14,2008-01-06,04:38:48.2,2454471.6936,30.0,1.3,J,J,,,,missingreplog_Cal83.csv,,,Data replog,,,Cal83,True,IR
ir080105.0214,Cal 83,05:43:29.0,-68:22:15,2008-01-06,04:37:13.8,2454471.6925,30.1,1.3,J,J,,,,missingreplog_Cal83.csv,,,Data replog,,,Cal83,True,IR
ir080105.0213,Cal 83,05:43:29.0,-68:22:15,2008-01-06,04:36:27.6,2454471.692,30.1,1.3,J,J,,,,missingreplog_Cal83.csv,,,Data replog,,,Cal83,True,IR
ir080105.0212,Cal 83,05:43:29.0,-68:22:15,2008-01-06,04:35:41.1,2454471.6914,30.0,1.3,J,J,,,,missingreplog_Cal83.csv,,,Data replog,,,Cal83,True,IR
ir080105.0211,Cal 83,05:43:29.0,-68:22:15,2008-01-06,04:34:54.8,2454471.6909,30.1,1.3,J,J,,,,missingreplog_Cal83.csv,,,Data replog,,,Cal83,True,IR
ir080105.0210,Cal 83,05:43:29.0,-68:22:15,2008-01-06,04:34:08.3,2454471.6904,30.1,1.3,J,J,,,,missingreplog_Cal83.csv,,,Data replog,,,Cal83,True,IR
ir080105.0209,Cal 83,05:43:29.0,-68:22:15,2008-01-06,04:33:21.7,2454471.6898,30.1,1.3,J,J,,,,missingreplog_Cal83.csv,,,Data replog,,,Cal83,True,IR
ir080105.0208,Cal 83,05:43:29.0,-68:22:15,2008-01-06,04:32:35.2,2454471.6893,30.1,1.3,J,J,,,,missingreplog_Cal83.csv,,,Data replog,,,Cal83,True,IR
ir080105.0207,Cal 83,05:43:29.0,-68:22:16,2008-01-06,04:31:48.9,2454471.6888,30.0,1.3,J,J,,,,missingreplog_Cal83.csv,,,Data replog,,,Cal83,True,IR
ir080103.0270,Cal 83,05:43:25.4,-68:22:24,2008-01-04,05:56:28.7,2454469.7475,30.0,1.38,J,J,,,,missingreplog_Cal83.csv,,,Data replog,,,Cal83,True,IR
ir080103.0269,Cal 83,05:43:25.4,-68:22:24,2008-01-04,05:55:42.1,2454469.747,30.0,1.38,J,J,,,,missingreplog_Cal83.csv,,,Data replog,,,Cal83,True,IR
ir080103.0268,Cal 83,05:43:25.4,-68:22:24,2008-01-04,05:54:55.4,2454469.7465,30.1,1.38,J,J,,,,missingreplog_Cal83.csv,,,Data replog,,,Cal83,True,IR
ir080102.0221,Cal 83,05:43:31.5,-68:22:35,2008-01-03,05:23:23.5,2454468.7246,30.0,1.33,J,J,,,,missingreplog_Cal83.csv,,,Data replog,,,Cal83,True,IR
ir071231.0137,Cal 83,05:43:31.4,-68:22:35,2008-01-01,05:04:44.2,2454466.7116,30.1,1.31,J,J,,,,missingreplog_Cal83.csv,,,Data replog,,,Cal83,True,IR
ir071231.0136,Cal 83,05:43:31.4,-68:22:35,2008-01-01,05:03:57.8,2454466.7111,30.0,1.31,J,J,,,,missingreplog_Cal83.csv,,,Data replog,,,Cal83,True,IR
ir071229.0168,Cal 83,05:43:31.3,-68:22:26,2007-12-30,05:28:15.3,2454464.728,30.0,1.32,J,J,,,,missingreplog_Cal83.csv,,,Data replog,,,Cal83,True,IR
ir071229.0166,Cal 83,05:43:31.4,-68:22:25,2007-12-30,05:26:42.4,2454464.7269,30.0,1.32,J,J,,,,missingreplog_Cal83.csv,,,Data replog,,,Cal83,True,IR
ir071229.0165,Cal 83,05:43:31.5,-68:22:26,2007-12-30,05:25:56.0,2454464.7263,30.0,1.32,J,J,,,,missingreplog_Cal83.csv,,,Data replog,,,Cal83,True,IR
ir071228.0159,CAL 83,14:18:25.6,-43:22:53,2007-12-29,05:01:10.3,2454456.8673,25.1,0.0,K,K,,,,missingreplog_Cal83.csv,,,Data replog,,,Cal83,True,IR
ir071228.0158,CAL 83,14:18:25.6,-43:22:53,2007-12-29,04:59:59.9,2454456.8673,25.0,0.0,K,K,,,,missingreplog_Cal83.csv,,,Data replog,,,Cal83,True,IR
ir071228.0157,CAL 83,14:18:25.6,-43:22:53,2007-12-29,04:58:49.5,2454456.8673,25.0,0.0,K,K,,,,missingreplog_Cal83.csv,,,Data replog,,,Cal83,True,IR
ir071228.0156,CAL 83,14:18:25.6,-43:22:53,2007-12-29,04:56:35.2,2454456.8673,25.0,0.0,H,H,,,,missingreplog_Cal83.csv,,,Data replog,,,Cal83,True,IR
ir071228.0155,CAL 83,14:18:25.6,-43:22:53,2007-12-29,04:55:24.7,2454456.8673,25.0,0.0,H,H,,,,missingreplog_Cal83.csv,,,Data replog,,,Cal83,True,IR
ir071228.0154,CAL 83,14:18:25.6,-43:22:53,2007-12-29,04:54:14.6,2454456.8673,25.0,0.0,H,H,,,,missingreplog_Cal83.csv,,,Data replog,,,Cal83,True,IR
ir071228.0153,CAL 83,14:18:25.6,-43:22:53,2007-12-29,04:52:00.9,2454456.8673,25.1,0.0,J,J,,,,missingreplog_Cal83.csv,,,Data replog,,,Cal83,True,IR
ir071228.0152,CAL 83,14:18:25.6,-43:22:53,2007-12-29,04:50:50.2,2454456.8673,25.0,0.0,J,J,,,,missingreplog_Cal83.csv,,,Data replog,,,Cal83,True,IR
ir071228.0151,CAL 83,14:18:25.6,-43:22:53,2007-12-29,04:49:40.2,2454456.8673,25.1,0.0,J,J,,,,missingreplog_Cal83.csv,,,Data replog,,,Cal83,True,IR
ir071228.0150,CAL 83,14:18:25.6,-43:22:53,2007-12-29,04:47:26.2,2454456.8673,25.0,0.0,J,J,,,,missingreplog_Cal83.csv,,,Data replog,,,Cal83,True,IR
ir071228.0149,CAL 83,14:18:25.6,-43:22:53,2007-12-29,04:46:15.5,2454456.8673,25.0,0.0,J,J,,,,missingreplog_Cal83.csv,,,Data replog,,,Cal83,True,IR
ir071228.0148,CAL 83,14:18:25.6,-43:22:53,2007-12-29,04:45:05.1,2454456.8673,25.0,0.0,J,J,,,,missingreplog_Cal83.csv,,,Data replog,,,Cal83,True,IR
ir071227.0177,Cal 83,14:18:25.6,-43:22:53,2007-12-28,04:27:24.9,2454456.8673,30.0,0.0,J,J,,,,missingreplog_Cal83.csv,,,Data replog,,,Cal83,True,IR
ir071227.0176,Cal 83,14:18:25.6,-43:22:53,2007-12-28,04:26:38.8,2454456.8673,30.1,0.0,J,J,,,,missingreplog_Cal83.csv,,,Data replog,,,Cal83,True,IR
ir071227.0175,Cal 83,14:18:25.6,-43:22:53,2007-12-28,04:25:52.6,2454456.8673,30.0,0.0,J,J,,,,missingreplog_Cal83.csv,,,Data replog,,,Cal83,True,IR
ir071227.0174,Cal 83,14:18:25.6,-43:22:53,2007-12-28,04:25:06.3,2454456.8673,30.1,0.0,J,J,,,,missingreplog_Cal83.csv,,,Data replog,,,Cal83,True,IR
ir071227.0173,Cal 83,14:18:25.6,-43:22:53,2007-12-28,04:23:24.2,2454456.8673,30.0,0.0,J,J,,,,missingreplog_Cal83.csv,,,Data replog,,,Cal83,True,IR
ir071227.0172,Cal 83,14:18:25.6,-43:22:53,2007-12-28,04:23:24.2,2454456.8673,30.0,0.0,J,J,,,,missingreplog_Cal83.csv,,,Data replog,,,Cal83,True,IR
ir071227.0171,Cal 83,14:18:25.6,-43:22:53,2007-12-28,04:22:37.9,2454456.8673,30.1,0.0,J,J,,,,missingreplog_Cal83.csv,,,Data replog,,,Cal83,True,IR
ir071227.0170,Cal 83,14:18:25.6,-43:22:53,2007-12-28,04:21:51.7,2454456.8673,30.1,0.0,J,J,,,,missingreplog_Cal83.csv,,,Data replog,,,Cal83,True,IR
ir071227.0169,Cal 83,14:18:25.6,-43:22:53,2007-12-28,04:20:16.6,2454456.8673,30.1,0.0,J,J,,,,missingreplog_Cal83.csv,,,Data replog,,,Cal83,True,IR
ir071229.0167,Cal 83,05:43:31.3,-68:22:26,2007-12-30,05:27:28.8,2454464.7274,30.0,1.32,J,J,,,,missingreplog_Cal83.csv,,,Data replog,,,Cal83,True,IR
ir071229.0169,Cal 83,05:43:31.2,-68:22:25,2007-12-30,05:29:02.0,2454464.7285,30.0,1.32,J,J,,,,missingreplog_Cal83.csv,,,Data replog,,,Cal83,True,IR
ir071231.0135,Cal 83,05:43:31.5,-68:22:35,2008-01-01,05:03:11.3,2454466.7105,30.1,1.31,J,J,,,,missingreplog_Cal83.csv,,,Data replog,,,Cal83,True,IR
ir071229.0170,Cal 83,05:43:31.2,-68:22:25,2007-12-30,05:29:48.5,2454464.729,30.1,1.32,J,J,,,,missingreplog_Cal83.csv,,,Data replog,,,Cal83,True,IR
ir071231.0134,Cal 83,05:43:31.5,-68:22:35,2008-01-01,05:02:24.6,2454466.71,30.1,1.3,J,J,,,,missingreplog_Cal83.csv,,,Data replog,,,Cal83,True,IR
ir071231.0133,Cal 83,05:43:31.5,-68:22:35,2008-01-01,05:01:38.1,2454466.7095,30.1,1.3,J,J,,,,missingreplog_Cal83.csv,,,Data replog,,,Cal83,True,IR
ir071231.0132,Cal 83,05:43:31.6,-68:22:36,2008-01-01,05:00:51.5,2454466.7089,30.1,1.3,J,J,,,,missingreplog_Cal83.csv,,,Data replog,,,Cal83,True,IR
ir071231.0131,Cal 83,05:43:31.6,-68:22:36,2008-01-01,05:00:04.8,2454466.7084,30.0,1.3,J,J,,,,missingreplog_Cal83.csv,,,Data replog,,,Cal83,True,IR
ir071231.0130,Cal 83,05:43:31.6,-68:22:36,2008-01-01,04:59:18.3,2454466.7078,30.0,1.3,J,J,,,,missingreplog_Cal83.csv,,,Data replog,,,Cal83,True,IR
ir071231.0129,Cal 83,05:43:31.7,-68:22:36,2008-01-01,04:57:44.9,2454466.7068,30.1,1.3,J,J,,,,missingreplog_Cal83.csv,,,Data replog,,,Cal83,True,IR
ir071231.0128,Cal 83,05:43:31.7,-68:22:36,2008-01-01,04:56:58.4,2454466.7062,30.1,1.3,J,J,,,,missingreplog_Cal83.csv,,,Data replog,,,Cal83,True,IR
ir071231.0127,Cal 83,05:43:31.8,-68:22:36,2008-01-01,04:56:12.0,2454466.7057,30.0,1.3,J,J,,,,missingreplog_Cal83.csv,,,Data replog,,,Cal83,True,IR
ir071231.0126,Cal 83,05:43:31.8,-68:22:37,2008-01-01,04:55:25.3,2454466.7051,30.0,1.3,J,J,,,,missingreplog_Cal83.csv,,,Data replog,,,Cal83,True,IR
ir071231.0125,Cal 83,05:43:31.9,-68:22:36,2008-01-01,04:54:39.0,2454466.7046,30.1,1.3,J,J,,,,missingreplog_Cal83.csv,,,Data replog,,,Cal83,True,IR
ir071231.0124,Cal 83,05:43:31.9,-68:22:37,2008-01-01,04:53:52.3,2454466.7041,30.0,1.3,J,J,,,,missingreplog_Cal83.csv,,,Data replog,,,Cal83,True,IR
ir071231.0123,Cal 83,05:43:32.0,-68:22:37,2008-01-01,04:53:05.6,2454466.7035,30.1,1.3,J,J,,,,missingreplog_Cal83.csv,,,Data replog,,,Cal83,True,IR
ir071231.0122,Cal 83,05:43:32.0,-68:22:37,2008-01-01,04:52:19.2,2454466.703,30.1,1.3,J,J,,,,missingreplog_Cal83.csv,,,Data replog,,,Cal83,True,IR
ir071229.0180,Cal 83,05:43:31.1,-68:22:26,2007-12-30,05:38:23.3,2454464.735,30.1,1.33,J,J,,,,missingreplog_Cal83.csv,,,Data replog,,,Cal83,True,IR
ir071229.0179,Cal 83,05:43:31.1,-68:22:26,2007-12-30,05:37:36.6,2454464.7344,30.1,1.33,J,J,,,,missingreplog_Cal83.csv,,,Data replog,,,Cal83,True,IR
ir071229.0178,Cal 83,05:43:31.1,-68:22:26,2007-12-30,05:36:50.3,2454464.7339,30.0,1.33,J,J,,,,missingreplog_Cal83.csv,,,Data replog,,,Cal83,True,IR
ir071229.0177,Cal 83,05:43:31.1,-68:22:26,2007-12-30,05:36:03.6,2454464.7334,30.1,1.33,J,J,,,,missingreplog_Cal83.csv,,,Data replog,,,Cal83,True,IR
ir071229.0176,Cal 83,05:43:31.2,-68:22:26,2007-12-30,05:35:17.1,2454464.7328,30.0,1.33,J,J,,,,missingreplog_Cal83.csv,,,Data replog,,,Cal83,True,IR
ir071229.0175,Cal 83,05:43:31.2,-68:22:27,2007-12-30,05:34:30.7,2454464.7323,30.1,1.33,J,J,,,,missingreplog_Cal83.csv,,,Data replog,,,Cal83,True,IR
ir071229.0174,Cal 83,05:43:31.2,-68:22:26,2007-12-30,05:33:44.3,2454464.7318,30.0,1.33,J,J,,,,missingreplog_Cal83.csv,,,Data replog,,,Cal83,True,IR
ir071229.0173,Cal 83,05:43:31.2,-68:22:26,2007-12-30,05:32:57.8,2454464.7312,30.0,1.33,J,J,,,,missingreplog_Cal83.csv,,,Data replog,,,Cal83,True,IR
ir071229.0172,Cal 83,05:43:31.2,-68:22:26,2007-12-30,05:31:21.8,2454464.7301,30.0,1.32,J,J,,,,missingreplog_Cal83.csv,,,Data replog,,,Cal83,True,IR
ir071229.0171,Cal 83,05:43:31.2,-68:22:26,2007-12-30,05:30:35.0,2454464.7296,30.1,1.32,J,J,,,,missingreplog_Cal83.csv,,,Data replog,,,Cal83,True,IR
