filename,OBJECT,RA,DEC,DATE-OBS,TIME-OBS,JD,EXPTIME,SECZ,CCDFLTID,IRFLTID,TILT1,TILT2,TILT3,log name,Location,prop name help,Physical loc,OWNER,full path,proper name,xrb,source
rccd090629.0053.fits,4U 1538-52,15:42:23.18,-52:23:10.5,2009-06-30,02:12:23.283,2455012.59194,60.0,1.08,B,K,1250.0,1880.0,1990.0,other/LOG_temp_archive_2_2.csv,miniarchive,temp_archive_2_2,Disk,YALE-03A-0001,,4U1538-52,True,optical
rccd090629.0055.fits,4U 1538-52,15:42:23.15,-52:23:09.4,2009-06-30,02:17:34.351,2455012.59554,30.0,1.09,V,H,1250.0,1880.0,1990.0,other/LOG_temp_archive_2_2.csv,miniarchive,temp_archive_2_2,Disk,YALE-03A-0001,,4U1538-52,True,optical
rccd090629.0054.fits,4U 1538-52,15:42:23.18,-52:23:09.8,2009-06-30,02:15:11.388,2455012.59388,15.0,1.08,I,J,1250.0,1880.0,1990.0,other/LOG_temp_archive_2_2.csv,miniarchive,temp_archive_2_2,Disk,YALE-03A-0001,,4U1538-52,True,optical
rccd090630.0009.fits,4U 1538-52,15:42:23.17,-52:23:08.7,2009-06-30,23:17:48.381,2455013.4707,30.0,1.23,V,H,1250.0,1880.0,1990.0,other/LOG_temp_archive_2_2.csv,miniarchive,temp_archive_2_2,Disk,YALE-03A-0001,,4U1538-52,True,optical
rccd090630.0007.fits,4U 1538-52,15:42:23.08,-52:23:09.0,2009-06-30,23:12:37.270,2455013.4671,60.0,1.24,B,K,1250.0,1880.0,1990.0,other/LOG_temp_archive_2_2.csv,miniarchive,temp_archive_2_2,Disk,YALE-03A-0001,,4U1538-52,True,optical
rccd090630.0008.fits,4U 1538-52,15:42:23.16,-52:23:09.1,2009-06-30,23:15:25.425,2455013.46905,15.0,1.24,I,J,1250.0,1880.0,1990.0,other/LOG_temp_archive_2_2.csv,miniarchive,temp_archive_2_2,Disk,YALE-03A-0001,,4U1538-52,True,optical
rccd090624.0027.fits,4U 1538-52,15:42:23.14,-52:23:09.3,2009-06-25,00:50:19.055,2455007.53494,60.0,1.12,B,K,1250.0,1880.0,1990.0,other/LOG_temp_archive_2_2.csv,miniarchive,temp_archive_2_2,Disk,YALE-03A-0001,,4U1538-52,True,optical
rccd090624.0028.fits,4U 1538-52,15:42:23.14,-52:23:09.3,2009-06-25,00:53:07.690,2455007.53689,15.0,1.12,I,J,1250.0,1880.0,1990.0,other/LOG_temp_archive_2_2.csv,miniarchive,temp_archive_2_2,Disk,YALE-03A-0001,,4U1538-52,True,optical
rccd090624.0029.fits,4U 1538-52,15:42:23.20,-52:23:09.5,2009-06-25,00:55:31.159,2455007.53855,30.0,1.12,V,H,1250.0,1880.0,1990.0,other/LOG_temp_archive_2_2.csv,miniarchive,temp_archive_2_2,Disk,YALE-03A-0001,,4U1538-52,True,optical
rccd090718.0041.fits,4U 1538-52,15:42:20.45,-52:22:49.3,2009-07-19,03:20:46.688,2455031.63943,15.0,1.25,I,J,1250.0,1880.0,1990.0,other/LOG_temp_archive_2_2.csv,miniarchive,temp_archive_2_2,Disk,YALE-03A-0001,,4U1538-52,True,optical
rccd090718.0042.fits,4U 1538-52,15:42:20.49,-52:22:48.9,2009-07-19,03:23:05.884,2455031.64104,30.0,1.26,V,H,1250.0,1880.0,1990.0,other/LOG_temp_archive_2_2.csv,miniarchive,temp_archive_2_2,Disk,YALE-03A-0001,,4U1538-52,True,optical
rccd090718.0040.fits,4U 1538-52,15:42:20.52,-52:22:50.3,2009-07-19,03:18:02.766,2455031.63753,60.0,1.25,B,K,1250.0,1880.0,1990.0,other/LOG_temp_archive_2_2.csv,miniarchive,temp_archive_2_2,Disk,YALE-03A-0001,,4U1538-52,True,optical
rccd090719.0019.fits,4U 1538-52,15:42:21.40,-52:22:47.1,2009-07-20,00:58:03.196,2455032.54032,60.0,1.08,B,K,1250.0,1880.0,1990.0,other/LOG_temp_archive_2_2.csv,miniarchive,temp_archive_2_2,Disk,YALE-03A-0001,,4U1538-52,True,optical
rccd090719.0020.fits,4U 1538-52,15:42:21.37,-52:22:46.6,2009-07-20,01:00:46.712,2455032.54222,15.0,1.09,I,J,1250.0,1880.0,1990.0,other/LOG_temp_archive_2_2.csv,miniarchive,temp_archive_2_2,Disk,YALE-03A-0001,,4U1538-52,True,optical
rccd090719.0021.fits,4U 1538-52,15:42:21.35,-52:22:46.3,2009-07-20,01:03:05.382,2455032.54382,30.0,1.09,V,H,1250.0,1880.0,1990.0,other/LOG_temp_archive_2_2.csv,miniarchive,temp_archive_2_2,Disk,YALE-03A-0001,,4U1538-52,True,optical
rccd090715.0051.fits,4U 1538-52,15:42:23.16,-52:23:08.3,2009-07-16,03:42:28.169,2455028.6545,30.0,1.28,V,H,1250.0,1880.0,1990.0,other/LOG_temp_archive_2_2.csv,miniarchive,temp_archive_2_2,Disk,YALE-03A-0001,,4U1538-52,True,optical
rccd090716.0036.fits,4U 1538-52,15:42:21.62,-52:22:51.2,2009-07-17,01:59:26.011,2455029.58294,60.0,1.11,B,K,1250.0,1880.0,1990.0,other/LOG_temp_archive_2_2.csv,miniarchive,temp_archive_2_2,Disk,YALE-03A-0001,,4U1538-52,True,optical
rccd090716.0037.fits,4U 1538-52,15:42:21.62,-52:22:50.2,2009-07-17,02:02:10.896,2455029.58485,15.0,1.12,I,J,1250.0,1880.0,1990.0,other/LOG_temp_archive_2_2.csv,miniarchive,temp_archive_2_2,Disk,YALE-03A-0001,,4U1538-52,True,optical
rccd090716.0038.fits,4U 1538-52,15:42:21.57,-52:22:49.4,2009-07-17,02:04:30.927,2455029.58647,30.0,1.12,V,H,1250.0,1880.0,1990.0,other/LOG_temp_archive_2_2.csv,miniarchive,temp_archive_2_2,Disk,YALE-03A-0001,,4U1538-52,True,optical
rccd090717.0017.fits,4U 1538-52,15:42:23.10,-52:23:08.3,2009-07-18,01:52:48.876,2455030.57834,15.0,1.11,I,J,1250.0,1880.0,1990.0,other/LOG_temp_archive_2_2.csv,miniarchive,temp_archive_2_2,Disk,YALE-03A-0001,,4U1538-52,True,optical
rccd090717.0016.fits,4U 1538-52,15:42:23.14,-52:23:09.3,2009-07-18,01:50:04.574,2455030.57644,60.0,1.11,B,K,1250.0,1880.0,1990.0,other/LOG_temp_archive_2_2.csv,miniarchive,temp_archive_2_2,Disk,YALE-03A-0001,,4U1538-52,True,optical
rccd090717.0018.fits,4U 1538-52,15:42:23.10,-52:23:07.7,2009-07-18,01:55:08.184,2455030.57995,30.0,1.11,V,H,1250.0,1880.0,1990.0,other/LOG_temp_archive_2_2.csv,miniarchive,temp_archive_2_2,Disk,YALE-03A-0001,,4U1538-52,True,optical
rccd090725.0025.fits,4U 1538-52,15:42:23.22,-52:23:09.9,2009-07-26,00:21:56.028,2455038.51523,60.0,1.08,B,K,1250.0,1880.0,1990.0,other/LOG_temp_archive_2_2.csv,miniarchive,temp_archive_2_2,Disk,YALE-03A-0001,,4U1538-52,True,optical
rccd090725.0027.fits,4U 1538-52,15:42:23.29,-52:23:09.2,2009-07-26,00:26:58.548,2455038.51873,30.0,1.08,V,H,1250.0,1880.0,1990.0,other/LOG_temp_archive_2_2.csv,miniarchive,temp_archive_2_2,Disk,YALE-03A-0001,,4U1538-52,True,optical
rccd090725.0026.fits,4U 1538-52,15:42:23.29,-52:23:09.7,2009-07-26,00:24:39.710,2455038.51713,15.0,1.08,I,J,1250.0,1880.0,1990.0,other/LOG_temp_archive_2_2.csv,miniarchive,temp_archive_2_2,Disk,YALE-03A-0001,,4U1538-52,True,optical
rccd090723.0038.fits,4U 1538-52,15:42:23.06,-52:23:07.5,2009-07-24,02:23:45.520,2455036.59983,30.0,1.18,V,H,1250.0,1880.0,1990.0,other/LOG_temp_archive_2_2.csv,miniarchive,temp_archive_2_2,Disk,YALE-03A-0001,,4U1538-52,True,optical
rccd090723.0036.fits,4U 1538-52,15:42:23.26,-52:23:07.9,2009-07-24,02:18:43.131,2455036.59633,60.0,1.17,B,K,1250.0,1880.0,1990.0,other/LOG_temp_archive_2_2.csv,miniarchive,temp_archive_2_2,Disk,YALE-03A-0001,,4U1538-52,True,optical
rccd090723.0037.fits,4U 1538-52,15:42:23.09,-52:23:07.7,2009-07-24,02:21:27.444,2455036.59824,15.0,1.18,I,J,1250.0,1880.0,1990.0,other/LOG_temp_archive_2_2.csv,miniarchive,temp_archive_2_2,Disk,YALE-03A-0001,,4U1538-52,True,optical
rccd090724.0030.fits,4U 1538-52,15:42:23.21,-52:23:09.0,2009-07-25,01:43:32.875,2455037.57191,15.0,1.13,I,J,1250.0,1880.0,1990.0,other/LOG_temp_archive_2_2.csv,miniarchive,temp_archive_2_2,Disk,YALE-03A-0001,,4U1538-52,True,optical
rccd090724.0029.fits,4U 1538-52,15:42:23.17,-52:23:09.9,2009-07-25,01:40:48.578,2455037.57001,60.0,1.13,B,K,1250.0,1880.0,1990.0,other/LOG_temp_archive_2_2.csv,miniarchive,temp_archive_2_2,Disk,YALE-03A-0001,,4U1538-52,True,optical
rccd090724.0031.fits,4U 1538-52,15:42:23.22,-52:23:08.5,2009-07-25,01:45:51.390,2455037.57352,30.0,1.13,V,H,1250.0,1880.0,1990.0,other/LOG_temp_archive_2_2.csv,miniarchive,temp_archive_2_2,Disk,YALE-03A-0001,,4U1538-52,True,optical
rccd090706.0042.fits,4U 1538-52,15:42:21.09,-52:22:52.2,2009-07-07,02:28:39.928,2455019.60324,30.0,1.11,V,H,1250.0,1880.0,1990.0,other/LOG_temp_archive_2_2.csv,miniarchive,temp_archive_2_2,Disk,YALE-03A-0001,,4U1538-52,True,optical
rccd090706.0040.fits,4U 1538-52,15:42:21.03,-52:22:53.5,2009-07-07,02:23:29.281,2455019.59964,60.0,1.1,B,K,1250.0,1880.0,1990.0,other/LOG_temp_archive_2_2.csv,miniarchive,temp_archive_2_2,Disk,YALE-03A-0001,,4U1538-52,True,optical
rccd090706.0041.fits,4U 1538-52,15:42:21.04,-52:22:52.6,2009-07-07,02:26:17.702,2455019.60159,15.0,1.1,I,J,1250.0,1880.0,1990.0,other/LOG_temp_archive_2_2.csv,miniarchive,temp_archive_2_2,Disk,YALE-03A-0001,,4U1538-52,True,optical
rccd090707.0035.fits,4U 1538-52,15:42:21.58,-52:22:48.6,2009-07-08,02:13:08.085,2455020.59245,60.0,1.1,B,K,1250.0,1880.0,1990.0,other/LOG_temp_archive_2_2.csv,miniarchive,temp_archive_2_2,Disk,YALE-03A-0001,,4U1538-52,True,optical
rccd090707.0036.fits,4U 1538-52,15:42:21.59,-52:22:48.2,2009-07-08,02:15:56.012,2455020.5944,15.0,1.1,I,J,1250.0,1880.0,1990.0,other/LOG_temp_archive_2_2.csv,miniarchive,temp_archive_2_2,Disk,YALE-03A-0001,,4U1538-52,True,optical
rccd090707.0037.fits,4U 1538-52,15:42:21.65,-52:22:48.2,2009-07-08,02:18:18.299,2455020.59604,30.0,1.1,V,H,1250.0,1880.0,1990.0,other/LOG_temp_archive_2_2.csv,miniarchive,temp_archive_2_2,Disk,YALE-03A-0001,,4U1538-52,True,optical
rccd090705.0053.fits,4U 1538-52,15:42:20.97,-52:22:55.6,2009-07-06,02:32:25.871,2455018.60585,60.0,1.11,B,K,1250.0,1880.0,1990.0,other/LOG_temp_archive_2_2.csv,miniarchive,temp_archive_2_2,Disk,YALE-03A-0001,,4U1538-52,True,optical
rccd090705.0055.fits,4U 1538-52,15:42:20.99,-52:22:55.4,2009-07-06,02:37:45.683,2455018.60955,30.0,1.11,V,H,1250.0,1880.0,1990.0,other/LOG_temp_archive_2_2.csv,miniarchive,temp_archive_2_2,Disk,YALE-03A-0001,,4U1538-52,True,optical
rccd090705.0054.fits,4U 1538-52,15:42:20.98,-52:22:55.5,2009-07-06,02:35:13.607,2455018.60779,15.0,1.11,I,J,1250.0,1880.0,1990.0,other/LOG_temp_archive_2_2.csv,miniarchive,temp_archive_2_2,Disk,YALE-03A-0001,,4U1538-52,True,optical
rccd090701.0038.fits,4U 1538-52,15:42:23.18,-52:23:09.9,2009-07-02,01:37:17.341,2455014.56757,15.0,1.08,I,J,1250.0,1880.0,1990.0,other/LOG_temp_archive_2_2.csv,miniarchive,temp_archive_2_2,Disk,YALE-03A-0001,,4U1538-52,True,optical
rccd090701.0037.fits,4U 1538-52,15:42:23.19,-52:23:10.6,2009-07-02,01:34:29.186,2455014.56562,60.0,1.08,B,K,1250.0,1880.0,1990.0,other/LOG_temp_archive_2_2.csv,miniarchive,temp_archive_2_2,Disk,YALE-03A-0001,,4U1538-52,True,optical
rccd090701.0039.fits,4U 1538-52,15:42:23.26,-52:23:09.3,2009-07-02,01:39:39.975,2455014.56922,30.0,1.08,V,H,1250.0,1880.0,1990.0,other/LOG_temp_archive_2_2.csv,miniarchive,temp_archive_2_2,Disk,YALE-03A-0001,,4U1538-52,True,optical
rccd090715.0050.fits,4U 1538-52,15:42:23.17,-52:23:08.5,2009-07-16,03:40:09.421,2455028.65289,15.0,1.27,I,J,1250.0,1880.0,1990.0,other/LOG_temp_archive_2_2.csv,miniarchive,temp_archive_2_2,Disk,YALE-03A-0001,,4U1538-52,True,optical
rccd090715.0049.fits,4U 1538-52,15:42:23.17,-52:23:09.7,2009-07-16,03:37:24.427,2455028.65098,60.0,1.27,B,K,1250.0,1880.0,1990.0,other/LOG_temp_archive_2_2.csv,miniarchive,temp_archive_2_2,Disk,YALE-03A-0001,,4U1538-52,True,optical
rccd090708.0046.fits,4U 1538-52,15:42:20.66,-52:22:55.0,2009-07-09,02:01:08.367,2455021.58412,30.0,1.09,V,H,1250.0,1880.0,1990.0,other/LOG_temp_archive_2_2.csv,miniarchive,temp_archive_2_2,Disk,YALE-03A-0001,,4U1538-52,True,optical
rccd090709.0035.fits,4U 1538-52,15:42:23.22,-52:23:09.0,2009-07-10,01:42:18.639,2455022.57106,15.0,1.09,I,J,1250.0,1880.0,1990.0,other/LOG_temp_archive_2_2.csv,miniarchive,temp_archive_2_2,Disk,YALE-03A-0001,,4U1538-52,True,optical
rccd090708.0045.fits,4U 1538-52,15:42:20.73,-52:22:55.5,2009-07-09,01:58:45.489,2455021.58247,15.0,1.09,I,J,1250.0,1880.0,1990.0,other/LOG_temp_archive_2_2.csv,miniarchive,temp_archive_2_2,Disk,YALE-03A-0001,,4U1538-52,True,optical
rccd090708.0044.fits,4U 1538-52,15:42:20.82,-52:22:57.2,2009-07-09,01:55:57.205,2455021.58052,60.0,1.09,B,K,1250.0,1880.0,1990.0,other/LOG_temp_archive_2_2.csv,miniarchive,temp_archive_2_2,Disk,YALE-03A-0001,,4U1538-52,True,optical
rccd090709.0036.fits,4U 1538-52,15:42:23.24,-52:23:09.1,2009-07-10,01:44:41.660,2455022.57271,30.0,1.09,V,H,1250.0,1880.0,1990.0,other/LOG_temp_archive_2_2.csv,miniarchive,temp_archive_2_2,Disk,YALE-03A-0001,,4U1538-52,True,optical
rccd090709.0034.fits,4U 1538-52,15:42:23.20,-52:23:09.6,2009-07-10,01:39:30.241,2455022.56911,60.0,1.09,B,K,1250.0,1880.0,1990.0,other/LOG_temp_archive_2_2.csv,miniarchive,temp_archive_2_2,Disk,YALE-03A-0001,,4U1538-52,True,optical
rccd090822.0035.fits,4U 1538-52,15:42:23.15,-52:23:10.1,2009-08-23,02:28:37.627,2455066.60322,60.0,1.55,B,K,1250.0,1880.0,1990.0,other/LOG_temp_archive_2_2.csv,miniarchive,temp_archive_2_2,Disk,YALE-03A-0001,,4U1538-52,True,optical
rccd090822.0037.fits,4U 1538-52,15:42:22.96,-52:23:10.1,2009-08-23,02:33:40.462,2455066.60672,30.0,1.58,V,H,1250.0,1880.0,1990.0,other/LOG_temp_archive_2_2.csv,miniarchive,temp_archive_2_2,Disk,YALE-03A-0001,,4U1538-52,True,optical
rccd090822.0036.fits,4U 1538-52,15:42:23.00,-52:23:10.2,2009-08-23,02:31:22.060,2455066.60512,15.0,1.57,I,J,1250.0,1880.0,1990.0,other/LOG_temp_archive_2_2.csv,miniarchive,temp_archive_2_2,Disk,YALE-03A-0001,,4U1538-52,True,optical
rccd090824.0028.fits,4U 1538-52,15:42:23.15,-52:23:10.5,2009-08-25,01:14:30.247,2455068.55174,30.0,1.3,V,H,1250.0,1880.0,1990.0,other/LOG_temp_archive_2_2.csv,miniarchive,temp_archive_2_2,Disk,YALE-03A-0001,,4U1538-52,True,optical
rccd090824.0026.fits,4U 1538-52,15:42:23.17,-52:23:09.9,2009-08-25,01:09:27.325,2455068.54823,60.0,1.29,B,K,1250.0,1880.0,1990.0,other/LOG_temp_archive_2_2.csv,miniarchive,temp_archive_2_2,Disk,YALE-03A-0001,,4U1538-52,True,optical
rccd090824.0027.fits,4U 1538-52,15:42:23.17,-52:23:09.9,2009-08-25,01:12:11.392,2455068.55013,15.0,1.3,I,J,1250.0,1880.0,1990.0,other/LOG_temp_archive_2_2.csv,miniarchive,temp_archive_2_2,Disk,YALE-03A-0001,,4U1538-52,True,optical
rccd090814.0025.fits,4U 1538-52,15:42:21.00,-52:22:46.5,2009-08-15,01:21:01.445,2455058.55627,60.0,1.22,B,K,1250.0,1880.0,1990.0,other/LOG_temp_archive_2_2.csv,miniarchive,temp_archive_2_2,Disk,YALE-03A-0001,,4U1538-52,True,optical
rccd090813.0029.fits,4U 1538-52,15:42:20.59,-52:22:43.1,2009-08-14,01:27:47.752,2455057.56097,60.0,1.23,B,K,1250.0,1880.0,1990.0,other/LOG_temp_archive_2_2.csv,miniarchive,temp_archive_2_2,Disk,YALE-03A-0001,,4U1538-52,True,optical
rccd090813.0030.fits,4U 1538-52,15:42:20.53,-52:22:42.1,2009-08-14,01:30:32.260,2455057.56287,15.0,1.24,I,J,1250.0,1880.0,1990.0,other/LOG_temp_archive_2_2.csv,miniarchive,temp_archive_2_2,Disk,YALE-03A-0001,,4U1538-52,True,optical
rccd090813.0031.fits,4U 1538-52,15:42:20.57,-52:22:42.1,2009-08-14,01:32:51.843,2455057.56449,30.0,1.24,V,H,1250.0,1880.0,1990.0,other/LOG_temp_archive_2_2.csv,miniarchive,temp_archive_2_2,Disk,YALE-03A-0001,,4U1538-52,True,optical
rccd090814.0026.fits,4U 1538-52,15:42:20.95,-52:22:46.4,2009-08-15,01:23:46.259,2455058.55817,15.0,1.23,I,J,1250.0,1880.0,1990.0,other/LOG_temp_archive_2_2.csv,miniarchive,temp_archive_2_2,Disk,YALE-03A-0001,,4U1538-52,True,optical
rccd090814.0027.fits,4U 1538-52,15:42:20.99,-52:22:45.8,2009-08-15,01:26:06.677,2455058.5598,30.0,1.24,V,H,1250.0,1880.0,1990.0,other/LOG_temp_archive_2_2.csv,miniarchive,temp_archive_2_2,Disk,YALE-03A-0001,,4U1538-52,True,optical
rccd090826.0024.fits,4U 1538-52,15:42:23.02,-52:23:08.7,2009-08-27,01:20:49.804,2455070.55613,30.0,1.35,V,H,1250.0,1880.0,1990.0,other/LOG_temp_archive_2_2.csv,miniarchive,temp_archive_2_2,Disk,YALE-03A-0001,,4U1538-52,True,optical
rccd090826.0022.fits,4U 1538-52,15:42:23.16,-52:23:09.9,2009-08-27,01:15:47.421,2455070.55263,60.0,1.33,B,K,1250.0,1880.0,1990.0,other/LOG_temp_archive_2_2.csv,miniarchive,temp_archive_2_2,Disk,YALE-03A-0001,,4U1538-52,True,optical
rccd090829.0008.fits,4U 1538-52,15:42:21.12,-52:22:50.6,2009-08-29,23:55:28.275,2455073.49685,30.0,1.18,V,H,1250.0,1880.0,1990.0,other/LOG_temp_archive_2_2.csv,miniarchive,temp_archive_2_2,Disk,YALE-03A-0001,,4U1538-52,True,optical
rccd090829.0007.fits,4U 1538-52,15:42:21.14,-52:22:50.6,2009-08-29,23:53:09.897,2455073.49525,15.0,1.17,I,J,1250.0,1880.0,1990.0,other/LOG_temp_archive_2_2.csv,miniarchive,temp_archive_2_2,Disk,YALE-03A-0001,,4U1538-52,True,optical
rccd090828.0029.fits,4U 1538-52,15:42:18.57,-52:22:52.6,2009-08-29,01:36:29.467,2455072.56701,30.0,1.43,V,H,1250.0,1880.0,1990.0,other/LOG_temp_archive_2_2.csv,miniarchive,temp_archive_2_2,Disk,YALE-03A-0001,,4U1538-52,True,optical
rccd090825.0012.fits,4U 1538-52,15:42:23.18,-52:23:08.8,2009-08-26,00:48:20.456,2455069.53357,15.0,1.25,I,J,1250.0,1880.0,1990.0,other/LOG_temp_archive_2_2.csv,miniarchive,temp_archive_2_2,Disk,YALE-03A-0001,,4U1538-52,True,optical
rccd090825.0013.fits,4U 1538-52,15:42:23.15,-52:23:07.7,2009-08-26,00:50:38.985,2455069.53517,30.0,1.25,V,H,1250.0,1880.0,1990.0,other/LOG_temp_archive_2_2.csv,miniarchive,temp_archive_2_2,Disk,YALE-03A-0001,,4U1538-52,True,optical
rccd090825.0011.fits,4U 1538-52,15:42:23.14,-52:23:09.5,2009-08-26,00:45:37.254,2455069.53168,60.0,1.24,B,K,1250.0,1880.0,1990.0,other/LOG_temp_archive_2_2.csv,miniarchive,temp_archive_2_2,Disk,YALE-03A-0001,,4U1538-52,True,optical
rccd090826.0023.fits,4U 1538-52,15:42:23.08,-52:23:08.7,2009-08-27,01:18:30.950,2455070.55453,15.0,1.34,I,J,1250.0,1880.0,1990.0,other/LOG_temp_archive_2_2.csv,miniarchive,temp_archive_2_2,Disk,YALE-03A-0001,,4U1538-52,True,optical
rccd090829.0006.fits,4U 1538-52,15:42:21.15,-52:22:50.7,2009-08-29,23:50:26.472,2455073.49336,60.0,1.17,B,K,1250.0,1880.0,1990.0,other/LOG_temp_archive_2_2.csv,miniarchive,temp_archive_2_2,Disk,YALE-03A-0001,,4U1538-52,True,optical
rccd090801.0055.fits,4U 1538-52,15:42:20.92,-52:22:46.1,2009-08-02,02:24:29.084,2455045.60033,30.0,1.25,V,H,1250.0,1880.0,1990.0,other/LOG_temp_archive_2_2.csv,miniarchive,temp_archive_2_2,Disk,YALE-03A-0001,,4U1538-52,True,optical
rccd090801.0053.fits,4U 1538-52,15:42:21.00,-52:22:47.5,2009-08-02,02:19:25.239,2455045.59682,60.0,1.24,B,K,1250.0,1880.0,1990.0,other/LOG_temp_archive_2_2.csv,miniarchive,temp_archive_2_2,Disk,YALE-03A-0001,,4U1538-52,True,optical
rccd090801.0054.fits,4U 1538-52,15:42:20.98,-52:22:47.0,2009-08-02,02:22:09.643,2455045.59872,15.0,1.25,I,J,1250.0,1880.0,1990.0,other/LOG_temp_archive_2_2.csv,miniarchive,temp_archive_2_2,Disk,YALE-03A-0001,,4U1538-52,True,optical
rccd090802.0032.fits,4U 1538-52,15:42:20.55,-52:22:46.2,2009-08-03,01:36:13.090,2455046.56682,60.0,1.17,B,K,1250.0,1880.0,1990.0,other/LOG_temp_archive_2_2.csv,miniarchive,temp_archive_2_2,Disk,YALE-03A-0001,,4U1538-52,True,optical
rccd090729.0021.fits,4U 1538-52,15:42:23.21,-52:23:09.9,2009-07-30,01:32:01.748,2455042.56391,60.0,1.14,B,K,1250.0,1880.0,1990.0,other/LOG_temp_archive_2_2.csv,miniarchive,temp_archive_2_2,Disk,YALE-03A-0001,,4U1538-52,True,optical
rccd090728.0039.fits,4U 1538-52,15:42:23.12,-52:23:09.1,2009-07-29,03:05:10.352,2455041.62859,15.0,1.32,I,J,1250.0,1880.0,1990.0,other/LOG_temp_archive_2_2.csv,miniarchive,temp_archive_2_2,Disk,YALE-03A-0001,,4U1538-52,True,optical
rccd090728.0038.fits,4U 1538-52,15:42:23.13,-52:23:09.8,2009-07-29,03:02:26.519,2455041.6267,60.0,1.31,B,K,1250.0,1880.0,1990.0,other/LOG_temp_archive_2_2.csv,miniarchive,temp_archive_2_2,Disk,YALE-03A-0001,,4U1538-52,True,optical
rccd090728.0040.fits,4U 1538-52,15:42:23.08,-52:23:08.9,2009-07-29,03:07:29.273,2455041.6302,30.0,1.32,V,H,1250.0,1880.0,1990.0,other/LOG_temp_archive_2_2.csv,miniarchive,temp_archive_2_2,Disk,YALE-03A-0001,,4U1538-52,True,optical
rccd090729.0022.fits,4U 1538-52,15:42:23.15,-52:23:09.2,2009-07-30,01:34:45.616,2455042.56581,15.0,1.14,I,J,1250.0,1880.0,1990.0,other/LOG_temp_archive_2_2.csv,miniarchive,temp_archive_2_2,Disk,YALE-03A-0001,,4U1538-52,True,optical
rccd090729.0023.fits,4U 1538-52,15:42:23.18,-52:23:08.7,2009-07-30,01:37:04.299,2455042.56741,30.0,1.15,V,H,1250.0,1880.0,1990.0,other/LOG_temp_archive_2_2.csv,miniarchive,temp_archive_2_2,Disk,YALE-03A-0001,,4U1538-52,True,optical
rccd090802.0034.fits,4U 1538-52,15:42:20.52,-52:22:46.6,2009-08-03,01:41:14.931,2455046.57031,30.0,1.17,V,H,1250.0,1880.0,1990.0,other/LOG_temp_archive_2_2.csv,miniarchive,temp_archive_2_2,Disk,YALE-03A-0001,,4U1538-52,True,optical
rccd090809.0033.fits,4U 1538-52,15:42:23.24,-52:23:09.9,2009-08-10,01:35:14.657,2455053.56614,60.0,1.21,B,K,1250.0,1880.0,1990.0,other/LOG_temp_archive_2_2.csv,miniarchive,temp_archive_2_2,Disk,YALE-03A-0001,,4U1538-52,True,optical
rccd090809.0034.fits,4U 1538-52,15:42:23.17,-52:23:09.4,2009-08-10,01:37:58.458,2455053.56804,15.0,1.22,I,J,1250.0,1880.0,1990.0,other/LOG_temp_archive_2_2.csv,miniarchive,temp_archive_2_2,Disk,YALE-03A-0001,,4U1538-52,True,optical
rccd090809.0035.fits,4U 1538-52,15:42:23.20,-52:23:09.1,2009-08-10,01:40:16.809,2455053.56964,30.0,1.22,V,H,1250.0,1880.0,1990.0,other/LOG_temp_archive_2_2.csv,miniarchive,temp_archive_2_2,Disk,YALE-03A-0001,,4U1538-52,True,optical
rccd090804.0035.fits,4U 1538-52,15:42:20.57,-52:22:41.5,2009-08-05,01:35:20.263,2455048.56621,30.0,1.18,V,H,1250.0,1880.0,1990.0,other/LOG_temp_archive_2_2.csv,miniarchive,temp_archive_2_2,Disk,YALE-03A-0001,,4U1538-52,True,optical
rccd090802.0033.fits,4U 1538-52,15:42:20.53,-52:22:46.9,2009-08-03,01:38:56.458,2455046.56871,15.0,1.17,I,J,1250.0,1880.0,1990.0,other/LOG_temp_archive_2_2.csv,miniarchive,temp_archive_2_2,Disk,YALE-03A-0001,,4U1538-52,True,optical
rccd090804.0033.fits,4U 1538-52,15:42:20.68,-52:22:42.2,2009-08-05,01:30:17.331,2455048.5627,60.0,1.17,B,K,1250.0,1880.0,1990.0,other/LOG_temp_archive_2_2.csv,miniarchive,temp_archive_2_2,Disk,YALE-03A-0001,,4U1538-52,True,optical
rccd090804.0034.fits,4U 1538-52,15:42:20.60,-52:22:41.3,2009-08-05,01:33:01.340,2455048.5646,15.0,1.17,I,J,1250.0,1880.0,1990.0,other/LOG_temp_archive_2_2.csv,miniarchive,temp_archive_2_2,Disk,YALE-03A-0001,,4U1538-52,True,optical
rccd090828.0028.fits,4U 1538-52,15:42:18.61,-52:22:52.8,2009-08-29,01:34:10.888,2455072.5654,15.0,1.42,I,J,1250.0,1880.0,1990.0,other/LOG_temp_archive_2_2.csv,miniarchive,temp_archive_2_2,Disk,YALE-03A-0001,,4U1538-52,True,optical
rccd090917.0010.fits,4U 1538-52,15:42:23.06,-52:23:10.6,2009-09-18,00:04:00.819,2455092.50279,30.0,1.38,V,H,1250.0,1880.0,1990.0,other/LOG_temp_archive_2_2.csv,miniarchive,temp_archive_2_2,Disk,YALE-03A-0001,,4U1538-52,True,optical
rccd090917.0009.fits,4U 1538-52,15:42:23.05,-52:23:10.1,2009-09-18,00:01:41.299,2455092.50117,15.0,1.37,I,J,1250.0,1880.0,1990.0,other/LOG_temp_archive_2_2.csv,miniarchive,temp_archive_2_2,Disk,YALE-03A-0001,,4U1538-52,True,optical
rccd090916.0013.fits,4U 1538-52,15:42:19.66,-52:22:59.1,2009-09-17,00:33:46.394,2455091.52347,60.0,1.48,B,K,1250.0,1880.0,1990.0,other/LOG_temp_archive_2_2.csv,miniarchive,temp_archive_2_2,Disk,YALE-03A-0001,,4U1538-52,True,optical
rccd090917.0008.fits,4U 1538-52,15:42:23.21,-52:23:09.4,2009-09-17,23:58:56.620,2455092.49927,60.0,1.36,B,K,1250.0,1880.0,1990.0,other/LOG_temp_archive_2_2.csv,miniarchive,temp_archive_2_2,Disk,YALE-03A-0001,,4U1538-52,True,optical
rccd090916.0014.fits,4U 1538-52,15:42:19.56,-52:22:59.1,2009-09-17,00:36:30.388,2455091.52537,15.0,1.49,I,J,1250.0,1880.0,1990.0,other/LOG_temp_archive_2_2.csv,miniarchive,temp_archive_2_2,Disk,YALE-03A-0001,,4U1538-52,True,optical
rccd090916.0015.fits,4U 1538-52,15:42:19.55,-52:22:59.2,2009-09-17,00:38:48.916,2455091.52697,30.0,1.5,V,H,1250.0,1880.0,1990.0,other/LOG_temp_archive_2_2.csv,miniarchive,temp_archive_2_2,Disk,YALE-03A-0001,,4U1538-52,True,optical
rccd090901.0027.fits,4U 1538-52,15:42:20.49,-52:22:42.6,2009-09-02,00:55:33.478,2455076.53858,15.0,1.34,I,J,1250.0,1880.0,1990.0,other/LOG_temp_archive_2_2.csv,miniarchive,temp_archive_2_2,Disk,YALE-03A-0001,,4U1538-52,True,optical
rccd090901.0028.fits,4U 1538-52,15:42:20.45,-52:22:43.2,2009-09-02,00:57:52.051,2455076.54019,30.0,1.35,V,H,1250.0,1880.0,1990.0,other/LOG_temp_archive_2_2.csv,miniarchive,temp_archive_2_2,Disk,YALE-03A-0001,,4U1538-52,True,optical
rccd090901.0026.fits,4U 1538-52,15:42:20.62,-52:22:43.0,2009-09-02,00:52:49.613,2455076.53669,60.0,1.33,B,K,1250.0,1880.0,1990.0,other/LOG_temp_archive_2_2.csv,miniarchive,temp_archive_2_2,Disk,YALE-03A-0001,,4U1538-52,True,optical
rccd090903.0015.fits,4U 1538-52,15:42:23.20,-52:23:09.6,2009-09-04,00:10:36.695,2455078.50737,60.0,1.24,B,K,1250.0,1880.0,1990.0,other/LOG_temp_archive_2_2.csv,miniarchive,temp_archive_2_2,Disk,YALE-03A-0001,,4U1538-52,True,optical
rccd090903.0017.fits,4U 1538-52,15:42:23.11,-52:23:07.7,2009-09-04,00:15:38.531,2455078.51087,30.0,1.25,V,H,1250.0,1880.0,1990.0,other/LOG_temp_archive_2_2.csv,miniarchive,temp_archive_2_2,Disk,YALE-03A-0001,,4U1538-52,True,optical
rccd090903.0016.fits,4U 1538-52,15:42:23.15,-52:23:08.6,2009-09-04,00:13:20.025,2455078.50926,15.0,1.25,I,J,1250.0,1880.0,1990.0,other/LOG_temp_archive_2_2.csv,miniarchive,temp_archive_2_2,Disk,YALE-03A-0001,,4U1538-52,True,optical
rccd090830.0014.fits,4U 1538-52,15:42:19.65,-52:22:42.9,2009-08-31,01:23:48.191,2455074.55819,60.0,1.41,B,K,1250.0,1880.0,1990.0,other/LOG_temp_archive_2_2.csv,miniarchive,temp_archive_2_2,Disk,YALE-03A-0001,,4U1538-52,True,optical
rccd090828.0027.fits,4U 1538-52,15:42:18.62,-52:22:53.6,2009-08-29,01:31:27.188,2455072.56351,60.0,1.41,B,K,1250.0,1880.0,1990.0,other/LOG_temp_archive_2_2.csv,miniarchive,temp_archive_2_2,Disk,YALE-03A-0001,,4U1538-52,True,optical
rccd090830.0015.fits,4U 1538-52,15:42:19.69,-52:22:43.1,2009-08-31,01:26:31.526,2455074.56008,15.0,1.42,I,J,1250.0,1880.0,1990.0,other/LOG_temp_archive_2_2.csv,miniarchive,temp_archive_2_2,Disk,YALE-03A-0001,,4U1538-52,True,optical
rccd090830.0016.fits,4U 1538-52,15:42:19.70,-52:22:43.2,2009-08-31,01:28:50.320,2455074.56169,30.0,1.43,V,H,1250.0,1880.0,1990.0,other/LOG_temp_archive_2_2.csv,miniarchive,temp_archive_2_2,Disk,YALE-03A-0001,,4U1538-52,True,optical
rccd090831.0019.fits,4U 1538-52,15:42:21.11,-52:22:40.1,2009-09-01,00:18:10.244,2455075.51262,30.0,1.23,V,H,1250.0,1880.0,1990.0,other/LOG_temp_archive_2_2.csv,miniarchive,temp_archive_2_2,Disk,YALE-03A-0001,,4U1538-52,True,optical
rccd090831.0018.fits,4U 1538-52,15:42:21.11,-52:22:40.2,2009-09-01,00:15:50.976,2455075.511,15.0,1.23,I,J,1250.0,1880.0,1990.0,other/LOG_temp_archive_2_2.csv,miniarchive,temp_archive_2_2,Disk,YALE-03A-0001,,4U1538-52,True,optical
rccd090831.0017.fits,4U 1538-52,15:42:21.04,-52:22:40.8,2009-09-01,00:13:06.944,2455075.50911,60.0,1.22,B,K,1250.0,1880.0,1990.0,other/LOG_temp_archive_2_2.csv,miniarchive,temp_archive_2_2,Disk,YALE-03A-0001,,4U1538-52,True,optical
rccd090909.0015.fits,4U 1538-52,15:42:23.14,-52:23:10.7,2009-09-10,00:15:07.173,2455084.5105,15.0,1.31,I,J,1250.0,1880.0,1990.0,other/LOG_temp_archive_2_2.csv,miniarchive,temp_archive_2_2,Disk,YALE-03A-0001,,4U1538-52,True,optical
rccd090910.0004.fits,4U 1538-52,15:42:20.91,-52:22:45.2,2009-09-10,23:54:35.149,2455085.49624,30.0,1.27,V,H,1250.0,1880.0,1990.0,other/LOG_temp_archive_2_2.csv,miniarchive,temp_archive_2_2,Disk,YALE-03A-0001,,4U1538-52,True,optical
rccd090909.0016.fits,4U 1538-52,15:42:23.09,-52:23:11.1,2009-09-10,00:17:26.321,2455084.51211,30.0,1.32,V,H,1250.0,1880.0,1990.0,other/LOG_temp_archive_2_2.csv,miniarchive,temp_archive_2_2,Disk,YALE-03A-0001,,4U1538-52,True,optical
rccd090910.0003.fits,4U 1538-52,15:42:20.87,-52:22:45.5,2009-09-10,23:52:15.874,2455085.49463,15.0,1.26,I,J,1250.0,1880.0,1990.0,other/LOG_temp_archive_2_2.csv,miniarchive,temp_archive_2_2,Disk,YALE-03A-0001,,4U1538-52,True,optical
rccd090909.0014.fits,4U 1538-52,15:42:23.17,-52:23:09.9,2009-09-10,00:12:23.116,2455084.5086,60.0,1.31,B,K,1250.0,1880.0,1990.0,other/LOG_temp_archive_2_2.csv,miniarchive,temp_archive_2_2,Disk,YALE-03A-0001,,4U1538-52,True,optical
rccd090913.0009.fits,4U 1538-52,15:42:20.37,-52:22:44.8,2009-09-13,23:44:20.617,2455088.48916,15.0,1.27,I,J,1250.0,1880.0,1990.0,other/LOG_temp_archive_2_2.csv,miniarchive,temp_archive_2_2,Disk,YALE-03A-0001,,4U1538-52,True,optical
rccd090913.0010.fits,4U 1538-52,15:42:20.42,-52:22:44.7,2009-09-13,23:46:38.965,2455088.49076,30.0,1.28,V,H,1250.0,1880.0,1990.0,other/LOG_temp_archive_2_2.csv,miniarchive,temp_archive_2_2,Disk,YALE-03A-0001,,4U1538-52,True,optical
rccd090913.0008.fits,4U 1538-52,15:42:20.43,-52:22:45.7,2009-09-13,23:41:36.726,2455088.48726,60.0,1.27,B,K,1250.0,1880.0,1990.0,other/LOG_temp_archive_2_2.csv,miniarchive,temp_archive_2_2,Disk,YALE-03A-0001,,4U1538-52,True,optical
rccd090910.0002.fits,4U 1538-52,15:42:20.89,-52:22:45.8,2009-09-10,23:49:31.569,2455085.49272,60.0,1.26,B,K,1250.0,1880.0,1990.0,other/LOG_temp_archive_2_2.csv,miniarchive,temp_archive_2_2,Disk,YALE-03A-0001,,4U1538-52,True,optical
rccd090907.0011.fits,4U 1538-52,15:42:23.07,-52:23:10.4,2009-09-08,01:29:57.786,2455082.56248,15.0,1.57,I,J,1250.0,1880.0,1990.0,other/LOG_temp_archive_2_2.csv,miniarchive,temp_archive_2_2,Disk,YALE-03A-0001,,4U1538-52,True,optical
rccd090907.0012.fits,4U 1538-52,15:42:23.04,-52:23:10.7,2009-09-08,01:32:17.163,2455082.56409,30.0,1.59,V,H,1250.0,1880.0,1990.0,other/LOG_temp_archive_2_2.csv,miniarchive,temp_archive_2_2,Disk,YALE-03A-0001,,4U1538-52,True,optical
rccd090907.0010.fits,4U 1538-52,15:42:23.10,-52:23:09.4,2009-09-08,01:27:13.102,2455082.56057,60.0,1.56,B,K,1250.0,1880.0,1990.0,other/LOG_temp_archive_2_2.csv,miniarchive,temp_archive_2_2,Disk,YALE-03A-0001,,4U1538-52,True,optical
rccd070701.0045.fits,4u 1538-52,15:42:23.24,-52:23:09.4,2007-07-02,03:58:37.116,2454283.6657,180.0,1.19,I,J,1210.0,1868.0,2020.0,other/LOG_temp_archive_2_2.csv,miniarchive,temp_archive_2_2,Disk,YALE-03A-0001,,4U1538-52,True,optical
rccd070701.0046.fits,4u 1538-52,15:42:23.17,-52:22:58.8,2007-07-02,04:03:15.384,2454283.66893,180.0,1.2,V,J,1210.0,1868.0,2020.0,other/LOG_temp_archive_2_2.csv,miniarchive,temp_archive_2_2,Disk,YALE-03A-0001,,4U1538-52,True,optical
binir090825.0052.fits,4U 1538-52,15:42:23.13,-52:23:08.0,2009-08-26,00:50:01.434,2455069.53474,10.0,1.25,I,J,1250.0,1840.0,2030.0,other/LOG_temp_archive_9_2.csv,miniarchive,temp_archive_9_2,Disk,YALE-03A-0001,,4U1538-52,True,IR
binir090831.0064.fits,4U 1538-52,15:42:21.10,-52:22:39.9,2009-09-01,00:19:51.252,2455075.51379,10.0,1.24,V,H,1250.0,1840.0,2030.0,other/LOG_temp_archive_9_2.csv,miniarchive,temp_archive_9_2,Disk,YALE-03A-0001,,4U1538-52,True,IR
binir090828.0095.fits,4U 1538-52,15:42:18.58,-52:22:52.6,2009-08-29,01:35:25.887,2455072.56627,10.05,1.43,I,J,1290.0,1840.0,1990.0,other/LOG_temp_archive_9_2.csv,miniarchive,temp_archive_9_2,Disk,YALE-03A-0001,,4U1538-52,True,IR
binir090831.0057.fits,4U 1538-52,15:42:21.12,-52:22:40.3,2009-09-01,00:16:40.118,2455075.51157,10.0,1.23,I,J,1210.0,1880.0,2030.0,other/LOG_temp_archive_9_2.csv,miniarchive,temp_archive_9_2,Disk,YALE-03A-0001,,4U1538-52,True,IR
binir090830.0033.fits,4U 1538-52,15:42:19.68,-52:22:42.6,2009-08-31,01:24:15.846,2455074.55851,15.05,1.41,B,K,1250.0,1920.0,1950.0,other/LOG_temp_archive_9_2.csv,miniarchive,temp_archive_9_2,Disk,YALE-03A-0001,,4U1538-52,True,IR
binir090830.0043.fits,4U 1538-52,15:42:19.73,-52:22:43.5,2009-08-31,01:29:13.036,2455074.56195,10.0,1.43,V,H,1250.0,1920.0,1950.0,other/LOG_temp_archive_9_2.csv,miniarchive,temp_archive_9_2,Disk,YALE-03A-0001,,4U1538-52,True,IR
binir090830.0041.fits,4U 1538-52,15:42:19.72,-52:22:42.8,2009-08-31,01:28:12.395,2455074.56125,10.0,1.43,I,J,1250.0,1840.0,2030.0,other/LOG_temp_archive_9_2.csv,miniarchive,temp_archive_9_2,Disk,YALE-03A-0001,,4U1538-52,True,IR
binir090828.0093.fits,4U 1538-52,15:42:18.59,-52:22:52.8,2009-08-29,01:34:33.661,2455072.56566,10.0,1.42,I,J,1250.0,1920.0,1950.0,other/LOG_temp_archive_9_2.csv,miniarchive,temp_archive_9_2,Disk,YALE-03A-0001,,4U1538-52,True,IR
binir090828.0092.fits,4U 1538-52,15:42:18.61,-52:22:52.8,2009-08-29,01:34:07.766,2455072.56537,10.0,1.42,I,J,1250.0,1880.0,1990.0,other/LOG_temp_archive_9_2.csv,miniarchive,temp_archive_9_2,Disk,YALE-03A-0001,,4U1538-52,True,IR
binir090828.0091.fits,4U 1538-52,15:42:18.56,-52:22:52.9,2009-08-29,01:33:28.063,2455072.56491,15.0,1.42,B,K,1250.0,1840.0,2030.0,other/LOG_temp_archive_9_2.csv,miniarchive,temp_archive_9_2,Disk,YALE-03A-0001,,4U1538-52,True,IR
binir090828.0090.fits,4U 1538-52,15:42:18.59,-52:22:52.8,2009-08-29,01:32:57.199,2455072.56455,15.0,1.42,B,K,1290.0,1840.0,1990.0,other/LOG_temp_archive_9_2.csv,miniarchive,temp_archive_9_2,Disk,YALE-03A-0001,,4U1538-52,True,IR
binir090828.0089.fits,4U 1538-52,15:42:18.59,-52:22:53.2,2009-08-29,01:32:26.130,2455072.56419,15.0,1.41,B,K,1210.0,1880.0,2030.0,other/LOG_temp_archive_9_2.csv,miniarchive,temp_archive_9_2,Disk,YALE-03A-0001,,4U1538-52,True,IR
binir090829.0033.fits,4U 1538-52,15:42:21.07,-52:22:50.4,2009-08-29,23:54:50.975,2455073.49642,10.0,1.17,I,J,1250.0,1840.0,2030.0,other/LOG_temp_archive_9_2.csv,miniarchive,temp_archive_9_2,Disk,YALE-03A-0001,,4U1538-52,True,IR
binir090829.0034.fits,4U 1538-52,15:42:21.05,-52:22:50.5,2009-08-29,23:55:25.164,2455073.49682,10.0,1.18,V,H,1250.0,1880.0,1990.0,other/LOG_temp_archive_9_2.csv,miniarchive,temp_archive_9_2,Disk,YALE-03A-0001,,4U1538-52,True,IR
binir090830.0045.fits,4U 1538-52,15:42:19.71,-52:22:43.4,2009-08-31,01:30:04.883,2455074.56255,10.0,1.43,V,H,1290.0,1840.0,1990.0,other/LOG_temp_archive_9_2.csv,miniarchive,temp_archive_9_2,Disk,YALE-03A-0001,,4U1538-52,True,IR
binir090830.0046.fits,4U 1538-52,15:42:19.71,-52:22:43.6,2009-08-31,01:30:30.715,2455074.56285,10.05,1.44,V,H,1250.0,1840.0,2030.0,other/LOG_temp_archive_9_2.csv,miniarchive,temp_archive_9_2,Disk,YALE-03A-0001,,4U1538-52,True,IR
binir090830.0044.fits,4U 1538-52,15:42:19.70,-52:22:43.4,2009-08-31,01:29:39.121,2455074.56226,10.0,1.43,V,H,1210.0,1880.0,2030.0,other/LOG_temp_archive_9_2.csv,miniarchive,temp_archive_9_2,Disk,YALE-03A-0001,,4U1538-52,True,IR
binir090830.0032.fits,4U 1538-52,15:42:19.63,-52:22:42.8,2009-08-31,01:23:44.960,2455074.55816,15.0,1.41,B,K,1250.0,1880.0,1990.0,other/LOG_temp_archive_9_2.csv,miniarchive,temp_archive_9_2,Disk,YALE-03A-0001,,4U1538-52,True,IR
binir090830.0040.fits,4U 1538-52,15:42:19.69,-52:22:42.9,2009-08-31,01:27:46.576,2455074.56095,10.0,1.43,I,J,1290.0,1840.0,1990.0,other/LOG_temp_archive_9_2.csv,miniarchive,temp_archive_9_2,Disk,YALE-03A-0001,,4U1538-52,True,IR
binir090830.0034.fits,4U 1538-52,15:42:19.67,-52:22:42.6,2009-08-31,01:24:46.926,2455074.55887,15.0,1.41,B,K,1210.0,1880.0,2030.0,other/LOG_temp_archive_9_2.csv,miniarchive,temp_archive_9_2,Disk,YALE-03A-0001,,4U1538-52,True,IR
binir090830.0035.fits,4U 1538-52,15:42:19.64,-52:22:42.9,2009-08-31,01:25:18.010,2455074.55923,15.0,1.42,B,K,1290.0,1840.0,1990.0,other/LOG_temp_archive_9_2.csv,miniarchive,temp_archive_9_2,Disk,YALE-03A-0001,,4U1538-52,True,IR
binir090830.0036.fits,4U 1538-52,15:42:19.64,-52:22:43.0,2009-08-31,01:25:48.886,2455074.55959,15.05,1.42,B,K,1250.0,1840.0,2030.0,other/LOG_temp_archive_9_2.csv,miniarchive,temp_archive_9_2,Disk,YALE-03A-0001,,4U1538-52,True,IR
binir090830.0037.fits,4U 1538-52,15:42:19.69,-52:22:43.0,2009-08-31,01:26:28.445,2455074.56005,10.05,1.42,I,J,1250.0,1880.0,1990.0,other/LOG_temp_archive_9_2.csv,miniarchive,temp_archive_9_2,Disk,YALE-03A-0001,,4U1538-52,True,IR
binir090830.0038.fits,4U 1538-52,15:42:19.67,-52:22:43.1,2009-08-31,01:26:54.300,2455074.56035,10.05,1.42,I,J,1250.0,1920.0,1950.0,other/LOG_temp_archive_9_2.csv,miniarchive,temp_archive_9_2,Disk,YALE-03A-0001,,4U1538-52,True,IR
binir090830.0039.fits,4U 1538-52,15:42:19.72,-52:22:43.0,2009-08-31,01:27:20.432,2455074.56065,10.05,1.42,I,J,1210.0,1880.0,2030.0,other/LOG_temp_archive_9_2.csv,miniarchive,temp_archive_9_2,Disk,YALE-03A-0001,,4U1538-52,True,IR
binir090830.0042.fits,4U 1538-52,15:42:19.70,-52:22:43.0,2009-08-31,01:28:47.200,2455074.56165,10.0,1.43,V,H,1250.0,1880.0,1990.0,other/LOG_temp_archive_9_2.csv,miniarchive,temp_archive_9_2,Disk,YALE-03A-0001,,4U1538-52,True,IR
binir090831.0058.fits,4U 1538-52,15:42:21.09,-52:22:40.2,2009-09-01,00:17:06.286,2455075.51188,10.0,1.23,I,J,1290.0,1840.0,1990.0,other/LOG_temp_archive_9_2.csv,miniarchive,temp_archive_9_2,Disk,YALE-03A-0001,,4U1538-52,True,IR
binir090901.0090.fits,4U 1538-52,15:42:20.46,-52:22:43.3,2009-09-02,00:57:48.974,2455076.54015,10.0,1.35,V,H,1250.0,1880.0,1990.0,other/LOG_temp_archive_9_2.csv,miniarchive,temp_archive_9_2,Disk,YALE-03A-0001,,4U1538-52,True,IR
binir090901.0092.fits,4U 1538-52,15:42:20.43,-52:22:42.8,2009-09-02,00:58:40.988,2455076.54075,10.05,1.35,V,H,1210.0,1880.0,2030.0,other/LOG_temp_archive_9_2.csv,miniarchive,temp_archive_9_2,Disk,YALE-03A-0001,,4U1538-52,True,IR
binir090901.0093.fits,4U 1538-52,15:42:20.44,-52:22:43.0,2009-09-02,00:59:06.692,2455076.54105,10.0,1.35,V,H,1290.0,1840.0,1990.0,other/LOG_temp_archive_9_2.csv,miniarchive,temp_archive_9_2,Disk,YALE-03A-0001,,4U1538-52,True,IR
binir090901.0094.fits,4U 1538-52,15:42:20.39,-52:22:43.0,2009-09-02,00:59:32.529,2455076.54135,10.0,1.35,V,H,1250.0,1840.0,2030.0,other/LOG_temp_archive_9_2.csv,miniarchive,temp_archive_9_2,Disk,YALE-03A-0001,,4U1538-52,True,IR
binir090901.0083.fits,4U 1538-52,15:42:20.59,-52:22:42.0,2009-09-02,00:54:19.887,2455076.53773,15.05,1.34,B,K,1290.0,1840.0,1990.0,other/LOG_temp_archive_9_2.csv,miniarchive,temp_archive_9_2,Disk,YALE-03A-0001,,4U1538-52,True,IR
binir090901.0085.fits,4U 1538-52,15:42:20.49,-52:22:42.6,2009-09-02,00:55:30.362,2455076.53854,10.05,1.34,I,J,1250.0,1880.0,1990.0,other/LOG_temp_archive_9_2.csv,miniarchive,temp_archive_9_2,Disk,YALE-03A-0001,,4U1538-52,True,IR
binir090901.0086.fits,4U 1538-52,15:42:20.51,-52:22:42.6,2009-09-02,00:55:56.354,2455076.53885,10.05,1.34,I,J,1250.0,1920.0,1950.0,other/LOG_temp_archive_9_2.csv,miniarchive,temp_archive_9_2,Disk,YALE-03A-0001,,4U1538-52,True,IR
binir090901.0084.fits,4U 1538-52,15:42:20.56,-52:22:42.5,2009-09-02,00:54:50.852,2455076.53809,15.04,1.34,B,K,1250.0,1840.0,2030.0,other/LOG_temp_archive_9_2.csv,miniarchive,temp_archive_9_2,Disk,YALE-03A-0001,,4U1538-52,True,IR
binir090901.0080.fits,4U 1538-52,15:42:20.60,-52:22:43.1,2009-09-02,00:52:46.662,2455076.53665,15.05,1.33,B,K,1250.0,1880.0,1990.0,other/LOG_temp_archive_9_2.csv,miniarchive,temp_archive_9_2,Disk,YALE-03A-0001,,4U1538-52,True,IR
binir090901.0081.fits,4U 1538-52,15:42:20.60,-52:22:42.6,2009-09-02,00:53:17.568,2455076.53701,15.05,1.33,B,K,1250.0,1920.0,1950.0,other/LOG_temp_archive_9_2.csv,miniarchive,temp_archive_9_2,Disk,YALE-03A-0001,,4U1538-52,True,IR
binir090903.0049.fits,4U 1538-52,15:42:23.17,-52:23:09.0,2009-09-04,00:12:37.440,2455078.50877,15.0,1.25,B,K,1250.0,1840.0,2030.0,other/LOG_temp_archive_9_2.csv,miniarchive,temp_archive_9_2,Disk,YALE-03A-0001,,4U1538-52,True,IR
binir090903.0047.fits,4U 1538-52,15:42:23.19,-52:23:09.4,2009-09-04,00:11:35.456,2455078.50805,15.0,1.24,B,K,1210.0,1880.0,2030.0,other/LOG_temp_archive_9_2.csv,miniarchive,temp_archive_9_2,Disk,YALE-03A-0001,,4U1538-52,True,IR
binir090903.0046.fits,4U 1538-52,15:42:23.17,-52:23:09.7,2009-09-04,00:11:04.394,2455078.50769,15.05,1.24,B,K,1250.0,1920.0,1950.0,other/LOG_temp_archive_9_2.csv,miniarchive,temp_archive_9_2,Disk,YALE-03A-0001,,4U1538-52,True,IR
binir090903.0045.fits,4U 1538-52,15:42:23.19,-52:23:09.8,2009-09-04,00:10:33.607,2455078.50733,15.0,1.24,B,K,1250.0,1880.0,1990.0,other/LOG_temp_archive_9_2.csv,miniarchive,temp_archive_9_2,Disk,YALE-03A-0001,,4U1538-52,True,IR
binir090903.0052.fits,4U 1538-52,15:42:23.08,-52:23:08.4,2009-09-04,00:14:08.895,2455078.50983,10.0,1.25,I,J,1210.0,1880.0,2030.0,other/LOG_temp_archive_9_2.csv,miniarchive,temp_archive_9_2,Disk,YALE-03A-0001,,4U1538-52,True,IR
binir090903.0051.fits,4U 1538-52,15:42:23.10,-52:23:08.3,2009-09-04,00:13:42.745,2455078.50952,10.05,1.25,I,J,1250.0,1920.0,1950.0,other/LOG_temp_archive_9_2.csv,miniarchive,temp_archive_9_2,Disk,YALE-03A-0001,,4U1538-52,True,IR
binir090903.0059.fits,4U 1538-52,15:42:23.10,-52:23:07.2,2009-09-04,00:17:19.017,2455078.51203,10.0,1.26,V,H,1250.0,1840.0,2030.0,other/LOG_temp_archive_9_2.csv,miniarchive,temp_archive_9_2,Disk,YALE-03A-0001,,4U1538-52,True,IR
binir090903.0058.fits,4U 1538-52,15:42:23.05,-52:23:07.5,2009-09-04,00:16:53.179,2455078.51173,10.0,1.26,V,H,1290.0,1840.0,1990.0,other/LOG_temp_archive_9_2.csv,miniarchive,temp_archive_9_2,Disk,YALE-03A-0001,,4U1538-52,True,IR
binir090903.0057.fits,4U 1538-52,15:42:23.09,-52:23:07.3,2009-09-04,00:16:27.469,2455078.51143,10.0,1.26,V,H,1210.0,1880.0,2030.0,other/LOG_temp_archive_9_2.csv,miniarchive,temp_archive_9_2,Disk,YALE-03A-0001,,4U1538-52,True,IR
binir090903.0056.fits,4U 1538-52,15:42:23.12,-52:23:07.7,2009-09-04,00:16:01.344,2455078.51113,10.0,1.25,V,H,1250.0,1920.0,1950.0,other/LOG_temp_archive_9_2.csv,miniarchive,temp_archive_9_2,Disk,YALE-03A-0001,,4U1538-52,True,IR
binir090901.0091.fits,4U 1538-52,15:42:20.39,-52:22:43.1,2009-09-02,00:58:14.820,2455076.54045,10.0,1.35,V,H,1250.0,1920.0,1950.0,other/LOG_temp_archive_9_2.csv,miniarchive,temp_archive_9_2,Disk,YALE-03A-0001,,4U1538-52,True,IR
binir090901.0082.fits,4U 1538-52,15:42:20.52,-52:22:42.3,2009-09-02,00:53:48.709,2455076.53737,15.0,1.34,B,K,1210.0,1880.0,2030.0,other/LOG_temp_archive_9_2.csv,miniarchive,temp_archive_9_2,Disk,YALE-03A-0001,,4U1538-52,True,IR
binir090901.0089.fits,4U 1538-52,15:42:20.42,-52:22:43.0,2009-09-02,00:57:14.591,2455076.53975,10.0,1.35,I,J,1250.0,1840.0,2030.0,other/LOG_temp_archive_9_2.csv,miniarchive,temp_archive_9_2,Disk,YALE-03A-0001,,4U1538-52,True,IR
binir090831.0059.fits,4U 1538-52,15:42:21.04,-52:22:40.2,2009-09-01,00:17:32.366,2455075.51218,10.0,1.23,I,J,1250.0,1840.0,2030.0,other/LOG_temp_archive_9_2.csv,miniarchive,temp_archive_9_2,Disk,YALE-03A-0001,,4U1538-52,True,IR
binir090831.0060.fits,4U 1538-52,15:42:21.12,-52:22:40.1,2009-09-01,00:18:07.526,2455075.51259,10.0,1.23,V,H,1250.0,1880.0,1990.0,other/LOG_temp_archive_9_2.csv,miniarchive,temp_archive_9_2,Disk,YALE-03A-0001,,4U1538-52,True,IR
binir090831.0061.fits,4U 1538-52,15:42:21.07,-52:22:40.1,2009-09-01,00:18:33.444,2455075.51289,10.0,1.23,V,H,1250.0,1920.0,1950.0,other/LOG_temp_archive_9_2.csv,miniarchive,temp_archive_9_2,Disk,YALE-03A-0001,,4U1538-52,True,IR
binir090831.0056.fits,4U 1538-52,15:42:21.10,-52:22:40.6,2009-09-01,00:16:13.907,2455075.51127,10.0,1.23,I,J,1250.0,1920.0,1950.0,other/LOG_temp_archive_9_2.csv,miniarchive,temp_archive_9_2,Disk,YALE-03A-0001,,4U1538-52,True,IR
binir090831.0055.fits,4U 1538-52,15:42:21.07,-52:22:40.5,2009-09-01,00:15:47.997,2455075.51097,10.05,1.23,I,J,1250.0,1880.0,1990.0,other/LOG_temp_archive_9_2.csv,miniarchive,temp_archive_9_2,Disk,YALE-03A-0001,,4U1538-52,True,IR
binir090831.0054.fits,4U 1538-52,15:42:21.08,-52:22:40.7,2009-09-01,00:15:08.089,2455075.51051,15.05,1.23,B,K,1250.0,1840.0,2030.0,other/LOG_temp_archive_9_2.csv,miniarchive,temp_archive_9_2,Disk,YALE-03A-0001,,4U1538-52,True,IR
binir090831.0062.fits,4U 1538-52,15:42:21.14,-52:22:40.3,2009-09-01,00:18:59.588,2455075.51319,10.0,1.23,V,H,1210.0,1880.0,2030.0,other/LOG_temp_archive_9_2.csv,miniarchive,temp_archive_9_2,Disk,YALE-03A-0001,,4U1538-52,True,IR
binir090831.0063.fits,4U 1538-52,15:42:21.13,-52:22:39.8,2009-09-01,00:19:25.194,2455075.51348,10.05,1.24,V,H,1290.0,1840.0,1990.0,other/LOG_temp_archive_9_2.csv,miniarchive,temp_archive_9_2,Disk,YALE-03A-0001,,4U1538-52,True,IR
binir090831.0053.fits,4U 1538-52,15:42:21.08,-52:22:40.6,2009-09-01,00:14:37.214,2455075.51015,15.0,1.23,B,K,1290.0,1840.0,1990.0,other/LOG_temp_archive_9_2.csv,miniarchive,temp_archive_9_2,Disk,YALE-03A-0001,,4U1538-52,True,IR
binir090831.0050.fits,4U 1538-52,15:42:21.05,-52:22:41.0,2009-09-01,00:13:03.741,2455075.50907,15.05,1.22,B,K,1250.0,1880.0,1990.0,other/LOG_temp_archive_9_2.csv,miniarchive,temp_archive_9_2,Disk,YALE-03A-0001,,4U1538-52,True,IR
binir090831.0051.fits,4U 1538-52,15:42:21.07,-52:22:40.8,2009-09-01,00:13:34.743,2455075.50943,15.0,1.22,B,K,1250.0,1920.0,1950.0,other/LOG_temp_archive_9_2.csv,miniarchive,temp_archive_9_2,Disk,YALE-03A-0001,,4U1538-52,True,IR
binir090831.0052.fits,4U 1538-52,15:42:21.09,-52:22:40.4,2009-09-01,00:14:06.003,2455075.50979,15.0,1.22,B,K,1210.0,1880.0,2030.0,other/LOG_temp_archive_9_2.csv,miniarchive,temp_archive_9_2,Disk,YALE-03A-0001,,4U1538-52,True,IR
binir090901.0087.fits,4U 1538-52,15:42:20.51,-52:22:43.1,2009-09-02,00:56:22.516,2455076.53915,10.05,1.34,I,J,1210.0,1880.0,2030.0,other/LOG_temp_archive_9_2.csv,miniarchive,temp_archive_9_2,Disk,YALE-03A-0001,,4U1538-52,True,IR
binir090901.0088.fits,4U 1538-52,15:42:20.49,-52:22:43.1,2009-09-02,00:56:48.723,2455076.53945,10.0,1.35,I,J,1290.0,1840.0,1990.0,other/LOG_temp_archive_9_2.csv,miniarchive,temp_archive_9_2,Disk,YALE-03A-0001,,4U1538-52,True,IR
binir090828.0094.fits,4U 1538-52,15:42:18.61,-52:22:52.7,2009-08-29,01:34:59.760,2455072.56597,10.0,1.42,I,J,1210.0,1880.0,2030.0,other/LOG_temp_archive_9_2.csv,miniarchive,temp_archive_9_2,Disk,YALE-03A-0001,,4U1538-52,True,IR
binir090828.0088.fits,4U 1538-52,15:42:18.61,-52:22:53.4,2009-08-29,01:31:55.020,2455072.56383,15.05,1.41,B,K,1250.0,1920.0,1950.0,other/LOG_temp_archive_9_2.csv,miniarchive,temp_archive_9_2,Disk,YALE-03A-0001,,4U1538-52,True,IR
binir090826.0111.fits,4U 1538-52,15:42:22.95,-52:23:08.5,2009-08-27,01:22:04.455,2455070.557,10.05,1.35,V,H,1290.0,1840.0,1990.0,other/LOG_temp_archive_9_2.csv,miniarchive,temp_archive_9_2,Disk,YALE-03A-0001,,4U1538-52,True,IR
binir090826.0112.fits,4U 1538-52,15:42:22.97,-52:23:08.6,2009-08-27,01:22:30.364,2455070.5573,10.0,1.35,V,H,1250.0,1840.0,2030.0,other/LOG_temp_archive_9_2.csv,miniarchive,temp_archive_9_2,Disk,YALE-03A-0001,,4U1538-52,True,IR
binir090828.0087.fits,4U 1538-52,15:42:18.61,-52:22:53.4,2009-08-29,01:31:24.034,2455072.56347,15.05,1.41,B,K,1250.0,1880.0,1990.0,other/LOG_temp_archive_9_2.csv,miniarchive,temp_archive_9_2,Disk,YALE-03A-0001,,4U1538-52,True,IR
binir090826.0101.fits,4U 1538-52,15:42:23.16,-52:23:09.3,2009-08-27,01:17:17.432,2455070.55368,15.05,1.34,B,K,1290.0,1840.0,1990.0,other/LOG_temp_archive_9_2.csv,miniarchive,temp_archive_9_2,Disk,YALE-03A-0001,,4U1538-52,True,IR
binir090825.0054.fits,4U 1538-52,15:42:23.11,-52:23:08.0,2009-08-26,00:51:01.695,2455069.53544,10.0,1.25,V,H,1250.0,1920.0,1950.0,other/LOG_temp_archive_9_2.csv,miniarchive,temp_archive_9_2,Disk,YALE-03A-0001,,4U1538-52,True,IR
binir090826.0102.fits,4U 1538-52,15:42:23.15,-52:23:09.2,2009-08-27,01:17:48.353,2455070.55403,15.0,1.34,B,K,1250.0,1840.0,2030.0,other/LOG_temp_archive_9_2.csv,miniarchive,temp_archive_9_2,Disk,YALE-03A-0001,,4U1538-52,True,IR
binir090826.0109.fits,4U 1538-52,15:42:23.01,-52:23:08.6,2009-08-27,01:21:12.849,2455070.5564,10.05,1.35,V,H,1250.0,1920.0,1950.0,other/LOG_temp_archive_9_2.csv,miniarchive,temp_archive_9_2,Disk,YALE-03A-0001,,4U1538-52,True,IR
binir090826.0108.fits,4U 1538-52,15:42:23.01,-52:23:08.5,2009-08-27,01:20:46.795,2455070.5561,10.0,1.35,V,H,1250.0,1880.0,1990.0,other/LOG_temp_archive_9_2.csv,miniarchive,temp_archive_9_2,Disk,YALE-03A-0001,,4U1538-52,True,IR
binir090826.0107.fits,4U 1538-52,15:42:23.01,-52:23:08.7,2009-08-27,01:20:11.791,2455070.55569,10.0,1.34,I,J,1250.0,1840.0,2030.0,other/LOG_temp_archive_9_2.csv,miniarchive,temp_archive_9_2,Disk,YALE-03A-0001,,4U1538-52,True,IR
binir090826.0106.fits,4U 1538-52,15:42:23.08,-52:23:08.0,2009-08-27,01:19:45.869,2455070.55539,10.05,1.34,I,J,1290.0,1840.0,1990.0,other/LOG_temp_archive_9_2.csv,miniarchive,temp_archive_9_2,Disk,YALE-03A-0001,,4U1538-52,True,IR
binir090826.0100.fits,4U 1538-52,15:42:23.11,-52:23:09.3,2009-08-27,01:16:46.230,2455070.55331,15.0,1.33,B,K,1210.0,1880.0,2030.0,other/LOG_temp_archive_9_2.csv,miniarchive,temp_archive_9_2,Disk,YALE-03A-0001,,4U1538-52,True,IR
binir090826.0104.fits,4U 1538-52,15:42:23.09,-52:23:08.9,2009-08-27,01:18:53.676,2455070.55479,10.0,1.34,I,J,1250.0,1920.0,1950.0,other/LOG_temp_archive_9_2.csv,miniarchive,temp_archive_9_2,Disk,YALE-03A-0001,,4U1538-52,True,IR
binir090826.0103.fits,4U 1538-52,15:42:23.06,-52:23:09.0,2009-08-27,01:18:27.874,2455070.55449,10.0,1.34,I,J,1250.0,1880.0,1990.0,other/LOG_temp_archive_9_2.csv,miniarchive,temp_archive_9_2,Disk,YALE-03A-0001,,4U1538-52,True,IR
binir090826.0099.fits,4U 1538-52,15:42:23.15,-52:23:09.2,2009-08-27,01:16:15.084,2455070.55295,15.05,1.33,B,K,1250.0,1920.0,1950.0,other/LOG_temp_archive_9_2.csv,miniarchive,temp_archive_9_2,Disk,YALE-03A-0001,,4U1538-52,True,IR
binir090826.0098.fits,4U 1538-52,15:42:23.16,-52:23:10.2,2009-08-27,01:15:44.249,2455070.5526,15.0,1.33,B,K,1250.0,1880.0,1990.0,other/LOG_temp_archive_9_2.csv,miniarchive,temp_archive_9_2,Disk,YALE-03A-0001,,4U1538-52,True,IR
binir090826.0105.fits,4U 1538-52,15:42:23.02,-52:23:08.8,2009-08-27,01:19:19.762,2455070.55509,10.0,1.34,I,J,1210.0,1880.0,2030.0,other/LOG_temp_archive_9_2.csv,miniarchive,temp_archive_9_2,Disk,YALE-03A-0001,,4U1538-52,True,IR
binir090826.0110.fits,4U 1538-52,15:42:23.04,-52:23:08.5,2009-08-27,01:21:38.982,2455070.5567,10.0,1.35,V,H,1210.0,1880.0,2030.0,other/LOG_temp_archive_9_2.csv,miniarchive,temp_archive_9_2,Disk,YALE-03A-0001,,4U1538-52,True,IR
binir090829.0035.fits,4U 1538-52,15:42:21.08,-52:22:50.7,2009-08-29,23:55:51.067,2455073.49712,10.0,1.18,V,H,1250.0,1920.0,1950.0,other/LOG_temp_archive_9_2.csv,miniarchive,temp_archive_9_2,Disk,YALE-03A-0001,,4U1538-52,True,IR
binir090828.0096.fits,4U 1538-52,15:42:18.56,-52:22:52.6,2009-08-29,01:35:51.816,2455072.56657,10.0,1.43,I,J,1250.0,1840.0,2030.0,other/LOG_temp_archive_9_2.csv,miniarchive,temp_archive_9_2,Disk,YALE-03A-0001,,4U1538-52,True,IR
binir090829.0032.fits,4U 1538-52,15:42:21.09,-52:22:50.8,2009-08-29,23:54:25.090,2455073.49612,10.0,1.17,I,J,1290.0,1840.0,1990.0,other/LOG_temp_archive_9_2.csv,miniarchive,temp_archive_9_2,Disk,YALE-03A-0001,,4U1538-52,True,IR
binir090829.0031.fits,4U 1538-52,15:42:21.08,-52:22:50.8,2009-08-29,23:53:59.063,2455073.49582,10.05,1.17,I,J,1210.0,1880.0,2030.0,other/LOG_temp_archive_9_2.csv,miniarchive,temp_archive_9_2,Disk,YALE-03A-0001,,4U1538-52,True,IR
binir090829.0038.fits,4U 1538-52,15:42:21.04,-52:22:50.5,2009-08-29,23:57:08.747,2455073.49802,10.0,1.18,V,H,1250.0,1840.0,2030.0,other/LOG_temp_archive_9_2.csv,miniarchive,temp_archive_9_2,Disk,YALE-03A-0001,,4U1538-52,True,IR
binir090829.0037.fits,4U 1538-52,15:42:21.10,-52:22:50.8,2009-08-29,23:56:42.841,2455073.49772,10.0,1.18,V,H,1290.0,1840.0,1990.0,other/LOG_temp_archive_9_2.csv,miniarchive,temp_archive_9_2,Disk,YALE-03A-0001,,4U1538-52,True,IR
binir090829.0030.fits,4U 1538-52,15:42:21.13,-52:22:50.8,2009-08-29,23:53:32.923,2455073.49552,10.0,1.17,I,J,1250.0,1920.0,1950.0,other/LOG_temp_archive_9_2.csv,miniarchive,temp_archive_9_2,Disk,YALE-03A-0001,,4U1538-52,True,IR
binir090829.0029.fits,4U 1538-52,15:42:21.09,-52:22:50.7,2009-08-29,23:53:06.943,2455073.49522,10.05,1.17,I,J,1250.0,1880.0,1990.0,other/LOG_temp_archive_9_2.csv,miniarchive,temp_archive_9_2,Disk,YALE-03A-0001,,4U1538-52,True,IR
binir090829.0028.fits,4U 1538-52,15:42:21.14,-52:22:50.7,2009-08-29,23:52:27.464,2455073.49476,15.05,1.17,B,K,1250.0,1840.0,2030.0,other/LOG_temp_archive_9_2.csv,miniarchive,temp_archive_9_2,Disk,YALE-03A-0001,,4U1538-52,True,IR
binir090829.0027.fits,4U 1538-52,15:42:21.11,-52:22:50.5,2009-08-29,23:51:56.543,2455073.4944,15.0,1.17,B,K,1290.0,1840.0,1990.0,other/LOG_temp_archive_9_2.csv,miniarchive,temp_archive_9_2,Disk,YALE-03A-0001,,4U1538-52,True,IR
binir090829.0026.fits,4U 1538-52,15:42:21.13,-52:22:50.5,2009-08-29,23:51:25.390,2455073.49404,15.05,1.17,B,K,1210.0,1880.0,2030.0,other/LOG_temp_archive_9_2.csv,miniarchive,temp_archive_9_2,Disk,YALE-03A-0001,,4U1538-52,True,IR
binir090829.0025.fits,4U 1538-52,15:42:21.13,-52:22:51.1,2009-08-29,23:50:54.295,2455073.49368,15.0,1.17,B,K,1250.0,1920.0,1950.0,other/LOG_temp_archive_9_2.csv,miniarchive,temp_archive_9_2,Disk,YALE-03A-0001,,4U1538-52,True,IR
binir090828.0097.fits,4U 1538-52,15:42:18.58,-52:22:52.9,2009-08-29,01:36:26.333,2455072.56697,10.05,1.43,V,H,1250.0,1880.0,1990.0,other/LOG_temp_archive_9_2.csv,miniarchive,temp_archive_9_2,Disk,YALE-03A-0001,,4U1538-52,True,IR
binir090829.0024.fits,4U 1538-52,15:42:21.16,-52:22:50.8,2009-08-29,23:50:23.315,2455073.49332,15.05,1.17,B,K,1250.0,1880.0,1990.0,other/LOG_temp_archive_9_2.csv,miniarchive,temp_archive_9_2,Disk,YALE-03A-0001,,4U1538-52,True,IR
binir090828.0101.fits,4U 1538-52,15:42:18.54,-52:22:52.4,2009-08-29,01:38:09.963,2455072.56817,10.05,1.44,V,H,1250.0,1840.0,2030.0,other/LOG_temp_archive_9_2.csv,miniarchive,temp_archive_9_2,Disk,YALE-03A-0001,,4U1538-52,True,IR
binir090828.0100.fits,4U 1538-52,15:42:18.56,-52:22:52.4,2009-08-29,01:37:44.075,2455072.56787,10.05,1.43,V,H,1290.0,1840.0,1990.0,other/LOG_temp_archive_9_2.csv,miniarchive,temp_archive_9_2,Disk,YALE-03A-0001,,4U1538-52,True,IR
binir090828.0099.fits,4U 1538-52,15:42:18.58,-52:22:52.2,2009-08-29,01:37:18.254,2455072.56757,10.0,1.43,V,H,1210.0,1880.0,2030.0,other/LOG_temp_archive_9_2.csv,miniarchive,temp_archive_9_2,Disk,YALE-03A-0001,,4U1538-52,True,IR
binir090828.0098.fits,4U 1538-52,15:42:18.59,-52:22:52.6,2009-08-29,01:36:52.256,2455072.56727,10.0,1.43,V,H,1250.0,1920.0,1950.0,other/LOG_temp_archive_9_2.csv,miniarchive,temp_archive_9_2,Disk,YALE-03A-0001,,4U1538-52,True,IR
binir090829.0036.fits,4U 1538-52,15:42:21.06,-52:22:50.4,2009-08-29,23:56:17.285,2455073.49742,10.0,1.18,V,H,1210.0,1880.0,2030.0,other/LOG_temp_archive_9_2.csv,miniarchive,temp_archive_9_2,Disk,YALE-03A-0001,,4U1538-52,True,IR
binir090903.0055.fits,4U 1538-52,15:42:23.11,-52:23:07.6,2009-09-04,00:15:35.494,2455078.51083,10.0,1.25,V,H,1250.0,1880.0,1990.0,other/LOG_temp_archive_9_2.csv,miniarchive,temp_archive_9_2,Disk,YALE-03A-0001,,4U1538-52,True,IR
binir090903.0050.fits,4U 1538-52,15:42:23.09,-52:23:08.5,2009-09-04,00:13:16.921,2455078.50923,10.0,1.25,I,J,1250.0,1880.0,1990.0,other/LOG_temp_archive_9_2.csv,miniarchive,temp_archive_9_2,Disk,YALE-03A-0001,,4U1538-52,True,IR
binir090903.0053.fits,4U 1538-52,15:42:23.12,-52:23:08.3,2009-09-04,00:14:34.962,2455078.51013,10.0,1.25,I,J,1290.0,1840.0,1990.0,other/LOG_temp_archive_9_2.csv,miniarchive,temp_archive_9_2,Disk,YALE-03A-0001,,4U1538-52,True,IR
binir090903.0048.fits,4U 1538-52,15:42:23.13,-52:23:09.2,2009-09-04,00:12:06.553,2455078.50841,15.0,1.25,B,K,1290.0,1840.0,1990.0,other/LOG_temp_archive_9_2.csv,miniarchive,temp_archive_9_2,Disk,YALE-03A-0001,,4U1538-52,True,IR
binir090913.0035.fits,4U 1538-52,15:42:20.37,-52:22:44.5,2009-09-13,23:48:19.470,2455088.49192,10.0,1.28,V,H,1250.0,1840.0,2030.0,other/LOG_temp_archive_9_2.csv,miniarchive,temp_archive_9_2,Disk,YALE-03A-0001,,4U1538-52,True,IR
binir090913.0034.fits,4U 1538-52,15:42:20.38,-52:22:44.1,2009-09-13,23:47:53.574,2455088.49162,10.05,1.28,V,H,1290.0,1840.0,1990.0,other/LOG_temp_archive_9_2.csv,miniarchive,temp_archive_9_2,Disk,YALE-03A-0001,,4U1538-52,True,IR
binir090913.0028.fits,4U 1538-52,15:42:20.39,-52:22:44.3,2009-09-13,23:45:09.425,2455088.48972,10.05,1.28,I,J,1210.0,1880.0,2030.0,other/LOG_temp_archive_9_2.csv,miniarchive,temp_archive_9_2,Disk,YALE-03A-0001,,4U1538-52,True,IR
binir090913.0027.fits,4U 1538-52,15:42:20.36,-52:22:44.6,2009-09-13,23:44:43.382,2455088.48942,10.0,1.27,I,J,1250.0,1920.0,1950.0,other/LOG_temp_archive_9_2.csv,miniarchive,temp_archive_9_2,Disk,YALE-03A-0001,,4U1538-52,True,IR
binir090909.0061.fits,4U 1538-52,15:42:23.07,-52:23:11.1,2009-09-10,00:16:22.277,2455084.51137,10.05,1.32,I,J,1290.0,1840.0,1990.0,other/LOG_temp_archive_9_2.csv,miniarchive,temp_archive_9_2,Disk,YALE-03A-0001,,4U1538-52,True,IR
binir090910.0014.fits,4U 1538-52,15:42:20.82,-52:22:45.2,2009-09-10,23:49:59.321,2455085.49304,15.05,1.26,B,K,1250.0,1920.0,1950.0,other/LOG_temp_archive_9_2.csv,miniarchive,temp_archive_9_2,Disk,YALE-03A-0001,,4U1538-52,True,IR
binir090910.0015.fits,4U 1538-52,15:42:20.85,-52:22:45.6,2009-09-10,23:50:30.687,2455085.49341,15.04,1.26,B,K,1210.0,1880.0,2030.0,other/LOG_temp_archive_9_2.csv,miniarchive,temp_archive_9_2,Disk,YALE-03A-0001,,4U1538-52,True,IR
binir090910.0016.fits,4U 1538-52,15:42:20.80,-52:22:45.3,2009-09-10,23:51:01.931,2455085.49377,15.0,1.26,B,K,1290.0,1840.0,1990.0,other/LOG_temp_archive_9_2.csv,miniarchive,temp_archive_9_2,Disk,YALE-03A-0001,,4U1538-52,True,IR
binir090910.0017.fits,4U 1538-52,15:42:20.82,-52:22:45.1,2009-09-10,23:51:32.826,2455085.49413,15.0,1.26,B,K,1250.0,1840.0,2030.0,other/LOG_temp_archive_9_2.csv,miniarchive,temp_archive_9_2,Disk,YALE-03A-0001,,4U1538-52,True,IR
binir090910.0018.fits,4U 1538-52,15:42:20.88,-52:22:45.4,2009-09-10,23:52:12.866,2455085.49459,10.05,1.26,I,J,1250.0,1880.0,1990.0,other/LOG_temp_archive_9_2.csv,miniarchive,temp_archive_9_2,Disk,YALE-03A-0001,,4U1538-52,True,IR
binir090910.0020.fits,4U 1538-52,15:42:20.91,-52:22:45.3,2009-09-10,23:53:04.954,2455085.49519,10.05,1.27,I,J,1210.0,1880.0,2030.0,other/LOG_temp_archive_9_2.csv,miniarchive,temp_archive_9_2,Disk,YALE-03A-0001,,4U1538-52,True,IR
binir090910.0019.fits,4U 1538-52,15:42:20.84,-52:22:45.7,2009-09-10,23:52:38.850,2455085.49489,10.0,1.27,I,J,1250.0,1920.0,1950.0,other/LOG_temp_archive_9_2.csv,miniarchive,temp_archive_9_2,Disk,YALE-03A-0001,,4U1538-52,True,IR
binir090913.0024.fits,4U 1538-52,15:42:20.37,-52:22:45.1,2009-09-13,23:43:06.685,2455088.4883,15.0,1.27,B,K,1290.0,1840.0,1990.0,other/LOG_temp_archive_9_2.csv,miniarchive,temp_archive_9_2,Disk,YALE-03A-0001,,4U1538-52,True,IR
binir090913.0032.fits,4U 1538-52,15:42:20.30,-52:22:44.8,2009-09-13,23:47:01.585,2455088.49102,10.0,1.28,V,H,1250.0,1920.0,1950.0,other/LOG_temp_archive_9_2.csv,miniarchive,temp_archive_9_2,Disk,YALE-03A-0001,,4U1538-52,True,IR
binir090913.0031.fits,4U 1538-52,15:42:20.40,-52:22:44.5,2009-09-13,23:46:35.768,2455088.49072,10.0,1.28,V,H,1250.0,1880.0,1990.0,other/LOG_temp_archive_9_2.csv,miniarchive,temp_archive_9_2,Disk,YALE-03A-0001,,4U1538-52,True,IR
binir090913.0030.fits,4U 1538-52,15:42:20.39,-52:22:44.3,2009-09-13,23:46:01.268,2455088.49032,10.05,1.28,I,J,1250.0,1840.0,2030.0,other/LOG_temp_archive_9_2.csv,miniarchive,temp_archive_9_2,Disk,YALE-03A-0001,,4U1538-52,True,IR
binir090913.0029.fits,4U 1538-52,15:42:20.35,-52:22:44.8,2009-09-13,23:45:35.435,2455088.49002,10.0,1.28,I,J,1290.0,1840.0,1990.0,other/LOG_temp_archive_9_2.csv,miniarchive,temp_archive_9_2,Disk,YALE-03A-0001,,4U1538-52,True,IR
binir090913.0026.fits,4U 1538-52,15:42:20.35,-52:22:45.0,2009-09-13,23:44:17.471,2455088.48912,10.05,1.27,I,J,1250.0,1880.0,1990.0,other/LOG_temp_archive_9_2.csv,miniarchive,temp_archive_9_2,Disk,YALE-03A-0001,,4U1538-52,True,IR
binir090913.0025.fits,4U 1538-52,15:42:20.41,-52:22:44.9,2009-09-13,23:43:37.513,2455088.48866,15.05,1.27,B,K,1250.0,1840.0,2030.0,other/LOG_temp_archive_9_2.csv,miniarchive,temp_archive_9_2,Disk,YALE-03A-0001,,4U1538-52,True,IR
binir090913.0033.fits,4U 1538-52,15:42:20.34,-52:22:44.5,2009-09-13,23:47:27.697,2455088.49132,10.05,1.28,V,H,1210.0,1880.0,2030.0,other/LOG_temp_archive_9_2.csv,miniarchive,temp_archive_9_2,Disk,YALE-03A-0001,,4U1538-52,True,IR
binir090913.0021.fits,4U 1538-52,15:42:20.43,-52:22:45.4,2009-09-13,23:41:33.530,2455088.48722,15.0,1.27,B,K,1250.0,1880.0,1990.0,other/LOG_temp_archive_9_2.csv,miniarchive,temp_archive_9_2,Disk,YALE-03A-0001,,4U1538-52,True,IR
binir090913.0022.fits,4U 1538-52,15:42:20.42,-52:22:45.8,2009-09-13,23:42:04.406,2455088.48758,15.05,1.27,B,K,1250.0,1920.0,1950.0,other/LOG_temp_archive_9_2.csv,miniarchive,temp_archive_9_2,Disk,YALE-03A-0001,,4U1538-52,True,IR
binir090913.0023.fits,4U 1538-52,15:42:20.40,-52:22:45.4,2009-09-13,23:42:35.485,2455088.48794,15.05,1.27,B,K,1210.0,1880.0,2030.0,other/LOG_temp_archive_9_2.csv,miniarchive,temp_archive_9_2,Disk,YALE-03A-0001,,4U1538-52,True,IR
binir090917.0025.fits,4U 1538-52,15:42:23.06,-52:23:09.8,2009-09-18,00:00:57.848,2455092.50067,15.0,1.37,B,K,1250.0,1840.0,2030.0,other/LOG_temp_archive_9_2.csv,miniarchive,temp_archive_9_2,Disk,YALE-03A-0001,,4U1538-52,True,IR
binir090917.0035.fits,4U 1538-52,15:42:22.99,-52:23:11.1,2009-09-18,00:05:41.384,2455092.50395,10.0,1.38,V,H,1250.0,1840.0,2030.0,other/LOG_temp_archive_9_2.csv,miniarchive,temp_archive_9_2,Disk,YALE-03A-0001,,4U1538-52,True,IR
binir090917.0033.fits,4U 1538-52,15:42:23.01,-52:23:10.9,2009-09-18,00:04:49.858,2455092.50335,10.0,1.38,V,H,1210.0,1880.0,2030.0,other/LOG_temp_archive_9_2.csv,miniarchive,temp_archive_9_2,Disk,YALE-03A-0001,,4U1538-52,True,IR
binir090917.0032.fits,4U 1538-52,15:42:23.06,-52:23:10.7,2009-09-18,00:04:23.599,2455092.50305,10.05,1.38,V,H,1250.0,1920.0,1950.0,other/LOG_temp_archive_9_2.csv,miniarchive,temp_archive_9_2,Disk,YALE-03A-0001,,4U1538-52,True,IR
binir090917.0031.fits,4U 1538-52,15:42:23.07,-52:23:10.7,2009-09-18,00:03:57.677,2455092.50275,10.0,1.38,V,H,1250.0,1880.0,1990.0,other/LOG_temp_archive_9_2.csv,miniarchive,temp_archive_9_2,Disk,YALE-03A-0001,,4U1538-52,True,IR
binir090917.0030.fits,4U 1538-52,15:42:23.03,-52:23:10.5,2009-09-18,00:03:22.494,2455092.50234,10.0,1.38,I,J,1250.0,1840.0,2030.0,other/LOG_temp_archive_9_2.csv,miniarchive,temp_archive_9_2,Disk,YALE-03A-0001,,4U1538-52,True,IR
binir090917.0029.fits,4U 1538-52,15:42:23.08,-52:23:10.5,2009-09-18,00:02:56.541,2455092.50204,10.0,1.37,I,J,1290.0,1840.0,1990.0,other/LOG_temp_archive_9_2.csv,miniarchive,temp_archive_9_2,Disk,YALE-03A-0001,,4U1538-52,True,IR
binir090917.0028.fits,4U 1538-52,15:42:23.08,-52:23:10.4,2009-09-18,00:02:30.306,2455092.50174,10.0,1.37,I,J,1210.0,1880.0,2030.0,other/LOG_temp_archive_9_2.csv,miniarchive,temp_archive_9_2,Disk,YALE-03A-0001,,4U1538-52,True,IR
binir090917.0027.fits,4U 1538-52,15:42:23.07,-52:23:10.1,2009-09-18,00:02:04.019,2455092.50143,10.0,1.37,I,J,1250.0,1920.0,1950.0,other/LOG_temp_archive_9_2.csv,miniarchive,temp_archive_9_2,Disk,YALE-03A-0001,,4U1538-52,True,IR
binir090917.0026.fits,4U 1538-52,15:42:23.03,-52:23:10.2,2009-09-18,00:01:38.083,2455092.50113,10.05,1.37,I,J,1250.0,1880.0,1990.0,other/LOG_temp_archive_9_2.csv,miniarchive,temp_archive_9_2,Disk,YALE-03A-0001,,4U1538-52,True,IR
binir090917.0034.fits,4U 1538-52,15:42:23.04,-52:23:11.2,2009-09-18,00:05:15.486,2455092.50365,10.05,1.38,V,H,1290.0,1840.0,1990.0,other/LOG_temp_archive_9_2.csv,miniarchive,temp_archive_9_2,Disk,YALE-03A-0001,,4U1538-52,True,IR
binir090917.0024.fits,4U 1538-52,15:42:23.09,-52:23:10.0,2009-09-18,00:00:26.811,2455092.50031,15.05,1.37,B,K,1290.0,1840.0,1990.0,other/LOG_temp_archive_9_2.csv,miniarchive,temp_archive_9_2,Disk,YALE-03A-0001,,4U1538-52,True,IR
binir090917.0022.fits,4U 1538-52,15:42:23.14,-52:23:10.5,2009-09-17,23:59:24.404,2455092.49959,15.0,1.36,B,K,1250.0,1920.0,1950.0,other/LOG_temp_archive_9_2.csv,miniarchive,temp_archive_9_2,Disk,YALE-03A-0001,,4U1538-52,True,IR
binir090916.0038.fits,4U 1538-52,15:42:19.67,-52:22:59.1,2009-09-17,00:33:43.363,2455091.52343,15.0,1.48,B,K,1250.0,1880.0,1990.0,other/LOG_temp_archive_9_2.csv,miniarchive,temp_archive_9_2,Disk,YALE-03A-0001,,4U1538-52,True,IR
binir090916.0041.fits,4U 1538-52,15:42:19.60,-52:22:59.1,2009-09-17,00:35:16.785,2455091.52452,15.0,1.48,B,K,1290.0,1840.0,1990.0,other/LOG_temp_archive_9_2.csv,miniarchive,temp_archive_9_2,Disk,YALE-03A-0001,,4U1538-52,True,IR
binir090917.0021.fits,4U 1538-52,15:42:23.20,-52:23:09.2,2009-09-17,23:58:53.410,2455092.49923,15.05,1.36,B,K,1250.0,1880.0,1990.0,other/LOG_temp_archive_9_2.csv,miniarchive,temp_archive_9_2,Disk,YALE-03A-0001,,4U1538-52,True,IR
binir090916.0052.fits,4U 1538-52,15:42:19.49,-52:22:59.5,2009-09-17,00:40:29.475,2455091.52814,10.05,1.51,V,H,1250.0,1840.0,2030.0,other/LOG_temp_archive_9_2.csv,miniarchive,temp_archive_9_2,Disk,YALE-03A-0001,,4U1538-52,True,IR
binir090916.0051.fits,4U 1538-52,15:42:19.52,-52:22:59.2,2009-09-17,00:40:03.609,2455091.52784,10.05,1.51,V,H,1290.0,1840.0,1990.0,other/LOG_temp_archive_9_2.csv,miniarchive,temp_archive_9_2,Disk,YALE-03A-0001,,4U1538-52,True,IR
binir090916.0050.fits,4U 1538-52,15:42:19.52,-52:22:59.4,2009-09-17,00:39:37.753,2455091.52754,10.0,1.5,V,H,1210.0,1880.0,2030.0,other/LOG_temp_archive_9_2.csv,miniarchive,temp_archive_9_2,Disk,YALE-03A-0001,,4U1538-52,True,IR
binir090916.0049.fits,4U 1538-52,15:42:19.52,-52:22:59.2,2009-09-17,00:39:11.669,2455091.52723,10.0,1.5,V,H,1250.0,1920.0,1950.0,other/LOG_temp_archive_9_2.csv,miniarchive,temp_archive_9_2,Disk,YALE-03A-0001,,4U1538-52,True,IR
binir090916.0048.fits,4U 1538-52,15:42:19.55,-52:22:59.0,2009-09-17,00:38:45.783,2455091.52693,10.05,1.5,V,H,1250.0,1880.0,1990.0,other/LOG_temp_archive_9_2.csv,miniarchive,temp_archive_9_2,Disk,YALE-03A-0001,,4U1538-52,True,IR
binir090916.0047.fits,4U 1538-52,15:42:19.53,-52:22:59.0,2009-09-17,00:38:11.181,2455091.52654,10.0,1.5,I,J,1250.0,1840.0,2030.0,other/LOG_temp_archive_9_2.csv,miniarchive,temp_archive_9_2,Disk,YALE-03A-0001,,4U1538-52,True,IR
binir090916.0046.fits,4U 1538-52,15:42:19.54,-52:22:59.1,2009-09-17,00:37:45.339,2455091.52624,10.0,1.5,I,J,1290.0,1840.0,1990.0,other/LOG_temp_archive_9_2.csv,miniarchive,temp_archive_9_2,Disk,YALE-03A-0001,,4U1538-52,True,IR
binir090916.0045.fits,4U 1538-52,15:42:19.54,-52:22:58.9,2009-09-17,00:37:19.239,2455091.52593,10.0,1.49,I,J,1210.0,1880.0,2030.0,other/LOG_temp_archive_9_2.csv,miniarchive,temp_archive_9_2,Disk,YALE-03A-0001,,4U1538-52,True,IR
binir090916.0044.fits,4U 1538-52,15:42:19.59,-52:22:59.1,2009-09-17,00:36:53.110,2455091.52563,10.0,1.49,I,J,1250.0,1920.0,1950.0,other/LOG_temp_archive_9_2.csv,miniarchive,temp_archive_9_2,Disk,YALE-03A-0001,,4U1538-52,True,IR
binir090916.0043.fits,4U 1538-52,15:42:19.57,-52:22:59.0,2009-09-17,00:36:27.293,2455091.52533,10.0,1.49,I,J,1250.0,1880.0,1990.0,other/LOG_temp_archive_9_2.csv,miniarchive,temp_archive_9_2,Disk,YALE-03A-0001,,4U1538-52,True,IR
binir090916.0042.fits,4U 1538-52,15:42:19.61,-52:22:59.1,2009-09-17,00:35:47.688,2455091.52487,15.0,1.49,B,K,1250.0,1840.0,2030.0,other/LOG_temp_archive_9_2.csv,miniarchive,temp_archive_9_2,Disk,YALE-03A-0001,,4U1538-52,True,IR
binir090917.0023.fits,4U 1538-52,15:42:23.10,-52:23:10.0,2009-09-17,23:59:55.608,2455092.49995,15.0,1.36,B,K,1210.0,1880.0,2030.0,other/LOG_temp_archive_9_2.csv,miniarchive,temp_archive_9_2,Disk,YALE-03A-0001,,4U1538-52,True,IR
binir090916.0040.fits,4U 1538-52,15:42:19.63,-52:22:59.1,2009-09-17,00:34:45.540,2455091.52416,15.05,1.48,B,K,1210.0,1880.0,2030.0,other/LOG_temp_archive_9_2.csv,miniarchive,temp_archive_9_2,Disk,YALE-03A-0001,,4U1538-52,True,IR
binir090916.0039.fits,4U 1538-52,15:42:19.60,-52:22:59.3,2009-09-17,00:34:14.202,2455091.52379,15.05,1.48,B,K,1250.0,1920.0,1950.0,other/LOG_temp_archive_9_2.csv,miniarchive,temp_archive_9_2,Disk,YALE-03A-0001,,4U1538-52,True,IR
binir090909.0062.fits,4U 1538-52,15:42:23.08,-52:23:11.1,2009-09-10,00:16:48.253,2455084.51167,10.0,1.32,I,J,1250.0,1840.0,2030.0,other/LOG_temp_archive_9_2.csv,miniarchive,temp_archive_9_2,Disk,YALE-03A-0001,,4U1538-52,True,IR
binir090909.0063.fits,4U 1538-52,15:42:23.09,-52:23:11.1,2009-09-10,00:17:23.171,2455084.51208,10.05,1.32,V,H,1250.0,1880.0,1990.0,other/LOG_temp_archive_9_2.csv,miniarchive,temp_archive_9_2,Disk,YALE-03A-0001,,4U1538-52,True,IR
binir090909.0064.fits,4U 1538-52,15:42:23.06,-52:23:11.1,2009-09-10,00:17:49.075,2455084.51238,10.0,1.32,V,H,1250.0,1920.0,1950.0,other/LOG_temp_archive_9_2.csv,miniarchive,temp_archive_9_2,Disk,YALE-03A-0001,,4U1538-52,True,IR
binir090907.0046.fits,4U 1538-52,15:42:23.05,-52:23:10.9,2009-09-08,01:33:06.092,2455082.56466,10.0,1.59,V,H,1210.0,1880.0,2030.0,other/LOG_temp_archive_9_2.csv,miniarchive,temp_archive_9_2,Disk,YALE-03A-0001,,4U1538-52,True,IR
binir090907.0047.fits,4U 1538-52,15:42:23.02,-52:23:10.8,2009-09-08,01:33:31.800,2455082.56495,10.05,1.59,V,H,1290.0,1840.0,1990.0,other/LOG_temp_archive_9_2.csv,miniarchive,temp_archive_9_2,Disk,YALE-03A-0001,,4U1538-52,True,IR
binir090907.0034.fits,4U 1538-52,15:42:23.10,-52:23:09.4,2009-09-08,01:27:09.978,2455082.56053,15.05,1.56,B,K,1250.0,1880.0,1990.0,other/LOG_temp_archive_9_2.csv,miniarchive,temp_archive_9_2,Disk,YALE-03A-0001,,4U1538-52,True,IR
binir090907.0035.fits,4U 1538-52,15:42:23.12,-52:23:09.9,2009-09-08,01:27:40.930,2455082.56089,15.05,1.56,B,K,1250.0,1920.0,1950.0,other/LOG_temp_archive_9_2.csv,miniarchive,temp_archive_9_2,Disk,YALE-03A-0001,,4U1538-52,True,IR
binir090907.0048.fits,4U 1538-52,15:42:23.05,-52:23:11.5,2009-09-08,01:33:57.811,2455082.56526,10.0,1.6,V,H,1250.0,1840.0,2030.0,other/LOG_temp_archive_9_2.csv,miniarchive,temp_archive_9_2,Disk,YALE-03A-0001,,4U1538-52,True,IR
binir090907.0037.fits,4U 1538-52,15:42:23.08,-52:23:10.2,2009-09-08,01:28:43.538,2455082.56162,15.0,1.57,B,K,1290.0,1840.0,1990.0,other/LOG_temp_archive_9_2.csv,miniarchive,temp_archive_9_2,Disk,YALE-03A-0001,,4U1538-52,True,IR
binir090907.0045.fits,4U 1538-52,15:42:23.07,-52:23:10.7,2009-09-08,01:32:39.911,2455082.56435,10.0,1.59,V,H,1250.0,1920.0,1950.0,other/LOG_temp_archive_9_2.csv,miniarchive,temp_archive_9_2,Disk,YALE-03A-0001,,4U1538-52,True,IR
binir090907.0036.fits,4U 1538-52,15:42:23.10,-52:23:10.2,2009-09-08,01:28:12.229,2455082.56125,15.05,1.57,B,K,1210.0,1880.0,2030.0,other/LOG_temp_archive_9_2.csv,miniarchive,temp_archive_9_2,Disk,YALE-03A-0001,,4U1538-52,True,IR
binir090907.0043.fits,4U 1538-52,15:42:23.03,-52:23:10.5,2009-09-08,01:31:39.009,2455082.56365,10.05,1.58,I,J,1250.0,1840.0,2030.0,other/LOG_temp_archive_9_2.csv,miniarchive,temp_archive_9_2,Disk,YALE-03A-0001,,4U1538-52,True,IR
binir090907.0038.fits,4U 1538-52,15:42:23.10,-52:23:10.5,2009-09-08,01:29:14.562,2455082.56198,15.05,1.57,B,K,1250.0,1840.0,2030.0,other/LOG_temp_archive_9_2.csv,miniarchive,temp_archive_9_2,Disk,YALE-03A-0001,,4U1538-52,True,IR
binir090907.0039.fits,4U 1538-52,15:42:23.03,-52:23:10.5,2009-09-08,01:29:54.581,2455082.56244,10.0,1.57,I,J,1250.0,1880.0,1990.0,other/LOG_temp_archive_9_2.csv,miniarchive,temp_archive_9_2,Disk,YALE-03A-0001,,4U1538-52,True,IR
binir090907.0040.fits,4U 1538-52,15:42:23.08,-52:23:10.4,2009-09-08,01:30:20.519,2455082.56274,10.0,1.58,I,J,1250.0,1920.0,1950.0,other/LOG_temp_archive_9_2.csv,miniarchive,temp_archive_9_2,Disk,YALE-03A-0001,,4U1538-52,True,IR
binir090907.0041.fits,4U 1538-52,15:42:23.06,-52:23:10.4,2009-09-08,01:30:46.770,2455082.56304,10.0,1.58,I,J,1210.0,1880.0,2030.0,other/LOG_temp_archive_9_2.csv,miniarchive,temp_archive_9_2,Disk,YALE-03A-0001,,4U1538-52,True,IR
binir090907.0044.fits,4U 1538-52,15:42:23.05,-52:23:10.6,2009-09-08,01:32:13.995,2455082.56405,10.0,1.59,V,H,1250.0,1880.0,1990.0,other/LOG_temp_archive_9_2.csv,miniarchive,temp_archive_9_2,Disk,YALE-03A-0001,,4U1538-52,True,IR
binir090903.0054.fits,4U 1538-52,15:42:23.10,-52:23:08.1,2009-09-04,00:15:00.876,2455078.51043,10.05,1.25,I,J,1250.0,1840.0,2030.0,other/LOG_temp_archive_9_2.csv,miniarchive,temp_archive_9_2,Disk,YALE-03A-0001,,4U1538-52,True,IR
binir090907.0042.fits,4U 1538-52,15:42:23.06,-52:23:10.4,2009-09-08,01:31:13.063,2455082.56335,10.0,1.58,I,J,1290.0,1840.0,1990.0,other/LOG_temp_archive_9_2.csv,miniarchive,temp_archive_9_2,Disk,YALE-03A-0001,,4U1538-52,True,IR
binir090909.0065.fits,4U 1538-52,15:42:23.03,-52:23:11.3,2009-09-10,00:18:15.277,2455084.51268,10.0,1.32,V,H,1210.0,1880.0,2030.0,other/LOG_temp_archive_9_2.csv,miniarchive,temp_archive_9_2,Disk,YALE-03A-0001,,4U1538-52,True,IR
binir090909.0060.fits,4U 1538-52,15:42:23.10,-52:23:10.9,2009-09-10,00:15:56.084,2455084.51107,10.0,1.32,I,J,1210.0,1880.0,2030.0,other/LOG_temp_archive_9_2.csv,miniarchive,temp_archive_9_2,Disk,YALE-03A-0001,,4U1538-52,True,IR
binir090910.0027.fits,4U 1538-52,15:42:20.90,-52:22:45.0,2009-09-10,23:56:15.662,2455085.4974,10.0,1.27,V,H,1250.0,1840.0,2030.0,other/LOG_temp_archive_9_2.csv,miniarchive,temp_archive_9_2,Disk,YALE-03A-0001,,4U1538-52,True,IR
binir090910.0025.fits,4U 1538-52,15:42:20.80,-52:22:45.1,2009-09-10,23:55:24.093,2455085.4968,10.05,1.27,V,H,1210.0,1880.0,2030.0,other/LOG_temp_archive_9_2.csv,miniarchive,temp_archive_9_2,Disk,YALE-03A-0001,,4U1538-52,True,IR
binir090910.0024.fits,4U 1538-52,15:42:20.87,-52:22:45.6,2009-09-10,23:54:57.869,2455085.4965,10.05,1.27,V,H,1250.0,1920.0,1950.0,other/LOG_temp_archive_9_2.csv,miniarchive,temp_archive_9_2,Disk,YALE-03A-0001,,4U1538-52,True,IR
binir090910.0023.fits,4U 1538-52,15:42:20.91,-52:22:45.1,2009-09-10,23:54:31.989,2455085.4962,10.0,1.27,V,H,1250.0,1880.0,1990.0,other/LOG_temp_archive_9_2.csv,miniarchive,temp_archive_9_2,Disk,YALE-03A-0001,,4U1538-52,True,IR
binir090909.0059.fits,4U 1538-52,15:42:23.10,-52:23:10.9,2009-09-10,00:15:29.957,2455084.51076,10.0,1.32,I,J,1250.0,1920.0,1950.0,other/LOG_temp_archive_9_2.csv,miniarchive,temp_archive_9_2,Disk,YALE-03A-0001,,4U1538-52,True,IR
binir090909.0054.fits,4U 1538-52,15:42:23.21,-52:23:10.2,2009-09-10,00:12:51.005,2455084.50893,15.04,1.31,B,K,1250.0,1920.0,1950.0,other/LOG_temp_archive_9_2.csv,miniarchive,temp_archive_9_2,Disk,YALE-03A-0001,,4U1538-52,True,IR
binir090909.0057.fits,4U 1538-52,15:42:23.16,-52:23:10.5,2009-09-10,00:14:24.326,2455084.51001,15.05,1.31,B,K,1250.0,1840.0,2030.0,other/LOG_temp_archive_9_2.csv,miniarchive,temp_archive_9_2,Disk,YALE-03A-0001,,4U1538-52,True,IR
binir090910.0022.fits,4U 1538-52,15:42:20.87,-52:22:45.4,2009-09-10,23:53:57.065,2455085.4958,10.05,1.27,I,J,1250.0,1840.0,2030.0,other/LOG_temp_archive_9_2.csv,miniarchive,temp_archive_9_2,Disk,YALE-03A-0001,,4U1538-52,True,IR
binir090909.0056.fits,4U 1538-52,15:42:23.17,-52:23:10.5,2009-09-10,00:13:53.460,2455084.50965,15.0,1.31,B,K,1290.0,1840.0,1990.0,other/LOG_temp_archive_9_2.csv,miniarchive,temp_archive_9_2,Disk,YALE-03A-0001,,4U1538-52,True,IR
binir090909.0053.fits,4U 1538-52,15:42:23.19,-52:23:09.7,2009-09-10,00:12:20.082,2455084.50857,15.05,1.31,B,K,1250.0,1880.0,1990.0,other/LOG_temp_archive_9_2.csv,miniarchive,temp_archive_9_2,Disk,YALE-03A-0001,,4U1538-52,True,IR
binir090909.0055.fits,4U 1538-52,15:42:23.17,-52:23:10.3,2009-09-10,00:13:22.323,2455084.50929,15.05,1.31,B,K,1210.0,1880.0,2030.0,other/LOG_temp_archive_9_2.csv,miniarchive,temp_archive_9_2,Disk,YALE-03A-0001,,4U1538-52,True,IR
binir090909.0058.fits,4U 1538-52,15:42:23.14,-52:23:10.8,2009-09-10,00:15:04.087,2455084.51047,10.0,1.31,I,J,1250.0,1880.0,1990.0,other/LOG_temp_archive_9_2.csv,miniarchive,temp_archive_9_2,Disk,YALE-03A-0001,,4U1538-52,True,IR
binir090910.0021.fits,4U 1538-52,15:42:20.91,-52:22:45.5,2009-09-10,23:53:31.173,2455085.4955,10.05,1.27,I,J,1290.0,1840.0,1990.0,other/LOG_temp_archive_9_2.csv,miniarchive,temp_archive_9_2,Disk,YALE-03A-0001,,4U1538-52,True,IR
binir090910.0026.fits,4U 1538-52,15:42:20.88,-52:22:45.1,2009-09-10,23:55:49.774,2455085.4971,10.0,1.27,V,H,1290.0,1840.0,1990.0,other/LOG_temp_archive_9_2.csv,miniarchive,temp_archive_9_2,Disk,YALE-03A-0001,,4U1538-52,True,IR
binir090910.0013.fits,4U 1538-52,15:42:20.84,-52:22:45.8,2009-09-10,23:49:28.547,2455085.49269,15.0,1.26,B,K,1250.0,1880.0,1990.0,other/LOG_temp_archive_9_2.csv,miniarchive,temp_archive_9_2,Disk,YALE-03A-0001,,4U1538-52,True,IR
binir090909.0067.fits,4U 1538-52,15:42:22.98,-52:23:11.0,2009-09-10,00:19:06.938,2455084.51328,10.0,1.33,V,H,1250.0,1840.0,2030.0,other/LOG_temp_archive_9_2.csv,miniarchive,temp_archive_9_2,Disk,YALE-03A-0001,,4U1538-52,True,IR
binir090909.0066.fits,4U 1538-52,15:42:23.05,-52:23:11.1,2009-09-10,00:18:40.957,2455084.51298,10.05,1.32,V,H,1290.0,1840.0,1990.0,other/LOG_temp_archive_9_2.csv,miniarchive,temp_archive_9_2,Disk,YALE-03A-0001,,4U1538-52,True,IR
binir090825.0051.fits,4U 1538-52,15:42:23.18,-52:23:08.5,2009-08-26,00:49:35.536,2455069.53444,10.0,1.25,I,J,1290.0,1840.0,1990.0,other/LOG_temp_archive_9_2.csv,miniarchive,temp_archive_9_2,Disk,YALE-03A-0001,,4U1538-52,True,IR
binir090825.0053.fits,4U 1538-52,15:42:23.15,-52:23:07.7,2009-08-26,00:50:35.828,2455069.53514,10.0,1.25,V,H,1250.0,1880.0,1990.0,other/LOG_temp_archive_9_2.csv,miniarchive,temp_archive_9_2,Disk,YALE-03A-0001,,4U1538-52,True,IR
binir090701.0095.fits,4U 1538-52,15:42:23.22,-52:23:09.8,2009-07-02,01:37:40.365,2455014.56783,10.05,1.08,I,J,1250.0,1920.0,1950.0,other/LOG_temp_archive_9_2.csv,miniarchive,temp_archive_9_2,Disk,YALE-03A-0001,,4U1538-52,True,IR
binir090701.0101.fits,4U 1538-52,15:42:23.26,-52:23:09.1,2009-07-02,01:40:29.823,2455014.56979,10.05,1.08,V,H,1210.0,1880.0,2030.0,other/LOG_temp_archive_9_2.csv,miniarchive,temp_archive_9_2,Disk,YALE-03A-0001,,4U1538-52,True,IR
binir090701.0100.fits,4U 1538-52,15:42:23.25,-52:23:09.1,2009-07-02,01:40:03.176,2455014.56949,10.05,1.08,V,H,1250.0,1920.0,1950.0,other/LOG_temp_archive_9_2.csv,miniarchive,temp_archive_9_2,Disk,YALE-03A-0001,,4U1538-52,True,IR
binir090701.0099.fits,4U 1538-52,15:42:23.26,-52:23:09.4,2009-07-02,01:39:36.895,2455014.56918,10.05,1.08,V,H,1250.0,1880.0,1990.0,other/LOG_temp_archive_9_2.csv,miniarchive,temp_archive_9_2,Disk,YALE-03A-0001,,4U1538-52,True,IR
binir090701.0098.fits,4U 1538-52,15:42:23.26,-52:23:09.3,2009-07-02,01:38:59.901,2455014.56875,10.0,1.08,I,J,1250.0,1840.0,2030.0,other/LOG_temp_archive_9_2.csv,miniarchive,temp_archive_9_2,Disk,YALE-03A-0001,,4U1538-52,True,IR
binir090701.0096.fits,4U 1538-52,15:42:23.23,-52:23:09.7,2009-07-02,01:38:07.250,2455014.56814,10.0,1.08,I,J,1210.0,1880.0,2030.0,other/LOG_temp_archive_9_2.csv,miniarchive,temp_archive_9_2,Disk,YALE-03A-0001,,4U1538-52,True,IR
binir090701.0094.fits,4U 1538-52,15:42:23.19,-52:23:10.0,2009-07-02,01:37:14.125,2455014.56753,10.05,1.08,I,J,1250.0,1880.0,1990.0,other/LOG_temp_archive_9_2.csv,miniarchive,temp_archive_9_2,Disk,YALE-03A-0001,,4U1538-52,True,IR
binir090701.0093.fits,4U 1538-52,15:42:23.24,-52:23:09.9,2009-07-02,01:36:31.542,2455014.56703,15.05,1.08,B,K,1250.0,1840.0,2030.0,other/LOG_temp_archive_9_2.csv,miniarchive,temp_archive_9_2,Disk,YALE-03A-0001,,4U1538-52,True,IR
binir090701.0092.fits,4U 1538-52,15:42:23.24,-52:23:09.9,2009-07-02,01:36:00.332,2455014.56667,15.0,1.08,B,K,1290.0,1840.0,1990.0,other/LOG_temp_archive_9_2.csv,miniarchive,temp_archive_9_2,Disk,YALE-03A-0001,,4U1538-52,True,IR
binir090701.0091.fits,4U 1538-52,15:42:23.23,-52:23:10.0,2009-07-02,01:35:28.721,2455014.56631,15.05,1.08,B,K,1210.0,1880.0,2030.0,other/LOG_temp_archive_9_2.csv,miniarchive,temp_archive_9_2,Disk,YALE-03A-0001,,4U1538-52,True,IR
binir090701.0089.fits,4U 1538-52,15:42:23.19,-52:23:10.3,2009-07-02,01:34:26.035,2455014.56558,15.05,1.08,B,K,1250.0,1880.0,1990.0,other/LOG_temp_archive_9_2.csv,miniarchive,temp_archive_9_2,Disk,YALE-03A-0001,,4U1538-52,True,IR
binir090701.0097.fits,4U 1538-52,15:42:23.21,-52:23:09.5,2009-07-02,01:38:33.797,2455014.56845,10.05,1.08,I,J,1290.0,1840.0,1990.0,other/LOG_temp_archive_9_2.csv,miniarchive,temp_archive_9_2,Disk,YALE-03A-0001,,4U1538-52,True,IR
binir090701.0090.fits,4U 1538-52,15:42:23.19,-52:23:10.1,2009-07-02,01:34:57.181,2455014.56594,15.05,1.08,B,K,1250.0,1920.0,1950.0,other/LOG_temp_archive_9_2.csv,miniarchive,temp_archive_9_2,Disk,YALE-03A-0001,,4U1538-52,True,IR
binir090701.0103.fits,4U 1538-52,15:42:23.24,-52:23:09.1,2009-07-02,01:41:23.011,2455014.57041,10.0,1.08,V,H,1250.0,1840.0,2030.0,other/LOG_temp_archive_9_2.csv,miniarchive,temp_archive_9_2,Disk,YALE-03A-0001,,4U1538-52,True,IR
binir090701.0102.fits,4U 1538-52,15:42:23.27,-52:23:08.6,2009-07-02,01:40:56.869,2455014.57011,10.0,1.08,V,H,1290.0,1840.0,1990.0,other/LOG_temp_archive_9_2.csv,miniarchive,temp_archive_9_2,Disk,YALE-03A-0001,,4U1538-52,True,IR
binir090629.0165.fits,4U 1538-52,15:42:23.16,-52:23:10.5,2009-06-30,02:12:51.652,2455012.59227,15.0,1.08,B,K,1250.0,1920.0,1950.0,other/LOG_temp_archive_9_2.csv,miniarchive,temp_archive_9_2,Disk,YALE-03A-0001,,4U1538-52,True,IR
binir090629.0172.fits,4U 1538-52,15:42:23.17,-52:23:09.5,2009-06-30,02:16:28.034,2455012.59477,10.0,1.08,I,J,1290.0,1840.0,1990.0,other/LOG_temp_archive_9_2.csv,miniarchive,temp_archive_9_2,Disk,YALE-03A-0001,,4U1538-52,True,IR
binir090629.0168.fits,4U 1538-52,15:42:23.18,-52:23:10.1,2009-06-30,02:14:26.083,2455012.59336,15.0,1.08,B,K,1250.0,1840.0,2030.0,other/LOG_temp_archive_9_2.csv,miniarchive,temp_archive_9_2,Disk,YALE-03A-0001,,4U1538-52,True,IR
binir090629.0169.fits,4U 1538-52,15:42:23.16,-52:23:09.7,2009-06-30,02:15:08.444,2455012.59385,10.05,1.08,I,J,1250.0,1880.0,1990.0,other/LOG_temp_archive_9_2.csv,miniarchive,temp_archive_9_2,Disk,YALE-03A-0001,,4U1538-52,True,IR
binir090624.0105.fits,4U 1538-52,15:42:23.18,-52:23:09.1,2009-06-25,00:57:14.295,2455007.53975,10.0,1.12,V,H,1250.0,1840.0,2030.0,other/LOG_temp_archive_9_2.csv,miniarchive,temp_archive_9_2,Disk,YALE-03A-0001,,4U1538-52,True,IR
binir090624.0102.fits,4U 1538-52,15:42:23.17,-52:23:09.5,2009-06-25,00:55:54.438,2455007.53882,10.0,1.12,V,H,1250.0,1920.0,1950.0,other/LOG_temp_archive_9_2.csv,miniarchive,temp_archive_9_2,Disk,YALE-03A-0001,,4U1538-52,True,IR
binir090624.0101.fits,4U 1538-52,15:42:23.18,-52:23:09.5,2009-06-25,00:55:28.041,2455007.53852,10.0,1.12,V,H,1250.0,1880.0,1990.0,other/LOG_temp_archive_9_2.csv,miniarchive,temp_archive_9_2,Disk,YALE-03A-0001,,4U1538-52,True,IR
binir090624.0100.fits,4U 1538-52,15:42:23.17,-52:23:09.0,2009-06-25,00:54:50.398,2455007.53808,10.0,1.12,I,J,1250.0,1840.0,2030.0,other/LOG_temp_archive_9_2.csv,miniarchive,temp_archive_9_2,Disk,YALE-03A-0001,,4U1538-52,True,IR
binir090624.0099.fits,4U 1538-52,15:42:23.15,-52:23:09.6,2009-06-25,00:54:24.054,2455007.53778,10.05,1.12,I,J,1290.0,1840.0,1990.0,other/LOG_temp_archive_9_2.csv,miniarchive,temp_archive_9_2,Disk,YALE-03A-0001,,4U1538-52,True,IR
binir090624.0103.fits,4U 1538-52,15:42:23.17,-52:23:09.7,2009-06-25,00:56:21.065,2455007.53913,10.0,1.12,V,H,1210.0,1880.0,2030.0,other/LOG_temp_archive_9_2.csv,miniarchive,temp_archive_9_2,Disk,YALE-03A-0001,,4U1538-52,True,IR
binir090624.0097.fits,4U 1538-52,15:42:23.17,-52:23:09.8,2009-06-25,00:53:30.894,2455007.53716,10.0,1.12,I,J,1250.0,1920.0,1950.0,other/LOG_temp_archive_9_2.csv,miniarchive,temp_archive_9_2,Disk,YALE-03A-0001,,4U1538-52,True,IR
binir090624.0096.fits,4U 1538-52,15:42:23.18,-52:23:09.3,2009-06-25,00:53:04.671,2455007.53686,10.05,1.12,I,J,1250.0,1880.0,1990.0,other/LOG_temp_archive_9_2.csv,miniarchive,temp_archive_9_2,Disk,YALE-03A-0001,,4U1538-52,True,IR
binir090624.0095.fits,4U 1538-52,15:42:23.15,-52:23:09.0,2009-06-25,00:52:21.650,2455007.53636,15.0,1.12,B,K,1250.0,1840.0,2030.0,other/LOG_temp_archive_9_2.csv,miniarchive,temp_archive_9_2,Disk,YALE-03A-0001,,4U1538-52,True,IR
binir090624.0094.fits,4U 1538-52,15:42:23.16,-52:23:09.6,2009-06-25,00:51:50.347,2455007.536,15.05,1.12,B,K,1290.0,1840.0,1990.0,other/LOG_temp_archive_9_2.csv,miniarchive,temp_archive_9_2,Disk,YALE-03A-0001,,4U1538-52,True,IR
binir090624.0091.fits,4U 1538-52,15:42:23.14,-52:23:09.6,2009-06-25,00:50:15.816,2455007.5349,15.0,1.12,B,K,1250.0,1880.0,1990.0,other/LOG_temp_archive_9_2.csv,miniarchive,temp_archive_9_2,Disk,YALE-03A-0001,,4U1538-52,True,IR
binir090624.0093.fits,4U 1538-52,15:42:23.15,-52:23:09.3,2009-06-25,00:51:18.785,2455007.53563,15.0,1.12,B,K,1210.0,1880.0,2030.0,other/LOG_temp_archive_9_2.csv,miniarchive,temp_archive_9_2,Disk,YALE-03A-0001,,4U1538-52,True,IR
binir090624.0098.fits,4U 1538-52,15:42:23.17,-52:23:09.6,2009-06-25,00:53:57.457,2455007.53747,10.0,1.12,I,J,1210.0,1880.0,2030.0,other/LOG_temp_archive_9_2.csv,miniarchive,temp_archive_9_2,Disk,YALE-03A-0001,,4U1538-52,True,IR
binir090624.0092.fits,4U 1538-52,15:42:23.13,-52:23:09.4,2009-06-25,00:50:47.132,2455007.53527,15.05,1.12,B,K,1250.0,1920.0,1950.0,other/LOG_temp_archive_9_2.csv,miniarchive,temp_archive_9_2,Disk,YALE-03A-0001,,4U1538-52,True,IR
binir090624.0104.fits,4U 1538-52,15:42:23.18,-52:23:09.2,2009-06-25,00:56:48.037,2455007.53944,10.05,1.12,V,H,1290.0,1840.0,1990.0,other/LOG_temp_archive_9_2.csv,miniarchive,temp_archive_9_2,Disk,YALE-03A-0001,,4U1538-52,True,IR
binir090629.0170.fits,4U 1538-52,15:42:23.15,-52:23:09.7,2009-06-30,02:15:34.787,2455012.59416,10.0,1.08,I,J,1250.0,1920.0,1950.0,other/LOG_temp_archive_9_2.csv,miniarchive,temp_archive_9_2,Disk,YALE-03A-0001,,4U1538-52,True,IR
binir090630.0027.fits,4U 1538-52,15:42:23.16,-52:23:09.0,2009-06-30,23:17:07.841,2455013.47023,10.0,1.23,I,J,1250.0,1840.0,2030.0,other/LOG_temp_archive_9_2.csv,miniarchive,temp_archive_9_2,Disk,YALE-03A-0001,,4U1538-52,True,IR
binir090629.0164.fits,4U 1538-52,15:42:23.18,-52:23:10.4,2009-06-30,02:12:20.273,2455012.5919,15.05,1.08,B,K,1250.0,1880.0,1990.0,other/LOG_temp_archive_9_2.csv,miniarchive,temp_archive_9_2,Disk,YALE-03A-0001,,4U1538-52,True,IR
binir090629.0166.fits,4U 1538-52,15:42:23.19,-52:23:10.2,2009-06-30,02:13:23.117,2455012.59263,15.04,1.08,B,K,1210.0,1880.0,2030.0,other/LOG_temp_archive_9_2.csv,miniarchive,temp_archive_9_2,Disk,YALE-03A-0001,,4U1538-52,True,IR
binir090630.0025.fits,4U 1538-52,15:42:23.16,-52:23:08.9,2009-06-30,23:16:15.144,2455013.46962,10.0,1.23,I,J,1210.0,1880.0,2030.0,other/LOG_temp_archive_9_2.csv,miniarchive,temp_archive_9_2,Disk,YALE-03A-0001,,4U1538-52,True,IR
binir090630.0023.fits,4U 1538-52,15:42:23.15,-52:23:09.0,2009-06-30,23:15:22.374,2455013.46901,10.0,1.24,I,J,1250.0,1880.0,1990.0,other/LOG_temp_archive_9_2.csv,miniarchive,temp_archive_9_2,Disk,YALE-03A-0001,,4U1538-52,True,IR
binir090630.0018.fits,4U 1538-52,15:42:23.10,-52:23:09.2,2009-06-30,23:12:34.168,2455013.46706,15.05,1.24,B,K,1250.0,1880.0,1990.0,other/LOG_temp_archive_9_2.csv,miniarchive,temp_archive_9_2,Disk,YALE-03A-0001,,4U1538-52,True,IR
binir090630.0022.fits,4U 1538-52,15:42:23.15,-52:23:09.2,2009-06-30,23:14:39.764,2455013.46852,15.0,1.24,B,K,1250.0,1840.0,2030.0,other/LOG_temp_archive_9_2.csv,miniarchive,temp_archive_9_2,Disk,YALE-03A-0001,,4U1538-52,True,IR
binir090630.0021.fits,4U 1538-52,15:42:23.11,-52:23:09.1,2009-06-30,23:14:08.510,2455013.46816,15.05,1.24,B,K,1290.0,1840.0,1990.0,other/LOG_temp_archive_9_2.csv,miniarchive,temp_archive_9_2,Disk,YALE-03A-0001,,4U1538-52,True,IR
binir090630.0020.fits,4U 1538-52,15:42:23.14,-52:23:09.5,2009-06-30,23:13:36.951,2455013.46779,15.05,1.24,B,K,1210.0,1880.0,2030.0,other/LOG_temp_archive_9_2.csv,miniarchive,temp_archive_9_2,Disk,YALE-03A-0001,,4U1538-52,True,IR
binir090630.0019.fits,4U 1538-52,15:42:23.10,-52:23:09.2,2009-06-30,23:13:05.336,2455013.46742,15.05,1.24,B,K,1250.0,1920.0,1950.0,other/LOG_temp_archive_9_2.csv,miniarchive,temp_archive_9_2,Disk,YALE-03A-0001,,4U1538-52,True,IR
binir090630.0024.fits,4U 1538-52,15:42:23.14,-52:23:09.1,2009-06-30,23:15:48.571,2455013.46931,10.0,1.23,I,J,1250.0,1920.0,1950.0,other/LOG_temp_archive_9_2.csv,miniarchive,temp_archive_9_2,Disk,YALE-03A-0001,,4U1538-52,True,IR
binir090630.0032.fits,4U 1538-52,15:42:23.20,-52:23:09.0,2009-06-30,23:19:31.410,2455013.47189,10.0,1.23,V,H,1250.0,1840.0,2030.0,other/LOG_temp_archive_9_2.csv,miniarchive,temp_archive_9_2,Disk,YALE-03A-0001,,4U1538-52,True,IR
binir090630.0031.fits,4U 1538-52,15:42:23.19,-52:23:08.9,2009-06-30,23:19:05.136,2455013.47159,10.05,1.23,V,H,1290.0,1840.0,1990.0,other/LOG_temp_archive_9_2.csv,miniarchive,temp_archive_9_2,Disk,YALE-03A-0001,,4U1538-52,True,IR
binir090629.0167.fits,4U 1538-52,15:42:23.16,-52:23:10.2,2009-06-30,02:13:54.747,2455012.593,15.0,1.08,B,K,1290.0,1840.0,1990.0,other/LOG_temp_archive_9_2.csv,miniarchive,temp_archive_9_2,Disk,YALE-03A-0001,,4U1538-52,True,IR
binir090629.0176.fits,4U 1538-52,15:42:23.11,-52:23:09.4,2009-06-30,02:18:24.360,2455012.59612,10.05,1.09,V,H,1210.0,1880.0,2030.0,other/LOG_temp_archive_9_2.csv,miniarchive,temp_archive_9_2,Disk,YALE-03A-0001,,4U1538-52,True,IR
binir090629.0178.fits,4U 1538-52,15:42:23.11,-52:23:09.1,2009-06-30,02:19:17.662,2455012.59674,10.0,1.09,V,H,1250.0,1840.0,2030.0,other/LOG_temp_archive_9_2.csv,miniarchive,temp_archive_9_2,Disk,YALE-03A-0001,,4U1538-52,True,IR
binir090629.0175.fits,4U 1538-52,15:42:23.13,-52:23:09.4,2009-06-30,02:17:57.613,2455012.59581,10.0,1.09,V,H,1250.0,1920.0,1950.0,other/LOG_temp_archive_9_2.csv,miniarchive,temp_archive_9_2,Disk,YALE-03A-0001,,4U1538-52,True,IR
binir090629.0173.fits,4U 1538-52,15:42:23.15,-52:23:09.4,2009-06-30,02:16:54.265,2455012.59508,10.0,1.09,I,J,1250.0,1840.0,2030.0,other/LOG_temp_archive_9_2.csv,miniarchive,temp_archive_9_2,Disk,YALE-03A-0001,,4U1538-52,True,IR
binir090629.0174.fits,4U 1538-52,15:42:23.15,-52:23:09.5,2009-06-30,02:17:31.366,2455012.5955,10.05,1.09,V,H,1250.0,1880.0,1990.0,other/LOG_temp_archive_9_2.csv,miniarchive,temp_archive_9_2,Disk,YALE-03A-0001,,4U1538-52,True,IR
binir090629.0171.fits,4U 1538-52,15:42:23.17,-52:23:09.8,2009-06-30,02:16:01.463,2455012.59446,10.0,1.08,I,J,1210.0,1880.0,2030.0,other/LOG_temp_archive_9_2.csv,miniarchive,temp_archive_9_2,Disk,YALE-03A-0001,,4U1538-52,True,IR
binir090629.0177.fits,4U 1538-52,15:42:23.12,-52:23:09.3,2009-06-30,02:18:51.322,2455012.59643,10.0,1.09,V,H,1290.0,1840.0,1990.0,other/LOG_temp_archive_9_2.csv,miniarchive,temp_archive_9_2,Disk,YALE-03A-0001,,4U1538-52,True,IR
binir090630.0028.fits,4U 1538-52,15:42:23.14,-52:23:08.6,2009-06-30,23:17:45.330,2455013.47067,10.0,1.23,V,H,1250.0,1880.0,1990.0,other/LOG_temp_archive_9_2.csv,miniarchive,temp_archive_9_2,Disk,YALE-03A-0001,,4U1538-52,True,IR
binir090630.0029.fits,4U 1538-52,15:42:23.16,-52:23:09.0,2009-06-30,23:18:11.478,2455013.47097,10.0,1.23,V,H,1250.0,1920.0,1950.0,other/LOG_temp_archive_9_2.csv,miniarchive,temp_archive_9_2,Disk,YALE-03A-0001,,4U1538-52,True,IR
binir090630.0026.fits,4U 1538-52,15:42:23.15,-52:23:08.7,2009-06-30,23:16:41.583,2455013.46993,10.05,1.23,I,J,1290.0,1840.0,1990.0,other/LOG_temp_archive_9_2.csv,miniarchive,temp_archive_9_2,Disk,YALE-03A-0001,,4U1538-52,True,IR
binir090630.0030.fits,4U 1538-52,15:42:23.19,-52:23:09.0,2009-06-30,23:18:38.000,2455013.47128,10.0,1.23,V,H,1210.0,1880.0,2030.0,other/LOG_temp_archive_9_2.csv,miniarchive,temp_archive_9_2,Disk,YALE-03A-0001,,4U1538-52,True,IR
binir090825.0055.fits,4U 1538-52,15:42:23.14,-52:23:08.0,2009-08-26,00:51:28.059,2455069.53574,10.0,1.26,V,H,1210.0,1880.0,2030.0,other/LOG_temp_archive_9_2.csv,miniarchive,temp_archive_9_2,Disk,YALE-03A-0001,,4U1538-52,True,IR
binir090729.0060.fits,4U 1538-52,15:42:23.19,-52:23:09.1,2009-07-30,01:34:02.716,2455042.56531,15.05,1.14,B,K,1250.0,1840.0,2030.0,other/LOG_temp_archive_9_2.csv,miniarchive,temp_archive_9_2,Disk,YALE-03A-0001,,4U1538-52,True,IR
binir090801.0142.fits,4U 1538-52,15:42:20.89,-52:22:45.1,2009-08-02,02:26:09.934,2455045.6015,10.0,1.26,V,H,1250.0,1840.0,2030.0,other/LOG_temp_archive_9_2.csv,miniarchive,temp_archive_9_2,Disk,YALE-03A-0001,,4U1538-52,True,IR
binir090801.0141.fits,4U 1538-52,15:42:20.85,-52:22:45.4,2009-08-02,02:25:44.067,2455045.6012,10.0,1.25,V,H,1290.0,1840.0,1990.0,other/LOG_temp_archive_9_2.csv,miniarchive,temp_archive_9_2,Disk,YALE-03A-0001,,4U1538-52,True,IR
binir090801.0140.fits,4U 1538-52,15:42:20.90,-52:22:45.5,2009-08-02,02:25:18.490,2455045.6009,10.0,1.25,V,H,1210.0,1880.0,2030.0,other/LOG_temp_archive_9_2.csv,miniarchive,temp_archive_9_2,Disk,YALE-03A-0001,,4U1538-52,True,IR
binir090801.0139.fits,4U 1538-52,15:42:20.94,-52:22:45.7,2009-08-02,02:24:52.301,2455045.6006,10.0,1.25,V,H,1250.0,1920.0,1950.0,other/LOG_temp_archive_9_2.csv,miniarchive,temp_archive_9_2,Disk,YALE-03A-0001,,4U1538-52,True,IR
binir090801.0138.fits,4U 1538-52,15:42:20.92,-52:22:45.8,2009-08-02,02:24:26.363,2455045.6003,10.0,1.25,V,H,1250.0,1880.0,1990.0,other/LOG_temp_archive_9_2.csv,miniarchive,temp_archive_9_2,Disk,YALE-03A-0001,,4U1538-52,True,IR
binir090801.0136.fits,4U 1538-52,15:42:20.94,-52:22:46.1,2009-08-02,02:23:25.016,2455045.59959,10.05,1.25,I,J,1290.0,1840.0,1990.0,other/LOG_temp_archive_9_2.csv,miniarchive,temp_archive_9_2,Disk,YALE-03A-0001,,4U1538-52,True,IR
binir090801.0135.fits,4U 1538-52,15:42:20.94,-52:22:46.5,2009-08-02,02:22:58.772,2455045.59929,10.0,1.25,I,J,1210.0,1880.0,2030.0,other/LOG_temp_archive_9_2.csv,miniarchive,temp_archive_9_2,Disk,YALE-03A-0001,,4U1538-52,True,IR
binir090729.0061.fits,4U 1538-52,15:42:23.16,-52:23:09.5,2009-07-30,01:34:42.406,2455042.56577,10.05,1.14,I,J,1250.0,1880.0,1990.0,other/LOG_temp_archive_9_2.csv,miniarchive,temp_archive_9_2,Disk,YALE-03A-0001,,4U1538-52,True,IR
binir090729.0062.fits,4U 1538-52,15:42:23.17,-52:23:09.0,2009-07-30,01:35:08.322,2455042.56607,10.05,1.14,I,J,1250.0,1920.0,1950.0,other/LOG_temp_archive_9_2.csv,miniarchive,temp_archive_9_2,Disk,YALE-03A-0001,,4U1538-52,True,IR
binir090729.0063.fits,4U 1538-52,15:42:23.13,-52:23:09.0,2009-07-30,01:35:34.364,2455042.56637,10.05,1.14,I,J,1210.0,1880.0,2030.0,other/LOG_temp_archive_9_2.csv,miniarchive,temp_archive_9_2,Disk,YALE-03A-0001,,4U1538-52,True,IR
binir090729.0064.fits,4U 1538-52,15:42:23.12,-52:23:08.7,2009-07-30,01:36:00.504,2455042.56668,10.0,1.14,I,J,1290.0,1840.0,1990.0,other/LOG_temp_archive_9_2.csv,miniarchive,temp_archive_9_2,Disk,YALE-03A-0001,,4U1538-52,True,IR
binir090729.0066.fits,4U 1538-52,15:42:23.08,-52:23:08.8,2009-07-30,01:37:01.198,2455042.56738,10.0,1.15,V,H,1250.0,1880.0,1990.0,other/LOG_temp_archive_9_2.csv,miniarchive,temp_archive_9_2,Disk,YALE-03A-0001,,4U1538-52,True,IR
binir090729.0068.fits,4U 1538-52,15:42:23.05,-52:23:08.4,2009-07-30,01:37:53.139,2455042.56798,10.0,1.15,V,H,1210.0,1880.0,2030.0,other/LOG_temp_archive_9_2.csv,miniarchive,temp_archive_9_2,Disk,YALE-03A-0001,,4U1538-52,True,IR
binir090729.0067.fits,4U 1538-52,15:42:23.08,-52:23:08.5,2009-07-30,01:37:27.054,2455042.56768,10.0,1.15,V,H,1250.0,1920.0,1950.0,other/LOG_temp_archive_9_2.csv,miniarchive,temp_archive_9_2,Disk,YALE-03A-0001,,4U1538-52,True,IR
binir090729.0069.fits,4U 1538-52,15:42:23.08,-52:23:08.5,2009-07-30,01:38:18.908,2455042.56828,10.0,1.15,V,H,1290.0,1840.0,1990.0,other/LOG_temp_archive_9_2.csv,miniarchive,temp_archive_9_2,Disk,YALE-03A-0001,,4U1538-52,True,IR
binir090729.0065.fits,4U 1538-52,15:42:23.09,-52:23:09.0,2009-07-30,01:36:26.375,2455042.56698,10.0,1.14,I,J,1250.0,1840.0,2030.0,other/LOG_temp_archive_9_2.csv,miniarchive,temp_archive_9_2,Disk,YALE-03A-0001,,4U1538-52,True,IR
binir090801.0137.fits,4U 1538-52,15:42:20.90,-52:22:46.1,2009-08-02,02:23:50.972,2455045.59989,10.0,1.25,I,J,1250.0,1840.0,2030.0,other/LOG_temp_archive_9_2.csv,miniarchive,temp_archive_9_2,Disk,YALE-03A-0001,,4U1538-52,True,IR
binir090801.0133.fits,4U 1538-52,15:42:20.98,-52:22:47.1,2009-08-02,02:22:06.510,2455045.59868,10.05,1.25,I,J,1250.0,1880.0,1990.0,other/LOG_temp_archive_9_2.csv,miniarchive,temp_archive_9_2,Disk,YALE-03A-0001,,4U1538-52,True,IR
binir090801.0132.fits,4U 1538-52,15:42:20.98,-52:22:47.2,2009-08-02,02:21:26.515,2455045.59822,15.0,1.24,B,K,1250.0,1840.0,2030.0,other/LOG_temp_archive_9_2.csv,miniarchive,temp_archive_9_2,Disk,YALE-03A-0001,,4U1538-52,True,IR
binir090804.0109.fits,4U 1538-52,15:42:20.53,-52:22:41.7,2009-08-05,01:36:09.210,2455048.56677,10.0,1.18,V,H,1210.0,1880.0,2030.0,other/LOG_temp_archive_9_2.csv,miniarchive,temp_archive_9_2,Disk,YALE-03A-0001,,4U1538-52,True,IR
binir090804.0107.fits,4U 1538-52,15:42:20.54,-52:22:41.5,2009-08-05,01:35:17.240,2455048.56617,10.0,1.18,V,H,1250.0,1880.0,1990.0,other/LOG_temp_archive_9_2.csv,miniarchive,temp_archive_9_2,Disk,YALE-03A-0001,,4U1538-52,True,IR
binir090804.0106.fits,4U 1538-52,15:42:20.56,-52:22:41.1,2009-08-05,01:34:42.688,2455048.56577,10.0,1.18,I,J,1250.0,1840.0,2030.0,other/LOG_temp_archive_9_2.csv,miniarchive,temp_archive_9_2,Disk,YALE-03A-0001,,4U1538-52,True,IR
binir090804.0105.fits,4U 1538-52,15:42:20.54,-52:22:41.5,2009-08-05,01:34:16.756,2455048.56547,10.05,1.18,I,J,1290.0,1840.0,1990.0,other/LOG_temp_archive_9_2.csv,miniarchive,temp_archive_9_2,Disk,YALE-03A-0001,,4U1538-52,True,IR
binir090804.0104.fits,4U 1538-52,15:42:20.55,-52:22:41.2,2009-08-05,01:33:50.439,2455048.56516,10.05,1.18,I,J,1210.0,1880.0,2030.0,other/LOG_temp_archive_9_2.csv,miniarchive,temp_archive_9_2,Disk,YALE-03A-0001,,4U1538-52,True,IR
binir090804.0102.fits,4U 1538-52,15:42:20.55,-52:22:41.6,2009-08-05,01:32:58.294,2455048.56456,10.0,1.17,I,J,1250.0,1880.0,1990.0,other/LOG_temp_archive_9_2.csv,miniarchive,temp_archive_9_2,Disk,YALE-03A-0001,,4U1538-52,True,IR
binir090804.0101.fits,4U 1538-52,15:42:20.56,-52:22:41.3,2009-08-05,01:32:18.265,2455048.5641,15.0,1.17,B,K,1250.0,1840.0,2030.0,other/LOG_temp_archive_9_2.csv,miniarchive,temp_archive_9_2,Disk,YALE-03A-0001,,4U1538-52,True,IR
binir090804.0100.fits,4U 1538-52,15:42:20.59,-52:22:41.9,2009-08-05,01:31:47.385,2455048.56374,15.0,1.17,B,K,1290.0,1840.0,1990.0,other/LOG_temp_archive_9_2.csv,miniarchive,temp_archive_9_2,Disk,YALE-03A-0001,,4U1538-52,True,IR
binir090804.0099.fits,4U 1538-52,15:42:20.59,-52:22:42.0,2009-08-05,01:31:16.191,2455048.56338,15.05,1.17,B,K,1210.0,1880.0,2030.0,other/LOG_temp_archive_9_2.csv,miniarchive,temp_archive_9_2,Disk,YALE-03A-0001,,4U1538-52,True,IR
binir090804.0098.fits,4U 1538-52,15:42:20.62,-52:22:41.9,2009-08-05,01:30:45.113,2455048.56302,15.0,1.17,B,K,1250.0,1920.0,1950.0,other/LOG_temp_archive_9_2.csv,miniarchive,temp_archive_9_2,Disk,YALE-03A-0001,,4U1538-52,True,IR
binir090804.0097.fits,4U 1538-52,15:42:20.68,-52:22:42.3,2009-08-05,01:30:14.224,2455048.56266,15.0,1.17,B,K,1250.0,1880.0,1990.0,other/LOG_temp_archive_9_2.csv,miniarchive,temp_archive_9_2,Disk,YALE-03A-0001,,4U1538-52,True,IR
binir090804.0103.fits,4U 1538-52,15:42:20.56,-52:22:41.3,2009-08-05,01:33:24.195,2455048.56486,10.0,1.17,I,J,1250.0,1920.0,1950.0,other/LOG_temp_archive_9_2.csv,miniarchive,temp_archive_9_2,Disk,YALE-03A-0001,,4U1538-52,True,IR
binir090804.0108.fits,4U 1538-52,15:42:20.56,-52:22:40.8,2009-08-05,01:35:43.109,2455048.56647,10.0,1.18,V,H,1250.0,1920.0,1950.0,other/LOG_temp_archive_9_2.csv,miniarchive,temp_archive_9_2,Disk,YALE-03A-0001,,4U1538-52,True,IR
binir090804.0110.fits,4U 1538-52,15:42:20.58,-52:22:41.2,2009-08-05,01:36:34.836,2455048.56707,10.0,1.18,V,H,1290.0,1840.0,1990.0,other/LOG_temp_archive_9_2.csv,miniarchive,temp_archive_9_2,Disk,YALE-03A-0001,,4U1538-52,True,IR
binir090801.0131.fits,4U 1538-52,15:42:20.95,-52:22:47.5,2009-08-02,02:20:55.503,2455045.59786,15.05,1.24,B,K,1290.0,1840.0,1990.0,other/LOG_temp_archive_9_2.csv,miniarchive,temp_archive_9_2,Disk,YALE-03A-0001,,4U1538-52,True,IR
binir090804.0111.fits,4U 1538-52,15:42:20.55,-52:22:41.4,2009-08-05,01:37:00.672,2455048.56737,10.0,1.18,V,H,1250.0,1840.0,2030.0,other/LOG_temp_archive_9_2.csv,miniarchive,temp_archive_9_2,Disk,YALE-03A-0001,,4U1538-52,True,IR
binir090801.0130.fits,4U 1538-52,15:42:20.93,-52:22:47.2,2009-08-02,02:20:24.326,2455045.5975,15.05,1.24,B,K,1210.0,1880.0,2030.0,other/LOG_temp_archive_9_2.csv,miniarchive,temp_archive_9_2,Disk,YALE-03A-0001,,4U1538-52,True,IR
binir090801.0129.fits,4U 1538-52,15:42:21.02,-52:22:47.4,2009-08-02,02:19:53.039,2455045.59714,15.05,1.24,B,K,1250.0,1920.0,1950.0,other/LOG_temp_archive_9_2.csv,miniarchive,temp_archive_9_2,Disk,YALE-03A-0001,,4U1538-52,True,IR
binir090801.0128.fits,4U 1538-52,15:42:21.01,-52:22:47.6,2009-08-02,02:19:22.071,2455045.59678,15.0,1.24,B,K,1250.0,1880.0,1990.0,other/LOG_temp_archive_9_2.csv,miniarchive,temp_archive_9_2,Disk,YALE-03A-0001,,4U1538-52,True,IR
binir090801.0134.fits,4U 1538-52,15:42:20.97,-52:22:46.6,2009-08-02,02:22:32.552,2455045.59899,10.0,1.25,I,J,1250.0,1920.0,1950.0,other/LOG_temp_archive_9_2.csv,miniarchive,temp_archive_9_2,Disk,YALE-03A-0001,,4U1538-52,True,IR
binir090802.0079.fits,4U 1538-52,15:42:20.50,-52:22:45.9,2009-08-03,01:38:14.004,2455046.56822,15.0,1.17,B,K,1250.0,1840.0,2030.0,other/LOG_temp_archive_9_2.csv,miniarchive,temp_archive_9_2,Disk,YALE-03A-0001,,4U1538-52,True,IR
binir090802.0080.fits,4U 1538-52,15:42:20.48,-52:22:46.2,2009-08-03,01:38:53.426,2455046.56867,10.05,1.17,I,J,1250.0,1880.0,1990.0,other/LOG_temp_archive_9_2.csv,miniarchive,temp_archive_9_2,Disk,YALE-03A-0001,,4U1538-52,True,IR
binir090802.0075.fits,4U 1538-52,15:42:20.61,-52:22:46.8,2009-08-03,01:36:09.978,2455046.56678,15.05,1.17,B,K,1250.0,1880.0,1990.0,other/LOG_temp_archive_9_2.csv,miniarchive,temp_archive_9_2,Disk,YALE-03A-0001,,4U1538-52,True,IR
binir090802.0076.fits,4U 1538-52,15:42:20.57,-52:22:46.8,2009-08-03,01:36:40.887,2455046.56714,15.0,1.17,B,K,1250.0,1920.0,1950.0,other/LOG_temp_archive_9_2.csv,miniarchive,temp_archive_9_2,Disk,YALE-03A-0001,,4U1538-52,True,IR
binir090802.0081.fits,4U 1538-52,15:42:20.49,-52:22:45.4,2009-08-03,01:39:19.318,2455046.56897,10.05,1.17,I,J,1250.0,1920.0,1950.0,other/LOG_temp_archive_9_2.csv,miniarchive,temp_archive_9_2,Disk,YALE-03A-0001,,4U1538-52,True,IR
binir090802.0078.fits,4U 1538-52,15:42:20.54,-52:22:46.2,2009-08-03,01:37:43.035,2455046.56786,15.05,1.17,B,K,1290.0,1840.0,1990.0,other/LOG_temp_archive_9_2.csv,miniarchive,temp_archive_9_2,Disk,YALE-03A-0001,,4U1538-52,True,IR
binir090802.0077.fits,4U 1538-52,15:42:20.55,-52:22:46.9,2009-08-03,01:37:11.941,2455046.5675,15.0,1.17,B,K,1210.0,1880.0,2030.0,other/LOG_temp_archive_9_2.csv,miniarchive,temp_archive_9_2,Disk,YALE-03A-0001,,4U1538-52,True,IR
binir090802.0082.fits,4U 1538-52,15:42:20.50,-52:22:46.5,2009-08-03,01:39:45.388,2455046.56927,10.05,1.17,I,J,1210.0,1880.0,2030.0,other/LOG_temp_archive_9_2.csv,miniarchive,temp_archive_9_2,Disk,YALE-03A-0001,,4U1538-52,True,IR
binir090802.0089.fits,4U 1538-52,15:42:20.48,-52:22:45.9,2009-08-03,01:42:55.361,2455046.57147,10.0,1.18,V,H,1250.0,1840.0,2030.0,other/LOG_temp_archive_9_2.csv,miniarchive,temp_archive_9_2,Disk,YALE-03A-0001,,4U1538-52,True,IR
binir090802.0088.fits,4U 1538-52,15:42:20.46,-52:22:45.5,2009-08-03,01:42:29.478,2455046.57117,10.0,1.18,V,H,1290.0,1840.0,1990.0,other/LOG_temp_archive_9_2.csv,miniarchive,temp_archive_9_2,Disk,YALE-03A-0001,,4U1538-52,True,IR
binir090802.0087.fits,4U 1538-52,15:42:20.51,-52:22:46.4,2009-08-03,01:42:03.717,2455046.57087,10.0,1.18,V,H,1210.0,1880.0,2030.0,other/LOG_temp_archive_9_2.csv,miniarchive,temp_archive_9_2,Disk,YALE-03A-0001,,4U1538-52,True,IR
binir090802.0086.fits,4U 1538-52,15:42:20.47,-52:22:45.5,2009-08-03,01:41:37.683,2455046.57057,10.0,1.18,V,H,1250.0,1920.0,1950.0,other/LOG_temp_archive_9_2.csv,miniarchive,temp_archive_9_2,Disk,YALE-03A-0001,,4U1538-52,True,IR
binir090802.0085.fits,4U 1538-52,15:42:20.49,-52:22:46.5,2009-08-03,01:41:11.847,2455046.57028,10.0,1.17,V,H,1250.0,1880.0,1990.0,other/LOG_temp_archive_9_2.csv,miniarchive,temp_archive_9_2,Disk,YALE-03A-0001,,4U1538-52,True,IR
binir090802.0084.fits,4U 1538-52,15:42:20.48,-52:22:46.4,2009-08-03,01:40:37.474,2455046.56988,10.0,1.17,I,J,1250.0,1840.0,2030.0,other/LOG_temp_archive_9_2.csv,miniarchive,temp_archive_9_2,Disk,YALE-03A-0001,,4U1538-52,True,IR
binir090802.0083.fits,4U 1538-52,15:42:20.53,-52:22:46.1,2009-08-03,01:40:11.573,2455046.56958,10.05,1.17,I,J,1290.0,1840.0,1990.0,other/LOG_temp_archive_9_2.csv,miniarchive,temp_archive_9_2,Disk,YALE-03A-0001,,4U1538-52,True,IR
binir090729.0070.fits,4U 1538-52,15:42:23.08,-52:23:08.5,2009-07-30,01:38:44.870,2455042.56858,10.0,1.15,V,H,1250.0,1840.0,2030.0,other/LOG_temp_archive_9_2.csv,miniarchive,temp_archive_9_2,Disk,YALE-03A-0001,,4U1538-52,True,IR
binir090729.0059.fits,4U 1538-52,15:42:23.19,-52:23:09.5,2009-07-30,01:33:31.898,2455042.56496,15.0,1.14,B,K,1290.0,1840.0,1990.0,other/LOG_temp_archive_9_2.csv,miniarchive,temp_archive_9_2,Disk,YALE-03A-0001,,4U1538-52,True,IR
binir090725.0092.fits,4U 1538-52,15:42:23.28,-52:23:09.3,2009-07-26,00:27:21.245,2455038.519,10.0,1.08,V,H,1250.0,1920.0,1950.0,other/LOG_temp_archive_9_2.csv,miniarchive,temp_archive_9_2,Disk,YALE-03A-0001,,4U1538-52,True,IR
binir090725.0094.fits,4U 1538-52,15:42:23.27,-52:23:08.7,2009-07-26,00:28:13.155,2455038.5196,10.0,1.08,V,H,1290.0,1840.0,1990.0,other/LOG_temp_archive_9_2.csv,miniarchive,temp_archive_9_2,Disk,YALE-03A-0001,,4U1538-52,True,IR
binir090725.0093.fits,4U 1538-52,15:42:23.29,-52:23:08.9,2009-07-26,00:27:47.269,2455038.5193,10.0,1.08,V,H,1210.0,1880.0,2030.0,other/LOG_temp_archive_9_2.csv,miniarchive,temp_archive_9_2,Disk,YALE-03A-0001,,4U1538-52,True,IR
binir090725.0091.fits,4U 1538-52,15:42:23.29,-52:23:09.5,2009-07-26,00:26:55.438,2455038.5187,10.0,1.08,V,H,1250.0,1880.0,1990.0,other/LOG_temp_archive_9_2.csv,miniarchive,temp_archive_9_2,Disk,YALE-03A-0001,,4U1538-52,True,IR
binir090729.0058.fits,4U 1538-52,15:42:23.20,-52:23:09.9,2009-07-30,01:33:00.720,2455042.5646,15.05,1.14,B,K,1210.0,1880.0,2030.0,other/LOG_temp_archive_9_2.csv,miniarchive,temp_archive_9_2,Disk,YALE-03A-0001,,4U1538-52,True,IR
binir090725.0090.fits,4U 1538-52,15:42:23.26,-52:23:09.2,2009-07-26,00:26:20.451,2455038.51829,10.0,1.08,I,J,1250.0,1840.0,2030.0,other/LOG_temp_archive_9_2.csv,miniarchive,temp_archive_9_2,Disk,YALE-03A-0001,,4U1538-52,True,IR
binir090725.0089.fits,4U 1538-52,15:42:23.25,-52:23:09.4,2009-07-26,00:25:54.563,2455038.51799,10.0,1.08,I,J,1290.0,1840.0,1990.0,other/LOG_temp_archive_9_2.csv,miniarchive,temp_archive_9_2,Disk,YALE-03A-0001,,4U1538-52,True,IR
binir090725.0088.fits,4U 1538-52,15:42:23.25,-52:23:09.5,2009-07-26,00:25:28.511,2455038.51769,10.0,1.08,I,J,1210.0,1880.0,2030.0,other/LOG_temp_archive_9_2.csv,miniarchive,temp_archive_9_2,Disk,YALE-03A-0001,,4U1538-52,True,IR
binir090725.0087.fits,4U 1538-52,15:42:23.25,-52:23:09.6,2009-07-26,00:25:02.451,2455038.51739,10.0,1.08,I,J,1250.0,1920.0,1950.0,other/LOG_temp_archive_9_2.csv,miniarchive,temp_archive_9_2,Disk,YALE-03A-0001,,4U1538-52,True,IR
binir090725.0086.fits,4U 1538-52,15:42:23.27,-52:23:09.8,2009-07-26,00:24:36.581,2455038.51709,10.0,1.08,I,J,1250.0,1880.0,1990.0,other/LOG_temp_archive_9_2.csv,miniarchive,temp_archive_9_2,Disk,YALE-03A-0001,,4U1538-52,True,IR
binir090725.0085.fits,4U 1538-52,15:42:23.23,-52:23:09.9,2009-07-26,00:23:56.995,2455038.51663,15.05,1.08,B,K,1250.0,1840.0,2030.0,other/LOG_temp_archive_9_2.csv,miniarchive,temp_archive_9_2,Disk,YALE-03A-0001,,4U1538-52,True,IR
binir090725.0084.fits,4U 1538-52,15:42:23.25,-52:23:09.8,2009-07-26,00:23:26.069,2455038.51628,15.04,1.08,B,K,1290.0,1840.0,1990.0,other/LOG_temp_archive_9_2.csv,miniarchive,temp_archive_9_2,Disk,YALE-03A-0001,,4U1538-52,True,IR
binir090725.0083.fits,4U 1538-52,15:42:23.23,-52:23:10.1,2009-07-26,00:22:55.032,2455038.51592,15.0,1.08,B,K,1210.0,1880.0,2030.0,other/LOG_temp_archive_9_2.csv,miniarchive,temp_archive_9_2,Disk,YALE-03A-0001,,4U1538-52,True,IR
binir090725.0082.fits,4U 1538-52,15:42:23.22,-52:23:10.2,2009-07-26,00:22:23.871,2455038.51555,15.05,1.08,B,K,1250.0,1920.0,1950.0,other/LOG_temp_archive_9_2.csv,miniarchive,temp_archive_9_2,Disk,YALE-03A-0001,,4U1538-52,True,IR
binir090724.0094.fits,4U 1538-52,15:42:23.22,-52:23:09.5,2009-07-25,01:42:49.803,2455037.57141,15.05,1.13,B,K,1250.0,1840.0,2030.0,other/LOG_temp_archive_9_2.csv,miniarchive,temp_archive_9_2,Disk,YALE-03A-0001,,4U1538-52,True,IR
binir090724.0093.fits,4U 1538-52,15:42:23.22,-52:23:09.8,2009-07-25,01:42:18.917,2455037.57106,15.0,1.13,B,K,1290.0,1840.0,1990.0,other/LOG_temp_archive_9_2.csv,miniarchive,temp_archive_9_2,Disk,YALE-03A-0001,,4U1538-52,True,IR
binir090724.0092.fits,4U 1538-52,15:42:23.19,-52:23:09.3,2009-07-25,01:41:47.704,2455037.5707,15.05,1.13,B,K,1210.0,1880.0,2030.0,other/LOG_temp_archive_9_2.csv,miniarchive,temp_archive_9_2,Disk,YALE-03A-0001,,4U1538-52,True,IR
binir090724.0100.fits,4U 1538-52,15:42:23.22,-52:23:08.4,2009-07-25,01:45:48.345,2455037.57348,10.0,1.13,V,H,1250.0,1880.0,1990.0,other/LOG_temp_archive_9_2.csv,miniarchive,temp_archive_9_2,Disk,YALE-03A-0001,,4U1538-52,True,IR
binir090724.0099.fits,4U 1538-52,15:42:23.22,-52:23:08.7,2009-07-25,01:45:13.906,2455037.57308,10.0,1.13,I,J,1250.0,1840.0,2030.0,other/LOG_temp_archive_9_2.csv,miniarchive,temp_archive_9_2,Disk,YALE-03A-0001,,4U1538-52,True,IR
binir090725.0081.fits,4U 1538-52,15:42:23.22,-52:23:09.7,2009-07-26,00:21:52.959,2455038.5152,15.05,1.08,B,K,1250.0,1880.0,1990.0,other/LOG_temp_archive_9_2.csv,miniarchive,temp_archive_9_2,Disk,YALE-03A-0001,,4U1538-52,True,IR
binir090725.0095.fits,4U 1538-52,15:42:23.28,-52:23:08.6,2009-07-26,00:28:38.985,2455038.5199,10.05,1.08,V,H,1250.0,1840.0,2030.0,other/LOG_temp_archive_9_2.csv,miniarchive,temp_archive_9_2,Disk,YALE-03A-0001,,4U1538-52,True,IR
binir090728.0183.fits,4U 1538-52,15:42:23.13,-52:23:08.9,2009-07-29,03:05:59.700,2455041.62917,10.05,1.32,I,J,1210.0,1880.0,2030.0,other/LOG_temp_archive_9_2.csv,miniarchive,temp_archive_9_2,Disk,YALE-03A-0001,,4U1538-52,True,IR
binir090728.0188.fits,4U 1538-52,15:42:23.05,-52:23:08.7,2009-07-29,03:08:18.276,2455041.63077,10.0,1.33,V,H,1210.0,1880.0,2030.0,other/LOG_temp_archive_9_2.csv,miniarchive,temp_archive_9_2,Disk,YALE-03A-0001,,4U1538-52,True,IR
binir090728.0177.fits,4U 1538-52,15:42:23.19,-52:23:09.3,2009-07-29,03:02:54.353,2455041.62702,15.05,1.31,B,K,1250.0,1920.0,1950.0,other/LOG_temp_archive_9_2.csv,miniarchive,temp_archive_9_2,Disk,YALE-03A-0001,,4U1538-52,True,IR
binir090728.0179.fits,4U 1538-52,15:42:23.21,-52:23:09.1,2009-07-29,03:03:56.456,2455041.62774,15.05,1.31,B,K,1290.0,1840.0,1990.0,other/LOG_temp_archive_9_2.csv,miniarchive,temp_archive_9_2,Disk,YALE-03A-0001,,4U1538-52,True,IR
binir090728.0186.fits,4U 1538-52,15:42:23.10,-52:23:08.0,2009-07-29,03:07:26.195,2455041.63017,10.0,1.32,V,H,1250.0,1880.0,1990.0,other/LOG_temp_archive_9_2.csv,miniarchive,temp_archive_9_2,Disk,YALE-03A-0001,,4U1538-52,True,IR
binir090728.0180.fits,4U 1538-52,15:42:23.15,-52:23:09.0,2009-07-29,03:04:27.420,2455041.6281,15.0,1.32,B,K,1250.0,1840.0,2030.0,other/LOG_temp_archive_9_2.csv,miniarchive,temp_archive_9_2,Disk,YALE-03A-0001,,4U1538-52,True,IR
binir090728.0181.fits,4U 1538-52,15:42:23.19,-52:23:09.1,2009-07-29,03:05:07.299,2455041.62856,10.05,1.32,I,J,1250.0,1880.0,1990.0,other/LOG_temp_archive_9_2.csv,miniarchive,temp_archive_9_2,Disk,YALE-03A-0001,,4U1538-52,True,IR
binir090728.0182.fits,4U 1538-52,15:42:23.13,-52:23:09.1,2009-07-29,03:05:33.402,2455041.62886,10.0,1.32,I,J,1250.0,1920.0,1950.0,other/LOG_temp_archive_9_2.csv,miniarchive,temp_archive_9_2,Disk,YALE-03A-0001,,4U1538-52,True,IR
binir090728.0178.fits,4U 1538-52,15:42:23.17,-52:23:09.3,2009-07-29,03:03:25.403,2455041.62738,15.0,1.31,B,K,1210.0,1880.0,2030.0,other/LOG_temp_archive_9_2.csv,miniarchive,temp_archive_9_2,Disk,YALE-03A-0001,,4U1538-52,True,IR
binir090728.0187.fits,4U 1538-52,15:42:23.03,-52:23:08.8,2009-07-29,03:07:52.068,2455041.63047,10.0,1.33,V,H,1250.0,1920.0,1950.0,other/LOG_temp_archive_9_2.csv,miniarchive,temp_archive_9_2,Disk,YALE-03A-0001,,4U1538-52,True,IR
binir090728.0176.fits,4U 1538-52,15:42:23.13,-52:23:09.4,2009-07-29,03:02:23.454,2455041.62666,15.04,1.31,B,K,1250.0,1880.0,1990.0,other/LOG_temp_archive_9_2.csv,miniarchive,temp_archive_9_2,Disk,YALE-03A-0001,,4U1538-52,True,IR
binir090728.0184.fits,4U 1538-52,15:42:23.08,-52:23:09.0,2009-07-29,03:06:25.816,2455041.62947,10.05,1.32,I,J,1290.0,1840.0,1990.0,other/LOG_temp_archive_9_2.csv,miniarchive,temp_archive_9_2,Disk,YALE-03A-0001,,4U1538-52,True,IR
binir090728.0189.fits,4U 1538-52,15:42:23.07,-52:23:08.8,2009-07-29,03:08:43.843,2455041.63107,10.0,1.33,V,H,1290.0,1840.0,1990.0,other/LOG_temp_archive_9_2.csv,miniarchive,temp_archive_9_2,Disk,YALE-03A-0001,,4U1538-52,True,IR
binir090728.0190.fits,4U 1538-52,15:42:23.03,-52:23:09.0,2009-07-29,03:09:09.677,2455041.63136,10.0,1.33,V,H,1250.0,1840.0,2030.0,other/LOG_temp_archive_9_2.csv,miniarchive,temp_archive_9_2,Disk,YALE-03A-0001,,4U1538-52,True,IR
binir090728.0185.fits,4U 1538-52,15:42:23.11,-52:23:09.0,2009-07-29,03:06:51.750,2455041.62977,10.05,1.32,I,J,1250.0,1840.0,2030.0,other/LOG_temp_archive_9_2.csv,miniarchive,temp_archive_9_2,Disk,YALE-03A-0001,,4U1538-52,True,IR
binir090729.0056.fits,4U 1538-52,15:42:23.21,-52:23:09.9,2009-07-30,01:31:58.629,2455042.56388,15.0,1.14,B,K,1250.0,1880.0,1990.0,other/LOG_temp_archive_9_2.csv,miniarchive,temp_archive_9_2,Disk,YALE-03A-0001,,4U1538-52,True,IR
binir090729.0057.fits,4U 1538-52,15:42:23.24,-52:23:10.0,2009-07-30,01:32:29.451,2455042.56423,15.0,1.14,B,K,1250.0,1920.0,1950.0,other/LOG_temp_archive_9_2.csv,miniarchive,temp_archive_9_2,Disk,YALE-03A-0001,,4U1538-52,True,IR
binir090822.0167.fits,4U 1538-52,15:42:23.10,-52:23:09.0,2009-08-23,02:29:36.452,2455066.6039,15.05,1.56,B,K,1210.0,1880.0,2030.0,other/LOG_temp_archive_9_2.csv,miniarchive,temp_archive_9_2,Disk,YALE-03A-0001,,4U1538-52,True,IR
binir090822.0179.fits,4U 1538-52,15:42:22.93,-52:23:10.7,2009-08-23,02:35:20.911,2455066.60788,10.05,1.59,V,H,1250.0,1840.0,2030.0,other/LOG_temp_archive_9_2.csv,miniarchive,temp_archive_9_2,Disk,YALE-03A-0001,,4U1538-52,True,IR
binir090822.0177.fits,4U 1538-52,15:42:22.99,-52:23:10.4,2009-08-23,02:34:29.462,2455066.60729,10.05,1.58,V,H,1210.0,1880.0,2030.0,other/LOG_temp_archive_9_2.csv,miniarchive,temp_archive_9_2,Disk,YALE-03A-0001,,4U1538-52,True,IR
binir090822.0174.fits,4U 1538-52,15:42:22.99,-52:23:10.1,2009-08-23,02:33:02.925,2455066.60629,10.05,1.58,I,J,1250.0,1840.0,2030.0,other/LOG_temp_archive_9_2.csv,miniarchive,temp_archive_9_2,Disk,YALE-03A-0001,,4U1538-52,True,IR
binir090822.0173.fits,4U 1538-52,15:42:23.01,-52:23:10.3,2009-08-23,02:32:37.016,2455066.60599,10.05,1.57,I,J,1290.0,1840.0,1990.0,other/LOG_temp_archive_9_2.csv,miniarchive,temp_archive_9_2,Disk,YALE-03A-0001,,4U1538-52,True,IR
binir090822.0172.fits,4U 1538-52,15:42:23.00,-52:23:10.1,2009-08-23,02:32:10.979,2455066.60569,10.05,1.57,I,J,1210.0,1880.0,2030.0,other/LOG_temp_archive_9_2.csv,miniarchive,temp_archive_9_2,Disk,YALE-03A-0001,,4U1538-52,True,IR
binir090822.0171.fits,4U 1538-52,15:42:23.01,-52:23:10.2,2009-08-23,02:31:44.850,2455066.60539,10.05,1.57,I,J,1250.0,1920.0,1950.0,other/LOG_temp_archive_9_2.csv,miniarchive,temp_archive_9_2,Disk,YALE-03A-0001,,4U1538-52,True,IR
binir090822.0170.fits,4U 1538-52,15:42:23.01,-52:23:10.2,2009-08-23,02:31:18.823,2455066.60508,10.0,1.57,I,J,1250.0,1880.0,1990.0,other/LOG_temp_archive_9_2.csv,miniarchive,temp_archive_9_2,Disk,YALE-03A-0001,,4U1538-52,True,IR
binir090822.0169.fits,4U 1538-52,15:42:23.03,-52:23:10.0,2009-08-23,02:30:38.697,2455066.60462,15.0,1.56,B,K,1250.0,1840.0,2030.0,other/LOG_temp_archive_9_2.csv,miniarchive,temp_archive_9_2,Disk,YALE-03A-0001,,4U1538-52,True,IR
binir090822.0168.fits,4U 1538-52,15:42:23.09,-52:23:10.1,2009-08-23,02:30:07.780,2455066.60426,15.0,1.56,B,K,1290.0,1840.0,1990.0,other/LOG_temp_archive_9_2.csv,miniarchive,temp_archive_9_2,Disk,YALE-03A-0001,,4U1538-52,True,IR
binir090822.0166.fits,4U 1538-52,15:42:23.12,-52:23:10.4,2009-08-23,02:29:05.263,2455066.60354,15.0,1.56,B,K,1250.0,1920.0,1950.0,other/LOG_temp_archive_9_2.csv,miniarchive,temp_archive_9_2,Disk,YALE-03A-0001,,4U1538-52,True,IR
binir090822.0165.fits,4U 1538-52,15:42:23.15,-52:23:10.4,2009-08-23,02:28:34.404,2455066.60318,15.0,1.55,B,K,1250.0,1880.0,1990.0,other/LOG_temp_archive_9_2.csv,miniarchive,temp_archive_9_2,Disk,YALE-03A-0001,,4U1538-52,True,IR
binir090822.0176.fits,4U 1538-52,15:42:22.99,-52:23:10.2,2009-08-23,02:34:03.203,2455066.60699,10.0,1.58,V,H,1250.0,1920.0,1950.0,other/LOG_temp_archive_9_2.csv,miniarchive,temp_archive_9_2,Disk,YALE-03A-0001,,4U1538-52,True,IR
binir090822.0175.fits,4U 1538-52,15:42:22.97,-52:23:10.3,2009-08-23,02:33:37.390,2455066.60669,10.0,1.58,V,H,1250.0,1880.0,1990.0,other/LOG_temp_archive_9_2.csv,miniarchive,temp_archive_9_2,Disk,YALE-03A-0001,,4U1538-52,True,IR
binir090822.0178.fits,4U 1538-52,15:42:22.96,-52:23:10.4,2009-08-23,02:34:55.135,2455066.60759,10.0,1.59,V,H,1290.0,1840.0,1990.0,other/LOG_temp_archive_9_2.csv,miniarchive,temp_archive_9_2,Disk,YALE-03A-0001,,4U1538-52,True,IR
binir090824.0098.fits,4U 1538-52,15:42:23.13,-52:23:10.7,2009-08-25,01:16:10.734,2455068.5529,10.05,1.31,V,H,1250.0,1840.0,2030.0,other/LOG_temp_archive_9_2.csv,miniarchive,temp_archive_9_2,Disk,YALE-03A-0001,,4U1538-52,True,IR
binir090824.0096.fits,4U 1538-52,15:42:23.15,-52:23:10.5,2009-08-25,01:15:18.961,2455068.5523,10.05,1.31,V,H,1210.0,1880.0,2030.0,other/LOG_temp_archive_9_2.csv,miniarchive,temp_archive_9_2,Disk,YALE-03A-0001,,4U1538-52,True,IR
binir090824.0095.fits,4U 1538-52,15:42:23.11,-52:23:10.4,2009-08-25,01:14:52.942,2455068.552,10.0,1.31,V,H,1250.0,1920.0,1950.0,other/LOG_temp_archive_9_2.csv,miniarchive,temp_archive_9_2,Disk,YALE-03A-0001,,4U1538-52,True,IR
binir090824.0097.fits,4U 1538-52,15:42:23.18,-52:23:10.6,2009-08-25,01:15:44.830,2455068.5526,10.0,1.31,V,H,1290.0,1840.0,1990.0,other/LOG_temp_archive_9_2.csv,miniarchive,temp_archive_9_2,Disk,YALE-03A-0001,,4U1538-52,True,IR
binir090824.0093.fits,4U 1538-52,15:42:23.19,-52:23:10.2,2009-08-25,01:13:52.201,2455068.5513,10.0,1.3,I,J,1250.0,1840.0,2030.0,other/LOG_temp_archive_9_2.csv,miniarchive,temp_archive_9_2,Disk,YALE-03A-0001,,4U1538-52,True,IR
binir090824.0092.fits,4U 1538-52,15:42:23.18,-52:23:10.3,2009-08-25,01:13:26.305,2455068.551,10.0,1.3,I,J,1290.0,1840.0,1990.0,other/LOG_temp_archive_9_2.csv,miniarchive,temp_archive_9_2,Disk,YALE-03A-0001,,4U1538-52,True,IR
binir090824.0091.fits,4U 1538-52,15:42:23.20,-52:23:10.2,2009-08-25,01:13:00.247,2455068.5507,10.0,1.3,I,J,1210.0,1880.0,2030.0,other/LOG_temp_archive_9_2.csv,miniarchive,temp_archive_9_2,Disk,YALE-03A-0001,,4U1538-52,True,IR
binir090824.0090.fits,4U 1538-52,15:42:23.17,-52:23:10.2,2009-08-25,01:12:34.175,2455068.5504,10.0,1.3,I,J,1250.0,1920.0,1950.0,other/LOG_temp_archive_9_2.csv,miniarchive,temp_archive_9_2,Disk,YALE-03A-0001,,4U1538-52,True,IR
binir090824.0094.fits,4U 1538-52,15:42:23.15,-52:23:10.2,2009-08-25,01:14:27.063,2455068.5517,10.0,1.3,V,H,1250.0,1880.0,1990.0,other/LOG_temp_archive_9_2.csv,miniarchive,temp_archive_9_2,Disk,YALE-03A-0001,,4U1538-52,True,IR
binir090824.0088.fits,4U 1538-52,15:42:23.16,-52:23:09.9,2009-08-25,01:11:28.611,2455068.54964,15.05,1.3,B,K,1250.0,1840.0,2030.0,other/LOG_temp_archive_9_2.csv,miniarchive,temp_archive_9_2,Disk,YALE-03A-0001,,4U1538-52,True,IR
binir090825.0043.fits,4U 1538-52,15:42:23.16,-52:23:09.6,2009-08-26,00:45:34.146,2455069.53165,15.0,1.24,B,K,1250.0,1880.0,1990.0,other/LOG_temp_archive_9_2.csv,miniarchive,temp_archive_9_2,Disk,YALE-03A-0001,,4U1538-52,True,IR
binir090825.0044.fits,4U 1538-52,15:42:23.18,-52:23:09.6,2009-08-26,00:46:05.017,2455069.532,15.0,1.24,B,K,1250.0,1920.0,1950.0,other/LOG_temp_archive_9_2.csv,miniarchive,temp_archive_9_2,Disk,YALE-03A-0001,,4U1538-52,True,IR
binir090825.0045.fits,4U 1538-52,15:42:23.22,-52:23:09.6,2009-08-26,00:46:36.077,2455069.53236,15.04,1.24,B,K,1210.0,1880.0,2030.0,other/LOG_temp_archive_9_2.csv,miniarchive,temp_archive_9_2,Disk,YALE-03A-0001,,4U1538-52,True,IR
binir090825.0046.fits,4U 1538-52,15:42:23.23,-52:23:09.6,2009-08-26,00:47:07.221,2455069.53272,15.0,1.24,B,K,1290.0,1840.0,1990.0,other/LOG_temp_archive_9_2.csv,miniarchive,temp_archive_9_2,Disk,YALE-03A-0001,,4U1538-52,True,IR
binir090825.0047.fits,4U 1538-52,15:42:23.16,-52:23:09.6,2009-08-26,00:47:38.113,2455069.53308,15.0,1.25,B,K,1250.0,1840.0,2030.0,other/LOG_temp_archive_9_2.csv,miniarchive,temp_archive_9_2,Disk,YALE-03A-0001,,4U1538-52,True,IR
binir090825.0048.fits,4U 1538-52,15:42:23.13,-52:23:08.9,2009-08-26,00:48:17.433,2455069.53354,10.0,1.25,I,J,1250.0,1880.0,1990.0,other/LOG_temp_archive_9_2.csv,miniarchive,temp_archive_9_2,Disk,YALE-03A-0001,,4U1538-52,True,IR
binir090825.0050.fits,4U 1538-52,15:42:23.13,-52:23:08.5,2009-08-26,00:49:09.410,2455069.53414,10.05,1.25,I,J,1210.0,1880.0,2030.0,other/LOG_temp_archive_9_2.csv,miniarchive,temp_archive_9_2,Disk,YALE-03A-0001,,4U1538-52,True,IR
binir090825.0049.fits,4U 1538-52,15:42:23.16,-52:23:08.6,2009-08-26,00:48:43.259,2455069.53384,10.0,1.25,I,J,1250.0,1920.0,1950.0,other/LOG_temp_archive_9_2.csv,miniarchive,temp_archive_9_2,Disk,YALE-03A-0001,,4U1538-52,True,IR
binir090825.0057.fits,4U 1538-52,15:42:23.13,-52:23:07.7,2009-08-26,00:52:19.413,2455069.53634,10.0,1.26,V,H,1250.0,1840.0,2030.0,other/LOG_temp_archive_9_2.csv,miniarchive,temp_archive_9_2,Disk,YALE-03A-0001,,4U1538-52,True,IR
binir090825.0056.fits,4U 1538-52,15:42:23.10,-52:23:07.7,2009-08-26,00:51:53.578,2455069.53604,10.0,1.26,V,H,1290.0,1840.0,1990.0,other/LOG_temp_archive_9_2.csv,miniarchive,temp_archive_9_2,Disk,YALE-03A-0001,,4U1538-52,True,IR
binir090824.0087.fits,4U 1538-52,15:42:23.18,-52:23:09.9,2009-08-25,01:10:57.717,2455068.54928,15.04,1.29,B,K,1290.0,1840.0,1990.0,other/LOG_temp_archive_9_2.csv,miniarchive,temp_archive_9_2,Disk,YALE-03A-0001,,4U1538-52,True,IR
binir090824.0084.fits,4U 1538-52,15:42:23.24,-52:23:09.8,2009-08-25,01:09:24.309,2455068.5482,15.0,1.29,B,K,1250.0,1880.0,1990.0,other/LOG_temp_archive_9_2.csv,miniarchive,temp_archive_9_2,Disk,YALE-03A-0001,,4U1538-52,True,IR
binir090824.0089.fits,4U 1538-52,15:42:23.18,-52:23:09.8,2009-08-25,01:12:08.251,2455068.5501,10.0,1.3,I,J,1250.0,1880.0,1990.0,other/LOG_temp_archive_9_2.csv,miniarchive,temp_archive_9_2,Disk,YALE-03A-0001,,4U1538-52,True,IR
binir090824.0086.fits,4U 1538-52,15:42:23.18,-52:23:09.8,2009-08-25,01:10:26.489,2455068.54892,15.05,1.29,B,K,1210.0,1880.0,2030.0,other/LOG_temp_archive_9_2.csv,miniarchive,temp_archive_9_2,Disk,YALE-03A-0001,,4U1538-52,True,IR
binir090824.0085.fits,4U 1538-52,15:42:23.17,-52:23:09.8,2009-08-25,01:09:55.295,2455068.54856,15.0,1.29,B,K,1250.0,1920.0,1950.0,other/LOG_temp_archive_9_2.csv,miniarchive,temp_archive_9_2,Disk,YALE-03A-0001,,4U1538-52,True,IR
binir090809.0105.fits,4U 1538-52,15:42:23.21,-52:23:09.2,2009-08-10,01:40:13.675,2455053.5696,10.0,1.22,V,H,1250.0,1880.0,1990.0,other/LOG_temp_archive_9_2.csv,miniarchive,temp_archive_9_2,Disk,YALE-03A-0001,,4U1538-52,True,IR
binir090809.0106.fits,4U 1538-52,15:42:23.19,-52:23:09.1,2009-08-10,01:40:39.531,2455053.5699,10.0,1.22,V,H,1250.0,1920.0,1950.0,other/LOG_temp_archive_9_2.csv,miniarchive,temp_archive_9_2,Disk,YALE-03A-0001,,4U1538-52,True,IR
binir090809.0107.fits,4U 1538-52,15:42:23.24,-52:23:09.2,2009-08-10,01:41:05.589,2455053.57021,10.05,1.23,V,H,1210.0,1880.0,2030.0,other/LOG_temp_archive_9_2.csv,miniarchive,temp_archive_9_2,Disk,YALE-03A-0001,,4U1538-52,True,IR
binir090809.0104.fits,4U 1538-52,15:42:23.24,-52:23:09.4,2009-08-10,01:39:39.256,2455053.5692,10.0,1.22,I,J,1250.0,1840.0,2030.0,other/LOG_temp_archive_9_2.csv,miniarchive,temp_archive_9_2,Disk,YALE-03A-0001,,4U1538-52,True,IR
binir090809.0108.fits,4U 1538-52,15:42:23.26,-52:23:09.2,2009-08-10,01:41:31.410,2455053.5705,10.0,1.23,V,H,1290.0,1840.0,1990.0,other/LOG_temp_archive_9_2.csv,miniarchive,temp_archive_9_2,Disk,YALE-03A-0001,,4U1538-52,True,IR
binir090809.0103.fits,4U 1538-52,15:42:23.22,-52:23:09.3,2009-08-10,01:39:13.342,2455053.56891,10.05,1.22,I,J,1290.0,1840.0,1990.0,other/LOG_temp_archive_9_2.csv,miniarchive,temp_archive_9_2,Disk,YALE-03A-0001,,4U1538-52,True,IR
binir090809.0100.fits,4U 1538-52,15:42:23.17,-52:23:09.5,2009-08-10,01:37:55.342,2455053.568,10.0,1.22,I,J,1250.0,1880.0,1990.0,other/LOG_temp_archive_9_2.csv,miniarchive,temp_archive_9_2,Disk,YALE-03A-0001,,4U1538-52,True,IR
binir090809.0109.fits,4U 1538-52,15:42:23.22,-52:23:08.8,2009-08-10,01:41:57.237,2455053.5708,10.05,1.23,V,H,1250.0,1840.0,2030.0,other/LOG_temp_archive_9_2.csv,miniarchive,temp_archive_9_2,Disk,YALE-03A-0001,,4U1538-52,True,IR
binir090809.0098.fits,4U 1538-52,15:42:23.10,-52:23:09.4,2009-08-10,01:36:44.824,2455053.56719,15.0,1.22,B,K,1290.0,1840.0,1990.0,other/LOG_temp_archive_9_2.csv,miniarchive,temp_archive_9_2,Disk,YALE-03A-0001,,4U1538-52,True,IR
binir090809.0099.fits,4U 1538-52,15:42:23.23,-52:23:09.6,2009-08-10,01:37:15.725,2455053.56755,15.05,1.22,B,K,1250.0,1840.0,2030.0,other/LOG_temp_archive_9_2.csv,miniarchive,temp_archive_9_2,Disk,YALE-03A-0001,,4U1538-52,True,IR
binir090809.0097.fits,4U 1538-52,15:42:23.22,-52:23:09.5,2009-08-10,01:36:13.510,2455053.56682,15.05,1.22,B,K,1210.0,1880.0,2030.0,other/LOG_temp_archive_9_2.csv,miniarchive,temp_archive_9_2,Disk,YALE-03A-0001,,4U1538-52,True,IR
binir090809.0102.fits,4U 1538-52,15:42:23.24,-52:23:09.5,2009-08-10,01:38:47.214,2455053.5686,10.05,1.22,I,J,1210.0,1880.0,2030.0,other/LOG_temp_archive_9_2.csv,miniarchive,temp_archive_9_2,Disk,YALE-03A-0001,,4U1538-52,True,IR
binir090809.0101.fits,4U 1538-52,15:42:23.22,-52:23:09.4,2009-08-10,01:38:21.199,2455053.5683,10.0,1.22,I,J,1250.0,1920.0,1950.0,other/LOG_temp_archive_9_2.csv,miniarchive,temp_archive_9_2,Disk,YALE-03A-0001,,4U1538-52,True,IR
binir090809.0095.fits,4U 1538-52,15:42:23.22,-52:23:09.8,2009-08-10,01:35:11.499,2455053.56611,15.05,1.21,B,K,1250.0,1880.0,1990.0,other/LOG_temp_archive_9_2.csv,miniarchive,temp_archive_9_2,Disk,YALE-03A-0001,,4U1538-52,True,IR
binir090809.0096.fits,4U 1538-52,15:42:23.17,-52:23:09.6,2009-08-10,01:35:42.402,2455053.56646,15.0,1.21,B,K,1250.0,1920.0,1950.0,other/LOG_temp_archive_9_2.csv,miniarchive,temp_archive_9_2,Disk,YALE-03A-0001,,4U1538-52,True,IR
binir090813.0158.fits,4U 1538-52,15:42:20.59,-52:22:42.1,2009-08-14,01:33:40.796,2455057.56505,10.05,1.24,V,H,1210.0,1880.0,2030.0,other/LOG_temp_archive_9_2.csv,miniarchive,temp_archive_9_2,Disk,YALE-03A-0001,,4U1538-52,True,IR
binir090813.0147.fits,4U 1538-52,15:42:20.57,-52:22:42.2,2009-08-14,01:28:15.391,2455057.56129,15.0,1.23,B,K,1250.0,1920.0,1950.0,other/LOG_temp_archive_9_2.csv,miniarchive,temp_archive_9_2,Disk,YALE-03A-0001,,4U1538-52,True,IR
binir090813.0146.fits,4U 1538-52,15:42:20.56,-52:22:42.7,2009-08-14,01:27:44.454,2455057.56093,15.0,1.23,B,K,1250.0,1880.0,1990.0,other/LOG_temp_archive_9_2.csv,miniarchive,temp_archive_9_2,Disk,YALE-03A-0001,,4U1538-52,True,IR
binir090813.0160.fits,4U 1538-52,15:42:20.58,-52:22:42.7,2009-08-14,01:34:32.407,2455057.56565,10.05,1.25,V,H,1250.0,1840.0,2030.0,other/LOG_temp_archive_9_2.csv,miniarchive,temp_archive_9_2,Disk,YALE-03A-0001,,4U1538-52,True,IR
binir090814.0099.fits,4U 1538-52,15:42:20.93,-52:22:46.3,2009-08-15,01:23:02.884,2455058.55767,15.05,1.23,B,K,1250.0,1840.0,2030.0,other/LOG_temp_archive_9_2.csv,miniarchive,temp_archive_9_2,Disk,YALE-03A-0001,,4U1538-52,True,IR
binir090814.0097.fits,4U 1538-52,15:42:20.96,-52:22:46.4,2009-08-15,01:22:00.721,2455058.55695,15.0,1.23,B,K,1210.0,1880.0,2030.0,other/LOG_temp_archive_9_2.csv,miniarchive,temp_archive_9_2,Disk,YALE-03A-0001,,4U1538-52,True,IR
binir090814.0109.fits,4U 1538-52,15:42:21.00,-52:22:45.9,2009-08-15,01:27:48.000,2455058.56097,10.0,1.24,V,H,1250.0,1840.0,2030.0,other/LOG_temp_archive_9_2.csv,miniarchive,temp_archive_9_2,Disk,YALE-03A-0001,,4U1538-52,True,IR
binir090814.0098.fits,4U 1538-52,15:42:20.98,-52:22:46.2,2009-08-15,01:22:31.999,2455058.55731,15.0,1.23,B,K,1290.0,1840.0,1990.0,other/LOG_temp_archive_9_2.csv,miniarchive,temp_archive_9_2,Disk,YALE-03A-0001,,4U1538-52,True,IR
binir090814.0108.fits,4U 1538-52,15:42:21.01,-52:22:45.9,2009-08-15,01:27:21.853,2455058.56067,10.0,1.24,V,H,1290.0,1840.0,1990.0,other/LOG_temp_archive_9_2.csv,miniarchive,temp_archive_9_2,Disk,YALE-03A-0001,,4U1538-52,True,IR
binir090814.0100.fits,4U 1538-52,15:42:20.95,-52:22:46.2,2009-08-15,01:23:43.047,2455058.55814,10.05,1.23,I,J,1250.0,1880.0,1990.0,other/LOG_temp_archive_9_2.csv,miniarchive,temp_archive_9_2,Disk,YALE-03A-0001,,4U1538-52,True,IR
binir090814.0101.fits,4U 1538-52,15:42:20.97,-52:22:46.3,2009-08-15,01:24:09.021,2455058.55844,10.05,1.23,I,J,1250.0,1920.0,1950.0,other/LOG_temp_archive_9_2.csv,miniarchive,temp_archive_9_2,Disk,YALE-03A-0001,,4U1538-52,True,IR
binir090814.0102.fits,4U 1538-52,15:42:20.99,-52:22:46.4,2009-08-15,01:24:35.528,2455058.55874,10.0,1.23,I,J,1210.0,1880.0,2030.0,other/LOG_temp_archive_9_2.csv,miniarchive,temp_archive_9_2,Disk,YALE-03A-0001,,4U1538-52,True,IR
binir090814.0095.fits,4U 1538-52,15:42:20.93,-52:22:46.3,2009-08-15,01:20:58.404,2455058.55623,15.0,1.22,B,K,1250.0,1880.0,1990.0,other/LOG_temp_archive_9_2.csv,miniarchive,temp_archive_9_2,Disk,YALE-03A-0001,,4U1538-52,True,IR
binir090814.0104.fits,4U 1538-52,15:42:20.98,-52:22:46.0,2009-08-15,01:25:28.049,2455058.55935,10.0,1.23,I,J,1250.0,1840.0,2030.0,other/LOG_temp_archive_9_2.csv,miniarchive,temp_archive_9_2,Disk,YALE-03A-0001,,4U1538-52,True,IR
binir090814.0103.fits,4U 1538-52,15:42:21.02,-52:22:46.4,2009-08-15,01:25:02.013,2455058.55905,10.0,1.23,I,J,1290.0,1840.0,1990.0,other/LOG_temp_archive_9_2.csv,miniarchive,temp_archive_9_2,Disk,YALE-03A-0001,,4U1538-52,True,IR
binir090814.0105.fits,4U 1538-52,15:42:20.99,-52:22:46.1,2009-08-15,01:26:03.444,2455058.55976,10.05,1.24,V,H,1250.0,1880.0,1990.0,other/LOG_temp_archive_9_2.csv,miniarchive,temp_archive_9_2,Disk,YALE-03A-0001,,4U1538-52,True,IR
binir090814.0106.fits,4U 1538-52,15:42:20.94,-52:22:45.9,2009-08-15,01:26:29.573,2455058.56006,10.05,1.24,V,H,1250.0,1920.0,1950.0,other/LOG_temp_archive_9_2.csv,miniarchive,temp_archive_9_2,Disk,YALE-03A-0001,,4U1538-52,True,IR
binir090814.0107.fits,4U 1538-52,15:42:20.99,-52:22:46.0,2009-08-15,01:26:55.998,2455058.56037,10.0,1.24,V,H,1210.0,1880.0,2030.0,other/LOG_temp_archive_9_2.csv,miniarchive,temp_archive_9_2,Disk,YALE-03A-0001,,4U1538-52,True,IR
binir090814.0096.fits,4U 1538-52,15:42:20.98,-52:22:46.1,2009-08-15,01:21:29.428,2455058.55659,15.0,1.23,B,K,1250.0,1920.0,1950.0,other/LOG_temp_archive_9_2.csv,miniarchive,temp_archive_9_2,Disk,YALE-03A-0001,,4U1538-52,True,IR
binir090813.0157.fits,4U 1538-52,15:42:20.59,-52:22:42.0,2009-08-14,01:33:14.408,2455057.56475,10.05,1.24,V,H,1250.0,1920.0,1950.0,other/LOG_temp_archive_9_2.csv,miniarchive,temp_archive_9_2,Disk,YALE-03A-0001,,4U1538-52,True,IR
binir090813.0159.fits,4U 1538-52,15:42:20.60,-52:22:42.2,2009-08-14,01:34:06.504,2455057.56535,10.0,1.24,V,H,1290.0,1840.0,1990.0,other/LOG_temp_archive_9_2.csv,miniarchive,temp_archive_9_2,Disk,YALE-03A-0001,,4U1538-52,True,IR
binir090813.0148.fits,4U 1538-52,15:42:20.57,-52:22:42.9,2009-08-14,01:28:46.782,2455057.56165,15.0,1.23,B,K,1210.0,1880.0,2030.0,other/LOG_temp_archive_9_2.csv,miniarchive,temp_archive_9_2,Disk,YALE-03A-0001,,4U1538-52,True,IR
binir090813.0154.fits,4U 1538-52,15:42:20.52,-52:22:42.3,2009-08-14,01:31:47.465,2455057.56374,10.0,1.24,I,J,1290.0,1840.0,1990.0,other/LOG_temp_archive_9_2.csv,miniarchive,temp_archive_9_2,Disk,YALE-03A-0001,,4U1538-52,True,IR
binir090813.0155.fits,4U 1538-52,15:42:20.57,-52:22:42.2,2009-08-14,01:32:13.384,2455057.56404,10.0,1.24,I,J,1250.0,1840.0,2030.0,other/LOG_temp_archive_9_2.csv,miniarchive,temp_archive_9_2,Disk,YALE-03A-0001,,4U1538-52,True,IR
binir090813.0152.fits,4U 1538-52,15:42:20.53,-52:22:41.7,2009-08-14,01:30:54.995,2455057.56313,10.05,1.24,I,J,1250.0,1920.0,1950.0,other/LOG_temp_archive_9_2.csv,miniarchive,temp_archive_9_2,Disk,YALE-03A-0001,,4U1538-52,True,IR
binir090813.0151.fits,4U 1538-52,15:42:20.55,-52:22:42.1,2009-08-14,01:30:29.135,2455057.56284,10.0,1.24,I,J,1250.0,1880.0,1990.0,other/LOG_temp_archive_9_2.csv,miniarchive,temp_archive_9_2,Disk,YALE-03A-0001,,4U1538-52,True,IR
binir090813.0150.fits,4U 1538-52,15:42:20.51,-52:22:42.1,2009-08-14,01:29:48.858,2455057.56237,15.05,1.23,B,K,1250.0,1840.0,2030.0,other/LOG_temp_archive_9_2.csv,miniarchive,temp_archive_9_2,Disk,YALE-03A-0001,,4U1538-52,True,IR
binir090813.0156.fits,4U 1538-52,15:42:20.57,-52:22:42.3,2009-08-14,01:32:48.546,2455057.56445,10.0,1.24,V,H,1250.0,1880.0,1990.0,other/LOG_temp_archive_9_2.csv,miniarchive,temp_archive_9_2,Disk,YALE-03A-0001,,4U1538-52,True,IR
binir090813.0149.fits,4U 1538-52,15:42:20.58,-52:22:42.1,2009-08-14,01:29:17.950,2455057.56201,15.05,1.23,B,K,1290.0,1840.0,1990.0,other/LOG_temp_archive_9_2.csv,miniarchive,temp_archive_9_2,Disk,YALE-03A-0001,,4U1538-52,True,IR
binir090813.0153.fits,4U 1538-52,15:42:20.56,-52:22:42.3,2009-08-14,01:31:21.281,2455057.56344,10.0,1.24,I,J,1210.0,1880.0,2030.0,other/LOG_temp_archive_9_2.csv,miniarchive,temp_archive_9_2,Disk,YALE-03A-0001,,4U1538-52,True,IR
binir090724.0095.fits,4U 1538-52,15:42:23.21,-52:23:09.0,2009-07-25,01:43:29.763,2455037.57188,10.05,1.13,I,J,1250.0,1880.0,1990.0,other/LOG_temp_archive_9_2.csv,miniarchive,temp_archive_9_2,Disk,YALE-03A-0001,,4U1538-52,True,IR
binir090724.0096.fits,4U 1538-52,15:42:23.19,-52:23:08.8,2009-07-25,01:43:55.726,2455037.57218,10.0,1.13,I,J,1250.0,1920.0,1950.0,other/LOG_temp_archive_9_2.csv,miniarchive,temp_archive_9_2,Disk,YALE-03A-0001,,4U1538-52,True,IR
binir090724.0097.fits,4U 1538-52,15:42:23.21,-52:23:08.7,2009-07-25,01:44:21.915,2455037.57248,10.0,1.13,I,J,1210.0,1880.0,2030.0,other/LOG_temp_archive_9_2.csv,miniarchive,temp_archive_9_2,Disk,YALE-03A-0001,,4U1538-52,True,IR
binir090709.0102.fits,4U 1538-52,15:42:23.19,-52:23:08.8,2009-07-10,01:44:01.172,2455022.57224,10.0,1.09,I,J,1250.0,1840.0,2030.0,other/LOG_temp_archive_9_2.csv,miniarchive,temp_archive_9_2,Disk,YALE-03A-0001,,4U1538-52,True,IR
binir090708.0115.fits,4U 1538-52,15:42:20.67,-52:22:54.8,2009-07-09,02:02:50.119,2455021.5853,10.0,1.09,V,H,1250.0,1840.0,2030.0,other/LOG_temp_archive_9_2.csv,miniarchive,temp_archive_9_2,Disk,YALE-03A-0001,,4U1538-52,True,IR
binir090708.0102.fits,4U 1538-52,15:42:20.78,-52:22:57.0,2009-07-09,01:56:25.345,2455021.58085,15.05,1.09,B,K,1250.0,1920.0,1950.0,other/LOG_temp_archive_9_2.csv,miniarchive,temp_archive_9_2,Disk,YALE-03A-0001,,4U1538-52,True,IR
binir090708.0101.fits,4U 1538-52,15:42:20.82,-52:22:57.1,2009-07-09,01:55:53.987,2455021.58048,15.05,1.09,B,K,1250.0,1880.0,1990.0,other/LOG_temp_archive_9_2.csv,miniarchive,temp_archive_9_2,Disk,YALE-03A-0001,,4U1538-52,True,IR
binir090709.0106.fits,4U 1538-52,15:42:23.25,-52:23:09.3,2009-07-10,01:45:58.320,2455022.5736,10.0,1.09,V,H,1290.0,1840.0,1990.0,other/LOG_temp_archive_9_2.csv,miniarchive,temp_archive_9_2,Disk,YALE-03A-0001,,4U1538-52,True,IR
binir090709.0105.fits,4U 1538-52,15:42:23.23,-52:23:09.0,2009-07-10,01:45:31.269,2455022.57328,10.0,1.09,V,H,1210.0,1880.0,2030.0,other/LOG_temp_archive_9_2.csv,miniarchive,temp_archive_9_2,Disk,YALE-03A-0001,,4U1538-52,True,IR
binir090709.0104.fits,4U 1538-52,15:42:23.23,-52:23:09.2,2009-07-10,01:45:04.682,2455022.57298,10.05,1.09,V,H,1250.0,1920.0,1950.0,other/LOG_temp_archive_9_2.csv,miniarchive,temp_archive_9_2,Disk,YALE-03A-0001,,4U1538-52,True,IR
binir090709.0103.fits,4U 1538-52,15:42:23.24,-52:23:08.9,2009-07-10,01:44:38.529,2455022.57267,10.0,1.09,V,H,1250.0,1880.0,1990.0,other/LOG_temp_archive_9_2.csv,miniarchive,temp_archive_9_2,Disk,YALE-03A-0001,,4U1538-52,True,IR
binir090709.0101.fits,4U 1538-52,15:42:23.21,-52:23:09.0,2009-07-10,01:43:35.151,2455022.57194,10.0,1.09,I,J,1290.0,1840.0,1990.0,other/LOG_temp_archive_9_2.csv,miniarchive,temp_archive_9_2,Disk,YALE-03A-0001,,4U1538-52,True,IR
binir090709.0100.fits,4U 1538-52,15:42:23.21,-52:23:09.1,2009-07-10,01:43:08.521,2455022.57163,10.05,1.09,I,J,1210.0,1880.0,2030.0,other/LOG_temp_archive_9_2.csv,miniarchive,temp_archive_9_2,Disk,YALE-03A-0001,,4U1538-52,True,IR
binir090709.0099.fits,4U 1538-52,15:42:23.19,-52:23:09.2,2009-07-10,01:42:41.691,2455022.57132,10.0,1.09,I,J,1250.0,1920.0,1950.0,other/LOG_temp_archive_9_2.csv,miniarchive,temp_archive_9_2,Disk,YALE-03A-0001,,4U1538-52,True,IR
binir090709.0098.fits,4U 1538-52,15:42:23.23,-52:23:09.1,2009-07-10,01:42:15.519,2455022.57102,10.05,1.09,I,J,1250.0,1880.0,1990.0,other/LOG_temp_archive_9_2.csv,miniarchive,temp_archive_9_2,Disk,YALE-03A-0001,,4U1538-52,True,IR
binir090709.0097.fits,4U 1538-52,15:42:23.21,-52:23:09.1,2009-07-10,01:41:33.002,2455022.57053,15.0,1.09,B,K,1250.0,1840.0,2030.0,other/LOG_temp_archive_9_2.csv,miniarchive,temp_archive_9_2,Disk,YALE-03A-0001,,4U1538-52,True,IR
binir090709.0096.fits,4U 1538-52,15:42:23.19,-52:23:09.7,2009-07-10,01:41:01.711,2455022.57016,15.05,1.09,B,K,1290.0,1840.0,1990.0,other/LOG_temp_archive_9_2.csv,miniarchive,temp_archive_9_2,Disk,YALE-03A-0001,,4U1538-52,True,IR
binir090709.0095.fits,4U 1538-52,15:42:23.19,-52:23:09.6,2009-07-10,01:40:30.082,2455022.5698,15.0,1.09,B,K,1210.0,1880.0,2030.0,other/LOG_temp_archive_9_2.csv,miniarchive,temp_archive_9_2,Disk,YALE-03A-0001,,4U1538-52,True,IR
binir090709.0094.fits,4U 1538-52,15:42:23.21,-52:23:09.5,2009-07-10,01:39:58.585,2455022.56943,15.05,1.09,B,K,1250.0,1920.0,1950.0,other/LOG_temp_archive_9_2.csv,miniarchive,temp_archive_9_2,Disk,YALE-03A-0001,,4U1538-52,True,IR
binir090709.0093.fits,4U 1538-52,15:42:23.18,-52:23:09.6,2009-07-10,01:39:27.223,2455022.56907,15.05,1.09,B,K,1250.0,1880.0,1990.0,other/LOG_temp_archive_9_2.csv,miniarchive,temp_archive_9_2,Disk,YALE-03A-0001,,4U1538-52,True,IR
binir090709.0107.fits,4U 1538-52,15:42:23.25,-52:23:09.2,2009-07-10,01:46:24.520,2455022.5739,10.0,1.09,V,H,1250.0,1840.0,2030.0,other/LOG_temp_archive_9_2.csv,miniarchive,temp_archive_9_2,Disk,YALE-03A-0001,,4U1538-52,True,IR
binir090708.0103.fits,4U 1538-52,15:42:20.76,-52:22:56.2,2009-07-09,01:56:56.918,2455021.58121,15.0,1.09,B,K,1210.0,1880.0,2030.0,other/LOG_temp_archive_9_2.csv,miniarchive,temp_archive_9_2,Disk,YALE-03A-0001,,4U1538-52,True,IR
binir090708.0104.fits,4U 1538-52,15:42:20.76,-52:22:55.4,2009-07-09,01:57:28.446,2455021.58158,15.05,1.09,B,K,1290.0,1840.0,1990.0,other/LOG_temp_archive_9_2.csv,miniarchive,temp_archive_9_2,Disk,YALE-03A-0001,,4U1538-52,True,IR
binir090708.0114.fits,4U 1538-52,15:42:20.66,-52:22:55.3,2009-07-09,02:02:23.927,2455021.585,10.0,1.09,V,H,1290.0,1840.0,1990.0,other/LOG_temp_archive_9_2.csv,miniarchive,temp_archive_9_2,Disk,YALE-03A-0001,,4U1538-52,True,IR
binir090708.0105.fits,4U 1538-52,15:42:20.74,-52:22:56.0,2009-07-09,01:57:59.804,2455021.58194,15.0,1.09,B,K,1250.0,1840.0,2030.0,other/LOG_temp_archive_9_2.csv,miniarchive,temp_archive_9_2,Disk,YALE-03A-0001,,4U1538-52,True,IR
binir090707.0104.fits,4U 1538-52,15:42:21.66,-52:22:47.4,2009-07-08,02:20:01.182,2455020.59724,10.0,1.1,V,H,1250.0,1840.0,2030.0,other/LOG_temp_archive_9_2.csv,miniarchive,temp_archive_9_2,Disk,YALE-03A-0001,,4U1538-52,True,IR
binir090707.0096.fits,4U 1538-52,15:42:21.62,-52:22:48.2,2009-07-08,02:16:19.058,2455020.59466,10.0,1.1,I,J,1250.0,1920.0,1950.0,other/LOG_temp_archive_9_2.csv,miniarchive,temp_archive_9_2,Disk,YALE-03A-0001,,4U1538-52,True,IR
binir090707.0097.fits,4U 1538-52,15:42:21.59,-52:22:47.8,2009-07-08,02:16:45.592,2455020.59497,10.0,1.1,I,J,1210.0,1880.0,2030.0,other/LOG_temp_archive_9_2.csv,miniarchive,temp_archive_9_2,Disk,YALE-03A-0001,,4U1538-52,True,IR
binir090708.0107.fits,4U 1538-52,15:42:20.70,-52:22:55.8,2009-07-09,01:59:08.484,2455021.58273,10.0,1.09,I,J,1250.0,1920.0,1950.0,other/LOG_temp_archive_9_2.csv,miniarchive,temp_archive_9_2,Disk,YALE-03A-0001,,4U1538-52,True,IR
binir090708.0108.fits,4U 1538-52,15:42:20.71,-52:22:55.7,2009-07-09,01:59:34.982,2455021.58304,10.0,1.09,I,J,1210.0,1880.0,2030.0,other/LOG_temp_archive_9_2.csv,miniarchive,temp_archive_9_2,Disk,YALE-03A-0001,,4U1538-52,True,IR
binir090708.0109.fits,4U 1538-52,15:42:20.71,-52:22:55.6,2009-07-09,02:00:01.536,2455021.58335,10.05,1.09,I,J,1290.0,1840.0,1990.0,other/LOG_temp_archive_9_2.csv,miniarchive,temp_archive_9_2,Disk,YALE-03A-0001,,4U1538-52,True,IR
binir090708.0110.fits,4U 1538-52,15:42:20.70,-52:22:55.4,2009-07-09,02:00:27.775,2455021.58365,10.05,1.09,I,J,1250.0,1840.0,2030.0,other/LOG_temp_archive_9_2.csv,miniarchive,temp_archive_9_2,Disk,YALE-03A-0001,,4U1538-52,True,IR
binir090708.0111.fits,4U 1538-52,15:42:20.66,-52:22:55.4,2009-07-09,02:01:05.197,2455021.58408,10.0,1.09,V,H,1250.0,1880.0,1990.0,other/LOG_temp_archive_9_2.csv,miniarchive,temp_archive_9_2,Disk,YALE-03A-0001,,4U1538-52,True,IR
binir090708.0112.fits,4U 1538-52,15:42:20.67,-52:22:55.3,2009-07-09,02:01:31.280,2455021.58439,10.0,1.09,V,H,1250.0,1920.0,1950.0,other/LOG_temp_archive_9_2.csv,miniarchive,temp_archive_9_2,Disk,YALE-03A-0001,,4U1538-52,True,IR
binir090708.0113.fits,4U 1538-52,15:42:20.67,-52:22:54.8,2009-07-09,02:01:57.841,2455021.5847,10.0,1.09,V,H,1210.0,1880.0,2030.0,other/LOG_temp_archive_9_2.csv,miniarchive,temp_archive_9_2,Disk,YALE-03A-0001,,4U1538-52,True,IR
binir090708.0106.fits,4U 1538-52,15:42:20.74,-52:22:55.3,2009-07-09,01:58:42.395,2455021.58243,10.0,1.09,I,J,1250.0,1880.0,1990.0,other/LOG_temp_archive_9_2.csv,miniarchive,temp_archive_9_2,Disk,YALE-03A-0001,,4U1538-52,True,IR
binir090707.0095.fits,4U 1538-52,15:42:21.59,-52:22:47.7,2009-07-08,02:15:52.976,2455020.59436,10.0,1.1,I,J,1250.0,1880.0,1990.0,other/LOG_temp_archive_9_2.csv,miniarchive,temp_archive_9_2,Disk,YALE-03A-0001,,4U1538-52,True,IR
binir090707.0094.fits,4U 1538-52,15:42:21.57,-52:22:48.9,2009-07-08,02:15:10.612,2455020.59387,15.05,1.1,B,K,1250.0,1840.0,2030.0,other/LOG_temp_archive_9_2.csv,miniarchive,temp_archive_9_2,Disk,YALE-03A-0001,,4U1538-52,True,IR
binir090707.0093.fits,4U 1538-52,15:42:21.59,-52:22:48.3,2009-07-08,02:14:39.336,2455020.59351,15.0,1.1,B,K,1290.0,1840.0,1990.0,other/LOG_temp_archive_9_2.csv,miniarchive,temp_archive_9_2,Disk,YALE-03A-0001,,4U1538-52,True,IR
binir090705.0148.fits,4U 1538-52,15:42:20.96,-52:22:55.7,2009-07-06,02:35:36.655,2455018.60806,10.0,1.11,I,J,1250.0,1920.0,1950.0,other/LOG_temp_archive_9_2.csv,miniarchive,temp_archive_9_2,Disk,YALE-03A-0001,,4U1538-52,True,IR
binir090705.0144.fits,4U 1538-52,15:42:20.94,-52:22:56.0,2009-07-06,02:33:25.485,2455018.60654,15.0,1.11,B,K,1210.0,1880.0,2030.0,other/LOG_temp_archive_9_2.csv,miniarchive,temp_archive_9_2,Disk,YALE-03A-0001,,4U1538-52,True,IR
binir090705.0145.fits,4U 1538-52,15:42:20.95,-52:22:55.8,2009-07-06,02:33:56.931,2455018.60691,15.05,1.11,B,K,1290.0,1840.0,1990.0,other/LOG_temp_archive_9_2.csv,miniarchive,temp_archive_9_2,Disk,YALE-03A-0001,,4U1538-52,True,IR
binir090705.0146.fits,4U 1538-52,15:42:20.94,-52:22:55.1,2009-07-06,02:34:28.143,2455018.60727,15.05,1.11,B,K,1250.0,1840.0,2030.0,other/LOG_temp_archive_9_2.csv,miniarchive,temp_archive_9_2,Disk,YALE-03A-0001,,4U1538-52,True,IR
binir090705.0147.fits,4U 1538-52,15:42:20.98,-52:22:55.0,2009-07-06,02:35:10.447,2455018.60776,10.0,1.11,I,J,1250.0,1880.0,1990.0,other/LOG_temp_archive_9_2.csv,miniarchive,temp_archive_9_2,Disk,YALE-03A-0001,,4U1538-52,True,IR
binir090705.0149.fits,4U 1538-52,15:42:21.00,-52:22:55.6,2009-07-06,02:36:03.199,2455018.60837,10.0,1.11,I,J,1210.0,1880.0,2030.0,other/LOG_temp_archive_9_2.csv,miniarchive,temp_archive_9_2,Disk,YALE-03A-0001,,4U1538-52,True,IR
binir090705.0143.fits,4U 1538-52,15:42:20.95,-52:22:55.2,2009-07-06,02:32:53.979,2455018.60618,15.0,1.11,B,K,1250.0,1920.0,1950.0,other/LOG_temp_archive_9_2.csv,miniarchive,temp_archive_9_2,Disk,YALE-03A-0001,,4U1538-52,True,IR
binir090705.0156.fits,4U 1538-52,15:42:21.05,-52:22:54.6,2009-07-06,02:39:28.946,2455018.61075,10.0,1.11,V,H,1250.0,1840.0,2030.0,other/LOG_temp_archive_9_2.csv,miniarchive,temp_archive_9_2,Disk,YALE-03A-0001,,4U1538-52,True,IR
binir090705.0155.fits,4U 1538-52,15:42:21.06,-52:22:54.7,2009-07-06,02:39:02.835,2455018.61045,10.0,1.11,V,H,1290.0,1840.0,1990.0,other/LOG_temp_archive_9_2.csv,miniarchive,temp_archive_9_2,Disk,YALE-03A-0001,,4U1538-52,True,IR
binir090705.0154.fits,4U 1538-52,15:42:21.02,-52:22:55.6,2009-07-06,02:38:35.439,2455018.61013,10.05,1.11,V,H,1210.0,1880.0,2030.0,other/LOG_temp_archive_9_2.csv,miniarchive,temp_archive_9_2,Disk,YALE-03A-0001,,4U1538-52,True,IR
binir090705.0153.fits,4U 1538-52,15:42:21.02,-52:22:54.6,2009-07-06,02:38:08.884,2455018.60982,10.0,1.11,V,H,1250.0,1920.0,1950.0,other/LOG_temp_archive_9_2.csv,miniarchive,temp_archive_9_2,Disk,YALE-03A-0001,,4U1538-52,True,IR
binir090705.0151.fits,4U 1538-52,15:42:20.99,-52:22:55.6,2009-07-06,02:37:05.546,2455018.60909,10.0,1.11,I,J,1250.0,1840.0,2030.0,other/LOG_temp_archive_9_2.csv,miniarchive,temp_archive_9_2,Disk,YALE-03A-0001,,4U1538-52,True,IR
binir090705.0152.fits,4U 1538-52,15:42:21.00,-52:22:55.0,2009-07-06,02:37:42.556,2455018.60952,10.05,1.11,V,H,1250.0,1880.0,1990.0,other/LOG_temp_archive_9_2.csv,miniarchive,temp_archive_9_2,Disk,YALE-03A-0001,,4U1538-52,True,IR
binir090705.0150.fits,4U 1538-52,15:42:21.00,-52:22:55.6,2009-07-06,02:36:03.199,2455018.60837,10.0,1.11,I,J,1290.0,1840.0,1990.0,other/LOG_temp_archive_9_2.csv,miniarchive,temp_archive_9_2,Disk,YALE-03A-0001,,4U1538-52,True,IR
binir090707.0092.fits,4U 1538-52,15:42:21.55,-52:22:48.8,2009-07-08,02:14:07.675,2455020.59314,15.05,1.1,B,K,1210.0,1880.0,2030.0,other/LOG_temp_archive_9_2.csv,miniarchive,temp_archive_9_2,Disk,YALE-03A-0001,,4U1538-52,True,IR
binir090707.0098.fits,4U 1538-52,15:42:21.60,-52:22:47.6,2009-07-08,02:17:12.018,2455020.59528,10.0,1.1,I,J,1290.0,1840.0,1990.0,other/LOG_temp_archive_9_2.csv,miniarchive,temp_archive_9_2,Disk,YALE-03A-0001,,4U1538-52,True,IR
binir090707.0102.fits,4U 1538-52,15:42:21.64,-52:22:47.5,2009-07-08,02:19:07.980,2455020.59662,10.0,1.1,V,H,1210.0,1880.0,2030.0,other/LOG_temp_archive_9_2.csv,miniarchive,temp_archive_9_2,Disk,YALE-03A-0001,,4U1538-52,True,IR
binir090707.0103.fits,4U 1538-52,15:42:21.65,-52:22:47.3,2009-07-08,02:19:35.012,2455020.59693,10.05,1.1,V,H,1290.0,1840.0,1990.0,other/LOG_temp_archive_9_2.csv,miniarchive,temp_archive_9_2,Disk,YALE-03A-0001,,4U1538-52,True,IR
binir090707.0090.fits,4U 1538-52,15:42:21.59,-52:22:48.7,2009-07-08,02:13:05.058,2455020.59242,15.0,1.1,B,K,1250.0,1880.0,1990.0,other/LOG_temp_archive_9_2.csv,miniarchive,temp_archive_9_2,Disk,YALE-03A-0001,,4U1538-52,True,IR
binir090707.0091.fits,4U 1538-52,15:42:21.59,-52:22:48.3,2009-07-08,02:13:36.212,2455020.59278,15.0,1.1,B,K,1250.0,1920.0,1950.0,other/LOG_temp_archive_9_2.csv,miniarchive,temp_archive_9_2,Disk,YALE-03A-0001,,4U1538-52,True,IR
binir090705.0142.fits,4U 1538-52,15:42:20.97,-52:22:55.6,2009-07-06,02:32:22.782,2455018.60582,15.05,1.11,B,K,1250.0,1880.0,1990.0,other/LOG_temp_archive_9_2.csv,miniarchive,temp_archive_9_2,Disk,YALE-03A-0001,,4U1538-52,True,IR
binir090707.0099.fits,4U 1538-52,15:42:21.63,-52:22:47.6,2009-07-08,02:17:38.049,2455020.59558,10.05,1.1,I,J,1250.0,1840.0,2030.0,other/LOG_temp_archive_9_2.csv,miniarchive,temp_archive_9_2,Disk,YALE-03A-0001,,4U1538-52,True,IR
binir090706.0118.fits,4U 1538-52,15:42:21.02,-52:22:52.6,2009-07-07,02:26:40.689,2455019.60186,10.05,1.1,I,J,1250.0,1920.0,1950.0,other/LOG_temp_archive_9_2.csv,miniarchive,temp_archive_9_2,Disk,YALE-03A-0001,,4U1538-52,True,IR
binir090706.0119.fits,4U 1538-52,15:42:21.06,-52:22:53.0,2009-07-07,02:27:07.283,2455019.60216,10.0,1.1,I,J,1210.0,1880.0,2030.0,other/LOG_temp_archive_9_2.csv,miniarchive,temp_archive_9_2,Disk,YALE-03A-0001,,4U1538-52,True,IR
binir090706.0117.fits,4U 1538-52,15:42:21.04,-52:22:52.6,2009-07-07,02:26:14.547,2455019.60156,10.0,1.1,I,J,1250.0,1880.0,1990.0,other/LOG_temp_archive_9_2.csv,miniarchive,temp_archive_9_2,Disk,YALE-03A-0001,,4U1538-52,True,IR
binir090706.0116.fits,4U 1538-52,15:42:21.03,-52:22:52.3,2009-07-07,02:25:32.109,2455019.60106,15.05,1.1,B,K,1250.0,1840.0,2030.0,other/LOG_temp_archive_9_2.csv,miniarchive,temp_archive_9_2,Disk,YALE-03A-0001,,4U1538-52,True,IR
binir090706.0126.fits,4U 1538-52,15:42:21.12,-52:22:52.2,2009-07-07,02:30:23.071,2455019.60443,10.05,1.11,V,H,1250.0,1840.0,2030.0,other/LOG_temp_archive_9_2.csv,miniarchive,temp_archive_9_2,Disk,YALE-03A-0001,,4U1538-52,True,IR
binir090706.0120.fits,4U 1538-52,15:42:21.06,-52:22:52.4,2009-07-07,02:27:33.839,2455019.60247,10.0,1.1,I,J,1290.0,1840.0,1990.0,other/LOG_temp_archive_9_2.csv,miniarchive,temp_archive_9_2,Disk,YALE-03A-0001,,4U1538-52,True,IR
binir090706.0114.fits,4U 1538-52,15:42:21.04,-52:22:52.3,2009-07-07,02:24:29.371,2455019.60034,15.0,1.1,B,K,1210.0,1880.0,2030.0,other/LOG_temp_archive_9_2.csv,miniarchive,temp_archive_9_2,Disk,YALE-03A-0001,,4U1538-52,True,IR
binir090706.0113.fits,4U 1538-52,15:42:21.02,-52:22:53.5,2009-07-07,02:23:57.768,2455019.59997,15.05,1.1,B,K,1250.0,1920.0,1950.0,other/LOG_temp_archive_9_2.csv,miniarchive,temp_archive_9_2,Disk,YALE-03A-0001,,4U1538-52,True,IR
binir090706.0112.fits,4U 1538-52,15:42:21.03,-52:22:53.7,2009-07-07,02:23:26.587,2455019.59961,15.05,1.1,B,K,1250.0,1880.0,1990.0,other/LOG_temp_archive_9_2.csv,miniarchive,temp_archive_9_2,Disk,YALE-03A-0001,,4U1538-52,True,IR
binir090706.0115.fits,4U 1538-52,15:42:21.03,-52:22:52.9,2009-07-07,02:25:00.882,2455019.6007,15.05,1.1,B,K,1290.0,1840.0,1990.0,other/LOG_temp_archive_9_2.csv,miniarchive,temp_archive_9_2,Disk,YALE-03A-0001,,4U1538-52,True,IR
binir090706.0121.fits,4U 1538-52,15:42:21.08,-52:22:52.4,2009-07-07,02:28:00.017,2455019.60278,10.0,1.1,I,J,1250.0,1840.0,2030.0,other/LOG_temp_archive_9_2.csv,miniarchive,temp_archive_9_2,Disk,YALE-03A-0001,,4U1538-52,True,IR
binir090706.0125.fits,4U 1538-52,15:42:21.11,-52:22:52.4,2009-07-07,02:29:56.730,2455019.60413,10.05,1.11,V,H,1290.0,1840.0,1990.0,other/LOG_temp_archive_9_2.csv,miniarchive,temp_archive_9_2,Disk,YALE-03A-0001,,4U1538-52,True,IR
binir090706.0124.fits,4U 1538-52,15:42:21.10,-52:22:52.7,2009-07-07,02:29:29.836,2455019.60382,10.0,1.11,V,H,1210.0,1880.0,2030.0,other/LOG_temp_archive_9_2.csv,miniarchive,temp_archive_9_2,Disk,YALE-03A-0001,,4U1538-52,True,IR
binir090706.0123.fits,4U 1538-52,15:42:21.08,-52:22:52.4,2009-07-07,02:29:03.115,2455019.60351,10.05,1.11,V,H,1250.0,1920.0,1950.0,other/LOG_temp_archive_9_2.csv,miniarchive,temp_archive_9_2,Disk,YALE-03A-0001,,4U1538-52,True,IR
binir090706.0122.fits,4U 1538-52,15:42:21.08,-52:22:52.7,2009-07-07,02:28:36.859,2455019.6032,10.0,1.11,V,H,1250.0,1880.0,1990.0,other/LOG_temp_archive_9_2.csv,miniarchive,temp_archive_9_2,Disk,YALE-03A-0001,,4U1538-52,True,IR
binir090707.0101.fits,4U 1538-52,15:42:21.65,-52:22:47.5,2009-07-08,02:18:41.467,2455020.59631,10.0,1.1,V,H,1250.0,1920.0,1950.0,other/LOG_temp_archive_9_2.csv,miniarchive,temp_archive_9_2,Disk,YALE-03A-0001,,4U1538-52,True,IR
binir090707.0100.fits,4U 1538-52,15:42:21.65,-52:22:48.3,2009-07-08,02:18:15.139,2455020.59601,10.05,1.1,V,H,1250.0,1880.0,1990.0,other/LOG_temp_archive_9_2.csv,miniarchive,temp_archive_9_2,Disk,YALE-03A-0001,,4U1538-52,True,IR
binir090724.0098.fits,4U 1538-52,15:42:23.24,-52:23:08.6,2009-07-25,01:44:47.953,2455037.57278,10.05,1.13,I,J,1290.0,1840.0,1990.0,other/LOG_temp_archive_9_2.csv,miniarchive,temp_archive_9_2,Disk,YALE-03A-0001,,4U1538-52,True,IR
binir090719.0276.fits,4U 1538-52,15:42:21.34,-52:22:46.9,2009-07-20,01:04:45.817,2455032.54498,10.0,1.09,V,H,1250.0,1840.0,2030.0,other/LOG_temp_archive_9_2.csv,miniarchive,temp_archive_9_2,Disk,YALE-03A-0001,,4U1538-52,True,IR
binir090718.0109.fits,4U 1538-52,15:42:20.43,-52:22:49.2,2009-07-19,03:21:35.600,2455031.63999,10.05,1.26,I,J,1210.0,1880.0,2030.0,other/LOG_temp_archive_9_2.csv,miniarchive,temp_archive_9_2,Disk,YALE-03A-0001,,4U1538-52,True,IR
binir090719.0269.fits,4U 1538-52,15:42:21.37,-52:22:46.6,2009-07-20,01:01:35.679,2455032.54278,10.05,1.09,I,J,1210.0,1880.0,2030.0,other/LOG_temp_archive_9_2.csv,miniarchive,temp_archive_9_2,Disk,YALE-03A-0001,,4U1538-52,True,IR
binir090719.0274.fits,4U 1538-52,15:42:21.34,-52:22:46.0,2009-07-20,01:03:54.385,2455032.54439,10.0,1.09,V,H,1210.0,1880.0,2030.0,other/LOG_temp_archive_9_2.csv,miniarchive,temp_archive_9_2,Disk,YALE-03A-0001,,4U1538-52,True,IR
binir090719.0267.fits,4U 1538-52,15:42:21.36,-52:22:46.3,2009-07-20,01:00:43.611,2455032.54218,10.05,1.09,I,J,1250.0,1880.0,1990.0,other/LOG_temp_archive_9_2.csv,miniarchive,temp_archive_9_2,Disk,YALE-03A-0001,,4U1538-52,True,IR
binir090719.0266.fits,4U 1538-52,15:42:21.39,-52:22:47.4,2009-07-20,01:00:04.310,2455032.54173,15.0,1.09,B,K,1250.0,1840.0,2030.0,other/LOG_temp_archive_9_2.csv,miniarchive,temp_archive_9_2,Disk,YALE-03A-0001,,4U1538-52,True,IR
binir090719.0265.fits,4U 1538-52,15:42:21.40,-52:22:46.7,2009-07-20,00:59:33.282,2455032.54137,15.0,1.09,B,K,1290.0,1840.0,1990.0,other/LOG_temp_archive_9_2.csv,miniarchive,temp_archive_9_2,Disk,YALE-03A-0001,,4U1538-52,True,IR
binir090719.0264.fits,4U 1538-52,15:42:21.40,-52:22:46.6,2009-07-20,00:59:02.113,2455032.54101,15.0,1.09,B,K,1210.0,1880.0,2030.0,other/LOG_temp_archive_9_2.csv,miniarchive,temp_archive_9_2,Disk,YALE-03A-0001,,4U1538-52,True,IR
binir090719.0263.fits,4U 1538-52,15:42:21.42,-52:22:47.6,2009-07-20,00:58:31.036,2455032.54065,15.0,1.09,B,K,1250.0,1920.0,1950.0,other/LOG_temp_archive_9_2.csv,miniarchive,temp_archive_9_2,Disk,YALE-03A-0001,,4U1538-52,True,IR
binir090719.0275.fits,4U 1538-52,15:42:21.35,-52:22:46.0,2009-07-20,01:04:19.972,2455032.54469,10.0,1.09,V,H,1290.0,1840.0,1990.0,other/LOG_temp_archive_9_2.csv,miniarchive,temp_archive_9_2,Disk,YALE-03A-0001,,4U1538-52,True,IR
binir090719.0262.fits,4U 1538-52,15:42:21.44,-52:22:47.0,2009-07-20,00:58:00.116,2455032.54029,15.05,1.08,B,K,1250.0,1880.0,1990.0,other/LOG_temp_archive_9_2.csv,miniarchive,temp_archive_9_2,Disk,YALE-03A-0001,,4U1538-52,True,IR
binir090719.0272.fits,4U 1538-52,15:42:21.35,-52:22:46.1,2009-07-20,01:03:02.276,2455032.54379,10.0,1.09,V,H,1250.0,1880.0,1990.0,other/LOG_temp_archive_9_2.csv,miniarchive,temp_archive_9_2,Disk,YALE-03A-0001,,4U1538-52,True,IR
binir090719.0271.fits,4U 1538-52,15:42:21.33,-52:22:46.3,2009-07-20,01:02:27.568,2455032.54338,10.0,1.09,I,J,1250.0,1840.0,2030.0,other/LOG_temp_archive_9_2.csv,miniarchive,temp_archive_9_2,Disk,YALE-03A-0001,,4U1538-52,True,IR
binir090719.0270.fits,4U 1538-52,15:42:21.36,-52:22:46.1,2009-07-20,01:02:01.706,2455032.54308,10.0,1.09,I,J,1290.0,1840.0,1990.0,other/LOG_temp_archive_9_2.csv,miniarchive,temp_archive_9_2,Disk,YALE-03A-0001,,4U1538-52,True,IR
binir090719.0268.fits,4U 1538-52,15:42:21.37,-52:22:46.4,2009-07-20,01:01:09.498,2455032.54248,10.05,1.09,I,J,1250.0,1920.0,1950.0,other/LOG_temp_archive_9_2.csv,miniarchive,temp_archive_9_2,Disk,YALE-03A-0001,,4U1538-52,True,IR
binir090719.0273.fits,4U 1538-52,15:42:21.33,-52:22:46.5,2009-07-20,01:03:28.162,2455032.54409,10.0,1.09,V,H,1250.0,1920.0,1950.0,other/LOG_temp_archive_9_2.csv,miniarchive,temp_archive_9_2,Disk,YALE-03A-0001,,4U1538-52,True,IR
binir090718.0116.fits,4U 1538-52,15:42:20.49,-52:22:48.2,2009-07-19,03:24:46.456,2455031.6422,10.0,1.26,V,H,1250.0,1840.0,2030.0,other/LOG_temp_archive_9_2.csv,miniarchive,temp_archive_9_2,Disk,YALE-03A-0001,,4U1538-52,True,IR
binir090718.0114.fits,4U 1538-52,15:42:20.50,-52:22:48.6,2009-07-19,03:23:54.693,2455031.64161,10.05,1.26,V,H,1210.0,1880.0,2030.0,other/LOG_temp_archive_9_2.csv,miniarchive,temp_archive_9_2,Disk,YALE-03A-0001,,4U1538-52,True,IR
binir090718.0113.fits,4U 1538-52,15:42:20.52,-52:22:48.7,2009-07-19,03:23:28.451,2455031.6413,10.0,1.26,V,H,1250.0,1920.0,1950.0,other/LOG_temp_archive_9_2.csv,miniarchive,temp_archive_9_2,Disk,YALE-03A-0001,,4U1538-52,True,IR
binir090718.0112.fits,4U 1538-52,15:42:20.40,-52:22:48.8,2009-07-19,03:23:02.568,2455031.641,10.0,1.26,V,H,1250.0,1880.0,1990.0,other/LOG_temp_archive_9_2.csv,miniarchive,temp_archive_9_2,Disk,YALE-03A-0001,,4U1538-52,True,IR
binir090718.0104.fits,4U 1538-52,15:42:20.51,-52:22:50.0,2009-07-19,03:19:01.493,2455031.63821,15.0,1.25,B,K,1210.0,1880.0,2030.0,other/LOG_temp_archive_9_2.csv,miniarchive,temp_archive_9_2,Disk,YALE-03A-0001,,4U1538-52,True,IR
binir090718.0103.fits,4U 1538-52,15:42:20.51,-52:22:49.8,2009-07-19,03:18:30.379,2455031.63785,15.0,1.25,B,K,1250.0,1920.0,1950.0,other/LOG_temp_archive_9_2.csv,miniarchive,temp_archive_9_2,Disk,YALE-03A-0001,,4U1538-52,True,IR
binir090718.0102.fits,4U 1538-52,15:42:20.51,-52:22:50.4,2009-07-19,03:17:59.527,2455031.6375,15.0,1.25,B,K,1250.0,1880.0,1990.0,other/LOG_temp_archive_9_2.csv,miniarchive,temp_archive_9_2,Disk,YALE-03A-0001,,4U1538-52,True,IR
binir090718.0107.fits,4U 1538-52,15:42:20.48,-52:22:49.4,2009-07-19,03:20:43.384,2455031.63939,10.05,1.25,I,J,1250.0,1880.0,1990.0,other/LOG_temp_archive_9_2.csv,miniarchive,temp_archive_9_2,Disk,YALE-03A-0001,,4U1538-52,True,IR
binir090718.0108.fits,4U 1538-52,15:42:20.43,-52:22:49.3,2009-07-19,03:21:09.360,2455031.63969,10.05,1.26,I,J,1250.0,1920.0,1950.0,other/LOG_temp_archive_9_2.csv,miniarchive,temp_archive_9_2,Disk,YALE-03A-0001,,4U1538-52,True,IR
binir090718.0110.fits,4U 1538-52,15:42:20.47,-52:22:49.2,2009-07-19,03:22:01.774,2455031.6403,10.0,1.26,I,J,1290.0,1840.0,1990.0,other/LOG_temp_archive_9_2.csv,miniarchive,temp_archive_9_2,Disk,YALE-03A-0001,,4U1538-52,True,IR
binir090718.0111.fits,4U 1538-52,15:42:20.51,-52:22:49.0,2009-07-19,03:22:27.684,2455031.6406,10.0,1.26,I,J,1250.0,1840.0,2030.0,other/LOG_temp_archive_9_2.csv,miniarchive,temp_archive_9_2,Disk,YALE-03A-0001,,4U1538-52,True,IR
binir090723.0101.fits,4U 1538-52,15:42:23.03,-52:23:07.5,2009-07-24,02:24:34.202,2455036.6004,10.0,1.18,V,H,1210.0,1880.0,2030.0,other/LOG_temp_archive_9_2.csv,miniarchive,temp_archive_9_2,Disk,YALE-03A-0001,,4U1538-52,True,IR
binir090723.0103.fits,4U 1538-52,15:42:23.01,-52:23:07.5,2009-07-24,02:25:25.934,2455036.601,10.05,1.18,V,H,1250.0,1840.0,2030.0,other/LOG_temp_archive_9_2.csv,miniarchive,temp_archive_9_2,Disk,YALE-03A-0001,,4U1538-52,True,IR
binir090723.0093.fits,4U 1538-52,15:42:23.10,-52:23:07.9,2009-07-24,02:20:44.555,2455036.59774,15.0,1.17,B,K,1250.0,1840.0,2030.0,other/LOG_temp_archive_9_2.csv,miniarchive,temp_archive_9_2,Disk,YALE-03A-0001,,4U1538-52,True,IR
binir090723.0096.fits,4U 1538-52,15:42:23.04,-52:23:07.5,2009-07-24,02:22:16.090,2455036.5988,10.05,1.18,I,J,1210.0,1880.0,2030.0,other/LOG_temp_archive_9_2.csv,miniarchive,temp_archive_9_2,Disk,YALE-03A-0001,,4U1538-52,True,IR
binir090723.0102.fits,4U 1538-52,15:42:23.04,-52:23:07.4,2009-07-24,02:25:00.078,2455036.6007,10.0,1.18,V,H,1290.0,1840.0,1990.0,other/LOG_temp_archive_9_2.csv,miniarchive,temp_archive_9_2,Disk,YALE-03A-0001,,4U1538-52,True,IR
binir090723.0091.fits,4U 1538-52,15:42:23.10,-52:23:07.9,2009-07-24,02:19:42.328,2455036.59702,15.0,1.17,B,K,1210.0,1880.0,2030.0,other/LOG_temp_archive_9_2.csv,miniarchive,temp_archive_9_2,Disk,YALE-03A-0001,,4U1538-52,True,IR
binir090723.0100.fits,4U 1538-52,15:42:23.06,-52:23:07.5,2009-07-24,02:24:08.119,2455036.6001,10.05,1.18,V,H,1250.0,1920.0,1950.0,other/LOG_temp_archive_9_2.csv,miniarchive,temp_archive_9_2,Disk,YALE-03A-0001,,4U1538-52,True,IR
binir090723.0099.fits,4U 1538-52,15:42:23.05,-52:23:07.5,2009-07-24,02:23:42.370,2455036.5998,10.0,1.18,V,H,1250.0,1880.0,1990.0,other/LOG_temp_archive_9_2.csv,miniarchive,temp_archive_9_2,Disk,YALE-03A-0001,,4U1538-52,True,IR
binir090723.0094.fits,4U 1538-52,15:42:23.10,-52:23:07.7,2009-07-24,02:21:24.308,2455036.5982,10.05,1.18,I,J,1250.0,1880.0,1990.0,other/LOG_temp_archive_9_2.csv,miniarchive,temp_archive_9_2,Disk,YALE-03A-0001,,4U1538-52,True,IR
binir090723.0098.fits,4U 1538-52,15:42:23.03,-52:23:07.5,2009-07-24,02:23:08.057,2455036.5994,10.0,1.18,I,J,1250.0,1840.0,2030.0,other/LOG_temp_archive_9_2.csv,miniarchive,temp_archive_9_2,Disk,YALE-03A-0001,,4U1538-52,True,IR
binir090723.0097.fits,4U 1538-52,15:42:23.07,-52:23:07.6,2009-07-24,02:22:42.185,2455036.5991,10.0,1.18,I,J,1290.0,1840.0,1990.0,other/LOG_temp_archive_9_2.csv,miniarchive,temp_archive_9_2,Disk,YALE-03A-0001,,4U1538-52,True,IR
binir090723.0092.fits,4U 1538-52,15:42:23.10,-52:23:07.9,2009-07-24,02:20:13.556,2455036.59738,15.05,1.17,B,K,1290.0,1840.0,1990.0,other/LOG_temp_archive_9_2.csv,miniarchive,temp_archive_9_2,Disk,YALE-03A-0001,,4U1538-52,True,IR
binir090724.0102.fits,4U 1538-52,15:42:23.25,-52:23:08.4,2009-07-25,01:46:40.387,2455037.57408,10.0,1.13,V,H,1210.0,1880.0,2030.0,other/LOG_temp_archive_9_2.csv,miniarchive,temp_archive_9_2,Disk,YALE-03A-0001,,4U1538-52,True,IR
binir090724.0103.fits,4U 1538-52,15:42:23.21,-52:23:08.0,2009-07-25,01:47:05.940,2455037.57438,10.0,1.13,V,H,1290.0,1840.0,1990.0,other/LOG_temp_archive_9_2.csv,miniarchive,temp_archive_9_2,Disk,YALE-03A-0001,,4U1538-52,True,IR
binir090724.0104.fits,4U 1538-52,15:42:23.21,-52:23:08.1,2009-07-25,01:47:31.822,2455037.57468,10.0,1.13,V,H,1250.0,1840.0,2030.0,other/LOG_temp_archive_9_2.csv,miniarchive,temp_archive_9_2,Disk,YALE-03A-0001,,4U1538-52,True,IR
binir090724.0101.fits,4U 1538-52,15:42:23.24,-52:23:08.2,2009-07-25,01:46:14.204,2455037.57378,10.0,1.13,V,H,1250.0,1920.0,1950.0,other/LOG_temp_archive_9_2.csv,miniarchive,temp_archive_9_2,Disk,YALE-03A-0001,,4U1538-52,True,IR
binir090724.0091.fits,4U 1538-52,15:42:23.18,-52:23:09.8,2009-07-25,01:41:16.485,2455037.57033,15.05,1.13,B,K,1250.0,1920.0,1950.0,other/LOG_temp_archive_9_2.csv,miniarchive,temp_archive_9_2,Disk,YALE-03A-0001,,4U1538-52,True,IR
binir090724.0090.fits,4U 1538-52,15:42:23.17,-52:23:09.9,2009-07-25,01:40:45.547,2455037.56998,15.05,1.13,B,K,1250.0,1880.0,1990.0,other/LOG_temp_archive_9_2.csv,miniarchive,temp_archive_9_2,Disk,YALE-03A-0001,,4U1538-52,True,IR
binir090723.0095.fits,4U 1538-52,15:42:23.09,-52:23:07.9,2009-07-24,02:21:50.140,2455036.5985,10.0,1.18,I,J,1250.0,1920.0,1950.0,other/LOG_temp_archive_9_2.csv,miniarchive,temp_archive_9_2,Disk,YALE-03A-0001,,4U1538-52,True,IR
binir090723.0089.fits,4U 1538-52,15:42:23.19,-52:23:07.9,2009-07-24,02:18:40.134,2455036.5963,15.05,1.17,B,K,1250.0,1880.0,1990.0,other/LOG_temp_archive_9_2.csv,miniarchive,temp_archive_9_2,Disk,YALE-03A-0001,,4U1538-52,True,IR
binir090723.0090.fits,4U 1538-52,15:42:23.20,-52:23:08.2,2009-07-24,02:19:11.074,2455036.59666,15.0,1.17,B,K,1250.0,1920.0,1950.0,other/LOG_temp_archive_9_2.csv,miniarchive,temp_archive_9_2,Disk,YALE-03A-0001,,4U1538-52,True,IR
binir090718.0106.fits,4U 1538-52,15:42:20.47,-52:22:49.4,2009-07-19,03:20:03.717,2455031.63893,15.0,1.25,B,K,1250.0,1840.0,2030.0,other/LOG_temp_archive_9_2.csv,miniarchive,temp_archive_9_2,Disk,YALE-03A-0001,,4U1538-52,True,IR
binir090718.0105.fits,4U 1538-52,15:42:20.50,-52:22:49.3,2009-07-19,03:19:32.587,2455031.63857,15.05,1.25,B,K,1290.0,1840.0,1990.0,other/LOG_temp_archive_9_2.csv,miniarchive,temp_archive_9_2,Disk,YALE-03A-0001,,4U1538-52,True,IR
binir090718.0115.fits,4U 1538-52,15:42:20.47,-52:22:48.5,2009-07-19,03:24:20.551,2455031.6419,10.05,1.26,V,H,1290.0,1840.0,1990.0,other/LOG_temp_archive_9_2.csv,miniarchive,temp_archive_9_2,Disk,YALE-03A-0001,,4U1538-52,True,IR
binir090716.0093.fits,4U 1538-52,15:42:21.62,-52:22:51.0,2009-07-17,02:00:24.970,2455029.58362,15.05,1.11,B,K,1210.0,1880.0,2030.0,other/LOG_temp_archive_9_2.csv,miniarchive,temp_archive_9_2,Disk,YALE-03A-0001,,4U1538-52,True,IR
binir090716.0094.fits,4U 1538-52,15:42:21.61,-52:22:50.5,2009-07-17,02:00:56.248,2455029.58398,15.05,1.12,B,K,1290.0,1840.0,1990.0,other/LOG_temp_archive_9_2.csv,miniarchive,temp_archive_9_2,Disk,YALE-03A-0001,,4U1538-52,True,IR
binir090716.0095.fits,4U 1538-52,15:42:21.62,-52:22:50.5,2009-07-17,02:01:27.247,2455029.58434,15.05,1.12,B,K,1250.0,1840.0,2030.0,other/LOG_temp_archive_9_2.csv,miniarchive,temp_archive_9_2,Disk,YALE-03A-0001,,4U1538-52,True,IR
binir090716.0097.fits,4U 1538-52,15:42:21.63,-52:22:50.3,2009-07-17,02:02:33.710,2455029.58511,10.0,1.12,I,J,1250.0,1920.0,1950.0,other/LOG_temp_archive_9_2.csv,miniarchive,temp_archive_9_2,Disk,YALE-03A-0001,,4U1538-52,True,IR
binir090715.0125.fits,4U 1538-52,15:42:23.18,-52:23:08.2,2009-07-16,03:42:50.875,2455028.65476,10.05,1.28,V,H,1250.0,1920.0,1950.0,other/LOG_temp_archive_9_2.csv,miniarchive,temp_archive_9_2,Disk,YALE-03A-0001,,4U1538-52,True,IR
binir090715.0124.fits,4U 1538-52,15:42:23.16,-52:23:08.3,2009-07-16,03:42:24.984,2455028.65446,10.0,1.28,V,H,1250.0,1880.0,1990.0,other/LOG_temp_archive_9_2.csv,miniarchive,temp_archive_9_2,Disk,YALE-03A-0001,,4U1538-52,True,IR
binir090715.0126.fits,4U 1538-52,15:42:23.14,-52:23:08.5,2009-07-16,03:43:16.965,2455028.65506,10.0,1.28,V,H,1210.0,1880.0,2030.0,other/LOG_temp_archive_9_2.csv,miniarchive,temp_archive_9_2,Disk,YALE-03A-0001,,4U1538-52,True,IR
binir090715.0127.fits,4U 1538-52,15:42:23.18,-52:23:08.0,2009-07-16,03:43:42.819,2455028.65536,10.05,1.28,V,H,1290.0,1840.0,1990.0,other/LOG_temp_archive_9_2.csv,miniarchive,temp_archive_9_2,Disk,YALE-03A-0001,,4U1538-52,True,IR
binir090715.0128.fits,4U 1538-52,15:42:23.13,-52:23:08.2,2009-07-16,03:44:08.823,2455028.65566,10.05,1.28,V,H,1250.0,1840.0,2030.0,other/LOG_temp_archive_9_2.csv,miniarchive,temp_archive_9_2,Disk,YALE-03A-0001,,4U1538-52,True,IR
binir090715.0123.fits,4U 1538-52,15:42:23.13,-52:23:08.4,2009-07-16,03:41:50.394,2455028.65406,10.0,1.28,I,J,1250.0,1840.0,2030.0,other/LOG_temp_archive_9_2.csv,miniarchive,temp_archive_9_2,Disk,YALE-03A-0001,,4U1538-52,True,IR
binir090715.0122.fits,4U 1538-52,15:42:23.14,-52:23:08.5,2009-07-16,03:41:24.466,2455028.65376,10.0,1.28,I,J,1290.0,1840.0,1990.0,other/LOG_temp_archive_9_2.csv,miniarchive,temp_archive_9_2,Disk,YALE-03A-0001,,4U1538-52,True,IR
binir090715.0121.fits,4U 1538-52,15:42:23.11,-52:23:08.6,2009-07-16,03:40:58.380,2455028.65346,10.0,1.28,I,J,1210.0,1880.0,2030.0,other/LOG_temp_archive_9_2.csv,miniarchive,temp_archive_9_2,Disk,YALE-03A-0001,,4U1538-52,True,IR
binir090715.0120.fits,4U 1538-52,15:42:23.16,-52:23:08.9,2009-07-16,03:40:32.313,2455028.65316,10.0,1.27,I,J,1250.0,1920.0,1950.0,other/LOG_temp_archive_9_2.csv,miniarchive,temp_archive_9_2,Disk,YALE-03A-0001,,4U1538-52,True,IR
binir090715.0114.fits,4U 1538-52,15:42:23.17,-52:23:09.7,2009-07-16,03:37:21.314,2455028.65095,15.0,1.27,B,K,1250.0,1880.0,1990.0,other/LOG_temp_archive_9_2.csv,miniarchive,temp_archive_9_2,Disk,YALE-03A-0001,,4U1538-52,True,IR
binir090715.0119.fits,4U 1538-52,15:42:23.11,-52:23:08.5,2009-07-16,03:40:06.289,2455028.65286,10.0,1.27,I,J,1250.0,1880.0,1990.0,other/LOG_temp_archive_9_2.csv,miniarchive,temp_archive_9_2,Disk,YALE-03A-0001,,4U1538-52,True,IR
binir090715.0115.fits,4U 1538-52,15:42:23.17,-52:23:09.3,2009-07-16,03:37:52.241,2455028.6513,15.05,1.27,B,K,1250.0,1920.0,1950.0,other/LOG_temp_archive_9_2.csv,miniarchive,temp_archive_9_2,Disk,YALE-03A-0001,,4U1538-52,True,IR
binir090715.0116.fits,4U 1538-52,15:42:23.18,-52:23:09.4,2009-07-16,03:38:23.540,2455028.65166,15.0,1.27,B,K,1210.0,1880.0,2030.0,other/LOG_temp_archive_9_2.csv,miniarchive,temp_archive_9_2,Disk,YALE-03A-0001,,4U1538-52,True,IR
binir090715.0118.fits,4U 1538-52,15:42:23.14,-52:23:08.9,2009-07-16,03:39:25.986,2455028.65239,15.0,1.27,B,K,1250.0,1840.0,2030.0,other/LOG_temp_archive_9_2.csv,miniarchive,temp_archive_9_2,Disk,YALE-03A-0001,,4U1538-52,True,IR
binir090715.0117.fits,4U 1538-52,15:42:23.15,-52:23:09.1,2009-07-16,03:38:55.093,2455028.65203,15.05,1.27,B,K,1290.0,1840.0,1990.0,other/LOG_temp_archive_9_2.csv,miniarchive,temp_archive_9_2,Disk,YALE-03A-0001,,4U1538-52,True,IR
binir090716.0096.fits,4U 1538-52,15:42:21.63,-52:22:50.0,2009-07-17,02:02:07.788,2455029.58481,10.0,1.12,I,J,1250.0,1880.0,1990.0,other/LOG_temp_archive_9_2.csv,miniarchive,temp_archive_9_2,Disk,YALE-03A-0001,,4U1538-52,True,IR
binir090716.0098.fits,4U 1538-52,15:42:21.61,-52:22:50.0,2009-07-17,02:02:59.938,2455029.58541,10.05,1.12,I,J,1210.0,1880.0,2030.0,other/LOG_temp_archive_9_2.csv,miniarchive,temp_archive_9_2,Disk,YALE-03A-0001,,4U1538-52,True,IR
binir090717.0054.fits,4U 1538-52,15:42:23.13,-52:23:08.0,2009-07-18,01:53:11.492,2455030.5786,10.0,1.11,I,J,1250.0,1920.0,1950.0,other/LOG_temp_archive_9_2.csv,miniarchive,temp_archive_9_2,Disk,YALE-03A-0001,,4U1538-52,True,IR
binir090717.0052.fits,4U 1538-52,15:42:23.10,-52:23:08.8,2009-07-18,01:52:05.518,2455030.57784,15.05,1.11,B,K,1250.0,1840.0,2030.0,other/LOG_temp_archive_9_2.csv,miniarchive,temp_archive_9_2,Disk,YALE-03A-0001,,4U1538-52,True,IR
binir090717.0051.fits,4U 1538-52,15:42:23.09,-52:23:08.4,2009-07-18,01:51:34.570,2455030.57748,15.05,1.11,B,K,1290.0,1840.0,1990.0,other/LOG_temp_archive_9_2.csv,miniarchive,temp_archive_9_2,Disk,YALE-03A-0001,,4U1538-52,True,IR
binir090717.0053.fits,4U 1538-52,15:42:23.10,-52:23:07.9,2009-07-18,01:52:45.579,2455030.5783,10.0,1.11,I,J,1250.0,1880.0,1990.0,other/LOG_temp_archive_9_2.csv,miniarchive,temp_archive_9_2,Disk,YALE-03A-0001,,4U1538-52,True,IR
binir090717.0049.fits,4U 1538-52,15:42:23.12,-52:23:08.9,2009-07-18,01:50:32.182,2455030.57676,15.05,1.11,B,K,1250.0,1920.0,1950.0,other/LOG_temp_archive_9_2.csv,miniarchive,temp_archive_9_2,Disk,YALE-03A-0001,,4U1538-52,True,IR
binir090717.0048.fits,4U 1538-52,15:42:23.19,-52:23:09.4,2009-07-18,01:50:01.337,2455030.5764,15.0,1.11,B,K,1250.0,1880.0,1990.0,other/LOG_temp_archive_9_2.csv,miniarchive,temp_archive_9_2,Disk,YALE-03A-0001,,4U1538-52,True,IR
binir090717.0050.fits,4U 1538-52,15:42:23.09,-52:23:08.9,2009-07-18,01:51:03.426,2455030.57712,15.0,1.11,B,K,1210.0,1880.0,2030.0,other/LOG_temp_archive_9_2.csv,miniarchive,temp_archive_9_2,Disk,YALE-03A-0001,,4U1538-52,True,IR
binir090717.0062.fits,4U 1538-52,15:42:23.08,-52:23:07.8,2009-07-18,01:56:48.826,2455030.58112,10.0,1.12,V,H,1250.0,1840.0,2030.0,other/LOG_temp_archive_9_2.csv,miniarchive,temp_archive_9_2,Disk,YALE-03A-0001,,4U1538-52,True,IR
binir090716.0092.fits,4U 1538-52,15:42:21.64,-52:22:50.9,2009-07-17,01:59:53.680,2455029.58326,15.05,1.11,B,K,1250.0,1920.0,1950.0,other/LOG_temp_archive_9_2.csv,miniarchive,temp_archive_9_2,Disk,YALE-03A-0001,,4U1538-52,True,IR
binir090717.0055.fits,4U 1538-52,15:42:23.10,-52:23:08.1,2009-07-18,01:53:37.769,2455030.57891,10.05,1.11,I,J,1210.0,1880.0,2030.0,other/LOG_temp_archive_9_2.csv,miniarchive,temp_archive_9_2,Disk,YALE-03A-0001,,4U1538-52,True,IR
binir090716.0099.fits,4U 1538-52,15:42:21.63,-52:22:49.7,2009-07-17,02:03:26.362,2455029.58572,10.05,1.12,I,J,1290.0,1840.0,1990.0,other/LOG_temp_archive_9_2.csv,miniarchive,temp_archive_9_2,Disk,YALE-03A-0001,,4U1538-52,True,IR
binir090716.0101.fits,4U 1538-52,15:42:21.58,-52:22:49.5,2009-07-17,02:04:27.708,2455029.58643,10.0,1.12,V,H,1250.0,1880.0,1990.0,other/LOG_temp_archive_9_2.csv,miniarchive,temp_archive_9_2,Disk,YALE-03A-0001,,4U1538-52,True,IR
binir090716.0102.fits,4U 1538-52,15:42:21.60,-52:22:49.5,2009-07-17,02:04:53.737,2455029.58673,10.0,1.12,V,H,1250.0,1920.0,1950.0,other/LOG_temp_archive_9_2.csv,miniarchive,temp_archive_9_2,Disk,YALE-03A-0001,,4U1538-52,True,IR
binir090716.0103.fits,4U 1538-52,15:42:21.61,-52:22:49.8,2009-07-17,02:05:19.903,2455029.58703,10.05,1.12,V,H,1210.0,1880.0,2030.0,other/LOG_temp_archive_9_2.csv,miniarchive,temp_archive_9_2,Disk,YALE-03A-0001,,4U1538-52,True,IR
binir090716.0104.fits,4U 1538-52,15:42:21.58,-52:22:49.4,2009-07-17,02:05:45.596,2455029.58733,10.0,1.12,V,H,1290.0,1840.0,1990.0,other/LOG_temp_archive_9_2.csv,miniarchive,temp_archive_9_2,Disk,YALE-03A-0001,,4U1538-52,True,IR
binir090716.0105.fits,4U 1538-52,15:42:21.56,-52:22:49.2,2009-07-17,02:06:11.663,2455029.58763,10.05,1.12,V,H,1250.0,1840.0,2030.0,other/LOG_temp_archive_9_2.csv,miniarchive,temp_archive_9_2,Disk,YALE-03A-0001,,4U1538-52,True,IR
binir090716.0100.fits,4U 1538-52,15:42:21.60,-52:22:49.8,2009-07-17,02:03:52.444,2455029.58602,10.05,1.12,I,J,1250.0,1840.0,2030.0,other/LOG_temp_archive_9_2.csv,miniarchive,temp_archive_9_2,Disk,YALE-03A-0001,,4U1538-52,True,IR
binir090716.0091.fits,4U 1538-52,15:42:21.64,-52:22:51.6,2009-07-17,01:59:22.650,2455029.5829,15.0,1.11,B,K,1250.0,1880.0,1990.0,other/LOG_temp_archive_9_2.csv,miniarchive,temp_archive_9_2,Disk,YALE-03A-0001,,4U1538-52,True,IR
binir090717.0056.fits,4U 1538-52,15:42:23.11,-52:23:07.8,2009-07-18,01:54:04.046,2455030.57921,10.05,1.11,I,J,1290.0,1840.0,1990.0,other/LOG_temp_archive_9_2.csv,miniarchive,temp_archive_9_2,Disk,YALE-03A-0001,,4U1538-52,True,IR
binir090717.0057.fits,4U 1538-52,15:42:23.08,-52:23:07.9,2009-07-18,01:54:30.016,2455030.57951,10.05,1.11,I,J,1250.0,1840.0,2030.0,other/LOG_temp_archive_9_2.csv,miniarchive,temp_archive_9_2,Disk,YALE-03A-0001,,4U1538-52,True,IR
binir090717.0058.fits,4U 1538-52,15:42:23.10,-52:23:07.9,2009-07-18,01:55:04.929,2455030.57992,10.0,1.11,V,H,1250.0,1880.0,1990.0,other/LOG_temp_archive_9_2.csv,miniarchive,temp_archive_9_2,Disk,YALE-03A-0001,,4U1538-52,True,IR
binir090717.0061.fits,4U 1538-52,15:42:23.11,-52:23:07.9,2009-07-18,01:56:22.840,2455030.58082,10.0,1.11,V,H,1290.0,1840.0,1990.0,other/LOG_temp_archive_9_2.csv,miniarchive,temp_archive_9_2,Disk,YALE-03A-0001,,4U1538-52,True,IR
binir090717.0060.fits,4U 1538-52,15:42:23.12,-52:23:07.8,2009-07-18,01:55:56.991,2455030.58052,10.0,1.11,V,H,1210.0,1880.0,2030.0,other/LOG_temp_archive_9_2.csv,miniarchive,temp_archive_9_2,Disk,YALE-03A-0001,,4U1538-52,True,IR
binir090717.0059.fits,4U 1538-52,15:42:23.11,-52:23:07.9,2009-07-18,01:55:30.918,2455030.58022,10.0,1.11,V,H,1250.0,1920.0,1950.0,other/LOG_temp_archive_9_2.csv,miniarchive,temp_archive_9_2,Disk,YALE-03A-0001,,4U1538-52,True,IR
ir090917.0029,4U 1538-52,15:42:23.0,-52:23:10,2009-09-18,00:02:56.5,2455092.502,10.0,1.37,J,J,,,,usbdrivereplog_4U1538-52.csv,,,Data replog,,,4U1538-52,True,IR
ir090917.0035,4U 1538-52,15:42:22.9,-52:23:11,2009-09-18,00:05:41.3,2455092.5039,10.0,1.38,H,H,,,,usbdrivereplog_4U1538-52.csv,,,Data replog,,,4U1538-52,True,IR
ir090917.0034,4U 1538-52,15:42:23.0,-52:23:11,2009-09-18,00:05:15.4,2455092.5036,10.1,1.38,H,H,,,,usbdrivereplog_4U1538-52.csv,,,Data replog,,,4U1538-52,True,IR
ir090917.0033,4U 1538-52,15:42:23.0,-52:23:10,2009-09-18,00:04:49.8,2455092.5033,10.0,1.38,H,H,,,,usbdrivereplog_4U1538-52.csv,,,Data replog,,,4U1538-52,True,IR
ir090917.0032,4U 1538-52,15:42:23.0,-52:23:10,2009-09-18,00:04:23.5,2455092.503,10.1,1.38,H,H,,,,usbdrivereplog_4U1538-52.csv,,,Data replog,,,4U1538-52,True,IR
ir090917.0031,4U 1538-52,15:42:23.0,-52:23:10,2009-09-18,00:03:57.6,2455092.5027,10.0,1.38,H,H,,,,usbdrivereplog_4U1538-52.csv,,,Data replog,,,4U1538-52,True,IR
ir090917.0030,4U 1538-52,15:42:23.0,-52:23:10,2009-09-18,00:03:22.4,2455092.5023,10.0,1.38,J,J,,,,usbdrivereplog_4U1538-52.csv,,,Data replog,,,4U1538-52,True,IR
ir090917.0028,4U 1538-52,15:42:23.0,-52:23:10,2009-09-18,00:02:30.3,2455092.5017,10.0,1.37,J,J,,,,usbdrivereplog_4U1538-52.csv,,,Data replog,,,4U1538-52,True,IR
ir090909.0065,4U 1538-52,15:42:23.0,-52:23:11,2009-09-10,00:18:15.2,2455084.5127,10.0,1.32,H,H,,,,usbdrivereplog_4U1538-52.csv,,,Data replog,,,4U1538-52,True,IR
ir090913.0029,4U 1538-52,15:42:20.3,-52:22:44,2009-09-13,23:45:35.4,2455088.49,10.0,1.28,J,J,,,,usbdrivereplog_4U1538-52.csv,,,Data replog,,,4U1538-52,True,IR
ir090913.0028,4U 1538-52,15:42:20.3,-52:22:44,2009-09-13,23:45:09.4,2455088.4897,10.1,1.28,J,J,,,,usbdrivereplog_4U1538-52.csv,,,Data replog,,,4U1538-52,True,IR
ir090913.0027,4U 1538-52,15:42:20.3,-52:22:44,2009-09-13,23:44:43.3,2455088.4894,10.0,1.27,J,J,,,,usbdrivereplog_4U1538-52.csv,,,Data replog,,,4U1538-52,True,IR
ir090913.0026,4U 1538-52,15:42:20.3,-52:22:45,2009-09-13,23:44:17.4,2455088.4891,10.1,1.27,J,J,,,,usbdrivereplog_4U1538-52.csv,,,Data replog,,,4U1538-52,True,IR
ir090913.0025,4U 1538-52,15:42:20.4,-52:22:44,2009-09-13,23:43:37.5,2455088.4887,15.1,1.27,K,K,,,,usbdrivereplog_4U1538-52.csv,,,Data replog,,,4U1538-52,True,IR
ir090913.0024,4U 1538-52,15:42:20.3,-52:22:45,2009-09-13,23:43:06.6,2455088.4883,15.0,1.27,K,K,,,,usbdrivereplog_4U1538-52.csv,,,Data replog,,,4U1538-52,True,IR
ir090913.0023,4U 1538-52,15:42:20.4,-52:22:45,2009-09-13,23:42:35.4,2455088.4879,15.1,1.27,K,K,,,,usbdrivereplog_4U1538-52.csv,,,Data replog,,,4U1538-52,True,IR
ir090913.0022,4U 1538-52,15:42:20.4,-52:22:45,2009-09-13,23:42:04.4,2455088.4876,15.1,1.27,K,K,,,,usbdrivereplog_4U1538-52.csv,,,Data replog,,,4U1538-52,True,IR
ir090913.0021,4U 1538-52,15:42:20.4,-52:22:45,2009-09-13,23:41:33.5,2455088.4872,15.0,1.27,K,K,,,,usbdrivereplog_4U1538-52.csv,,,Data replog,,,4U1538-52,True,IR
ir090909.0067,4U 1538-52,15:42:22.9,-52:23:11,2009-09-10,00:19:06.9,2455084.5133,10.0,1.33,H,H,,,,usbdrivereplog_4U1538-52.csv,,,Data replog,,,4U1538-52,True,IR
ir090909.0066,4U 1538-52,15:42:23.0,-52:23:11,2009-09-10,00:18:40.9,2455084.513,10.1,1.32,H,H,,,,usbdrivereplog_4U1538-52.csv,,,Data replog,,,4U1538-52,True,IR
ir090909.0064,4U 1538-52,15:42:23.0,-52:23:11,2009-09-10,00:17:49.0,2455084.5124,10.0,1.32,H,H,,,,usbdrivereplog_4U1538-52.csv,,,Data replog,,,4U1538-52,True,IR
ir090917.0027,4U 1538-52,15:42:23.0,-52:23:10,2009-09-18,00:02:04.0,2455092.5014,10.0,1.37,J,J,,,,usbdrivereplog_4U1538-52.csv,,,Data replog,,,4U1538-52,True,IR
ir090909.0063,4U 1538-52,15:42:23.0,-52:23:11,2009-09-10,00:17:23.1,2455084.5121,10.1,1.32,H,H,,,,usbdrivereplog_4U1538-52.csv,,,Data replog,,,4U1538-52,True,IR
ir090909.0062,4U 1538-52,15:42:23.0,-52:23:11,2009-09-10,00:16:48.2,2455084.5117,10.0,1.32,J,J,,,,usbdrivereplog_4U1538-52.csv,,,Data replog,,,4U1538-52,True,IR
ir090909.0061,4U 1538-52,15:42:23.0,-52:23:11,2009-09-10,00:16:22.2,2455084.5114,10.1,1.32,J,J,,,,usbdrivereplog_4U1538-52.csv,,,Data replog,,,4U1538-52,True,IR
ir090909.0060,4U 1538-52,15:42:23.1,-52:23:10,2009-09-10,00:15:56.0,2455084.5111,10.0,1.32,J,J,,,,usbdrivereplog_4U1538-52.csv,,,Data replog,,,4U1538-52,True,IR
ir090909.0059,4U 1538-52,15:42:23.1,-52:23:10,2009-09-10,00:15:29.9,2455084.5108,10.0,1.32,J,J,,,,usbdrivereplog_4U1538-52.csv,,,Data replog,,,4U1538-52,True,IR
ir090909.0058,4U 1538-52,15:42:23.1,-52:23:10,2009-09-10,00:15:04.0,2455084.5105,10.0,1.31,J,J,,,,usbdrivereplog_4U1538-52.csv,,,Data replog,,,4U1538-52,True,IR
ir090909.0057,4U 1538-52,15:42:23.1,-52:23:10,2009-09-10,00:14:24.3,2455084.51,15.1,1.31,K,K,,,,usbdrivereplog_4U1538-52.csv,,,Data replog,,,4U1538-52,True,IR
ir090909.0056,4U 1538-52,15:42:23.1,-52:23:10,2009-09-10,00:13:53.4,2455084.5096,15.0,1.31,K,K,,,,usbdrivereplog_4U1538-52.csv,,,Data replog,,,4U1538-52,True,IR
ir090909.0055,4U 1538-52,15:42:23.1,-52:23:10,2009-09-10,00:13:22.3,2455084.5093,15.1,1.31,K,K,,,,usbdrivereplog_4U1538-52.csv,,,Data replog,,,4U1538-52,True,IR
ir090909.0054,4U 1538-52,15:42:23.2,-52:23:10,2009-09-10,00:12:51.0,2455084.5089,15.0,1.31,K,K,,,,usbdrivereplog_4U1538-52.csv,,,Data replog,,,4U1538-52,True,IR
ir090909.0053,4U 1538-52,15:42:23.1,-52:23:09,2009-09-10,00:12:20.0,2455084.5086,15.1,1.31,K,K,,,,usbdrivereplog_4U1538-52.csv,,,Data replog,,,4U1538-52,True,IR
ir090913.0030,4U 1538-52,15:42:20.3,-52:22:44,2009-09-13,23:46:01.2,2455088.4903,10.1,1.28,J,J,,,,usbdrivereplog_4U1538-52.csv,,,Data replog,,,4U1538-52,True,IR
ir090913.0031,4U 1538-52,15:42:20.4,-52:22:44,2009-09-13,23:46:35.7,2455088.4907,10.0,1.28,H,H,,,,usbdrivereplog_4U1538-52.csv,,,Data replog,,,4U1538-52,True,IR
ir090913.0032,4U 1538-52,15:42:20.3,-52:22:44,2009-09-13,23:47:01.5,2455088.491,10.0,1.28,H,H,,,,usbdrivereplog_4U1538-52.csv,,,Data replog,,,4U1538-52,True,IR
ir090913.0033,4U 1538-52,15:42:20.3,-52:22:44,2009-09-13,23:47:27.6,2455088.4913,10.1,1.28,H,H,,,,usbdrivereplog_4U1538-52.csv,,,Data replog,,,4U1538-52,True,IR
ir090917.0026,4U 1538-52,15:42:23.0,-52:23:10,2009-09-18,00:01:38.0,2455092.5011,10.1,1.37,J,J,,,,usbdrivereplog_4U1538-52.csv,,,Data replog,,,4U1538-52,True,IR
ir090917.0025,4U 1538-52,15:42:23.0,-52:23:09,2009-09-18,00:00:57.8,2455092.5007,15.0,1.37,K,K,,,,usbdrivereplog_4U1538-52.csv,,,Data replog,,,4U1538-52,True,IR
ir090917.0024,4U 1538-52,15:42:23.0,-52:23:10,2009-09-18,00:00:26.8,2455092.5003,15.1,1.37,K,K,,,,usbdrivereplog_4U1538-52.csv,,,Data replog,,,4U1538-52,True,IR
ir090917.0023,4U 1538-52,15:42:23.1,-52:23:10,2009-09-17,23:59:55.6,2455092.5,15.0,1.36,K,K,,,,usbdrivereplog_4U1538-52.csv,,,Data replog,,,4U1538-52,True,IR
ir090917.0022,4U 1538-52,15:42:23.1,-52:23:10,2009-09-17,23:59:24.4,2455092.4996,15.0,1.36,K,K,,,,usbdrivereplog_4U1538-52.csv,,,Data replog,,,4U1538-52,True,IR
ir090917.0021,4U 1538-52,15:42:23.2,-52:23:09,2009-09-17,23:58:53.4,2455092.4992,15.1,1.36,K,K,,,,usbdrivereplog_4U1538-52.csv,,,Data replog,,,4U1538-52,True,IR
ir090916.0052,4U 1538-52,15:42:19.4,-52:22:59,2009-09-17,00:40:29.4,2455091.5281,10.1,1.51,H,H,,,,usbdrivereplog_4U1538-52.csv,,,Data replog,,,4U1538-52,True,IR
ir090916.0051,4U 1538-52,15:42:19.5,-52:22:59,2009-09-17,00:40:03.6,2455091.5278,10.1,1.51,H,H,,,,usbdrivereplog_4U1538-52.csv,,,Data replog,,,4U1538-52,True,IR
ir090916.0050,4U 1538-52,15:42:19.5,-52:22:59,2009-09-17,00:39:37.7,2455091.5275,10.0,1.5,H,H,,,,usbdrivereplog_4U1538-52.csv,,,Data replog,,,4U1538-52,True,IR
ir090916.0049,4U 1538-52,15:42:19.5,-52:22:59,2009-09-17,00:39:11.6,2455091.5272,10.0,1.5,H,H,,,,usbdrivereplog_4U1538-52.csv,,,Data replog,,,4U1538-52,True,IR
ir090916.0048,4U 1538-52,15:42:19.5,-52:22:59,2009-09-17,00:38:45.7,2455091.5269,10.1,1.5,H,H,,,,usbdrivereplog_4U1538-52.csv,,,Data replog,,,4U1538-52,True,IR
ir090916.0047,4U 1538-52,15:42:19.5,-52:22:59,2009-09-17,00:38:11.1,2455091.5265,10.0,1.5,J,J,,,,usbdrivereplog_4U1538-52.csv,,,Data replog,,,4U1538-52,True,IR
ir090916.0046,4U 1538-52,15:42:19.5,-52:22:59,2009-09-17,00:37:45.3,2455091.5262,10.0,1.5,J,J,,,,usbdrivereplog_4U1538-52.csv,,,Data replog,,,4U1538-52,True,IR
ir090916.0045,4U 1538-52,15:42:19.5,-52:22:58,2009-09-17,00:37:19.2,2455091.5259,10.0,1.49,J,J,,,,usbdrivereplog_4U1538-52.csv,,,Data replog,,,4U1538-52,True,IR
ir090916.0044,4U 1538-52,15:42:19.5,-52:22:59,2009-09-17,00:36:53.1,2455091.5256,10.0,1.49,J,J,,,,usbdrivereplog_4U1538-52.csv,,,Data replog,,,4U1538-52,True,IR
ir090916.0043,4U 1538-52,15:42:19.5,-52:22:59,2009-09-17,00:36:27.2,2455091.5253,10.0,1.49,J,J,,,,usbdrivereplog_4U1538-52.csv,,,Data replog,,,4U1538-52,True,IR
ir090916.0042,4U 1538-52,15:42:19.6,-52:22:59,2009-09-17,00:35:47.6,2455091.5249,15.0,1.49,K,K,,,,usbdrivereplog_4U1538-52.csv,,,Data replog,,,4U1538-52,True,IR
ir090916.0041,4U 1538-52,15:42:19.6,-52:22:59,2009-09-17,00:35:16.7,2455091.5245,15.0,1.48,K,K,,,,usbdrivereplog_4U1538-52.csv,,,Data replog,,,4U1538-52,True,IR
ir090916.0040,4U 1538-52,15:42:19.6,-52:22:59,2009-09-17,00:34:45.5,2455091.5242,15.1,1.48,K,K,,,,usbdrivereplog_4U1538-52.csv,,,Data replog,,,4U1538-52,True,IR
ir090916.0039,4U 1538-52,15:42:19.6,-52:22:59,2009-09-17,00:34:14.2,2455091.5238,15.1,1.48,K,K,,,,usbdrivereplog_4U1538-52.csv,,,Data replog,,,4U1538-52,True,IR
ir090916.0038,4U 1538-52,15:42:19.6,-52:22:59,2009-09-17,00:33:43.3,2455091.5234,15.0,1.48,K,K,,,,usbdrivereplog_4U1538-52.csv,,,Data replog,,,4U1538-52,True,IR
ir090913.0035,4U 1538-52,15:42:20.3,-52:22:44,2009-09-13,23:48:19.4,2455088.4919,10.0,1.28,H,H,,,,usbdrivereplog_4U1538-52.csv,,,Data replog,,,4U1538-52,True,IR
ir090913.0034,4U 1538-52,15:42:20.3,-52:22:44,2009-09-13,23:47:53.5,2455088.4916,10.1,1.28,H,H,,,,usbdrivereplog_4U1538-52.csv,,,Data replog,,,4U1538-52,True,IR
ir090804.0101,4U 1538-52,15:42:20.5,-52:22:41,2009-08-05,01:32:18.2,2455048.5641,15.0,1.17,K,K,,,,usbdrivereplog_4U1538-52.csv,,,Data replog,,,4U1538-52,True,IR
ir090907.0048,4U 1538-52,15:42:23.0,-52:23:11,2009-09-08,01:33:57.8,2455082.5653,10.0,1.6,H,H,,,,usbdrivereplog_4U1538-52.csv,,,Data replog,,,4U1538-52,True,IR
ir090907.0047,4U 1538-52,15:42:23.0,-52:23:10,2009-09-08,01:33:31.8,2455082.565,10.1,1.59,H,H,,,,usbdrivereplog_4U1538-52.csv,,,Data replog,,,4U1538-52,True,IR
ir090907.0046,4U 1538-52,15:42:23.0,-52:23:10,2009-09-08,01:33:06.0,2455082.5647,10.0,1.59,H,H,,,,usbdrivereplog_4U1538-52.csv,,,Data replog,,,4U1538-52,True,IR
ir090822.0178,4U 1538-52,15:42:22.9,-52:23:10,2009-08-23,02:34:55.1,2455066.6076,10.0,1.59,H,H,,,,usbdrivereplog_4U1538-52.csv,,,Data replog,,,4U1538-52,True,IR
ir090824.0093,4U 1538-52,15:42:23.1,-52:23:10,2009-08-25,01:13:52.2,2455068.5513,10.0,1.3,J,J,,,,usbdrivereplog_4U1538-52.csv,,,Data replog,,,4U1538-52,True,IR
ir090824.0092,4U 1538-52,15:42:23.1,-52:23:10,2009-08-25,01:13:26.3,2455068.551,10.0,1.3,J,J,,,,usbdrivereplog_4U1538-52.csv,,,Data replog,,,4U1538-52,True,IR
ir090824.0091,4U 1538-52,15:42:23.2,-52:23:10,2009-08-25,01:13:00.2,2455068.5507,10.0,1.3,J,J,,,,usbdrivereplog_4U1538-52.csv,,,Data replog,,,4U1538-52,True,IR
ir090824.0090,4U 1538-52,15:42:23.1,-52:23:10,2009-08-25,01:12:34.1,2455068.5504,10.0,1.3,J,J,,,,usbdrivereplog_4U1538-52.csv,,,Data replog,,,4U1538-52,True,IR
ir090824.0089,4U 1538-52,15:42:23.1,-52:23:09,2009-08-25,01:12:08.2,2455068.5501,10.0,1.3,J,J,,,,usbdrivereplog_4U1538-52.csv,,,Data replog,,,4U1538-52,True,IR
ir090824.0088,4U 1538-52,15:42:23.1,-52:23:09,2009-08-25,01:11:28.6,2455068.5496,15.1,1.3,K,K,,,,usbdrivereplog_4U1538-52.csv,,,Data replog,,,4U1538-52,True,IR
ir090824.0087,4U 1538-52,15:42:23.1,-52:23:09,2009-08-25,01:10:57.7,2455068.5493,15.0,1.29,K,K,,,,usbdrivereplog_4U1538-52.csv,,,Data replog,,,4U1538-52,True,IR
ir090824.0086,4U 1538-52,15:42:23.1,-52:23:09,2009-08-25,01:10:26.4,2455068.5489,15.1,1.29,K,K,,,,usbdrivereplog_4U1538-52.csv,,,Data replog,,,4U1538-52,True,IR
ir090824.0085,4U 1538-52,15:42:23.1,-52:23:09,2009-08-25,01:09:55.2,2455068.5486,15.0,1.29,K,K,,,,usbdrivereplog_4U1538-52.csv,,,Data replog,,,4U1538-52,True,IR
ir090824.0084,4U 1538-52,15:42:23.2,-52:23:09,2009-08-25,01:09:24.3,2455068.5482,15.0,1.29,K,K,,,,usbdrivereplog_4U1538-52.csv,,,Data replog,,,4U1538-52,True,IR
ir090822.0179,4U 1538-52,15:42:22.9,-52:23:10,2009-08-23,02:35:20.9,2455066.6079,10.1,1.59,H,H,,,,usbdrivereplog_4U1538-52.csv,,,Data replog,,,4U1538-52,True,IR
ir090822.0177,4U 1538-52,15:42:22.9,-52:23:10,2009-08-23,02:34:29.4,2455066.6073,10.1,1.58,H,H,,,,usbdrivereplog_4U1538-52.csv,,,Data replog,,,4U1538-52,True,IR
ir090814.0109,4U 1538-52,15:42:21.0,-52:22:45,2009-08-15,01:27:48.0,2455058.561,10.0,1.24,H,H,,,,usbdrivereplog_4U1538-52.csv,,,Data replog,,,4U1538-52,True,IR
ir090822.0176,4U 1538-52,15:42:22.9,-52:23:10,2009-08-23,02:34:03.2,2455066.607,10.0,1.58,H,H,,,,usbdrivereplog_4U1538-52.csv,,,Data replog,,,4U1538-52,True,IR
ir090822.0175,4U 1538-52,15:42:22.9,-52:23:10,2009-08-23,02:33:37.3,2455066.6067,10.0,1.58,H,H,,,,usbdrivereplog_4U1538-52.csv,,,Data replog,,,4U1538-52,True,IR
ir090822.0174,4U 1538-52,15:42:22.9,-52:23:10,2009-08-23,02:33:02.9,2455066.6063,10.1,1.58,J,J,,,,usbdrivereplog_4U1538-52.csv,,,Data replog,,,4U1538-52,True,IR
ir090822.0173,4U 1538-52,15:42:23.0,-52:23:10,2009-08-23,02:32:37.0,2455066.606,10.1,1.57,J,J,,,,usbdrivereplog_4U1538-52.csv,,,Data replog,,,4U1538-52,True,IR
ir090822.0172,4U 1538-52,15:42:23.0,-52:23:10,2009-08-23,02:32:10.9,2455066.6057,10.1,1.57,J,J,,,,usbdrivereplog_4U1538-52.csv,,,Data replog,,,4U1538-52,True,IR
ir090822.0171,4U 1538-52,15:42:23.0,-52:23:10,2009-08-23,02:31:44.8,2455066.6054,10.1,1.57,J,J,,,,usbdrivereplog_4U1538-52.csv,,,Data replog,,,4U1538-52,True,IR
ir090822.0170,4U 1538-52,15:42:23.0,-52:23:10,2009-08-23,02:31:18.8,2455066.6051,10.0,1.57,J,J,,,,usbdrivereplog_4U1538-52.csv,,,Data replog,,,4U1538-52,True,IR
ir090822.0169,4U 1538-52,15:42:23.0,-52:23:10,2009-08-23,02:30:38.6,2455066.6046,15.0,1.56,K,K,,,,usbdrivereplog_4U1538-52.csv,,,Data replog,,,4U1538-52,True,IR
ir090822.0168,4U 1538-52,15:42:23.0,-52:23:10,2009-08-23,02:30:07.7,2455066.6043,15.0,1.56,K,K,,,,usbdrivereplog_4U1538-52.csv,,,Data replog,,,4U1538-52,True,IR
ir090822.0167,4U 1538-52,15:42:23.1,-52:23:09,2009-08-23,02:29:36.4,2455066.6039,15.1,1.56,K,K,,,,usbdrivereplog_4U1538-52.csv,,,Data replog,,,4U1538-52,True,IR
ir090822.0166,4U 1538-52,15:42:23.1,-52:23:10,2009-08-23,02:29:05.2,2455066.6035,15.0,1.56,K,K,,,,usbdrivereplog_4U1538-52.csv,,,Data replog,,,4U1538-52,True,IR
ir090824.0094,4U 1538-52,15:42:23.1,-52:23:10,2009-08-25,01:14:27.0,2455068.5517,10.0,1.3,H,H,,,,usbdrivereplog_4U1538-52.csv,,,Data replog,,,4U1538-52,True,IR
ir090824.0095,4U 1538-52,15:42:23.1,-52:23:10,2009-08-25,01:14:52.9,2455068.552,10.0,1.31,H,H,,,,usbdrivereplog_4U1538-52.csv,,,Data replog,,,4U1538-52,True,IR
ir090824.0096,4U 1538-52,15:42:23.1,-52:23:10,2009-08-25,01:15:18.9,2455068.5523,10.1,1.31,H,H,,,,usbdrivereplog_4U1538-52.csv,,,Data replog,,,4U1538-52,True,IR
ir090824.0097,4U 1538-52,15:42:23.1,-52:23:10,2009-08-25,01:15:44.8,2455068.5526,10.0,1.31,H,H,,,,usbdrivereplog_4U1538-52.csv,,,Data replog,,,4U1538-52,True,IR
ir090826.0104,4U 1538-52,15:42:23.0,-52:23:08,2009-08-27,01:18:53.6,2455070.5548,10.0,1.34,J,J,,,,usbdrivereplog_4U1538-52.csv,,,Data replog,,,4U1538-52,True,IR
ir090826.0103,4U 1538-52,15:42:23.0,-52:23:09,2009-08-27,01:18:27.8,2455070.5545,10.0,1.34,J,J,,,,usbdrivereplog_4U1538-52.csv,,,Data replog,,,4U1538-52,True,IR
ir090826.0102,4U 1538-52,15:42:23.1,-52:23:09,2009-08-27,01:17:48.3,2455070.554,15.0,1.34,K,K,,,,usbdrivereplog_4U1538-52.csv,,,Data replog,,,4U1538-52,True,IR
ir090826.0101,4U 1538-52,15:42:23.1,-52:23:09,2009-08-27,01:17:17.4,2455070.5537,15.1,1.34,K,K,,,,usbdrivereplog_4U1538-52.csv,,,Data replog,,,4U1538-52,True,IR
ir090826.0100,4U 1538-52,15:42:23.1,-52:23:09,2009-08-27,01:16:46.2,2455070.5533,15.0,1.33,K,K,,,,usbdrivereplog_4U1538-52.csv,,,Data replog,,,4U1538-52,True,IR
ir090826.0099,4U 1538-52,15:42:23.1,-52:23:09,2009-08-27,01:16:15.0,2455070.5529,15.1,1.33,K,K,,,,usbdrivereplog_4U1538-52.csv,,,Data replog,,,4U1538-52,True,IR
ir090826.0098,4U 1538-52,15:42:23.1,-52:23:10,2009-08-27,01:15:44.2,2455070.5526,15.0,1.33,K,K,,,,usbdrivereplog_4U1538-52.csv,,,Data replog,,,4U1538-52,True,IR
ir090825.0057,4U 1538-52,15:42:23.1,-52:23:07,2009-08-26,00:52:19.4,2455069.5363,10.0,1.26,H,H,,,,usbdrivereplog_4U1538-52.csv,,,Data replog,,,4U1538-52,True,IR
ir090825.0056,4U 1538-52,15:42:23.1,-52:23:07,2009-08-26,00:51:53.5,2455069.536,10.0,1.26,H,H,,,,usbdrivereplog_4U1538-52.csv,,,Data replog,,,4U1538-52,True,IR
ir090825.0055,4U 1538-52,15:42:23.1,-52:23:08,2009-08-26,00:51:28.0,2455069.5357,10.0,1.26,H,H,,,,usbdrivereplog_4U1538-52.csv,,,Data replog,,,4U1538-52,True,IR
ir090825.0054,4U 1538-52,15:42:23.1,-52:23:08,2009-08-26,00:51:01.6,2455069.5354,10.0,1.25,H,H,,,,usbdrivereplog_4U1538-52.csv,,,Data replog,,,4U1538-52,True,IR
ir090825.0053,4U 1538-52,15:42:23.1,-52:23:07,2009-08-26,00:50:35.8,2455069.5351,10.0,1.25,H,H,,,,usbdrivereplog_4U1538-52.csv,,,Data replog,,,4U1538-52,True,IR
ir090825.0052,4U 1538-52,15:42:23.1,-52:23:08,2009-08-26,00:50:01.4,2455069.5347,10.0,1.25,J,J,,,,usbdrivereplog_4U1538-52.csv,,,Data replog,,,4U1538-52,True,IR
ir090825.0051,4U 1538-52,15:42:23.1,-52:23:08,2009-08-26,00:49:35.5,2455069.5344,10.0,1.25,J,J,,,,usbdrivereplog_4U1538-52.csv,,,Data replog,,,4U1538-52,True,IR
ir090825.0050,4U 1538-52,15:42:23.1,-52:23:08,2009-08-26,00:49:09.4,2455069.5341,10.1,1.25,J,J,,,,usbdrivereplog_4U1538-52.csv,,,Data replog,,,4U1538-52,True,IR
ir090825.0049,4U 1538-52,15:42:23.1,-52:23:08,2009-08-26,00:48:43.2,2455069.5338,10.0,1.25,J,J,,,,usbdrivereplog_4U1538-52.csv,,,Data replog,,,4U1538-52,True,IR
ir090825.0048,4U 1538-52,15:42:23.1,-52:23:08,2009-08-26,00:48:17.4,2455069.5335,10.0,1.25,J,J,,,,usbdrivereplog_4U1538-52.csv,,,Data replog,,,4U1538-52,True,IR
ir090825.0047,4U 1538-52,15:42:23.1,-52:23:09,2009-08-26,00:47:38.1,2455069.5331,15.0,1.25,K,K,,,,usbdrivereplog_4U1538-52.csv,,,Data replog,,,4U1538-52,True,IR
ir090825.0046,4U 1538-52,15:42:23.2,-52:23:09,2009-08-26,00:47:07.2,2455069.5327,15.0,1.24,K,K,,,,usbdrivereplog_4U1538-52.csv,,,Data replog,,,4U1538-52,True,IR
ir090825.0045,4U 1538-52,15:42:23.2,-52:23:09,2009-08-26,00:46:36.0,2455069.5324,15.0,1.24,K,K,,,,usbdrivereplog_4U1538-52.csv,,,Data replog,,,4U1538-52,True,IR
ir090825.0044,4U 1538-52,15:42:23.1,-52:23:09,2009-08-26,00:46:05.0,2455069.532,15.0,1.24,K,K,,,,usbdrivereplog_4U1538-52.csv,,,Data replog,,,4U1538-52,True,IR
ir090825.0043,4U 1538-52,15:42:23.1,-52:23:09,2009-08-26,00:45:34.1,2455069.5316,15.0,1.24,K,K,,,,usbdrivereplog_4U1538-52.csv,,,Data replog,,,4U1538-52,True,IR
ir090824.0098,4U 1538-52,15:42:23.1,-52:23:10,2009-08-25,01:16:10.7,2455068.5529,10.1,1.31,H,H,,,,usbdrivereplog_4U1538-52.csv,,,Data replog,,,4U1538-52,True,IR
ir090822.0165,4U 1538-52,15:42:23.1,-52:23:10,2009-08-23,02:28:34.4,2455066.6032,15.0,1.55,K,K,,,,usbdrivereplog_4U1538-52.csv,,,Data replog,,,4U1538-52,True,IR
ir090814.0108,4U 1538-52,15:42:21.0,-52:22:45,2009-08-15,01:27:21.8,2455058.5607,10.0,1.24,H,H,,,,usbdrivereplog_4U1538-52.csv,,,Data replog,,,4U1538-52,True,IR
ir090907.0045,4U 1538-52,15:42:23.0,-52:23:10,2009-09-08,01:32:39.9,2455082.5644,10.0,1.59,H,H,,,,usbdrivereplog_4U1538-52.csv,,,Data replog,,,4U1538-52,True,IR
ir090809.0098,4U 1538-52,15:42:23.1,-52:23:09,2009-08-10,01:36:44.8,2455053.5672,15.0,1.22,K,K,,,,usbdrivereplog_4U1538-52.csv,,,Data replog,,,4U1538-52,True,IR
ir090809.0109,4U 1538-52,15:42:23.2,-52:23:08,2009-08-10,01:41:57.2,2455053.5708,10.1,1.23,H,H,,,,usbdrivereplog_4U1538-52.csv,,,Data replog,,,4U1538-52,True,IR
ir090809.0108,4U 1538-52,15:42:23.2,-52:23:09,2009-08-10,01:41:31.4,2455053.5705,10.0,1.23,H,H,,,,usbdrivereplog_4U1538-52.csv,,,Data replog,,,4U1538-52,True,IR
ir090809.0107,4U 1538-52,15:42:23.2,-52:23:09,2009-08-10,01:41:05.5,2455053.5702,10.1,1.23,H,H,,,,usbdrivereplog_4U1538-52.csv,,,Data replog,,,4U1538-52,True,IR
ir090809.0106,4U 1538-52,15:42:23.1,-52:23:09,2009-08-10,01:40:39.5,2455053.5699,10.0,1.22,H,H,,,,usbdrivereplog_4U1538-52.csv,,,Data replog,,,4U1538-52,True,IR
ir090809.0105,4U 1538-52,15:42:23.2,-52:23:09,2009-08-10,01:40:13.6,2455053.5696,10.0,1.22,H,H,,,,usbdrivereplog_4U1538-52.csv,,,Data replog,,,4U1538-52,True,IR
ir090809.0104,4U 1538-52,15:42:23.2,-52:23:09,2009-08-10,01:39:39.2,2455053.5692,10.0,1.22,J,J,,,,usbdrivereplog_4U1538-52.csv,,,Data replog,,,4U1538-52,True,IR
ir090809.0103,4U 1538-52,15:42:23.2,-52:23:09,2009-08-10,01:39:13.3,2455053.5689,10.1,1.22,J,J,,,,usbdrivereplog_4U1538-52.csv,,,Data replog,,,4U1538-52,True,IR
ir090809.0102,4U 1538-52,15:42:23.2,-52:23:09,2009-08-10,01:38:47.2,2455053.5686,10.1,1.22,J,J,,,,usbdrivereplog_4U1538-52.csv,,,Data replog,,,4U1538-52,True,IR
ir090809.0101,4U 1538-52,15:42:23.2,-52:23:09,2009-08-10,01:38:21.1,2455053.5683,10.0,1.22,J,J,,,,usbdrivereplog_4U1538-52.csv,,,Data replog,,,4U1538-52,True,IR
ir090809.0100,4U 1538-52,15:42:23.1,-52:23:09,2009-08-10,01:37:55.3,2455053.568,10.0,1.22,J,J,,,,usbdrivereplog_4U1538-52.csv,,,Data replog,,,4U1538-52,True,IR
ir090809.0099,4U 1538-52,15:42:23.2,-52:23:09,2009-08-10,01:37:15.7,2455053.5675,15.1,1.22,K,K,,,,usbdrivereplog_4U1538-52.csv,,,Data replog,,,4U1538-52,True,IR
ir090809.0097,4U 1538-52,15:42:23.2,-52:23:09,2009-08-10,01:36:13.5,2455053.5668,15.1,1.22,K,K,,,,usbdrivereplog_4U1538-52.csv,,,Data replog,,,4U1538-52,True,IR
ir090814.0107,4U 1538-52,15:42:20.9,-52:22:46,2009-08-15,01:26:55.9,2455058.5604,10.0,1.24,H,H,,,,usbdrivereplog_4U1538-52.csv,,,Data replog,,,4U1538-52,True,IR
ir090809.0096,4U 1538-52,15:42:23.1,-52:23:09,2009-08-10,01:35:42.4,2455053.5665,15.0,1.21,K,K,,,,usbdrivereplog_4U1538-52.csv,,,Data replog,,,4U1538-52,True,IR
ir090809.0095,4U 1538-52,15:42:23.2,-52:23:09,2009-08-10,01:35:11.4,2455053.5661,15.1,1.21,K,K,,,,usbdrivereplog_4U1538-52.csv,,,Data replog,,,4U1538-52,True,IR
ir090804.0111,4U 1538-52,15:42:20.5,-52:22:41,2009-08-05,01:37:00.6,2455048.5674,10.0,1.18,H,H,,,,usbdrivereplog_4U1538-52.csv,,,Data replog,,,4U1538-52,True,IR
ir090804.0110,4U 1538-52,15:42:20.5,-52:22:41,2009-08-05,01:36:34.8,2455048.5671,10.0,1.18,H,H,,,,usbdrivereplog_4U1538-52.csv,,,Data replog,,,4U1538-52,True,IR
ir090804.0109,4U 1538-52,15:42:20.5,-52:22:41,2009-08-05,01:36:09.2,2455048.5668,10.0,1.18,H,H,,,,usbdrivereplog_4U1538-52.csv,,,Data replog,,,4U1538-52,True,IR
ir090804.0108,4U 1538-52,15:42:20.5,-52:22:40,2009-08-05,01:35:43.1,2455048.5665,10.0,1.18,H,H,,,,usbdrivereplog_4U1538-52.csv,,,Data replog,,,4U1538-52,True,IR
ir090804.0107,4U 1538-52,15:42:20.5,-52:22:41,2009-08-05,01:35:17.2,2455048.5662,10.0,1.18,H,H,,,,usbdrivereplog_4U1538-52.csv,,,Data replog,,,4U1538-52,True,IR
ir090804.0106,4U 1538-52,15:42:20.5,-52:22:41,2009-08-05,01:34:42.6,2455048.5658,10.0,1.18,J,J,,,,usbdrivereplog_4U1538-52.csv,,,Data replog,,,4U1538-52,True,IR
ir090804.0105,4U 1538-52,15:42:20.5,-52:22:41,2009-08-05,01:34:16.7,2455048.5655,10.1,1.18,J,J,,,,usbdrivereplog_4U1538-52.csv,,,Data replog,,,4U1538-52,True,IR
ir090804.0104,4U 1538-52,15:42:20.5,-52:22:41,2009-08-05,01:33:50.4,2455048.5652,10.1,1.18,J,J,,,,usbdrivereplog_4U1538-52.csv,,,Data replog,,,4U1538-52,True,IR
ir090804.0103,4U 1538-52,15:42:20.5,-52:22:41,2009-08-05,01:33:24.1,2455048.5649,10.0,1.17,J,J,,,,usbdrivereplog_4U1538-52.csv,,,Data replog,,,4U1538-52,True,IR
ir090813.0146,4U 1538-52,15:42:20.5,-52:22:42,2009-08-14,01:27:44.4,2455057.5609,15.0,1.23,K,K,,,,usbdrivereplog_4U1538-52.csv,,,Data replog,,,4U1538-52,True,IR
ir090813.0147,4U 1538-52,15:42:20.5,-52:22:42,2009-08-14,01:28:15.3,2455057.5613,15.0,1.23,K,K,,,,usbdrivereplog_4U1538-52.csv,,,Data replog,,,4U1538-52,True,IR
ir090813.0148,4U 1538-52,15:42:20.5,-52:22:42,2009-08-14,01:28:46.7,2455057.5617,15.0,1.23,K,K,,,,usbdrivereplog_4U1538-52.csv,,,Data replog,,,4U1538-52,True,IR
ir090813.0149,4U 1538-52,15:42:20.5,-52:22:42,2009-08-14,01:29:17.9,2455057.562,15.1,1.23,K,K,,,,usbdrivereplog_4U1538-52.csv,,,Data replog,,,4U1538-52,True,IR
ir090814.0106,4U 1538-52,15:42:20.9,-52:22:45,2009-08-15,01:26:29.5,2455058.5601,10.1,1.24,H,H,,,,usbdrivereplog_4U1538-52.csv,,,Data replog,,,4U1538-52,True,IR
ir090814.0105,4U 1538-52,15:42:20.9,-52:22:46,2009-08-15,01:26:03.4,2455058.5598,10.1,1.24,H,H,,,,usbdrivereplog_4U1538-52.csv,,,Data replog,,,4U1538-52,True,IR
ir090814.0104,4U 1538-52,15:42:20.9,-52:22:46,2009-08-15,01:25:28.0,2455058.5594,10.0,1.23,J,J,,,,usbdrivereplog_4U1538-52.csv,,,Data replog,,,4U1538-52,True,IR
ir090814.0103,4U 1538-52,15:42:21.0,-52:22:46,2009-08-15,01:25:02.0,2455058.559,10.0,1.23,J,J,,,,usbdrivereplog_4U1538-52.csv,,,Data replog,,,4U1538-52,True,IR
ir090814.0102,4U 1538-52,15:42:20.9,-52:22:46,2009-08-15,01:24:35.5,2455058.5587,10.0,1.23,J,J,,,,usbdrivereplog_4U1538-52.csv,,,Data replog,,,4U1538-52,True,IR
ir090814.0101,4U 1538-52,15:42:20.9,-52:22:46,2009-08-15,01:24:09.0,2455058.5584,10.1,1.23,J,J,,,,usbdrivereplog_4U1538-52.csv,,,Data replog,,,4U1538-52,True,IR
ir090814.0100,4U 1538-52,15:42:20.9,-52:22:46,2009-08-15,01:23:43.0,2455058.5581,10.1,1.23,J,J,,,,usbdrivereplog_4U1538-52.csv,,,Data replog,,,4U1538-52,True,IR
ir090814.0099,4U 1538-52,15:42:20.9,-52:22:46,2009-08-15,01:23:02.8,2455058.5577,15.1,1.23,K,K,,,,usbdrivereplog_4U1538-52.csv,,,Data replog,,,4U1538-52,True,IR
ir090814.0098,4U 1538-52,15:42:20.9,-52:22:46,2009-08-15,01:22:31.9,2455058.5573,15.0,1.23,K,K,,,,usbdrivereplog_4U1538-52.csv,,,Data replog,,,4U1538-52,True,IR
ir090814.0097,4U 1538-52,15:42:20.9,-52:22:46,2009-08-15,01:22:00.7,2455058.557,15.0,1.23,K,K,,,,usbdrivereplog_4U1538-52.csv,,,Data replog,,,4U1538-52,True,IR
ir090814.0096,4U 1538-52,15:42:20.9,-52:22:46,2009-08-15,01:21:29.4,2455058.5566,15.0,1.23,K,K,,,,usbdrivereplog_4U1538-52.csv,,,Data replog,,,4U1538-52,True,IR
ir090814.0095,4U 1538-52,15:42:20.9,-52:22:46,2009-08-15,01:20:58.4,2455058.5562,15.0,1.22,K,K,,,,usbdrivereplog_4U1538-52.csv,,,Data replog,,,4U1538-52,True,IR
ir090813.0160,4U 1538-52,15:42:20.5,-52:22:42,2009-08-14,01:34:32.4,2455057.5656,10.1,1.25,H,H,,,,usbdrivereplog_4U1538-52.csv,,,Data replog,,,4U1538-52,True,IR
ir090813.0159,4U 1538-52,15:42:20.6,-52:22:42,2009-08-14,01:34:06.5,2455057.5653,10.0,1.24,H,H,,,,usbdrivereplog_4U1538-52.csv,,,Data replog,,,4U1538-52,True,IR
ir090813.0158,4U 1538-52,15:42:20.5,-52:22:42,2009-08-14,01:33:40.7,2455057.565,10.1,1.24,H,H,,,,usbdrivereplog_4U1538-52.csv,,,Data replog,,,4U1538-52,True,IR
ir090813.0157,4U 1538-52,15:42:20.5,-52:22:42,2009-08-14,01:33:14.4,2455057.5647,10.1,1.24,H,H,,,,usbdrivereplog_4U1538-52.csv,,,Data replog,,,4U1538-52,True,IR
ir090813.0156,4U 1538-52,15:42:20.5,-52:22:42,2009-08-14,01:32:48.5,2455057.5644,10.0,1.24,H,H,,,,usbdrivereplog_4U1538-52.csv,,,Data replog,,,4U1538-52,True,IR
ir090813.0155,4U 1538-52,15:42:20.5,-52:22:42,2009-08-14,01:32:13.3,2455057.564,10.0,1.24,J,J,,,,usbdrivereplog_4U1538-52.csv,,,Data replog,,,4U1538-52,True,IR
ir090813.0154,4U 1538-52,15:42:20.5,-52:22:42,2009-08-14,01:31:47.4,2455057.5637,10.0,1.24,J,J,,,,usbdrivereplog_4U1538-52.csv,,,Data replog,,,4U1538-52,True,IR
ir090813.0153,4U 1538-52,15:42:20.5,-52:22:42,2009-08-14,01:31:21.2,2455057.5634,10.0,1.24,J,J,,,,usbdrivereplog_4U1538-52.csv,,,Data replog,,,4U1538-52,True,IR
ir090813.0152,4U 1538-52,15:42:20.5,-52:22:41,2009-08-14,01:30:54.9,2455057.5631,10.1,1.24,J,J,,,,usbdrivereplog_4U1538-52.csv,,,Data replog,,,4U1538-52,True,IR
ir090813.0151,4U 1538-52,15:42:20.5,-52:22:42,2009-08-14,01:30:29.1,2455057.5628,10.0,1.24,J,J,,,,usbdrivereplog_4U1538-52.csv,,,Data replog,,,4U1538-52,True,IR
ir090813.0150,4U 1538-52,15:42:20.5,-52:22:42,2009-08-14,01:29:48.8,2455057.5624,15.1,1.23,K,K,,,,usbdrivereplog_4U1538-52.csv,,,Data replog,,,4U1538-52,True,IR
ir090826.0105,4U 1538-52,15:42:23.0,-52:23:08,2009-08-27,01:19:19.7,2455070.5551,10.0,1.34,J,J,,,,usbdrivereplog_4U1538-52.csv,,,Data replog,,,4U1538-52,True,IR
ir090826.0106,4U 1538-52,15:42:23.0,-52:23:08,2009-08-27,01:19:45.8,2455070.5554,10.1,1.34,J,J,,,,usbdrivereplog_4U1538-52.csv,,,Data replog,,,4U1538-52,True,IR
ir090826.0107,4U 1538-52,15:42:23.0,-52:23:08,2009-08-27,01:20:11.7,2455070.5557,10.0,1.34,J,J,,,,usbdrivereplog_4U1538-52.csv,,,Data replog,,,4U1538-52,True,IR
ir090901.0082,4U 1538-52,15:42:20.5,-52:22:42,2009-09-02,00:53:48.7,2455076.5374,15.0,1.34,K,K,,,,usbdrivereplog_4U1538-52.csv,,,Data replog,,,4U1538-52,True,IR
ir090901.0093,4U 1538-52,15:42:20.4,-52:22:43,2009-09-02,00:59:06.6,2455076.5411,10.0,1.35,H,H,,,,usbdrivereplog_4U1538-52.csv,,,Data replog,,,4U1538-52,True,IR
ir090901.0092,4U 1538-52,15:42:20.4,-52:22:42,2009-09-02,00:58:40.9,2455076.5408,10.1,1.35,H,H,,,,usbdrivereplog_4U1538-52.csv,,,Data replog,,,4U1538-52,True,IR
ir090901.0091,4U 1538-52,15:42:20.3,-52:22:43,2009-09-02,00:58:14.8,2455076.5405,10.0,1.35,H,H,,,,usbdrivereplog_4U1538-52.csv,,,Data replog,,,4U1538-52,True,IR
ir090901.0090,4U 1538-52,15:42:20.4,-52:22:43,2009-09-02,00:57:48.9,2455076.5401,10.0,1.35,H,H,,,,usbdrivereplog_4U1538-52.csv,,,Data replog,,,4U1538-52,True,IR
ir090901.0089,4U 1538-52,15:42:20.4,-52:22:43,2009-09-02,00:57:14.5,2455076.5397,10.0,1.35,J,J,,,,usbdrivereplog_4U1538-52.csv,,,Data replog,,,4U1538-52,True,IR
ir090901.0088,4U 1538-52,15:42:20.4,-52:22:43,2009-09-02,00:56:48.7,2455076.5395,10.0,1.35,J,J,,,,usbdrivereplog_4U1538-52.csv,,,Data replog,,,4U1538-52,True,IR
ir090901.0087,4U 1538-52,15:42:20.5,-52:22:43,2009-09-02,00:56:22.5,2455076.5392,10.1,1.34,J,J,,,,usbdrivereplog_4U1538-52.csv,,,Data replog,,,4U1538-52,True,IR
ir090901.0086,4U 1538-52,15:42:20.5,-52:22:42,2009-09-02,00:55:56.3,2455076.5389,10.1,1.34,J,J,,,,usbdrivereplog_4U1538-52.csv,,,Data replog,,,4U1538-52,True,IR
ir090901.0085,4U 1538-52,15:42:20.4,-52:22:42,2009-09-02,00:55:30.3,2455076.5385,10.1,1.34,J,J,,,,usbdrivereplog_4U1538-52.csv,,,Data replog,,,4U1538-52,True,IR
ir090901.0084,4U 1538-52,15:42:20.5,-52:22:42,2009-09-02,00:54:50.8,2455076.5381,15.0,1.34,K,K,,,,usbdrivereplog_4U1538-52.csv,,,Data replog,,,4U1538-52,True,IR
ir090901.0083,4U 1538-52,15:42:20.5,-52:22:42,2009-09-02,00:54:19.8,2455076.5377,15.1,1.34,K,K,,,,usbdrivereplog_4U1538-52.csv,,,Data replog,,,4U1538-52,True,IR
ir090901.0081,4U 1538-52,15:42:20.6,-52:22:42,2009-09-02,00:53:17.5,2455076.537,15.1,1.33,K,K,,,,usbdrivereplog_4U1538-52.csv,,,Data replog,,,4U1538-52,True,IR
ir090826.0108,4U 1538-52,15:42:23.0,-52:23:08,2009-08-27,01:20:46.7,2455070.5561,10.0,1.35,H,H,,,,usbdrivereplog_4U1538-52.csv,,,Data replog,,,4U1538-52,True,IR
ir090901.0080,4U 1538-52,15:42:20.6,-52:22:43,2009-09-02,00:52:46.6,2455076.5367,15.1,1.33,K,K,,,,usbdrivereplog_4U1538-52.csv,,,Data replog,,,4U1538-52,True,IR
ir090831.0064,4U 1538-52,15:42:21.1,-52:22:39,2009-09-01,00:19:51.2,2455075.5138,10.0,1.24,H,H,,,,usbdrivereplog_4U1538-52.csv,,,Data replog,,,4U1538-52,True,IR
ir090831.0063,4U 1538-52,15:42:21.1,-52:22:39,2009-09-01,00:19:25.1,2455075.5135,10.1,1.24,H,H,,,,usbdrivereplog_4U1538-52.csv,,,Data replog,,,4U1538-52,True,IR
ir090831.0062,4U 1538-52,15:42:21.1,-52:22:40,2009-09-01,00:18:59.5,2455075.5132,10.0,1.23,H,H,,,,usbdrivereplog_4U1538-52.csv,,,Data replog,,,4U1538-52,True,IR
ir090831.0061,4U 1538-52,15:42:21.0,-52:22:40,2009-09-01,00:18:33.4,2455075.5129,10.0,1.23,H,H,,,,usbdrivereplog_4U1538-52.csv,,,Data replog,,,4U1538-52,True,IR
ir090831.0060,4U 1538-52,15:42:21.1,-52:22:40,2009-09-01,00:18:07.5,2455075.5126,10.0,1.23,H,H,,,,usbdrivereplog_4U1538-52.csv,,,Data replog,,,4U1538-52,True,IR
ir090831.0059,4U 1538-52,15:42:21.0,-52:22:40,2009-09-01,00:17:32.3,2455075.5122,10.0,1.23,J,J,,,,usbdrivereplog_4U1538-52.csv,,,Data replog,,,4U1538-52,True,IR
ir090831.0058,4U 1538-52,15:42:21.0,-52:22:40,2009-09-01,00:17:06.2,2455075.5119,10.0,1.23,J,J,,,,usbdrivereplog_4U1538-52.csv,,,Data replog,,,4U1538-52,True,IR
ir090831.0057,4U 1538-52,15:42:21.1,-52:22:40,2009-09-01,00:16:40.1,2455075.5116,10.0,1.23,J,J,,,,usbdrivereplog_4U1538-52.csv,,,Data replog,,,4U1538-52,True,IR
ir090831.0056,4U 1538-52,15:42:21.1,-52:22:40,2009-09-01,00:16:13.9,2455075.5113,10.0,1.23,J,J,,,,usbdrivereplog_4U1538-52.csv,,,Data replog,,,4U1538-52,True,IR
ir090831.0055,4U 1538-52,15:42:21.0,-52:22:40,2009-09-01,00:15:47.9,2455075.511,10.1,1.23,J,J,,,,usbdrivereplog_4U1538-52.csv,,,Data replog,,,4U1538-52,True,IR
ir090901.0094,4U 1538-52,15:42:20.3,-52:22:43,2009-09-02,00:59:32.5,2455076.5414,10.0,1.35,H,H,,,,usbdrivereplog_4U1538-52.csv,,,Data replog,,,4U1538-52,True,IR
ir090903.0045,4U 1538-52,15:42:23.1,-52:23:09,2009-09-04,00:10:33.6,2455078.5073,15.0,1.24,K,K,,,,usbdrivereplog_4U1538-52.csv,,,Data replog,,,4U1538-52,True,IR
ir090903.0046,4U 1538-52,15:42:23.1,-52:23:09,2009-09-04,00:11:04.3,2455078.5077,15.1,1.24,K,K,,,,usbdrivereplog_4U1538-52.csv,,,Data replog,,,4U1538-52,True,IR
ir090903.0047,4U 1538-52,15:42:23.1,-52:23:09,2009-09-04,00:11:35.4,2455078.508,15.0,1.24,K,K,,,,usbdrivereplog_4U1538-52.csv,,,Data replog,,,4U1538-52,True,IR
ir090907.0044,4U 1538-52,15:42:23.0,-52:23:10,2009-09-08,01:32:13.9,2455082.5641,10.0,1.59,H,H,,,,usbdrivereplog_4U1538-52.csv,,,Data replog,,,4U1538-52,True,IR
ir090907.0043,4U 1538-52,15:42:23.0,-52:23:10,2009-09-08,01:31:39.0,2455082.5636,10.1,1.58,J,J,,,,usbdrivereplog_4U1538-52.csv,,,Data replog,,,4U1538-52,True,IR
ir090907.0042,4U 1538-52,15:42:23.0,-52:23:10,2009-09-08,01:31:13.0,2455082.5633,10.0,1.58,J,J,,,,usbdrivereplog_4U1538-52.csv,,,Data replog,,,4U1538-52,True,IR
ir090907.0041,4U 1538-52,15:42:23.0,-52:23:10,2009-09-08,01:30:46.7,2455082.563,10.0,1.58,J,J,,,,usbdrivereplog_4U1538-52.csv,,,Data replog,,,4U1538-52,True,IR
ir090907.0040,4U 1538-52,15:42:23.0,-52:23:10,2009-09-08,01:30:20.5,2455082.5627,10.0,1.58,J,J,,,,usbdrivereplog_4U1538-52.csv,,,Data replog,,,4U1538-52,True,IR
ir090907.0039,4U 1538-52,15:42:23.0,-52:23:10,2009-09-08,01:29:54.5,2455082.5624,10.0,1.57,J,J,,,,usbdrivereplog_4U1538-52.csv,,,Data replog,,,4U1538-52,True,IR
ir090907.0038,4U 1538-52,15:42:23.1,-52:23:10,2009-09-08,01:29:14.5,2455082.562,15.1,1.57,K,K,,,,usbdrivereplog_4U1538-52.csv,,,Data replog,,,4U1538-52,True,IR
ir090907.0037,4U 1538-52,15:42:23.0,-52:23:10,2009-09-08,01:28:43.5,2455082.5616,15.0,1.57,K,K,,,,usbdrivereplog_4U1538-52.csv,,,Data replog,,,4U1538-52,True,IR
ir090907.0036,4U 1538-52,15:42:23.1,-52:23:10,2009-09-08,01:28:12.2,2455082.5612,15.1,1.57,K,K,,,,usbdrivereplog_4U1538-52.csv,,,Data replog,,,4U1538-52,True,IR
ir090907.0035,4U 1538-52,15:42:23.1,-52:23:09,2009-09-08,01:27:40.9,2455082.5609,15.1,1.56,K,K,,,,usbdrivereplog_4U1538-52.csv,,,Data replog,,,4U1538-52,True,IR
ir090907.0034,4U 1538-52,15:42:23.1,-52:23:09,2009-09-08,01:27:09.9,2455082.5605,15.1,1.56,K,K,,,,usbdrivereplog_4U1538-52.csv,,,Data replog,,,4U1538-52,True,IR
ir090903.0059,4U 1538-52,15:42:23.1,-52:23:07,2009-09-04,00:17:19.0,2455078.512,10.0,1.26,H,H,,,,usbdrivereplog_4U1538-52.csv,,,Data replog,,,4U1538-52,True,IR
ir090903.0058,4U 1538-52,15:42:23.0,-52:23:07,2009-09-04,00:16:53.1,2455078.5117,10.0,1.26,H,H,,,,usbdrivereplog_4U1538-52.csv,,,Data replog,,,4U1538-52,True,IR
ir090903.0057,4U 1538-52,15:42:23.0,-52:23:07,2009-09-04,00:16:27.4,2455078.5114,10.0,1.26,H,H,,,,usbdrivereplog_4U1538-52.csv,,,Data replog,,,4U1538-52,True,IR
ir090903.0056,4U 1538-52,15:42:23.1,-52:23:07,2009-09-04,00:16:01.3,2455078.5111,10.0,1.25,H,H,,,,usbdrivereplog_4U1538-52.csv,,,Data replog,,,4U1538-52,True,IR
ir090903.0055,4U 1538-52,15:42:23.1,-52:23:07,2009-09-04,00:15:35.4,2455078.5108,10.0,1.25,H,H,,,,usbdrivereplog_4U1538-52.csv,,,Data replog,,,4U1538-52,True,IR
ir090903.0054,4U 1538-52,15:42:23.1,-52:23:08,2009-09-04,00:15:00.8,2455078.5104,10.1,1.25,J,J,,,,usbdrivereplog_4U1538-52.csv,,,Data replog,,,4U1538-52,True,IR
ir090903.0053,4U 1538-52,15:42:23.1,-52:23:08,2009-09-04,00:14:34.9,2455078.5101,10.0,1.25,J,J,,,,usbdrivereplog_4U1538-52.csv,,,Data replog,,,4U1538-52,True,IR
ir090903.0052,4U 1538-52,15:42:23.0,-52:23:08,2009-09-04,00:14:08.8,2455078.5098,10.0,1.25,J,J,,,,usbdrivereplog_4U1538-52.csv,,,Data replog,,,4U1538-52,True,IR
ir090903.0051,4U 1538-52,15:42:23.1,-52:23:08,2009-09-04,00:13:42.7,2455078.5095,10.1,1.25,J,J,,,,usbdrivereplog_4U1538-52.csv,,,Data replog,,,4U1538-52,True,IR
ir090903.0050,4U 1538-52,15:42:23.0,-52:23:08,2009-09-04,00:13:16.9,2455078.5092,10.0,1.25,J,J,,,,usbdrivereplog_4U1538-52.csv,,,Data replog,,,4U1538-52,True,IR
ir090903.0049,4U 1538-52,15:42:23.1,-52:23:09,2009-09-04,00:12:37.4,2455078.5088,15.0,1.25,K,K,,,,usbdrivereplog_4U1538-52.csv,,,Data replog,,,4U1538-52,True,IR
ir090903.0048,4U 1538-52,15:42:23.1,-52:23:09,2009-09-04,00:12:06.5,2455078.5084,15.0,1.25,K,K,,,,usbdrivereplog_4U1538-52.csv,,,Data replog,,,4U1538-52,True,IR
ir090831.0054,4U 1538-52,15:42:21.0,-52:22:40,2009-09-01,00:15:08.0,2455075.5105,15.1,1.23,K,K,,,,usbdrivereplog_4U1538-52.csv,,,Data replog,,,4U1538-52,True,IR
ir090831.0053,4U 1538-52,15:42:21.0,-52:22:40,2009-09-01,00:14:37.2,2455075.5101,15.0,1.23,K,K,,,,usbdrivereplog_4U1538-52.csv,,,Data replog,,,4U1538-52,True,IR
ir090831.0052,4U 1538-52,15:42:21.0,-52:22:40,2009-09-01,00:14:06.0,2455075.5098,15.0,1.22,K,K,,,,usbdrivereplog_4U1538-52.csv,,,Data replog,,,4U1538-52,True,IR
ir090829.0029,4U 1538-52,15:42:21.0,-52:22:50,2009-08-29,23:53:06.9,2455073.4952,10.1,1.17,J,J,,,,usbdrivereplog_4U1538-52.csv,,,Data replog,,,4U1538-52,True,IR
ir090829.0027,4U 1538-52,15:42:21.1,-52:22:50,2009-08-29,23:51:56.5,2455073.4944,15.0,1.17,K,K,,,,usbdrivereplog_4U1538-52.csv,,,Data replog,,,4U1538-52,True,IR
ir090829.0026,4U 1538-52,15:42:21.1,-52:22:50,2009-08-29,23:51:25.3,2455073.494,15.1,1.17,K,K,,,,usbdrivereplog_4U1538-52.csv,,,Data replog,,,4U1538-52,True,IR
ir090829.0025,4U 1538-52,15:42:21.1,-52:22:51,2009-08-29,23:50:54.2,2455073.4937,15.0,1.17,K,K,,,,usbdrivereplog_4U1538-52.csv,,,Data replog,,,4U1538-52,True,IR
ir090829.0024,4U 1538-52,15:42:21.1,-52:22:50,2009-08-29,23:50:23.3,2455073.4933,15.1,1.17,K,K,,,,usbdrivereplog_4U1538-52.csv,,,Data replog,,,4U1538-52,True,IR
ir090828.0101,4U 1538-52,15:42:18.5,-52:22:52,2009-08-29,01:38:09.9,2455072.5682,10.1,1.44,H,H,,,,usbdrivereplog_4U1538-52.csv,,,Data replog,,,4U1538-52,True,IR
ir090828.0100,4U 1538-52,15:42:18.5,-52:22:52,2009-08-29,01:37:44.0,2455072.5679,10.1,1.43,H,H,,,,usbdrivereplog_4U1538-52.csv,,,Data replog,,,4U1538-52,True,IR
ir090828.0099,4U 1538-52,15:42:18.5,-52:22:52,2009-08-29,01:37:18.2,2455072.5676,10.0,1.43,H,H,,,,usbdrivereplog_4U1538-52.csv,,,Data replog,,,4U1538-52,True,IR
ir090828.0098,4U 1538-52,15:42:18.5,-52:22:52,2009-08-29,01:36:52.2,2455072.5673,10.0,1.43,H,H,,,,usbdrivereplog_4U1538-52.csv,,,Data replog,,,4U1538-52,True,IR
ir090828.0097,4U 1538-52,15:42:18.5,-52:22:52,2009-08-29,01:36:26.3,2455072.567,10.1,1.43,H,H,,,,usbdrivereplog_4U1538-52.csv,,,Data replog,,,4U1538-52,True,IR
ir090828.0096,4U 1538-52,15:42:18.5,-52:22:52,2009-08-29,01:35:51.8,2455072.5666,10.0,1.43,J,J,,,,usbdrivereplog_4U1538-52.csv,,,Data replog,,,4U1538-52,True,IR
ir090828.0095,4U 1538-52,15:42:18.5,-52:22:52,2009-08-29,01:35:25.8,2455072.5663,10.1,1.43,J,J,,,,usbdrivereplog_4U1538-52.csv,,,Data replog,,,4U1538-52,True,IR
ir090828.0094,4U 1538-52,15:42:18.6,-52:22:52,2009-08-29,01:34:59.7,2455072.566,10.0,1.42,J,J,,,,usbdrivereplog_4U1538-52.csv,,,Data replog,,,4U1538-52,True,IR
ir090828.0093,4U 1538-52,15:42:18.5,-52:22:52,2009-08-29,01:34:33.6,2455072.5657,10.0,1.42,J,J,,,,usbdrivereplog_4U1538-52.csv,,,Data replog,,,4U1538-52,True,IR
ir090828.0092,4U 1538-52,15:42:18.6,-52:22:52,2009-08-29,01:34:07.7,2455072.5654,10.0,1.42,J,J,,,,usbdrivereplog_4U1538-52.csv,,,Data replog,,,4U1538-52,True,IR
ir090828.0091,4U 1538-52,15:42:18.5,-52:22:52,2009-08-29,01:33:28.0,2455072.5649,15.0,1.42,K,K,,,,usbdrivereplog_4U1538-52.csv,,,Data replog,,,4U1538-52,True,IR
ir090828.0090,4U 1538-52,15:42:18.5,-52:22:52,2009-08-29,01:32:57.1,2455072.5645,15.0,1.42,K,K,,,,usbdrivereplog_4U1538-52.csv,,,Data replog,,,4U1538-52,True,IR
ir090828.0089,4U 1538-52,15:42:18.5,-52:22:53,2009-08-29,01:32:26.1,2455072.5642,15.0,1.41,K,K,,,,usbdrivereplog_4U1538-52.csv,,,Data replog,,,4U1538-52,True,IR
ir090828.0088,4U 1538-52,15:42:18.6,-52:22:53,2009-08-29,01:31:55.0,2455072.5638,15.1,1.41,K,K,,,,usbdrivereplog_4U1538-52.csv,,,Data replog,,,4U1538-52,True,IR
ir090828.0087,4U 1538-52,15:42:18.6,-52:22:53,2009-08-29,01:31:24.0,2455072.5635,15.1,1.41,K,K,,,,usbdrivereplog_4U1538-52.csv,,,Data replog,,,4U1538-52,True,IR
ir090826.0112,4U 1538-52,15:42:22.9,-52:23:08,2009-08-27,01:22:30.3,2455070.5573,10.0,1.35,H,H,,,,usbdrivereplog_4U1538-52.csv,,,Data replog,,,4U1538-52,True,IR
ir090826.0111,4U 1538-52,15:42:22.9,-52:23:08,2009-08-27,01:22:04.4,2455070.557,10.1,1.35,H,H,,,,usbdrivereplog_4U1538-52.csv,,,Data replog,,,4U1538-52,True,IR
ir090826.0110,4U 1538-52,15:42:23.0,-52:23:08,2009-08-27,01:21:38.9,2455070.5567,10.0,1.35,H,H,,,,usbdrivereplog_4U1538-52.csv,,,Data replog,,,4U1538-52,True,IR
ir090826.0109,4U 1538-52,15:42:23.0,-52:23:08,2009-08-27,01:21:12.8,2455070.5564,10.1,1.35,H,H,,,,usbdrivereplog_4U1538-52.csv,,,Data replog,,,4U1538-52,True,IR
ir090829.0028,4U 1538-52,15:42:21.1,-52:22:50,2009-08-29,23:52:27.4,2455073.4948,15.1,1.17,K,K,,,,usbdrivereplog_4U1538-52.csv,,,Data replog,,,4U1538-52,True,IR
ir090829.0030,4U 1538-52,15:42:21.1,-52:22:50,2009-08-29,23:53:32.9,2455073.4955,10.0,1.17,J,J,,,,usbdrivereplog_4U1538-52.csv,,,Data replog,,,4U1538-52,True,IR
ir090831.0051,4U 1538-52,15:42:21.0,-52:22:40,2009-09-01,00:13:34.7,2455075.5094,15.0,1.22,K,K,,,,usbdrivereplog_4U1538-52.csv,,,Data replog,,,4U1538-52,True,IR
ir090829.0031,4U 1538-52,15:42:21.0,-52:22:50,2009-08-29,23:53:59.0,2455073.4958,10.1,1.17,J,J,,,,usbdrivereplog_4U1538-52.csv,,,Data replog,,,4U1538-52,True,IR
ir090831.0050,4U 1538-52,15:42:21.0,-52:22:41,2009-09-01,00:13:03.7,2455075.5091,15.1,1.22,K,K,,,,usbdrivereplog_4U1538-52.csv,,,Data replog,,,4U1538-52,True,IR
ir090830.0046,4U 1538-52,15:42:19.7,-52:22:43,2009-08-31,01:30:30.7,2455074.5628,10.1,1.44,H,H,,,,usbdrivereplog_4U1538-52.csv,,,Data replog,,,4U1538-52,True,IR
ir090830.0045,4U 1538-52,15:42:19.7,-52:22:43,2009-08-31,01:30:04.8,2455074.5625,10.0,1.43,H,H,,,,usbdrivereplog_4U1538-52.csv,,,Data replog,,,4U1538-52,True,IR
ir090830.0044,4U 1538-52,15:42:19.7,-52:22:43,2009-08-31,01:29:39.1,2455074.5623,10.0,1.43,H,H,,,,usbdrivereplog_4U1538-52.csv,,,Data replog,,,4U1538-52,True,IR
ir090830.0043,4U 1538-52,15:42:19.7,-52:22:43,2009-08-31,01:29:13.0,2455074.562,10.0,1.43,H,H,,,,usbdrivereplog_4U1538-52.csv,,,Data replog,,,4U1538-52,True,IR
ir090830.0042,4U 1538-52,15:42:19.7,-52:22:43,2009-08-31,01:28:47.2,2455074.5617,10.0,1.43,H,H,,,,usbdrivereplog_4U1538-52.csv,,,Data replog,,,4U1538-52,True,IR
ir090830.0041,4U 1538-52,15:42:19.7,-52:22:42,2009-08-31,01:28:12.3,2455074.5612,10.0,1.43,J,J,,,,usbdrivereplog_4U1538-52.csv,,,Data replog,,,4U1538-52,True,IR
ir090830.0040,4U 1538-52,15:42:19.6,-52:22:42,2009-08-31,01:27:46.5,2455074.5609,10.0,1.43,J,J,,,,usbdrivereplog_4U1538-52.csv,,,Data replog,,,4U1538-52,True,IR
ir090830.0039,4U 1538-52,15:42:19.7,-52:22:43,2009-08-31,01:27:20.4,2455074.5606,10.1,1.42,J,J,,,,usbdrivereplog_4U1538-52.csv,,,Data replog,,,4U1538-52,True,IR
ir090830.0038,4U 1538-52,15:42:19.6,-52:22:43,2009-08-31,01:26:54.3,2455074.5603,10.1,1.42,J,J,,,,usbdrivereplog_4U1538-52.csv,,,Data replog,,,4U1538-52,True,IR
ir090830.0037,4U 1538-52,15:42:19.6,-52:22:43,2009-08-31,01:26:28.4,2455074.56,10.1,1.42,J,J,,,,usbdrivereplog_4U1538-52.csv,,,Data replog,,,4U1538-52,True,IR
ir090830.0036,4U 1538-52,15:42:19.6,-52:22:43,2009-08-31,01:25:48.8,2455074.5596,15.1,1.42,K,K,,,,usbdrivereplog_4U1538-52.csv,,,Data replog,,,4U1538-52,True,IR
ir090830.0035,4U 1538-52,15:42:19.6,-52:22:42,2009-08-31,01:25:18.0,2455074.5592,15.0,1.42,K,K,,,,usbdrivereplog_4U1538-52.csv,,,Data replog,,,4U1538-52,True,IR
ir090830.0034,4U 1538-52,15:42:19.6,-52:22:42,2009-08-31,01:24:46.9,2455074.5589,15.0,1.41,K,K,,,,usbdrivereplog_4U1538-52.csv,,,Data replog,,,4U1538-52,True,IR
ir090830.0033,4U 1538-52,15:42:19.6,-52:22:42,2009-08-31,01:24:15.8,2455074.5585,15.1,1.41,K,K,,,,usbdrivereplog_4U1538-52.csv,,,Data replog,,,4U1538-52,True,IR
ir090830.0032,4U 1538-52,15:42:19.6,-52:22:42,2009-08-31,01:23:44.9,2455074.5582,15.0,1.41,K,K,,,,usbdrivereplog_4U1538-52.csv,,,Data replog,,,4U1538-52,True,IR
ir090829.0038,4U 1538-52,15:42:21.0,-52:22:50,2009-08-29,23:57:08.7,2455073.498,10.0,1.18,H,H,,,,usbdrivereplog_4U1538-52.csv,,,Data replog,,,4U1538-52,True,IR
ir090829.0037,4U 1538-52,15:42:21.1,-52:22:50,2009-08-29,23:56:42.8,2455073.4977,10.0,1.18,H,H,,,,usbdrivereplog_4U1538-52.csv,,,Data replog,,,4U1538-52,True,IR
ir090829.0036,4U 1538-52,15:42:21.0,-52:22:50,2009-08-29,23:56:17.2,2455073.4974,10.0,1.18,H,H,,,,usbdrivereplog_4U1538-52.csv,,,Data replog,,,4U1538-52,True,IR
ir090829.0035,4U 1538-52,15:42:21.0,-52:22:50,2009-08-29,23:55:51.0,2455073.4971,10.0,1.18,H,H,,,,usbdrivereplog_4U1538-52.csv,,,Data replog,,,4U1538-52,True,IR
ir090829.0034,4U 1538-52,15:42:21.0,-52:22:50,2009-08-29,23:55:25.1,2455073.4968,10.0,1.18,H,H,,,,usbdrivereplog_4U1538-52.csv,,,Data replog,,,4U1538-52,True,IR
ir090829.0033,4U 1538-52,15:42:21.0,-52:22:50,2009-08-29,23:54:50.9,2455073.4964,10.0,1.17,J,J,,,,usbdrivereplog_4U1538-52.csv,,,Data replog,,,4U1538-52,True,IR
ir090829.0032,4U 1538-52,15:42:21.0,-52:22:50,2009-08-29,23:54:25.0,2455073.4961,10.0,1.17,J,J,,,,usbdrivereplog_4U1538-52.csv,,,Data replog,,,4U1538-52,True,IR
ir090804.0102,4U 1538-52,15:42:20.5,-52:22:41,2009-08-05,01:32:58.2,2455048.5646,10.0,1.17,J,J,,,,usbdrivereplog_4U1538-52.csv,,,Data replog,,,4U1538-52,True,IR
ir090804.0100,4U 1538-52,15:42:20.5,-52:22:41,2009-08-05,01:31:47.3,2455048.5637,15.0,1.17,K,K,,,,usbdrivereplog_4U1538-52.csv,,,Data replog,,,4U1538-52,True,IR
ir090804.0099,4U 1538-52,15:42:20.5,-52:22:42,2009-08-05,01:31:16.1,2455048.5634,15.1,1.17,K,K,,,,usbdrivereplog_4U1538-52.csv,,,Data replog,,,4U1538-52,True,IR
ir090716.0095,4U 1538-52,15:42:21.6,-52:22:50,2009-07-17,02:01:27.2,2455029.5843,15.1,1.12,K,K,,,,usbdrivereplog_4U1538-52.csv,,,Data replog,,,4U1538-52,True,IR
ir090717.0048,4U 1538-52,15:42:23.1,-52:23:09,2009-07-18,01:50:01.3,2455030.5764,15.0,1.11,K,K,,,,usbdrivereplog_4U1538-52.csv,,,Data replog,,,4U1538-52,True,IR
ir090716.0105,4U 1538-52,15:42:21.5,-52:22:49,2009-07-17,02:06:11.6,2455029.5876,10.1,1.12,H,H,,,,usbdrivereplog_4U1538-52.csv,,,Data replog,,,4U1538-52,True,IR
ir090716.0104,4U 1538-52,15:42:21.5,-52:22:49,2009-07-17,02:05:45.5,2455029.5873,10.0,1.12,H,H,,,,usbdrivereplog_4U1538-52.csv,,,Data replog,,,4U1538-52,True,IR
ir090716.0103,4U 1538-52,15:42:21.6,-52:22:49,2009-07-17,02:05:19.9,2455029.587,10.1,1.12,H,H,,,,usbdrivereplog_4U1538-52.csv,,,Data replog,,,4U1538-52,True,IR
ir090716.0102,4U 1538-52,15:42:21.6,-52:22:49,2009-07-17,02:04:53.7,2455029.5867,10.0,1.12,H,H,,,,usbdrivereplog_4U1538-52.csv,,,Data replog,,,4U1538-52,True,IR
ir090716.0101,4U 1538-52,15:42:21.5,-52:22:49,2009-07-17,02:04:27.7,2455029.5864,10.0,1.12,H,H,,,,usbdrivereplog_4U1538-52.csv,,,Data replog,,,4U1538-52,True,IR
ir090716.0100,4U 1538-52,15:42:21.6,-52:22:49,2009-07-17,02:03:52.4,2455029.586,10.1,1.12,J,J,,,,usbdrivereplog_4U1538-52.csv,,,Data replog,,,4U1538-52,True,IR
ir090716.0099,4U 1538-52,15:42:21.6,-52:22:49,2009-07-17,02:03:26.3,2455029.5857,10.1,1.12,J,J,,,,usbdrivereplog_4U1538-52.csv,,,Data replog,,,4U1538-52,True,IR
ir090716.0098,4U 1538-52,15:42:21.6,-52:22:50,2009-07-17,02:02:59.9,2455029.5854,10.1,1.12,J,J,,,,usbdrivereplog_4U1538-52.csv,,,Data replog,,,4U1538-52,True,IR
ir090716.0097,4U 1538-52,15:42:21.6,-52:22:50,2009-07-17,02:02:33.7,2455029.5851,10.0,1.12,J,J,,,,usbdrivereplog_4U1538-52.csv,,,Data replog,,,4U1538-52,True,IR
ir090716.0096,4U 1538-52,15:42:21.6,-52:22:50,2009-07-17,02:02:07.7,2455029.5848,10.0,1.12,J,J,,,,usbdrivereplog_4U1538-52.csv,,,Data replog,,,4U1538-52,True,IR
ir090716.0094,4U 1538-52,15:42:21.6,-52:22:50,2009-07-17,02:00:56.2,2455029.584,15.1,1.12,K,K,,,,usbdrivereplog_4U1538-52.csv,,,Data replog,,,4U1538-52,True,IR
ir090715.0119,4U 1538-52,15:42:23.1,-52:23:08,2009-07-16,03:40:06.2,2455028.6529,10.0,1.27,J,J,,,,usbdrivereplog_4U1538-52.csv,,,Data replog,,,4U1538-52,True,IR
ir090716.0093,4U 1538-52,15:42:21.6,-52:22:51,2009-07-17,02:00:24.9,2455029.5836,15.1,1.11,K,K,,,,usbdrivereplog_4U1538-52.csv,,,Data replog,,,4U1538-52,True,IR
ir090716.0092,4U 1538-52,15:42:21.6,-52:22:50,2009-07-17,01:59:53.6,2455029.5833,15.1,1.11,K,K,,,,usbdrivereplog_4U1538-52.csv,,,Data replog,,,4U1538-52,True,IR
ir090716.0091,4U 1538-52,15:42:21.6,-52:22:51,2009-07-17,01:59:22.6,2455029.5829,15.0,1.11,K,K,,,,usbdrivereplog_4U1538-52.csv,,,Data replog,,,4U1538-52,True,IR
ir090715.0128,4U 1538-52,15:42:23.1,-52:23:08,2009-07-16,03:44:08.8,2455028.6557,10.1,1.28,H,H,,,,usbdrivereplog_4U1538-52.csv,,,Data replog,,,4U1538-52,True,IR
ir090715.0127,4U 1538-52,15:42:23.1,-52:23:08,2009-07-16,03:43:42.8,2455028.6554,10.1,1.28,H,H,,,,usbdrivereplog_4U1538-52.csv,,,Data replog,,,4U1538-52,True,IR
ir090715.0126,4U 1538-52,15:42:23.1,-52:23:08,2009-07-16,03:43:16.9,2455028.6551,10.0,1.28,H,H,,,,usbdrivereplog_4U1538-52.csv,,,Data replog,,,4U1538-52,True,IR
ir090715.0125,4U 1538-52,15:42:23.1,-52:23:08,2009-07-16,03:42:50.8,2455028.6548,10.1,1.28,H,H,,,,usbdrivereplog_4U1538-52.csv,,,Data replog,,,4U1538-52,True,IR
ir090715.0124,4U 1538-52,15:42:23.1,-52:23:08,2009-07-16,03:42:24.9,2455028.6545,10.0,1.28,H,H,,,,usbdrivereplog_4U1538-52.csv,,,Data replog,,,4U1538-52,True,IR
ir090715.0123,4U 1538-52,15:42:23.1,-52:23:08,2009-07-16,03:41:50.3,2455028.6541,10.0,1.28,J,J,,,,usbdrivereplog_4U1538-52.csv,,,Data replog,,,4U1538-52,True,IR
ir090715.0122,4U 1538-52,15:42:23.1,-52:23:08,2009-07-16,03:41:24.4,2455028.6538,10.0,1.28,J,J,,,,usbdrivereplog_4U1538-52.csv,,,Data replog,,,4U1538-52,True,IR
ir090715.0121,4U 1538-52,15:42:23.1,-52:23:08,2009-07-16,03:40:58.3,2455028.6535,10.0,1.28,J,J,,,,usbdrivereplog_4U1538-52.csv,,,Data replog,,,4U1538-52,True,IR
ir090717.0049,4U 1538-52,15:42:23.1,-52:23:08,2009-07-18,01:50:32.1,2455030.5768,15.1,1.11,K,K,,,,usbdrivereplog_4U1538-52.csv,,,Data replog,,,4U1538-52,True,IR
ir090717.0050,4U 1538-52,15:42:23.0,-52:23:08,2009-07-18,01:51:03.4,2455030.5771,15.0,1.11,K,K,,,,usbdrivereplog_4U1538-52.csv,,,Data replog,,,4U1538-52,True,IR
ir090717.0051,4U 1538-52,15:42:23.0,-52:23:08,2009-07-18,01:51:34.5,2455030.5775,15.1,1.11,K,K,,,,usbdrivereplog_4U1538-52.csv,,,Data replog,,,4U1538-52,True,IR
ir090717.0052,4U 1538-52,15:42:23.1,-52:23:08,2009-07-18,01:52:05.5,2455030.5778,15.1,1.11,K,K,,,,usbdrivereplog_4U1538-52.csv,,,Data replog,,,4U1538-52,True,IR
ir090718.0114,4U 1538-52,15:42:20.5,-52:22:48,2009-07-19,03:23:54.6,2455031.6416,10.1,1.26,H,H,,,,usbdrivereplog_4U1538-52.csv,,,Data replog,,,4U1538-52,True,IR
ir090718.0113,4U 1538-52,15:42:20.5,-52:22:48,2009-07-19,03:23:28.4,2455031.6413,10.0,1.26,H,H,,,,usbdrivereplog_4U1538-52.csv,,,Data replog,,,4U1538-52,True,IR
ir090718.0112,4U 1538-52,15:42:20.4,-52:22:48,2009-07-19,03:23:02.5,2455031.641,10.0,1.26,H,H,,,,usbdrivereplog_4U1538-52.csv,,,Data replog,,,4U1538-52,True,IR
ir090718.0111,4U 1538-52,15:42:20.5,-52:22:49,2009-07-19,03:22:27.6,2455031.6406,10.0,1.26,J,J,,,,usbdrivereplog_4U1538-52.csv,,,Data replog,,,4U1538-52,True,IR
ir090718.0110,4U 1538-52,15:42:20.4,-52:22:49,2009-07-19,03:22:01.7,2455031.6403,10.0,1.26,J,J,,,,usbdrivereplog_4U1538-52.csv,,,Data replog,,,4U1538-52,True,IR
ir090718.0109,4U 1538-52,15:42:20.4,-52:22:49,2009-07-19,03:21:35.6,2455031.64,10.1,1.26,J,J,,,,usbdrivereplog_4U1538-52.csv,,,Data replog,,,4U1538-52,True,IR
ir090718.0108,4U 1538-52,15:42:20.4,-52:22:49,2009-07-19,03:21:09.3,2455031.6397,10.1,1.26,J,J,,,,usbdrivereplog_4U1538-52.csv,,,Data replog,,,4U1538-52,True,IR
ir090718.0107,4U 1538-52,15:42:20.4,-52:22:49,2009-07-19,03:20:43.3,2455031.6394,10.1,1.25,J,J,,,,usbdrivereplog_4U1538-52.csv,,,Data replog,,,4U1538-52,True,IR
ir090718.0106,4U 1538-52,15:42:20.4,-52:22:49,2009-07-19,03:20:03.7,2455031.6389,15.0,1.25,K,K,,,,usbdrivereplog_4U1538-52.csv,,,Data replog,,,4U1538-52,True,IR
ir090718.0105,4U 1538-52,15:42:20.5,-52:22:49,2009-07-19,03:19:32.5,2455031.6386,15.1,1.25,K,K,,,,usbdrivereplog_4U1538-52.csv,,,Data replog,,,4U1538-52,True,IR
ir090718.0104,4U 1538-52,15:42:20.5,-52:22:50,2009-07-19,03:19:01.4,2455031.6382,15.0,1.25,K,K,,,,usbdrivereplog_4U1538-52.csv,,,Data replog,,,4U1538-52,True,IR
ir090718.0103,4U 1538-52,15:42:20.5,-52:22:49,2009-07-19,03:18:30.3,2455031.6379,15.0,1.25,K,K,,,,usbdrivereplog_4U1538-52.csv,,,Data replog,,,4U1538-52,True,IR
ir090718.0102,4U 1538-52,15:42:20.5,-52:22:50,2009-07-19,03:17:59.5,2455031.6375,15.0,1.25,K,K,,,,usbdrivereplog_4U1538-52.csv,,,Data replog,,,4U1538-52,True,IR
ir090717.0062,4U 1538-52,15:42:23.0,-52:23:07,2009-07-18,01:56:48.8,2455030.5811,10.0,1.12,H,H,,,,usbdrivereplog_4U1538-52.csv,,,Data replog,,,4U1538-52,True,IR
ir090717.0061,4U 1538-52,15:42:23.1,-52:23:07,2009-07-18,01:56:22.8,2455030.5808,10.0,1.11,H,H,,,,usbdrivereplog_4U1538-52.csv,,,Data replog,,,4U1538-52,True,IR
ir090717.0060,4U 1538-52,15:42:23.1,-52:23:07,2009-07-18,01:55:56.9,2455030.5805,10.0,1.11,H,H,,,,usbdrivereplog_4U1538-52.csv,,,Data replog,,,4U1538-52,True,IR
ir090717.0059,4U 1538-52,15:42:23.1,-52:23:07,2009-07-18,01:55:30.9,2455030.5802,10.0,1.11,H,H,,,,usbdrivereplog_4U1538-52.csv,,,Data replog,,,4U1538-52,True,IR
ir090717.0058,4U 1538-52,15:42:23.1,-52:23:07,2009-07-18,01:55:04.9,2455030.5799,10.0,1.11,H,H,,,,usbdrivereplog_4U1538-52.csv,,,Data replog,,,4U1538-52,True,IR
ir090717.0057,4U 1538-52,15:42:23.0,-52:23:07,2009-07-18,01:54:30.0,2455030.5795,10.1,1.11,J,J,,,,usbdrivereplog_4U1538-52.csv,,,Data replog,,,4U1538-52,True,IR
ir090717.0056,4U 1538-52,15:42:23.1,-52:23:07,2009-07-18,01:54:04.0,2455030.5792,10.1,1.11,J,J,,,,usbdrivereplog_4U1538-52.csv,,,Data replog,,,4U1538-52,True,IR
ir090717.0055,4U 1538-52,15:42:23.1,-52:23:08,2009-07-18,01:53:37.7,2455030.5789,10.1,1.11,J,J,,,,usbdrivereplog_4U1538-52.csv,,,Data replog,,,4U1538-52,True,IR
ir090717.0054,4U 1538-52,15:42:23.1,-52:23:08,2009-07-18,01:53:11.4,2455030.5786,10.0,1.11,J,J,,,,usbdrivereplog_4U1538-52.csv,,,Data replog,,,4U1538-52,True,IR
ir090717.0053,4U 1538-52,15:42:23.1,-52:23:07,2009-07-18,01:52:45.5,2455030.5783,10.0,1.11,J,J,,,,usbdrivereplog_4U1538-52.csv,,,Data replog,,,4U1538-52,True,IR
ir090715.0120,4U 1538-52,15:42:23.1,-52:23:08,2009-07-16,03:40:32.3,2455028.6532,10.0,1.27,J,J,,,,usbdrivereplog_4U1538-52.csv,,,Data replog,,,4U1538-52,True,IR
ir090715.0118,4U 1538-52,15:42:23.1,-52:23:08,2009-07-16,03:39:25.9,2455028.6524,15.0,1.27,K,K,,,,usbdrivereplog_4U1538-52.csv,,,Data replog,,,4U1538-52,True,IR
ir090706.0122,4U 1538-52,15:42:21.0,-52:22:52,2009-07-07,02:28:36.8,2455019.6032,10.0,1.11,H,H,,,,usbdrivereplog_4U1538-52.csv,,,Data replog,,,4U1538-52,True,IR
ir090707.0099,4U 1538-52,15:42:21.6,-52:22:47,2009-07-08,02:17:38.0,2455020.5956,10.1,1.1,J,J,,,,usbdrivereplog_4U1538-52.csv,,,Data replog,,,4U1538-52,True,IR
ir090708.0106,4U 1538-52,15:42:20.7,-52:22:55,2009-07-09,01:58:42.3,2455021.5824,10.0,1.09,J,J,,,,usbdrivereplog_4U1538-52.csv,,,Data replog,,,4U1538-52,True,IR
ir090708.0105,4U 1538-52,15:42:20.7,-52:22:56,2009-07-09,01:57:59.8,2455021.5819,15.0,1.09,K,K,,,,usbdrivereplog_4U1538-52.csv,,,Data replog,,,4U1538-52,True,IR
ir090708.0104,4U 1538-52,15:42:20.7,-52:22:55,2009-07-09,01:57:28.4,2455021.5816,15.1,1.09,K,K,,,,usbdrivereplog_4U1538-52.csv,,,Data replog,,,4U1538-52,True,IR
ir090708.0103,4U 1538-52,15:42:20.7,-52:22:56,2009-07-09,01:56:56.9,2455021.5812,15.0,1.09,K,K,,,,usbdrivereplog_4U1538-52.csv,,,Data replog,,,4U1538-52,True,IR
ir090708.0102,4U 1538-52,15:42:20.7,-52:22:57,2009-07-09,01:56:25.3,2455021.5809,15.1,1.09,K,K,,,,usbdrivereplog_4U1538-52.csv,,,Data replog,,,4U1538-52,True,IR
ir090708.0101,4U 1538-52,15:42:20.8,-52:22:57,2009-07-09,01:55:53.9,2455021.5805,15.1,1.09,K,K,,,,usbdrivereplog_4U1538-52.csv,,,Data replog,,,4U1538-52,True,IR
ir090707.0104,4U 1538-52,15:42:21.6,-52:22:47,2009-07-08,02:20:01.1,2455020.5972,10.0,1.1,H,H,,,,usbdrivereplog_4U1538-52.csv,,,Data replog,,,4U1538-52,True,IR
ir090707.0103,4U 1538-52,15:42:21.6,-52:22:47,2009-07-08,02:19:35.0,2455020.5969,10.1,1.1,H,H,,,,usbdrivereplog_4U1538-52.csv,,,Data replog,,,4U1538-52,True,IR
ir090707.0102,4U 1538-52,15:42:21.6,-52:22:47,2009-07-08,02:19:07.9,2455020.5966,10.0,1.1,H,H,,,,usbdrivereplog_4U1538-52.csv,,,Data replog,,,4U1538-52,True,IR
ir090707.0101,4U 1538-52,15:42:21.6,-52:22:47,2009-07-08,02:18:41.4,2455020.5963,10.0,1.1,H,H,,,,usbdrivereplog_4U1538-52.csv,,,Data replog,,,4U1538-52,True,IR
ir090707.0100,4U 1538-52,15:42:21.6,-52:22:48,2009-07-08,02:18:15.1,2455020.596,10.1,1.1,H,H,,,,usbdrivereplog_4U1538-52.csv,,,Data replog,,,4U1538-52,True,IR
ir090707.0098,4U 1538-52,15:42:21.6,-52:22:47,2009-07-08,02:17:12.0,2455020.5953,10.0,1.1,J,J,,,,usbdrivereplog_4U1538-52.csv,,,Data replog,,,4U1538-52,True,IR
ir090715.0117,4U 1538-52,15:42:23.1,-52:23:09,2009-07-16,03:38:55.0,2455028.652,15.1,1.27,K,K,,,,usbdrivereplog_4U1538-52.csv,,,Data replog,,,4U1538-52,True,IR
ir090707.0097,4U 1538-52,15:42:21.5,-52:22:47,2009-07-08,02:16:45.5,2455020.595,10.0,1.1,J,J,,,,usbdrivereplog_4U1538-52.csv,,,Data replog,,,4U1538-52,True,IR
ir090707.0096,4U 1538-52,15:42:21.6,-52:22:48,2009-07-08,02:16:19.0,2455020.5947,10.0,1.1,J,J,,,,usbdrivereplog_4U1538-52.csv,,,Data replog,,,4U1538-52,True,IR
ir090707.0095,4U 1538-52,15:42:21.5,-52:22:47,2009-07-08,02:15:52.9,2455020.5944,10.0,1.1,J,J,,,,usbdrivereplog_4U1538-52.csv,,,Data replog,,,4U1538-52,True,IR
ir090707.0094,4U 1538-52,15:42:21.5,-52:22:48,2009-07-08,02:15:10.6,2455020.5939,15.1,1.1,K,K,,,,usbdrivereplog_4U1538-52.csv,,,Data replog,,,4U1538-52,True,IR
ir090707.0093,4U 1538-52,15:42:21.5,-52:22:48,2009-07-08,02:14:39.3,2455020.5935,15.0,1.1,K,K,,,,usbdrivereplog_4U1538-52.csv,,,Data replog,,,4U1538-52,True,IR
ir090707.0092,4U 1538-52,15:42:21.5,-52:22:48,2009-07-08,02:14:07.6,2455020.5931,15.1,1.1,K,K,,,,usbdrivereplog_4U1538-52.csv,,,Data replog,,,4U1538-52,True,IR
ir090707.0091,4U 1538-52,15:42:21.5,-52:22:48,2009-07-08,02:13:36.2,2455020.5928,15.0,1.1,K,K,,,,usbdrivereplog_4U1538-52.csv,,,Data replog,,,4U1538-52,True,IR
ir090707.0090,4U 1538-52,15:42:21.5,-52:22:48,2009-07-08,02:13:05.0,2455020.5924,15.0,1.1,K,K,,,,usbdrivereplog_4U1538-52.csv,,,Data replog,,,4U1538-52,True,IR
ir090706.0126,4U 1538-52,15:42:21.1,-52:22:52,2009-07-07,02:30:23.0,2455019.6044,10.1,1.11,H,H,,,,usbdrivereplog_4U1538-52.csv,,,Data replog,,,4U1538-52,True,IR
ir090706.0125,4U 1538-52,15:42:21.1,-52:22:52,2009-07-07,02:29:56.7,2455019.6041,10.1,1.11,H,H,,,,usbdrivereplog_4U1538-52.csv,,,Data replog,,,4U1538-52,True,IR
ir090706.0124,4U 1538-52,15:42:21.1,-52:22:52,2009-07-07,02:29:29.8,2455019.6038,10.0,1.11,H,H,,,,usbdrivereplog_4U1538-52.csv,,,Data replog,,,4U1538-52,True,IR
ir090708.0107,4U 1538-52,15:42:20.7,-52:22:55,2009-07-09,01:59:08.4,2455021.5827,10.0,1.09,J,J,,,,usbdrivereplog_4U1538-52.csv,,,Data replog,,,4U1538-52,True,IR
ir090708.0108,4U 1538-52,15:42:20.7,-52:22:55,2009-07-09,01:59:34.9,2455021.583,10.0,1.09,J,J,,,,usbdrivereplog_4U1538-52.csv,,,Data replog,,,4U1538-52,True,IR
ir090708.0109,4U 1538-52,15:42:20.7,-52:22:55,2009-07-09,02:00:01.5,2455021.5833,10.1,1.09,J,J,,,,usbdrivereplog_4U1538-52.csv,,,Data replog,,,4U1538-52,True,IR
ir090708.0110,4U 1538-52,15:42:20.7,-52:22:55,2009-07-09,02:00:27.7,2455021.5836,10.1,1.09,J,J,,,,usbdrivereplog_4U1538-52.csv,,,Data replog,,,4U1538-52,True,IR
ir090715.0116,4U 1538-52,15:42:23.1,-52:23:09,2009-07-16,03:38:23.5,2455028.6517,15.0,1.27,K,K,,,,usbdrivereplog_4U1538-52.csv,,,Data replog,,,4U1538-52,True,IR
ir090715.0115,4U 1538-52,15:42:23.1,-52:23:09,2009-07-16,03:37:52.2,2455028.6513,15.1,1.27,K,K,,,,usbdrivereplog_4U1538-52.csv,,,Data replog,,,4U1538-52,True,IR
ir090715.0114,4U 1538-52,15:42:23.1,-52:23:09,2009-07-16,03:37:21.3,2455028.651,15.0,1.27,K,K,,,,usbdrivereplog_4U1538-52.csv,,,Data replog,,,4U1538-52,True,IR
ir090709.0107,4U 1538-52,15:42:23.2,-52:23:09,2009-07-10,01:46:24.5,2455022.5739,10.0,1.09,H,H,,,,usbdrivereplog_4U1538-52.csv,,,Data replog,,,4U1538-52,True,IR
ir090709.0106,4U 1538-52,15:42:23.2,-52:23:09,2009-07-10,01:45:58.3,2455022.5736,10.0,1.09,H,H,,,,usbdrivereplog_4U1538-52.csv,,,Data replog,,,4U1538-52,True,IR
ir090709.0105,4U 1538-52,15:42:23.2,-52:23:09,2009-07-10,01:45:31.2,2455022.5733,10.0,1.09,H,H,,,,usbdrivereplog_4U1538-52.csv,,,Data replog,,,4U1538-52,True,IR
ir090709.0104,4U 1538-52,15:42:23.2,-52:23:09,2009-07-10,01:45:04.6,2455022.573,10.1,1.09,H,H,,,,usbdrivereplog_4U1538-52.csv,,,Data replog,,,4U1538-52,True,IR
ir090709.0103,4U 1538-52,15:42:23.2,-52:23:08,2009-07-10,01:44:38.5,2455022.5727,10.0,1.09,H,H,,,,usbdrivereplog_4U1538-52.csv,,,Data replog,,,4U1538-52,True,IR
ir090709.0102,4U 1538-52,15:42:23.1,-52:23:08,2009-07-10,01:44:01.1,2455022.5722,10.0,1.09,J,J,,,,usbdrivereplog_4U1538-52.csv,,,Data replog,,,4U1538-52,True,IR
ir090709.0101,4U 1538-52,15:42:23.2,-52:23:09,2009-07-10,01:43:35.1,2455022.5719,10.0,1.09,J,J,,,,usbdrivereplog_4U1538-52.csv,,,Data replog,,,4U1538-52,True,IR
ir090709.0100,4U 1538-52,15:42:23.2,-52:23:09,2009-07-10,01:43:08.5,2455022.5716,10.1,1.09,J,J,,,,usbdrivereplog_4U1538-52.csv,,,Data replog,,,4U1538-52,True,IR
ir090709.0099,4U 1538-52,15:42:23.1,-52:23:09,2009-07-10,01:42:41.6,2455022.5713,10.0,1.09,J,J,,,,usbdrivereplog_4U1538-52.csv,,,Data replog,,,4U1538-52,True,IR
ir090709.0098,4U 1538-52,15:42:23.2,-52:23:09,2009-07-10,01:42:15.5,2455022.571,10.1,1.09,J,J,,,,usbdrivereplog_4U1538-52.csv,,,Data replog,,,4U1538-52,True,IR
ir090709.0097,4U 1538-52,15:42:23.2,-52:23:09,2009-07-10,01:41:33.0,2455022.5705,15.0,1.09,K,K,,,,usbdrivereplog_4U1538-52.csv,,,Data replog,,,4U1538-52,True,IR
ir090709.0096,4U 1538-52,15:42:23.1,-52:23:09,2009-07-10,01:41:01.7,2455022.5702,15.1,1.09,K,K,,,,usbdrivereplog_4U1538-52.csv,,,Data replog,,,4U1538-52,True,IR
ir090709.0095,4U 1538-52,15:42:23.1,-52:23:09,2009-07-10,01:40:30.0,2455022.5698,15.0,1.09,K,K,,,,usbdrivereplog_4U1538-52.csv,,,Data replog,,,4U1538-52,True,IR
ir090709.0094,4U 1538-52,15:42:23.2,-52:23:09,2009-07-10,01:39:58.5,2455022.5694,15.1,1.09,K,K,,,,usbdrivereplog_4U1538-52.csv,,,Data replog,,,4U1538-52,True,IR
ir090709.0093,4U 1538-52,15:42:23.1,-52:23:09,2009-07-10,01:39:27.2,2455022.5691,15.1,1.09,K,K,,,,usbdrivereplog_4U1538-52.csv,,,Data replog,,,4U1538-52,True,IR
ir090708.0115,4U 1538-52,15:42:20.6,-52:22:54,2009-07-09,02:02:50.1,2455021.5853,10.0,1.09,H,H,,,,usbdrivereplog_4U1538-52.csv,,,Data replog,,,4U1538-52,True,IR
ir090708.0114,4U 1538-52,15:42:20.6,-52:22:55,2009-07-09,02:02:23.9,2455021.585,10.0,1.09,H,H,,,,usbdrivereplog_4U1538-52.csv,,,Data replog,,,4U1538-52,True,IR
ir090708.0113,4U 1538-52,15:42:20.6,-52:22:54,2009-07-09,02:01:57.8,2455021.5847,10.0,1.09,H,H,,,,usbdrivereplog_4U1538-52.csv,,,Data replog,,,4U1538-52,True,IR
ir090708.0112,4U 1538-52,15:42:20.6,-52:22:55,2009-07-09,02:01:31.2,2455021.5844,10.0,1.09,H,H,,,,usbdrivereplog_4U1538-52.csv,,,Data replog,,,4U1538-52,True,IR
ir090708.0111,4U 1538-52,15:42:20.6,-52:22:55,2009-07-09,02:01:05.1,2455021.5841,10.0,1.09,H,H,,,,usbdrivereplog_4U1538-52.csv,,,Data replog,,,4U1538-52,True,IR
ir090718.0115,4U 1538-52,15:42:20.4,-52:22:48,2009-07-19,03:24:20.5,2455031.6419,10.1,1.26,H,H,,,,usbdrivereplog_4U1538-52.csv,,,Data replog,,,4U1538-52,True,IR
ir090718.0116,4U 1538-52,15:42:20.4,-52:22:48,2009-07-19,03:24:46.4,2455031.6422,10.0,1.26,H,H,,,,usbdrivereplog_4U1538-52.csv,,,Data replog,,,4U1538-52,True,IR
ir090719.0262,4U 1538-52,15:42:21.4,-52:22:47,2009-07-20,00:58:00.1,2455032.5403,15.1,1.08,K,K,,,,usbdrivereplog_4U1538-52.csv,,,Data replog,,,4U1538-52,True,IR
ir090728.0184,4U 1538-52,15:42:23.0,-52:23:09,2009-07-29,03:06:25.8,2455041.6295,10.1,1.32,J,J,,,,usbdrivereplog_4U1538-52.csv,,,Data replog,,,4U1538-52,True,IR
ir090729.0060,4U 1538-52,15:42:23.1,-52:23:09,2009-07-30,01:34:02.7,2455042.5653,15.1,1.14,K,K,,,,usbdrivereplog_4U1538-52.csv,,,Data replog,,,4U1538-52,True,IR
ir090729.0059,4U 1538-52,15:42:23.1,-52:23:09,2009-07-30,01:33:31.8,2455042.565,15.0,1.14,K,K,,,,usbdrivereplog_4U1538-52.csv,,,Data replog,,,4U1538-52,True,IR
ir090729.0058,4U 1538-52,15:42:23.2,-52:23:09,2009-07-30,01:33:00.7,2455042.5646,15.1,1.14,K,K,,,,usbdrivereplog_4U1538-52.csv,,,Data replog,,,4U1538-52,True,IR
ir090729.0057,4U 1538-52,15:42:23.2,-52:23:10,2009-07-30,01:32:29.4,2455042.5642,15.0,1.14,K,K,,,,usbdrivereplog_4U1538-52.csv,,,Data replog,,,4U1538-52,True,IR
ir090729.0056,4U 1538-52,15:42:23.2,-52:23:09,2009-07-30,01:31:58.6,2455042.5639,15.0,1.14,K,K,,,,usbdrivereplog_4U1538-52.csv,,,Data replog,,,4U1538-52,True,IR
ir090728.0190,4U 1538-52,15:42:23.0,-52:23:09,2009-07-29,03:09:09.6,2455041.6314,10.0,1.33,H,H,,,,usbdrivereplog_4U1538-52.csv,,,Data replog,,,4U1538-52,True,IR
ir090728.0189,4U 1538-52,15:42:23.0,-52:23:08,2009-07-29,03:08:43.8,2455041.6311,10.0,1.33,H,H,,,,usbdrivereplog_4U1538-52.csv,,,Data replog,,,4U1538-52,True,IR
ir090728.0188,4U 1538-52,15:42:23.0,-52:23:08,2009-07-29,03:08:18.2,2455041.6308,10.0,1.33,H,H,,,,usbdrivereplog_4U1538-52.csv,,,Data replog,,,4U1538-52,True,IR
ir090728.0187,4U 1538-52,15:42:23.0,-52:23:08,2009-07-29,03:07:52.0,2455041.6305,10.0,1.33,H,H,,,,usbdrivereplog_4U1538-52.csv,,,Data replog,,,4U1538-52,True,IR
ir090728.0186,4U 1538-52,15:42:23.1,-52:23:08,2009-07-29,03:07:26.1,2455041.6302,10.0,1.32,H,H,,,,usbdrivereplog_4U1538-52.csv,,,Data replog,,,4U1538-52,True,IR
ir090728.0185,4U 1538-52,15:42:23.1,-52:23:09,2009-07-29,03:06:51.7,2455041.6298,10.1,1.32,J,J,,,,usbdrivereplog_4U1538-52.csv,,,Data replog,,,4U1538-52,True,IR
ir090728.0183,4U 1538-52,15:42:23.1,-52:23:08,2009-07-29,03:05:59.7,2455041.6292,10.1,1.32,J,J,,,,usbdrivereplog_4U1538-52.csv,,,Data replog,,,4U1538-52,True,IR
ir090719.0263,4U 1538-52,15:42:21.4,-52:22:47,2009-07-20,00:58:31.0,2455032.5406,15.0,1.09,K,K,,,,usbdrivereplog_4U1538-52.csv,,,Data replog,,,4U1538-52,True,IR
ir090728.0182,4U 1538-52,15:42:23.1,-52:23:09,2009-07-29,03:05:33.4,2455041.6289,10.0,1.32,J,J,,,,usbdrivereplog_4U1538-52.csv,,,Data replog,,,4U1538-52,True,IR
ir090728.0181,4U 1538-52,15:42:23.1,-52:23:09,2009-07-29,03:05:07.2,2455041.6286,10.1,1.32,J,J,,,,usbdrivereplog_4U1538-52.csv,,,Data replog,,,4U1538-52,True,IR
ir090728.0180,4U 1538-52,15:42:23.1,-52:23:09,2009-07-29,03:04:27.4,2455041.6281,15.0,1.32,K,K,,,,usbdrivereplog_4U1538-52.csv,,,Data replog,,,4U1538-52,True,IR
ir090728.0179,4U 1538-52,15:42:23.2,-52:23:09,2009-07-29,03:03:56.4,2455041.6277,15.1,1.31,K,K,,,,usbdrivereplog_4U1538-52.csv,,,Data replog,,,4U1538-52,True,IR
ir090728.0178,4U 1538-52,15:42:23.1,-52:23:09,2009-07-29,03:03:25.4,2455041.6274,15.0,1.31,K,K,,,,usbdrivereplog_4U1538-52.csv,,,Data replog,,,4U1538-52,True,IR
ir090728.0177,4U 1538-52,15:42:23.1,-52:23:09,2009-07-29,03:02:54.3,2455041.627,15.1,1.31,K,K,,,,usbdrivereplog_4U1538-52.csv,,,Data replog,,,4U1538-52,True,IR
ir090728.0176,4U 1538-52,15:42:23.1,-52:23:09,2009-07-29,03:02:23.4,2455041.6267,15.0,1.31,K,K,,,,usbdrivereplog_4U1538-52.csv,,,Data replog,,,4U1538-52,True,IR
ir090725.0095,4U 1538-52,15:42:23.2,-52:23:08,2009-07-26,00:28:38.9,2455038.5199,10.1,1.08,H,H,,,,usbdrivereplog_4U1538-52.csv,,,Data replog,,,4U1538-52,True,IR
ir090725.0094,4U 1538-52,15:42:23.2,-52:23:08,2009-07-26,00:28:13.1,2455038.5196,10.0,1.08,H,H,,,,usbdrivereplog_4U1538-52.csv,,,Data replog,,,4U1538-52,True,IR
ir090725.0093,4U 1538-52,15:42:23.2,-52:23:08,2009-07-26,00:27:47.2,2455038.5193,10.0,1.08,H,H,,,,usbdrivereplog_4U1538-52.csv,,,Data replog,,,4U1538-52,True,IR
ir090725.0092,4U 1538-52,15:42:23.2,-52:23:09,2009-07-26,00:27:21.2,2455038.519,10.0,1.08,H,H,,,,usbdrivereplog_4U1538-52.csv,,,Data replog,,,4U1538-52,True,IR
ir090729.0061,4U 1538-52,15:42:23.1,-52:23:09,2009-07-30,01:34:42.4,2455042.5658,10.1,1.14,J,J,,,,usbdrivereplog_4U1538-52.csv,,,Data replog,,,4U1538-52,True,IR
ir090729.0062,4U 1538-52,15:42:23.1,-52:23:09,2009-07-30,01:35:08.3,2455042.5661,10.1,1.14,J,J,,,,usbdrivereplog_4U1538-52.csv,,,Data replog,,,4U1538-52,True,IR
ir090729.0063,4U 1538-52,15:42:23.1,-52:23:09,2009-07-30,01:35:34.3,2455042.5664,10.1,1.14,J,J,,,,usbdrivereplog_4U1538-52.csv,,,Data replog,,,4U1538-52,True,IR
ir090729.0064,4U 1538-52,15:42:23.1,-52:23:08,2009-07-30,01:36:00.5,2455042.5667,10.0,1.14,J,J,,,,usbdrivereplog_4U1538-52.csv,,,Data replog,,,4U1538-52,True,IR
ir090804.0098,4U 1538-52,15:42:20.6,-52:22:41,2009-08-05,01:30:45.1,2455048.563,15.0,1.17,K,K,,,,usbdrivereplog_4U1538-52.csv,,,Data replog,,,4U1538-52,True,IR
ir090804.0097,4U 1538-52,15:42:20.6,-52:22:42,2009-08-05,01:30:14.2,2455048.5627,15.0,1.17,K,K,,,,usbdrivereplog_4U1538-52.csv,,,Data replog,,,4U1538-52,True,IR
ir090802.0089,4U 1538-52,15:42:20.4,-52:22:45,2009-08-03,01:42:55.3,2455046.5715,10.0,1.18,H,H,,,,usbdrivereplog_4U1538-52.csv,,,Data replog,,,4U1538-52,True,IR
ir090802.0088,4U 1538-52,15:42:20.4,-52:22:45,2009-08-03,01:42:29.4,2455046.5712,10.0,1.18,H,H,,,,usbdrivereplog_4U1538-52.csv,,,Data replog,,,4U1538-52,True,IR
ir090802.0087,4U 1538-52,15:42:20.5,-52:22:46,2009-08-03,01:42:03.7,2455046.5709,10.0,1.18,H,H,,,,usbdrivereplog_4U1538-52.csv,,,Data replog,,,4U1538-52,True,IR
ir090802.0086,4U 1538-52,15:42:20.4,-52:22:45,2009-08-03,01:41:37.6,2455046.5706,10.0,1.18,H,H,,,,usbdrivereplog_4U1538-52.csv,,,Data replog,,,4U1538-52,True,IR
ir090802.0085,4U 1538-52,15:42:20.4,-52:22:46,2009-08-03,01:41:11.8,2455046.5703,10.0,1.17,H,H,,,,usbdrivereplog_4U1538-52.csv,,,Data replog,,,4U1538-52,True,IR
ir090802.0084,4U 1538-52,15:42:20.4,-52:22:46,2009-08-03,01:40:37.4,2455046.5699,10.0,1.17,J,J,,,,usbdrivereplog_4U1538-52.csv,,,Data replog,,,4U1538-52,True,IR
ir090802.0083,4U 1538-52,15:42:20.5,-52:22:46,2009-08-03,01:40:11.5,2455046.5696,10.1,1.17,J,J,,,,usbdrivereplog_4U1538-52.csv,,,Data replog,,,4U1538-52,True,IR
ir090802.0082,4U 1538-52,15:42:20.5,-52:22:46,2009-08-03,01:39:45.3,2455046.5693,10.1,1.17,J,J,,,,usbdrivereplog_4U1538-52.csv,,,Data replog,,,4U1538-52,True,IR
ir090802.0081,4U 1538-52,15:42:20.4,-52:22:45,2009-08-03,01:39:19.3,2455046.569,10.1,1.17,J,J,,,,usbdrivereplog_4U1538-52.csv,,,Data replog,,,4U1538-52,True,IR
ir090802.0080,4U 1538-52,15:42:20.4,-52:22:46,2009-08-03,01:38:53.4,2455046.5687,10.1,1.17,J,J,,,,usbdrivereplog_4U1538-52.csv,,,Data replog,,,4U1538-52,True,IR
ir090802.0079,4U 1538-52,15:42:20.5,-52:22:45,2009-08-03,01:38:14.0,2455046.5682,15.0,1.17,K,K,,,,usbdrivereplog_4U1538-52.csv,,,Data replog,,,4U1538-52,True,IR
ir090802.0078,4U 1538-52,15:42:20.5,-52:22:46,2009-08-03,01:37:43.0,2455046.5679,15.1,1.17,K,K,,,,usbdrivereplog_4U1538-52.csv,,,Data replog,,,4U1538-52,True,IR
ir090802.0077,4U 1538-52,15:42:20.5,-52:22:46,2009-08-03,01:37:11.9,2455046.5675,15.0,1.17,K,K,,,,usbdrivereplog_4U1538-52.csv,,,Data replog,,,4U1538-52,True,IR
ir090802.0076,4U 1538-52,15:42:20.5,-52:22:46,2009-08-03,01:36:40.8,2455046.5671,15.0,1.17,K,K,,,,usbdrivereplog_4U1538-52.csv,,,Data replog,,,4U1538-52,True,IR
ir090802.0075,4U 1538-52,15:42:20.6,-52:22:46,2009-08-03,01:36:09.9,2455046.5668,15.1,1.17,K,K,,,,usbdrivereplog_4U1538-52.csv,,,Data replog,,,4U1538-52,True,IR
ir090729.0070,4U 1538-52,15:42:23.0,-52:23:08,2009-07-30,01:38:44.8,2455042.5686,10.0,1.15,H,H,,,,usbdrivereplog_4U1538-52.csv,,,Data replog,,,4U1538-52,True,IR
ir090729.0069,4U 1538-52,15:42:23.0,-52:23:08,2009-07-30,01:38:18.9,2455042.5683,10.0,1.15,H,H,,,,usbdrivereplog_4U1538-52.csv,,,Data replog,,,4U1538-52,True,IR
ir090729.0068,4U 1538-52,15:42:23.0,-52:23:08,2009-07-30,01:37:53.1,2455042.568,10.0,1.15,H,H,,,,usbdrivereplog_4U1538-52.csv,,,Data replog,,,4U1538-52,True,IR
ir090729.0067,4U 1538-52,15:42:23.0,-52:23:08,2009-07-30,01:37:27.0,2455042.5677,10.0,1.15,H,H,,,,usbdrivereplog_4U1538-52.csv,,,Data replog,,,4U1538-52,True,IR
ir090729.0066,4U 1538-52,15:42:23.0,-52:23:08,2009-07-30,01:37:01.1,2455042.5674,10.0,1.15,H,H,,,,usbdrivereplog_4U1538-52.csv,,,Data replog,,,4U1538-52,True,IR
ir090729.0065,4U 1538-52,15:42:23.0,-52:23:09,2009-07-30,01:36:26.3,2455042.567,10.0,1.14,J,J,,,,usbdrivereplog_4U1538-52.csv,,,Data replog,,,4U1538-52,True,IR
ir090725.0091,4U 1538-52,15:42:23.2,-52:23:09,2009-07-26,00:26:55.4,2455038.5187,10.0,1.08,H,H,,,,usbdrivereplog_4U1538-52.csv,,,Data replog,,,4U1538-52,True,IR
ir090725.0090,4U 1538-52,15:42:23.2,-52:23:09,2009-07-26,00:26:20.4,2455038.5183,10.0,1.08,J,J,,,,usbdrivereplog_4U1538-52.csv,,,Data replog,,,4U1538-52,True,IR
ir090725.0089,4U 1538-52,15:42:23.2,-52:23:09,2009-07-26,00:25:54.5,2455038.518,10.0,1.08,J,J,,,,usbdrivereplog_4U1538-52.csv,,,Data replog,,,4U1538-52,True,IR
ir090723.0100,4U 1538-52,15:42:23.0,-52:23:07,2009-07-24,02:24:08.1,2455036.6001,10.1,1.18,H,H,,,,usbdrivereplog_4U1538-52.csv,,,Data replog,,,4U1538-52,True,IR
ir090723.0098,4U 1538-52,15:42:23.0,-52:23:07,2009-07-24,02:23:08.0,2455036.5994,10.0,1.18,J,J,,,,usbdrivereplog_4U1538-52.csv,,,Data replog,,,4U1538-52,True,IR
ir090723.0097,4U 1538-52,15:42:23.0,-52:23:07,2009-07-24,02:22:42.1,2455036.5991,10.0,1.18,J,J,,,,usbdrivereplog_4U1538-52.csv,,,Data replog,,,4U1538-52,True,IR
ir090723.0096,4U 1538-52,15:42:23.0,-52:23:07,2009-07-24,02:22:16.0,2455036.5988,10.1,1.18,J,J,,,,usbdrivereplog_4U1538-52.csv,,,Data replog,,,4U1538-52,True,IR
ir090723.0095,4U 1538-52,15:42:23.0,-52:23:07,2009-07-24,02:21:50.1,2455036.5985,10.0,1.18,J,J,,,,usbdrivereplog_4U1538-52.csv,,,Data replog,,,4U1538-52,True,IR
ir090723.0094,4U 1538-52,15:42:23.1,-52:23:07,2009-07-24,02:21:24.3,2455036.5982,10.1,1.18,J,J,,,,usbdrivereplog_4U1538-52.csv,,,Data replog,,,4U1538-52,True,IR
ir090723.0093,4U 1538-52,15:42:23.1,-52:23:07,2009-07-24,02:20:44.5,2455036.5977,15.0,1.17,K,K,,,,usbdrivereplog_4U1538-52.csv,,,Data replog,,,4U1538-52,True,IR
ir090723.0092,4U 1538-52,15:42:23.1,-52:23:07,2009-07-24,02:20:13.5,2455036.5974,15.1,1.17,K,K,,,,usbdrivereplog_4U1538-52.csv,,,Data replog,,,4U1538-52,True,IR
ir090723.0091,4U 1538-52,15:42:23.1,-52:23:07,2009-07-24,02:19:42.3,2455036.597,15.0,1.17,K,K,,,,usbdrivereplog_4U1538-52.csv,,,Data replog,,,4U1538-52,True,IR
ir090723.0090,4U 1538-52,15:42:23.2,-52:23:08,2009-07-24,02:19:11.0,2455036.5967,15.0,1.17,K,K,,,,usbdrivereplog_4U1538-52.csv,,,Data replog,,,4U1538-52,True,IR
ir090723.0089,4U 1538-52,15:42:23.1,-52:23:07,2009-07-24,02:18:40.1,2455036.5963,15.1,1.17,K,K,,,,usbdrivereplog_4U1538-52.csv,,,Data replog,,,4U1538-52,True,IR
ir090719.0276,4U 1538-52,15:42:21.3,-52:22:46,2009-07-20,01:04:45.8,2455032.545,10.0,1.09,H,H,,,,usbdrivereplog_4U1538-52.csv,,,Data replog,,,4U1538-52,True,IR
ir090719.0275,4U 1538-52,15:42:21.3,-52:22:46,2009-07-20,01:04:19.9,2455032.5447,10.0,1.09,H,H,,,,usbdrivereplog_4U1538-52.csv,,,Data replog,,,4U1538-52,True,IR
ir090719.0274,4U 1538-52,15:42:21.3,-52:22:46,2009-07-20,01:03:54.3,2455032.5444,10.0,1.09,H,H,,,,usbdrivereplog_4U1538-52.csv,,,Data replog,,,4U1538-52,True,IR
ir090719.0273,4U 1538-52,15:42:21.3,-52:22:46,2009-07-20,01:03:28.1,2455032.5441,10.0,1.09,H,H,,,,usbdrivereplog_4U1538-52.csv,,,Data replog,,,4U1538-52,True,IR
ir090719.0272,4U 1538-52,15:42:21.3,-52:22:46,2009-07-20,01:03:02.2,2455032.5438,10.0,1.09,H,H,,,,usbdrivereplog_4U1538-52.csv,,,Data replog,,,4U1538-52,True,IR
ir090719.0271,4U 1538-52,15:42:21.3,-52:22:46,2009-07-20,01:02:27.5,2455032.5434,10.0,1.09,J,J,,,,usbdrivereplog_4U1538-52.csv,,,Data replog,,,4U1538-52,True,IR
ir090719.0270,4U 1538-52,15:42:21.3,-52:22:46,2009-07-20,01:02:01.7,2455032.5431,10.0,1.09,J,J,,,,usbdrivereplog_4U1538-52.csv,,,Data replog,,,4U1538-52,True,IR
ir090719.0269,4U 1538-52,15:42:21.3,-52:22:46,2009-07-20,01:01:35.6,2455032.5428,10.1,1.09,J,J,,,,usbdrivereplog_4U1538-52.csv,,,Data replog,,,4U1538-52,True,IR
ir090719.0268,4U 1538-52,15:42:21.3,-52:22:46,2009-07-20,01:01:09.4,2455032.5425,10.1,1.09,J,J,,,,usbdrivereplog_4U1538-52.csv,,,Data replog,,,4U1538-52,True,IR
ir090719.0267,4U 1538-52,15:42:21.3,-52:22:46,2009-07-20,01:00:43.6,2455032.5422,10.1,1.09,J,J,,,,usbdrivereplog_4U1538-52.csv,,,Data replog,,,4U1538-52,True,IR
ir090719.0266,4U 1538-52,15:42:21.3,-52:22:47,2009-07-20,01:00:04.3,2455032.5417,15.0,1.09,K,K,,,,usbdrivereplog_4U1538-52.csv,,,Data replog,,,4U1538-52,True,IR
ir090719.0265,4U 1538-52,15:42:21.4,-52:22:46,2009-07-20,00:59:33.2,2455032.5414,15.0,1.09,K,K,,,,usbdrivereplog_4U1538-52.csv,,,Data replog,,,4U1538-52,True,IR
ir090719.0264,4U 1538-52,15:42:21.4,-52:22:46,2009-07-20,00:59:02.1,2455032.541,15.0,1.09,K,K,,,,usbdrivereplog_4U1538-52.csv,,,Data replog,,,4U1538-52,True,IR
ir090723.0099,4U 1538-52,15:42:23.0,-52:23:07,2009-07-24,02:23:42.3,2455036.5998,10.0,1.18,H,H,,,,usbdrivereplog_4U1538-52.csv,,,Data replog,,,4U1538-52,True,IR
ir090723.0101,4U 1538-52,15:42:23.0,-52:23:07,2009-07-24,02:24:34.2,2455036.6004,10.0,1.18,H,H,,,,usbdrivereplog_4U1538-52.csv,,,Data replog,,,4U1538-52,True,IR
ir090725.0088,4U 1538-52,15:42:23.2,-52:23:09,2009-07-26,00:25:28.5,2455038.5177,10.0,1.08,J,J,,,,usbdrivereplog_4U1538-52.csv,,,Data replog,,,4U1538-52,True,IR
ir090723.0102,4U 1538-52,15:42:23.0,-52:23:07,2009-07-24,02:25:00.0,2455036.6007,10.0,1.18,H,H,,,,usbdrivereplog_4U1538-52.csv,,,Data replog,,,4U1538-52,True,IR
ir090725.0087,4U 1538-52,15:42:23.2,-52:23:09,2009-07-26,00:25:02.4,2455038.5174,10.0,1.08,J,J,,,,usbdrivereplog_4U1538-52.csv,,,Data replog,,,4U1538-52,True,IR
ir090725.0086,4U 1538-52,15:42:23.2,-52:23:09,2009-07-26,00:24:36.5,2455038.5171,10.0,1.08,J,J,,,,usbdrivereplog_4U1538-52.csv,,,Data replog,,,4U1538-52,True,IR
ir090725.0085,4U 1538-52,15:42:23.2,-52:23:09,2009-07-26,00:23:56.9,2455038.5166,15.1,1.08,K,K,,,,usbdrivereplog_4U1538-52.csv,,,Data replog,,,4U1538-52,True,IR
ir090725.0084,4U 1538-52,15:42:23.2,-52:23:09,2009-07-26,00:23:26.0,2455038.5163,15.0,1.08,K,K,,,,usbdrivereplog_4U1538-52.csv,,,Data replog,,,4U1538-52,True,IR
ir090725.0083,4U 1538-52,15:42:23.2,-52:23:10,2009-07-26,00:22:55.0,2455038.5159,15.0,1.08,K,K,,,,usbdrivereplog_4U1538-52.csv,,,Data replog,,,4U1538-52,True,IR
ir090725.0082,4U 1538-52,15:42:23.2,-52:23:10,2009-07-26,00:22:23.8,2455038.5156,15.1,1.08,K,K,,,,usbdrivereplog_4U1538-52.csv,,,Data replog,,,4U1538-52,True,IR
ir090725.0081,4U 1538-52,15:42:23.2,-52:23:09,2009-07-26,00:21:52.9,2455038.5152,15.1,1.08,K,K,,,,usbdrivereplog_4U1538-52.csv,,,Data replog,,,4U1538-52,True,IR
ir090724.0104,4U 1538-52,15:42:23.2,-52:23:08,2009-07-25,01:47:31.8,2455037.5747,10.0,1.13,H,H,,,,usbdrivereplog_4U1538-52.csv,,,Data replog,,,4U1538-52,True,IR
ir090724.0103,4U 1538-52,15:42:23.2,-52:23:08,2009-07-25,01:47:05.9,2455037.5744,10.0,1.13,H,H,,,,usbdrivereplog_4U1538-52.csv,,,Data replog,,,4U1538-52,True,IR
ir090724.0102,4U 1538-52,15:42:23.2,-52:23:08,2009-07-25,01:46:40.3,2455037.5741,10.0,1.13,H,H,,,,usbdrivereplog_4U1538-52.csv,,,Data replog,,,4U1538-52,True,IR
ir090724.0101,4U 1538-52,15:42:23.2,-52:23:08,2009-07-25,01:46:14.2,2455037.5738,10.0,1.13,H,H,,,,usbdrivereplog_4U1538-52.csv,,,Data replog,,,4U1538-52,True,IR
ir090724.0100,4U 1538-52,15:42:23.2,-52:23:08,2009-07-25,01:45:48.3,2455037.5735,10.0,1.13,H,H,,,,usbdrivereplog_4U1538-52.csv,,,Data replog,,,4U1538-52,True,IR
ir090724.0099,4U 1538-52,15:42:23.2,-52:23:08,2009-07-25,01:45:13.9,2455037.5731,10.0,1.13,J,J,,,,usbdrivereplog_4U1538-52.csv,,,Data replog,,,4U1538-52,True,IR
ir090724.0098,4U 1538-52,15:42:23.2,-52:23:08,2009-07-25,01:44:47.9,2455037.5728,10.1,1.13,J,J,,,,usbdrivereplog_4U1538-52.csv,,,Data replog,,,4U1538-52,True,IR
ir090724.0097,4U 1538-52,15:42:23.2,-52:23:08,2009-07-25,01:44:21.9,2455037.5725,10.0,1.13,J,J,,,,usbdrivereplog_4U1538-52.csv,,,Data replog,,,4U1538-52,True,IR
ir090724.0096,4U 1538-52,15:42:23.1,-52:23:08,2009-07-25,01:43:55.7,2455037.5722,10.0,1.13,J,J,,,,usbdrivereplog_4U1538-52.csv,,,Data replog,,,4U1538-52,True,IR
ir090724.0095,4U 1538-52,15:42:23.2,-52:23:09,2009-07-25,01:43:29.7,2455037.5719,10.1,1.13,J,J,,,,usbdrivereplog_4U1538-52.csv,,,Data replog,,,4U1538-52,True,IR
ir090724.0094,4U 1538-52,15:42:23.2,-52:23:09,2009-07-25,01:42:49.8,2455037.5714,15.1,1.13,K,K,,,,usbdrivereplog_4U1538-52.csv,,,Data replog,,,4U1538-52,True,IR
ir090724.0093,4U 1538-52,15:42:23.2,-52:23:09,2009-07-25,01:42:18.9,2455037.5711,15.0,1.13,K,K,,,,usbdrivereplog_4U1538-52.csv,,,Data replog,,,4U1538-52,True,IR
ir090724.0092,4U 1538-52,15:42:23.1,-52:23:09,2009-07-25,01:41:47.7,2455037.5707,15.1,1.13,K,K,,,,usbdrivereplog_4U1538-52.csv,,,Data replog,,,4U1538-52,True,IR
ir090724.0091,4U 1538-52,15:42:23.1,-52:23:09,2009-07-25,01:41:16.4,2455037.5703,15.1,1.13,K,K,,,,usbdrivereplog_4U1538-52.csv,,,Data replog,,,4U1538-52,True,IR
ir090724.0090,4U 1538-52,15:42:23.1,-52:23:09,2009-07-25,01:40:45.5,2455037.57,15.1,1.13,K,K,,,,usbdrivereplog_4U1538-52.csv,,,Data replog,,,4U1538-52,True,IR
ir090723.0103,4U 1538-52,15:42:23.0,-52:23:07,2009-07-24,02:25:25.9,2455036.601,10.1,1.18,H,H,,,,usbdrivereplog_4U1538-52.csv,,,Data replog,,,4U1538-52,True,IR
ir090706.0123,4U 1538-52,15:42:21.0,-52:22:52,2009-07-07,02:29:03.1,2455019.6035,10.1,1.11,H,H,,,,usbdrivereplog_4U1538-52.csv,,,Data replog,,,4U1538-52,True,IR
ir090706.0121,4U 1538-52,15:42:21.0,-52:22:52,2009-07-07,02:28:00.0,2455019.6028,10.0,1.1,J,J,,,,usbdrivereplog_4U1538-52.csv,,,Data replog,,,4U1538-52,True,IR
ir090706.0120,4U 1538-52,15:42:21.0,-52:22:52,2009-07-07,02:27:33.8,2455019.6025,10.0,1.1,J,J,,,,usbdrivereplog_4U1538-52.csv,,,Data replog,,,4U1538-52,True,IR
ir090630.0032,4U 1538-52,15:42:23.2,-52:23:09,2009-06-30,23:19:31.4,2455013.4719,10.0,1.23,H,H,,,,usbdrivereplog_4U1538-52.csv,,,Data replog,,,4U1538-52,True,IR
ir090701.0099,4U 1538-52,15:42:23.2,-52:23:09,2009-07-02,01:39:36.8,2455014.5692,10.1,1.08,H,H,,,,usbdrivereplog_4U1538-52.csv,,,Data replog,,,4U1538-52,True,IR
ir090701.0098,4U 1538-52,15:42:23.2,-52:23:09,2009-07-02,01:38:59.9,2455014.5688,10.0,1.08,J,J,,,,usbdrivereplog_4U1538-52.csv,,,Data replog,,,4U1538-52,True,IR
ir090701.0097,4U 1538-52,15:42:23.2,-52:23:09,2009-07-02,01:38:33.7,2455014.5685,10.1,1.08,J,J,,,,usbdrivereplog_4U1538-52.csv,,,Data replog,,,4U1538-52,True,IR
ir090701.0096,4U 1538-52,15:42:23.2,-52:23:09,2009-07-02,01:38:07.2,2455014.5681,10.0,1.08,J,J,,,,usbdrivereplog_4U1538-52.csv,,,Data replog,,,4U1538-52,True,IR
ir090701.0095,4U 1538-52,15:42:23.2,-52:23:09,2009-07-02,01:37:40.3,2455014.5678,10.1,1.08,J,J,,,,usbdrivereplog_4U1538-52.csv,,,Data replog,,,4U1538-52,True,IR
ir090701.0094,4U 1538-52,15:42:23.1,-52:23:10,2009-07-02,01:37:14.1,2455014.5675,10.1,1.08,J,J,,,,usbdrivereplog_4U1538-52.csv,,,Data replog,,,4U1538-52,True,IR
ir090701.0093,4U 1538-52,15:42:23.2,-52:23:09,2009-07-02,01:36:31.5,2455014.567,15.1,1.08,K,K,,,,usbdrivereplog_4U1538-52.csv,,,Data replog,,,4U1538-52,True,IR
ir090701.0092,4U 1538-52,15:42:23.2,-52:23:09,2009-07-02,01:36:00.3,2455014.5667,15.0,1.08,K,K,,,,usbdrivereplog_4U1538-52.csv,,,Data replog,,,4U1538-52,True,IR
ir090701.0091,4U 1538-52,15:42:23.2,-52:23:10,2009-07-02,01:35:28.7,2455014.5663,15.1,1.08,K,K,,,,usbdrivereplog_4U1538-52.csv,,,Data replog,,,4U1538-52,True,IR
ir090701.0090,4U 1538-52,15:42:23.1,-52:23:10,2009-07-02,01:34:57.1,2455014.5659,15.1,1.08,K,K,,,,usbdrivereplog_4U1538-52.csv,,,Data replog,,,4U1538-52,True,IR
ir090701.0089,4U 1538-52,15:42:23.1,-52:23:10,2009-07-02,01:34:26.0,2455014.5656,15.1,1.08,K,K,,,,usbdrivereplog_4U1538-52.csv,,,Data replog,,,4U1538-52,True,IR
ir090630.0031,4U 1538-52,15:42:23.1,-52:23:08,2009-06-30,23:19:05.1,2455013.4716,10.1,1.23,H,H,,,,usbdrivereplog_4U1538-52.csv,,,Data replog,,,4U1538-52,True,IR
ir090630.0030,4U 1538-52,15:42:23.1,-52:23:09,2009-06-30,23:18:38.0,2455013.4713,10.0,1.23,H,H,,,,usbdrivereplog_4U1538-52.csv,,,Data replog,,,4U1538-52,True,IR
ir090630.0029,4U 1538-52,15:42:23.1,-52:23:09,2009-06-30,23:18:11.4,2455013.471,10.0,1.23,H,H,,,,usbdrivereplog_4U1538-52.csv,,,Data replog,,,4U1538-52,True,IR
ir090630.0028,4U 1538-52,15:42:23.1,-52:23:08,2009-06-30,23:17:45.3,2455013.4707,10.0,1.23,H,H,,,,usbdrivereplog_4U1538-52.csv,,,Data replog,,,4U1538-52,True,IR
ir090630.0027,4U 1538-52,15:42:23.1,-52:23:09,2009-06-30,23:17:07.8,2455013.4702,10.0,1.23,J,J,,,,usbdrivereplog_4U1538-52.csv,,,Data replog,,,4U1538-52,True,IR
ir090630.0026,4U 1538-52,15:42:23.1,-52:23:08,2009-06-30,23:16:41.5,2455013.4699,10.1,1.23,J,J,,,,usbdrivereplog_4U1538-52.csv,,,Data replog,,,4U1538-52,True,IR
ir090630.0025,4U 1538-52,15:42:23.1,-52:23:08,2009-06-30,23:16:15.1,2455013.4696,10.0,1.23,J,J,,,,usbdrivereplog_4U1538-52.csv,,,Data replog,,,4U1538-52,True,IR
ir090630.0024,4U 1538-52,15:42:23.1,-52:23:09,2009-06-30,23:15:48.5,2455013.4693,10.0,1.23,J,J,,,,usbdrivereplog_4U1538-52.csv,,,Data replog,,,4U1538-52,True,IR
ir090630.0023,4U 1538-52,15:42:23.1,-52:23:09,2009-06-30,23:15:22.3,2455013.469,10.0,1.24,J,J,,,,usbdrivereplog_4U1538-52.csv,,,Data replog,,,4U1538-52,True,IR
ir090630.0022,4U 1538-52,15:42:23.1,-52:23:09,2009-06-30,23:14:39.7,2455013.4685,15.0,1.24,K,K,,,,usbdrivereplog_4U1538-52.csv,,,Data replog,,,4U1538-52,True,IR
ir090630.0021,4U 1538-52,15:42:23.1,-52:23:09,2009-06-30,23:14:08.5,2455013.4682,15.1,1.24,K,K,,,,usbdrivereplog_4U1538-52.csv,,,Data replog,,,4U1538-52,True,IR
ir090630.0020,4U 1538-52,15:42:23.1,-52:23:09,2009-06-30,23:13:36.9,2455013.4678,15.1,1.24,K,K,,,,usbdrivereplog_4U1538-52.csv,,,Data replog,,,4U1538-52,True,IR
ir090701.0100,4U 1538-52,15:42:23.2,-52:23:09,2009-07-02,01:40:03.1,2455014.5695,10.1,1.08,H,H,,,,usbdrivereplog_4U1538-52.csv,,,Data replog,,,4U1538-52,True,IR
ir090701.0101,4U 1538-52,15:42:23.2,-52:23:09,2009-07-02,01:40:29.8,2455014.5698,10.1,1.08,H,H,,,,usbdrivereplog_4U1538-52.csv,,,Data replog,,,4U1538-52,True,IR
ir090701.0102,4U 1538-52,15:42:23.2,-52:23:08,2009-07-02,01:40:56.8,2455014.5701,10.0,1.08,H,H,,,,usbdrivereplog_4U1538-52.csv,,,Data replog,,,4U1538-52,True,IR
ir090701.0103,4U 1538-52,15:42:23.2,-52:23:09,2009-07-02,01:41:23.0,2455014.5704,10.0,1.08,H,H,,,,usbdrivereplog_4U1538-52.csv,,,Data replog,,,4U1538-52,True,IR
ir090706.0119,4U 1538-52,15:42:21.0,-52:22:53,2009-07-07,02:27:07.2,2455019.6022,10.0,1.1,J,J,,,,usbdrivereplog_4U1538-52.csv,,,Data replog,,,4U1538-52,True,IR
ir090706.0118,4U 1538-52,15:42:21.0,-52:22:52,2009-07-07,02:26:40.6,2455019.6019,10.1,1.1,J,J,,,,usbdrivereplog_4U1538-52.csv,,,Data replog,,,4U1538-52,True,IR
ir090706.0117,4U 1538-52,15:42:21.0,-52:22:52,2009-07-07,02:26:14.5,2455019.6016,10.0,1.1,J,J,,,,usbdrivereplog_4U1538-52.csv,,,Data replog,,,4U1538-52,True,IR
ir090706.0116,4U 1538-52,15:42:21.0,-52:22:52,2009-07-07,02:25:32.1,2455019.6011,15.1,1.1,K,K,,,,usbdrivereplog_4U1538-52.csv,,,Data replog,,,4U1538-52,True,IR
ir090706.0115,4U 1538-52,15:42:21.0,-52:22:52,2009-07-07,02:25:00.8,2455019.6007,15.1,1.1,K,K,,,,usbdrivereplog_4U1538-52.csv,,,Data replog,,,4U1538-52,True,IR
ir090706.0114,4U 1538-52,15:42:21.0,-52:22:52,2009-07-07,02:24:29.3,2455019.6003,15.0,1.1,K,K,,,,usbdrivereplog_4U1538-52.csv,,,Data replog,,,4U1538-52,True,IR
ir090706.0113,4U 1538-52,15:42:21.0,-52:22:53,2009-07-07,02:23:57.7,2455019.6,15.1,1.1,K,K,,,,usbdrivereplog_4U1538-52.csv,,,Data replog,,,4U1538-52,True,IR
ir090706.0112,4U 1538-52,15:42:21.0,-52:22:53,2009-07-07,02:23:26.5,2455019.5996,15.1,1.1,K,K,,,,usbdrivereplog_4U1538-52.csv,,,Data replog,,,4U1538-52,True,IR
ir090705.0156,4U 1538-52,15:42:21.0,-52:22:54,2009-07-06,02:39:28.9,2455018.6107,10.0,1.11,H,H,,,,usbdrivereplog_4U1538-52.csv,,,Data replog,,,4U1538-52,True,IR
ir090705.0155,4U 1538-52,15:42:21.0,-52:22:54,2009-07-06,02:39:02.8,2455018.6105,10.0,1.11,H,H,,,,usbdrivereplog_4U1538-52.csv,,,Data replog,,,4U1538-52,True,IR
ir090705.0154,4U 1538-52,15:42:21.0,-52:22:55,2009-07-06,02:38:35.4,2455018.6101,10.1,1.11,H,H,,,,usbdrivereplog_4U1538-52.csv,,,Data replog,,,4U1538-52,True,IR
ir090705.0153,4U 1538-52,15:42:21.0,-52:22:54,2009-07-06,02:38:08.8,2455018.6098,10.0,1.11,H,H,,,,usbdrivereplog_4U1538-52.csv,,,Data replog,,,4U1538-52,True,IR
ir090705.0152,4U 1538-52,15:42:21.0,-52:22:55,2009-07-06,02:37:42.5,2455018.6095,10.1,1.11,H,H,,,,usbdrivereplog_4U1538-52.csv,,,Data replog,,,4U1538-52,True,IR
ir090705.0151,4U 1538-52,15:42:20.9,-52:22:55,2009-07-06,02:37:05.5,2455018.6091,10.0,1.11,J,J,,,,usbdrivereplog_4U1538-52.csv,,,Data replog,,,4U1538-52,True,IR
ir090705.0150,4U 1538-52,15:42:21.0,-52:22:55,2009-07-06,02:36:03.1,2455018.6084,10.0,1.11,J,J,,,,usbdrivereplog_4U1538-52.csv,,,Data replog,,,4U1538-52,True,IR
ir090705.0149,4U 1538-52,15:42:21.0,-52:22:55,2009-07-06,02:36:03.1,2455018.6084,10.0,1.11,J,J,,,,usbdrivereplog_4U1538-52.csv,,,Data replog,,,4U1538-52,True,IR
ir090705.0148,4U 1538-52,15:42:20.9,-52:22:55,2009-07-06,02:35:36.6,2455018.6081,10.0,1.11,J,J,,,,usbdrivereplog_4U1538-52.csv,,,Data replog,,,4U1538-52,True,IR
ir090705.0147,4U 1538-52,15:42:20.9,-52:22:55,2009-07-06,02:35:10.4,2455018.6078,10.0,1.11,J,J,,,,usbdrivereplog_4U1538-52.csv,,,Data replog,,,4U1538-52,True,IR
ir090705.0146,4U 1538-52,15:42:20.9,-52:22:55,2009-07-06,02:34:28.1,2455018.6073,15.1,1.11,K,K,,,,usbdrivereplog_4U1538-52.csv,,,Data replog,,,4U1538-52,True,IR
ir090705.0145,4U 1538-52,15:42:20.9,-52:22:55,2009-07-06,02:33:56.9,2455018.6069,15.1,1.11,K,K,,,,usbdrivereplog_4U1538-52.csv,,,Data replog,,,4U1538-52,True,IR
ir090705.0144,4U 1538-52,15:42:20.9,-52:22:56,2009-07-06,02:33:25.4,2455018.6065,15.0,1.11,K,K,,,,usbdrivereplog_4U1538-52.csv,,,Data replog,,,4U1538-52,True,IR
ir090705.0143,4U 1538-52,15:42:20.9,-52:22:55,2009-07-06,02:32:53.9,2455018.6062,15.0,1.11,K,K,,,,usbdrivereplog_4U1538-52.csv,,,Data replog,,,4U1538-52,True,IR
ir090705.0142,4U 1538-52,15:42:20.9,-52:22:55,2009-07-06,02:32:22.7,2455018.6058,15.1,1.11,K,K,,,,usbdrivereplog_4U1538-52.csv,,,Data replog,,,4U1538-52,True,IR
ir090630.0019,4U 1538-52,15:42:23.1,-52:23:09,2009-06-30,23:13:05.3,2455013.4674,15.1,1.24,K,K,,,,usbdrivereplog_4U1538-52.csv,,,Data replog,,,4U1538-52,True,IR
ir090630.0018,4U 1538-52,15:42:23.1,-52:23:09,2009-06-30,23:12:34.1,2455013.4671,15.1,1.24,K,K,,,,usbdrivereplog_4U1538-52.csv,,,Data replog,,,4U1538-52,True,IR
ir090629.0178,4U 1538-52,15:42:23.1,-52:23:09,2009-06-30,02:19:17.6,2455012.5967,10.0,1.09,H,H,,,,usbdrivereplog_4U1538-52.csv,,,Data replog,,,4U1538-52,True,IR
ir090624.0093,4U 1538-52,15:42:23.1,-52:23:09,2009-06-25,00:51:18.7,2455007.5356,15.0,1.12,K,K,,,,usbdrivereplog_4U1538-52.csv,,,Data replog,,,4U1538-52,True,IR
ir090624.0091,4U 1538-52,15:42:23.1,-52:23:09,2009-06-25,00:50:15.8,2455007.5349,15.0,1.12,K,K,,,,usbdrivereplog_4U1538-52.csv,,,Data replog,,,4U1538-52,True,IR
ir090624.0092,4U 1538-52,15:42:23.1,-52:23:09,2009-06-25,00:50:47.1,2455007.5353,15.1,1.12,K,K,,,,usbdrivereplog_4U1538-52.csv,,,Data replog,,,4U1538-52,True,IR
ir090624.0094,4U 1538-52,15:42:23.1,-52:23:09,2009-06-25,00:51:50.3,2455007.536,15.1,1.12,K,K,,,,usbdrivereplog_4U1538-52.csv,,,Data replog,,,4U1538-52,True,IR
ir090629.0177,4U 1538-52,15:42:23.1,-52:23:09,2009-06-30,02:18:51.3,2455012.5964,10.0,1.09,H,H,,,,usbdrivereplog_4U1538-52.csv,,,Data replog,,,4U1538-52,True,IR
ir090624.0095,4U 1538-52,15:42:23.1,-52:23:09,2009-06-25,00:52:21.6,2455007.5364,15.0,1.12,K,K,,,,usbdrivereplog_4U1538-52.csv,,,Data replog,,,4U1538-52,True,IR
ir090629.0176,4U 1538-52,15:42:23.1,-52:23:09,2009-06-30,02:18:24.3,2455012.5961,10.1,1.09,H,H,,,,usbdrivereplog_4U1538-52.csv,,,Data replog,,,4U1538-52,True,IR
ir090629.0175,4U 1538-52,15:42:23.1,-52:23:09,2009-06-30,02:17:57.6,2455012.5958,10.0,1.09,H,H,,,,usbdrivereplog_4U1538-52.csv,,,Data replog,,,4U1538-52,True,IR
ir090629.0174,4U 1538-52,15:42:23.1,-52:23:09,2009-06-30,02:17:31.3,2455012.5955,10.1,1.09,H,H,,,,usbdrivereplog_4U1538-52.csv,,,Data replog,,,4U1538-52,True,IR
ir090629.0173,4U 1538-52,15:42:23.1,-52:23:09,2009-06-30,02:16:54.2,2455012.5951,10.0,1.09,J,J,,,,usbdrivereplog_4U1538-52.csv,,,Data replog,,,4U1538-52,True,IR
ir090629.0172,4U 1538-52,15:42:23.1,-52:23:09,2009-06-30,02:16:28.0,2455012.5948,10.0,1.08,J,J,,,,usbdrivereplog_4U1538-52.csv,,,Data replog,,,4U1538-52,True,IR
ir090629.0171,4U 1538-52,15:42:23.1,-52:23:09,2009-06-30,02:16:01.4,2455012.5945,10.0,1.08,J,J,,,,usbdrivereplog_4U1538-52.csv,,,Data replog,,,4U1538-52,True,IR
ir090629.0170,4U 1538-52,15:42:23.1,-52:23:09,2009-06-30,02:15:34.7,2455012.5942,10.0,1.08,J,J,,,,usbdrivereplog_4U1538-52.csv,,,Data replog,,,4U1538-52,True,IR
ir090629.0169,4U 1538-52,15:42:23.1,-52:23:09,2009-06-30,02:15:08.4,2455012.5938,10.1,1.08,J,J,,,,usbdrivereplog_4U1538-52.csv,,,Data replog,,,4U1538-52,True,IR
ir090629.0168,4U 1538-52,15:42:23.1,-52:23:10,2009-06-30,02:14:26.0,2455012.5934,15.0,1.08,K,K,,,,usbdrivereplog_4U1538-52.csv,,,Data replog,,,4U1538-52,True,IR
ir090629.0167,4U 1538-52,15:42:23.1,-52:23:10,2009-06-30,02:13:54.7,2455012.593,15.0,1.08,K,K,,,,usbdrivereplog_4U1538-52.csv,,,Data replog,,,4U1538-52,True,IR
ir090629.0166,4U 1538-52,15:42:23.1,-52:23:10,2009-06-30,02:13:23.1,2455012.5926,15.0,1.08,K,K,,,,usbdrivereplog_4U1538-52.csv,,,Data replog,,,4U1538-52,True,IR
ir090629.0165,4U 1538-52,15:42:23.1,-52:23:10,2009-06-30,02:12:51.6,2455012.5923,15.0,1.08,K,K,,,,usbdrivereplog_4U1538-52.csv,,,Data replog,,,4U1538-52,True,IR
ir090629.0164,4U 1538-52,15:42:23.1,-52:23:10,2009-06-30,02:12:20.2,2455012.5919,15.1,1.08,K,K,,,,usbdrivereplog_4U1538-52.csv,,,Data replog,,,4U1538-52,True,IR
ir090624.0105,4U 1538-52,15:42:23.1,-52:23:09,2009-06-25,00:57:14.2,2455007.5397,10.0,1.12,H,H,,,,usbdrivereplog_4U1538-52.csv,,,Data replog,,,4U1538-52,True,IR
ir090624.0104,4U 1538-52,15:42:23.1,-52:23:09,2009-06-25,00:56:48.0,2455007.5394,10.1,1.12,H,H,,,,usbdrivereplog_4U1538-52.csv,,,Data replog,,,4U1538-52,True,IR
ir090624.0103,4U 1538-52,15:42:23.1,-52:23:09,2009-06-25,00:56:21.0,2455007.5391,10.0,1.12,H,H,,,,usbdrivereplog_4U1538-52.csv,,,Data replog,,,4U1538-52,True,IR
ir090624.0102,4U 1538-52,15:42:23.1,-52:23:09,2009-06-25,00:55:54.4,2455007.5388,10.0,1.12,H,H,,,,usbdrivereplog_4U1538-52.csv,,,Data replog,,,4U1538-52,True,IR
ir090624.0101,4U 1538-52,15:42:23.1,-52:23:09,2009-06-25,00:55:28.0,2455007.5385,10.0,1.12,H,H,,,,usbdrivereplog_4U1538-52.csv,,,Data replog,,,4U1538-52,True,IR
ir090624.0100,4U 1538-52,15:42:23.1,-52:23:09,2009-06-25,00:54:50.3,2455007.5381,10.0,1.12,J,J,,,,usbdrivereplog_4U1538-52.csv,,,Data replog,,,4U1538-52,True,IR
ir090624.0099,4U 1538-52,15:42:23.1,-52:23:09,2009-06-25,00:54:24.0,2455007.5378,10.1,1.12,J,J,,,,usbdrivereplog_4U1538-52.csv,,,Data replog,,,4U1538-52,True,IR
ir090624.0098,4U 1538-52,15:42:23.1,-52:23:09,2009-06-25,00:53:57.4,2455007.5375,10.0,1.12,J,J,,,,usbdrivereplog_4U1538-52.csv,,,Data replog,,,4U1538-52,True,IR
ir090624.0097,4U 1538-52,15:42:23.1,-52:23:09,2009-06-25,00:53:30.8,2455007.5372,10.0,1.12,J,J,,,,usbdrivereplog_4U1538-52.csv,,,Data replog,,,4U1538-52,True,IR
ir090624.0096,4U 1538-52,15:42:23.1,-52:23:09,2009-06-25,00:53:04.6,2455007.5369,10.1,1.12,J,J,,,,usbdrivereplog_4U1538-52.csv,,,Data replog,,,4U1538-52,True,IR
ir070701.0115,4u 1538-52,15:42:23.1,-52:23:08,2007-07-02,03:59:55.7,2454283.6666,25.1,1.19,J,J,,,,missingreplog_4U1538-52.csv,,,Data replog,,,4U1538-52,True,IR
ir070701.0114,4u 1538-52,15:42:23.2,-52:23:09,2007-07-02,03:59:14.8,2454283.6661,25.1,1.19,J,J,,,,missingreplog_4U1538-52.csv,,,Data replog,,,4U1538-52,True,IR
ir070701.0113,4u 1538-52,15:42:23.2,-52:23:09,2007-07-02,03:58:34.4,2454283.6657,25.1,1.19,J,J,,,,missingreplog_4U1538-52.csv,,,Data replog,,,4U1538-52,True,IR
ir070701.0116,4u 1538-52,15:42:23.2,-52:23:08,2007-07-02,04:00:36.5,2454283.6671,25.1,1.19,J,J,,,,missingreplog_4U1538-52.csv,,,Data replog,,,4U1538-52,True,IR
ir070701.0117,4u 1538-52,15:42:23.1,-52:23:08,2007-07-02,04:01:17.0,2454283.6676,25.1,1.2,J,J,,,,missingreplog_4U1538-52.csv,,,Data replog,,,4U1538-52,True,IR
ir070701.0118,4u 1538-52,15:42:23.1,-52:22:58,2007-07-02,04:03:13.0,2454283.6689,25.1,1.2,J,J,,,,missingreplog_4U1538-52.csv,,,Data replog,,,4U1538-52,True,IR
ir070701.0119,4u 1538-52,15:42:23.1,-52:22:58,2007-07-02,04:03:53.6,2454283.6694,25.1,1.2,J,J,,,,missingreplog_4U1538-52.csv,,,Data replog,,,4U1538-52,True,IR
ir070701.0122,4u 1538-52,15:42:23.1,-52:22:58,2007-07-02,04:05:55.6,2454283.6708,25.1,1.2,J,J,,,,missingreplog_4U1538-52.csv,,,Data replog,,,4U1538-52,True,IR
ir070701.0121,4u 1538-52,15:42:23.1,-52:22:58,2007-07-02,04:05:15.2,2454283.6703,25.0,1.2,J,J,,,,missingreplog_4U1538-52.csv,,,Data replog,,,4U1538-52,True,IR
ir070701.0120,4u 1538-52,15:42:23.1,-52:22:58,2007-07-02,04:04:34.4,2454283.6698,25.1,1.2,J,J,,,,missingreplog_4U1538-52.csv,,,Data replog,,,4U1538-52,True,IR
binir070701.0115.fits,4u 1538-52,15:42:23.19,-52:23:08.9,2007-07-02,03:59:55.724,2454283.66662,25.05,1.19,I,J,1170,1868,2060,IR_CD_header_logs/LOG_MULTI.20070630thru20070709.csv,IR_CD_header_logs/,MULTI,CD,YALE-03A-0001,,4U1538-52,True,IR
binir070701.0119.fits,4u 1538-52,15:42:23.11,-52:22:58.9,2007-07-02,04:03:53.667,2454283.66937,25.05,1.2,V,J,1210,1908,1980,IR_CD_header_logs/LOG_MULTI.20070630thru20070709.csv,IR_CD_header_logs/,MULTI,CD,YALE-03A-0001,,4U1538-52,True,IR
binir070701.0122.fits,4u 1538-52,15:42:23.10,-52:22:58.6,2007-07-02,04:05:55.664,2454283.67078,25.05,1.2,V,J,1210,1828,2060,IR_CD_header_logs/LOG_MULTI.20070630thru20070709.csv,IR_CD_header_logs/,MULTI,CD,YALE-03A-0001,,4U1538-52,True,IR
binir070701.0121.fits,4u 1538-52,15:42:23.10,-52:22:58.6,2007-07-02,04:05:15.273,2454283.67031,25.04,1.2,V,J,1250,1828,2020,IR_CD_header_logs/LOG_MULTI.20070630thru20070709.csv,IR_CD_header_logs/,MULTI,CD,YALE-03A-0001,,4U1538-52,True,IR
binir070701.0120.fits,4u 1538-52,15:42:23.12,-52:22:58.7,2007-07-02,04:04:34.471,2454283.66984,25.05,1.2,V,J,1170,1868,2060,IR_CD_header_logs/LOG_MULTI.20070630thru20070709.csv,IR_CD_header_logs/,MULTI,CD,YALE-03A-0001,,4U1538-52,True,IR
binir070701.0116.fits,4u 1538-52,15:42:23.21,-52:23:08.8,2007-07-02,04:00:36.505,2454283.66709,25.05,1.19,I,J,1250,1828,2020,IR_CD_header_logs/LOG_MULTI.20070630thru20070709.csv,IR_CD_header_logs/,MULTI,CD,YALE-03A-0001,,4U1538-52,True,IR
binir070701.0118.fits,4u 1538-52,15:42:23.16,-52:22:58.8,2007-07-02,04:03:13.086,2454283.6689,25.05,1.2,V,J,1210,1868,2020,IR_CD_header_logs/LOG_MULTI.20070630thru20070709.csv,IR_CD_header_logs/,MULTI,CD,YALE-03A-0001,,4U1538-52,True,IR
binir070701.0117.fits,4u 1538-52,15:42:23.17,-52:23:08.8,2007-07-02,04:01:17.005,2454283.66756,25.05,1.2,I,J,1210,1828,2060,IR_CD_header_logs/LOG_MULTI.20070630thru20070709.csv,IR_CD_header_logs/,MULTI,CD,YALE-03A-0001,,4U1538-52,True,IR
binir070701.0114.fits,4u 1538-52,15:42:23.22,-52:23:09.1,2007-07-02,03:59:14.895,2454283.66614,25.05,1.19,I,J,1210,1908,1980,IR_CD_header_logs/LOG_MULTI.20070630thru20070709.csv,IR_CD_header_logs/,MULTI,CD,YALE-03A-0001,,4U1538-52,True,IR
binir070701.0113.fits,4u 1538-52,15:42:23.27,-52:23:09.5,2007-07-02,03:58:34.405,2454283.66568,25.05,1.19,I,J,1210,1868,2020,IR_CD_header_logs/LOG_MULTI.20070630thru20070709.csv,IR_CD_header_logs/,MULTI,CD,YALE-03A-0001,,4U1538-52,True,IR
