filename,OBJECT,RA,DEC,DATE-OBS,TIME-OBS,JD,EXPTIME,SECZ,CCDFLTID,IRFLTID,TILT1,TILT2,TILT3,log name,Location,prop name help,Physical loc,OWNER,full path,proper name,xrb,source
rccd070703.0073.fits,GX 17+2,18:16:02.65,-14:02:25.9,2007-07-04,07:27:11.933,2454285.81056,300.0,1.48,V,J,1210.0,1868.0,2020.0,other/LOG_temp_archive_2_2.csv,miniarchive,temp_archive_2_2,Disk,YALE-03A-0001,,GX17+2,True,optical
rccd070703.0072.fits,GX 17+2,18:16:02.72,-14:02:35.1,2007-07-04,07:21:17.912,2454285.80646,300.0,1.45,I,J,1210.0,1868.0,2020.0,other/LOG_temp_archive_2_2.csv,miniarchive,temp_archive_2_2,Disk,YALE-03A-0001,,GX17+2,True,optical
rccd070630.0068.fits,GX 17+2,18:16:01.79,-14:02:23.7,2007-07-01,05:43:41.893,2454282.73868,300.0,1.1,V,J,1210.0,1868.0,2020.0,other/LOG_temp_archive_2_2.csv,miniarchive,temp_archive_2_2,Disk,YALE-03A-0001,,GX17+2,True,optical
rccd070630.0067.fits,GX 17+2,18:16:01.81,-14:02:35.7,2007-07-01,05:37:24.596,2454282.73431,300.0,1.09,I,J,1210.0,1868.0,2020.0,other/LOG_temp_archive_2_2.csv,miniarchive,temp_archive_2_2,Disk,YALE-03A-0001,,GX17+2,True,optical
ir070915.0126,GX 17+2,18:16:00.9,-14:01:47,2007-09-16,02:14:26.4,2454359.5934,50.0,1.37,K,K,,,,missingreplog_GX17+2.csv,,,Data replog,,,GX17+2,True,IR
ir080312.0298,GX 17+2,18:16:01.2,-14:02:05,2008-03-13,08:20:04.2,2454538.8473,50.0,1.48,K,K,,,,missingreplog_GX17+2.csv,,,Data replog,,,GX17+2,True,IR
ir080313.0276,GX 17+2,18:16:02.1,-14:02:13,2008-03-14,07:32:36.6,2454539.8143,50.0,1.82,K,K,,,,missingreplog_GX17+2.csv,,,Data replog,,,GX17+2,True,IR
ir080313.0275,GX 17+2,18:16:02.1,-14:02:13,2008-03-14,07:31:30.2,2454539.8136,50.0,1.84,K,K,,,,missingreplog_GX17+2.csv,,,Data replog,,,GX17+2,True,IR
ir080313.0274,GX 17+2,18:16:02.1,-14:02:13,2008-03-14,07:30:23.6,2454539.8128,50.0,1.85,K,K,,,,missingreplog_GX17+2.csv,,,Data replog,,,GX17+2,True,IR
ir080313.0273,GX 17+2,18:16:02.1,-14:02:13,2008-03-14,07:29:17.1,2454539.812,50.0,1.86,K,K,,,,missingreplog_GX17+2.csv,,,Data replog,,,GX17+2,True,IR
ir080313.0272,GX 17+2,18:16:02.0,-14:02:13,2008-03-14,07:28:10.8,2454539.8112,50.0,1.87,K,K,,,,missingreplog_GX17+2.csv,,,Data replog,,,GX17+2,True,IR
ir080312.0304,GX 17+2,18:16:01.0,-14:02:05,2008-03-13,08:26:41.2,2454538.8519,50.0,1.44,K,K,,,,missingreplog_GX17+2.csv,,,Data replog,,,GX17+2,True,IR
ir080312.0303,GX 17+2,18:16:01.1,-14:02:05,2008-03-13,08:25:34.9,2454538.8511,50.0,1.44,K,K,,,,missingreplog_GX17+2.csv,,,Data replog,,,GX17+2,True,IR
ir080312.0302,GX 17+2,18:16:01.1,-14:02:05,2008-03-13,08:24:28.6,2454538.8503,50.0,1.45,K,K,,,,missingreplog_GX17+2.csv,,,Data replog,,,GX17+2,True,IR
ir080312.0301,GX 17+2,18:16:01.1,-14:02:05,2008-03-13,08:23:22.6,2454538.8496,50.0,1.46,K,K,,,,missingreplog_GX17+2.csv,,,Data replog,,,GX17+2,True,IR
ir080312.0300,GX 17+2,18:16:01.1,-14:02:05,2008-03-13,08:22:16.8,2454538.8488,50.0,1.46,K,K,,,,missingreplog_GX17+2.csv,,,Data replog,,,GX17+2,True,IR
ir080312.0299,GX 17+2,18:16:01.2,-14:02:05,2008-03-13,08:21:10.4,2454538.848,50.0,1.47,K,K,,,,missingreplog_GX17+2.csv,,,Data replog,,,GX17+2,True,IR
ir080312.0297,GX 17+2,18:16:01.2,-14:02:06,2008-03-13,08:18:58.2,2454538.8465,50.0,1.48,K,K,,,,missingreplog_GX17+2.csv,,,Data replog,,,GX17+2,True,IR
ir070925.0075,GX 17+2,18:16:01.5,-14:02:16,2007-09-26,00:56:54.1,2454369.5395,50.0,1.22,K,K,,,,missingreplog_GX17+2.csv,,,Data replog,,,GX17+2,True,IR
ir080312.0296,GX 17+2,18:16:01.2,-14:02:06,2008-03-13,08:17:51.9,2454538.8457,50.0,1.49,K,K,,,,missingreplog_GX17+2.csv,,,Data replog,,,GX17+2,True,IR
ir080312.0295,GX 17+2,18:16:01.2,-14:02:06,2008-03-13,08:16:45.6,2454538.845,50.0,1.5,K,K,,,,missingreplog_GX17+2.csv,,,Data replog,,,GX17+2,True,IR
ir080312.0294,GX 17+2,18:16:01.2,-14:02:06,2008-03-13,08:15:39.6,2454538.8442,50.0,1.5,K,K,,,,missingreplog_GX17+2.csv,,,Data replog,,,GX17+2,True,IR
ir080312.0293,GX 17+2,18:16:01.2,-14:02:06,2008-03-13,08:14:33.8,2454538.8435,50.0,1.51,K,K,,,,missingreplog_GX17+2.csv,,,Data replog,,,GX17+2,True,IR
ir080312.0292,GX 17+2,18:16:01.2,-14:02:06,2008-03-13,08:13:27.6,2454538.8427,50.0,1.52,K,K,,,,missingreplog_GX17+2.csv,,,Data replog,,,GX17+2,True,IR
ir080312.0291,GX 17+2,18:16:01.2,-14:02:06,2008-03-13,08:12:21.4,2454538.8419,50.0,1.52,K,K,,,,missingreplog_GX17+2.csv,,,Data replog,,,GX17+2,True,IR
ir080312.0290,GX 17+2,18:16:01.2,-14:02:06,2008-03-13,08:11:15.5,2454538.8412,50.0,1.53,K,K,,,,missingreplog_GX17+2.csv,,,Data replog,,,GX17+2,True,IR
ir080312.0289,GX 17+2,18:16:01.2,-14:02:06,2008-03-13,08:10:09.1,2454538.8404,50.0,1.54,K,K,,,,missingreplog_GX17+2.csv,,,Data replog,,,GX17+2,True,IR
ir080312.0288,GX 17+2,18:16:01.3,-14:02:06,2008-03-13,08:09:02.7,2454538.8396,50.0,1.55,K,K,,,,missingreplog_GX17+2.csv,,,Data replog,,,GX17+2,True,IR
ir080312.0287,GX 17+2,18:16:01.3,-14:02:06,2008-03-13,08:07:56.8,2454538.8389,50.0,1.55,K,K,,,,missingreplog_GX17+2.csv,,,Data replog,,,GX17+2,True,IR
ir070925.0077,GX 17+2,18:16:01.5,-14:02:16,2007-09-26,00:58:00.4,2454369.5403,50.0,1.22,K,K,,,,missingreplog_GX17+2.csv,,,Data replog,,,GX17+2,True,IR
ir080313.0277,GX 17+2,18:16:02.1,-14:02:13,2008-03-14,07:33:43.0,2454539.8151,50.0,1.81,K,K,,,,missingreplog_GX17+2.csv,,,Data replog,,,GX17+2,True,IR
ir080313.0278,GX 17+2,18:16:02.1,-14:02:13,2008-03-14,07:34:49.5,2454539.8158,50.0,1.8,K,K,,,,missingreplog_GX17+2.csv,,,Data replog,,,GX17+2,True,IR
ir080313.0279,GX 17+2,18:16:02.1,-14:02:13,2008-03-14,07:35:55.8,2454539.8166,50.0,1.79,K,K,,,,missingreplog_GX17+2.csv,,,Data replog,,,GX17+2,True,IR
ir080313.0280,GX 17+2,18:16:02.2,-14:02:13,2008-03-14,07:37:02.1,2454539.8174,50.0,1.78,K,K,,,,missingreplog_GX17+2.csv,,,Data replog,,,GX17+2,True,IR
ir080314.0175,GX 17+2,18:16:02.1,-14:02:10,2008-03-15,07:15:34.7,2454540.8025,50.0,1.98,K,K,,,,missingreplog_GX17+2.csv,,,Data replog,,,GX17+2,True,IR
ir080314.0174,GX 17+2,18:16:02.0,-14:02:10,2008-03-15,07:14:28.5,2454540.8017,50.0,1.99,K,K,,,,missingreplog_GX17+2.csv,,,Data replog,,,GX17+2,True,IR
ir080314.0173,GX 17+2,18:16:02.0,-14:02:10,2008-03-15,07:13:22.1,2454540.801,50.0,2.0,K,K,,,,missingreplog_GX17+2.csv,,,Data replog,,,GX17+2,True,IR
ir080314.0172,GX 17+2,18:16:02.0,-14:02:10,2008-03-15,07:12:16.0,2454540.8002,50.0,2.02,K,K,,,,missingreplog_GX17+2.csv,,,Data replog,,,GX17+2,True,IR
ir080314.0171,GX 17+2,18:16:02.0,-14:02:10,2008-03-15,07:11:09.7,2454540.7994,50.0,2.03,K,K,,,,missingreplog_GX17+2.csv,,,Data replog,,,GX17+2,True,IR
ir080314.0170,GX 17+2,18:16:02.0,-14:02:10,2008-03-15,07:10:03.4,2454540.7986,50.0,2.05,K,K,,,,missingreplog_GX17+2.csv,,,Data replog,,,GX17+2,True,IR
ir080314.0169,GX 17+2,18:16:02.0,-14:02:11,2008-03-15,07:08:57.4,2454540.7979,50.0,2.06,K,K,,,,missingreplog_GX17+2.csv,,,Data replog,,,GX17+2,True,IR
ir080314.0168,GX 17+2,18:16:01.9,-14:02:11,2008-03-15,07:07:51.3,2454540.7971,50.0,2.08,K,K,,,,missingreplog_GX17+2.csv,,,Data replog,,,GX17+2,True,IR
ir080314.0167,GX 17+2,18:16:01.9,-14:02:11,2008-03-15,07:06:45.1,2454540.7964,50.0,2.1,K,K,,,,missingreplog_GX17+2.csv,,,Data replog,,,GX17+2,True,IR
ir080314.0166,GX 17+2,18:16:01.9,-14:02:11,2008-03-15,07:05:38.9,2454540.7956,50.0,2.11,K,K,,,,missingreplog_GX17+2.csv,,,Data replog,,,GX17+2,True,IR
ir080314.0165,GX 17+2,18:16:01.9,-14:02:10,2008-03-15,07:04:32.9,2454540.7948,50.0,2.13,K,K,,,,missingreplog_GX17+2.csv,,,Data replog,,,GX17+2,True,IR
ir080314.0164,GX 17+2,18:16:01.9,-14:02:11,2008-03-15,07:03:26.4,2454540.7941,50.0,2.15,K,K,,,,missingreplog_GX17+2.csv,,,Data replog,,,GX17+2,True,IR
ir080314.0163,GX 17+2,18:16:01.9,-14:02:11,2008-03-15,07:02:20.1,2454540.7933,50.0,2.16,K,K,,,,missingreplog_GX17+2.csv,,,Data replog,,,GX17+2,True,IR
ir080314.0162,GX 17+2,18:16:01.9,-14:02:10,2008-03-15,07:01:14.0,2454540.7925,50.0,2.18,K,K,,,,missingreplog_GX17+2.csv,,,Data replog,,,GX17+2,True,IR
ir080313.0289,GX 17+2,18:16:02.2,-14:02:13,2008-03-14,07:47:00.5,2454539.8243,50.0,1.69,K,K,,,,missingreplog_GX17+2.csv,,,Data replog,,,GX17+2,True,IR
ir080313.0288,GX 17+2,18:16:02.3,-14:02:13,2008-03-14,07:45:53.8,2454539.8235,50.0,1.7,K,K,,,,missingreplog_GX17+2.csv,,,Data replog,,,GX17+2,True,IR
ir080313.0287,GX 17+2,18:16:02.2,-14:02:13,2008-03-14,07:44:47.2,2454539.8228,50.0,1.71,K,K,,,,missingreplog_GX17+2.csv,,,Data replog,,,GX17+2,True,IR
ir080313.0286,GX 17+2,18:16:02.2,-14:02:13,2008-03-14,07:43:40.9,2454539.822,50.0,1.72,K,K,,,,missingreplog_GX17+2.csv,,,Data replog,,,GX17+2,True,IR
ir080313.0285,GX 17+2,18:16:02.2,-14:02:13,2008-03-14,07:42:34.6,2454539.8212,50.0,1.73,K,K,,,,missingreplog_GX17+2.csv,,,Data replog,,,GX17+2,True,IR
ir080313.0284,GX 17+2,18:16:02.2,-14:02:13,2008-03-14,07:41:28.0,2454539.8205,50.0,1.74,K,K,,,,missingreplog_GX17+2.csv,,,Data replog,,,GX17+2,True,IR
ir080313.0283,GX 17+2,18:16:02.2,-14:02:13,2008-03-14,07:40:21.4,2454539.8197,50.0,1.75,K,K,,,,missingreplog_GX17+2.csv,,,Data replog,,,GX17+2,True,IR
ir080313.0282,GX 17+2,18:16:02.2,-14:02:13,2008-03-14,07:39:15.1,2454539.8189,50.0,1.76,K,K,,,,missingreplog_GX17+2.csv,,,Data replog,,,GX17+2,True,IR
ir080313.0281,GX 17+2,18:16:02.2,-14:02:12,2008-03-14,07:38:08.6,2454539.8182,50.0,1.77,K,K,,,,missingreplog_GX17+2.csv,,,Data replog,,,GX17+2,True,IR
ir070925.0076,GX 17+2,18:16:01.5,-14:02:16,2007-09-26,00:58:00.4,2454369.5403,50.0,1.22,K,K,,,,missingreplog_GX17+2.csv,,,Data replog,,,GX17+2,True,IR
ir070925.0074,GX 17+2,18:16:01.4,-14:02:15,2007-09-26,00:55:48.0,2454369.5387,50.0,1.22,K,K,,,,missingreplog_GX17+2.csv,,,Data replog,,,GX17+2,True,IR
ir070916.0121,GX 17+2,18:16:02.0,-14:02:05,2007-09-17,01:52:18.9,2454360.578,50.0,1.29,K,K,,,,missingreplog_GX17+2.csv,,,Data replog,,,GX17+2,True,IR
ir070917.0085,GX 17+2,18:16:01.8,-14:02:14,2007-09-18,01:19:58.5,2454361.5555,50.0,1.2,K,K,,,,missingreplog_GX17+2.csv,,,Data replog,,,GX17+2,True,IR
ir070917.0084,GX 17+2,18:16:01.7,-14:02:14,2007-09-18,01:18:52.2,2454361.5548,50.0,1.19,K,K,,,,missingreplog_GX17+2.csv,,,Data replog,,,GX17+2,True,IR
ir070917.0083,GX 17+2,18:16:01.7,-14:02:14,2007-09-18,01:17:46.1,2454361.554,50.0,1.19,K,K,,,,missingreplog_GX17+2.csv,,,Data replog,,,GX17+2,True,IR
ir070917.0082,GX 17+2,18:16:01.7,-14:02:14,2007-09-18,01:16:39.9,2454361.5532,50.0,1.19,K,K,,,,missingreplog_GX17+2.csv,,,Data replog,,,GX17+2,True,IR
ir070916.0128,GX 17+2,18:16:02.0,-14:02:05,2007-09-17,01:58:55.6,2454360.5826,50.0,1.31,K,K,,,,missingreplog_GX17+2.csv,,,Data replog,,,GX17+2,True,IR
ir070916.0127,GX 17+2,18:16:02.0,-14:02:05,2007-09-17,01:58:55.6,2454360.5826,50.0,1.31,K,K,,,,missingreplog_GX17+2.csv,,,Data replog,,,GX17+2,True,IR
ir070916.0126,GX 17+2,18:16:02.0,-14:02:05,2007-09-17,01:57:49.4,2454360.5818,50.0,1.31,K,K,,,,missingreplog_GX17+2.csv,,,Data replog,,,GX17+2,True,IR
ir070916.0125,GX 17+2,18:16:02.0,-14:02:05,2007-09-17,01:56:43.4,2454360.5811,50.0,1.31,K,K,,,,missingreplog_GX17+2.csv,,,Data replog,,,GX17+2,True,IR
ir070916.0124,GX 17+2,18:16:02.0,-14:02:06,2007-09-17,01:55:37.2,2454360.5803,50.0,1.3,K,K,,,,missingreplog_GX17+2.csv,,,Data replog,,,GX17+2,True,IR
ir070916.0123,GX 17+2,18:16:02.0,-14:02:05,2007-09-17,01:54:31.2,2454360.5795,50.0,1.3,K,K,,,,missingreplog_GX17+2.csv,,,Data replog,,,GX17+2,True,IR
ir070916.0122,GX 17+2,18:16:02.0,-14:02:05,2007-09-17,01:53:24.9,2454360.5788,50.0,1.29,K,K,,,,missingreplog_GX17+2.csv,,,Data replog,,,GX17+2,True,IR
ir070916.0120,GX 17+2,18:16:02.0,-14:02:05,2007-09-17,01:51:12.5,2454360.5772,50.0,1.28,K,K,,,,missingreplog_GX17+2.csv,,,Data replog,,,GX17+2,True,IR
ir070925.0073,GX 17+2,18:16:01.4,-14:02:15,2007-09-26,00:54:41.9,2454369.538,50.0,1.21,K,K,,,,missingreplog_GX17+2.csv,,,Data replog,,,GX17+2,True,IR
ir070916.0119,GX 17+2,18:16:02.0,-14:02:05,2007-09-17,01:50:06.1,2454360.5765,50.0,1.28,K,K,,,,missingreplog_GX17+2.csv,,,Data replog,,,GX17+2,True,IR
ir070916.0118,GX 17+2,18:16:02.0,-14:02:05,2007-09-17,01:49:00.1,2454360.5757,50.0,1.28,K,K,,,,missingreplog_GX17+2.csv,,,Data replog,,,GX17+2,True,IR
ir070916.0117,GX 17+2,18:16:02.1,-14:02:05,2007-09-17,01:47:54.4,2454360.5749,50.0,1.27,K,K,,,,missingreplog_GX17+2.csv,,,Data replog,,,GX17+2,True,IR
ir070916.0116,GX 17+2,18:16:02.0,-14:02:05,2007-09-17,01:46:48.4,2454360.5742,50.0,1.27,K,K,,,,missingreplog_GX17+2.csv,,,Data replog,,,GX17+2,True,IR
ir070916.0115,GX 17+2,18:16:02.0,-14:02:05,2007-09-17,01:45:42.2,2454360.5734,50.0,1.26,K,K,,,,missingreplog_GX17+2.csv,,,Data replog,,,GX17+2,True,IR
ir070916.0114,GX 17+2,18:16:02.1,-14:02:05,2007-09-17,01:44:36.3,2454360.5726,50.0,1.26,K,K,,,,missingreplog_GX17+2.csv,,,Data replog,,,GX17+2,True,IR
ir070916.0113,GX 17+2,18:16:02.0,-14:02:05,2007-09-17,01:43:30.2,2454360.5719,50.0,1.26,K,K,,,,missingreplog_GX17+2.csv,,,Data replog,,,GX17+2,True,IR
ir070916.0112,GX 17+2,18:16:02.1,-14:02:05,2007-09-17,01:42:23.9,2454360.5711,50.0,1.25,K,K,,,,missingreplog_GX17+2.csv,,,Data replog,,,GX17+2,True,IR
ir070916.0111,GX 17+2,18:16:02.1,-14:02:06,2007-09-17,01:41:17.9,2454360.5703,50.0,1.25,K,K,,,,missingreplog_GX17+2.csv,,,Data replog,,,GX17+2,True,IR
ir070915.0129,GX 17+2,18:16:00.9,-14:01:48,2007-09-16,02:17:44.7,2454359.5957,50.0,1.38,K,K,,,,missingreplog_GX17+2.csv,,,Data replog,,,GX17+2,True,IR
ir070915.0128,GX 17+2,18:16:01.0,-14:01:48,2007-09-16,02:16:38.4,2454359.5949,50.0,1.38,K,K,,,,missingreplog_GX17+2.csv,,,Data replog,,,GX17+2,True,IR
ir070917.0086,GX 17+2,18:16:01.7,-14:02:14,2007-09-18,01:21:04.5,2454361.5563,50.0,1.2,K,K,,,,missingreplog_GX17+2.csv,,,Data replog,,,GX17+2,True,IR
ir070917.0087,GX 17+2,18:16:01.8,-14:02:14,2007-09-18,01:22:10.5,2454361.5571,50.0,1.2,K,K,,,,missingreplog_GX17+2.csv,,,Data replog,,,GX17+2,True,IR
ir070917.0088,GX 17+2,18:16:01.8,-14:02:15,2007-09-18,01:23:16.7,2454361.5578,50.0,1.2,K,K,,,,missingreplog_GX17+2.csv,,,Data replog,,,GX17+2,True,IR
ir070917.0089,GX 17+2,18:16:01.7,-14:02:15,2007-09-18,01:24:22.6,2454361.5586,50.0,1.21,K,K,,,,missingreplog_GX17+2.csv,,,Data replog,,,GX17+2,True,IR
ir070925.0072,GX 17+2,18:16:01.4,-14:02:15,2007-09-26,00:53:35.6,2454369.5372,50.0,1.21,K,K,,,,missingreplog_GX17+2.csv,,,Data replog,,,GX17+2,True,IR
ir070925.0071,GX 17+2,18:16:01.4,-14:02:14,2007-09-26,00:52:29.0,2454369.5364,50.0,1.21,K,K,,,,missingreplog_GX17+2.csv,,,Data replog,,,GX17+2,True,IR
ir070925.0070,GX 17+2,18:16:01.4,-14:02:14,2007-09-26,00:51:22.9,2454369.5357,50.0,1.2,K,K,,,,missingreplog_GX17+2.csv,,,Data replog,,,GX17+2,True,IR
ir070925.0069,GX 17+2,18:16:01.4,-14:02:13,2007-09-26,00:49:00.1,2454369.534,50.0,1.2,K,K,,,,missingreplog_GX17+2.csv,,,Data replog,,,GX17+2,True,IR
ir070925.0068,GX 17+2,18:16:01.4,-14:02:13,2007-09-26,00:49:00.1,2454369.534,50.0,1.2,K,K,,,,missingreplog_GX17+2.csv,,,Data replog,,,GX17+2,True,IR
ir070925.0067,GX 17+2,18:16:01.3,-14:02:13,2007-09-26,00:47:53.8,2454369.5333,50.0,1.19,K,K,,,,missingreplog_GX17+2.csv,,,Data replog,,,GX17+2,True,IR
ir070925.0066,GX 17+2,18:16:01.3,-14:02:12,2007-09-26,00:46:47.8,2454369.5325,50.0,1.19,K,K,,,,missingreplog_GX17+2.csv,,,Data replog,,,GX17+2,True,IR
ir070925.0065,GX 17+2,18:16:01.3,-14:02:12,2007-09-26,00:45:41.4,2454369.5317,50.0,1.19,K,K,,,,missingreplog_GX17+2.csv,,,Data replog,,,GX17+2,True,IR
ir070925.0064,GX 17+2,18:16:01.3,-14:02:12,2007-09-26,00:44:35.0,2454369.531,50.0,1.18,K,K,,,,missingreplog_GX17+2.csv,,,Data replog,,,GX17+2,True,IR
ir070925.0063,GX 17+2,18:16:01.3,-14:02:12,2007-09-26,00:43:28.6,2454369.5302,50.0,1.18,K,K,,,,missingreplog_GX17+2.csv,,,Data replog,,,GX17+2,True,IR
ir070925.0062,GX 17+2,18:16:01.3,-14:02:12,2007-09-26,00:42:22.1,2454369.5294,50.0,1.18,K,K,,,,missingreplog_GX17+2.csv,,,Data replog,,,GX17+2,True,IR
ir070925.0061,GX 17+2,18:16:01.3,-14:02:11,2007-09-26,00:41:15.7,2454369.5287,50.0,1.18,K,K,,,,missingreplog_GX17+2.csv,,,Data replog,,,GX17+2,True,IR
ir070925.0060,GX 17+2,18:16:01.3,-14:02:11,2007-09-26,00:40:09.8,2454369.5279,50.0,1.17,K,K,,,,missingreplog_GX17+2.csv,,,Data replog,,,GX17+2,True,IR
ir070917.0099,GX 17+2,18:16:01.9,-14:02:17,2007-09-18,01:35:23.4,2454361.5662,50.0,1.24,K,K,,,,missingreplog_GX17+2.csv,,,Data replog,,,GX17+2,True,IR
ir070917.0098,GX 17+2,18:16:01.9,-14:02:16,2007-09-18,01:34:17.2,2454361.5655,50.0,1.24,K,K,,,,missingreplog_GX17+2.csv,,,Data replog,,,GX17+2,True,IR
ir070917.0097,GX 17+2,18:16:01.9,-14:02:16,2007-09-18,01:33:10.8,2454361.5647,50.0,1.23,K,K,,,,missingreplog_GX17+2.csv,,,Data replog,,,GX17+2,True,IR
ir070917.0096,GX 17+2,18:16:01.9,-14:02:16,2007-09-18,01:32:05.0,2454361.5639,50.0,1.23,K,K,,,,missingreplog_GX17+2.csv,,,Data replog,,,GX17+2,True,IR
ir070917.0095,GX 17+2,18:16:01.9,-14:02:16,2007-09-18,01:30:59.2,2454361.5632,50.0,1.23,K,K,,,,missingreplog_GX17+2.csv,,,Data replog,,,GX17+2,True,IR
ir070917.0094,GX 17+2,18:16:01.8,-14:02:16,2007-09-18,01:29:53.2,2454361.5624,50.0,1.22,K,K,,,,missingreplog_GX17+2.csv,,,Data replog,,,GX17+2,True,IR
ir070917.0093,GX 17+2,18:16:01.8,-14:02:16,2007-09-18,01:28:47.2,2454361.5617,50.0,1.22,K,K,,,,missingreplog_GX17+2.csv,,,Data replog,,,GX17+2,True,IR
ir070917.0092,GX 17+2,18:16:01.8,-14:02:15,2007-09-18,01:27:41.3,2454361.5609,50.0,1.22,K,K,,,,missingreplog_GX17+2.csv,,,Data replog,,,GX17+2,True,IR
ir070917.0091,GX 17+2,18:16:01.9,-14:02:15,2007-09-18,01:26:35.0,2454361.5601,50.0,1.21,K,K,,,,missingreplog_GX17+2.csv,,,Data replog,,,GX17+2,True,IR
ir070917.0090,GX 17+2,18:16:01.8,-14:02:15,2007-09-18,01:25:28.6,2454361.5594,50.0,1.21,K,K,,,,missingreplog_GX17+2.csv,,,Data replog,,,GX17+2,True,IR
ir080314.0176,GX 17+2,18:16:02.1,-14:02:10,2008-03-15,07:16:40.7,2454540.8032,50.0,1.96,K,K,,,,missingreplog_GX17+2.csv,,,Data replog,,,GX17+2,True,IR
ir080314.0177,GX 17+2,18:16:02.1,-14:02:10,2008-03-15,07:17:46.7,2454540.804,50.0,1.95,K,K,,,,missingreplog_GX17+2.csv,,,Data replog,,,GX17+2,True,IR
ir080314.0178,GX 17+2,18:16:02.1,-14:02:10,2008-03-15,07:18:53.2,2454540.8048,50.0,1.93,K,K,,,,missingreplog_GX17+2.csv,,,Data replog,,,GX17+2,True,IR
ir080406.0188,GX 17+2,18:16:01.5,-14:02:17,2008-04-07,05:51:50.4,2454563.7443,50.0,1.89,K,K,,,,missingreplog_GX17+2.csv,,,Data replog,,,GX17+2,True,IR
ir080407.0187,GX 17+2,18:16:02.4,-14:02:01,2008-04-08,06:19:37.2,2454564.7636,50.0,1.6,K,K,,,,missingreplog_GX17+2.csv,,,Data replog,,,GX17+2,True,IR
ir080407.0186,GX 17+2,18:16:02.4,-14:02:01,2008-04-08,06:18:30.9,2454564.7629,50.0,1.61,K,K,,,,missingreplog_GX17+2.csv,,,Data replog,,,GX17+2,True,IR
ir080407.0185,GX 17+2,18:16:02.4,-14:02:02,2008-04-08,06:17:24.9,2454564.7621,50.0,1.62,K,K,,,,missingreplog_GX17+2.csv,,,Data replog,,,GX17+2,True,IR
ir080407.0184,GX 17+2,18:16:02.4,-14:02:02,2008-04-08,06:16:18.6,2454564.7613,50.0,1.62,K,K,,,,missingreplog_GX17+2.csv,,,Data replog,,,GX17+2,True,IR
ir080407.0183,GX 17+2,18:16:02.4,-14:02:02,2008-04-08,06:15:12.3,2454564.7606,50.0,1.63,K,K,,,,missingreplog_GX17+2.csv,,,Data replog,,,GX17+2,True,IR
ir080407.0182,GX 17+2,18:16:02.4,-14:02:02,2008-04-08,06:14:06.2,2454564.7598,50.0,1.64,K,K,,,,missingreplog_GX17+2.csv,,,Data replog,,,GX17+2,True,IR
ir080406.0193,GX 17+2,18:16:01.6,-14:02:17,2008-04-07,05:57:21.7,2454563.7482,50.0,1.83,K,K,,,,missingreplog_GX17+2.csv,,,Data replog,,,GX17+2,True,IR
ir080406.0192,GX 17+2,18:16:01.6,-14:02:17,2008-04-07,05:56:15.3,2454563.7474,50.0,1.84,K,K,,,,missingreplog_GX17+2.csv,,,Data replog,,,GX17+2,True,IR
ir080406.0191,GX 17+2,18:16:01.6,-14:02:17,2008-04-07,05:55:08.9,2454563.7466,50.0,1.86,K,K,,,,missingreplog_GX17+2.csv,,,Data replog,,,GX17+2,True,IR
ir080406.0190,GX 17+2,18:16:01.6,-14:02:17,2008-04-07,05:54:02.7,2454563.7459,50.0,1.87,K,K,,,,missingreplog_GX17+2.csv,,,Data replog,,,GX17+2,True,IR
ir080406.0189,GX 17+2,18:16:01.5,-14:02:17,2008-04-07,05:52:56.6,2454563.7451,50.0,1.88,K,K,,,,missingreplog_GX17+2.csv,,,Data replog,,,GX17+2,True,IR
ir080406.0187,GX 17+2,18:16:01.5,-14:02:17,2008-04-07,05:50:44.2,2454563.7436,50.0,1.91,K,K,,,,missingreplog_GX17+2.csv,,,Data replog,,,GX17+2,True,IR
ir080314.0179,GX 17+2,18:16:02.1,-14:02:10,2008-03-15,07:19:59.5,2454540.8056,50.0,1.92,K,K,,,,missingreplog_GX17+2.csv,,,Data replog,,,GX17+2,True,IR
ir080406.0186,GX 17+2,18:16:01.5,-14:02:17,2008-04-07,05:49:38.1,2454563.7428,50.0,1.92,K,K,,,,missingreplog_GX17+2.csv,,,Data replog,,,GX17+2,True,IR
ir080406.0185,GX 17+2,18:16:01.5,-14:02:18,2008-04-07,05:48:31.8,2454563.742,50.0,1.93,K,K,,,,missingreplog_GX17+2.csv,,,Data replog,,,GX17+2,True,IR
ir080406.0184,GX 17+2,18:16:01.4,-14:02:17,2008-04-07,05:47:25.5,2454563.7413,50.0,1.95,K,K,,,,missingreplog_GX17+2.csv,,,Data replog,,,GX17+2,True,IR
ir080406.0183,GX 17+2,18:16:01.4,-14:02:18,2008-04-07,05:46:19.5,2454563.7405,50.0,1.96,K,K,,,,missingreplog_GX17+2.csv,,,Data replog,,,GX17+2,True,IR
ir080406.0182,GX 17+2,18:16:01.4,-14:02:17,2008-04-07,05:45:13.5,2454563.7398,50.0,1.97,K,K,,,,missingreplog_GX17+2.csv,,,Data replog,,,GX17+2,True,IR
ir080406.0181,GX 17+2,18:16:01.4,-14:02:18,2008-04-07,05:44:07.3,2454563.739,50.0,1.99,K,K,,,,missingreplog_GX17+2.csv,,,Data replog,,,GX17+2,True,IR
ir080406.0180,GX 17+2,18:16:01.4,-14:02:18,2008-04-07,05:43:01.1,2454563.7382,50.0,2.0,K,K,,,,missingreplog_GX17+2.csv,,,Data replog,,,GX17+2,True,IR
ir080406.0179,GX 17+2,18:16:01.4,-14:02:17,2008-04-07,05:41:55.0,2454563.7374,50.0,2.02,K,K,,,,missingreplog_GX17+2.csv,,,Data replog,,,GX17+2,True,IR
ir080406.0178,GX 17+2,18:16:01.4,-14:02:18,2008-04-07,05:40:48.6,2454563.7367,50.0,2.03,K,K,,,,missingreplog_GX17+2.csv,,,Data replog,,,GX17+2,True,IR
ir080406.0177,GX 17+2,18:16:01.4,-14:02:18,2008-04-07,05:39:42.3,2454563.7359,50.0,2.05,K,K,,,,missingreplog_GX17+2.csv,,,Data replog,,,GX17+2,True,IR
ir080406.0176,GX 17+2,18:16:01.4,-14:02:18,2008-04-07,05:38:36.3,2454563.7352,50.0,2.06,K,K,,,,missingreplog_GX17+2.csv,,,Data replog,,,GX17+2,True,IR
ir080407.0188,GX 17+2,18:16:02.4,-14:02:02,2008-04-08,06:20:43.3,2454564.7644,50.0,1.59,K,K,,,,missingreplog_GX17+2.csv,,,Data replog,,,GX17+2,True,IR
ir080407.0189,GX 17+2,18:16:02.4,-14:02:01,2008-04-08,06:21:49.3,2454564.7652,50.0,1.58,K,K,,,,missingreplog_GX17+2.csv,,,Data replog,,,GX17+2,True,IR
ir080407.0190,GX 17+2,18:16:02.3,-14:02:01,2008-04-08,06:22:55.4,2454564.7659,50.0,1.57,K,K,,,,missingreplog_GX17+2.csv,,,Data replog,,,GX17+2,True,IR
ir080407.0191,GX 17+2,18:16:02.3,-14:02:01,2008-04-08,06:24:01.8,2454564.7667,50.0,1.57,K,K,,,,missingreplog_GX17+2.csv,,,Data replog,,,GX17+2,True,IR
ir080407.0199,GX 17+2,18:16:02.2,-14:02:01,2008-04-08,06:32:51.9,2454564.7728,50.0,1.51,K,K,,,,missingreplog_GX17+2.csv,,,Data replog,,,GX17+2,True,IR
ir080407.0198,GX 17+2,18:16:02.2,-14:02:02,2008-04-08,06:31:45.2,2454564.7721,50.0,1.51,K,K,,,,missingreplog_GX17+2.csv,,,Data replog,,,GX17+2,True,IR
ir080407.0197,GX 17+2,18:16:02.2,-14:02:02,2008-04-08,06:30:38.9,2454564.7713,50.0,1.52,K,K,,,,missingreplog_GX17+2.csv,,,Data replog,,,GX17+2,True,IR
ir080407.0196,GX 17+2,18:16:02.2,-14:02:02,2008-04-08,06:29:32.9,2454564.7705,50.0,1.53,K,K,,,,missingreplog_GX17+2.csv,,,Data replog,,,GX17+2,True,IR
ir080407.0195,GX 17+2,18:16:02.3,-14:02:02,2008-04-08,06:28:26.8,2454564.7698,50.0,1.54,K,K,,,,missingreplog_GX17+2.csv,,,Data replog,,,GX17+2,True,IR
ir080407.0194,GX 17+2,18:16:02.3,-14:02:01,2008-04-08,06:27:20.6,2454564.769,50.0,1.54,K,K,,,,missingreplog_GX17+2.csv,,,Data replog,,,GX17+2,True,IR
ir080407.0193,GX 17+2,18:16:02.3,-14:02:01,2008-04-08,06:26:14.1,2454564.7682,50.0,1.55,K,K,,,,missingreplog_GX17+2.csv,,,Data replog,,,GX17+2,True,IR
ir080407.0192,GX 17+2,18:16:02.3,-14:02:01,2008-04-08,06:25:08.1,2454564.7675,50.0,1.56,K,K,,,,missingreplog_GX17+2.csv,,,Data replog,,,GX17+2,True,IR
ir080320.0287,GX 17+2,18:16:01.6,-14:02:07,2008-03-21,08:19:18.9,2454546.8468,50.0,1.32,K,K,,,,missingreplog_GX17+2.csv,,,Data replog,,,GX17+2,True,IR
ir080320.0286,GX 17+2,18:16:01.6,-14:02:07,2008-03-21,08:18:12.5,2454546.846,50.0,1.33,K,K,,,,missingreplog_GX17+2.csv,,,Data replog,,,GX17+2,True,IR
ir080320.0285,GX 17+2,18:16:01.6,-14:02:06,2008-03-21,08:17:06.1,2454546.8452,50.0,1.33,K,K,,,,missingreplog_GX17+2.csv,,,Data replog,,,GX17+2,True,IR
ir080319.0210,GX 17+2,18:16:01.6,-14:02:15,2008-03-20,07:07:51.3,2454545.7971,50.0,1.84,K,K,,,,missingreplog_GX17+2.csv,,,Data replog,,,GX17+2,True,IR
ir080319.0208,GX 17+2,18:16:01.6,-14:02:15,2008-03-20,07:05:38.9,2454545.7956,50.0,1.86,K,K,,,,missingreplog_GX17+2.csv,,,Data replog,,,GX17+2,True,IR
ir080319.0207,GX 17+2,18:16:01.6,-14:02:15,2008-03-20,07:04:32.9,2454545.7948,50.0,1.87,K,K,,,,missingreplog_GX17+2.csv,,,Data replog,,,GX17+2,True,IR
ir080319.0206,GX 17+2,18:16:01.6,-14:02:15,2008-03-20,07:03:26.7,2454545.7941,50.0,1.88,K,K,,,,missingreplog_GX17+2.csv,,,Data replog,,,GX17+2,True,IR
ir080319.0205,GX 17+2,18:16:01.6,-14:02:15,2008-03-20,07:02:20.3,2454545.7933,50.0,1.9,K,K,,,,missingreplog_GX17+2.csv,,,Data replog,,,GX17+2,True,IR
ir080319.0204,GX 17+2,18:16:01.6,-14:02:15,2008-03-20,07:01:14.4,2454545.7925,50.0,1.91,K,K,,,,missingreplog_GX17+2.csv,,,Data replog,,,GX17+2,True,IR
ir080318.0237,GX 17+2,18:16:01.8,-14:02:10,2008-03-19,07:08:58.2,2454544.7979,50.0,1.87,K,K,,,,missingreplog_GX17+2.csv,,,Data replog,,,GX17+2,True,IR
ir080318.0236,GX 17+2,18:16:01.8,-14:02:10,2008-03-19,07:07:51.8,2454544.7971,50.0,1.88,K,K,,,,missingreplog_GX17+2.csv,,,Data replog,,,GX17+2,True,IR
ir080318.0235,GX 17+2,18:16:01.7,-14:02:10,2008-03-19,07:06:45.5,2454544.7964,50.0,1.89,K,K,,,,missingreplog_GX17+2.csv,,,Data replog,,,GX17+2,True,IR
ir080318.0234,GX 17+2,18:16:01.7,-14:02:10,2008-03-19,07:05:39.3,2454544.7956,50.0,1.9,K,K,,,,missingreplog_GX17+2.csv,,,Data replog,,,GX17+2,True,IR
ir080318.0233,GX 17+2,18:16:01.7,-14:02:10,2008-03-19,07:04:33.2,2454544.7948,50.0,1.92,K,K,,,,missingreplog_GX17+2.csv,,,Data replog,,,GX17+2,True,IR
ir080318.0232,GX 17+2,18:16:01.7,-14:02:10,2008-03-19,07:03:26.8,2454544.7941,50.0,1.93,K,K,,,,missingreplog_GX17+2.csv,,,Data replog,,,GX17+2,True,IR
ir080318.0231,GX 17+2,18:16:01.7,-14:02:10,2008-03-19,07:02:20.5,2454544.7933,50.0,1.94,K,K,,,,missingreplog_GX17+2.csv,,,Data replog,,,GX17+2,True,IR
ir080318.0230,GX 17+2,18:16:01.7,-14:02:10,2008-03-19,07:01:14.4,2454544.7925,50.0,1.96,K,K,,,,missingreplog_GX17+2.csv,,,Data replog,,,GX17+2,True,IR
ir080318.0229,GX 17+2,18:16:01.7,-14:02:10,2008-03-19,07:00:07.8,2454544.7918,50.0,1.97,K,K,,,,missingreplog_GX17+2.csv,,,Data replog,,,GX17+2,True,IR
ir080318.0228,GX 17+2,18:16:01.7,-14:02:10,2008-03-19,06:59:01.1,2454544.791,50.0,1.99,K,K,,,,missingreplog_GX17+2.csv,,,Data replog,,,GX17+2,True,IR
ir080318.0227,GX 17+2,18:16:01.7,-14:02:10,2008-03-19,06:57:55.1,2454544.7902,50.0,2.0,K,K,,,,missingreplog_GX17+2.csv,,,Data replog,,,GX17+2,True,IR
ir080318.0226,GX 17+2,18:16:01.7,-14:02:10,2008-03-19,06:56:49.0,2454544.7895,50.0,2.01,K,K,,,,missingreplog_GX17+2.csv,,,Data replog,,,GX17+2,True,IR
ir080318.0225,GX 17+2,18:16:01.7,-14:02:10,2008-03-19,06:55:42.8,2454544.7887,50.0,2.03,K,K,,,,missingreplog_GX17+2.csv,,,Data replog,,,GX17+2,True,IR
ir080318.0224,GX 17+2,18:16:01.7,-14:02:10,2008-03-19,06:54:36.4,2454544.7879,50.0,2.04,K,K,,,,missingreplog_GX17+2.csv,,,Data replog,,,GX17+2,True,IR
ir080318.0223,GX 17+2,18:16:01.6,-14:02:10,2008-03-19,06:53:30.3,2454544.7872,50.0,2.06,K,K,,,,missingreplog_GX17+2.csv,,,Data replog,,,GX17+2,True,IR
ir080318.0222,GX 17+2,18:16:01.6,-14:02:10,2008-03-19,06:52:23.9,2454544.7864,50.0,2.08,K,K,,,,missingreplog_GX17+2.csv,,,Data replog,,,GX17+2,True,IR
ir080318.0221,GX 17+2,18:16:01.6,-14:02:10,2008-03-19,06:51:17.3,2454544.7856,50.0,2.09,K,K,,,,missingreplog_GX17+2.csv,,,Data replog,,,GX17+2,True,IR
ir080318.0220,GX 17+2,18:16:01.6,-14:02:10,2008-03-19,06:50:11.2,2454544.7848,50.0,2.11,K,K,,,,missingreplog_GX17+2.csv,,,Data replog,,,GX17+2,True,IR
ir080319.0209,GX 17+2,18:16:01.6,-14:02:15,2008-03-20,07:06:45.1,2454545.7964,50.0,1.85,K,K,,,,missingreplog_GX17+2.csv,,,Data replog,,,GX17+2,True,IR
ir080319.0211,GX 17+2,18:16:01.6,-14:02:15,2008-03-20,07:08:57.3,2454545.7979,50.0,1.82,K,K,,,,missingreplog_GX17+2.csv,,,Data replog,,,GX17+2,True,IR
ir080320.0284,GX 17+2,18:16:01.6,-14:02:06,2008-03-21,08:16:00.2,2454546.8445,50.0,1.34,K,K,,,,missingreplog_GX17+2.csv,,,Data replog,,,GX17+2,True,IR
ir080319.0212,GX 17+2,18:16:01.7,-14:02:15,2008-03-20,07:10:03.3,2454545.7986,50.0,1.81,K,K,,,,missingreplog_GX17+2.csv,,,Data replog,,,GX17+2,True,IR
ir080320.0283,GX 17+2,18:16:01.6,-14:02:06,2008-03-21,08:14:54.3,2454546.8437,50.0,1.34,K,K,,,,missingreplog_GX17+2.csv,,,Data replog,,,GX17+2,True,IR
ir080320.0282,GX 17+2,18:16:01.6,-14:02:06,2008-03-21,08:13:48.0,2454546.8429,50.0,1.35,K,K,,,,missingreplog_GX17+2.csv,,,Data replog,,,GX17+2,True,IR
ir080320.0281,GX 17+2,18:16:01.6,-14:02:05,2008-03-21,08:12:41.7,2454546.8422,50.0,1.35,K,K,,,,missingreplog_GX17+2.csv,,,Data replog,,,GX17+2,True,IR
ir080320.0280,GX 17+2,18:16:01.6,-14:02:05,2008-03-21,08:11:35.8,2454546.8414,50.0,1.36,K,K,,,,missingreplog_GX17+2.csv,,,Data replog,,,GX17+2,True,IR
ir080320.0279,GX 17+2,18:16:01.6,-14:02:05,2008-03-21,08:10:29.4,2454546.8406,50.0,1.36,K,K,,,,missingreplog_GX17+2.csv,,,Data replog,,,GX17+2,True,IR
ir080320.0278,GX 17+2,18:16:01.7,-14:02:05,2008-03-21,08:09:23.0,2454546.8399,50.0,1.37,K,K,,,,missingreplog_GX17+2.csv,,,Data replog,,,GX17+2,True,IR
ir080320.0277,GX 17+2,18:16:01.7,-14:02:04,2008-03-21,08:08:17.0,2454546.8391,50.0,1.37,K,K,,,,missingreplog_GX17+2.csv,,,Data replog,,,GX17+2,True,IR
ir080320.0276,GX 17+2,18:16:01.7,-14:02:04,2008-03-21,08:07:11.0,2454546.8383,50.0,1.38,K,K,,,,missingreplog_GX17+2.csv,,,Data replog,,,GX17+2,True,IR
ir080320.0275,GX 17+2,18:16:01.7,-14:02:04,2008-03-21,08:06:04.8,2454546.8376,50.0,1.38,K,K,,,,missingreplog_GX17+2.csv,,,Data replog,,,GX17+2,True,IR
ir080320.0274,GX 17+2,18:16:01.7,-14:02:04,2008-03-21,08:04:58.7,2454546.8368,50.0,1.39,K,K,,,,missingreplog_GX17+2.csv,,,Data replog,,,GX17+2,True,IR
ir080320.0273,GX 17+2,18:16:01.7,-14:02:03,2008-03-21,08:03:52.7,2454546.836,50.0,1.39,K,K,,,,missingreplog_GX17+2.csv,,,Data replog,,,GX17+2,True,IR
ir080320.0272,GX 17+2,18:16:01.8,-14:02:03,2008-03-21,08:02:46.3,2454546.8353,50.0,1.4,K,K,,,,missingreplog_GX17+2.csv,,,Data replog,,,GX17+2,True,IR
ir080320.0271,GX 17+2,18:16:01.8,-14:02:03,2008-03-21,08:01:39.9,2454546.8345,50.0,1.4,K,K,,,,missingreplog_GX17+2.csv,,,Data replog,,,GX17+2,True,IR
ir080320.0270,GX 17+2,18:16:01.7,-14:02:03,2008-03-21,08:00:34.0,2454546.8337,50.0,1.41,K,K,,,,missingreplog_GX17+2.csv,,,Data replog,,,GX17+2,True,IR
ir080319.0221,GX 17+2,18:16:01.8,-14:02:14,2008-03-20,07:19:58.5,2454545.8055,50.0,1.72,K,K,,,,missingreplog_GX17+2.csv,,,Data replog,,,GX17+2,True,IR
ir080319.0220,GX 17+2,18:16:01.8,-14:02:14,2008-03-20,07:18:52.3,2454545.8048,50.0,1.73,K,K,,,,missingreplog_GX17+2.csv,,,Data replog,,,GX17+2,True,IR
ir080319.0219,GX 17+2,18:16:01.8,-14:02:14,2008-03-20,07:17:46.0,2454545.804,50.0,1.74,K,K,,,,missingreplog_GX17+2.csv,,,Data replog,,,GX17+2,True,IR
ir080319.0218,GX 17+2,18:16:01.8,-14:02:14,2008-03-20,07:16:40.0,2454545.8032,50.0,1.75,K,K,,,,missingreplog_GX17+2.csv,,,Data replog,,,GX17+2,True,IR
ir080319.0217,GX 17+2,18:16:01.8,-14:02:14,2008-03-20,07:15:34.1,2454545.8025,50.0,1.76,K,K,,,,missingreplog_GX17+2.csv,,,Data replog,,,GX17+2,True,IR
ir080319.0216,GX 17+2,18:16:01.8,-14:02:14,2008-03-20,07:14:28.0,2454545.8017,50.0,1.77,K,K,,,,missingreplog_GX17+2.csv,,,Data replog,,,GX17+2,True,IR
ir080319.0215,GX 17+2,18:16:01.8,-14:02:14,2008-03-20,07:13:21.9,2454545.801,50.0,1.78,K,K,,,,missingreplog_GX17+2.csv,,,Data replog,,,GX17+2,True,IR
ir080319.0214,GX 17+2,18:16:01.7,-14:02:14,2008-03-20,07:12:15.9,2454545.8002,50.0,1.79,K,K,,,,missingreplog_GX17+2.csv,,,Data replog,,,GX17+2,True,IR
ir080319.0213,GX 17+2,18:16:01.7,-14:02:14,2008-03-20,07:11:09.5,2454545.7994,50.0,1.8,K,K,,,,missingreplog_GX17+2.csv,,,Data replog,,,GX17+2,True,IR
ir070915.0127,GX 17+2,18:16:00.9,-14:01:47,2007-09-16,02:15:32.3,2454359.5941,50.0,1.37,K,K,,,,missingreplog_GX17+2.csv,,,Data replog,,,GX17+2,True,IR
ir070915.0125,GX 17+2,18:16:00.8,-14:01:47,2007-09-16,02:13:20.5,2454359.5926,50.0,1.36,K,K,,,,missingreplog_GX17+2.csv,,,Data replog,,,GX17+2,True,IR
ir060509.0266,GX17+2,18:16:01.3,-14:02:11,2006-05-10,05:02:49,2453865.7103,205.0,1.33,K,K,,,,missingreplog_GX17+2.csv,,,Data replog,,,GX17+2,True,IR
ir060509.0267,GX17+2,18:16:01.3,-14:02:11,2006-05-10,05:02:49,2453865.7103,205.0,1.33,K,K,,,,missingreplog_GX17+2.csv,,,Data replog,,,GX17+2,True,IR
ir060630.0098,GX17+2,18:16:01.5,-14:02:11,2006-07-01,04:40:10,2453917.6946,60.0,1.04,H,H,,,,missingreplog_GX17+2.csv,,,Data replog,,,GX17+2,True,IR
ir060630.0097,GX17+2,18:16:01.5,-14:02:11,2006-07-01,04:38:46,2453917.6936,60.0,1.04,H,H,,,,missingreplog_GX17+2.csv,,,Data replog,,,GX17+2,True,IR
ir060630.0096,GX17+2,18:16:01.4,-14:02:11,2006-07-01,04:37:12,2453917.6925,60.0,1.04,K,K,,,,missingreplog_GX17+2.csv,,,Data replog,,,GX17+2,True,IR
ir060630.0095,GX17+2,18:16:01.4,-14:02:11,2006-07-01,04:35:48,2453917.6915,60.0,1.04,K,K,,,,missingreplog_GX17+2.csv,,,Data replog,,,GX17+2,True,IR
ir060630.0094,GX17+2,18:16:01.4,-14:02:11,2006-07-01,04:34:24,2453917.6906,60.0,1.04,K,K,,,,missingreplog_GX17+2.csv,,,Data replog,,,GX17+2,True,IR
ir060630.0093,GX17+2,18:16:01.4,-14:02:11,2006-07-01,04:33:00,2453917.6896,60.0,1.04,K,K,,,,missingreplog_GX17+2.csv,,,Data replog,,,GX17+2,True,IR
ir060630.0092,GX17+2,18:16:01.4,-14:02:11,2006-07-01,04:31:36,2453917.6886,60.0,1.04,K,K,,,,missingreplog_GX17+2.csv,,,Data replog,,,GX17+2,True,IR
ir060624.0088,GX17+2,18:16:01.2,-14:02:07,2006-06-25,04:56:34,2453911.7059,205.0,1.04,J,J,,,,missingreplog_GX17+2.csv,,,Data replog,,,GX17+2,True,IR
ir060624.0087,GX17+2,18:16:01.2,-14:02:07,2006-06-25,04:56:34,2453911.7059,205.0,1.04,J,J,,,,missingreplog_GX17+2.csv,,,Data replog,,,GX17+2,True,IR
ir060624.0086,GX17+2,18:16:01.2,-14:02:07,2006-06-25,04:52:44,2453911.7033,205.0,1.04,J,J,,,,missingreplog_GX17+2.csv,,,Data replog,,,GX17+2,True,IR
ir060624.0085,GX17+2,18:16:01.2,-14:02:08,2006-06-25,04:44:44,2453911.6977,205.0,1.04,H,H,,,,missingreplog_GX17+2.csv,,,Data replog,,,GX17+2,True,IR
ir060624.0084,GX17+2,18:16:01.2,-14:02:08,2006-06-25,04:44:44,2453911.6977,205.0,1.04,H,H,,,,missingreplog_GX17+2.csv,,,Data replog,,,GX17+2,True,IR
ir060624.0083,GX17+2,18:16:01.2,-14:02:09,2006-06-25,04:40:54,2453911.6951,205.0,1.04,H,H,,,,missingreplog_GX17+2.csv,,,Data replog,,,GX17+2,True,IR
ir060624.0082,GX17+2,18:16:01.2,-14:02:09,2006-06-25,04:36:43,2453911.6922,205.0,1.04,K,K,,,,missingreplog_GX17+2.csv,,,Data replog,,,GX17+2,True,IR
ir060624.0081,GX17+2,18:16:01.3,-14:02:10,2006-06-25,04:28:56,2453911.6868,205.0,1.04,K,K,,,,missingreplog_GX17+2.csv,,,Data replog,,,GX17+2,True,IR
ir060624.0080,GX17+2,18:16:01.3,-14:02:10,2006-06-25,04:28:56,2453911.6868,205.0,1.04,K,K,,,,missingreplog_GX17+2.csv,,,Data replog,,,GX17+2,True,IR
ir060509.0274,GX17+2,18:16:01.2,-14:02:10,2006-05-10,05:34:31,2453865.7323,205.0,1.22,J,J,,,,missingreplog_GX17+2.csv,,,Data replog,,,GX17+2,True,IR
ir060509.0273,GX17+2,18:16:01.1,-14:02:09,2006-05-10,05:26:45,2453865.7269,205.0,1.24,J,J,,,,missingreplog_GX17+2.csv,,,Data replog,,,GX17+2,True,IR
ir060509.0272,GX17+2,18:16:01.1,-14:02:09,2006-05-10,05:26:45,2453865.7269,205.0,1.24,J,J,,,,missingreplog_GX17+2.csv,,,Data replog,,,GX17+2,True,IR
ir060509.0271,GX17+2,18:16:01.1,-14:02:10,2006-05-10,05:22:36,2453865.724,205.0,1.25,H,H,,,,missingreplog_GX17+2.csv,,,Data replog,,,GX17+2,True,IR
ir060509.0270,GX17+2,18:16:01.2,-14:02:10,2006-05-10,05:14:50,2453865.7186,205.0,1.28,H,H,,,,missingreplog_GX17+2.csv,,,Data replog,,,GX17+2,True,IR
ir060509.0269,GX17+2,18:16:01.2,-14:02:10,2006-05-10,05:14:50,2453865.7186,205.0,1.28,H,H,,,,missingreplog_GX17+2.csv,,,Data replog,,,GX17+2,True,IR
ir060509.0268,GX17+2,18:16:01.2,-14:02:11,2006-05-10,05:10:36,2453865.7157,205.0,1.3,K,K,,,,missingreplog_GX17+2.csv,,,Data replog,,,GX17+2,True,IR
ir060630.0100,GX17+2,18:16:01.6,-14:02:11,2006-07-01,04:42:58,2453917.6965,60.0,1.04,H,H,,,,missingreplog_GX17+2.csv,,,Data replog,,,GX17+2,True,IR
ir060630.0099,GX17+2,18:16:01.5,-14:02:11,2006-07-01,04:41:34,2453917.6955,60.0,1.04,H,H,,,,missingreplog_GX17+2.csv,,,Data replog,,,GX17+2,True,IR
ir060630.0101,GX17+2,18:16:01.6,-14:02:11,2006-07-01,04:44:22,2453917.6975,60.0,1.04,H,H,,,,missingreplog_GX17+2.csv,,,Data replog,,,GX17+2,True,IR
ir070915.0124,GX 17+2,18:16:00.9,-14:01:46,2007-09-16,02:12:14.7,2454359.5918,50.0,1.36,K,K,,,,missingreplog_GX17+2.csv,,,Data replog,,,GX17+2,True,IR
ir060708.0202,GX17+2,18:16:01.8,-14:02:12,2006-07-09,04:18:36,2453925.6796,60.0,1.05,K,K,,,,missingreplog_GX17+2.csv,,,Data replog,,,GX17+2,True,IR
ir060708.0213,GX17+2,18:16:02.1,-14:02:11,2006-07-09,04:34:20,2453925.6905,60.0,1.06,J,J,,,,missingreplog_GX17+2.csv,,,Data replog,,,GX17+2,True,IR
ir060708.0212,GX17+2,18:16:02.1,-14:02:11,2006-07-09,04:32:56,2453925.6895,60.0,1.05,J,J,,,,missingreplog_GX17+2.csv,,,Data replog,,,GX17+2,True,IR
ir060708.0211,GX17+2,18:16:02.0,-14:02:11,2006-07-09,04:31:32,2453925.6886,60.0,1.05,J,J,,,,missingreplog_GX17+2.csv,,,Data replog,,,GX17+2,True,IR
ir060708.0210,GX17+2,18:16:02.0,-14:02:11,2006-07-09,04:30:08,2453925.6876,60.0,1.05,J,J,,,,missingreplog_GX17+2.csv,,,Data replog,,,GX17+2,True,IR
ir060708.0209,GX17+2,18:16:02.0,-14:02:11,2006-07-09,04:28:44,2453925.6866,60.0,1.05,J,J,,,,missingreplog_GX17+2.csv,,,Data replog,,,GX17+2,True,IR
ir060708.0208,GX17+2,18:16:01.9,-14:02:11,2006-07-09,04:27:10,2453925.6855,60.0,1.05,H,H,,,,missingreplog_GX17+2.csv,,,Data replog,,,GX17+2,True,IR
ir060708.0207,GX17+2,18:16:01.9,-14:02:11,2006-07-09,04:25:46,2453925.6846,60.0,1.05,H,H,,,,missingreplog_GX17+2.csv,,,Data replog,,,GX17+2,True,IR
ir060708.0206,GX17+2,18:16:01.9,-14:02:12,2006-07-09,04:24:22,2453925.6836,60.0,1.05,H,H,,,,missingreplog_GX17+2.csv,,,Data replog,,,GX17+2,True,IR
ir060708.0205,GX17+2,18:16:01.8,-14:02:12,2006-07-09,04:22:58,2453925.6826,60.0,1.05,H,H,,,,missingreplog_GX17+2.csv,,,Data replog,,,GX17+2,True,IR
ir060708.0204,GX17+2,18:16:01.8,-14:02:12,2006-07-09,04:21:34,2453925.6817,60.0,1.05,H,H,,,,missingreplog_GX17+2.csv,,,Data replog,,,GX17+2,True,IR
ir060708.0203,GX17+2,18:16:01.8,-14:02:12,2006-07-09,04:20:00,2453925.6806,60.0,1.05,K,K,,,,missingreplog_GX17+2.csv,,,Data replog,,,GX17+2,True,IR
ir060708.0201,GX17+2,18:16:01.8,-14:02:13,2006-07-09,04:17:12,2453925.6786,60.0,1.05,K,K,,,,missingreplog_GX17+2.csv,,,Data replog,,,GX17+2,True,IR
ir060708.0188,GX17+2,18:16:01.5,-14:02:13,2006-07-09,03:58:34,2453925.6657,60.0,1.04,K,K,,,,missingreplog_GX17+2.csv,,,Data replog,,,GX17+2,True,IR
ir060708.0200,GX17+2,18:16:01.8,-14:02:12,2006-07-09,04:15:48,2453925.6776,60.0,1.05,K,K,,,,missingreplog_GX17+2.csv,,,Data replog,,,GX17+2,True,IR
ir060708.0199,GX17+2,18:16:01.7,-14:02:12,2006-07-09,04:14:24,2453925.6767,60.0,1.04,K,K,,,,missingreplog_GX17+2.csv,,,Data replog,,,GX17+2,True,IR
ir060708.0198,GX17+2,18:16:01.7,-14:02:12,2006-07-09,04:12:50,2453925.6756,60.0,1.04,J,J,,,,missingreplog_GX17+2.csv,,,Data replog,,,GX17+2,True,IR
ir060708.0197,GX17+2,18:16:01.7,-14:02:12,2006-07-09,04:11:26,2453925.6746,60.0,1.04,J,J,,,,missingreplog_GX17+2.csv,,,Data replog,,,GX17+2,True,IR
ir060708.0196,GX17+2,18:16:01.6,-14:02:12,2006-07-09,04:10:02,2453925.6736,60.0,1.04,J,J,,,,missingreplog_GX17+2.csv,,,Data replog,,,GX17+2,True,IR
ir060708.0195,GX17+2,18:16:01.6,-14:02:12,2006-07-09,04:08:38,2453925.6727,60.0,1.04,J,J,,,,missingreplog_GX17+2.csv,,,Data replog,,,GX17+2,True,IR
ir060708.0194,GX17+2,18:16:01.6,-14:02:12,2006-07-09,04:07:15,2453925.6717,60.0,1.04,J,J,,,,missingreplog_GX17+2.csv,,,Data replog,,,GX17+2,True,IR
ir060708.0193,GX17+2,18:16:01.6,-14:02:12,2006-07-09,04:05:41,2453925.6706,60.0,1.04,H,H,,,,missingreplog_GX17+2.csv,,,Data replog,,,GX17+2,True,IR
ir060708.0192,GX17+2,18:16:01.5,-14:02:12,2006-07-09,04:04:18,2453925.6697,60.0,1.04,H,H,,,,missingreplog_GX17+2.csv,,,Data replog,,,GX17+2,True,IR
ir060708.0191,GX17+2,18:16:01.5,-14:02:12,2006-07-09,04:02:54,2453925.6687,60.0,1.04,H,H,,,,missingreplog_GX17+2.csv,,,Data replog,,,GX17+2,True,IR
ir060708.0190,GX17+2,18:16:01.5,-14:02:12,2006-07-09,04:01:30,2453925.6677,60.0,1.04,H,H,,,,missingreplog_GX17+2.csv,,,Data replog,,,GX17+2,True,IR
ir060713.0212,GX17+2,18:16:01.3,-14:02:10,2006-07-14,04:26:06,2453930.6848,60.0,1.07,K,K,,,,missingreplog_GX17+2.csv,,,Data replog,,,GX17+2,True,IR
ir060713.0213,GX17+2,18:16:01.4,-14:02:11,2006-07-14,04:27:29,2453930.6858,60.0,1.07,K,K,,,,missingreplog_GX17+2.csv,,,Data replog,,,GX17+2,True,IR
ir060713.0214,GX17+2,18:16:01.4,-14:02:11,2006-07-14,04:28:52,2453930.6867,60.0,1.07,K,K,,,,missingreplog_GX17+2.csv,,,Data replog,,,GX17+2,True,IR
ir060713.0215,GX17+2,18:16:01.5,-14:02:11,2006-07-14,04:30:15,2453930.6877,60.0,1.07,K,K,,,,missingreplog_GX17+2.csv,,,Data replog,,,GX17+2,True,IR
ir060713.0238,GX17+2,18:16:01.7,-14:02:07,2006-07-14,05:02:50,2453930.7103,60.0,1.12,J,J,,,,missingreplog_GX17+2.csv,,,Data replog,,,GX17+2,True,IR
ir060713.0237,GX17+2,18:16:01.7,-14:02:07,2006-07-14,05:01:28,2453930.7094,60.0,1.11,J,J,,,,missingreplog_GX17+2.csv,,,Data replog,,,GX17+2,True,IR
ir060713.0236,GX17+2,18:16:01.7,-14:02:07,2006-07-14,04:59:55,2453930.7083,60.0,1.11,H,H,,,,missingreplog_GX17+2.csv,,,Data replog,,,GX17+2,True,IR
ir060713.0235,GX17+2,18:16:01.6,-14:02:07,2006-07-14,04:58:32,2453930.7073,60.0,1.11,H,H,,,,missingreplog_GX17+2.csv,,,Data replog,,,GX17+2,True,IR
ir060713.0234,GX17+2,18:16:01.6,-14:02:07,2006-07-14,04:57:09,2453930.7064,60.0,1.11,H,H,,,,missingreplog_GX17+2.csv,,,Data replog,,,GX17+2,True,IR
ir060713.0233,GX17+2,18:16:01.6,-14:02:08,2006-07-14,04:55:46,2453930.7054,60.0,1.1,H,H,,,,missingreplog_GX17+2.csv,,,Data replog,,,GX17+2,True,IR
ir060713.0232,GX17+2,18:16:01.7,-14:02:08,2006-07-14,04:54:23,2453930.7044,60.0,1.1,H,H,,,,missingreplog_GX17+2.csv,,,Data replog,,,GX17+2,True,IR
ir060713.0231,GX17+2,18:16:01.6,-14:02:08,2006-07-14,04:52:51,2453930.7034,60.0,1.1,K,K,,,,missingreplog_GX17+2.csv,,,Data replog,,,GX17+2,True,IR
ir060713.0230,GX17+2,18:16:01.7,-14:02:08,2006-07-14,04:51:28,2453930.7024,60.0,1.1,K,K,,,,missingreplog_GX17+2.csv,,,Data replog,,,GX17+2,True,IR
ir060713.0229,GX17+2,18:16:01.7,-14:02:09,2006-07-14,04:50:05,2453930.7015,60.0,1.1,K,K,,,,missingreplog_GX17+2.csv,,,Data replog,,,GX17+2,True,IR
ir060713.0228,GX17+2,18:16:01.6,-14:02:09,2006-07-14,04:48:42,2453930.7005,60.0,1.09,K,K,,,,missingreplog_GX17+2.csv,,,Data replog,,,GX17+2,True,IR
ir060713.0227,GX17+2,18:16:01.6,-14:02:09,2006-07-14,04:47:19,2453930.6995,60.0,1.09,K,K,,,,missingreplog_GX17+2.csv,,,Data replog,,,GX17+2,True,IR
ir060713.0226,GX17+2,18:16:01.6,-14:02:09,2006-07-14,04:45:46,2453930.6985,60.0,1.09,J,J,,,,missingreplog_GX17+2.csv,,,Data replog,,,GX17+2,True,IR
ir060713.0225,GX17+2,18:16:01.6,-14:02:09,2006-07-14,04:44:23,2453930.6975,60.0,1.09,J,J,,,,missingreplog_GX17+2.csv,,,Data replog,,,GX17+2,True,IR
ir060713.0224,GX17+2,18:16:01.6,-14:02:09,2006-07-14,04:43:00,2453930.6965,60.0,1.09,J,J,,,,missingreplog_GX17+2.csv,,,Data replog,,,GX17+2,True,IR
ir060713.0223,GX17+2,18:16:01.6,-14:02:10,2006-07-14,04:41:37,2453930.6956,60.0,1.08,J,J,,,,missingreplog_GX17+2.csv,,,Data replog,,,GX17+2,True,IR
ir060713.0222,GX17+2,18:16:01.6,-14:02:10,2006-07-14,04:40:14,2453930.6946,60.0,1.08,J,J,,,,missingreplog_GX17+2.csv,,,Data replog,,,GX17+2,True,IR
ir060713.0221,GX17+2,18:16:01.5,-14:02:10,2006-07-14,04:38:42,2453930.6935,60.0,1.08,H,H,,,,missingreplog_GX17+2.csv,,,Data replog,,,GX17+2,True,IR
ir060713.0220,GX17+2,18:16:01.5,-14:02:10,2006-07-14,04:37:19,2453930.6926,60.0,1.08,H,H,,,,missingreplog_GX17+2.csv,,,Data replog,,,GX17+2,True,IR
ir060713.0219,GX17+2,18:16:01.5,-14:02:10,2006-07-14,04:35:56,2453930.6916,60.0,1.08,H,H,,,,missingreplog_GX17+2.csv,,,Data replog,,,GX17+2,True,IR
ir060713.0218,GX17+2,18:16:01.5,-14:02:10,2006-07-14,04:34:33,2453930.6907,60.0,1.07,H,H,,,,missingreplog_GX17+2.csv,,,Data replog,,,GX17+2,True,IR
ir060713.0217,GX17+2,18:16:01.5,-14:02:10,2006-07-14,04:33:10,2453930.6897,60.0,1.07,H,H,,,,missingreplog_GX17+2.csv,,,Data replog,,,GX17+2,True,IR
ir060713.0216,GX17+2,18:16:01.5,-14:02:11,2006-07-14,04:31:38,2453930.6886,60.0,1.07,K,K,,,,missingreplog_GX17+2.csv,,,Data replog,,,GX17+2,True,IR
ir060708.0189,GX17+2,18:16:01.5,-14:02:13,2006-07-09,04:00:07,2453925.6667,60.0,1.04,H,H,,,,missingreplog_GX17+2.csv,,,Data replog,,,GX17+2,True,IR
ir060708.0187,GX17+2,18:16:01.5,-14:02:13,2006-07-09,03:57:10,2453925.6647,60.0,1.04,K,K,,,,missingreplog_GX17+2.csv,,,Data replog,,,GX17+2,True,IR
ir060630.0102,GX17+2,18:16:01.6,-14:02:11,2006-07-01,04:45:55,2453917.6986,60.0,1.04,J,J,,,,missingreplog_GX17+2.csv,,,Data replog,,,GX17+2,True,IR
ir060630.0115,GX17+2,18:16:01.9,-14:02:11,2006-07-01,05:04:29,2453917.7114,60.0,1.06,H,H,,,,missingreplog_GX17+2.csv,,,Data replog,,,GX17+2,True,IR
ir060630.0126,GX17+2,18:16:02.1,-14:02:11,2006-07-01,05:20:13,2453917.7224,60.0,1.07,K,K,,,,missingreplog_GX17+2.csv,,,Data replog,,,GX17+2,True,IR
ir060630.0125,GX17+2,18:16:02.1,-14:02:11,2006-07-01,05:18:50,2453917.7214,60.0,1.07,K,K,,,,missingreplog_GX17+2.csv,,,Data replog,,,GX17+2,True,IR
ir060630.0124,GX17+2,18:16:02.1,-14:02:11,2006-07-01,05:17:25,2453917.7204,60.0,1.07,K,K,,,,missingreplog_GX17+2.csv,,,Data replog,,,GX17+2,True,IR
ir060630.0123,GX17+2,18:16:02.1,-14:02:11,2006-07-01,05:16:01,2453917.7195,60.0,1.06,K,K,,,,missingreplog_GX17+2.csv,,,Data replog,,,GX17+2,True,IR
ir060630.0122,GX17+2,18:16:02.0,-14:02:11,2006-07-01,05:14:37,2453917.7185,60.0,1.06,K,K,,,,missingreplog_GX17+2.csv,,,Data replog,,,GX17+2,True,IR
ir060630.0121,GX17+2,18:16:02.0,-14:02:11,2006-07-01,05:13:03,2453917.7174,60.0,1.06,J,J,,,,missingreplog_GX17+2.csv,,,Data replog,,,GX17+2,True,IR
ir060630.0120,GX17+2,18:16:02.0,-14:02:11,2006-07-01,05:11:38,2453917.7164,60.0,1.06,J,J,,,,missingreplog_GX17+2.csv,,,Data replog,,,GX17+2,True,IR
ir060630.0119,GX17+2,18:16:02.0,-14:02:11,2006-07-01,05:10:15,2453917.7155,60.0,1.06,J,J,,,,missingreplog_GX17+2.csv,,,Data replog,,,GX17+2,True,IR
ir060630.0118,GX17+2,18:16:01.9,-14:02:11,2006-07-01,05:08:50,2453917.7145,60.0,1.06,J,J,,,,missingreplog_GX17+2.csv,,,Data replog,,,GX17+2,True,IR
ir060630.0117,GX17+2,18:16:01.9,-14:02:11,2006-07-01,05:07:27,2453917.7135,60.0,1.06,J,J,,,,missingreplog_GX17+2.csv,,,Data replog,,,GX17+2,True,IR
ir060630.0116,GX17+2,18:16:01.9,-14:02:11,2006-07-01,05:05:52,2453917.7124,60.0,1.06,H,H,,,,missingreplog_GX17+2.csv,,,Data replog,,,GX17+2,True,IR
ir060630.0114,GX17+2,18:16:01.9,-14:02:12,2006-07-01,05:03:04,2453917.7105,60.0,1.05,H,H,,,,missingreplog_GX17+2.csv,,,Data replog,,,GX17+2,True,IR
ir060708.0186,GX17+2,18:16:01.5,-14:02:13,2006-07-09,03:55:47,2453925.6637,60.0,1.04,K,K,,,,missingreplog_GX17+2.csv,,,Data replog,,,GX17+2,True,IR
ir060630.0113,GX17+2,18:16:01.8,-14:02:11,2006-07-01,05:01:41,2453917.7095,60.0,1.05,H,H,,,,missingreplog_GX17+2.csv,,,Data replog,,,GX17+2,True,IR
ir060630.0112,GX17+2,18:16:01.8,-14:02:12,2006-07-01,05:00:17,2453917.7085,60.0,1.05,H,H,,,,missingreplog_GX17+2.csv,,,Data replog,,,GX17+2,True,IR
ir060630.0111,GX17+2,18:16:01.8,-14:02:12,2006-07-01,04:58:43,2453917.7075,60.0,1.05,K,K,,,,missingreplog_GX17+2.csv,,,Data replog,,,GX17+2,True,IR
ir060630.0110,GX17+2,18:16:01.7,-14:02:11,2006-07-01,04:57:19,2453917.7065,60.0,1.05,K,K,,,,missingreplog_GX17+2.csv,,,Data replog,,,GX17+2,True,IR
ir060630.0109,GX17+2,18:16:01.7,-14:02:12,2006-07-01,04:55:55,2453917.7055,60.0,1.05,K,K,,,,missingreplog_GX17+2.csv,,,Data replog,,,GX17+2,True,IR
ir060630.0108,GX17+2,18:16:01.7,-14:02:11,2006-07-01,04:54:31,2453917.7045,60.0,1.05,K,K,,,,missingreplog_GX17+2.csv,,,Data replog,,,GX17+2,True,IR
ir060630.0107,GX17+2,18:16:01.7,-14:02:11,2006-07-01,04:53:07,2453917.7036,60.0,1.05,K,K,,,,missingreplog_GX17+2.csv,,,Data replog,,,GX17+2,True,IR
ir060630.0106,GX17+2,18:16:01.7,-14:02:11,2006-07-01,04:51:32,2453917.7025,60.0,1.05,J,J,,,,missingreplog_GX17+2.csv,,,Data replog,,,GX17+2,True,IR
ir060630.0105,GX17+2,18:16:01.7,-14:02:11,2006-07-01,04:50:08,2453917.7015,60.0,1.05,J,J,,,,missingreplog_GX17+2.csv,,,Data replog,,,GX17+2,True,IR
ir060630.0104,GX17+2,18:16:01.7,-14:02:11,2006-07-01,04:48:43,2453917.7005,60.0,1.05,J,J,,,,missingreplog_GX17+2.csv,,,Data replog,,,GX17+2,True,IR
ir060630.0103,GX17+2,18:16:01.6,-14:02:11,2006-07-01,04:47:20,2453917.6995,60.0,1.05,J,J,,,,missingreplog_GX17+2.csv,,,Data replog,,,GX17+2,True,IR
ir060630.0127,GX17+2,18:16:02.1,-14:02:11,2006-07-01,05:21:48,2453917.7235,60.0,1.07,H,H,,,,missingreplog_GX17+2.csv,,,Data replog,,,GX17+2,True,IR
ir060630.0128,GX17+2,18:16:02.2,-14:02:11,2006-07-01,05:23:12,2453917.7244,60.0,1.07,H,H,,,,missingreplog_GX17+2.csv,,,Data replog,,,GX17+2,True,IR
ir060630.0129,GX17+2,18:16:02.1,-14:02:11,2006-07-01,05:24:36,2453917.7254,60.0,1.07,H,H,,,,missingreplog_GX17+2.csv,,,Data replog,,,GX17+2,True,IR
ir060630.0130,GX17+2,18:16:02.2,-14:02:11,2006-07-01,05:26:00,2453917.7264,60.0,1.08,H,H,,,,missingreplog_GX17+2.csv,,,Data replog,,,GX17+2,True,IR
ir060708.0185,GX17+2,18:16:01.5,-14:02:14,2006-07-09,03:54:23,2453925.6628,60.0,1.04,K,K,,,,missingreplog_GX17+2.csv,,,Data replog,,,GX17+2,True,IR
ir060708.0184,GX17+2,18:16:01.5,-14:02:14,2006-07-09,03:52:59,2453925.6618,60.0,1.04,K,K,,,,missingreplog_GX17+2.csv,,,Data replog,,,GX17+2,True,IR
ir060708.0183,GX17+2,18:16:01.5,-14:02:14,2006-07-09,03:51:25,2453925.6607,60.0,1.04,J,J,,,,missingreplog_GX17+2.csv,,,Data replog,,,GX17+2,True,IR
ir060708.0182,GX17+2,18:16:01.5,-14:02:14,2006-07-09,03:50:01,2453925.6597,60.0,1.04,J,J,,,,missingreplog_GX17+2.csv,,,Data replog,,,GX17+2,True,IR
ir060708.0181,GX17+2,18:16:01.5,-14:02:14,2006-07-09,03:48:37,2453925.6588,60.0,1.04,J,J,,,,missingreplog_GX17+2.csv,,,Data replog,,,GX17+2,True,IR
ir060708.0180,GX17+2,18:16:01.5,-14:02:14,2006-07-09,03:47:13,2453925.6578,60.0,1.04,J,J,,,,missingreplog_GX17+2.csv,,,Data replog,,,GX17+2,True,IR
ir060708.0179,GX17+2,18:16:01.5,-14:02:14,2006-07-09,03:45:49,2453925.6568,60.0,1.04,J,J,,,,missingreplog_GX17+2.csv,,,Data replog,,,GX17+2,True,IR
ir060708.0178,GX17+2,18:16:01.5,-14:02:14,2006-07-09,03:44:16,2453925.6557,60.0,1.04,H,H,,,,missingreplog_GX17+2.csv,,,Data replog,,,GX17+2,True,IR
ir060708.0177,GX17+2,18:16:01.6,-14:02:14,2006-07-09,03:42:52,2453925.6548,60.0,1.04,H,H,,,,missingreplog_GX17+2.csv,,,Data replog,,,GX17+2,True,IR
ir060708.0176,GX17+2,18:16:01.6,-14:02:14,2006-07-09,03:41:28,2453925.6538,60.0,1.04,H,H,,,,missingreplog_GX17+2.csv,,,Data replog,,,GX17+2,True,IR
ir060708.0175,GX17+2,18:16:01.6,-14:02:14,2006-07-09,03:40:04,2453925.6528,60.0,1.04,H,H,,,,missingreplog_GX17+2.csv,,,Data replog,,,GX17+2,True,IR
ir060708.0174,GX17+2,18:16:01.6,-14:02:14,2006-07-09,03:38:41,2453925.6519,60.0,1.04,H,H,,,,missingreplog_GX17+2.csv,,,Data replog,,,GX17+2,True,IR
ir060708.0173,GX17+2,18:16:01.6,-14:02:14,2006-07-09,03:37:06,2453925.6508,60.0,1.04,K,K,,,,missingreplog_GX17+2.csv,,,Data replog,,,GX17+2,True,IR
ir060708.0172,GX17+2,18:16:01.6,-14:02:14,2006-07-09,03:35:43,2453925.6498,60.0,1.04,K,K,,,,missingreplog_GX17+2.csv,,,Data replog,,,GX17+2,True,IR
ir060708.0171,GX17+2,18:16:01.6,-14:02:14,2006-07-09,03:34:18,2453925.6488,60.0,1.04,K,K,,,,missingreplog_GX17+2.csv,,,Data replog,,,GX17+2,True,IR
ir060708.0170,GX17+2,18:16:01.6,-14:02:14,2006-07-09,03:32:54,2453925.6479,60.0,1.04,K,K,,,,missingreplog_GX17+2.csv,,,Data replog,,,GX17+2,True,IR
ir060708.0169,GX17+2,18:16:01.6,-14:02:13,2006-07-09,03:31:30,2453925.6469,60.0,1.04,K,K,,,,missingreplog_GX17+2.csv,,,Data replog,,,GX17+2,True,IR
ir060630.0136,GX17+2,18:16:02.2,-14:02:11,2006-07-01,05:34:34,2453917.7323,60.0,1.09,J,J,,,,missingreplog_GX17+2.csv,,,Data replog,,,GX17+2,True,IR
ir060630.0135,GX17+2,18:16:02.2,-14:02:11,2006-07-01,05:33:10,2453917.7314,60.0,1.08,J,J,,,,missingreplog_GX17+2.csv,,,Data replog,,,GX17+2,True,IR
ir060630.0134,GX17+2,18:16:02.2,-14:02:11,2006-07-01,05:31:46,2453917.7304,60.0,1.08,J,J,,,,missingreplog_GX17+2.csv,,,Data replog,,,GX17+2,True,IR
ir060630.0133,GX17+2,18:16:02.2,-14:02:11,2006-07-01,05:30:22,2453917.7294,60.0,1.08,J,J,,,,missingreplog_GX17+2.csv,,,Data replog,,,GX17+2,True,IR
ir060630.0132,GX17+2,18:16:02.2,-14:02:11,2006-07-01,05:28:58,2453917.7284,60.0,1.08,J,J,,,,missingreplog_GX17+2.csv,,,Data replog,,,GX17+2,True,IR
ir060630.0131,GX17+2,18:16:02.2,-14:02:11,2006-07-01,05:27:24,2453917.7274,60.0,1.08,H,H,,,,missingreplog_GX17+2.csv,,,Data replog,,,GX17+2,True,IR
ir060713.0239,GX17+2,18:16:01.7,-14:02:08,2006-07-14,05:04:14,2453930.7113,60.0,1.12,J,J,,,,missingreplog_GX17+2.csv,,,Data replog,,,GX17+2,True,IR
ir060713.0240,GX17+2,18:16:01.7,-14:02:08,2006-07-14,05:05:37,2453930.7122,60.0,1.12,J,J,,,,missingreplog_GX17+2.csv,,,Data replog,,,GX17+2,True,IR
ir060713.0241,GX17+2,18:16:01.7,-14:02:08,2006-07-14,05:07:00,2453930.7132,60.0,1.12,J,J,,,,missingreplog_GX17+2.csv,,,Data replog,,,GX17+2,True,IR
ir070630.0249,GX 17+2,18:16:01.8,-14:02:23,2007-07-01,05:43:39.0,2454282.7387,30.1,1.1,J,J,,,,missingreplog_GX17+2.csv,,,Data replog,,,GX17+2,True,IR
ir070630.0260,gx17+2,18:16:01.7,-14:02:31,2007-07-01,05:55:13.6,2454282.7467,60.0,1.12,K,K,,,,missingreplog_GX17+2.csv,,,Data replog,,,GX17+2,True,IR
ir070630.0259,gx17+2,18:16:01.7,-14:02:31,2007-07-01,05:53:58.5,2454282.7458,60.0,1.11,K,K,,,,missingreplog_GX17+2.csv,,,Data replog,,,GX17+2,True,IR
ir070630.0258,gx17+2,18:16:01.7,-14:02:32,2007-07-01,05:52:43.1,2454282.7449,60.0,1.11,K,K,,,,missingreplog_GX17+2.csv,,,Data replog,,,GX17+2,True,IR
ir070630.0257,gx17+2,18:16:01.7,-14:02:31,2007-07-01,05:51:27.6,2454282.7441,60.0,1.11,K,K,,,,missingreplog_GX17+2.csv,,,Data replog,,,GX17+2,True,IR
ir070630.0256,gx17+2,18:16:01.7,-14:02:32,2007-07-01,05:50:12.5,2454282.7432,60.0,1.11,K,K,,,,missingreplog_GX17+2.csv,,,Data replog,,,GX17+2,True,IR
ir070630.0255,GX 17+2,18:16:01.7,-14:02:22,2007-07-01,05:48:10.9,2454282.7418,30.1,1.1,J,J,,,,missingreplog_GX17+2.csv,,,Data replog,,,GX17+2,True,IR
ir070630.0254,GX 17+2,18:16:01.7,-14:02:22,2007-07-01,05:47:25.6,2454282.7413,30.1,1.1,J,J,,,,missingreplog_GX17+2.csv,,,Data replog,,,GX17+2,True,IR
ir070630.0253,GX 17+2,18:16:01.7,-14:02:22,2007-07-01,05:46:40.2,2454282.7407,30.0,1.1,J,J,,,,missingreplog_GX17+2.csv,,,Data replog,,,GX17+2,True,IR
ir070630.0252,GX 17+2,18:16:01.7,-14:02:23,2007-07-01,05:45:55.1,2454282.7402,30.1,1.1,J,J,,,,missingreplog_GX17+2.csv,,,Data replog,,,GX17+2,True,IR
ir070630.0251,GX 17+2,18:16:01.7,-14:02:23,2007-07-01,05:45:09.7,2454282.7397,30.0,1.1,J,J,,,,missingreplog_GX17+2.csv,,,Data replog,,,GX17+2,True,IR
ir070630.0250,GX 17+2,18:16:01.7,-14:02:23,2007-07-01,05:44:24.2,2454282.7392,30.1,1.1,J,J,,,,missingreplog_GX17+2.csv,,,Data replog,,,GX17+2,True,IR
ir070630.0248,GX 17+2,18:16:01.8,-14:02:34,2007-07-01,05:41:53.6,2454282.7374,30.0,1.09,J,J,,,,missingreplog_GX17+2.csv,,,Data replog,,,GX17+2,True,IR
ir070626.0183,gx17+2,18:16:01.9,-14:02:03,2007-06-27,04:52:03.1,2454278.7028,60.0,1.04,K,K,,,,missingreplog_GX17+2.csv,,,Data replog,,,GX17+2,True,IR
ir070630.0247,GX 17+2,18:16:01.8,-14:02:34,2007-07-01,05:41:08.3,2454282.7369,30.1,1.09,J,J,,,,missingreplog_GX17+2.csv,,,Data replog,,,GX17+2,True,IR
ir070630.0246,GX 17+2,18:16:01.8,-14:02:34,2007-07-01,05:40:22.9,2454282.7364,30.0,1.09,J,J,,,,missingreplog_GX17+2.csv,,,Data replog,,,GX17+2,True,IR
ir070630.0245,GX 17+2,18:16:01.8,-14:02:34,2007-07-01,05:39:37.8,2454282.7359,30.1,1.09,J,J,,,,missingreplog_GX17+2.csv,,,Data replog,,,GX17+2,True,IR
ir070630.0244,GX 17+2,18:16:01.8,-14:02:34,2007-07-01,05:38:52.3,2454282.7353,30.0,1.09,J,J,,,,missingreplog_GX17+2.csv,,,Data replog,,,GX17+2,True,IR
ir070630.0243,GX 17+2,18:16:01.8,-14:02:35,2007-07-01,05:38:06.9,2454282.7348,30.0,1.09,J,J,,,,missingreplog_GX17+2.csv,,,Data replog,,,GX17+2,True,IR
ir070630.0242,GX 17+2,18:16:01.8,-14:02:35,2007-07-01,05:37:21.7,2454282.7343,30.0,1.09,J,J,,,,missingreplog_GX17+2.csv,,,Data replog,,,GX17+2,True,IR
ir070628.0434,gx17+2,18:16:03.7,-14:02:14,2007-06-29,06:39:39.5,2454280.7775,60.0,1.2,K,K,,,,missingreplog_GX17+2.csv,,,Data replog,,,GX17+2,True,IR
ir070628.0433,gx17+2,18:16:03.6,-14:02:14,2007-06-29,06:38:23.8,2454280.7767,60.0,1.2,K,K,,,,missingreplog_GX17+2.csv,,,Data replog,,,GX17+2,True,IR
ir070628.0432,gx17+2,18:16:03.6,-14:02:14,2007-06-29,06:37:07.9,2454280.7758,60.0,1.19,K,K,,,,missingreplog_GX17+2.csv,,,Data replog,,,GX17+2,True,IR
ir070628.0431,gx17+2,18:16:03.7,-14:02:14,2007-06-29,06:35:51.8,2454280.7749,60.0,1.19,K,K,,,,missingreplog_GX17+2.csv,,,Data replog,,,GX17+2,True,IR
ir070628.0430,gx17+2,18:16:03.7,-14:02:14,2007-06-29,06:34:36.2,2454280.774,60.0,1.19,K,K,,,,missingreplog_GX17+2.csv,,,Data replog,,,GX17+2,True,IR
ir070703.0311,gx17+2,18:16:02.7,-14:02:34,2007-07-04,07:14:47.6,2454285.8019,60.0,1.41,K,K,,,,missingreplog_GX17+2.csv,,,Data replog,,,GX17+2,True,IR
ir070703.0312,gx17+2,18:16:02.7,-14:02:34,2007-07-04,07:16:02.7,2454285.8028,60.0,1.42,K,K,,,,missingreplog_GX17+2.csv,,,Data replog,,,GX17+2,True,IR
ir070703.0313,gx17+2,18:16:02.7,-14:02:34,2007-07-04,07:17:18.2,2454285.8037,60.0,1.43,K,K,,,,missingreplog_GX17+2.csv,,,Data replog,,,GX17+2,True,IR
ir070703.0314,gx17+2,18:16:02.7,-14:02:34,2007-07-04,07:18:33.7,2454285.8046,60.0,1.43,K,K,,,,missingreplog_GX17+2.csv,,,Data replog,,,GX17+2,True,IR
ir070710.0196,gx17+2,18:16:01.6,-14:02:03,2007-07-11,03:51:02.5,2454292.6604,60.0,1.04,K,K,,,,missingreplog_GX17+2.csv,,,Data replog,,,GX17+2,True,IR
ir070710.0195,gx17+2,18:16:01.5,-14:02:03,2007-07-11,03:49:46.7,2454292.6596,60.0,1.04,K,K,,,,missingreplog_GX17+2.csv,,,Data replog,,,GX17+2,True,IR
ir070710.0194,gx17+2,18:16:01.5,-14:02:03,2007-07-11,03:48:31.4,2454292.6587,60.0,1.04,K,K,,,,missingreplog_GX17+2.csv,,,Data replog,,,GX17+2,True,IR
ir070708.0287,gx17+2,18:16:01.8,-14:01:58,2007-07-09,05:38:36.3,2454290.7351,60.0,1.15,K,K,,,,missingreplog_GX17+2.csv,,,Data replog,,,GX17+2,True,IR
ir070708.0286,gx17+2,18:16:01.9,-14:01:58,2007-07-09,05:37:20.9,2454290.7343,60.0,1.14,K,K,,,,missingreplog_GX17+2.csv,,,Data replog,,,GX17+2,True,IR
ir070708.0285,gx17+2,18:16:01.8,-14:01:57,2007-07-09,05:36:05.2,2454290.7334,60.0,1.14,K,K,,,,missingreplog_GX17+2.csv,,,Data replog,,,GX17+2,True,IR
ir070708.0284,gx17+2,18:16:01.8,-14:01:57,2007-07-09,05:34:49.3,2454290.7325,60.0,1.14,K,K,,,,missingreplog_GX17+2.csv,,,Data replog,,,GX17+2,True,IR
ir070708.0283,gx17+2,18:16:01.8,-14:01:57,2007-07-09,05:33:33.9,2454290.7316,60.0,1.13,K,K,,,,missingreplog_GX17+2.csv,,,Data replog,,,GX17+2,True,IR
ir070703.0329,GX 17+2,18:16:02.6,-14:02:26,2007-07-04,07:31:41.5,2454285.8137,30.0,1.51,J,J,,,,missingreplog_GX17+2.csv,,,Data replog,,,GX17+2,True,IR
ir070703.0328,GX 17+2,18:16:02.6,-14:02:26,2007-07-04,07:30:56.1,2454285.8131,30.0,1.5,J,J,,,,missingreplog_GX17+2.csv,,,Data replog,,,GX17+2,True,IR
ir070703.0327,GX 17+2,18:16:02.6,-14:02:26,2007-07-04,07:30:10.7,2454285.8126,30.0,1.5,J,J,,,,missingreplog_GX17+2.csv,,,Data replog,,,GX17+2,True,IR
ir070703.0326,GX 17+2,18:16:02.6,-14:02:26,2007-07-04,07:29:25.5,2454285.8121,30.0,1.5,J,J,,,,missingreplog_GX17+2.csv,,,Data replog,,,GX17+2,True,IR
ir070703.0325,GX 17+2,18:16:02.6,-14:02:26,2007-07-04,07:28:40.0,2454285.8116,30.1,1.49,J,J,,,,missingreplog_GX17+2.csv,,,Data replog,,,GX17+2,True,IR
ir070703.0324,GX 17+2,18:16:02.6,-14:02:25,2007-07-04,07:27:54.5,2454285.8111,30.1,1.49,J,J,,,,missingreplog_GX17+2.csv,,,Data replog,,,GX17+2,True,IR
ir070703.0323,GX 17+2,18:16:02.6,-14:02:26,2007-07-04,07:27:09.4,2454285.8105,30.1,1.48,J,J,,,,missingreplog_GX17+2.csv,,,Data replog,,,GX17+2,True,IR
ir070703.0322,GX 17+2,18:16:02.6,-14:02:36,2007-07-04,07:25:47.2,2454285.8096,30.1,1.47,J,J,,,,missingreplog_GX17+2.csv,,,Data replog,,,GX17+2,True,IR
ir070703.0321,GX 17+2,18:16:02.6,-14:02:35,2007-07-04,07:25:01.8,2454285.809,30.0,1.47,J,J,,,,missingreplog_GX17+2.csv,,,Data replog,,,GX17+2,True,IR
ir070703.0320,GX 17+2,18:16:02.6,-14:02:35,2007-07-04,07:24:16.4,2454285.8085,30.0,1.46,J,J,,,,missingreplog_GX17+2.csv,,,Data replog,,,GX17+2,True,IR
ir070703.0319,GX 17+2,18:16:02.7,-14:02:35,2007-07-04,07:23:31.3,2454285.808,30.0,1.46,J,J,,,,missingreplog_GX17+2.csv,,,Data replog,,,GX17+2,True,IR
ir070703.0318,GX 17+2,18:16:02.7,-14:02:35,2007-07-04,07:22:45.8,2454285.8075,30.0,1.46,J,J,,,,missingreplog_GX17+2.csv,,,Data replog,,,GX17+2,True,IR
ir070703.0317,GX 17+2,18:16:02.6,-14:02:35,2007-07-04,07:22:00.1,2454285.807,30.0,1.45,J,J,,,,missingreplog_GX17+2.csv,,,Data replog,,,GX17+2,True,IR
ir070703.0316,GX 17+2,18:16:02.7,-14:02:35,2007-07-04,07:21:15.0,2454285.8064,30.1,1.45,J,J,,,,missingreplog_GX17+2.csv,,,Data replog,,,GX17+2,True,IR
ir070703.0315,gx17+2,18:16:02.7,-14:02:34,2007-07-04,07:19:48.8,2454285.8054,60.0,1.44,K,K,,,,missingreplog_GX17+2.csv,,,Data replog,,,GX17+2,True,IR
ir070626.0184,gx17+2,18:16:01.9,-14:02:03,2007-06-27,04:53:18.6,2454278.7037,60.0,1.04,K,K,,,,missingreplog_GX17+2.csv,,,Data replog,,,GX17+2,True,IR
ir070626.0182,gx17+2,18:16:01.9,-14:02:03,2007-06-27,04:50:47.0,2454278.7019,60.0,1.04,K,K,,,,missingreplog_GX17+2.csv,,,Data replog,,,GX17+2,True,IR
ir070604.0357,gx17+2,18:16:01.2,-14:02:21,2007-06-05,07:16:22,2454256.803,60.0,1.08,K,K,,,,missingreplog_GX17+2.csv,,,Data replog,,,GX17+2,True,IR
ir070608.0228,gx17+2,18:15:59.8,-14:02:05,2007-06-09,07:53:04,2454260.8285,60.0,1.18,K,K,,,,missingreplog_GX17+2.csv,,,Data replog,,,GX17+2,True,IR
ir070616.0259,gx17+2,18:16:01.9,-14:02:15,2007-06-17,07:13:48.9,2454268.8013,60.0,1.17,K,K,,,,missingreplog_GX17+2.csv,,,Data replog,,,GX17+2,True,IR
ir070616.0258,gx17+2,18:16:01.9,-14:02:15,2007-06-17,07:13:48.9,2454268.8013,60.0,1.17,K,K,,,,missingreplog_GX17+2.csv,,,Data replog,,,GX17+2,True,IR
ir070616.0257,gx17+2,18:16:02.0,-14:02:15,2007-06-17,07:12:33.1,2454268.8004,60.0,1.16,K,K,,,,missingreplog_GX17+2.csv,,,Data replog,,,GX17+2,True,IR
ir070616.0256,gx17+2,18:16:02.0,-14:02:15,2007-06-17,07:11:17.8,2454268.7995,60.0,1.16,K,K,,,,missingreplog_GX17+2.csv,,,Data replog,,,GX17+2,True,IR
ir070609.0235,gx17+2,18:16:00.3,-14:02:09,2007-06-10,06:09:32,2454261.7566,60.0,1.04,K,K,,,,missingreplog_GX17+2.csv,,,Data replog,,,GX17+2,True,IR
ir070609.0234,gx17+2,18:16:00.2,-14:02:09,2007-06-10,06:08:17,2454261.7558,60.0,1.04,K,K,,,,missingreplog_GX17+2.csv,,,Data replog,,,GX17+2,True,IR
ir070609.0233,gx17+2,18:16:00.2,-14:02:08,2007-06-10,06:07:02,2454261.7549,60.0,1.04,K,K,,,,missingreplog_GX17+2.csv,,,Data replog,,,GX17+2,True,IR
ir070609.0232,gx17+2,18:16:00.2,-14:02:08,2007-06-10,06:05:46,2454261.754,60.0,1.04,K,K,,,,missingreplog_GX17+2.csv,,,Data replog,,,GX17+2,True,IR
ir070609.0231,gx17+2,18:16:00.2,-14:02:07,2007-06-10,06:04:31,2454261.7531,60.0,1.04,K,K,,,,missingreplog_GX17+2.csv,,,Data replog,,,GX17+2,True,IR
ir070608.0230,gx17+2,18:15:59.8,-14:02:06,2007-06-09,07:55:35,2454260.8303,60.0,1.19,K,K,,,,missingreplog_GX17+2.csv,,,Data replog,,,GX17+2,True,IR
ir070608.0229,gx17+2,18:15:59.8,-14:02:05,2007-06-09,07:54:19,2454260.8294,60.0,1.19,K,K,,,,missingreplog_GX17+2.csv,,,Data replog,,,GX17+2,True,IR
ir070608.0227,gx17+2,18:15:59.8,-14:02:05,2007-06-09,07:51:49,2454260.8276,60.0,1.18,K,K,,,,missingreplog_GX17+2.csv,,,Data replog,,,GX17+2,True,IR
ir070626.0181,gx17+2,18:16:01.9,-14:02:03,2007-06-27,04:49:31.0,2454278.701,60.0,1.04,K,K,,,,missingreplog_GX17+2.csv,,,Data replog,,,GX17+2,True,IR
ir070608.0226,gx17+2,18:15:59.8,-14:02:04,2007-06-09,07:50:34,2454260.8268,60.0,1.18,K,K,,,,missingreplog_GX17+2.csv,,,Data replog,,,GX17+2,True,IR
ir070606.0255,gx17+2,18:16:01.9,-14:02:13,2007-06-07,07:46:05,2454258.8237,60.0,1.15,K,K,,,,missingreplog_GX17+2.csv,,,Data replog,,,GX17+2,True,IR
ir070606.0254,gx17+2,18:16:01.9,-14:02:13,2007-06-07,07:44:50,2454258.8228,60.0,1.15,K,K,,,,missingreplog_GX17+2.csv,,,Data replog,,,GX17+2,True,IR
ir070606.0253,gx17+2,18:16:01.9,-14:02:13,2007-06-07,07:43:35,2454258.8219,60.0,1.14,K,K,,,,missingreplog_GX17+2.csv,,,Data replog,,,GX17+2,True,IR
ir070606.0252,gx17+2,18:16:01.9,-14:02:13,2007-06-07,07:42:19,2454258.8211,60.0,1.14,K,K,,,,missingreplog_GX17+2.csv,,,Data replog,,,GX17+2,True,IR
ir070606.0251,gx17+2,18:16:01.9,-14:02:13,2007-06-07,07:41:04,2454258.8202,60.0,1.14,K,K,,,,missingreplog_GX17+2.csv,,,Data replog,,,GX17+2,True,IR
ir070605.0302,gx17+2,18:16:01.8,-14:02:20,2007-06-06,06:34:27,2454257.7739,60.0,1.05,K,K,,,,missingreplog_GX17+2.csv,,,Data replog,,,GX17+2,True,IR
ir070605.0301,gx17+2,18:16:01.8,-14:02:20,2007-06-06,06:33:12,2454257.7731,60.0,1.05,K,K,,,,missingreplog_GX17+2.csv,,,Data replog,,,GX17+2,True,IR
ir070605.0300,gx17+2,18:16:01.7,-14:02:20,2007-06-06,06:31:56,2454257.7722,60.0,1.05,K,K,,,,missingreplog_GX17+2.csv,,,Data replog,,,GX17+2,True,IR
ir070605.0299,gx17+2,18:16:01.7,-14:02:20,2007-06-06,06:30:41,2454257.7713,60.0,1.05,K,K,,,,missingreplog_GX17+2.csv,,,Data replog,,,GX17+2,True,IR
ir070605.0298,gx17+2,18:16:01.7,-14:02:20,2007-06-06,06:29:26,2454257.7704,60.0,1.05,K,K,,,,missingreplog_GX17+2.csv,,,Data replog,,,GX17+2,True,IR
ir070616.0260,gx17+2,18:16:02.0,-14:02:15,2007-06-17,07:16:29.6,2454268.8031,60.0,1.17,K,K,,,,missingreplog_GX17+2.csv,,,Data replog,,,GX17+2,True,IR
ir070620.0190,gx17+2,18:16:01.2,-14:02:23,2007-06-21,05:13:19.5,2454272.7176,60.0,1.04,K,K,,,,missingreplog_GX17+2.csv,,,Data replog,,,GX17+2,True,IR
ir070620.0191,gx17+2,18:16:01.3,-14:02:24,2007-06-21,05:14:35.1,2454272.7185,60.0,1.04,K,K,,,,missingreplog_GX17+2.csv,,,Data replog,,,GX17+2,True,IR
ir070620.0192,gx17+2,18:16:01.3,-14:02:23,2007-06-21,05:15:51.1,2454272.7193,60.0,1.04,K,K,,,,missingreplog_GX17+2.csv,,,Data replog,,,GX17+2,True,IR
ir070626.0180,gx17+2,18:16:01.9,-14:02:03,2007-06-27,04:48:15.2,2454278.7002,60.0,1.04,K,K,,,,missingreplog_GX17+2.csv,,,Data replog,,,GX17+2,True,IR
ir070625.0274,gx17+2,18:16:02.6,-14:02:07,2007-06-26,04:48:08.6,2454277.7001,60.0,1.04,K,K,,,,missingreplog_GX17+2.csv,,,Data replog,,,GX17+2,True,IR
ir070625.0273,gx17+2,18:16:02.6,-14:02:07,2007-06-26,04:46:53.3,2454277.6992,60.0,1.04,K,K,,,,missingreplog_GX17+2.csv,,,Data replog,,,GX17+2,True,IR
ir070625.0272,gx17+2,18:16:02.6,-14:02:07,2007-06-26,04:45:37.5,2454277.6984,60.0,1.04,K,K,,,,missingreplog_GX17+2.csv,,,Data replog,,,GX17+2,True,IR
ir070625.0271,gx17+2,18:16:02.6,-14:02:07,2007-06-26,04:44:21.8,2454277.6975,60.0,1.04,K,K,,,,missingreplog_GX17+2.csv,,,Data replog,,,GX17+2,True,IR
ir070625.0270,gx17+2,18:16:02.6,-14:02:07,2007-06-26,04:43:06.4,2454277.6966,60.0,1.04,K,K,,,,missingreplog_GX17+2.csv,,,Data replog,,,GX17+2,True,IR
ir070623.0233,gx17+2,18:16:02.0,-14:01:59,2007-06-24,05:40:57.4,2454275.7368,60.0,1.06,K,K,,,,missingreplog_GX17+2.csv,,,Data replog,,,GX17+2,True,IR
ir070623.0232,gx17+2,18:16:02.0,-14:01:59,2007-06-24,05:38:16.8,2454275.7349,60.0,1.06,K,K,,,,missingreplog_GX17+2.csv,,,Data replog,,,GX17+2,True,IR
ir070623.0231,gx17+2,18:16:02.0,-14:01:59,2007-06-24,05:38:16.8,2454275.7349,60.0,1.06,K,K,,,,missingreplog_GX17+2.csv,,,Data replog,,,GX17+2,True,IR
ir070623.0230,gx17+2,18:16:02.0,-14:01:59,2007-06-24,05:37:01.0,2454275.734,60.0,1.06,K,K,,,,missingreplog_GX17+2.csv,,,Data replog,,,GX17+2,True,IR
ir070623.0229,gx17+2,18:16:02.0,-14:01:59,2007-06-24,05:35:45.6,2454275.7332,60.0,1.06,K,K,,,,missingreplog_GX17+2.csv,,,Data replog,,,GX17+2,True,IR
ir070622.0236,gx17+2,18:16:02.0,-14:02:14,2007-06-23,06:01:19.3,2454274.7509,60.0,1.08,K,K,,,,missingreplog_GX17+2.csv,,,Data replog,,,GX17+2,True,IR
ir070622.0235,gx17+2,18:16:02.0,-14:02:14,2007-06-23,06:00:04.0,2454274.75,60.0,1.08,K,K,,,,missingreplog_GX17+2.csv,,,Data replog,,,GX17+2,True,IR
ir070622.0234,gx17+2,18:16:02.0,-14:02:15,2007-06-23,05:57:22.9,2454274.7482,60.0,1.07,K,K,,,,missingreplog_GX17+2.csv,,,Data replog,,,GX17+2,True,IR
ir070622.0233,gx17+2,18:16:02.0,-14:02:15,2007-06-23,05:57:22.9,2454274.7482,60.0,1.07,K,K,,,,missingreplog_GX17+2.csv,,,Data replog,,,GX17+2,True,IR
ir070622.0232,gx17+2,18:16:02.1,-14:02:15,2007-06-23,05:56:07.6,2454274.7473,60.0,1.07,K,K,,,,missingreplog_GX17+2.csv,,,Data replog,,,GX17+2,True,IR
ir070621.0306,gx17+2,18:16:01.8,-14:02:22,2007-06-22,08:11:28.9,2454273.8413,60.0,1.46,K,K,,,,missingreplog_GX17+2.csv,,,Data replog,,,GX17+2,True,IR
ir070621.0305,gx17+2,18:16:01.8,-14:02:21,2007-06-22,08:08:48.2,2454273.8394,60.0,1.45,K,K,,,,missingreplog_GX17+2.csv,,,Data replog,,,GX17+2,True,IR
ir070621.0304,gx17+2,18:16:01.8,-14:02:21,2007-06-22,08:08:48.2,2454273.8394,60.0,1.45,K,K,,,,missingreplog_GX17+2.csv,,,Data replog,,,GX17+2,True,IR
ir070621.0303,gx17+2,18:16:01.8,-14:02:20,2007-06-22,08:07:32.4,2454273.8386,60.0,1.44,K,K,,,,missingreplog_GX17+2.csv,,,Data replog,,,GX17+2,True,IR
ir070621.0302,gx17+2,18:16:01.8,-14:02:21,2007-06-22,08:06:17.1,2454273.8377,60.0,1.44,K,K,,,,missingreplog_GX17+2.csv,,,Data replog,,,GX17+2,True,IR
ir070620.0194,gx17+2,18:16:01.3,-14:02:23,2007-06-21,05:18:22.7,2454272.7211,60.0,1.04,K,K,,,,missingreplog_GX17+2.csv,,,Data replog,,,GX17+2,True,IR
ir070620.0193,gx17+2,18:16:01.3,-14:02:23,2007-06-21,05:17:07.1,2454272.7202,60.0,1.04,K,K,,,,missingreplog_GX17+2.csv,,,Data replog,,,GX17+2,True,IR
ir070710.0197,gx17+2,18:16:01.6,-14:02:02,2007-07-11,03:52:18.2,2454292.6613,60.0,1.04,K,K,,,,missingreplog_GX17+2.csv,,,Data replog,,,GX17+2,True,IR
ir070710.0198,gx17+2,18:16:01.6,-14:02:02,2007-07-11,03:53:33.6,2454292.6622,60.0,1.04,K,K,,,,missingreplog_GX17+2.csv,,,Data replog,,,GX17+2,True,IR
ir070711.0205,gx17+2,18:16:01.9,-14:02:06,2007-07-12,05:57:42.0,2454293.7484,60.0,1.23,K,K,,,,missingreplog_GX17+2.csv,,,Data replog,,,GX17+2,True,IR
ir070830.0135,GX 17+2,18:16:01.9,-14:02:00,2007-08-31,02:35:30.5,2454343.608,50.0,1.21,K,K,,,,missingreplog_GX17+2.csv,,,Data replog,,,GX17+2,True,IR
ir070901.0083,GX 17+2,18:16:01.4,-14:02:17,2007-09-02,00:58:46.4,2454345.5408,50.0,1.06,K,K,,,,missingreplog_GX17+2.csv,,,Data replog,,,GX17+2,True,IR
ir070901.0082,GX 17+2,18:16:01.4,-14:02:17,2007-09-02,00:58:46.4,2454345.5408,50.0,1.06,K,K,,,,missingreplog_GX17+2.csv,,,Data replog,,,GX17+2,True,IR
ir070901.0081,GX 17+2,18:16:01.4,-14:02:16,2007-09-02,00:57:40.5,2454345.5401,50.0,1.05,K,K,,,,missingreplog_GX17+2.csv,,,Data replog,,,GX17+2,True,IR
ir070830.0143,GX 17+2,18:16:02.0,-14:02:02,2007-08-31,02:44:19.5,2454343.6141,50.0,1.24,K,K,,,,missingreplog_GX17+2.csv,,,Data replog,,,GX17+2,True,IR
ir070830.0142,GX 17+2,18:16:01.9,-14:02:02,2007-08-31,02:43:13.1,2454343.6134,50.0,1.23,K,K,,,,missingreplog_GX17+2.csv,,,Data replog,,,GX17+2,True,IR
ir070830.0141,GX 17+2,18:16:02.0,-14:02:01,2007-08-31,02:42:06.9,2454343.6126,50.0,1.23,K,K,,,,missingreplog_GX17+2.csv,,,Data replog,,,GX17+2,True,IR
ir070830.0140,GX 17+2,18:16:01.9,-14:02:01,2007-08-31,02:41:00.8,2454343.6118,50.0,1.23,K,K,,,,missingreplog_GX17+2.csv,,,Data replog,,,GX17+2,True,IR
ir070830.0139,GX 17+2,18:16:01.9,-14:02:01,2007-08-31,02:39:55.0,2454343.611,50.0,1.22,K,K,,,,missingreplog_GX17+2.csv,,,Data replog,,,GX17+2,True,IR
ir070830.0138,GX 17+2,18:16:01.9,-14:02:01,2007-08-31,02:38:48.9,2454343.6103,50.0,1.22,K,K,,,,missingreplog_GX17+2.csv,,,Data replog,,,GX17+2,True,IR
ir070830.0137,GX 17+2,18:16:01.9,-14:02:01,2007-08-31,02:37:42.7,2454343.6095,50.0,1.22,K,K,,,,missingreplog_GX17+2.csv,,,Data replog,,,GX17+2,True,IR
ir070830.0136,GX 17+2,18:16:01.9,-14:02:01,2007-08-31,02:36:36.8,2454343.6088,50.0,1.21,K,K,,,,missingreplog_GX17+2.csv,,,Data replog,,,GX17+2,True,IR
ir070830.0134,GX 17+2,18:16:01.9,-14:02:00,2007-08-31,02:34:24.3,2454343.6072,50.0,1.21,K,K,,,,missingreplog_GX17+2.csv,,,Data replog,,,GX17+2,True,IR
ir070711.0206,gx17+2,18:16:01.9,-14:02:06,2007-07-12,05:58:57.4,2454293.7493,60.0,1.23,K,K,,,,missingreplog_GX17+2.csv,,,Data replog,,,GX17+2,True,IR
ir070830.0133,GX 17+2,18:16:01.9,-14:02:00,2007-08-31,02:33:18.5,2454343.6065,50.0,1.2,K,K,,,,missingreplog_GX17+2.csv,,,Data replog,,,GX17+2,True,IR
ir070830.0132,GX 17+2,18:16:01.9,-14:02:00,2007-08-31,02:32:12.6,2454343.6057,50.0,1.2,K,K,,,,missingreplog_GX17+2.csv,,,Data replog,,,GX17+2,True,IR
ir070830.0131,GX 17+2,18:16:01.8,-14:02:00,2007-08-31,02:31:06.5,2454343.6049,50.0,1.2,K,K,,,,missingreplog_GX17+2.csv,,,Data replog,,,GX17+2,True,IR
ir070830.0130,GX 17+2,18:16:01.8,-14:01:59,2007-08-31,02:30:00.4,2454343.6042,50.0,1.19,K,K,,,,missingreplog_GX17+2.csv,,,Data replog,,,GX17+2,True,IR
ir070830.0129,GX 17+2,18:16:01.8,-14:01:59,2007-08-31,02:28:54.7,2454343.6034,50.0,1.19,K,K,,,,missingreplog_GX17+2.csv,,,Data replog,,,GX17+2,True,IR
ir070830.0128,GX 17+2,18:16:01.8,-14:01:59,2007-08-31,02:27:48.3,2454343.6026,50.0,1.19,K,K,,,,missingreplog_GX17+2.csv,,,Data replog,,,GX17+2,True,IR
ir070830.0127,GX 17+2,18:16:01.8,-14:01:59,2007-08-31,02:26:42.2,2454343.6019,50.0,1.18,K,K,,,,missingreplog_GX17+2.csv,,,Data replog,,,GX17+2,True,IR
ir070830.0126,GX 17+2,18:16:01.8,-14:01:59,2007-08-31,02:25:36.3,2454343.6011,50.0,1.18,K,K,,,,missingreplog_GX17+2.csv,,,Data replog,,,GX17+2,True,IR
ir070829.0155,GX 17+2,18:16:01.4,-14:02:29,2007-08-30,03:22:36.9,2454342.6407,50.0,1.37,K,K,,,,missingreplog_GX17+2.csv,,,Data replog,,,GX17+2,True,IR
ir070829.0154,GX 17+2,18:16:01.4,-14:02:29,2007-08-30,03:22:36.9,2454342.6407,50.0,1.37,K,K,,,,missingreplog_GX17+2.csv,,,Data replog,,,GX17+2,True,IR
ir070829.0153,GX 17+2,18:16:01.3,-14:02:29,2007-08-30,03:21:30.7,2454342.6399,50.0,1.37,K,K,,,,missingreplog_GX17+2.csv,,,Data replog,,,GX17+2,True,IR
ir070901.0084,GX 17+2,18:16:01.4,-14:02:17,2007-09-02,00:58:46.4,2454345.5408,50.0,1.06,K,K,,,,missingreplog_GX17+2.csv,,,Data replog,,,GX17+2,True,IR
ir070901.0085,GX 17+2,18:16:01.4,-14:02:17,2007-09-02,01:02:24.0,2454345.5433,50.0,1.06,K,K,,,,missingreplog_GX17+2.csv,,,Data replog,,,GX17+2,True,IR
ir070901.0086,GX 17+2,18:16:01.4,-14:02:17,2007-09-02,01:03:30.2,2454345.5441,50.0,1.06,K,K,,,,missingreplog_GX17+2.csv,,,Data replog,,,GX17+2,True,IR
ir070901.0087,GX 17+2,18:16:01.5,-14:02:17,2007-09-02,01:04:36.2,2454345.5449,50.0,1.06,K,K,,,,missingreplog_GX17+2.csv,,,Data replog,,,GX17+2,True,IR
ir070915.0123,GX 17+2,18:16:00.8,-14:01:46,2007-09-16,02:11:08.6,2454359.5911,50.0,1.35,K,K,,,,missingreplog_GX17+2.csv,,,Data replog,,,GX17+2,True,IR
ir070915.0122,GX 17+2,18:16:00.8,-14:01:46,2007-09-16,02:10:02.8,2454359.5903,50.0,1.35,K,K,,,,missingreplog_GX17+2.csv,,,Data replog,,,GX17+2,True,IR
ir070915.0121,GX 17+2,18:16:00.8,-14:01:46,2007-09-16,02:08:56.6,2454359.5895,50.0,1.34,K,K,,,,missingreplog_GX17+2.csv,,,Data replog,,,GX17+2,True,IR
ir070915.0120,GX 17+2,18:16:00.8,-14:01:46,2007-09-16,02:07:50.5,2454359.5888,50.0,1.34,K,K,,,,missingreplog_GX17+2.csv,,,Data replog,,,GX17+2,True,IR
ir070915.0119,GX 17+2,18:16:00.8,-14:01:46,2007-09-16,02:06:44.6,2454359.588,50.0,1.33,K,K,,,,missingreplog_GX17+2.csv,,,Data replog,,,GX17+2,True,IR
ir070915.0118,GX 17+2,18:16:00.8,-14:01:45,2007-09-16,02:05:38.7,2454359.5872,50.0,1.33,K,K,,,,missingreplog_GX17+2.csv,,,Data replog,,,GX17+2,True,IR
ir070915.0117,GX 17+2,18:16:00.8,-14:01:45,2007-09-16,02:04:32.4,2454359.5865,50.0,1.32,K,K,,,,missingreplog_GX17+2.csv,,,Data replog,,,GX17+2,True,IR
ir070915.0116,GX 17+2,18:16:00.8,-14:01:45,2007-09-16,02:03:26.4,2454359.5857,50.0,1.32,K,K,,,,missingreplog_GX17+2.csv,,,Data replog,,,GX17+2,True,IR
ir070915.0115,GX 17+2,18:16:00.8,-14:01:46,2007-09-16,02:02:20.5,2454359.585,50.0,1.31,K,K,,,,missingreplog_GX17+2.csv,,,Data replog,,,GX17+2,True,IR
ir070915.0114,GX 17+2,18:16:00.8,-14:01:46,2007-09-16,02:01:14.3,2454359.5842,50.0,1.31,K,K,,,,missingreplog_GX17+2.csv,,,Data replog,,,GX17+2,True,IR
ir070915.0113,GX 17+2,18:16:00.9,-14:01:46,2007-09-16,02:00:08.2,2454359.5834,50.0,1.3,K,K,,,,missingreplog_GX17+2.csv,,,Data replog,,,GX17+2,True,IR
ir070915.0112,GX 17+2,18:16:00.9,-14:01:47,2007-09-16,01:59:02.5,2454359.5827,50.0,1.3,K,K,,,,missingreplog_GX17+2.csv,,,Data replog,,,GX17+2,True,IR
ir070901.0098,GX 17+2,18:16:01.6,-14:02:19,2007-09-02,01:16:43.0,2454345.5533,50.0,1.07,K,K,,,,missingreplog_GX17+2.csv,,,Data replog,,,GX17+2,True,IR
ir070901.0097,GX 17+2,18:16:01.6,-14:02:18,2007-09-02,01:15:36.7,2454345.5525,50.0,1.07,K,K,,,,missingreplog_GX17+2.csv,,,Data replog,,,GX17+2,True,IR
ir070901.0096,GX 17+2,18:16:01.6,-14:02:19,2007-09-02,01:14:30.4,2454345.5518,50.0,1.07,K,K,,,,missingreplog_GX17+2.csv,,,Data replog,,,GX17+2,True,IR
ir070901.0095,GX 17+2,18:16:01.6,-14:02:18,2007-09-02,01:13:24.6,2454345.551,50.0,1.07,K,K,,,,missingreplog_GX17+2.csv,,,Data replog,,,GX17+2,True,IR
ir070901.0094,GX 17+2,18:16:01.6,-14:02:18,2007-09-02,01:12:18.6,2454345.5502,50.0,1.07,K,K,,,,missingreplog_GX17+2.csv,,,Data replog,,,GX17+2,True,IR
ir070901.0093,GX 17+2,18:16:01.6,-14:02:18,2007-09-02,01:11:12.4,2454345.5495,50.0,1.07,K,K,,,,missingreplog_GX17+2.csv,,,Data replog,,,GX17+2,True,IR
ir070901.0092,GX 17+2,18:16:01.6,-14:02:18,2007-09-02,01:10:06.4,2454345.5487,50.0,1.07,K,K,,,,missingreplog_GX17+2.csv,,,Data replog,,,GX17+2,True,IR
ir070901.0091,GX 17+2,18:16:01.5,-14:02:18,2007-09-02,01:09:00.3,2454345.5479,50.0,1.06,K,K,,,,missingreplog_GX17+2.csv,,,Data replog,,,GX17+2,True,IR
ir070901.0090,GX 17+2,18:16:01.5,-14:02:17,2007-09-02,01:07:54.1,2454345.5472,50.0,1.06,K,K,,,,missingreplog_GX17+2.csv,,,Data replog,,,GX17+2,True,IR
ir070901.0089,GX 17+2,18:16:01.5,-14:02:17,2007-09-02,01:06:48.0,2454345.5464,50.0,1.06,K,K,,,,missingreplog_GX17+2.csv,,,Data replog,,,GX17+2,True,IR
ir070901.0088,GX 17+2,18:16:01.5,-14:02:17,2007-09-02,01:05:42.1,2454345.5457,50.0,1.06,K,K,,,,missingreplog_GX17+2.csv,,,Data replog,,,GX17+2,True,IR
ir070829.0152,GX 17+2,18:16:01.3,-14:02:28,2007-08-30,03:20:24.8,2454342.6392,50.0,1.36,K,K,,,,missingreplog_GX17+2.csv,,,Data replog,,,GX17+2,True,IR
ir070829.0151,GX 17+2,18:16:01.3,-14:02:28,2007-08-30,03:19:18.8,2454342.6384,50.0,1.36,K,K,,,,missingreplog_GX17+2.csv,,,Data replog,,,GX17+2,True,IR
ir070829.0150,GX 17+2,18:16:01.3,-14:02:28,2007-08-30,03:18:12.6,2454342.6376,50.0,1.35,K,K,,,,missingreplog_GX17+2.csv,,,Data replog,,,GX17+2,True,IR
ir070826.0185,GX 17+2,18:16:01.8,-14:02:11,2007-08-27,02:47:23.9,2454339.6162,50.0,1.2,K,K,,,,missingreplog_GX17+2.csv,,,Data replog,,,GX17+2,True,IR
ir070826.0183,GX 17+2,18:16:01.8,-14:02:11,2007-08-27,02:45:10.9,2454339.6147,50.0,1.19,K,K,,,,missingreplog_GX17+2.csv,,,Data replog,,,GX17+2,True,IR
ir070826.0182,GX 17+2,18:16:01.7,-14:02:10,2007-08-27,02:44:04.9,2454339.614,50.0,1.19,K,K,,,,missingreplog_GX17+2.csv,,,Data replog,,,GX17+2,True,IR
ir070824.0095,GX 17+2,18:16:01.8,-14:02:14,2007-08-25,03:47:24.7,2454337.6579,50.0,1.4,K,K,,,,missingreplog_GX17+2.csv,,,Data replog,,,GX17+2,True,IR
ir070824.0094,GX 17+2,18:16:01.8,-14:02:13,2007-08-25,03:46:18.4,2454337.6572,50.0,1.39,K,K,,,,missingreplog_GX17+2.csv,,,Data replog,,,GX17+2,True,IR
ir070824.0093,GX 17+2,18:16:01.8,-14:02:13,2007-08-25,03:45:12.3,2454337.6564,50.0,1.39,K,K,,,,missingreplog_GX17+2.csv,,,Data replog,,,GX17+2,True,IR
ir070824.0092,GX 17+2,18:16:01.9,-14:02:13,2007-08-25,03:44:06.4,2454337.6556,50.0,1.38,K,K,,,,missingreplog_GX17+2.csv,,,Data replog,,,GX17+2,True,IR
ir070824.0091,GX 17+2,18:16:01.9,-14:02:13,2007-08-25,03:43:00.5,2454337.6549,50.0,1.38,K,K,,,,missingreplog_GX17+2.csv,,,Data replog,,,GX17+2,True,IR
ir070824.0090,GX 17+2,18:16:01.8,-14:02:12,2007-08-25,03:41:54.5,2454337.6541,50.0,1.37,K,K,,,,missingreplog_GX17+2.csv,,,Data replog,,,GX17+2,True,IR
ir070824.0089,GX 17+2,18:16:01.8,-14:02:12,2007-08-25,03:40:48.3,2454337.6533,50.0,1.36,K,K,,,,missingreplog_GX17+2.csv,,,Data replog,,,GX17+2,True,IR
ir070824.0088,GX 17+2,18:16:01.8,-14:02:12,2007-08-25,03:39:42.4,2454337.6526,50.0,1.36,K,K,,,,missingreplog_GX17+2.csv,,,Data replog,,,GX17+2,True,IR
ir070824.0087,GX 17+2,18:16:01.8,-14:02:12,2007-08-25,03:38:36.2,2454337.6518,50.0,1.35,K,K,,,,missingreplog_GX17+2.csv,,,Data replog,,,GX17+2,True,IR
ir070824.0086,GX 17+2,18:16:01.8,-14:02:11,2007-08-25,03:37:29.8,2454337.651,50.0,1.35,K,K,,,,missingreplog_GX17+2.csv,,,Data replog,,,GX17+2,True,IR
ir070824.0085,GX 17+2,18:16:01.7,-14:02:11,2007-08-25,03:36:23.9,2454337.6503,50.0,1.34,K,K,,,,missingreplog_GX17+2.csv,,,Data replog,,,GX17+2,True,IR
ir070824.0084,GX 17+2,18:16:01.7,-14:02:11,2007-08-25,03:35:18.2,2454337.6495,50.0,1.34,K,K,,,,missingreplog_GX17+2.csv,,,Data replog,,,GX17+2,True,IR
ir070824.0083,GX 17+2,18:16:01.7,-14:02:10,2007-08-25,03:32:56.4,2454337.6479,50.0,1.33,K,K,,,,missingreplog_GX17+2.csv,,,Data replog,,,GX17+2,True,IR
ir070824.0082,GX 17+2,18:16:01.7,-14:02:10,2007-08-25,03:32:56.4,2454337.6479,50.0,1.33,K,K,,,,missingreplog_GX17+2.csv,,,Data replog,,,GX17+2,True,IR
ir070824.0081,GX 17+2,18:16:01.7,-14:02:11,2007-08-25,03:31:50.6,2454337.6471,50.0,1.32,K,K,,,,missingreplog_GX17+2.csv,,,Data replog,,,GX17+2,True,IR
ir070824.0080,GX 17+2,18:16:01.7,-14:02:10,2007-08-25,03:30:44.4,2454337.6464,50.0,1.32,K,K,,,,missingreplog_GX17+2.csv,,,Data replog,,,GX17+2,True,IR
ir070824.0079,GX 17+2,18:16:01.7,-14:02:10,2007-08-25,03:29:38.0,2454337.6456,50.0,1.32,K,K,,,,missingreplog_GX17+2.csv,,,Data replog,,,GX17+2,True,IR
ir070824.0078,GX 17+2,18:16:01.7,-14:02:10,2007-08-25,03:28:32.3,2454337.6448,50.0,1.31,K,K,,,,missingreplog_GX17+2.csv,,,Data replog,,,GX17+2,True,IR
ir070711.0209,gx17+2,18:16:01.9,-14:02:05,2007-07-12,06:02:44.8,2454293.7519,60.0,1.24,K,K,,,,missingreplog_GX17+2.csv,,,Data replog,,,GX17+2,True,IR
ir070711.0208,gx17+2,18:16:01.9,-14:02:06,2007-07-12,06:01:29.3,2454293.751,60.0,1.24,K,K,,,,missingreplog_GX17+2.csv,,,Data replog,,,GX17+2,True,IR
ir070711.0207,gx17+2,18:16:01.9,-14:02:06,2007-07-12,06:00:13.6,2454293.7502,60.0,1.23,K,K,,,,missingreplog_GX17+2.csv,,,Data replog,,,GX17+2,True,IR
ir070826.0184,GX 17+2,18:16:01.8,-14:02:11,2007-08-27,02:46:17.5,2454339.6155,50.0,1.2,K,K,,,,missingreplog_GX17+2.csv,,,Data replog,,,GX17+2,True,IR
ir070826.0186,GX 17+2,18:16:01.9,-14:02:12,2007-08-27,02:48:30.2,2454339.617,50.0,1.2,K,K,,,,missingreplog_GX17+2.csv,,,Data replog,,,GX17+2,True,IR
ir070829.0149,GX 17+2,18:16:01.2,-14:02:27,2007-08-30,03:17:06.4,2454342.6369,50.0,1.35,K,K,,,,missingreplog_GX17+2.csv,,,Data replog,,,GX17+2,True,IR
ir070826.0187,GX 17+2,18:16:01.8,-14:02:12,2007-08-27,02:49:36.7,2454339.6178,50.0,1.2,K,K,,,,missingreplog_GX17+2.csv,,,Data replog,,,GX17+2,True,IR
ir070829.0148,GX 17+2,18:16:01.2,-14:02:27,2007-08-30,03:16:00.5,2454342.6361,50.0,1.34,K,K,,,,missingreplog_GX17+2.csv,,,Data replog,,,GX17+2,True,IR
ir070829.0147,GX 17+2,18:16:01.2,-14:02:27,2007-08-30,03:14:54.3,2454342.6354,50.0,1.34,K,K,,,,missingreplog_GX17+2.csv,,,Data replog,,,GX17+2,True,IR
ir070829.0146,GX 17+2,18:16:01.2,-14:02:27,2007-08-30,03:13:48.0,2454342.6346,50.0,1.33,K,K,,,,missingreplog_GX17+2.csv,,,Data replog,,,GX17+2,True,IR
ir070829.0145,GX 17+2,18:16:01.2,-14:02:27,2007-08-30,03:12:42.0,2454342.6338,50.0,1.33,K,K,,,,missingreplog_GX17+2.csv,,,Data replog,,,GX17+2,True,IR
ir070829.0144,GX 17+2,18:16:01.2,-14:02:27,2007-08-30,03:11:36.2,2454342.6331,50.0,1.32,K,K,,,,missingreplog_GX17+2.csv,,,Data replog,,,GX17+2,True,IR
ir070829.0143,GX 17+2,18:16:01.2,-14:02:27,2007-08-30,03:10:30.0,2454342.6323,50.0,1.32,K,K,,,,missingreplog_GX17+2.csv,,,Data replog,,,GX17+2,True,IR
ir070829.0142,GX 17+2,18:16:01.2,-14:02:28,2007-08-30,03:09:23.7,2454342.6315,50.0,1.31,K,K,,,,missingreplog_GX17+2.csv,,,Data replog,,,GX17+2,True,IR
ir070829.0141,GX 17+2,18:16:01.2,-14:02:28,2007-08-30,03:08:17.7,2454342.6308,50.0,1.31,K,K,,,,missingreplog_GX17+2.csv,,,Data replog,,,GX17+2,True,IR
ir070829.0140,GX 17+2,18:16:01.2,-14:02:28,2007-08-30,03:07:11.4,2454342.63,50.0,1.3,K,K,,,,missingreplog_GX17+2.csv,,,Data replog,,,GX17+2,True,IR
ir070829.0139,GX 17+2,18:16:01.2,-14:02:29,2007-08-30,03:06:04.9,2454342.6292,50.0,1.3,K,K,,,,missingreplog_GX17+2.csv,,,Data replog,,,GX17+2,True,IR
ir070829.0138,GX 17+2,18:16:01.2,-14:02:29,2007-08-30,03:04:58.9,2454342.6285,50.0,1.3,K,K,,,,missingreplog_GX17+2.csv,,,Data replog,,,GX17+2,True,IR
ir070826.0199,GX 17+2,18:16:01.8,-14:02:14,2007-08-27,03:02:53.0,2454339.627,50.0,1.25,K,K,,,,missingreplog_GX17+2.csv,,,Data replog,,,GX17+2,True,IR
ir070826.0198,GX 17+2,18:16:01.8,-14:02:14,2007-08-27,03:01:46.4,2454339.6262,50.0,1.24,K,K,,,,missingreplog_GX17+2.csv,,,Data replog,,,GX17+2,True,IR
ir070826.0197,GX 17+2,18:16:01.8,-14:02:14,2007-08-27,03:00:40.0,2454339.6255,50.0,1.24,K,K,,,,missingreplog_GX17+2.csv,,,Data replog,,,GX17+2,True,IR
ir070826.0196,GX 17+2,18:16:01.9,-14:02:14,2007-08-27,02:59:33.7,2454339.6247,50.0,1.23,K,K,,,,missingreplog_GX17+2.csv,,,Data replog,,,GX17+2,True,IR
ir070826.0195,GX 17+2,18:16:01.9,-14:02:14,2007-08-27,02:58:27.5,2454339.6239,50.0,1.23,K,K,,,,missingreplog_GX17+2.csv,,,Data replog,,,GX17+2,True,IR
ir070826.0194,GX 17+2,18:16:01.9,-14:02:14,2007-08-27,02:57:21.0,2454339.6232,50.0,1.23,K,K,,,,missingreplog_GX17+2.csv,,,Data replog,,,GX17+2,True,IR
ir070826.0193,GX 17+2,18:16:01.9,-14:02:14,2007-08-27,02:56:14.5,2454339.6224,50.0,1.22,K,K,,,,missingreplog_GX17+2.csv,,,Data replog,,,GX17+2,True,IR
ir070826.0192,GX 17+2,18:16:01.9,-14:02:13,2007-08-27,02:55:08.3,2454339.6216,50.0,1.22,K,K,,,,missingreplog_GX17+2.csv,,,Data replog,,,GX17+2,True,IR
ir070826.0191,GX 17+2,18:16:01.9,-14:02:13,2007-08-27,02:54:01.7,2454339.6209,50.0,1.22,K,K,,,,missingreplog_GX17+2.csv,,,Data replog,,,GX17+2,True,IR
ir070826.0190,GX 17+2,18:16:01.9,-14:02:13,2007-08-27,02:52:55.4,2454339.6201,50.0,1.21,K,K,,,,missingreplog_GX17+2.csv,,,Data replog,,,GX17+2,True,IR
ir070826.0189,GX 17+2,18:16:01.9,-14:02:13,2007-08-27,02:51:49.3,2454339.6193,50.0,1.21,K,K,,,,missingreplog_GX17+2.csv,,,Data replog,,,GX17+2,True,IR
ir070826.0188,GX 17+2,18:16:01.9,-14:02:12,2007-08-27,02:50:43.0,2454339.6186,50.0,1.21,K,K,,,,missingreplog_GX17+2.csv,,,Data replog,,,GX17+2,True,IR
ir070604.0358,gx17+2,18:16:01.2,-14:02:21,2007-06-05,07:17:37,2454256.8039,60.0,1.09,K,K,,,,missingreplog_GX17+2.csv,,,Data replog,,,GX17+2,True,IR
ir070604.0356,gx17+2,18:16:01.2,-14:02:21,2007-06-05,07:15:06,2454256.8022,60.0,1.08,K,K,,,,missingreplog_GX17+2.csv,,,Data replog,,,GX17+2,True,IR
ir060713.0242,GX17+2,18:16:01.7,-14:02:08,2006-07-14,05:08:32,2453930.7143,60.0,1.13,K,K,,,,missingreplog_GX17+2.csv,,,Data replog,,,GX17+2,True,IR
ir070321.0238,gx17+2,18:16:01.3,-14:02:11,2007-03-22,08:12:38,2454181.8421,60.0,1.35,K,K,,,,missingreplog_GX17+2.csv,,,Data replog,,,GX17+2,True,IR
ir070328.0161,gx17+2,17:56:15.8,-31:11:42,2007-03-29,09:51:31,2454188.9108,50.0,1.0,H,H,,,,missingreplog_GX17+2.csv,,,Data replog,,,GX17+2,True,IR
ir070328.0160,gx17+2,17:56:15.8,-31:11:42,2007-03-29,09:50:25,2454188.91,50.0,1.0,H,H,,,,missingreplog_GX17+2.csv,,,Data replog,,,GX17+2,True,IR
ir070328.0159,gx17+2,17:56:15.7,-31:11:42,2007-03-29,09:49:20,2454188.9093,50.0,1.0,H,H,,,,missingreplog_GX17+2.csv,,,Data replog,,,GX17+2,True,IR
ir070328.0158,gx17+2,18:16:01.4,-14:02:10,2007-03-29,09:34:40,2454188.8991,60.0,1.07,K,K,,,,missingreplog_GX17+2.csv,,,Data replog,,,GX17+2,True,IR
ir070328.0157,gx17+2,18:16:01.4,-14:02:10,2007-03-29,09:33:25,2454188.8982,60.0,1.07,K,K,,,,missingreplog_GX17+2.csv,,,Data replog,,,GX17+2,True,IR
ir070328.0156,gx17+2,18:16:01.4,-14:02:10,2007-03-29,09:32:09,2454188.8973,60.0,1.07,K,K,,,,missingreplog_GX17+2.csv,,,Data replog,,,GX17+2,True,IR
ir070328.0155,gx17+2,18:16:01.3,-14:02:11,2007-03-29,09:30:53,2454188.8965,60.0,1.08,K,K,,,,missingreplog_GX17+2.csv,,,Data replog,,,GX17+2,True,IR
ir070328.0154,gx17+2,18:16:01.4,-14:02:11,2007-03-29,09:29:38,2454188.8956,60.0,1.08,K,K,,,,missingreplog_GX17+2.csv,,,Data replog,,,GX17+2,True,IR
ir070321.0241,gx17+2,18:16:01.3,-14:02:12,2007-03-22,08:16:25,2454181.8447,60.0,1.33,K,K,,,,missingreplog_GX17+2.csv,,,Data replog,,,GX17+2,True,IR
ir070321.0240,gx17+2,18:16:01.3,-14:02:12,2007-03-22,08:15:10,2454181.8439,60.0,1.33,K,K,,,,missingreplog_GX17+2.csv,,,Data replog,,,GX17+2,True,IR
ir070321.0239,gx17+2,18:16:01.3,-14:02:12,2007-03-22,08:13:54,2454181.843,60.0,1.34,K,K,,,,missingreplog_GX17+2.csv,,,Data replog,,,GX17+2,True,IR
ir070321.0237,gx17+2,18:16:01.3,-14:02:11,2007-03-22,08:11:23,2454181.8412,60.0,1.35,K,K,,,,missingreplog_GX17+2.csv,,,Data replog,,,GX17+2,True,IR
ir070827.0218,GX 17+2,18:16:01.8,-14:02:12,2007-08-28,03:34:39.2,2454340.6491,50.0,1.39,K,K,,,,missingreplog_GX17+2.csv,,,Data replog,,,GX17+2,True,IR
ir070319.0290,gx17+2,18:16:01.3,-14:02:25,2007-03-20,08:41:07,2454179.8619,60.0,1.26,K,K,,,,missingreplog_GX17+2.csv,,,Data replog,,,GX17+2,True,IR
ir070319.0289,gx17+2,18:16:01.3,-14:02:25,2007-03-20,08:39:51,2454179.861,60.0,1.27,K,K,,,,missingreplog_GX17+2.csv,,,Data replog,,,GX17+2,True,IR
ir070319.0288,gx17+2,18:16:01.3,-14:02:25,2007-03-20,08:38:36,2454179.8601,60.0,1.27,K,K,,,,missingreplog_GX17+2.csv,,,Data replog,,,GX17+2,True,IR
ir070319.0287,gx17+2,18:16:01.3,-14:02:25,2007-03-20,08:37:20,2454179.8593,60.0,1.28,K,K,,,,missingreplog_GX17+2.csv,,,Data replog,,,GX17+2,True,IR
ir070319.0286,gx17+2,18:16:01.3,-14:02:24,2007-03-20,08:36:05,2454179.8584,60.0,1.28,K,K,,,,missingreplog_GX17+2.csv,,,Data replog,,,GX17+2,True,IR
ir070317.0266,gx17+2,18:16:01.2,-14:02:11,2007-03-18,08:50:32,2454177.8684,60.0,1.26,K,K,,,,missingreplog_GX17+2.csv,,,Data replog,,,GX17+2,True,IR
ir070317.0265,gx17+2,18:16:01.2,-14:02:11,2007-03-18,08:49:17,2454177.8676,60.0,1.26,K,K,,,,missingreplog_GX17+2.csv,,,Data replog,,,GX17+2,True,IR
ir070317.0264,gx17+2,18:16:01.2,-14:02:11,2007-03-18,08:48:01,2454177.8667,60.0,1.27,K,K,,,,missingreplog_GX17+2.csv,,,Data replog,,,GX17+2,True,IR
ir070317.0263,gx17+2,18:16:01.2,-14:02:11,2007-03-18,08:46:45,2454177.8658,60.0,1.27,K,K,,,,missingreplog_GX17+2.csv,,,Data replog,,,GX17+2,True,IR
ir070317.0262,gx17+2,18:16:01.2,-14:02:11,2007-03-18,08:45:30,2454177.8649,60.0,1.28,K,K,,,,missingreplog_GX17+2.csv,,,Data replog,,,GX17+2,True,IR
ir070827.0220,GX 17+2,18:16:01.9,-14:02:12,2007-08-28,03:36:51.7,2454340.6506,50.0,1.4,K,K,,,,missingreplog_GX17+2.csv,,,Data replog,,,GX17+2,True,IR
ir070328.0162,gx17+2,17:56:15.8,-31:11:43,2007-03-29,09:52:36,2454188.9115,50.0,1.0,H,H,,,,missingreplog_GX17+2.csv,,,Data replog,,,GX17+2,True,IR
ir070328.0163,gx17+2,17:56:15.8,-31:11:42,2007-03-29,09:53:42,2454188.9123,50.0,1.0,H,H,,,,missingreplog_GX17+2.csv,,,Data replog,,,GX17+2,True,IR
ir070330.0326,gx17+2,18:16:00.6,-14:02:01,2007-03-31,08:45:57,2454190.8652,60.0,1.13,K,K,,,,missingreplog_GX17+2.csv,,,Data replog,,,GX17+2,True,IR
ir070330.0327,gx17+2,18:16:00.6,-14:02:01,2007-03-31,08:47:13,2454190.8661,60.0,1.13,K,K,,,,missingreplog_GX17+2.csv,,,Data replog,,,GX17+2,True,IR
ir070406.0383,gx17+2,18:16:00.4,-14:02:03,2007-04-07,08:43:54,2454197.8638,60.0,1.09,K,K,,,,missingreplog_GX17+2.csv,,,Data replog,,,GX17+2,True,IR
ir070406.0382,gx17+2,18:16:00.4,-14:02:03,2007-04-07,08:42:38,2454197.8629,60.0,1.09,K,K,,,,missingreplog_GX17+2.csv,,,Data replog,,,GX17+2,True,IR
ir070406.0381,gx17+2,18:16:00.4,-14:02:03,2007-04-07,08:41:23,2454197.8621,60.0,1.09,K,K,,,,missingreplog_GX17+2.csv,,,Data replog,,,GX17+2,True,IR
ir070406.0380,gx17+2,18:16:00.4,-14:02:03,2007-04-07,08:40:07,2454197.8612,60.0,1.1,K,K,,,,missingreplog_GX17+2.csv,,,Data replog,,,GX17+2,True,IR
ir070406.0379,gx17+2,18:16:00.5,-14:02:03,2007-04-07,08:38:52,2454197.8603,60.0,1.1,K,K,,,,missingreplog_GX17+2.csv,,,Data replog,,,GX17+2,True,IR
ir070403.0284,gx17+2,18:16:01.4,-14:02:11,2007-04-04,08:40:59,2454194.8618,60.0,1.11,K,K,,,,missingreplog_GX17+2.csv,,,Data replog,,,GX17+2,True,IR
ir070403.0283,gx17+2,18:16:01.3,-14:02:11,2007-04-04,08:39:43,2454194.8609,60.0,1.12,K,K,,,,missingreplog_GX17+2.csv,,,Data replog,,,GX17+2,True,IR
ir070403.0282,gx17+2,18:16:01.3,-14:02:11,2007-04-04,08:38:27,2454194.86,60.0,1.12,K,K,,,,missingreplog_GX17+2.csv,,,Data replog,,,GX17+2,True,IR
ir070403.0281,gx17+2,18:16:01.3,-14:02:11,2007-04-04,08:37:12,2454194.8592,60.0,1.12,K,K,,,,missingreplog_GX17+2.csv,,,Data replog,,,GX17+2,True,IR
ir070403.0280,gx17+2,18:16:01.3,-14:02:11,2007-04-04,08:35:56,2454194.8583,60.0,1.12,K,K,,,,missingreplog_GX17+2.csv,,,Data replog,,,GX17+2,True,IR
ir070402.0263,gx17+2,18:16:01.4,-14:02:11,2007-04-03,08:09:34,2454193.84,60.0,1.19,K,K,,,,missingreplog_GX17+2.csv,,,Data replog,,,GX17+2,True,IR
ir070402.0262,gx17+2,18:16:01.4,-14:02:11,2007-04-03,08:08:19,2454193.8391,60.0,1.19,K,K,,,,missingreplog_GX17+2.csv,,,Data replog,,,GX17+2,True,IR
ir070402.0261,gx17+2,18:16:01.4,-14:02:11,2007-04-03,08:07:03,2454193.8382,60.0,1.2,K,K,,,,missingreplog_GX17+2.csv,,,Data replog,,,GX17+2,True,IR
ir070402.0260,gx17+2,18:16:01.3,-14:02:11,2007-04-03,08:05:47,2454193.8374,60.0,1.2,K,K,,,,missingreplog_GX17+2.csv,,,Data replog,,,GX17+2,True,IR
ir070402.0259,gx17+2,18:16:01.3,-14:02:11,2007-04-03,08:04:32,2454193.8365,60.0,1.2,K,K,,,,missingreplog_GX17+2.csv,,,Data replog,,,GX17+2,True,IR
ir070331.0289,gx17+2,18:16:01.3,-14:02:12,2007-04-01,07:50:19,2454191.8266,60.0,1.28,K,K,,,,missingreplog_GX17+2.csv,,,Data replog,,,GX17+2,True,IR
ir070331.0288,gx17+2,18:16:01.3,-14:02:11,2007-04-01,07:49:03,2454191.8257,60.0,1.28,K,K,,,,missingreplog_GX17+2.csv,,,Data replog,,,GX17+2,True,IR
ir070331.0287,gx17+2,18:16:01.3,-14:02:11,2007-04-01,07:47:48,2454191.8249,60.0,1.29,K,K,,,,missingreplog_GX17+2.csv,,,Data replog,,,GX17+2,True,IR
ir070331.0286,gx17+2,18:16:01.3,-14:02:11,2007-04-01,07:46:32,2454191.824,60.0,1.29,K,K,,,,missingreplog_GX17+2.csv,,,Data replog,,,GX17+2,True,IR
ir070331.0285,gx17+2,18:16:01.3,-14:02:11,2007-04-01,07:45:17,2454191.8231,60.0,1.3,K,K,,,,missingreplog_GX17+2.csv,,,Data replog,,,GX17+2,True,IR
ir070330.0330,gx17+2,18:16:00.7,-14:02:02,2007-03-31,08:51:00,2454190.8687,60.0,1.12,K,K,,,,missingreplog_GX17+2.csv,,,Data replog,,,GX17+2,True,IR
ir070330.0329,gx17+2,18:16:00.6,-14:02:01,2007-03-31,08:49:44,2454190.8679,60.0,1.13,K,K,,,,missingreplog_GX17+2.csv,,,Data replog,,,GX17+2,True,IR
ir070330.0328,gx17+2,18:16:00.6,-14:02:01,2007-03-31,08:48:29,2454190.867,60.0,1.13,K,K,,,,missingreplog_GX17+2.csv,,,Data replog,,,GX17+2,True,IR
ir070827.0219,GX 17+2,18:16:01.9,-14:02:12,2007-08-28,03:35:45.5,2454340.6498,50.0,1.4,K,K,,,,missingreplog_GX17+2.csv,,,Data replog,,,GX17+2,True,IR
ir070827.0217,GX 17+2,18:16:01.8,-14:02:12,2007-08-28,03:33:33.4,2454340.6483,50.0,1.39,K,K,,,,missingreplog_GX17+2.csv,,,Data replog,,,GX17+2,True,IR
ir070604.0355,gx17+2,18:16:01.2,-14:02:21,2007-06-05,07:13:51,2454256.8013,60.0,1.08,K,K,,,,missingreplog_GX17+2.csv,,,Data replog,,,GX17+2,True,IR
ir060713.0255,GX17+2,18:16:01.8,-14:02:08,2006-07-14,05:26:48,2453930.727,60.0,1.17,J,J,,,,missingreplog_GX17+2.csv,,,Data replog,,,GX17+2,True,IR
ir070315.0165,gx17+2,18:16:01.3,-14:02:13,2007-03-16,09:20:08,2454175.889,60.0,1.19,K,K,,,,missingreplog_GX17+2.csv,,,Data replog,,,GX17+2,True,IR
ir060819.0094,GX17+2,18:16:01.8,-14:00:39,2006-08-20,01:38:09,2453967.5682,205.0,1.05,J,J,,,,missingreplog_GX17+2.csv,,,Data replog,,,GX17+2,True,IR
ir060819.0093,GX17+2,18:16:01.7,-14:00:40,2006-08-20,01:30:22,2453967.5628,205.0,1.05,J,J,,,,missingreplog_GX17+2.csv,,,Data replog,,,GX17+2,True,IR
ir060819.0092,GX17+2,18:16:01.7,-14:00:40,2006-08-20,01:30:22,2453967.5628,205.0,1.05,J,J,,,,missingreplog_GX17+2.csv,,,Data replog,,,GX17+2,True,IR
ir060819.0091,GX17+2,18:16:01.6,-14:00:39,2006-08-20,01:26:15,2453967.5599,205.0,1.04,H,H,,,,missingreplog_GX17+2.csv,,,Data replog,,,GX17+2,True,IR
ir060819.0090,GX17+2,18:16:01.5,-14:00:40,2006-08-20,01:18:28,2453967.5545,205.0,1.04,H,H,,,,missingreplog_GX17+2.csv,,,Data replog,,,GX17+2,True,IR
ir060819.0089,GX17+2,18:16:01.5,-14:00:40,2006-08-20,01:18:28,2453967.5545,205.0,1.04,H,H,,,,missingreplog_GX17+2.csv,,,Data replog,,,GX17+2,True,IR
ir060819.0088,GX17+2,18:16:01.5,-14:00:41,2006-08-20,01:14:21,2453967.5516,205.0,1.04,K,K,,,,missingreplog_GX17+2.csv,,,Data replog,,,GX17+2,True,IR
ir060819.0087,GX17+2,18:16:01.5,-14:00:43,2006-08-20,01:06:36,2453967.5463,205.0,1.04,K,K,,,,missingreplog_GX17+2.csv,,,Data replog,,,GX17+2,True,IR
ir060819.0086,GX17+2,18:16:01.5,-14:00:43,2006-08-20,01:06:36,2453967.5463,205.0,1.04,K,K,,,,missingreplog_GX17+2.csv,,,Data replog,,,GX17+2,True,IR
ir060713.0256,GX17+2,18:16:01.9,-14:02:08,2006-07-14,05:28:11,2453930.7279,60.0,1.17,J,J,,,,missingreplog_GX17+2.csv,,,Data replog,,,GX17+2,True,IR
ir060713.0254,GX17+2,18:16:01.8,-14:02:08,2006-07-14,05:25:25,2453930.726,60.0,1.16,J,J,,,,missingreplog_GX17+2.csv,,,Data replog,,,GX17+2,True,IR
ir070827.0216,GX 17+2,18:16:01.8,-14:02:12,2007-08-28,03:32:27.3,2454340.6475,50.0,1.38,K,K,,,,missingreplog_GX17+2.csv,,,Data replog,,,GX17+2,True,IR
ir060713.0253,GX17+2,18:16:01.8,-14:02:08,2006-07-14,05:24:03,2453930.725,60.0,1.16,J,J,,,,missingreplog_GX17+2.csv,,,Data replog,,,GX17+2,True,IR
ir060713.0252,GX17+2,18:16:01.8,-14:02:08,2006-07-14,05:22:40,2453930.7241,60.0,1.16,J,J,,,,missingreplog_GX17+2.csv,,,Data replog,,,GX17+2,True,IR
ir060713.0251,GX17+2,18:16:01.7,-14:02:08,2006-07-14,05:21:09,2453930.723,60.0,1.15,H,H,,,,missingreplog_GX17+2.csv,,,Data replog,,,GX17+2,True,IR
ir060713.0250,GX17+2,18:16:01.7,-14:02:08,2006-07-14,05:19:46,2453930.7221,60.0,1.15,H,H,,,,missingreplog_GX17+2.csv,,,Data replog,,,GX17+2,True,IR
ir060713.0249,GX17+2,18:16:01.7,-14:02:08,2006-07-14,05:18:23,2453930.7211,60.0,1.15,H,H,,,,missingreplog_GX17+2.csv,,,Data replog,,,GX17+2,True,IR
ir060713.0248,GX17+2,18:16:01.7,-14:02:08,2006-07-14,05:17:00,2453930.7201,60.0,1.14,H,H,,,,missingreplog_GX17+2.csv,,,Data replog,,,GX17+2,True,IR
ir060713.0247,GX17+2,18:16:01.7,-14:02:08,2006-07-14,05:15:37,2453930.7192,60.0,1.14,H,H,,,,missingreplog_GX17+2.csv,,,Data replog,,,GX17+2,True,IR
ir060713.0246,GX17+2,18:16:01.7,-14:02:08,2006-07-14,05:14:04,2453930.7181,60.0,1.14,K,K,,,,missingreplog_GX17+2.csv,,,Data replog,,,GX17+2,True,IR
ir060713.0245,GX17+2,18:16:01.7,-14:02:08,2006-07-14,05:12:42,2453930.7171,60.0,1.13,K,K,,,,missingreplog_GX17+2.csv,,,Data replog,,,GX17+2,True,IR
ir060713.0244,GX17+2,18:16:01.7,-14:02:08,2006-07-14,05:11:18,2453930.7162,60.0,1.13,K,K,,,,missingreplog_GX17+2.csv,,,Data replog,,,GX17+2,True,IR
ir060713.0243,GX17+2,18:16:01.7,-14:02:08,2006-07-14,05:09:55,2453930.7152,60.0,1.13,K,K,,,,missingreplog_GX17+2.csv,,,Data replog,,,GX17+2,True,IR
ir070315.0166,gx17+2,18:16:01.4,-14:02:13,2007-03-16,09:21:24,2454175.8899,60.0,1.19,K,K,,,,missingreplog_GX17+2.csv,,,Data replog,,,GX17+2,True,IR
ir070315.0167,gx17+2,18:16:01.4,-14:02:13,2007-03-16,09:22:40,2454175.8907,60.0,1.18,K,K,,,,missingreplog_GX17+2.csv,,,Data replog,,,GX17+2,True,IR
ir070315.0168,gx17+2,18:16:01.4,-14:02:14,2007-03-16,09:23:56,2454175.8916,60.0,1.18,K,K,,,,missingreplog_GX17+2.csv,,,Data replog,,,GX17+2,True,IR
ir070315.0169,gx17+2,18:16:01.4,-14:02:13,2007-03-16,09:25:11,2454175.8925,60.0,1.18,K,K,,,,missingreplog_GX17+2.csv,,,Data replog,,,GX17+2,True,IR
ir070827.0215,GX 17+2,18:16:01.8,-14:02:12,2007-08-28,03:31:21.3,2454340.6468,50.0,1.38,K,K,,,,missingreplog_GX17+2.csv,,,Data replog,,,GX17+2,True,IR
ir070827.0214,GX 17+2,18:16:01.8,-14:02:11,2007-08-28,03:30:15.3,2454340.646,50.0,1.37,K,K,,,,missingreplog_GX17+2.csv,,,Data replog,,,GX17+2,True,IR
ir070827.0213,GX 17+2,18:16:01.8,-14:02:11,2007-08-28,03:27:53.2,2454340.6444,50.0,1.36,K,K,,,,missingreplog_GX17+2.csv,,,Data replog,,,GX17+2,True,IR
ir070827.0212,GX 17+2,18:16:01.8,-14:02:11,2007-08-28,03:27:53.2,2454340.6444,50.0,1.36,K,K,,,,missingreplog_GX17+2.csv,,,Data replog,,,GX17+2,True,IR
ir070827.0211,GX 17+2,18:16:01.8,-14:02:11,2007-08-28,03:26:47.0,2454340.6436,50.0,1.35,K,K,,,,missingreplog_GX17+2.csv,,,Data replog,,,GX17+2,True,IR
ir070827.0210,GX 17+2,18:16:01.7,-14:02:10,2007-08-28,03:25:41.2,2454340.6428,50.0,1.35,K,K,,,,missingreplog_GX17+2.csv,,,Data replog,,,GX17+2,True,IR
ir070827.0209,GX 17+2,18:16:01.7,-14:02:10,2007-08-28,03:24:35.4,2454340.6421,50.0,1.34,K,K,,,,missingreplog_GX17+2.csv,,,Data replog,,,GX17+2,True,IR
ir070827.0208,GX 17+2,18:16:01.7,-14:02:10,2007-08-28,03:23:29.4,2454340.6413,50.0,1.34,K,K,,,,missingreplog_GX17+2.csv,,,Data replog,,,GX17+2,True,IR
ir070827.0207,GX 17+2,18:16:01.7,-14:02:10,2007-08-28,03:22:23.2,2454340.6406,50.0,1.33,K,K,,,,missingreplog_GX17+2.csv,,,Data replog,,,GX17+2,True,IR
ir070827.0206,GX 17+2,18:16:01.7,-14:02:10,2007-08-28,03:21:17.5,2454340.6398,50.0,1.33,K,K,,,,missingreplog_GX17+2.csv,,,Data replog,,,GX17+2,True,IR
ir070827.0205,GX 17+2,18:16:01.7,-14:02:10,2007-08-28,03:20:11.0,2454340.639,50.0,1.33,K,K,,,,missingreplog_GX17+2.csv,,,Data replog,,,GX17+2,True,IR
ir070827.0204,GX 17+2,18:16:01.7,-14:02:10,2007-08-28,03:19:04.8,2454340.6382,50.0,1.32,K,K,,,,missingreplog_GX17+2.csv,,,Data replog,,,GX17+2,True,IR
ir070827.0203,GX 17+2,18:16:01.7,-14:02:10,2007-08-28,03:17:58.8,2454340.6375,50.0,1.32,K,K,,,,missingreplog_GX17+2.csv,,,Data replog,,,GX17+2,True,IR
ir070701.0284,gx17+2,18:16:01.3,-14:02:11,2007-07-02,07:26:02.9,2454283.8098,60.0,1.43,K,K,,,,missingreplog_GX17+2.csv,,,Data replog,,,GX17+2,True,IR
ir070701.0283,gx17+2,18:16:01.3,-14:02:11,2007-07-02,07:24:47.1,2454283.8089,60.0,1.42,K,K,,,,missingreplog_GX17+2.csv,,,Data replog,,,GX17+2,True,IR
ir070701.0282,gx17+2,18:16:01.3,-14:02:10,2007-07-02,07:23:31.2,2454283.808,60.0,1.42,K,K,,,,missingreplog_GX17+2.csv,,,Data replog,,,GX17+2,True,IR
ir070701.0281,gx17+2,18:16:01.3,-14:02:11,2007-07-02,07:22:15.3,2454283.8071,60.0,1.41,K,K,,,,missingreplog_GX17+2.csv,,,Data replog,,,GX17+2,True,IR
ir070701.0280,gx17+2,18:16:01.3,-14:02:10,2007-07-02,07:20:59.7,2454283.8062,60.0,1.4,K,K,,,,missingreplog_GX17+2.csv,,,Data replog,,,GX17+2,True,IR
ir070407.0272,gx17+2,18:16:00.6,-14:02:02,2007-04-08,07:59:04,2454198.8327,60.0,1.17,K,K,,,,missingreplog_GX17+2.csv,,,Data replog,,,GX17+2,True,IR
ir070407.0271,gx17+2,18:16:00.6,-14:02:02,2007-04-08,07:57:48,2454198.8318,60.0,1.17,K,K,,,,missingreplog_GX17+2.csv,,,Data replog,,,GX17+2,True,IR
ir070407.0270,gx17+2,18:16:00.6,-14:02:02,2007-04-08,07:56:32,2454198.8309,60.0,1.17,K,K,,,,missingreplog_GX17+2.csv,,,Data replog,,,GX17+2,True,IR
ir070407.0269,gx17+2,18:16:00.5,-14:02:02,2007-04-08,07:55:17,2454198.8301,60.0,1.18,K,K,,,,missingreplog_GX17+2.csv,,,Data replog,,,GX17+2,True,IR
ir070407.0268,gx17+2,18:16:00.5,-14:02:02,2007-04-08,07:54:01,2454198.8292,60.0,1.18,K,K,,,,missingreplog_GX17+2.csv,,,Data replog,,,GX17+2,True,IR
ir070408.0318,gx17+2,18:16:02.6,-14:02:11,2007-04-09,08:19:29,2454199.8469,60.0,1.12,K,K,,,,missingreplog_GX17+2.csv,,,Data replog,,,GX17+2,True,IR
ir070408.0319,gx17+2,18:16:02.6,-14:02:12,2007-04-09,08:20:45,2454199.8477,60.0,1.11,K,K,,,,missingreplog_GX17+2.csv,,,Data replog,,,GX17+2,True,IR
ir070408.0320,gx17+2,18:16:02.6,-14:02:12,2007-04-09,08:22:00,2454199.8486,60.0,1.11,K,K,,,,missingreplog_GX17+2.csv,,,Data replog,,,GX17+2,True,IR
ir070513.0280,gx17+2,18:16:03.2,-14:02:08,2007-05-14,08:50:11,2454234.8682,60.0,1.09,K,K,,,,missingreplog_GX17+2.csv,,,Data replog,,,GX17+2,True,IR
ir070517.0224,gx17+2,18:16:01.4,-14:02:11,2007-05-18,07:12:37,2454238.8004,60.0,1.04,K,K,,,,missingreplog_GX17+2.csv,,,Data replog,,,GX17+2,True,IR
ir070517.0223,gx17+2,18:16:01.4,-14:02:11,2007-05-18,07:11:22,2454238.7996,60.0,1.04,K,K,,,,missingreplog_GX17+2.csv,,,Data replog,,,GX17+2,True,IR
ir070517.0222,gx17+2,18:16:01.4,-14:02:11,2007-05-18,07:10:06,2454238.7987,60.0,1.04,K,K,,,,missingreplog_GX17+2.csv,,,Data replog,,,GX17+2,True,IR
ir070517.0221,gx17+2,18:16:01.4,-14:02:10,2007-05-18,07:08:51,2454238.7978,60.0,1.04,K,K,,,,missingreplog_GX17+2.csv,,,Data replog,,,GX17+2,True,IR
ir070513.0287,gx17+2,18:16:03.1,-14:02:07,2007-05-14,09:00:17,2454234.8752,60.0,1.11,K,K,,,,missingreplog_GX17+2.csv,,,Data replog,,,GX17+2,True,IR
ir070513.0286,gx17+2,18:16:03.1,-14:02:07,2007-05-14,08:59:02,2454234.8743,60.0,1.11,K,K,,,,missingreplog_GX17+2.csv,,,Data replog,,,GX17+2,True,IR
ir070513.0285,gx17+2,18:16:03.1,-14:02:07,2007-05-14,08:57:43,2454234.8734,60.0,1.11,K,K,,,,missingreplog_GX17+2.csv,,,Data replog,,,GX17+2,True,IR
ir070513.0284,gx17+2,18:16:03.1,-14:02:07,2007-05-14,08:56:27,2454234.8725,60.0,1.1,K,K,,,,missingreplog_GX17+2.csv,,,Data replog,,,GX17+2,True,IR
ir070513.0283,gx17+2,18:16:03.1,-14:02:08,2007-05-14,08:55:12,2454234.8717,60.0,1.1,K,K,,,,missingreplog_GX17+2.csv,,,Data replog,,,GX17+2,True,IR
ir070513.0282,gx17+2,18:16:03.2,-14:02:08,2007-05-14,08:52:41,2454234.8699,60.0,1.1,K,K,,,,missingreplog_GX17+2.csv,,,Data replog,,,GX17+2,True,IR
ir070513.0281,gx17+2,18:16:03.1,-14:02:08,2007-05-14,08:51:26,2454234.8691,60.0,1.1,K,K,,,,missingreplog_GX17+2.csv,,,Data replog,,,GX17+2,True,IR
ir070510.0500,gx17+2,18:15:59.9,-14:02:27,2007-05-11,08:13:36,2454231.8428,60.0,1.05,K,K,,,,missingreplog_GX17+2.csv,,,Data replog,,,GX17+2,True,IR
ir070408.0321,gx17+2,18:16:02.6,-14:02:12,2007-04-09,08:23:16,2454199.8495,60.0,1.11,K,K,,,,missingreplog_GX17+2.csv,,,Data replog,,,GX17+2,True,IR
ir070510.0499,gx17+2,18:15:59.9,-14:02:27,2007-05-11,08:12:21,2454231.8419,60.0,1.05,K,K,,,,missingreplog_GX17+2.csv,,,Data replog,,,GX17+2,True,IR
ir070510.0498,gx17+2,18:15:59.9,-14:02:27,2007-05-11,08:11:06,2454231.841,60.0,1.05,K,K,,,,missingreplog_GX17+2.csv,,,Data replog,,,GX17+2,True,IR
ir070510.0497,gx17+2,18:15:59.9,-14:02:27,2007-05-11,08:09:50,2454231.8402,60.0,1.05,K,K,,,,missingreplog_GX17+2.csv,,,Data replog,,,GX17+2,True,IR
ir070510.0496,gx17+2,18:15:59.9,-14:02:27,2007-05-11,08:08:35,2454231.8393,60.0,1.05,K,K,,,,missingreplog_GX17+2.csv,,,Data replog,,,GX17+2,True,IR
ir070503.0165,gx17+2,18:16:01.4,-14:02:12,2007-05-04,06:41:02,2454224.7785,60.0,1.12,K,K,,,,missingreplog_GX17+2.csv,,,Data replog,,,GX17+2,True,IR
ir070503.0164,gx17+2,18:16:01.4,-14:02:11,2007-05-04,06:39:47,2454224.7776,60.0,1.12,K,K,,,,missingreplog_GX17+2.csv,,,Data replog,,,GX17+2,True,IR
ir070503.0163,gx17+2,18:16:01.3,-14:02:11,2007-05-04,06:38:31,2454224.7768,60.0,1.12,K,K,,,,missingreplog_GX17+2.csv,,,Data replog,,,GX17+2,True,IR
ir070503.0162,gx17+2,18:16:01.3,-14:02:11,2007-05-04,06:37:15,2454224.7759,60.0,1.12,K,K,,,,missingreplog_GX17+2.csv,,,Data replog,,,GX17+2,True,IR
ir070503.0161,gx17+2,18:16:01.3,-14:02:11,2007-05-04,06:36:00,2454224.775,60.0,1.13,K,K,,,,missingreplog_GX17+2.csv,,,Data replog,,,GX17+2,True,IR
ir070429.0301,gx17+2,18:16:03.0,-14:02:14,2007-04-30,06:59:41,2454220.7914,60.0,1.11,K,K,,,,missingreplog_GX17+2.csv,,,Data replog,,,GX17+2,True,IR
ir070429.0300,gx17+2,18:16:03.0,-14:02:14,2007-04-30,06:58:26,2454220.7906,60.0,1.11,K,K,,,,missingreplog_GX17+2.csv,,,Data replog,,,GX17+2,True,IR
ir070517.0225,gx17+2,18:16:01.4,-14:02:11,2007-05-18,07:13:53,2454238.8013,60.0,1.04,K,K,,,,missingreplog_GX17+2.csv,,,Data replog,,,GX17+2,True,IR
ir070519.0232,gx17+2,18:16:01.3,-14:02:11,2007-05-20,07:58:08,2454240.832,60.0,1.06,K,K,,,,missingreplog_GX17+2.csv,,,Data replog,,,GX17+2,True,IR
ir070519.0233,gx17+2,18:16:01.4,-14:02:11,2007-05-20,07:59:23,2454240.8329,60.0,1.06,K,K,,,,missingreplog_GX17+2.csv,,,Data replog,,,GX17+2,True,IR
ir070519.0234,gx17+2,18:16:01.4,-14:02:11,2007-05-20,08:00:38,2454240.8338,60.0,1.06,K,K,,,,missingreplog_GX17+2.csv,,,Data replog,,,GX17+2,True,IR
ir070604.0354,gx17+2,18:16:01.2,-14:02:21,2007-06-05,07:12:36,2454256.8004,60.0,1.08,K,K,,,,missingreplog_GX17+2.csv,,,Data replog,,,GX17+2,True,IR
ir070603.0257,gx17+2,18:16:01.3,-14:02:11,2007-06-04,07:46:58,2454255.8243,60.0,1.13,K,K,,,,missingreplog_GX17+2.csv,,,Data replog,,,GX17+2,True,IR
ir070603.0256,gx17+2,18:16:01.3,-14:02:10,2007-06-04,07:45:43,2454255.8234,60.0,1.12,K,K,,,,missingreplog_GX17+2.csv,,,Data replog,,,GX17+2,True,IR
ir070603.0255,gx17+2,18:16:01.3,-14:02:10,2007-06-04,07:44:27,2454255.8225,60.0,1.12,K,K,,,,missingreplog_GX17+2.csv,,,Data replog,,,GX17+2,True,IR
ir070603.0254,gx17+2,18:16:01.3,-14:02:10,2007-06-04,07:43:12,2454255.8217,60.0,1.12,K,K,,,,missingreplog_GX17+2.csv,,,Data replog,,,GX17+2,True,IR
ir070603.0253,gx17+2,18:16:01.3,-14:02:10,2007-06-04,07:41:57,2454255.8208,60.0,1.12,K,K,,,,missingreplog_GX17+2.csv,,,Data replog,,,GX17+2,True,IR
ir070526.0352,gx17+2,18:16:03.0,-14:02:23,2007-05-27,07:29:31,2454247.8122,60.0,1.06,K,K,,,,missingreplog_GX17+2.csv,,,Data replog,,,GX17+2,True,IR
ir070526.0351,gx17+2,18:16:03.0,-14:02:23,2007-05-27,07:28:16,2454247.8113,60.0,1.06,K,K,,,,missingreplog_GX17+2.csv,,,Data replog,,,GX17+2,True,IR
ir070526.0350,gx17+2,18:16:03.0,-14:02:23,2007-05-27,07:27:01,2454247.8104,60.0,1.06,K,K,,,,missingreplog_GX17+2.csv,,,Data replog,,,GX17+2,True,IR
ir070526.0349,gx17+2,18:16:03.0,-14:02:23,2007-05-27,07:25:45,2454247.8096,60.0,1.06,K,K,,,,missingreplog_GX17+2.csv,,,Data replog,,,GX17+2,True,IR
ir070526.0348,gx17+2,18:16:03.0,-14:02:23,2007-05-27,07:24:30,2454247.8087,60.0,1.06,K,K,,,,missingreplog_GX17+2.csv,,,Data replog,,,GX17+2,True,IR
ir070523.0277,gx17+2,18:16:01.4,-14:02:10,2007-05-24,05:58:44,2454244.7491,60.0,1.07,K,K,,,,missingreplog_GX17+2.csv,,,Data replog,,,GX17+2,True,IR
ir070523.0276,gx17+2,18:16:01.4,-14:02:10,2007-05-24,05:57:29,2454244.7483,60.0,1.07,K,K,,,,missingreplog_GX17+2.csv,,,Data replog,,,GX17+2,True,IR
ir070523.0275,gx17+2,18:16:01.4,-14:02:10,2007-05-24,05:56:13,2454244.7474,60.0,1.07,K,K,,,,missingreplog_GX17+2.csv,,,Data replog,,,GX17+2,True,IR
ir070523.0274,gx17+2,18:16:01.4,-14:02:10,2007-05-24,05:54:58,2454244.7465,60.0,1.07,K,K,,,,missingreplog_GX17+2.csv,,,Data replog,,,GX17+2,True,IR
ir070523.0273,gx17+2,18:16:01.3,-14:02:11,2007-05-24,05:53:43,2454244.7456,60.0,1.07,K,K,,,,missingreplog_GX17+2.csv,,,Data replog,,,GX17+2,True,IR
ir070521.0216,gx17+2,18:16:01.4,-14:02:11,2007-05-22,07:21:31,2454242.8066,60.0,1.04,K,K,,,,missingreplog_GX17+2.csv,,,Data replog,,,GX17+2,True,IR
ir070521.0215,gx17+2,18:16:01.4,-14:02:11,2007-05-22,07:20:16,2454242.8057,60.0,1.04,K,K,,,,missingreplog_GX17+2.csv,,,Data replog,,,GX17+2,True,IR
ir070521.0214,gx17+2,18:16:01.4,-14:02:11,2007-05-22,07:19:00,2454242.8049,60.0,1.04,K,K,,,,missingreplog_GX17+2.csv,,,Data replog,,,GX17+2,True,IR
ir070521.0213,gx17+2,18:16:01.4,-14:02:11,2007-05-22,07:17:45,2454242.804,60.0,1.04,K,K,,,,missingreplog_GX17+2.csv,,,Data replog,,,GX17+2,True,IR
ir070521.0212,gx17+2,18:16:01.4,-14:02:11,2007-05-22,07:16:30,2454242.8031,60.0,1.04,K,K,,,,missingreplog_GX17+2.csv,,,Data replog,,,GX17+2,True,IR
ir070519.0236,gx17+2,18:16:01.5,-14:02:12,2007-05-20,08:03:09,2454240.8355,60.0,1.07,K,K,,,,missingreplog_GX17+2.csv,,,Data replog,,,GX17+2,True,IR
ir070519.0235,gx17+2,18:16:01.4,-14:02:11,2007-05-20,08:01:54,2454240.8347,60.0,1.06,K,K,,,,missingreplog_GX17+2.csv,,,Data replog,,,GX17+2,True,IR
ir070429.0299,gx17+2,18:16:03.0,-14:02:13,2007-04-30,06:57:10,2454220.7897,60.0,1.12,K,K,,,,missingreplog_GX17+2.csv,,,Data replog,,,GX17+2,True,IR
ir070429.0298,gx17+2,18:16:03.0,-14:02:13,2007-04-30,06:55:54,2454220.7888,60.0,1.12,K,K,,,,missingreplog_GX17+2.csv,,,Data replog,,,GX17+2,True,IR
ir070429.0297,gx17+2,18:16:03.0,-14:02:13,2007-04-30,06:54:39,2454220.7879,60.0,1.12,K,K,,,,missingreplog_GX17+2.csv,,,Data replog,,,GX17+2,True,IR
ir070419.0065,gx17+2,18:16:01.0,-14:02:06,2007-04-20,07:37:36,2454210.8178,60.0,1.11,K,K,,,,missingreplog_GX17+2.csv,,,Data replog,,,GX17+2,True,IR
ir070419.0063,gx17+2,18:16:01.0,-14:02:06,2007-04-20,07:35:04,2454210.816,60.0,1.12,K,K,,,,missingreplog_GX17+2.csv,,,Data replog,,,GX17+2,True,IR
ir070419.0062,gx17+2,18:16:01.0,-14:02:06,2007-04-20,07:33:49,2454210.8152,60.0,1.12,K,K,,,,missingreplog_GX17+2.csv,,,Data replog,,,GX17+2,True,IR
ir070418.0097,gx17+2,18:16:01.3,-14:02:10,2007-04-19,08:56:15,2454209.8724,60.0,1.04,K,K,,,,missingreplog_GX17+2.csv,,,Data replog,,,GX17+2,True,IR
ir070418.0096,gx17+2,18:16:01.3,-14:02:10,2007-04-19,08:55:00,2454209.8715,60.0,1.04,K,K,,,,missingreplog_GX17+2.csv,,,Data replog,,,GX17+2,True,IR
ir070418.0095,gx17+2,18:16:01.4,-14:02:10,2007-04-19,08:53:44,2454209.8706,60.0,1.04,K,K,,,,missingreplog_GX17+2.csv,,,Data replog,,,GX17+2,True,IR
ir070418.0094,gx17+2,18:16:01.4,-14:02:10,2007-04-19,08:52:28,2454209.8698,60.0,1.04,K,K,,,,missingreplog_GX17+2.csv,,,Data replog,,,GX17+2,True,IR
ir070418.0093,gx17+2,18:16:01.3,-14:02:11,2007-04-19,08:51:13,2454209.8689,60.0,1.04,K,K,,,,missingreplog_GX17+2.csv,,,Data replog,,,GX17+2,True,IR
ir070416.0159,gx17+2,18:16:01.4,-14:02:11,2007-04-17,08:20:30,2454207.8476,60.0,1.07,K,K,,,,missingreplog_GX17+2.csv,,,Data replog,,,GX17+2,True,IR
ir070416.0158,gx17+2,18:16:01.4,-14:02:11,2007-04-17,08:19:15,2454207.8467,60.0,1.07,K,K,,,,missingreplog_GX17+2.csv,,,Data replog,,,GX17+2,True,IR
ir070416.0157,gx17+2,18:16:01.4,-14:02:11,2007-04-17,08:17:59,2454207.8458,60.0,1.07,K,K,,,,missingreplog_GX17+2.csv,,,Data replog,,,GX17+2,True,IR
ir070416.0156,gx17+2,18:16:01.3,-14:02:11,2007-04-17,08:16:44,2454207.8449,60.0,1.07,K,K,,,,missingreplog_GX17+2.csv,,,Data replog,,,GX17+2,True,IR
ir070416.0155,gx17+2,18:16:01.4,-14:02:11,2007-04-17,08:15:28,2454207.8441,60.0,1.08,K,K,,,,missingreplog_GX17+2.csv,,,Data replog,,,GX17+2,True,IR
ir070411.0148,gx17+2,18:16:02.9,-14:02:02,2007-04-12,08:23:38,2454202.8498,60.0,1.09,K,K,,,,missingreplog_GX17+2.csv,,,Data replog,,,GX17+2,True,IR
ir070411.0147,gx17+2,18:16:02.9,-14:02:02,2007-04-12,08:22:22,2454202.8489,60.0,1.09,K,K,,,,missingreplog_GX17+2.csv,,,Data replog,,,GX17+2,True,IR
ir070411.0146,gx17+2,18:16:03.0,-14:02:02,2007-04-12,08:21:07,2454202.848,60.0,1.09,K,K,,,,missingreplog_GX17+2.csv,,,Data replog,,,GX17+2,True,IR
ir070411.0145,gx17+2,18:16:03.0,-14:02:02,2007-04-12,08:19:51,2454202.8471,60.0,1.1,K,K,,,,missingreplog_GX17+2.csv,,,Data replog,,,GX17+2,True,IR
ir070411.0144,gx17+2,18:16:03.0,-14:02:02,2007-04-12,08:18:35,2454202.8462,60.0,1.1,K,K,,,,missingreplog_GX17+2.csv,,,Data replog,,,GX17+2,True,IR
ir070410.0098,gx17+2,18:16:02.0,-14:02:10,2007-04-11,07:44:12,2454201.8224,60.0,1.18,K,K,,,,missingreplog_GX17+2.csv,,,Data replog,,,GX17+2,True,IR
ir070410.0097,gx17+2,18:16:02.0,-14:02:10,2007-04-11,07:42:56,2454201.8215,60.0,1.18,K,K,,,,missingreplog_GX17+2.csv,,,Data replog,,,GX17+2,True,IR
ir070410.0096,gx17+2,18:16:01.9,-14:02:11,2007-04-11,07:41:41,2454201.8206,60.0,1.18,K,K,,,,missingreplog_GX17+2.csv,,,Data replog,,,GX17+2,True,IR
ir070410.0095,gx17+2,18:16:01.9,-14:02:11,2007-04-11,07:40:25,2454201.8197,60.0,1.18,K,K,,,,missingreplog_GX17+2.csv,,,Data replog,,,GX17+2,True,IR
ir070410.0094,gx17+2,18:16:01.9,-14:02:11,2007-04-11,07:39:10,2454201.8189,60.0,1.19,K,K,,,,missingreplog_GX17+2.csv,,,Data replog,,,GX17+2,True,IR
ir070408.0322,gx17+2,18:16:02.6,-14:02:12,2007-04-09,08:24:32,2454199.8504,60.0,1.11,K,K,,,,missingreplog_GX17+2.csv,,,Data replog,,,GX17+2,True,IR
ir070419.0064,gx17+2,18:16:01.0,-14:02:06,2007-04-20,07:36:20,2454210.8169,60.0,1.12,K,K,,,,missingreplog_GX17+2.csv,,,Data replog,,,GX17+2,True,IR
ir070419.0066,gx17+2,18:16:01.0,-14:02:06,2007-04-20,07:38:51,2454210.8186,60.0,1.11,K,K,,,,missingreplog_GX17+2.csv,,,Data replog,,,GX17+2,True,IR
ir070428.0328,gx17+2,18:16:02.0,-14:02:05,2007-04-29,08:48:21,2454219.8669,60.0,1.04,K,K,,,,missingreplog_GX17+2.csv,,,Data replog,,,GX17+2,True,IR
ir070420.0124,gx17+2,18:16:00.4,-14:02:06,2007-04-21,07:31:17,2454211.8134,60.0,1.12,K,K,,,,missingreplog_GX17+2.csv,,,Data replog,,,GX17+2,True,IR
ir070428.0327,gx17+2,18:16:02.0,-14:02:04,2007-04-29,08:47:05,2454219.866,60.0,1.04,K,K,,,,missingreplog_GX17+2.csv,,,Data replog,,,GX17+2,True,IR
ir070428.0326,gx17+2,18:16:02.0,-14:02:05,2007-04-29,08:45:50,2454219.8652,60.0,1.04,K,K,,,,missingreplog_GX17+2.csv,,,Data replog,,,GX17+2,True,IR
ir070428.0325,gx17+2,18:16:01.9,-14:02:05,2007-04-29,08:44:34,2454219.8643,60.0,1.04,K,K,,,,missingreplog_GX17+2.csv,,,Data replog,,,GX17+2,True,IR
ir070428.0324,gx17+2,18:16:01.9,-14:02:04,2007-04-29,08:43:18,2454219.8634,60.0,1.04,K,K,,,,missingreplog_GX17+2.csv,,,Data replog,,,GX17+2,True,IR
ir070427.0239,gx17+2,18:16:01.3,-14:02:10,2007-04-28,07:35:11,2454218.8161,60.0,1.07,K,K,,,,missingreplog_GX17+2.csv,,,Data replog,,,GX17+2,True,IR
ir070427.0238,gx17+2,18:16:01.3,-14:02:11,2007-04-28,07:33:55,2454218.8152,60.0,1.07,K,K,,,,missingreplog_GX17+2.csv,,,Data replog,,,GX17+2,True,IR
ir070427.0237,gx17+2,18:16:01.3,-14:02:11,2007-04-28,07:32:39,2454218.8144,60.0,1.08,K,K,,,,missingreplog_GX17+2.csv,,,Data replog,,,GX17+2,True,IR
ir070427.0236,gx17+2,18:16:01.3,-14:02:11,2007-04-28,07:31:23,2454218.8135,60.0,1.08,K,K,,,,missingreplog_GX17+2.csv,,,Data replog,,,GX17+2,True,IR
ir070427.0235,gx17+2,18:16:01.3,-14:02:11,2007-04-28,07:30:08,2454218.8126,60.0,1.08,K,K,,,,missingreplog_GX17+2.csv,,,Data replog,,,GX17+2,True,IR
ir070426.0294,gx17+2,18:16:02.9,-14:02:06,2007-04-27,08:24:37,2454217.8504,60.0,1.04,K,K,,,,missingreplog_GX17+2.csv,,,Data replog,,,GX17+2,True,IR
ir070426.0293,gx17+2,18:16:02.9,-14:02:06,2007-04-27,08:23:21,2454217.8496,60.0,1.04,K,K,,,,missingreplog_GX17+2.csv,,,Data replog,,,GX17+2,True,IR
ir070426.0292,gx17+2,18:16:02.9,-14:02:06,2007-04-27,08:22:06,2454217.8487,60.0,1.04,K,K,,,,missingreplog_GX17+2.csv,,,Data replog,,,GX17+2,True,IR
ir070426.0291,gx17+2,18:16:02.9,-14:02:06,2007-04-27,08:20:50,2454217.8478,60.0,1.04,K,K,,,,missingreplog_GX17+2.csv,,,Data replog,,,GX17+2,True,IR
ir070426.0290,gx17+2,18:16:02.9,-14:02:06,2007-04-27,08:19:35,2454217.8469,60.0,1.04,K,K,,,,missingreplog_GX17+2.csv,,,Data replog,,,GX17+2,True,IR
ir070422.0248,gx17+2,18:16:01.5,-14:02:09,2007-04-23,09:14:50,2454213.8853,60.0,1.04,K,K,,,,missingreplog_GX17+2.csv,,,Data replog,,,GX17+2,True,IR
ir070422.0247,gx17+2,18:16:01.4,-14:02:10,2007-04-23,09:13:35,2454213.8844,60.0,1.04,K,K,,,,missingreplog_GX17+2.csv,,,Data replog,,,GX17+2,True,IR
ir070422.0246,gx17+2,18:16:01.4,-14:02:10,2007-04-23,09:12:19,2454213.8836,60.0,1.04,K,K,,,,missingreplog_GX17+2.csv,,,Data replog,,,GX17+2,True,IR
ir070422.0245,gx17+2,18:16:01.4,-14:02:10,2007-04-23,09:11:03,2454213.8827,60.0,1.04,K,K,,,,missingreplog_GX17+2.csv,,,Data replog,,,GX17+2,True,IR
ir070422.0244,gx17+2,18:16:01.4,-14:02:11,2007-04-23,09:09:48,2454213.8818,60.0,1.04,K,K,,,,missingreplog_GX17+2.csv,,,Data replog,,,GX17+2,True,IR
ir070420.0128,gx17+2,18:16:00.4,-14:02:05,2007-04-21,07:36:19,2454211.8169,60.0,1.11,K,K,,,,missingreplog_GX17+2.csv,,,Data replog,,,GX17+2,True,IR
ir070420.0127,gx17+2,18:16:00.5,-14:02:05,2007-04-21,07:35:04,2454211.816,60.0,1.11,K,K,,,,missingreplog_GX17+2.csv,,,Data replog,,,GX17+2,True,IR
ir070420.0126,gx17+2,18:16:00.4,-14:02:05,2007-04-21,07:33:48,2454211.8151,60.0,1.11,K,K,,,,missingreplog_GX17+2.csv,,,Data replog,,,GX17+2,True,IR
ir070420.0125,gx17+2,18:16:00.5,-14:02:05,2007-04-21,07:32:32,2454211.8143,60.0,1.12,K,K,,,,missingreplog_GX17+2.csv,,,Data replog,,,GX17+2,True,IR
binir080318.0226.fits,GX 17+2,18:16:01.72,-14:02:10.4,2008-03-19,06:56:49.094,2454544.78946,50.04,2.01,I,K,1170,1908,2020,IR_CD_header_logs/LOG_GX 17+2.20080313thru20080408.csv,IR_CD_header_logs/,GX 17+2,CD,YALE-03A-0001,,GX17+2,True,IR
binir080319.0205.fits,GX 17+2,18:16:01.62,-14:02:15.3,2008-03-20,07:02:20.381,2454545.79329,50.03,1.9,R,K,1210,1908,1980,IR_CD_header_logs/LOG_GX 17+2.20080313thru20080408.csv,IR_CD_header_logs/,GX 17+2,CD,YALE-03A-0001,,GX17+2,True,IR
binir080319.0206.fits,GX 17+2,18:16:01.63,-14:02:15.7,2008-03-20,07:03:26.710,2454545.79406,50.03,1.88,R,K,1170,1868,2060,IR_CD_header_logs/LOG_GX 17+2.20080313thru20080408.csv,IR_CD_header_logs/,GX 17+2,CD,YALE-03A-0001,,GX17+2,True,IR
binir080319.0207.fits,GX 17+2,18:16:01.63,-14:02:15.6,2008-03-20,07:04:32.903,2454545.79483,50.03,1.87,R,K,1250,1828,2020,IR_CD_header_logs/LOG_GX 17+2.20080313thru20080408.csv,IR_CD_header_logs/,GX 17+2,CD,YALE-03A-0001,,GX17+2,True,IR
binir080319.0208.fits,GX 17+2,18:16:01.66,-14:02:15.5,2008-03-20,07:05:38.905,2454545.79559,50.03,1.86,R,K,1210,1828,2060,IR_CD_header_logs/LOG_GX 17+2.20080313thru20080408.csv,IR_CD_header_logs/,GX 17+2,CD,YALE-03A-0001,,GX17+2,True,IR
binir080319.0209.fits,GX 17+2,18:16:01.65,-14:02:15.6,2008-03-20,07:06:45.134,2454545.79636,50.04,1.85,R,K,1250,1868,1980,IR_CD_header_logs/LOG_GX 17+2.20080313thru20080408.csv,IR_CD_header_logs/,GX 17+2,CD,YALE-03A-0001,,GX17+2,True,IR
binir080319.0210.fits,GX 17+2,18:16:01.64,-14:02:15.8,2008-03-20,07:07:51.377,2454545.79712,50.04,1.84,R,K,1170,1908,2020,IR_CD_header_logs/LOG_GX 17+2.20080313thru20080408.csv,IR_CD_header_logs/,GX 17+2,CD,YALE-03A-0001,,GX17+2,True,IR
binir080319.0211.fits,GX 17+2,18:16:01.68,-14:02:15.3,2008-03-20,07:08:57.345,2454545.79789,50.04,1.82,R,K,1210,1868,2020,IR_CD_header_logs/LOG_GX 17+2.20080313thru20080408.csv,IR_CD_header_logs/,GX 17+2,CD,YALE-03A-0001,,GX17+2,True,IR
binir080319.0212.fits,GX 17+2,18:16:01.72,-14:02:15.3,2008-03-20,07:10:03.328,2454545.79865,50.04,1.81,R,K,1210,1908,1980,IR_CD_header_logs/LOG_GX 17+2.20080313thru20080408.csv,IR_CD_header_logs/,GX 17+2,CD,YALE-03A-0001,,GX17+2,True,IR
binir080319.0213.fits,GX 17+2,18:16:01.75,-14:02:14.9,2008-03-20,07:11:09.583,2454545.79942,50.04,1.8,R,K,1170,1868,2060,IR_CD_header_logs/LOG_GX 17+2.20080313thru20080408.csv,IR_CD_header_logs/,GX 17+2,CD,YALE-03A-0001,,GX17+2,True,IR
binir080319.0215.fits,GX 17+2,18:16:01.80,-14:02:14.8,2008-03-20,07:13:21.918,2454545.80095,50.04,1.78,R,K,1210,1828,2060,IR_CD_header_logs/LOG_GX 17+2.20080313thru20080408.csv,IR_CD_header_logs/,GX 17+2,CD,YALE-03A-0001,,GX17+2,True,IR
binir080319.0216.fits,GX 17+2,18:16:01.82,-14:02:14.7,2008-03-20,07:14:28.072,2454545.80171,50.04,1.77,R,K,1250,1868,1980,IR_CD_header_logs/LOG_GX 17+2.20080313thru20080408.csv,IR_CD_header_logs/,GX 17+2,CD,YALE-03A-0001,,GX17+2,True,IR
binir080319.0217.fits,GX 17+2,18:16:01.82,-14:02:14.8,2008-03-20,07:15:34.182,2454545.80248,50.04,1.76,R,K,1170,1908,2020,IR_CD_header_logs/LOG_GX 17+2.20080313thru20080408.csv,IR_CD_header_logs/,GX 17+2,CD,YALE-03A-0001,,GX17+2,True,IR
binir080319.0218.fits,GX 17+2,18:16:01.85,-14:02:14.6,2008-03-20,07:16:40.085,2454545.80324,50.04,1.75,R,K,1210,1868,2020,IR_CD_header_logs/LOG_GX 17+2.20080313thru20080408.csv,IR_CD_header_logs/,GX 17+2,CD,YALE-03A-0001,,GX17+2,True,IR
binir080319.0219.fits,GX 17+2,18:16:01.87,-14:02:14.6,2008-03-20,07:17:46.064,2454545.80401,50.03,1.74,R,K,1210,1908,1980,IR_CD_header_logs/LOG_GX 17+2.20080313thru20080408.csv,IR_CD_header_logs/,GX 17+2,CD,YALE-03A-0001,,GX17+2,True,IR
binir080319.0220.fits,GX 17+2,18:16:01.88,-14:02:14.5,2008-03-20,07:18:52.357,2454545.80477,50.04,1.73,R,K,1170,1868,2060,IR_CD_header_logs/LOG_GX 17+2.20080313thru20080408.csv,IR_CD_header_logs/,GX 17+2,CD,YALE-03A-0001,,GX17+2,True,IR
binir080319.0221.fits,GX 17+2,18:16:01.89,-14:02:14.6,2008-03-20,07:19:58.583,2454545.80554,50.03,1.72,R,K,1250,1828,2020,IR_CD_header_logs/LOG_GX 17+2.20080313thru20080408.csv,IR_CD_header_logs/,GX 17+2,CD,YALE-03A-0001,,GX17+2,True,IR
binir080319.0214.fits,GX 17+2,18:16:01.76,-14:02:14.9,2008-03-20,07:12:15.942,2454545.80018,50.04,1.79,R,K,1250,1828,2020,IR_CD_header_logs/LOG_GX 17+2.20080313thru20080408.csv,IR_CD_header_logs/,GX 17+2,CD,YALE-03A-0001,,GX17+2,True,IR
binir080319.0204.fits,GX 17+2,18:16:01.65,-14:02:15.1,2008-03-20,07:01:14.437,2454545.79253,50.04,1.91,R,K,1210,1868,2020,IR_CD_header_logs/LOG_GX 17+2.20080313thru20080408.csv,IR_CD_header_logs/,GX 17+2,CD,YALE-03A-0001,,GX17+2,True,IR
binir080320.0286.fits,GX 17+2,18:16:01.63,-14:02:07.0,2008-03-21,08:18:12.530,2454546.84599,50.03,1.33,R,K,1190,1848,2060,IR_CD_header_logs/LOG_GX 17+2.20080313thru20080408.csv,IR_CD_header_logs/,GX 17+2,CD,YALE-03A-0001,,GX17+2,True,IR
binir080320.0285.fits,GX 17+2,18:16:01.63,-14:02:06.7,2008-03-21,08:17:06.180,2454546.84522,50.03,1.33,R,K,1230,1888,1980,IR_CD_header_logs/LOG_GX 17+2.20080313thru20080408.csv,IR_CD_header_logs/,GX 17+2,CD,YALE-03A-0001,,GX17+2,True,IR
binir080320.0275.fits,GX 17+2,18:16:01.76,-14:02:04.4,2008-03-21,08:06:04.868,2454546.83757,50.03,1.38,R,K,1270,1848,1980,IR_CD_header_logs/LOG_GX 17+2.20080313thru20080408.csv,IR_CD_header_logs/,GX 17+2,CD,YALE-03A-0001,,GX17+2,True,IR
binir080406.0187.fits,GX 17+2,18:16:01.53,-14:02:17.8,2008-04-07,05:50:44.227,2454563.74357,50.04,1.91,V,K,1210,1828,2060,IR_CD_header_logs/LOG_GX 17+2.20080313thru20080408.csv,IR_CD_header_logs/,GX 17+2,CD,YALE-03A-0001,,GX17+2,True,IR
binir080320.0278.fits,GX 17+2,18:16:01.70,-14:02:05.0,2008-03-21,08:09:23.083,2454546.83986,50.04,1.37,R,K,1230,1888,1980,IR_CD_header_logs/LOG_GX 17+2.20080313thru20080408.csv,IR_CD_header_logs/,GX 17+2,CD,YALE-03A-0001,,GX17+2,True,IR
binir080320.0270.fits,GX 17+2,18:16:01.77,-14:02:03.9,2008-03-21,08:00:34.095,2454546.83374,50.03,1.41,R,K,1230,1848,2020,IR_CD_header_logs/LOG_GX 17+2.20080313thru20080408.csv,IR_CD_header_logs/,GX 17+2,CD,YALE-03A-0001,,GX17+2,True,IR
binir080320.0271.fits,GX 17+2,18:16:01.89,-14:02:03.1,2008-03-21,08:01:39.978,2454546.8345,50.03,1.4,R,K,1230,1888,1980,IR_CD_header_logs/LOG_GX 17+2.20080313thru20080408.csv,IR_CD_header_logs/,GX 17+2,CD,YALE-03A-0001,,GX17+2,True,IR
binir080320.0272.fits,GX 17+2,18:16:01.84,-14:02:03.3,2008-03-21,08:02:46.377,2454546.83527,50.03,1.4,R,K,1190,1848,2060,IR_CD_header_logs/LOG_GX 17+2.20080313thru20080408.csv,IR_CD_header_logs/,GX 17+2,CD,YALE-03A-0001,,GX17+2,True,IR
binir080320.0273.fits,GX 17+2,18:16:01.79,-14:02:03.7,2008-03-21,08:03:52.790,2454546.83604,50.04,1.39,R,K,1270,1808,2020,IR_CD_header_logs/LOG_GX 17+2.20080313thru20080408.csv,IR_CD_header_logs/,GX 17+2,CD,YALE-03A-0001,,GX17+2,True,IR
binir080320.0274.fits,GX 17+2,18:16:01.77,-14:02:04.1,2008-03-21,08:04:58.793,2454546.8368,50.03,1.39,R,K,1230,1808,2060,IR_CD_header_logs/LOG_GX 17+2.20080313thru20080408.csv,IR_CD_header_logs/,GX 17+2,CD,YALE-03A-0001,,GX17+2,True,IR
binir080320.0276.fits,GX 17+2,18:16:01.71,-14:02:04.4,2008-03-21,08:07:11.080,2454546.83833,50.03,1.38,R,K,1190,1888,2020,IR_CD_header_logs/LOG_GX 17+2.20080313thru20080408.csv,IR_CD_header_logs/,GX 17+2,CD,YALE-03A-0001,,GX17+2,True,IR
binir080320.0284.fits,GX 17+2,18:16:01.65,-14:02:06.5,2008-03-21,08:16:00.274,2454546.84446,50.04,1.34,R,K,1230,1848,2020,IR_CD_header_logs/LOG_GX 17+2.20080313thru20080408.csv,IR_CD_header_logs/,GX 17+2,CD,YALE-03A-0001,,GX17+2,True,IR
binir080320.0277.fits,GX 17+2,18:16:01.71,-14:02:04.8,2008-03-21,08:08:17.050,2454546.83909,50.03,1.37,R,K,1230,1848,2020,IR_CD_header_logs/LOG_GX 17+2.20080313thru20080408.csv,IR_CD_header_logs/,GX 17+2,CD,YALE-03A-0001,,GX17+2,True,IR
binir080320.0283.fits,GX 17+2,18:16:01.64,-14:02:06.4,2008-03-21,08:14:54.360,2454546.84369,50.04,1.34,R,K,1190,1888,2020,IR_CD_header_logs/LOG_GX 17+2.20080313thru20080408.csv,IR_CD_header_logs/,GX 17+2,CD,YALE-03A-0001,,GX17+2,True,IR
binir080320.0279.fits,GX 17+2,18:16:01.68,-14:02:05.4,2008-03-21,08:10:29.499,2454546.84063,50.04,1.36,R,K,1190,1848,2060,IR_CD_header_logs/LOG_GX 17+2.20080313thru20080408.csv,IR_CD_header_logs/,GX 17+2,CD,YALE-03A-0001,,GX17+2,True,IR
binir080320.0280.fits,GX 17+2,18:16:01.65,-14:02:05.6,2008-03-21,08:11:35.845,2454546.8414,50.04,1.36,R,K,1270,1808,2020,IR_CD_header_logs/LOG_GX 17+2.20080313thru20080408.csv,IR_CD_header_logs/,GX 17+2,CD,YALE-03A-0001,,GX17+2,True,IR
binir080320.0281.fits,GX 17+2,18:16:01.65,-14:02:05.9,2008-03-21,08:12:41.767,2454546.84216,50.04,1.35,R,K,1230,1808,2060,IR_CD_header_logs/LOG_GX 17+2.20080313thru20080408.csv,IR_CD_header_logs/,GX 17+2,CD,YALE-03A-0001,,GX17+2,True,IR
binir080320.0282.fits,GX 17+2,18:16:01.65,-14:02:06.1,2008-03-21,08:13:48.022,2454546.84293,50.04,1.35,R,K,1270,1848,1980,IR_CD_header_logs/LOG_GX 17+2.20080313thru20080408.csv,IR_CD_header_logs/,GX 17+2,CD,YALE-03A-0001,,GX17+2,True,IR
binir080320.0287.fits,GX 17+2,18:16:01.62,-14:02:07.3,2008-03-21,08:19:18.967,2454546.84676,50.04,1.32,R,K,1270,1808,2020,IR_CD_header_logs/LOG_GX 17+2.20080313thru20080408.csv,IR_CD_header_logs/,GX 17+2,CD,YALE-03A-0001,,GX17+2,True,IR
binir080318.0223.fits,GX 17+2,18:16:01.68,-14:02:10.5,2008-03-19,06:53:30.368,2454544.78716,50.04,2.06,I,K,1250,1828,2020,IR_CD_header_logs/LOG_GX 17+2.20080313thru20080408.csv,IR_CD_header_logs/,GX 17+2,CD,YALE-03A-0001,,GX17+2,True,IR
binir080318.0225.fits,GX 17+2,18:16:01.71,-14:02:10.6,2008-03-19,06:55:42.824,2454544.78869,50.04,2.03,I,K,1250,1868,1980,IR_CD_header_logs/LOG_GX 17+2.20080313thru20080408.csv,IR_CD_header_logs/,GX 17+2,CD,YALE-03A-0001,,GX17+2,True,IR
binir080406.0193.fits,GX 17+2,18:16:01.64,-14:02:17.7,2008-04-07,05:57:21.721,2454563.74817,50.03,1.83,V,K,1250,1828,2020,IR_CD_header_logs/LOG_GX 17+2.20080313thru20080408.csv,IR_CD_header_logs/,GX 17+2,CD,YALE-03A-0001,,GX17+2,True,IR
binir080318.0224.fits,GX 17+2,18:16:01.70,-14:02:10.6,2008-03-19,06:54:36.476,2454544.78792,50.04,2.04,I,K,1210,1828,2060,IR_CD_header_logs/LOG_GX 17+2.20080313thru20080408.csv,IR_CD_header_logs/,GX 17+2,CD,YALE-03A-0001,,GX17+2,True,IR
binir080314.0167.fits,GX 17+2,18:16:01.98,-14:02:11.1,2008-03-15,07:06:45.183,2454540.79636,50.04,2.1,R,K,1250,1868,1980,IR_CD_header_logs/LOG_GX 17+2.20080313thru20080408.csv,IR_CD_header_logs/,GX 17+2,CD,YALE-03A-0001,,GX17+2,True,IR
binir080314.0168.fits,GX 17+2,18:16:01.99,-14:02:11.0,2008-03-15,07:07:51.346,2454540.79712,50.04,2.08,R,K,1170,1908,2020,IR_CD_header_logs/LOG_GX 17+2.20080313thru20080408.csv,IR_CD_header_logs/,GX 17+2,CD,YALE-03A-0001,,GX17+2,True,IR
binir080314.0170.fits,GX 17+2,18:16:02.01,-14:02:10.8,2008-03-15,07:10:03.441,2454540.79865,50.04,2.05,R,K,1210,1908,1980,IR_CD_header_logs/LOG_GX 17+2.20080313thru20080408.csv,IR_CD_header_logs/,GX 17+2,CD,YALE-03A-0001,,GX17+2,True,IR
binir080314.0172.fits,GX 17+2,18:16:02.03,-14:02:10.6,2008-03-15,07:12:16.060,2454540.80019,50.04,2.02,R,K,1250,1828,2020,IR_CD_header_logs/LOG_GX 17+2.20080313thru20080408.csv,IR_CD_header_logs/,GX 17+2,CD,YALE-03A-0001,,GX17+2,True,IR
binir080314.0173.fits,GX 17+2,18:16:02.04,-14:02:10.4,2008-03-15,07:13:22.144,2454540.80095,50.04,2.0,R,K,1210,1828,2060,IR_CD_header_logs/LOG_GX 17+2.20080313thru20080408.csv,IR_CD_header_logs/,GX 17+2,CD,YALE-03A-0001,,GX17+2,True,IR
binir080314.0174.fits,GX 17+2,18:16:02.06,-14:02:10.5,2008-03-15,07:14:28.522,2454540.80172,50.04,1.99,R,K,1250,1868,1980,IR_CD_header_logs/LOG_GX 17+2.20080313thru20080408.csv,IR_CD_header_logs/,GX 17+2,CD,YALE-03A-0001,,GX17+2,True,IR
binir080314.0175.fits,GX 17+2,18:16:02.10,-14:02:10.1,2008-03-15,07:15:34.725,2454540.80249,50.03,1.98,R,K,1170,1908,2020,IR_CD_header_logs/LOG_GX 17+2.20080313thru20080408.csv,IR_CD_header_logs/,GX 17+2,CD,YALE-03A-0001,,GX17+2,True,IR
binir080314.0176.fits,GX 17+2,18:16:02.12,-14:02:10.2,2008-03-15,07:16:40.748,2454540.80325,50.03,1.96,R,K,1210,1868,2020,IR_CD_header_logs/LOG_GX 17+2.20080313thru20080408.csv,IR_CD_header_logs/,GX 17+2,CD,YALE-03A-0001,,GX17+2,True,IR
binir080314.0177.fits,GX 17+2,18:16:02.12,-14:02:10.1,2008-03-15,07:17:46.747,2454540.80402,50.03,1.95,R,K,1210,1908,1980,IR_CD_header_logs/LOG_GX 17+2.20080313thru20080408.csv,IR_CD_header_logs/,GX 17+2,CD,YALE-03A-0001,,GX17+2,True,IR
binir080314.0178.fits,GX 17+2,18:16:02.14,-14:02:10.1,2008-03-15,07:18:53.208,2454540.80478,50.03,1.93,R,K,1170,1868,2060,IR_CD_header_logs/LOG_GX 17+2.20080313thru20080408.csv,IR_CD_header_logs/,GX 17+2,CD,YALE-03A-0001,,GX17+2,True,IR
binir080314.0171.fits,GX 17+2,18:16:02.02,-14:02:10.8,2008-03-15,07:11:09.740,2454540.79942,50.04,2.03,R,K,1170,1868,2060,IR_CD_header_logs/LOG_GX 17+2.20080313thru20080408.csv,IR_CD_header_logs/,GX 17+2,CD,YALE-03A-0001,,GX17+2,True,IR
binir080314.0179.fits,GX 17+2,18:16:02.14,-14:02:10.0,2008-03-15,07:19:59.521,2454540.80555,50.03,1.92,R,K,1250,1828,2020,IR_CD_header_logs/LOG_GX 17+2.20080313thru20080408.csv,IR_CD_header_logs/,GX 17+2,CD,YALE-03A-0001,,GX17+2,True,IR
binir080313.0280.fits,GX 17+2,18:16:02.21,-14:02:13.2,2008-03-14,07:37:02.122,2454539.81738,50.03,1.78,V,K,1210,1908,1980,IR_CD_header_logs/LOG_GX 17+2.20080313thru20080408.csv,IR_CD_header_logs/,GX 17+2,CD,YALE-03A-0001,,GX17+2,True,IR
binir080313.0276.fits,GX 17+2,18:16:02.14,-14:02:13.5,2008-03-14,07:32:36.642,2454539.81431,50.04,1.82,V,K,1210,1828,2060,IR_CD_header_logs/LOG_GX 17+2.20080313thru20080408.csv,IR_CD_header_logs/,GX 17+2,CD,YALE-03A-0001,,GX17+2,True,IR
binir080313.0278.fits,GX 17+2,18:16:02.16,-14:02:13.3,2008-03-14,07:34:49.577,2454539.81585,50.04,1.8,V,K,1170,1908,2020,IR_CD_header_logs/LOG_GX 17+2.20080313thru20080408.csv,IR_CD_header_logs/,GX 17+2,CD,YALE-03A-0001,,GX17+2,True,IR
binir080313.0277.fits,GX 17+2,18:16:02.15,-14:02:13.5,2008-03-14,07:33:43.037,2454539.81508,50.03,1.81,V,K,1250,1868,1980,IR_CD_header_logs/LOG_GX 17+2.20080313thru20080408.csv,IR_CD_header_logs/,GX 17+2,CD,YALE-03A-0001,,GX17+2,True,IR
binir080313.0272.fits,GX 17+2,18:16:02.08,-14:02:13.6,2008-03-14,07:28:10.873,2454539.81124,50.04,1.87,V,K,1210,1868,2020,IR_CD_header_logs/LOG_GX 17+2.20080313thru20080408.csv,IR_CD_header_logs/,GX 17+2,CD,YALE-03A-0001,,GX17+2,True,IR
binir080314.0166.fits,GX 17+2,18:16:01.94,-14:02:11.0,2008-03-15,07:05:38.926,2454540.79559,50.04,2.11,R,K,1210,1828,2060,IR_CD_header_logs/LOG_GX 17+2.20080313thru20080408.csv,IR_CD_header_logs/,GX 17+2,CD,YALE-03A-0001,,GX17+2,True,IR
binir080314.0165.fits,GX 17+2,18:16:01.96,-14:02:10.9,2008-03-15,07:04:32.955,2454540.79483,50.03,2.13,R,K,1250,1828,2020,IR_CD_header_logs/LOG_GX 17+2.20080313thru20080408.csv,IR_CD_header_logs/,GX 17+2,CD,YALE-03A-0001,,GX17+2,True,IR
binir080314.0164.fits,GX 17+2,18:16:01.95,-14:02:11.2,2008-03-15,07:03:26.484,2454540.79406,50.03,2.15,R,K,1170,1868,2060,IR_CD_header_logs/LOG_GX 17+2.20080313thru20080408.csv,IR_CD_header_logs/,GX 17+2,CD,YALE-03A-0001,,GX17+2,True,IR
binir080318.0231.fits,GX 17+2,18:16:01.76,-14:02:10.8,2008-03-19,07:02:20.569,2454544.7933,50.04,1.94,I,K,1210,1828,2060,IR_CD_header_logs/LOG_GX 17+2.20080313thru20080408.csv,IR_CD_header_logs/,GX 17+2,CD,YALE-03A-0001,,GX17+2,True,IR
binir080318.0228.fits,GX 17+2,18:16:01.75,-14:02:10.6,2008-03-19,06:59:01.128,2454544.79099,50.04,1.99,I,K,1210,1908,1980,IR_CD_header_logs/LOG_GX 17+2.20080313thru20080408.csv,IR_CD_header_logs/,GX 17+2,CD,YALE-03A-0001,,GX17+2,True,IR
binir080318.0222.fits,GX 17+2,18:16:01.67,-14:02:10.6,2008-03-19,06:52:23.941,2454544.78639,50.04,2.08,I,K,1170,1868,2060,IR_CD_header_logs/LOG_GX 17+2.20080313thru20080408.csv,IR_CD_header_logs/,GX 17+2,CD,YALE-03A-0001,,GX17+2,True,IR
binir080318.0221.fits,GX 17+2,18:16:01.66,-14:02:10.8,2008-03-19,06:51:17.396,2454544.78562,50.04,2.09,I,K,1210,1908,1980,IR_CD_header_logs/LOG_GX 17+2.20080313thru20080408.csv,IR_CD_header_logs/,GX 17+2,CD,YALE-03A-0001,,GX17+2,True,IR
binir080318.0220.fits,GX 17+2,18:16:01.67,-14:02:10.8,2008-03-19,06:50:11.254,2454544.78485,50.04,2.11,I,K,1210,1868,2020,IR_CD_header_logs/LOG_GX 17+2.20080313thru20080408.csv,IR_CD_header_logs/,GX 17+2,CD,YALE-03A-0001,,GX17+2,True,IR
binir080318.0227.fits,GX 17+2,18:16:01.73,-14:02:10.5,2008-03-19,06:57:55.157,2454544.79022,50.04,2.0,I,K,1210,1868,2020,IR_CD_header_logs/LOG_GX 17+2.20080313thru20080408.csv,IR_CD_header_logs/,GX 17+2,CD,YALE-03A-0001,,GX17+2,True,IR
binir080318.0237.fits,GX 17+2,18:16:01.82,-14:02:10.7,2008-03-19,07:08:58.263,2454544.7979,50.04,1.87,I,K,1250,1828,2020,IR_CD_header_logs/LOG_GX 17+2.20080313thru20080408.csv,IR_CD_header_logs/,GX 17+2,CD,YALE-03A-0001,,GX17+2,True,IR
binir080318.0229.fits,GX 17+2,18:16:01.74,-14:02:10.8,2008-03-19,07:00:07.863,2454544.79176,50.04,1.97,I,K,1170,1868,2060,IR_CD_header_logs/LOG_GX 17+2.20080313thru20080408.csv,IR_CD_header_logs/,GX 17+2,CD,YALE-03A-0001,,GX17+2,True,IR
binir080318.0232.fits,GX 17+2,18:16:01.76,-14:02:10.9,2008-03-19,07:03:26.897,2454544.79406,50.04,1.93,I,K,1250,1868,1980,IR_CD_header_logs/LOG_GX 17+2.20080313thru20080408.csv,IR_CD_header_logs/,GX 17+2,CD,YALE-03A-0001,,GX17+2,True,IR
binir080314.0163.fits,GX 17+2,18:16:01.94,-14:02:11.1,2008-03-15,07:02:20.102,2454540.79329,50.04,2.16,R,K,1210,1908,1980,IR_CD_header_logs/LOG_GX 17+2.20080313thru20080408.csv,IR_CD_header_logs/,GX 17+2,CD,YALE-03A-0001,,GX17+2,True,IR
binir080318.0233.fits,GX 17+2,18:16:01.77,-14:02:10.8,2008-03-19,07:04:33.208,2454544.79483,50.04,1.92,I,K,1170,1908,2020,IR_CD_header_logs/LOG_GX 17+2.20080313thru20080408.csv,IR_CD_header_logs/,GX 17+2,CD,YALE-03A-0001,,GX17+2,True,IR
binir080318.0234.fits,GX 17+2,18:16:01.77,-14:02:10.8,2008-03-19,07:05:39.341,2454544.7956,50.04,1.9,I,K,1210,1868,2020,IR_CD_header_logs/LOG_GX 17+2.20080313thru20080408.csv,IR_CD_header_logs/,GX 17+2,CD,YALE-03A-0001,,GX17+2,True,IR
binir080318.0235.fits,GX 17+2,18:16:01.79,-14:02:10.7,2008-03-19,07:06:45.504,2454544.79636,50.04,1.89,I,K,1210,1908,1980,IR_CD_header_logs/LOG_GX 17+2.20080313thru20080408.csv,IR_CD_header_logs/,GX 17+2,CD,YALE-03A-0001,,GX17+2,True,IR
binir080318.0236.fits,GX 17+2,18:16:01.81,-14:02:10.8,2008-03-19,07:07:51.844,2454544.79713,50.04,1.88,I,K,1170,1868,2060,IR_CD_header_logs/LOG_GX 17+2.20080313thru20080408.csv,IR_CD_header_logs/,GX 17+2,CD,YALE-03A-0001,,GX17+2,True,IR
binir080318.0230.fits,GX 17+2,18:16:01.75,-14:02:10.7,2008-03-19,07:01:14.411,2454544.79253,50.04,1.96,I,K,1250,1828,2020,IR_CD_header_logs/LOG_GX 17+2.20080313thru20080408.csv,IR_CD_header_logs/,GX 17+2,CD,YALE-03A-0001,,GX17+2,True,IR
binir080314.0169.fits,GX 17+2,18:16:02.01,-14:02:11.0,2008-03-15,07:08:57.491,2454540.79789,50.04,2.06,R,K,1210,1868,2020,IR_CD_header_logs/LOG_GX 17+2.20080313thru20080408.csv,IR_CD_header_logs/,GX 17+2,CD,YALE-03A-0001,,GX17+2,True,IR
binir080314.0162.fits,GX 17+2,18:16:01.95,-14:02:10.9,2008-03-15,07:01:14.048,2454540.79253,50.04,2.18,R,K,1210,1868,2020,IR_CD_header_logs/LOG_GX 17+2.20080313thru20080408.csv,IR_CD_header_logs/,GX 17+2,CD,YALE-03A-0001,,GX17+2,True,IR
binir080406.0188.fits,GX 17+2,18:16:01.56,-14:02:17.7,2008-04-07,05:51:50.472,2454563.74434,50.04,1.89,V,K,1250,1868,1980,IR_CD_header_logs/LOG_GX 17+2.20080313thru20080408.csv,IR_CD_header_logs/,GX 17+2,CD,YALE-03A-0001,,GX17+2,True,IR
binir080406.0191.fits,GX 17+2,18:16:01.62,-14:02:17.9,2008-04-07,05:55:08.985,2454563.74664,50.03,1.86,V,K,1210,1908,1980,IR_CD_header_logs/LOG_GX 17+2.20080313thru20080408.csv,IR_CD_header_logs/,GX 17+2,CD,YALE-03A-0001,,GX17+2,True,IR
binir080313.0274.fits,GX 17+2,18:16:02.11,-14:02:13.6,2008-03-14,07:30:23.693,2454539.81277,50.04,1.85,V,K,1170,1868,2060,IR_CD_header_logs/LOG_GX 17+2.20080313thru20080408.csv,IR_CD_header_logs/,GX 17+2,CD,YALE-03A-0001,,GX17+2,True,IR
binir080406.0192.fits,GX 17+2,18:16:01.61,-14:02:17.7,2008-04-07,05:56:15.334,2454563.7474,50.03,1.84,V,K,1170,1868,2060,IR_CD_header_logs/LOG_GX 17+2.20080313thru20080408.csv,IR_CD_header_logs/,GX 17+2,CD,YALE-03A-0001,,GX17+2,True,IR
binir080407.0195.fits,GX 17+2,18:16:02.30,-14:02:02.0,2008-04-08,06:28:26.812,2454564.76977,50.04,1.54,V,K,1170,1908,2020,IR_CD_header_logs/LOG_GX 17+2.20080313thru20080408.csv,IR_CD_header_logs/,GX 17+2,CD,YALE-03A-0001,,GX17+2,True,IR
binir080407.0197.fits,GX 17+2,18:16:02.27,-14:02:02.2,2008-04-08,06:30:38.910,2454564.7713,50.04,1.52,V,K,1210,1908,1980,IR_CD_header_logs/LOG_GX 17+2.20080313thru20080408.csv,IR_CD_header_logs/,GX 17+2,CD,YALE-03A-0001,,GX17+2,True,IR
binir080407.0193.fits,GX 17+2,18:16:02.34,-14:02:01.9,2008-04-08,06:26:14.136,2454564.76823,50.04,1.55,V,K,1210,1828,2060,IR_CD_header_logs/LOG_GX 17+2.20080313thru20080408.csv,IR_CD_header_logs/,GX 17+2,CD,YALE-03A-0001,,GX17+2,True,IR
binir080407.0192.fits,GX 17+2,18:16:02.34,-14:02:01.8,2008-04-08,06:25:08.161,2454564.76747,50.03,1.56,V,K,1250,1828,2020,IR_CD_header_logs/LOG_GX 17+2.20080313thru20080408.csv,IR_CD_header_logs/,GX 17+2,CD,YALE-03A-0001,,GX17+2,True,IR
binir080406.0184.fits,GX 17+2,18:16:01.49,-14:02:17.9,2008-04-07,05:47:25.519,2454563.74127,50.04,1.95,V,K,1210,1908,1980,IR_CD_header_logs/LOG_GX 17+2.20080313thru20080408.csv,IR_CD_header_logs/,GX 17+2,CD,YALE-03A-0001,,GX17+2,True,IR
binir080406.0176.fits,GX 17+2,18:16:01.45,-14:02:18.2,2008-04-07,05:38:36.354,2454563.73515,50.03,2.06,V,K,1210,1868,2020,IR_CD_header_logs/LOG_GX 17+2.20080313thru20080408.csv,IR_CD_header_logs/,GX 17+2,CD,YALE-03A-0001,,GX17+2,True,IR
binir080406.0177.fits,GX 17+2,18:16:01.44,-14:02:18.1,2008-04-07,05:39:42.308,2454563.73591,50.04,2.05,V,K,1210,1908,1980,IR_CD_header_logs/LOG_GX 17+2.20080313thru20080408.csv,IR_CD_header_logs/,GX 17+2,CD,YALE-03A-0001,,GX17+2,True,IR
binir080406.0178.fits,GX 17+2,18:16:01.44,-14:02:18.1,2008-04-07,05:40:48.639,2454563.73668,50.04,2.03,V,K,1170,1868,2060,IR_CD_header_logs/LOG_GX 17+2.20080313thru20080408.csv,IR_CD_header_logs/,GX 17+2,CD,YALE-03A-0001,,GX17+2,True,IR
binir080406.0179.fits,GX 17+2,18:16:01.45,-14:02:17.9,2008-04-07,05:41:55.062,2454563.73745,50.03,2.02,V,K,1250,1828,2020,IR_CD_header_logs/LOG_GX 17+2.20080313thru20080408.csv,IR_CD_header_logs/,GX 17+2,CD,YALE-03A-0001,,GX17+2,True,IR
binir080406.0180.fits,GX 17+2,18:16:01.44,-14:02:18.0,2008-04-07,05:43:01.109,2454563.73821,50.03,2.0,V,K,1210,1828,2060,IR_CD_header_logs/LOG_GX 17+2.20080313thru20080408.csv,IR_CD_header_logs/,GX 17+2,CD,YALE-03A-0001,,GX17+2,True,IR
binir080406.0181.fits,GX 17+2,18:16:01.46,-14:02:18.0,2008-04-07,05:44:07.375,2454563.73898,50.04,1.99,V,K,1250,1868,1980,IR_CD_header_logs/LOG_GX 17+2.20080313thru20080408.csv,IR_CD_header_logs/,GX 17+2,CD,YALE-03A-0001,,GX17+2,True,IR
binir080406.0182.fits,GX 17+2,18:16:01.48,-14:02:17.9,2008-04-07,05:45:13.538,2454563.73975,50.04,1.97,V,K,1170,1908,2020,IR_CD_header_logs/LOG_GX 17+2.20080313thru20080408.csv,IR_CD_header_logs/,GX 17+2,CD,YALE-03A-0001,,GX17+2,True,IR
binir080406.0183.fits,GX 17+2,18:16:01.48,-14:02:18.0,2008-04-07,05:46:19.554,2454563.74051,50.04,1.96,V,K,1210,1868,2020,IR_CD_header_logs/LOG_GX 17+2.20080313thru20080408.csv,IR_CD_header_logs/,GX 17+2,CD,YALE-03A-0001,,GX17+2,True,IR
binir080406.0189.fits,GX 17+2,18:16:01.57,-14:02:17.7,2008-04-07,05:52:56.638,2454563.74511,50.04,1.88,V,K,1170,1908,2020,IR_CD_header_logs/LOG_GX 17+2.20080313thru20080408.csv,IR_CD_header_logs/,GX 17+2,CD,YALE-03A-0001,,GX17+2,True,IR
binir080406.0185.fits,GX 17+2,18:16:01.50,-14:02:18.0,2008-04-07,05:48:31.831,2454563.74204,50.04,1.93,V,K,1170,1868,2060,IR_CD_header_logs/LOG_GX 17+2.20080313thru20080408.csv,IR_CD_header_logs/,GX 17+2,CD,YALE-03A-0001,,GX17+2,True,IR
binir080406.0190.fits,GX 17+2,18:16:01.60,-14:02:17.8,2008-04-07,05:54:02.734,2454563.74587,50.03,1.87,V,K,1210,1868,2020,IR_CD_header_logs/LOG_GX 17+2.20080313thru20080408.csv,IR_CD_header_logs/,GX 17+2,CD,YALE-03A-0001,,GX17+2,True,IR
binir080406.0186.fits,GX 17+2,18:16:01.50,-14:02:17.9,2008-04-07,05:49:38.180,2454563.74281,50.04,1.92,V,K,1250,1828,2020,IR_CD_header_logs/LOG_GX 17+2.20080313thru20080408.csv,IR_CD_header_logs/,GX 17+2,CD,YALE-03A-0001,,GX17+2,True,IR
binir080407.0196.fits,GX 17+2,18:16:02.29,-14:02:02.0,2008-04-08,06:29:32.905,2454564.77054,50.04,1.53,V,K,1210,1868,2020,IR_CD_header_logs/LOG_GX 17+2.20080313thru20080408.csv,IR_CD_header_logs/,GX 17+2,CD,YALE-03A-0001,,GX17+2,True,IR
binir080407.0191.fits,GX 17+2,18:16:02.37,-14:02:01.8,2008-04-08,06:24:01.886,2454564.7667,50.04,1.57,V,K,1170,1868,2060,IR_CD_header_logs/LOG_GX 17+2.20080313thru20080408.csv,IR_CD_header_logs/,GX 17+2,CD,YALE-03A-0001,,GX17+2,True,IR
binir080407.0194.fits,GX 17+2,18:16:02.33,-14:02:01.9,2008-04-08,06:27:20.638,2454564.769,50.03,1.54,V,K,1250,1868,1980,IR_CD_header_logs/LOG_GX 17+2.20080313thru20080408.csv,IR_CD_header_logs/,GX 17+2,CD,YALE-03A-0001,,GX17+2,True,IR
binir080407.0189.fits,GX 17+2,18:16:02.40,-14:02:01.8,2008-04-08,06:21:49.394,2454564.76517,50.04,1.58,V,K,1210,1868,2020,IR_CD_header_logs/LOG_GX 17+2.20080313thru20080408.csv,IR_CD_header_logs/,GX 17+2,CD,YALE-03A-0001,,GX17+2,True,IR
binir080407.0199.fits,GX 17+2,18:16:02.26,-14:02:01.9,2008-04-08,06:32:51.930,2454564.77284,50.04,1.51,V,K,1250,1828,2020,IR_CD_header_logs/LOG_GX 17+2.20080313thru20080408.csv,IR_CD_header_logs/,GX 17+2,CD,YALE-03A-0001,,GX17+2,True,IR
binir080407.0198.fits,GX 17+2,18:16:02.26,-14:02:02.1,2008-04-08,06:31:45.273,2454564.77207,50.04,1.51,V,K,1170,1868,2060,IR_CD_header_logs/LOG_GX 17+2.20080313thru20080408.csv,IR_CD_header_logs/,GX 17+2,CD,YALE-03A-0001,,GX17+2,True,IR
binir080407.0190.fits,GX 17+2,18:16:02.38,-14:02:01.9,2008-04-08,06:22:55.418,2454564.76593,50.04,1.57,V,K,1210,1908,1980,IR_CD_header_logs/LOG_GX 17+2.20080313thru20080408.csv,IR_CD_header_logs/,GX 17+2,CD,YALE-03A-0001,,GX17+2,True,IR
binir080407.0182.fits,GX 17+2,18:16:02.43,-14:02:02.3,2008-04-08,06:14:06.291,2454564.75981,50.04,1.64,V,K,1210,1868,2020,IR_CD_header_logs/LOG_GX 17+2.20080313thru20080408.csv,IR_CD_header_logs/,GX 17+2,CD,YALE-03A-0001,,GX17+2,True,IR
binir080407.0183.fits,GX 17+2,18:16:02.47,-14:02:02.0,2008-04-08,06:15:12.345,2454564.76058,50.04,1.63,V,K,1210,1908,1980,IR_CD_header_logs/LOG_GX 17+2.20080313thru20080408.csv,IR_CD_header_logs/,GX 17+2,CD,YALE-03A-0001,,GX17+2,True,IR
binir080407.0184.fits,GX 17+2,18:16:02.45,-14:02:02.0,2008-04-08,06:16:18.667,2454564.76134,50.04,1.62,V,K,1170,1868,2060,IR_CD_header_logs/LOG_GX 17+2.20080313thru20080408.csv,IR_CD_header_logs/,GX 17+2,CD,YALE-03A-0001,,GX17+2,True,IR
binir080407.0185.fits,GX 17+2,18:16:02.44,-14:02:02.1,2008-04-08,06:17:24.993,2454564.76211,50.03,1.62,V,K,1250,1828,2020,IR_CD_header_logs/LOG_GX 17+2.20080313thru20080408.csv,IR_CD_header_logs/,GX 17+2,CD,YALE-03A-0001,,GX17+2,True,IR
binir080407.0187.fits,GX 17+2,18:16:02.44,-14:02:01.8,2008-04-08,06:19:37.251,2454564.76364,50.04,1.6,V,K,1250,1868,1980,IR_CD_header_logs/LOG_GX 17+2.20080313thru20080408.csv,IR_CD_header_logs/,GX 17+2,CD,YALE-03A-0001,,GX17+2,True,IR
binir080407.0188.fits,GX 17+2,18:16:02.41,-14:02:02.1,2008-04-08,06:20:43.344,2454564.76441,50.04,1.59,V,K,1170,1908,2020,IR_CD_header_logs/LOG_GX 17+2.20080313thru20080408.csv,IR_CD_header_logs/,GX 17+2,CD,YALE-03A-0001,,GX17+2,True,IR
binir080407.0186.fits,GX 17+2,18:16:02.44,-14:02:01.8,2008-04-08,06:18:30.943,2454564.76287,50.04,1.61,V,K,1210,1828,2060,IR_CD_header_logs/LOG_GX 17+2.20080313thru20080408.csv,IR_CD_header_logs/,GX 17+2,CD,YALE-03A-0001,,GX17+2,True,IR
binir080313.0275.fits,GX 17+2,18:16:02.12,-14:02:13.5,2008-03-14,07:31:30.280,2454539.81355,50.04,1.84,V,K,1250,1828,2020,IR_CD_header_logs/LOG_GX 17+2.20080313thru20080408.csv,IR_CD_header_logs/,GX 17+2,CD,YALE-03A-0001,,GX17+2,True,IR
binir080313.0273.fits,GX 17+2,18:16:02.10,-14:02:13.7,2008-03-14,07:29:17.124,2454539.812,50.04,1.86,V,K,1210,1908,1980,IR_CD_header_logs/LOG_GX 17+2.20080313thru20080408.csv,IR_CD_header_logs/,GX 17+2,CD,YALE-03A-0001,,GX17+2,True,IR
binir080313.0279.fits,GX 17+2,18:16:02.19,-14:02:13.3,2008-03-14,07:35:55.806,2454539.81662,50.03,1.79,V,K,1210,1868,2020,IR_CD_header_logs/LOG_GX 17+2.20080313thru20080408.csv,IR_CD_header_logs/,GX 17+2,CD,YALE-03A-0001,,GX17+2,True,IR
binir080312.0298.fits,GX 17+2,18:16:01.23,-14:02:05.9,2008-03-13,08:20:04.203,2454538.84728,50.03,1.48,R,K,1210,1828,2060,IR_CD_header_logs/LOG_GX 17+2.20080313thru20080408.csv,IR_CD_header_logs/,GX 17+2,CD,YALE-03A-0001,,GX17+2,True,IR
binir080312.0300.fits,GX 17+2,18:16:01.19,-14:02:05.6,2008-03-13,08:22:16.808,2454538.84881,50.04,1.46,R,K,1170,1908,2020,IR_CD_header_logs/LOG_GX 17+2.20080313thru20080408.csv,IR_CD_header_logs/,GX 17+2,CD,YALE-03A-0001,,GX17+2,True,IR
binir080312.0301.fits,GX 17+2,18:16:01.15,-14:02:05.9,2008-03-13,08:23:22.672,2454538.84957,50.04,1.46,R,K,1210,1868,2020,IR_CD_header_logs/LOG_GX 17+2.20080313thru20080408.csv,IR_CD_header_logs/,GX 17+2,CD,YALE-03A-0001,,GX17+2,True,IR
binir080312.0302.fits,GX 17+2,18:16:01.14,-14:02:05.5,2008-03-13,08:24:28.661,2454538.85034,50.04,1.45,R,K,1210,1908,1980,IR_CD_header_logs/LOG_GX 17+2.20080313thru20080408.csv,IR_CD_header_logs/,GX 17+2,CD,YALE-03A-0001,,GX17+2,True,IR
binir080312.0303.fits,GX 17+2,18:16:01.12,-14:02:05.4,2008-03-13,08:25:34.977,2454538.85111,50.04,1.44,R,K,1170,1868,2060,IR_CD_header_logs/LOG_GX 17+2.20080313thru20080408.csv,IR_CD_header_logs/,GX 17+2,CD,YALE-03A-0001,,GX17+2,True,IR
binir080312.0304.fits,GX 17+2,18:16:01.08,-14:02:05.6,2008-03-13,08:26:41.277,2454538.85187,50.04,1.44,R,K,1250,1828,2020,IR_CD_header_logs/LOG_GX 17+2.20080313thru20080408.csv,IR_CD_header_logs/,GX 17+2,CD,YALE-03A-0001,,GX17+2,True,IR
binir080312.0287.fits,GX 17+2,18:16:01.33,-14:02:06.3,2008-03-13,08:07:56.815,2454538.83886,50.04,1.55,R,K,1210,1868,2020,IR_CD_header_logs/LOG_GX 17+2.20080313thru20080408.csv,IR_CD_header_logs/,GX 17+2,CD,YALE-03A-0001,,GX17+2,True,IR
binir080312.0297.fits,GX 17+2,18:16:01.22,-14:02:06.0,2008-03-13,08:18:58.227,2454538.84651,50.04,1.48,R,K,1250,1828,2020,IR_CD_header_logs/LOG_GX 17+2.20080313thru20080408.csv,IR_CD_header_logs/,GX 17+2,CD,YALE-03A-0001,,GX17+2,True,IR
binir080312.0296.fits,GX 17+2,18:16:01.24,-14:02:06.3,2008-03-13,08:17:51.985,2454538.84575,50.03,1.49,R,K,1170,1868,2060,IR_CD_header_logs/LOG_GX 17+2.20080313thru20080408.csv,IR_CD_header_logs/,GX 17+2,CD,YALE-03A-0001,,GX17+2,True,IR
binir080312.0299.fits,GX 17+2,18:16:01.21,-14:02:05.7,2008-03-13,08:21:10.435,2454538.84804,50.04,1.47,R,K,1250,1868,1980,IR_CD_header_logs/LOG_GX 17+2.20080313thru20080408.csv,IR_CD_header_logs/,GX 17+2,CD,YALE-03A-0001,,GX17+2,True,IR
binir080313.0289.fits,GX 17+2,18:16:02.29,-14:02:13.1,2008-03-14,07:47:00.590,2454539.82431,50.04,1.69,V,K,1250,1828,2020,IR_CD_header_logs/LOG_GX 17+2.20080313thru20080408.csv,IR_CD_header_logs/,GX 17+2,CD,YALE-03A-0001,,GX17+2,True,IR
binir080313.0284.fits,GX 17+2,18:16:02.26,-14:02:13.0,2008-03-14,07:41:28.056,2454539.82046,50.04,1.74,V,K,1250,1868,1980,IR_CD_header_logs/LOG_GX 17+2.20080313thru20080408.csv,IR_CD_header_logs/,GX 17+2,CD,YALE-03A-0001,,GX17+2,True,IR
binir080313.0281.fits,GX 17+2,18:16:02.23,-14:02:12.8,2008-03-14,07:38:08.634,2454539.81815,50.04,1.77,V,K,1170,1868,2060,IR_CD_header_logs/LOG_GX 17+2.20080313thru20080408.csv,IR_CD_header_logs/,GX 17+2,CD,YALE-03A-0001,,GX17+2,True,IR
binir080313.0283.fits,GX 17+2,18:16:02.24,-14:02:13.1,2008-03-14,07:40:21.466,2454539.81969,50.04,1.75,V,K,1210,1828,2060,IR_CD_header_logs/LOG_GX 17+2.20080313thru20080408.csv,IR_CD_header_logs/,GX 17+2,CD,YALE-03A-0001,,GX17+2,True,IR
binir080313.0285.fits,GX 17+2,18:16:02.25,-14:02:13.9,2008-03-14,07:42:34.605,2454539.82123,50.04,1.73,V,K,1170,1908,2020,IR_CD_header_logs/LOG_GX 17+2.20080313thru20080408.csv,IR_CD_header_logs/,GX 17+2,CD,YALE-03A-0001,,GX17+2,True,IR
binir080313.0286.fits,GX 17+2,18:16:02.26,-14:02:13.0,2008-03-14,07:43:40.918,2454539.822,50.03,1.72,V,K,1210,1868,2020,IR_CD_header_logs/LOG_GX 17+2.20080313thru20080408.csv,IR_CD_header_logs/,GX 17+2,CD,YALE-03A-0001,,GX17+2,True,IR
binir080313.0287.fits,GX 17+2,18:16:02.28,-14:02:13.1,2008-03-14,07:44:47.246,2454539.82277,50.04,1.71,V,K,1210,1908,1980,IR_CD_header_logs/LOG_GX 17+2.20080313thru20080408.csv,IR_CD_header_logs/,GX 17+2,CD,YALE-03A-0001,,GX17+2,True,IR
binir080313.0288.fits,GX 17+2,18:16:02.30,-14:02:13.0,2008-03-14,07:45:53.848,2454539.82354,50.03,1.7,V,K,1170,1868,2060,IR_CD_header_logs/LOG_GX 17+2.20080313thru20080408.csv,IR_CD_header_logs/,GX 17+2,CD,YALE-03A-0001,,GX17+2,True,IR
binir080313.0282.fits,GX 17+2,18:16:02.23,-14:02:13.0,2008-03-14,07:39:15.192,2454539.81892,50.03,1.76,V,K,1250,1828,2020,IR_CD_header_logs/LOG_GX 17+2.20080313thru20080408.csv,IR_CD_header_logs/,GX 17+2,CD,YALE-03A-0001,,GX17+2,True,IR
binir080312.0294.fits,GX 17+2,18:16:01.28,-14:02:06.5,2008-03-13,08:15:39.675,2454538.84422,50.03,1.5,R,K,1210,1868,2020,IR_CD_header_logs/LOG_GX 17+2.20080313thru20080408.csv,IR_CD_header_logs/,GX 17+2,CD,YALE-03A-0001,,GX17+2,True,IR
binir080312.0295.fits,GX 17+2,18:16:01.27,-14:02:06.2,2008-03-13,08:16:45.641,2454538.84498,50.04,1.5,R,K,1210,1908,1980,IR_CD_header_logs/LOG_GX 17+2.20080313thru20080408.csv,IR_CD_header_logs/,GX 17+2,CD,YALE-03A-0001,,GX17+2,True,IR
binir080312.0288.fits,GX 17+2,18:16:01.31,-14:02:06.4,2008-03-13,08:09:02.783,2454538.83962,50.04,1.55,R,K,1210,1908,1980,IR_CD_header_logs/LOG_GX 17+2.20080313thru20080408.csv,IR_CD_header_logs/,GX 17+2,CD,YALE-03A-0001,,GX17+2,True,IR
binir080312.0289.fits,GX 17+2,18:16:01.28,-14:02:06.3,2008-03-13,08:10:09.147,2454538.84039,50.04,1.54,R,K,1170,1868,2060,IR_CD_header_logs/LOG_GX 17+2.20080313thru20080408.csv,IR_CD_header_logs/,GX 17+2,CD,YALE-03A-0001,,GX17+2,True,IR
binir080312.0290.fits,GX 17+2,18:16:01.29,-14:02:06.6,2008-03-13,08:11:15.521,2454538.84116,50.04,1.53,R,K,1250,1828,2020,IR_CD_header_logs/LOG_GX 17+2.20080313thru20080408.csv,IR_CD_header_logs/,GX 17+2,CD,YALE-03A-0001,,GX17+2,True,IR
binir080312.0291.fits,GX 17+2,18:16:01.27,-14:02:06.7,2008-03-13,08:12:21.498,2454538.84192,50.03,1.52,R,K,1210,1828,2060,IR_CD_header_logs/LOG_GX 17+2.20080313thru20080408.csv,IR_CD_header_logs/,GX 17+2,CD,YALE-03A-0001,,GX17+2,True,IR
binir080312.0292.fits,GX 17+2,18:16:01.27,-14:02:06.5,2008-03-13,08:13:27.614,2454538.84269,50.03,1.52,R,K,1250,1868,1980,IR_CD_header_logs/LOG_GX 17+2.20080313thru20080408.csv,IR_CD_header_logs/,GX 17+2,CD,YALE-03A-0001,,GX17+2,True,IR
binir080312.0293.fits,GX 17+2,18:16:01.28,-14:02:06.4,2008-03-13,08:14:33.815,2454538.84345,50.04,1.51,R,K,1170,1908,2020,IR_CD_header_logs/LOG_GX 17+2.20080313thru20080408.csv,IR_CD_header_logs/,GX 17+2,CD,YALE-03A-0001,,GX17+2,True,IR
binir070703.0327.fits.gz,GX 17+2,18:16:02.64,-14:02:26.5,2007-07-04,07:30:10.792,2454285.81263,30.04,1.5,V,J,1210,1828,2060,IR_CD_header_logs/LOG_MULTI.20070630thru20070709.csv,IR_CD_header_logs/,MULTI,CD,YALE-03A-0001,,GX17+2,True,IR
binir070703.0324.fits.gz,GX 17+2,18:16:02.63,-14:02:25.9,2007-07-04,07:27:54.566,2454285.81105,30.05,1.49,V,J,1210,1908,1980,IR_CD_header_logs/LOG_MULTI.20070630thru20070709.csv,IR_CD_header_logs/,MULTI,CD,YALE-03A-0001,,GX17+2,True,IR
binir070703.0329.fits.gz,GX 17+2,18:16:02.61,-14:02:26.8,2007-07-04,07:31:41.563,2454285.81368,30.04,1.51,V,J,1170,1908,2020,IR_CD_header_logs/LOG_MULTI.20070630thru20070709.csv,IR_CD_header_logs/,MULTI,CD,YALE-03A-0001,,GX17+2,True,IR
binir070703.0328.fits.gz,GX 17+2,18:16:02.63,-14:02:26.7,2007-07-04,07:30:56.160,2454285.81315,30.04,1.5,V,J,1250,1868,1980,IR_CD_header_logs/LOG_MULTI.20070630thru20070709.csv,IR_CD_header_logs/,MULTI,CD,YALE-03A-0001,,GX17+2,True,IR
binir070703.0326.fits.gz,GX 17+2,18:16:02.64,-14:02:26.4,2007-07-04,07:29:25.577,2454285.8121,30.04,1.5,V,J,1250,1828,2020,IR_CD_header_logs/LOG_MULTI.20070630thru20070709.csv,IR_CD_header_logs/,MULTI,CD,YALE-03A-0001,,GX17+2,True,IR
binir070703.0325.fits.gz,GX 17+2,18:16:02.63,-14:02:26.3,2007-07-04,07:28:40.066,2454285.81157,30.05,1.49,V,J,1170,1868,2060,IR_CD_header_logs/LOG_MULTI.20070630thru20070709.csv,IR_CD_header_logs/,MULTI,CD,YALE-03A-0001,,GX17+2,True,IR
binir070703.0316.fits.gz,GX 17+2,18:16:02.70,-14:02:35.3,2007-07-04,07:21:15.076,2454285.80642,30.05,1.45,I,J,1210,1868,2020,IR_CD_header_logs/LOG_MULTI.20070630thru20070709.csv,IR_CD_header_logs/,MULTI,CD,YALE-03A-0001,,GX17+2,True,IR
binir070703.0323.fits.gz,GX 17+2,18:16:02.63,-14:02:26.0,2007-07-04,07:27:09.496,2454285.81053,30.05,1.48,V,J,1210,1868,2020,IR_CD_header_logs/LOG_MULTI.20070630thru20070709.csv,IR_CD_header_logs/,MULTI,CD,YALE-03A-0001,,GX17+2,True,IR
binir070703.0322.fits.gz,GX 17+2,18:16:02.64,-14:02:36.0,2007-07-04,07:25:47.212,2454285.80957,30.05,1.47,I,J,1170,1908,2020,IR_CD_header_logs/LOG_MULTI.20070630thru20070709.csv,IR_CD_header_logs/,MULTI,CD,YALE-03A-0001,,GX17+2,True,IR
binir070703.0321.fits.gz,GX 17+2,18:16:02.66,-14:02:35.6,2007-07-04,07:25:01.876,2454285.80905,30.04,1.47,I,J,1250,1868,1980,IR_CD_header_logs/LOG_MULTI.20070630thru20070709.csv,IR_CD_header_logs/,MULTI,CD,YALE-03A-0001,,GX17+2,True,IR
binir070703.0320.fits.gz,GX 17+2,18:16:02.67,-14:02:35.6,2007-07-04,07:24:16.477,2454285.80852,30.04,1.46,I,J,1210,1828,2060,IR_CD_header_logs/LOG_MULTI.20070630thru20070709.csv,IR_CD_header_logs/,MULTI,CD,YALE-03A-0001,,GX17+2,True,IR
binir070703.0319.fits.gz,GX 17+2,18:16:02.71,-14:02:35.5,2007-07-04,07:23:31.316,2454285.808,30.04,1.46,I,J,1250,1828,2020,IR_CD_header_logs/LOG_MULTI.20070630thru20070709.csv,IR_CD_header_logs/,MULTI,CD,YALE-03A-0001,,GX17+2,True,IR
binir070703.0317.fits.gz,GX 17+2,18:16:02.69,-14:02:35.1,2007-07-04,07:22:00.178,2454285.80695,30.04,1.45,I,J,1210,1908,1980,IR_CD_header_logs/LOG_MULTI.20070630thru20070709.csv,IR_CD_header_logs/,MULTI,CD,YALE-03A-0001,,GX17+2,True,IR
binir070703.0318.fits.gz,GX 17+2,18:16:02.70,-14:02:35.5,2007-07-04,07:22:45.828,2454285.80747,30.04,1.46,I,J,1170,1868,2060,IR_CD_header_logs/LOG_MULTI.20070630thru20070709.csv,IR_CD_header_logs/,MULTI,CD,YALE-03A-0001,,GX17+2,True,IR
binir070630.0251.fits,GX 17+2,18:16:01.77,-14:02:23.2,2007-07-01,05:45:09.709,2454282.7397,30.04,1.1,V,J,1170,1868,2060,IR_CD_header_logs/LOG_MULTI.20070630thru20070709.csv,IR_CD_header_logs/,MULTI,CD,YALE-03A-0001,,GX17+2,True,IR
binir070630.0246.fits,GX 17+2,18:16:01.82,-14:02:34.8,2007-07-01,05:40:22.997,2454282.73638,30.04,1.09,I,J,1210,1828,2060,IR_CD_header_logs/LOG_MULTI.20070630thru20070709.csv,IR_CD_header_logs/,MULTI,CD,YALE-03A-0001,,GX17+2,True,IR
binir070630.0242.fits,GX 17+2,18:16:01.81,-14:02:35.8,2007-07-01,05:37:21.798,2454282.73428,30.04,1.09,I,J,1210,1868,2020,IR_CD_header_logs/LOG_MULTI.20070630thru20070709.csv,IR_CD_header_logs/,MULTI,CD,YALE-03A-0001,,GX17+2,True,IR
binir070630.0243.fits,GX 17+2,18:16:01.82,-14:02:35.2,2007-07-01,05:38:06.908,2454282.7348,30.04,1.09,I,J,1210,1908,1980,IR_CD_header_logs/LOG_MULTI.20070630thru20070709.csv,IR_CD_header_logs/,MULTI,CD,YALE-03A-0001,,GX17+2,True,IR
binir070630.0252.fits,GX 17+2,18:16:01.77,-14:02:23.0,2007-07-01,05:45:55.169,2454282.74022,30.05,1.1,V,J,1250,1828,2020,IR_CD_header_logs/LOG_MULTI.20070630thru20070709.csv,IR_CD_header_logs/,MULTI,CD,YALE-03A-0001,,GX17+2,True,IR
binir070630.0244.fits,GX 17+2,18:16:01.81,-14:02:34.7,2007-07-01,05:38:52.396,2454282.73533,30.04,1.09,I,J,1170,1868,2060,IR_CD_header_logs/LOG_MULTI.20070630thru20070709.csv,IR_CD_header_logs/,MULTI,CD,YALE-03A-0001,,GX17+2,True,IR
binir070630.0250.fits,GX 17+2,18:16:01.79,-14:02:23.4,2007-07-01,05:44:24.210,2454282.73917,30.05,1.1,V,J,1210,1908,1980,IR_CD_header_logs/LOG_MULTI.20070630thru20070709.csv,IR_CD_header_logs/,MULTI,CD,YALE-03A-0001,,GX17+2,True,IR
binir070630.0249.fits,GX 17+2,18:16:01.80,-14:02:23.8,2007-07-01,05:43:39.089,2454282.73865,30.05,1.1,V,J,1210,1868,2020,IR_CD_header_logs/LOG_MULTI.20070630thru20070709.csv,IR_CD_header_logs/,MULTI,CD,YALE-03A-0001,,GX17+2,True,IR
binir070630.0248.fits,GX 17+2,18:16:01.81,-14:02:34.3,2007-07-01,05:41:53.661,2454282.73743,30.04,1.09,I,J,1170,1908,2020,IR_CD_header_logs/LOG_MULTI.20070630thru20070709.csv,IR_CD_header_logs/,MULTI,CD,YALE-03A-0001,,GX17+2,True,IR
binir070630.0247.fits,GX 17+2,18:16:01.80,-14:02:34.3,2007-07-01,05:41:08.317,2454282.7369,30.05,1.09,I,J,1250,1868,1980,IR_CD_header_logs/LOG_MULTI.20070630thru20070709.csv,IR_CD_header_logs/,MULTI,CD,YALE-03A-0001,,GX17+2,True,IR
binir070630.0245.fits,GX 17+2,18:16:01.80,-14:02:34.8,2007-07-01,05:39:37.880,2454282.73586,30.05,1.09,I,J,1250,1828,2020,IR_CD_header_logs/LOG_MULTI.20070630thru20070709.csv,IR_CD_header_logs/,MULTI,CD,YALE-03A-0001,,GX17+2,True,IR
binir070630.0255.fits,GX 17+2,18:16:01.75,-14:02:22.4,2007-07-01,05:48:10.978,2454282.74179,30.05,1.1,V,J,1170,1908,2020,IR_CD_header_logs/LOG_MULTI.20070630thru20070709.csv,IR_CD_header_logs/,MULTI,CD,YALE-03A-0001,,GX17+2,True,IR
binir070630.0253.fits,GX 17+2,18:16:01.76,-14:02:22.9,2007-07-01,05:46:40.275,2454282.74074,30.04,1.1,V,J,1210,1828,2060,IR_CD_header_logs/LOG_MULTI.20070630thru20070709.csv,IR_CD_header_logs/,MULTI,CD,YALE-03A-0001,,GX17+2,True,IR
binir070630.0254.fits,GX 17+2,18:16:01.75,-14:02:22.6,2007-07-01,05:47:25.612,2454282.74127,30.05,1.1,V,J,1250,1868,1980,IR_CD_header_logs/LOG_MULTI.20070630thru20070709.csv,IR_CD_header_logs/,MULTI,CD,YALE-03A-0001,,GX17+2,True,IR
